<?xml version="1.0" encoding="UTF-8"?>
<gpx xmlns="http://www.topografix.com/GPX/1/1" xmlns:xsi="http://www.w3.org/2001/XMLSchema-instance" xsi:schemaLocation="http://www.topografix.com/GPX/1/1 http://www.topografix.com/GPX/1/1/gpx.xsd" version="1.1" creator="gpx.py -- https://github.com/tkrajina/gpxpy">
  <metadata>
    <name>Route to 1500–1562 Spruce Pl, Minneapolis</name>
  </metadata>
  <trk>
    <name>Route to 1500–1562 Spruce Pl, Minneapolis</name>
    <trkseg>
      <trkpt lat="44.967148941487174" lon="-93.28099755373147">
        <ele>260.81504518071483</ele>
        <time>2025-04-16T17:57:20Z</time>
      </trkpt>
      <trkpt lat="44.96709135061128" lon="-93.28081470569857">
        <ele>259.68787828832865</ele>
        <time>2025-04-16T17:57:44.701000Z</time>
      </trkpt>
      <trkpt lat="44.96714279551282" lon="-93.28096826992477">
        <ele>259.3140890719369</ele>
        <time>2025-04-16T17:57:56.700000Z</time>
      </trkpt>
      <trkpt lat="44.96710403480486" lon="-93.2808548672488">
        <ele>259.11960014048964</ele>
        <time>2025-04-16T17:58:15.699000Z</time>
      </trkpt>
      <trkpt lat="44.96717086167213" lon="-93.2809984618801">
        <ele>260.04939078725874</ele>
        <time>2025-04-16T17:58:40.698000Z</time>
      </trkpt>
      <trkpt lat="44.967089255457964" lon="-93.28103287496718">
        <ele>260.0583568336442</ele>
        <time>2025-04-16T17:58:53.697000Z</time>
      </trkpt>
      <trkpt lat="44.96711625682311" lon="-93.2808818035427">
        <ele>260.5625838395208</ele>
        <time>2025-04-16T17:59:02.696000Z</time>
      </trkpt>
      <trkpt lat="44.96725107291845" lon="-93.28080930975727">
        <ele>258.55039105936885</ele>
        <time>2025-04-16T17:59:26.695000Z</time>
      </trkpt>
      <trkpt lat="44.96738218418602" lon="-93.28078151269285">
        <ele>257.93155414331704</ele>
        <time>2025-04-16T17:59:29.694000Z</time>
      </trkpt>
      <trkpt lat="44.96748806027758" lon="-93.28077404759505">
        <ele>257.82006905414164</ele>
        <time>2025-04-16T17:59:31.694000Z</time>
      </trkpt>
      <trkpt lat="44.96759103873091" lon="-93.2807148658695">
        <ele>258.04456929053515</ele>
        <time>2025-04-16T17:59:34.694000Z</time>
      </trkpt>
      <trkpt lat="44.96764755949139" lon="-93.28048521285498">
        <ele>257.39539773167655</ele>
        <time>2025-04-16T17:59:37.694000Z</time>
      </trkpt>
      <trkpt lat="44.967702795281575" lon="-93.2803293968823">
        <ele>257.53767058905214</ele>
        <time>2025-04-16T17:59:38.693000Z</time>
      </trkpt>
      <trkpt lat="44.96770176147329" lon="-93.28012401270536">
        <ele>257.7271050494164</ele>
        <time>2025-04-16T17:59:40.693000Z</time>
      </trkpt>
      <trkpt lat="44.967695639445445" lon="-93.279885571148">
        <ele>258.1675663944334</ele>
        <time>2025-04-16T17:59:42.692000Z</time>
      </trkpt>
      <trkpt lat="44.967691037941044" lon="-93.27963983013335">
        <ele>258.0005222642794</ele>
        <time>2025-04-16T17:59:44.691000Z</time>
      </trkpt>
      <trkpt lat="44.96769281604824" lon="-93.27938829365836">
        <ele>257.9569602580741</ele>
        <time>2025-04-16T17:59:46.690000Z</time>
      </trkpt>
      <trkpt lat="44.96769059227411" lon="-93.27914631617192">
        <ele>258.22578455135226</ele>
        <time>2025-04-16T17:59:48.689000Z</time>
      </trkpt>
      <trkpt lat="44.96769251337788" lon="-93.27900706589854">
        <ele>258.5186583828181</ele>
        <time>2025-04-16T17:59:49.688000Z</time>
      </trkpt>
      <trkpt lat="44.96769998752507" lon="-93.27889465319095">
        <ele>258.8592098960653</ele>
        <time>2025-04-16T17:59:50.687000Z</time>
      </trkpt>
      <trkpt lat="44.96770109307644" lon="-93.27877539602187">
        <ele>258.4945313259959</ele>
        <time>2025-04-16T17:59:51.686000Z</time>
      </trkpt>
      <trkpt lat="44.96769873420401" lon="-93.27865086338834">
        <ele>259.08828538656235</ele>
        <time>2025-04-16T17:59:52.685000Z</time>
      </trkpt>
      <trkpt lat="44.967700350221584" lon="-93.27853062623379">
        <ele>259.3604840124026</ele>
        <time>2025-04-16T17:59:53.684000Z</time>
      </trkpt>
      <trkpt lat="44.96770361141838" lon="-93.2784116476794">
        <ele>259.35757352784276</ele>
        <time>2025-04-16T17:59:54.683000Z</time>
      </trkpt>
      <trkpt lat="44.9677028627797" lon="-93.27830256534733">
        <ele>259.79537066817284</ele>
        <time>2025-04-16T17:59:55.682000Z</time>
      </trkpt>
      <trkpt lat="44.967705145953225" lon="-93.27819248467705">
        <ele>259.36376784928143</ele>
        <time>2025-04-16T17:59:56.681000Z</time>
      </trkpt>
      <trkpt lat="44.96770422248053" lon="-93.27804371598687">
        <ele>259.56256377417594</ele>
        <time>2025-04-16T17:59:58.680000Z</time>
      </trkpt>
      <trkpt lat="44.96771056805919" lon="-93.27792586814041">
        <ele>259.2859479961917</ele>
        <time>2025-04-16T18:00:00.679000Z</time>
      </trkpt>
      <trkpt lat="44.96769517380469" lon="-93.27780279205533">
        <ele>258.7230288023129</ele>
        <time>2025-04-16T18:00:03.678000Z</time>
      </trkpt>
      <trkpt lat="44.96769780375752" lon="-93.2779238567071">
        <ele>257.4818028938025</ele>
        <time>2025-04-16T18:00:16.677000Z</time>
      </trkpt>
      <trkpt lat="44.967704709176" lon="-93.27777466671591">
        <ele>257.5230469927192</ele>
        <time>2025-04-16T18:00:31.676000Z</time>
      </trkpt>
      <trkpt lat="44.96777632733433" lon="-93.27760554158304">
        <ele>257.46140170190483</ele>
        <time>2025-04-16T18:00:33.675000Z</time>
      </trkpt>
      <trkpt lat="44.96787524032366" lon="-93.27755990656362">
        <ele>255.98945845663548</ele>
        <time>2025-04-16T18:00:35.674000Z</time>
      </trkpt>
      <trkpt lat="44.9679675937038" lon="-93.27761379788443">
        <ele>256.4340703934431</ele>
        <time>2025-04-16T18:00:37.673000Z</time>
      </trkpt>
      <trkpt lat="44.968177517365795" lon="-93.27767511379838">
        <ele>256.964238894172</ele>
        <time>2025-04-16T18:00:38.672000Z</time>
      </trkpt>
      <trkpt lat="44.96827190916132" lon="-93.27769841956102">
        <ele>256.70068302284926</ele>
        <time>2025-04-16T18:00:39.671000Z</time>
      </trkpt>
      <trkpt lat="44.9683645126102" lon="-93.27769940983129">
        <ele>256.6479192925617</ele>
        <time>2025-04-16T18:00:40.670000Z</time>
      </trkpt>
      <trkpt lat="44.968458504374894" lon="-93.27773154592283">
        <ele>256.4409986389801</ele>
        <time>2025-04-16T18:00:41.670000Z</time>
      </trkpt>
      <trkpt lat="44.968531165417524" lon="-93.27774274324798">
        <ele>256.5353497546166</ele>
        <time>2025-04-16T18:00:42.670000Z</time>
      </trkpt>
      <trkpt lat="44.96863535775479" lon="-93.2777505473581">
        <ele>256.72355196997523</ele>
        <time>2025-04-16T18:00:43.669000Z</time>
      </trkpt>
      <trkpt lat="44.96873403735548" lon="-93.27775541567566">
        <ele>256.50735366810113</ele>
        <time>2025-04-16T18:00:44.668000Z</time>
      </trkpt>
      <trkpt lat="44.968835514680194" lon="-93.27776183443422">
        <ele>256.31030382122844</ele>
        <time>2025-04-16T18:00:45.667000Z</time>
      </trkpt>
      <trkpt lat="44.96893971126312" lon="-93.2777707981802">
        <ele>256.238463643007</ele>
        <time>2025-04-16T18:00:46.666000Z</time>
      </trkpt>
      <trkpt lat="44.96903701056181" lon="-93.27777667056601">
        <ele>256.227959218435</ele>
        <time>2025-04-16T18:00:47.665000Z</time>
      </trkpt>
      <trkpt lat="44.96913209811781" lon="-93.27778476821042">
        <ele>256.173364139162</ele>
        <time>2025-04-16T18:00:48.664000Z</time>
      </trkpt>
      <trkpt lat="44.969235841729265" lon="-93.27778042173138">
        <ele>256.20595303270966</ele>
        <time>2025-04-16T18:00:49.663000Z</time>
      </trkpt>
      <trkpt lat="44.969328394434555" lon="-93.27777462757764">
        <ele>256.07881671655923</ele>
        <time>2025-04-16T18:00:50.662000Z</time>
      </trkpt>
      <trkpt lat="44.9694167724328" lon="-93.27777195918526">
        <ele>256.0228143883869</ele>
        <time>2025-04-16T18:00:51.661000Z</time>
      </trkpt>
      <trkpt lat="44.969509074553955" lon="-93.27776234016652">
        <ele>256.1874648099765</ele>
        <time>2025-04-16T18:00:52.660000Z</time>
      </trkpt>
      <trkpt lat="44.96959909755113" lon="-93.27774783108421">
        <ele>255.8050860762596</ele>
        <time>2025-04-16T18:00:53.659000Z</time>
      </trkpt>
      <trkpt lat="44.969661242571625" lon="-93.27771991644622">
        <ele>255.26156060025096</ele>
        <time>2025-04-16T18:00:54.658000Z</time>
      </trkpt>
      <trkpt lat="44.96973280094159" lon="-93.2776732139874">
        <ele>255.6251492453739</ele>
        <time>2025-04-16T18:00:55.657000Z</time>
      </trkpt>
      <trkpt lat="44.96976959251435" lon="-93.27759666901733">
        <ele>255.90875269845128</ele>
        <time>2025-04-16T18:00:56.656000Z</time>
      </trkpt>
      <trkpt lat="44.96979527495599" lon="-93.27740781760485">
        <ele>256.58578480314463</ele>
        <time>2025-04-16T18:00:58.655000Z</time>
      </trkpt>
      <trkpt lat="44.9698054431469" lon="-93.27731518784519">
        <ele>257.00600020587444</ele>
        <time>2025-04-16T18:00:59.654000Z</time>
      </trkpt>
      <trkpt lat="44.96981107665556" lon="-93.27717878599707">
        <ele>257.2792993411422</ele>
        <time>2025-04-16T18:01:00.654000Z</time>
      </trkpt>
      <trkpt lat="44.969794759992304" lon="-93.2769752418153">
        <ele>257.89590320177376</ele>
        <time>2025-04-16T18:01:02.653000Z</time>
      </trkpt>
      <trkpt lat="44.96978933853002" lon="-93.27677454681135">
        <ele>258.3801819588989</ele>
        <time>2025-04-16T18:01:04.652000Z</time>
      </trkpt>
      <trkpt lat="44.9697864052197" lon="-93.27655696489629">
        <ele>258.9398009739816</ele>
        <time>2025-04-16T18:01:06.651000Z</time>
      </trkpt>
      <trkpt lat="44.96978223992536" lon="-93.27639492864552">
        <ele>259.7546256342903</ele>
        <time>2025-04-16T18:01:08.650000Z</time>
      </trkpt>
      <trkpt lat="44.969858980915866" lon="-93.27627761163805">
        <ele>258.2024151002988</ele>
        <time>2025-04-16T18:01:12.649000Z</time>
      </trkpt>
      <trkpt lat="44.96988249558384" lon="-93.27613096285059">
        <ele>259.9571172334254</ele>
        <time>2025-04-16T18:01:13.648000Z</time>
      </trkpt>
      <trkpt lat="44.9699116359467" lon="-93.27600927257875">
        <ele>259.726793452166</ele>
        <time>2025-04-16T18:01:14.647000Z</time>
      </trkpt>
      <trkpt lat="44.96993932480988" lon="-93.27587729674295">
        <ele>258.88762789871544</ele>
        <time>2025-04-16T18:01:15.647000Z</time>
      </trkpt>
      <trkpt lat="44.9700837594128" lon="-93.27564075996104">
        <ele>258.5467450758442</ele>
        <time>2025-04-16T18:01:17.646000Z</time>
      </trkpt>
      <trkpt lat="44.970158941584785" lon="-93.2757092312784">
        <ele>260.3068792205304</ele>
        <time>2025-04-16T18:01:18.645000Z</time>
      </trkpt>
      <trkpt lat="44.97026156922387" lon="-93.27572721529891">
        <ele>258.10806996934116</ele>
        <time>2025-04-16T18:01:19.644000Z</time>
      </trkpt>
      <trkpt lat="44.97034859673282" lon="-93.27573316503968">
        <ele>257.501562054269</ele>
        <time>2025-04-16T18:01:20.644000Z</time>
      </trkpt>
      <trkpt lat="44.97041860478154" lon="-93.27565948065835">
        <ele>258.6614887844771</ele>
        <time>2025-04-16T18:01:21.643000Z</time>
      </trkpt>
      <trkpt lat="44.97050481903495" lon="-93.27559677624726">
        <ele>257.49838896933943</ele>
        <time>2025-04-16T18:01:22.642000Z</time>
      </trkpt>
      <trkpt lat="44.97057753234243" lon="-93.27552379311669">
        <ele>257.81081278063357</ele>
        <time>2025-04-16T18:01:23.642000Z</time>
      </trkpt>
      <trkpt lat="44.970657602881005" lon="-93.2754381054211">
        <ele>257.40697284508497</ele>
        <time>2025-04-16T18:01:24.641000Z</time>
      </trkpt>
      <trkpt lat="44.97073279565655" lon="-93.27540745643802">
        <ele>257.9955658586696</ele>
        <time>2025-04-16T18:01:25.640000Z</time>
      </trkpt>
      <trkpt lat="44.97081098265313" lon="-93.27534379614903">
        <ele>257.89499048981816</ele>
        <time>2025-04-16T18:01:26.639000Z</time>
      </trkpt>
      <trkpt lat="44.970883426858336" lon="-93.27527518074398">
        <ele>258.0542425541207</ele>
        <time>2025-04-16T18:01:27.638000Z</time>
      </trkpt>
      <trkpt lat="44.97095478274046" lon="-93.27520521834626">
        <ele>258.0864669829607</ele>
        <time>2025-04-16T18:01:28.637000Z</time>
      </trkpt>
      <trkpt lat="44.97102720552645" lon="-93.27514216872214">
        <ele>257.94607765227556</ele>
        <time>2025-04-16T18:01:29.636000Z</time>
      </trkpt>
      <trkpt lat="44.97109859619579" lon="-93.27508237020879">
        <ele>258.47975844237953</ele>
        <time>2025-04-16T18:01:30.635000Z</time>
      </trkpt>
      <trkpt lat="44.97116750431339" lon="-93.27505406745608">
        <ele>258.6714210230857</ele>
        <time>2025-04-16T18:01:31.635000Z</time>
      </trkpt>
      <trkpt lat="44.971235718276006" lon="-93.27502337209599">
        <ele>258.35556741338223</ele>
        <time>2025-04-16T18:01:32.634000Z</time>
      </trkpt>
      <trkpt lat="44.9713298057008" lon="-93.27493988459918">
        <ele>258.652242817916</ele>
        <time>2025-04-16T18:01:34.633000Z</time>
      </trkpt>
      <trkpt lat="44.97138722297007" lon="-93.27486475149877">
        <ele>260.58375533670187</ele>
        <time>2025-04-16T18:01:54.633000Z</time>
      </trkpt>
      <trkpt lat="44.971468143153125" lon="-93.27479682890579">
        <ele>260.62862481176853</ele>
        <time>2025-04-16T18:01:56.632000Z</time>
      </trkpt>
      <trkpt lat="44.97158113295213" lon="-93.27473375920236">
        <ele>260.1463553532958</ele>
        <time>2025-04-16T18:01:58.631000Z</time>
      </trkpt>
      <trkpt lat="44.97164653862478" lon="-93.27469828829554">
        <ele>260.382164048031</ele>
        <time>2025-04-16T18:01:59.630000Z</time>
      </trkpt>
      <trkpt lat="44.97171170264731" lon="-93.27464615352184">
        <ele>260.46177153103054</ele>
        <time>2025-04-16T18:02:00.629000Z</time>
      </trkpt>
      <trkpt lat="44.971778518323916" lon="-93.27458406033298">
        <ele>260.4222126528621</ele>
        <time>2025-04-16T18:02:01.628000Z</time>
      </trkpt>
      <trkpt lat="44.97184863040925" lon="-93.27452486017756">
        <ele>260.37091209739447</ele>
        <time>2025-04-16T18:02:02.627000Z</time>
      </trkpt>
      <trkpt lat="44.97191757833636" lon="-93.27446329522664">
        <ele>259.30790776386857</ele>
        <time>2025-04-16T18:02:03.626000Z</time>
      </trkpt>
      <trkpt lat="44.971987175426214" lon="-93.27439958452553">
        <ele>259.7365881204605</ele>
        <time>2025-04-16T18:02:04.625000Z</time>
      </trkpt>
      <trkpt lat="44.97205438312987" lon="-93.27432745440345">
        <ele>259.6258296491578</ele>
        <time>2025-04-16T18:02:05.624000Z</time>
      </trkpt>
      <trkpt lat="44.972117655262366" lon="-93.27425629727995">
        <ele>259.8734571142122</ele>
        <time>2025-04-16T18:02:06.623000Z</time>
      </trkpt>
      <trkpt lat="44.97218556127617" lon="-93.27418630489373">
        <ele>260.1995893660933</ele>
        <time>2025-04-16T18:02:07.622000Z</time>
      </trkpt>
      <trkpt lat="44.97224163180345" lon="-93.27412342065914">
        <ele>260.5063718231395</ele>
        <time>2025-04-16T18:02:08.621000Z</time>
      </trkpt>
      <trkpt lat="44.97231878599366" lon="-93.27411853094733">
        <ele>261.31944408454</ele>
        <time>2025-04-16T18:02:13.620000Z</time>
      </trkpt>
      <trkpt lat="44.97238165928898" lon="-93.27404408328428">
        <ele>261.5051699420437</ele>
        <time>2025-04-16T18:02:15.619000Z</time>
      </trkpt>
      <trkpt lat="44.97246315344221" lon="-93.27395274211428">
        <ele>261.2623238749802</ele>
        <time>2025-04-16T18:02:17.618000Z</time>
      </trkpt>
      <trkpt lat="44.97254612370041" lon="-93.27389803606457">
        <ele>261.66318451892585</ele>
        <time>2025-04-16T18:02:18.617000Z</time>
      </trkpt>
      <trkpt lat="44.972616557901034" lon="-93.27383154070695">
        <ele>262.85206244140863</ele>
        <time>2025-04-16T18:02:19.616000Z</time>
      </trkpt>
      <trkpt lat="44.97271884791949" lon="-93.27375636035892">
        <ele>262.0915717417374</ele>
        <time>2025-04-16T18:02:21.615000Z</time>
      </trkpt>
      <trkpt lat="44.97279032929364" lon="-93.27368406934853">
        <ele>262.4892594758421</ele>
        <time>2025-04-16T18:02:22.614000Z</time>
      </trkpt>
      <trkpt lat="44.97285523663338" lon="-93.27363884274232">
        <ele>261.8150294572115</ele>
        <time>2025-04-16T18:02:23.613000Z</time>
      </trkpt>
      <trkpt lat="44.972923222273366" lon="-93.27358482652377">
        <ele>261.63567353319377</ele>
        <time>2025-04-16T18:02:24.612000Z</time>
      </trkpt>
      <trkpt lat="44.97298767594349" lon="-93.27351228901674">
        <ele>261.51282826717943</ele>
        <time>2025-04-16T18:02:25.611000Z</time>
      </trkpt>
      <trkpt lat="44.97307051177892" lon="-93.27343449696609">
        <ele>261.3077367078513</ele>
        <time>2025-04-16T18:02:26.610000Z</time>
      </trkpt>
      <trkpt lat="44.97314922961119" lon="-93.2733544751284">
        <ele>261.37711383681744</ele>
        <time>2025-04-16T18:02:27.609000Z</time>
      </trkpt>
      <trkpt lat="44.973285432863925" lon="-93.27328773949763">
        <ele>262.09675627201796</ele>
        <time>2025-04-16T18:02:29.608000Z</time>
      </trkpt>
      <trkpt lat="44.973445328536684" lon="-93.2732699986784">
        <ele>260.4945336314239</ele>
        <time>2025-04-16T18:02:31.607000Z</time>
      </trkpt>
      <trkpt lat="44.97351257176812" lon="-93.2731190945794">
        <ele>260.6339713316411</ele>
        <time>2025-04-16T18:02:32.606000Z</time>
      </trkpt>
      <trkpt lat="44.973663271896505" lon="-93.2730090670158">
        <ele>259.86872548330575</ele>
        <time>2025-04-16T18:02:34.605000Z</time>
      </trkpt>
      <trkpt lat="44.973735826114904" lon="-93.27295064423237">
        <ele>259.8082931237295</ele>
        <time>2025-04-16T18:02:35.604000Z</time>
      </trkpt>
      <trkpt lat="44.97381236865767" lon="-93.27285683541518">
        <ele>260.5423054359853</ele>
        <time>2025-04-16T18:02:36.603000Z</time>
      </trkpt>
      <trkpt lat="44.97387527363517" lon="-93.27275333941776">
        <ele>260.1185790374875</ele>
        <time>2025-04-16T18:02:37.602000Z</time>
      </trkpt>
      <trkpt lat="44.9739568609285" lon="-93.27265251933264">
        <ele>261.2842287849635</ele>
        <time>2025-04-16T18:02:38.601000Z</time>
      </trkpt>
      <trkpt lat="44.97402919841818" lon="-93.27258497967415">
        <ele>262.60706333536655</ele>
        <time>2025-04-16T18:02:39.600000Z</time>
      </trkpt>
      <trkpt lat="44.97417081476012" lon="-93.2725245308982">
        <ele>261.08426239714026</ele>
        <time>2025-04-16T18:02:41.599000Z</time>
      </trkpt>
      <trkpt lat="44.97424089640588" lon="-93.27246455295106">
        <ele>260.98890039511025</ele>
        <time>2025-04-16T18:02:42.598000Z</time>
      </trkpt>
      <trkpt lat="44.97430883607967" lon="-93.27241068808874">
        <ele>261.3129006251693</ele>
        <time>2025-04-16T18:02:43.597000Z</time>
      </trkpt>
      <trkpt lat="44.9743770709526" lon="-93.27234399176741">
        <ele>261.2017172994092</ele>
        <time>2025-04-16T18:02:44.596000Z</time>
      </trkpt>
      <trkpt lat="44.97444191608394" lon="-93.27228488851938">
        <ele>261.1192960180342</ele>
        <time>2025-04-16T18:02:45.595000Z</time>
      </trkpt>
      <trkpt lat="44.97451026140701" lon="-93.27223079132914">
        <ele>260.8067155787721</ele>
        <time>2025-04-16T18:02:46.594000Z</time>
      </trkpt>
      <trkpt lat="44.97458171806922" lon="-93.27217298478813">
        <ele>261.2357556875795</ele>
        <time>2025-04-16T18:02:47.593000Z</time>
      </trkpt>
      <trkpt lat="44.974648545558445" lon="-93.27214620941152">
        <ele>262.0986369950697</ele>
        <time>2025-04-16T18:02:48.592000Z</time>
      </trkpt>
      <trkpt lat="44.974719851641034" lon="-93.27207126088662">
        <ele>261.11014553904533</ele>
        <time>2025-04-16T18:02:49.591000Z</time>
      </trkpt>
      <trkpt lat="44.97478118438706" lon="-93.27201318417282">
        <ele>261.74376242794096</ele>
        <time>2025-04-16T18:02:50.590000Z</time>
      </trkpt>
      <trkpt lat="44.97484228256423" lon="-93.27196550520067">
        <ele>261.2955647567287</ele>
        <time>2025-04-16T18:02:51.589000Z</time>
      </trkpt>
      <trkpt lat="44.97490676301259" lon="-93.27191675400498">
        <ele>260.9650627830997</ele>
        <time>2025-04-16T18:02:52.588000Z</time>
      </trkpt>
      <trkpt lat="44.97496721082931" lon="-93.27186276369183">
        <ele>260.9954670285806</ele>
        <time>2025-04-16T18:02:53.587000Z</time>
      </trkpt>
      <trkpt lat="44.97505191239594" lon="-93.2718503265957">
        <ele>261.15484433062375</ele>
        <time>2025-04-16T18:02:54.586000Z</time>
      </trkpt>
      <trkpt lat="44.97514867720027" lon="-93.27183644382761">
        <ele>259.7103481076715</ele>
        <time>2025-04-16T18:02:56.585000Z</time>
      </trkpt>
      <trkpt lat="44.97535415423486" lon="-93.27166545797385">
        <ele>266.12680846545845</ele>
        <time>2025-04-16T18:02:58.584000Z</time>
      </trkpt>
      <trkpt lat="44.975473879114084" lon="-93.27154465301426">
        <ele>264.3123280564323</ele>
        <time>2025-04-16T18:03:00.583000Z</time>
      </trkpt>
      <trkpt lat="44.97560759182245" lon="-93.27137194422264">
        <ele>264.8304249672219</ele>
        <time>2025-04-16T18:03:02.582000Z</time>
      </trkpt>
      <trkpt lat="44.97568519618518" lon="-93.27135242280735">
        <ele>264.76915315166116</ele>
        <time>2025-04-16T18:03:03.581000Z</time>
      </trkpt>
      <trkpt lat="44.97582102177226" lon="-93.27126254098434">
        <ele>263.49682904034853</ele>
        <time>2025-04-16T18:03:05.580000Z</time>
      </trkpt>
      <trkpt lat="44.975958894214436" lon="-93.27114533968087">
        <ele>262.7203654013574</ele>
        <time>2025-04-16T18:03:07.579000Z</time>
      </trkpt>
      <trkpt lat="44.97609615303235" lon="-93.271032241741">
        <ele>262.1554310536012</ele>
        <time>2025-04-16T18:03:09.578000Z</time>
      </trkpt>
      <trkpt lat="44.97622669234477" lon="-93.27094023278894">
        <ele>262.6846136171371</ele>
        <time>2025-04-16T18:03:11.577000Z</time>
      </trkpt>
      <trkpt lat="44.97637225100361" lon="-93.27081590124668">
        <ele>263.37848103698343</ele>
        <time>2025-04-16T18:03:13.576000Z</time>
      </trkpt>
      <trkpt lat="44.976501297168255" lon="-93.27070040253996">
        <ele>262.38152637146413</ele>
        <time>2025-04-16T18:03:15.575000Z</time>
      </trkpt>
      <trkpt lat="44.976643742260876" lon="-93.27059588958144">
        <ele>264.3257750272751</ele>
        <time>2025-04-16T18:03:17.574000Z</time>
      </trkpt>
      <trkpt lat="44.9767850023582" lon="-93.27045542025829">
        <ele>263.36998281255364</ele>
        <time>2025-04-16T18:03:19.574000Z</time>
      </trkpt>
      <trkpt lat="44.97699254785202" lon="-93.27028087635107">
        <ele>261.7781432271004</ele>
        <time>2025-04-16T18:03:22.573000Z</time>
      </trkpt>
      <trkpt lat="44.97716157702202" lon="-93.27016100949305">
        <ele>262.66543124895543</ele>
        <time>2025-04-16T18:03:24.572000Z</time>
      </trkpt>
      <trkpt lat="44.977380801606316" lon="-93.26996210105831">
        <ele>264.0290372874588</ele>
        <time>2025-04-16T18:03:27.571000Z</time>
      </trkpt>
      <trkpt lat="44.9775203851337" lon="-93.26984983401258">
        <ele>262.66441051103175</ele>
        <time>2025-04-16T18:03:29.570000Z</time>
      </trkpt>
      <trkpt lat="44.97759192209893" lon="-93.26978477802993">
        <ele>262.8928213212639</ele>
        <time>2025-04-16T18:03:30.569000Z</time>
      </trkpt>
      <trkpt lat="44.97765832483194" lon="-93.269726698996">
        <ele>262.6601879633963</ele>
        <time>2025-04-16T18:03:31.568000Z</time>
      </trkpt>
      <trkpt lat="44.97780010621136" lon="-93.26960747838646">
        <ele>262.3914066962898</ele>
        <time>2025-04-16T18:03:33.567000Z</time>
      </trkpt>
      <trkpt lat="44.97787237961647" lon="-93.26954030640513">
        <ele>261.44253384228796</ele>
        <time>2025-04-16T18:03:34.566000Z</time>
      </trkpt>
      <trkpt lat="44.977938681031844" lon="-93.26949132743833">
        <ele>260.4869634313509</ele>
        <time>2025-04-16T18:03:35.565000Z</time>
      </trkpt>
      <trkpt lat="44.97808094028162" lon="-93.26937461764376">
        <ele>259.70162038784474</ele>
        <time>2025-04-16T18:03:37.564000Z</time>
      </trkpt>
      <trkpt lat="44.97822642284922" lon="-93.26926007783378">
        <ele>258.7707908330485</ele>
        <time>2025-04-16T18:03:39.563000Z</time>
      </trkpt>
      <trkpt lat="44.97843119629276" lon="-93.26908661514982">
        <ele>259.7583030834794</ele>
        <time>2025-04-16T18:03:42.563000Z</time>
      </trkpt>
      <trkpt lat="44.978559337315424" lon="-93.26898625553497">
        <ele>259.6257853279529</ele>
        <time>2025-04-16T18:03:44.563000Z</time>
      </trkpt>
      <trkpt lat="44.978707791169846" lon="-93.26885304710812">
        <ele>260.8607534766197</ele>
        <time>2025-04-16T18:03:46.563000Z</time>
      </trkpt>
      <trkpt lat="44.97876412174603" lon="-93.2687858957727">
        <ele>261.5255429930985</ele>
        <time>2025-04-16T18:03:47.563000Z</time>
      </trkpt>
      <trkpt lat="44.97882560258725" lon="-93.26873315765758">
        <ele>260.5030893776566</ele>
        <time>2025-04-16T18:03:48.563000Z</time>
      </trkpt>
      <trkpt lat="44.97889133314963" lon="-93.26868090629513">
        <ele>260.2310030339286</ele>
        <time>2025-04-16T18:03:49.563000Z</time>
      </trkpt>
      <trkpt lat="44.97895492949995" lon="-93.26860875539187">
        <ele>260.071661233902</ele>
        <time>2025-04-16T18:03:50.563000Z</time>
      </trkpt>
      <trkpt lat="44.97904538048089" lon="-93.2685764312462">
        <ele>261.2149659860879</ele>
        <time>2025-04-16T18:03:51.563000Z</time>
      </trkpt>
      <trkpt lat="44.97911397329276" lon="-93.26851314840589">
        <ele>261.0702479938045</ele>
        <time>2025-04-16T18:03:52.562000Z</time>
      </trkpt>
      <trkpt lat="44.979229946238625" lon="-93.26835547162324">
        <ele>260.18620740249753</ele>
        <time>2025-04-16T18:03:54.562000Z</time>
      </trkpt>
      <trkpt lat="44.97930509420422" lon="-93.26830081157561">
        <ele>260.19934007618576</ele>
        <time>2025-04-16T18:03:55.561000Z</time>
      </trkpt>
      <trkpt lat="44.97937303984001" lon="-93.26824066858418">
        <ele>259.5407269448042</ele>
        <time>2025-04-16T18:03:56.561000Z</time>
      </trkpt>
      <trkpt lat="44.979450077243044" lon="-93.26817966205007">
        <ele>259.5942176338285</ele>
        <time>2025-04-16T18:03:57.561000Z</time>
      </trkpt>
      <trkpt lat="44.97952351252281" lon="-93.26811495514254">
        <ele>259.37463128287345</ele>
        <time>2025-04-16T18:03:58.560000Z</time>
      </trkpt>
      <trkpt lat="44.979613419364796" lon="-93.26806226429305">
        <ele>259.02740393858403</ele>
        <time>2025-04-16T18:03:59.559000Z</time>
      </trkpt>
      <trkpt lat="44.97968886644835" lon="-93.2679981714773">
        <ele>258.4472347740084</ele>
        <time>2025-04-16T18:04:00.558000Z</time>
      </trkpt>
      <trkpt lat="44.979767099293866" lon="-93.26793199735721">
        <ele>258.6831624507904</ele>
        <time>2025-04-16T18:04:01.557000Z</time>
      </trkpt>
      <trkpt lat="44.97984620623489" lon="-93.26786670604501">
        <ele>258.20026873331517</ele>
        <time>2025-04-16T18:04:02.556000Z</time>
      </trkpt>
      <trkpt lat="44.97992294844018" lon="-93.26780082312538">
        <ele>257.9693534206599</ele>
        <time>2025-04-16T18:04:03.556000Z</time>
      </trkpt>
      <trkpt lat="44.98000471379558" lon="-93.2677338559981">
        <ele>257.5464072469622</ele>
        <time>2025-04-16T18:04:04.555000Z</time>
      </trkpt>
      <trkpt lat="44.98007830702872" lon="-93.26766289212335">
        <ele>256.75214436650276</ele>
        <time>2025-04-16T18:04:05.554000Z</time>
      </trkpt>
      <trkpt lat="44.980159139398346" lon="-93.2675992697947">
        <ele>257.5373111050576</ele>
        <time>2025-04-16T18:04:06.553000Z</time>
      </trkpt>
      <trkpt lat="44.98023573702246" lon="-93.26752368179503">
        <ele>258.0121274050325</ele>
        <time>2025-04-16T18:04:07.552000Z</time>
      </trkpt>
      <trkpt lat="44.98031370998757" lon="-93.26745684420898">
        <ele>257.24704052880406</ele>
        <time>2025-04-16T18:04:08.551000Z</time>
      </trkpt>
      <trkpt lat="44.98039303551716" lon="-93.26739308339897">
        <ele>256.9104336341843</ele>
        <time>2025-04-16T18:04:09.550000Z</time>
      </trkpt>
      <trkpt lat="44.98047237213481" lon="-93.26732464980964">
        <ele>257.77149776089936</ele>
        <time>2025-04-16T18:04:10.549000Z</time>
      </trkpt>
      <trkpt lat="44.98056004907137" lon="-93.26724653073339">
        <ele>257.3876861250028</ele>
        <time>2025-04-16T18:04:11.548000Z</time>
      </trkpt>
      <trkpt lat="44.98062288492319" lon="-93.2671977223396">
        <ele>259.3483293186873</ele>
        <time>2025-04-16T18:04:12.547000Z</time>
      </trkpt>
      <trkpt lat="44.980701098084836" lon="-93.26714239120265">
        <ele>258.93221282586455</ele>
        <time>2025-04-16T18:04:13.547000Z</time>
      </trkpt>
      <trkpt lat="44.980871078866876" lon="-93.26702088908559">
        <ele>256.8187006227672</ele>
        <time>2025-04-16T18:04:15.546000Z</time>
      </trkpt>
      <trkpt lat="44.98101734647075" lon="-93.26689972148034">
        <ele>256.1798190958798</ele>
        <time>2025-04-16T18:04:17.545000Z</time>
      </trkpt>
      <trkpt lat="44.98105814168827" lon="-93.26674627793187">
        <ele>257.52993073593825</ele>
        <time>2025-04-16T18:04:19.544000Z</time>
      </trkpt>
      <trkpt lat="44.98098312742042" lon="-93.266619894977">
        <ele>257.1444834107533</ele>
        <time>2025-04-16T18:04:21.544000Z</time>
      </trkpt>
      <trkpt lat="44.98090067765035" lon="-93.26646975185326">
        <ele>257.26081731077284</ele>
        <time>2025-04-16T18:04:23.543000Z</time>
      </trkpt>
      <trkpt lat="44.98086337663799" lon="-93.26625676863067">
        <ele>257.3988778395578</ele>
        <time>2025-04-16T18:04:25.542000Z</time>
      </trkpt>
      <trkpt lat="44.98082471082065" lon="-93.26614649126651">
        <ele>257.034009385854</ele>
        <time>2025-04-16T18:04:26.541000Z</time>
      </trkpt>
      <trkpt lat="44.98074922143413" lon="-93.26595664574653">
        <ele>257.93860019836575</ele>
        <time>2025-04-16T18:04:28.540000Z</time>
      </trkpt>
      <trkpt lat="44.98066758453406" lon="-93.26578353469598">
        <ele>257.5098295593634</ele>
        <time>2025-04-16T18:04:30.539000Z</time>
      </trkpt>
      <trkpt lat="44.980591772846346" lon="-93.26560409713441">
        <ele>256.2985969847068</ele>
        <time>2025-04-16T18:04:32.538000Z</time>
      </trkpt>
      <trkpt lat="44.980520323246985" lon="-93.26547034380184">
        <ele>255.29837213270366</ele>
        <time>2025-04-16T18:04:35.537000Z</time>
      </trkpt>
      <trkpt lat="44.98046708634291" lon="-93.26532379602504">
        <ele>254.21437225211412</ele>
        <time>2025-04-16T18:04:37.536000Z</time>
      </trkpt>
      <trkpt lat="44.98039263019863" lon="-93.26515554151713">
        <ele>253.94615935720503</ele>
        <time>2025-04-16T18:04:39.535000Z</time>
      </trkpt>
      <trkpt lat="44.98030872476478" lon="-93.26497098496219">
        <ele>253.58749046176672</ele>
        <time>2025-04-16T18:04:41.534000Z</time>
      </trkpt>
      <trkpt lat="44.980266121525524" lon="-93.26487309879356">
        <ele>253.5176497194916</ele>
        <time>2025-04-16T18:04:42.533000Z</time>
      </trkpt>
      <trkpt lat="44.980224338265266" lon="-93.26477343809619">
        <ele>253.7647704333067</ele>
        <time>2025-04-16T18:04:43.532000Z</time>
      </trkpt>
      <trkpt lat="44.980180459788166" lon="-93.26467636881175">
        <ele>253.43600631132722</ele>
        <time>2025-04-16T18:04:44.531000Z</time>
      </trkpt>
      <trkpt lat="44.980137841640286" lon="-93.26457392991064">
        <ele>253.23955188225955</ele>
        <time>2025-04-16T18:04:45.530000Z</time>
      </trkpt>
      <trkpt lat="44.980095953370984" lon="-93.26447338169606">
        <ele>253.02651183400303</ele>
        <time>2025-04-16T18:04:46.529000Z</time>
      </trkpt>
      <trkpt lat="44.98002420899711" lon="-93.26430653135932">
        <ele>252.7463471731171</ele>
        <time>2025-04-16T18:04:48.528000Z</time>
      </trkpt>
      <trkpt lat="44.98002025717139" lon="-93.26420879322454">
        <ele>253.0144062191248</ele>
        <time>2025-04-16T18:04:50.527000Z</time>
      </trkpt>
      <trkpt lat="44.98010327170314" lon="-93.26414097375226">
        <ele>253.59090532176197</ele>
        <time>2025-04-16T18:04:53.526000Z</time>
      </trkpt>
      <trkpt lat="44.980199926581214" lon="-93.26415306890088">
        <ele>253.5432154396549</ele>
        <time>2025-04-16T18:04:55.525000Z</time>
      </trkpt>
      <trkpt lat="44.980278455643784" lon="-93.26435649419011">
        <ele>253.76869080681354</ele>
        <time>2025-04-16T18:04:58.524000Z</time>
      </trkpt>
      <trkpt lat="44.98033838486846" lon="-93.26453986278848">
        <ele>254.3782079378143</ele>
        <time>2025-04-16T18:05:00.523000Z</time>
      </trkpt>
      <trkpt lat="44.98038163067942" lon="-93.26462754122049">
        <ele>254.273094416596</ele>
        <time>2025-04-16T18:05:02.522000Z</time>
      </trkpt>
      <trkpt lat="44.98039432414686" lon="-93.26474458708573">
        <ele>254.19930353667587</ele>
        <time>2025-04-16T18:05:03.521000Z</time>
      </trkpt>
      <trkpt lat="44.98041493662307" lon="-93.26485967750507">
        <ele>253.68481937982142</ele>
        <time>2025-04-16T18:05:04.520000Z</time>
      </trkpt>
      <trkpt lat="44.98044004738054" lon="-93.26497123062768">
        <ele>253.98246823437512</ele>
        <time>2025-04-16T18:05:05.519000Z</time>
      </trkpt>
      <trkpt lat="44.980472934305" lon="-93.26507391507074">
        <ele>254.16105788573623</ele>
        <time>2025-04-16T18:05:06.518000Z</time>
      </trkpt>
      <trkpt lat="44.980511585526905" lon="-93.2651686399437">
        <ele>254.55751856788993</ele>
        <time>2025-04-16T18:05:07.517000Z</time>
      </trkpt>
      <trkpt lat="44.98055205091257" lon="-93.265257230348">
        <ele>254.44049343373626</ele>
        <time>2025-04-16T18:05:08.516000Z</time>
      </trkpt>
      <trkpt lat="44.980593170741116" lon="-93.26535499500558">
        <ele>254.2473353566602</ele>
        <time>2025-04-16T18:05:09.515000Z</time>
      </trkpt>
      <trkpt lat="44.980637703104904" lon="-93.26546012038087">
        <ele>254.38745752442628</ele>
        <time>2025-04-16T18:05:10.514000Z</time>
      </trkpt>
      <trkpt lat="44.980674507333966" lon="-93.26555985641478">
        <ele>254.31401867978275</ele>
        <time>2025-04-16T18:05:11.513000Z</time>
      </trkpt>
      <trkpt lat="44.98072258678386" lon="-93.26563806848453">
        <ele>254.67211420927197</ele>
        <time>2025-04-16T18:05:12.512000Z</time>
      </trkpt>
      <trkpt lat="44.98077712931074" lon="-93.26571726396566">
        <ele>254.50760204624385</ele>
        <time>2025-04-16T18:05:13.511000Z</time>
      </trkpt>
      <trkpt lat="44.980837536404714" lon="-93.26579347157303">
        <ele>254.5151706840843</ele>
        <time>2025-04-16T18:05:14.510000Z</time>
      </trkpt>
      <trkpt lat="44.98087314559476" lon="-93.26589693840683">
        <ele>254.53146031871438</ele>
        <time>2025-04-16T18:05:15.509000Z</time>
      </trkpt>
      <trkpt lat="44.980910551900834" lon="-93.26601399190699">
        <ele>254.58243459276855</ele>
        <time>2025-04-16T18:05:16.508000Z</time>
      </trkpt>
      <trkpt lat="44.980998719847435" lon="-93.2662257975307">
        <ele>254.52434500306845</ele>
        <time>2025-04-16T18:05:18.507000Z</time>
      </trkpt>
      <trkpt lat="44.98104213528516" lon="-93.2663320396766">
        <ele>254.71800945606083</ele>
        <time>2025-04-16T18:05:19.506000Z</time>
      </trkpt>
      <trkpt lat="44.98112931663572" lon="-93.2665379468928">
        <ele>254.85157385654747</ele>
        <time>2025-04-16T18:05:21.505000Z</time>
      </trkpt>
      <trkpt lat="44.98116738051118" lon="-93.26664406211657">
        <ele>254.7066255984828</ele>
        <time>2025-04-16T18:05:22.504000Z</time>
      </trkpt>
      <trkpt lat="44.98122692555482" lon="-93.26685858103373">
        <ele>254.928610580042</ele>
        <time>2025-04-16T18:05:24.503000Z</time>
      </trkpt>
      <trkpt lat="44.98125528754707" lon="-93.26699390060952">
        <ele>254.4204385234043</ele>
        <time>2025-04-16T18:05:25.502000Z</time>
      </trkpt>
      <trkpt lat="44.98130572593399" lon="-93.26706254459215">
        <ele>254.18869845103472</ele>
        <time>2025-04-16T18:05:26.501000Z</time>
      </trkpt>
      <trkpt lat="44.9814049717475" lon="-93.26711414282315">
        <ele>254.46356499940157</ele>
        <time>2025-04-16T18:05:29.500000Z</time>
      </trkpt>
      <trkpt lat="44.98132337471259" lon="-93.26703860883856">
        <ele>252.2006097091362</ele>
        <time>2025-04-16T18:05:31.499000Z</time>
      </trkpt>
      <trkpt lat="44.98124832303573" lon="-93.26696653838475">
        <ele>250.4502640189603</ele>
        <time>2025-04-16T18:05:32.498000Z</time>
      </trkpt>
      <trkpt lat="44.981206889958884" lon="-93.26686515015017">
        <ele>253.5573614872992</ele>
        <time>2025-04-16T18:05:35.497000Z</time>
      </trkpt>
      <trkpt lat="44.981144810439204" lon="-93.26675505988932">
        <ele>252.89721505064517</ele>
        <time>2025-04-16T18:05:37.496000Z</time>
      </trkpt>
      <trkpt lat="44.9810922020847" lon="-93.26665503655602">
        <ele>253.66486238501966</ele>
        <time>2025-04-16T18:05:39.495000Z</time>
      </trkpt>
      <trkpt lat="44.98102827502587" lon="-93.26677411786481">
        <ele>253.94252729881555</ele>
        <time>2025-04-16T18:05:41.494000Z</time>
      </trkpt>
      <trkpt lat="44.98087036608083" lon="-93.26687165504417">
        <ele>254.35509437695146</ele>
        <time>2025-04-16T18:05:43.493000Z</time>
      </trkpt>
      <trkpt lat="44.98078411788919" lon="-93.26694200270944">
        <ele>254.07147978432477</ele>
        <time>2025-04-16T18:05:44.492000Z</time>
      </trkpt>
      <trkpt lat="44.98066624198667" lon="-93.2670657084452">
        <ele>255.15902975946665</ele>
        <time>2025-04-16T18:05:46.491000Z</time>
      </trkpt>
      <trkpt lat="44.9805471700568" lon="-93.26718440356488">
        <ele>255.10233597178012</ele>
        <time>2025-04-16T18:05:48.492000Z</time>
      </trkpt>
      <trkpt lat="44.98038202891086" lon="-93.26730780519935">
        <ele>256.3711613221094</ele>
        <time>2025-04-16T18:05:50.492000Z</time>
      </trkpt>
      <trkpt lat="44.98026958800197" lon="-93.26742156334906">
        <ele>255.69058558996767</ele>
        <time>2025-04-16T18:05:52.492000Z</time>
      </trkpt>
      <trkpt lat="44.980142469786784" lon="-93.26757614062463">
        <ele>256.60763046424836</ele>
        <time>2025-04-16T18:05:58.491000Z</time>
      </trkpt>
      <trkpt lat="44.979991692941304" lon="-93.267711374141">
        <ele>257.23489458858967</ele>
        <time>2025-04-16T18:06:01.490000Z</time>
      </trkpt>
      <trkpt lat="44.97988319863269" lon="-93.26781764825775">
        <ele>257.5183571949601</ele>
        <time>2025-04-16T18:06:03.489000Z</time>
      </trkpt>
      <trkpt lat="44.97975937639482" lon="-93.26792501240406">
        <ele>258.2047737678513</ele>
        <time>2025-04-16T18:06:05.488000Z</time>
      </trkpt>
      <trkpt lat="44.97963574270943" lon="-93.26802550368589">
        <ele>258.1745051499456</ele>
        <time>2025-04-16T18:06:07.487000Z</time>
      </trkpt>
      <trkpt lat="44.97952930305241" lon="-93.2681205117734">
        <ele>259.01898678950965</ele>
        <time>2025-04-16T18:06:09.486000Z</time>
      </trkpt>
      <trkpt lat="44.979458277022374" lon="-93.26818225255937">
        <ele>259.34506140090525</ele>
        <time>2025-04-16T18:06:10.485000Z</time>
      </trkpt>
      <trkpt lat="44.97935074494788" lon="-93.26828144244581">
        <ele>258.64570019952953</ele>
        <time>2025-04-16T18:06:12.484000Z</time>
      </trkpt>
      <trkpt lat="44.9792715720741" lon="-93.26836169710957">
        <ele>258.23682694137096</ele>
        <time>2025-04-16T18:06:19.483000Z</time>
      </trkpt>
      <trkpt lat="44.979207766549195" lon="-93.26854092090294">
        <ele>259.59240164235234</ele>
        <time>2025-04-16T18:06:31.482000Z</time>
      </trkpt>
      <trkpt lat="44.97910288210379" lon="-93.2685939017946">
        <ele>259.3445254350081</ele>
        <time>2025-04-16T18:06:34.481000Z</time>
      </trkpt>
      <trkpt lat="44.97895136587677" lon="-93.26869590665851">
        <ele>260.5953574022278</ele>
        <time>2025-04-16T18:06:36.480000Z</time>
      </trkpt>
      <trkpt lat="44.97890354840441" lon="-93.2687939577943">
        <ele>260.0097008366138</ele>
        <time>2025-04-16T18:06:37.479000Z</time>
      </trkpt>
      <trkpt lat="44.97878720072257" lon="-93.26892068948229">
        <ele>260.51057357992977</ele>
        <time>2025-04-16T18:06:39.478000Z</time>
      </trkpt>
      <trkpt lat="44.97871573998329" lon="-93.26897936207159">
        <ele>260.36615060456097</ele>
        <time>2025-04-16T18:06:40.477000Z</time>
      </trkpt>
      <trkpt lat="44.978635405983944" lon="-93.26901761513967">
        <ele>260.63390840403736</ele>
        <time>2025-04-16T18:06:41.476000Z</time>
      </trkpt>
      <trkpt lat="44.97856904805656" lon="-93.26907198765295">
        <ele>260.21777852252126</ele>
        <time>2025-04-16T18:06:42.475000Z</time>
      </trkpt>
      <trkpt lat="44.97850701427711" lon="-93.2691141040243">
        <ele>259.7772013088688</ele>
        <time>2025-04-16T18:06:43.474000Z</time>
      </trkpt>
      <trkpt lat="44.97842873093483" lon="-93.26916568448807">
        <ele>259.97765222378075</ele>
        <time>2025-04-16T18:06:45.473000Z</time>
      </trkpt>
      <trkpt lat="44.978339690071586" lon="-93.26924972672661">
        <ele>259.71040045749396</ele>
        <time>2025-04-16T18:07:05.472000Z</time>
      </trkpt>
      <trkpt lat="44.97821863118701" lon="-93.26934510067919">
        <ele>259.81890819594264</ele>
        <time>2025-04-16T18:07:08.471000Z</time>
      </trkpt>
      <trkpt lat="44.978098285414355" lon="-93.26942960713882">
        <ele>259.32553511392325</ele>
        <time>2025-04-16T18:07:10.470000Z</time>
      </trkpt>
      <trkpt lat="44.9779808868061" lon="-93.26952532534796">
        <ele>260.23877681512386</ele>
        <time>2025-04-16T18:07:12.469000Z</time>
      </trkpt>
      <trkpt lat="44.977857544873025" lon="-93.2696418143931">
        <ele>261.15435961075127</ele>
        <time>2025-04-16T18:07:14.468000Z</time>
      </trkpt>
      <trkpt lat="44.977717686598645" lon="-93.26975436184239">
        <ele>261.13630183786154</ele>
        <time>2025-04-16T18:07:16.467000Z</time>
      </trkpt>
      <trkpt lat="44.977586090659564" lon="-93.26987803600802">
        <ele>261.3195694750175</ele>
        <time>2025-04-16T18:07:18.466000Z</time>
      </trkpt>
      <trkpt lat="44.977449307619025" lon="-93.26997030497351">
        <ele>261.79949426651</ele>
        <time>2025-04-16T18:07:20.465000Z</time>
      </trkpt>
      <trkpt lat="44.977369652392" lon="-93.27002051349773">
        <ele>262.3529428159818</ele>
        <time>2025-04-16T18:07:21.464000Z</time>
      </trkpt>
      <trkpt lat="44.97729772081144" lon="-93.27008000948727">
        <ele>263.31784161552787</ele>
        <time>2025-04-16T18:07:22.463000Z</time>
      </trkpt>
      <trkpt lat="44.97723569199471" lon="-93.27015152855725">
        <ele>261.76123300008476</ele>
        <time>2025-04-16T18:07:23.462000Z</time>
      </trkpt>
      <trkpt lat="44.97716511178095" lon="-93.27020050656331">
        <ele>261.8289663065225</ele>
        <time>2025-04-16T18:07:24.461000Z</time>
      </trkpt>
      <trkpt lat="44.977094178260536" lon="-93.27026571193304">
        <ele>261.7500819712877</ele>
        <time>2025-04-16T18:07:25.460000Z</time>
      </trkpt>
      <trkpt lat="44.976959821235646" lon="-93.27037351513027">
        <ele>261.7801778372377</ele>
        <time>2025-04-16T18:07:27.459000Z</time>
      </trkpt>
      <trkpt lat="44.97684198828331" lon="-93.27050883971339">
        <ele>262.5169194219634</ele>
        <time>2025-04-16T18:07:29.458000Z</time>
      </trkpt>
      <trkpt lat="44.976713945602754" lon="-93.2706161273473">
        <ele>260.44722122047096</ele>
        <time>2025-04-16T18:07:31.457000Z</time>
      </trkpt>
      <trkpt lat="44.97664850364655" lon="-93.27066400229509">
        <ele>259.70684752240777</ele>
        <time>2025-04-16T18:07:32.456000Z</time>
      </trkpt>
      <trkpt lat="44.97657928233616" lon="-93.27071522146692">
        <ele>259.0190611286089</ele>
        <time>2025-04-16T18:07:33.455000Z</time>
      </trkpt>
      <trkpt lat="44.97647450568572" lon="-93.27077977606872">
        <ele>257.6351412544027</ele>
        <time>2025-04-16T18:07:35.454000Z</time>
      </trkpt>
      <trkpt lat="44.97640449645073" lon="-93.27084848672452">
        <ele>260.5178839629516</ele>
        <time>2025-04-16T18:07:41.453000Z</time>
      </trkpt>
      <trkpt lat="44.9762949396098" lon="-93.27084599600661">
        <ele>261.46302792429924</ele>
        <time>2025-04-16T18:08:03.454000Z</time>
      </trkpt>
      <trkpt lat="44.97618700945282" lon="-93.27095270669128">
        <ele>260.75551116652787</ele>
        <time>2025-04-16T18:08:05.453000Z</time>
      </trkpt>
      <trkpt lat="44.976066431794344" lon="-93.27106802906499">
        <ele>261.2196839042008</ele>
        <time>2025-04-16T18:08:07.452000Z</time>
      </trkpt>
      <trkpt lat="44.97594109960308" lon="-93.27117027605414">
        <ele>261.0532565107569</ele>
        <time>2025-04-16T18:08:09.451000Z</time>
      </trkpt>
      <trkpt lat="44.975829626040195" lon="-93.27126488647697">
        <ele>260.38651793356985</ele>
        <time>2025-04-16T18:08:11.450000Z</time>
      </trkpt>
      <trkpt lat="44.9757620594842" lon="-93.2713494923246">
        <ele>260.8002384612337</ele>
        <time>2025-04-16T18:08:12.449000Z</time>
      </trkpt>
      <trkpt lat="44.97564358808644" lon="-93.27138746730404">
        <ele>260.31867103651166</ele>
        <time>2025-04-16T18:08:14.448000Z</time>
      </trkpt>
      <trkpt lat="44.97558587426252" lon="-93.27153412257111">
        <ele>260.9120170054957</ele>
        <time>2025-04-16T18:08:15.447000Z</time>
      </trkpt>
      <trkpt lat="44.9754918479015" lon="-93.2716449408114">
        <ele>262.9909261846915</ele>
        <time>2025-04-16T18:08:17.446000Z</time>
      </trkpt>
      <trkpt lat="44.97540284400712" lon="-93.27170993975241">
        <ele>263.2625097995624</ele>
        <time>2025-04-16T18:08:18.445000Z</time>
      </trkpt>
      <trkpt lat="44.97533100811788" lon="-93.27177364246042">
        <ele>263.8676987737417</ele>
        <time>2025-04-16T18:08:19.444000Z</time>
      </trkpt>
      <trkpt lat="44.97526359803026" lon="-93.2718225181627">
        <ele>263.0887950863689</ele>
        <time>2025-04-16T18:08:20.443000Z</time>
      </trkpt>
      <trkpt lat="44.97512676492715" lon="-93.27194045949221">
        <ele>262.32475085556507</ele>
        <time>2025-04-16T18:08:22.442000Z</time>
      </trkpt>
      <trkpt lat="44.975010904492194" lon="-93.27207301225033">
        <ele>262.63570406567305</ele>
        <time>2025-04-16T18:08:24.441000Z</time>
      </trkpt>
      <trkpt lat="44.97486530888869" lon="-93.27214929846852">
        <ele>261.7853292254731</ele>
        <time>2025-04-16T18:08:26.440000Z</time>
      </trkpt>
      <trkpt lat="44.97478775738588" lon="-93.27223858383049">
        <ele>261.533390766941</ele>
        <time>2025-04-16T18:08:27.439000Z</time>
      </trkpt>
      <trkpt lat="44.9746831392397" lon="-93.27240038744813">
        <ele>259.5852999612689</ele>
        <time>2025-04-16T18:08:29.438000Z</time>
      </trkpt>
      <trkpt lat="44.97460399192016" lon="-93.27245266145762">
        <ele>260.27507970202714</ele>
        <time>2025-04-16T18:08:31.437000Z</time>
      </trkpt>
      <trkpt lat="44.974471177281345" lon="-93.27251620276299">
        <ele>262.21375629585236</ele>
        <time>2025-04-16T18:08:37.436000Z</time>
      </trkpt>
      <trkpt lat="44.974363345642516" lon="-93.2725191676815">
        <ele>260.1936135003343</ele>
        <time>2025-04-16T18:09:01.435000Z</time>
      </trkpt>
      <trkpt lat="44.97427912258988" lon="-93.27259363142565">
        <ele>259.45406119991094</ele>
        <time>2025-04-16T18:09:03.434000Z</time>
      </trkpt>
      <trkpt lat="44.97417464974889" lon="-93.27265908364654">
        <ele>260.52556200604886</ele>
        <time>2025-04-16T18:09:05.433000Z</time>
      </trkpt>
      <trkpt lat="44.97404211353452" lon="-93.27277133060277">
        <ele>260.77467197179794</ele>
        <time>2025-04-16T18:09:07.432000Z</time>
      </trkpt>
      <trkpt lat="44.97392903212349" lon="-93.27291536483527">
        <ele>261.7508393470198</ele>
        <time>2025-04-16T18:09:09.431000Z</time>
      </trkpt>
      <trkpt lat="44.973801395699354" lon="-93.27297500714268">
        <ele>261.99147597514093</ele>
        <time>2025-04-16T18:09:11.430000Z</time>
      </trkpt>
      <trkpt lat="44.973729081839814" lon="-93.27300818914783">
        <ele>262.15332134254277</ele>
        <time>2025-04-16T18:09:12.429000Z</time>
      </trkpt>
      <trkpt lat="44.97366377810532" lon="-93.27310514844324">
        <ele>261.6846917774528</ele>
        <time>2025-04-16T18:09:13.428000Z</time>
      </trkpt>
      <trkpt lat="44.97359481446361" lon="-93.27316571016048">
        <ele>261.6811169683933</ele>
        <time>2025-04-16T18:09:14.427000Z</time>
      </trkpt>
      <trkpt lat="44.97346600943011" lon="-93.27327539841114">
        <ele>262.3934419937432</ele>
        <time>2025-04-16T18:09:16.426000Z</time>
      </trkpt>
      <trkpt lat="44.97338692095434" lon="-93.27332290001102">
        <ele>262.08062257245183</ele>
        <time>2025-04-16T18:09:17.425000Z</time>
      </trkpt>
      <trkpt lat="44.97331300183355" lon="-93.27336692530677">
        <ele>261.5553250685334</ele>
        <time>2025-04-16T18:09:18.424000Z</time>
      </trkpt>
      <trkpt lat="44.97324069628124" lon="-93.27338062358268">
        <ele>261.0220691896975</ele>
        <time>2025-04-16T18:09:19.423000Z</time>
      </trkpt>
      <trkpt lat="44.973156608091365" lon="-93.27342852183602">
        <ele>262.27114079520106</ele>
        <time>2025-04-16T18:09:20.422000Z</time>
      </trkpt>
      <trkpt lat="44.97308373431195" lon="-93.27348648733198">
        <ele>263.11569330189377</ele>
        <time>2025-04-16T18:09:21.421000Z</time>
      </trkpt>
      <trkpt lat="44.97300994942181" lon="-93.27355352108185">
        <ele>262.1407170863822</ele>
        <time>2025-04-16T18:09:22.420000Z</time>
      </trkpt>
      <trkpt lat="44.97295684916053" lon="-93.27363789625092">
        <ele>261.9280408900231</ele>
        <time>2025-04-16T18:09:23.419000Z</time>
      </trkpt>
      <trkpt lat="44.97288850626661" lon="-93.27370978394887">
        <ele>261.64533830061555</ele>
        <time>2025-04-16T18:09:24.418000Z</time>
      </trkpt>
      <trkpt lat="44.97272285858587" lon="-93.27380050144306">
        <ele>261.2584488186985</ele>
        <time>2025-04-16T18:09:26.417000Z</time>
      </trkpt>
      <trkpt lat="44.97258441176655" lon="-93.27392100076428">
        <ele>260.9430247703567</ele>
        <time>2025-04-16T18:09:28.416000Z</time>
      </trkpt>
      <trkpt lat="44.97251654859847" lon="-93.27397969721297">
        <ele>261.7451436538249</ele>
        <time>2025-04-16T18:09:29.415000Z</time>
      </trkpt>
      <trkpt lat="44.97245767439528" lon="-93.27404144947516">
        <ele>260.9390238793567</ele>
        <time>2025-04-16T18:09:30.414000Z</time>
      </trkpt>
      <trkpt lat="44.972392616038" lon="-93.27408994393804">
        <ele>259.81741237454116</ele>
        <time>2025-04-16T18:09:31.413000Z</time>
      </trkpt>
      <trkpt lat="44.97231712159396" lon="-93.27415742220543">
        <ele>260.60004534572363</ele>
        <time>2025-04-16T18:09:32.412000Z</time>
      </trkpt>
      <trkpt lat="44.97224481993275" lon="-93.27420678345545">
        <ele>261.1595238521695</ele>
        <time>2025-04-16T18:09:33.411000Z</time>
      </trkpt>
      <trkpt lat="44.97217791946612" lon="-93.27426402973981">
        <ele>260.81811822764575</ele>
        <time>2025-04-16T18:09:34.410000Z</time>
      </trkpt>
      <trkpt lat="44.97211198869411" lon="-93.27430787568294">
        <ele>260.93823009263724</ele>
        <time>2025-04-16T18:09:35.409000Z</time>
      </trkpt>
      <trkpt lat="44.97204271797267" lon="-93.27437422242136">
        <ele>260.07541529648006</ele>
        <time>2025-04-16T18:09:36.408000Z</time>
      </trkpt>
      <trkpt lat="44.97190923776813" lon="-93.27450330317562">
        <ele>260.2804756676778</ele>
        <time>2025-04-16T18:09:38.407000Z</time>
      </trkpt>
      <trkpt lat="44.9718425726644" lon="-93.27455943679314">
        <ele>260.268013054505</ele>
        <time>2025-04-16T18:09:39.406000Z</time>
      </trkpt>
      <trkpt lat="44.97177168559783" lon="-93.27460826784171">
        <ele>260.37624156847596</ele>
        <time>2025-04-16T18:09:40.405000Z</time>
      </trkpt>
      <trkpt lat="44.97165677770287" lon="-93.2747397001158">
        <ele>260.81706594116986</ele>
        <time>2025-04-16T18:09:42.404000Z</time>
      </trkpt>
      <trkpt lat="44.97156802373654" lon="-93.27484740469266">
        <ele>260.4887221455574</ele>
        <time>2025-04-16T18:09:44.403000Z</time>
      </trkpt>
      <trkpt lat="44.971472481835896" lon="-93.27491770000962">
        <ele>260.85371996462345</ele>
        <time>2025-04-16T18:09:54.402000Z</time>
      </trkpt>
      <trkpt lat="44.97137542393895" lon="-93.27502202692646">
        <ele>261.1327315531671</ele>
        <time>2025-04-16T18:09:56.401000Z</time>
      </trkpt>
      <trkpt lat="44.97128850151873" lon="-93.2750951353701">
        <ele>262.0440711006522</ele>
        <time>2025-04-16T18:09:58.400000Z</time>
      </trkpt>
      <trkpt lat="44.971233286032394" lon="-93.27515157666346">
        <ele>261.05778489727527</ele>
        <time>2025-04-16T18:09:59.402000Z</time>
      </trkpt>
      <trkpt lat="44.97117351202104" lon="-93.27519866136305">
        <ele>261.0331923076883</ele>
        <time>2025-04-16T18:10:00.402000Z</time>
      </trkpt>
      <trkpt lat="44.97103712809036" lon="-93.27530516869861">
        <ele>261.10360419470817</ele>
        <time>2025-04-16T18:10:02.401000Z</time>
      </trkpt>
      <trkpt lat="44.97094520750738" lon="-93.27539114518457">
        <ele>261.02449674345553</ele>
        <time>2025-04-16T18:10:03.400000Z</time>
      </trkpt>
      <trkpt lat="44.97086337608559" lon="-93.27545361060096">
        <ele>261.3198611102998</ele>
        <time>2025-04-16T18:10:04.399000Z</time>
      </trkpt>
      <trkpt lat="44.9707608881553" lon="-93.27551812210454">
        <ele>261.04962415993214</ele>
        <time>2025-04-16T18:10:06.398000Z</time>
      </trkpt>
      <trkpt lat="44.970699565453515" lon="-93.27557283376048">
        <ele>261.38457225169986</ele>
        <time>2025-04-16T18:10:07.397000Z</time>
      </trkpt>
      <trkpt lat="44.970636596466406" lon="-93.27562172078106">
        <ele>260.91750453133136</ele>
        <time>2025-04-16T18:10:08.396000Z</time>
      </trkpt>
      <trkpt lat="44.97057787659471" lon="-93.27570690813957">
        <ele>260.97589538805187</ele>
        <time>2025-04-16T18:10:09.395000Z</time>
      </trkpt>
      <trkpt lat="44.97049875344466" lon="-93.27576344576954">
        <ele>264.9988348297775</ele>
        <time>2025-04-16T18:10:11.394000Z</time>
      </trkpt>
      <trkpt lat="44.970395629473984" lon="-93.27575130679247">
        <ele>262.98792441096157</ele>
        <time>2025-04-16T18:10:13.393000Z</time>
      </trkpt>
      <trkpt lat="44.97030784700871" lon="-93.27574216046605">
        <ele>262.41203322820365</ele>
        <time>2025-04-16T18:10:14.392000Z</time>
      </trkpt>
      <trkpt lat="44.970303885016776" lon="-93.27584195096664">
        <ele>263.0583686325699</ele>
        <time>2025-04-16T18:10:15.391000Z</time>
      </trkpt>
      <trkpt lat="44.97020187982228" lon="-93.27594013719616">
        <ele>262.3025270625949</ele>
        <time>2025-04-16T18:10:17.390000Z</time>
      </trkpt>
      <trkpt lat="44.97013812884947" lon="-93.2759731278288">
        <ele>262.9348596855998</ele>
        <time>2025-04-16T18:10:18.389000Z</time>
      </trkpt>
      <trkpt lat="44.97002311620709" lon="-93.27606792161552">
        <ele>263.0752669898793</ele>
        <time>2025-04-16T18:10:20.388000Z</time>
      </trkpt>
      <trkpt lat="44.9699639047458" lon="-93.27612837586634">
        <ele>261.88982428144664</ele>
        <time>2025-04-16T18:10:21.387000Z</time>
      </trkpt>
      <trkpt lat="44.9699031376534" lon="-93.2761821680889">
        <ele>261.32723267842084</ele>
        <time>2025-04-16T18:10:22.386000Z</time>
      </trkpt>
      <trkpt lat="44.96985848026502" lon="-93.27625657528138">
        <ele>261.1840572040528</ele>
        <time>2025-04-16T18:10:23.385000Z</time>
      </trkpt>
      <trkpt lat="44.96983412969166" lon="-93.27634836847032">
        <ele>261.2910495828837</ele>
        <time>2025-04-16T18:10:24.384000Z</time>
      </trkpt>
      <trkpt lat="44.96982951672222" lon="-93.27656054102516">
        <ele>261.30526475887746</ele>
        <time>2025-04-16T18:10:26.383000Z</time>
      </trkpt>
      <trkpt lat="44.96981758544412" lon="-93.27666610521449">
        <ele>260.6614176174626</ele>
        <time>2025-04-16T18:10:27.382000Z</time>
      </trkpt>
      <trkpt lat="44.96981201274989" lon="-93.27677953386493">
        <ele>260.17374892160296</ele>
        <time>2025-04-16T18:10:28.381000Z</time>
      </trkpt>
      <trkpt lat="44.969810137196156" lon="-93.27688833746937">
        <ele>259.6124561438337</ele>
        <time>2025-04-16T18:10:29.380000Z</time>
      </trkpt>
      <trkpt lat="44.969809707916106" lon="-93.27700677326025">
        <ele>259.24969589710236</ele>
        <time>2025-04-16T18:10:30.379000Z</time>
      </trkpt>
      <trkpt lat="44.9698177344453" lon="-93.27713043851378">
        <ele>259.3710557995364</ele>
        <time>2025-04-16T18:10:31.378000Z</time>
      </trkpt>
      <trkpt lat="44.96979889970324" lon="-93.277237663441">
        <ele>258.7007455676794</ele>
        <time>2025-04-16T18:10:32.377000Z</time>
      </trkpt>
      <trkpt lat="44.969813962375135" lon="-93.2773523999321">
        <ele>258.0759165287018</ele>
        <time>2025-04-16T18:10:33.376000Z</time>
      </trkpt>
      <trkpt lat="44.96982902477936" lon="-93.27746295699782">
        <ele>257.632160872221</ele>
        <time>2025-04-16T18:10:34.375000Z</time>
      </trkpt>
      <trkpt lat="44.96984406594756" lon="-93.27758477623892">
        <ele>257.319999884814</ele>
        <time>2025-04-16T18:10:36.374000Z</time>
      </trkpt>
      <trkpt lat="44.969815614152665" lon="-93.27767520114381">
        <ele>257.57740256469697</ele>
        <time>2025-04-16T18:10:43.373000Z</time>
      </trkpt>
      <trkpt lat="44.969753270318826" lon="-93.27775228328318">
        <ele>254.64021411444992</ele>
        <time>2025-04-16T18:10:45.372000Z</time>
      </trkpt>
      <trkpt lat="44.96969375997238" lon="-93.27782449719467">
        <ele>257.44482476450503</ele>
        <time>2025-04-16T18:10:47.371000Z</time>
      </trkpt>
      <trkpt lat="44.96958179248569" lon="-93.27783661199724">
        <ele>257.7602090211585</ele>
        <time>2025-04-16T18:10:49.370000Z</time>
      </trkpt>
      <trkpt lat="44.96948916486785" lon="-93.27781460470428">
        <ele>258.3068311419338</ele>
        <time>2025-04-16T18:10:53.369000Z</time>
      </trkpt>
      <trkpt lat="44.96952937504177" lon="-93.27771678650319">
        <ele>257.590006923303</ele>
        <time>2025-04-16T18:10:57.368000Z</time>
      </trkpt>
      <trkpt lat="44.96960140379954" lon="-93.27767493919627">
        <ele>257.66726170666516</ele>
        <time>2025-04-16T18:10:59.367000Z</time>
      </trkpt>
      <trkpt lat="44.96969254341821" lon="-93.27768187089067">
        <ele>257.25255048647523</ele>
        <time>2025-04-16T18:11:01.366000Z</time>
      </trkpt>
      <trkpt lat="44.9697505396381" lon="-93.27753284500406">
        <ele>257.8924541035667</ele>
        <time>2025-04-16T18:11:03.365000Z</time>
      </trkpt>
      <trkpt lat="44.969758798920886" lon="-93.27735110478258">
        <ele>259.19881939701736</ele>
        <time>2025-04-16T18:11:05.364000Z</time>
      </trkpt>
      <trkpt lat="44.969770066853954" lon="-93.27717340873001">
        <ele>259.80256810504943</ele>
        <time>2025-04-16T18:11:07.363000Z</time>
      </trkpt>
      <trkpt lat="44.969774967090196" lon="-93.27698521953971">
        <ele>260.1950729927048</ele>
        <time>2025-04-16T18:11:09.362000Z</time>
      </trkpt>
      <trkpt lat="44.96978813588312" lon="-93.27680535703482">
        <ele>260.7120165359229</ele>
        <time>2025-04-16T18:11:11.361000Z</time>
      </trkpt>
      <trkpt lat="44.96978473393644" lon="-93.27663383059509">
        <ele>261.052826102823</ele>
        <time>2025-04-16T18:11:13.360000Z</time>
      </trkpt>
      <trkpt lat="44.9697804407454" lon="-93.27641338200384">
        <ele>261.3988288650289</ele>
        <time>2025-04-16T18:11:16.359000Z</time>
      </trkpt>
      <trkpt lat="44.96983703738126" lon="-93.27618150101905">
        <ele>261.96544331125915</ele>
        <time>2025-04-16T18:11:19.358000Z</time>
      </trkpt>
      <trkpt lat="44.969915578906054" lon="-93.27603222577565">
        <ele>261.01341550890356</ele>
        <time>2025-04-16T18:11:21.357000Z</time>
      </trkpt>
      <trkpt lat="44.97004163304305" lon="-93.27592808910728">
        <ele>261.0128898695111</ele>
        <time>2025-04-16T18:11:23.356000Z</time>
      </trkpt>
      <trkpt lat="44.97014573609048" lon="-93.27582510475332">
        <ele>260.76015610061586</ele>
        <time>2025-04-16T18:11:25.355000Z</time>
      </trkpt>
      <trkpt lat="44.97024531971398" lon="-93.27574658441893">
        <ele>259.2312711440027</ele>
        <time>2025-04-16T18:11:27.354000Z</time>
      </trkpt>
      <trkpt lat="44.970338830805794" lon="-93.2756695551262">
        <ele>258.3973544752225</ele>
        <time>2025-04-16T18:11:29.353000Z</time>
      </trkpt>
      <trkpt lat="44.970445426717816" lon="-93.27561010595623">
        <ele>259.4787542531267</ele>
        <time>2025-04-16T18:11:32.352000Z</time>
      </trkpt>
      <trkpt lat="44.97051639074943" lon="-93.2755601145623">
        <ele>258.51151721552014</ele>
        <time>2025-04-16T18:11:33.351000Z</time>
      </trkpt>
      <trkpt lat="44.97057449107717" lon="-93.27549670128892">
        <ele>259.28794062975794</ele>
        <time>2025-04-16T18:11:35.350000Z</time>
      </trkpt>
      <trkpt lat="44.970633338352094" lon="-93.27544370251262">
        <ele>259.4060492683202</ele>
        <time>2025-04-16T18:11:36.349000Z</time>
      </trkpt>
      <trkpt lat="44.970692530316526" lon="-93.27539496177553">
        <ele>259.37839250825346</ele>
        <time>2025-04-16T18:11:37.348000Z</time>
      </trkpt>
      <trkpt lat="44.970761165736945" lon="-93.27534506607662">
        <ele>259.65070198476315</ele>
        <time>2025-04-16T18:11:38.347000Z</time>
      </trkpt>
      <trkpt lat="44.97082651326496" lon="-93.27529455430943">
        <ele>259.51271312776953</ele>
        <time>2025-04-16T18:11:39.346000Z</time>
      </trkpt>
      <trkpt lat="44.97088961243949" lon="-93.27524523224989">
        <ele>259.6261058803648</ele>
        <time>2025-04-16T18:11:40.345000Z</time>
      </trkpt>
      <trkpt lat="44.97095083240415" lon="-93.27518750939018">
        <ele>259.85447668563575</ele>
        <time>2025-04-16T18:11:41.344000Z</time>
      </trkpt>
      <trkpt lat="44.97101564334752" lon="-93.27512596093935">
        <ele>259.34354724828154</ele>
        <time>2025-04-16T18:11:42.343000Z</time>
      </trkpt>
      <trkpt lat="44.971073553111104" lon="-93.27507613374812">
        <ele>259.7475126348436</ele>
        <time>2025-04-16T18:11:43.342000Z</time>
      </trkpt>
      <trkpt lat="44.97114307937368" lon="-93.27504846681593">
        <ele>260.18986515980214</ele>
        <time>2025-04-16T18:11:44.341000Z</time>
      </trkpt>
      <trkpt lat="44.971211814595165" lon="-93.27501204349096">
        <ele>260.8916007941589</ele>
        <time>2025-04-16T18:11:45.340000Z</time>
      </trkpt>
      <trkpt lat="44.97128251990345" lon="-93.27497299175509">
        <ele>260.91569038294256</ele>
        <time>2025-04-16T18:11:46.339000Z</time>
      </trkpt>
      <trkpt lat="44.971346384207024" lon="-93.2749177263719">
        <ele>260.41090124100447</ele>
        <time>2025-04-16T18:11:47.338000Z</time>
      </trkpt>
      <trkpt lat="44.97140807598636" lon="-93.27483428731347">
        <ele>259.82166595198214</ele>
        <time>2025-04-16T18:11:48.337000Z</time>
      </trkpt>
      <trkpt lat="44.97151276200061" lon="-93.27474039454579">
        <ele>260.79051918163896</ele>
        <time>2025-04-16T18:11:50.336000Z</time>
      </trkpt>
      <trkpt lat="44.971588627329304" lon="-93.27467057515737">
        <ele>260.6297138007358</ele>
        <time>2025-04-16T18:11:51.335000Z</time>
      </trkpt>
      <trkpt lat="44.97166297674405" lon="-93.274581612189">
        <ele>261.2000525202602</ele>
        <time>2025-04-16T18:11:52.334000Z</time>
      </trkpt>
      <trkpt lat="44.971744696745006" lon="-93.27450640707075">
        <ele>261.19372198171914</ele>
        <time>2025-04-16T18:11:53.333000Z</time>
      </trkpt>
      <trkpt lat="44.97187235858448" lon="-93.27446200787375">
        <ele>261.7594430753961</ele>
        <time>2025-04-16T18:11:55.332000Z</time>
      </trkpt>
      <trkpt lat="44.971939813174664" lon="-93.27441145836963">
        <ele>261.5155847314745</ele>
        <time>2025-04-16T18:11:56.331000Z</time>
      </trkpt>
      <trkpt lat="44.97201184821756" lon="-93.27435921583243">
        <ele>261.57007100619376</ele>
        <time>2025-04-16T18:11:57.330000Z</time>
      </trkpt>
      <trkpt lat="44.972077495243546" lon="-93.27427277394942">
        <ele>260.19993974547833</ele>
        <time>2025-04-16T18:11:58.329000Z</time>
      </trkpt>
      <trkpt lat="44.97213539007228" lon="-93.27419663663647">
        <ele>259.5494780363515</ele>
        <time>2025-04-16T18:11:59.328000Z</time>
      </trkpt>
      <trkpt lat="44.9722179206093" lon="-93.27412143043112">
        <ele>258.55984938982874</ele>
        <time>2025-04-16T18:12:00.328000Z</time>
      </trkpt>
      <trkpt lat="44.97227657768987" lon="-93.27406126586648">
        <ele>257.61002139467746</ele>
        <time>2025-04-16T18:12:01.327000Z</time>
      </trkpt>
      <trkpt lat="44.972353369666244" lon="-93.27402496892456">
        <ele>258.8883147323504</ele>
        <time>2025-04-16T18:12:02.326000Z</time>
      </trkpt>
      <trkpt lat="44.97242129913067" lon="-93.27398457961219">
        <ele>257.9349644528702</ele>
        <time>2025-04-16T18:12:03.325000Z</time>
      </trkpt>
      <trkpt lat="44.972505639201835" lon="-93.27394002953412">
        <ele>259.16451647598296</ele>
        <time>2025-04-16T18:12:04.324000Z</time>
      </trkpt>
      <trkpt lat="44.97257645543295" lon="-93.27388130218547">
        <ele>259.1861155163497</ele>
        <time>2025-04-16T18:12:05.326000Z</time>
      </trkpt>
      <trkpt lat="44.972622603574166" lon="-93.27381093006463">
        <ele>259.3032702514902</ele>
        <time>2025-04-16T18:12:06.326000Z</time>
      </trkpt>
      <trkpt lat="44.97270084316075" lon="-93.27376365805198">
        <ele>259.5635634297505</ele>
        <time>2025-04-16T18:12:07.325000Z</time>
      </trkpt>
      <trkpt lat="44.9727793276507" lon="-93.27368692509313">
        <ele>259.4961604382843</ele>
        <time>2025-04-16T18:12:08.324000Z</time>
      </trkpt>
      <trkpt lat="44.972844766399525" lon="-93.27363999489909">
        <ele>259.41026476118714</ele>
        <time>2025-04-16T18:12:09.323000Z</time>
      </trkpt>
      <trkpt lat="44.97292468058779" lon="-93.27355736958306">
        <ele>259.3151437463239</ele>
        <time>2025-04-16T18:12:10.322000Z</time>
      </trkpt>
      <trkpt lat="44.97298607290726" lon="-93.2735169003429">
        <ele>259.31954094208777</ele>
        <time>2025-04-16T18:12:11.321000Z</time>
      </trkpt>
      <trkpt lat="44.97306532426969" lon="-93.27343047387173">
        <ele>258.92262879479676</ele>
        <time>2025-04-16T18:12:12.320000Z</time>
      </trkpt>
      <trkpt lat="44.973180581143744" lon="-93.27334876333707">
        <ele>259.09694394282997</ele>
        <time>2025-04-16T18:12:14.319000Z</time>
      </trkpt>
      <trkpt lat="44.97326214016197" lon="-93.27327362638076">
        <ele>259.04643510933965</ele>
        <time>2025-04-16T18:12:16.318000Z</time>
      </trkpt>
      <trkpt lat="44.973391491848055" lon="-93.27324125826331">
        <ele>261.9583175703883</ele>
        <time>2025-04-16T18:12:49.316000Z</time>
      </trkpt>
      <trkpt lat="44.97350324663412" lon="-93.27317802563333">
        <ele>262.0096000749618</ele>
        <time>2025-04-16T18:12:51.315000Z</time>
      </trkpt>
      <trkpt lat="44.973575462252" lon="-93.2730844074506">
        <ele>263.0612462479621</ele>
        <time>2025-04-16T18:12:52.314000Z</time>
      </trkpt>
      <trkpt lat="44.97365101875045" lon="-93.27302996439565">
        <ele>262.15832753293216</ele>
        <time>2025-04-16T18:12:53.313000Z</time>
      </trkpt>
      <trkpt lat="44.97375246291567" lon="-93.2729532156114">
        <ele>261.7253073146567</ele>
        <time>2025-04-16T18:12:55.312000Z</time>
      </trkpt>
      <trkpt lat="44.97381864407908" lon="-93.27289539225116">
        <ele>261.5450989622623</ele>
        <time>2025-04-16T18:12:56.311000Z</time>
      </trkpt>
      <trkpt lat="44.97388572698601" lon="-93.27284018211996">
        <ele>261.35971156693995</ele>
        <time>2025-04-16T18:12:57.310000Z</time>
      </trkpt>
      <trkpt lat="44.97395592466056" lon="-93.27275728450785">
        <ele>261.99555203225464</ele>
        <time>2025-04-16T18:12:58.309000Z</time>
      </trkpt>
      <trkpt lat="44.97402280324504" lon="-93.27267874348203">
        <ele>261.76288709882647</ele>
        <time>2025-04-16T18:12:59.308000Z</time>
      </trkpt>
      <trkpt lat="44.97408027277835" lon="-93.27256626742837">
        <ele>260.2562779188156</ele>
        <time>2025-04-16T18:13:00.307000Z</time>
      </trkpt>
      <trkpt lat="44.97414888128816" lon="-93.27259217232918">
        <ele>260.69637170806527</ele>
        <time>2025-04-16T18:13:01.306000Z</time>
      </trkpt>
      <trkpt lat="44.97424608347176" lon="-93.27256372448002">
        <ele>261.3747373605147</ele>
        <time>2025-04-16T18:13:03.305000Z</time>
      </trkpt>
      <trkpt lat="44.97432856399303" lon="-93.27245390359529">
        <ele>260.9278810461983</ele>
        <time>2025-04-16T18:13:05.304000Z</time>
      </trkpt>
      <trkpt lat="44.97440045768379" lon="-93.27241836005297">
        <ele>261.5033981529996</ele>
        <time>2025-04-16T18:13:07.303000Z</time>
      </trkpt>
      <trkpt lat="44.97450559553098" lon="-93.27233273470353">
        <ele>260.94720640499145</ele>
        <time>2025-04-16T18:13:09.302000Z</time>
      </trkpt>
      <trkpt lat="44.97461601923801" lon="-93.27223582236147">
        <ele>260.87753835041076</ele>
        <time>2025-04-16T18:13:11.301000Z</time>
      </trkpt>
      <trkpt lat="44.97467484605356" lon="-93.27218759438169">
        <ele>260.9376414641738</ele>
        <time>2025-04-16T18:13:12.300000Z</time>
      </trkpt>
      <trkpt lat="44.974738082907685" lon="-93.27213613052517">
        <ele>261.1282371580601</ele>
        <time>2025-04-16T18:13:13.299000Z</time>
      </trkpt>
      <trkpt lat="44.97480712587745" lon="-93.27209427016656">
        <ele>261.12707388587296</ele>
        <time>2025-04-16T18:13:14.298000Z</time>
      </trkpt>
      <trkpt lat="44.97487324328822" lon="-93.27204665330041">
        <ele>260.9598462115973</ele>
        <time>2025-04-16T18:13:15.297000Z</time>
      </trkpt>
      <trkpt lat="44.974936049102624" lon="-93.27199341607364">
        <ele>260.87041733507067</ele>
        <time>2025-04-16T18:13:16.296000Z</time>
      </trkpt>
      <trkpt lat="44.97499820396892" lon="-93.27194047854942">
        <ele>261.1179122682661</ele>
        <time>2025-04-16T18:13:17.295000Z</time>
      </trkpt>
      <trkpt lat="44.975061111824076" lon="-93.27189306734823">
        <ele>260.66602311003953</ele>
        <time>2025-04-16T18:13:18.294000Z</time>
      </trkpt>
      <trkpt lat="44.97518301592454" lon="-93.27183011278339">
        <ele>261.7851002048701</ele>
        <time>2025-04-16T18:13:20.293000Z</time>
      </trkpt>
      <trkpt lat="44.97526911882168" lon="-93.27176828096711">
        <ele>261.87005033157766</ele>
        <time>2025-04-16T18:13:21.292000Z</time>
      </trkpt>
      <trkpt lat="44.97538599824044" lon="-93.2716443509024">
        <ele>261.2197932591662</ele>
        <time>2025-04-16T18:13:23.291000Z</time>
      </trkpt>
      <trkpt lat="44.97544849868524" lon="-93.27159421686373">
        <ele>260.8517107600346</ele>
        <time>2025-04-16T18:13:24.290000Z</time>
      </trkpt>
      <trkpt lat="44.975512444731834" lon="-93.27153899784156">
        <ele>260.59459038544446</ele>
        <time>2025-04-16T18:13:25.289000Z</time>
      </trkpt>
      <trkpt lat="44.97555859352549" lon="-93.27145450942986">
        <ele>260.61676798854023</ele>
        <time>2025-04-16T18:13:26.288000Z</time>
      </trkpt>
      <trkpt lat="44.97566253923497" lon="-93.27137240879406">
        <ele>261.38346021808684</ele>
        <time>2025-04-16T18:13:28.287000Z</time>
      </trkpt>
      <trkpt lat="44.975757596444986" lon="-93.27133386944476">
        <ele>260.9617341356352</ele>
        <time>2025-04-16T18:13:30.286000Z</time>
      </trkpt>
      <trkpt lat="44.975859475968086" lon="-93.27126501639879">
        <ele>261.59141443669796</ele>
        <time>2025-04-16T18:13:32.285000Z</time>
      </trkpt>
      <trkpt lat="44.97592330259462" lon="-93.27113380982463">
        <ele>261.0387578085065</ele>
        <time>2025-04-16T18:13:34.284000Z</time>
      </trkpt>
      <trkpt lat="44.9760703842473" lon="-93.27105670727987">
        <ele>260.49801603518426</ele>
        <time>2025-04-16T18:13:37.283000Z</time>
      </trkpt>
      <trkpt lat="44.9762353964698" lon="-93.27092342422424">
        <ele>263.4597999965772</ele>
        <time>2025-04-16T18:13:40.282000Z</time>
      </trkpt>
      <trkpt lat="44.9763720112229" lon="-93.27077046467949">
        <ele>261.8102727374062</ele>
        <time>2025-04-16T18:13:42.281000Z</time>
      </trkpt>
      <trkpt lat="44.97648844287231" lon="-93.27064791993527">
        <ele>263.25584369618446</ele>
        <time>2025-04-16T18:13:44.280000Z</time>
      </trkpt>
      <trkpt lat="44.976577732466495" lon="-93.270521116102">
        <ele>262.12640394549817</ele>
        <time>2025-04-16T18:13:46.279000Z</time>
      </trkpt>
      <trkpt lat="44.97676966909452" lon="-93.27049590843288">
        <ele>261.8671541772783</ele>
        <time>2025-04-16T18:13:48.278000Z</time>
      </trkpt>
      <trkpt lat="44.976894485304314" lon="-93.27038105320712">
        <ele>261.48066135309637</ele>
        <time>2025-04-16T18:13:50.277000Z</time>
      </trkpt>
      <trkpt lat="44.97708627215962" lon="-93.27020122005021">
        <ele>261.5824196562171</ele>
        <time>2025-04-16T18:13:53.276000Z</time>
      </trkpt>
      <trkpt lat="44.97724265531915" lon="-93.2700781081254">
        <ele>261.7996238861233</ele>
        <time>2025-04-16T18:13:55.275000Z</time>
      </trkpt>
      <trkpt lat="44.977381253328176" lon="-93.26992629522924">
        <ele>262.6033328548074</ele>
        <time>2025-04-16T18:13:57.274000Z</time>
      </trkpt>
      <trkpt lat="44.97752780220858" lon="-93.26982266850133">
        <ele>262.3673018561676</ele>
        <time>2025-04-16T18:13:59.273000Z</time>
      </trkpt>
      <trkpt lat="44.97760053568366" lon="-93.26977408384109">
        <ele>262.58371885400265</ele>
        <time>2025-04-16T18:14:00.272000Z</time>
      </trkpt>
      <trkpt lat="44.97766977876038" lon="-93.26970527036393">
        <ele>262.0492066461593</ele>
        <time>2025-04-16T18:14:01.271000Z</time>
      </trkpt>
      <trkpt lat="44.9777456179327" lon="-93.2696495527775">
        <ele>262.5282527813688</ele>
        <time>2025-04-16T18:14:02.270000Z</time>
      </trkpt>
      <trkpt lat="44.97781591039509" lon="-93.26958035619045">
        <ele>262.81853698473424</ele>
        <time>2025-04-16T18:14:03.269000Z</time>
      </trkpt>
      <trkpt lat="44.977889327272024" lon="-93.26950896058301">
        <ele>261.5317528648302</ele>
        <time>2025-04-16T18:14:04.268000Z</time>
      </trkpt>
      <trkpt lat="44.977965315671646" lon="-93.26946104301972">
        <ele>261.3203655183315</ele>
        <time>2025-04-16T18:14:05.267000Z</time>
      </trkpt>
      <trkpt lat="44.978106879190264" lon="-93.26935295407814">
        <ele>260.5366246262565</ele>
        <time>2025-04-16T18:14:07.266000Z</time>
      </trkpt>
      <trkpt lat="44.978258769317804" lon="-93.26922194184573">
        <ele>260.6076020197943</ele>
        <time>2025-04-16T18:14:09.265000Z</time>
      </trkpt>
      <trkpt lat="44.97839776882115" lon="-93.26910330295713">
        <ele>260.40534630045295</ele>
        <time>2025-04-16T18:14:11.267000Z</time>
      </trkpt>
      <trkpt lat="44.97854839895861" lon="-93.2689577337519">
        <ele>263.421826091595</ele>
        <time>2025-04-16T18:14:13.267000Z</time>
      </trkpt>
      <trkpt lat="44.97862147517794" lon="-93.26890718802188">
        <ele>263.408394777216</ele>
        <time>2025-04-16T18:14:14.266000Z</time>
      </trkpt>
      <trkpt lat="44.978752762355924" lon="-93.26878100569063">
        <ele>261.1077361088246</ele>
        <time>2025-04-16T18:14:16.265000Z</time>
      </trkpt>
      <trkpt lat="44.97881374446863" lon="-93.2686879358135">
        <ele>262.42897935025394</ele>
        <time>2025-04-16T18:14:17.264000Z</time>
      </trkpt>
      <trkpt lat="44.97888503911679" lon="-93.26863213440774">
        <ele>263.47718759439886</ele>
        <time>2025-04-16T18:14:18.263000Z</time>
      </trkpt>
      <trkpt lat="44.979006452451316" lon="-93.26852699461777">
        <ele>261.516837076284</ele>
        <time>2025-04-16T18:14:20.262000Z</time>
      </trkpt>
      <trkpt lat="44.97911359693864" lon="-93.26844674193329">
        <ele>259.24804855231196</ele>
        <time>2025-04-16T18:14:23.261000Z</time>
      </trkpt>
      <trkpt lat="44.97922079382725" lon="-93.26834210756327">
        <ele>259.0968743013218</ele>
        <time>2025-04-16T18:14:30.260000Z</time>
      </trkpt>
      <trkpt lat="44.97928624359494" lon="-93.26820103510414">
        <ele>260.4118594462052</ele>
        <time>2025-04-16T18:14:32.259000Z</time>
      </trkpt>
      <trkpt lat="44.97936588203901" lon="-93.26806407614552">
        <ele>262.3529044352472</ele>
        <time>2025-04-16T18:14:34.258000Z</time>
      </trkpt>
      <trkpt lat="44.97952864772351" lon="-93.26798489670223">
        <ele>259.29139516316354</ele>
        <time>2025-04-16T18:14:36.257000Z</time>
      </trkpt>
      <trkpt lat="44.979725333528854" lon="-93.26796164789022">
        <ele>257.26108311097545</ele>
        <time>2025-04-16T18:14:38.256000Z</time>
      </trkpt>
      <trkpt lat="44.9797516361675" lon="-93.26780671517156">
        <ele>263.9159189751372</ele>
        <time>2025-04-16T18:14:39.255000Z</time>
      </trkpt>
      <trkpt lat="44.97983880228153" lon="-93.26774822150067">
        <ele>257.0471082031727</ele>
        <time>2025-04-16T18:14:40.254000Z</time>
      </trkpt>
      <trkpt lat="44.9799320758723" lon="-93.26766955487375">
        <ele>258.0834488682449</ele>
        <time>2025-04-16T18:14:41.253000Z</time>
      </trkpt>
      <trkpt lat="44.97999172710287" lon="-93.26761094089805">
        <ele>256.5782768437639</ele>
        <time>2025-04-16T18:14:42.252000Z</time>
      </trkpt>
      <trkpt lat="44.98006315920816" lon="-93.26755474717274">
        <ele>256.0315625462681</ele>
        <time>2025-04-16T18:14:43.251000Z</time>
      </trkpt>
      <trkpt lat="44.98015056487784" lon="-93.26749538948026">
        <ele>256.3014830574393</ele>
        <time>2025-04-16T18:14:44.250000Z</time>
      </trkpt>
      <trkpt lat="44.9802244504832" lon="-93.2674301849034">
        <ele>256.2815533634275</ele>
        <time>2025-04-16T18:14:45.249000Z</time>
      </trkpt>
      <trkpt lat="44.98029893462617" lon="-93.26737379218737">
        <ele>256.4317397363484</ele>
        <time>2025-04-16T18:14:46.248000Z</time>
      </trkpt>
      <trkpt lat="44.9803739915941" lon="-93.26730627190977">
        <ele>256.4713965319097</ele>
        <time>2025-04-16T18:14:47.247000Z</time>
      </trkpt>
      <trkpt lat="44.98044017475624" lon="-93.26724233436637">
        <ele>256.780666269362</ele>
        <time>2025-04-16T18:14:48.246000Z</time>
      </trkpt>
      <trkpt lat="44.98051609771239" lon="-93.26716935257546">
        <ele>256.577982977964</ele>
        <time>2025-04-16T18:14:49.245000Z</time>
      </trkpt>
      <trkpt lat="44.980586810557604" lon="-93.2670946956343">
        <ele>256.6588821914047</ele>
        <time>2025-04-16T18:14:50.244000Z</time>
      </trkpt>
      <trkpt lat="44.98065908473088" lon="-93.2670123653329">
        <ele>256.7557318676263</ele>
        <time>2025-04-16T18:14:51.243000Z</time>
      </trkpt>
      <trkpt lat="44.980736426370854" lon="-93.26712341092616">
        <ele>256.8110599555075</ele>
        <time>2025-04-16T18:14:52.242000Z</time>
      </trkpt>
      <trkpt lat="44.980807953249" lon="-93.26707002960441">
        <ele>256.69266397412866</ele>
        <time>2025-04-16T18:14:53.241000Z</time>
      </trkpt>
      <trkpt lat="44.980938793056325" lon="-93.26694573282664">
        <ele>256.9955048104748</ele>
        <time>2025-04-16T18:14:55.240000Z</time>
      </trkpt>
      <trkpt lat="44.981037072016136" lon="-93.26681484138798">
        <ele>256.9944307990372</ele>
        <time>2025-04-16T18:14:57.239000Z</time>
      </trkpt>
      <trkpt lat="44.98104355079397" lon="-93.2666967497751">
        <ele>257.5039621144533</ele>
        <time>2025-04-16T18:14:58.238000Z</time>
      </trkpt>
      <trkpt lat="44.98103363829109" lon="-93.26657127832746">
        <ele>257.4515128545463</ele>
        <time>2025-04-16T18:15:00.237000Z</time>
      </trkpt>
      <trkpt lat="44.98093353145152" lon="-93.26643995206956">
        <ele>257.3196305288002</ele>
        <time>2025-04-16T18:15:02.236000Z</time>
      </trkpt>
      <trkpt lat="44.98088891944648" lon="-93.26631927342494">
        <ele>257.60737561713904</ele>
        <time>2025-04-16T18:15:03.235000Z</time>
      </trkpt>
      <trkpt lat="44.980827683197234" lon="-93.2661330157714">
        <ele>256.80428438913077</ele>
        <time>2025-04-16T18:15:05.234000Z</time>
      </trkpt>
      <trkpt lat="44.980792834354965" lon="-93.26602580463415">
        <ele>256.4046562956646</ele>
        <time>2025-04-16T18:15:06.233000Z</time>
      </trkpt>
      <trkpt lat="44.980750839175414" lon="-93.2659230583849">
        <ele>256.41371002886444</ele>
        <time>2025-04-16T18:15:07.232000Z</time>
      </trkpt>
      <trkpt lat="44.98071010773206" lon="-93.26582486587517">
        <ele>256.29587256815284</ele>
        <time>2025-04-16T18:15:08.231000Z</time>
      </trkpt>
      <trkpt lat="44.98067636393068" lon="-93.2657274420616">
        <ele>256.167619952932</ele>
        <time>2025-04-16T18:15:09.230000Z</time>
      </trkpt>
      <trkpt lat="44.98063565269196" lon="-93.26561861684044">
        <ele>255.73145228344947</ele>
        <time>2025-04-16T18:15:10.229000Z</time>
      </trkpt>
      <trkpt lat="44.980583879514406" lon="-93.2655178696113">
        <ele>254.96445053163916</ele>
        <time>2025-04-16T18:15:11.228000Z</time>
      </trkpt>
      <trkpt lat="44.98053650562358" lon="-93.26542717337921">
        <ele>254.60511865932494</ele>
        <time>2025-04-16T18:15:12.227000Z</time>
      </trkpt>
      <trkpt lat="44.98048912905458" lon="-93.26532786322262">
        <ele>254.96046814695</ele>
        <time>2025-04-16T18:15:13.226000Z</time>
      </trkpt>
      <trkpt lat="44.98040190918176" lon="-93.26516257168109">
        <ele>254.36178140249103</ele>
        <time>2025-04-16T18:15:15.225000Z</time>
      </trkpt>
      <trkpt lat="44.980350153257305" lon="-93.26506111089388">
        <ele>254.47106491960585</ele>
        <time>2025-04-16T18:15:16.224000Z</time>
      </trkpt>
      <trkpt lat="44.98030709627573" lon="-93.2649602827656">
        <ele>253.58322381228209</ele>
        <time>2025-04-16T18:15:17.223000Z</time>
      </trkpt>
      <trkpt lat="44.980273159243296" lon="-93.26486754085178">
        <ele>254.52926675975323</ele>
        <time>2025-04-16T18:15:18.222000Z</time>
      </trkpt>
      <trkpt lat="44.980216634384426" lon="-93.26475090084476">
        <ele>254.08937331475317</ele>
        <time>2025-04-16T18:15:19.221000Z</time>
      </trkpt>
      <trkpt lat="44.98014789415567" lon="-93.2646273456052">
        <ele>254.12758001685143</ele>
        <time>2025-04-16T18:15:20.220000Z</time>
      </trkpt>
      <trkpt lat="44.98011867583227" lon="-93.26453400996908">
        <ele>253.95064839534461</ele>
        <time>2025-04-16T18:15:21.219000Z</time>
      </trkpt>
      <trkpt lat="44.98004850480339" lon="-93.2643681964777">
        <ele>253.48200482409447</ele>
        <time>2025-04-16T18:15:23.218000Z</time>
      </trkpt>
      <trkpt lat="44.98001859408545" lon="-93.26426345004043">
        <ele>254.35389160364866</ele>
        <time>2025-04-16T18:15:24.217000Z</time>
      </trkpt>
      <trkpt lat="44.98005659221219" lon="-93.26416224155913">
        <ele>254.97116506565362</ele>
        <time>2025-04-16T18:15:28.216000Z</time>
      </trkpt>
      <trkpt lat="44.98017391681035" lon="-93.26412423283665">
        <ele>256.05200305674225</ele>
        <time>2025-04-16T18:15:30.215000Z</time>
      </trkpt>
      <trkpt lat="44.98024859225118" lon="-93.2643192507587">
        <ele>256.2575446469709</ele>
        <time>2025-04-16T18:15:33.214000Z</time>
      </trkpt>
      <trkpt lat="44.98030605864224" lon="-93.26446545819435">
        <ele>256.07073042728007</ele>
        <time>2025-04-16T18:15:35.213000Z</time>
      </trkpt>
      <trkpt lat="44.98039745707564" lon="-93.26459245779276">
        <ele>257.06937166210264</ele>
        <time>2025-04-16T18:15:37.212000Z</time>
      </trkpt>
      <trkpt lat="44.98044863200672" lon="-93.2646617275845">
        <ele>257.15890147630125</ele>
        <time>2025-04-16T18:15:38.211000Z</time>
      </trkpt>
      <trkpt lat="44.98051786981109" lon="-93.26484272923777">
        <ele>257.13718846905977</ele>
        <time>2025-04-16T18:15:40.210000Z</time>
      </trkpt>
      <trkpt lat="44.98054943413071" lon="-93.2649599019269">
        <ele>257.14470761455595</ele>
        <time>2025-04-16T18:15:41.209000Z</time>
      </trkpt>
      <trkpt lat="44.980577033523815" lon="-93.26504413492003">
        <ele>256.6897006863728</ele>
        <time>2025-04-16T18:15:42.208000Z</time>
      </trkpt>
      <trkpt lat="44.98063712100776" lon="-93.26516177921434">
        <ele>256.25419374369085</ele>
        <time>2025-04-16T18:15:43.207000Z</time>
      </trkpt>
      <trkpt lat="44.98068926862502" lon="-93.26534195816936">
        <ele>257.1802470376715</ele>
        <time>2025-04-16T18:15:45.206000Z</time>
      </trkpt>
      <trkpt lat="44.980721058550785" lon="-93.26544435556326">
        <ele>256.87663280032575</ele>
        <time>2025-04-16T18:15:46.205000Z</time>
      </trkpt>
      <trkpt lat="44.98076558078776" lon="-93.26553237729163">
        <ele>257.42380529176444</ele>
        <time>2025-04-16T18:15:47.204000Z</time>
      </trkpt>
      <trkpt lat="44.98080720905008" lon="-93.26562636953528">
        <ele>257.19249600637704</ele>
        <time>2025-04-16T18:15:48.203000Z</time>
      </trkpt>
      <trkpt lat="44.98086152743153" lon="-93.26570895527712">
        <ele>257.1037879306823</ele>
        <time>2025-04-16T18:15:49.202000Z</time>
      </trkpt>
      <trkpt lat="44.980910944729224" lon="-93.26578628187028">
        <ele>257.24259014893323</ele>
        <time>2025-04-16T18:15:50.201000Z</time>
      </trkpt>
      <trkpt lat="44.98094395408465" lon="-93.26587812052519">
        <ele>256.5363730415702</ele>
        <time>2025-04-16T18:15:51.200000Z</time>
      </trkpt>
      <trkpt lat="44.98098925999925" lon="-93.26598389690923">
        <ele>256.7920043570921</ele>
        <time>2025-04-16T18:15:52.199000Z</time>
      </trkpt>
      <trkpt lat="44.98107350792821" lon="-93.26615582625004">
        <ele>257.1546183330938</ele>
        <time>2025-04-16T18:15:54.198000Z</time>
      </trkpt>
      <trkpt lat="44.9811135622104" lon="-93.26624627207721">
        <ele>257.00728948414326</ele>
        <time>2025-04-16T18:15:55.197000Z</time>
      </trkpt>
      <trkpt lat="44.98115198616637" lon="-93.26633587053158">
        <ele>257.1118657095358</ele>
        <time>2025-04-16T18:15:56.196000Z</time>
      </trkpt>
      <trkpt lat="44.98121051202348" lon="-93.2664698055846">
        <ele>257.0247719734907</ele>
        <time>2025-04-16T18:15:58.195000Z</time>
      </trkpt>
      <trkpt lat="44.9812441458457" lon="-93.26657521486668">
        <ele>257.1429367735982</ele>
        <time>2025-04-16T18:16:00.194000Z</time>
      </trkpt>
      <trkpt lat="44.98125982720235" lon="-93.2666987310445">
        <ele>257.42033094819635</ele>
        <time>2025-04-16T18:16:02.193000Z</time>
      </trkpt>
      <trkpt lat="44.981177731654995" lon="-93.26682100335123">
        <ele>257.4297321261838</ele>
        <time>2025-04-16T18:16:04.192000Z</time>
      </trkpt>
      <trkpt lat="44.98111208312231" lon="-93.2668548196818">
        <ele>257.01733028609306</ele>
        <time>2025-04-16T18:16:05.191000Z</time>
      </trkpt>
      <trkpt lat="44.98104903128885" lon="-93.26689246903273">
        <ele>257.21701236162335</ele>
        <time>2025-04-16T18:16:06.190000Z</time>
      </trkpt>
      <trkpt lat="44.98098744241584" lon="-93.26695319788382">
        <ele>257.8377751149237</ele>
        <time>2025-04-16T18:16:07.189000Z</time>
      </trkpt>
      <trkpt lat="44.98091863156068" lon="-93.26702130372695">
        <ele>257.3072679787874</ele>
        <time>2025-04-16T18:16:08.188000Z</time>
      </trkpt>
      <trkpt lat="44.98078554023198" lon="-93.26713379476865">
        <ele>257.3528073458001</ele>
        <time>2025-04-16T18:16:10.187000Z</time>
      </trkpt>
      <trkpt lat="44.980664659312616" lon="-93.2672569406365">
        <ele>258.1325793955475</ele>
        <time>2025-04-16T18:16:12.186000Z</time>
      </trkpt>
      <trkpt lat="44.98051791270484" lon="-93.26734972645426">
        <ele>257.2014860799536</ele>
        <time>2025-04-16T18:16:14.185000Z</time>
      </trkpt>
      <trkpt lat="44.98033009426996" lon="-93.26754446021563">
        <ele>255.6259608566761</ele>
        <time>2025-04-16T18:16:17.187000Z</time>
      </trkpt>
      <trkpt lat="44.98023121772339" lon="-93.26761517815999">
        <ele>256.68036894407123</ele>
        <time>2025-04-16T18:16:18.187000Z</time>
      </trkpt>
      <trkpt lat="44.98015386089793" lon="-93.26767315592285">
        <ele>256.9887849437073</ele>
        <time>2025-04-16T18:16:19.186000Z</time>
      </trkpt>
      <trkpt lat="44.98007579141763" lon="-93.26774496317904">
        <ele>257.2813290609047</ele>
        <time>2025-04-16T18:16:20.185000Z</time>
      </trkpt>
      <trkpt lat="44.98000042910995" lon="-93.26780409480347">
        <ele>258.6921471003443</ele>
        <time>2025-04-16T18:16:21.184000Z</time>
      </trkpt>
      <trkpt lat="44.97993144076921" lon="-93.26786488096725">
        <ele>257.9302608091384</ele>
        <time>2025-04-16T18:16:22.183000Z</time>
      </trkpt>
      <trkpt lat="44.97986386026268" lon="-93.26789661924184">
        <ele>258.7815349502489</ele>
        <time>2025-04-16T18:16:23.182000Z</time>
      </trkpt>
      <trkpt lat="44.97978739564626" lon="-93.2679751538058">
        <ele>258.6704549882561</ele>
        <time>2025-04-16T18:16:24.181000Z</time>
      </trkpt>
      <trkpt lat="44.979722685407204" lon="-93.26803065481732">
        <ele>258.65256446320564</ele>
        <time>2025-04-16T18:16:25.180000Z</time>
      </trkpt>
      <trkpt lat="44.979656724275046" lon="-93.26808789416937">
        <ele>258.07914657797664</ele>
        <time>2025-04-16T18:16:26.179000Z</time>
      </trkpt>
      <trkpt lat="44.979583420234434" lon="-93.26812796121241">
        <ele>258.7949979258701</ele>
        <time>2025-04-16T18:16:27.178000Z</time>
      </trkpt>
      <trkpt lat="44.97951568025845" lon="-93.26819772607037">
        <ele>258.45956774707884</ele>
        <time>2025-04-16T18:16:28.177000Z</time>
      </trkpt>
      <trkpt lat="44.97944081286826" lon="-93.26823355039507">
        <ele>259.0786351598799</ele>
        <time>2025-04-16T18:16:29.176000Z</time>
      </trkpt>
      <trkpt lat="44.97936564349949" lon="-93.26831805938545">
        <ele>259.800953743048</ele>
        <time>2025-04-16T18:16:31.175000Z</time>
      </trkpt>
      <trkpt lat="44.97927813539352" lon="-93.268346104776">
        <ele>260.89901913516223</ele>
        <time>2025-04-16T18:17:01.173000Z</time>
      </trkpt>
      <trkpt lat="44.9791702002019" lon="-93.26841840437386">
        <ele>255.34715585038066</ele>
        <time>2025-04-16T18:17:15.172000Z</time>
      </trkpt>
      <trkpt lat="44.97906748999672" lon="-93.26853837405687">
        <ele>256.1661245394498</ele>
        <time>2025-04-16T18:17:16.171000Z</time>
      </trkpt>
      <trkpt lat="44.97893325744732" lon="-93.26862820411587">
        <ele>258.32601648848504</ele>
        <time>2025-04-16T18:17:18.170000Z</time>
      </trkpt>
      <trkpt lat="44.97878401832875" lon="-93.26871914862903">
        <ele>257.2215243913233</ele>
        <time>2025-04-16T18:17:20.169000Z</time>
      </trkpt>
      <trkpt lat="44.97861502772901" lon="-93.26883844520444">
        <ele>259.56780566088855</ele>
        <time>2025-04-16T18:17:23.168000Z</time>
      </trkpt>
      <trkpt lat="44.97850949522727" lon="-93.26894917498609">
        <ele>259.6020593494177</ele>
        <time>2025-04-16T18:17:29.167000Z</time>
      </trkpt>
      <trkpt lat="44.978354534267524" lon="-93.26914166330114">
        <ele>259.27394227217883</ele>
        <time>2025-04-16T18:17:36.166000Z</time>
      </trkpt>
      <trkpt lat="44.97825068542468" lon="-93.26921974772127">
        <ele>259.981357508339</ele>
        <time>2025-04-16T18:17:42.165000Z</time>
      </trkpt>
      <trkpt lat="44.97816318009539" lon="-93.26930283710695">
        <ele>259.93529863189906</ele>
        <time>2025-04-16T18:17:44.164000Z</time>
      </trkpt>
      <trkpt lat="44.97804804017541" lon="-93.26940353768202">
        <ele>260.5995665807277</ele>
        <time>2025-04-16T18:17:46.163000Z</time>
      </trkpt>
      <trkpt lat="44.977923883680525" lon="-93.2695190190058">
        <ele>260.6878402987495</ele>
        <time>2025-04-16T18:17:48.162000Z</time>
      </trkpt>
      <trkpt lat="44.977821385819304" lon="-93.26967947245826">
        <ele>262.3470677752048</ele>
        <time>2025-04-16T18:17:50.161000Z</time>
      </trkpt>
      <trkpt lat="44.97769576535267" lon="-93.26977916340108">
        <ele>262.6562468716875</ele>
        <time>2025-04-16T18:17:52.160000Z</time>
      </trkpt>
      <trkpt lat="44.97755880326715" lon="-93.26989365382623">
        <ele>261.6797690251842</ele>
        <time>2025-04-16T18:17:54.159000Z</time>
      </trkpt>
      <trkpt lat="44.977440756017884" lon="-93.26998816037106">
        <ele>261.4611025247723</ele>
        <time>2025-04-16T18:17:56.158000Z</time>
      </trkpt>
      <trkpt lat="44.97737592724493" lon="-93.27004629649973">
        <ele>261.7560275904834</ele>
        <time>2025-04-16T18:17:57.157000Z</time>
      </trkpt>
      <trkpt lat="44.97726488571356" lon="-93.27012842109527">
        <ele>260.99027842096984</ele>
        <time>2025-04-16T18:17:59.156000Z</time>
      </trkpt>
      <trkpt lat="44.97718645474844" lon="-93.2701875153098">
        <ele>262.70880536269397</ele>
        <time>2025-04-16T18:18:00.155000Z</time>
      </trkpt>
      <trkpt lat="44.97711947523345" lon="-93.27025121741592">
        <ele>262.2932716757059</ele>
        <time>2025-04-16T18:18:01.154000Z</time>
      </trkpt>
      <trkpt lat="44.976999280482744" lon="-93.27035397542971">
        <ele>261.1769632687792</ele>
        <time>2025-04-16T18:18:03.153000Z</time>
      </trkpt>
      <trkpt lat="44.976917416070016" lon="-93.27042652620247">
        <ele>260.8655119622126</ele>
        <time>2025-04-16T18:18:05.152000Z</time>
      </trkpt>
      <trkpt lat="44.97677630359203" lon="-93.27054701409281">
        <ele>261.6119386125356</ele>
        <time>2025-04-16T18:18:07.151000Z</time>
      </trkpt>
      <trkpt lat="44.9766204571305" lon="-93.2706889819011">
        <ele>259.064445624128</ele>
        <time>2025-04-16T18:18:09.150000Z</time>
      </trkpt>
      <trkpt lat="44.976497253883366" lon="-93.27078327419275">
        <ele>259.1487115724012</ele>
        <time>2025-04-16T18:18:11.149000Z</time>
      </trkpt>
      <trkpt lat="44.976361484330916" lon="-93.27105883671469">
        <ele>260.5119807003066</ele>
        <time>2025-04-16T18:18:49.150000Z</time>
      </trkpt>
      <trkpt lat="44.976259568837" lon="-93.27109918858079">
        <ele>260.7458984851837</ele>
        <time>2025-04-16T18:18:50.149000Z</time>
      </trkpt>
      <trkpt lat="44.976080042053894" lon="-93.2711870683123">
        <ele>261.93321441765875</ele>
        <time>2025-04-16T18:18:52.148000Z</time>
      </trkpt>
      <trkpt lat="44.97582404557016" lon="-93.27135778130851">
        <ele>263.01854579988867</ele>
        <time>2025-04-16T18:18:55.147000Z</time>
      </trkpt>
      <trkpt lat="44.97560520665265" lon="-93.27152462998323">
        <ele>261.50046032480896</ele>
        <time>2025-04-16T18:18:58.146000Z</time>
      </trkpt>
      <trkpt lat="44.975437865546446" lon="-93.27166985235053">
        <ele>260.94436952099204</ele>
        <time>2025-04-16T18:19:00.145000Z</time>
      </trkpt>
      <trkpt lat="44.97530375570285" lon="-93.27179003720585">
        <ele>260.35299294721335</ele>
        <time>2025-04-16T18:19:02.144000Z</time>
      </trkpt>
      <trkpt lat="44.97517112902497" lon="-93.27190466218251">
        <ele>261.56327434722334</ele>
        <time>2025-04-16T18:19:04.143000Z</time>
      </trkpt>
      <trkpt lat="44.97501887434465" lon="-93.27207269966615">
        <ele>264.1317401630804</ele>
        <time>2025-04-16T18:19:06.142000Z</time>
      </trkpt>
      <trkpt lat="44.97486743656247" lon="-93.27218340441833">
        <ele>263.88028970360756</ele>
        <time>2025-04-16T18:19:08.141000Z</time>
      </trkpt>
      <trkpt lat="44.97471667219734" lon="-93.27227772574116">
        <ele>260.59254592005163</ele>
        <time>2025-04-16T18:19:10.140000Z</time>
      </trkpt>
      <trkpt lat="44.97457591958385" lon="-93.27238516542809">
        <ele>261.872603896074</ele>
        <time>2025-04-16T18:19:12.139000Z</time>
      </trkpt>
      <trkpt lat="44.97441746592862" lon="-93.27248850052725">
        <ele>259.85555577557534</ele>
        <time>2025-04-16T18:19:34.138000Z</time>
      </trkpt>
      <trkpt lat="44.97428624015974" lon="-93.27258510592446">
        <ele>259.52708382345736</ele>
        <time>2025-04-16T18:19:37.137000Z</time>
      </trkpt>
      <trkpt lat="44.97415860071386" lon="-93.27268628090036">
        <ele>259.4726087646559</ele>
        <time>2025-04-16T18:19:39.136000Z</time>
      </trkpt>
      <trkpt lat="44.9740150976617" lon="-93.27278883486046">
        <ele>259.1633383249864</ele>
        <time>2025-04-16T18:19:41.135000Z</time>
      </trkpt>
      <trkpt lat="44.97386723663358" lon="-93.27288654972944">
        <ele>259.15891353506595</ele>
        <time>2025-04-16T18:19:43.134000Z</time>
      </trkpt>
      <trkpt lat="44.97373096781785" lon="-93.27300032291554">
        <ele>258.3659993968904</ele>
        <time>2025-04-16T18:19:45.133000Z</time>
      </trkpt>
      <trkpt lat="44.9736031091766" lon="-93.27312842699247">
        <ele>258.3383688153699</ele>
        <time>2025-04-16T18:19:47.132000Z</time>
      </trkpt>
      <trkpt lat="44.97345744778675" lon="-93.273261397812">
        <ele>258.3629674781114</ele>
        <time>2025-04-16T18:19:49.131000Z</time>
      </trkpt>
      <trkpt lat="44.97330079107582" lon="-93.27336741356316">
        <ele>258.65851404424757</ele>
        <time>2025-04-16T18:19:51.130000Z</time>
      </trkpt>
      <trkpt lat="44.973152076918595" lon="-93.27343182749459">
        <ele>258.8348169438541</ele>
        <time>2025-04-16T18:19:53.129000Z</time>
      </trkpt>
      <trkpt lat="44.9730117144036" lon="-93.27356091478387">
        <ele>258.7785508399829</ele>
        <time>2025-04-16T18:19:55.128000Z</time>
      </trkpt>
      <trkpt lat="44.97286481911676" lon="-93.27368355592913">
        <ele>259.011311808601</ele>
        <time>2025-04-16T18:19:57.127000Z</time>
      </trkpt>
      <trkpt lat="44.9727183891166" lon="-93.27380951211653">
        <ele>259.22514790389687</ele>
        <time>2025-04-16T18:19:59.126000Z</time>
      </trkpt>
      <trkpt lat="44.97257837217046" lon="-93.27393999951553">
        <ele>259.2302031489089</ele>
        <time>2025-04-16T18:20:01.125000Z</time>
      </trkpt>
      <trkpt lat="44.97250558502164" lon="-93.27401508241844">
        <ele>259.15456229727715</ele>
        <time>2025-04-16T18:20:02.124000Z</time>
      </trkpt>
      <trkpt lat="44.972436245861076" lon="-93.27407896102277">
        <ele>259.14862955734134</ele>
        <time>2025-04-16T18:20:03.123000Z</time>
      </trkpt>
      <trkpt lat="44.97236756220329" lon="-93.27413804056687">
        <ele>259.14187869336456</ele>
        <time>2025-04-16T18:20:04.122000Z</time>
      </trkpt>
      <trkpt lat="44.97230149574534" lon="-93.2741965508274">
        <ele>259.13675119914114</ele>
        <time>2025-04-16T18:20:05.121000Z</time>
      </trkpt>
      <trkpt lat="44.97217592832858" lon="-93.27430189958729">
        <ele>261.18292088154703</ele>
        <time>2025-04-16T18:20:07.120000Z</time>
      </trkpt>
      <trkpt lat="44.97210024251113" lon="-93.27436104497228">
        <ele>260.4038953706622</ele>
        <time>2025-04-16T18:20:08.119000Z</time>
      </trkpt>
      <trkpt lat="44.9720392968597" lon="-93.2744276844491">
        <ele>259.92290749400854</ele>
        <time>2025-04-16T18:20:09.118000Z</time>
      </trkpt>
      <trkpt lat="44.971969065187764" lon="-93.27449300222189">
        <ele>260.28468337096274</ele>
        <time>2025-04-16T18:20:10.117000Z</time>
      </trkpt>
      <trkpt lat="44.97189932734136" lon="-93.27454322496244">
        <ele>260.19839574117213</ele>
        <time>2025-04-16T18:20:11.116000Z</time>
      </trkpt>
      <trkpt lat="44.971834078387054" lon="-93.27459258173762">
        <ele>259.46530431788415</ele>
        <time>2025-04-16T18:20:12.115000Z</time>
      </trkpt>
      <trkpt lat="44.97175844791378" lon="-93.27466000660063">
        <ele>260.10298703145236</ele>
        <time>2025-04-16T18:20:13.114000Z</time>
      </trkpt>
      <trkpt lat="44.971635320199326" lon="-93.27477423002836">
        <ele>259.8703396609053</ele>
        <time>2025-04-16T18:20:15.113000Z</time>
      </trkpt>
      <trkpt lat="44.97157282330138" lon="-93.27481613618559">
        <ele>262.68512939848006</ele>
        <time>2025-04-16T18:20:16.112000Z</time>
      </trkpt>
      <trkpt lat="44.971483909068255" lon="-93.27494582013077">
        <ele>262.13362553250045</ele>
        <time>2025-04-16T18:20:52.113000Z</time>
      </trkpt>
      <trkpt lat="44.97139953352587" lon="-93.27495730045602">
        <ele>262.0820172196254</ele>
        <time>2025-04-16T18:20:54.112000Z</time>
      </trkpt>
      <trkpt lat="44.97129705586291" lon="-93.27505164632262">
        <ele>261.07526658661664</ele>
        <time>2025-04-16T18:20:56.111000Z</time>
      </trkpt>
      <trkpt lat="44.9712318201513" lon="-93.275131829949">
        <ele>261.51416668109596</ele>
        <time>2025-04-16T18:20:57.110000Z</time>
      </trkpt>
      <trkpt lat="44.97110072637572" lon="-93.27522839122712">
        <ele>261.8221872020513</ele>
        <time>2025-04-16T18:20:59.109000Z</time>
      </trkpt>
      <trkpt lat="44.97103334057598" lon="-93.2752620189331">
        <ele>263.0329707795754</ele>
        <time>2025-04-16T18:21:00.108000Z</time>
      </trkpt>
      <trkpt lat="44.97096816024808" lon="-93.2753319385233">
        <ele>261.42191515583545</ele>
        <time>2025-04-16T18:21:01.107000Z</time>
      </trkpt>
      <trkpt lat="44.970851485960914" lon="-93.2754440076643">
        <ele>260.78750315029174</ele>
        <time>2025-04-16T18:21:03.106000Z</time>
      </trkpt>
      <trkpt lat="44.97072732911031" lon="-93.27555327608442">
        <ele>261.6251460388303</ele>
        <time>2025-04-16T18:21:05.105000Z</time>
      </trkpt>
      <trkpt lat="44.97065657767529" lon="-93.27559408680936">
        <ele>261.31873603817075</ele>
        <time>2025-04-16T18:21:06.104000Z</time>
      </trkpt>
      <trkpt lat="44.97059622131675" lon="-93.27564597956247">
        <ele>261.06506225001067</ele>
        <time>2025-04-16T18:21:07.103000Z</time>
      </trkpt>
      <trkpt lat="44.97053370152377" lon="-93.27567897097695">
        <ele>261.6702019320801</ele>
        <time>2025-04-16T18:21:08.102000Z</time>
      </trkpt>
      <trkpt lat="44.970470638957984" lon="-93.27573860858047">
        <ele>261.50897925160825</ele>
        <time>2025-04-16T18:21:09.101000Z</time>
      </trkpt>
      <trkpt lat="44.970404367096876" lon="-93.2757788540455">
        <ele>260.5579527085647</ele>
        <time>2025-04-16T18:21:10.100000Z</time>
      </trkpt>
      <trkpt lat="44.970350913494244" lon="-93.27583252940231">
        <ele>260.8413346046582</ele>
        <time>2025-04-16T18:21:11.099000Z</time>
      </trkpt>
      <trkpt lat="44.970296537270286" lon="-93.27588675575484">
        <ele>261.01112648658454</ele>
        <time>2025-04-16T18:21:12.098000Z</time>
      </trkpt>
      <trkpt lat="44.97022813234854" lon="-93.27593180213346">
        <ele>258.90853109024465</ele>
        <time>2025-04-16T18:21:13.097000Z</time>
      </trkpt>
      <trkpt lat="44.970169469454355" lon="-93.27598949666526">
        <ele>258.5493072345853</ele>
        <time>2025-04-16T18:21:14.096000Z</time>
      </trkpt>
      <trkpt lat="44.97010894544158" lon="-93.27603439855744">
        <ele>259.7422058703378</ele>
        <time>2025-04-16T18:21:15.095000Z</time>
      </trkpt>
      <trkpt lat="44.97005197522101" lon="-93.27608817218676">
        <ele>259.2302868273109</ele>
        <time>2025-04-16T18:21:16.094000Z</time>
      </trkpt>
      <trkpt lat="44.96993782016456" lon="-93.27618125870181">
        <ele>259.5400270540267</ele>
        <time>2025-04-16T18:21:18.093000Z</time>
      </trkpt>
      <trkpt lat="44.96993114803697" lon="-93.27636517591735">
        <ele>259.820160289295</ele>
        <time>2025-04-16T18:21:20.092000Z</time>
      </trkpt>
      <trkpt lat="44.96993157886" lon="-93.27646409724233">
        <ele>260.2895905058831</ele>
        <time>2025-04-16T18:21:21.091000Z</time>
      </trkpt>
      <trkpt lat="44.96991769926015" lon="-93.27661426304073">
        <ele>260.8917300477624</ele>
        <time>2025-04-16T18:21:23.090000Z</time>
      </trkpt>
      <trkpt lat="44.969929945183104" lon="-93.27684414829498">
        <ele>259.8241687854752</ele>
        <time>2025-04-16T18:21:25.089000Z</time>
      </trkpt>
      <trkpt lat="44.96992909874719" lon="-93.27695032250385">
        <ele>259.8293024646118</ele>
        <time>2025-04-16T18:21:26.088000Z</time>
      </trkpt>
      <trkpt lat="44.969913525407605" lon="-93.27706653852148">
        <ele>258.99978269357234</ele>
        <time>2025-04-16T18:21:27.087000Z</time>
      </trkpt>
      <trkpt lat="44.96995580168225" lon="-93.27725057228602">
        <ele>259.0493096197024</ele>
        <time>2025-04-16T18:21:29.086000Z</time>
      </trkpt>
      <trkpt lat="44.969976531846676" lon="-93.27743923965281">
        <ele>257.7857096893713</ele>
        <time>2025-04-16T18:21:31.085000Z</time>
      </trkpt>
      <trkpt lat="44.969920962708194" lon="-93.27763055676667">
        <ele>256.7497712755576</ele>
        <time>2025-04-16T18:21:33.084000Z</time>
      </trkpt>
      <trkpt lat="44.96986760552883" lon="-93.27777593732046">
        <ele>256.6662285523489</ele>
        <time>2025-04-16T18:21:35.083000Z</time>
      </trkpt>
      <trkpt lat="44.96979595367831" lon="-93.27787184200119">
        <ele>258.86072225216776</ele>
        <time>2025-04-16T18:21:59.082000Z</time>
      </trkpt>
      <trkpt lat="44.969891558386585" lon="-93.27784666325731">
        <ele>260.2308740410954</ele>
        <time>2025-04-16T18:22:20.081000Z</time>
      </trkpt>
      <trkpt lat="44.96990018669894" lon="-93.2780741258374">
        <ele>258.7414131127298</ele>
        <time>2025-04-16T18:22:22.080000Z</time>
      </trkpt>
      <trkpt lat="44.969909188288774" lon="-93.27825576613431">
        <ele>258.5473250579089</ele>
        <time>2025-04-16T18:22:24.079000Z</time>
      </trkpt>
      <trkpt lat="44.969895953266835" lon="-93.27845754596436">
        <ele>258.2300300570205</ele>
        <time>2025-04-16T18:22:26.078000Z</time>
      </trkpt>
      <trkpt lat="44.96987784733315" lon="-93.27860568424495">
        <ele>257.8385404739529</ele>
        <time>2025-04-16T18:22:28.077000Z</time>
      </trkpt>
      <trkpt lat="44.96988189496425" lon="-93.27878085201367">
        <ele>257.54498595930636</ele>
        <time>2025-04-16T18:22:30.076000Z</time>
      </trkpt>
      <trkpt lat="44.96988114169724" lon="-93.2789567220579">
        <ele>257.2581035848707</ele>
        <time>2025-04-16T18:22:33.075000Z</time>
      </trkpt>
      <trkpt lat="44.969878667575905" lon="-93.279087116489">
        <ele>257.10328730288893</ele>
        <time>2025-04-16T18:22:38.077000Z</time>
      </trkpt>
      <trkpt lat="44.96985522993602" lon="-93.27933519639815">
        <ele>256.59288475848734</ele>
        <time>2025-04-16T18:22:48.076000Z</time>
      </trkpt>
      <trkpt lat="44.969751521483154" lon="-93.27933796559971">
        <ele>256.2101189987734</ele>
        <time>2025-04-16T18:22:50.075000Z</time>
      </trkpt>
      <trkpt lat="44.969639735607124" lon="-93.27933206059286">
        <ele>255.98916694521904</ele>
        <time>2025-04-16T18:22:52.074000Z</time>
      </trkpt>
      <trkpt lat="44.969573522647615" lon="-93.27932385703271">
        <ele>255.78635364491493</ele>
        <time>2025-04-16T18:22:53.073000Z</time>
      </trkpt>
      <trkpt lat="44.96945867118921" lon="-93.2792893413909">
        <ele>255.26926533598453</ele>
        <time>2025-04-16T18:22:55.072000Z</time>
      </trkpt>
      <trkpt lat="44.96938447916803" lon="-93.27928678708594">
        <ele>255.3499518893659</ele>
        <time>2025-04-16T18:22:56.071000Z</time>
      </trkpt>
      <trkpt lat="44.96925071625245" lon="-93.27932849558768">
        <ele>255.86510244384408</ele>
        <time>2025-04-16T18:22:58.070000Z</time>
      </trkpt>
      <trkpt lat="44.96918451916137" lon="-93.27933791165876">
        <ele>255.66939428634942</ele>
        <time>2025-04-16T18:22:59.069000Z</time>
      </trkpt>
      <trkpt lat="44.96905405507214" lon="-93.27933954943556">
        <ele>255.8920785356313</ele>
        <time>2025-04-16T18:23:01.068000Z</time>
      </trkpt>
      <trkpt lat="44.9689855339324" lon="-93.27934001124792">
        <ele>256.0531960045919</ele>
        <time>2025-04-16T18:23:02.067000Z</time>
      </trkpt>
      <trkpt lat="44.96891436903865" lon="-93.27934154661611">
        <ele>255.9878663374111</ele>
        <time>2025-04-16T18:23:03.066000Z</time>
      </trkpt>
      <trkpt lat="44.96884409181379" lon="-93.27934278369008">
        <ele>256.11475695855916</ele>
        <time>2025-04-16T18:23:04.065000Z</time>
      </trkpt>
      <trkpt lat="44.96876739498747" lon="-93.2793474973809">
        <ele>256.2934421915561</ele>
        <time>2025-04-16T18:23:05.064000Z</time>
      </trkpt>
      <trkpt lat="44.96870031179412" lon="-93.27933343354961">
        <ele>256.3780371537432</ele>
        <time>2025-04-16T18:23:06.063000Z</time>
      </trkpt>
      <trkpt lat="44.96861433102056" lon="-93.27933799702448">
        <ele>256.2532426659018</ele>
        <time>2025-04-16T18:23:07.062000Z</time>
      </trkpt>
      <trkpt lat="44.96853315805168" lon="-93.27933738248127">
        <ele>256.4921884490177</ele>
        <time>2025-04-16T18:23:08.061000Z</time>
      </trkpt>
      <trkpt lat="44.96845376125593" lon="-93.2793387479097">
        <ele>256.5575200431049</ele>
        <time>2025-04-16T18:23:09.060000Z</time>
      </trkpt>
      <trkpt lat="44.968387199321185" lon="-93.27933066335697">
        <ele>257.65920647326857</ele>
        <time>2025-04-16T18:23:10.059000Z</time>
      </trkpt>
      <trkpt lat="44.968298562501396" lon="-93.27934096142027">
        <ele>258.3171275444329</ele>
        <time>2025-04-16T18:23:11.058000Z</time>
      </trkpt>
      <trkpt lat="44.9682166862107" lon="-93.27934415394895">
        <ele>258.1691546663642</ele>
        <time>2025-04-16T18:23:12.057000Z</time>
      </trkpt>
      <trkpt lat="44.96813465108425" lon="-93.27934753803575">
        <ele>258.2143788365647</ele>
        <time>2025-04-16T18:23:13.056000Z</time>
      </trkpt>
      <trkpt lat="44.96805304190297" lon="-93.27935168265428">
        <ele>258.2835627226159</ele>
        <time>2025-04-16T18:23:14.055000Z</time>
      </trkpt>
      <trkpt lat="44.967976158497756" lon="-93.27934893300366">
        <ele>258.3532585334033</ele>
        <time>2025-04-16T18:23:15.054000Z</time>
      </trkpt>
      <trkpt lat="44.96790118204661" lon="-93.27934868785759">
        <ele>258.4691005144268</ele>
        <time>2025-04-16T18:23:16.053000Z</time>
      </trkpt>
      <trkpt lat="44.967836356833295" lon="-93.27934854507481">
        <ele>258.2933122757822</ele>
        <time>2025-04-16T18:23:17.052000Z</time>
      </trkpt>
      <trkpt lat="44.96778694903674" lon="-93.27938088333015">
        <ele>258.7101304344833</ele>
        <time>2025-04-16T18:23:18.051000Z</time>
      </trkpt>
      <trkpt lat="44.96774334091192" lon="-93.27943981517441">
        <ele>258.88758537732065</ele>
        <time>2025-04-16T18:23:19.050000Z</time>
      </trkpt>
      <trkpt lat="44.967732617586364" lon="-93.27961045399297">
        <ele>258.679853704758</ele>
        <time>2025-04-16T18:23:21.049000Z</time>
      </trkpt>
      <trkpt lat="44.9677421909132" lon="-93.27970992414545">
        <ele>258.9175451165065</ele>
        <time>2025-04-16T18:23:22.048000Z</time>
      </trkpt>
      <trkpt lat="44.96774576855607" lon="-93.27981548294188">
        <ele>258.7245038403198</ele>
        <time>2025-04-16T18:23:23.047000Z</time>
      </trkpt>
      <trkpt lat="44.967747633061315" lon="-93.27991206484073">
        <ele>257.38819393515587</ele>
        <time>2025-04-16T18:23:24.046000Z</time>
      </trkpt>
      <trkpt lat="44.96774107810257" lon="-93.2800334374773">
        <ele>257.5965627869591</ele>
        <time>2025-04-16T18:23:25.045000Z</time>
      </trkpt>
      <trkpt lat="44.96773742729196" lon="-93.28015042643092">
        <ele>257.5068775769323</ele>
        <time>2025-04-16T18:23:26.044000Z</time>
      </trkpt>
      <trkpt lat="44.96773487939786" lon="-93.28026315012727">
        <ele>257.66294419392943</ele>
        <time>2025-04-16T18:23:27.043000Z</time>
      </trkpt>
      <trkpt lat="44.96773636334929" lon="-93.28037827436587">
        <ele>257.4546038992703</ele>
        <time>2025-04-16T18:23:28.042000Z</time>
      </trkpt>
      <trkpt lat="44.9677394723882" lon="-93.28049258452656">
        <ele>257.18348784185946</ele>
        <time>2025-04-16T18:23:29.041000Z</time>
      </trkpt>
      <trkpt lat="44.96773908118029" lon="-93.28060787776298">
        <ele>257.0709161646664</ele>
        <time>2025-04-16T18:23:30.040000Z</time>
      </trkpt>
      <trkpt lat="44.96773530935062" lon="-93.28070890976907">
        <ele>256.8829924399033</ele>
        <time>2025-04-16T18:23:31.039000Z</time>
      </trkpt>
      <trkpt lat="44.96768614142861" lon="-93.28083466304828">
        <ele>256.7093621501699</ele>
        <time>2025-04-16T18:23:33.038000Z</time>
      </trkpt>
      <trkpt lat="44.9675763399499" lon="-93.28086270325625">
        <ele>257.20526392385364</ele>
        <time>2025-04-16T18:23:35.037000Z</time>
      </trkpt>
      <trkpt lat="44.967465659418714" lon="-93.28084112691552">
        <ele>257.88462196849287</ele>
        <time>2025-04-16T18:23:37.036000Z</time>
      </trkpt>
      <trkpt lat="44.96735091695073" lon="-93.28083644052191">
        <ele>258.52475718967617</ele>
        <time>2025-04-16T18:23:39.035000Z</time>
      </trkpt>
      <trkpt lat="44.9672519091759" lon="-93.28089519549329">
        <ele>259.6364081967622</ele>
        <time>2025-04-16T18:23:41.034000Z</time>
      </trkpt>
      <trkpt lat="44.967181845967794" lon="-93.2809043345535">
        <ele>260.27628288883716</ele>
        <time>2025-04-16T18:23:44.033000Z</time>
      </trkpt>
      <trkpt lat="44.967148920097785" lon="-93.28098739715527">
        <ele>259.46036752313375</ele>
        <time>2025-04-16T18:24:16.032000Z</time>
      </trkpt>
      <trkpt lat="44.9671690213591" lon="-93.2808619806874">
        <ele>260.4699873998761</ele>
        <time>2025-04-16T18:24:56.033000Z</time>
      </trkpt>
    </trkseg>
  </trk>
</gpx>