second,idle_count,walking_count,total_count
0,0,0,0
1,0,0,0
2,0,0,0
3,0,0,0
4,0,0,0
5,0,0,0
6,0,0,0
7,0,0,0
8,3,0,3
9,3,0,3
10,3,0,3
11,3,0,3
12,3,0,3
13,3,0,3
14,3,0,3
15,3,0,3
16,3,0,3
17,3,0,3
18,3,0,3
19,3,0,3
20,3,0,3
21,3,0,3
22,3,0,3
23,3,0,3
24,3,0,3
25,3,0,3
26,3,0,3
27,3,0,3
28,3,0,3
29,3,0,3
30,3,0,3
31,3,0,3
32,3,0,3
33,3,0,3
34,3,0,3
35,3,0,3
36,3,0,3
37,3,0,3
38,3,0,3
39,3,0,3
40,3,0,3
41,3,0,3
42,3,0,3
43,3,0,3
44,3,0,3
45,3,0,3
46,3,0,3
47,3,0,3
48,3,0,3
49,3,0,3
50,3,0,3
51,3,0,3
52,3,0,3
53,3,0,3
54,3,0,3
55,3,0,3
56,3,0,3
57,3,0,3
58,3,0,3
59,3,0,3
60,3,0,3
61,3,0,3
62,3,0,3
63,3,0,3
64,3,0,3
65,3,0,3
66,3,0,3
67,3,0,3
68,3,0,3
69,3,0,3
70,3,0,3
71,3,0,3
72,3,0,3
73,3,0,3
74,3,0,3
75,3,0,3
76,3,0,3
77,3,0,3
78,3,0,3
79,3,0,3
80,3,0,3
81,3,0,3
82,3,0,3
83,3,0,3
84,3,0,3
85,3,0,3
86,3,0,3
87,3,0,3
88,3,0,3
89,3,0,3
90,3,0,3
91,3,0,3
92,3,0,3
93,3,0,3
94,3,0,3
95,3,0,3
96,3,0,3
97,3,0,3
98,3,0,3
99,3,0,3
100,3,0,3
101,3,0,3
102,3,0,3
103,3,0,3
104,3,0,3
105,3,0,3
106,3,0,3
107,3,0,3
108,3,0,3
109,3,0,3
110,3,0,3
111,3,0,3
112,3,0,3
113,3,0,3
114,3,0,3
115,3,0,3
116,3,0,3
117,3,0,3
118,3,0,3
119,3,0,3
120,3,0,3
121,3,0,3
122,3,0,3
123,3,0,3
124,3,0,3
125,3,0,3
126,3,0,3
127,3,0,3
128,3,0,3
129,3,0,3
130,3,0,3
131,3,0,3
132,3,0,3
133,3,0,3
134,3,0,3
135,3,0,3
136,3,0,3
137,3,0,3
138,3,0,3
139,3,0,3
140,3,0,3
141,3,0,3
142,3,0,3
143,2,0,2
144,2,0,2
145,2,0,2
146,2,0,2
147,2,0,2
148,2,0,2
149,2,0,2
150,2,0,2
151,2,0,2
152,2,0,2
153,2,0,2
154,1,0,1
155,1,0,1
156,1,0,1
157,1,0,1
158,1,0,1
159,1,0,1
160,1,0,1
161,1,0,1
162,1,0,1
163,1,0,1
164,1,0,1
165,1,0,1
166,1,0,1
167,1,0,1
168,1,0,1
169,1,0,1
170,1,0,1
171,1,0,1
172,1,0,1
173,1,0,1
174,1,0,1
175,1,0,1
176,1,0,1
177,1,0,1
178,1,0,1
179,1,0,1
180,1,0,1
181,1,0,1
182,1,0,1
183,2,0,2
184,2,0,2
185,2,0,2
186,2,0,2
187,2,0,2
188,2,0,2
189,2,0,2
190,2,0,2
191,2,0,2
192,2,0,2
193,2,0,2
194,2,0,2
195,2,0,2
196,2,0,2
197,2,0,2
198,2,0,2
199,2,0,2
200,2,0,2
201,3,0,3
202,3,0,3
203,3,0,3
204,3,0,3
205,3,0,3
206,3,0,3
207,3,0,3
208,3,0,3
209,3,0,3
210,3,0,3
211,3,0,3
212,3,0,3
213,4,0,4
214,4,0,4
215,4,0,4
216,4,0,4
217,4,0,4
218,4,0,4
219,4,0,4
220,4,0,4
221,4,0,4
222,4,0,4
223,4,0,4
224,4,0,4
225,4,0,4
226,4,0,4
227,4,0,4
228,4,0,4
229,4,0,4
230,4,0,4
231,4,0,4
232,4,0,4
233,4,0,4
234,4,0,4
235,4,0,4
236,4,0,4
237,4,0,4
238,4,0,4
239,4,0,4
240,4,0,4
241,4,0,4
242,4,0,4
243,5,0,5
244,5,0,5
245,5,0,5
246,5,0,5
247,5,0,5
248,5,0,5
249,5,0,5
250,5,0,5
251,5,0,5
252,5,0,5
253,6,0,6
254,6,0,6
255,6,0,6
256,6,0,6
257,6,0,6
258,6,0,6
259,6,0,6
260,6,0,6
261,6,0,6
262,6,0,6
263,6,0,6
264,6,0,6
265,6,0,6
266,6,0,6
267,6,0,6
268,6,0,6
269,6,0,6
270,6,0,6
271,6,0,6
272,6,0,6
273,6,0,6
274,6,0,6
275,6,0,6
276,6,0,6
277,6,0,6
278,6,0,6
279,6,0,6
280,6,0,6
281,6,0,6
282,6,0,6
283,6,0,6
284,6,0,6
285,6,0,6
286,6,0,6
287,6,0,6
288,5,0,5
289,5,0,5
290,5,0,5
291,5,0,5
292,5,0,5
293,5,0,5
294,5,0,5
295,5,0,5
296,5,0,5
297,5,0,5
298,5,0,5
299,5,0,5
300,5,0,5
301,5,0,5
302,5,0,5
303,5,0,5
304,5,0,5
305,5,0,5
306,5,0,5
307,5,0,5
308,5,0,5
309,5,0,5
310,5,0,5
311,5,0,5
312,5,0,5
313,5,0,5
314,5,0,5
315,5,0,5
316,5,0,5
317,5,0,5
318,5,0,5
319,5,0,5
320,5,0,5
321,5,0,5
322,5,0,5
323,5,0,5
324,5,0,5
325,5,0,5
326,5,0,5
327,5,0,5
328,5,0,5
329,5,0,5
330,5,0,5
331,5,0,5
332,5,0,5
333,5,0,5
334,5,0,5
335,5,0,5
336,5,0,5
337,5,0,5
338,5,0,5
339,5,0,5
340,5,0,5
341,5,0,5
342,5,0,5
343,5,0,5
344,5,0,5
345,5,0,5
346,5,0,5
347,5,0,5
348,5,0,5
349,5,0,5
350,5,0,5
351,5,0,5
352,6,0,6
353,6,0,6
354,6,0,6
355,6,0,6
356,6,0,6
357,6,0,6
358,6,0,6
359,6,0,6
360,6,0,6
361,6,0,6
362,6,0,6
363,6,0,6
364,6,0,6
365,7,0,7
366,7,0,7
367,7,0,7
368,7,0,7
369,7,0,7
370,7,0,7
371,7,0,7
372,7,0,7
373,7,0,7
374,7,0,7
375,6,0,6
376,6,0,6
377,6,0,6
378,6,0,6
379,6,0,6
380,6,0,6
381,6,0,6
382,6,0,6
383,6,0,6
384,6,0,6
385,6,0,6
386,6,0,6
387,6,0,6
388,6,0,6
389,6,0,6
390,6,0,6
391,6,0,6
392,6,0,6
393,6,0,6
394,7,0,7
395,7,0,7
396,7,0,7
397,7,0,7
398,7,0,7
399,7,0,7
400,7,0,7
401,7,0,7
402,7,0,7
403,8,0,8
404,9,0,9
405,9,0,9
406,9,0,9
407,9,0,9
408,9,0,9
409,9,0,9
410,9,0,9
411,9,0,9
412,9,0,9
413,9,0,9
414,9,0,9
415,9,0,9
416,10,0,10
417,10,0,10
418,10,0,10
419,10,0,10
420,10,0,10
421,10,0,10
422,10,0,10
423,10,0,10
424,10,0,10
425,10,0,10
426,9,0,9
427,8,0,8
428,8,0,8
429,8,0,8
430,8,0,8
431,8,0,8
432,8,0,8
433,8,0,8
434,8,0,8
435,8,0,8
436,8,0,8
437,8,0,8
438,8,0,8
439,8,0,8
440,8,0,8
441,8,0,8
442,7,0,7
443,7,0,7
444,7,0,7
445,7,0,7
446,7,0,7
447,6,0,6
448,6,0,6
449,6,0,6
450,6,0,6
451,6,0,6
452,6,0,6
453,7,0,7
454,7,0,7
455,7,0,7
456,7,0,7
457,7,0,7
458,7,0,7
459,7,0,7
460,7,0,7
461,7,0,7
462,7,0,7
463,7,0,7
464,7,0,7
465,7,0,7
466,7,0,7
467,7,0,7
468,7,0,7
469,8,0,8
470,7,0,7
471,6,0,6
472,6,0,6
473,6,0,6
474,6,0,6
475,6,0,6
476,6,0,6
477,6,0,6
478,6,0,6
479,6,0,6
480,6,0,6
481,6,0,6
482,6,0,6
483,6,0,6
484,6,0,6
485,6,0,6
486,6,0,6
487,6,0,6
488,6,0,6
489,6,0,6
490,6,0,6
491,6,0,6
492,6,0,6
493,6,0,6
494,6,0,6
495,6,0,6
496,6,0,6
497,6,0,6
498,6,0,6
499,6,0,6
500,6,0,6
501,6,0,6
502,6,0,6
503,6,0,6
504,6,0,6
505,6,0,6
506,6,0,6
507,6,0,6
508,6,0,6
509,6,0,6
510,6,0,6
511,6,0,6
512,6,0,6
513,6,0,6
514,6,0,6
515,6,0,6
516,6,0,6
517,6,0,6
518,6,0,6
519,6,0,6
520,6,0,6
521,6,0,6
522,6,0,6
523,6,0,6
524,6,0,6
525,6,0,6
526,6,0,6
527,6,0,6
528,6,0,6
529,6,0,6
530,6,0,6
531,6,0,6
532,6,0,6
533,6,0,6
534,6,0,6
535,6,0,6
536,6,0,6
537,6,0,6
538,6,0,6
539,6,0,6
540,6,0,6
541,6,0,6
542,6,0,6
543,6,0,6
544,6,0,6
545,6,0,6
546,6,0,6
547,6,0,6
548,6,0,6
549,6,0,6
550,6,0,6
551,6,0,6
552,7,0,7
553,7,0,7
554,7,0,7
555,7,0,7
556,6,0,6
557,6,0,6
558,6,0,6
559,5,0,5
560,5,0,5
561,5,0,5
562,5,0,5
563,5,0,5
564,5,0,5
565,5,0,5
566,5,0,5
567,5,0,5
568,5,0,5
569,5,0,5
570,5,0,5
571,5,0,5
572,5,0,5
573,5,0,5
574,5,0,5
575,5,0,5
576,5,0,5
577,5,0,5
578,5,0,5
579,5,0,5
580,5,0,5
581,5,0,5
582,5,0,5
583,5,0,5
584,5,0,5
585,5,0,5
586,5,0,5
587,5,0,5
588,5,0,5
589,5,0,5
590,5,0,5
591,5,0,5
592,5,0,5
593,5,0,5
594,5,0,5
595,4,0,4
596,4,0,4
597,4,0,4
598,4,0,4
599,4,0,4
600,4,0,4
601,4,0,4
602,4,0,4
603,4,0,4
604,4,0,4
605,4,0,4
606,4,0,4
607,4,0,4
608,4,0,4
609,4,0,4
610,4,0,4
611,4,0,4
612,4,0,4
613,4,0,4
614,4,0,4
615,4,0,4
616,4,0,4
617,4,0,4
618,4,0,4
619,4,0,4
620,4,0,4
621,4,0,4
622,4,0,4
623,4,0,4
624,4,0,4
625,4,0,4
626,4,0,4
627,4,0,4
628,4,0,4
629,4,0,4
630,5,0,5
631,5,0,5
632,5,0,5
633,5,0,5
634,5,0,5
635,5,0,5
636,5,0,5
637,5,0,5
638,5,0,5
639,5,0,5
640,5,0,5
641,5,0,5
642,5,0,5
643,5,0,5
644,5,0,5
645,5,0,5
646,5,0,5
647,5,0,5
648,5,0,5
649,5,0,5
650,5,0,5
651,5,0,5
652,5,0,5
653,5,0,5
654,5,0,5
655,5,0,5
656,5,0,5
657,5,0,5
658,5,0,5
659,5,0,5
660,5,0,5
661,5,0,5
662,5,0,5
663,5,0,5
664,5,0,5
665,5,0,5
666,5,0,5
667,5,0,5
668,5,0,5
669,5,0,5
670,5,0,5
671,5,0,5
672,5,0,5
673,5,0,5
674,5,0,5
675,5,0,5
676,5,0,5
677,5,0,5
678,5,0,5
679,5,0,5
680,5,0,5
681,5,0,5
682,5,0,5
683,5,0,5
684,5,0,5
685,5,0,5
686,5,0,5
687,5,0,5
688,5,0,5
689,5,0,5
690,5,0,5
691,5,0,5
692,5,0,5
693,5,0,5
694,5,0,5
695,5,0,5
696,5,0,5
697,5,0,5
698,6,0,6
699,6,0,6
700,6,0,6
701,6,0,6
702,6,0,6
703,6,0,6
704,6,0,6
705,6,0,6
706,5,0,5
707,5,0,5
708,5,0,5
709,5,0,5
710,5,0,5
711,5,0,5
712,5,0,5
713,5,0,5
714,5,0,5
715,5,0,5
716,5,0,5
717,5,0,5
718,5,0,5
719,5,0,5
720,5,0,5
721,5,0,5
722,5,0,5
723,5,0,5
724,5,0,5
725,5,0,5
726,5,0,5
727,5,0,5
728,5,0,5
729,5,0,5
730,5,0,5
731,5,0,5
732,5,0,5
733,5,0,5
734,5,0,5
735,5,0,5
736,5,0,5
737,5,0,5
738,5,0,5
739,5,0,5
740,5,0,5
741,5,0,5
742,5,0,5
743,5,0,5
744,5,0,5
745,5,0,5
746,5,0,5
747,5,0,5
748,5,0,5
749,5,0,5
750,5,0,5
751,5,0,5
752,5,0,5
753,5,0,5
754,5,0,5
755,5,0,5
756,5,0,5
757,5,0,5
758,5,0,5
759,5,0,5
760,5,0,5
761,5,0,5
762,5,0,5
763,5,0,5
764,5,0,5
765,5,0,5
766,5,0,5
767,5,0,5
768,5,0,5
769,5,0,5
770,5,0,5
771,5,0,5
772,5,0,5
773,5,0,5
774,5,0,5
775,5,0,5
776,5,0,5
777,5,0,5
778,5,0,5
779,5,0,5
780,5,0,5
781,5,0,5
782,5,0,5
783,5,0,5
784,5,0,5
785,5,0,5
786,5,0,5
787,5,0,5
788,5,0,5
789,6,0,6
790,6,0,6
791,6,0,6
792,6,0,6
793,6,0,6
794,6,0,6
795,6,0,6
796,6,0,6
797,6,0,6
798,6,0,6
799,6,0,6
800,6,0,6
801,6,0,6
802,6,0,6
803,6,0,6
804,6,0,6
805,6,0,6
806,6,0,6
807,6,0,6
808,6,0,6
809,6,0,6
810,6,0,6
811,6,0,6
812,6,0,6
813,6,0,6
814,5,0,5
815,5,0,5
816,5,0,5
817,5,0,5
818,5,0,5
819,5,0,5
820,5,0,5
821,5,0,5
822,5,0,5
823,4,0,4
824,4,0,4
825,4,0,4
826,4,0,4
827,4,0,4
828,4,0,4
829,4,0,4
830,4,0,4
831,4,0,4
832,4,0,4
833,4,0,4
834,4,0,4
835,4,0,4
836,3,0,3
837,3,0,3
838,3,0,3
839,3,0,3
840,3,0,3
841,3,0,3
842,3,0,3
843,3,0,3
844,3,0,3
845,3,0,3
846,3,0,3
847,3,0,3
848,3,0,3
849,3,0,3
850,3,0,3
851,3,0,3
852,3,0,3
853,3,0,3
854,3,0,3
855,3,0,3
856,3,0,3
857,3,0,3
858,3,0,3
859,3,0,3
860,3,0,3
861,3,0,3
862,3,0,3
863,3,0,3
864,3,0,3
865,3,0,3
866,3,0,3
867,3,0,3
868,3,0,3
869,3,0,3
870,3,0,3
871,3,0,3
872,3,0,3
873,3,0,3
874,3,0,3
875,3,0,3
876,3,0,3
877,3,0,3
878,3,0,3
879,3,0,3
880,3,0,3
881,3,0,3
882,3,0,3
883,3,0,3
884,3,0,3
885,3,0,3
886,3,0,3
887,3,0,3
888,3,0,3
889,3,0,3
890,3,0,3
891,3,0,3
892,3,0,3
893,3,0,3
894,3,0,3
895,3,0,3
896,3,0,3
897,3,0,3
898,3,0,3
899,3,0,3
900,3,0,3
901,3,0,3
902,3,0,3
903,3,0,3
904,3,0,3
905,3,0,3
906,3,0,3
907,3,0,3
908,3,0,3
909,3,0,3
910,3,0,3
911,3,0,3
912,2,0,2
913,2,0,2
914,2,0,2
915,2,0,2
916,2,0,2
917,2,0,2
918,2,0,2
919,2,0,2
920,2,0,2
921,2,0,2
922,2,0,2
923,2,0,2
924,2,0,2
925,2,0,2
926,2,0,2
927,2,0,2
928,2,0,2
929,2,0,2
930,2,0,2
931,2,0,2
932,2,0,2
933,2,0,2
934,2,0,2
935,2,0,2
936,2,0,2
937,2,0,2
938,2,0,2
939,2,0,2
940,2,0,2
941,2,0,2
942,2,0,2
943,2,0,2
944,2,0,2
945,2,0,2
946,2,0,2
947,2,0,2
948,2,0,2
949,2,0,2
950,2,0,2
951,2,0,2
952,2,0,2
953,2,0,2
954,2,0,2
955,2,0,2
956,2,0,2
957,2,0,2
958,2,0,2
959,2,0,2
960,2,0,2
961,2,0,2
962,2,0,2
963,2,0,2
964,2,0,2
965,2,0,2
966,2,0,2
967,3,0,3
968,3,0,3
969,3,0,3
970,3,0,3
971,3,0,3
972,3,0,3
973,3,0,3
974,3,0,3
975,3,0,3
976,3,0,3
977,3,0,3
978,3,0,3
979,3,0,3
980,3,0,3
981,3,0,3
982,3,0,3
983,3,0,3
984,3,0,3
985,3,0,3
986,3,0,3
987,3,0,3
988,3,0,3
989,3,0,3
990,3,0,3
991,3,0,3
992,3,0,3
993,3,0,3
994,3,0,3
995,3,0,3
996,3,0,3
997,3,0,3
998,3,0,3
999,3,0,3
1000,3,0,3
1001,3,0,3
1002,3,0,3
1003,3,0,3
1004,3,0,3
1005,3,0,3
1006,3,0,3
1007,3,0,3
1008,3,0,3
1009,3,0,3
1010,3,0,3
1011,3,0,3
1012,3,0,3
1013,3,0,3
1014,3,0,3
1015,3,0,3
1016,3,0,3
1017,3,0,3
1018,3,0,3
1019,3,0,3
1020,3,0,3
1021,3,0,3
1022,3,0,3
1023,3,0,3
1024,3,0,3
1025,3,0,3
1026,3,0,3
1027,3,0,3
1028,3,0,3
1029,3,0,3
1030,3,0,3
1031,3,0,3
1032,3,0,3
1033,3,0,3
1034,3,0,3
1035,3,0,3
1036,3,0,3
1037,3,0,3
1038,3,0,3
1039,3,0,3
1040,3,0,3
1041,3,0,3
1042,3,0,3
1043,3,0,3
1044,3,0,3
1045,3,0,3
1046,3,0,3
1047,3,0,3
1048,3,0,3
1049,3,0,3
1050,3,0,3
1051,3,0,3
1052,3,0,3
1053,3,0,3
1054,3,0,3
1055,3,0,3
1056,3,0,3
1057,3,0,3
1058,3,0,3
1059,3,0,3
1060,3,0,3
1061,3,0,3
1062,3,0,3
1063,3,0,3
1064,3,0,3
1065,3,0,3
1066,3,0,3
1067,3,0,3
1068,3,0,3
1069,3,0,3
1070,3,0,3
1071,3,0,3
1072,3,0,3
1073,3,0,3
1074,3,0,3
1075,3,0,3
1076,3,0,3
1077,3,0,3
1078,3,0,3
1079,3,0,3
1080,3,0,3
1081,3,0,3
1082,3,0,3
1083,3,0,3
1084,3,0,3
1085,3,0,3
1086,3,0,3
1087,3,0,3
1088,3,0,3
1089,3,0,3
1090,4,0,4
1091,4,0,4
1092,4,0,4
1093,4,0,4
1094,4,0,4
1095,4,0,4
1096,4,0,4
1097,4,0,4
1098,4,0,4
1099,4,0,4
1100,4,0,4
1101,4,0,4
1102,4,0,4
1103,4,0,4
1104,4,0,4
1105,4,0,4
1106,4,0,4
1107,4,0,4
1108,4,0,4
1109,4,0,4
1110,4,0,4
1111,4,0,4
1112,4,0,4
1113,4,0,4
1114,4,0,4
1115,5,0,5
1116,5,0,5
1117,5,0,5
1118,5,0,5
1119,5,0,5
1120,5,0,5
1121,5,0,5
1122,5,0,5
1123,5,0,5
1124,5,0,5
1125,5,0,5
1126,5,0,5
1127,5,0,5
1128,5,0,5
1129,5,0,5
1130,5,0,5
1131,5,0,5
1132,6,0,6
1133,6,0,6
1134,6,0,6
1135,6,0,6
1136,6,0,6
1137,6,0,6
1138,6,0,6
1139,6,0,6
1140,6,0,6
1141,6,0,6
1142,6,0,6
1143,6,0,6
1144,6,0,6
1145,7,0,7
1146,7,0,7
1147,7,0,7
1148,7,0,7
1149,7,0,7
1150,7,0,7
1151,7,0,7
1152,7,0,7
1153,7,0,7
1154,7,0,7
1155,7,0,7
1156,6,0,6
1157,6,0,6
1158,6,0,6
1159,6,0,6
1160,6,0,6
1161,6,0,6
1162,6,0,6
1163,6,0,6
1164,6,0,6
1165,6,0,6
1166,6,0,6
1167,6,0,6
1168,6,0,6
1169,6,0,6
1170,6,0,6
1171,6,0,6
1172,6,0,6
1173,6,0,6
1174,6,0,6
1175,6,0,6
1176,6,0,6
1177,6,0,6
1178,6,0,6
1179,7,0,7
1180,7,0,7
1181,7,0,7
1182,7,0,7
1183,7,0,7
1184,7,0,7
1185,7,0,7
1186,7,0,7
1187,7,0,7
1188,7,0,7
1189,7,0,7
1190,7,0,7
1191,7,0,7
1192,7,0,7
1193,7,0,7
1194,7,0,7
1195,7,0,7
1196,7,0,7
1197,7,0,7
1198,7,0,7
1199,7,0,7
1200,7,0,7
1201,7,0,7
1202,7,0,7
1203,7,0,7
1204,7,0,7
1205,7,0,7
1206,7,0,7
1207,7,0,7
1208,7,0,7
1209,7,0,7
1210,7,0,7
1211,7,0,7
1212,7,0,7
1213,7,0,7
1214,7,0,7
1215,7,0,7
1216,7,0,7
1217,7,0,7
1218,8,0,8
1219,8,0,8
1220,8,0,8
1221,8,0,8
1222,8,0,8
1223,8,0,8
1224,8,0,8
1225,8,0,8
1226,8,0,8
1227,8,0,8
1228,8,0,8
1229,8,0,8
1230,8,0,8
1231,8,0,8
1232,8,0,8
1233,8,0,8
1234,8,0,8
1235,8,0,8
1236,8,0,8
1237,8,0,8
1238,8,0,8
1239,7,0,7
1240,7,0,7
1241,7,0,7
1242,7,0,7
1243,7,0,7
1244,7,0,7
1245,7,0,7
1246,7,0,7
1247,7,0,7
1248,7,0,7
1249,7,0,7
1250,7,0,7
1251,7,0,7
1252,7,0,7
1253,7,0,7
1254,7,0,7
1255,7,0,7
1256,7,0,7
1257,7,0,7
1258,7,0,7
1259,7,0,7
1260,7,0,7
1261,7,0,7
1262,7,0,7
1263,6,0,6
1264,6,0,6
1265,6,0,6
1266,6,0,6
1267,6,0,6
1268,6,0,6
1269,6,0,6
1270,6,0,6
1271,6,0,6
1272,6,0,6
1273,6,0,6
1274,6,0,6
1275,6,0,6
1276,6,0,6
1277,6,0,6
1278,6,0,6
1279,6,0,6
1280,6,0,6
1281,6,0,6
1282,6,0,6
1283,6,0,6
1284,6,0,6
1285,6,0,6
1286,6,0,6
1287,6,0,6
1288,6,0,6
1289,6,0,6
1290,6,0,6
1291,6,0,6
1292,6,0,6
1293,6,0,6
1294,6,0,6
1295,6,0,6
1296,6,0,6
1297,6,0,6
1298,6,0,6
1299,6,0,6
1300,6,0,6
1301,6,0,6
1302,6,0,6
1303,6,0,6
1304,6,0,6
1305,6,0,6
1306,6,0,6
1307,6,0,6
1308,6,0,6
1309,6,0,6
1310,6,0,6
1311,6,0,6
1312,6,0,6
1313,6,0,6
1314,6,0,6
1315,6,0,6
1316,6,0,6
1317,6,0,6
1318,6,0,6
1319,7,0,7
1320,7,0,7
1321,7,0,7
1322,7,0,7
1323,7,0,7
1324,7,0,7
1325,7,0,7
1326,7,0,7
1327,7,0,7
1328,7,0,7
1329,7,0,7
1330,7,0,7
1331,7,0,7
1332,7,0,7
1333,7,0,7
1334,7,0,7
1335,7,0,7
1336,7,0,7
1337,7,0,7
1338,7,0,7
1339,7,0,7
1340,7,0,7
1341,7,0,7
1342,7,0,7
1343,7,0,7
1344,7,0,7
1345,7,0,7
1346,7,0,7
1347,7,0,7
1348,7,0,7
1349,7,0,7
1350,7,0,7
1351,7,0,7
1352,7,0,7
1353,7,0,7
1354,7,0,7
1355,7,0,7
1356,7,0,7
1357,7,0,7
1358,7,0,7
1359,7,0,7
1360,7,0,7
1361,7,0,7
1362,7,0,7
1363,7,0,7
1364,7,0,7
1365,7,0,7
1366,7,0,7
1367,7,0,7
1368,7,0,7
1369,7,0,7
1370,7,0,7
1371,7,0,7
1372,7,0,7
1373,7,0,7
1374,7,0,7
1375,7,0,7
1376,7,0,7
1377,7,0,7
1378,7,0,7
1379,7,0,7
1380,7,0,7
1381,7,0,7
1382,7,0,7
1383,7,0,7
1384,7,0,7
1385,7,0,7
1386,7,0,7
1387,7,0,7
1388,7,0,7
1389,7,0,7
1390,6,0,6
1391,6,0,6
1392,6,0,6
1393,6,0,6
1394,6,0,6
1395,6,0,6
1396,6,0,6
1397,6,0,6
1398,5,0,5
1399,5,0,5
1400,5,0,5
1401,5,0,5
1402,5,0,5
1403,5,0,5
1404,5,0,5
1405,5,0,5
1406,5,0,5
1407,5,0,5
1408,5,0,5
1409,5,0,5
1410,5,0,5
1411,5,0,5
1412,5,0,5
1413,5,0,5
1414,5,0,5
1415,5,0,5
1416,5,0,5
1417,5,0,5
1418,5,0,5
1419,5,0,5
1420,5,0,5
1421,5,0,5
1422,5,0,5
1423,5,0,5
1424,5,0,5
1425,4,0,4
1426,4,0,4
1427,4,0,4
1428,4,0,4
1429,4,0,4
1430,4,0,4
1431,3,0,3
1432,3,0,3
1433,3,0,3
1434,3,0,3
1435,3,0,3
1436,3,0,3
1437,3,0,3
1438,3,0,3
1439,3,0,3
1440,3,0,3
1441,3,0,3
1442,2,0,2
1443,2,0,2
1444,2,0,2
1445,2,0,2
1446,2,0,2
1447,2,0,2
1448,2,0,2
1449,2,0,2
1450,2,0,2
1451,2,0,2
1452,2,0,2
1453,2,0,2
1454,2,0,2
1455,2,0,2
1456,2,0,2
1457,2,0,2
1458,2,0,2
1459,2,0,2
1460,2,0,2
1461,2,0,2
1462,1,0,1
1463,1,0,1
1464,1,0,1
1465,1,0,1
1466,1,0,1
1467,1,0,1
1468,1,0,1
1469,1,0,1
1470,1,0,1
1471,0,0,0
1472,0,0,0
1473,0,0,0
1474,0,0,0
1475,0,0,0
1476,0,0,0
1477,0,0,0
1478,0,0,0
1479,0,0,0
1480,0,0,0
1481,0,0,0
1482,0,0,0
1483,0,0,0
1484,0,0,0
1485,0,0,0
1486,0,0,0
1487,0,0,0
1488,0,0,0
1489,0,0,0
1490,0,0,0
1491,0,0,0
1492,0,0,0
1493,0,0,0
1494,0,0,0
1495,0,0,0
1496,0,0,0
1497,0,0,0
1498,0,0,0
1499,0,0,0
1500,0,0,0
1501,0,0,0
1502,0,0,0
1503,0,0,0
1504,0,0,0
1505,0,0,0
1506,0,0,0
1507,0,0,0
1508,0,0,0
1509,0,0,0
1510,0,0,0
1511,0,0,0
1512,0,0,0
1513,0,0,0
1514,1,0,1
1515,1,0,1
1516,1,0,1
1517,1,0,1
1518,2,0,2
1519,2,0,2
1520,2,0,2
1521,2,0,2
1522,2,0,2
1523,2,0,2
1524,2,0,2
1525,2,0,2
1526,4,0,4
1527,4,0,4
1528,4,0,4
1529,4,0,4
1530,4,0,4
1531,4,0,4
1532,4,0,4
1533,4,0,4
1534,4,0,4
1535,4,0,4
1536,4,0,4
1537,4,0,4
1538,4,0,4
1539,4,0,4
1540,4,0,4
1541,4,0,4
1542,4,0,4
1543,4,0,4
1544,4,0,4
1545,4,0,4
1546,4,0,4
1547,4,0,4
1548,4,0,4
1549,4,0,4
1550,4,0,4
1551,4,0,4
1552,4,0,4
1553,4,0,4
1554,4,0,4
1555,4,0,4
1556,4,0,4
1557,4,0,4
1558,4,0,4
1559,4,0,4
1560,4,0,4
1561,4,0,4
1562,4,0,4
1563,4,0,4
1564,4,0,4
1565,4,0,4
1566,4,0,4
1567,4,0,4
1568,4,0,4
1569,4,0,4
1570,4,0,4
1571,4,0,4
1572,4,0,4
1573,4,0,4
1574,4,0,4
1575,4,0,4
1576,4,0,4
1577,4,0,4
1578,4,0,4
1579,4,0,4
1580,4,0,4
1581,4,0,4
1582,4,0,4
1583,4,0,4
1584,4,0,4
1585,4,0,4
1586,5,0,5
1587,5,0,5
1588,5,0,5
1589,5,0,5
1590,5,0,5
1591,5,0,5
1592,5,0,5
1593,5,0,5
1594,5,0,5
1595,5,0,5
1596,5,0,5
1597,5,0,5
1598,5,0,5
1599,5,0,5
1600,5,0,5
1601,5,0,5
1602,5,0,5
1603,5,0,5
1604,5,0,5
1605,5,0,5
1606,5,0,5
1607,5,0,5
1608,5,0,5
1609,4,0,4
1610,4,0,4
1611,4,0,4
1612,4,0,4
1613,4,0,4
1614,3,0,3
1615,3,0,3
1616,3,0,3
1617,3,0,3
1618,2,0,2
1619,2,0,2
1620,2,0,2
1621,2,0,2
1622,2,0,2
1623,2,0,2
1624,2,0,2
1625,2,0,2
1626,2,0,2
1627,2,0,2
1628,2,0,2
1629,2,0,2
1630,2,0,2
1631,2,0,2
1632,2,0,2
1633,2,0,2
1634,2,0,2
1635,2,0,2
1636,2,0,2
1637,2,0,2
1638,2,0,2
1639,2,0,2
1640,2,0,2
1641,2,0,2
1642,2,0,2
1643,2,0,2
1644,2,0,2
1645,2,0,2
1646,2,0,2
1647,2,0,2
1648,2,0,2
1649,2,0,2
1650,2,0,2
1651,2,0,2
1652,2,0,2
1653,2,0,2
1654,2,0,2
1655,2,0,2
1656,2,0,2
1657,2,0,2
1658,2,0,2
1659,2,0,2
1660,2,0,2
1661,2,0,2
1662,2,0,2
1663,2,0,2
1664,2,0,2
1665,2,0,2
1666,1,0,1
1667,1,0,1
1668,1,0,1
1669,1,0,1
1670,1,0,1
1671,1,0,1
1672,1,0,1
1673,1,0,1
1674,1,0,1
1675,1,0,1
1676,1,0,1
1677,1,0,1
1678,1,0,1
1679,1,0,1
1680,1,0,1
1681,1,0,1
1682,1,0,1
1683,1,0,1
1684,1,0,1
1685,1,0,1
1686,1,0,1
1687,1,0,1
1688,1,0,1
1689,1,0,1
1690,1,0,1
1691,1,0,1
1692,1,0,1
1693,1,0,1
1694,1,0,1
1695,1,0,1
1696,1,0,1
1697,1,0,1
1698,1,0,1
1699,1,0,1
1700,1,0,1
1701,1,0,1
1702,1,0,1
1703,1,0,1
1704,1,0,1
1705,1,0,1
1706,1,0,1
1707,1,0,1
1708,1,0,1
1709,1,0,1
1710,2,0,2
1711,2,0,2
1712,2,0,2
1713,2,0,2
1714,2,0,2
1715,2,0,2
1716,2,0,2
1717,2,0,2
1718,2,0,2
1719,2,0,2
1720,2,0,2
1721,2,0,2
1722,2,0,2
1723,2,0,2
1724,2,0,2
1725,2,0,2
1726,2,0,2
1727,2,0,2
1728,2,0,2
1729,2,0,2
1730,2,0,2
1731,2,0,2
1732,2,0,2
1733,2,0,2
1734,2,0,2
1735,2,0,2
1736,2,0,2
1737,2,0,2
1738,2,0,2
1739,2,0,2
1740,2,0,2
1741,2,0,2
1742,2,0,2
1743,2,0,2
1744,2,0,2
1745,2,0,2
1746,2,0,2
1747,2,0,2
1748,2,0,2
1749,2,0,2
1750,2,0,2
1751,2,0,2
1752,2,0,2
1753,2,0,2
1754,2,0,2
1755,2,0,2
1756,2,0,2
1757,2,0,2
1758,2,0,2
1759,2,0,2
1760,2,0,2
1761,2,0,2
1762,2,0,2
1763,2,0,2
1764,2,0,2
1765,2,0,2
1766,2,0,2
1767,2,0,2
1768,2,0,2
1769,2,0,2
1770,2,0,2
1771,2,0,2
1772,2,0,2
1773,2,0,2
1774,2,0,2
1775,2,0,2
1776,3,0,3
1777,3,0,3
1778,3,0,3
1779,3,0,3
1780,3,0,3
1781,3,0,3
1782,3,0,3
1783,3,0,3
1784,3,0,3
1785,3,0,3
1786,3,0,3
1787,3,0,3
1788,3,0,3
1789,3,0,3
1790,3,0,3
1791,3,0,3
1792,3,0,3
1793,3,0,3
1794,3,0,3
1795,2,0,2
1796,2,0,2
1797,2,0,2
1798,2,0,2
1799,2,0,2
1800,3,0,3
1801,3,0,3
1802,3,0,3
1803,3,0,3
1804,3,0,3
1805,3,0,3
1806,3,0,3
1807,3,0,3
1808,3,0,3
1809,3,0,3
1810,3,0,3
1811,3,0,3
1812,3,0,3
1813,3,0,3
1814,3,0,3
1815,3,0,3
1816,3,0,3
1817,3,0,3
1818,3,0,3
1819,3,0,3
1820,3,0,3
1821,3,0,3
1822,4,0,4
1823,4,0,4
1824,4,0,4
1825,4,0,4
1826,5,0,5
1827,5,0,5
1828,5,0,5
1829,5,0,5
1830,5,0,5
1831,5,0,5
1832,5,0,5
1833,5,0,5
1834,5,0,5
1835,5,0,5
1836,5,0,5
1837,5,0,5
1838,5,0,5
1839,5,0,5
1840,5,0,5
1841,5,0,5
1842,5,0,5
1843,5,0,5
1844,5,0,5
1845,5,0,5
1846,5,0,5
1847,5,0,5
1848,5,0,5
1849,5,0,5
1850,5,0,5
1851,5,0,5
1852,5,0,5
1853,5,0,5
1854,5,0,5
1855,5,0,5
1856,5,0,5
1857,5,0,5
1858,5,0,5
1859,5,0,5
1860,5,0,5
1861,5,0,5
1862,5,0,5
1863,5,0,5
1864,5,0,5
1865,6,0,6
1866,6,0,6
1867,6,0,6
1868,6,0,6
1869,6,0,6
1870,6,0,6
1871,6,0,6
1872,6,0,6
1873,6,0,6
1874,6,0,6
1875,6,0,6
1876,6,0,6
1877,6,0,6
1878,6,0,6
1879,6,0,6
1880,6,0,6
1881,6,0,6
1882,6,0,6
1883,6,0,6
1884,6,0,6
1885,6,0,6
1886,6,0,6
1887,6,0,6
1888,6,0,6
1889,6,0,6
1890,6,0,6
1891,6,0,6
1892,6,0,6
1893,6,0,6
1894,6,0,6
1895,6,0,6
1896,6,0,6
1897,6,0,6
1898,6,0,6
1899,5,0,5
1900,5,0,5
1901,5,0,5
1902,6,0,6
1903,6,0,6
1904,5,0,5
1905,5,0,5
1906,5,0,5
1907,5,0,5
1908,5,0,5
1909,5,0,5
1910,5,0,5
1911,5,0,5
1912,5,0,5
1913,5,0,5
1914,5,0,5
1915,5,0,5
1916,5,0,5
1917,5,0,5
1918,5,0,5
1919,5,0,5
1920,5,0,5
1921,5,0,5
1922,5,0,5
1923,5,0,5
1924,5,0,5
1925,5,0,5
1926,5,0,5
1927,5,0,5
1928,5,0,5
1929,5,0,5
1930,5,0,5
1931,5,0,5
1932,5,0,5
1933,5,0,5
1934,5,0,5
1935,5,0,5
1936,5,0,5
1937,5,0,5
1938,5,0,5
1939,5,0,5
1940,5,0,5
1941,5,0,5
1942,5,0,5
1943,5,0,5
1944,5,0,5
1945,5,0,5
1946,5,0,5
1947,5,0,5
1948,5,0,5
1949,5,0,5
1950,5,0,5
1951,5,0,5
1952,5,0,5
1953,5,0,5
1954,5,0,5
1955,5,0,5
1956,4,0,4
1957,4,0,4
1958,4,0,4
1959,4,0,4
1960,4,0,4
1961,4,0,4
1962,4,0,4
1963,4,0,4
1964,4,0,4
1965,4,0,4
1966,4,0,4
1967,4,0,4
1968,4,0,4
1969,5,0,5
1970,5,0,5
1971,5,0,5
1972,4,0,4
1973,4,0,4
1974,4,0,4
1975,5,0,5
1976,5,0,5
1977,5,0,5
1978,5,0,5
1979,5,0,5
1980,6,0,6
1981,6,0,6
1982,6,0,6
1983,6,0,6
1984,6,0,6
1985,6,0,6
1986,6,0,6
1987,6,0,6
1988,6,0,6
1989,6,0,6
1990,6,0,6
1991,6,0,6
1992,6,0,6
1993,6,0,6
1994,6,0,6
1995,6,0,6
1996,6,0,6
1997,6,0,6
1998,6,0,6
1999,6,0,6
2000,6,0,6
2001,6,0,6
2002,6,0,6
2003,6,0,6
2004,6,0,6
2005,6,0,6
2006,6,0,6
2007,6,0,6
2008,6,0,6
2009,6,0,6
2010,6,0,6
2011,6,0,6
2012,5,0,5
2013,5,0,5
2014,5,0,5
2015,5,0,5
2016,5,0,5
2017,5,0,5
2018,5,0,5
2019,5,0,5
2020,5,0,5
2021,5,0,5
2022,5,0,5
2023,5,0,5
2024,5,0,5
2025,5,0,5
2026,5,0,5
2027,5,0,5
2028,5,0,5
2029,5,0,5
2030,5,0,5
2031,5,0,5
2032,5,0,5
2033,5,0,5
2034,6,0,6
2035,6,0,6
2036,6,0,6
2037,6,0,6
2038,6,0,6
2039,6,0,6
2040,6,0,6
2041,6,0,6
2042,6,0,6
2043,6,0,6
2044,6,0,6
2045,6,0,6
2046,6,0,6
2047,6,0,6
2048,6,0,6
2049,6,0,6
2050,6,0,6
2051,6,0,6
2052,6,0,6
2053,7,0,7
2054,6,0,6
2055,6,0,6
2056,6,0,6
2057,6,0,6
2058,6,0,6
2059,6,0,6
2060,6,0,6
2061,6,0,6
2062,6,0,6
2063,6,0,6
2064,6,0,6
2065,6,0,6
2066,6,0,6
2067,6,0,6
2068,6,0,6
2069,6,0,6
2070,6,0,6
2071,6,0,6
2072,6,0,6
2073,6,0,6
2074,6,0,6
2075,6,0,6
2076,6,0,6
2077,6,0,6
2078,6,0,6
2079,6,0,6
2080,6,0,6
2081,6,0,6
2082,6,0,6
2083,6,0,6
2084,6,0,6
2085,6,0,6
2086,6,0,6
2087,6,0,6
2088,6,0,6
2089,6,0,6
2090,6,0,6
2091,6,0,6
2092,6,0,6
2093,7,0,7
2094,7,0,7
2095,7,0,7
2096,7,0,7
2097,7,0,7
2098,7,0,7
2099,8,0,8
2100,8,0,8
2101,9,0,9
2102,9,0,9
2103,9,0,9
2104,9,0,9
2105,10,0,10
2106,10,0,10
2107,10,0,10
2108,10,0,10
2109,10,0,10
2110,10,0,10
2111,11,0,11
2112,11,0,11
2113,11,0,11
2114,11,0,11
2115,11,0,11
2116,11,0,11
2117,10,0,10
2118,10,0,10
2119,10,0,10
2120,10,0,10
2121,10,0,10
2122,10,0,10
2123,10,0,10
2124,10,0,10
2125,10,0,10
2126,10,0,10
2127,10,0,10
2128,10,0,10
2129,9,0,9
2130,9,0,9
2131,9,0,9
2132,9,0,9
2133,9,0,9
2134,8,0,8
2135,8,0,8
2136,8,0,8
2137,8,0,8
2138,8,0,8
2139,8,0,8
2140,8,0,8
2141,8,0,8
2142,8,0,8
2143,8,0,8
2144,8,0,8
2145,8,0,8
2146,9,0,9
2147,9,0,9
2148,9,0,9
2149,9,0,9
2150,9,0,9
2151,9,0,9
2152,9,0,9
2153,9,0,9
2154,9,0,9
2155,9,0,9
2156,9,0,9
2157,9,0,9
2158,9,0,9
2159,9,0,9
2160,9,0,9
2161,9,0,9
2162,9,0,9
2163,9,0,9
2164,8,0,8
2165,8,0,8
2166,9,0,9
2167,9,0,9
2168,9,0,9
2169,9,0,9
2170,9,0,9
2171,9,0,9
2172,9,0,9
2173,9,0,9
2174,9,0,9
2175,9,0,9
2176,9,0,9
2177,9,0,9
2178,9,0,9
2179,9,0,9
2180,9,0,9
2181,9,0,9
2182,9,0,9
2183,9,0,9
2184,9,0,9
2185,9,0,9
2186,9,0,9
2187,9,0,9
2188,9,0,9
2189,9,0,9
2190,9,0,9
2191,9,0,9
2192,9,0,9
2193,10,0,10
2194,10,0,10
2195,10,0,10
2196,10,0,10
2197,10,0,10
2198,10,0,10
2199,10,0,10
2200,11,0,11
2201,11,0,11
2202,12,0,12
2203,12,0,12
2204,12,0,12
2205,12,0,12
2206,12,0,12
2207,12,0,12
2208,12,0,12
2209,12,0,12
2210,12,0,12
2211,12,0,12
2212,12,0,12
2213,11,0,11
2214,12,0,12
2215,12,0,12
2216,13,0,13
2217,13,0,13
2218,13,0,13
2219,13,0,13
2220,13,0,13
2221,13,0,13
2222,13,0,13
2223,13,0,13
2224,13,0,13
2225,13,0,13
2226,13,0,13
2227,13,0,13
2228,13,0,13
2229,13,0,13
2230,13,0,13
2231,12,0,12
2232,12,0,12
2233,12,0,12
2234,12,0,12
2235,12,0,12
2236,12,0,12
2237,12,0,12
2238,12,0,12
2239,12,0,12
2240,12,0,12
2241,12,0,12
2242,12,0,12
2243,12,0,12
2244,12,0,12
2245,11,0,11
2246,9,0,9
2247,9,0,9
2248,8,0,8
2249,8,0,8
2250,8,0,8
2251,8,0,8
2252,8,0,8
2253,8,0,8
2254,9,0,9
2255,8,0,8
2256,8,0,8
2257,8,0,8
2258,8,0,8
2259,8,0,8
2260,8,0,8
2261,8,0,8
2262,8,0,8
2263,8,0,8
2264,8,0,8
2265,8,0,8
2266,8,0,8
2267,7,0,7
2268,7,0,7
2269,7,0,7
2270,8,0,8
2271,8,0,8
2272,8,0,8
2273,8,0,8
2274,7,0,7
2275,7,0,7
2276,7,0,7
2277,7,0,7
2278,7,0,7
2279,7,0,7
2280,7,0,7
2281,7,0,7
2282,7,0,7
2283,7,0,7
2284,7,0,7
2285,7,0,7
2286,7,0,7
2287,7,0,7
2288,7,0,7
2289,7,0,7
2290,7,0,7
2291,7,0,7
2292,7,0,7
2293,8,0,8
2294,8,0,8
2295,9,0,9
2296,9,0,9
2297,9,0,9
2298,9,0,9
2299,9,0,9
2300,9,0,9
2301,9,0,9
2302,9,0,9
2303,9,0,9
2304,9,0,9
2305,9,0,9
2306,9,0,9
2307,9,0,9
2308,9,0,9
2309,9,0,9
2310,9,0,9
2311,9,0,9
2312,9,0,9
2313,9,0,9
2314,9,0,9
2315,9,0,9
2316,9,0,9
2317,9,0,9
2318,9,0,9
2319,8,0,8
2320,8,0,8
2321,8,0,8
2322,8,0,8
2323,8,0,8
2324,8,0,8
2325,8,0,8
2326,8,0,8
2327,8,0,8
2328,8,0,8
2329,8,0,8
2330,8,0,8
2331,8,0,8
2332,8,0,8
2333,8,0,8
2334,8,0,8
2335,8,0,8
2336,8,0,8
2337,8,0,8
2338,8,0,8
2339,8,0,8
2340,8,0,8
2341,8,0,8
2342,8,0,8
2343,8,0,8
2344,8,0,8
2345,9,0,9
2346,9,0,9
2347,9,0,9
2348,9,0,9
2349,9,0,9
2350,9,0,9
2351,9,0,9
2352,9,0,9
2353,9,0,9
2354,9,0,9
2355,9,0,9
2356,9,0,9
2357,9,0,9
2358,9,0,9
2359,9,0,9
2360,9,0,9
2361,9,0,9
2362,9,0,9
2363,9,0,9
2364,9,0,9
2365,9,0,9
2366,9,0,9
2367,9,0,9
2368,9,0,9
2369,9,0,9
2370,9,0,9
2371,9,0,9
2372,9,0,9
2373,9,0,9
2374,9,0,9
2375,9,0,9
2376,9,0,9
2377,9,0,9
2378,8,0,8
2379,8,0,8
2380,8,0,8
2381,8,0,8
2382,8,0,8
2383,7,0,7
2384,7,0,7
2385,7,0,7
2386,7,0,7
2387,7,0,7
2388,7,0,7
2389,7,0,7
2390,7,0,7
2391,7,0,7
2392,7,0,7
2393,7,0,7
2394,7,0,7
2395,7,0,7
2396,7,0,7
2397,7,0,7
2398,7,0,7
2399,7,0,7
2400,7,0,7
2401,7,0,7
2402,7,0,7
2403,8,0,8
2404,8,0,8
2405,8,0,8
2406,8,0,8
2407,8,0,8
2408,8,0,8
2409,8,0,8
2410,8,0,8
2411,8,0,8
2412,8,0,8
2413,8,0,8
2414,8,0,8
2415,8,0,8
2416,8,0,8
2417,8,0,8
2418,8,0,8
2419,8,0,8
2420,8,0,8
2421,9,0,9
2422,9,0,9
2423,8,0,8
2424,9,0,9
2425,9,0,9
2426,9,0,9
2427,9,0,9
2428,9,0,9
2429,9,0,9
2430,9,0,9
2431,9,0,9
2432,9,0,9
2433,9,0,9
2434,9,0,9
2435,9,0,9
2436,9,0,9
2437,9,0,9
2438,9,0,9
2439,9,0,9
2440,9,0,9
2441,8,0,8
2442,8,0,8
2443,8,0,8
2444,8,0,8
2445,8,0,8
2446,8,0,8
2447,8,0,8
2448,8,0,8
2449,8,0,8
2450,8,0,8
2451,8,0,8
2452,8,0,8
2453,8,0,8
2454,8,0,8
2455,8,0,8
2456,9,0,9
2457,9,0,9
2458,9,0,9
2459,9,0,9
2460,10,0,10
2461,10,0,10
2462,10,0,10
2463,10,0,10
2464,10,0,10
2465,10,0,10
2466,10,0,10
2467,10,0,10
2468,10,0,10
2469,10,0,10
2470,9,0,9
2471,9,0,9
2472,9,0,9
2473,9,0,9
2474,9,0,9
2475,9,0,9
2476,9,0,9
2477,9,0,9
2478,9,0,9
2479,9,0,9
2480,9,0,9
2481,9,0,9
2482,9,0,9
2483,9,0,9
2484,9,0,9
2485,9,0,9
2486,9,0,9
2487,9,0,9
2488,9,0,9
2489,9,0,9
2490,9,0,9
2491,9,0,9
2492,8,0,8
2493,8,0,8
2494,8,0,8
2495,9,0,9
2496,9,0,9
2497,9,0,9
2498,8,0,8
2499,8,0,8
2500,8,0,8
2501,8,0,8
2502,8,0,8
2503,8,0,8
2504,8,0,8
2505,8,0,8
2506,8,0,8
2507,8,0,8
2508,8,0,8
2509,8,0,8
2510,8,0,8
2511,8,0,8
2512,8,0,8
2513,8,0,8
2514,8,0,8
2515,8,0,8
2516,8,0,8
2517,8,0,8
2518,8,0,8
2519,8,0,8
2520,8,0,8
2521,8,0,8
2522,8,0,8
2523,8,0,8
2524,8,0,8
2525,8,0,8
2526,8,0,8
2527,8,0,8
2528,8,0,8
2529,8,0,8
2530,8,0,8
2531,8,0,8
2532,8,0,8
2533,8,0,8
2534,8,0,8
2535,8,0,8
2536,8,0,8
2537,8,0,8
2538,8,0,8
2539,8,0,8
2540,7,0,7
2541,7,0,7
2542,7,0,7
2543,7,0,7
2544,7,0,7
2545,7,0,7
2546,7,0,7
2547,7,0,7
2548,7,0,7
2549,7,0,7
2550,7,0,7
2551,7,0,7
2552,7,0,7
2553,7,0,7
2554,7,0,7
2555,7,0,7
2556,6,0,6
2557,6,0,6
2558,6,0,6
2559,6,0,6
2560,7,0,7
2561,7,0,7
2562,7,0,7
2563,7,0,7
2564,7,0,7
2565,7,0,7
2566,7,0,7
2567,7,0,7
2568,7,0,7
2569,7,0,7
2570,7,0,7
2571,7,0,7
2572,7,0,7
2573,7,0,7
2574,7,0,7
2575,8,0,8
2576,8,0,8
2577,8,0,8
2578,8,0,8
2579,8,0,8
2580,8,0,8
2581,8,0,8
2582,8,0,8
2583,8,0,8
2584,8,0,8
2585,8,0,8
2586,9,0,9
2587,9,0,9
2588,9,0,9
2589,9,0,9
2590,9,0,9
2591,9,0,9
2592,9,0,9
2593,9,0,9
2594,9,0,9
2595,9,0,9
2596,9,0,9
2597,9,0,9
2598,9,0,9
2599,9,0,9
2600,9,0,9
2601,9,0,9
2602,9,0,9
2603,9,0,9
2604,9,0,9
2605,9,0,9
2606,8,0,8
2607,7,0,7
2608,6,0,6
2609,6,0,6
2610,6,0,6
2611,6,0,6
2612,6,0,6
2613,6,0,6
2614,6,0,6
2615,6,0,6
2616,6,0,6
2617,6,0,6
2618,6,0,6
2619,6,0,6
2620,6,0,6
2621,6,0,6
2622,6,0,6
2623,6,0,6
2624,5,0,5
2625,5,0,5
2626,5,0,5
2627,5,0,5
2628,5,0,5
2629,5,0,5
2630,5,0,5
2631,6,0,6
2632,6,0,6
2633,6,0,6
2634,7,0,7
2635,7,0,7
2636,7,0,7
2637,7,0,7
2638,7,0,7
2639,7,0,7
2640,7,0,7
2641,7,0,7
2642,7,0,7
2643,7,0,7
2644,7,0,7
2645,7,0,7
2646,7,0,7
2647,7,0,7
2648,7,0,7
2649,7,0,7
2650,7,0,7
2651,7,0,7
2652,7,0,7
2653,7,0,7
2654,7,0,7
2655,7,0,7
2656,7,0,7
2657,7,0,7
2658,7,0,7
2659,7,0,7
2660,7,0,7
2661,7,0,7
2662,6,0,6
2663,5,0,5
2664,5,0,5
2665,5,0,5
2666,5,0,5
2667,5,0,5
2668,5,0,5
2669,5,0,5
2670,5,0,5
2671,5,0,5
2672,5,0,5
2673,5,0,5
2674,5,0,5
2675,5,0,5
2676,5,0,5
2677,5,0,5
2678,5,0,5
2679,5,0,5
2680,5,0,5
2681,5,0,5
2682,5,0,5
2683,5,0,5
2684,5,0,5
2685,5,0,5
2686,5,0,5
2687,5,0,5
2688,5,0,5
2689,5,0,5
2690,5,0,5
2691,5,0,5
2692,5,0,5
2693,5,0,5
2694,5,0,5
2695,5,0,5
2696,5,0,5
2697,5,0,5
2698,5,0,5
2699,5,0,5
2700,5,0,5
2701,5,0,5
2702,5,0,5
2703,5,0,5
2704,5,0,5
2705,5,0,5
2706,5,0,5
2707,5,0,5
2708,5,0,5
2709,5,0,5
2710,5,0,5
2711,5,0,5
2712,5,0,5
2713,5,0,5
2714,5,0,5
2715,5,0,5
2716,5,0,5
2717,5,0,5
2718,5,0,5
2719,5,0,5
2720,5,0,5
2721,4,0,4
2722,4,0,4
2723,4,0,4
2724,4,0,4
2725,4,0,4
2726,4,0,4
2727,4,0,4
2728,4,0,4
2729,4,0,4
2730,4,0,4
2731,4,0,4
2732,4,0,4
2733,4,0,4
2734,4,0,4
2735,4,0,4
2736,4,0,4
2737,4,0,4
2738,4,0,4
2739,4,0,4
2740,4,0,4
2741,4,0,4
2742,4,0,4
2743,4,0,4
2744,4,0,4
2745,4,0,4
2746,4,0,4
2747,4,0,4
2748,4,0,4
2749,4,0,4
2750,4,0,4
2751,4,0,4
2752,4,0,4
2753,4,0,4
2754,4,0,4
2755,4,0,4
2756,4,0,4
2757,4,0,4
2758,4,0,4
2759,4,0,4
2760,4,0,4
2761,4,0,4
2762,4,0,4
2763,4,0,4
2764,4,0,4
2765,4,0,4
2766,4,0,4
2767,4,0,4
2768,4,0,4
2769,4,0,4
2770,4,0,4
2771,4,0,4
2772,4,0,4
2773,4,0,4
2774,4,0,4
2775,4,0,4
2776,4,0,4
2777,4,0,4
2778,4,0,4
2779,4,0,4
2780,4,0,4
2781,4,0,4
2782,4,0,4
2783,4,0,4
2784,4,0,4
2785,4,0,4
2786,4,0,4
2787,4,0,4
2788,4,0,4
2789,4,0,4
2790,4,0,4
2791,4,0,4
2792,4,0,4
2793,4,0,4
2794,4,0,4
2795,4,0,4
2796,4,0,4
2797,4,0,4
2798,4,0,4
2799,4,0,4
2800,4,0,4
2801,4,0,4
2802,4,0,4
2803,4,0,4
2804,4,0,4
2805,4,0,4
2806,4,0,4
2807,4,0,4
2808,4,0,4
2809,4,0,4
2810,4,0,4
2811,4,0,4
2812,4,0,4
2813,4,0,4
2814,4,0,4
2815,4,0,4
2816,4,0,4
2817,5,0,5
2818,5,0,5
2819,5,0,5
2820,5,0,5
2821,5,0,5
2822,5,0,5
2823,5,0,5
2824,5,0,5
2825,5,0,5
2826,5,0,5
2827,5,0,5
2828,5,0,5
2829,5,0,5
2830,5,0,5
2831,5,0,5
2832,5,0,5
2833,5,0,5
2834,5,0,5
2835,5,0,5
2836,5,0,5
2837,5,0,5
2838,5,0,5
2839,5,0,5
2840,5,0,5
2841,5,0,5
2842,5,0,5
2843,6,0,6
2844,6,0,6
2845,6,0,6
2846,6,0,6
2847,6,0,6
2848,6,0,6
2849,6,0,6
2850,6,0,6
2851,6,0,6
2852,6,0,6
2853,6,0,6
2854,6,0,6
2855,6,0,6
2856,6,0,6
2857,6,0,6
2858,6,0,6
2859,6,0,6
2860,6,0,6
2861,6,0,6
2862,6,0,6
2863,6,0,6
2864,6,0,6
2865,6,0,6
2866,6,0,6
2867,6,0,6
2868,5,0,5
2869,5,0,5
2870,5,0,5
2871,5,0,5
2872,5,0,5
2873,5,0,5
2874,5,0,5
2875,5,0,5
2876,5,0,5
2877,5,0,5
2878,5,0,5
2879,5,0,5
2880,5,0,5
2881,5,0,5
2882,5,0,5
2883,5,0,5
2884,5,0,5
2885,4,0,4
2886,4,0,4
2887,4,0,4
2888,4,0,4
2889,4,0,4
2890,4,0,4
2891,4,0,4
2892,4,0,4
2893,4,0,4
2894,4,0,4
2895,4,0,4
2896,4,0,4
2897,4,0,4
2898,4,0,4
2899,4,0,4
2900,4,0,4
2901,4,0,4
2902,4,0,4
2903,4,0,4
2904,4,0,4
2905,4,0,4
2906,4,0,4
2907,4,0,4
2908,4,0,4
2909,3,0,3
2910,3,0,3
2911,3,0,3
2912,3,0,3
2913,3,0,3
2914,3,0,3
2915,3,0,3
2916,3,0,3
2917,3,0,3
2918,3,0,3
2919,3,0,3
2920,3,0,3
2921,3,0,3
2922,3,0,3
2923,3,0,3
2924,3,0,3
2925,3,0,3
2926,3,0,3
2927,3,0,3
2928,3,0,3
2929,3,0,3
2930,3,0,3
2931,3,0,3
2932,3,0,3
2933,3,0,3
2934,3,0,3
2935,3,0,3
2936,3,0,3
2937,3,0,3
2938,3,0,3
2939,3,0,3
2940,3,0,3
2941,3,0,3
2942,3,0,3
2943,3,0,3
2944,3,0,3
2945,3,0,3
2946,3,0,3
2947,3,0,3
2948,3,0,3
2949,3,0,3
2950,3,0,3
2951,3,0,3
2952,3,0,3
2953,3,0,3
2954,3,0,3
2955,3,0,3
2956,3,0,3
2957,3,0,3
2958,3,0,3
2959,3,0,3
2960,3,0,3
2961,3,0,3
2962,3,0,3
2963,3,0,3
2964,3,0,3
2965,3,0,3
2966,3,0,3
2967,3,0,3
2968,3,0,3
2969,3,0,3
2970,3,0,3
2971,3,0,3
2972,3,0,3
2973,3,0,3
2974,3,0,3
2975,3,0,3
2976,3,0,3
2977,3,0,3
2978,3,0,3
2979,3,0,3
2980,3,0,3
2981,3,0,3
2982,3,0,3
2983,3,0,3
2984,3,0,3
2985,3,0,3
2986,3,0,3
2987,3,0,3
2988,3,0,3
2989,3,0,3
2990,3,0,3
2991,3,0,3
2992,3,0,3
2993,4,0,4
2994,4,0,4
2995,5,0,5
2996,5,0,5
2997,5,0,5
2998,5,0,5
2999,5,0,5
3000,5,0,5
3001,5,0,5
3002,5,0,5
3003,5,0,5
3004,5,0,5
3005,6,0,6
3006,6,0,6
3007,6,0,6
3008,6,0,6
3009,6,0,6
3010,7,0,7
3011,7,0,7
3012,7,0,7
3013,7,0,7
3014,7,0,7
3015,7,0,7
3016,7,0,7
3017,7,0,7
3018,7,0,7
3019,7,0,7
3020,7,0,7
3021,7,0,7
3022,7,0,7
3023,7,0,7
3024,7,0,7
3025,7,0,7
3026,7,0,7
3027,7,0,7
3028,7,0,7
3029,7,0,7
3030,7,0,7
3031,7,0,7
3032,7,0,7
3033,7,0,7
3034,7,0,7
3035,7,0,7
3036,7,0,7
3037,7,0,7
3038,7,0,7
3039,7,0,7
3040,7,0,7
3041,7,0,7
3042,7,0,7
3043,7,0,7
3044,7,0,7
3045,6,0,6
3046,6,0,6
3047,6,0,6
3048,6,0,6
3049,6,0,6
3050,6,0,6
3051,6,0,6
3052,6,0,6
3053,6,0,6
3054,6,0,6
3055,6,0,6
3056,6,0,6
3057,6,0,6
3058,6,0,6
3059,5,0,5
3060,5,0,5
3061,5,0,5
3062,5,0,5
3063,5,0,5
3064,5,0,5
3065,5,0,5
3066,5,0,5
3067,5,0,5
3068,5,0,5
3069,5,0,5
3070,5,0,5
3071,5,0,5
3072,5,0,5
3073,5,0,5
3074,5,0,5
3075,5,0,5
3076,5,0,5
3077,5,0,5
3078,5,0,5
3079,5,0,5
3080,5,0,5
3081,5,0,5
3082,5,0,5
3083,5,0,5
3084,5,0,5
3085,5,0,5
3086,5,0,5
3087,5,0,5
3088,5,0,5
3089,5,0,5
3090,5,0,5
3091,5,0,5
3092,5,0,5
3093,5,0,5
3094,5,0,5
3095,5,0,5
3096,5,0,5
3097,5,0,5
3098,5,0,5
3099,5,0,5
3100,5,0,5
3101,5,0,5
3102,5,0,5
3103,5,0,5
3104,5,0,5
3105,5,0,5
3106,5,0,5
3107,5,0,5
3108,5,0,5
3109,5,0,5
3110,5,0,5
3111,5,0,5
3112,5,0,5
3113,5,0,5
3114,5,0,5
3115,5,0,5
3116,5,0,5
3117,5,0,5
3118,5,0,5
3119,5,0,5
3120,5,0,5
3121,5,0,5
3122,5,0,5
3123,5,0,5
3124,5,0,5
3125,5,0,5
3126,5,0,5
3127,5,0,5
3128,5,0,5
3129,5,0,5
3130,5,0,5
3131,5,0,5
3132,5,0,5
3133,5,0,5
3134,5,0,5
3135,5,0,5
3136,5,0,5
3137,5,0,5
3138,5,0,5
3139,5,0,5
3140,5,0,5
3141,5,0,5
3142,5,0,5
3143,5,0,5
3144,5,0,5
3145,5,0,5
3146,5,0,5
3147,5,0,5
3148,5,0,5
3149,5,0,5
3150,5,0,5
3151,5,0,5
3152,5,0,5
3153,5,0,5
3154,5,0,5
3155,5,0,5
3156,5,0,5
3157,5,0,5
3158,5,0,5
3159,5,0,5
3160,5,0,5
3161,5,0,5
3162,5,0,5
3163,5,0,5
3164,5,0,5
3165,5,0,5
3166,5,0,5
3167,5,0,5
3168,5,0,5
3169,5,0,5
3170,5,0,5
3171,5,0,5
3172,5,0,5
3173,5,0,5
3174,5,0,5
3175,5,0,5
3176,5,0,5
3177,4,0,4
3178,4,0,4
3179,4,0,4
3180,4,0,4
3181,4,0,4
3182,4,0,4
3183,4,0,4
3184,4,0,4
3185,4,0,4
3186,4,0,4
3187,4,0,4
3188,4,0,4
3189,4,0,4
3190,4,0,4
3191,4,0,4
3192,4,0,4
3193,4,0,4
3194,4,0,4
3195,4,0,4
3196,4,0,4
3197,4,0,4
3198,4,0,4
3199,4,0,4
3200,4,0,4
3201,4,0,4
3202,4,0,4
3203,4,0,4
3204,4,0,4
3205,4,0,4
3206,4,0,4
3207,4,0,4
3208,4,0,4
3209,4,0,4
3210,4,0,4
3211,4,0,4
3212,5,0,5
3213,5,0,5
3214,5,0,5
3215,5,0,5
3216,5,0,5
3217,5,0,5
3218,5,0,5
3219,5,0,5
3220,5,0,5
3221,6,0,6
3222,6,0,6
3223,6,0,6
3224,6,0,6
3225,6,0,6
3226,6,0,6
3227,6,0,6
3228,6,0,6
3229,6,0,6
3230,6,0,6
3231,6,0,6
3232,6,0,6
3233,5,0,5
3234,5,0,5
3235,5,0,5
3236,5,0,5
3237,5,0,5
3238,5,0,5
3239,5,0,5
3240,5,0,5
3241,5,0,5
3242,5,0,5
3243,5,0,5
3244,5,0,5
3245,5,0,5
3246,5,0,5
3247,5,0,5
3248,5,0,5
3249,5,0,5
3250,5,0,5
3251,5,0,5
3252,5,0,5
3253,5,0,5
3254,5,0,5
3255,5,0,5
3256,5,0,5
3257,5,0,5
3258,7,0,7
3259,8,0,8
3260,8,0,8
3261,8,0,8
3262,8,0,8
3263,8,0,8
3264,8,0,8
3265,8,0,8
3266,8,0,8
3267,7,0,7
3268,7,0,7
3269,7,0,7
3270,7,0,7
3271,7,0,7
3272,7,0,7
3273,7,0,7
3274,7,0,7
3275,7,0,7
3276,7,0,7
3277,7,0,7
3278,7,0,7
3279,8,0,8
3280,8,0,8
3281,8,0,8
3282,8,0,8
3283,8,0,8
3284,8,0,8
3285,8,0,8
3286,9,0,9
3287,9,0,9
3288,9,0,9
3289,9,0,9
3290,9,0,9
3291,9,0,9
3292,9,0,9
3293,9,0,9
3294,9,0,9
3295,8,0,8
3296,8,0,8
3297,8,0,8
3298,8,0,8
3299,8,0,8
3300,8,0,8
3301,7,0,7
3302,7,0,7
3303,7,0,7
3304,7,0,7
3305,7,0,7
3306,7,0,7
3307,7,0,7
3308,7,0,7
3309,7,0,7
3310,7,0,7
3311,7,0,7
3312,7,0,7
3313,7,0,7
3314,7,0,7
3315,7,0,7
3316,7,0,7
3317,7,0,7
3318,7,0,7
3319,7,0,7
3320,7,0,7
3321,7,0,7
3322,7,0,7
3323,7,0,7
3324,7,0,7
3325,7,0,7
3326,7,0,7
3327,7,0,7
3328,7,0,7
3329,6,0,6
3330,6,0,6
3331,6,0,6
3332,5,0,5
3333,5,0,5
3334,5,0,5
3335,5,0,5
3336,5,0,5
3337,5,0,5
3338,5,0,5
3339,5,0,5
3340,5,0,5
3341,5,0,5
3342,5,0,5
3343,5,0,5
3344,5,0,5
3345,5,0,5
3346,5,0,5
3347,5,0,5
3348,5,0,5
3349,5,0,5
3350,5,0,5
3351,5,0,5
3352,5,0,5
3353,5,0,5
3354,5,0,5
3355,6,0,6
3356,6,0,6
3357,6,0,6
3358,6,0,6
3359,6,0,6
3360,6,0,6
3361,6,0,6
3362,5,0,5
3363,5,0,5
3364,5,0,5
3365,5,0,5
3366,5,0,5
3367,5,0,5
3368,5,0,5
3369,5,0,5
3370,5,0,5
3371,5,0,5
3372,5,0,5
3373,5,0,5
3374,5,0,5
3375,5,0,5
3376,4,0,4
3377,4,0,4
3378,4,0,4
3379,4,0,4
3380,4,0,4
3381,4,0,4
3382,4,0,4
3383,4,0,4
3384,4,0,4
3385,4,0,4
3386,4,0,4
3387,3,0,3
3388,3,0,3
3389,3,0,3
3390,3,0,3
3391,3,0,3
3392,3,0,3
3393,4,0,4
3394,4,0,4
3395,4,0,4
3396,4,0,4
3397,4,0,4
3398,4,0,4
3399,4,0,4
3400,4,0,4
3401,4,0,4
3402,4,0,4
3403,4,0,4
3404,4,0,4
3405,4,0,4
3406,4,0,4
3407,4,0,4
3408,4,0,4
3409,4,0,4
3410,4,0,4
3411,4,0,4
3412,4,0,4
3413,4,0,4
3414,4,0,4
3415,4,0,4
3416,4,0,4
3417,4,0,4
3418,4,0,4
3419,4,0,4
3420,4,0,4
3421,4,0,4
3422,4,0,4
3423,4,0,4
3424,4,0,4
3425,4,0,4
3426,4,0,4
3427,4,0,4
3428,4,0,4
3429,4,0,4
3430,4,0,4
3431,4,0,4
3432,4,0,4
3433,4,0,4
3434,4,0,4
3435,4,0,4
3436,4,0,4
3437,5,0,5
3438,5,0,5
3439,4,0,4
3440,4,0,4
3441,4,0,4
3442,4,0,4
3443,4,0,4
3444,5,0,5
3445,5,0,5
3446,5,0,5
3447,5,0,5
3448,5,0,5
3449,5,0,5
3450,5,0,5
3451,5,0,5
3452,5,0,5
3453,5,0,5
3454,5,0,5
3455,5,0,5
3456,5,0,5
3457,5,0,5
3458,5,0,5
3459,5,0,5
3460,5,0,5
3461,5,0,5
3462,5,0,5
3463,5,0,5
3464,5,0,5
3465,5,0,5
3466,5,0,5
3467,5,0,5
3468,5,0,5
3469,5,0,5
3470,5,0,5
3471,5,0,5
3472,5,0,5
3473,5,0,5
3474,5,0,5
3475,5,0,5
3476,5,0,5
3477,4,0,4
3478,4,0,4
3479,4,0,4
3480,4,0,4
3481,4,0,4
3482,4,0,4
3483,4,0,4
3484,4,0,4
3485,4,0,4
3486,4,0,4
3487,4,0,4
3488,4,0,4
3489,4,0,4
3490,4,0,4
3491,4,0,4
3492,5,0,5
3493,5,0,5
3494,5,0,5
3495,5,0,5
3496,5,0,5
3497,5,0,5
3498,5,0,5
3499,5,0,5
3500,5,0,5
3501,5,0,5
3502,5,0,5
3503,5,0,5
3504,5,0,5
3505,5,0,5
3506,5,0,5
3507,5,0,5
3508,5,0,5
3509,5,0,5
3510,5,0,5
3511,5,0,5
3512,5,0,5
3513,5,0,5
3514,4,0,4
3515,4,0,4
3516,4,0,4
3517,4,0,4
3518,4,0,4
3519,4,0,4
3520,4,0,4
3521,4,0,4
3522,4,0,4
3523,4,0,4
3524,4,0,4
3525,4,0,4
3526,4,0,4
3527,4,0,4
3528,4,0,4
3529,4,0,4
3530,4,0,4
3531,4,0,4
3532,4,0,4
3533,4,0,4
3534,4,0,4
3535,4,0,4
3536,4,0,4
3537,4,0,4
3538,3,0,3
3539,3,0,3
3540,3,0,3
3541,3,0,3
3542,3,0,3
3543,3,0,3
3544,3,0,3
3545,3,0,3
3546,3,0,3
3547,3,0,3
3548,3,0,3
3549,3,0,3
3550,3,0,3
3551,3,0,3
3552,3,0,3
3553,3,0,3
3554,3,0,3
3555,3,0,3
3556,3,0,3
3557,4,0,4
3558,4,0,4
3559,4,0,4
3560,4,0,4
3561,4,0,4
3562,4,0,4
3563,4,0,4
3564,4,0,4
3565,4,0,4
3566,4,0,4
3567,4,0,4
3568,4,0,4
3569,4,0,4
3570,3,0,3
3571,3,0,3
3572,3,0,3
3573,3,0,3
3574,3,0,3
3575,3,0,3
3576,3,0,3
3577,3,0,3
3578,3,0,3
3579,3,0,3
3580,3,0,3
3581,3,0,3
3582,3,0,3
3583,3,0,3
3584,3,0,3
3585,3,0,3
3586,3,0,3
3587,3,0,3
3588,3,0,3
3589,3,0,3
3590,3,0,3
3591,4,0,4
3592,4,0,4
3593,4,0,4
3594,4,0,4
3595,4,0,4
3596,4,0,4
3597,4,0,4
3598,4,0,4
3599,4,0,4
3600,4,0,4
3601,4,0,4
3602,4,0,4
3603,4,0,4
3604,4,0,4
3605,4,0,4
3606,4,0,4
3607,4,0,4
3608,6,0,6
3609,6,0,6
3610,6,0,6
3611,6,0,6
3612,7,0,7
3613,7,0,7
3614,7,0,7
3615,7,0,7
3616,7,0,7
3617,7,0,7
3618,7,0,7
3619,7,0,7
3620,7,0,7
3621,7,0,7
3622,7,0,7
3623,7,0,7
3624,7,0,7
3625,7,0,7
3626,7,0,7
3627,7,0,7
3628,7,0,7
3629,7,0,7
3630,7,0,7
3631,7,0,7
3632,7,0,7
3633,7,0,7
3634,7,0,7
3635,7,0,7
3636,7,0,7
3637,7,0,7
3638,7,0,7
3639,7,0,7
3640,7,0,7
3641,7,0,7
3642,7,0,7
3643,7,0,7
3644,7,0,7
3645,7,0,7
3646,7,0,7
3647,7,0,7
3648,7,0,7
3649,7,0,7
3650,7,0,7
3651,7,0,7
3652,7,0,7
3653,7,0,7
3654,7,0,7
3655,7,0,7
3656,7,0,7
3657,7,0,7
3658,7,0,7
3659,7,0,7
3660,7,0,7
3661,7,0,7
3662,7,0,7
3663,7,0,7
3664,7,0,7
3665,7,0,7
3666,7,0,7
3667,7,0,7
3668,7,0,7
3669,7,0,7
3670,7,0,7
3671,7,0,7
3672,7,0,7
3673,8,0,8
3674,9,0,9
3675,9,0,9
3676,9,0,9
3677,9,0,9
3678,8,0,8
3679,8,0,8
3680,8,0,8
3681,8,0,8
3682,8,0,8
3683,7,0,7
3684,8,0,8
3685,8,0,8
3686,8,0,8
3687,8,0,8
3688,7,0,7
3689,7,0,7
3690,7,0,7
3691,7,0,7
3692,6,0,6
3693,6,0,6
3694,6,0,6
3695,6,0,6
3696,6,0,6
3697,6,0,6
3698,6,0,6
3699,6,0,6
3700,6,0,6
3701,6,0,6
3702,6,0,6
3703,6,0,6
3704,6,0,6
3705,6,0,6
3706,6,0,6
3707,6,0,6
3708,6,0,6
3709,6,0,6
3710,6,0,6
3711,7,0,7
3712,7,0,7
3713,7,0,7
3714,7,0,7
3715,7,0,7
3716,7,0,7
3717,7,0,7
3718,7,0,7
3719,7,0,7
3720,7,0,7
3721,7,0,7
3722,7,0,7
3723,7,0,7
3724,7,0,7
3725,7,0,7
3726,8,0,8
3727,8,0,8
3728,8,0,8
3729,8,0,8
3730,8,0,8
3731,8,0,8
3732,8,0,8
3733,8,0,8
3734,8,0,8
3735,8,0,8
3736,8,0,8
3737,8,0,8
3738,8,0,8
3739,8,0,8
3740,8,0,8
3741,8,0,8
3742,8,0,8
3743,8,0,8
3744,8,0,8
3745,8,0,8
3746,8,0,8
3747,8,0,8
3748,8,0,8
3749,8,0,8
3750,8,0,8
3751,8,0,8
3752,8,0,8
3753,8,0,8
3754,8,0,8
3755,8,0,8
3756,9,0,9
3757,9,0,9
3758,9,0,9
3759,9,0,9
3760,9,0,9
3761,9,0,9
3762,9,0,9
3763,9,0,9
3764,9,0,9
3765,9,0,9
3766,9,0,9
3767,9,0,9
3768,9,0,9
3769,9,0,9
3770,9,0,9
3771,9,0,9
3772,9,0,9
3773,9,0,9
3774,8,0,8
3775,8,0,8
3776,8,0,8
3777,8,0,8
3778,8,0,8
3779,8,0,8
3780,8,0,8
3781,8,0,8
3782,8,0,8
3783,8,0,8
3784,8,0,8
3785,8,0,8
3786,8,0,8
3787,8,0,8
3788,8,0,8
3789,8,0,8
3790,8,0,8
3791,8,0,8
3792,8,0,8
3793,8,0,8
3794,8,0,8
3795,7,0,7
3796,6,0,6
3797,6,0,6
3798,6,0,6
3799,6,0,6
3800,6,0,6
3801,4,0,4
3802,4,0,4
3803,4,0,4
3804,4,0,4
3805,4,0,4
3806,4,0,4
3807,4,0,4
3808,4,0,4
3809,4,0,4
3810,4,0,4
3811,4,0,4
3812,4,0,4
3813,4,0,4
3814,4,0,4
3815,4,0,4
3816,4,0,4
3817,4,0,4
3818,4,0,4
3819,4,0,4
3820,4,0,4
3821,4,0,4
3822,4,0,4
3823,4,0,4
3824,4,0,4
3825,3,0,3
3826,3,0,3
3827,3,0,3
3828,3,0,3
3829,3,0,3
3830,3,0,3
3831,3,0,3
3832,3,0,3
3833,3,0,3
3834,3,0,3
3835,3,0,3
3836,3,0,3
3837,3,0,3
3838,3,0,3
3839,3,0,3
3840,3,0,3
3841,3,0,3
3842,3,0,3
3843,3,0,3
3844,3,0,3
3845,3,0,3
3846,3,0,3
3847,3,0,3
3848,3,0,3
3849,3,0,3
3850,3,0,3
3851,3,0,3
3852,3,0,3
3853,3,0,3
3854,4,0,4
3855,4,0,4
3856,4,0,4
3857,4,0,4
3858,4,0,4
3859,4,0,4
3860,4,0,4
3861,4,0,4
3862,4,0,4
3863,4,0,4
3864,4,0,4
3865,4,0,4
3866,4,0,4
3867,4,0,4
3868,4,0,4
3869,4,0,4
3870,4,0,4
3871,4,0,4
3872,4,0,4
3873,4,0,4
3874,4,0,4
3875,4,0,4
3876,4,0,4
3877,4,0,4
3878,4,0,4
3879,4,0,4
3880,4,0,4
3881,4,0,4
3882,4,0,4
3883,4,0,4
3884,4,0,4
3885,4,0,4
3886,4,0,4
3887,4,0,4
3888,4,0,4
3889,4,0,4
3890,4,0,4
3891,4,0,4
3892,4,0,4
3893,4,0,4
3894,4,0,4
3895,4,0,4
3896,4,0,4
3897,4,0,4
3898,4,0,4
3899,4,0,4
3900,4,0,4
3901,4,0,4
3902,4,0,4
3903,4,0,4
3904,4,0,4
3905,4,0,4
3906,4,0,4
3907,4,0,4
3908,4,0,4
3909,4,0,4
3910,4,0,4
3911,4,0,4
3912,4,0,4
3913,4,0,4
3914,4,0,4
3915,4,0,4
3916,4,0,4
3917,4,0,4
3918,4,0,4
3919,4,0,4
3920,4,0,4
3921,4,0,4
3922,4,0,4
3923,4,0,4
3924,4,0,4
3925,4,0,4
3926,4,0,4
3927,4,0,4
3928,4,0,4
3929,4,0,4
3930,4,0,4
3931,4,0,4
3932,4,0,4
3933,4,0,4
3934,4,0,4
3935,4,0,4
3936,4,0,4
3937,4,0,4
3938,4,0,4
3939,4,0,4
3940,4,0,4
3941,4,0,4
3942,4,0,4
3943,4,0,4
3944,4,0,4
3945,4,0,4
3946,4,0,4
3947,4,0,4
3948,4,0,4
3949,4,0,4
3950,4,0,4
3951,4,0,4
3952,4,0,4
3953,4,0,4
3954,4,0,4
3955,4,0,4
3956,4,0,4
3957,4,0,4
3958,4,0,4
3959,4,0,4
3960,4,0,4
3961,4,0,4
3962,4,0,4
3963,4,0,4
3964,4,0,4
3965,4,0,4
3966,4,0,4
3967,4,0,4
3968,4,0,4
3969,4,0,4
3970,4,0,4
3971,4,0,4
3972,4,0,4
3973,4,0,4
3974,4,0,4
3975,4,0,4
3976,4,0,4
3977,4,0,4
3978,4,0,4
3979,4,0,4
3980,4,0,4
3981,4,0,4
3982,4,0,4
3983,4,0,4
3984,4,0,4
3985,4,0,4
3986,4,0,4
3987,3,0,3
3988,3,0,3
3989,3,0,3
3990,3,0,3
3991,3,0,3
3992,3,0,3
3993,3,0,3
3994,3,0,3
3995,3,0,3
3996,3,0,3
3997,3,0,3
3998,3,0,3
3999,3,0,3
4000,3,0,3
4001,3,0,3
4002,3,0,3
4003,3,0,3
4004,3,0,3
4005,3,0,3
4006,3,0,3
4007,3,0,3
4008,3,0,3
4009,3,0,3
4010,3,0,3
4011,3,0,3
4012,3,0,3
4013,3,0,3
4014,3,0,3
4015,3,0,3
4016,3,0,3
4017,3,0,3
4018,3,0,3
4019,3,0,3
4020,3,0,3
4021,3,0,3
4022,3,0,3
4023,3,0,3
4024,3,0,3
4025,3,0,3
4026,3,0,3
4027,3,0,3
4028,3,0,3
4029,3,0,3
4030,3,0,3
4031,3,0,3
4032,3,0,3
4033,3,0,3
4034,3,0,3
4035,3,0,3
4036,3,0,3
4037,3,0,3
4038,3,0,3
4039,3,0,3
4040,3,0,3
4041,3,0,3
4042,3,0,3
4043,3,0,3
4044,3,0,3
4045,3,0,3
4046,3,0,3
4047,3,0,3
4048,3,0,3
4049,3,0,3
4050,3,0,3
4051,3,0,3
4052,3,0,3
4053,3,0,3
4054,3,0,3
4055,3,0,3
4056,3,0,3
4057,3,0,3
4058,3,0,3
4059,3,0,3
4060,3,0,3
4061,3,0,3
4062,3,0,3
4063,3,0,3
4064,3,0,3
4065,3,0,3
4066,3,0,3
4067,3,0,3
4068,3,0,3
4069,3,0,3
4070,3,0,3
4071,3,0,3
4072,3,0,3
4073,3,0,3
4074,3,0,3
4075,3,0,3
4076,3,0,3
4077,3,0,3
4078,3,0,3
4079,3,0,3
4080,3,0,3
4081,3,0,3
4082,3,0,3
4083,3,0,3
4084,3,0,3
4085,3,0,3
4086,3,0,3
4087,3,0,3
4088,3,0,3
4089,3,0,3
4090,3,0,3
4091,3,0,3
4092,3,0,3
4093,3,0,3
4094,3,0,3
4095,3,0,3
4096,2,0,2
4097,2,0,2
4098,2,0,2
4099,2,0,2
4100,2,0,2
4101,2,0,2
4102,2,0,2
4103,2,0,2
4104,2,0,2
4105,2,0,2
4106,2,0,2
4107,2,0,2
4108,2,0,2
4109,2,0,2
4110,2,0,2
4111,2,0,2
4112,2,0,2
4113,2,0,2
4114,2,0,2
4115,2,0,2
4116,2,0,2
4117,2,0,2
4118,2,0,2
4119,2,0,2
4120,2,0,2
4121,2,0,2
4122,2,0,2
4123,2,0,2
4124,2,0,2
4125,2,0,2
4126,2,0,2
4127,2,0,2
4128,2,0,2
4129,2,0,2
4130,2,0,2
4131,2,0,2
4132,2,0,2
4133,2,0,2
4134,2,0,2
4135,2,0,2
4136,2,0,2
4137,2,0,2
4138,2,0,2
4139,2,0,2
4140,2,0,2
4141,2,0,2
4142,2,0,2
4143,2,0,2
4144,2,0,2
4145,2,0,2
4146,2,0,2
4147,2,0,2
4148,2,0,2
4149,2,0,2
4150,2,0,2
4151,2,0,2
4152,2,0,2
4153,2,0,2
4154,2,0,2
4155,2,0,2
4156,2,0,2
4157,2,0,2
4158,2,0,2
4159,2,0,2
4160,2,0,2
4161,2,0,2
4162,2,0,2
4163,2,0,2
4164,2,0,2
4165,2,0,2
4166,2,0,2
4167,2,0,2
4168,2,0,2
4169,2,0,2
4170,2,0,2
4171,2,0,2
4172,2,0,2
4173,2,0,2
4174,2,0,2
4175,2,0,2
4176,2,0,2
4177,2,0,2
4178,2,0,2
4179,2,0,2
4180,2,0,2
4181,2,0,2
4182,2,0,2
4183,2,0,2
4184,2,0,2
4185,2,0,2
4186,2,0,2
4187,2,0,2
4188,2,0,2
4189,2,0,2
4190,2,0,2
4191,2,0,2
4192,2,0,2
4193,2,0,2
4194,2,0,2
4195,2,0,2
4196,2,0,2
4197,2,0,2
4198,2,0,2
4199,2,0,2
4200,2,0,2
4201,2,0,2
4202,2,0,2
4203,2,0,2
4204,2,0,2
4205,2,0,2
4206,2,0,2
4207,2,0,2
4208,2,0,2
4209,2,0,2
4210,2,0,2
4211,2,0,2
4212,2,0,2
4213,2,0,2
4214,2,0,2
4215,2,0,2
4216,2,0,2
4217,2,0,2
4218,2,0,2
4219,2,0,2
4220,2,0,2
4221,2,0,2
4222,3,0,3
4223,3,0,3
4224,3,0,3
4225,3,0,3
4226,3,0,3
4227,3,0,3
4228,3,0,3
4229,3,0,3
4230,3,0,3
4231,3,0,3
4232,3,0,3
4233,3,0,3
4234,3,0,3
4235,3,0,3
4236,3,0,3
4237,3,0,3
4238,3,0,3
4239,3,0,3
4240,3,0,3
4241,3,0,3
4242,3,0,3
4243,3,0,3
4244,3,0,3
4245,3,0,3
4246,3,0,3
4247,3,0,3
4248,3,0,3
4249,3,0,3
4250,3,0,3
4251,3,0,3
4252,3,0,3
4253,3,0,3
4254,3,0,3
4255,3,0,3
4256,3,0,3
4257,3,0,3
4258,3,0,3
4259,3,0,3
4260,3,0,3
4261,3,0,3
4262,3,0,3
4263,3,0,3
4264,3,0,3
4265,3,0,3
4266,3,0,3
4267,3,0,3
4268,3,0,3
4269,3,0,3
4270,3,0,3
4271,4,0,4
4272,4,0,4
4273,4,0,4
4274,4,0,4
4275,4,0,4
4276,4,0,4
4277,4,0,4
4278,4,0,4
4279,4,0,4
4280,4,0,4
4281,4,0,4
4282,3,0,3
4283,3,0,3
4284,3,0,3
4285,3,0,3
4286,3,0,3
4287,3,0,3
4288,3,0,3
4289,3,0,3
4290,3,0,3
4291,3,0,3
4292,3,0,3
4293,3,0,3
4294,3,0,3
4295,3,0,3
4296,3,0,3
4297,3,0,3
4298,3,0,3
4299,3,0,3
4300,3,0,3
4301,3,0,3
4302,3,0,3
4303,3,0,3
4304,3,0,3
4305,3,0,3
4306,3,0,3
4307,3,0,3
4308,3,0,3
4309,3,0,3
4310,3,0,3
4311,3,0,3
4312,3,0,3
4313,3,0,3
4314,3,0,3
4315,3,0,3
4316,3,0,3
4317,3,0,3
4318,3,0,3
4319,3,0,3
4320,3,0,3
4321,4,0,4
4322,4,0,4
4323,4,0,4
4324,4,0,4
4325,4,0,4
4326,4,0,4
4327,4,0,4
4328,4,0,4
4329,4,0,4
4330,4,0,4
4331,4,0,4
4332,4,0,4
4333,4,0,4
4334,4,0,4
4335,4,0,4
4336,4,0,4
4337,4,0,4
4338,4,0,4
4339,4,0,4
4340,4,0,4
4341,4,0,4
4342,4,0,4
4343,4,0,4
4344,4,0,4
4345,5,0,5
4346,5,0,5
4347,5,0,5
4348,5,0,5
4349,5,0,5
4350,5,0,5
4351,5,0,5
4352,5,0,5
4353,5,0,5
4354,6,0,6
4355,6,0,6
4356,6,0,6
4357,6,0,6
4358,6,0,6
4359,6,0,6
4360,6,0,6
4361,6,0,6
4362,6,0,6
4363,5,0,5
4364,5,0,5
4365,5,0,5
4366,5,0,5
4367,5,0,5
4368,5,0,5
4369,5,0,5
4370,5,0,5
4371,5,0,5
4372,5,0,5
4373,5,0,5
4374,5,0,5
4375,5,0,5
4376,5,0,5
4377,5,0,5
4378,5,0,5
4379,5,0,5
4380,6,0,6
4381,6,0,6
4382,6,0,6
4383,6,0,6
4384,6,0,6
4385,6,0,6
4386,6,0,6
4387,6,0,6
4388,6,0,6
4389,5,0,5
4390,5,0,5
4391,5,0,5
4392,5,0,5
4393,5,0,5
4394,5,0,5
4395,5,0,5
4396,5,0,5
4397,5,0,5
4398,5,0,5
4399,5,0,5
4400,5,0,5
4401,5,0,5
4402,5,0,5
4403,5,0,5
4404,5,0,5
4405,5,0,5
4406,5,0,5
4407,5,0,5
4408,5,0,5
4409,5,0,5
4410,5,0,5
4411,5,0,5
4412,5,0,5
4413,5,0,5
4414,5,0,5
4415,5,0,5
4416,5,0,5
4417,5,0,5
4418,5,0,5
4419,5,0,5
4420,5,0,5
4421,5,0,5
4422,5,0,5
4423,5,0,5
4424,5,0,5
4425,5,0,5
4426,5,0,5
4427,5,0,5
4428,5,0,5
4429,5,0,5
4430,5,0,5
4431,6,0,6
4432,6,0,6
4433,7,0,7
4434,7,0,7
4435,7,0,7
4436,7,0,7
4437,7,0,7
4438,7,0,7
4439,7,0,7
4440,7,0,7
4441,7,0,7
4442,7,0,7
4443,7,0,7
4444,7,0,7
4445,7,0,7
4446,7,0,7
4447,7,0,7
4448,7,0,7
4449,7,0,7
4450,7,0,7
4451,7,0,7
4452,7,0,7
4453,7,0,7
4454,7,0,7
4455,7,0,7
4456,7,0,7
4457,7,0,7
4458,6,0,6
4459,6,0,6
4460,6,0,6
4461,6,0,6
4462,6,0,6
4463,6,0,6
4464,6,0,6
4465,6,0,6
4466,6,0,6
4467,6,0,6
4468,6,0,6
4469,5,0,5
4470,5,0,5
4471,5,0,5
4472,5,0,5
4473,5,0,5
4474,5,0,5
4475,5,0,5
4476,5,0,5
4477,5,0,5
4478,5,0,5
4479,5,0,5
4480,5,0,5
4481,5,0,5
4482,5,0,5
4483,5,0,5
4484,5,0,5
4485,5,0,5
4486,5,0,5
4487,5,0,5
4488,5,0,5
4489,5,0,5
4490,5,0,5
4491,5,0,5
4492,5,0,5
4493,5,0,5
4494,6,0,6
4495,7,0,7
4496,7,0,7
4497,7,0,7
4498,7,0,7
4499,8,0,8
4500,8,0,8
4501,8,0,8
4502,8,0,8
4503,8,0,8
4504,8,0,8
4505,8,0,8
4506,8,0,8
4507,8,0,8
4508,7,0,7
4509,8,0,8
4510,8,0,8
4511,8,0,8
4512,8,0,8
4513,8,0,8
4514,8,0,8
4515,8,0,8
4516,8,0,8
4517,8,0,8
4518,8,0,8
4519,8,0,8
4520,8,0,8
4521,7,0,7
4522,7,0,7
4523,7,0,7
4524,7,0,7
4525,6,0,6
4526,6,0,6
4527,6,0,6
4528,6,0,6
4529,6,0,6
4530,6,0,6
4531,6,0,6
4532,6,0,6
4533,6,0,6
4534,6,0,6
4535,6,0,6
4536,6,0,6
4537,6,0,6
4538,6,0,6
4539,7,0,7
4540,7,0,7
4541,7,0,7
4542,7,0,7
4543,7,0,7
4544,7,0,7
4545,7,0,7
4546,7,0,7
4547,7,0,7
4548,7,0,7
4549,7,0,7
4550,7,0,7
4551,7,0,7
4552,7,0,7
4553,7,0,7
4554,7,0,7
4555,7,0,7
4556,7,0,7
4557,8,0,8
4558,8,0,8
4559,8,0,8
4560,9,0,9
4561,9,0,9
4562,9,0,9
4563,9,0,9
4564,9,0,9
4565,8,0,8
4566,8,0,8
4567,8,0,8
4568,8,0,8
4569,8,0,8
4570,8,0,8
4571,8,0,8
4572,8,0,8
4573,8,0,8
4574,8,0,8
4575,8,0,8
4576,8,0,8
4577,8,0,8
4578,8,0,8
4579,8,0,8
4580,8,0,8
4581,8,0,8
4582,8,0,8
4583,8,0,8
4584,8,0,8
4585,8,0,8
4586,8,0,8
4587,8,0,8
4588,8,0,8
4589,8,0,8
4590,8,0,8
4591,8,0,8
4592,8,0,8
4593,8,0,8
4594,8,0,8
4595,8,0,8
4596,8,0,8
4597,8,0,8
4598,8,0,8
4599,8,0,8
4600,8,0,8
4601,8,0,8
4602,8,0,8
4603,8,0,8
4604,8,0,8
4605,8,0,8
4606,8,0,8
4607,8,0,8
4608,7,0,7
4609,7,0,7
4610,7,0,7
4611,7,0,7
4612,7,0,7
4613,9,0,9
4614,9,0,9
4615,9,0,9
4616,9,0,9
4617,9,0,9
4618,9,0,9
4619,9,0,9
4620,9,0,9
4621,8,0,8
4622,8,0,8
4623,8,0,8
4624,8,0,8
4625,8,0,8
4626,7,0,7
4627,8,0,8
4628,8,0,8
4629,7,0,7
4630,7,0,7
4631,7,0,7
4632,7,0,7
4633,7,0,7
4634,6,0,6
4635,6,0,6
4636,6,0,6
4637,6,0,6
4638,6,0,6
4639,6,0,6
4640,6,0,6
4641,6,0,6
4642,6,0,6
4643,6,0,6
4644,6,0,6
4645,6,0,6
4646,6,0,6
4647,6,0,6
4648,6,0,6
4649,6,0,6
4650,6,0,6
4651,6,0,6
4652,6,0,6
4653,6,0,6
4654,5,0,5
4655,5,0,5
4656,5,0,5
4657,5,0,5
4658,5,0,5
4659,5,0,5
4660,5,0,5
4661,5,0,5
4662,5,0,5
4663,5,0,5
4664,5,0,5
4665,5,0,5
4666,5,0,5
4667,5,0,5
4668,5,0,5
4669,5,0,5
4670,5,0,5
4671,5,0,5
4672,5,0,5
4673,5,0,5
4674,5,0,5
4675,5,0,5
4676,5,0,5
4677,5,0,5
4678,5,0,5
4679,5,0,5
4680,5,0,5
4681,5,0,5
4682,5,0,5
4683,5,0,5
4684,5,0,5
4685,5,0,5
4686,5,0,5
4687,5,0,5
4688,5,0,5
4689,5,0,5
4690,5,0,5
4691,5,0,5
4692,4,0,4
4693,4,0,4
4694,4,0,4
4695,4,0,4
4696,4,0,4
4697,4,0,4
4698,4,0,4
4699,4,0,4
4700,4,0,4
4701,4,0,4
4702,4,0,4
4703,4,0,4
4704,4,0,4
4705,3,1,4
4706,3,1,4
4707,3,1,4
4708,3,1,4
4709,3,1,4
4710,2,1,3
4711,1,1,2
4712,1,1,2
4713,1,1,2
4714,2,0,2
4715,2,0,2
4716,2,0,2
4717,3,0,3
4718,3,0,3
4719,3,0,3
4720,3,0,3
4721,3,0,3
4722,4,0,4
4723,4,0,4
4724,5,0,5
4725,5,0,5
4726,5,0,5
4727,5,0,5
4728,5,0,5
4729,5,0,5
4730,5,0,5
4731,5,0,5
4732,5,0,5
4733,5,0,5
4734,5,0,5
4735,4,0,4
4736,4,0,4
4737,4,0,4
4738,4,0,4
4739,4,0,4
4740,4,0,4
4741,4,0,4
4742,4,0,4
4743,4,0,4
4744,4,0,4
4745,4,0,4
4746,4,0,4
4747,4,0,4
4748,4,0,4
4749,4,0,4
4750,4,0,4
4751,4,0,4
4752,4,0,4
4753,4,0,4
4754,4,0,4
4755,4,0,4
4756,4,0,4
4757,4,0,4
4758,4,0,4
4759,5,0,5
4760,5,0,5
4761,5,0,5
4762,5,0,5
4763,5,0,5
4764,6,0,6
4765,6,0,6
4766,6,0,6
4767,6,0,6
4768,6,0,6
4769,6,0,6
4770,6,0,6
4771,6,0,6
4772,6,0,6
4773,6,0,6
4774,6,0,6
4775,6,0,6
4776,6,0,6
4777,6,0,6
4778,6,0,6
4779,6,0,6
4780,6,0,6
4781,6,0,6
4782,6,0,6
4783,6,0,6
4784,6,0,6
4785,6,0,6
4786,6,0,6
4787,6,0,6
4788,6,0,6
4789,6,0,6
4790,6,0,6
4791,6,0,6
4792,6,0,6
4793,6,0,6
4794,6,0,6
4795,6,0,6
4796,7,0,7
4797,7,0,7
4798,7,0,7
4799,7,0,7
4800,7,0,7
4801,7,0,7
4802,7,0,7
4803,7,0,7
4804,7,0,7
4805,7,0,7
4806,7,0,7
4807,7,0,7
4808,7,0,7
4809,7,0,7
4810,7,0,7
4811,7,0,7
4812,7,0,7
4813,7,0,7
4814,7,0,7
4815,7,0,7
4816,7,0,7
4817,7,0,7
4818,7,0,7
4819,7,0,7
4820,7,0,7
4821,7,0,7
4822,7,0,7
4823,7,0,7
4824,7,0,7
4825,7,0,7
4826,6,0,6
4827,6,0,6
4828,6,0,6
4829,6,0,6
4830,6,0,6
4831,6,0,6
4832,6,0,6
4833,5,0,5
4834,5,0,5
4835,5,0,5
4836,5,0,5
4837,5,0,5
4838,5,0,5
4839,5,0,5
4840,5,0,5
4841,5,0,5
4842,5,0,5
4843,5,0,5
4844,5,0,5
4845,5,0,5
4846,5,0,5
4847,5,0,5
4848,5,0,5
4849,5,0,5
4850,5,0,5
4851,5,0,5
4852,5,0,5
4853,5,0,5
4854,5,0,5
4855,5,0,5
4856,5,0,5
4857,5,0,5
4858,5,0,5
4859,5,0,5
4860,5,0,5
4861,5,0,5
4862,5,0,5
4863,5,0,5
4864,5,0,5
4865,5,0,5
4866,5,0,5
4867,5,0,5
4868,5,0,5
4869,5,0,5
4870,5,0,5
4871,5,0,5
4872,5,0,5
4873,5,0,5
4874,5,0,5
4875,5,0,5
4876,5,0,5
4877,5,0,5
4878,5,0,5
4879,5,0,5
4880,5,0,5
4881,5,0,5
4882,5,0,5
4883,5,0,5
4884,5,0,5
4885,5,0,5
4886,5,0,5
4887,5,0,5
4888,5,0,5
4889,5,0,5
4890,6,0,6
4891,6,0,6
4892,6,0,6
4893,6,0,6
4894,6,0,6
4895,6,0,6
4896,6,0,6
4897,6,0,6
4898,6,0,6
4899,6,0,6
4900,6,0,6
4901,6,0,6
4902,6,0,6
4903,6,0,6
4904,6,0,6
4905,6,0,6
4906,6,0,6
4907,6,0,6
4908,6,0,6
4909,6,0,6
4910,6,0,6
4911,6,0,6
4912,6,0,6
4913,6,0,6
4914,6,0,6
4915,6,0,6
4916,6,0,6
4917,7,0,7
4918,7,0,7
4919,6,0,6
4920,6,0,6
4921,6,0,6
4922,6,0,6
4923,6,0,6
4924,6,0,6
4925,6,0,6
4926,6,0,6
4927,6,0,6
4928,6,0,6
4929,6,0,6
4930,6,0,6
4931,6,0,6
4932,6,0,6
4933,6,0,6
4934,6,0,6
4935,6,0,6
4936,6,0,6
4937,7,0,7
4938,7,0,7
4939,7,0,7
4940,7,0,7
4941,7,0,7
4942,7,0,7
4943,7,0,7
4944,7,0,7
4945,7,0,7
4946,7,0,7
4947,7,0,7
4948,7,0,7
4949,7,0,7
4950,7,0,7
4951,7,0,7
4952,7,0,7
4953,7,0,7
4954,7,0,7
4955,7,0,7
4956,7,0,7
4957,7,0,7
4958,7,0,7
4959,7,0,7
4960,7,0,7
4961,7,0,7
4962,7,0,7
4963,6,0,6
4964,6,0,6
4965,6,0,6
4966,6,0,6
4967,6,0,6
4968,6,0,6
4969,6,0,6
4970,6,0,6
4971,6,0,6
4972,6,0,6
4973,6,0,6
4974,6,0,6
4975,6,0,6
4976,6,0,6
4977,6,0,6
4978,6,0,6
4979,6,0,6
4980,6,0,6
4981,6,0,6
4982,6,0,6
4983,7,0,7
4984,7,0,7
4985,7,0,7
4986,7,0,7
4987,7,0,7
4988,7,0,7
4989,7,0,7
4990,7,0,7
4991,7,0,7
4992,7,0,7
4993,8,0,8
4994,8,0,8
4995,7,0,7
4996,7,0,7
4997,7,0,7
4998,7,0,7
4999,7,0,7
5000,7,0,7
5001,7,0,7
5002,7,0,7
5003,8,0,8
5004,8,0,8
5005,8,0,8
5006,8,0,8
5007,8,0,8
5008,8,0,8
5009,8,0,8
5010,8,0,8
5011,8,0,8
5012,8,0,8
5013,8,0,8
5014,8,0,8
5015,8,0,8
5016,8,0,8
5017,8,0,8
5018,8,0,8
5019,8,0,8
5020,8,0,8
5021,8,0,8
5022,8,0,8
5023,8,0,8
5024,8,0,8
5025,8,0,8
5026,8,0,8
5027,8,0,8
5028,8,0,8
5029,9,0,9
5030,9,0,9
5031,9,0,9
5032,9,0,9
5033,9,0,9
5034,9,0,9
5035,9,0,9
5036,9,0,9
5037,7,0,7
5038,6,0,6
5039,6,0,6
5040,6,0,6
5041,6,0,6
5042,6,0,6
5043,6,0,6
5044,6,0,6
5045,6,0,6
5046,6,0,6
5047,6,0,6
5048,6,0,6
5049,6,0,6
5050,6,0,6
5051,7,0,7
5052,7,0,7
5053,7,0,7
5054,7,0,7
5055,7,0,7
5056,7,0,7
5057,7,0,7
5058,7,0,7
5059,7,0,7
5060,7,0,7
5061,6,0,6
5062,6,0,6
5063,6,0,6
5064,6,0,6
5065,6,0,6
5066,6,0,6
5067,6,0,6
5068,6,0,6
5069,6,0,6
5070,6,0,6
5071,6,0,6
5072,6,0,6
5073,6,0,6
5074,6,0,6
5075,6,0,6
5076,6,0,6
5077,6,0,6
5078,6,0,6
5079,6,0,6
5080,6,0,6
5081,6,0,6
5082,6,0,6
5083,6,0,6
5084,6,0,6
5085,6,0,6
5086,6,0,6
5087,6,0,6
5088,6,0,6
5089,6,0,6
5090,6,0,6
5091,6,0,6
5092,6,0,6
5093,6,0,6
5094,6,0,6
5095,6,0,6
5096,6,0,6
5097,6,0,6
5098,6,0,6
5099,6,0,6
5100,6,0,6
5101,6,0,6
5102,6,0,6
5103,6,0,6
5104,6,0,6
5105,6,0,6
5106,6,0,6
5107,6,0,6
5108,6,0,6
5109,6,0,6
5110,6,0,6
5111,6,0,6
5112,6,0,6
5113,6,0,6
5114,6,0,6
5115,6,0,6
5116,6,0,6
5117,6,0,6
5118,6,0,6
5119,6,0,6
5120,6,0,6
5121,6,0,6
5122,6,0,6
5123,6,0,6
5124,6,0,6
5125,6,0,6
5126,6,0,6
5127,6,0,6
5128,6,0,6
5129,6,0,6
5130,6,0,6
5131,6,0,6
5132,6,0,6
5133,6,0,6
5134,6,0,6
5135,6,0,6
5136,6,0,6
5137,6,0,6
5138,6,0,6
5139,6,0,6
5140,6,0,6
5141,6,0,6
5142,6,0,6
5143,6,0,6
5144,6,0,6
5145,6,0,6
5146,6,0,6
5147,6,0,6
5148,7,0,7
5149,7,0,7
5150,7,0,7
5151,7,0,7
5152,7,0,7
5153,7,0,7
5154,7,0,7
5155,7,0,7
5156,7,0,7
5157,7,0,7
5158,7,0,7
5159,7,0,7
5160,7,0,7
5161,7,0,7
5162,7,0,7
5163,7,0,7
5164,7,0,7
5165,7,0,7
5166,7,0,7
5167,7,0,7
5168,7,0,7
5169,7,0,7
5170,7,0,7
5171,7,0,7
5172,7,0,7
5173,7,0,7
5174,7,0,7
5175,7,0,7
5176,7,0,7
5177,7,0,7
5178,7,0,7
5179,6,0,6
5180,6,0,6
5181,6,0,6
5182,6,0,6
5183,6,0,6
5184,6,0,6
5185,6,0,6
5186,6,0,6
5187,7,0,7
5188,7,0,7
5189,7,0,7
5190,7,0,7
5191,7,0,7
5192,7,0,7
5193,7,0,7
5194,7,0,7
5195,7,0,7
5196,7,0,7
5197,7,0,7
5198,7,0,7
5199,7,0,7
5200,7,0,7
5201,7,0,7
5202,7,0,7
5203,7,0,7
5204,7,0,7
5205,7,0,7
5206,7,0,7
5207,7,0,7
5208,7,0,7
5209,7,0,7
5210,7,0,7
5211,7,0,7
5212,7,0,7
5213,7,0,7
5214,7,0,7
5215,7,0,7
5216,7,0,7
5217,7,0,7
5218,7,0,7
5219,7,0,7
5220,7,0,7
5221,7,0,7
5222,7,0,7
5223,7,0,7
5224,7,0,7
5225,7,0,7
5226,7,0,7
5227,7,0,7
5228,7,0,7
5229,7,0,7
5230,7,0,7
5231,7,0,7
5232,7,0,7
5233,7,0,7
5234,7,0,7
5235,7,0,7
5236,7,0,7
5237,7,0,7
5238,8,0,8
5239,8,0,8
5240,8,0,8
5241,8,0,8
5242,8,0,8
5243,8,0,8
5244,8,0,8
5245,8,0,8
5246,8,0,8
5247,8,0,8
5248,8,0,8
5249,8,0,8
5250,7,0,7
5251,7,0,7
5252,7,0,7
5253,7,0,7
5254,7,0,7
5255,7,0,7
5256,7,0,7
5257,6,0,6
5258,6,0,6
5259,6,0,6
5260,6,0,6
5261,6,0,6
5262,6,0,6
5263,6,0,6
5264,6,0,6
5265,6,0,6
5266,6,0,6
5267,7,0,7
5268,7,0,7
5269,7,0,7
5270,7,0,7
5271,7,0,7
5272,7,0,7
5273,7,0,7
5274,7,0,7
5275,7,0,7
5276,7,0,7
5277,7,0,7
5278,7,0,7
5279,7,0,7
5280,7,0,7
5281,7,0,7
5282,7,0,7
5283,7,0,7
5284,7,0,7
5285,7,0,7
5286,7,0,7
5287,7,0,7
5288,7,0,7
5289,7,0,7
5290,7,0,7
5291,7,0,7
5292,6,0,6
5293,6,0,6
5294,6,0,6
5295,6,0,6
5296,6,0,6
5297,6,0,6
5298,7,0,7
5299,7,0,7
5300,7,0,7
5301,7,0,7
5302,7,0,7
5303,8,0,8
5304,8,0,8
5305,8,0,8
5306,8,0,8
5307,8,0,8
5308,9,0,9
5309,9,0,9
5310,9,0,9
5311,9,0,9
5312,9,0,9
5313,8,0,8
5314,8,0,8
5315,8,0,8
5316,8,0,8
5317,8,0,8
5318,8,0,8
5319,8,0,8
5320,8,0,8
5321,8,0,8
5322,7,0,7
5323,6,0,6
5324,6,0,6
5325,6,0,6
5326,6,0,6
5327,6,0,6
5328,6,0,6
5329,6,0,6
5330,6,0,6
5331,6,0,6
5332,6,0,6
5333,6,0,6
5334,6,0,6
5335,6,0,6
5336,7,0,7
5337,7,0,7
5338,7,0,7
5339,7,0,7
5340,7,0,7
5341,7,0,7
5342,7,0,7
5343,7,0,7
5344,7,0,7
5345,7,0,7
5346,7,0,7
5347,7,0,7
5348,7,0,7
5349,7,0,7
5350,7,0,7
5351,7,0,7
5352,7,0,7
5353,7,0,7
5354,7,0,7
5355,7,0,7
5356,7,0,7
5357,7,0,7
5358,7,0,7
5359,7,0,7
5360,7,0,7
5361,7,0,7
5362,7,0,7
5363,7,0,7
5364,8,0,8
5365,8,0,8
5366,8,0,8
5367,8,0,8
5368,8,0,8
5369,8,0,8
5370,8,0,8
5371,7,0,7
5372,7,0,7
5373,7,0,7
5374,7,0,7
5375,7,0,7
5376,7,0,7
5377,7,0,7
5378,7,0,7
5379,7,0,7
5380,7,0,7
5381,7,0,7
5382,7,0,7
5383,7,0,7
5384,7,0,7
5385,7,0,7
5386,7,0,7
5387,7,0,7
5388,7,0,7
5389,7,0,7
5390,7,0,7
5391,7,0,7
5392,7,0,7
5393,7,0,7
5394,7,0,7
5395,7,0,7
5396,7,0,7
5397,7,0,7
5398,7,0,7
5399,7,0,7
5400,7,0,7
5401,8,0,8
5402,8,0,8
5403,8,0,8
5404,8,0,8
5405,8,0,8
5406,7,0,7
5407,7,0,7
5408,7,0,7
5409,7,0,7
5410,7,0,7
5411,7,0,7
5412,7,0,7
5413,7,0,7
5414,7,0,7
5415,7,0,7
5416,7,0,7
5417,7,0,7
5418,7,0,7
5419,7,0,7
5420,7,0,7
5421,7,0,7
5422,7,0,7
5423,7,0,7
5424,7,0,7
5425,7,0,7
5426,7,0,7
5427,7,0,7
5428,7,0,7
5429,7,0,7
5430,7,0,7
5431,7,0,7
5432,7,0,7
5433,7,0,7
5434,7,0,7
5435,7,0,7
5436,7,0,7
5437,7,0,7
5438,7,0,7
5439,7,0,7
5440,7,0,7
5441,6,0,6
5442,6,0,6
5443,6,0,6
5444,6,0,6
5445,6,0,6
5446,6,0,6
5447,6,0,6
5448,6,0,6
5449,6,0,6
5450,6,0,6
5451,6,0,6
5452,6,0,6
5453,6,0,6
5454,6,0,6
5455,6,0,6
5456,6,0,6
5457,7,0,7
5458,7,0,7
5459,6,0,6
5460,6,0,6
5461,7,0,7
5462,6,0,6
5463,6,0,6
5464,6,0,6
5465,6,0,6
5466,6,0,6
5467,6,0,6
5468,6,0,6
5469,6,0,6
5470,6,0,6
5471,6,0,6
5472,6,0,6
5473,6,0,6
5474,7,0,7
5475,7,0,7
5476,7,0,7
5477,7,0,7
5478,7,0,7
5479,7,0,7
5480,7,0,7
5481,7,0,7
5482,7,0,7
5483,7,0,7
5484,7,0,7
5485,7,0,7
5486,6,0,6
5487,6,0,6
5488,6,0,6
5489,6,0,6
5490,6,0,6
5491,6,0,6
5492,6,0,6
5493,6,0,6
5494,6,0,6
5495,7,0,7
5496,7,0,7
5497,7,0,7
5498,7,0,7
5499,7,0,7
5500,7,0,7
5501,7,0,7
5502,7,0,7
5503,7,0,7
5504,7,0,7
5505,7,0,7
5506,7,0,7
5507,7,0,7
5508,7,0,7
5509,7,0,7
5510,7,0,7
5511,7,0,7
5512,7,0,7
5513,7,0,7
5514,7,0,7
5515,7,0,7
5516,7,0,7
5517,7,0,7
5518,7,0,7
5519,7,0,7
5520,7,0,7
5521,7,0,7
5522,7,0,7
5523,7,0,7
5524,7,0,7
5525,7,0,7
5526,7,0,7
5527,7,0,7
5528,7,0,7
5529,7,0,7
5530,7,0,7
5531,7,0,7
5532,7,0,7
5533,7,0,7
5534,7,0,7
5535,7,0,7
5536,7,0,7
5537,7,0,7
5538,7,0,7
5539,7,0,7
5540,7,0,7
5541,7,0,7
5542,7,0,7
5543,7,0,7
5544,7,0,7
5545,7,0,7
5546,7,0,7
5547,7,0,7
5548,7,0,7
5549,7,0,7
5550,7,0,7
5551,7,0,7
5552,7,0,7
5553,7,0,7
5554,7,0,7
5555,7,0,7
5556,7,0,7
5557,8,0,8
5558,8,0,8
5559,8,0,8
5560,8,0,8
5561,8,0,8
5562,8,0,8
5563,8,0,8
5564,8,0,8
5565,8,0,8
5566,8,0,8
5567,8,0,8
5568,8,0,8
5569,8,0,8
5570,9,0,9
5571,9,0,9
5572,9,0,9
5573,9,0,9
5574,9,0,9
5575,9,0,9
5576,9,0,9
5577,9,0,9
5578,9,0,9
5579,8,0,8
5580,8,0,8
5581,8,0,8
5582,8,0,8
5583,8,0,8
5584,8,0,8
5585,8,0,8
5586,8,0,8
5587,8,0,8
5588,8,0,8
5589,8,0,8
5590,8,0,8
5591,8,0,8
5592,8,0,8
5593,8,0,8
5594,8,0,8
5595,8,0,8
5596,8,0,8
5597,8,0,8
5598,8,0,8
5599,8,0,8
5600,8,0,8
5601,8,0,8
5602,8,0,8
5603,8,0,8
5604,8,0,8
5605,8,0,8
5606,8,0,8
5607,8,0,8
5608,8,0,8
5609,8,0,8
5610,8,0,8
5611,8,0,8
5612,8,0,8
5613,8,0,8
5614,8,0,8
5615,8,0,8
5616,8,0,8
5617,8,0,8
5618,8,0,8
5619,8,0,8
5620,8,0,8
5621,8,0,8
5622,8,0,8
5623,8,0,8
5624,8,0,8
5625,8,0,8
5626,8,0,8
5627,8,0,8
5628,8,0,8
5629,8,0,8
5630,8,0,8
5631,8,0,8
5632,8,0,8
5633,8,0,8
5634,8,0,8
5635,8,0,8
5636,8,0,8
5637,8,0,8
5638,8,0,8
5639,8,0,8
5640,8,0,8
5641,8,0,8
5642,8,0,8
5643,8,0,8
5644,8,0,8
5645,8,0,8
5646,8,0,8
5647,8,0,8
5648,8,0,8
5649,8,0,8
5650,8,0,8
5651,8,0,8
5652,8,0,8
5653,9,0,9
5654,9,0,9
5655,9,0,9
5656,9,0,9
5657,9,0,9
5658,9,0,9
5659,9,0,9
5660,9,0,9
5661,9,0,9
5662,9,0,9
5663,9,0,9
5664,9,0,9
5665,10,0,10
5666,10,0,10
5667,10,0,10
5668,10,0,10
5669,10,0,10
5670,10,0,10
5671,10,0,10
5672,10,0,10
5673,10,0,10
5674,10,0,10
5675,10,0,10
5676,10,0,10
5677,9,0,9
5678,9,0,9
5679,9,0,9
5680,9,0,9
5681,9,0,9
5682,9,0,9
5683,9,0,9
5684,9,0,9
5685,9,0,9
5686,9,0,9
5687,10,0,10
5688,10,0,10
5689,10,0,10
5690,10,0,10
5691,10,0,10
5692,10,0,10
5693,10,0,10
5694,10,0,10
5695,10,0,10
5696,10,0,10
5697,9,0,9
5698,9,0,9
5699,9,0,9
5700,9,0,9
5701,9,0,9
5702,9,0,9
5703,8,0,8
5704,8,0,8
5705,8,0,8
5706,8,0,8
5707,8,0,8
5708,7,0,7
5709,7,0,7
5710,7,0,7
5711,7,0,7
5712,7,0,7
5713,7,0,7
5714,7,0,7
5715,7,0,7
5716,7,0,7
5717,7,0,7
5718,7,0,7
5719,7,0,7
5720,7,0,7
5721,7,0,7
5722,7,0,7
5723,7,0,7
5724,6,0,6
5725,6,0,6
5726,7,0,7
5727,7,0,7
5728,7,0,7
5729,7,0,7
5730,7,0,7
5731,7,0,7
5732,7,0,7
5733,7,0,7
5734,7,0,7
5735,7,0,7
5736,7,0,7
5737,7,0,7
5738,7,0,7
5739,7,0,7
5740,7,0,7
5741,7,0,7
5742,7,0,7
5743,7,0,7
5744,7,0,7
5745,7,0,7
5746,7,0,7
5747,7,0,7
5748,7,0,7
5749,7,0,7
5750,7,0,7
5751,7,0,7
5752,7,0,7
5753,7,0,7
5754,7,0,7
5755,8,0,8
5756,8,0,8
5757,8,0,8
5758,8,0,8
5759,8,0,8
5760,8,0,8
5761,8,0,8
5762,8,0,8
5763,8,0,8
5764,8,0,8
5765,8,0,8
5766,8,0,8
5767,8,0,8
5768,8,0,8
5769,9,0,9
5770,9,0,9
5771,9,0,9
5772,9,0,9
5773,9,0,9
5774,9,0,9
5775,9,0,9
5776,9,0,9
5777,9,0,9
5778,9,0,9
5779,10,0,10
5780,10,0,10
5781,10,0,10
5782,10,0,10
5783,10,0,10
5784,10,0,10
5785,10,0,10
5786,10,0,10
5787,10,0,10
5788,10,0,10
5789,10,0,10
5790,10,0,10
5791,10,0,10
5792,10,0,10
5793,10,0,10
5794,10,0,10
5795,10,0,10
5796,10,0,10
5797,9,0,9
5798,9,0,9
5799,9,0,9
5800,9,0,9
5801,9,0,9
5802,9,0,9
5803,9,0,9
5804,9,0,9
5805,9,0,9
5806,9,0,9
5807,9,0,9
5808,9,0,9
5809,9,0,9
5810,9,0,9
5811,9,0,9
5812,9,0,9
5813,9,0,9
5814,9,0,9
5815,9,0,9
5816,9,0,9
5817,9,0,9
5818,9,0,9
5819,9,0,9
5820,9,0,9
5821,9,0,9
5822,8,0,8
5823,8,0,8
5824,8,0,8
5825,8,0,8
5826,8,0,8
5827,8,0,8
5828,8,0,8
5829,8,0,8
5830,8,0,8
5831,8,0,8
5832,8,0,8
5833,8,0,8
5834,8,0,8
5835,8,0,8
5836,8,0,8
5837,8,0,8
5838,8,0,8
5839,8,0,8
5840,8,0,8
5841,8,0,8
5842,8,0,8
5843,8,0,8
5844,8,0,8
5845,8,0,8
5846,8,0,8
5847,8,0,8
5848,8,0,8
5849,8,0,8
5850,8,0,8
5851,8,0,8
5852,8,0,8
5853,8,0,8
5854,8,0,8
5855,9,0,9
5856,9,0,9
5857,9,0,9
5858,9,0,9
5859,9,0,9
5860,9,0,9
5861,9,0,9
5862,9,0,9
5863,9,0,9
5864,9,0,9
5865,9,0,9
5866,9,0,9
5867,9,0,9
5868,9,0,9
5869,9,0,9
5870,9,0,9
5871,8,0,8
5872,8,0,8
5873,8,0,8
5874,8,0,8
5875,8,0,8
5876,8,0,8
5877,8,0,8
5878,8,0,8
5879,8,0,8
5880,8,0,8
5881,8,0,8
5882,8,0,8
5883,8,0,8
5884,8,0,8
5885,8,0,8
5886,8,0,8
5887,8,0,8
5888,8,0,8
5889,8,0,8
5890,8,0,8
5891,8,0,8
5892,8,0,8
5893,8,0,8
5894,8,0,8
5895,8,0,8
5896,8,0,8
5897,8,0,8
5898,8,0,8
5899,8,0,8
5900,8,0,8
5901,8,0,8
5902,8,0,8
5903,8,0,8
5904,8,0,8
5905,8,0,8
5906,8,0,8
5907,8,0,8
5908,8,0,8
5909,8,0,8
5910,8,0,8
5911,8,0,8
5912,8,0,8
5913,8,0,8
5914,8,0,8
5915,8,0,8
5916,8,0,8
5917,8,0,8
5918,8,0,8
5919,8,0,8
5920,8,0,8
5921,8,0,8
5922,8,0,8
5923,8,0,8
5924,8,0,8
5925,8,0,8
5926,8,0,8
5927,8,0,8
5928,8,0,8
5929,8,0,8
5930,8,0,8
5931,8,0,8
5932,8,0,8
5933,8,0,8
5934,8,0,8
5935,8,0,8
5936,8,0,8
5937,8,0,8
5938,8,0,8
5939,7,0,7
5940,7,0,7
5941,7,0,7
5942,6,0,6
5943,6,0,6
5944,6,0,6
5945,6,0,6
5946,6,0,6
5947,6,0,6
5948,6,0,6
5949,5,0,5
5950,5,0,5
5951,5,0,5
5952,5,0,5
5953,5,0,5
5954,5,0,5
5955,5,0,5
5956,5,0,5
5957,5,0,5
5958,5,0,5
5959,5,0,5
5960,5,0,5
5961,5,0,5
5962,5,0,5
5963,5,0,5
5964,5,0,5
5965,5,0,5
5966,5,0,5
5967,5,0,5
5968,5,0,5
5969,5,0,5
5970,5,0,5
5971,5,0,5
5972,5,0,5
5973,5,0,5
5974,5,0,5
5975,5,0,5
5976,5,0,5
5977,5,0,5
5978,6,0,6
5979,6,0,6
5980,6,0,6
5981,6,0,6
5982,6,0,6
5983,6,0,6
5984,6,0,6
5985,6,0,6
5986,6,0,6
5987,6,0,6
5988,6,0,6
5989,6,0,6
5990,6,0,6
5991,6,0,6
5992,6,0,6
5993,6,0,6
5994,6,0,6
5995,6,0,6
5996,6,0,6
5997,6,0,6
5998,6,0,6
5999,6,0,6
6000,6,0,6
6001,6,0,6
6002,6,0,6
6003,6,0,6
6004,6,0,6
6005,6,0,6
6006,6,0,6
6007,7,0,7
6008,7,0,7
6009,7,0,7
6010,7,0,7
6011,7,0,7
6012,7,0,7
6013,7,0,7
6014,7,0,7
6015,7,0,7
6016,7,0,7
6017,7,0,7
6018,7,0,7
6019,7,0,7
6020,7,0,7
6021,7,0,7
6022,7,0,7
6023,6,0,6
6024,6,0,6
6025,6,0,6
6026,6,0,6
6027,6,0,6
6028,6,0,6
6029,6,0,6
6030,6,0,6
6031,6,0,6
6032,6,0,6
6033,6,0,6
6034,6,0,6
6035,6,0,6
6036,6,0,6
6037,6,0,6
6038,6,0,6
6039,6,0,6
6040,6,0,6
6041,6,0,6
6042,6,0,6
6043,6,0,6
6044,6,0,6
6045,6,0,6
6046,6,0,6
6047,6,0,6
6048,6,0,6
6049,6,0,6
6050,6,0,6
6051,6,0,6
6052,6,0,6
6053,6,0,6
6054,6,0,6
6055,6,0,6
6056,6,0,6
6057,6,0,6
6058,6,0,6
6059,6,0,6
6060,6,0,6
6061,6,0,6
6062,6,0,6
6063,6,0,6
6064,6,0,6
6065,6,0,6
6066,6,0,6
6067,6,0,6
6068,6,0,6
6069,6,0,6
6070,6,0,6
6071,6,0,6
6072,6,0,6
6073,6,0,6
6074,6,0,6
6075,6,0,6
6076,6,0,6
6077,6,0,6
6078,6,0,6
6079,6,0,6
6080,6,0,6
6081,6,0,6
6082,6,0,6
6083,6,0,6
6084,6,0,6
6085,6,0,6
6086,6,0,6
6087,6,0,6
6088,6,0,6
6089,6,0,6
6090,6,0,6
6091,6,0,6
6092,6,0,6
6093,6,0,6
6094,6,0,6
6095,6,0,6
6096,6,0,6
6097,6,0,6
6098,6,0,6
6099,6,0,6
6100,6,0,6
6101,6,0,6
6102,6,0,6
6103,6,0,6
6104,6,0,6
6105,6,0,6
6106,6,0,6
6107,5,0,5
6108,5,0,5
6109,5,0,5
6110,5,0,5
6111,5,0,5
6112,5,0,5
6113,5,0,5
6114,5,0,5
6115,5,0,5
6116,5,0,5
6117,5,0,5
6118,5,0,5
6119,6,0,6
6120,6,0,6
6121,6,0,6
6122,6,0,6
6123,6,0,6
6124,6,0,6
6125,6,0,6
6126,6,0,6
6127,6,0,6
6128,6,0,6
6129,6,0,6
6130,6,0,6
6131,6,0,6
6132,6,0,6
6133,6,0,6
6134,6,0,6
6135,6,0,6
6136,6,0,6
6137,6,0,6
6138,6,0,6
6139,6,0,6
6140,6,0,6
6141,6,0,6
6142,6,0,6
6143,6,0,6
6144,7,0,7
6145,7,0,7
6146,7,0,7
6147,7,0,7
6148,7,0,7
6149,7,0,7
6150,7,0,7
6151,7,0,7
6152,7,0,7
6153,7,0,7
6154,7,0,7
6155,6,0,6
6156,6,0,6
6157,5,0,5
6158,5,0,5
6159,5,0,5
6160,5,0,5
6161,5,0,5
6162,5,0,5
6163,5,0,5
6164,4,0,4
6165,4,0,4
6166,4,0,4
6167,4,0,4
6168,4,0,4
6169,3,0,3
6170,3,0,3
6171,3,0,3
6172,3,0,3
6173,3,0,3
6174,3,0,3
6175,3,0,3
6176,3,0,3
6177,3,0,3
6178,3,0,3
6179,3,0,3
6180,3,0,3
6181,3,0,3
6182,3,0,3
6183,4,0,4
6184,4,0,4
6185,4,0,4
6186,4,0,4
6187,4,0,4
6188,4,0,4
6189,4,0,4
6190,4,0,4
6191,4,0,4
6192,5,0,5
6193,5,0,5
6194,5,0,5
6195,5,0,5
6196,5,0,5
6197,5,0,5
6198,5,0,5
6199,5,0,5
6200,5,0,5
6201,5,0,5
6202,5,0,5
6203,5,0,5
6204,5,0,5
6205,5,0,5
6206,5,0,5
6207,5,0,5
6208,5,0,5
6209,5,0,5
6210,5,0,5
6211,5,0,5
6212,4,0,4
6213,4,0,4
6214,3,0,3
6215,3,0,3
6216,3,0,3
6217,3,0,3
6218,3,0,3
6219,3,0,3
6220,3,0,3
6221,3,0,3
6222,3,0,3
6223,3,0,3
6224,3,0,3
6225,3,0,3
6226,3,0,3
6227,3,0,3
6228,3,0,3
6229,3,0,3
6230,3,0,3
6231,3,0,3
6232,3,0,3
6233,4,0,4
6234,4,0,4
6235,4,0,4
6236,4,0,4
6237,5,0,5
6238,5,0,5
6239,5,0,5
6240,5,0,5
6241,5,0,5
6242,5,0,5
6243,5,0,5
6244,5,0,5
6245,5,0,5
6246,5,0,5
6247,5,0,5
6248,5,0,5
6249,5,0,5
6250,5,0,5
6251,5,0,5
6252,5,0,5
6253,5,0,5
6254,5,0,5
6255,5,0,5
6256,5,0,5
6257,5,0,5
6258,5,0,5
6259,5,0,5
6260,5,0,5
6261,5,0,5
6262,5,0,5
6263,5,0,5
6264,5,0,5
6265,5,0,5
6266,5,0,5
6267,5,0,5
6268,5,0,5
6269,5,0,5
6270,5,0,5
6271,5,0,5
6272,5,0,5
6273,5,0,5
6274,5,0,5
6275,5,0,5
6276,5,0,5
6277,5,0,5
6278,5,0,5
6279,5,0,5
6280,5,0,5
6281,5,0,5
6282,5,0,5
6283,5,0,5
6284,5,0,5
6285,5,0,5
6286,5,0,5
6287,5,0,5
6288,5,0,5
6289,5,0,5
6290,5,0,5
6291,5,0,5
6292,5,0,5
6293,5,0,5
6294,5,0,5
6295,5,0,5
6296,5,0,5
6297,5,0,5
6298,5,0,5
6299,5,0,5
6300,5,0,5
6301,5,0,5
6302,5,0,5
6303,5,0,5
6304,5,0,5
6305,5,0,5
6306,5,0,5
6307,5,0,5
6308,5,0,5
6309,5,0,5
6310,5,0,5
6311,5,0,5
6312,5,0,5
6313,5,0,5
6314,5,0,5
6315,5,0,5
6316,5,0,5
6317,5,0,5
6318,5,0,5
6319,5,0,5
6320,5,0,5
6321,5,0,5
6322,5,0,5
6323,5,0,5
6324,5,0,5
6325,5,0,5
6326,5,0,5
6327,6,0,6
6328,6,0,6
6329,6,0,6
6330,5,0,5
6331,5,0,5
6332,5,0,5
6333,5,0,5
6334,5,0,5
6335,5,0,5
6336,5,0,5
6337,5,0,5
6338,5,0,5
6339,5,0,5
6340,5,0,5
6341,5,0,5
6342,5,0,5
6343,5,0,5
6344,5,0,5
6345,5,0,5
6346,5,0,5
6347,5,0,5
6348,5,0,5
6349,6,0,6
6350,6,0,6
6351,6,0,6
6352,6,0,6
6353,6,0,6
6354,6,0,6
6355,6,0,6
6356,6,0,6
6357,7,0,7
6358,7,0,7
6359,7,0,7
6360,7,0,7
6361,7,0,7
6362,7,0,7
6363,7,0,7
6364,7,0,7
6365,7,0,7
6366,7,0,7
6367,7,0,7
6368,7,0,7
6369,7,0,7
6370,8,0,8
6371,8,0,8
6372,8,0,8
6373,8,0,8
6374,8,0,8
6375,8,0,8
6376,8,0,8
6377,8,0,8
6378,8,0,8
6379,8,0,8
6380,8,0,8
6381,8,0,8
6382,8,0,8
6383,8,0,8
6384,8,0,8
6385,8,0,8
6386,8,0,8
6387,8,0,8
6388,8,0,8
6389,8,0,8
6390,8,0,8
6391,9,0,9
6392,9,0,9
6393,9,0,9
6394,9,0,9
6395,9,0,9
6396,9,0,9
6397,9,0,9
6398,9,0,9
6399,9,0,9
6400,9,0,9
6401,9,0,9
6402,9,0,9
6403,9,0,9
6404,9,0,9
6405,9,0,9
6406,9,0,9
6407,9,0,9
6408,9,0,9
6409,9,0,9
6410,9,0,9
6411,9,0,9
6412,9,0,9
6413,9,0,9
6414,9,0,9
6415,9,0,9
6416,9,0,9
6417,9,0,9
6418,9,0,9
6419,9,0,9
6420,9,0,9
6421,9,0,9
6422,9,0,9
6423,9,0,9
6424,8,0,8
6425,8,0,8
6426,8,0,8
6427,8,0,8
6428,8,0,8
6429,8,0,8
6430,8,0,8
6431,8,0,8
6432,8,0,8
6433,8,0,8
6434,8,0,8
6435,8,0,8
6436,8,0,8
6437,8,0,8
6438,8,0,8
6439,8,0,8
6440,8,0,8
6441,8,0,8
6442,8,0,8
6443,8,0,8
6444,8,0,8
6445,8,0,8
6446,8,0,8
6447,8,0,8
6448,8,0,8
6449,8,0,8
6450,8,0,8
6451,8,0,8
6452,8,0,8
6453,8,0,8
6454,8,0,8
6455,8,0,8
6456,8,0,8
6457,8,0,8
6458,8,0,8
6459,8,0,8
6460,8,0,8
6461,7,0,7
6462,7,0,7
6463,7,0,7
6464,7,0,7
6465,7,0,7
6466,7,0,7
6467,6,0,6
6468,6,0,6
6469,6,0,6
6470,6,0,6
6471,6,0,6
6472,6,0,6
6473,6,0,6
6474,6,0,6
6475,6,0,6
6476,6,0,6
6477,6,0,6
6478,6,0,6
6479,6,0,6
6480,6,0,6
6481,6,0,6
6482,6,0,6
6483,6,0,6
6484,6,0,6
6485,6,0,6
6486,6,0,6
6487,6,0,6
6488,6,0,6
6489,6,0,6
6490,6,0,6
6491,6,0,6
6492,6,0,6
6493,6,0,6
6494,6,0,6
6495,6,0,6
6496,6,0,6
6497,6,0,6
6498,6,0,6
6499,6,0,6
6500,6,0,6
6501,6,0,6
6502,6,0,6
6503,6,0,6
6504,6,0,6
6505,6,0,6
6506,6,0,6
6507,6,0,6
6508,6,0,6
6509,6,0,6
6510,6,0,6
6511,6,0,6
6512,6,0,6
6513,6,0,6
6514,6,0,6
6515,6,0,6
6516,6,0,6
6517,6,0,6
6518,6,0,6
6519,6,0,6
6520,6,0,6
6521,6,0,6
6522,6,0,6
6523,6,0,6
6524,6,0,6
6525,6,0,6
6526,7,0,7
6527,7,0,7
6528,7,0,7
6529,7,0,7
6530,7,0,7
6531,7,0,7
6532,7,0,7
6533,7,0,7
6534,7,0,7
6535,7,0,7
6536,7,0,7
6537,7,0,7
6538,8,0,8
6539,8,0,8
6540,8,0,8
6541,8,0,8
6542,8,0,8
6543,8,0,8
6544,8,0,8
6545,8,0,8
6546,8,0,8
6547,8,0,8
6548,8,0,8
6549,8,0,8
6550,8,0,8
6551,8,0,8
6552,8,0,8
6553,8,0,8
6554,8,0,8
6555,8,0,8
6556,8,0,8
6557,8,0,8
6558,8,0,8
6559,8,0,8
6560,8,0,8
6561,8,0,8
6562,7,0,7
6563,7,0,7
6564,7,0,7
6565,7,0,7
6566,7,0,7
6567,7,0,7
6568,7,0,7
6569,7,0,7
6570,7,0,7
6571,7,0,7
6572,7,0,7
6573,7,0,7
6574,8,0,8
6575,8,0,8
6576,8,0,8
6577,8,0,8
6578,8,0,8
6579,8,0,8
6580,9,0,9
6581,9,0,9
6582,9,0,9
6583,9,0,9
6584,9,0,9
6585,9,0,9
6586,9,0,9
6587,8,0,8
6588,8,0,8
6589,8,0,8
6590,8,0,8
6591,8,0,8
6592,9,0,9
6593,9,0,9
6594,9,0,9
6595,9,0,9
6596,9,0,9
6597,9,0,9
6598,9,0,9
6599,9,0,9
6600,9,0,9
6601,9,0,9
6602,9,0,9
6603,9,0,9
6604,9,0,9
6605,9,0,9
6606,9,0,9
6607,9,0,9
6608,10,0,10
6609,10,0,10
6610,10,0,10
6611,10,0,10
6612,11,0,11
6613,11,0,11
6614,11,0,11
6615,11,0,11
6616,11,0,11
6617,11,0,11
6618,11,0,11
6619,11,0,11
6620,12,0,12
6621,13,0,13
6622,13,0,13
6623,13,0,13
6624,12,0,12
6625,12,0,12
6626,12,0,12
6627,12,0,12
6628,12,0,12
6629,12,0,12
6630,12,0,12
6631,12,0,12
6632,11,0,11
6633,11,0,11
6634,11,0,11
6635,11,0,11
6636,11,0,11
6637,12,0,12
6638,12,0,12
6639,12,0,12
6640,12,0,12
6641,11,0,11
6642,11,0,11
6643,11,0,11
6644,11,0,11
6645,11,0,11
6646,11,0,11
6647,11,0,11
6648,11,0,11
6649,11,0,11
6650,11,0,11
6651,11,0,11
6652,11,0,11
6653,10,0,10
6654,10,0,10
6655,10,0,10
6656,10,0,10
6657,10,0,10
6658,10,0,10
6659,10,0,10
6660,10,0,10
6661,11,0,11
6662,11,0,11
6663,11,0,11
6664,11,0,11
6665,11,0,11
6666,11,0,11
6667,11,0,11
6668,11,0,11
6669,11,0,11
6670,11,0,11
6671,11,0,11
6672,11,0,11
6673,11,0,11
6674,11,0,11
6675,11,0,11
6676,11,0,11
6677,11,0,11
6678,11,0,11
6679,11,0,11
6680,11,0,11
6681,11,0,11
6682,11,0,11
6683,11,0,11
6684,11,0,11
6685,11,0,11
6686,11,0,11
6687,11,0,11
6688,11,0,11
6689,10,0,10
6690,10,0,10
6691,10,0,10
6692,10,0,10
6693,11,0,11
6694,11,0,11
6695,11,0,11
6696,11,0,11
6697,10,0,10
6698,10,0,10
6699,10,0,10
6700,10,0,10
6701,10,0,10
6702,10,0,10
6703,10,0,10
6704,11,0,11
6705,11,0,11
6706,11,0,11
6707,11,0,11
6708,11,0,11
6709,11,0,11
6710,11,0,11
6711,10,0,10
6712,10,0,10
6713,10,0,10
6714,10,0,10
6715,10,0,10
6716,10,0,10
6717,9,0,9
6718,9,0,9
6719,8,0,8
6720,8,0,8
6721,8,0,8
6722,8,0,8
6723,8,0,8
6724,8,0,8
6725,8,0,8
6726,9,0,9
6727,9,0,9
6728,9,0,9
6729,9,0,9
6730,9,0,9
6731,9,0,9
6732,9,0,9
6733,9,0,9
6734,9,0,9
6735,9,0,9
6736,9,0,9
6737,9,0,9
6738,9,0,9
6739,9,0,9
6740,9,0,9
6741,9,0,9
6742,9,0,9
6743,9,0,9
6744,9,0,9
6745,9,0,9
6746,9,0,9
6747,9,0,9
6748,9,0,9
6749,9,0,9
6750,9,0,9
6751,9,0,9
6752,9,0,9
6753,9,0,9
6754,9,0,9
6755,9,0,9
6756,9,0,9
6757,9,0,9
6758,9,0,9
6759,9,0,9
6760,9,0,9
6761,10,0,10
6762,10,0,10
6763,10,0,10
6764,10,0,10
6765,10,0,10
6766,10,0,10
6767,10,0,10
6768,10,0,10
6769,10,0,10
6770,10,0,10
6771,10,0,10
6772,10,0,10
6773,10,0,10
6774,10,0,10
6775,10,0,10
6776,10,0,10
6777,10,0,10
6778,10,0,10
6779,10,0,10
6780,10,0,10
6781,10,0,10
6782,10,0,10
6783,10,0,10
6784,10,0,10
6785,10,0,10
6786,10,0,10
6787,10,0,10
6788,10,0,10
6789,10,0,10
6790,10,0,10
6791,10,0,10
6792,10,0,10
6793,10,0,10
6794,10,0,10
6795,10,0,10
6796,10,0,10
6797,10,0,10
6798,10,0,10
6799,10,0,10
6800,9,0,9
6801,9,0,9
6802,9,0,9
6803,9,0,9
6804,9,0,9
6805,9,0,9
6806,9,0,9
6807,9,0,9
6808,9,0,9
6809,9,0,9
6810,10,0,10
6811,10,0,10
6812,10,0,10
6813,10,0,10
6814,10,0,10
6815,10,0,10
6816,10,0,10
6817,10,0,10
6818,10,0,10
6819,10,0,10
6820,9,0,9
6821,9,0,9
6822,9,0,9
6823,9,0,9
6824,9,0,9
6825,9,0,9
6826,9,0,9
6827,9,0,9
6828,9,0,9
6829,9,0,9
6830,9,0,9
6831,9,0,9
6832,9,0,9
6833,9,0,9
6834,9,0,9
6835,9,0,9
6836,9,0,9
6837,9,0,9
6838,9,0,9
6839,9,0,9
6840,9,0,9
6841,9,0,9
6842,9,0,9
6843,9,0,9
6844,8,0,8
6845,8,0,8
6846,8,0,8
6847,9,0,9
6848,9,0,9
6849,9,0,9
6850,9,0,9
6851,9,0,9
6852,9,0,9
6853,9,0,9
6854,9,0,9
6855,9,0,9
6856,9,0,9
6857,9,0,9
6858,9,0,9
6859,9,0,9
6860,9,0,9
6861,9,0,9
6862,9,0,9
6863,9,0,9
6864,9,0,9
6865,9,0,9
6866,9,0,9
6867,9,0,9
6868,9,0,9
6869,9,0,9
6870,9,0,9
6871,9,0,9
6872,9,0,9
6873,9,0,9
6874,9,0,9
6875,9,0,9
6876,9,0,9
6877,9,0,9
6878,9,0,9
6879,9,0,9
6880,9,0,9
6881,9,0,9
6882,8,0,8
6883,8,0,8
6884,8,0,8
6885,8,0,8
6886,8,0,8
6887,8,0,8
6888,8,0,8
6889,9,0,9
6890,9,0,9
6891,9,0,9
6892,9,0,9
6893,9,0,9
6894,9,0,9
6895,9,0,9
6896,9,0,9
6897,9,0,9
6898,9,0,9
6899,9,0,9
6900,9,0,9
6901,9,0,9
6902,9,0,9
6903,9,0,9
6904,9,0,9
6905,9,0,9
6906,9,0,9
6907,9,0,9
6908,8,0,8
6909,8,0,8
6910,8,0,8
6911,8,0,8
6912,8,0,8
6913,8,0,8
6914,7,0,7
6915,7,0,7
6916,7,0,7
6917,7,0,7
6918,7,0,7
6919,7,0,7
6920,7,0,7
6921,7,0,7
6922,7,0,7
6923,7,0,7
6924,7,0,7
6925,7,0,7
6926,7,0,7
6927,7,0,7
6928,7,0,7
6929,7,0,7
6930,7,0,7
6931,7,0,7
6932,7,0,7
6933,7,0,7
6934,7,0,7
6935,7,0,7
6936,8,0,8
6937,8,0,8
6938,8,0,8
6939,8,0,8
6940,8,0,8
6941,8,0,8
6942,8,0,8
6943,9,0,9
6944,9,0,9
6945,9,0,9
6946,9,0,9
6947,9,0,9
6948,9,0,9
6949,9,0,9
6950,9,0,9
6951,9,0,9
6952,9,0,9
6953,9,0,9
6954,8,0,8
6955,8,0,8
6956,8,0,8
6957,8,0,8
6958,8,0,8
6959,8,0,8
6960,8,0,8
6961,8,0,8
6962,8,0,8
6963,8,0,8
6964,9,0,9
6965,9,0,9
6966,9,0,9
6967,9,0,9
6968,9,0,9
6969,9,0,9
6970,9,0,9
6971,9,0,9
6972,9,0,9
6973,7,0,7
6974,7,0,7
6975,7,0,7
6976,7,0,7
6977,7,0,7
6978,8,0,8
6979,8,0,8
6980,8,0,8
6981,8,0,8
6982,8,0,8
6983,8,0,8
6984,8,0,8
6985,8,0,8
6986,8,0,8
6987,9,0,9
6988,10,0,10
6989,10,0,10
6990,10,0,10
6991,10,0,10
6992,10,0,10
6993,10,0,10
6994,10,0,10
6995,10,0,10
6996,10,0,10
6997,10,0,10
6998,10,0,10
6999,10,0,10
7000,10,0,10
7001,10,0,10
7002,10,0,10
7003,10,0,10
7004,10,0,10
7005,10,0,10
7006,10,0,10
7007,10,0,10
7008,10,0,10
7009,10,0,10
7010,10,0,10
7011,10,0,10
7012,10,0,10
7013,10,0,10
7014,10,0,10
7015,10,0,10
7016,10,0,10
7017,10,0,10
7018,10,0,10
7019,10,0,10
7020,10,0,10
7021,10,0,10
7022,10,0,10
7023,10,0,10
7024,10,0,10
7025,9,0,9
7026,9,0,9
7027,9,0,9
7028,9,0,9
7029,9,0,9
7030,9,0,9
7031,9,0,9
7032,9,0,9
7033,9,0,9
7034,9,0,9
7035,9,0,9
7036,9,0,9
7037,9,0,9
7038,9,0,9
7039,9,0,9
7040,9,0,9
7041,9,0,9
7042,9,0,9
7043,9,0,9
7044,9,0,9
7045,9,0,9
7046,9,0,9
7047,9,0,9
7048,9,0,9
7049,9,0,9
7050,9,0,9
7051,9,0,9
7052,9,0,9
7053,9,0,9
7054,9,0,9
7055,9,0,9
7056,9,0,9
7057,9,0,9
7058,9,0,9
7059,9,0,9
7060,9,0,9
7061,9,0,9
7062,9,0,9
7063,9,0,9
7064,9,0,9
7065,9,0,9
7066,9,0,9
7067,9,0,9
7068,9,0,9
7069,10,0,10
7070,10,0,10
7071,10,0,10
7072,10,0,10
7073,10,0,10
7074,10,0,10
7075,10,0,10
7076,10,0,10
7077,10,0,10
7078,10,0,10
7079,10,0,10
7080,10,0,10
7081,10,0,10
7082,10,0,10
7083,10,0,10
7084,10,0,10
7085,9,0,9
7086,9,0,9
7087,9,0,9
7088,9,0,9
7089,9,0,9
7090,9,0,9
7091,9,0,9
7092,9,0,9
7093,9,0,9
7094,9,0,9
7095,9,0,9
7096,9,0,9
7097,9,0,9
7098,9,0,9
7099,8,0,8
7100,8,0,8
7101,8,0,8
7102,8,0,8
7103,8,0,8
7104,9,0,9
7105,9,0,9
7106,9,0,9
7107,9,0,9
7108,9,0,9
7109,9,0,9
7110,9,0,9
7111,9,0,9
7112,9,0,9
7113,9,0,9
7114,9,0,9
7115,9,0,9
7116,9,0,9
7117,9,0,9
7118,9,0,9
7119,10,0,10
7120,10,0,10
7121,10,0,10
7122,10,0,10
7123,10,0,10
7124,10,0,10
7125,10,0,10
7126,10,0,10
7127,10,0,10
7128,10,0,10
7129,10,0,10
7130,10,0,10
7131,10,0,10
7132,10,0,10
7133,10,0,10
7134,10,0,10
7135,10,0,10
7136,10,0,10
7137,10,0,10
7138,10,0,10
7139,10,0,10
7140,10,0,10
7141,10,0,10
7142,10,0,10
7143,10,0,10
7144,10,0,10
7145,10,0,10
7146,11,0,11
7147,11,0,11
7148,11,0,11
7149,11,0,11
7150,11,0,11
7151,10,0,10
7152,10,0,10
7153,10,0,10
7154,10,0,10
7155,10,0,10
7156,10,0,10
7157,10,0,10
7158,10,0,10
7159,10,0,10
7160,10,0,10
7161,10,0,10
7162,10,0,10
7163,10,0,10
7164,10,0,10
7165,10,0,10
7166,10,0,10
7167,10,0,10
7168,10,0,10
7169,10,0,10
7170,10,0,10
7171,10,0,10
7172,11,0,11
7173,11,0,11
7174,11,0,11
7175,10,0,10
7176,10,0,10
7177,10,0,10
7178,10,0,10
7179,10,0,10
7180,10,0,10
7181,10,0,10
7182,10,0,10
7183,10,0,10
7184,10,0,10
7185,10,0,10
7186,10,0,10
7187,10,0,10
7188,10,0,10
7189,10,0,10
7190,10,0,10
7191,10,0,10
7192,10,0,10
7193,10,0,10
7194,10,0,10
7195,10,0,10
7196,10,0,10
7197,10,0,10
7198,10,0,10
7199,10,0,10
7200,11,0,11
7201,11,0,11
7202,11,0,11
7203,11,0,11
7204,11,0,11
7205,11,0,11
7206,11,0,11
7207,11,0,11
7208,11,0,11
7209,11,0,11
7210,11,0,11
7211,11,0,11
7212,11,0,11
7213,11,0,11
7214,11,0,11
7215,11,0,11
7216,11,0,11
7217,10,0,10
7218,10,0,10
7219,10,0,10
7220,10,0,10
7221,10,0,10
7222,10,0,10
7223,10,0,10
7224,10,0,10
7225,10,0,10
7226,10,0,10
7227,11,0,11
7228,11,0,11
7229,11,0,11
7230,11,0,11
7231,12,0,12
7232,12,0,12
7233,12,0,12
7234,12,0,12
7235,12,0,12
7236,12,0,12
7237,12,0,12
7238,12,0,12
7239,12,0,12
7240,12,0,12
7241,12,0,12
7242,13,0,13
7243,13,0,13
7244,12,0,12
7245,12,0,12
7246,12,0,12
7247,12,0,12
7248,13,0,13
7249,13,0,13
7250,13,0,13
7251,13,0,13
7252,13,0,13
7253,13,0,13
7254,13,0,13
7255,13,0,13
7256,13,0,13
7257,12,0,12
7258,12,0,12
7259,12,0,12
7260,12,0,12
7261,11,0,11
7262,11,0,11
7263,11,0,11
7264,11,0,11
7265,10,0,10
7266,9,0,9
7267,9,0,9
7268,9,0,9
7269,9,0,9
7270,9,0,9
7271,9,0,9
7272,9,0,9
7273,9,0,9
7274,9,0,9
7275,9,0,9
7276,9,0,9
7277,9,0,9
7278,9,0,9
7279,9,0,9
7280,9,0,9
7281,9,0,9
7282,9,0,9
7283,9,0,9
7284,9,0,9
7285,8,0,8
7286,9,0,9
7287,9,0,9
7288,9,0,9
7289,9,0,9
7290,9,0,9
7291,9,0,9
7292,9,0,9
7293,9,0,9
7294,9,0,9
7295,9,0,9
7296,9,0,9
7297,9,0,9
7298,9,0,9
7299,9,0,9
7300,9,0,9
7301,9,0,9
7302,9,0,9
7303,9,0,9
7304,9,0,9
7305,9,0,9
7306,9,0,9
7307,9,0,9
7308,9,0,9
7309,9,0,9
7310,9,0,9
7311,9,0,9
7312,9,0,9
7313,9,0,9
7314,9,0,9
7315,9,0,9
7316,9,0,9
7317,9,0,9
7318,9,0,9
7319,10,0,10
7320,10,0,10
7321,10,0,10
7322,10,0,10
7323,10,0,10
7324,10,0,10
7325,10,0,10
7326,10,0,10
7327,10,0,10
7328,10,0,10
7329,12,0,12
7330,11,0,11
7331,11,0,11
7332,11,0,11
7333,10,0,10
7334,10,0,10
7335,10,0,10
7336,10,0,10
7337,11,0,11
7338,11,0,11
7339,11,0,11
7340,11,0,11
7341,11,0,11
7342,11,0,11
7343,11,0,11
7344,11,0,11
7345,11,0,11
7346,11,0,11
7347,11,0,11
7348,11,0,11
7349,11,0,11
7350,11,0,11
7351,11,0,11
7352,12,0,12
7353,12,0,12
7354,12,0,12
7355,12,0,12
7356,11,0,11
7357,11,0,11
7358,11,0,11
7359,11,0,11
7360,11,0,11
7361,11,0,11
7362,11,0,11
7363,11,0,11
7364,11,0,11
7365,11,0,11
7366,10,0,10
7367,10,0,10
7368,10,0,10
7369,10,0,10
7370,10,0,10
7371,10,0,10
7372,10,0,10
7373,10,0,10
7374,10,0,10
7375,10,0,10
7376,10,0,10
7377,10,0,10
7378,11,0,11
7379,11,0,11
7380,11,0,11
7381,11,0,11
7382,11,0,11
7383,12,0,12
7384,12,0,12
7385,12,0,12
7386,12,0,12
7387,12,0,12
7388,12,0,12
7389,12,0,12
7390,12,0,12
7391,12,0,12
7392,12,0,12
7393,12,0,12
7394,12,0,12
7395,12,0,12
7396,12,0,12
7397,12,0,12
7398,12,0,12
7399,12,0,12
7400,12,0,12
7401,12,0,12
7402,12,0,12
7403,12,0,12
7404,12,0,12
7405,12,0,12
7406,11,0,11
7407,11,0,11
7408,11,0,11
7409,11,0,11
7410,11,0,11
7411,10,0,10
7412,10,0,10
7413,10,0,10
7414,10,0,10
7415,10,0,10
7416,10,0,10
7417,10,0,10
7418,10,0,10
7419,10,0,10
7420,10,0,10
7421,10,0,10
7422,10,0,10
7423,10,0,10
7424,10,0,10
7425,10,0,10
7426,11,0,11
7427,12,0,12
7428,12,0,12
7429,12,0,12
7430,12,0,12
7431,12,0,12
7432,12,0,12
7433,12,0,12
7434,12,0,12
7435,12,0,12
7436,12,0,12
7437,12,0,12
7438,12,0,12
7439,12,0,12
7440,12,0,12
7441,12,0,12
7442,12,0,12
7443,12,0,12
7444,12,0,12
7445,12,0,12
7446,12,0,12
7447,12,0,12
7448,12,0,12
7449,11,0,11
7450,11,0,11
7451,11,0,11
7452,11,0,11
7453,11,0,11
7454,11,0,11
7455,11,0,11
7456,11,0,11
7457,11,0,11
7458,11,0,11
7459,11,0,11
7460,11,0,11
7461,11,0,11
7462,11,0,11
7463,11,0,11
7464,11,0,11
7465,11,0,11
7466,11,0,11
7467,10,0,10
7468,10,0,10
7469,10,0,10
7470,10,0,10
7471,10,0,10
7472,10,0,10
7473,11,0,11
7474,11,0,11
7475,11,0,11
7476,11,0,11
7477,11,0,11
7478,11,0,11
7479,11,0,11
7480,11,0,11
7481,11,0,11
7482,11,0,11
7483,11,0,11
7484,11,0,11
7485,11,0,11
7486,11,0,11
7487,11,0,11
7488,11,0,11
7489,11,0,11
7490,11,0,11
7491,12,0,12
7492,12,0,12
7493,12,0,12
7494,12,0,12
7495,12,0,12
7496,12,0,12
7497,12,0,12
7498,12,0,12
7499,11,0,11
7500,10,0,10
7501,10,0,10
7502,10,0,10
7503,10,0,10
7504,11,0,11
7505,12,0,12
7506,12,0,12
7507,12,0,12
7508,12,0,12
7509,12,0,12
7510,12,0,12
7511,12,0,12
7512,12,0,12
7513,11,0,11
7514,11,0,11
7515,11,0,11
7516,11,0,11
7517,11,0,11
7518,11,0,11
7519,11,0,11
7520,11,0,11
7521,11,0,11
7522,11,0,11
7523,11,0,11
7524,11,0,11
7525,11,0,11
7526,11,0,11
7527,11,0,11
7528,11,0,11
7529,11,0,11
7530,11,0,11
7531,11,0,11
7532,11,0,11
7533,11,0,11
7534,11,0,11
7535,11,0,11
7536,11,0,11
7537,10,0,10
7538,10,0,10
7539,10,0,10
7540,11,0,11
7541,11,0,11
7542,11,0,11
7543,11,0,11
7544,11,0,11
7545,11,0,11
7546,11,0,11
7547,11,0,11
7548,11,0,11
7549,10,0,10
7550,10,0,10
7551,10,0,10
7552,10,0,10
7553,10,0,10
7554,10,0,10
7555,10,0,10
7556,10,0,10
7557,10,0,10
7558,10,0,10
7559,10,0,10
7560,10,0,10
7561,10,0,10
7562,10,0,10
7563,10,0,10
7564,10,0,10
7565,10,0,10
7566,10,0,10
7567,10,0,10
7568,10,0,10
7569,10,0,10
7570,10,0,10
7571,10,0,10
7572,10,0,10
7573,10,0,10
7574,10,0,10
7575,10,0,10
7576,10,0,10
7577,10,0,10
7578,10,0,10
7579,11,0,11
7580,11,0,11
7581,10,0,10
7582,10,0,10
7583,10,0,10
7584,10,0,10
7585,10,0,10
7586,10,0,10
7587,10,0,10
7588,10,0,10
7589,10,0,10
7590,10,0,10
7591,9,0,9
7592,9,0,9
7593,9,0,9
7594,9,0,9
7595,9,0,9
7596,9,0,9
7597,9,0,9
7598,9,0,9
7599,9,0,9
7600,8,0,8
7601,8,0,8
7602,8,0,8
7603,8,0,8
7604,8,0,8
7605,8,0,8
7606,8,0,8
7607,8,0,8
7608,8,0,8
7609,8,0,8
7610,8,0,8
7611,8,0,8
7612,7,0,7
7613,7,0,7
7614,7,0,7
7615,7,0,7
7616,7,0,7
7617,7,0,7
7618,7,0,7
7619,7,0,7
7620,7,0,7
7621,7,0,7
7622,7,0,7
7623,7,0,7
7624,7,0,7
7625,7,0,7
7626,7,0,7
7627,7,0,7
7628,6,0,6
7629,6,0,6
7630,6,0,6
7631,6,0,6
7632,6,0,6
7633,6,0,6
7634,7,0,7
7635,7,0,7
7636,7,0,7
7637,7,0,7
7638,7,0,7
7639,7,0,7
7640,7,0,7
7641,7,0,7
7642,7,0,7
7643,7,0,7
7644,7,0,7
7645,7,0,7
7646,7,0,7
7647,7,0,7
7648,7,0,7
7649,7,0,7
7650,7,0,7
7651,7,0,7
7652,7,0,7
7653,7,0,7
7654,7,0,7
7655,7,0,7
7656,7,0,7
7657,7,0,7
7658,7,0,7
7659,7,0,7
7660,7,0,7
7661,7,0,7
7662,7,0,7
7663,7,0,7
7664,7,0,7
7665,7,0,7
7666,7,0,7
7667,7,0,7
7668,7,0,7
7669,7,0,7
7670,7,0,7
7671,7,0,7
7672,7,0,7
7673,6,0,6
7674,6,0,6
7675,6,0,6
7676,6,0,6
7677,6,0,6
7678,6,0,6
7679,6,0,6
7680,6,0,6
7681,6,0,6
7682,6,0,6
7683,6,0,6
7684,6,0,6
7685,6,0,6
7686,6,0,6
7687,6,0,6
7688,6,0,6
7689,6,0,6
7690,6,0,6
7691,6,0,6
7692,6,0,6
7693,6,0,6
7694,6,0,6
7695,6,0,6
7696,6,0,6
7697,6,0,6
7698,6,0,6
7699,6,0,6
7700,6,0,6
7701,6,0,6
7702,7,0,7
7703,7,0,7
7704,6,0,6
7705,6,0,6
7706,6,0,6
7707,6,0,6
7708,6,0,6
7709,6,0,6
7710,6,0,6
7711,6,0,6
7712,6,0,6
7713,6,0,6
7714,6,0,6
7715,6,0,6
7716,6,0,6
7717,6,0,6
7718,6,0,6
7719,6,0,6
7720,6,0,6
7721,6,0,6
7722,6,0,6
7723,6,0,6
7724,6,0,6
7725,6,0,6
7726,6,0,6
7727,6,0,6
7728,6,0,6
7729,6,0,6
7730,6,0,6
7731,8,0,8
7732,8,0,8
7733,8,0,8
7734,8,0,8
7735,8,0,8
7736,8,0,8
7737,8,0,8
7738,8,0,8
7739,8,0,8
7740,9,0,9
7741,9,0,9
7742,9,0,9
7743,9,0,9
7744,9,0,9
7745,9,0,9
7746,9,0,9
7747,9,0,9
7748,9,0,9
7749,9,0,9
7750,9,0,9
7751,9,0,9
7752,9,0,9
7753,9,0,9
7754,9,0,9
7755,9,0,9
7756,9,0,9
7757,9,0,9
7758,9,0,9
7759,9,0,9
7760,9,0,9
7761,9,0,9
7762,9,0,9
7763,9,0,9
7764,9,0,9
7765,9,0,9
7766,10,0,10
7767,10,0,10
7768,9,0,9
7769,10,0,10
7770,10,0,10
7771,10,0,10
7772,10,0,10
7773,10,0,10
7774,10,0,10
7775,10,0,10
7776,10,0,10
7777,10,0,10
7778,10,0,10
7779,10,0,10
7780,10,0,10
7781,10,0,10
7782,10,0,10
7783,10,0,10
7784,10,0,10
7785,10,0,10
7786,10,0,10
7787,10,0,10
7788,10,0,10
7789,10,0,10
7790,10,0,10
7791,10,0,10
7792,10,0,10
7793,10,0,10
7794,10,0,10
7795,10,0,10
7796,10,0,10
7797,10,0,10
7798,10,0,10
7799,10,0,10
7800,10,0,10
7801,10,0,10
7802,10,0,10
7803,10,0,10
7804,10,0,10
7805,10,0,10
7806,10,0,10
7807,10,0,10
7808,10,0,10
7809,10,0,10
7810,10,0,10
7811,9,0,9
7812,9,0,9
7813,9,0,9
7814,9,0,9
7815,9,0,9
7816,8,0,8
7817,8,0,8
7818,8,0,8
7819,8,0,8
7820,7,0,7
7821,7,0,7
7822,8,0,8
7823,8,0,8
7824,9,0,9
7825,9,0,9
7826,9,0,9
7827,9,0,9
7828,9,0,9
7829,9,0,9
7830,9,0,9
7831,10,0,10
7832,10,0,10
7833,10,0,10
7834,10,0,10
7835,11,0,11
7836,11,0,11
7837,12,0,12
7838,12,0,12
7839,12,0,12
7840,12,0,12
7841,12,0,12
7842,12,0,12
7843,12,0,12
7844,12,0,12
7845,12,0,12
7846,11,0,11
7847,11,0,11
7848,11,0,11
7849,11,0,11
7850,11,0,11
7851,11,0,11
7852,10,0,10
7853,10,0,10
7854,9,0,9
7855,9,0,9
7856,9,0,9
7857,9,0,9
7858,9,0,9
7859,9,0,9
7860,9,0,9
7861,9,0,9
7862,9,0,9
7863,8,0,8
7864,8,0,8
7865,8,0,8
7866,8,0,8
7867,8,0,8
7868,8,0,8
7869,8,0,8
7870,8,0,8
7871,8,0,8
7872,8,0,8
7873,8,0,8
7874,8,0,8
7875,8,0,8
7876,8,0,8
7877,8,0,8
7878,8,0,8
7879,9,0,9
7880,9,0,9
7881,9,0,9
7882,9,0,9
7883,9,0,9
7884,9,0,9
7885,9,0,9
7886,9,0,9
7887,9,0,9
7888,9,0,9
7889,9,0,9
7890,9,0,9
7891,9,0,9
7892,9,0,9
7893,9,0,9
7894,9,0,9
7895,9,0,9
7896,9,0,9
7897,9,0,9
7898,9,0,9
7899,9,0,9
7900,9,0,9
7901,9,0,9
7902,9,0,9
7903,9,0,9
7904,9,0,9
7905,9,0,9
7906,9,0,9
7907,9,0,9
7908,9,0,9
7909,9,0,9
7910,9,0,9
7911,9,0,9
7912,9,0,9
7913,9,0,9
7914,9,0,9
7915,9,0,9
7916,9,0,9
7917,9,0,9
7918,9,0,9
7919,9,0,9
7920,9,0,9
7921,9,0,9
7922,9,0,9
7923,9,0,9
7924,8,0,8
7925,8,0,8
7926,8,0,8
7927,8,0,8
7928,8,0,8
7929,8,0,8
7930,8,0,8
7931,8,0,8
7932,8,0,8
7933,8,0,8
7934,7,0,7
7935,7,0,7
7936,7,0,7
7937,7,0,7
7938,7,0,7
7939,6,0,6
7940,6,0,6
7941,6,0,6
7942,6,0,6
7943,5,0,5
7944,5,0,5
7945,5,0,5
7946,5,0,5
7947,5,0,5
7948,5,0,5
7949,5,0,5
7950,5,0,5
7951,5,0,5
7952,5,0,5
7953,5,0,5
7954,5,0,5
7955,5,0,5
7956,5,0,5
7957,5,0,5
7958,5,0,5
7959,5,0,5
7960,5,0,5
7961,5,0,5
7962,5,0,5
7963,5,0,5
7964,5,0,5
7965,6,0,6
7966,6,0,6
7967,6,0,6
7968,6,0,6
7969,6,0,6
7970,6,0,6
7971,6,0,6
7972,6,0,6
7973,6,0,6
7974,6,0,6
7975,6,0,6
7976,6,0,6
7977,6,0,6
7978,6,0,6
7979,6,0,6
7980,6,0,6
7981,6,0,6
7982,6,0,6
7983,6,0,6
7984,6,0,6
7985,7,0,7
7986,7,0,7
7987,7,0,7
7988,7,0,7
7989,7,0,7
7990,7,0,7
7991,7,0,7
7992,7,0,7
7993,7,0,7
7994,6,0,6
7995,6,0,6
7996,6,0,6
7997,6,0,6
7998,6,0,6
7999,6,0,6
8000,6,0,6
8001,6,0,6
8002,6,0,6
8003,6,0,6
8004,6,0,6
8005,6,0,6
8006,6,0,6
8007,6,0,6
8008,6,0,6
8009,6,0,6
8010,6,0,6
8011,6,0,6
8012,6,0,6
8013,6,0,6
8014,6,0,6
8015,6,0,6
8016,6,0,6
8017,6,0,6
8018,6,0,6
8019,6,0,6
8020,6,0,6
8021,6,0,6
8022,6,0,6
8023,6,0,6
8024,6,0,6
8025,6,0,6
8026,6,0,6
8027,6,0,6
8028,6,0,6
8029,6,0,6
8030,6,0,6
8031,6,0,6
8032,6,0,6
8033,6,0,6
8034,6,0,6
8035,6,0,6
8036,6,0,6
8037,6,0,6
8038,6,0,6
8039,6,0,6
8040,7,0,7
8041,7,0,7
8042,7,0,7
8043,7,0,7
8044,7,0,7
8045,7,0,7
8046,7,0,7
8047,7,0,7
8048,7,0,7
8049,7,0,7
8050,7,0,7
8051,7,0,7
8052,7,0,7
8053,7,0,7
8054,7,0,7
8055,7,0,7
8056,7,0,7
8057,7,0,7
8058,7,0,7
8059,8,0,8
8060,8,0,8
8061,8,0,8
8062,8,0,8
8063,8,0,8
8064,8,0,8
8065,7,0,7
8066,7,0,7
8067,7,0,7
8068,7,0,7
8069,7,0,7
8070,7,0,7
8071,7,0,7
8072,7,0,7
8073,5,0,5
8074,5,0,5
8075,5,0,5
8076,6,0,6
8077,6,0,6
8078,6,0,6
8079,6,0,6
8080,6,0,6
8081,6,0,6
8082,6,0,6
8083,6,0,6
8084,6,0,6
8085,6,0,6
8086,6,0,6
8087,6,0,6
8088,6,0,6
8089,6,0,6
8090,6,0,6
8091,6,0,6
8092,6,0,6
8093,6,0,6
8094,6,0,6
8095,6,0,6
8096,6,0,6
8097,6,0,6
8098,6,0,6
8099,6,0,6
8100,6,0,6
8101,6,0,6
8102,6,0,6
8103,7,0,7
8104,7,0,7
8105,7,0,7
8106,7,0,7
8107,7,0,7
8108,6,0,6
8109,6,0,6
8110,6,0,6
8111,6,0,6
8112,6,0,6
8113,6,0,6
8114,6,0,6
8115,6,0,6
8116,6,0,6
8117,6,0,6
8118,6,0,6
8119,6,0,6
8120,5,0,5
8121,5,0,5
8122,5,0,5
8123,5,0,5
8124,5,0,5
8125,5,0,5
8126,5,0,5
8127,5,0,5
8128,5,0,5
8129,5,0,5
8130,5,0,5
8131,5,0,5
8132,5,0,5
8133,5,0,5
8134,5,0,5
8135,5,0,5
8136,5,0,5
8137,5,0,5
8138,5,0,5
8139,5,0,5
8140,5,0,5
8141,5,0,5
8142,5,0,5
8143,5,0,5
8144,5,0,5
8145,5,0,5
8146,5,0,5
8147,4,0,4
8148,4,0,4
8149,4,0,4
8150,4,0,4
8151,4,0,4
8152,4,0,4
8153,4,0,4
8154,4,0,4
8155,4,0,4
8156,4,0,4
8157,5,0,5
8158,5,0,5
8159,6,0,6
8160,6,0,6
8161,6,0,6
8162,6,0,6
8163,6,0,6
8164,6,0,6
8165,6,0,6
8166,6,0,6
8167,6,0,6
8168,6,0,6
8169,6,0,6
8170,6,0,6
8171,6,0,6
8172,6,0,6
8173,6,0,6
8174,6,0,6
8175,6,0,6
8176,6,0,6
8177,6,0,6
8178,6,0,6
8179,6,0,6
8180,6,0,6
8181,6,0,6
8182,6,0,6
8183,6,0,6
8184,6,0,6
8185,6,0,6
8186,6,0,6
8187,6,0,6
8188,6,0,6
8189,6,0,6
8190,6,0,6
8191,6,0,6
8192,6,0,6
8193,6,0,6
8194,6,0,6
8195,6,0,6
8196,6,0,6
8197,6,0,6
8198,6,0,6
8199,6,0,6
8200,6,0,6
8201,6,0,6
8202,6,0,6
8203,6,0,6
8204,6,0,6
8205,6,0,6
8206,6,0,6
8207,6,0,6
8208,6,0,6
8209,6,0,6
8210,6,0,6
8211,6,0,6
8212,6,0,6
8213,6,0,6
8214,6,0,6
8215,6,0,6
8216,6,0,6
8217,6,0,6
8218,6,0,6
8219,6,0,6
8220,6,0,6
8221,5,0,5
8222,5,0,5
8223,5,0,5
8224,5,0,5
8225,5,0,5
8226,5,0,5
8227,5,0,5
8228,5,0,5
8229,5,0,5
8230,5,0,5
8231,5,0,5
8232,5,0,5
8233,4,0,4
8234,4,0,4
8235,4,0,4
8236,4,0,4
8237,4,0,4
8238,4,0,4
8239,4,0,4
8240,4,0,4
8241,4,0,4
8242,4,0,4
8243,4,0,4
8244,4,0,4
8245,4,0,4
8246,4,0,4
8247,4,0,4
8248,4,0,4
8249,4,0,4
8250,4,0,4
8251,4,0,4
8252,4,0,4
8253,4,0,4
8254,4,0,4
8255,5,0,5
8256,5,0,5
8257,4,0,4
8258,4,0,4
8259,4,0,4
8260,4,0,4
8261,4,0,4
8262,4,0,4
8263,4,0,4
8264,4,0,4
8265,4,0,4
8266,4,0,4
8267,4,0,4
8268,4,0,4
8269,4,0,4
8270,4,0,4
8271,4,0,4
8272,4,0,4
8273,4,0,4
8274,4,0,4
8275,3,0,3
8276,3,0,3
8277,3,0,3
8278,3,0,3
8279,3,0,3
8280,3,0,3
8281,3,0,3
8282,3,0,3
8283,3,0,3
8284,3,0,3
8285,3,0,3
8286,3,0,3
8287,3,0,3
8288,3,0,3
8289,3,0,3
8290,3,0,3
8291,3,0,3
8292,3,0,3
8293,4,0,4
8294,5,0,5
8295,5,0,5
8296,5,0,5
8297,5,0,5
8298,5,0,5
8299,5,0,5
8300,5,0,5
8301,5,0,5
8302,5,0,5
8303,5,0,5
8304,5,0,5
8305,5,0,5
8306,5,0,5
8307,5,0,5
8308,5,0,5
8309,5,0,5
8310,5,0,5
8311,5,0,5
8312,5,0,5
8313,5,0,5
8314,5,0,5
8315,5,0,5
8316,5,0,5
8317,5,0,5
8318,5,0,5
8319,5,0,5
8320,5,0,5
8321,5,0,5
8322,5,0,5
8323,5,0,5
8324,5,0,5
8325,5,0,5
8326,5,0,5
8327,5,0,5
8328,5,0,5
8329,5,0,5
8330,5,0,5
8331,4,0,4
8332,4,0,4
8333,4,0,4
8334,4,0,4
8335,5,0,5
8336,5,0,5
8337,5,0,5
8338,5,0,5
8339,5,0,5
8340,5,0,5
8341,5,0,5
8342,4,0,4
8343,4,0,4
8344,4,0,4
8345,4,0,4
8346,4,0,4
8347,4,0,4
8348,4,0,4
8349,4,0,4
8350,4,0,4
8351,4,0,4
8352,4,0,4
8353,4,0,4
8354,4,0,4
8355,4,0,4
8356,4,0,4
8357,4,0,4
8358,4,0,4
8359,4,0,4
8360,4,0,4
8361,4,0,4
8362,4,0,4
8363,4,0,4
8364,4,0,4
8365,4,0,4
8366,4,0,4
8367,4,0,4
8368,4,0,4
8369,4,0,4
8370,4,0,4
8371,4,0,4
8372,4,0,4
8373,4,0,4
8374,4,0,4
8375,4,0,4
8376,3,0,3
8377,2,0,2
8378,2,0,2
8379,2,0,2
8380,2,0,2
8381,2,0,2
8382,2,0,2
8383,2,0,2
8384,2,0,2
8385,2,0,2
8386,2,0,2
8387,2,0,2
8388,2,0,2
8389,3,0,3
8390,3,0,3
8391,4,0,4
8392,4,0,4
8393,4,0,4
8394,4,0,4
8395,4,0,4
8396,4,0,4
8397,4,0,4
8398,4,0,4
8399,4,0,4
8400,4,0,4
8401,4,0,4
8402,4,0,4
8403,4,0,4
8404,5,0,5
8405,5,0,5
8406,5,0,5
8407,5,0,5
8408,5,0,5
8409,5,0,5
8410,5,0,5
8411,5,0,5
8412,5,0,5
8413,5,0,5
8414,5,0,5
8415,5,0,5
8416,5,0,5
8417,5,0,5
8418,5,0,5
8419,5,0,5
8420,5,0,5
8421,5,0,5
8422,5,0,5
8423,5,0,5
8424,5,0,5
8425,5,0,5
8426,5,0,5
8427,5,0,5
8428,5,0,5
8429,5,0,5
8430,5,0,5
8431,5,0,5
8432,5,0,5
8433,5,0,5
8434,5,0,5
8435,5,0,5
8436,5,0,5
8437,5,0,5
8438,5,0,5
8439,5,0,5
8440,5,0,5
8441,6,0,6
8442,6,0,6
8443,6,0,6
8444,6,0,6
8445,6,0,6
8446,6,0,6
8447,6,0,6
8448,5,0,5
8449,5,0,5
8450,5,0,5
8451,5,0,5
8452,4,0,4
8453,4,0,4
8454,4,0,4
8455,4,0,4
8456,4,0,4
8457,4,0,4
8458,4,0,4
8459,4,0,4
8460,4,0,4
8461,4,0,4
8462,4,0,4
8463,4,0,4
8464,4,0,4
8465,4,0,4
8466,4,0,4
8467,4,0,4
8468,4,0,4
8469,4,0,4
8470,4,0,4
8471,4,0,4
8472,4,0,4
8473,4,0,4
8474,4,0,4
8475,4,0,4
8476,4,0,4
8477,5,0,5
8478,5,0,5
8479,5,0,5
8480,5,0,5
8481,5,0,5
8482,5,0,5
8483,5,0,5
8484,5,0,5
8485,5,0,5
8486,5,0,5
8487,5,0,5
8488,5,0,5
8489,5,0,5
8490,5,0,5
8491,5,0,5
8492,5,0,5
8493,5,0,5
8494,5,0,5
8495,5,0,5
8496,5,0,5
8497,5,0,5
8498,5,0,5
8499,5,0,5
8500,5,0,5
8501,5,0,5
8502,5,0,5
8503,5,0,5
8504,5,0,5
8505,5,0,5
8506,5,0,5
8507,5,0,5
8508,5,0,5
8509,5,0,5
8510,5,0,5
8511,5,0,5
8512,5,0,5
8513,5,0,5
8514,5,0,5
8515,5,0,5
8516,5,0,5
8517,5,0,5
8518,5,0,5
8519,5,0,5
8520,5,0,5
8521,5,0,5
8522,5,0,5
8523,5,0,5
8524,5,0,5
8525,5,0,5
8526,5,0,5
8527,5,0,5
8528,5,0,5
8529,5,0,5
8530,5,0,5
8531,5,0,5
8532,5,0,5
8533,5,0,5
8534,5,0,5
8535,5,0,5
8536,5,0,5
8537,5,0,5
8538,5,0,5
8539,5,0,5
8540,5,0,5
8541,5,0,5
8542,5,0,5
8543,5,0,5
8544,5,0,5
8545,5,0,5
8546,5,0,5
8547,5,0,5
8548,5,0,5
8549,5,0,5
8550,5,0,5
8551,5,0,5
8552,5,0,5
8553,5,0,5
8554,5,0,5
8555,5,0,5
8556,5,0,5
8557,5,0,5
8558,5,0,5
8559,5,0,5
8560,5,0,5
8561,5,0,5
8562,6,0,6
8563,6,0,6
8564,6,0,6
8565,6,0,6
8566,5,0,5
8567,4,0,4
8568,5,0,5
8569,5,0,5
8570,5,0,5
8571,5,0,5
8572,3,0,3
8573,3,0,3
8574,2,0,2
8575,2,0,2
8576,2,0,2
8577,2,0,2
8578,2,0,2
8579,2,0,2
8580,2,0,2
8581,2,0,2
8582,2,0,2
8583,2,0,2
8584,2,0,2
8585,2,0,2
8586,2,0,2
8587,2,0,2
8588,2,0,2
8589,2,0,2
8590,2,0,2
8591,2,0,2
8592,2,0,2
8593,2,0,2
8594,2,0,2
8595,2,0,2
8596,2,0,2
8597,2,0,2
8598,2,0,2
8599,2,0,2
8600,2,0,2
8601,2,0,2
8602,2,0,2
8603,2,0,2
8604,3,0,3
8605,3,0,3
8606,3,0,3
8607,3,0,3
8608,3,0,3
8609,3,0,3
8610,3,0,3
8611,3,0,3
8612,3,0,3
8613,3,0,3
8614,3,0,3
8615,3,0,3
8616,3,0,3
8617,3,0,3
8618,3,0,3
8619,3,0,3
8620,3,0,3
8621,3,0,3
8622,3,0,3
8623,3,0,3
8624,3,0,3
8625,3,0,3
8626,3,0,3
8627,3,0,3
8628,3,0,3
8629,3,0,3
8630,3,0,3
8631,3,0,3
8632,3,0,3
8633,3,0,3
8634,3,0,3
8635,3,0,3
8636,3,0,3
8637,3,0,3
8638,3,0,3
8639,3,0,3
8640,3,0,3
8641,3,0,3
8642,3,0,3
8643,3,0,3
8644,3,0,3
8645,3,0,3
8646,3,0,3
8647,3,0,3
8648,3,0,3
8649,3,0,3
8650,3,0,3
8651,2,0,2
8652,2,0,2
8653,2,0,2
8654,2,0,2
8655,1,0,1
8656,1,0,1
8657,1,0,1
8658,1,0,1
8659,1,0,1
8660,1,0,1
8661,1,0,1
8662,1,0,1
8663,1,0,1
8664,1,0,1
8665,1,0,1
8666,1,0,1
8667,1,0,1
8668,1,0,1
8669,1,0,1
8670,1,0,1
8671,1,0,1
8672,1,0,1
8673,1,0,1
8674,1,0,1
8675,1,0,1
8676,1,0,1
8677,1,0,1
8678,1,0,1
8679,1,0,1
8680,1,0,1
8681,1,0,1
8682,1,0,1
8683,1,0,1
8684,1,0,1
8685,1,0,1
8686,1,0,1
8687,1,0,1
8688,1,0,1
8689,1,0,1
8690,1,0,1
8691,1,0,1
8692,1,0,1
8693,1,0,1
8694,1,0,1
8695,1,0,1
8696,1,0,1
8697,1,0,1
8698,1,0,1
8699,1,0,1
8700,1,0,1
8701,1,0,1
8702,0,0,0
8703,0,0,0
8704,0,0,0
8705,0,0,0
8706,0,0,0
8707,0,0,0
8708,1,0,1
8709,1,0,1
8710,1,0,1
8711,1,0,1
8712,1,0,1
8713,1,0,1
8714,1,0,1
8715,1,0,1
8716,1,0,1
8717,1,0,1
8718,1,0,1
8719,1,0,1
8720,1,0,1
8721,1,0,1
8722,1,0,1
8723,1,0,1
8724,1,0,1
8725,1,0,1
8726,1,0,1
8727,1,0,1
8728,1,0,1
8729,1,0,1
8730,1,0,1
8731,1,0,1
8732,1,0,1
8733,1,0,1
8734,1,0,1
8735,1,0,1
8736,1,0,1
8737,1,0,1
8738,1,0,1
8739,1,0,1
8740,1,0,1
8741,2,0,2
8742,2,0,2
8743,2,0,2
8744,2,0,2
8745,2,0,2
8746,2,0,2
8747,2,0,2
8748,2,0,2
8749,2,0,2
8750,2,0,2
8751,2,0,2
8752,2,0,2
8753,2,0,2
8754,2,0,2
8755,2,0,2
8756,2,0,2
8757,2,0,2
8758,2,0,2
8759,2,0,2
8760,2,0,2
8761,2,0,2
8762,2,0,2
8763,2,0,2
8764,2,0,2
8765,2,0,2
8766,2,0,2
8767,2,0,2
8768,2,0,2
8769,2,0,2
8770,2,0,2
8771,2,0,2
8772,2,0,2
8773,2,0,2
8774,2,0,2
8775,2,0,2
8776,2,0,2
8777,2,0,2
8778,2,0,2
8779,2,0,2
8780,2,0,2
8781,2,0,2
8782,2,0,2
8783,2,0,2
8784,2,0,2
8785,2,0,2
8786,2,0,2
8787,2,0,2
8788,1,0,1
8789,1,0,1
8790,1,0,1
8791,1,0,1
8792,1,0,1
8793,1,0,1
8794,1,0,1
8795,1,0,1
8796,1,0,1
8797,1,0,1
8798,1,0,1
8799,1,0,1
8800,1,0,1
8801,1,0,1
8802,1,0,1
8803,1,0,1
8804,1,0,1
8805,1,0,1
8806,1,0,1
8807,1,0,1
8808,1,0,1
8809,1,0,1
8810,1,0,1
8811,1,0,1
8812,1,0,1
8813,1,0,1
8814,1,0,1
8815,1,0,1
8816,1,0,1
8817,1,0,1
8818,1,0,1
8819,1,0,1
8820,1,0,1
8821,1,0,1
8822,1,0,1
8823,1,0,1
8824,1,0,1
8825,1,0,1
8826,2,0,2
8827,2,0,2
8828,2,0,2
8829,2,0,2
8830,2,0,2
8831,2,0,2
8832,2,0,2
8833,2,0,2
8834,2,0,2
8835,2,0,2
8836,2,0,2
8837,2,0,2
8838,2,0,2
8839,2,0,2
8840,2,0,2
8841,2,0,2
8842,2,0,2
8843,1,0,1
8844,1,0,1
8845,1,0,1
8846,1,0,1
8847,1,0,1
8848,1,0,1
8849,1,0,1
8850,1,0,1
8851,1,0,1
8852,1,0,1
8853,1,0,1
8854,1,0,1
8855,1,0,1
8856,1,0,1
8857,1,0,1
8858,1,0,1
8859,1,0,1
8860,1,0,1
8861,1,0,1
8862,1,0,1
8863,1,0,1
8864,1,0,1
8865,1,0,1
8866,1,0,1
8867,1,0,1
8868,1,0,1
8869,1,0,1
8870,1,0,1
8871,1,0,1
8872,1,0,1
8873,1,0,1
8874,1,0,1
8875,1,0,1
8876,1,0,1
8877,1,0,1
8878,1,0,1
8879,1,0,1
8880,1,0,1
8881,1,0,1
8882,1,0,1
8883,1,0,1
8884,1,0,1
8885,1,0,1
8886,1,0,1
8887,1,0,1
8888,1,0,1
8889,1,0,1
8890,1,0,1
8891,1,0,1
8892,1,0,1
8893,1,0,1
8894,1,0,1
8895,1,0,1
8896,1,0,1
8897,1,0,1
8898,1,0,1
8899,1,0,1
8900,1,0,1
8901,1,0,1
8902,1,0,1
8903,1,0,1
8904,1,0,1
8905,1,0,1
8906,1,0,1
8907,1,0,1
8908,1,0,1
8909,1,0,1
8910,1,0,1
8911,1,0,1
8912,1,0,1
8913,1,0,1
8914,1,0,1
8915,1,0,1
8916,1,0,1
8917,1,0,1
8918,1,0,1
8919,1,0,1
8920,1,0,1
8921,1,0,1
8922,1,0,1
8923,1,0,1
8924,1,0,1
8925,1,0,1
8926,1,0,1
8927,1,0,1
8928,1,0,1
8929,1,0,1
8930,1,0,1
8931,1,0,1
8932,1,0,1
8933,1,0,1
8934,1,0,1
8935,1,0,1
8936,1,0,1
8937,1,0,1
8938,1,0,1
8939,1,0,1
8940,1,0,1
8941,1,0,1
8942,1,0,1
8943,1,0,1
8944,1,0,1
8945,1,0,1
8946,1,0,1
8947,1,0,1
8948,1,0,1
8949,1,0,1
8950,1,0,1
8951,1,0,1
8952,1,0,1
8953,1,0,1
8954,1,0,1
8955,1,0,1
8956,1,0,1
8957,1,0,1
8958,1,0,1
8959,1,0,1
8960,1,0,1
8961,1,0,1
8962,1,0,1
8963,1,0,1
8964,1,0,1
8965,1,0,1
8966,1,0,1
8967,1,0,1
8968,1,0,1
8969,1,0,1
8970,1,0,1
8971,1,0,1
8972,1,0,1
8973,1,0,1
8974,1,0,1
8975,2,0,2
8976,2,0,2
8977,2,0,2
8978,2,0,2
8979,2,0,2
8980,2,0,2
8981,2,0,2
8982,2,0,2
8983,2,0,2
8984,2,0,2
8985,2,0,2
8986,2,0,2
8987,2,0,2
8988,2,0,2
8989,2,0,2
8990,2,0,2
8991,2,0,2
8992,2,0,2
8993,2,0,2
8994,2,0,2
8995,2,0,2
8996,2,0,2
8997,2,0,2
8998,2,0,2
8999,2,0,2
9000,2,0,2
9001,2,0,2
9002,2,0,2
9003,2,0,2
9004,2,0,2
9005,2,0,2
9006,2,0,2
9007,2,0,2
9008,2,0,2
9009,2,0,2
9010,1,0,1
9011,1,0,1
9012,1,0,1
9013,1,0,1
9014,1,0,1
9015,1,0,1
9016,1,0,1
9017,1,0,1
9018,1,0,1
9019,1,0,1
9020,1,0,1
9021,1,0,1
9022,1,0,1
9023,1,0,1
9024,1,0,1
9025,1,0,1
9026,1,0,1
9027,1,0,1
9028,1,0,1
9029,1,0,1
9030,1,0,1
9031,1,0,1
9032,1,0,1
9033,1,0,1
9034,1,0,1
9035,1,0,1
9036,1,0,1
9037,1,0,1
9038,1,0,1
9039,1,0,1
9040,1,0,1
9041,1,0,1
9042,1,0,1
9043,1,0,1
9044,1,0,1
9045,1,0,1
9046,1,0,1
9047,1,0,1
9048,1,0,1
9049,1,0,1
9050,1,0,1
9051,1,0,1
9052,1,0,1
9053,1,0,1
9054,1,0,1
9055,1,0,1
9056,1,0,1
9057,1,0,1
9058,1,0,1
9059,1,0,1
9060,1,0,1
9061,1,0,1
9062,1,0,1
9063,1,0,1
9064,1,0,1
9065,1,0,1
9066,1,0,1
9067,1,0,1
9068,1,0,1
9069,1,0,1
9070,1,0,1
9071,1,0,1
9072,1,0,1
9073,1,0,1
9074,1,0,1
9075,1,0,1
9076,1,0,1
9077,1,0,1
9078,1,0,1
9079,1,0,1
9080,1,0,1
9081,1,0,1
9082,1,0,1
9083,1,0,1
9084,1,0,1
9085,1,0,1
9086,1,0,1
9087,1,0,1
9088,1,0,1
9089,1,0,1
9090,1,0,1
9091,1,0,1
9092,1,0,1
9093,1,0,1
9094,1,0,1
9095,1,0,1
9096,1,0,1
9097,1,0,1
9098,1,0,1
9099,1,0,1
9100,1,0,1
9101,1,0,1
9102,1,0,1
9103,1,0,1
9104,1,0,1
9105,1,0,1
9106,1,0,1
9107,1,0,1
9108,1,0,1
9109,1,0,1
9110,1,0,1
9111,1,0,1
9112,1,0,1
9113,1,0,1
9114,1,0,1
9115,1,0,1
9116,1,0,1
9117,1,0,1
9118,1,0,1
9119,1,0,1
9120,1,0,1
9121,1,0,1
9122,1,0,1
9123,1,0,1
9124,1,0,1
9125,1,0,1
9126,1,0,1
9127,1,0,1
9128,1,0,1
9129,1,0,1
9130,1,0,1
9131,1,0,1
9132,1,0,1
9133,1,0,1
9134,1,0,1
9135,1,0,1
9136,1,0,1
9137,1,0,1
9138,1,0,1
9139,1,0,1
9140,1,0,1
9141,1,0,1
9142,1,0,1
9143,1,0,1
9144,1,0,1
9145,1,0,1
9146,1,0,1
9147,1,0,1
9148,1,0,1
9149,1,0,1
9150,1,0,1
9151,1,0,1
9152,1,0,1
9153,1,0,1
9154,1,0,1
9155,1,0,1
9156,1,0,1
9157,1,0,1
9158,1,0,1
9159,1,0,1
9160,1,0,1
9161,1,0,1
9162,1,0,1
9163,1,0,1
9164,1,0,1
9165,1,0,1
9166,1,0,1
9167,1,0,1
9168,1,0,1
9169,1,0,1
9170,1,0,1
9171,1,0,1
9172,1,0,1
9173,1,0,1
9174,1,0,1
9175,1,0,1
9176,1,0,1
9177,1,0,1
9178,1,0,1
9179,1,0,1
9180,1,0,1
9181,1,0,1
9182,1,0,1
9183,1,0,1
9184,1,0,1
9185,1,0,1
9186,1,0,1
9187,1,0,1
9188,1,0,1
9189,1,0,1
9190,1,0,1
9191,1,0,1
9192,1,0,1
9193,1,0,1
9194,1,0,1
9195,1,0,1
9196,1,0,1
9197,1,0,1
9198,1,0,1
9199,1,0,1
9200,1,0,1
9201,1,0,1
9202,1,0,1
9203,1,0,1
9204,1,0,1
9205,1,0,1
9206,1,0,1
9207,1,0,1
9208,1,0,1
9209,1,0,1
9210,1,0,1
9211,1,0,1
9212,1,0,1
9213,1,0,1
9214,1,0,1
9215,1,0,1
9216,1,0,1
9217,1,0,1
9218,1,0,1
9219,1,0,1
9220,1,0,1
9221,1,0,1
9222,1,0,1
9223,1,0,1
9224,1,0,1
9225,1,0,1
9226,1,0,1
9227,1,0,1
9228,1,0,1
9229,1,0,1
9230,1,0,1
9231,1,0,1
9232,1,0,1
9233,1,0,1
9234,1,0,1
9235,1,0,1
9236,1,0,1
9237,1,0,1
9238,1,0,1
9239,1,0,1
9240,1,0,1
9241,1,0,1
9242,1,0,1
9243,1,0,1
9244,1,0,1
9245,1,0,1
9246,1,0,1
9247,1,0,1
9248,1,0,1
9249,1,0,1
9250,1,0,1
9251,1,0,1
9252,1,0,1
9253,1,0,1
9254,1,0,1
9255,1,0,1
9256,1,0,1
9257,1,0,1
9258,1,0,1
9259,1,0,1
9260,2,0,2
9261,2,0,2
9262,2,0,2
9263,2,0,2
9264,3,0,3
9265,3,0,3
9266,3,0,3
9267,3,0,3
9268,3,0,3
9269,3,0,3
9270,3,0,3
9271,3,0,3
9272,3,0,3
9273,3,0,3
9274,3,0,3
9275,3,0,3
9276,3,0,3
9277,3,0,3
9278,3,0,3
9279,3,0,3
9280,3,0,3
9281,3,0,3
9282,3,0,3
9283,3,0,3
9284,3,0,3
9285,3,0,3
9286,3,0,3
9287,3,0,3
9288,3,0,3
9289,3,0,3
9290,3,0,3
9291,3,0,3
9292,2,0,2
9293,2,0,2
9294,2,0,2
9295,2,0,2
9296,2,0,2
9297,2,0,2
9298,2,0,2
9299,2,0,2
9300,2,0,2
9301,2,0,2
9302,2,0,2
9303,2,0,2
9304,2,0,2
9305,2,0,2
9306,2,0,2
9307,2,0,2
9308,2,0,2
9309,2,0,2
9310,2,0,2
9311,2,0,2
9312,2,0,2
9313,2,0,2
9314,2,0,2
9315,2,0,2
9316,2,0,2
9317,2,0,2
9318,2,0,2
9319,2,0,2
9320,2,0,2
9321,2,0,2
9322,3,0,3
9323,3,0,3
9324,3,0,3
9325,3,0,3
9326,3,0,3
9327,3,0,3
9328,3,0,3
9329,3,0,3
9330,3,0,3
9331,3,0,3
9332,3,0,3
9333,3,0,3
9334,3,0,3
9335,3,0,3
9336,3,0,3
9337,3,0,3
9338,3,0,3
9339,3,0,3
9340,3,0,3
9341,3,0,3
9342,3,0,3
9343,3,0,3
9344,3,0,3
9345,3,0,3
9346,3,0,3
9347,3,0,3
9348,3,0,3
9349,3,0,3
9350,3,0,3
9351,3,0,3
9352,3,0,3
9353,3,0,3
9354,3,0,3
9355,3,0,3
9356,3,0,3
9357,3,0,3
9358,3,0,3
9359,4,0,4
9360,4,0,4
9361,4,0,4
9362,4,0,4
9363,3,0,3
9364,3,0,3
9365,3,0,3
9366,3,0,3
9367,3,0,3
9368,3,0,3
9369,3,0,3
9370,3,0,3
9371,3,0,3
9372,3,0,3
9373,3,0,3
9374,3,0,3
9375,3,0,3
9376,3,0,3
9377,3,0,3
9378,3,0,3
9379,3,0,3
9380,3,0,3
9381,3,0,3
9382,3,0,3
9383,3,0,3
9384,3,0,3
9385,3,0,3
9386,3,0,3
9387,3,0,3
9388,3,0,3
9389,3,0,3
9390,3,0,3
9391,3,0,3
9392,4,0,4
9393,4,0,4
9394,4,0,4
9395,4,0,4
9396,4,0,4
9397,4,0,4
9398,4,0,4
9399,4,0,4
9400,4,0,4
9401,4,0,4
9402,4,0,4
9403,4,0,4
9404,4,0,4
9405,4,0,4
9406,4,0,4
9407,4,0,4
9408,4,0,4
9409,4,0,4
9410,4,0,4
9411,3,0,3
9412,3,0,3
9413,3,0,3
9414,3,0,3
9415,3,0,3
9416,3,0,3
9417,3,0,3
9418,3,0,3
9419,3,0,3
9420,3,0,3
9421,3,0,3
9422,3,0,3
9423,3,0,3
9424,3,0,3
9425,3,0,3
9426,3,0,3
9427,3,0,3
9428,3,0,3
9429,3,0,3
9430,3,0,3
9431,3,0,3
9432,3,0,3
9433,3,0,3
9434,3,0,3
9435,3,0,3
9436,3,0,3
9437,3,0,3
9438,3,0,3
9439,3,0,3
9440,3,0,3
9441,3,0,3
9442,3,0,3
9443,3,0,3
9444,3,0,3
9445,3,0,3
9446,3,0,3
9447,3,0,3
9448,3,0,3
9449,3,0,3
9450,3,0,3
9451,3,0,3
9452,3,0,3
9453,3,0,3
9454,3,0,3
9455,4,0,4
9456,4,0,4
9457,4,0,4
9458,4,0,4
9459,4,0,4
9460,3,0,3
9461,3,0,3
9462,3,0,3
9463,3,0,3
9464,3,0,3
9465,3,0,3
9466,3,0,3
9467,3,0,3
9468,3,0,3
9469,3,0,3
9470,3,0,3
9471,3,0,3
9472,3,0,3
9473,3,0,3
9474,3,0,3
9475,3,0,3
9476,3,0,3
9477,3,0,3
9478,3,0,3
9479,3,0,3
9480,3,0,3
9481,3,0,3
9482,3,0,3
9483,3,0,3
9484,3,0,3
9485,3,0,3
9486,3,0,3
9487,3,0,3
9488,3,0,3
9489,3,0,3
9490,3,0,3
9491,3,0,3
9492,3,0,3
9493,3,0,3
9494,3,0,3
9495,3,0,3
9496,3,0,3
9497,3,0,3
9498,3,0,3
9499,3,0,3
9500,3,0,3
9501,3,0,3
9502,3,0,3
9503,3,0,3
9504,3,0,3
9505,3,0,3
9506,3,0,3
9507,3,0,3
9508,3,0,3
9509,3,0,3
9510,3,0,3
9511,3,0,3
9512,3,0,3
9513,3,0,3
9514,3,0,3
9515,3,0,3
9516,3,0,3
9517,3,0,3
9518,3,0,3
9519,3,0,3
9520,3,0,3
9521,3,0,3
9522,3,0,3
9523,3,0,3
9524,3,0,3
9525,3,0,3
9526,3,0,3
9527,3,0,3
9528,3,0,3
9529,3,0,3
9530,3,0,3
9531,3,0,3
9532,3,0,3
9533,3,0,3
9534,3,0,3
9535,3,0,3
9536,3,0,3
9537,3,0,3
9538,3,0,3
9539,3,0,3
9540,3,0,3
9541,3,0,3
9542,3,0,3
9543,3,0,3
9544,3,0,3
9545,3,0,3
9546,3,0,3
9547,3,0,3
9548,3,0,3
9549,3,0,3
9550,3,0,3
9551,3,0,3
9552,3,0,3
9553,2,0,2
9554,2,0,2
9555,2,0,2
9556,2,0,2
9557,2,0,2
9558,2,0,2
9559,2,0,2
9560,2,0,2
9561,3,0,3
9562,3,0,3
9563,3,0,3
9564,3,0,3
9565,3,0,3
9566,3,0,3
9567,3,0,3
9568,3,0,3
9569,3,0,3
9570,3,0,3
9571,3,0,3
9572,3,0,3
9573,3,0,3
9574,3,0,3
9575,3,0,3
9576,3,0,3
9577,3,0,3
9578,3,0,3
9579,3,0,3
9580,3,0,3
9581,3,0,3
9582,3,0,3
9583,3,0,3
9584,3,0,3
9585,3,0,3
9586,3,0,3
9587,3,0,3
9588,3,0,3
9589,3,0,3
9590,3,0,3
9591,3,0,3
9592,3,0,3
9593,3,0,3
9594,3,0,3
9595,3,0,3
9596,3,0,3
9597,3,0,3
9598,3,0,3
9599,3,0,3
9600,3,0,3
9601,3,0,3
9602,3,0,3
9603,3,0,3
9604,3,0,3
9605,3,0,3
9606,3,0,3
9607,3,0,3
9608,3,0,3
9609,3,0,3
9610,3,0,3
9611,3,0,3
9612,3,0,3
9613,3,0,3
9614,3,0,3
9615,3,0,3
9616,3,0,3
9617,3,0,3
9618,3,0,3
9619,3,0,3
9620,3,0,3
9621,3,0,3
9622,3,0,3
9623,3,0,3
9624,3,0,3
9625,3,0,3
9626,3,0,3
9627,3,0,3
9628,3,0,3
9629,3,0,3
9630,3,0,3
9631,3,0,3
9632,3,0,3
9633,3,0,3
9634,3,0,3
9635,3,0,3
9636,3,0,3
9637,3,0,3
9638,3,0,3
9639,3,0,3
9640,3,0,3
9641,3,0,3
9642,3,0,3
9643,3,0,3
9644,3,0,3
9645,3,0,3
9646,3,0,3
9647,3,0,3
9648,3,0,3
9649,3,0,3
9650,3,0,3
9651,3,0,3
9652,3,0,3
9653,3,0,3
9654,3,0,3
9655,3,0,3
9656,3,0,3
9657,3,0,3
9658,3,0,3
9659,3,0,3
9660,3,0,3
9661,3,0,3
9662,3,0,3
9663,3,0,3
9664,3,0,3
9665,3,0,3
9666,3,0,3
9667,3,0,3
9668,3,0,3
9669,3,0,3
9670,3,0,3
9671,3,0,3
9672,3,0,3
9673,3,0,3
9674,3,0,3
9675,3,0,3
9676,3,0,3
9677,3,0,3
9678,3,0,3
9679,3,0,3
9680,3,0,3
9681,3,0,3
9682,3,0,3
9683,3,0,3
9684,3,0,3
9685,3,0,3
9686,3,0,3
9687,3,0,3
9688,3,0,3
9689,3,0,3
9690,3,0,3
9691,2,0,2
9692,2,0,2
9693,2,0,2
9694,2,0,2
9695,2,0,2
9696,3,0,3
9697,3,0,3
9698,3,0,3
9699,3,0,3
9700,3,0,3
9701,3,0,3
9702,3,0,3
9703,3,0,3
9704,3,0,3
9705,3,0,3
9706,3,0,3
9707,3,0,3
9708,3,0,3
9709,3,0,3
9710,3,0,3
9711,3,0,3
9712,3,0,3
9713,3,0,3
9714,3,0,3
9715,3,0,3
9716,3,0,3
9717,3,0,3
9718,3,0,3
9719,3,0,3
9720,3,0,3
9721,3,0,3
9722,3,0,3
9723,3,0,3
9724,3,0,3
9725,3,0,3
9726,3,0,3
9727,3,0,3
9728,3,0,3
9729,3,0,3
9730,3,0,3
9731,3,0,3
9732,3,0,3
9733,3,0,3
9734,3,0,3
9735,3,0,3
9736,3,0,3
9737,3,0,3
9738,3,0,3
9739,3,0,3
9740,3,0,3
9741,3,0,3
9742,3,0,3
9743,3,0,3
9744,3,0,3
9745,3,0,3
9746,3,0,3
9747,3,0,3
9748,3,0,3
9749,3,0,3
9750,3,0,3
9751,3,0,3
9752,3,0,3
9753,3,0,3
9754,3,0,3
9755,4,0,4
9756,4,0,4
9757,4,0,4
9758,4,0,4
9759,4,0,4
9760,4,0,4
9761,4,0,4
9762,4,0,4
9763,4,0,4
9764,4,0,4
9765,4,0,4
9766,4,0,4
9767,4,0,4
9768,4,0,4
9769,4,0,4
9770,4,0,4
9771,4,0,4
9772,4,0,4
9773,4,0,4
9774,3,0,3
9775,3,0,3
9776,3,0,3
9777,4,0,4
9778,4,0,4
9779,4,0,4
9780,4,0,4
9781,4,0,4
9782,4,0,4
9783,4,0,4
9784,4,0,4
9785,4,0,4
9786,4,0,4
9787,4,0,4
9788,4,0,4
9789,4,0,4
9790,4,0,4
9791,4,0,4
9792,4,0,4
9793,4,0,4
9794,4,0,4
9795,4,0,4
9796,4,0,4
9797,4,0,4
9798,4,0,4
9799,4,0,4
9800,4,0,4
9801,4,0,4
9802,4,0,4
9803,4,0,4
9804,4,0,4
9805,4,0,4
9806,4,0,4
9807,4,0,4
9808,4,0,4
9809,4,0,4
9810,4,0,4
9811,4,0,4
9812,4,0,4
9813,4,0,4
9814,4,0,4
9815,4,0,4
9816,4,0,4
9817,4,0,4
9818,4,0,4
9819,4,0,4
9820,4,0,4
9821,4,0,4
9822,4,0,4
9823,4,0,4
9824,4,0,4
9825,4,0,4
9826,4,0,4
9827,4,0,4
9828,4,0,4
9829,4,0,4
9830,4,0,4
9831,4,0,4
9832,4,0,4
9833,4,0,4
9834,4,0,4
9835,4,0,4
9836,4,0,4
9837,4,0,4
9838,4,0,4
9839,4,0,4
9840,4,0,4
9841,4,0,4
9842,4,0,4
9843,4,0,4
9844,4,0,4
9845,4,0,4
9846,4,0,4
9847,4,0,4
9848,4,0,4
9849,4,0,4
9850,4,0,4
9851,4,0,4
9852,4,0,4
9853,4,0,4
9854,4,0,4
9855,4,0,4
9856,4,0,4
9857,4,0,4
9858,4,0,4
9859,4,0,4
9860,4,0,4
9861,4,0,4
9862,4,0,4
9863,4,0,4
9864,4,0,4
9865,4,0,4
9866,4,0,4
9867,4,0,4
9868,4,0,4
9869,4,0,4
9870,4,0,4
9871,4,0,4
9872,4,0,4
9873,4,0,4
9874,4,0,4
9875,4,0,4
9876,4,0,4
9877,4,0,4
9878,4,0,4
9879,4,0,4
9880,3,0,3
9881,3,0,3
9882,3,0,3
9883,3,0,3
9884,3,0,3
9885,3,0,3
9886,3,0,3
9887,3,0,3
9888,3,0,3
9889,3,0,3
9890,3,0,3
9891,3,0,3
9892,3,0,3
9893,3,0,3
9894,3,0,3
9895,3,0,3
9896,3,0,3
9897,3,0,3
9898,3,0,3
9899,3,0,3
9900,3,0,3
9901,3,0,3
9902,3,0,3
9903,3,0,3
9904,3,0,3
9905,3,0,3
9906,3,0,3
9907,3,0,3
9908,3,0,3
9909,3,0,3
9910,3,0,3
9911,3,0,3
9912,3,0,3
9913,3,0,3
9914,3,0,3
9915,3,0,3
9916,3,0,3
9917,3,0,3
9918,3,0,3
9919,3,0,3
9920,3,0,3
9921,3,0,3
9922,3,0,3
9923,3,0,3
9924,3,0,3
9925,3,0,3
9926,3,0,3
9927,3,0,3
9928,3,0,3
9929,3,0,3
9930,3,0,3
9931,4,0,4
9932,4,0,4
9933,4,0,4
9934,4,0,4
9935,4,0,4
9936,4,0,4
9937,4,0,4
9938,4,0,4
9939,4,0,4
9940,4,0,4
9941,4,0,4
9942,4,0,4
9943,4,0,4
9944,4,0,4
9945,4,0,4
9946,4,0,4
9947,4,0,4
9948,4,0,4
9949,4,0,4
9950,4,0,4
9951,4,0,4
9952,4,0,4
9953,4,0,4
9954,4,0,4
9955,4,0,4
9956,4,0,4
9957,4,0,4
9958,4,0,4
9959,4,0,4
9960,4,0,4
9961,4,0,4
9962,4,0,4
9963,4,0,4
9964,4,0,4
9965,4,0,4
9966,4,0,4
9967,4,0,4
9968,4,0,4
9969,4,0,4
9970,4,0,4
9971,4,0,4
9972,4,0,4
9973,4,0,4
9974,4,0,4
9975,4,0,4
9976,4,0,4
9977,4,0,4
9978,4,0,4
9979,4,0,4
9980,4,0,4
9981,4,0,4
9982,4,0,4
9983,3,0,3
9984,3,0,3
9985,3,0,3
9986,3,0,3
9987,3,0,3
9988,3,0,3
9989,3,0,3
9990,3,0,3
9991,3,0,3
9992,3,0,3
9993,3,0,3
9994,3,0,3
9995,3,0,3
9996,3,0,3
9997,3,0,3
9998,3,0,3
9999,4,0,4
10000,4,0,4
10001,4,0,4
10002,4,0,4
10003,4,0,4
10004,4,0,4
10005,3,0,3
10006,3,0,3
10007,3,0,3
10008,3,0,3
10009,3,0,3
10010,3,0,3
10011,3,0,3
10012,3,0,3
10013,3,0,3
10014,3,0,3
10015,3,0,3
10016,3,0,3
10017,3,0,3
10018,3,0,3
10019,3,0,3
10020,3,0,3
10021,3,0,3
10022,3,0,3
10023,3,0,3
10024,3,0,3
10025,3,0,3
10026,3,0,3
10027,3,0,3
10028,3,0,3
10029,3,0,3
10030,3,0,3
10031,3,0,3
10032,3,0,3
10033,3,0,3
10034,3,0,3
10035,3,0,3
10036,3,0,3
10037,3,0,3
10038,3,0,3
10039,3,0,3
10040,3,0,3
10041,3,0,3
10042,3,0,3
10043,3,0,3
10044,3,0,3
10045,3,0,3
10046,3,0,3
10047,3,0,3
10048,3,0,3
10049,3,0,3
10050,3,0,3
10051,3,0,3
10052,3,0,3
10053,3,0,3
10054,3,0,3
10055,3,0,3
10056,3,0,3
10057,3,0,3
10058,3,0,3
10059,3,0,3
10060,3,0,3
10061,3,0,3
10062,3,0,3
10063,3,0,3
10064,3,0,3
10065,3,0,3
10066,3,0,3
10067,3,0,3
10068,3,0,3
10069,3,0,3
10070,3,0,3
10071,4,0,4
10072,4,0,4
10073,4,0,4
10074,4,0,4
10075,4,0,4
10076,4,0,4
10077,4,0,4
10078,4,0,4
10079,4,0,4
10080,4,0,4
10081,5,0,5
10082,5,0,5
10083,5,0,5
10084,5,0,5
10085,5,0,5
10086,5,0,5
10087,5,0,5
10088,5,0,5
10089,5,0,5
10090,4,0,4
10091,4,0,4
10092,4,0,4
10093,3,1,4
10094,3,1,4
10095,3,1,4
10096,3,1,4
10097,3,1,4
10098,3,1,4
10099,3,1,4
10100,3,1,4
10101,3,1,4
10102,3,1,4
10103,3,1,4
10104,3,1,4
10105,3,1,4
10106,3,1,4
10107,3,1,4
10108,3,1,4
10109,2,1,3
10110,2,1,3
10111,2,1,3
10112,2,1,3
10113,2,1,3
10114,2,1,3
10115,2,1,3
10116,2,1,3
10117,2,1,3
10118,2,1,3
10119,2,1,3
10120,2,1,3
10121,2,1,3
10122,2,1,3
10123,2,1,3
10124,2,1,3
10125,2,1,3
10126,2,1,3
10127,2,1,3
10128,2,1,3
10129,2,1,3
10130,2,1,3
10131,2,1,3
10132,3,0,3
10133,3,0,3
10134,3,0,3
10135,3,0,3
10136,2,0,2
10137,2,0,2
10138,2,0,2
10139,2,0,2
10140,2,0,2
10141,1,0,1
10142,1,0,1
10143,1,0,1
10144,1,0,1
10145,1,0,1
10146,1,0,1
10147,1,0,1
10148,1,0,1
10149,1,0,1
10150,1,0,1
10151,1,0,1
10152,1,0,1
10153,1,0,1
10154,1,0,1
10155,1,0,1
10156,1,0,1
10157,1,0,1
10158,1,0,1
10159,1,0,1
10160,1,0,1
10161,1,0,1
10162,1,0,1
10163,1,0,1
10164,1,0,1
10165,1,0,1
10166,2,0,2
10167,2,0,2
10168,2,0,2
10169,2,0,2
10170,2,0,2
10171,2,0,2
10172,2,0,2
10173,2,0,2
10174,2,0,2
10175,2,0,2
10176,2,0,2
10177,2,0,2
10178,2,0,2
10179,2,0,2
10180,2,0,2
10181,2,0,2
10182,2,0,2
10183,2,0,2
10184,2,0,2
10185,2,0,2
10186,2,0,2
10187,2,0,2
10188,1,0,1
10189,1,0,1
10190,1,0,1
10191,1,0,1
10192,1,0,1
10193,1,0,1
10194,1,0,1
10195,1,0,1
10196,1,0,1
10197,1,0,1
10198,1,0,1
10199,1,0,1
10200,1,0,1
10201,1,0,1
10202,1,0,1
10203,1,0,1
10204,1,0,1
10205,1,0,1
10206,1,0,1
10207,1,0,1
10208,1,0,1
10209,1,0,1
10210,1,0,1
10211,1,0,1
10212,1,0,1
10213,1,0,1
10214,1,0,1
10215,1,0,1
10216,1,0,1
10217,1,0,1
10218,1,0,1
10219,1,0,1
10220,1,0,1
10221,1,0,1
10222,1,0,1
10223,1,0,1
10224,1,0,1
10225,1,0,1
10226,1,0,1
10227,1,0,1
10228,1,0,1
10229,1,0,1
10230,1,0,1
10231,1,0,1
10232,1,0,1
10233,1,0,1
10234,1,0,1
10235,1,0,1
10236,1,0,1
10237,1,0,1
10238,1,0,1
10239,1,0,1
10240,1,0,1
10241,1,0,1
10242,1,0,1
10243,1,0,1
10244,1,0,1
10245,1,0,1
10246,1,0,1
10247,1,0,1
10248,1,0,1
10249,1,0,1
10250,1,0,1
10251,1,0,1
10252,1,0,1
10253,1,0,1
10254,1,0,1
10255,1,0,1
10256,1,0,1
10257,2,0,2
10258,2,0,2
10259,2,0,2
10260,2,0,2
10261,2,0,2
10262,2,0,2
10263,2,0,2
10264,2,0,2
10265,2,0,2
10266,2,0,2
10267,2,0,2
10268,2,0,2
10269,2,0,2
10270,2,0,2
10271,2,0,2
10272,2,0,2
10273,2,0,2
10274,2,0,2
10275,2,0,2
10276,2,0,2
10277,2,0,2
10278,2,0,2
10279,2,0,2
10280,2,0,2
10281,2,0,2
10282,3,0,3
10283,3,0,3
10284,3,0,3
10285,4,0,4
10286,4,0,4
10287,4,0,4
10288,4,0,4
10289,4,0,4
10290,4,0,4
10291,4,0,4
10292,3,0,3
10293,3,0,3
10294,3,0,3
10295,3,0,3
10296,3,0,3
10297,3,0,3
10298,3,0,3
10299,3,0,3
10300,3,0,3
10301,3,0,3
10302,3,0,3
10303,3,0,3
10304,3,0,3
10305,3,0,3
10306,3,0,3
10307,3,0,3
10308,3,0,3
10309,3,0,3
10310,3,0,3
10311,3,0,3
10312,3,0,3
10313,3,0,3
10314,3,0,3
10315,3,0,3
10316,3,0,3
10317,3,0,3
10318,3,0,3
10319,3,0,3
10320,3,0,3
10321,3,0,3
10322,3,0,3
10323,3,0,3
10324,3,0,3
10325,3,0,3
10326,3,0,3
10327,3,0,3
10328,3,0,3
10329,2,0,2
10330,2,0,2
10331,2,0,2
10332,2,0,2
10333,2,0,2
10334,2,0,2
10335,2,0,2
10336,2,0,2
10337,2,0,2
10338,2,0,2
10339,2,0,2
10340,2,0,2
10341,2,0,2
10342,2,0,2
10343,2,0,2
10344,2,0,2
10345,2,0,2
10346,2,0,2
10347,2,0,2
10348,2,0,2
10349,2,0,2
10350,2,0,2
10351,2,0,2
10352,2,0,2
10353,2,0,2
10354,2,0,2
10355,2,0,2
10356,2,0,2
10357,1,0,1
10358,1,0,1
10359,1,0,1
10360,1,0,1
10361,1,0,1
10362,1,0,1
10363,1,0,1
10364,1,0,1
10365,1,0,1
10366,1,0,1
10367,1,0,1
10368,1,0,1
10369,1,0,1
10370,1,0,1
10371,1,0,1
10372,1,0,1
10373,1,0,1
10374,1,0,1
10375,1,0,1
10376,1,0,1
10377,1,0,1
10378,1,0,1
10379,1,0,1
10380,2,0,2
10381,2,0,2
10382,2,0,2
10383,2,0,2
10384,2,0,2
10385,2,0,2
10386,2,0,2
10387,2,0,2
10388,2,0,2
10389,2,0,2
10390,2,0,2
10391,2,0,2
10392,2,0,2
10393,2,0,2
10394,2,0,2
10395,2,0,2
10396,2,0,2
10397,1,0,1
10398,1,0,1
10399,1,0,1
10400,1,0,1
10401,1,0,1
10402,1,0,1
10403,1,0,1
10404,1,0,1
10405,1,0,1
10406,1,0,1
10407,1,0,1
10408,1,0,1
10409,1,0,1
10410,1,0,1
10411,1,0,1
10412,1,0,1
10413,1,0,1
10414,1,0,1
10415,1,0,1
10416,1,0,1
10417,1,0,1
10418,1,0,1
10419,1,0,1
10420,1,0,1
10421,1,0,1
10422,1,0,1
10423,1,0,1
10424,1,0,1
10425,1,0,1
10426,1,0,1
10427,1,0,1
10428,1,0,1
10429,1,0,1
10430,1,0,1
10431,1,0,1
10432,1,0,1
10433,1,0,1
10434,1,0,1
10435,1,0,1
10436,1,0,1
10437,1,0,1
10438,1,0,1
10439,1,0,1
10440,1,0,1
10441,1,0,1
10442,1,0,1
10443,1,0,1
10444,1,0,1
10445,2,0,2
10446,2,0,2
10447,2,0,2
10448,2,0,2
10449,2,0,2
10450,2,0,2
10451,2,0,2
10452,2,0,2
10453,2,0,2
10454,2,0,2
10455,2,0,2
10456,2,0,2
10457,2,0,2
10458,2,0,2
10459,2,0,2
10460,2,0,2
10461,2,0,2
10462,2,0,2
10463,2,0,2
10464,2,0,2
10465,2,0,2
10466,2,0,2
10467,2,0,2
10468,3,0,3
10469,3,0,3
10470,3,0,3
10471,3,0,3
10472,3,0,3
10473,2,0,2
10474,2,0,2
10475,2,0,2
10476,2,0,2
10477,2,0,2
10478,2,0,2
10479,2,0,2
10480,2,0,2
10481,2,0,2
10482,2,0,2
10483,2,0,2
10484,2,0,2
10485,2,0,2
10486,2,0,2
10487,2,0,2
10488,2,0,2
10489,2,0,2
10490,2,0,2
10491,2,0,2
10492,2,0,2
10493,2,0,2
10494,2,0,2
10495,2,0,2
10496,2,0,2
10497,2,0,2
10498,2,0,2
10499,2,0,2
10500,2,0,2
10501,2,0,2
10502,2,0,2
10503,2,0,2
10504,2,0,2
10505,2,0,2
10506,2,0,2
10507,2,0,2
10508,2,0,2
10509,2,0,2
10510,2,0,2
10511,2,0,2
10512,2,0,2
10513,1,0,1
10514,1,0,1
10515,1,0,1
10516,1,0,1
10517,1,0,1
10518,1,0,1
10519,1,0,1
10520,1,0,1
10521,1,0,1
10522,1,0,1
10523,2,0,2
10524,2,0,2
10525,2,0,2
10526,2,0,2
10527,2,0,2
10528,2,0,2
10529,2,0,2
10530,2,0,2
10531,2,0,2
10532,2,0,2
10533,2,0,2
10534,2,0,2
10535,2,0,2
10536,2,0,2
10537,2,0,2
10538,2,0,2
10539,2,0,2
10540,1,0,1
10541,1,0,1
10542,1,0,1
10543,1,0,1
10544,1,0,1
10545,1,0,1
10546,1,0,1
10547,1,0,1
10548,1,0,1
10549,1,0,1
10550,1,0,1
10551,1,0,1
10552,1,0,1
10553,1,0,1
10554,1,0,1
10555,1,0,1
10556,1,0,1
10557,1,0,1
10558,1,0,1
10559,1,0,1
10560,1,0,1
10561,1,0,1
10562,1,0,1
10563,1,0,1
10564,1,0,1
10565,1,0,1
10566,1,0,1
10567,1,0,1
10568,1,0,1
10569,1,0,1
10570,1,0,1
10571,1,0,1
10572,1,0,1
10573,1,0,1
10574,1,0,1
10575,1,0,1
10576,1,0,1
10577,1,0,1
10578,1,0,1
10579,1,0,1
10580,1,0,1
10581,1,0,1
10582,1,0,1
10583,1,0,1
10584,1,0,1
10585,1,0,1
10586,1,0,1
10587,1,0,1
10588,1,0,1
10589,1,0,1
10590,1,0,1
10591,1,0,1
10592,1,0,1
10593,1,0,1
10594,1,0,1
10595,1,0,1
10596,1,0,1
10597,1,0,1
10598,1,0,1
10599,1,0,1
10600,1,0,1
10601,1,0,1
10602,1,0,1
10603,1,0,1
10604,1,0,1
10605,1,0,1
10606,1,0,1
10607,1,0,1
10608,1,0,1
10609,1,0,1
10610,1,0,1
10611,1,0,1
10612,1,0,1
10613,1,0,1
10614,1,0,1
10615,1,0,1
10616,1,0,1
10617,1,0,1
10618,1,0,1
10619,1,0,1
10620,1,0,1
10621,1,0,1
10622,1,0,1
10623,1,0,1
10624,1,0,1
10625,1,0,1
10626,1,0,1
10627,1,0,1
10628,1,0,1
10629,1,0,1
10630,1,0,1
10631,1,0,1
10632,1,0,1
10633,1,0,1
10634,1,0,1
10635,1,0,1
10636,1,0,1
10637,1,0,1
10638,1,0,1
10639,1,0,1
10640,1,0,1
10641,1,0,1
10642,1,0,1
10643,1,0,1
10644,1,0,1
10645,1,0,1
10646,1,0,1
10647,1,0,1
10648,1,0,1
10649,1,0,1
10650,1,0,1
10651,1,0,1
10652,1,0,1
10653,1,0,1
10654,1,0,1
10655,2,0,2
10656,2,0,2
10657,2,0,2
10658,2,0,2
10659,2,0,2
10660,2,0,2
10661,2,0,2
10662,2,0,2
10663,2,0,2
10664,2,0,2
10665,2,0,2
10666,2,0,2
10667,2,0,2
10668,2,0,2
10669,2,0,2
10670,2,0,2
10671,2,0,2
10672,2,0,2
10673,2,0,2
10674,2,0,2
10675,2,0,2
10676,2,0,2
10677,2,0,2
10678,2,0,2
10679,2,0,2
10680,2,0,2
10681,2,0,2
10682,2,0,2
10683,2,0,2
10684,2,0,2
10685,2,0,2
10686,2,0,2
10687,2,0,2
10688,2,0,2
10689,2,0,2
10690,2,0,2
10691,2,0,2
10692,2,0,2
10693,2,0,2
10694,2,0,2
10695,2,0,2
10696,2,0,2
10697,2,0,2
10698,2,0,2
10699,2,0,2
10700,2,0,2
10701,2,0,2
10702,2,0,2
10703,2,0,2
10704,2,0,2
10705,1,0,1
10706,1,0,1
10707,1,0,1
10708,1,0,1
10709,1,0,1
10710,1,0,1
10711,1,0,1
10712,1,0,1
10713,1,0,1
10714,1,0,1
10715,1,0,1
10716,1,0,1
10717,1,0,1
10718,1,0,1
10719,1,0,1
10720,1,0,1
10721,1,0,1
10722,1,0,1
10723,1,0,1
10724,1,0,1
10725,1,0,1
10726,1,0,1
10727,1,0,1
10728,1,0,1
10729,1,0,1
10730,1,0,1
10731,1,0,1
10732,1,0,1
10733,1,0,1
10734,1,0,1
10735,0,0,0
10736,0,0,0
10737,0,0,0
10738,0,0,0
10739,0,0,0
10740,0,0,0
10741,0,0,0
10742,0,0,0
10743,0,0,0
10744,0,0,0
10745,0,0,0
10746,0,0,0
10747,0,0,0
10748,0,0,0
10749,0,0,0
10750,0,0,0
10751,0,0,0
10752,0,0,0
10753,0,0,0
10754,0,0,0
10755,0,0,0
10756,0,0,0
10757,0,0,0
10758,0,0,0
10759,0,0,0
10760,0,0,0
10761,0,0,0
10762,0,0,0
10763,0,0,0
10764,0,0,0
10765,0,0,0
10766,0,0,0
10767,0,0,0
10768,0,0,0
10769,0,0,0
10770,0,0,0
10771,0,0,0
10772,0,0,0
10773,0,0,0
10774,0,0,0
10775,0,0,0
10776,0,0,0
10777,0,0,0
10778,0,0,0
10779,0,0,0
10780,0,0,0
10781,0,0,0
10782,0,0,0
10783,0,0,0
10784,0,0,0
10785,0,0,0
10786,0,0,0
10787,0,0,0
10788,0,0,0
10789,0,0,0
10790,0,0,0
10791,0,0,0
10792,0,0,0
10793,0,0,0
10794,0,0,0
10795,0,0,0
10796,0,0,0
10797,0,0,0
10798,0,0,0
10799,0,0,0
10800,0,0,0
10801,0,0,0
10802,0,0,0
10803,0,0,0
10804,0,0,0
10805,0,0,0
10806,0,0,0
10807,0,0,0
10808,0,0,0
10809,0,0,0
10810,0,0,0
10811,0,0,0
10812,0,0,0
10813,0,0,0
10814,0,0,0
10815,0,0,0
10816,0,0,0
10817,0,0,0
10818,0,0,0
10819,0,0,0
10820,0,0,0
10821,0,0,0
10822,0,0,0
10823,0,0,0
10824,0,0,0
10825,0,0,0
10826,0,0,0
10827,0,0,0
10828,0,0,0
10829,0,0,0
10830,0,0,0
10831,0,0,0
10832,0,0,0
10833,0,0,0
10834,0,0,0
10835,0,0,0
10836,0,0,0
10837,0,0,0
10838,0,0,0
10839,0,0,0
10840,0,0,0
10841,0,0,0
10842,0,0,0
10843,0,0,0
10844,0,0,0
10845,0,0,0
10846,0,0,0
10847,0,0,0
10848,0,0,0
10849,0,0,0
10850,0,0,0
10851,0,0,0
10852,0,0,0
10853,0,0,0
10854,0,0,0
10855,0,0,0
10856,0,0,0
10857,0,0,0
10858,0,0,0
10859,0,0,0
10860,0,0,0
10861,0,0,0
10862,0,0,0
10863,0,0,0
10864,0,0,0
10865,0,0,0
10866,0,0,0
10867,0,0,0
10868,0,0,0
10869,0,0,0
10870,0,0,0
10871,0,0,0
10872,0,0,0
10873,0,0,0
10874,0,0,0
10875,0,0,0
10876,0,0,0
10877,0,0,0
10878,0,0,0
10879,0,0,0
10880,0,0,0
10881,0,0,0
10882,0,0,0
10883,0,0,0
10884,0,0,0
10885,0,0,0
10886,1,0,1
10887,1,0,1
10888,1,0,1
10889,1,0,1
10890,1,0,1
10891,1,0,1
10892,1,0,1
10893,1,0,1
10894,1,0,1
10895,1,0,1
10896,1,0,1
10897,1,0,1
10898,1,0,1
10899,1,0,1
10900,1,0,1
10901,1,0,1
10902,1,0,1
10903,1,0,1
10904,1,0,1
10905,1,0,1
10906,1,0,1
10907,1,0,1
10908,1,0,1
10909,1,0,1
10910,1,0,1
10911,1,0,1
10912,1,0,1
10913,1,0,1
10914,1,0,1
10915,1,0,1
10916,1,0,1
10917,1,0,1
10918,1,0,1
10919,1,0,1
10920,1,0,1
10921,1,0,1
10922,1,0,1
10923,1,0,1
10924,1,0,1
10925,1,0,1
10926,1,0,1
10927,1,0,1
10928,1,0,1
10929,1,0,1
10930,1,0,1
10931,1,0,1
10932,1,0,1
10933,1,0,1
10934,1,0,1
10935,1,0,1
10936,1,0,1
10937,1,0,1
10938,1,0,1
10939,1,0,1
10940,1,0,1
10941,1,0,1
10942,1,0,1
10943,1,0,1
10944,1,0,1
10945,1,0,1
10946,1,0,1
10947,1,0,1
10948,1,0,1
10949,1,0,1
10950,1,0,1
10951,1,0,1
10952,1,0,1
10953,1,0,1
10954,1,0,1
10955,1,0,1
10956,1,0,1
10957,1,0,1
10958,1,0,1
10959,1,0,1
10960,1,0,1
10961,1,0,1
10962,1,0,1
10963,1,0,1
10964,1,0,1
10965,1,0,1
10966,1,0,1
10967,1,0,1
10968,1,0,1
10969,1,0,1
10970,1,0,1
10971,1,0,1
10972,1,0,1
10973,1,0,1
10974,1,0,1
10975,1,0,1
10976,1,0,1
10977,1,0,1
10978,1,0,1
10979,1,0,1
10980,1,0,1
10981,1,0,1
10982,1,0,1
10983,1,0,1
10984,1,0,1
10985,1,0,1
10986,1,0,1
10987,1,0,1
10988,1,0,1
10989,1,0,1
10990,1,0,1
10991,1,0,1
10992,1,0,1
10993,1,0,1
10994,1,0,1
10995,1,0,1
10996,1,0,1
10997,1,0,1
10998,1,0,1
10999,1,0,1
11000,1,0,1
11001,1,0,1
11002,1,0,1
11003,1,0,1
11004,1,0,1
11005,1,0,1
11006,1,0,1
11007,1,0,1
11008,1,0,1
11009,1,0,1
11010,1,0,1
11011,1,0,1
11012,1,0,1
11013,1,0,1
11014,1,0,1
11015,1,0,1
11016,1,0,1
11017,1,0,1
11018,1,0,1
11019,1,0,1
11020,1,0,1
11021,1,0,1
11022,1,0,1
11023,1,0,1
11024,1,0,1
11025,1,0,1
11026,1,0,1
11027,1,0,1
11028,1,0,1
11029,1,0,1
11030,1,0,1
11031,1,0,1
11032,1,0,1
11033,1,0,1
11034,1,0,1
11035,1,0,1
11036,1,0,1
11037,1,0,1
11038,1,0,1
11039,1,0,1
11040,1,0,1
11041,1,0,1
11042,1,0,1
11043,1,0,1
11044,1,0,1
11045,1,0,1
11046,1,0,1
11047,1,0,1
11048,1,0,1
11049,1,0,1
11050,1,0,1
11051,1,0,1
11052,1,0,1
11053,1,0,1
11054,1,0,1
11055,1,0,1
11056,1,0,1
11057,1,0,1
11058,1,0,1
11059,1,0,1
11060,1,0,1
11061,1,0,1
11062,1,0,1
11063,1,0,1
11064,1,0,1
11065,1,0,1
11066,1,0,1
11067,1,0,1
11068,1,0,1
11069,1,0,1
11070,1,0,1
11071,1,0,1
11072,1,0,1
11073,1,0,1
11074,1,0,1
11075,1,0,1
11076,1,0,1
11077,1,0,1
11078,1,0,1
11079,1,0,1
11080,1,0,1
11081,1,0,1
11082,1,0,1
11083,1,0,1
11084,1,0,1
11085,1,0,1
11086,1,0,1
11087,1,0,1
11088,1,0,1
11089,1,0,1
11090,1,0,1
11091,1,0,1
11092,1,0,1
11093,1,0,1
11094,1,0,1
11095,1,0,1
11096,1,0,1
11097,1,0,1
11098,1,0,1
11099,1,0,1
11100,1,0,1
11101,1,0,1
11102,1,0,1
11103,1,0,1
11104,1,0,1
11105,1,0,1
11106,1,0,1
11107,1,0,1
11108,1,0,1
11109,1,0,1
11110,1,0,1
11111,1,0,1
11112,1,0,1
11113,1,0,1
11114,1,0,1
11115,1,0,1
11116,1,0,1
11117,1,0,1
11118,1,0,1
11119,1,0,1
11120,1,0,1
11121,1,0,1
11122,1,0,1
11123,1,0,1
11124,1,0,1
11125,1,0,1
11126,1,0,1
11127,1,0,1
11128,1,0,1
11129,1,0,1
11130,1,0,1
11131,1,0,1
11132,1,0,1
11133,1,0,1
11134,1,0,1
11135,1,0,1
11136,1,0,1
11137,1,0,1
11138,1,0,1
11139,1,0,1
11140,1,0,1
11141,1,0,1
11142,1,0,1
11143,1,0,1
11144,1,0,1
11145,1,0,1
11146,1,0,1
11147,1,0,1
11148,1,0,1
11149,1,0,1
11150,1,0,1
11151,1,0,1
11152,1,0,1
11153,1,0,1
11154,1,0,1
11155,1,0,1
11156,1,0,1
11157,1,0,1
11158,1,0,1
11159,1,0,1
11160,1,0,1
11161,1,0,1
11162,1,0,1
11163,1,0,1
11164,1,0,1
11165,1,0,1
11166,1,0,1
11167,1,0,1
11168,1,0,1
11169,1,0,1
11170,1,0,1
11171,1,0,1
11172,1,0,1
11173,1,0,1
11174,1,0,1
11175,1,0,1
11176,1,0,1
11177,1,0,1
11178,1,0,1
11179,1,0,1
11180,1,0,1
11181,1,0,1
11182,1,0,1
11183,1,0,1
11184,1,0,1
11185,1,0,1
11186,1,0,1
11187,1,0,1
11188,1,0,1
11189,1,0,1
11190,1,0,1
11191,1,0,1
11192,1,0,1
11193,1,0,1
11194,1,0,1
11195,1,0,1
11196,1,0,1
11197,1,0,1
11198,1,0,1
11199,1,0,1
11200,1,0,1
11201,1,0,1
11202,1,0,1
11203,1,0,1
11204,1,0,1
11205,1,0,1
11206,1,0,1
11207,1,0,1
11208,1,0,1
11209,1,0,1
11210,1,0,1
11211,1,0,1
11212,1,0,1
11213,1,0,1
11214,1,0,1
11215,1,0,1
11216,1,0,1
11217,1,0,1
11218,1,0,1
11219,1,0,1
11220,1,0,1
11221,1,0,1
11222,1,0,1
11223,1,0,1
11224,1,0,1
11225,1,0,1
11226,2,0,2
11227,2,0,2
11228,2,0,2
11229,2,0,2
11230,2,0,2
11231,2,0,2
11232,2,0,2
11233,2,0,2
11234,2,0,2
11235,2,0,2
11236,2,0,2
11237,2,0,2
11238,2,0,2
11239,2,0,2
11240,2,0,2
11241,2,0,2
11242,2,0,2
11243,2,0,2
11244,2,0,2
11245,2,0,2
11246,2,0,2
11247,2,0,2
11248,2,0,2
11249,2,0,2
11250,2,0,2
11251,2,0,2
11252,2,0,2
11253,2,0,2
11254,2,0,2
11255,2,0,2
11256,2,0,2
11257,2,0,2
11258,3,0,3
11259,3,0,3
11260,3,0,3
11261,3,0,3
11262,3,0,3
11263,3,0,3
11264,3,0,3
11265,3,0,3
11266,2,0,2
11267,2,0,2
11268,2,0,2
11269,2,0,2
11270,2,0,2
11271,2,0,2
11272,2,0,2
11273,2,0,2
11274,2,0,2
11275,2,0,2
11276,2,0,2
11277,2,0,2
11278,2,0,2
11279,2,0,2
11280,2,0,2
11281,2,0,2
11282,2,0,2
11283,2,0,2
11284,2,0,2
11285,2,0,2
11286,2,0,2
11287,2,0,2
11288,2,0,2
11289,2,0,2
11290,2,0,2
11291,2,0,2
11292,2,0,2
11293,2,0,2
11294,2,0,2
11295,2,0,2
11296,2,0,2
11297,2,0,2
11298,2,0,2
11299,2,0,2
11300,2,0,2
11301,2,0,2
11302,2,0,2
11303,2,0,2
11304,2,0,2
11305,2,0,2
11306,2,0,2
11307,2,0,2
11308,2,0,2
11309,2,0,2
11310,2,0,2
11311,2,0,2
11312,2,0,2
11313,2,0,2
11314,2,0,2
11315,2,0,2
11316,2,0,2
11317,2,0,2
11318,2,0,2
11319,2,0,2
11320,2,0,2
11321,2,0,2
11322,2,0,2
11323,2,0,2
11324,2,0,2
11325,2,0,2
11326,2,0,2
11327,2,0,2
11328,1,0,1
11329,1,0,1
11330,1,0,1
11331,1,0,1
11332,1,0,1
11333,1,0,1
11334,1,0,1
11335,1,0,1
11336,1,0,1
11337,1,0,1
11338,1,0,1
11339,1,0,1
11340,1,0,1
11341,1,0,1
11342,1,0,1
11343,1,0,1
11344,1,0,1
11345,1,0,1
11346,1,0,1
11347,1,0,1
11348,1,0,1
11349,1,0,1
11350,1,0,1
11351,1,0,1
11352,1,0,1
11353,1,0,1
11354,1,0,1
11355,1,0,1
11356,1,0,1
11357,1,0,1
11358,1,0,1
11359,1,0,1
11360,1,0,1
11361,1,0,1
11362,1,0,1
11363,1,0,1
11364,1,0,1
11365,1,0,1
11366,1,0,1
11367,1,0,1
11368,1,0,1
11369,1,0,1
11370,1,0,1
11371,1,0,1
11372,1,0,1
11373,1,0,1
11374,1,0,1
11375,1,0,1
11376,1,0,1
11377,1,0,1
11378,1,0,1
11379,1,0,1
11380,1,0,1
11381,1,0,1
11382,1,0,1
11383,1,0,1
11384,1,0,1
11385,1,0,1
11386,1,0,1
11387,1,0,1
11388,1,0,1
11389,1,0,1
11390,1,0,1
11391,1,0,1
11392,1,0,1
11393,1,0,1
11394,1,0,1
11395,1,0,1
11396,1,0,1
11397,1,0,1
11398,1,0,1
11399,1,0,1
11400,1,0,1
11401,1,0,1
11402,1,0,1
11403,1,0,1
11404,1,0,1
11405,1,0,1
11406,1,0,1
11407,1,0,1
11408,1,0,1
11409,1,0,1
11410,1,0,1
11411,1,0,1
11412,1,0,1
11413,1,0,1
11414,1,0,1
11415,1,0,1
11416,1,0,1
11417,1,0,1
11418,1,0,1
11419,1,0,1
11420,1,0,1
11421,1,0,1
11422,1,0,1
11423,1,0,1
11424,1,0,1
11425,1,0,1
11426,1,0,1
11427,1,0,1
11428,2,0,2
11429,2,0,2
11430,2,0,2
11431,2,0,2
11432,2,0,2
11433,2,0,2
11434,2,0,2
11435,2,0,2
11436,2,0,2
11437,2,0,2
11438,2,0,2
11439,2,0,2
11440,2,0,2
11441,2,0,2
11442,2,0,2
11443,2,0,2
11444,2,0,2
11445,2,0,2
11446,2,0,2
11447,2,0,2
11448,2,0,2
11449,2,0,2
11450,2,0,2
11451,3,0,3
11452,3,0,3
11453,3,0,3
11454,3,0,3
11455,3,0,3
11456,3,0,3
11457,3,0,3
11458,3,0,3
11459,3,0,3
11460,3,0,3
11461,3,0,3
11462,3,0,3
11463,3,0,3
11464,3,0,3
11465,3,0,3
11466,3,0,3
11467,3,0,3
11468,4,0,4
11469,4,0,4
11470,4,0,4
11471,4,0,4
11472,3,0,3
11473,3,0,3
11474,3,0,3
11475,3,0,3
11476,3,0,3
11477,3,0,3
11478,3,0,3
11479,3,0,3
11480,3,0,3
11481,3,0,3
11482,3,0,3
11483,3,0,3
11484,3,0,3
11485,3,0,3
11486,3,0,3
11487,3,0,3
11488,3,0,3
11489,3,0,3
11490,3,0,3
11491,3,0,3
11492,3,0,3
11493,3,0,3
11494,3,0,3
11495,3,0,3
11496,3,0,3
11497,3,0,3
11498,3,0,3
11499,3,0,3
11500,3,0,3
11501,3,0,3
11502,3,0,3
11503,3,0,3
11504,3,0,3
11505,3,0,3
11506,3,0,3
11507,3,0,3
11508,3,0,3
11509,3,0,3
11510,3,0,3
11511,3,0,3
11512,3,0,3
11513,3,0,3
11514,3,0,3
11515,3,0,3
11516,3,0,3
11517,3,0,3
11518,3,0,3
11519,3,0,3
11520,3,0,3
11521,3,0,3
11522,3,0,3
11523,3,0,3
11524,3,0,3
11525,3,0,3
11526,3,0,3
11527,3,0,3
11528,3,0,3
11529,3,0,3
11530,3,0,3
11531,3,0,3
11532,3,0,3
11533,3,0,3
11534,3,0,3
11535,3,0,3
11536,3,0,3
11537,3,0,3
11538,3,0,3
11539,3,0,3
11540,3,0,3
11541,3,0,3
11542,3,0,3
11543,3,0,3
11544,3,0,3
11545,3,0,3
11546,3,0,3
11547,3,0,3
11548,3,0,3
11549,3,0,3
11550,3,0,3
11551,3,0,3
11552,3,0,3
11553,3,0,3
11554,3,0,3
11555,3,0,3
11556,3,0,3
11557,3,0,3
11558,3,0,3
11559,3,0,3
11560,3,0,3
11561,3,0,3
11562,3,0,3
11563,3,0,3
11564,3,0,3
11565,3,0,3
11566,3,0,3
11567,3,0,3
11568,3,0,3
11569,3,0,3
11570,3,0,3
11571,3,0,3
11572,3,0,3
11573,3,0,3
11574,3,0,3
11575,3,0,3
11576,3,0,3
11577,3,0,3
11578,3,0,3
11579,3,0,3
11580,3,0,3
11581,3,0,3
11582,3,0,3
11583,3,0,3
11584,3,0,3
11585,3,0,3
11586,3,0,3
11587,3,0,3
11588,3,0,3
11589,3,0,3
11590,3,0,3
11591,3,0,3
11592,3,0,3
11593,3,0,3
11594,3,0,3
11595,3,0,3
11596,3,0,3
11597,3,0,3
11598,3,0,3
11599,3,0,3
11600,3,0,3
11601,3,0,3
11602,3,0,3
11603,3,0,3
11604,3,0,3
11605,3,0,3
11606,3,0,3
11607,3,0,3
11608,3,0,3
11609,3,0,3
11610,3,0,3
11611,3,0,3
11612,3,0,3
11613,3,0,3
11614,3,0,3
11615,3,0,3
11616,3,0,3
11617,3,0,3
11618,3,0,3
11619,3,0,3
11620,3,0,3
11621,3,0,3
11622,3,0,3
11623,3,0,3
11624,3,0,3
11625,3,0,3
11626,3,0,3
11627,3,0,3
11628,3,0,3
11629,3,0,3
11630,3,0,3
11631,3,0,3
11632,3,0,3
11633,3,0,3
11634,3,0,3
11635,3,0,3
11636,3,0,3
11637,3,0,3
11638,3,0,3
11639,3,0,3
11640,3,0,3
11641,3,0,3
11642,3,0,3
11643,3,0,3
11644,2,0,2
11645,2,0,2
11646,2,0,2
11647,2,0,2
11648,3,0,3
11649,3,0,3
11650,3,0,3
11651,3,0,3
11652,3,0,3
11653,3,0,3
11654,3,0,3
11655,3,0,3
11656,3,0,3
11657,3,0,3
11658,3,0,3
11659,3,0,3
11660,3,0,3
11661,3,0,3
11662,3,0,3
11663,3,0,3
11664,3,0,3
11665,3,0,3
11666,3,0,3
11667,3,0,3
11668,3,0,3
11669,3,0,3
11670,3,0,3
11671,3,0,3
11672,3,0,3
11673,4,0,4
11674,4,0,4
11675,4,0,4
11676,4,0,4
11677,4,0,4
11678,4,0,4
11679,4,0,4
11680,4,0,4
11681,4,0,4
11682,4,0,4
11683,4,0,4
11684,4,0,4
11685,4,0,4
11686,4,0,4
11687,4,0,4
11688,4,0,4
11689,4,0,4
11690,4,0,4
11691,4,0,4
11692,4,0,4
11693,4,0,4
11694,4,0,4
11695,4,0,4
11696,4,0,4
11697,4,0,4
11698,4,0,4
11699,4,0,4
11700,4,0,4
11701,4,0,4
11702,4,0,4
11703,4,0,4
11704,4,0,4
11705,4,0,4
11706,4,0,4
11707,4,0,4
11708,4,0,4
11709,4,0,4
11710,4,0,4
11711,4,0,4
11712,4,0,4
11713,3,0,3
11714,2,0,2
11715,2,0,2
11716,2,0,2
11717,2,0,2
11718,2,0,2
11719,2,0,2
11720,2,0,2
11721,2,0,2
11722,2,0,2
11723,2,0,2
11724,2,0,2
11725,2,0,2
11726,2,0,2
11727,2,0,2
11728,2,0,2
11729,3,0,3
11730,3,0,3
11731,3,0,3
11732,3,0,3
11733,3,0,3
11734,3,0,3
11735,3,0,3
11736,3,0,3
11737,3,0,3
11738,3,0,3
11739,3,0,3
11740,4,0,4
11741,4,0,4
11742,4,0,4
11743,4,0,4
11744,4,0,4
11745,4,0,4
11746,4,0,4
11747,4,0,4
11748,4,0,4
11749,4,0,4
11750,4,0,4
11751,4,0,4
11752,4,0,4
11753,4,0,4
11754,4,0,4
11755,4,0,4
11756,4,0,4
11757,4,0,4
11758,4,0,4
11759,4,0,4
11760,4,0,4
11761,4,0,4
11762,4,0,4
11763,4,0,4
11764,4,0,4
11765,4,0,4
11766,4,0,4
11767,4,0,4
11768,4,0,4
11769,4,0,4
11770,4,0,4
11771,4,0,4
11772,4,0,4
11773,4,0,4
11774,4,0,4
11775,4,0,4
11776,4,0,4
11777,3,0,3
11778,3,0,3
11779,3,0,3
11780,3,0,3
11781,3,0,3
11782,3,0,3
11783,3,0,3
11784,3,0,3
11785,3,0,3
11786,3,0,3
11787,3,0,3
11788,3,0,3
11789,3,0,3
11790,3,0,3
11791,3,0,3
11792,3,0,3
11793,3,0,3
11794,3,0,3
11795,3,0,3
11796,3,0,3
11797,3,0,3
11798,3,0,3
11799,3,0,3
11800,3,0,3
11801,3,0,3
11802,3,0,3
11803,3,0,3
11804,3,0,3
11805,3,0,3
11806,3,0,3
11807,3,0,3
11808,3,0,3
11809,3,0,3
11810,3,0,3
11811,3,0,3
11812,3,0,3
11813,3,0,3
11814,3,0,3
11815,3,0,3
11816,3,0,3
11817,3,0,3
11818,3,0,3
11819,3,0,3
11820,3,0,3
11821,3,0,3
11822,3,0,3
11823,3,0,3
11824,3,0,3
11825,3,0,3
11826,3,0,3
11827,3,0,3
11828,3,0,3
11829,3,0,3
11830,3,0,3
11831,3,0,3
11832,3,0,3
11833,3,0,3
11834,3,0,3
11835,3,0,3
11836,3,0,3
11837,3,0,3
11838,3,0,3
11839,3,0,3
11840,3,0,3
11841,3,0,3
11842,3,0,3
11843,3,0,3
11844,2,0,2
11845,2,0,2
11846,2,0,2
11847,3,0,3
11848,3,0,3
11849,3,0,3
11850,3,0,3
11851,3,0,3
11852,3,0,3
11853,3,0,3
11854,3,0,3
11855,3,0,3
11856,3,0,3
11857,3,0,3
11858,3,0,3
11859,2,0,2
11860,2,0,2
11861,2,0,2
11862,2,0,2
11863,2,0,2
11864,2,0,2
11865,2,0,2
11866,2,0,2
11867,2,0,2
11868,2,0,2
11869,3,0,3
11870,3,0,3
11871,3,0,3
11872,3,0,3
11873,3,0,3
11874,3,0,3
11875,3,0,3
11876,3,0,3
11877,3,0,3
11878,3,0,3
11879,3,0,3
11880,3,0,3
11881,3,0,3
11882,3,0,3
11883,3,0,3
11884,3,0,3
11885,3,0,3
11886,3,0,3
11887,3,0,3
11888,3,0,3
11889,3,0,3
11890,3,0,3
11891,3,0,3
11892,3,0,3
11893,3,0,3
11894,3,0,3
11895,3,0,3
11896,3,0,3
11897,3,0,3
11898,3,0,3
11899,3,0,3
11900,3,0,3
11901,3,0,3
11902,3,0,3
11903,3,0,3
11904,3,0,3
11905,3,0,3
11906,3,0,3
11907,3,0,3
11908,3,0,3
11909,3,0,3
11910,3,0,3
11911,3,0,3
11912,3,0,3
11913,3,0,3
11914,3,0,3
11915,3,0,3
11916,3,0,3
11917,3,0,3
11918,3,0,3
11919,4,0,4
11920,4,0,4
11921,4,0,4
11922,4,0,4
11923,4,0,4
11924,4,0,4
11925,4,0,4
11926,4,0,4
11927,4,0,4
11928,4,0,4
11929,4,0,4
11930,4,0,4
11931,4,0,4
11932,4,0,4
11933,4,0,4
11934,4,0,4
11935,4,0,4
11936,4,0,4
11937,4,0,4
11938,4,0,4
11939,3,0,3
11940,3,0,3
11941,3,0,3
11942,3,0,3
11943,3,0,3
11944,3,0,3
11945,3,0,3
11946,3,0,3
11947,3,0,3
11948,3,0,3
11949,3,0,3
11950,3,0,3
11951,3,0,3
11952,3,0,3
11953,3,0,3
11954,3,0,3
11955,3,0,3
11956,3,0,3
11957,3,0,3
11958,3,0,3
11959,3,0,3
11960,3,0,3
11961,2,0,2
11962,2,0,2
11963,2,0,2
11964,2,0,2
11965,2,0,2
11966,2,0,2
11967,2,0,2
11968,2,0,2
11969,2,0,2
11970,2,0,2
11971,2,0,2
11972,2,0,2
11973,2,0,2
11974,2,0,2
11975,2,0,2
11976,2,0,2
11977,2,0,2
11978,2,0,2
11979,2,0,2
11980,2,0,2
11981,2,0,2
11982,2,0,2
11983,2,0,2
11984,2,0,2
11985,2,0,2
11986,2,0,2
11987,2,0,2
11988,2,0,2
11989,2,0,2
11990,2,0,2
11991,2,0,2
11992,2,0,2
11993,2,0,2
11994,2,0,2
11995,2,0,2
11996,2,0,2
11997,2,0,2
11998,2,0,2
11999,2,0,2
12000,2,0,2
12001,2,0,2
12002,1,0,1
12003,1,0,1
12004,1,0,1
12005,1,0,1
12006,1,0,1
12007,1,0,1
12008,1,0,1
12009,1,0,1
12010,1,0,1
12011,1,0,1
12012,1,0,1
12013,1,0,1
12014,1,0,1
12015,1,0,1
12016,1,0,1
12017,1,0,1
12018,1,0,1
12019,1,0,1
12020,1,0,1
12021,1,0,1
12022,1,0,1
12023,1,0,1
12024,1,0,1
12025,1,0,1
12026,1,0,1
12027,1,0,1
12028,1,0,1
12029,1,0,1
12030,1,0,1
12031,1,0,1
12032,1,0,1
12033,1,0,1
12034,1,0,1
12035,1,0,1
12036,1,0,1
12037,2,0,2
12038,2,0,2
12039,2,0,2
12040,2,0,2
12041,2,0,2
12042,2,0,2
12043,2,0,2
12044,2,0,2
12045,2,0,2
12046,2,0,2
12047,2,0,2
12048,2,0,2
12049,2,0,2
12050,2,0,2
12051,2,0,2
12052,2,0,2
12053,2,0,2
12054,2,0,2
12055,2,0,2
12056,2,0,2
12057,2,0,2
12058,2,0,2
12059,2,0,2
12060,2,0,2
12061,2,0,2
12062,2,0,2
12063,2,0,2
12064,2,0,2
12065,2,0,2
12066,2,0,2
12067,2,0,2
12068,2,0,2
12069,2,0,2
12070,2,0,2
12071,2,0,2
12072,2,0,2
12073,2,0,2
12074,2,0,2
12075,1,0,1
12076,1,0,1
12077,1,0,1
12078,1,0,1
12079,1,0,1
12080,1,0,1
12081,1,0,1
12082,1,0,1
12083,1,0,1
12084,1,0,1
12085,1,0,1
12086,1,0,1
12087,2,0,2
12088,2,0,2
12089,2,0,2
12090,2,0,2
12091,2,0,2
12092,2,0,2
12093,2,0,2
12094,2,0,2
12095,2,0,2
12096,2,0,2
12097,2,0,2
12098,2,0,2
12099,2,0,2
12100,2,0,2
12101,2,0,2
12102,2,0,2
12103,2,0,2
12104,2,0,2
12105,2,0,2
12106,2,0,2
12107,2,0,2
12108,2,0,2
12109,2,0,2
12110,2,0,2
12111,2,0,2
12112,2,0,2
12113,2,0,2
12114,2,0,2
12115,2,0,2
12116,2,0,2
12117,2,0,2
12118,2,0,2
12119,2,0,2
12120,2,0,2
12121,2,0,2
12122,1,0,1
12123,2,0,2
12124,2,0,2
12125,2,0,2
12126,2,0,2
12127,3,0,3
12128,3,0,3
12129,3,0,3
12130,3,0,3
12131,3,0,3
12132,3,0,3
12133,3,0,3
12134,3,0,3
12135,3,0,3
12136,3,0,3
12137,3,0,3
12138,3,0,3
12139,3,0,3
12140,3,0,3
12141,3,0,3
12142,3,0,3
12143,3,0,3
12144,3,0,3
12145,3,0,3
12146,3,0,3
12147,3,0,3
12148,3,0,3
12149,3,0,3
12150,3,0,3
12151,3,0,3
12152,4,0,4
12153,4,0,4
12154,4,0,4
12155,4,0,4
12156,4,0,4
12157,4,0,4
12158,4,0,4
12159,4,0,4
12160,4,0,4
12161,4,0,4
12162,4,0,4
12163,4,0,4
12164,4,0,4
12165,4,0,4
12166,4,0,4
12167,4,0,4
12168,4,0,4
12169,4,0,4
12170,4,0,4
12171,4,0,4
12172,4,0,4
12173,4,0,4
12174,4,0,4
12175,4,0,4
12176,4,0,4
12177,4,0,4
12178,4,0,4
12179,4,0,4
12180,4,0,4
12181,4,0,4
12182,4,0,4
12183,4,0,4
12184,4,0,4
12185,4,0,4
12186,4,0,4
12187,4,0,4
12188,4,0,4
12189,4,0,4
12190,4,0,4
12191,4,0,4
12192,5,0,5
12193,5,0,5
12194,5,0,5
12195,5,0,5
12196,5,0,5
12197,5,0,5
12198,5,0,5
12199,5,0,5
12200,5,0,5
12201,5,0,5
12202,5,0,5
12203,5,0,5
12204,5,0,5
12205,4,0,4
12206,4,0,4
12207,4,0,4
12208,4,0,4
12209,4,0,4
12210,4,0,4
12211,4,0,4
12212,4,0,4
12213,4,0,4
12214,4,0,4
12215,4,0,4
12216,4,0,4
12217,4,0,4
12218,4,0,4
12219,4,0,4
12220,4,0,4
12221,4,0,4
12222,4,0,4
12223,4,0,4
12224,4,0,4
12225,4,0,4
12226,4,0,4
12227,4,0,4
12228,4,0,4
12229,4,0,4
12230,4,0,4
12231,4,0,4
12232,4,0,4
12233,4,0,4
12234,4,0,4
12235,4,0,4
12236,4,0,4
12237,4,0,4
12238,4,0,4
12239,4,0,4
12240,4,0,4
12241,4,0,4
12242,4,0,4
12243,4,0,4
12244,4,0,4
12245,4,0,4
12246,4,0,4
12247,4,0,4
12248,4,0,4
12249,4,0,4
12250,4,0,4
12251,4,0,4
12252,4,0,4
12253,4,0,4
12254,4,0,4
12255,4,0,4
12256,4,0,4
12257,4,0,4
12258,4,0,4
12259,4,0,4
12260,4,0,4
12261,4,0,4
12262,4,0,4
12263,4,0,4
12264,3,0,3
12265,3,0,3
12266,3,0,3
12267,3,0,3
12268,3,0,3
12269,3,0,3
12270,3,0,3
12271,3,0,3
12272,3,0,3
12273,3,0,3
12274,3,0,3
12275,3,0,3
12276,3,0,3
12277,3,0,3
12278,3,0,3
12279,3,0,3
12280,3,0,3
12281,3,0,3
12282,3,0,3
12283,3,0,3
12284,3,0,3
12285,3,0,3
12286,3,0,3
12287,3,0,3
12288,3,0,3
12289,3,0,3
12290,3,0,3
12291,3,0,3
12292,3,0,3
12293,3,0,3
12294,3,0,3
12295,3,0,3
12296,2,0,2
12297,2,0,2
12298,2,0,2
12299,2,0,2
12300,2,0,2
12301,2,0,2
12302,2,0,2
12303,2,0,2
12304,2,0,2
12305,2,0,2
12306,2,0,2
12307,2,0,2
12308,2,0,2
12309,2,0,2
12310,2,0,2
12311,2,0,2
12312,2,0,2
12313,2,0,2
12314,2,0,2
12315,2,0,2
12316,2,0,2
12317,2,0,2
12318,2,0,2
12319,2,0,2
12320,2,0,2
12321,2,0,2
12322,2,0,2
12323,1,0,1
12324,1,0,1
12325,1,0,1
12326,1,0,1
12327,1,0,1
12328,1,0,1
12329,1,0,1
12330,1,0,1
12331,1,0,1
12332,1,0,1
12333,1,0,1
12334,1,0,1
12335,1,0,1
12336,1,0,1
12337,1,0,1
12338,1,0,1
12339,1,0,1
12340,1,0,1
12341,1,0,1
12342,1,0,1
12343,1,0,1
12344,1,0,1
12345,1,0,1
12346,1,0,1
12347,1,0,1
12348,1,0,1
12349,1,0,1
12350,1,0,1
12351,1,0,1
12352,0,0,0
12353,0,0,0
12354,0,0,0
12355,0,0,0
12356,0,0,0
12357,0,0,0
12358,0,0,0
12359,0,0,0
12360,0,0,0
12361,0,0,0
12362,0,0,0
12363,0,0,0
12364,0,0,0
12365,0,0,0
12366,0,0,0
12367,0,0,0
12368,0,0,0
12369,0,0,0
12370,0,0,0
12371,0,0,0
12372,0,0,0
12373,0,0,0
12374,0,0,0
12375,0,0,0
12376,0,0,0
12377,0,0,0
12378,0,0,0
12379,0,0,0
12380,0,0,0
12381,0,0,0
12382,0,0,0
12383,0,0,0
12384,0,0,0
12385,0,0,0
12386,0,0,0
12387,0,0,0
12388,0,0,0
12389,0,0,0
12390,0,0,0
12391,0,0,0
12392,0,0,0
12393,0,0,0
12394,0,0,0
12395,0,0,0
12396,0,0,0
12397,0,0,0
12398,0,0,0
12399,0,0,0
12400,0,0,0
12401,0,0,0
12402,0,0,0
12403,0,0,0
12404,0,0,0
12405,0,0,0
12406,0,0,0
12407,0,0,0
12408,0,0,0
12409,0,0,0
12410,0,0,0
12411,0,0,0
12412,0,0,0
12413,0,0,0
12414,0,0,0
12415,0,0,0
12416,0,0,0
12417,0,0,0
12418,0,0,0
12419,0,0,0
12420,0,0,0
12421,0,0,0
12422,0,0,0
12423,0,0,0
12424,0,0,0
12425,0,0,0
12426,0,0,0
12427,0,0,0
12428,0,0,0
12429,0,0,0
12430,0,0,0
12431,0,0,0
12432,0,0,0
12433,0,0,0
12434,0,0,0
12435,0,0,0
12436,0,0,0
12437,0,0,0
12438,0,0,0
12439,0,0,0
12440,0,0,0
12441,0,0,0
12442,0,0,0
12443,0,0,0
12444,0,0,0
12445,0,0,0
12446,0,0,0
12447,0,0,0
12448,0,0,0
12449,0,0,0
12450,0,0,0
12451,0,0,0
12452,0,0,0
12453,0,0,0
12454,0,0,0
12455,0,0,0
12456,0,0,0
12457,0,0,0
12458,0,0,0
12459,0,0,0
12460,0,0,0
12461,0,0,0
12462,0,0,0
12463,0,0,0
12464,0,0,0
12465,0,0,0
12466,0,0,0
12467,0,0,0
12468,0,0,0
12469,0,0,0
12470,0,0,0
12471,0,0,0
12472,0,0,0
12473,0,0,0
12474,0,0,0
12475,0,0,0
12476,0,0,0
12477,0,0,0
12478,0,0,0
12479,0,0,0
12480,0,0,0
12481,0,0,0
12482,0,0,0
12483,0,0,0
12484,0,0,0
12485,0,0,0
12486,0,0,0
12487,0,0,0
12488,0,0,0
12489,0,0,0
12490,0,0,0
12491,0,0,0
12492,0,0,0
12493,0,0,0
12494,0,0,0
12495,0,0,0
12496,0,0,0
12497,0,0,0
12498,0,0,0
12499,0,0,0
12500,0,0,0
12501,0,0,0
12502,0,0,0
12503,0,0,0
12504,0,0,0
12505,0,0,0
12506,0,0,0
12507,0,0,0
12508,0,0,0
12509,0,0,0
12510,0,0,0
12511,0,0,0
12512,0,0,0
12513,0,0,0
12514,0,0,0
12515,0,0,0
12516,0,0,0
12517,0,0,0
12518,0,0,0
12519,0,0,0
12520,0,0,0
12521,0,0,0
12522,1,0,1
12523,1,0,1
12524,1,0,1
12525,1,0,1
12526,1,0,1
12527,1,0,1
12528,1,0,1
12529,1,0,1
12530,1,0,1
12531,1,0,1
12532,1,0,1
12533,1,0,1
12534,1,0,1
12535,1,0,1
12536,1,0,1
12537,1,0,1
12538,1,0,1
12539,1,0,1
12540,1,0,1
12541,1,0,1
12542,1,0,1
12543,1,0,1
12544,1,0,1
12545,1,0,1
12546,1,0,1
12547,1,0,1
12548,1,0,1
12549,1,0,1
12550,1,0,1
12551,1,0,1
12552,1,0,1
12553,1,0,1
12554,1,0,1
12555,1,0,1
12556,1,0,1
12557,1,0,1
12558,1,0,1
12559,1,0,1
12560,1,0,1
12561,1,0,1
12562,1,0,1
12563,2,0,2
12564,2,0,2
12565,2,0,2
12566,2,0,2
12567,2,0,2
12568,2,0,2
12569,2,0,2
12570,2,0,2
12571,2,0,2
12572,2,0,2
12573,2,0,2
12574,2,0,2
12575,2,0,2
12576,2,0,2
12577,2,0,2
12578,2,0,2
12579,2,0,2
12580,2,0,2
12581,2,0,2
12582,2,0,2
12583,3,0,3
12584,3,0,3
12585,3,0,3
12586,3,0,3
12587,3,0,3
12588,3,0,3
12589,3,0,3
12590,3,0,3
12591,3,0,3
12592,3,0,3
12593,3,0,3
12594,3,0,3
12595,3,0,3
12596,3,0,3
12597,3,0,3
12598,3,0,3
12599,3,0,3
12600,3,0,3
12601,3,0,3
12602,3,0,3
12603,3,0,3
12604,3,0,3
12605,3,0,3
12606,3,0,3
12607,3,0,3
12608,3,0,3
12609,3,0,3
12610,3,0,3
12611,3,0,3
12612,3,0,3
12613,3,0,3
12614,3,0,3
12615,3,0,3
12616,3,0,3
12617,3,0,3
12618,3,0,3
12619,3,0,3
12620,3,0,3
12621,3,0,3
12622,3,0,3
12623,3,0,3
12624,3,0,3
12625,3,0,3
12626,3,0,3
12627,3,0,3
12628,3,0,3
12629,3,0,3
12630,3,0,3
12631,3,0,3
12632,3,0,3
12633,3,0,3
12634,3,0,3
12635,3,0,3
12636,4,0,4
12637,4,0,4
12638,4,0,4
12639,4,0,4
12640,4,0,4
12641,4,0,4
12642,4,0,4
12643,4,0,4
12644,4,0,4
12645,4,0,4
12646,4,0,4
12647,4,0,4
12648,4,0,4
12649,4,0,4
12650,4,0,4
12651,4,0,4
12652,4,0,4
12653,4,0,4
12654,4,0,4
12655,4,0,4
12656,4,0,4
12657,4,0,4
12658,4,0,4
12659,4,0,4
12660,4,0,4
12661,4,0,4
12662,4,0,4
12663,4,0,4
12664,3,0,3
12665,3,0,3
12666,3,0,3
12667,3,0,3
12668,3,0,3
12669,2,0,2
12670,2,0,2
12671,2,0,2
12672,2,0,2
12673,2,0,2
12674,2,0,2
12675,2,0,2
12676,2,0,2
12677,2,0,2
12678,2,0,2
12679,2,0,2
12680,2,0,2
12681,2,0,2
12682,2,0,2
12683,2,0,2
12684,2,0,2
12685,2,0,2
12686,2,0,2
12687,2,0,2
12688,2,0,2
12689,2,0,2
12690,2,0,2
12691,2,0,2
12692,2,0,2
12693,2,0,2
12694,2,0,2
12695,2,0,2
12696,2,0,2
12697,2,0,2
12698,2,0,2
12699,2,0,2
12700,2,0,2
12701,2,0,2
12702,2,0,2
12703,2,0,2
12704,2,0,2
12705,2,0,2
12706,2,0,2
12707,2,0,2
12708,2,0,2
12709,2,0,2
12710,2,0,2
12711,2,0,2
12712,2,0,2
12713,2,0,2
12714,2,0,2
12715,2,0,2
12716,2,0,2
12717,2,0,2
12718,2,0,2
12719,2,0,2
12720,2,0,2
12721,2,0,2
12722,2,0,2
12723,2,0,2
12724,2,0,2
12725,2,0,2
12726,2,0,2
12727,2,0,2
12728,2,0,2
12729,2,0,2
12730,2,0,2
12731,2,0,2
12732,2,0,2
12733,2,0,2
12734,2,0,2
12735,2,0,2
12736,2,0,2
12737,2,0,2
12738,2,0,2
12739,2,0,2
12740,1,0,1
12741,1,0,1
12742,1,0,1
12743,1,0,1
12744,1,0,1
12745,1,0,1
12746,1,0,1
12747,1,0,1
12748,1,0,1
12749,1,0,1
12750,1,0,1
12751,1,0,1
12752,1,0,1
12753,1,0,1
12754,1,0,1
12755,1,0,1
12756,1,0,1
12757,1,0,1
12758,2,0,2
12759,2,0,2
12760,2,0,2
12761,2,0,2
12762,2,0,2
12763,2,0,2
12764,2,0,2
12765,2,0,2
12766,2,0,2
12767,2,0,2
12768,2,0,2
12769,2,0,2
12770,2,0,2
12771,2,0,2
12772,2,0,2
12773,2,0,2
12774,3,0,3
12775,3,0,3
12776,3,0,3
12777,3,0,3
12778,3,0,3
12779,3,0,3
12780,3,0,3
12781,3,0,3
12782,3,0,3
12783,3,0,3
12784,3,0,3
12785,3,0,3
12786,3,0,3
12787,3,0,3
12788,3,0,3
12789,3,0,3
12790,3,0,3
12791,3,0,3
12792,3,0,3
12793,3,0,3
12794,3,0,3
12795,3,0,3
12796,3,0,3
12797,3,0,3
12798,3,0,3
12799,3,0,3
12800,3,0,3
12801,3,0,3
12802,3,0,3
12803,3,0,3
12804,3,0,3
12805,3,0,3
12806,3,0,3
12807,3,0,3
12808,3,0,3
12809,3,0,3
12810,3,0,3
12811,3,0,3
12812,3,0,3
12813,3,0,3
12814,3,0,3
12815,3,0,3
12816,3,0,3
12817,3,0,3
12818,3,0,3
12819,3,0,3
12820,3,0,3
12821,3,0,3
12822,3,0,3
12823,3,0,3
12824,3,0,3
12825,3,0,3
12826,3,0,3
12827,3,0,3
12828,3,0,3
12829,3,0,3
12830,3,0,3
12831,3,0,3
12832,3,0,3
12833,3,0,3
12834,3,0,3
12835,3,0,3
12836,3,0,3
12837,3,0,3
12838,3,0,3
12839,3,0,3
12840,3,0,3
12841,3,0,3
12842,3,0,3
12843,3,0,3
12844,3,0,3
12845,3,0,3
12846,3,0,3
12847,3,0,3
12848,3,0,3
12849,3,0,3
12850,3,0,3
12851,3,0,3
12852,3,0,3
12853,3,0,3
12854,3,0,3
12855,3,0,3
12856,3,0,3
12857,3,0,3
12858,3,0,3
12859,3,0,3
12860,3,0,3
12861,3,0,3
12862,3,0,3
12863,3,0,3
12864,3,0,3
12865,3,0,3
12866,3,0,3
12867,3,0,3
12868,3,0,3
12869,3,0,3
12870,3,0,3
12871,3,0,3
12872,3,0,3
12873,3,0,3
12874,3,0,3
12875,3,0,3
12876,3,0,3
12877,3,0,3
12878,3,0,3
12879,3,0,3
12880,3,0,3
12881,3,0,3
12882,3,0,3
12883,3,0,3
12884,3,0,3
12885,3,0,3
12886,3,0,3
12887,3,0,3
12888,3,0,3
12889,3,0,3
12890,3,0,3
12891,3,0,3
12892,3,0,3
12893,3,0,3
12894,3,0,3
12895,3,0,3
12896,3,0,3
12897,3,0,3
12898,3,0,3
12899,3,0,3
12900,3,0,3
12901,3,0,3
12902,3,0,3
12903,3,0,3
12904,3,0,3
12905,3,0,3
12906,3,0,3
12907,3,0,3
12908,3,0,3
12909,3,0,3
12910,3,0,3
12911,3,0,3
12912,3,0,3
12913,3,0,3
12914,3,0,3
12915,3,0,3
12916,3,0,3
12917,3,0,3
12918,3,0,3
12919,3,0,3
12920,3,0,3
12921,3,0,3
12922,3,0,3
12923,3,0,3
12924,3,0,3
12925,3,0,3
12926,3,0,3
12927,3,0,3
12928,3,0,3
12929,3,0,3
12930,3,0,3
12931,3,0,3
12932,3,0,3
12933,3,0,3
12934,3,0,3
12935,3,0,3
12936,3,0,3
12937,3,0,3
12938,3,0,3
12939,3,0,3
12940,3,0,3
12941,3,0,3
12942,3,0,3
12943,3,0,3
12944,3,0,3
12945,3,0,3
12946,3,0,3
12947,3,0,3
12948,3,0,3
12949,3,0,3
12950,3,0,3
12951,3,0,3
12952,3,0,3
12953,2,0,2
12954,2,0,2
12955,2,0,2
12956,2,0,2
12957,2,0,2
12958,2,0,2
12959,2,0,2
12960,2,0,2
12961,2,0,2
12962,2,0,2
12963,2,0,2
12964,2,0,2
12965,2,0,2
12966,2,0,2
12967,2,0,2
12968,2,0,2
12969,2,0,2
12970,2,0,2
12971,2,0,2
12972,2,0,2
12973,2,0,2
12974,2,0,2
12975,2,0,2
12976,2,0,2
12977,3,0,3
12978,3,0,3
12979,3,0,3
12980,3,0,3
12981,3,0,3
12982,3,0,3
12983,3,0,3
12984,3,0,3
12985,3,0,3
12986,3,0,3
12987,3,0,3
12988,3,0,3
12989,3,0,3
12990,3,0,3
12991,3,0,3
12992,3,0,3
12993,3,0,3
12994,3,0,3
12995,3,0,3
12996,3,0,3
12997,3,0,3
12998,3,0,3
12999,3,0,3
13000,3,0,3
13001,3,0,3
13002,3,0,3
13003,3,0,3
13004,3,0,3
13005,3,0,3
13006,3,0,3
13007,3,0,3
13008,3,0,3
13009,3,0,3
13010,2,0,2
13011,2,0,2
13012,2,0,2
13013,2,0,2
13014,2,0,2
13015,2,0,2
13016,2,0,2
13017,2,0,2
13018,2,0,2
13019,2,0,2
13020,2,0,2
13021,2,0,2
13022,2,0,2
13023,2,0,2
13024,2,0,2
13025,2,0,2
13026,2,0,2
13027,2,0,2
13028,2,0,2
13029,2,0,2
13030,2,0,2
13031,2,0,2
13032,2,0,2
13033,2,0,2
13034,2,0,2
13035,2,0,2
13036,2,0,2
13037,2,0,2
13038,2,0,2
13039,2,0,2
13040,2,0,2
13041,2,0,2
13042,2,0,2
13043,2,0,2
13044,2,0,2
13045,2,0,2
13046,2,0,2
13047,2,0,2
13048,2,0,2
13049,2,0,2
13050,2,0,2
13051,2,0,2
13052,2,0,2
13053,2,0,2
13054,2,0,2
13055,2,0,2
13056,2,0,2
13057,2,0,2
13058,2,0,2
13059,3,0,3
13060,3,0,3
13061,3,0,3
13062,3,0,3
13063,3,0,3
13064,3,0,3
13065,3,0,3
13066,3,0,3
13067,3,0,3
13068,3,0,3
13069,3,0,3
13070,3,0,3
13071,3,0,3
13072,3,0,3
13073,3,0,3
13074,3,0,3
13075,3,0,3
13076,3,0,3
13077,3,0,3
13078,3,0,3
13079,3,0,3
13080,3,0,3
13081,3,0,3
13082,3,0,3
13083,3,0,3
13084,3,0,3
13085,3,0,3
13086,3,0,3
13087,3,0,3
13088,3,0,3
13089,3,0,3
13090,3,0,3
13091,3,0,3
13092,3,0,3
13093,3,0,3
13094,3,0,3
13095,3,0,3
13096,3,0,3
13097,3,0,3
13098,3,0,3
13099,3,0,3
13100,3,0,3
13101,3,0,3
13102,3,0,3
13103,3,0,3
13104,3,0,3
13105,3,0,3
13106,3,0,3
13107,3,0,3
13108,3,0,3
13109,3,0,3
13110,3,0,3
13111,3,0,3
13112,3,0,3
13113,3,0,3
13114,3,0,3
13115,3,0,3
13116,3,0,3
13117,3,0,3
13118,3,0,3
13119,3,0,3
13120,3,0,3
13121,3,0,3
13122,3,0,3
13123,3,0,3
13124,3,0,3
13125,3,0,3
13126,3,0,3
13127,3,0,3
13128,3,0,3
13129,3,0,3
13130,3,0,3
13131,3,0,3
13132,3,0,3
13133,3,0,3
13134,4,0,4
13135,4,0,4
13136,4,0,4
13137,4,0,4
13138,4,0,4
13139,4,0,4
13140,4,0,4
13141,4,0,4
13142,4,0,4
13143,4,0,4
13144,4,0,4
13145,4,0,4
13146,4,0,4
13147,4,0,4
13148,4,0,4
13149,4,0,4
13150,4,0,4
13151,4,0,4
13152,4,0,4
13153,4,0,4
13154,4,0,4
13155,4,0,4
13156,4,0,4
13157,4,0,4
13158,4,0,4
13159,4,0,4
13160,4,0,4
13161,4,0,4
13162,4,0,4
13163,4,0,4
13164,4,0,4
13165,4,0,4
13166,4,0,4
13167,4,0,4
13168,4,0,4
13169,4,0,4
13170,4,0,4
13171,4,0,4
13172,3,0,3
13173,3,0,3
13174,3,0,3
13175,3,0,3
13176,3,0,3
13177,3,0,3
13178,3,0,3
13179,3,0,3
13180,3,0,3
13181,3,0,3
13182,3,0,3
13183,3,0,3
13184,3,0,3
13185,3,0,3
13186,3,0,3
13187,3,0,3
13188,3,0,3
13189,3,0,3
13190,3,0,3
13191,3,0,3
13192,3,0,3
13193,3,0,3
13194,3,0,3
13195,3,0,3
13196,3,0,3
13197,3,0,3
13198,3,0,3
13199,3,0,3
13200,3,0,3
13201,3,0,3
13202,3,0,3
13203,3,0,3
13204,3,0,3
13205,3,0,3
13206,3,0,3
13207,3,0,3
13208,3,0,3
13209,3,0,3
13210,3,0,3
13211,3,0,3
13212,3,0,3
13213,3,0,3
13214,3,0,3
13215,3,0,3
13216,3,0,3
13217,2,0,2
13218,2,0,2
13219,1,0,1
13220,1,0,1
13221,1,0,1
13222,1,0,1
13223,1,0,1
13224,1,0,1
13225,1,0,1
13226,1,0,1
13227,2,0,2
13228,2,0,2
13229,2,0,2
13230,2,0,2
13231,2,0,2
13232,3,0,3
13233,3,0,3
13234,3,0,3
13235,3,0,3
13236,3,0,3
13237,3,0,3
13238,3,0,3
13239,3,0,3
13240,3,0,3
13241,3,0,3
13242,3,0,3
13243,3,0,3
13244,3,0,3
13245,3,0,3
13246,3,0,3
13247,3,0,3
13248,3,0,3
13249,3,0,3
13250,3,0,3
13251,3,0,3
13252,3,0,3
13253,3,0,3
13254,3,0,3
13255,3,0,3
13256,3,0,3
13257,3,0,3
13258,3,0,3
13259,3,0,3
13260,3,0,3
13261,3,0,3
13262,3,0,3
13263,3,0,3
13264,3,0,3
13265,3,0,3
13266,3,0,3
13267,3,0,3
13268,3,0,3
13269,3,0,3
13270,3,0,3
13271,3,0,3
13272,3,0,3
13273,3,0,3
13274,3,0,3
13275,3,0,3
13276,3,0,3
13277,3,0,3
13278,3,0,3
13279,2,0,2
13280,2,0,2
13281,2,0,2
13282,2,0,2
13283,2,0,2
13284,2,0,2
13285,2,0,2
13286,2,0,2
13287,2,0,2
13288,2,0,2
13289,3,0,3
13290,3,0,3
13291,3,0,3
13292,3,0,3
13293,3,0,3
13294,3,0,3
13295,3,0,3
13296,3,0,3
13297,3,0,3
13298,3,0,3
13299,3,0,3
13300,3,0,3
13301,3,0,3
13302,3,0,3
13303,3,0,3
13304,3,0,3
13305,3,0,3
13306,3,0,3
13307,3,0,3
13308,3,0,3
13309,3,0,3
13310,3,0,3
13311,4,0,4
13312,4,0,4
13313,4,0,4
13314,4,0,4
13315,4,0,4
13316,4,0,4
13317,4,0,4
13318,4,0,4
13319,4,0,4
13320,4,0,4
13321,4,0,4
13322,4,0,4
13323,4,0,4
13324,4,0,4
13325,4,0,4
13326,4,0,4
13327,4,0,4
13328,4,0,4
13329,4,0,4
13330,3,0,3
13331,3,0,3
13332,3,0,3
13333,3,0,3
13334,3,0,3
13335,3,0,3
13336,3,0,3
13337,3,0,3
13338,3,0,3
13339,3,0,3
13340,3,0,3
13341,3,0,3
13342,3,0,3
13343,3,0,3
13344,3,0,3
13345,3,0,3
13346,3,0,3
13347,3,0,3
13348,3,0,3
13349,3,0,3
13350,3,0,3
13351,3,0,3
13352,3,0,3
13353,2,0,2
13354,2,0,2
13355,2,0,2
13356,2,0,2
13357,2,0,2
13358,2,0,2
13359,2,0,2
13360,3,0,3
13361,3,0,3
13362,3,0,3
13363,3,0,3
13364,3,0,3
13365,3,0,3
13366,3,0,3
13367,3,0,3
13368,3,0,3
13369,3,0,3
13370,3,0,3
13371,4,0,4
13372,4,0,4
13373,4,0,4
13374,5,0,5
13375,5,0,5
13376,5,0,5
13377,5,0,5
13378,5,0,5
13379,5,0,5
13380,5,0,5
13381,5,0,5
13382,5,0,5
13383,5,0,5
13384,5,0,5
13385,5,0,5
13386,4,0,4
13387,4,0,4
13388,4,0,4
13389,4,0,4
13390,4,0,4
13391,3,0,3
13392,3,0,3
13393,3,0,3
13394,3,0,3
13395,3,0,3
13396,3,0,3
13397,3,0,3
13398,3,0,3
13399,3,0,3
13400,3,0,3
13401,3,0,3
13402,3,0,3
13403,3,0,3
13404,3,0,3
13405,3,0,3
13406,3,0,3
13407,3,0,3
13408,3,0,3
13409,3,0,3
13410,3,0,3
13411,3,0,3
13412,3,0,3
13413,3,0,3
13414,3,0,3
13415,3,0,3
13416,3,0,3
13417,3,0,3
13418,3,0,3
13419,3,0,3
13420,3,0,3
13421,3,0,3
13422,3,0,3
13423,3,0,3
13424,3,0,3
13425,3,0,3
13426,3,0,3
13427,3,0,3
13428,3,0,3
13429,3,0,3
13430,3,0,3
13431,4,0,4
13432,4,0,4
13433,4,0,4
13434,4,0,4
13435,4,0,4
13436,4,0,4
13437,4,0,4
13438,4,0,4
13439,4,0,4
13440,4,0,4
13441,4,0,4
13442,3,0,3
13443,3,0,3
13444,3,0,3
13445,3,0,3
13446,3,0,3
13447,3,0,3
13448,3,0,3
13449,3,0,3
13450,3,0,3
13451,3,0,3
13452,4,0,4
13453,4,0,4
13454,4,0,4
13455,4,0,4
13456,4,0,4
13457,4,0,4
13458,4,0,4
13459,4,0,4
13460,4,0,4
13461,4,0,4
13462,4,0,4
13463,4,0,4
13464,4,0,4
13465,4,0,4
13466,4,0,4
13467,4,0,4
13468,4,0,4
13469,4,0,4
13470,4,0,4
13471,4,0,4
13472,4,0,4
13473,4,0,4
13474,4,0,4
13475,4,0,4
13476,4,0,4
13477,4,0,4
13478,4,0,4
13479,4,0,4
13480,4,0,4
13481,4,0,4
13482,4,0,4
13483,4,0,4
13484,4,0,4
13485,4,0,4
13486,4,0,4
13487,4,0,4
13488,4,0,4
13489,4,0,4
13490,4,0,4
13491,4,0,4
13492,4,0,4
13493,4,0,4
13494,4,0,4
13495,4,0,4
13496,4,0,4
13497,3,0,3
13498,3,0,3
13499,3,0,3
13500,3,0,3
13501,3,0,3
13502,3,0,3
13503,3,0,3
13504,3,0,3
13505,3,0,3
13506,3,0,3
13507,3,0,3
13508,3,0,3
13509,3,0,3
13510,3,0,3
13511,3,0,3
13512,3,0,3
13513,3,0,3
13514,3,0,3
13515,3,0,3
13516,3,0,3
13517,3,0,3
13518,3,0,3
13519,3,0,3
13520,3,0,3
13521,3,0,3
13522,3,0,3
13523,3,0,3
13524,3,0,3
13525,3,0,3
13526,3,0,3
13527,3,0,3
13528,3,0,3
13529,3,0,3
13530,3,0,3
13531,3,0,3
13532,3,0,3
13533,3,0,3
13534,3,0,3
13535,3,0,3
13536,3,0,3
13537,3,0,3
13538,3,0,3
13539,3,0,3
13540,3,0,3
13541,3,0,3
13542,3,0,3
13543,3,0,3
13544,3,0,3
13545,3,0,3
13546,3,0,3
13547,3,0,3
13548,3,0,3
13549,3,0,3
13550,3,0,3
13551,3,0,3
13552,3,0,3
13553,3,0,3
13554,3,0,3
13555,3,0,3
13556,3,0,3
13557,3,0,3
13558,3,0,3
13559,3,0,3
13560,3,0,3
13561,3,0,3
13562,3,0,3
13563,3,0,3
13564,3,0,3
13565,3,0,3
13566,3,0,3
13567,3,0,3
13568,3,0,3
13569,3,0,3
13570,3,0,3
13571,3,0,3
13572,3,0,3
13573,3,0,3
13574,3,0,3
13575,3,0,3
13576,3,0,3
13577,3,0,3
13578,3,0,3
13579,3,0,3
13580,3,0,3
13581,3,0,3
13582,3,0,3
13583,3,0,3
13584,3,0,3
13585,3,0,3
13586,3,0,3
13587,3,0,3
13588,3,0,3
13589,3,0,3
13590,3,0,3
13591,3,0,3
13592,3,0,3
13593,3,0,3
13594,3,0,3
13595,3,0,3
13596,3,0,3
13597,3,0,3
13598,3,0,3
13599,3,0,3
13600,3,0,3
13601,3,0,3
13602,3,0,3
13603,3,0,3
13604,3,0,3
13605,3,0,3
13606,3,0,3
13607,3,0,3
13608,3,0,3
13609,3,0,3
13610,3,0,3
13611,3,0,3
13612,3,0,3
13613,3,0,3
13614,3,0,3
13615,3,0,3
13616,3,0,3
13617,3,0,3
13618,3,0,3
13619,3,0,3
13620,3,0,3
13621,3,0,3
13622,3,0,3
13623,3,0,3
13624,3,0,3
13625,3,0,3
13626,3,0,3
13627,3,0,3
13628,3,0,3
13629,3,0,3
13630,3,0,3
13631,3,0,3
13632,3,0,3
13633,3,0,3
13634,3,0,3
13635,3,0,3
13636,3,0,3
13637,3,0,3
13638,3,0,3
13639,3,0,3
13640,3,0,3
13641,3,0,3
13642,3,0,3
13643,3,0,3
13644,3,0,3
13645,3,0,3
13646,3,0,3
13647,3,0,3
13648,3,0,3
13649,3,0,3
13650,3,0,3
13651,3,0,3
13652,3,0,3
13653,3,0,3
13654,3,0,3
13655,3,0,3
13656,3,0,3
13657,3,0,3
13658,3,0,3
13659,3,0,3
13660,4,0,4
13661,4,0,4
13662,4,0,4
13663,4,0,4
13664,4,0,4
13665,4,0,4
13666,4,0,4
13667,4,0,4
13668,4,0,4
13669,4,0,4
13670,4,0,4
13671,4,0,4
13672,4,0,4
13673,4,0,4
13674,4,0,4
13675,4,0,4
13676,4,0,4
13677,4,0,4
13678,4,0,4
13679,4,0,4
13680,4,0,4
13681,4,0,4
13682,4,0,4
13683,4,0,4
13684,4,0,4
13685,4,0,4
13686,4,0,4
13687,4,0,4
13688,4,0,4
13689,4,0,4
13690,4,0,4
13691,4,0,4
13692,4,0,4
13693,4,0,4
13694,4,0,4
13695,4,0,4
13696,4,0,4
13697,4,0,4
13698,4,0,4
13699,4,0,4
13700,4,0,4
13701,4,0,4
13702,4,0,4
13703,4,0,4
13704,4,0,4
13705,4,0,4
13706,4,0,4
13707,4,0,4
13708,4,0,4
13709,4,0,4
13710,4,0,4
13711,4,0,4
13712,4,0,4
13713,4,0,4
13714,4,0,4
13715,5,0,5
13716,5,0,5
13717,5,0,5
13718,5,0,5
13719,5,0,5
13720,5,0,5
13721,5,0,5
13722,5,0,5
13723,5,0,5
13724,5,0,5
13725,5,0,5
13726,5,0,5
13727,5,0,5
13728,5,0,5
13729,5,0,5
13730,5,0,5
13731,5,0,5
13732,5,0,5
13733,5,0,5
13734,5,0,5
13735,5,0,5
13736,5,0,5
13737,5,0,5
13738,5,0,5
13739,5,0,5
13740,5,0,5
13741,5,0,5
13742,5,0,5
13743,5,0,5
13744,5,0,5
13745,5,0,5
13746,5,0,5
13747,5,0,5
13748,5,0,5
13749,5,0,5
13750,5,0,5
13751,5,0,5
13752,5,0,5
13753,5,0,5
13754,5,0,5
13755,5,0,5
13756,5,0,5
13757,5,0,5
13758,5,0,5
13759,5,0,5
13760,5,0,5
13761,5,0,5
13762,5,0,5
13763,5,0,5
13764,5,0,5
13765,5,0,5
13766,5,0,5
13767,5,0,5
13768,5,0,5
13769,5,0,5
13770,5,0,5
13771,5,0,5
13772,5,0,5
13773,5,0,5
13774,4,0,4
13775,5,0,5
13776,5,0,5
13777,5,0,5
13778,5,0,5
13779,5,0,5
13780,5,0,5
13781,5,0,5
13782,5,0,5
13783,5,0,5
13784,5,0,5
13785,5,0,5
13786,5,0,5
13787,5,0,5
13788,5,0,5
13789,5,0,5
13790,5,0,5
13791,5,0,5
13792,4,0,4
13793,4,0,4
13794,4,0,4
13795,4,0,4
13796,4,0,4
13797,4,0,4
13798,4,0,4
13799,4,0,4
13800,4,0,4
13801,4,0,4
13802,4,0,4
13803,4,0,4
13804,4,0,4
13805,4,0,4
13806,4,0,4
13807,4,0,4
13808,4,0,4
13809,4,0,4
13810,4,0,4
13811,4,0,4
13812,4,0,4
13813,4,0,4
13814,4,0,4
13815,4,0,4
13816,4,0,4
13817,4,0,4
13818,4,0,4
13819,4,0,4
13820,5,0,5
13821,5,0,5
13822,5,0,5
13823,5,0,5
13824,5,0,5
13825,5,0,5
13826,5,0,5
13827,5,0,5
13828,5,0,5
13829,5,0,5
13830,5,0,5
13831,5,0,5
13832,5,0,5
13833,5,0,5
13834,5,0,5
13835,5,0,5
13836,5,0,5
13837,5,0,5
13838,5,0,5
13839,4,0,4
13840,4,0,4
13841,4,0,4
13842,4,0,4
13843,4,0,4
13844,4,0,4
13845,4,0,4
13846,4,0,4
13847,4,0,4
13848,5,0,5
13849,5,0,5
13850,5,0,5
13851,5,0,5
13852,5,0,5
13853,5,0,5
13854,5,0,5
13855,5,0,5
13856,5,0,5
13857,5,0,5
13858,5,0,5
13859,5,0,5
13860,5,0,5
13861,5,0,5
13862,5,0,5
13863,5,0,5
13864,5,0,5
13865,5,0,5
13866,5,0,5
13867,5,0,5
13868,5,0,5
13869,5,0,5
13870,5,0,5
13871,5,0,5
13872,5,0,5
13873,5,0,5
13874,5,0,5
13875,5,0,5
13876,5,0,5
13877,5,0,5
13878,5,0,5
13879,5,0,5
13880,5,0,5
13881,5,0,5
13882,5,0,5
13883,5,0,5
13884,5,0,5
13885,5,0,5
13886,5,0,5
13887,5,0,5
13888,5,0,5
13889,5,0,5
13890,4,0,4
13891,4,0,4
13892,4,0,4
13893,4,0,4
13894,4,0,4
13895,4,0,4
13896,4,0,4
13897,4,0,4
13898,4,0,4
13899,4,0,4
13900,4,0,4
13901,4,0,4
13902,4,0,4
13903,4,0,4
13904,4,0,4
13905,4,0,4
13906,4,0,4
13907,4,0,4
13908,4,0,4
13909,4,0,4
13910,4,0,4
13911,4,0,4
13912,4,0,4
13913,4,0,4
13914,4,0,4
13915,4,0,4
13916,4,0,4
13917,4,0,4
13918,4,0,4
13919,4,0,4
13920,4,0,4
13921,4,0,4
13922,4,0,4
13923,4,0,4
13924,4,0,4
13925,4,0,4
13926,4,0,4
13927,4,0,4
13928,4,0,4
13929,4,0,4
13930,4,0,4
13931,4,0,4
13932,4,0,4
13933,4,0,4
13934,4,0,4
13935,4,0,4
13936,4,0,4
13937,4,0,4
13938,4,0,4
13939,4,0,4
13940,4,0,4
13941,4,0,4
13942,4,0,4
13943,4,0,4
13944,4,0,4
13945,4,0,4
13946,4,0,4
13947,4,0,4
13948,4,0,4
13949,4,0,4
13950,4,0,4
13951,4,0,4
13952,4,0,4
13953,4,0,4
13954,4,0,4
13955,4,0,4
13956,4,0,4
13957,4,0,4
13958,4,0,4
13959,5,0,5
13960,5,0,5
13961,5,0,5
13962,5,0,5
13963,5,0,5
13964,5,0,5
13965,5,0,5
13966,5,0,5
13967,5,0,5
13968,5,0,5
13969,5,0,5
13970,5,0,5
13971,5,0,5
13972,5,0,5
13973,5,0,5
13974,5,0,5
13975,4,0,4
13976,4,0,4
13977,4,0,4
13978,4,0,4
13979,4,0,4
13980,4,0,4
13981,4,0,4
13982,4,0,4
13983,4,0,4
13984,4,0,4
13985,4,0,4
13986,4,0,4
13987,4,0,4
13988,4,0,4
13989,4,0,4
13990,4,0,4
13991,4,0,4
13992,4,0,4
13993,4,0,4
13994,4,0,4
13995,4,0,4
13996,4,0,4
13997,4,0,4
13998,4,0,4
13999,4,0,4
14000,4,0,4
14001,4,0,4
14002,4,0,4
14003,4,0,4
14004,4,0,4
14005,4,0,4
14006,4,0,4
14007,4,0,4
14008,4,0,4
14009,4,0,4
14010,4,0,4
14011,4,0,4
14012,4,0,4
14013,5,0,5
14014,5,0,5
14015,5,0,5
14016,5,0,5
14017,5,0,5
14018,5,0,5
14019,5,0,5
14020,5,0,5
14021,5,0,5
14022,4,0,4
14023,4,0,4
14024,4,0,4
14025,4,0,4
14026,4,0,4
14027,4,0,4
14028,4,0,4
14029,4,0,4
14030,4,0,4
14031,4,0,4
14032,4,0,4
14033,4,0,4
14034,4,0,4
14035,3,0,3
14036,3,0,3
14037,2,0,2
14038,2,0,2
14039,2,0,2
14040,2,0,2
14041,2,0,2
14042,2,0,2
14043,2,0,2
14044,2,0,2
14045,2,0,2
14046,2,0,2
14047,2,0,2
14048,2,0,2
14049,2,0,2
14050,2,0,2
14051,2,0,2
14052,2,0,2
14053,2,0,2
14054,2,0,2
14055,2,0,2
14056,2,0,2
14057,2,0,2
14058,2,0,2
14059,2,0,2
14060,2,0,2
14061,2,0,2
14062,2,0,2
14063,2,0,2
14064,2,0,2
14065,2,0,2
14066,2,0,2
14067,2,0,2
14068,2,0,2
14069,2,0,2
14070,2,0,2
14071,2,0,2
14072,2,0,2
14073,2,0,2
14074,2,0,2
14075,2,0,2
14076,2,0,2
14077,2,0,2
14078,2,0,2
14079,2,0,2
14080,2,0,2
14081,2,0,2
14082,2,0,2
14083,1,0,1
14084,1,0,1
14085,1,0,1
14086,1,0,1
14087,1,0,1
14088,0,0,0
14089,0,0,0
14090,0,0,0
14091,0,0,0
14092,0,0,0
14093,0,0,0
14094,0,0,0
14095,0,0,0
14096,0,0,0
14097,0,0,0
14098,0,0,0
14099,1,0,1
14100,1,0,1
14101,1,0,1
14102,1,0,1
14103,1,0,1
14104,1,0,1
14105,1,0,1
14106,1,0,1
14107,1,0,1
14108,1,0,1
14109,1,0,1
14110,1,0,1
14111,1,0,1
14112,1,0,1
14113,1,0,1
14114,1,0,1
14115,1,0,1
14116,1,0,1
14117,1,0,1
14118,1,0,1
14119,1,0,1
14120,1,0,1
14121,1,0,1
14122,1,0,1
14123,1,0,1
14124,1,0,1
14125,1,0,1
14126,1,0,1
14127,1,0,1
14128,1,0,1
14129,1,0,1
14130,1,0,1
14131,1,0,1
14132,1,0,1
14133,1,0,1
14134,1,0,1
14135,1,0,1
14136,1,0,1
14137,1,0,1
14138,1,0,1
14139,1,0,1
14140,1,0,1
14141,1,0,1
14142,1,0,1
14143,1,0,1
14144,1,0,1
14145,1,0,1
14146,1,0,1
14147,1,0,1
14148,1,0,1
14149,1,0,1
14150,1,0,1
14151,1,0,1
14152,1,0,1
14153,1,0,1
14154,1,0,1
14155,1,0,1
14156,2,0,2
14157,2,0,2
14158,2,0,2
14159,2,0,2
14160,2,0,2
14161,2,0,2
14162,2,0,2
14163,2,0,2
14164,2,0,2
14165,2,0,2
14166,2,0,2
14167,2,0,2
14168,2,0,2
14169,2,0,2
14170,2,0,2
14171,2,0,2
14172,2,0,2
14173,2,0,2
14174,2,0,2
14175,2,0,2
14176,2,0,2
14177,2,0,2
14178,2,0,2
14179,2,0,2
14180,2,0,2
14181,2,0,2
14182,2,0,2
14183,2,0,2
14184,2,0,2
14185,2,0,2
14186,2,0,2
14187,2,0,2
14188,2,0,2
14189,2,0,2
14190,2,0,2
14191,2,0,2
14192,2,0,2
14193,2,0,2
14194,3,0,3
14195,3,0,3
14196,3,0,3
14197,3,0,3
14198,3,0,3
14199,3,0,3
14200,3,0,3
14201,3,0,3
14202,3,0,3
14203,3,0,3
14204,3,0,3
14205,3,0,3
14206,3,0,3
14207,4,0,4
14208,4,0,4
14209,4,0,4
14210,4,0,4
14211,4,0,4
14212,4,0,4
14213,4,0,4
14214,4,0,4
14215,4,0,4
14216,4,0,4
14217,4,0,4
14218,4,0,4
14219,4,0,4
14220,4,0,4
14221,4,0,4
14222,4,0,4
14223,4,0,4
14224,4,0,4
14225,4,0,4
14226,4,0,4
14227,4,0,4
14228,4,0,4
14229,4,0,4
14230,4,0,4
14231,4,0,4
14232,4,0,4
14233,4,0,4
14234,4,0,4
14235,4,0,4
14236,4,0,4
14237,4,0,4
14238,4,0,4
14239,4,0,4
14240,5,0,5
14241,5,0,5
14242,5,0,5
14243,4,0,4
14244,4,0,4
14245,4,0,4
14246,4,0,4
14247,4,0,4
14248,4,0,4
14249,4,0,4
14250,4,0,4
14251,3,0,3
14252,3,0,3
14253,3,0,3
14254,3,0,3
14255,3,0,3
14256,3,0,3
14257,3,0,3
14258,3,0,3
14259,3,0,3
14260,3,0,3
14261,3,0,3
14262,3,0,3
14263,3,0,3
14264,3,0,3
14265,3,0,3
14266,3,0,3
14267,3,0,3
14268,3,0,3
14269,3,0,3
14270,3,0,3
14271,4,0,4
14272,4,0,4
14273,4,0,4
14274,4,0,4
14275,4,0,4
14276,4,0,4
14277,4,0,4
14278,4,0,4
14279,4,0,4
14280,4,0,4
14281,3,0,3
14282,3,0,3
14283,3,0,3
14284,3,0,3
14285,3,0,3
14286,3,0,3
14287,4,0,4
14288,4,0,4
14289,4,0,4
14290,4,0,4
14291,4,0,4
14292,4,0,4
14293,4,0,4
14294,4,0,4
14295,4,0,4
14296,4,0,4
14297,4,0,4
14298,4,0,4
14299,4,0,4
14300,4,0,4
14301,4,0,4
14302,4,0,4
14303,4,0,4
14304,4,0,4
14305,4,0,4
14306,4,0,4
14307,4,0,4
14308,4,0,4
14309,4,0,4
14310,4,0,4
14311,4,0,4
14312,4,0,4
14313,4,0,4
14314,4,0,4
14315,4,0,4
14316,4,0,4
14317,5,0,5
14318,5,0,5
14319,4,0,4
14320,4,0,4
14321,4,0,4
14322,4,0,4
14323,4,0,4
14324,4,0,4
14325,4,0,4
14326,4,0,4
14327,4,0,4
14328,4,0,4
14329,3,0,3
14330,3,0,3
14331,3,0,3
14332,3,0,3
14333,3,0,3
14334,3,0,3
14335,3,0,3
14336,3,0,3
14337,3,0,3
14338,3,0,3
14339,3,0,3
14340,3,0,3
14341,3,0,3
14342,3,0,3
14343,3,0,3
14344,3,0,3
14345,3,0,3
14346,3,0,3
14347,3,0,3
14348,3,0,3
14349,3,0,3
14350,3,0,3
14351,2,0,2
14352,3,0,3
14353,3,0,3
14354,3,0,3
14355,3,0,3
14356,3,0,3
14357,3,0,3
14358,3,0,3
14359,3,0,3
14360,3,0,3
14361,3,0,3
14362,3,0,3
14363,3,0,3
14364,3,0,3
14365,3,0,3
14366,3,0,3
14367,3,0,3
14368,3,0,3
14369,3,0,3
14370,3,0,3
14371,3,0,3
14372,3,0,3
14373,3,0,3
14374,3,0,3
14375,3,0,3
14376,2,0,2
14377,2,0,2
14378,2,0,2
14379,2,0,2
14380,2,0,2
14381,2,0,2
14382,2,0,2
14383,1,0,1
14384,1,0,1
14385,1,0,1
14386,1,0,1
14387,1,0,1
14388,1,0,1
14389,2,0,2
14390,2,0,2
14391,2,0,2
14392,2,0,2
14393,2,0,2
14394,2,0,2
14395,2,0,2
14396,2,0,2
14397,2,0,2
14398,2,0,2
14399,2,0,2
14400,2,0,2
14401,2,0,2
14402,2,0,2
14403,2,0,2
14404,2,0,2
14405,2,0,2
14406,2,0,2
14407,2,0,2
14408,2,0,2
14409,2,0,2
14410,2,0,2
14411,2,0,2
14412,2,0,2
14413,2,0,2
14414,2,0,2
14415,2,0,2
14416,2,0,2
14417,2,0,2
14418,2,0,2
14419,2,0,2
14420,2,0,2
14421,2,0,2
14422,2,0,2
14423,2,0,2
14424,1,0,1
14425,1,0,1
14426,1,0,1
14427,1,0,1
14428,1,0,1
14429,1,0,1
14430,1,0,1
14431,1,0,1
14432,1,0,1
14433,1,0,1
14434,1,0,1
14435,1,0,1
14436,1,0,1
14437,1,0,1
14438,1,0,1
14439,1,0,1
14440,1,0,1
14441,1,0,1
14442,1,0,1
14443,1,0,1
14444,1,0,1
14445,1,0,1
14446,1,0,1
14447,1,0,1
14448,1,0,1
14449,1,0,1
14450,1,0,1
14451,1,0,1
14452,1,0,1
14453,1,0,1
14454,1,0,1
14455,1,0,1
14456,1,0,1
14457,1,0,1
14458,1,0,1
14459,1,0,1
14460,1,0,1
14461,1,0,1
14462,1,0,1
14463,1,0,1
14464,1,0,1
14465,1,0,1
14466,1,0,1
14467,1,0,1
14468,1,0,1
14469,1,0,1
14470,1,0,1
14471,1,0,1
14472,1,0,1
14473,1,0,1
14474,1,0,1
14475,1,0,1
14476,1,0,1
14477,1,0,1
14478,1,0,1
14479,1,0,1
14480,1,0,1
14481,1,0,1
14482,1,0,1
14483,1,0,1
14484,1,0,1
14485,1,0,1
14486,1,0,1
14487,1,0,1
14488,1,0,1
14489,1,0,1
14490,1,0,1
14491,1,0,1
14492,1,0,1
14493,1,0,1
14494,1,0,1
14495,1,0,1
14496,1,0,1
14497,1,0,1
14498,1,0,1
14499,1,0,1
14500,1,0,1
14501,1,0,1
14502,1,0,1
14503,1,0,1
14504,1,0,1
14505,1,0,1
14506,1,0,1
14507,1,0,1
14508,1,0,1
14509,1,0,1
14510,1,0,1
14511,1,0,1
14512,1,0,1
14513,1,0,1
14514,1,0,1
14515,1,0,1
14516,1,0,1
14517,1,0,1
14518,1,0,1
14519,1,0,1
14520,1,0,1
14521,1,0,1
14522,1,0,1
14523,1,0,1
14524,1,0,1
14525,1,0,1
14526,1,0,1
14527,1,0,1
14528,1,0,1
14529,1,0,1
14530,1,0,1
14531,1,0,1
14532,1,0,1
14533,1,0,1
14534,1,0,1
14535,1,0,1
14536,1,0,1
14537,1,0,1
14538,1,0,1
14539,1,0,1
14540,1,0,1
14541,1,0,1
14542,1,0,1
14543,1,0,1
14544,1,0,1
14545,1,0,1
14546,1,0,1
14547,1,0,1
14548,1,0,1
14549,1,0,1
14550,1,0,1
14551,1,0,1
14552,1,0,1
14553,1,0,1
14554,1,0,1
14555,1,0,1
14556,1,0,1
14557,1,0,1
14558,1,0,1
14559,1,0,1
14560,1,0,1
14561,1,0,1
14562,1,0,1
14563,1,0,1
14564,1,0,1
14565,1,0,1
14566,1,0,1
14567,1,0,1
14568,1,0,1
14569,1,0,1
14570,1,0,1
14571,1,0,1
14572,1,0,1
14573,1,0,1
14574,1,0,1
14575,1,0,1
14576,1,0,1
14577,1,0,1
14578,1,0,1
14579,1,0,1
14580,1,0,1
14581,1,0,1
14582,1,0,1
14583,1,0,1
14584,1,0,1
14585,1,0,1
14586,1,0,1
14587,1,0,1
14588,1,0,1
14589,1,0,1
14590,1,0,1
14591,1,0,1
14592,1,0,1
14593,1,0,1
14594,1,0,1
14595,1,0,1
14596,1,0,1
14597,1,0,1
14598,1,0,1
14599,1,0,1
14600,1,0,1
14601,1,0,1
14602,1,0,1
14603,1,0,1
14604,1,0,1
14605,1,0,1
14606,1,0,1
14607,1,0,1
14608,1,0,1
14609,1,0,1
14610,1,0,1
14611,1,0,1
14612,1,0,1
14613,1,0,1
14614,1,0,1
14615,1,0,1
14616,1,0,1
14617,1,0,1
14618,1,0,1
14619,1,0,1
14620,1,0,1
14621,1,0,1
14622,1,0,1
14623,1,0,1
14624,1,0,1
14625,1,0,1
14626,1,0,1
14627,1,0,1
14628,1,0,1
14629,1,0,1
14630,2,0,2
14631,2,0,2
14632,2,0,2
14633,2,0,2
14634,2,0,2
14635,2,0,2
14636,2,0,2
14637,2,0,2
14638,2,0,2
14639,2,0,2
14640,2,0,2
14641,2,0,2
14642,2,0,2
14643,2,0,2
14644,2,0,2
14645,2,0,2
14646,2,0,2
14647,2,0,2
14648,2,0,2
14649,2,0,2
14650,2,0,2
14651,2,0,2
14652,2,0,2
14653,2,0,2
14654,2,0,2
14655,2,0,2
14656,2,0,2
14657,2,0,2
14658,2,0,2
14659,2,0,2
14660,2,0,2
14661,2,0,2
14662,2,0,2
14663,2,0,2
14664,2,0,2
14665,2,0,2
14666,2,0,2
14667,2,0,2
14668,2,0,2
14669,2,0,2
14670,2,0,2
14671,2,0,2
14672,1,0,1
14673,1,0,1
14674,1,0,1
14675,1,0,1
14676,1,0,1
14677,1,0,1
14678,1,0,1
14679,1,0,1
14680,1,0,1
14681,1,0,1
14682,1,0,1
14683,1,0,1
14684,1,0,1
14685,1,0,1
14686,1,0,1
14687,1,0,1
14688,1,0,1
14689,1,0,1
14690,1,0,1
14691,1,0,1
14692,1,0,1
14693,1,0,1
14694,1,0,1
14695,1,0,1
14696,1,0,1
14697,1,0,1
14698,1,0,1
14699,1,0,1
14700,1,0,1
14701,1,0,1
14702,1,0,1
14703,1,0,1
14704,1,0,1
14705,1,0,1
14706,1,0,1
14707,1,0,1
14708,1,0,1
14709,1,0,1
14710,1,0,1
14711,1,0,1
14712,1,0,1
14713,1,0,1
14714,1,0,1
14715,1,0,1
14716,1,0,1
14717,2,0,2
14718,2,0,2
14719,2,0,2
14720,2,0,2
14721,2,0,2
14722,2,0,2
14723,3,0,3
14724,3,0,3
14725,3,0,3
14726,3,0,3
14727,3,0,3
14728,3,0,3
14729,3,0,3
14730,3,0,3
14731,3,0,3
14732,3,0,3
14733,3,0,3
14734,3,0,3
14735,3,0,3
14736,3,0,3
14737,3,0,3
14738,3,0,3
14739,3,0,3
14740,3,0,3
14741,3,0,3
14742,3,0,3
14743,3,0,3
14744,3,0,3
14745,3,0,3
14746,3,0,3
14747,3,0,3
14748,3,0,3
14749,3,0,3
14750,3,0,3
14751,3,0,3
14752,3,0,3
14753,3,0,3
14754,5,0,5
14755,5,0,5
14756,5,0,5
14757,5,0,5
14758,5,0,5
14759,5,0,5
14760,5,0,5
14761,5,0,5
14762,5,0,5
14763,5,0,5
14764,5,0,5
14765,5,0,5
14766,5,0,5
14767,5,0,5
14768,5,0,5
14769,5,0,5
14770,5,0,5
14771,5,0,5
14772,5,0,5
14773,5,0,5
14774,6,0,6
14775,6,0,6
14776,6,0,6
14777,6,0,6
14778,6,0,6
14779,6,0,6
14780,6,0,6
14781,6,0,6
14782,6,0,6
14783,6,0,6
14784,6,0,6
14785,7,0,7
14786,8,0,8
14787,8,0,8
14788,8,0,8
14789,8,0,8
14790,8,0,8
14791,8,0,8
14792,8,0,8
14793,7,0,7
14794,7,0,7
14795,7,0,7
14796,7,0,7
14797,7,0,7
14798,6,0,6
14799,6,0,6
14800,6,0,6
14801,6,0,6
14802,5,0,5
14803,5,0,5
14804,5,0,5
14805,5,0,5
14806,5,0,5
14807,5,0,5
14808,5,0,5
14809,5,0,5
14810,5,0,5
14811,5,0,5
14812,5,0,5
14813,5,0,5
14814,5,0,5
14815,5,0,5
14816,5,0,5
14817,5,0,5
14818,5,0,5
14819,5,0,5
14820,5,0,5
14821,5,0,5
14822,5,0,5
14823,5,0,5
14824,5,0,5
14825,5,0,5
14826,5,0,5
14827,5,0,5
14828,5,0,5
14829,5,0,5
14830,5,0,5
14831,5,0,5
14832,5,0,5
14833,5,0,5
14834,5,0,5
14835,5,0,5
14836,5,0,5
14837,5,0,5
14838,5,0,5
14839,5,0,5
14840,4,0,4
14841,4,0,4
14842,4,0,4
14843,4,0,4
14844,4,0,4
14845,4,0,4
14846,4,0,4
14847,4,0,4
14848,4,0,4
14849,4,0,4
14850,4,0,4
14851,4,0,4
14852,4,0,4
14853,4,0,4
14854,4,0,4
14855,4,0,4
14856,4,0,4
14857,4,0,4
14858,3,0,3
14859,3,0,3
14860,3,0,3
14861,3,0,3
14862,3,0,3
14863,4,0,4
14864,4,0,4
14865,4,0,4
14866,4,0,4
14867,4,0,4
14868,4,0,4
14869,4,0,4
14870,4,0,4
14871,4,0,4
14872,4,0,4
14873,4,0,4
14874,4,0,4
14875,4,0,4
14876,4,0,4
14877,4,0,4
14878,4,0,4
14879,5,0,5
14880,5,0,5
14881,5,0,5
14882,5,0,5
14883,5,0,5
14884,5,0,5
14885,5,0,5
14886,5,0,5
14887,5,0,5
14888,5,0,5
14889,5,0,5
14890,5,0,5
14891,5,0,5
14892,5,0,5
14893,5,0,5
14894,5,0,5
14895,5,0,5
14896,5,0,5
14897,5,0,5
14898,5,0,5
14899,5,0,5
14900,5,0,5
14901,5,0,5
14902,5,0,5
14903,5,0,5
14904,5,0,5
14905,5,0,5
14906,5,0,5
14907,5,0,5
14908,5,0,5
14909,5,0,5
14910,5,0,5
14911,4,0,4
14912,4,0,4
14913,4,0,4
14914,4,0,4
14915,4,0,4
14916,4,0,4
14917,4,0,4
14918,4,0,4
14919,4,0,4
14920,4,0,4
14921,4,0,4
14922,4,0,4
14923,5,0,5
14924,5,0,5
14925,5,0,5
14926,5,0,5
14927,5,0,5
14928,5,0,5
14929,5,0,5
14930,5,0,5
14931,5,0,5
14932,5,0,5
14933,5,0,5
14934,5,0,5
14935,5,0,5
14936,5,0,5
14937,5,0,5
14938,5,0,5
14939,5,0,5
14940,5,0,5
14941,5,0,5
14942,5,0,5
14943,5,0,5
14944,5,0,5
14945,5,0,5
14946,5,0,5
14947,5,0,5
14948,5,0,5
14949,5,0,5
14950,5,0,5
14951,5,0,5
14952,5,0,5
14953,4,0,4
14954,3,0,3
14955,3,0,3
14956,3,0,3
14957,3,0,3
14958,3,0,3
14959,3,0,3
14960,3,0,3
14961,3,0,3
14962,3,0,3
14963,3,0,3
14964,3,0,3
14965,3,0,3
14966,3,0,3
14967,3,0,3
14968,3,0,3
14969,3,0,3
14970,3,0,3
14971,3,0,3
14972,3,0,3
14973,3,0,3
14974,3,0,3
14975,3,0,3
14976,3,0,3
14977,3,0,3
14978,3,0,3
14979,4,0,4
14980,4,0,4
14981,4,0,4
14982,4,0,4
14983,4,0,4
14984,4,0,4
14985,4,0,4
14986,4,0,4
14987,4,0,4
14988,4,0,4
14989,4,0,4
14990,4,0,4
14991,5,0,5
14992,5,0,5
14993,5,0,5
14994,5,0,5
14995,6,0,6
14996,6,0,6
14997,6,0,6
14998,7,0,7
14999,7,0,7
15000,7,0,7
15001,7,0,7
15002,7,0,7
15003,7,0,7
15004,7,0,7
15005,7,0,7
15006,7,0,7
15007,7,0,7
15008,7,0,7
15009,7,0,7
15010,7,0,7
15011,7,0,7
15012,7,0,7
15013,7,0,7
15014,7,0,7
15015,7,0,7
15016,7,0,7
15017,7,0,7
15018,7,0,7
15019,7,0,7
15020,7,0,7
15021,7,0,7
15022,7,0,7
15023,7,0,7
15024,7,0,7
15025,7,0,7
15026,7,0,7
15027,7,0,7
15028,7,0,7
15029,7,0,7
15030,7,0,7
15031,7,0,7
15032,7,0,7
15033,7,0,7
15034,6,0,6
15035,6,0,6
15036,6,0,6
15037,6,0,6
15038,6,0,6
15039,6,0,6
15040,6,0,6
15041,6,0,6
15042,6,0,6
15043,6,0,6
15044,6,0,6
15045,6,0,6
15046,6,0,6
15047,6,0,6
15048,6,0,6
15049,6,0,6
15050,6,0,6
15051,6,0,6
15052,6,0,6
15053,5,0,5
15054,5,0,5
15055,5,0,5
15056,5,0,5
15057,5,0,5
15058,5,0,5
15059,5,0,5
15060,5,0,5
15061,5,0,5
15062,5,0,5
15063,5,0,5
15064,5,0,5
15065,5,0,5
15066,5,0,5
15067,5,0,5
15068,5,0,5
15069,5,0,5
15070,5,0,5
15071,5,0,5
15072,5,0,5
15073,5,0,5
15074,5,0,5
15075,4,0,4
15076,4,0,4
15077,4,0,4
15078,4,0,4
15079,4,0,4
15080,4,0,4
15081,4,0,4
15082,4,0,4
15083,4,0,4
15084,4,0,4
15085,4,0,4
15086,4,0,4
15087,4,0,4
15088,4,0,4
15089,4,0,4
15090,4,0,4
15091,4,0,4
15092,4,0,4
15093,4,0,4
15094,4,0,4
15095,4,0,4
15096,4,0,4
15097,4,0,4
15098,4,0,4
15099,4,0,4
15100,4,0,4
15101,4,0,4
15102,4,0,4
15103,4,0,4
15104,4,0,4
15105,4,0,4
15106,4,0,4
15107,4,0,4
15108,4,0,4
15109,4,0,4
15110,4,0,4
15111,4,0,4
15112,4,0,4
15113,4,0,4
15114,4,0,4
15115,4,0,4
15116,4,0,4
15117,4,0,4
15118,4,0,4
15119,4,0,4
15120,4,0,4
15121,4,0,4
15122,4,0,4
15123,4,0,4
15124,4,0,4
15125,4,0,4
15126,4,0,4
15127,4,0,4
15128,4,0,4
15129,4,0,4
15130,4,0,4
15131,4,0,4
15132,4,0,4
15133,4,0,4
15134,4,0,4
15135,4,0,4
15136,4,0,4
15137,4,0,4
15138,4,0,4
15139,4,0,4
15140,4,0,4
15141,4,0,4
15142,4,0,4
15143,4,0,4
15144,4,0,4
15145,4,0,4
15146,4,0,4
15147,4,0,4
15148,4,0,4
15149,4,0,4
15150,4,0,4
15151,4,0,4
15152,4,0,4
15153,4,0,4
15154,4,0,4
15155,4,0,4
15156,4,0,4
15157,4,0,4
15158,4,0,4
15159,4,0,4
15160,4,0,4
15161,4,0,4
15162,4,0,4
15163,4,0,4
15164,4,0,4
15165,4,0,4
15166,4,0,4
15167,4,0,4
15168,4,0,4
15169,4,0,4
15170,4,0,4
15171,4,0,4
15172,4,0,4
15173,4,0,4
15174,4,0,4
15175,4,0,4
15176,4,0,4
15177,4,0,4
15178,4,0,4
15179,4,0,4
15180,4,0,4
15181,4,0,4
15182,4,0,4
15183,4,0,4
15184,4,0,4
15185,4,0,4
15186,4,0,4
15187,4,0,4
15188,4,0,4
15189,4,0,4
15190,4,0,4
15191,4,0,4
15192,4,0,4
15193,4,0,4
15194,4,0,4
15195,4,0,4
15196,4,0,4
15197,4,0,4
15198,4,0,4
15199,4,0,4
15200,4,0,4
15201,4,0,4
15202,4,0,4
15203,4,0,4
15204,4,0,4
15205,4,0,4
15206,4,0,4
15207,4,0,4
15208,4,0,4
15209,4,0,4
15210,4,0,4
15211,4,0,4
15212,4,0,4
15213,4,0,4
15214,4,0,4
15215,4,0,4
15216,4,0,4
15217,4,0,4
15218,4,0,4
15219,4,0,4
15220,4,0,4
15221,4,0,4
15222,4,0,4
15223,4,0,4
15224,4,0,4
15225,4,0,4
15226,4,0,4
15227,4,0,4
15228,4,0,4
15229,4,0,4
15230,4,0,4
15231,4,0,4
15232,4,0,4
15233,4,0,4
15234,4,0,4
15235,4,0,4
15236,4,0,4
15237,4,0,4
15238,4,0,4
15239,4,0,4
15240,4,0,4
15241,4,0,4
15242,4,0,4
15243,4,0,4
15244,4,0,4
15245,4,0,4
15246,4,0,4
15247,4,0,4
15248,4,0,4
15249,4,0,4
15250,4,0,4
15251,4,0,4
15252,4,0,4
15253,4,0,4
15254,4,0,4
15255,4,0,4
15256,4,0,4
15257,4,0,4
15258,4,0,4
15259,4,0,4
15260,4,0,4
15261,4,0,4
15262,4,0,4
15263,4,0,4
15264,4,0,4
15265,4,0,4
15266,4,0,4
15267,4,0,4
15268,4,0,4
15269,4,0,4
15270,3,0,3
15271,3,0,3
15272,3,0,3
15273,3,0,3
15274,3,0,3
15275,3,0,3
15276,3,0,3
15277,3,0,3
15278,3,0,3
15279,3,0,3
15280,3,0,3
15281,3,0,3
15282,3,0,3
15283,3,0,3
15284,3,0,3
15285,3,0,3
15286,3,0,3
15287,3,0,3
15288,4,0,4
15289,4,0,4
15290,4,0,4
15291,4,0,4
15292,4,0,4
15293,4,0,4
15294,4,0,4
15295,4,0,4
15296,4,0,4
15297,4,0,4
15298,4,0,4
15299,4,0,4
15300,4,0,4
15301,4,0,4
15302,4,0,4
15303,4,0,4
15304,4,0,4
15305,4,0,4
15306,4,0,4
15307,4,0,4
15308,4,0,4
15309,4,0,4
15310,4,0,4
15311,4,0,4
15312,4,0,4
15313,4,0,4
15314,4,0,4
15315,4,0,4
15316,4,0,4
15317,4,0,4
15318,4,0,4
15319,4,0,4
15320,4,0,4
15321,4,0,4
15322,4,0,4
15323,3,0,3
15324,3,0,3
15325,3,0,3
15326,3,0,3
15327,3,0,3
15328,3,0,3
15329,3,0,3
15330,3,0,3
15331,3,0,3
15332,3,0,3
15333,3,0,3
15334,3,0,3
15335,3,0,3
15336,3,0,3
15337,3,0,3
15338,3,0,3
15339,3,0,3
15340,3,0,3
15341,3,0,3
15342,3,0,3
15343,3,0,3
15344,3,0,3
15345,3,0,3
15346,3,0,3
15347,3,0,3
15348,3,0,3
15349,3,0,3
15350,3,0,3
15351,3,0,3
15352,3,0,3
15353,3,0,3
15354,3,0,3
15355,3,0,3
15356,3,0,3
15357,3,0,3
15358,3,0,3
15359,3,0,3
15360,3,0,3
15361,3,0,3
15362,3,0,3
15363,3,0,3
15364,3,0,3
15365,3,0,3
15366,3,0,3
15367,3,0,3
15368,2,0,2
15369,2,0,2
15370,2,0,2
15371,2,0,2
15372,2,0,2
15373,2,0,2
15374,2,0,2
15375,2,0,2
15376,2,0,2
15377,2,0,2
15378,2,0,2
15379,2,0,2
15380,2,0,2
15381,2,0,2
15382,2,0,2
15383,2,0,2
15384,2,0,2
15385,2,0,2
15386,2,0,2
15387,2,0,2
15388,2,0,2
15389,3,0,3
15390,3,0,3
15391,3,0,3
15392,3,0,3
15393,3,0,3
15394,3,0,3
15395,3,0,3
15396,3,0,3
15397,3,0,3
15398,3,0,3
15399,3,0,3
15400,3,0,3
15401,3,0,3
15402,3,0,3
15403,3,0,3
15404,3,0,3
15405,3,0,3
15406,3,0,3
15407,3,0,3
15408,3,0,3
15409,3,0,3
15410,3,0,3
15411,3,0,3
15412,3,0,3
15413,3,0,3
15414,3,0,3
15415,3,0,3
15416,3,0,3
15417,3,0,3
15418,3,0,3
15419,3,0,3
15420,3,0,3
15421,3,0,3
15422,3,0,3
15423,3,0,3
15424,3,0,3
15425,3,0,3
15426,3,0,3
15427,3,0,3
15428,3,0,3
15429,3,0,3
15430,3,0,3
15431,3,0,3
15432,3,0,3
15433,3,0,3
15434,3,0,3
15435,3,0,3
15436,3,0,3
15437,3,0,3
15438,3,0,3
15439,3,0,3
15440,3,0,3
15441,3,0,3
15442,3,0,3
15443,3,0,3
15444,3,0,3
15445,3,0,3
15446,3,0,3
15447,3,0,3
15448,3,0,3
15449,3,0,3
15450,3,0,3
15451,3,0,3
15452,3,0,3
15453,3,0,3
15454,3,0,3
15455,3,0,3
15456,3,0,3
15457,3,0,3
15458,3,0,3
15459,3,0,3
15460,3,0,3
15461,3,0,3
15462,3,0,3
15463,4,0,4
15464,4,0,4
15465,4,0,4
15466,4,0,4
15467,4,0,4
15468,4,0,4
15469,4,0,4
15470,4,0,4
15471,4,0,4
15472,4,0,4
15473,4,0,4
15474,4,0,4
15475,4,0,4
15476,4,0,4
15477,4,0,4
15478,4,0,4
15479,4,0,4
15480,4,0,4
15481,4,0,4
15482,4,0,4
15483,4,0,4
15484,4,0,4
15485,4,0,4
15486,4,0,4
15487,4,0,4
15488,4,0,4
15489,4,0,4
15490,4,0,4
15491,4,0,4
15492,4,0,4
15493,4,0,4
15494,4,0,4
15495,4,0,4
15496,4,0,4
15497,3,0,3
15498,3,0,3
15499,3,0,3
15500,3,0,3
15501,3,0,3
15502,3,0,3
15503,3,0,3
15504,3,0,3
15505,3,0,3
15506,3,0,3
15507,3,0,3
15508,3,0,3
15509,3,0,3
15510,3,0,3
15511,3,0,3
15512,3,0,3
15513,3,0,3
15514,3,0,3
15515,3,0,3
15516,4,0,4
15517,4,0,4
15518,4,0,4
15519,4,0,4
15520,4,0,4
15521,4,0,4
15522,4,0,4
15523,4,0,4
15524,4,0,4
15525,4,0,4
15526,4,0,4
15527,4,0,4
15528,4,0,4
15529,4,0,4
15530,4,0,4
15531,4,0,4
15532,4,0,4
15533,3,0,3
15534,3,0,3
15535,3,0,3
15536,3,0,3
15537,3,0,3
15538,3,0,3
15539,3,0,3
15540,3,0,3
15541,3,0,3
15542,3,0,3
15543,3,0,3
15544,3,0,3
15545,3,0,3
15546,3,0,3
15547,3,0,3
15548,3,0,3
15549,3,0,3
15550,3,0,3
15551,3,0,3
15552,3,0,3
15553,3,0,3
15554,3,0,3
15555,3,0,3
15556,4,0,4
15557,4,0,4
15558,4,0,4
15559,4,0,4
15560,4,0,4
15561,4,0,4
15562,4,0,4
15563,4,0,4
15564,4,0,4
15565,4,0,4
15566,4,0,4
15567,4,0,4
15568,4,0,4
15569,4,0,4
15570,4,0,4
15571,4,0,4
15572,4,0,4
15573,4,0,4
15574,4,0,4
15575,4,0,4
15576,4,0,4
15577,4,0,4
15578,4,0,4
15579,4,0,4
15580,4,0,4
15581,4,0,4
15582,4,0,4
15583,4,0,4
15584,4,0,4
15585,4,0,4
15586,4,0,4
15587,4,0,4
15588,4,0,4
15589,4,0,4
15590,4,0,4
15591,4,0,4
15592,4,0,4
15593,4,0,4
15594,4,0,4
15595,4,0,4
15596,4,0,4
15597,4,0,4
15598,4,0,4
15599,4,0,4
15600,4,0,4
15601,4,0,4
15602,4,0,4
15603,4,0,4
15604,4,0,4
15605,4,0,4
15606,4,0,4
15607,4,0,4
15608,4,0,4
15609,4,0,4
15610,4,0,4
15611,5,0,5
15612,5,0,5
15613,5,0,5
15614,5,0,5
15615,5,0,5
15616,5,0,5
15617,5,0,5
15618,5,0,5
15619,5,0,5
15620,5,0,5
15621,5,0,5
15622,5,0,5
15623,5,0,5
15624,5,0,5
15625,5,0,5
15626,5,0,5
15627,5,0,5
15628,5,0,5
15629,5,0,5
15630,5,0,5
15631,5,0,5
15632,5,0,5
15633,5,0,5
15634,5,0,5
15635,5,0,5
15636,5,0,5
15637,5,0,5
15638,5,0,5
15639,5,0,5
15640,5,0,5
15641,5,0,5
15642,5,0,5
15643,5,0,5
15644,5,0,5
15645,5,0,5
15646,5,0,5
15647,5,0,5
15648,5,0,5
15649,5,0,5
15650,5,0,5
15651,5,0,5
15652,5,0,5
15653,5,0,5
15654,5,0,5
15655,5,0,5
15656,5,0,5
15657,5,0,5
15658,5,0,5
15659,5,0,5
15660,5,0,5
15661,5,0,5
15662,5,0,5
15663,5,0,5
15664,6,0,6
15665,6,0,6
15666,6,0,6
15667,6,0,6
15668,6,0,6
15669,6,0,6
15670,6,0,6
15671,6,0,6
15672,6,0,6
15673,6,0,6
15674,6,0,6
15675,6,0,6
15676,6,0,6
15677,6,0,6
15678,6,0,6
15679,6,0,6
15680,6,0,6
15681,6,0,6
15682,6,0,6
15683,6,0,6
15684,6,0,6
15685,6,0,6
15686,6,0,6
15687,6,0,6
15688,6,0,6
15689,6,0,6
15690,6,0,6
15691,6,0,6
15692,6,0,6
15693,6,0,6
15694,6,0,6
15695,6,0,6
15696,6,0,6
15697,6,0,6
15698,6,0,6
15699,6,0,6
15700,6,0,6
15701,6,0,6
15702,5,0,5
15703,5,0,5
15704,5,0,5
15705,5,0,5
15706,5,0,5
15707,5,0,5
15708,5,0,5
15709,5,0,5
15710,5,0,5
15711,5,0,5
15712,5,0,5
15713,5,0,5
15714,5,0,5
15715,5,0,5
15716,5,0,5
15717,5,0,5
15718,5,0,5
15719,5,0,5
15720,5,0,5
15721,5,0,5
15722,5,0,5
15723,5,0,5
15724,5,0,5
15725,5,0,5
15726,5,0,5
15727,5,0,5
15728,5,0,5
15729,5,0,5
15730,5,0,5
15731,5,0,5
15732,5,0,5
15733,5,0,5
15734,5,0,5
15735,5,0,5
15736,5,0,5
15737,5,0,5
15738,5,0,5
15739,5,0,5
15740,5,0,5
15741,5,0,5
15742,5,0,5
15743,5,0,5
15744,5,0,5
15745,5,0,5
15746,5,0,5
15747,5,0,5
15748,5,0,5
15749,5,0,5
15750,5,0,5
15751,5,0,5
15752,5,0,5
15753,5,0,5
15754,6,0,6
15755,6,0,6
15756,6,0,6
15757,6,0,6
15758,6,0,6
15759,6,0,6
15760,6,0,6
15761,6,0,6
15762,6,0,6
15763,6,0,6
15764,6,0,6
15765,6,0,6
15766,6,0,6
15767,6,0,6
15768,6,0,6
15769,6,0,6
15770,6,0,6
15771,6,0,6
15772,6,0,6
15773,6,0,6
15774,6,0,6
15775,6,0,6
15776,6,0,6
15777,6,0,6
15778,6,0,6
15779,6,0,6
15780,6,0,6
15781,6,0,6
15782,6,0,6
15783,6,0,6
15784,6,0,6
15785,6,0,6
15786,6,0,6
15787,6,0,6
15788,6,0,6
15789,6,0,6
15790,6,0,6
15791,6,0,6
15792,6,0,6
15793,6,0,6
15794,6,0,6
15795,6,0,6
15796,6,0,6
15797,6,0,6
15798,6,0,6
15799,6,0,6
15800,6,0,6
15801,6,0,6
15802,6,0,6
15803,5,0,5
15804,5,0,5
15805,5,0,5
15806,5,0,5
15807,5,0,5
15808,5,0,5
15809,5,0,5
15810,5,0,5
15811,5,0,5
15812,5,0,5
15813,5,0,5
15814,5,0,5
15815,5,0,5
15816,5,0,5
15817,5,0,5
15818,5,0,5
15819,5,0,5
15820,5,0,5
15821,5,0,5
15822,4,0,4
15823,4,0,4
15824,4,0,4
15825,4,0,4
15826,4,0,4
15827,4,0,4
15828,4,0,4
15829,4,0,4
15830,4,0,4
15831,4,0,4
15832,4,0,4
15833,4,0,4
15834,4,0,4
15835,4,0,4
15836,4,0,4
15837,4,0,4
15838,4,0,4
15839,4,0,4
15840,4,0,4
15841,4,0,4
15842,4,0,4
15843,4,0,4
15844,4,0,4
15845,4,0,4
15846,4,0,4
15847,4,0,4
15848,4,0,4
15849,4,0,4
15850,4,0,4
15851,4,0,4
15852,4,0,4
15853,4,0,4
15854,4,0,4
15855,4,0,4
15856,4,0,4
15857,4,0,4
15858,4,0,4
15859,4,0,4
15860,4,0,4
15861,4,0,4
15862,4,0,4
15863,4,0,4
15864,4,0,4
15865,4,0,4
15866,4,0,4
15867,4,0,4
15868,4,0,4
15869,4,0,4
15870,4,0,4
15871,4,0,4
15872,4,0,4
15873,4,0,4
15874,4,0,4
15875,4,0,4
15876,4,0,4
15877,4,0,4
15878,4,0,4
15879,4,0,4
15880,4,0,4
15881,4,0,4
15882,4,0,4
15883,4,0,4
15884,4,0,4
15885,4,0,4
15886,4,0,4
15887,4,0,4
15888,4,0,4
15889,4,0,4
15890,4,0,4
15891,4,0,4
15892,4,0,4
15893,4,0,4
15894,4,0,4
15895,4,0,4
15896,4,0,4
15897,4,0,4
15898,4,0,4
15899,4,0,4
15900,4,0,4
15901,4,0,4
15902,4,0,4
15903,4,0,4
15904,4,0,4
15905,4,0,4
15906,4,0,4
15907,4,0,4
15908,4,0,4
15909,4,0,4
15910,4,0,4
15911,4,0,4
15912,4,0,4
15913,4,0,4
15914,5,0,5
15915,5,0,5
15916,5,0,5
15917,5,0,5
15918,5,0,5
15919,5,0,5
15920,5,0,5
15921,5,0,5
15922,5,0,5
15923,5,0,5
15924,5,0,5
15925,5,0,5
15926,5,0,5
15927,5,0,5
15928,5,0,5
15929,5,0,5
15930,5,0,5
15931,5,0,5
15932,5,0,5
15933,5,0,5
15934,5,0,5
15935,5,0,5
15936,5,0,5
15937,5,0,5
15938,5,0,5
15939,5,0,5
15940,5,0,5
15941,5,0,5
15942,5,0,5
15943,5,0,5
15944,5,0,5
15945,5,0,5
15946,5,0,5
15947,5,0,5
15948,5,0,5
15949,5,0,5
15950,5,0,5
15951,5,0,5
15952,5,0,5
15953,5,0,5
15954,5,0,5
15955,5,0,5
15956,5,0,5
15957,5,0,5
15958,5,0,5
15959,5,0,5
15960,5,0,5
15961,5,0,5
15962,5,0,5
15963,5,0,5
15964,5,0,5
15965,5,0,5
15966,5,0,5
15967,5,0,5
15968,5,0,5
15969,5,0,5
15970,5,0,5
15971,5,0,5
15972,5,0,5
15973,5,0,5
15974,5,0,5
15975,5,0,5
15976,5,0,5
15977,5,0,5
15978,5,0,5
15979,5,0,5
15980,5,0,5
15981,5,0,5
15982,5,0,5
15983,5,0,5
15984,5,0,5
15985,5,0,5
15986,5,0,5
15987,5,0,5
15988,5,0,5
15989,5,0,5
15990,5,0,5
15991,5,0,5
15992,5,0,5
15993,5,0,5
15994,5,0,5
15995,5,0,5
15996,5,0,5
15997,5,0,5
15998,5,0,5
15999,5,0,5
16000,5,0,5
16001,5,0,5
16002,5,0,5
16003,5,0,5
16004,5,0,5
16005,5,0,5
16006,5,0,5
16007,5,0,5
16008,6,0,6
16009,6,0,6
16010,6,0,6
16011,5,0,5
16012,5,0,5
16013,5,0,5
16014,5,0,5
16015,5,0,5
16016,5,0,5
16017,5,0,5
16018,5,0,5
16019,5,0,5
16020,5,0,5
16021,5,0,5
16022,5,0,5
16023,5,0,5
16024,5,0,5
16025,5,0,5
16026,5,0,5
16027,5,0,5
16028,5,0,5
16029,5,0,5
16030,4,0,4
16031,4,0,4
16032,4,0,4
16033,4,0,4
16034,4,0,4
16035,4,0,4
16036,4,0,4
16037,4,0,4
16038,4,0,4
16039,4,0,4
16040,4,0,4
16041,4,0,4
16042,4,0,4
16043,4,0,4
16044,4,0,4
16045,4,0,4
16046,4,0,4
16047,4,0,4
16048,4,0,4
16049,4,0,4
16050,4,0,4
16051,4,0,4
16052,4,0,4
16053,4,0,4
16054,4,0,4
16055,4,0,4
16056,4,0,4
16057,4,0,4
16058,4,0,4
16059,4,0,4
16060,4,0,4
16061,4,0,4
16062,3,0,3
16063,3,0,3
16064,3,0,3
16065,3,0,3
16066,3,0,3
16067,3,0,3
16068,3,0,3
16069,3,0,3
16070,3,0,3
16071,3,0,3
16072,3,0,3
16073,3,0,3
16074,3,0,3
16075,3,0,3
16076,4,0,4
16077,4,0,4
16078,4,0,4
16079,6,0,6
16080,6,0,6
16081,6,0,6
16082,6,0,6
16083,6,0,6
16084,5,0,5
16085,5,0,5
16086,5,0,5
16087,5,0,5
16088,6,0,6
16089,6,0,6
16090,6,0,6
16091,6,0,6
16092,6,0,6
16093,6,0,6
16094,6,0,6
16095,6,0,6
16096,6,0,6
16097,6,0,6
16098,6,0,6
16099,6,0,6
16100,6,0,6
16101,6,0,6
16102,6,0,6
16103,6,0,6
16104,6,0,6
16105,6,0,6
16106,6,0,6
16107,6,0,6
16108,6,0,6
16109,6,0,6
16110,6,0,6
16111,6,0,6
16112,6,0,6
16113,6,0,6
16114,6,0,6
16115,7,0,7
16116,7,0,7
16117,6,0,6
16118,6,0,6
16119,6,0,6
16120,6,0,6
16121,6,0,6
16122,6,0,6
16123,6,0,6
16124,6,0,6
16125,6,0,6
16126,6,0,6
16127,6,0,6
16128,6,0,6
16129,6,0,6
16130,6,0,6
16131,6,0,6
16132,6,0,6
16133,6,0,6
16134,6,0,6
16135,6,0,6
16136,6,0,6
16137,6,0,6
16138,6,0,6
16139,6,0,6
16140,6,0,6
16141,6,0,6
16142,6,0,6
16143,6,0,6
16144,6,0,6
16145,6,0,6
16146,6,0,6
16147,6,0,6
16148,6,0,6
16149,6,0,6
16150,5,0,5
16151,5,0,5
16152,5,0,5
16153,5,0,5
16154,5,0,5
16155,5,0,5
16156,5,0,5
16157,5,0,5
16158,5,0,5
16159,5,0,5
16160,5,0,5
16161,5,0,5
16162,6,0,6
16163,6,0,6
16164,6,0,6
16165,6,0,6
16166,6,0,6
16167,6,0,6
16168,6,0,6
16169,6,0,6
16170,6,0,6
16171,6,0,6
16172,6,0,6
16173,6,0,6
16174,6,0,6
16175,6,0,6
16176,6,0,6
16177,6,0,6
16178,6,0,6
16179,6,0,6
16180,6,0,6
16181,6,0,6
16182,6,0,6
16183,6,0,6
16184,6,0,6
16185,6,0,6
16186,6,0,6
16187,6,0,6
16188,6,0,6
16189,5,0,5
16190,5,0,5
16191,5,0,5
16192,5,0,5
16193,5,0,5
16194,5,0,5
16195,5,0,5
16196,5,0,5
16197,5,0,5
16198,5,0,5
16199,5,0,5
16200,5,0,5
16201,5,0,5
16202,4,0,4
16203,4,0,4
16204,4,0,4
16205,4,0,4
16206,4,0,4
16207,4,0,4
16208,4,0,4
16209,4,0,4
16210,4,0,4
16211,4,0,4
16212,4,0,4
16213,4,0,4
16214,4,0,4
16215,4,0,4
16216,4,0,4
16217,4,0,4
16218,4,0,4
16219,4,0,4
16220,4,0,4
16221,4,0,4
16222,4,0,4
16223,4,0,4
16224,4,0,4
16225,4,0,4
16226,4,0,4
16227,4,0,4
16228,4,0,4
16229,4,0,4
16230,4,0,4
16231,4,0,4
16232,4,0,4
16233,4,0,4
16234,5,0,5
16235,4,0,4
16236,4,0,4
16237,4,0,4
16238,4,0,4
16239,4,0,4
16240,4,0,4
16241,4,0,4
16242,4,0,4
16243,4,0,4
16244,4,0,4
16245,4,0,4
16246,4,0,4
16247,4,0,4
16248,4,0,4
16249,4,0,4
16250,4,0,4
16251,4,0,4
16252,4,0,4
16253,4,0,4
16254,4,0,4
16255,4,0,4
16256,4,0,4
16257,4,0,4
16258,4,0,4
16259,4,0,4
16260,4,0,4
16261,4,0,4
16262,4,0,4
16263,4,0,4
16264,4,0,4
16265,4,0,4
16266,4,0,4
16267,4,0,4
16268,4,0,4
16269,5,0,5
16270,5,0,5
16271,5,0,5
16272,5,0,5
16273,5,0,5
16274,5,0,5
16275,5,0,5
16276,5,0,5
16277,5,0,5
16278,5,0,5
16279,5,0,5
16280,5,0,5
16281,5,0,5
16282,5,0,5
16283,5,0,5
16284,5,0,5
16285,5,0,5
16286,5,0,5
16287,5,0,5
16288,5,0,5
16289,5,0,5
16290,5,0,5
16291,5,0,5
16292,5,0,5
16293,5,0,5
16294,5,0,5
16295,5,0,5
16296,5,0,5
16297,5,0,5
16298,5,0,5
16299,5,0,5
16300,5,0,5
16301,5,0,5
16302,5,0,5
16303,5,0,5
16304,5,0,5
16305,5,0,5
16306,5,0,5
16307,5,0,5
16308,5,0,5
16309,5,0,5
16310,5,0,5
16311,5,0,5
16312,5,0,5
16313,5,0,5
16314,5,0,5
16315,5,0,5
16316,5,0,5
16317,5,0,5
16318,5,0,5
16319,5,0,5
16320,5,0,5
16321,5,0,5
16322,5,0,5
16323,5,0,5
16324,5,0,5
16325,5,0,5
16326,5,0,5
16327,5,0,5
16328,5,0,5
16329,5,0,5
16330,4,0,4
16331,4,0,4
16332,4,0,4
16333,4,0,4
16334,4,0,4
16335,4,0,4
16336,4,0,4
16337,4,0,4
16338,4,0,4
16339,4,0,4
16340,4,0,4
16341,3,0,3
16342,3,0,3
16343,4,0,4
16344,4,0,4
16345,4,0,4
16346,4,0,4
16347,4,0,4
16348,4,0,4
16349,4,0,4
16350,4,0,4
16351,4,0,4
16352,4,0,4
16353,4,0,4
16354,4,0,4
16355,4,0,4
16356,4,0,4
16357,4,0,4
16358,4,0,4
16359,4,0,4
16360,4,0,4
16361,4,0,4
16362,4,0,4
16363,4,0,4
16364,4,0,4
16365,5,0,5
16366,5,0,5
16367,5,0,5
16368,5,0,5
16369,5,0,5
16370,5,0,5
16371,5,0,5
16372,5,0,5
16373,5,0,5
16374,5,0,5
16375,5,0,5
16376,6,0,6
16377,6,0,6
16378,6,0,6
16379,6,0,6
16380,6,0,6
16381,6,0,6
16382,6,0,6
16383,6,0,6
16384,6,0,6
16385,6,0,6
16386,6,0,6
16387,6,0,6
16388,6,0,6
16389,6,0,6
16390,6,0,6
16391,6,0,6
16392,6,0,6
16393,6,0,6
16394,6,0,6
16395,6,0,6
16396,6,0,6
16397,6,0,6
16398,6,0,6
16399,6,0,6
16400,6,0,6
16401,6,0,6
16402,6,0,6
16403,6,0,6
16404,6,0,6
16405,6,0,6
16406,6,0,6
16407,6,0,6
16408,6,0,6
16409,6,0,6
16410,6,0,6
16411,6,0,6
16412,6,0,6
16413,6,0,6
16414,6,0,6
16415,6,0,6
16416,6,0,6
16417,6,0,6
16418,6,0,6
16419,6,0,6
16420,6,0,6
16421,6,0,6
16422,6,0,6
16423,6,0,6
16424,6,0,6
16425,6,0,6
16426,6,0,6
16427,6,0,6
16428,6,0,6
16429,6,0,6
16430,6,0,6
16431,6,0,6
16432,6,0,6
16433,6,0,6
16434,6,0,6
16435,6,0,6
16436,6,0,6
16437,6,0,6
16438,6,0,6
16439,6,0,6
16440,6,0,6
16441,6,0,6
16442,6,0,6
16443,6,0,6
16444,6,0,6
16445,6,0,6
16446,5,0,5
16447,5,0,5
16448,5,0,5
16449,5,0,5
16450,5,0,5
16451,5,0,5
16452,5,0,5
16453,5,0,5
16454,5,0,5
16455,5,0,5
16456,5,0,5
16457,5,0,5
16458,5,0,5
16459,5,0,5
16460,5,0,5
16461,5,0,5
16462,5,0,5
16463,5,0,5
16464,5,0,5
16465,5,0,5
16466,5,0,5
16467,5,0,5
16468,5,0,5
16469,5,0,5
16470,5,0,5
16471,5,0,5
16472,7,0,7
16473,7,0,7
16474,7,0,7
16475,7,0,7
16476,7,0,7
16477,7,0,7
16478,7,0,7
16479,7,0,7
16480,7,0,7
16481,7,0,7
16482,8,0,8
16483,8,0,8
16484,8,0,8
16485,8,0,8
16486,8,0,8
16487,8,0,8
16488,8,0,8
16489,8,0,8
16490,8,0,8
16491,8,0,8
16492,8,0,8
16493,8,0,8
16494,8,0,8
16495,8,0,8
16496,8,0,8
16497,8,0,8
16498,8,0,8
16499,8,0,8
16500,8,0,8
16501,8,0,8
16502,8,0,8
16503,8,0,8
16504,8,0,8
16505,10,0,10
16506,11,0,11
16507,11,0,11
16508,11,0,11
16509,11,0,11
16510,10,0,10
16511,10,0,10
16512,10,0,10
16513,10,0,10
16514,10,0,10
16515,11,0,11
16516,11,0,11
16517,11,0,11
16518,11,0,11
16519,11,0,11
16520,11,0,11
16521,11,0,11
16522,11,0,11
16523,11,0,11
16524,11,0,11
16525,11,0,11
16526,12,0,12
16527,12,0,12
16528,12,0,12
16529,12,0,12
16530,12,0,12
16531,12,0,12
16532,12,0,12
16533,12,0,12
16534,12,0,12
16535,12,0,12
16536,12,0,12
16537,12,0,12
16538,12,0,12
16539,12,0,12
16540,12,0,12
16541,12,0,12
16542,12,0,12
16543,12,0,12
16544,12,0,12
16545,11,0,11
16546,12,0,12
16547,12,0,12
16548,12,0,12
16549,12,0,12
16550,12,0,12
16551,12,0,12
16552,11,0,11
16553,11,0,11
16554,11,0,11
16555,11,0,11
16556,11,0,11
16557,12,0,12
16558,12,0,12
16559,12,0,12
16560,12,0,12
16561,12,0,12
16562,12,0,12
16563,12,0,12
16564,12,0,12
16565,11,0,11
16566,10,0,10
16567,10,0,10
16568,10,0,10
16569,10,0,10
16570,10,0,10
16571,10,0,10
16572,10,0,10
16573,10,0,10
16574,10,0,10
16575,10,0,10
16576,10,0,10
16577,9,0,9
16578,9,0,9
16579,9,0,9
16580,8,0,8
16581,8,0,8
16582,8,0,8
16583,8,0,8
16584,8,0,8
16585,8,0,8
16586,8,0,8
16587,8,0,8
16588,8,0,8
16589,8,0,8
16590,8,0,8
16591,8,0,8
16592,9,0,9
16593,9,0,9
16594,9,0,9
16595,9,0,9
16596,8,0,8
16597,8,0,8
16598,8,0,8
16599,8,0,8
16600,8,0,8
16601,8,0,8
16602,8,0,8
16603,8,0,8
16604,8,0,8
16605,8,0,8
16606,8,0,8
16607,8,0,8
16608,9,0,9
16609,9,0,9
16610,9,0,9
16611,9,0,9
16612,9,0,9
16613,9,0,9
16614,8,0,8
16615,8,0,8
16616,8,0,8
16617,8,0,8
16618,8,0,8
16619,8,0,8
16620,8,0,8
16621,8,0,8
16622,8,0,8
16623,8,0,8
16624,8,0,8
16625,8,0,8
16626,8,0,8
16627,8,0,8
16628,8,0,8
16629,8,0,8
16630,8,0,8
16631,8,0,8
16632,8,0,8
16633,7,0,7
16634,7,0,7
16635,7,0,7
16636,7,0,7
16637,7,0,7
16638,7,0,7
16639,7,0,7
16640,7,0,7
16641,7,0,7
16642,7,0,7
16643,7,0,7
16644,7,0,7
16645,7,0,7
16646,7,0,7
16647,7,0,7
16648,7,0,7
16649,7,0,7
16650,7,0,7
16651,7,0,7
16652,6,0,6
16653,6,0,6
16654,6,0,6
16655,6,0,6
16656,6,0,6
16657,6,0,6
16658,6,0,6
16659,6,0,6
16660,6,0,6
16661,6,0,6
16662,6,0,6
16663,6,0,6
16664,6,0,6
16665,7,0,7
16666,7,0,7
16667,7,0,7
16668,7,0,7
16669,7,0,7
16670,7,0,7
16671,8,0,8
16672,8,0,8
16673,8,0,8
16674,8,0,8
16675,10,0,10
16676,10,0,10
16677,10,0,10
16678,10,0,10
16679,9,0,9
16680,9,0,9
16681,9,0,9
16682,9,0,9
16683,9,0,9
16684,9,0,9
16685,9,0,9
16686,9,0,9
16687,9,0,9
16688,10,0,10
16689,10,0,10
16690,10,0,10
16691,10,0,10
16692,10,0,10
16693,10,0,10
16694,10,0,10
16695,10,0,10
16696,10,0,10
16697,10,0,10
16698,10,0,10
16699,11,0,11
16700,11,0,11
16701,11,0,11
16702,11,0,11
16703,11,0,11
16704,11,0,11
16705,11,0,11
16706,11,0,11
16707,11,0,11
16708,11,0,11
16709,11,0,11
16710,11,0,11
16711,11,0,11
16712,11,0,11
16713,11,0,11
16714,11,0,11
16715,11,0,11
16716,11,0,11
16717,11,0,11
16718,11,0,11
16719,11,0,11
16720,11,0,11
16721,11,0,11
16722,11,0,11
16723,11,0,11
16724,11,0,11
16725,11,0,11
16726,11,0,11
16727,10,0,10
16728,10,0,10
16729,10,0,10
16730,10,0,10
16731,11,0,11
16732,11,0,11
16733,11,0,11
16734,11,0,11
16735,10,0,10
16736,10,0,10
16737,10,0,10
16738,10,0,10
16739,10,0,10
16740,10,0,10
16741,10,0,10
16742,10,0,10
16743,10,0,10
16744,10,0,10
16745,10,0,10
16746,10,0,10
16747,10,0,10
16748,10,0,10
16749,10,0,10
16750,10,0,10
16751,10,0,10
16752,10,0,10
16753,10,0,10
16754,10,0,10
16755,10,0,10
16756,10,0,10
16757,10,0,10
16758,10,0,10
16759,10,0,10
16760,10,0,10
16761,10,0,10
16762,10,0,10
16763,10,0,10
16764,10,0,10
16765,10,0,10
16766,10,0,10
16767,10,0,10
16768,10,0,10
16769,10,0,10
16770,10,0,10
16771,10,0,10
16772,10,0,10
16773,9,0,9
16774,9,0,9
16775,9,0,9
16776,9,0,9
16777,9,0,9
16778,9,0,9
16779,9,0,9
16780,8,0,8
16781,7,0,7
16782,7,0,7
16783,7,0,7
16784,7,0,7
16785,7,0,7
16786,7,0,7
16787,7,0,7
16788,7,0,7
16789,7,0,7
16790,8,0,8
16791,8,0,8
16792,8,0,8
16793,8,0,8
16794,8,0,8
16795,8,0,8
16796,8,0,8
16797,8,0,8
16798,8,0,8
16799,8,0,8
16800,8,0,8
16801,8,0,8
16802,8,0,8
16803,7,0,7
16804,7,0,7
16805,7,0,7
16806,7,0,7
16807,7,0,7
16808,7,0,7
16809,7,0,7
16810,7,0,7
16811,7,0,7
16812,7,0,7
16813,7,0,7
16814,7,0,7
16815,7,0,7
16816,7,0,7
16817,7,0,7
16818,7,0,7
16819,7,0,7
16820,7,0,7
16821,7,0,7
16822,7,0,7
16823,7,0,7
16824,7,0,7
16825,7,0,7
16826,7,0,7
16827,7,0,7
16828,7,0,7
16829,7,0,7
16830,7,0,7
16831,6,0,6
16832,5,0,5
16833,5,0,5
16834,5,0,5
16835,5,0,5
16836,5,0,5
16837,5,0,5
16838,5,0,5
16839,5,0,5
16840,5,0,5
16841,5,0,5
16842,5,0,5
16843,5,0,5
16844,5,0,5
16845,5,0,5
16846,5,0,5
16847,5,0,5
16848,5,0,5
16849,5,0,5
16850,5,0,5
16851,6,0,6
16852,6,0,6
16853,6,0,6
16854,6,0,6
16855,6,0,6
16856,6,0,6
16857,6,0,6
16858,6,0,6
16859,6,0,6
16860,6,0,6
16861,6,0,6
16862,6,0,6
16863,6,0,6
16864,6,0,6
16865,6,0,6
16866,6,0,6
16867,6,0,6
16868,6,0,6
16869,6,0,6
16870,6,0,6
16871,6,0,6
16872,6,0,6
16873,6,0,6
16874,6,0,6
16875,6,0,6
16876,6,0,6
16877,7,0,7
16878,7,0,7
16879,7,0,7
16880,7,0,7
16881,7,0,7
16882,7,0,7
16883,7,0,7
16884,7,0,7
16885,7,0,7
16886,7,0,7
16887,7,0,7
16888,7,0,7
16889,7,0,7
16890,7,0,7
16891,7,0,7
16892,7,0,7
16893,7,0,7
16894,7,0,7
16895,7,0,7
16896,7,0,7
16897,7,0,7
16898,7,0,7
16899,8,0,8
16900,8,0,8
16901,8,0,8
16902,8,0,8
16903,8,0,8
16904,8,0,8
16905,8,0,8
16906,8,0,8
16907,8,0,8
16908,8,0,8
16909,8,0,8
16910,8,0,8
16911,8,0,8
16912,8,0,8
16913,8,0,8
16914,8,0,8
16915,8,0,8
16916,8,0,8
16917,8,0,8
16918,8,0,8
16919,8,0,8
16920,8,0,8
16921,8,0,8
16922,8,0,8
16923,8,0,8
16924,8,0,8
16925,8,0,8
16926,7,0,7
16927,7,0,7
16928,7,0,7
16929,7,0,7
16930,7,0,7
16931,7,0,7
16932,7,0,7
16933,7,0,7
16934,7,0,7
16935,7,0,7
16936,7,0,7
16937,7,0,7
16938,6,0,6
16939,6,0,6
16940,7,0,7
16941,7,0,7
16942,7,0,7
16943,7,0,7
16944,7,0,7
16945,7,0,7
16946,7,0,7
16947,7,0,7
16948,8,0,8
16949,8,0,8
16950,8,0,8
16951,8,0,8
16952,8,0,8
16953,8,0,8
16954,8,0,8
16955,8,0,8
16956,8,0,8
16957,8,0,8
16958,8,0,8
16959,8,0,8
16960,8,0,8
16961,8,0,8
16962,8,0,8
16963,9,0,9
16964,9,0,9
16965,9,0,9
16966,9,0,9
16967,9,0,9
16968,9,0,9
16969,9,0,9
16970,9,0,9
16971,9,0,9
16972,9,0,9
16973,9,0,9
16974,9,0,9
16975,9,0,9
16976,9,0,9
16977,9,0,9
16978,9,0,9
16979,9,0,9
16980,9,0,9
16981,9,0,9
16982,9,0,9
16983,9,0,9
16984,9,0,9
16985,9,0,9
16986,9,0,9
16987,9,0,9
16988,9,0,9
16989,9,0,9
16990,9,0,9
16991,9,0,9
16992,9,0,9
16993,9,0,9
16994,9,0,9
16995,9,0,9
16996,9,0,9
16997,9,0,9
16998,9,0,9
16999,9,0,9
17000,9,0,9
17001,9,0,9
17002,9,0,9
17003,9,0,9
17004,9,0,9
17005,9,0,9
17006,9,0,9
17007,9,0,9
17008,9,0,9
17009,9,0,9
17010,9,0,9
17011,9,0,9
17012,9,0,9
17013,9,0,9
17014,9,0,9
17015,9,0,9
17016,10,0,10
17017,10,0,10
17018,10,0,10
17019,10,0,10
17020,10,0,10
17021,10,0,10
17022,10,0,10
17023,10,0,10
17024,10,0,10
17025,10,0,10
17026,10,0,10
17027,10,0,10
17028,9,0,9
17029,9,0,9
17030,9,0,9
17031,9,0,9
17032,9,0,9
17033,9,0,9
17034,10,0,10
17035,10,0,10
17036,10,0,10
17037,10,0,10
17038,10,0,10
17039,10,0,10
17040,10,0,10
17041,10,0,10
17042,10,0,10
17043,10,0,10
17044,10,0,10
17045,10,0,10
17046,10,0,10
17047,10,0,10
17048,10,0,10
17049,10,0,10
17050,10,0,10
17051,10,0,10
17052,10,0,10
17053,10,0,10
17054,10,0,10
17055,10,0,10
17056,10,0,10
17057,10,0,10
17058,10,0,10
17059,10,0,10
17060,10,0,10
17061,10,0,10
17062,10,0,10
17063,10,0,10
17064,10,0,10
17065,10,0,10
17066,10,0,10
17067,10,0,10
17068,10,0,10
17069,10,0,10
17070,10,0,10
17071,9,0,9
17072,9,0,9
17073,9,0,9
17074,9,0,9
17075,9,0,9
17076,9,0,9
17077,9,0,9
17078,9,0,9
17079,8,0,8
17080,8,0,8
17081,8,0,8
17082,8,0,8
17083,8,0,8
17084,8,0,8
17085,7,0,7
17086,7,0,7
17087,7,0,7
17088,7,0,7
17089,7,0,7
17090,7,0,7
17091,7,0,7
17092,7,0,7
17093,7,0,7
17094,7,0,7
17095,7,0,7
17096,7,0,7
17097,7,0,7
17098,7,0,7
17099,7,0,7
17100,7,0,7
17101,7,0,7
17102,7,0,7
17103,7,0,7
17104,7,0,7
17105,7,0,7
17106,7,0,7
17107,7,0,7
17108,7,0,7
17109,7,0,7
17110,6,0,6
17111,6,0,6
17112,6,0,6
17113,6,0,6
17114,6,0,6
17115,6,0,6
17116,6,0,6
17117,6,0,6
17118,6,0,6
17119,6,0,6
17120,6,0,6
17121,6,0,6
17122,6,0,6
17123,6,0,6
17124,7,0,7
17125,8,0,8
17126,8,0,8
17127,8,0,8
17128,8,0,8
17129,8,0,8
17130,8,0,8
17131,8,0,8
17132,8,0,8
17133,8,0,8
17134,8,0,8
17135,8,0,8
17136,8,0,8
17137,8,0,8
17138,8,0,8
17139,8,0,8
17140,8,0,8
17141,7,0,7
17142,7,0,7
17143,7,0,7
17144,7,0,7
17145,7,0,7
17146,7,0,7
17147,7,0,7
17148,7,0,7
17149,7,0,7
17150,7,0,7
17151,7,0,7
17152,7,0,7
17153,7,0,7
17154,7,0,7
17155,7,0,7
17156,7,0,7
17157,7,0,7
17158,7,0,7
17159,7,0,7
17160,7,0,7
17161,7,0,7
17162,7,0,7
17163,7,0,7
17164,7,0,7
17165,7,0,7
17166,7,0,7
17167,7,0,7
17168,7,0,7
17169,7,0,7
17170,7,0,7
17171,7,0,7
17172,7,0,7
17173,7,0,7
17174,6,0,6
17175,6,0,6
17176,6,0,6
17177,6,0,6
17178,6,0,6
17179,6,0,6
17180,5,0,5
17181,5,0,5
17182,5,0,5
17183,6,0,6
17184,6,0,6
17185,6,0,6
17186,6,0,6
17187,6,0,6
17188,6,0,6
17189,6,0,6
17190,6,0,6
17191,6,0,6
17192,6,0,6
17193,6,0,6
17194,6,0,6
17195,6,0,6
17196,6,0,6
17197,6,0,6
17198,6,0,6
17199,6,0,6
17200,6,0,6
17201,6,0,6
17202,6,0,6
17203,6,0,6
17204,6,0,6
17205,6,0,6
17206,6,0,6
17207,6,0,6
17208,6,0,6
17209,6,0,6
17210,6,0,6
17211,6,0,6
17212,6,0,6
17213,6,0,6
17214,6,0,6
17215,6,0,6
17216,6,0,6
17217,6,0,6
17218,6,0,6
17219,6,0,6
17220,6,0,6
17221,6,0,6
17222,6,0,6
17223,6,0,6
17224,6,0,6
17225,6,0,6
17226,6,0,6
17227,6,0,6
17228,6,0,6
17229,6,0,6
17230,6,0,6
17231,6,0,6
17232,6,0,6
17233,6,0,6
17234,6,0,6
17235,6,0,6
17236,6,0,6
17237,6,0,6
17238,6,0,6
17239,6,0,6
17240,6,0,6
17241,6,0,6
17242,6,0,6
17243,6,0,6
17244,6,0,6
17245,6,0,6
17246,6,0,6
17247,6,0,6
17248,6,0,6
17249,6,0,6
17250,6,0,6
17251,6,0,6
17252,6,0,6
17253,6,0,6
17254,6,0,6
17255,6,0,6
17256,6,0,6
17257,6,0,6
17258,7,0,7
17259,7,0,7
17260,7,0,7
17261,7,0,7
17262,7,0,7
17263,7,0,7
17264,7,0,7
17265,7,0,7
17266,7,0,7
17267,7,0,7
17268,7,0,7
17269,7,0,7
17270,7,0,7
17271,7,0,7
17272,7,0,7
17273,7,0,7
17274,7,0,7
17275,7,0,7
17276,7,0,7
17277,6,0,6
17278,6,0,6
17279,6,0,6
17280,6,0,6
17281,6,0,6
17282,6,0,6
17283,6,0,6
17284,6,0,6
17285,6,0,6
17286,6,0,6
17287,6,0,6
17288,6,0,6
17289,6,0,6
17290,6,0,6
17291,6,0,6
17292,6,0,6
17293,6,0,6
17294,6,0,6
17295,6,0,6
17296,6,0,6
17297,6,0,6
17298,6,0,6
17299,6,0,6
17300,6,0,6
17301,6,0,6
17302,6,0,6
17303,6,0,6
17304,6,0,6
17305,6,0,6
17306,6,0,6
17307,6,0,6
17308,6,0,6
17309,6,0,6
17310,6,0,6
17311,6,0,6
17312,6,0,6
17313,6,0,6
17314,6,0,6
17315,6,0,6
17316,6,0,6
17317,6,0,6
17318,6,0,6
17319,6,0,6
17320,6,0,6
17321,6,0,6
17322,6,0,6
17323,5,0,5
17324,5,0,5
17325,5,0,5
17326,5,0,5
17327,5,0,5
17328,5,0,5
17329,5,0,5
17330,5,0,5
17331,5,0,5
17332,5,0,5
17333,5,0,5
17334,5,0,5
17335,5,0,5
17336,5,0,5
17337,5,0,5
17338,5,0,5
17339,5,0,5
17340,5,0,5
17341,5,0,5
17342,5,0,5
17343,5,0,5
17344,5,0,5
17345,5,0,5
17346,5,0,5
17347,5,0,5
17348,5,0,5
17349,5,0,5
17350,5,0,5
17351,5,0,5
17352,5,0,5
17353,5,0,5
17354,5,0,5
17355,5,0,5
17356,5,0,5
17357,5,0,5
17358,5,0,5
17359,5,0,5
17360,5,0,5
17361,5,0,5
17362,5,0,5
17363,5,0,5
17364,5,0,5
17365,5,0,5
17366,5,0,5
17367,5,0,5
17368,5,0,5
17369,6,0,6
17370,6,0,6
17371,6,0,6
17372,6,0,6
17373,6,0,6
17374,6,0,6
17375,6,0,6
17376,6,0,6
17377,6,0,6
17378,6,0,6
17379,6,0,6
17380,6,0,6
17381,6,0,6
17382,6,0,6
17383,6,0,6
17384,6,0,6
17385,6,0,6
17386,6,0,6
17387,6,0,6
17388,6,0,6
17389,6,0,6
17390,6,0,6
17391,6,0,6
17392,6,0,6
17393,6,0,6
17394,6,0,6
17395,6,0,6
17396,6,0,6
17397,6,0,6
17398,6,0,6
17399,6,0,6
17400,6,0,6
17401,7,0,7
17402,7,0,7
17403,7,0,7
17404,7,0,7
17405,7,0,7
17406,7,0,7
17407,7,0,7
17408,8,0,8
17409,8,0,8
17410,8,0,8
17411,9,0,9
17412,9,0,9
17413,9,0,9
17414,9,0,9
17415,9,0,9
17416,9,0,9
17417,9,0,9
17418,9,0,9
17419,9,0,9
17420,9,0,9
17421,9,0,9
17422,9,0,9
17423,9,0,9
17424,9,0,9
17425,9,0,9
17426,9,0,9
17427,9,0,9
17428,9,0,9
17429,9,0,9
17430,9,0,9
17431,9,0,9
17432,9,0,9
17433,9,0,9
17434,10,0,10
17435,10,0,10
17436,9,0,9
17437,8,0,8
17438,8,0,8
17439,8,0,8
17440,8,0,8
17441,8,0,8
17442,8,0,8
17443,8,0,8
17444,8,0,8
17445,8,0,8
17446,8,0,8
17447,8,0,8
17448,8,0,8
17449,8,0,8
17450,8,0,8
17451,8,0,8
17452,8,0,8
17453,8,0,8
17454,8,0,8
17455,8,0,8
17456,8,0,8
17457,8,0,8
17458,8,0,8
17459,8,0,8
17460,8,0,8
17461,8,0,8
17462,8,0,8
17463,8,0,8
17464,8,0,8
17465,8,0,8
17466,8,0,8
17467,8,0,8
17468,8,0,8
17469,8,0,8
17470,8,0,8
17471,8,0,8
17472,8,0,8
17473,8,0,8
17474,8,0,8
17475,8,0,8
17476,8,0,8
17477,8,0,8
17478,8,0,8
17479,8,0,8
17480,8,0,8
17481,8,0,8
17482,8,0,8
17483,7,0,7
17484,7,0,7
17485,7,0,7
17486,7,0,7
17487,7,0,7
17488,7,0,7
17489,7,0,7
17490,7,0,7
17491,7,0,7
17492,7,0,7
17493,7,0,7
17494,7,0,7
17495,7,0,7
17496,7,0,7
17497,6,0,6
17498,6,0,6
17499,6,0,6
17500,6,0,6
17501,6,0,6
17502,6,0,6
17503,6,0,6
17504,6,0,6
17505,6,0,6
17506,6,0,6
17507,6,0,6
17508,7,0,7
17509,7,0,7
17510,7,0,7
17511,7,0,7
17512,7,0,7
17513,7,0,7
17514,7,0,7
17515,7,0,7
17516,7,0,7
17517,7,0,7
17518,7,0,7
17519,7,0,7
17520,7,0,7
17521,7,0,7
17522,7,0,7
17523,7,0,7
17524,7,0,7
17525,7,0,7
17526,8,0,8
17527,8,0,8
17528,8,0,8
17529,7,0,7
17530,7,0,7
17531,7,0,7
17532,7,0,7
17533,8,0,8
17534,8,0,8
17535,8,0,8
17536,8,0,8
17537,8,0,8
17538,8,0,8
17539,8,0,8
17540,8,0,8
17541,8,0,8
17542,8,0,8
17543,8,0,8
17544,8,0,8
17545,8,0,8
17546,8,0,8
17547,8,0,8
17548,8,0,8
17549,9,0,9
17550,9,0,9
17551,9,0,9
17552,9,0,9
17553,9,0,9
17554,9,0,9
17555,9,0,9
17556,9,0,9
17557,9,0,9
17558,9,0,9
17559,9,0,9
17560,10,0,10
17561,10,0,10
17562,10,0,10
17563,10,0,10
17564,10,0,10
17565,10,0,10
17566,10,0,10
17567,11,0,11
17568,11,0,11
17569,11,0,11
17570,11,0,11
17571,12,0,12
17572,12,0,12
17573,12,0,12
17574,10,0,10
17575,10,0,10
17576,9,0,9
17577,9,0,9
17578,9,0,9
17579,9,0,9
17580,9,0,9
17581,9,0,9
17582,9,0,9
17583,9,0,9
17584,9,0,9
17585,9,0,9
17586,9,0,9
17587,9,0,9
17588,9,0,9
17589,9,0,9
17590,9,0,9
17591,9,0,9
17592,9,0,9
17593,9,0,9
17594,10,0,10
17595,10,0,10
17596,10,0,10
17597,10,0,10
17598,10,0,10
17599,10,0,10
17600,10,0,10
17601,10,0,10
17602,10,0,10
17603,10,0,10
17604,10,0,10
17605,10,0,10
17606,9,0,9
17607,10,0,10
17608,10,0,10
17609,10,0,10
17610,11,0,11
17611,11,0,11
17612,11,0,11
17613,11,0,11
17614,11,0,11
17615,11,0,11
17616,11,0,11
17617,11,0,11
17618,11,0,11
17619,11,0,11
17620,11,0,11
17621,10,0,10
17622,10,0,10
17623,10,0,10
17624,10,0,10
17625,10,0,10
17626,10,0,10
17627,10,0,10
17628,10,0,10
17629,10,0,10
17630,11,0,11
17631,11,0,11
17632,11,0,11
17633,11,0,11
17634,11,0,11
17635,11,0,11
17636,11,0,11
17637,11,0,11
17638,11,0,11
17639,11,0,11
17640,10,0,10
17641,10,0,10
17642,9,0,9
17643,9,0,9
17644,9,0,9
17645,9,0,9
17646,9,0,9
17647,9,0,9
17648,9,0,9
17649,9,0,9
17650,8,0,8
17651,8,0,8
17652,7,0,7
17653,7,0,7
17654,7,0,7
17655,6,0,6
17656,6,0,6
17657,6,0,6
17658,6,0,6
17659,6,0,6
17660,6,0,6
17661,6,0,6
17662,5,0,5
17663,5,0,5
17664,5,0,5
17665,5,0,5
17666,5,0,5
17667,5,0,5
17668,5,0,5
17669,5,0,5
17670,5,0,5
17671,5,0,5
17672,5,0,5
17673,5,0,5
17674,5,0,5
17675,6,0,6
17676,6,0,6
17677,6,0,6
17678,6,0,6
17679,6,0,6
17680,6,0,6
17681,6,0,6
17682,6,0,6
17683,6,0,6
17684,6,0,6
17685,6,0,6
17686,6,0,6
17687,6,0,6
17688,6,0,6
17689,6,0,6
17690,6,0,6
17691,6,0,6
17692,6,0,6
17693,6,0,6
17694,6,0,6
17695,7,0,7
17696,7,0,7
17697,7,0,7
17698,7,0,7
17699,7,0,7
17700,7,0,7
17701,7,0,7
17702,7,0,7
17703,7,0,7
17704,7,0,7
17705,7,0,7
17706,7,0,7
17707,7,0,7
17708,7,0,7
17709,7,0,7
17710,7,0,7
17711,7,0,7
17712,7,0,7
17713,7,0,7
17714,7,0,7
17715,7,0,7
17716,7,0,7
17717,7,0,7
17718,7,0,7
17719,7,0,7
17720,7,0,7
17721,7,0,7
17722,6,0,6
17723,6,0,6
17724,6,0,6
17725,6,0,6
17726,6,0,6
17727,6,0,6
17728,6,0,6
17729,6,0,6
17730,6,0,6
17731,6,0,6
17732,6,0,6
17733,6,0,6
17734,6,0,6
17735,6,0,6
17736,6,0,6
17737,6,0,6
17738,6,0,6
17739,6,0,6
17740,6,0,6
17741,6,0,6
17742,6,0,6
17743,6,0,6
17744,6,0,6
17745,6,0,6
17746,7,0,7
17747,7,0,7
17748,7,0,7
17749,7,0,7
17750,7,0,7
17751,7,0,7
17752,7,0,7
17753,7,0,7
17754,7,0,7
17755,7,0,7
17756,7,0,7
17757,7,0,7
17758,7,0,7
17759,7,0,7
17760,7,0,7
17761,7,0,7
17762,7,0,7
17763,7,0,7
17764,7,0,7
17765,7,0,7
17766,7,0,7
17767,7,0,7
17768,7,0,7
17769,7,0,7
17770,7,0,7
17771,7,0,7
17772,7,0,7
17773,7,0,7
17774,7,0,7
17775,7,0,7
17776,7,0,7
17777,6,0,6
17778,6,0,6
17779,6,0,6
17780,6,0,6
17781,6,0,6
17782,6,0,6
17783,6,0,6
17784,6,0,6
17785,6,0,6
17786,6,0,6
17787,6,0,6
17788,6,0,6
17789,6,0,6
17790,6,0,6
17791,6,0,6
17792,6,0,6
17793,6,0,6
17794,6,0,6
17795,6,0,6
17796,6,0,6
17797,6,0,6
17798,6,0,6
17799,6,0,6
17800,6,0,6
17801,6,0,6
17802,6,0,6
17803,6,0,6
17804,6,0,6
17805,6,0,6
17806,6,0,6
17807,6,0,6
17808,6,0,6
17809,6,0,6
17810,6,0,6
17811,6,0,6
17812,6,0,6
17813,6,0,6
17814,6,0,6
17815,6,0,6
17816,6,0,6
17817,6,0,6
17818,6,0,6
17819,6,0,6
17820,6,0,6
17821,5,0,5
17822,5,0,5
17823,5,0,5
17824,5,0,5
17825,5,0,5
17826,5,0,5
17827,5,0,5
17828,5,0,5
17829,5,0,5
17830,5,0,5
17831,5,0,5
17832,5,0,5
17833,5,0,5
17834,5,0,5
17835,5,0,5
17836,5,0,5
17837,5,0,5
17838,5,0,5
17839,5,0,5
17840,5,0,5
17841,5,0,5
17842,5,0,5
17843,5,0,5
17844,5,0,5
17845,5,0,5
17846,5,0,5
17847,5,0,5
17848,5,0,5
17849,5,0,5
17850,5,0,5
17851,5,0,5
17852,5,0,5
17853,5,0,5
17854,5,0,5
17855,5,0,5
17856,5,0,5
17857,5,0,5
17858,5,0,5
17859,5,0,5
17860,5,0,5
17861,5,0,5
17862,5,0,5
17863,5,0,5
17864,5,0,5
17865,5,0,5
17866,5,0,5
17867,5,0,5
17868,5,0,5
17869,5,0,5
17870,5,0,5
17871,5,0,5
17872,5,0,5
17873,5,0,5
17874,5,0,5
17875,5,0,5
17876,5,0,5
17877,5,0,5
17878,5,0,5
17879,5,0,5
17880,5,0,5
17881,5,0,5
17882,5,0,5
17883,5,0,5
17884,4,0,4
17885,4,0,4
17886,4,0,4
17887,4,0,4
17888,4,0,4
17889,4,0,4
17890,4,0,4
17891,4,0,4
17892,4,0,4
17893,4,0,4
17894,4,0,4
17895,4,0,4
17896,4,0,4
17897,4,0,4
17898,4,0,4
17899,4,0,4
17900,4,0,4
17901,3,0,3
17902,3,0,3
17903,3,0,3
17904,3,0,3
17905,3,0,3
17906,3,0,3
17907,3,0,3
17908,3,0,3
17909,3,0,3
17910,4,0,4
17911,4,0,4
17912,4,0,4
17913,4,0,4
17914,4,0,4
17915,4,0,4
17916,4,0,4
17917,4,0,4
17918,4,0,4
17919,4,0,4
17920,4,0,4
17921,4,0,4
17922,4,0,4
17923,4,0,4
17924,4,0,4
17925,4,0,4
17926,4,0,4
17927,4,0,4
17928,5,0,5
17929,5,0,5
17930,5,0,5
17931,5,0,5
17932,5,0,5
17933,5,0,5
17934,5,0,5
17935,5,0,5
17936,5,0,5
17937,5,0,5
17938,5,0,5
17939,5,0,5
17940,5,0,5
17941,5,0,5
17942,5,0,5
17943,5,0,5
17944,5,0,5
17945,5,0,5
17946,5,0,5
17947,5,0,5
17948,5,0,5
17949,5,0,5
17950,5,0,5
17951,5,0,5
17952,5,0,5
17953,5,0,5
17954,6,0,6
17955,6,0,6
17956,6,0,6
17957,6,0,6
17958,6,0,6
17959,6,0,6
17960,6,0,6
17961,6,0,6
17962,6,0,6
17963,6,0,6
17964,6,0,6
17965,6,0,6
17966,6,0,6
17967,6,0,6
17968,6,0,6
17969,6,0,6
17970,6,0,6
17971,6,0,6
17972,6,0,6
17973,6,0,6
17974,6,0,6
17975,6,0,6
17976,6,0,6
17977,6,0,6
17978,6,0,6
17979,6,0,6
17980,6,0,6
17981,6,0,6
17982,6,0,6
17983,6,0,6
17984,6,0,6
17985,6,0,6
17986,6,0,6
17987,6,0,6
17988,6,0,6
17989,6,0,6
17990,6,0,6
17991,6,0,6
17992,6,0,6
17993,5,0,5
17994,5,0,5
17995,5,0,5
17996,5,0,5
17997,5,0,5
17998,5,0,5
17999,5,0,5
18000,5,0,5
18001,5,0,5
18002,5,0,5
18003,5,0,5
18004,5,0,5
18005,5,0,5
18006,5,0,5
18007,5,0,5
18008,5,0,5
18009,5,0,5
18010,5,0,5
18011,5,0,5
18012,5,0,5
18013,5,0,5
18014,5,0,5
18015,5,0,5
18016,4,0,4
18017,4,0,4
18018,5,0,5
18019,5,0,5
18020,5,0,5
18021,5,0,5
18022,4,0,4
18023,4,0,4
18024,4,0,4
18025,4,0,4
18026,4,0,4
18027,4,0,4
18028,3,0,3
18029,3,0,3
18030,3,0,3
18031,3,0,3
18032,3,0,3
18033,3,0,3
18034,3,0,3
18035,3,0,3
18036,3,0,3
18037,3,0,3
18038,3,0,3
18039,3,0,3
18040,3,0,3
18041,3,0,3
18042,3,0,3
18043,4,0,4
18044,3,0,3
18045,3,0,3
18046,3,0,3
18047,3,0,3
18048,3,0,3
18049,3,0,3
18050,3,0,3
18051,3,0,3
18052,3,0,3
18053,3,0,3
18054,3,0,3
18055,3,0,3
18056,3,0,3
18057,3,0,3
18058,3,0,3
18059,3,0,3
18060,3,0,3
18061,3,0,3
18062,3,0,3
