second,idle_count,walking_count,total_count
0,0,0,0
1,0,0,0
2,0,0,0
3,0,0,0
4,0,0,0
5,0,0,0
6,0,0,0
7,0,0,0
8,3,0,3
9,3,0,3
10,4,0,4
11,4,0,4
12,4,0,4
13,5,0,5
14,6,0,6
15,6,0,6
16,6,0,6
17,7,0,7
18,7,0,7
19,7,0,7
20,7,0,7
21,7,0,7
22,7,0,7
23,7,0,7
24,8,0,8
25,8,0,8
26,8,0,8
27,8,0,8
28,8,0,8
29,8,0,8
30,8,0,8
31,8,0,8
32,8,0,8
33,8,0,8
34,8,0,8
35,8,0,8
36,8,0,8
37,8,0,8
38,8,0,8
39,8,0,8
40,8,0,8
41,8,0,8
42,8,0,8
43,8,0,8
44,8,0,8
45,8,0,8
46,9,0,9
47,9,0,9
48,9,0,9
49,9,0,9
50,9,0,9
51,10,0,10
52,10,0,10
53,11,0,11
54,11,0,11
55,11,0,11
56,11,0,11
57,11,0,11
58,11,0,11
59,11,0,11
60,11,0,11
61,11,0,11
62,11,0,11
63,11,0,11
64,11,0,11
65,11,0,11
66,11,0,11
67,11,0,11
68,11,0,11
69,11,0,11
70,11,0,11
71,11,0,11
72,11,0,11
73,11,0,11
74,11,0,11
75,11,0,11
76,11,0,11
77,11,0,11
78,11,0,11
79,11,0,11
80,11,0,11
81,11,0,11
82,11,0,11
83,11,0,11
84,11,0,11
85,11,0,11
86,11,0,11
87,11,0,11
88,11,0,11
89,11,0,11
90,11,0,11
91,11,0,11
92,11,0,11
93,11,0,11
94,11,0,11
95,11,0,11
96,11,0,11
97,11,0,11
98,11,0,11
99,11,0,11
100,11,0,11
101,11,0,11
102,11,0,11
103,11,0,11
104,12,0,12
105,11,0,11
106,11,0,11
107,11,0,11
108,11,0,11
109,11,0,11
110,11,0,11
111,12,0,12
112,12,0,12
113,12,0,12
114,12,0,12
115,12,0,12
116,13,0,13
117,13,0,13
118,13,0,13
119,13,0,13
120,13,0,13
121,13,0,13
122,13,0,13
123,13,0,13
124,13,0,13
125,13,0,13
126,13,0,13
127,13,0,13
128,13,0,13
129,13,0,13
130,13,0,13
131,13,0,13
132,13,0,13
133,12,0,12
134,11,0,11
135,11,0,11
136,11,0,11
137,11,0,11
138,11,0,11
139,11,0,11
140,11,0,11
141,11,0,11
142,11,0,11
143,13,0,13
144,12,0,12
145,12,0,12
146,12,0,12
147,12,0,12
148,12,0,12
149,12,0,12
150,12,0,12
151,12,0,12
152,12,0,12
153,12,0,12
154,12,0,12
155,12,0,12
156,12,0,12
157,12,0,12
158,12,0,12
159,12,0,12
160,12,0,12
161,12,0,12
162,12,0,12
163,12,0,12
164,12,0,12
165,11,0,11
166,11,0,11
167,11,0,11
168,11,0,11
169,11,0,11
170,12,0,12
171,12,0,12
172,12,0,12
173,12,0,12
174,12,0,12
175,12,0,12
176,12,0,12
177,12,0,12
178,12,0,12
179,12,0,12
180,12,0,12
181,12,0,12
182,12,0,12
183,12,0,12
184,12,0,12
185,12,0,12
186,12,0,12
187,12,0,12
188,12,0,12
189,12,0,12
190,12,0,12
191,12,0,12
192,12,0,12
193,12,0,12
194,12,0,12
195,12,0,12
196,12,0,12
197,12,0,12
198,12,0,12
199,12,0,12
200,12,0,12
201,12,0,12
202,12,0,12
203,13,0,13
204,13,0,13
205,13,0,13
206,13,0,13
207,14,0,14
208,14,0,14
209,14,0,14
210,14,0,14
211,14,0,14
212,14,0,14
213,14,0,14
214,14,0,14
215,14,0,14
216,14,0,14
217,14,0,14
218,14,0,14
219,14,0,14
220,14,0,14
221,14,0,14
222,13,0,13
223,13,0,13
224,13,0,13
225,13,0,13
226,13,0,13
227,13,0,13
228,13,0,13
229,13,0,13
230,13,0,13
231,13,0,13
232,13,0,13
233,13,0,13
234,13,0,13
235,13,0,13
236,13,0,13
237,13,0,13
238,13,0,13
239,13,0,13
240,13,0,13
241,13,0,13
242,13,0,13
243,13,0,13
244,13,0,13
245,13,0,13
246,13,0,13
247,13,0,13
248,13,0,13
249,12,0,12
250,11,0,11
251,11,0,11
252,10,0,10
253,10,0,10
254,10,0,10
255,10,0,10
256,10,0,10
257,10,0,10
258,10,0,10
259,10,0,10
260,10,0,10
261,10,0,10
262,9,0,9
263,9,0,9
264,9,0,9
265,9,0,9
266,9,0,9
267,9,0,9
268,9,0,9
269,9,0,9
270,9,0,9
271,9,0,9
272,8,0,8
273,8,0,8
274,8,0,8
275,8,0,8
276,8,0,8
277,8,0,8
278,8,0,8
279,8,0,8
280,8,0,8
281,8,0,8
282,8,0,8
283,8,0,8
284,8,0,8
285,8,0,8
286,8,0,8
287,8,0,8
288,8,0,8
289,8,0,8
290,8,0,8
291,8,0,8
292,8,0,8
293,8,0,8
294,8,0,8
295,8,0,8
296,8,0,8
297,7,0,7
298,7,0,7
299,7,0,7
300,6,0,6
301,6,0,6
302,6,0,6
303,6,0,6
304,6,0,6
305,4,0,4
306,3,0,3
307,3,0,3
308,3,0,3
309,3,0,3
310,3,0,3
311,3,0,3
312,3,0,3
313,3,0,3
314,3,0,3
315,3,0,3
316,3,0,3
317,3,0,3
318,3,0,3
319,3,0,3
320,3,0,3
321,3,0,3
322,3,0,3
323,3,0,3
324,3,0,3
325,3,0,3
326,3,0,3
327,3,0,3
328,3,0,3
329,3,0,3
330,3,0,3
331,3,0,3
332,3,0,3
333,3,0,3
334,3,0,3
335,3,0,3
336,3,0,3
337,3,0,3
338,3,0,3
339,3,0,3
340,3,0,3
341,3,0,3
342,3,0,3
343,3,0,3
344,3,0,3
345,3,0,3
346,4,0,4
347,4,0,4
348,4,0,4
349,4,0,4
350,4,0,4
351,4,0,4
352,4,0,4
353,4,0,4
354,4,0,4
355,4,0,4
356,3,0,3
357,3,0,3
358,4,0,4
359,4,0,4
360,4,0,4
361,4,0,4
362,4,0,4
363,4,0,4
364,4,0,4
365,4,0,4
366,4,0,4
367,4,0,4
368,4,0,4
369,4,0,4
370,4,0,4
371,4,0,4
372,4,0,4
373,4,0,4
374,4,0,4
375,4,0,4
376,4,0,4
377,4,0,4
378,4,0,4
379,4,0,4
380,4,0,4
381,4,0,4
382,4,0,4
383,4,0,4
384,4,0,4
385,4,0,4
386,4,0,4
387,4,0,4
388,4,0,4
389,4,0,4
390,4,0,4
391,4,0,4
392,4,0,4
393,4,0,4
394,4,0,4
395,4,0,4
396,4,0,4
397,4,0,4
398,4,0,4
399,4,0,4
400,4,0,4
401,4,0,4
402,4,0,4
403,4,0,4
404,4,0,4
405,4,0,4
406,4,0,4
407,4,0,4
408,4,0,4
409,4,0,4
410,4,0,4
411,4,0,4
412,4,0,4
413,4,0,4
414,4,0,4
415,4,0,4
416,4,0,4
417,4,0,4
418,4,0,4
419,4,0,4
420,4,0,4
421,5,0,5
422,5,0,5
423,5,0,5
424,5,0,5
425,5,0,5
426,5,0,5
427,5,0,5
428,5,0,5
429,5,0,5
430,5,0,5
431,5,0,5
432,5,0,5
433,5,0,5
434,5,0,5
435,5,0,5
436,5,0,5
437,4,0,4
438,4,0,4
439,4,0,4
440,4,0,4
441,4,0,4
442,4,0,4
443,4,0,4
444,4,0,4
445,4,0,4
446,5,0,5
447,5,0,5
448,6,0,6
449,6,0,6
450,6,0,6
451,6,0,6
452,8,0,8
453,8,0,8
454,8,0,8
455,8,0,8
456,8,0,8
457,8,0,8
458,8,0,8
459,9,0,9
460,9,0,9
461,9,0,9
462,9,0,9
463,9,0,9
464,9,0,9
465,9,0,9
466,9,0,9
467,9,0,9
468,9,0,9
469,9,0,9
470,9,0,9
471,9,0,9
472,9,0,9
473,9,0,9
474,9,0,9
475,9,0,9
476,9,0,9
477,9,0,9
478,8,0,8
479,8,0,8
480,8,0,8
481,8,0,8
482,8,0,8
483,8,0,8
484,8,0,8
485,8,0,8
486,8,0,8
487,8,0,8
488,8,0,8
489,8,0,8
490,8,0,8
491,8,0,8
492,8,0,8
493,8,0,8
494,8,0,8
495,8,0,8
496,8,0,8
497,8,0,8
498,8,0,8
499,8,0,8
500,8,0,8
501,8,0,8
502,8,0,8
503,8,0,8
504,8,0,8
505,8,0,8
506,8,0,8
507,8,0,8
508,9,0,9
509,9,0,9
510,9,0,9
511,9,0,9
512,9,0,9
513,9,0,9
514,9,0,9
515,9,0,9
516,9,0,9
517,9,0,9
518,9,0,9
519,9,0,9
520,8,0,8
521,8,0,8
522,8,0,8
523,8,0,8
524,8,0,8
525,8,0,8
526,8,0,8
527,8,0,8
528,8,0,8
529,8,0,8
530,8,0,8
531,8,0,8
532,8,0,8
533,8,0,8
534,8,0,8
535,8,0,8
536,8,0,8
537,8,0,8
538,8,0,8
539,8,0,8
540,8,0,8
541,9,0,9
542,9,0,9
543,9,0,9
544,9,0,9
545,9,0,9
546,9,0,9
547,10,0,10
548,10,0,10
549,9,0,9
550,9,0,9
551,9,0,9
552,9,0,9
553,9,0,9
554,9,0,9
555,10,0,10
556,10,0,10
557,11,0,11
558,11,0,11
559,11,0,11
560,11,0,11
561,11,0,11
562,11,0,11
563,11,0,11
564,11,0,11
565,11,0,11
566,11,0,11
567,11,0,11
568,11,0,11
569,11,0,11
570,11,0,11
571,13,0,13
572,13,0,13
573,13,0,13
574,13,0,13
575,12,0,12
576,12,0,12
577,12,0,12
578,12,0,12
579,12,0,12
580,12,0,12
581,12,0,12
582,12,0,12
583,12,0,12
584,13,0,13
585,13,0,13
586,13,0,13
587,13,0,13
588,13,0,13
589,13,0,13
590,14,0,14
591,14,0,14
592,14,0,14
593,14,0,14
594,14,0,14
595,15,0,15
596,15,0,15
597,15,0,15
598,15,0,15
599,15,0,15
600,15,0,15
601,16,0,16
602,16,0,16
603,16,0,16
604,15,0,15
605,15,0,15
606,15,0,15
607,14,0,14
608,14,0,14
609,14,0,14
610,14,0,14
611,14,0,14
612,14,0,14
613,14,0,14
614,14,0,14
615,14,0,14
616,14,0,14
617,14,0,14
618,14,0,14
619,14,0,14
620,14,0,14
621,14,0,14
622,14,0,14
623,14,0,14
624,14,0,14
625,14,0,14
626,14,0,14
627,14,0,14
628,14,0,14
629,14,0,14
630,14,0,14
631,14,0,14
632,14,0,14
633,14,0,14
634,14,0,14
635,14,0,14
636,14,0,14
637,14,0,14
638,14,0,14
639,13,0,13
640,13,0,13
641,13,0,13
642,13,0,13
643,12,0,12
644,12,0,12
645,12,0,12
646,12,0,12
647,12,0,12
648,12,0,12
649,12,0,12
650,12,0,12
651,12,0,12
652,13,0,13
653,13,0,13
654,13,0,13
655,13,0,13
656,13,0,13
657,12,0,12
658,12,0,12
659,12,0,12
660,11,0,11
661,11,0,11
662,11,0,11
663,11,0,11
664,11,0,11
665,10,0,10
666,10,0,10
667,10,0,10
668,10,0,10
669,11,0,11
670,11,0,11
671,11,0,11
672,11,0,11
673,11,0,11
674,11,0,11
675,11,0,11
676,11,0,11
677,11,0,11
678,11,0,11
679,11,0,11
680,11,0,11
681,11,0,11
682,11,0,11
683,11,0,11
684,11,0,11
685,11,0,11
686,11,0,11
687,11,0,11
688,11,0,11
689,11,0,11
690,11,0,11
691,11,0,11
692,11,0,11
693,11,0,11
694,11,0,11
695,11,0,11
696,11,0,11
697,11,0,11
698,11,0,11
699,11,0,11
700,11,0,11
701,11,0,11
702,11,0,11
703,11,0,11
704,11,0,11
705,11,0,11
706,11,0,11
707,11,0,11
708,11,0,11
709,11,0,11
710,11,0,11
711,11,0,11
712,11,0,11
713,11,0,11
714,11,0,11
715,11,0,11
716,11,0,11
717,11,0,11
718,11,0,11
719,11,0,11
720,11,0,11
721,11,0,11
722,11,0,11
723,10,0,10
724,10,0,10
725,10,0,10
726,10,0,10
727,10,0,10
728,10,0,10
729,10,0,10
730,10,0,10
731,10,0,10
732,10,0,10
733,10,0,10
734,10,0,10
735,10,0,10
736,10,0,10
737,10,0,10
738,10,0,10
739,10,0,10
740,10,0,10
741,10,0,10
742,10,0,10
743,10,0,10
744,10,0,10
745,10,0,10
746,10,0,10
747,10,0,10
748,10,0,10
749,10,0,10
750,10,0,10
751,10,0,10
752,10,0,10
753,10,0,10
754,10,0,10
755,10,0,10
756,10,0,10
757,10,0,10
758,11,0,11
759,11,0,11
760,11,0,11
761,11,0,11
762,11,0,11
763,11,0,11
764,11,0,11
765,12,0,12
766,12,0,12
767,12,0,12
768,12,0,12
769,12,0,12
770,12,0,12
771,12,0,12
772,13,0,13
773,13,0,13
774,13,0,13
775,13,0,13
776,13,0,13
777,13,0,13
778,13,0,13
779,13,0,13
780,13,0,13
781,13,0,13
782,13,0,13
783,13,0,13
784,13,0,13
785,13,0,13
786,13,0,13
787,13,0,13
788,13,0,13
789,13,0,13
790,13,0,13
791,13,0,13
792,13,0,13
793,13,0,13
794,12,0,12
795,12,0,12
796,12,0,12
797,12,0,12
798,12,0,12
799,12,0,12
800,12,0,12
801,12,0,12
802,12,0,12
803,12,0,12
804,12,0,12
805,12,0,12
806,12,0,12
807,12,0,12
808,12,0,12
809,12,0,12
810,12,0,12
811,12,0,12
812,13,0,13
813,13,0,13
814,13,0,13
815,13,0,13
816,13,0,13
817,13,0,13
818,13,0,13
819,13,0,13
820,13,0,13
821,13,0,13
822,13,0,13
823,13,0,13
824,13,0,13
825,13,0,13
826,13,0,13
827,13,0,13
828,13,0,13
829,13,0,13
830,13,0,13
831,11,0,11
832,11,0,11
833,11,0,11
834,11,0,11
835,11,0,11
836,12,0,12
837,12,0,12
838,14,0,14
839,14,0,14
840,14,0,14
841,14,0,14
842,14,0,14
843,14,0,14
844,14,0,14
845,14,0,14
846,14,0,14
847,14,0,14
848,14,0,14
849,14,0,14
850,14,0,14
851,14,0,14
852,14,0,14
853,13,0,13
854,13,0,13
855,13,0,13
856,13,0,13
857,13,0,13
858,13,0,13
859,13,0,13
860,13,0,13
861,13,0,13
862,13,0,13
863,13,0,13
864,13,0,13
865,13,0,13
866,13,0,13
867,12,0,12
868,12,0,12
869,13,0,13
870,13,0,13
871,13,0,13
872,13,0,13
873,13,0,13
874,13,0,13
875,12,0,12
876,12,0,12
877,12,0,12
878,12,0,12
879,12,0,12
880,11,0,11
881,11,0,11
882,11,0,11
883,11,0,11
884,11,0,11
885,11,0,11
886,11,0,11
887,11,0,11
888,11,0,11
889,11,0,11
890,11,0,11
891,11,0,11
892,11,0,11
893,11,0,11
894,11,0,11
895,11,0,11
896,11,0,11
897,11,0,11
898,11,0,11
899,10,0,10
900,10,0,10
901,10,0,10
902,10,0,10
903,10,0,10
904,10,0,10
905,10,0,10
906,10,0,10
907,10,0,10
908,10,0,10
909,10,0,10
910,10,0,10
911,10,0,10
912,10,0,10
913,10,0,10
914,10,0,10
915,10,0,10
916,10,0,10
917,10,0,10
918,10,0,10
919,11,0,11
920,12,0,12
921,12,0,12
922,12,0,12
923,12,0,12
924,12,0,12
925,12,0,12
926,12,0,12
927,13,0,13
928,13,0,13
929,13,0,13
930,13,0,13
931,13,0,13
932,13,0,13
933,13,0,13
934,13,0,13
935,13,0,13
936,13,0,13
937,11,0,11
938,12,0,12
939,12,0,12
940,12,0,12
941,12,0,12
942,12,0,12
943,11,0,11
944,11,0,11
945,11,0,11
946,11,0,11
947,11,0,11
948,11,0,11
949,11,0,11
950,11,0,11
951,11,0,11
952,12,0,12
953,12,0,12
954,12,0,12
955,12,0,12
956,12,0,12
957,12,0,12
958,12,0,12
959,11,0,11
960,12,0,12
961,12,0,12
962,12,0,12
963,12,0,12
964,12,0,12
965,12,0,12
966,12,0,12
967,12,0,12
968,12,0,12
969,12,0,12
970,12,0,12
971,12,0,12
972,12,0,12
973,12,0,12
974,12,0,12
975,12,0,12
976,12,0,12
977,12,0,12
978,12,0,12
979,12,0,12
980,12,0,12
981,11,0,11
982,11,0,11
983,11,0,11
984,11,0,11
985,11,0,11
986,11,0,11
987,11,0,11
988,11,0,11
989,11,0,11
990,11,0,11
991,11,0,11
992,11,0,11
993,11,0,11
994,11,0,11
995,10,0,10
996,10,0,10
997,10,0,10
998,10,0,10
999,10,0,10
1000,10,0,10
1001,10,0,10
1002,10,0,10
1003,10,0,10
1004,10,0,10
1005,10,0,10
1006,10,0,10
1007,10,0,10
1008,9,0,9
1009,9,0,9
1010,9,0,9
1011,9,0,9
1012,9,0,9
1013,9,0,9
1014,9,0,9
1015,9,0,9
1016,9,0,9
1017,9,0,9
1018,9,0,9
1019,9,0,9
1020,9,0,9
1021,10,0,10
1022,10,0,10
1023,10,0,10
1024,9,0,9
1025,9,0,9
1026,8,0,8
1027,8,0,8
1028,8,0,8
1029,8,0,8
1030,8,0,8
1031,8,0,8
1032,8,0,8
1033,8,0,8
1034,8,0,8
1035,9,0,9
1036,8,0,8
1037,8,0,8
1038,8,0,8
1039,8,0,8
1040,8,0,8
1041,8,0,8
1042,8,0,8
1043,8,0,8
1044,8,0,8
1045,8,0,8
1046,7,0,7
1047,7,0,7
1048,7,0,7
1049,7,0,7
1050,7,0,7
1051,7,0,7
1052,7,0,7
1053,7,0,7
1054,6,0,6
1055,6,0,6
1056,8,0,8
1057,9,0,9
1058,9,0,9
1059,9,0,9
1060,9,0,9
1061,9,0,9
1062,9,0,9
1063,9,0,9
1064,9,0,9
1065,9,0,9
1066,10,0,10
1067,10,0,10
1068,10,0,10
1069,10,0,10
1070,10,0,10
1071,10,0,10
1072,10,0,10
1073,9,0,9
1074,9,0,9
1075,9,0,9
1076,9,0,9
1077,9,0,9
1078,9,0,9
1079,9,0,9
1080,8,0,8
1081,8,0,8
1082,8,0,8
1083,9,0,9
1084,9,0,9
1085,9,0,9
1086,9,0,9
1087,9,0,9
1088,9,0,9
1089,9,0,9
1090,9,0,9
1091,9,0,9
1092,9,0,9
1093,9,0,9
1094,9,0,9
1095,9,0,9
1096,9,0,9
1097,8,0,8
1098,8,0,8
1099,8,0,8
1100,8,0,8
1101,8,0,8
1102,8,0,8
1103,8,0,8
1104,8,0,8
1105,8,0,8
1106,8,0,8
1107,8,0,8
1108,8,0,8
1109,8,0,8
1110,8,0,8
1111,8,0,8
1112,9,0,9
1113,9,0,9
1114,9,0,9
1115,9,0,9
1116,9,0,9
1117,9,0,9
1118,9,0,9
1119,9,0,9
1120,10,0,10
1121,10,0,10
1122,10,0,10
1123,10,0,10
1124,10,0,10
1125,10,0,10
1126,10,0,10
1127,10,0,10
1128,10,0,10
1129,10,0,10
1130,10,0,10
1131,10,0,10
1132,10,0,10
1133,10,0,10
1134,10,0,10
1135,10,0,10
1136,10,0,10
1137,11,0,11
1138,11,0,11
1139,11,0,11
1140,11,0,11
1141,11,0,11
1142,10,0,10
1143,10,0,10
1144,10,0,10
1145,10,0,10
1146,10,0,10
1147,10,0,10
1148,10,0,10
1149,10,0,10
1150,10,0,10
1151,11,0,11
1152,11,0,11
1153,11,0,11
1154,11,0,11
1155,11,0,11
1156,11,0,11
1157,11,0,11
1158,11,0,11
1159,11,0,11
1160,10,0,10
1161,11,0,11
1162,11,0,11
1163,11,0,11
1164,11,0,11
1165,11,0,11
1166,11,0,11
1167,11,0,11
1168,11,0,11
1169,11,0,11
1170,11,0,11
1171,11,0,11
1172,11,0,11
1173,11,0,11
1174,11,0,11
1175,11,0,11
1176,11,0,11
1177,11,0,11
1178,11,0,11
1179,12,0,12
1180,12,0,12
1181,12,0,12
1182,12,0,12
1183,12,0,12
1184,12,0,12
1185,12,0,12
1186,12,0,12
1187,12,0,12
1188,12,0,12
1189,13,0,13
1190,13,0,13
1191,14,0,14
1192,14,0,14
1193,14,0,14
1194,14,0,14
1195,14,0,14
1196,14,0,14
1197,14,0,14
1198,14,0,14
1199,14,0,14
1200,14,0,14
1201,14,0,14
1202,14,0,14
1203,14,0,14
1204,14,0,14
1205,14,0,14
1206,14,0,14
1207,14,0,14
1208,14,0,14
1209,14,0,14
1210,13,0,13
1211,13,0,13
1212,13,0,13
1213,13,0,13
1214,12,0,12
1215,12,0,12
1216,13,0,13
1217,13,0,13
1218,13,0,13
1219,13,0,13
1220,13,0,13
1221,13,0,13
1222,13,0,13
1223,13,0,13
1224,13,0,13
1225,12,0,12
1226,12,0,12
1227,12,0,12
1228,12,0,12
1229,12,0,12
1230,13,0,13
1231,13,0,13
1232,13,0,13
1233,13,0,13
1234,13,0,13
1235,13,0,13
1236,13,0,13
1237,13,0,13
1238,13,0,13
1239,13,0,13
1240,13,0,13
1241,12,0,12
1242,12,0,12
1243,10,0,10
1244,10,0,10
1245,10,0,10
1246,10,0,10
1247,11,0,11
1248,11,0,11
1249,11,0,11
1250,11,0,11
1251,11,0,11
1252,11,0,11
1253,11,0,11
1254,11,0,11
1255,10,0,10
1256,10,0,10
1257,9,0,9
1258,9,0,9
1259,9,0,9
1260,8,0,8
1261,9,0,9
1262,9,0,9
1263,9,0,9
1264,9,0,9
1265,9,0,9
1266,9,0,9
1267,9,0,9
1268,10,0,10
1269,10,0,10
1270,11,0,11
1271,10,0,10
1272,10,0,10
1273,10,0,10
1274,13,0,13
1275,13,0,13
1276,13,0,13
1277,14,0,14
1278,14,0,14
1279,14,0,14
1280,14,0,14
1281,14,0,14
1282,13,0,13
1283,13,0,13
1284,13,0,13
1285,13,0,13
1286,12,0,12
1287,13,0,13
1288,13,0,13
1289,12,0,12
1290,12,0,12
1291,12,0,12
1292,11,0,11
1293,11,0,11
1294,11,0,11
1295,11,0,11
1296,10,0,10
1297,10,0,10
1298,11,0,11
1299,11,0,11
1300,11,0,11
1301,11,0,11
1302,11,0,11
1303,11,0,11
1304,11,0,11
1305,11,0,11
1306,11,0,11
1307,11,0,11
1308,12,0,12
1309,11,0,11
1310,11,0,11
1311,11,0,11
1312,11,0,11
1313,11,0,11
1314,11,0,11
1315,11,0,11
1316,11,0,11
1317,11,0,11
1318,11,0,11
1319,11,0,11
1320,11,0,11
1321,11,0,11
1322,11,0,11
1323,11,0,11
1324,11,0,11
1325,11,0,11
1326,11,0,11
1327,11,0,11
1328,11,0,11
1329,11,0,11
1330,11,0,11
1331,11,0,11
1332,12,0,12
1333,12,0,12
1334,12,0,12
1335,12,0,12
1336,12,0,12
1337,12,0,12
1338,12,0,12
1339,12,0,12
1340,12,0,12
1341,12,0,12
1342,12,0,12
1343,12,0,12
1344,13,0,13
1345,13,0,13
1346,13,0,13
1347,13,0,13
1348,13,0,13
1349,14,0,14
1350,14,0,14
1351,14,0,14
1352,14,0,14
1353,14,0,14
1354,14,0,14
1355,14,0,14
1356,14,0,14
1357,14,0,14
1358,14,0,14
1359,14,0,14
1360,15,0,15
1361,15,0,15
1362,15,0,15
1363,15,0,15
1364,15,0,15
1365,15,0,15
1366,15,0,15
1367,15,0,15
1368,15,0,15
1369,15,0,15
1370,15,0,15
1371,14,0,14
1372,14,0,14
1373,13,0,13
1374,13,0,13
1375,13,0,13
1376,13,0,13
1377,13,0,13
1378,13,0,13
1379,13,0,13
1380,13,0,13
1381,12,0,12
1382,12,0,12
1383,12,0,12
1384,12,0,12
1385,12,0,12
1386,11,0,11
1387,11,0,11
1388,11,0,11
1389,11,0,11
1390,10,0,10
1391,10,0,10
1392,10,0,10
1393,10,0,10
1394,10,0,10
1395,11,0,11
1396,11,0,11
1397,11,0,11
1398,11,0,11
1399,11,0,11
1400,11,0,11
1401,11,0,11
1402,11,0,11
1403,11,0,11
1404,11,0,11
1405,11,0,11
1406,11,0,11
1407,11,0,11
1408,11,0,11
1409,11,0,11
1410,11,0,11
1411,10,0,10
1412,9,0,9
1413,9,0,9
1414,9,0,9
1415,9,0,9
1416,9,0,9
1417,9,0,9
1418,10,0,10
1419,10,0,10
1420,10,0,10
1421,10,0,10
1422,10,0,10
1423,10,0,10
1424,10,0,10
1425,10,0,10
1426,10,0,10
1427,10,0,10
1428,10,0,10
1429,10,0,10
1430,9,0,9
1431,9,0,9
1432,9,0,9
1433,9,0,9
1434,9,0,9
1435,9,0,9
1436,9,0,9
1437,9,0,9
1438,9,0,9
1439,9,0,9
1440,9,0,9
1441,9,0,9
1442,9,0,9
1443,9,0,9
1444,9,0,9
1445,9,0,9
1446,9,0,9
1447,9,0,9
1448,9,0,9
1449,9,0,9
1450,9,0,9
1451,9,0,9
1452,9,0,9
1453,9,0,9
1454,9,0,9
1455,9,0,9
1456,9,0,9
1457,9,0,9
1458,10,0,10
1459,10,0,10
1460,10,0,10
1461,11,0,11
1462,11,0,11
1463,12,0,12
1464,12,0,12
1465,12,0,12
1466,12,0,12
1467,12,0,12
1468,12,0,12
1469,12,0,12
1470,12,0,12
1471,12,0,12
1472,12,0,12
1473,12,0,12
1474,12,0,12
1475,12,0,12
1476,12,0,12
1477,12,0,12
1478,12,0,12
1479,12,0,12
1480,12,0,12
1481,12,0,12
1482,12,0,12
1483,12,0,12
1484,12,0,12
1485,12,0,12
1486,12,0,12
1487,12,0,12
1488,12,0,12
1489,12,0,12
1490,12,0,12
1491,11,0,11
1492,11,0,11
1493,11,0,11
1494,11,0,11
1495,11,0,11
1496,10,0,10
1497,10,0,10
1498,10,0,10
1499,10,0,10
1500,10,0,10
1501,10,0,10
1502,10,0,10
1503,10,0,10
1504,10,0,10
1505,10,0,10
1506,10,0,10
1507,10,0,10
1508,10,0,10
1509,10,0,10
1510,9,0,9
1511,9,0,9
1512,9,0,9
1513,8,0,8
1514,8,0,8
1515,8,0,8
1516,8,0,8
1517,8,0,8
1518,8,0,8
1519,8,0,8
1520,8,0,8
1521,8,0,8
1522,8,0,8
1523,8,0,8
1524,8,0,8
1525,8,0,8
1526,8,0,8
1527,8,0,8
1528,8,0,8
1529,8,0,8
1530,8,0,8
1531,8,0,8
1532,8,0,8
1533,8,0,8
1534,8,0,8
1535,8,0,8
1536,8,0,8
1537,7,0,7
1538,7,0,7
1539,6,0,6
1540,6,0,6
1541,6,0,6
1542,5,0,5
1543,3,0,3
1544,3,0,3
1545,3,0,3
1546,3,0,3
1547,2,0,2
1548,1,0,1
1549,1,0,1
1550,1,0,1
1551,1,0,1
1552,1,0,1
1553,1,0,1
1554,1,0,1
1555,1,0,1
1556,1,0,1
1557,1,0,1
1558,1,0,1
1559,1,0,1
1560,1,0,1
1561,1,0,1
1562,1,0,1
1563,1,0,1
1564,1,0,1
1565,1,0,1
1566,1,0,1
1567,1,0,1
1568,1,0,1
1569,1,0,1
1570,1,0,1
1571,1,0,1
1572,0,0,0
1573,0,0,0
1574,0,0,0
1575,0,0,0
1576,0,0,0
1577,0,0,0
1578,0,0,0
1579,0,0,0
1580,0,0,0
1581,0,0,0
1582,0,0,0
1583,0,0,0
1584,0,0,0
1585,0,0,0
1586,0,0,0
1587,0,0,0
1588,0,0,0
1589,0,0,0
1590,0,0,0
1591,0,0,0
1592,0,0,0
1593,0,0,0
1594,0,0,0
1595,0,0,0
1596,0,0,0
1597,0,0,0
1598,0,0,0
1599,0,0,0
1600,1,0,1
1601,1,0,1
1602,2,0,2
1603,2,0,2
1604,2,0,2
1605,2,0,2
1606,2,0,2
1607,2,0,2
1608,2,0,2
1609,2,0,2
1610,2,0,2
1611,2,0,2
1612,2,0,2
1613,2,0,2
1614,2,0,2
1615,2,0,2
1616,2,0,2
1617,2,0,2
1618,2,0,2
1619,2,0,2
1620,2,0,2
1621,2,0,2
1622,2,0,2
1623,2,0,2
1624,2,0,2
1625,2,0,2
1626,2,0,2
1627,2,0,2
1628,2,0,2
1629,2,0,2
1630,2,0,2
1631,2,0,2
1632,2,0,2
1633,2,0,2
1634,2,0,2
1635,2,0,2
1636,2,0,2
1637,2,0,2
1638,2,0,2
1639,2,0,2
1640,2,0,2
1641,2,0,2
1642,2,0,2
1643,2,0,2
1644,2,0,2
1645,2,0,2
1646,2,0,2
1647,4,0,4
1648,4,0,4
1649,4,0,4
1650,4,0,4
1651,4,0,4
1652,5,0,5
1653,5,0,5
1654,7,0,7
1655,7,0,7
1656,7,0,7
1657,7,0,7
1658,7,0,7
1659,7,0,7
1660,7,0,7
1661,8,0,8
1662,8,0,8
1663,8,0,8
1664,8,0,8
1665,8,0,8
1666,8,0,8
1667,8,0,8
1668,8,0,8
1669,8,0,8
1670,8,0,8
1671,8,0,8
1672,8,0,8
1673,8,0,8
1674,8,0,8
1675,8,0,8
1676,9,0,9
1677,9,0,9
1678,9,0,9
1679,9,0,9
1680,9,0,9
1681,10,0,10
1682,10,0,10
1683,10,0,10
1684,10,0,10
1685,10,0,10
1686,11,0,11
1687,11,0,11
1688,11,0,11
1689,11,0,11
1690,11,0,11
1691,11,0,11
1692,11,0,11
1693,11,0,11
1694,11,0,11
1695,11,0,11
1696,11,0,11
1697,10,0,10
1698,10,0,10
1699,10,0,10
1700,10,0,10
1701,10,0,10
1702,10,0,10
1703,10,0,10
1704,10,0,10
1705,10,0,10
1706,10,0,10
1707,10,0,10
1708,10,0,10
1709,10,0,10
1710,10,0,10
1711,10,0,10
1712,10,0,10
1713,10,0,10
1714,10,0,10
1715,10,0,10
1716,10,0,10
1717,10,0,10
1718,10,0,10
1719,10,0,10
1720,10,0,10
1721,10,0,10
1722,10,0,10
1723,10,0,10
1724,11,0,11
1725,11,0,11
1726,11,0,11
1727,11,0,11
1728,11,0,11
1729,11,0,11
1730,11,0,11
1731,11,0,11
1732,11,0,11
1733,11,0,11
1734,11,0,11
1735,11,0,11
1736,11,0,11
1737,11,0,11
1738,12,0,12
1739,12,0,12
1740,12,0,12
1741,12,0,12
1742,12,0,12
1743,12,0,12
1744,12,0,12
1745,12,0,12
1746,12,0,12
1747,11,0,11
1748,13,0,13
1749,13,0,13
1750,13,0,13
1751,13,0,13
1752,12,0,12
1753,12,0,12
1754,12,0,12
1755,12,0,12
1756,12,0,12
1757,12,0,12
1758,12,0,12
1759,12,0,12
1760,12,0,12
1761,12,0,12
1762,13,0,13
1763,14,0,14
1764,14,0,14
1765,15,0,15
1766,14,0,14
1767,13,0,13
1768,13,0,13
1769,13,0,13
1770,11,0,11
1771,11,0,11
1772,11,0,11
1773,11,0,11
1774,11,0,11
1775,11,0,11
1776,11,0,11
1777,11,0,11
1778,11,0,11
1779,11,0,11
1780,11,0,11
1781,11,0,11
1782,11,0,11
1783,11,0,11
1784,11,0,11
1785,11,0,11
1786,11,0,11
1787,11,0,11
1788,11,0,11
1789,11,0,11
1790,11,0,11
1791,11,0,11
1792,11,0,11
1793,11,0,11
1794,11,0,11
1795,11,0,11
1796,11,0,11
1797,11,0,11
1798,11,0,11
1799,11,0,11
1800,11,0,11
1801,11,0,11
1802,11,0,11
1803,11,0,11
1804,11,0,11
1805,11,0,11
1806,11,0,11
1807,11,0,11
1808,11,0,11
1809,11,0,11
1810,11,0,11
1811,11,0,11
1812,11,0,11
1813,11,0,11
1814,11,0,11
1815,11,0,11
1816,11,0,11
1817,11,0,11
1818,11,0,11
1819,12,0,12
1820,12,0,12
1821,12,0,12
1822,12,0,12
1823,12,0,12
1824,12,0,12
1825,12,0,12
1826,12,0,12
1827,12,0,12
1828,12,0,12
1829,12,0,12
1830,12,0,12
1831,12,0,12
1832,12,0,12
1833,12,0,12
1834,11,0,11
1835,11,0,11
1836,12,0,12
1837,11,0,11
1838,10,0,10
1839,10,0,10
1840,10,0,10
1841,10,0,10
1842,11,0,11
1843,11,0,11
1844,11,0,11
1845,11,0,11
1846,11,0,11
1847,10,0,10
1848,10,0,10
1849,10,0,10
1850,10,0,10
1851,9,0,9
1852,9,0,9
1853,9,0,9
1854,9,0,9
1855,9,0,9
1856,9,0,9
1857,9,0,9
1858,9,0,9
1859,8,0,8
1860,8,0,8
1861,8,0,8
1862,8,0,8
1863,8,0,8
1864,7,0,7
1865,7,0,7
1866,7,0,7
1867,7,0,7
1868,7,0,7
1869,6,0,6
1870,6,0,6
1871,5,0,5
1872,6,0,6
1873,6,0,6
1874,6,0,6
1875,5,0,5
1876,5,0,5
1877,6,0,6
1878,6,0,6
1879,6,0,6
1880,6,0,6
1881,6,0,6
1882,6,0,6
1883,6,0,6
1884,6,0,6
1885,6,0,6
1886,6,0,6
1887,6,0,6
1888,6,0,6
1889,6,0,6
1890,6,0,6
1891,6,0,6
1892,6,0,6
1893,6,0,6
1894,6,0,6
1895,6,0,6
1896,6,0,6
1897,6,0,6
1898,6,0,6
1899,6,0,6
1900,6,0,6
1901,6,0,6
1902,6,0,6
1903,6,0,6
1904,6,0,6
1905,6,0,6
1906,6,0,6
1907,6,0,6
1908,6,0,6
1909,6,0,6
1910,6,0,6
1911,6,0,6
1912,6,0,6
1913,6,0,6
1914,6,0,6
1915,6,0,6
1916,6,0,6
1917,6,0,6
1918,6,0,6
1919,6,0,6
1920,6,0,6
1921,5,0,5
1922,4,0,4
1923,3,0,3
1924,3,0,3
1925,3,0,3
1926,3,0,3
1927,3,0,3
1928,3,0,3
1929,3,0,3
1930,3,0,3
1931,3,0,3
1932,4,0,4
1933,5,0,5
1934,6,0,6
1935,6,0,6
1936,6,0,6
1937,7,0,7
1938,7,0,7
1939,7,0,7
1940,7,0,7
1941,7,0,7
1942,8,0,8
1943,8,0,8
1944,8,0,8
1945,8,0,8
1946,8,0,8
1947,8,0,8
1948,8,0,8
1949,8,0,8
1950,8,0,8
1951,8,0,8
1952,9,0,9
1953,9,0,9
1954,9,0,9
1955,9,0,9
1956,9,0,9
1957,9,0,9
1958,10,0,10
1959,10,0,10
1960,10,0,10
1961,10,0,10
1962,10,0,10
1963,10,0,10
1964,10,0,10
1965,10,0,10
1966,10,0,10
1967,10,0,10
1968,10,0,10
1969,10,0,10
1970,10,0,10
1971,10,0,10
1972,10,0,10
1973,9,0,9
1974,9,0,9
1975,9,0,9
1976,10,0,10
1977,10,0,10
1978,11,0,11
1979,11,0,11
1980,11,0,11
1981,11,0,11
1982,11,0,11
1983,11,0,11
1984,11,0,11
1985,11,0,11
1986,11,0,11
1987,11,0,11
1988,11,0,11
1989,11,0,11
1990,11,0,11
1991,11,0,11
1992,12,0,12
1993,12,0,12
1994,12,0,12
1995,12,0,12
1996,12,0,12
1997,12,0,12
1998,12,0,12
1999,12,0,12
2000,12,0,12
2001,12,0,12
2002,12,0,12
2003,12,0,12
2004,12,0,12
2005,12,0,12
2006,12,0,12
2007,12,0,12
2008,12,0,12
2009,12,0,12
2010,12,0,12
2011,12,0,12
2012,12,0,12
2013,12,0,12
2014,12,0,12
2015,12,0,12
2016,12,0,12
2017,12,0,12
2018,12,0,12
2019,12,0,12
2020,14,0,14
2021,14,0,14
2022,13,0,13
2023,13,0,13
2024,13,0,13
2025,13,0,13
2026,13,0,13
2027,13,0,13
2028,12,0,12
2029,12,0,12
2030,12,0,12
2031,12,0,12
2032,12,0,12
2033,11,0,11
2034,11,0,11
2035,11,0,11
2036,11,0,11
2037,11,0,11
2038,11,0,11
2039,11,0,11
2040,10,0,10
2041,10,0,10
2042,10,0,10
2043,10,0,10
2044,10,0,10
2045,10,0,10
2046,10,0,10
2047,10,0,10
2048,10,0,10
2049,10,0,10
2050,10,0,10
2051,10,0,10
2052,10,0,10
2053,10,0,10
2054,10,0,10
2055,10,0,10
2056,10,0,10
2057,10,0,10
2058,10,0,10
2059,10,0,10
2060,10,0,10
2061,10,0,10
2062,10,0,10
2063,10,0,10
2064,10,0,10
2065,10,0,10
2066,10,0,10
2067,10,0,10
2068,10,0,10
2069,10,0,10
2070,10,0,10
2071,10,0,10
2072,10,0,10
2073,10,0,10
2074,10,0,10
2075,10,0,10
2076,10,0,10
2077,10,0,10
2078,10,0,10
2079,9,0,9
2080,9,0,9
2081,9,0,9
2082,9,0,9
2083,9,0,9
2084,9,0,9
2085,9,0,9
2086,9,0,9
2087,9,0,9
2088,9,0,9
2089,9,0,9
2090,9,0,9
2091,9,0,9
2092,9,0,9
2093,9,0,9
2094,9,0,9
2095,9,0,9
2096,9,0,9
2097,9,0,9
2098,9,0,9
2099,9,0,9
2100,9,0,9
2101,9,0,9
2102,8,0,8
2103,8,0,8
2104,8,0,8
2105,8,0,8
2106,8,0,8
2107,7,0,7
2108,7,0,7
2109,7,0,7
2110,5,0,5
2111,4,0,4
2112,4,0,4
2113,3,0,3
2114,3,0,3
2115,2,0,2
2116,1,0,1
2117,1,0,1
2118,2,0,2
2119,2,0,2
2120,2,0,2
2121,2,0,2
2122,2,0,2
2123,2,0,2
2124,2,0,2
2125,2,0,2
2126,2,0,2
2127,2,0,2
2128,2,0,2
2129,2,0,2
2130,1,0,1
2131,1,0,1
2132,1,0,1
2133,1,0,1
2134,1,0,1
2135,1,0,1
2136,1,0,1
2137,1,0,1
2138,1,0,1
2139,1,0,1
2140,1,0,1
2141,1,0,1
2142,1,0,1
2143,1,0,1
2144,1,0,1
2145,1,0,1
2146,1,0,1
2147,1,0,1
2148,1,0,1
2149,1,0,1
2150,1,0,1
2151,1,0,1
2152,1,0,1
2153,1,0,1
2154,1,0,1
2155,2,0,2
2156,2,0,2
2157,2,0,2
2158,2,0,2
2159,2,0,2
2160,2,0,2
2161,2,0,2
2162,2,0,2
2163,2,0,2
2164,2,0,2
2165,2,0,2
2166,2,0,2
2167,2,0,2
2168,2,0,2
2169,2,0,2
2170,2,0,2
2171,2,0,2
2172,2,0,2
2173,2,0,2
2174,2,0,2
2175,2,0,2
2176,2,0,2
2177,2,0,2
2178,2,0,2
2179,2,0,2
2180,2,0,2
2181,2,0,2
2182,2,0,2
2183,2,0,2
2184,2,0,2
2185,2,0,2
2186,2,0,2
2187,2,0,2
2188,2,0,2
2189,3,0,3
2190,3,0,3
2191,3,0,3
2192,3,0,3
2193,4,0,4
2194,4,0,4
2195,4,0,4
2196,5,0,5
2197,5,0,5
2198,5,0,5
2199,5,0,5
2200,5,0,5
2201,5,0,5
2202,5,0,5
2203,5,0,5
2204,5,0,5
2205,5,0,5
2206,5,0,5
2207,6,0,6
2208,6,0,6
2209,6,0,6
2210,6,0,6
2211,6,0,6
2212,7,0,7
2213,7,0,7
2214,7,0,7
2215,7,0,7
2216,8,0,8
2217,8,0,8
2218,8,0,8
2219,8,0,8
2220,8,0,8
2221,8,0,8
2222,8,0,8
2223,8,0,8
2224,8,0,8
2225,8,0,8
2226,8,0,8
2227,8,0,8
2228,9,0,9
2229,9,0,9
2230,9,0,9
2231,9,0,9
2232,9,0,9
2233,9,0,9
2234,9,0,9
2235,9,0,9
2236,9,0,9
2237,9,0,9
2238,9,0,9
2239,9,0,9
2240,9,0,9
2241,9,0,9
2242,10,0,10
2243,10,0,10
2244,10,0,10
2245,10,0,10
2246,10,0,10
2247,10,0,10
2248,10,0,10
2249,10,0,10
2250,10,0,10
2251,10,0,10
2252,11,0,11
2253,11,0,11
2254,11,0,11
2255,11,0,11
2256,11,0,11
2257,12,0,12
2258,12,0,12
2259,12,0,12
2260,12,0,12
2261,12,0,12
2262,11,0,11
2263,11,0,11
2264,11,0,11
2265,11,0,11
2266,11,0,11
2267,11,0,11
2268,11,0,11
2269,11,0,11
2270,11,0,11
2271,11,0,11
2272,11,0,11
2273,11,0,11
2274,11,0,11
2275,11,0,11
2276,11,0,11
2277,11,0,11
2278,11,0,11
2279,11,0,11
2280,12,0,12
2281,12,0,12
2282,12,0,12
2283,12,0,12
2284,12,0,12
2285,12,0,12
2286,12,0,12
2287,12,0,12
2288,12,0,12
2289,12,0,12
2290,12,0,12
2291,12,0,12
2292,12,0,12
2293,11,0,11
2294,11,0,11
2295,10,0,10
2296,10,0,10
2297,10,0,10
2298,10,0,10
2299,10,0,10
2300,10,0,10
2301,10,0,10
2302,10,0,10
2303,10,0,10
2304,10,0,10
2305,10,0,10
2306,10,0,10
2307,10,0,10
2308,10,0,10
2309,10,0,10
2310,10,0,10
2311,11,0,11
2312,11,0,11
2313,11,0,11
2314,11,0,11
2315,11,0,11
2316,10,0,10
2317,10,0,10
2318,10,0,10
2319,10,0,10
2320,10,0,10
2321,11,0,11
2322,11,0,11
2323,11,0,11
2324,11,0,11
2325,11,0,11
2326,11,0,11
2327,11,0,11
2328,11,0,11
2329,10,0,10
2330,10,0,10
2331,10,0,10
2332,10,0,10
2333,10,0,10
2334,10,0,10
2335,10,0,10
2336,10,0,10
2337,10,0,10
2338,10,0,10
2339,10,0,10
2340,11,0,11
2341,11,0,11
2342,11,0,11
2343,12,0,12
2344,12,0,12
2345,12,0,12
2346,13,0,13
2347,14,0,14
2348,15,0,15
2349,15,0,15
2350,14,0,14
2351,14,0,14
2352,13,0,13
2353,13,0,13
2354,13,0,13
2355,12,0,12
2356,11,0,11
2357,11,0,11
2358,11,0,11
2359,11,0,11
2360,11,0,11
2361,11,0,11
2362,11,0,11
2363,10,0,10
2364,10,0,10
2365,10,0,10
2366,10,0,10
2367,10,0,10
2368,10,0,10
2369,10,0,10
2370,10,0,10
2371,10,0,10
2372,10,0,10
2373,10,0,10
2374,10,0,10
2375,10,0,10
2376,10,0,10
2377,10,0,10
2378,9,0,9
2379,9,0,9
2380,9,0,9
2381,9,0,9
2382,9,0,9
2383,9,0,9
2384,9,0,9
2385,9,0,9
2386,9,0,9
2387,9,0,9
2388,9,0,9
2389,9,0,9
2390,9,0,9
2391,9,0,9
2392,9,0,9
2393,9,0,9
2394,10,0,10
2395,10,0,10
2396,10,0,10
2397,10,0,10
2398,10,0,10
2399,10,0,10
2400,10,0,10
2401,10,0,10
2402,10,0,10
2403,10,0,10
2404,11,0,11
2405,12,0,12
2406,12,0,12
2407,12,0,12
2408,12,0,12
2409,11,0,11
2410,11,0,11
2411,11,0,11
2412,11,0,11
2413,10,0,10
2414,10,0,10
2415,9,0,9
2416,8,0,8
2417,7,0,7
2418,7,0,7
2419,7,0,7
2420,8,0,8
2421,9,0,9
2422,9,0,9
2423,9,0,9
2424,8,0,8
2425,8,0,8
2426,8,0,8
2427,8,0,8
2428,8,0,8
2429,8,0,8
2430,7,0,7
2431,7,0,7
2432,7,0,7
2433,7,0,7
2434,7,0,7
2435,7,0,7
2436,7,0,7
2437,7,0,7
2438,7,0,7
2439,7,0,7
2440,7,0,7
2441,7,0,7
2442,7,0,7
2443,7,0,7
2444,8,0,8
2445,8,0,8
2446,8,0,8
2447,8,0,8
2448,8,0,8
2449,8,0,8
2450,8,0,8
2451,8,0,8
2452,8,0,8
2453,8,0,8
2454,8,0,8
2455,8,0,8
2456,8,0,8
2457,8,0,8
2458,7,0,7
2459,8,0,8
2460,8,0,8
2461,8,0,8
2462,8,0,8
2463,8,0,8
2464,8,0,8
2465,8,0,8
2466,7,0,7
2467,7,0,7
2468,7,0,7
2469,7,0,7
2470,7,0,7
2471,7,0,7
2472,7,0,7
2473,7,0,7
2474,7,0,7
2475,7,0,7
2476,7,0,7
2477,7,0,7
2478,7,0,7
2479,8,0,8
2480,8,0,8
2481,8,0,8
2482,8,0,8
2483,8,0,8
2484,8,0,8
2485,8,0,8
2486,8,0,8
2487,8,0,8
2488,8,0,8
2489,8,0,8
2490,8,0,8
2491,8,0,8
2492,8,0,8
2493,8,0,8
2494,8,0,8
2495,8,0,8
2496,8,0,8
2497,8,0,8
2498,8,0,8
2499,9,0,9
2500,9,0,9
2501,9,0,9
2502,9,0,9
2503,9,0,9
2504,9,0,9
2505,9,0,9
2506,9,0,9
2507,9,0,9
2508,8,0,8
2509,8,0,8
2510,8,0,8
2511,8,0,8
2512,8,0,8
2513,8,0,8
2514,8,0,8
2515,8,0,8
2516,8,0,8
2517,8,0,8
2518,8,0,8
2519,7,0,7
2520,8,0,8
2521,8,0,8
2522,8,0,8
2523,8,0,8
2524,8,0,8
2525,8,0,8
2526,8,0,8
2527,8,0,8
2528,8,0,8
2529,8,0,8
2530,8,0,8
2531,8,0,8
2532,8,0,8
2533,8,0,8
2534,8,0,8
2535,9,0,9
2536,9,0,9
2537,9,0,9
2538,9,0,9
2539,9,0,9
2540,9,0,9
2541,9,0,9
2542,9,0,9
2543,8,0,8
2544,9,0,9
2545,10,0,10
2546,10,0,10
2547,10,0,10
2548,10,0,10
2549,9,0,9
2550,9,0,9
2551,9,0,9
2552,9,0,9
2553,9,0,9
2554,9,0,9
2555,9,0,9
2556,9,0,9
2557,9,0,9
2558,9,0,9
2559,9,0,9
2560,8,0,8
2561,8,0,8
2562,8,0,8
2563,8,0,8
2564,8,0,8
2565,8,0,8
2566,8,0,8
2567,8,0,8
2568,8,0,8
2569,8,0,8
2570,8,0,8
2571,8,0,8
2572,8,0,8
2573,8,0,8
2574,8,0,8
2575,8,0,8
2576,8,0,8
2577,8,0,8
2578,8,0,8
2579,8,0,8
2580,8,0,8
2581,8,0,8
2582,8,0,8
2583,9,0,9
2584,9,0,9
2585,9,0,9
2586,9,0,9
2587,9,0,9
2588,9,0,9
2589,9,0,9
2590,9,0,9
2591,9,0,9
2592,9,0,9
2593,9,0,9
2594,9,0,9
2595,9,0,9
2596,9,0,9
2597,9,0,9
2598,9,0,9
2599,9,0,9
2600,9,0,9
2601,9,0,9
2602,9,0,9
2603,11,0,11
2604,12,0,12
2605,12,0,12
2606,12,0,12
2607,12,0,12
2608,12,0,12
2609,12,0,12
2610,12,0,12
2611,12,0,12
2612,12,0,12
2613,12,0,12
2614,12,0,12
2615,12,0,12
2616,12,0,12
2617,12,0,12
2618,12,0,12
2619,12,0,12
2620,12,0,12
2621,12,0,12
2622,11,0,11
2623,11,0,11
2624,11,0,11
2625,11,0,11
2626,11,0,11
2627,11,0,11
2628,11,0,11
2629,11,0,11
2630,11,0,11
2631,11,0,11
2632,11,0,11
2633,11,0,11
2634,11,0,11
2635,11,0,11
2636,11,0,11
2637,11,0,11
2638,11,0,11
2639,11,0,11
2640,11,0,11
2641,11,0,11
2642,11,0,11
2643,11,0,11
2644,11,0,11
2645,11,0,11
2646,11,0,11
2647,11,0,11
2648,11,0,11
2649,11,0,11
2650,11,0,11
2651,11,0,11
2652,10,0,10
2653,10,0,10
2654,10,0,10
2655,10,0,10
2656,10,0,10
2657,10,0,10
2658,10,0,10
2659,10,0,10
2660,10,0,10
2661,10,0,10
2662,10,0,10
2663,11,0,11
2664,11,0,11
2665,11,0,11
2666,11,0,11
2667,11,0,11
2668,11,0,11
2669,11,0,11
2670,11,0,11
2671,11,0,11
2672,11,0,11
2673,11,0,11
2674,11,0,11
2675,11,0,11
2676,11,0,11
2677,11,0,11
2678,11,0,11
2679,11,0,11
2680,11,0,11
2681,11,0,11
2682,11,0,11
2683,11,0,11
2684,11,0,11
2685,11,0,11
2686,11,0,11
2687,11,0,11
2688,11,0,11
2689,11,0,11
2690,11,0,11
2691,12,0,12
2692,12,0,12
2693,12,0,12
2694,12,0,12
2695,12,0,12
2696,12,0,12
2697,12,0,12
2698,12,0,12
2699,12,0,12
2700,12,0,12
2701,12,0,12
2702,12,0,12
2703,12,0,12
2704,12,0,12
2705,12,0,12
2706,11,0,11
2707,11,0,11
2708,11,0,11
2709,11,0,11
2710,11,0,11
2711,10,0,10
2712,10,0,10
2713,10,0,10
2714,10,0,10
2715,10,0,10
2716,10,0,10
2717,11,0,11
2718,11,0,11
2719,11,0,11
2720,11,0,11
2721,11,0,11
2722,10,0,10
2723,10,0,10
2724,10,0,10
2725,10,0,10
2726,10,0,10
2727,10,0,10
2728,10,0,10
2729,10,0,10
2730,10,0,10
2731,10,0,10
2732,9,0,9
2733,9,0,9
2734,9,0,9
2735,9,0,9
2736,8,0,8
2737,8,0,8
2738,8,0,8
2739,7,0,7
2740,7,0,7
2741,7,0,7
2742,7,0,7
2743,7,0,7
2744,7,0,7
2745,7,0,7
2746,7,0,7
2747,7,0,7
2748,7,0,7
2749,7,0,7
2750,7,0,7
2751,7,0,7
2752,7,0,7
2753,7,0,7
2754,7,0,7
2755,7,0,7
2756,7,0,7
2757,7,0,7
2758,7,0,7
2759,7,0,7
2760,7,0,7
2761,7,0,7
2762,7,0,7
2763,8,0,8
2764,8,0,8
2765,8,0,8
2766,8,0,8
2767,9,0,9
2768,9,0,9
2769,9,0,9
2770,9,0,9
2771,10,0,10
2772,9,0,9
2773,9,0,9
2774,9,0,9
2775,9,0,9
2776,9,0,9
2777,9,0,9
2778,9,0,9
2779,9,0,9
2780,8,0,8
2781,8,0,8
2782,8,0,8
2783,7,0,7
2784,7,0,7
2785,7,0,7
2786,7,0,7
2787,8,0,8
2788,8,0,8
2789,8,0,8
2790,8,0,8
2791,8,0,8
2792,8,0,8
2793,8,0,8
2794,8,0,8
2795,8,0,8
2796,8,0,8
2797,8,0,8
2798,8,0,8
2799,8,0,8
2800,8,0,8
2801,8,0,8
2802,8,0,8
2803,8,0,8
2804,8,0,8
2805,9,0,9
2806,9,0,9
2807,9,0,9
2808,9,0,9
2809,9,0,9
2810,9,0,9
2811,9,0,9
2812,9,0,9
2813,9,0,9
2814,9,0,9
2815,9,0,9
2816,9,0,9
2817,9,0,9
2818,9,0,9
2819,9,0,9
2820,9,0,9
2821,9,0,9
2822,9,0,9
2823,9,0,9
2824,8,0,8
2825,8,0,8
2826,8,0,8
2827,8,0,8
2828,8,0,8
2829,8,0,8
2830,8,0,8
2831,8,0,8
2832,8,0,8
2833,8,0,8
2834,8,0,8
2835,8,0,8
2836,8,0,8
2837,9,0,9
2838,10,0,10
2839,11,0,11
2840,11,0,11
2841,9,0,9
2842,10,0,10
2843,10,0,10
2844,10,0,10
2845,11,0,11
2846,11,0,11
2847,11,0,11
2848,11,0,11
2849,11,0,11
2850,11,0,11
2851,12,0,12
2852,12,0,12
2853,12,0,12
2854,12,0,12
2855,12,0,12
2856,12,0,12
2857,12,0,12
2858,12,0,12
2859,12,0,12
2860,12,0,12
2861,12,0,12
2862,12,0,12
2863,11,0,11
2864,11,0,11
2865,11,0,11
2866,12,0,12
2867,12,0,12
2868,12,0,12
2869,13,0,13
2870,13,0,13
2871,14,0,14
2872,14,0,14
2873,14,0,14
2874,13,0,13
2875,13,0,13
2876,13,0,13
2877,13,0,13
2878,13,0,13
2879,13,0,13
2880,13,0,13
2881,13,0,13
2882,13,0,13
2883,13,0,13
2884,13,0,13
2885,13,0,13
2886,13,0,13
2887,13,0,13
2888,13,0,13
2889,13,0,13
2890,14,0,14
2891,14,0,14
2892,14,0,14
2893,14,0,14
2894,14,0,14
2895,14,0,14
2896,14,0,14
2897,14,0,14
2898,14,0,14
2899,14,0,14
2900,14,0,14
2901,14,0,14
2902,14,0,14
2903,14,0,14
2904,14,0,14
2905,14,0,14
2906,14,0,14
2907,14,0,14
2908,13,0,13
2909,13,0,13
2910,13,0,13
2911,13,0,13
2912,13,0,13
2913,13,0,13
2914,13,0,13
2915,13,0,13
2916,13,0,13
2917,13,0,13
2918,13,0,13
2919,13,0,13
2920,13,0,13
2921,14,0,14
2922,14,0,14
2923,14,0,14
2924,14,0,14
2925,14,0,14
2926,14,0,14
2927,14,0,14
2928,14,0,14
2929,14,0,14
2930,13,0,13
2931,13,0,13
2932,13,0,13
2933,13,0,13
2934,13,0,13
2935,13,0,13
2936,13,0,13
2937,11,0,11
2938,11,0,11
2939,11,0,11
2940,10,0,10
2941,10,0,10
2942,10,0,10
2943,10,0,10
2944,10,0,10
2945,9,0,9
2946,9,0,9
2947,9,0,9
2948,9,0,9
2949,9,0,9
2950,9,0,9
2951,9,0,9
2952,9,0,9
2953,9,0,9
2954,9,0,9
2955,9,0,9
2956,9,0,9
2957,10,0,10
2958,10,0,10
2959,10,0,10
2960,10,0,10
2961,10,0,10
2962,10,0,10
2963,10,0,10
2964,10,0,10
2965,10,0,10
2966,10,0,10
2967,11,0,11
2968,11,0,11
2969,11,0,11
2970,11,0,11
2971,11,0,11
2972,11,0,11
2973,11,0,11
2974,11,0,11
2975,11,0,11
2976,11,0,11
2977,12,0,12
2978,12,0,12
2979,12,0,12
2980,12,0,12
2981,12,0,12
2982,12,0,12
2983,12,0,12
2984,12,0,12
2985,12,0,12
2986,12,0,12
2987,12,0,12
2988,12,0,12
2989,12,0,12
2990,12,0,12
2991,12,0,12
2992,12,0,12
2993,12,0,12
2994,12,0,12
2995,12,0,12
2996,12,0,12
2997,12,0,12
2998,12,0,12
2999,12,0,12
3000,12,0,12
3001,12,0,12
3002,12,0,12
3003,12,0,12
3004,12,0,12
3005,13,0,13
3006,13,0,13
3007,13,0,13
3008,13,0,13
3009,13,0,13
3010,13,0,13
3011,12,0,12
3012,12,0,12
3013,12,0,12
3014,12,0,12
3015,13,0,13
3016,13,0,13
3017,12,0,12
3018,12,0,12
3019,12,0,12
3020,12,0,12
3021,12,0,12
3022,12,0,12
3023,12,0,12
3024,12,0,12
3025,12,0,12
3026,11,0,11
3027,11,0,11
3028,12,0,12
3029,12,0,12
3030,12,0,12
3031,12,0,12
3032,11,0,11
3033,11,0,11
3034,11,0,11
3035,11,0,11
3036,11,0,11
3037,12,0,12
3038,12,0,12
3039,12,0,12
3040,12,0,12
3041,12,0,12
3042,12,0,12
3043,12,0,12
3044,12,0,12
3045,12,0,12
3046,13,0,13
3047,13,0,13
3048,13,0,13
3049,13,0,13
3050,13,0,13
3051,13,0,13
3052,13,0,13
3053,12,0,12
3054,12,0,12
3055,12,0,12
3056,12,0,12
3057,12,0,12
3058,12,0,12
3059,12,0,12
3060,12,0,12
3061,12,0,12
3062,12,0,12
3063,12,0,12
3064,12,0,12
3065,12,0,12
3066,12,0,12
3067,12,0,12
3068,12,0,12
3069,12,0,12
3070,12,0,12
3071,12,0,12
3072,12,0,12
3073,12,0,12
3074,12,0,12
3075,12,0,12
3076,12,0,12
3077,12,0,12
3078,12,0,12
3079,12,0,12
3080,11,0,11
3081,11,0,11
3082,11,0,11
3083,11,0,11
3084,10,0,10
3085,10,0,10
3086,10,0,10
3087,10,0,10
3088,11,0,11
3089,11,0,11
3090,11,0,11
3091,11,0,11
3092,11,0,11
3093,11,0,11
3094,12,0,12
3095,12,0,12
3096,12,0,12
3097,12,0,12
3098,12,0,12
3099,12,0,12
3100,12,0,12
3101,13,0,13
3102,13,0,13
3103,13,0,13
3104,13,0,13
3105,13,0,13
3106,13,0,13
3107,13,0,13
3108,13,0,13
3109,14,0,14
3110,14,0,14
3111,13,0,13
3112,13,0,13
3113,13,0,13
3114,13,0,13
3115,14,0,14
3116,14,0,14
3117,14,0,14
3118,14,0,14
3119,15,0,15
3120,15,0,15
3121,15,0,15
3122,15,0,15
3123,15,0,15
3124,15,0,15
3125,15,0,15
3126,15,0,15
3127,15,0,15
3128,15,0,15
3129,15,0,15
3130,15,0,15
3131,15,0,15
3132,15,0,15
3133,15,0,15
3134,15,0,15
3135,15,0,15
3136,15,0,15
3137,15,0,15
3138,15,0,15
3139,15,0,15
3140,15,0,15
3141,15,0,15
3142,15,0,15
3143,16,0,16
3144,16,0,16
3145,16,0,16
3146,16,0,16
3147,16,0,16
3148,16,0,16
3149,16,0,16
3150,17,0,17
3151,16,0,16
3152,16,0,16
3153,16,0,16
3154,16,0,16
3155,16,0,16
3156,16,0,16
3157,16,0,16
3158,16,0,16
3159,16,0,16
3160,16,0,16
3161,16,0,16
3162,16,0,16
3163,17,0,17
3164,17,0,17
3165,17,0,17
3166,15,0,15
3167,15,0,15
3168,14,0,14
3169,14,0,14
3170,14,0,14
3171,14,0,14
3172,14,0,14
3173,14,0,14
3174,14,0,14
3175,14,0,14
3176,14,0,14
3177,14,0,14
3178,14,0,14
3179,14,0,14
3180,13,0,13
3181,13,0,13
3182,13,0,13
3183,13,0,13
3184,13,0,13
3185,13,0,13
3186,13,0,13
3187,12,0,12
3188,12,0,12
3189,12,0,12
3190,11,0,11
3191,11,0,11
3192,11,0,11
3193,11,0,11
3194,12,0,12
3195,12,0,12
3196,12,0,12
3197,12,0,12
3198,13,0,13
3199,13,0,13
3200,13,0,13
3201,13,0,13
3202,13,0,13
3203,13,0,13
3204,13,0,13
3205,13,0,13
3206,14,0,14
3207,15,0,15
3208,16,0,16
3209,16,0,16
3210,16,0,16
3211,16,0,16
3212,16,0,16
3213,16,0,16
3214,16,0,16
3215,15,0,15
3216,15,0,15
3217,14,0,14
3218,14,0,14
3219,14,0,14
3220,14,0,14
3221,14,0,14
3222,14,0,14
3223,14,0,14
3224,15,0,15
3225,15,0,15
3226,15,0,15
3227,15,0,15
3228,15,0,15
3229,15,0,15
3230,15,0,15
3231,15,0,15
3232,15,0,15
3233,15,0,15
3234,15,0,15
3235,15,0,15
3236,15,0,15
3237,15,0,15
3238,15,0,15
3239,15,0,15
3240,15,0,15
3241,15,0,15
3242,15,0,15
3243,15,0,15
3244,15,0,15
3245,14,0,14
3246,11,0,11
3247,11,0,11
3248,11,0,11
3249,11,0,11
3250,11,0,11
3251,11,0,11
3252,11,0,11
3253,11,0,11
3254,11,0,11
3255,11,0,11
3256,11,0,11
3257,11,0,11
3258,11,0,11
3259,11,0,11
3260,11,0,11
3261,11,0,11
3262,11,0,11
3263,11,0,11
3264,11,0,11
3265,11,0,11
3266,11,0,11
3267,11,0,11
3268,11,0,11
3269,10,0,10
3270,10,0,10
3271,10,0,10
3272,10,0,10
3273,10,0,10
3274,10,0,10
3275,10,0,10
3276,10,0,10
3277,10,0,10
3278,10,0,10
3279,11,0,11
3280,11,0,11
3281,11,0,11
3282,11,0,11
3283,11,0,11
3284,11,0,11
3285,11,0,11
3286,11,0,11
3287,11,0,11
3288,11,0,11
3289,11,0,11
3290,11,0,11
3291,11,0,11
3292,11,0,11
3293,11,0,11
3294,11,0,11
3295,11,0,11
3296,11,0,11
3297,11,0,11
3298,11,0,11
3299,11,0,11
3300,11,0,11
3301,11,0,11
3302,11,0,11
3303,11,0,11
3304,11,0,11
3305,11,0,11
3306,11,0,11
3307,11,0,11
3308,11,0,11
3309,13,0,13
3310,14,0,14
3311,14,0,14
3312,15,0,15
3313,15,0,15
3314,15,0,15
3315,15,0,15
3316,15,0,15
3317,15,0,15
3318,15,0,15
3319,15,0,15
3320,14,0,14
3321,14,0,14
3322,14,0,14
3323,14,0,14
3324,14,0,14
3325,14,0,14
3326,14,0,14
3327,14,0,14
3328,14,0,14
3329,14,0,14
3330,14,0,14
3331,14,0,14
3332,15,0,15
3333,15,0,15
3334,15,0,15
3335,15,0,15
3336,15,0,15
3337,15,0,15
3338,15,0,15
3339,15,0,15
3340,15,0,15
3341,16,0,16
3342,16,0,16
3343,16,0,16
3344,16,0,16
3345,16,0,16
3346,16,0,16
3347,16,0,16
3348,16,0,16
3349,16,0,16
3350,16,0,16
3351,15,0,15
3352,15,0,15
3353,14,0,14
3354,14,0,14
3355,14,0,14
3356,14,0,14
3357,14,0,14
3358,14,0,14
3359,14,0,14
3360,14,0,14
3361,14,0,14
3362,14,0,14
3363,14,0,14
3364,14,0,14
3365,14,0,14
3366,14,0,14
3367,14,0,14
3368,14,0,14
3369,14,0,14
3370,14,0,14
3371,14,0,14
3372,14,0,14
3373,14,0,14
3374,14,0,14
3375,14,0,14
3376,14,0,14
3377,14,0,14
3378,14,0,14
3379,14,0,14
3380,14,0,14
3381,11,0,11
3382,11,0,11
3383,11,0,11
3384,11,0,11
3385,11,0,11
3386,11,0,11
3387,11,0,11
3388,11,0,11
3389,11,0,11
3390,11,0,11
3391,11,0,11
3392,11,0,11
3393,10,0,10
3394,10,0,10
3395,10,0,10
3396,10,0,10
3397,10,0,10
3398,10,0,10
3399,10,0,10
3400,10,0,10
3401,10,0,10
3402,10,0,10
3403,10,0,10
3404,9,0,9
3405,9,0,9
3406,9,0,9
3407,9,0,9
3408,9,0,9
3409,9,0,9
3410,9,0,9
3411,9,0,9
3412,9,0,9
3413,10,0,10
3414,10,0,10
3415,10,0,10
3416,10,0,10
3417,10,0,10
3418,10,0,10
3419,10,0,10
3420,10,0,10
3421,10,0,10
3422,10,0,10
3423,10,0,10
3424,10,0,10
3425,10,0,10
3426,10,0,10
3427,10,0,10
3428,10,0,10
3429,10,0,10
3430,10,0,10
3431,11,0,11
3432,11,0,11
3433,11,0,11
3434,11,0,11
3435,11,0,11
3436,11,0,11
3437,11,0,11
3438,12,0,12
3439,12,0,12
3440,12,0,12
3441,12,0,12
3442,12,0,12
3443,12,0,12
3444,12,0,12
3445,12,0,12
3446,12,0,12
3447,12,0,12
3448,12,0,12
3449,12,0,12
3450,12,0,12
3451,12,0,12
3452,12,0,12
3453,11,0,11
3454,11,0,11
3455,11,0,11
3456,11,0,11
3457,10,0,10
3458,10,0,10
3459,10,0,10
3460,10,0,10
3461,10,0,10
3462,10,0,10
3463,11,0,11
3464,11,0,11
3465,11,0,11
3466,11,0,11
3467,11,0,11
3468,11,0,11
3469,11,0,11
3470,11,0,11
3471,11,0,11
3472,11,0,11
3473,11,0,11
3474,11,0,11
3475,11,0,11
3476,11,0,11
3477,11,0,11
3478,11,0,11
3479,11,0,11
3480,11,0,11
3481,11,0,11
3482,11,0,11
3483,11,0,11
3484,11,0,11
3485,11,0,11
3486,11,0,11
3487,11,0,11
3488,12,0,12
3489,12,0,12
3490,12,0,12
3491,12,0,12
3492,12,0,12
3493,11,0,11
3494,11,0,11
3495,11,0,11
3496,11,0,11
3497,11,0,11
3498,13,0,13
3499,13,0,13
3500,13,0,13
3501,13,0,13
3502,13,0,13
3503,13,0,13
3504,13,0,13
3505,12,0,12
3506,12,0,12
3507,12,0,12
3508,11,0,11
3509,11,0,11
3510,11,0,11
3511,11,0,11
3512,11,0,11
3513,11,0,11
3514,11,0,11
3515,11,0,11
3516,11,0,11
3517,11,0,11
3518,11,0,11
3519,11,0,11
3520,11,0,11
3521,11,0,11
3522,11,0,11
3523,11,0,11
3524,11,0,11
3525,11,0,11
3526,11,0,11
3527,11,0,11
3528,11,0,11
3529,11,0,11
3530,11,0,11
3531,11,0,11
3532,11,0,11
3533,11,0,11
3534,11,0,11
3535,10,0,10
3536,10,0,10
3537,10,0,10
3538,10,0,10
3539,10,0,10
3540,10,0,10
3541,10,0,10
3542,9,0,9
3543,9,0,9
3544,9,0,9
3545,9,0,9
3546,9,0,9
3547,9,0,9
3548,9,0,9
3549,9,0,9
3550,9,0,9
3551,9,0,9
3552,9,0,9
3553,9,0,9
3554,10,0,10
3555,10,0,10
3556,10,0,10
3557,10,0,10
3558,10,0,10
3559,10,0,10
3560,10,0,10
3561,10,0,10
3562,10,0,10
3563,9,0,9
3564,9,0,9
3565,9,0,9
3566,7,0,7
3567,7,0,7
3568,7,0,7
3569,7,0,7
3570,7,0,7
3571,7,0,7
3572,7,0,7
3573,6,0,6
3574,6,0,6
3575,5,0,5
3576,5,0,5
3577,5,0,5
3578,4,0,4
3579,4,0,4
3580,4,0,4
3581,3,0,3
3582,3,0,3
3583,3,0,3
3584,3,0,3
3585,3,0,3
3586,3,0,3
3587,3,0,3
3588,3,0,3
3589,3,0,3
3590,3,0,3
3591,3,0,3
3592,3,0,3
3593,3,0,3
3594,3,0,3
3595,3,0,3
3596,3,0,3
3597,3,0,3
3598,3,0,3
3599,3,0,3
3600,3,0,3
3601,3,0,3
3602,3,0,3
3603,3,0,3
3604,3,0,3
3605,3,0,3
3606,3,0,3
3607,3,0,3
3608,3,0,3
3609,3,0,3
3610,3,0,3
3611,3,0,3
3612,3,0,3
3613,4,0,4
3614,4,0,4
3615,4,0,4
3616,4,0,4
3617,4,0,4
3618,4,0,4
3619,4,0,4
3620,4,0,4
3621,4,0,4
3622,4,0,4
3623,4,0,4
3624,4,0,4
3625,4,0,4
3626,5,0,5
3627,5,0,5
3628,5,0,5
3629,5,0,5
3630,5,0,5
3631,6,0,6
3632,6,0,6
3633,6,0,6
3634,6,0,6
3635,6,0,6
3636,6,0,6
3637,6,0,6
3638,6,0,6
3639,6,0,6
3640,5,0,5
3641,5,0,5
3642,5,0,5
3643,5,0,5
3644,5,0,5
3645,5,0,5
3646,5,0,5
3647,5,0,5
3648,5,0,5
3649,5,0,5
3650,5,0,5
3651,5,0,5
3652,5,0,5
3653,5,0,5
3654,5,0,5
3655,5,0,5
3656,6,0,6
3657,6,0,6
3658,5,0,5
3659,5,0,5
3660,6,0,6
3661,6,0,6
3662,6,0,6
3663,6,0,6
3664,6,0,6
3665,6,0,6
3666,6,0,6
3667,6,0,6
3668,6,0,6
3669,6,0,6
3670,6,0,6
3671,6,0,6
3672,6,0,6
3673,7,0,7
3674,8,0,8
3675,8,0,8
3676,8,0,8
3677,8,0,8
3678,8,0,8
3679,9,0,9
3680,9,0,9
3681,9,0,9
3682,9,0,9
3683,9,0,9
3684,9,0,9
3685,8,0,8
3686,8,0,8
3687,8,0,8
3688,8,0,8
3689,8,0,8
3690,8,0,8
3691,8,0,8
3692,8,0,8
3693,8,0,8
3694,8,0,8
3695,8,0,8
3696,8,0,8
3697,8,0,8
3698,8,0,8
3699,9,0,9
3700,9,0,9
3701,9,0,9
3702,9,0,9
3703,9,0,9
3704,9,0,9
3705,9,0,9
3706,9,0,9
3707,9,0,9
3708,9,0,9
3709,9,0,9
3710,9,0,9
3711,9,0,9
3712,9,0,9
3713,9,0,9
3714,9,0,9
3715,9,0,9
3716,10,0,10
3717,10,0,10
3718,10,0,10
3719,10,0,10
3720,10,0,10
3721,10,0,10
3722,10,0,10
3723,10,0,10
3724,10,0,10
3725,11,0,11
3726,10,0,10
3727,10,0,10
3728,10,0,10
3729,10,0,10
3730,10,0,10
3731,10,0,10
3732,10,0,10
3733,10,0,10
3734,10,0,10
3735,10,0,10
3736,10,0,10
3737,10,0,10
3738,10,0,10
3739,10,0,10
3740,10,0,10
3741,10,0,10
3742,10,0,10
3743,10,0,10
3744,10,0,10
3745,10,0,10
3746,11,0,11
3747,11,0,11
3748,11,0,11
3749,12,0,12
3750,12,0,12
3751,12,0,12
3752,12,0,12
3753,12,0,12
3754,12,0,12
3755,12,0,12
3756,12,0,12
3757,12,0,12
3758,13,0,13
3759,13,0,13
3760,12,0,12
3761,12,0,12
3762,12,0,12
3763,12,0,12
3764,12,0,12
3765,12,0,12
3766,12,0,12
3767,11,0,11
3768,11,0,11
3769,10,0,10
3770,10,0,10
3771,10,0,10
3772,10,0,10
3773,10,0,10
3774,10,0,10
3775,10,0,10
3776,10,0,10
3777,10,0,10
3778,10,0,10
3779,10,0,10
3780,10,0,10
3781,10,0,10
3782,10,0,10
3783,10,0,10
3784,10,0,10
3785,10,0,10
3786,10,0,10
3787,10,0,10
3788,10,0,10
3789,10,0,10
3790,10,0,10
3791,10,0,10
3792,11,0,11
3793,11,0,11
3794,11,0,11
3795,10,0,10
3796,10,0,10
3797,10,0,10
3798,10,0,10
3799,10,0,10
3800,10,0,10
3801,10,0,10
3802,10,0,10
3803,10,0,10
3804,10,0,10
3805,10,0,10
3806,10,0,10
3807,10,0,10
3808,10,0,10
3809,10,0,10
3810,10,0,10
3811,10,0,10
3812,10,0,10
3813,10,0,10
3814,10,0,10
3815,10,0,10
3816,10,0,10
3817,10,0,10
3818,9,0,9
3819,10,0,10
3820,10,0,10
3821,10,0,10
3822,10,0,10
3823,10,0,10
3824,10,0,10
3825,10,0,10
3826,11,0,11
3827,11,0,11
3828,11,0,11
3829,10,0,10
3830,10,0,10
3831,10,0,10
3832,10,0,10
3833,10,0,10
3834,10,0,10
3835,10,0,10
3836,11,0,11
3837,12,0,12
3838,12,0,12
3839,12,0,12
3840,12,0,12
3841,12,0,12
3842,12,0,12
3843,12,0,12
3844,12,0,12
3845,12,0,12
3846,12,0,12
3847,12,0,12
3848,12,0,12
3849,12,0,12
3850,12,0,12
3851,12,0,12
3852,12,0,12
3853,12,0,12
3854,12,0,12
3855,12,0,12
3856,12,0,12
3857,12,0,12
3858,12,0,12
3859,12,0,12
3860,12,0,12
3861,12,0,12
3862,12,0,12
3863,12,0,12
3864,12,0,12
3865,12,0,12
3866,12,0,12
3867,12,0,12
3868,12,0,12
3869,12,0,12
3870,13,0,13
3871,13,0,13
3872,13,0,13
3873,13,0,13
3874,13,0,13
3875,13,0,13
3876,13,0,13
3877,13,0,13
3878,13,0,13
3879,13,0,13
3880,13,0,13
3881,13,0,13
3882,13,0,13
3883,13,0,13
3884,13,0,13
3885,13,0,13
3886,13,0,13
3887,13,0,13
3888,13,0,13
3889,13,0,13
3890,13,0,13
3891,13,0,13
3892,13,0,13
3893,13,0,13
3894,13,0,13
3895,13,0,13
3896,13,0,13
3897,13,0,13
3898,14,0,14
3899,14,0,14
3900,14,0,14
3901,14,0,14
3902,14,0,14
3903,14,0,14
3904,14,0,14
3905,13,0,13
3906,13,0,13
3907,13,0,13
3908,13,0,13
3909,13,0,13
3910,13,0,13
3911,13,0,13
3912,13,0,13
3913,13,0,13
3914,12,0,12
3915,12,0,12
3916,12,0,12
3917,12,0,12
3918,12,0,12
3919,12,0,12
3920,12,0,12
3921,12,0,12
3922,13,0,13
3923,13,0,13
3924,12,0,12
3925,12,0,12
3926,12,0,12
3927,12,0,12
3928,12,0,12
3929,12,0,12
3930,12,0,12
3931,12,0,12
3932,12,0,12
3933,12,0,12
3934,12,0,12
3935,12,0,12
3936,12,0,12
3937,12,0,12
3938,12,0,12
3939,12,0,12
3940,12,0,12
3941,12,0,12
3942,12,0,12
3943,13,0,13
3944,13,0,13
3945,13,0,13
3946,13,0,13
3947,13,0,13
3948,13,0,13
3949,13,0,13
3950,13,0,13
3951,13,0,13
3952,14,0,14
3953,14,0,14
3954,14,0,14
3955,14,0,14
3956,14,0,14
3957,15,0,15
3958,15,0,15
3959,16,0,16
3960,16,0,16
3961,16,0,16
3962,16,0,16
3963,16,0,16
3964,16,0,16
3965,16,0,16
3966,16,0,16
3967,16,0,16
3968,16,0,16
3969,16,0,16
3970,16,0,16
3971,16,0,16
3972,16,0,16
3973,16,0,16
3974,16,0,16
3975,16,0,16
3976,16,0,16
3977,16,0,16
3978,16,0,16
3979,16,0,16
3980,16,0,16
3981,16,0,16
3982,16,0,16
3983,16,0,16
3984,16,0,16
3985,16,0,16
3986,16,0,16
3987,16,0,16
3988,16,0,16
3989,16,0,16
3990,16,0,16
3991,16,0,16
3992,15,0,15
3993,15,0,15
3994,15,0,15
3995,15,0,15
3996,15,0,15
3997,15,0,15
3998,15,0,15
3999,15,0,15
4000,15,0,15
4001,14,0,14
4002,14,0,14
4003,14,0,14
4004,14,0,14
4005,14,0,14
4006,15,0,15
4007,15,0,15
4008,15,0,15
4009,15,0,15
4010,15,0,15
4011,15,0,15
4012,15,0,15
4013,15,0,15
4014,15,0,15
4015,15,0,15
4016,15,0,15
4017,15,0,15
4018,15,0,15
4019,15,0,15
4020,14,0,14
4021,14,0,14
4022,14,0,14
4023,14,0,14
4024,14,0,14
4025,14,0,14
4026,14,0,14
4027,14,0,14
4028,14,0,14
4029,14,0,14
4030,14,0,14
4031,14,0,14
4032,14,0,14
4033,13,0,13
4034,14,0,14
4035,14,0,14
4036,14,0,14
4037,14,0,14
4038,15,0,15
4039,14,0,14
4040,14,0,14
4041,14,0,14
4042,14,0,14
4043,14,0,14
4044,14,0,14
4045,14,0,14
4046,14,0,14
4047,14,0,14
4048,14,0,14
4049,14,0,14
4050,14,0,14
4051,14,0,14
4052,14,0,14
4053,14,0,14
4054,13,0,13
4055,13,0,13
4056,13,0,13
4057,13,0,13
4058,13,0,13
4059,13,0,13
4060,13,0,13
4061,13,0,13
4062,13,0,13
4063,13,0,13
4064,13,0,13
4065,13,0,13
4066,13,0,13
4067,13,0,13
4068,13,0,13
4069,13,0,13
4070,13,0,13
4071,13,0,13
4072,13,0,13
4073,12,0,12
4074,12,0,12
4075,12,0,12
4076,12,0,12
4077,12,0,12
4078,12,0,12
4079,12,0,12
4080,12,0,12
4081,12,0,12
4082,12,0,12
4083,12,0,12
4084,12,0,12
4085,12,0,12
4086,12,0,12
4087,12,0,12
4088,12,0,12
4089,12,0,12
4090,12,0,12
4091,12,0,12
4092,12,0,12
4093,12,0,12
4094,12,0,12
4095,12,0,12
4096,12,0,12
4097,12,0,12
4098,12,0,12
4099,12,0,12
4100,12,0,12
4101,12,0,12
4102,12,0,12
4103,12,0,12
4104,13,0,13
4105,13,0,13
4106,13,0,13
4107,13,0,13
4108,13,0,13
4109,13,0,13
4110,13,0,13
4111,13,0,13
4112,13,0,13
4113,13,0,13
4114,14,0,14
4115,14,0,14
4116,14,0,14
4117,14,0,14
4118,14,0,14
4119,14,0,14
4120,14,0,14
4121,14,0,14
4122,14,0,14
4123,14,0,14
4124,14,0,14
4125,14,0,14
4126,15,0,15
4127,15,0,15
4128,15,0,15
4129,15,0,15
4130,15,0,15
4131,14,0,14
4132,14,0,14
4133,14,0,14
4134,14,0,14
4135,13,0,13
4136,13,0,13
4137,13,0,13
4138,13,0,13
4139,13,0,13
4140,13,0,13
4141,13,0,13
4142,13,0,13
4143,13,0,13
4144,13,0,13
4145,13,0,13
4146,13,0,13
4147,13,0,13
4148,13,0,13
4149,12,0,12
4150,12,0,12
4151,12,0,12
4152,12,0,12
4153,11,0,11
4154,11,0,11
4155,11,0,11
4156,11,0,11
4157,10,0,10
4158,10,0,10
4159,10,0,10
4160,10,0,10
4161,10,0,10
4162,10,0,10
4163,10,0,10
4164,10,0,10
4165,11,0,11
4166,11,0,11
4167,11,0,11
4168,12,0,12
4169,12,0,12
4170,12,0,12
4171,12,0,12
4172,12,0,12
4173,12,0,12
4174,12,0,12
4175,12,0,12
4176,12,0,12
4177,12,0,12
4178,12,0,12
4179,12,0,12
4180,12,0,12
4181,12,0,12
4182,12,0,12
4183,12,0,12
4184,12,0,12
4185,12,0,12
4186,12,0,12
4187,12,0,12
4188,12,0,12
4189,12,0,12
4190,12,0,12
4191,12,0,12
4192,12,0,12
4193,12,0,12
4194,12,0,12
4195,12,0,12
4196,12,0,12
4197,12,0,12
4198,12,0,12
4199,12,0,12
4200,12,0,12
4201,12,0,12
4202,12,0,12
4203,12,0,12
4204,12,0,12
4205,12,0,12
4206,12,0,12
4207,11,0,11
4208,11,0,11
4209,11,0,11
4210,11,0,11
4211,11,0,11
4212,11,0,11
4213,11,0,11
4214,11,0,11
4215,11,0,11
4216,11,0,11
4217,11,0,11
4218,11,0,11
4219,11,0,11
4220,11,0,11
4221,11,0,11
4222,11,0,11
4223,11,0,11
4224,11,0,11
4225,11,0,11
4226,11,0,11
4227,11,0,11
4228,12,0,12
4229,12,0,12
4230,12,0,12
4231,12,0,12
4232,12,0,12
4233,12,0,12
4234,12,0,12
4235,12,0,12
4236,12,0,12
4237,12,0,12
4238,12,0,12
4239,12,0,12
4240,12,0,12
4241,12,0,12
4242,13,0,13
4243,13,0,13
4244,13,0,13
4245,13,0,13
4246,13,0,13
4247,13,0,13
4248,13,0,13
4249,13,0,13
4250,13,0,13
4251,13,0,13
4252,13,0,13
4253,13,0,13
4254,12,0,12
4255,12,0,12
4256,12,0,12
4257,12,0,12
4258,12,0,12
4259,12,0,12
4260,12,0,12
4261,12,0,12
4262,12,0,12
4263,12,0,12
4264,12,0,12
4265,12,0,12
4266,12,0,12
4267,12,0,12
4268,12,0,12
4269,12,0,12
4270,12,0,12
4271,12,0,12
4272,12,0,12
4273,12,0,12
4274,12,0,12
4275,12,0,12
4276,12,0,12
4277,13,0,13
4278,13,0,13
4279,13,0,13
4280,13,0,13
4281,13,0,13
4282,13,0,13
4283,13,0,13
4284,13,0,13
4285,13,0,13
4286,13,0,13
4287,13,0,13
4288,13,0,13
4289,12,0,12
4290,13,0,13
4291,12,0,12
4292,13,0,13
4293,13,0,13
4294,13,0,13
4295,13,0,13
4296,13,0,13
4297,13,0,13
4298,13,0,13
4299,13,0,13
4300,13,0,13
4301,13,0,13
4302,13,0,13
4303,13,0,13
4304,13,0,13
4305,13,0,13
4306,13,0,13
4307,13,0,13
4308,13,0,13
4309,13,0,13
4310,13,0,13
4311,13,0,13
4312,13,0,13
4313,13,0,13
4314,13,0,13
4315,13,0,13
4316,13,0,13
4317,13,0,13
4318,13,0,13
4319,13,0,13
4320,13,0,13
4321,13,0,13
4322,13,0,13
4323,13,0,13
4324,13,0,13
4325,13,0,13
4326,13,0,13
4327,12,0,12
4328,12,0,12
4329,11,0,11
4330,12,0,12
4331,12,0,12
4332,12,0,12
4333,11,0,11
4334,11,0,11
4335,11,0,11
4336,11,0,11
4337,11,0,11
4338,11,0,11
4339,11,0,11
4340,12,0,12
4341,12,0,12
4342,12,0,12
4343,12,0,12
4344,12,0,12
4345,13,0,13
4346,13,0,13
4347,13,0,13
4348,13,0,13
4349,13,0,13
4350,13,0,13
4351,13,0,13
4352,13,0,13
4353,13,0,13
4354,13,0,13
4355,13,0,13
4356,13,0,13
4357,13,0,13
4358,13,0,13
4359,13,0,13
4360,13,0,13
4361,12,0,12
4362,12,0,12
4363,12,0,12
4364,12,0,12
4365,12,0,12
4366,12,0,12
4367,12,0,12
4368,12,0,12
4369,12,0,12
4370,12,0,12
4371,12,0,12
4372,12,0,12
4373,11,0,11
4374,11,0,11
4375,11,0,11
4376,11,0,11
4377,11,0,11
4378,11,0,11
4379,12,0,12
4380,12,0,12
4381,12,0,12
4382,12,0,12
4383,12,0,12
4384,12,0,12
4385,12,0,12
4386,12,0,12
4387,12,0,12
4388,12,0,12
4389,12,0,12
4390,13,0,13
4391,13,0,13
4392,13,0,13
4393,13,0,13
4394,13,0,13
4395,13,0,13
4396,13,0,13
4397,14,0,14
4398,14,0,14
4399,14,0,14
4400,14,0,14
4401,14,0,14
4402,14,0,14
4403,14,0,14
4404,14,0,14
4405,14,0,14
4406,13,0,13
4407,13,0,13
4408,13,0,13
4409,13,0,13
4410,13,0,13
4411,13,0,13
4412,13,0,13
4413,12,0,12
4414,12,0,12
4415,12,0,12
4416,12,0,12
4417,12,0,12
4418,12,0,12
4419,12,0,12
4420,12,0,12
4421,12,0,12
4422,12,0,12
4423,12,0,12
4424,12,0,12
4425,12,0,12
4426,12,0,12
4427,12,0,12
4428,12,0,12
4429,12,0,12
4430,12,0,12
4431,12,0,12
4432,13,0,13
4433,13,0,13
4434,12,0,12
4435,12,0,12
4436,12,0,12
4437,12,0,12
4438,12,0,12
4439,12,0,12
4440,12,0,12
4441,12,0,12
4442,12,0,12
4443,12,0,12
4444,12,0,12
4445,12,0,12
4446,12,0,12
4447,12,0,12
4448,12,0,12
4449,12,0,12
4450,12,0,12
4451,12,0,12
4452,12,0,12
4453,12,0,12
4454,12,0,12
4455,12,0,12
4456,12,0,12
4457,12,0,12
4458,12,0,12
4459,12,0,12
4460,12,0,12
4461,12,0,12
4462,12,0,12
4463,12,0,12
4464,12,0,12
4465,12,0,12
4466,11,0,11
4467,9,0,9
4468,9,0,9
4469,9,0,9
4470,9,0,9
4471,9,0,9
4472,9,0,9
4473,9,0,9
4474,9,0,9
4475,9,0,9
4476,9,0,9
4477,8,0,8
4478,8,0,8
4479,8,0,8
4480,8,0,8
4481,8,0,8
4482,8,0,8
4483,8,0,8
4484,8,0,8
4485,8,0,8
4486,8,0,8
4487,8,0,8
4488,8,0,8
4489,8,0,8
4490,8,0,8
4491,8,0,8
4492,8,0,8
4493,8,0,8
4494,8,0,8
4495,8,0,8
4496,8,0,8
4497,8,0,8
4498,8,0,8
4499,8,0,8
4500,8,0,8
4501,8,0,8
4502,8,0,8
4503,8,0,8
4504,8,0,8
4505,8,0,8
4506,8,0,8
4507,8,0,8
4508,8,0,8
4509,7,0,7
4510,7,0,7
4511,7,0,7
4512,7,0,7
4513,7,0,7
4514,7,0,7
4515,7,0,7
4516,7,0,7
4517,7,0,7
4518,7,0,7
4519,7,0,7
4520,7,0,7
4521,7,0,7
4522,7,0,7
4523,7,0,7
4524,7,0,7
4525,7,0,7
4526,7,0,7
4527,8,0,8
4528,8,0,8
4529,8,0,8
4530,8,0,8
4531,8,0,8
4532,8,0,8
4533,8,0,8
4534,8,0,8
4535,8,0,8
4536,8,0,8
4537,8,0,8
4538,8,0,8
4539,8,0,8
4540,8,0,8
4541,8,0,8
4542,8,0,8
4543,8,0,8
4544,8,0,8
4545,8,0,8
4546,8,0,8
4547,8,0,8
4548,8,0,8
4549,8,0,8
4550,8,0,8
4551,8,0,8
4552,8,0,8
4553,8,0,8
4554,9,0,9
4555,9,0,9
4556,9,0,9
4557,9,0,9
4558,9,0,9
4559,9,0,9
4560,9,0,9
4561,9,0,9
4562,9,0,9
4563,9,0,9
4564,9,0,9
4565,9,0,9
4566,9,0,9
4567,9,0,9
4568,9,0,9
4569,9,0,9
4570,9,0,9
4571,9,0,9
4572,9,0,9
4573,9,0,9
4574,9,0,9
4575,9,0,9
4576,9,0,9
4577,9,0,9
4578,9,0,9
4579,9,0,9
4580,9,0,9
4581,9,0,9
4582,9,0,9
4583,9,0,9
4584,9,0,9
4585,9,0,9
4586,9,0,9
4587,9,0,9
4588,9,0,9
4589,9,0,9
4590,9,0,9
4591,9,0,9
4592,9,0,9
4593,9,0,9
4594,9,0,9
4595,8,0,8
4596,8,0,8
4597,8,0,8
4598,8,0,8
4599,8,0,8
4600,8,0,8
4601,8,0,8
4602,8,0,8
4603,8,0,8
4604,8,0,8
4605,8,0,8
4606,8,0,8
4607,8,0,8
4608,8,0,8
4609,8,0,8
4610,8,0,8
4611,8,0,8
4612,8,0,8
4613,7,0,7
4614,7,0,7
4615,7,0,7
4616,7,0,7
4617,7,0,7
4618,7,0,7
4619,7,0,7
4620,7,0,7
4621,7,0,7
4622,7,0,7
4623,7,0,7
4624,7,0,7
4625,7,0,7
4626,7,0,7
4627,7,0,7
4628,7,0,7
4629,7,0,7
4630,8,0,8
4631,8,0,8
4632,9,0,9
4633,8,0,8
4634,8,0,8
4635,8,0,8
4636,7,0,7
4637,7,0,7
4638,7,0,7
4639,7,0,7
4640,7,0,7
4641,7,0,7
4642,7,0,7
4643,7,0,7
4644,7,0,7
4645,7,0,7
4646,7,0,7
4647,7,0,7
4648,7,0,7
4649,7,0,7
4650,7,0,7
4651,7,0,7
4652,8,0,8
4653,8,0,8
4654,8,0,8
4655,8,0,8
4656,8,0,8
4657,8,0,8
4658,8,0,8
4659,8,0,8
4660,8,0,8
4661,8,0,8
4662,8,0,8
4663,8,0,8
4664,8,0,8
4665,8,0,8
4666,8,0,8
4667,8,0,8
4668,8,0,8
4669,8,0,8
4670,8,0,8
4671,8,0,8
4672,8,0,8
4673,8,0,8
4674,8,0,8
4675,8,0,8
4676,8,0,8
4677,8,0,8
4678,8,0,8
4679,8,0,8
4680,8,0,8
4681,8,0,8
4682,8,0,8
4683,8,0,8
4684,8,0,8
4685,8,0,8
4686,8,0,8
4687,8,0,8
4688,8,0,8
4689,8,0,8
4690,8,0,8
4691,8,0,8
4692,8,0,8
4693,8,0,8
4694,8,0,8
4695,8,0,8
4696,8,0,8
4697,8,0,8
4698,8,0,8
4699,8,0,8
4700,8,0,8
4701,8,0,8
4702,7,0,7
4703,7,0,7
4704,7,0,7
4705,8,0,8
4706,8,0,8
4707,8,0,8
4708,8,0,8
4709,8,0,8
4710,7,0,7
4711,7,0,7
4712,7,0,7
4713,7,0,7
4714,8,0,8
4715,8,0,8
4716,8,0,8
4717,8,0,8
4718,8,0,8
4719,8,0,8
4720,8,0,8
4721,8,0,8
4722,8,0,8
4723,8,0,8
4724,8,0,8
4725,8,0,8
4726,8,0,8
4727,8,0,8
4728,8,0,8
4729,8,0,8
4730,8,0,8
4731,8,0,8
4732,8,0,8
4733,8,0,8
4734,8,0,8
4735,8,0,8
4736,8,0,8
4737,8,0,8
4738,8,0,8
4739,8,0,8
4740,7,0,7
4741,7,0,7
4742,7,0,7
4743,7,0,7
4744,7,0,7
4745,7,0,7
4746,7,0,7
4747,7,0,7
4748,7,0,7
4749,7,0,7
4750,7,0,7
4751,7,0,7
4752,7,0,7
4753,7,0,7
4754,7,0,7
4755,7,0,7
4756,7,0,7
4757,7,0,7
4758,7,0,7
4759,7,0,7
4760,7,0,7
4761,7,0,7
4762,7,0,7
4763,7,0,7
4764,7,0,7
4765,7,0,7
4766,7,0,7
4767,7,0,7
4768,7,0,7
4769,7,0,7
4770,7,0,7
4771,7,0,7
4772,7,0,7
4773,7,0,7
4774,7,0,7
4775,7,0,7
4776,7,0,7
4777,7,0,7
4778,7,0,7
4779,7,0,7
4780,7,0,7
4781,7,0,7
4782,7,0,7
4783,7,0,7
4784,7,0,7
4785,7,0,7
4786,7,0,7
4787,7,0,7
4788,7,0,7
4789,7,0,7
4790,7,0,7
4791,7,0,7
4792,7,0,7
4793,7,0,7
4794,7,0,7
4795,7,0,7
4796,7,0,7
4797,7,0,7
4798,9,0,9
4799,9,0,9
4800,9,0,9
4801,9,0,9
4802,9,0,9
4803,9,0,9
4804,9,0,9
4805,9,0,9
4806,9,0,9
4807,9,0,9
4808,9,0,9
4809,9,0,9
4810,9,0,9
4811,8,0,8
4812,8,0,8
4813,8,0,8
4814,8,0,8
4815,8,0,8
4816,7,0,7
4817,7,0,7
4818,7,0,7
4819,7,0,7
4820,7,0,7
4821,7,0,7
4822,7,0,7
4823,7,0,7
4824,7,0,7
4825,7,0,7
4826,7,0,7
4827,7,0,7
4828,7,0,7
4829,7,0,7
4830,7,0,7
4831,7,0,7
4832,7,0,7
4833,7,0,7
4834,7,0,7
4835,7,0,7
4836,7,0,7
4837,7,0,7
4838,7,0,7
4839,7,0,7
4840,7,0,7
4841,7,0,7
4842,7,0,7
4843,7,0,7
4844,7,0,7
4845,7,0,7
4846,7,0,7
4847,7,0,7
4848,7,0,7
4849,7,0,7
4850,7,0,7
4851,7,0,7
4852,7,0,7
4853,7,0,7
4854,7,0,7
4855,7,0,7
4856,7,0,7
4857,7,0,7
4858,7,0,7
4859,7,0,7
4860,7,0,7
4861,7,0,7
4862,7,0,7
4863,7,0,7
4864,7,0,7
4865,7,0,7
4866,7,0,7
4867,7,0,7
4868,7,0,7
4869,7,0,7
4870,7,0,7
4871,7,0,7
4872,7,0,7
4873,7,0,7
4874,7,0,7
4875,7,0,7
4876,7,0,7
4877,7,0,7
4878,7,0,7
4879,7,0,7
4880,7,0,7
4881,7,0,7
4882,7,0,7
4883,7,0,7
4884,8,0,8
4885,8,0,8
4886,8,0,8
4887,8,0,8
4888,8,0,8
4889,8,0,8
4890,8,0,8
4891,8,0,8
4892,8,0,8
4893,8,0,8
4894,8,0,8
4895,8,0,8
4896,8,0,8
4897,8,0,8
4898,8,0,8
4899,8,0,8
4900,8,0,8
4901,8,0,8
4902,8,0,8
4903,8,0,8
4904,8,0,8
4905,7,0,7
4906,7,0,7
4907,7,0,7
4908,7,0,7
4909,7,0,7
4910,8,0,8
4911,8,0,8
4912,8,0,8
4913,8,0,8
4914,8,0,8
4915,8,0,8
4916,8,0,8
4917,8,0,8
4918,8,0,8
4919,8,0,8
4920,8,0,8
4921,8,0,8
4922,7,0,7
4923,7,0,7
4924,7,0,7
4925,7,0,7
4926,7,0,7
4927,7,0,7
4928,7,0,7
4929,7,0,7
4930,7,0,7
4931,6,0,6
4932,7,0,7
4933,7,0,7
4934,7,0,7
4935,7,0,7
4936,8,0,8
4937,8,0,8
4938,8,0,8
4939,8,0,8
4940,8,0,8
4941,9,0,9
4942,10,0,10
4943,10,0,10
4944,11,0,11
4945,11,0,11
4946,11,0,11
4947,11,0,11
4948,11,0,11
4949,11,0,11
4950,10,0,10
4951,10,0,10
4952,10,0,10
4953,10,0,10
4954,10,0,10
4955,10,0,10
4956,10,0,10
4957,10,0,10
4958,10,0,10
4959,10,0,10
4960,10,0,10
4961,10,0,10
4962,10,0,10
4963,10,0,10
4964,10,0,10
4965,10,0,10
4966,10,0,10
4967,10,0,10
4968,10,0,10
4969,10,0,10
4970,10,0,10
4971,10,0,10
4972,10,0,10
4973,10,0,10
4974,10,0,10
4975,10,0,10
4976,10,0,10
4977,10,0,10
4978,10,0,10
4979,10,0,10
4980,10,0,10
4981,10,0,10
4982,11,0,11
4983,11,0,11
4984,11,0,11
4985,11,0,11
4986,11,0,11
4987,11,0,11
4988,11,0,11
4989,11,0,11
4990,11,0,11
4991,11,0,11
4992,11,0,11
4993,11,0,11
4994,11,0,11
4995,11,0,11
4996,11,0,11
4997,11,0,11
4998,11,0,11
4999,11,0,11
5000,11,0,11
5001,11,0,11
5002,11,0,11
5003,11,0,11
5004,11,0,11
5005,11,0,11
5006,11,0,11
5007,11,0,11
5008,11,0,11
5009,11,0,11
5010,11,0,11
5011,11,0,11
5012,11,0,11
5013,11,0,11
5014,11,0,11
5015,11,0,11
5016,10,0,10
5017,10,0,10
5018,10,0,10
5019,10,0,10
5020,10,0,10
5021,10,0,10
5022,9,0,9
5023,9,0,9
5024,9,0,9
5025,9,0,9
5026,9,0,9
5027,8,0,8
5028,8,0,8
5029,7,0,7
5030,7,0,7
5031,7,0,7
5032,8,0,8
5033,8,0,8
5034,9,0,9
5035,9,0,9
5036,9,0,9
5037,10,0,10
5038,10,0,10
5039,11,0,11
5040,11,0,11
5041,11,0,11
5042,11,0,11
5043,11,0,11
5044,11,0,11
5045,11,0,11
5046,11,0,11
5047,11,0,11
5048,11,0,11
5049,11,0,11
5050,11,0,11
5051,11,0,11
5052,11,0,11
5053,11,0,11
5054,11,0,11
5055,11,0,11
5056,11,0,11
5057,11,0,11
5058,11,0,11
5059,11,0,11
5060,11,0,11
5061,11,0,11
5062,11,0,11
5063,11,0,11
5064,11,0,11
5065,11,0,11
5066,11,0,11
5067,13,0,13
5068,13,0,13
5069,13,0,13
5070,13,0,13
5071,13,0,13
5072,13,0,13
5073,13,0,13
5074,13,0,13
5075,13,0,13
5076,13,0,13
5077,13,0,13
5078,12,0,12
5079,11,0,11
5080,11,0,11
5081,11,0,11
5082,11,0,11
5083,11,0,11
5084,11,0,11
5085,11,0,11
5086,11,0,11
5087,11,0,11
5088,11,0,11
5089,11,0,11
5090,11,0,11
5091,10,0,10
5092,10,0,10
5093,10,0,10
5094,10,0,10
5095,10,0,10
5096,10,0,10
5097,10,0,10
5098,10,0,10
5099,10,0,10
5100,10,0,10
5101,10,0,10
5102,10,0,10
5103,10,0,10
5104,10,0,10
5105,10,0,10
5106,10,0,10
5107,10,0,10
5108,10,0,10
5109,10,0,10
5110,10,0,10
5111,10,0,10
5112,10,0,10
5113,10,0,10
5114,10,0,10
5115,10,0,10
5116,10,0,10
5117,10,0,10
5118,10,0,10
5119,10,0,10
5120,10,0,10
5121,10,0,10
5122,10,0,10
5123,11,0,11
5124,11,0,11
5125,10,0,10
5126,10,0,10
5127,10,0,10
5128,10,0,10
5129,10,0,10
5130,10,0,10
5131,10,0,10
5132,11,0,11
5133,10,0,10
5134,10,0,10
5135,10,0,10
5136,10,0,10
5137,10,0,10
5138,10,0,10
5139,10,0,10
5140,10,0,10
5141,10,0,10
5142,10,0,10
5143,10,0,10
5144,11,0,11
5145,11,0,11
5146,11,0,11
5147,11,0,11
5148,11,0,11
5149,11,0,11
5150,11,0,11
5151,11,0,11
5152,11,0,11
5153,9,0,9
5154,9,0,9
5155,9,0,9
5156,9,0,9
5157,9,0,9
5158,9,0,9
5159,9,0,9
5160,9,0,9
5161,9,0,9
5162,9,0,9
5163,9,0,9
5164,9,0,9
5165,9,0,9
5166,9,0,9
5167,9,0,9
5168,9,0,9
5169,9,0,9
5170,9,0,9
5171,9,0,9
5172,9,0,9
5173,9,0,9
5174,9,0,9
5175,9,0,9
5176,9,0,9
5177,9,0,9
5178,9,0,9
5179,9,0,9
5180,9,0,9
5181,9,0,9
5182,9,0,9
5183,9,0,9
5184,9,0,9
5185,9,0,9
5186,9,0,9
5187,9,0,9
5188,9,0,9
5189,9,0,9
5190,9,0,9
5191,9,0,9
5192,9,0,9
5193,9,0,9
5194,10,0,10
5195,10,0,10
5196,10,0,10
5197,10,0,10
5198,10,0,10
5199,10,0,10
5200,10,0,10
5201,10,0,10
5202,10,0,10
5203,10,0,10
5204,10,0,10
5205,10,0,10
5206,10,0,10
5207,9,0,9
5208,8,0,8
5209,9,0,9
5210,9,0,9
5211,9,0,9
5212,9,0,9
5213,10,0,10
5214,10,0,10
5215,10,0,10
5216,10,0,10
5217,10,0,10
5218,10,0,10
5219,10,0,10
5220,10,0,10
5221,10,0,10
5222,10,0,10
5223,10,0,10
5224,10,0,10
5225,10,0,10
5226,10,0,10
5227,10,0,10
5228,10,0,10
5229,10,0,10
5230,10,0,10
5231,10,0,10
5232,10,0,10
5233,10,0,10
5234,10,0,10
5235,10,0,10
5236,10,0,10
5237,10,0,10
5238,10,0,10
5239,10,0,10
5240,10,0,10
5241,10,0,10
5242,10,0,10
5243,10,0,10
5244,10,0,10
5245,10,0,10
5246,10,0,10
5247,8,0,8
5248,8,0,8
5249,9,0,9
5250,9,0,9
5251,9,0,9
5252,9,0,9
5253,9,0,9
5254,9,0,9
5255,9,0,9
5256,9,0,9
5257,9,0,9
5258,9,0,9
5259,9,0,9
5260,9,0,9
5261,9,0,9
5262,8,0,8
5263,8,0,8
5264,8,0,8
5265,8,0,8
5266,8,0,8
5267,8,0,8
5268,8,0,8
5269,8,0,8
5270,8,0,8
5271,8,0,8
5272,8,0,8
5273,8,0,8
5274,8,0,8
5275,9,0,9
5276,9,0,9
5277,9,0,9
5278,9,0,9
5279,9,0,9
5280,9,0,9
5281,8,0,8
5282,8,0,8
5283,8,0,8
5284,8,0,8
5285,8,0,8
5286,8,0,8
5287,8,0,8
5288,8,0,8
5289,8,0,8
5290,8,0,8
5291,8,0,8
5292,8,0,8
5293,8,0,8
5294,8,0,8
5295,8,0,8
5296,8,0,8
5297,8,0,8
5298,7,0,7
5299,8,0,8
5300,8,0,8
5301,8,0,8
5302,8,0,8
5303,8,0,8
5304,8,0,8
5305,8,0,8
5306,8,0,8
5307,8,0,8
5308,8,0,8
5309,8,0,8
5310,8,0,8
5311,8,0,8
5312,8,0,8
5313,8,0,8
5314,8,0,8
5315,8,0,8
5316,8,0,8
5317,8,0,8
5318,8,0,8
5319,8,0,8
5320,8,0,8
5321,8,0,8
5322,8,0,8
5323,7,0,7
5324,7,0,7
5325,7,0,7
5326,7,0,7
5327,7,0,7
5328,7,0,7
5329,7,0,7
5330,7,0,7
5331,7,0,7
5332,7,0,7
5333,7,0,7
5334,7,0,7
5335,8,0,8
5336,8,0,8
5337,8,0,8
5338,8,0,8
5339,8,0,8
5340,8,0,8
5341,8,0,8
5342,8,0,8
5343,8,0,8
5344,8,0,8
5345,8,0,8
5346,8,0,8
5347,8,0,8
5348,8,0,8
5349,8,0,8
5350,8,0,8
5351,8,0,8
5352,8,0,8
5353,7,0,7
5354,7,0,7
5355,7,0,7
5356,7,0,7
5357,7,0,7
5358,7,0,7
5359,7,0,7
5360,7,0,7
5361,7,0,7
5362,7,0,7
5363,7,0,7
5364,7,0,7
5365,7,0,7
5366,7,0,7
5367,7,0,7
5368,7,0,7
5369,8,0,8
5370,8,0,8
5371,8,0,8
5372,8,0,8
5373,8,0,8
5374,8,0,8
5375,8,0,8
5376,8,0,8
5377,8,0,8
5378,8,0,8
5379,8,0,8
5380,8,0,8
5381,8,0,8
5382,8,0,8
5383,8,0,8
5384,8,0,8
5385,7,0,7
5386,7,0,7
5387,7,0,7
5388,7,0,7
5389,8,0,8
5390,8,0,8
5391,8,0,8
5392,8,0,8
5393,8,0,8
5394,9,0,9
5395,9,0,9
5396,10,0,10
5397,10,0,10
5398,10,0,10
5399,9,0,9
5400,9,0,9
5401,9,0,9
5402,9,0,9
5403,9,0,9
5404,9,0,9
5405,10,0,10
5406,10,0,10
5407,9,0,9
5408,9,0,9
5409,9,0,9
5410,9,0,9
5411,9,0,9
5412,9,0,9
5413,9,0,9
5414,9,0,9
5415,9,0,9
5416,9,0,9
5417,9,0,9
5418,9,0,9
5419,9,0,9
5420,9,0,9
5421,9,0,9
5422,9,0,9
5423,9,0,9
5424,9,0,9
5425,9,0,9
5426,9,0,9
5427,9,0,9
5428,9,0,9
5429,9,0,9
5430,9,0,9
5431,9,0,9
5432,9,0,9
5433,9,0,9
5434,10,0,10
5435,10,0,10
5436,10,0,10
5437,10,0,10
5438,10,0,10
5439,10,0,10
5440,10,0,10
5441,11,0,11
5442,11,0,11
5443,11,0,11
5444,11,0,11
5445,11,0,11
5446,11,0,11
5447,11,0,11
5448,11,0,11
5449,11,0,11
5450,11,0,11
5451,11,0,11
5452,11,0,11
5453,12,0,12
5454,12,0,12
5455,12,0,12
5456,12,0,12
5457,12,0,12
5458,12,0,12
5459,12,0,12
5460,12,0,12
5461,12,0,12
5462,11,0,11
5463,11,0,11
5464,10,0,10
5465,10,0,10
5466,10,0,10
5467,10,0,10
5468,10,0,10
5469,10,0,10
5470,10,0,10
5471,10,0,10
5472,10,0,10
5473,10,0,10
5474,10,0,10
5475,10,0,10
5476,10,0,10
5477,9,0,9
5478,10,0,10
5479,10,0,10
5480,10,0,10
5481,9,0,9
5482,9,0,9
5483,9,0,9
5484,9,0,9
5485,9,0,9
5486,9,0,9
5487,9,0,9
5488,9,0,9
5489,9,0,9
5490,9,0,9
5491,9,0,9
5492,9,0,9
5493,9,0,9
5494,9,0,9
5495,9,0,9
5496,9,0,9
5497,9,0,9
5498,9,0,9
5499,9,0,9
5500,9,0,9
5501,9,0,9
5502,9,0,9
5503,10,0,10
5504,10,0,10
5505,10,0,10
5506,10,0,10
5507,10,0,10
5508,11,0,11
5509,11,0,11
5510,10,0,10
5511,10,0,10
5512,10,0,10
5513,10,0,10
5514,10,0,10
5515,10,0,10
5516,11,0,11
5517,11,0,11
5518,11,0,11
5519,11,0,11
5520,11,0,11
5521,10,0,10
5522,10,0,10
5523,11,0,11
5524,11,0,11
5525,11,0,11
5526,11,0,11
5527,11,0,11
5528,11,0,11
5529,11,0,11
5530,11,0,11
5531,12,0,12
5532,14,0,14
5533,13,0,13
5534,13,0,13
5535,13,0,13
5536,13,0,13
5537,13,0,13
5538,13,0,13
5539,13,0,13
5540,13,0,13
5541,13,0,13
5542,13,0,13
5543,13,0,13
5544,13,0,13
5545,13,0,13
5546,13,0,13
5547,13,0,13
5548,12,0,12
5549,12,0,12
5550,12,0,12
5551,12,0,12
5552,12,0,12
5553,12,0,12
5554,12,0,12
5555,12,0,12
5556,12,0,12
5557,12,0,12
5558,12,0,12
5559,12,0,12
5560,12,0,12
5561,12,0,12
5562,12,0,12
5563,12,0,12
5564,12,0,12
5565,12,0,12
5566,12,0,12
5567,12,0,12
5568,12,0,12
5569,12,0,12
5570,12,0,12
5571,12,0,12
5572,12,0,12
5573,12,0,12
5574,12,0,12
5575,12,0,12
5576,12,0,12
5577,12,0,12
5578,12,0,12
5579,12,0,12
5580,11,0,11
5581,11,0,11
5582,11,0,11
5583,11,0,11
5584,11,0,11
5585,11,0,11
5586,11,0,11
5587,11,0,11
5588,11,0,11
5589,11,0,11
5590,11,0,11
5591,11,0,11
5592,11,0,11
5593,11,0,11
5594,11,0,11
5595,11,0,11
5596,11,0,11
5597,10,0,10
5598,10,0,10
5599,10,0,10
5600,10,0,10
5601,11,0,11
5602,11,0,11
5603,11,0,11
5604,11,0,11
5605,11,0,11
5606,11,0,11
5607,11,0,11
5608,10,0,10
5609,10,0,10
5610,10,0,10
5611,10,0,10
5612,10,0,10
5613,10,0,10
5614,10,0,10
5615,10,0,10
5616,10,0,10
5617,10,0,10
5618,10,0,10
5619,11,0,11
5620,11,0,11
5621,11,0,11
5622,11,0,11
5623,11,0,11
5624,11,0,11
5625,11,0,11
5626,11,0,11
5627,11,0,11
5628,11,0,11
5629,11,0,11
5630,11,0,11
5631,11,0,11
5632,11,0,11
5633,11,0,11
5634,11,0,11
5635,10,0,10
5636,9,0,9
5637,9,0,9
5638,9,0,9
5639,9,0,9
5640,9,0,9
5641,9,0,9
5642,9,0,9
5643,9,0,9
5644,9,0,9
5645,9,0,9
5646,9,0,9
5647,9,0,9
5648,9,0,9
5649,9,0,9
5650,10,0,10
5651,10,0,10
5652,10,0,10
5653,10,0,10
5654,10,0,10
5655,10,0,10
5656,10,0,10
5657,10,0,10
5658,11,0,11
5659,11,0,11
5660,10,0,10
5661,10,0,10
5662,10,0,10
5663,9,0,9
5664,9,0,9
5665,9,0,9
5666,9,0,9
5667,9,0,9
5668,9,0,9
5669,9,0,9
5670,9,0,9
5671,9,0,9
5672,9,0,9
5673,9,0,9
5674,9,0,9
5675,9,0,9
5676,9,0,9
5677,9,0,9
5678,9,0,9
5679,9,0,9
5680,9,0,9
5681,9,0,9
5682,9,0,9
5683,9,0,9
5684,8,0,8
5685,8,0,8
5686,9,0,9
5687,9,0,9
5688,9,0,9
5689,8,0,8
5690,8,0,8
5691,9,0,9
5692,9,0,9
5693,9,0,9
5694,9,0,9
5695,9,0,9
5696,9,0,9
5697,9,0,9
5698,10,0,10
5699,11,0,11
5700,11,0,11
5701,11,0,11
5702,11,0,11
5703,11,0,11
5704,11,0,11
5705,11,0,11
5706,11,0,11
5707,11,0,11
5708,11,0,11
5709,11,0,11
5710,11,0,11
5711,11,0,11
5712,11,0,11
5713,11,0,11
5714,11,0,11
5715,11,0,11
5716,10,0,10
5717,10,0,10
5718,10,0,10
5719,10,0,10
5720,10,0,10
5721,10,0,10
5722,10,0,10
5723,11,0,11
5724,11,0,11
5725,12,0,12
5726,12,0,12
5727,12,0,12
5728,12,0,12
5729,12,0,12
5730,12,0,12
5731,12,0,12
5732,12,0,12
5733,12,0,12
5734,12,0,12
5735,12,0,12
5736,12,0,12
5737,12,0,12
5738,12,0,12
5739,12,0,12
5740,12,0,12
5741,12,0,12
5742,12,0,12
5743,12,0,12
5744,12,0,12
5745,12,0,12
5746,11,0,11
5747,11,0,11
5748,11,0,11
5749,11,0,11
5750,11,0,11
5751,11,0,11
5752,11,0,11
5753,11,0,11
5754,10,0,10
5755,10,0,10
5756,10,0,10
5757,10,0,10
5758,10,0,10
5759,10,0,10
5760,10,0,10
5761,10,0,10
5762,10,0,10
5763,10,0,10
5764,10,0,10
5765,10,0,10
5766,10,0,10
5767,11,0,11
5768,11,0,11
5769,11,0,11
5770,11,0,11
5771,11,0,11
5772,11,0,11
5773,10,0,10
5774,10,0,10
5775,10,0,10
5776,10,0,10
5777,10,0,10
5778,9,0,9
5779,9,0,9
5780,9,0,9
5781,9,0,9
5782,9,0,9
5783,8,0,8
5784,8,0,8
5785,9,0,9
5786,9,0,9
5787,9,0,9
5788,9,0,9
5789,9,0,9
5790,10,0,10
5791,10,0,10
5792,10,0,10
5793,10,0,10
5794,10,0,10
5795,10,0,10
5796,10,0,10
5797,10,0,10
5798,10,0,10
5799,10,0,10
5800,10,0,10
5801,10,0,10
5802,10,0,10
5803,10,0,10
5804,10,0,10
5805,11,0,11
5806,11,0,11
5807,11,0,11
5808,11,0,11
5809,11,0,11
5810,11,0,11
5811,11,0,11
5812,11,0,11
5813,11,0,11
5814,11,0,11
5815,11,0,11
5816,11,0,11
5817,11,0,11
5818,11,0,11
5819,11,0,11
5820,11,0,11
5821,11,0,11
5822,11,0,11
5823,11,0,11
5824,11,0,11
5825,11,0,11
5826,11,0,11
5827,11,0,11
5828,11,0,11
5829,11,0,11
5830,11,0,11
5831,11,0,11
5832,11,0,11
5833,11,0,11
5834,11,0,11
5835,11,0,11
5836,12,0,12
5837,12,0,12
5838,12,0,12
5839,12,0,12
5840,12,0,12
5841,12,0,12
5842,12,0,12
5843,11,0,11
5844,11,0,11
5845,12,0,12
5846,12,0,12
5847,12,0,12
5848,12,0,12
5849,12,0,12
5850,12,0,12
5851,12,0,12
5852,12,0,12
5853,12,0,12
5854,12,0,12
5855,13,0,13
5856,13,0,13
5857,13,0,13
5858,13,0,13
5859,13,0,13
5860,13,0,13
5861,13,0,13
5862,13,0,13
5863,13,0,13
5864,13,0,13
5865,13,0,13
5866,13,0,13
5867,13,0,13
5868,13,0,13
5869,13,0,13
5870,13,0,13
5871,13,0,13
5872,13,0,13
5873,13,0,13
5874,13,0,13
5875,13,0,13
5876,14,0,14
5877,14,0,14
5878,14,0,14
5879,14,0,14
5880,14,0,14
5881,13,0,13
5882,13,0,13
5883,13,0,13
5884,14,0,14
5885,14,0,14
5886,14,0,14
5887,14,0,14
5888,14,0,14
5889,14,0,14
5890,15,0,15
5891,14,0,14
5892,14,0,14
5893,14,0,14
5894,14,0,14
5895,14,0,14
5896,14,0,14
5897,14,0,14
5898,14,0,14
5899,15,0,15
5900,15,0,15
5901,15,0,15
5902,16,0,16
5903,16,0,16
5904,16,0,16
5905,16,0,16
5906,16,0,16
5907,16,0,16
5908,16,0,16
5909,16,0,16
5910,16,0,16
5911,16,0,16
5912,16,0,16
5913,16,0,16
5914,16,0,16
5915,16,0,16
5916,16,0,16
5917,16,0,16
5918,16,0,16
5919,16,0,16
5920,16,0,16
5921,16,0,16
5922,16,0,16
5923,16,0,16
5924,16,0,16
5925,16,0,16
5926,16,0,16
5927,16,0,16
5928,16,0,16
5929,16,0,16
5930,16,0,16
5931,14,0,14
5932,14,0,14
5933,14,0,14
5934,14,0,14
5935,14,0,14
5936,14,0,14
5937,15,0,15
5938,14,0,14
5939,14,0,14
5940,13,0,13
5941,13,0,13
5942,13,0,13
5943,13,0,13
5944,14,0,14
5945,14,0,14
5946,14,0,14
5947,14,0,14
5948,14,0,14
5949,15,0,15
5950,15,0,15
5951,16,0,16
5952,16,0,16
5953,16,0,16
5954,16,0,16
5955,16,0,16
5956,16,0,16
5957,16,0,16
5958,16,0,16
5959,16,0,16
5960,16,0,16
5961,16,0,16
5962,16,0,16
5963,15,0,15
5964,15,0,15
5965,15,0,15
5966,15,0,15
5967,15,0,15
5968,15,0,15
5969,15,0,15
5970,14,0,14
5971,14,0,14
5972,14,0,14
5973,14,0,14
5974,14,0,14
5975,14,0,14
5976,14,0,14
5977,14,0,14
5978,14,0,14
5979,14,0,14
5980,14,0,14
5981,14,0,14
5982,14,0,14
5983,14,0,14
5984,14,0,14
5985,14,0,14
5986,14,0,14
5987,14,0,14
5988,14,0,14
5989,14,0,14
5990,14,0,14
5991,14,0,14
5992,14,0,14
5993,14,0,14
5994,14,0,14
5995,14,0,14
5996,14,0,14
5997,14,0,14
5998,14,0,14
5999,14,0,14
6000,14,0,14
6001,13,0,13
6002,12,0,12
6003,12,0,12
6004,12,0,12
6005,12,0,12
6006,12,0,12
6007,13,0,13
6008,13,0,13
6009,12,0,12
6010,12,0,12
6011,11,0,11
6012,12,0,12
6013,12,0,12
6014,12,0,12
6015,12,0,12
6016,12,0,12
6017,12,0,12
6018,12,0,12
6019,13,0,13
6020,13,0,13
6021,13,0,13
6022,13,0,13
6023,13,0,13
6024,13,0,13
6025,13,0,13
6026,13,0,13
6027,13,0,13
6028,13,0,13
6029,12,0,12
6030,12,0,12
6031,12,0,12
6032,12,0,12
6033,12,0,12
6034,12,0,12
6035,12,0,12
6036,12,0,12
6037,12,0,12
6038,12,0,12
6039,13,0,13
6040,13,0,13
6041,13,0,13
6042,13,0,13
6043,12,0,12
6044,12,0,12
6045,12,0,12
6046,12,0,12
6047,12,0,12
6048,13,0,13
6049,14,0,14
6050,14,0,14
6051,14,0,14
6052,13,0,13
6053,13,0,13
6054,13,0,13
6055,13,0,13
6056,13,0,13
6057,13,0,13
6058,14,0,14
6059,14,0,14
6060,14,0,14
6061,14,0,14
6062,14,0,14
6063,14,0,14
6064,14,0,14
6065,14,0,14
6066,14,0,14
6067,14,0,14
6068,14,0,14
6069,14,0,14
6070,14,0,14
6071,14,0,14
6072,14,0,14
6073,14,0,14
6074,14,0,14
6075,14,0,14
6076,14,0,14
6077,14,0,14
6078,14,0,14
6079,14,0,14
6080,14,0,14
6081,14,0,14
6082,14,0,14
6083,14,0,14
6084,14,0,14
6085,14,0,14
6086,13,0,13
6087,13,0,13
6088,12,0,12
6089,13,0,13
6090,14,0,14
6091,14,0,14
6092,14,0,14
6093,14,0,14
6094,14,0,14
6095,14,0,14
6096,14,0,14
6097,14,0,14
6098,14,0,14
6099,14,0,14
6100,14,0,14
6101,14,0,14
6102,14,0,14
6103,14,0,14
6104,14,0,14
6105,13,0,13
6106,14,0,14
6107,14,0,14
6108,14,0,14
6109,15,0,15
6110,15,0,15
6111,15,0,15
6112,15,0,15
6113,15,0,15
6114,15,0,15
6115,15,0,15
6116,15,0,15
6117,15,0,15
6118,15,0,15
6119,15,0,15
6120,15,0,15
6121,15,0,15
6122,16,0,16
6123,16,0,16
6124,16,0,16
6125,15,0,15
6126,15,0,15
6127,15,0,15
6128,15,0,15
6129,15,0,15
6130,15,0,15
6131,15,0,15
6132,15,0,15
6133,15,0,15
6134,14,0,14
6135,15,0,15
6136,15,0,15
6137,15,0,15
6138,15,0,15
6139,15,0,15
6140,15,0,15
6141,15,0,15
6142,15,0,15
6143,15,0,15
6144,15,0,15
6145,15,0,15
6146,15,0,15
6147,14,0,14
6148,14,0,14
6149,14,0,14
6150,14,0,14
6151,14,0,14
6152,14,0,14
6153,14,0,14
6154,13,0,13
6155,13,0,13
6156,12,0,12
6157,12,0,12
6158,12,0,12
6159,12,0,12
6160,12,0,12
6161,12,0,12
6162,12,0,12
6163,12,0,12
6164,12,0,12
6165,12,0,12
6166,12,0,12
6167,12,0,12
6168,12,0,12
6169,11,0,11
6170,11,0,11
6171,11,0,11
6172,11,0,11
6173,11,0,11
6174,11,0,11
6175,11,0,11
6176,11,0,11
6177,11,0,11
6178,10,0,10
6179,10,0,10
6180,10,0,10
6181,10,0,10
6182,10,0,10
6183,10,0,10
6184,10,0,10
6185,10,0,10
6186,10,0,10
6187,10,0,10
6188,10,0,10
6189,10,0,10
6190,10,0,10
6191,10,0,10
6192,10,0,10
6193,10,0,10
6194,11,0,11
6195,11,0,11
6196,11,0,11
6197,11,0,11
6198,11,0,11
6199,11,0,11
6200,12,0,12
6201,12,0,12
6202,12,0,12
6203,12,0,12
6204,12,0,12
6205,12,0,12
6206,11,0,11
6207,11,0,11
6208,11,0,11
6209,11,0,11
6210,11,0,11
6211,11,0,11
6212,11,0,11
6213,11,0,11
6214,11,0,11
6215,11,0,11
6216,11,0,11
6217,11,0,11
6218,11,0,11
6219,11,0,11
6220,11,0,11
6221,11,0,11
6222,11,0,11
6223,11,0,11
6224,11,0,11
6225,11,0,11
6226,11,0,11
6227,11,0,11
6228,11,0,11
6229,11,0,11
6230,11,0,11
6231,10,0,10
6232,10,0,10
6233,10,0,10
6234,10,0,10
6235,10,0,10
6236,10,0,10
6237,10,0,10
6238,10,0,10
6239,10,0,10
6240,10,0,10
6241,10,0,10
6242,11,0,11
6243,10,0,10
6244,10,0,10
6245,10,0,10
6246,10,0,10
6247,10,0,10
6248,10,0,10
6249,10,0,10
6250,10,0,10
6251,10,0,10
6252,10,0,10
6253,10,0,10
6254,10,0,10
6255,10,0,10
6256,10,0,10
6257,10,0,10
6258,9,0,9
6259,9,0,9
6260,9,0,9
6261,9,0,9
6262,9,0,9
6263,9,0,9
6264,9,0,9
6265,9,0,9
6266,9,0,9
6267,9,0,9
6268,9,0,9
6269,9,0,9
6270,9,0,9
6271,8,0,8
6272,8,0,8
6273,8,0,8
6274,8,0,8
6275,8,0,8
6276,7,0,7
6277,7,0,7
6278,7,0,7
6279,7,0,7
6280,7,0,7
6281,7,0,7
6282,7,0,7
6283,7,0,7
6284,8,0,8
6285,8,0,8
6286,8,0,8
6287,8,0,8
6288,8,0,8
6289,8,0,8
6290,8,0,8
6291,8,0,8
6292,8,0,8
6293,8,0,8
6294,8,0,8
6295,8,0,8
6296,8,0,8
6297,8,0,8
6298,8,0,8
6299,8,0,8
6300,8,0,8
6301,8,0,8
6302,8,0,8
6303,8,0,8
6304,8,0,8
6305,8,0,8
6306,8,0,8
6307,9,0,9
6308,9,0,9
6309,9,0,9
6310,9,0,9
6311,9,0,9
6312,9,0,9
6313,9,0,9
6314,9,0,9
6315,9,0,9
6316,9,0,9
6317,9,0,9
6318,10,0,10
6319,10,0,10
6320,10,0,10
6321,10,0,10
6322,10,0,10
6323,10,0,10
6324,10,0,10
6325,10,0,10
6326,10,0,10
6327,10,0,10
6328,11,0,11
6329,11,0,11
6330,11,0,11
6331,11,0,11
6332,11,0,11
6333,10,0,10
6334,10,0,10
6335,10,0,10
6336,10,0,10
6337,10,0,10
6338,10,0,10
6339,10,0,10
6340,10,0,10
6341,10,0,10
6342,10,0,10
6343,10,0,10
6344,10,0,10
6345,10,0,10
6346,10,0,10
6347,10,0,10
6348,10,0,10
6349,10,0,10
6350,10,0,10
6351,10,0,10
6352,10,0,10
6353,10,0,10
6354,10,0,10
6355,10,0,10
6356,10,0,10
6357,10,0,10
6358,10,0,10
6359,10,0,10
6360,10,0,10
6361,10,0,10
6362,10,0,10
6363,10,0,10
6364,9,0,9
6365,9,0,9
6366,9,0,9
6367,9,0,9
6368,9,0,9
6369,9,0,9
6370,9,0,9
6371,9,0,9
6372,9,0,9
6373,9,0,9
6374,8,0,8
6375,8,0,8
6376,8,0,8
6377,8,0,8
6378,8,0,8
6379,8,0,8
6380,8,0,8
6381,9,0,9
6382,9,0,9
6383,9,0,9
6384,9,0,9
6385,9,0,9
6386,9,0,9
6387,9,0,9
6388,9,0,9
6389,9,0,9
6390,9,0,9
6391,9,0,9
6392,9,0,9
6393,9,0,9
6394,10,0,10
6395,11,0,11
6396,11,0,11
6397,11,0,11
6398,12,0,12
6399,12,0,12
6400,12,0,12
6401,12,0,12
6402,12,0,12
6403,12,0,12
6404,12,0,12
6405,12,0,12
6406,12,0,12
6407,12,0,12
6408,12,0,12
6409,12,0,12
6410,12,0,12
6411,12,0,12
6412,12,0,12
6413,12,0,12
6414,12,0,12
6415,12,0,12
6416,12,0,12
6417,12,0,12
6418,12,0,12
6419,12,0,12
6420,12,0,12
6421,12,0,12
6422,12,0,12
6423,12,0,12
6424,11,0,11
6425,11,0,11
6426,11,0,11
6427,11,0,11
6428,11,0,11
6429,11,0,11
6430,11,0,11
6431,11,0,11
6432,11,0,11
6433,11,0,11
6434,11,0,11
6435,11,0,11
6436,11,0,11
6437,11,0,11
6438,11,0,11
6439,12,0,12
6440,12,0,12
6441,12,0,12
6442,12,0,12
6443,12,0,12
6444,12,0,12
6445,12,0,12
6446,12,0,12
6447,12,0,12
6448,12,0,12
6449,12,0,12
6450,12,0,12
6451,12,0,12
6452,12,0,12
6453,12,0,12
6454,12,0,12
6455,12,0,12
6456,12,0,12
6457,12,0,12
6458,11,0,11
6459,11,0,11
6460,11,0,11
6461,11,0,11
6462,11,0,11
6463,11,0,11
6464,10,0,10
6465,10,0,10
6466,10,0,10
6467,10,0,10
6468,10,0,10
6469,10,0,10
6470,10,0,10
6471,9,0,9
6472,9,0,9
6473,9,0,9
6474,9,0,9
6475,9,0,9
6476,9,0,9
6477,9,0,9
6478,9,0,9
6479,9,0,9
6480,9,0,9
6481,9,0,9
6482,9,0,9
6483,9,0,9
6484,9,0,9
6485,9,0,9
6486,9,0,9
6487,9,0,9
6488,9,0,9
6489,9,0,9
6490,9,0,9
6491,9,0,9
6492,9,0,9
6493,9,0,9
6494,9,0,9
6495,9,0,9
6496,9,0,9
6497,8,0,8
6498,7,0,7
6499,7,0,7
6500,7,0,7
6501,7,0,7
6502,7,0,7
6503,7,0,7
6504,7,0,7
6505,7,0,7
6506,7,0,7
6507,8,0,8
6508,8,0,8
6509,8,0,8
6510,8,0,8
6511,8,0,8
6512,8,0,8
6513,8,0,8
6514,8,0,8
6515,7,0,7
6516,7,0,7
6517,7,0,7
6518,7,0,7
6519,7,0,7
6520,7,0,7
6521,7,0,7
6522,7,0,7
6523,7,0,7
6524,7,0,7
6525,7,0,7
6526,7,0,7
6527,7,0,7
6528,7,0,7
6529,7,0,7
6530,7,0,7
6531,8,0,8
6532,8,0,8
6533,8,0,8
6534,7,0,7
6535,8,0,8
6536,8,0,8
6537,8,0,8
6538,8,0,8
6539,8,0,8
6540,8,0,8
6541,8,0,8
6542,8,0,8
6543,8,0,8
6544,8,0,8
6545,8,0,8
6546,9,0,9
6547,9,0,9
6548,10,0,10
6549,10,0,10
6550,11,0,11
6551,11,0,11
6552,11,0,11
6553,10,0,10
6554,10,0,10
6555,10,0,10
6556,10,0,10
6557,10,0,10
6558,10,0,10
6559,10,0,10
6560,10,0,10
6561,10,0,10
6562,10,0,10
6563,10,0,10
6564,10,0,10
6565,10,0,10
6566,10,0,10
6567,10,0,10
6568,10,0,10
6569,10,0,10
6570,11,0,11
6571,11,0,11
6572,12,0,12
6573,12,0,12
6574,12,0,12
6575,12,0,12
6576,12,0,12
6577,12,0,12
6578,12,0,12
6579,12,0,12
6580,11,0,11
6581,11,0,11
6582,11,0,11
6583,11,0,11
6584,11,0,11
6585,10,0,10
6586,10,0,10
6587,11,0,11
6588,11,0,11
6589,11,0,11
6590,11,0,11
6591,11,0,11
6592,11,0,11
6593,11,0,11
6594,12,0,12
6595,12,0,12
6596,12,0,12
6597,12,0,12
6598,12,0,12
6599,12,0,12
6600,12,0,12
6601,12,0,12
6602,12,0,12
6603,12,0,12
6604,12,0,12
6605,12,0,12
6606,12,0,12
6607,12,0,12
6608,12,0,12
6609,12,0,12
6610,12,0,12
6611,12,0,12
6612,12,0,12
6613,12,0,12
6614,12,0,12
6615,12,0,12
6616,12,0,12
6617,12,0,12
6618,12,0,12
6619,12,0,12
6620,12,0,12
6621,12,0,12
6622,12,0,12
6623,12,0,12
6624,12,0,12
6625,13,0,13
6626,13,0,13
6627,13,0,13
6628,13,0,13
6629,13,0,13
6630,13,0,13
6631,13,0,13
6632,13,0,13
6633,13,0,13
6634,13,0,13
6635,13,0,13
6636,13,0,13
6637,13,0,13
6638,12,0,12
6639,12,0,12
6640,11,0,11
6641,11,0,11
6642,11,0,11
6643,11,0,11
6644,10,0,10
6645,10,0,10
6646,10,0,10
6647,11,0,11
6648,11,0,11
6649,11,0,11
6650,11,0,11
6651,11,0,11
6652,11,0,11
6653,11,0,11
6654,10,0,10
6655,10,0,10
6656,10,0,10
6657,10,0,10
6658,11,0,11
6659,11,0,11
6660,11,0,11
6661,11,0,11
6662,11,0,11
6663,10,0,10
6664,10,0,10
6665,10,0,10
6666,11,0,11
6667,11,0,11
6668,11,0,11
6669,11,0,11
6670,11,0,11
6671,11,0,11
6672,11,0,11
6673,11,0,11
6674,11,0,11
6675,11,0,11
6676,11,0,11
6677,10,0,10
6678,10,0,10
6679,10,0,10
6680,10,0,10
6681,10,0,10
6682,10,0,10
6683,10,0,10
6684,11,0,11
6685,11,0,11
6686,10,0,10
6687,10,0,10
6688,10,0,10
6689,10,0,10
6690,10,0,10
6691,10,0,10
6692,10,0,10
6693,10,0,10
6694,10,0,10
6695,10,0,10
6696,10,0,10
6697,10,0,10
6698,10,0,10
6699,10,0,10
6700,10,0,10
6701,10,0,10
6702,10,0,10
6703,10,0,10
6704,10,0,10
6705,10,0,10
6706,10,0,10
6707,11,0,11
6708,11,0,11
6709,11,0,11
6710,10,0,10
6711,10,0,10
6712,10,0,10
6713,10,0,10
6714,10,0,10
6715,10,0,10
6716,10,0,10
6717,10,0,10
6718,10,0,10
6719,10,0,10
6720,10,0,10
6721,10,0,10
6722,10,0,10
6723,10,0,10
6724,10,0,10
6725,9,0,9
6726,9,0,9
6727,9,0,9
6728,9,0,9
6729,9,0,9
6730,9,0,9
6731,9,0,9
6732,9,0,9
6733,9,0,9
6734,9,0,9
6735,10,0,10
6736,10,0,10
6737,10,0,10
6738,10,0,10
6739,10,0,10
6740,10,0,10
6741,10,0,10
6742,10,0,10
6743,10,0,10
6744,10,0,10
6745,10,0,10
6746,10,0,10
6747,10,0,10
6748,10,0,10
6749,10,0,10
6750,10,0,10
6751,10,0,10
6752,10,0,10
6753,10,0,10
6754,10,0,10
6755,10,0,10
6756,10,0,10
6757,10,0,10
6758,11,0,11
6759,11,0,11
6760,11,0,11
6761,12,0,12
6762,12,0,12
6763,12,0,12
6764,12,0,12
6765,12,0,12
6766,12,0,12
6767,12,0,12
6768,12,0,12
6769,12,0,12
6770,12,0,12
6771,12,0,12
6772,13,0,13
6773,13,0,13
6774,13,0,13
6775,13,0,13
6776,12,0,12
6777,12,0,12
6778,12,0,12
6779,12,0,12
6780,12,0,12
6781,12,0,12
6782,12,0,12
6783,11,0,11
6784,10,0,10
6785,10,0,10
6786,10,0,10
6787,10,0,10
6788,10,0,10
6789,11,0,11
6790,11,0,11
6791,11,0,11
6792,11,0,11
6793,11,0,11
6794,11,0,11
6795,11,0,11
6796,11,0,11
6797,11,0,11
6798,11,0,11
6799,11,0,11
6800,11,0,11
6801,11,0,11
6802,11,0,11
6803,11,0,11
6804,11,0,11
6805,11,0,11
6806,11,0,11
6807,12,0,12
6808,12,0,12
6809,12,0,12
6810,12,0,12
6811,12,0,12
6812,12,0,12
6813,12,0,12
6814,12,0,12
6815,12,0,12
6816,12,0,12
6817,12,0,12
6818,12,0,12
6819,12,0,12
6820,12,0,12
6821,12,0,12
6822,12,0,12
6823,12,0,12
6824,12,0,12
6825,12,0,12
6826,12,0,12
6827,12,0,12
6828,12,0,12
6829,12,0,12
6830,12,0,12
6831,12,0,12
6832,12,0,12
6833,12,0,12
6834,12,0,12
6835,12,0,12
6836,12,0,12
6837,13,0,13
6838,13,0,13
6839,13,0,13
6840,13,0,13
6841,13,0,13
6842,14,0,14
6843,13,0,13
6844,13,0,13
6845,13,0,13
6846,13,0,13
6847,13,0,13
6848,13,0,13
6849,13,0,13
6850,13,0,13
6851,13,0,13
6852,13,0,13
6853,13,0,13
6854,13,0,13
6855,13,0,13
6856,13,0,13
6857,12,0,12
6858,11,0,11
6859,11,0,11
6860,11,0,11
6861,10,0,10
6862,10,0,10
6863,10,0,10
6864,10,0,10
6865,10,0,10
6866,10,0,10
6867,10,0,10
6868,10,0,10
6869,10,0,10
6870,10,0,10
6871,10,0,10
6872,10,0,10
6873,10,0,10
6874,10,0,10
6875,10,0,10
6876,10,0,10
6877,9,0,9
6878,9,0,9
6879,9,0,9
6880,9,0,9
6881,9,0,9
6882,9,0,9
6883,9,0,9
6884,9,0,9
6885,9,0,9
6886,9,0,9
6887,9,0,9
6888,9,0,9
6889,9,0,9
6890,9,0,9
6891,9,0,9
6892,9,0,9
6893,9,0,9
6894,9,0,9
6895,9,0,9
6896,9,0,9
6897,9,0,9
6898,9,0,9
6899,9,0,9
6900,9,0,9
6901,9,0,9
6902,9,0,9
6903,9,0,9
6904,9,0,9
6905,8,0,8
6906,8,0,8
6907,7,0,7
6908,7,0,7
6909,7,0,7
6910,7,0,7
6911,7,0,7
6912,7,0,7
6913,7,0,7
6914,7,0,7
6915,7,0,7
6916,7,0,7
6917,7,0,7
6918,7,0,7
6919,7,0,7
6920,7,0,7
6921,7,0,7
6922,7,0,7
6923,7,0,7
6924,7,0,7
6925,7,0,7
6926,7,0,7
6927,7,0,7
6928,7,0,7
6929,7,0,7
6930,7,0,7
6931,7,0,7
6932,7,0,7
6933,7,0,7
6934,7,0,7
6935,7,0,7
6936,7,0,7
6937,7,0,7
6938,7,0,7
6939,6,0,6
6940,6,0,6
6941,6,0,6
6942,6,0,6
6943,6,0,6
6944,6,0,6
6945,6,0,6
6946,6,0,6
6947,6,0,6
6948,6,0,6
6949,6,0,6
6950,6,0,6
6951,6,0,6
6952,6,0,6
6953,6,0,6
6954,5,0,5
6955,5,0,5
6956,5,0,5
6957,5,0,5
6958,5,0,5
6959,5,0,5
6960,5,0,5
6961,5,0,5
6962,5,0,5
6963,5,0,5
6964,5,0,5
6965,5,0,5
6966,5,0,5
6967,5,0,5
6968,5,0,5
6969,6,0,6
6970,6,0,6
6971,6,0,6
6972,6,0,6
6973,6,0,6
6974,6,0,6
6975,6,0,6
6976,6,0,6
6977,6,0,6
6978,6,0,6
6979,6,0,6
6980,6,0,6
6981,6,0,6
6982,6,0,6
6983,6,0,6
6984,6,0,6
6985,6,0,6
6986,6,0,6
6987,6,0,6
6988,6,0,6
6989,6,0,6
6990,6,0,6
6991,6,0,6
6992,6,0,6
6993,6,0,6
6994,6,0,6
6995,7,0,7
6996,7,0,7
6997,7,0,7
6998,7,0,7
6999,6,0,6
7000,6,0,6
7001,6,0,6
7002,6,0,6
7003,6,0,6
7004,6,0,6
7005,6,0,6
7006,6,0,6
7007,6,0,6
7008,6,0,6
7009,6,0,6
7010,6,0,6
7011,6,0,6
7012,6,0,6
7013,6,0,6
7014,6,0,6
7015,6,0,6
7016,6,0,6
7017,6,0,6
7018,6,0,6
7019,6,0,6
7020,6,0,6
7021,6,0,6
7022,6,0,6
7023,6,0,6
7024,6,0,6
7025,6,0,6
7026,6,0,6
7027,6,0,6
7028,6,0,6
7029,6,0,6
7030,6,0,6
7031,6,0,6
7032,6,0,6
7033,6,0,6
7034,6,0,6
7035,7,0,7
7036,7,0,7
7037,7,0,7
7038,7,0,7
7039,7,0,7
7040,7,0,7
7041,7,0,7
7042,7,0,7
7043,7,0,7
7044,7,0,7
7045,7,0,7
7046,7,0,7
7047,7,0,7
7048,7,0,7
7049,7,0,7
7050,7,0,7
7051,7,0,7
7052,7,0,7
7053,7,0,7
7054,7,0,7
7055,7,0,7
7056,7,0,7
7057,7,0,7
7058,7,0,7
7059,7,0,7
7060,7,0,7
7061,7,0,7
7062,7,0,7
7063,7,0,7
7064,7,0,7
7065,7,0,7
7066,7,0,7
7067,7,0,7
7068,7,0,7
7069,7,0,7
7070,7,0,7
7071,6,0,6
7072,6,0,6
7073,6,0,6
7074,6,0,6
7075,6,0,6
7076,6,0,6
7077,6,0,6
7078,7,0,7
7079,7,0,7
7080,7,0,7
7081,7,0,7
7082,7,0,7
7083,7,0,7
7084,7,0,7
7085,7,0,7
7086,7,0,7
7087,7,0,7
7088,7,0,7
7089,7,0,7
7090,7,0,7
7091,7,0,7
7092,7,0,7
7093,7,0,7
7094,7,0,7
7095,7,0,7
7096,7,0,7
7097,7,0,7
7098,7,0,7
7099,7,0,7
7100,7,0,7
7101,7,0,7
7102,7,0,7
7103,7,0,7
7104,7,0,7
7105,7,0,7
7106,7,0,7
7107,7,0,7
7108,7,0,7
7109,7,0,7
7110,7,0,7
7111,7,0,7
7112,7,0,7
7113,7,0,7
7114,7,0,7
7115,7,0,7
7116,7,0,7
7117,7,0,7
7118,7,0,7
7119,7,0,7
7120,6,0,6
7121,6,0,6
7122,6,0,6
7123,6,0,6
7124,6,0,6
7125,6,0,6
7126,6,0,6
7127,6,0,6
7128,6,0,6
7129,6,0,6
7130,6,0,6
7131,6,0,6
7132,6,0,6
7133,6,0,6
7134,6,0,6
7135,6,0,6
7136,6,0,6
7137,6,0,6
7138,6,0,6
7139,5,0,5
7140,5,0,5
7141,5,0,5
7142,6,0,6
7143,6,0,6
7144,6,0,6
7145,6,0,6
7146,6,0,6
7147,6,0,6
7148,6,0,6
7149,6,0,6
7150,6,0,6
7151,6,0,6
7152,6,0,6
7153,6,0,6
7154,6,0,6
7155,6,0,6
7156,6,0,6
7157,6,0,6
7158,6,0,6
7159,6,0,6
7160,6,0,6
7161,6,0,6
7162,6,0,6
7163,5,0,5
7164,5,0,5
7165,5,0,5
7166,5,0,5
7167,5,0,5
7168,5,0,5
7169,5,0,5
7170,5,0,5
7171,5,0,5
7172,5,0,5
7173,5,0,5
7174,4,0,4
7175,4,0,4
7176,4,0,4
7177,4,0,4
7178,4,0,4
7179,5,0,5
7180,6,0,6
7181,6,0,6
7182,6,0,6
7183,6,0,6
7184,6,0,6
7185,6,0,6
7186,6,0,6
7187,6,0,6
7188,6,0,6
7189,6,0,6
7190,6,0,6
7191,6,0,6
7192,6,0,6
7193,6,0,6
7194,6,0,6
7195,6,0,6
7196,6,0,6
7197,6,0,6
7198,6,0,6
7199,6,0,6
7200,6,0,6
7201,6,0,6
7202,6,0,6
7203,6,0,6
7204,6,0,6
7205,6,0,6
7206,6,0,6
7207,6,0,6
7208,6,0,6
7209,6,0,6
7210,6,0,6
7211,6,0,6
7212,6,0,6
7213,7,0,7
7214,7,0,7
7215,7,0,7
7216,7,0,7
7217,7,0,7
7218,7,0,7
7219,7,0,7
7220,7,0,7
7221,8,0,8
7222,8,0,8
7223,8,0,8
7224,7,0,7
7225,7,0,7
7226,7,0,7
7227,8,0,8
7228,8,0,8
7229,8,0,8
7230,8,0,8
7231,8,0,8
7232,8,0,8
7233,8,0,8
7234,8,0,8
7235,8,0,8
7236,8,0,8
7237,9,0,9
7238,9,0,9
7239,9,0,9
7240,9,0,9
7241,10,0,10
7242,10,0,10
7243,10,0,10
7244,10,0,10
7245,10,0,10
7246,10,0,10
7247,10,0,10
7248,10,0,10
7249,10,0,10
7250,10,0,10
7251,10,0,10
7252,9,0,9
7253,9,0,9
7254,9,0,9
7255,9,0,9
7256,9,0,9
7257,9,0,9
7258,10,0,10
7259,10,0,10
7260,10,0,10
7261,10,0,10
7262,10,0,10
7263,10,0,10
7264,10,0,10
7265,10,0,10
7266,11,0,11
7267,10,0,10
7268,10,0,10
7269,10,0,10
7270,11,0,11
7271,11,0,11
7272,11,0,11
7273,11,0,11
7274,11,0,11
7275,11,0,11
7276,11,0,11
7277,11,0,11
7278,11,0,11
7279,11,0,11
7280,11,0,11
7281,12,0,12
7282,12,0,12
7283,12,0,12
7284,13,0,13
7285,13,0,13
7286,13,0,13
7287,13,0,13
7288,13,0,13
7289,13,0,13
7290,13,0,13
7291,13,0,13
7292,13,0,13
7293,13,0,13
7294,13,0,13
7295,13,0,13
7296,13,0,13
7297,12,0,12
7298,13,0,13
7299,13,0,13
7300,13,0,13
7301,13,0,13
7302,13,0,13
7303,13,0,13
7304,13,0,13
7305,12,0,12
7306,12,0,12
7307,12,0,12
7308,12,0,12
7309,12,0,12
7310,12,0,12
7311,12,0,12
7312,12,0,12
7313,12,0,12
7314,12,0,12
7315,12,0,12
7316,12,0,12
7317,12,0,12
7318,12,0,12
7319,12,0,12
7320,12,0,12
7321,12,0,12
7322,12,0,12
7323,11,0,11
7324,12,0,12
7325,12,0,12
7326,14,0,14
7327,14,0,14
7328,13,0,13
7329,13,0,13
7330,13,0,13
7331,13,0,13
7332,13,0,13
7333,14,0,14
7334,14,0,14
7335,14,0,14
7336,12,0,12
7337,12,0,12
7338,12,0,12
7339,12,0,12
7340,12,0,12
7341,12,0,12
7342,12,0,12
7343,13,0,13
7344,13,0,13
7345,13,0,13
7346,13,0,13
7347,13,0,13
7348,13,0,13
7349,13,0,13
7350,13,0,13
7351,13,0,13
7352,13,0,13
7353,13,0,13
7354,13,0,13
7355,13,0,13
7356,13,0,13
7357,13,0,13
7358,13,0,13
7359,13,0,13
7360,13,0,13
7361,13,0,13
7362,13,0,13
7363,13,0,13
7364,13,0,13
7365,13,0,13
7366,12,0,12
7367,12,0,12
7368,12,0,12
7369,12,0,12
7370,11,0,11
7371,11,0,11
7372,11,0,11
7373,10,0,10
7374,9,0,9
7375,9,0,9
7376,9,0,9
7377,9,0,9
7378,9,0,9
7379,9,0,9
7380,9,0,9
7381,9,0,9
7382,9,0,9
7383,9,0,9
7384,9,0,9
7385,9,0,9
7386,9,0,9
7387,9,0,9
7388,9,0,9
7389,9,0,9
7390,9,0,9
7391,10,0,10
7392,10,0,10
7393,10,0,10
7394,10,0,10
7395,10,0,10
7396,10,0,10
7397,10,0,10
7398,10,0,10
7399,10,0,10
7400,10,0,10
7401,10,0,10
7402,11,0,11
7403,10,0,10
7404,10,0,10
7405,10,0,10
7406,10,0,10
7407,10,0,10
7408,9,0,9
7409,9,0,9
7410,9,0,9
7411,9,0,9
7412,9,0,9
7413,9,0,9
7414,9,0,9
7415,9,0,9
7416,9,0,9
7417,9,0,9
7418,10,0,10
7419,10,0,10
7420,10,0,10
7421,10,0,10
7422,10,0,10
7423,10,0,10
7424,10,0,10
7425,10,0,10
7426,10,0,10
7427,10,0,10
7428,10,0,10
7429,10,0,10
7430,10,0,10
7431,10,0,10
7432,10,0,10
7433,10,0,10
7434,10,0,10
7435,10,0,10
7436,10,0,10
7437,10,0,10
7438,10,0,10
7439,10,0,10
7440,10,0,10
7441,10,0,10
7442,9,0,9
7443,9,0,9
7444,10,0,10
7445,10,0,10
7446,10,0,10
7447,10,0,10
7448,10,0,10
7449,10,0,10
7450,10,0,10
7451,10,0,10
7452,10,0,10
7453,10,0,10
7454,10,0,10
7455,10,0,10
7456,10,0,10
7457,11,0,11
7458,11,0,11
7459,11,0,11
7460,11,0,11
7461,11,0,11
7462,11,0,11
7463,11,0,11
7464,11,0,11
7465,11,0,11
7466,11,0,11
7467,11,0,11
7468,11,0,11
7469,12,0,12
7470,12,0,12
7471,11,0,11
7472,11,0,11
7473,11,0,11
7474,11,0,11
7475,11,0,11
7476,11,0,11
7477,11,0,11
7478,12,0,12
7479,12,0,12
7480,12,0,12
7481,12,0,12
7482,12,0,12
7483,12,0,12
7484,12,0,12
7485,12,0,12
7486,12,0,12
7487,12,0,12
7488,12,0,12
7489,12,0,12
7490,12,0,12
7491,12,0,12
7492,12,0,12
7493,12,0,12
7494,12,0,12
7495,12,0,12
7496,12,0,12
7497,12,0,12
7498,12,0,12
7499,12,0,12
7500,11,0,11
7501,12,0,12
7502,11,0,11
7503,11,0,11
7504,11,0,11
7505,11,0,11
7506,11,0,11
7507,11,0,11
7508,11,0,11
7509,11,0,11
7510,10,0,10
7511,10,0,10
7512,11,0,11
7513,11,0,11
7514,11,0,11
7515,11,0,11
7516,11,0,11
7517,11,0,11
7518,10,0,10
7519,10,0,10
7520,10,0,10
7521,10,0,10
7522,10,0,10
7523,10,0,10
7524,10,0,10
7525,10,0,10
7526,10,0,10
7527,10,0,10
7528,10,0,10
7529,10,0,10
7530,11,0,11
7531,11,0,11
7532,11,0,11
7533,12,0,12
7534,12,0,12
7535,12,0,12
7536,12,0,12
7537,12,0,12
7538,11,0,11
7539,11,0,11
7540,12,0,12
7541,12,0,12
7542,12,0,12
7543,12,0,12
7544,12,0,12
7545,12,0,12
7546,12,0,12
7547,12,0,12
7548,11,0,11
7549,11,0,11
7550,11,0,11
7551,12,0,12
7552,11,0,11
7553,11,0,11
7554,11,0,11
7555,11,0,11
7556,11,0,11
7557,11,0,11
7558,11,0,11
7559,11,0,11
7560,11,0,11
7561,11,0,11
7562,11,0,11
7563,11,0,11
7564,11,0,11
7565,11,0,11
7566,11,0,11
7567,11,0,11
7568,11,0,11
7569,11,0,11
7570,11,0,11
7571,11,0,11
7572,11,0,11
7573,11,0,11
7574,11,0,11
7575,11,0,11
7576,10,0,10
7577,10,0,10
7578,10,0,10
7579,9,0,9
7580,9,0,9
7581,9,0,9
7582,9,0,9
7583,9,0,9
7584,9,0,9
7585,9,0,9
7586,9,0,9
7587,9,0,9
7588,9,0,9
7589,9,0,9
7590,9,0,9
7591,9,0,9
7592,9,0,9
7593,9,0,9
7594,9,0,9
7595,9,0,9
7596,9,0,9
7597,9,0,9
7598,9,0,9
7599,9,0,9
7600,9,0,9
7601,8,0,8
7602,8,0,8
7603,8,0,8
7604,8,0,8
7605,8,0,8
7606,8,0,8
7607,8,0,8
7608,7,0,7
7609,7,0,7
7610,7,0,7
7611,7,0,7
7612,7,0,7
7613,7,0,7
7614,7,0,7
7615,7,0,7
7616,8,0,8
7617,8,0,8
7618,8,0,8
7619,8,0,8
7620,9,0,9
7621,9,0,9
7622,9,0,9
7623,9,0,9
7624,9,0,9
7625,9,0,9
7626,9,0,9
7627,9,0,9
7628,9,0,9
7629,9,0,9
7630,9,0,9
7631,9,0,9
7632,8,0,8
7633,8,0,8
7634,8,0,8
7635,8,0,8
7636,8,0,8
7637,8,0,8
7638,7,0,7
7639,7,0,7
7640,7,0,7
7641,7,0,7
7642,7,0,7
7643,7,0,7
7644,7,0,7
7645,7,0,7
7646,7,0,7
7647,7,0,7
7648,7,0,7
7649,7,0,7
7650,7,0,7
7651,7,0,7
7652,7,0,7
7653,7,0,7
7654,6,0,6
7655,6,0,6
7656,6,0,6
7657,7,0,7
7658,7,0,7
7659,7,0,7
7660,7,0,7
7661,7,0,7
7662,7,0,7
7663,7,0,7
7664,7,0,7
7665,8,0,8
7666,8,0,8
7667,8,0,8
7668,8,0,8
7669,8,0,8
7670,8,0,8
7671,8,0,8
7672,8,0,8
7673,8,0,8
7674,8,0,8
7675,8,0,8
7676,8,0,8
7677,8,0,8
7678,7,0,7
7679,7,0,7
7680,8,0,8
7681,8,0,8
7682,9,0,9
7683,9,0,9
7684,9,0,9
7685,9,0,9
7686,8,0,8
7687,8,0,8
7688,7,0,7
7689,7,0,7
7690,7,0,7
7691,7,0,7
7692,7,0,7
7693,7,0,7
7694,7,0,7
7695,7,0,7
7696,7,0,7
7697,7,0,7
7698,7,0,7
7699,7,0,7
7700,7,0,7
7701,7,0,7
7702,7,0,7
7703,7,0,7
7704,7,0,7
7705,7,0,7
7706,7,0,7
7707,7,0,7
7708,7,0,7
7709,7,0,7
7710,7,0,7
7711,7,0,7
7712,7,0,7
7713,7,0,7
7714,7,0,7
7715,7,0,7
7716,8,0,8
7717,8,0,8
7718,8,0,8
7719,8,0,8
7720,8,0,8
7721,8,0,8
7722,8,0,8
7723,8,0,8
7724,8,0,8
7725,8,0,8
7726,8,0,8
7727,8,0,8
7728,8,0,8
7729,8,0,8
7730,8,0,8
7731,8,0,8
7732,8,0,8
7733,8,0,8
7734,8,0,8
7735,8,0,8
7736,8,0,8
7737,8,0,8
7738,8,0,8
7739,8,0,8
7740,8,0,8
7741,8,0,8
7742,8,0,8
7743,9,0,9
7744,9,0,9
7745,9,0,9
7746,9,0,9
7747,9,0,9
7748,9,0,9
7749,9,0,9
7750,9,0,9
7751,9,0,9
7752,9,0,9
7753,9,0,9
7754,9,0,9
7755,9,0,9
7756,9,0,9
7757,9,0,9
7758,8,0,8
7759,8,0,8
7760,8,0,8
7761,8,0,8
7762,8,0,8
7763,8,0,8
7764,8,0,8
7765,8,0,8
7766,8,0,8
7767,8,0,8
7768,8,0,8
7769,8,0,8
7770,8,0,8
7771,8,0,8
7772,8,0,8
7773,9,0,9
7774,9,0,9
7775,9,0,9
7776,9,0,9
7777,9,0,9
7778,8,0,8
7779,8,0,8
7780,8,0,8
7781,8,0,8
7782,8,0,8
7783,8,0,8
7784,8,0,8
7785,8,0,8
7786,8,0,8
7787,8,0,8
7788,7,0,7
7789,7,0,7
7790,7,0,7
7791,7,0,7
7792,7,0,7
7793,7,0,7
7794,7,0,7
7795,8,0,8
7796,8,0,8
7797,8,0,8
7798,8,0,8
7799,8,0,8
7800,8,0,8
7801,9,0,9
7802,9,0,9
7803,9,0,9
7804,9,0,9
7805,9,0,9
7806,9,0,9
7807,9,0,9
7808,9,0,9
7809,9,0,9
7810,9,0,9
7811,9,0,9
7812,9,0,9
7813,9,0,9
7814,9,0,9
7815,7,0,7
7816,7,0,7
7817,7,0,7
7818,7,0,7
7819,8,0,8
7820,8,0,8
7821,9,0,9
7822,9,0,9
7823,9,0,9
7824,9,0,9
7825,9,0,9
7826,9,0,9
7827,9,0,9
7828,9,0,9
7829,9,0,9
7830,9,0,9
7831,9,0,9
7832,9,0,9
7833,9,0,9
7834,9,0,9
7835,9,0,9
7836,9,0,9
7837,9,0,9
7838,9,0,9
7839,8,0,8
7840,8,0,8
7841,8,0,8
7842,8,0,8
7843,8,0,8
7844,8,0,8
7845,8,0,8
7846,8,0,8
7847,8,0,8
7848,8,0,8
7849,8,0,8
7850,8,0,8
7851,8,0,8
7852,8,0,8
7853,8,0,8
7854,8,0,8
7855,8,0,8
7856,8,0,8
7857,8,0,8
7858,8,0,8
7859,8,0,8
7860,8,0,8
7861,8,0,8
7862,8,0,8
7863,8,0,8
7864,8,0,8
7865,8,0,8
7866,8,0,8
7867,9,0,9
7868,10,0,10
7869,10,0,10
7870,10,0,10
7871,10,0,10
7872,10,0,10
7873,10,0,10
7874,10,0,10
7875,11,0,11
7876,11,0,11
7877,11,0,11
7878,11,0,11
7879,11,0,11
7880,11,0,11
7881,11,0,11
7882,11,0,11
7883,11,0,11
7884,11,0,11
7885,11,0,11
7886,11,0,11
7887,11,0,11
7888,11,0,11
7889,11,0,11
7890,10,0,10
7891,10,0,10
7892,10,0,10
7893,10,0,10
7894,10,0,10
7895,10,0,10
7896,10,0,10
7897,10,0,10
7898,10,0,10
7899,10,0,10
7900,10,0,10
7901,10,0,10
7902,10,0,10
7903,10,0,10
7904,10,0,10
7905,10,0,10
7906,10,0,10
7907,10,0,10
7908,10,0,10
7909,10,0,10
7910,10,0,10
7911,9,0,9
7912,9,0,9
7913,9,0,9
7914,9,0,9
7915,9,0,9
7916,9,0,9
7917,9,0,9
7918,9,0,9
7919,9,0,9
7920,9,0,9
7921,9,0,9
7922,9,0,9
7923,9,0,9
7924,8,0,8
7925,8,0,8
7926,8,0,8
7927,8,0,8
7928,8,0,8
7929,8,0,8
7930,8,0,8
7931,8,0,8
7932,8,0,8
7933,9,0,9
7934,9,0,9
7935,9,0,9
7936,9,0,9
7937,9,0,9
7938,9,0,9
7939,9,0,9
7940,9,0,9
7941,9,0,9
7942,9,0,9
7943,10,0,10
7944,10,0,10
7945,10,0,10
7946,10,0,10
7947,10,0,10
7948,10,0,10
7949,10,0,10
7950,10,0,10
7951,10,0,10
7952,10,0,10
7953,10,0,10
7954,10,0,10
7955,10,0,10
7956,10,0,10
7957,10,0,10
7958,9,0,9
7959,9,0,9
7960,9,0,9
7961,9,0,9
7962,9,0,9
7963,8,0,8
7964,8,0,8
7965,8,0,8
7966,8,0,8
7967,8,0,8
7968,9,0,9
7969,8,0,8
7970,8,0,8
7971,8,0,8
7972,8,0,8
7973,8,0,8
7974,8,0,8
7975,8,0,8
7976,8,0,8
7977,8,0,8
7978,8,0,8
7979,8,0,8
7980,8,0,8
7981,8,0,8
7982,8,0,8
7983,8,0,8
7984,8,0,8
7985,7,0,7
7986,7,0,7
7987,7,0,7
7988,7,0,7
7989,7,0,7
7990,8,0,8
7991,9,0,9
7992,9,0,9
7993,9,0,9
7994,9,0,9
7995,9,0,9
7996,9,0,9
7997,9,0,9
7998,9,0,9
7999,9,0,9
8000,9,0,9
8001,9,0,9
8002,9,0,9
8003,9,0,9
8004,9,0,9
8005,9,0,9
8006,9,0,9
8007,9,0,9
8008,10,0,10
8009,10,0,10
8010,11,0,11
8011,11,0,11
8012,11,0,11
8013,11,0,11
8014,11,0,11
8015,11,0,11
8016,11,0,11
8017,10,0,10
8018,10,0,10
8019,10,0,10
8020,10,0,10
8021,10,0,10
8022,10,0,10
8023,10,0,10
8024,10,0,10
8025,10,0,10
8026,10,0,10
8027,10,0,10
8028,10,0,10
8029,10,0,10
8030,10,0,10
8031,10,0,10
8032,10,0,10
8033,10,0,10
8034,10,0,10
8035,10,0,10
8036,10,0,10
8037,10,0,10
8038,10,0,10
8039,10,0,10
8040,10,0,10
8041,11,0,11
8042,11,0,11
8043,11,0,11
8044,11,0,11
8045,11,0,11
8046,12,0,12
8047,12,0,12
8048,12,0,12
8049,12,0,12
8050,12,0,12
8051,12,0,12
8052,13,0,13
8053,13,0,13
8054,13,0,13
8055,13,0,13
8056,13,0,13
8057,13,0,13
8058,13,0,13
8059,13,0,13
8060,13,0,13
8061,13,0,13
8062,13,0,13
8063,13,0,13
8064,13,0,13
8065,13,0,13
8066,13,0,13
8067,13,0,13
8068,13,0,13
8069,13,0,13
8070,13,0,13
8071,13,0,13
8072,13,0,13
8073,13,0,13
8074,13,0,13
8075,14,0,14
8076,14,0,14
8077,14,0,14
8078,13,0,13
8079,12,0,12
8080,12,0,12
8081,12,0,12
8082,12,0,12
8083,12,0,12
8084,12,0,12
8085,12,0,12
8086,12,0,12
8087,12,0,12
8088,12,0,12
8089,12,0,12
8090,12,0,12
8091,12,0,12
8092,12,0,12
8093,12,0,12
8094,12,0,12
8095,12,0,12
8096,12,0,12
8097,12,0,12
8098,12,0,12
8099,12,0,12
8100,12,0,12
8101,12,0,12
8102,12,0,12
8103,12,0,12
8104,12,0,12
8105,12,0,12
8106,12,0,12
8107,11,0,11
8108,11,0,11
8109,11,0,11
8110,11,0,11
8111,11,0,11
8112,11,0,11
8113,11,0,11
8114,11,0,11
8115,11,0,11
8116,11,0,11
8117,11,0,11
8118,11,0,11
8119,11,0,11
8120,11,0,11
8121,11,0,11
8122,11,0,11
8123,11,0,11
8124,11,0,11
8125,11,0,11
8126,11,0,11
8127,11,0,11
8128,11,0,11
8129,11,0,11
8130,11,0,11
8131,11,0,11
8132,11,0,11
8133,11,0,11
8134,11,0,11
8135,11,0,11
8136,11,0,11
8137,11,0,11
8138,11,0,11
8139,10,0,10
8140,10,0,10
8141,10,0,10
8142,10,0,10
8143,10,0,10
8144,10,0,10
8145,9,0,9
8146,9,0,9
8147,9,0,9
8148,9,0,9
8149,9,0,9
8150,9,0,9
8151,9,0,9
8152,9,0,9
8153,9,0,9
8154,9,0,9
8155,9,0,9
8156,9,0,9
8157,8,0,8
8158,8,0,8
8159,8,0,8
8160,8,0,8
8161,8,0,8
8162,8,0,8
8163,8,0,8
8164,8,0,8
8165,8,0,8
8166,7,0,7
8167,7,0,7
8168,7,0,7
8169,7,0,7
8170,7,0,7
8171,7,0,7
8172,7,0,7
8173,7,0,7
8174,7,0,7
8175,7,0,7
8176,7,0,7
8177,7,0,7
8178,7,0,7
8179,7,0,7
8180,7,0,7
8181,7,0,7
8182,7,0,7
8183,7,0,7
8184,6,0,6
8185,6,0,6
8186,6,0,6
8187,6,0,6
8188,6,0,6
8189,5,0,5
8190,5,0,5
8191,5,0,5
8192,5,0,5
8193,5,0,5
8194,5,0,5
8195,5,0,5
8196,5,0,5
8197,5,0,5
8198,5,0,5
8199,5,0,5
8200,5,0,5
8201,5,0,5
8202,5,0,5
8203,5,0,5
8204,5,0,5
8205,5,0,5
8206,5,0,5
8207,5,0,5
8208,5,0,5
8209,5,0,5
8210,5,0,5
8211,5,0,5
8212,5,0,5
8213,5,0,5
8214,5,0,5
8215,5,0,5
8216,5,0,5
8217,5,0,5
8218,5,0,5
8219,5,0,5
8220,5,0,5
8221,5,0,5
8222,5,0,5
8223,5,0,5
8224,5,0,5
8225,5,0,5
8226,5,0,5
8227,5,0,5
8228,5,0,5
8229,5,0,5
8230,5,0,5
8231,5,0,5
8232,5,0,5
8233,5,0,5
8234,5,0,5
8235,5,0,5
8236,5,0,5
8237,5,0,5
8238,5,0,5
8239,5,0,5
8240,5,0,5
8241,5,0,5
8242,5,0,5
8243,5,0,5
8244,5,0,5
8245,5,0,5
8246,5,0,5
8247,5,0,5
8248,5,0,5
8249,5,0,5
8250,5,0,5
8251,5,0,5
8252,5,0,5
8253,5,0,5
8254,5,0,5
8255,5,0,5
8256,5,0,5
8257,5,0,5
8258,5,0,5
8259,4,0,4
8260,4,0,4
8261,4,0,4
8262,4,0,4
8263,4,0,4
8264,4,0,4
8265,4,0,4
8266,3,0,3
8267,3,0,3
8268,3,0,3
8269,3,0,3
8270,3,0,3
8271,3,0,3
8272,3,0,3
8273,3,0,3
8274,3,0,3
8275,3,0,3
8276,3,0,3
8277,3,0,3
8278,3,0,3
8279,3,0,3
8280,3,0,3
8281,2,0,2
8282,2,0,2
8283,2,0,2
8284,2,0,2
8285,2,0,2
8286,2,0,2
8287,2,0,2
8288,2,0,2
8289,2,0,2
8290,2,0,2
8291,2,0,2
8292,2,0,2
8293,2,0,2
8294,2,0,2
8295,2,0,2
8296,2,0,2
8297,2,0,2
8298,2,0,2
8299,2,0,2
8300,2,0,2
8301,2,0,2
8302,2,0,2
8303,2,0,2
8304,2,0,2
8305,2,0,2
8306,2,0,2
8307,2,0,2
8308,2,0,2
8309,2,0,2
8310,2,0,2
8311,2,0,2
8312,2,0,2
8313,2,0,2
8314,3,0,3
8315,4,0,4
8316,4,0,4
8317,5,0,5
8318,5,0,5
8319,5,0,5
8320,5,0,5
8321,5,0,5
8322,5,0,5
8323,5,0,5
8324,5,0,5
8325,5,0,5
8326,5,0,5
8327,5,0,5
8328,5,0,5
8329,5,0,5
8330,5,0,5
8331,5,0,5
8332,5,0,5
8333,5,0,5
8334,5,0,5
8335,5,0,5
8336,5,0,5
8337,5,0,5
8338,5,0,5
8339,5,0,5
8340,5,0,5
8341,6,0,6
8342,6,0,6
8343,6,0,6
8344,6,0,6
8345,6,0,6
8346,6,0,6
8347,6,0,6
8348,6,0,6
8349,6,0,6
8350,6,0,6
8351,6,0,6
8352,6,0,6
8353,6,0,6
8354,6,0,6
8355,6,0,6
8356,7,0,7
8357,8,0,8
8358,8,0,8
8359,8,0,8
8360,8,0,8
8361,8,0,8
8362,8,0,8
8363,8,0,8
8364,8,0,8
8365,8,0,8
8366,8,0,8
8367,9,0,9
8368,10,0,10
8369,10,0,10
8370,10,0,10
8371,10,0,10
8372,10,0,10
8373,10,0,10
8374,10,0,10
8375,10,0,10
8376,10,0,10
8377,10,0,10
8378,10,0,10
8379,10,0,10
8380,10,0,10
8381,10,0,10
8382,10,0,10
8383,10,0,10
8384,10,0,10
8385,10,0,10
8386,10,0,10
8387,10,0,10
8388,10,0,10
8389,10,0,10
8390,10,0,10
8391,10,0,10
8392,10,0,10
8393,10,0,10
8394,10,0,10
8395,10,0,10
8396,10,0,10
8397,10,0,10
8398,10,0,10
8399,10,0,10
8400,11,0,11
8401,11,0,11
8402,11,0,11
8403,12,0,12
8404,12,0,12
8405,12,0,12
8406,13,0,13
8407,14,0,14
8408,14,0,14
8409,14,0,14
8410,15,0,15
8411,15,0,15
8412,15,0,15
8413,16,0,16
8414,16,0,16
8415,16,0,16
8416,16,0,16
8417,16,0,16
8418,17,0,17
8419,17,0,17
8420,17,0,17
8421,17,0,17
8422,17,0,17
8423,17,0,17
8424,17,0,17
8425,17,0,17
8426,16,0,16
8427,16,0,16
8428,16,0,16
8429,16,0,16
8430,16,0,16
8431,16,0,16
8432,16,0,16
8433,16,0,16
8434,16,0,16
8435,16,0,16
8436,16,0,16
8437,16,0,16
8438,16,0,16
8439,16,0,16
8440,16,0,16
8441,16,0,16
8442,16,0,16
8443,16,0,16
8444,16,0,16
8445,16,0,16
8446,15,0,15
8447,15,0,15
8448,15,0,15
8449,15,0,15
8450,14,0,14
8451,14,0,14
8452,14,0,14
8453,14,0,14
8454,14,0,14
8455,14,0,14
8456,14,0,14
8457,14,0,14
8458,14,0,14
8459,14,0,14
8460,14,0,14
8461,14,0,14
8462,14,0,14
8463,14,0,14
8464,14,0,14
8465,14,0,14
8466,14,0,14
8467,14,0,14
8468,14,0,14
8469,14,0,14
8470,14,0,14
8471,14,0,14
8472,14,0,14
8473,14,0,14
8474,14,0,14
8475,14,0,14
8476,14,0,14
8477,14,0,14
8478,14,0,14
8479,14,0,14
8480,14,0,14
8481,14,0,14
8482,14,0,14
8483,14,0,14
8484,12,0,12
8485,12,0,12
8486,13,0,13
8487,13,0,13
8488,14,0,14
8489,15,0,15
8490,15,0,15
8491,16,0,16
8492,15,0,15
8493,15,0,15
8494,15,0,15
8495,15,0,15
8496,15,0,15
8497,15,0,15
8498,14,0,14
8499,13,0,13
8500,13,0,13
8501,13,0,13
8502,13,0,13
8503,13,0,13
8504,13,0,13
8505,13,0,13
8506,13,0,13
8507,13,0,13
8508,13,0,13
8509,13,0,13
8510,13,0,13
8511,13,0,13
8512,13,0,13
8513,13,0,13
8514,13,0,13
8515,13,0,13
8516,14,0,14
8517,14,0,14
8518,14,0,14
8519,14,0,14
8520,14,0,14
8521,14,0,14
8522,13,0,13
8523,13,0,13
8524,13,0,13
8525,13,0,13
8526,13,0,13
8527,13,0,13
8528,13,0,13
8529,13,0,13
8530,13,0,13
8531,13,0,13
8532,13,0,13
8533,13,0,13
8534,13,0,13
8535,13,0,13
8536,13,0,13
8537,13,0,13
8538,13,0,13
8539,13,0,13
8540,13,0,13
8541,13,0,13
8542,13,0,13
8543,13,0,13
8544,14,0,14
8545,14,0,14
8546,14,0,14
8547,14,0,14
8548,14,0,14
8549,14,0,14
8550,14,0,14
8551,14,0,14
8552,15,0,15
8553,16,0,16
8554,15,0,15
8555,15,0,15
8556,15,0,15
8557,15,0,15
8558,15,0,15
8559,15,0,15
8560,15,0,15
8561,16,0,16
8562,16,0,16
8563,17,0,17
8564,17,0,17
8565,17,0,17
8566,17,0,17
8567,17,0,17
8568,17,0,17
8569,17,0,17
8570,15,0,15
8571,15,0,15
8572,15,0,15
8573,15,0,15
8574,15,0,15
8575,15,0,15
8576,15,0,15
8577,15,0,15
8578,15,0,15
8579,15,0,15
8580,15,0,15
8581,15,0,15
8582,15,0,15
8583,15,0,15
8584,15,0,15
8585,15,0,15
8586,15,0,15
8587,15,0,15
8588,15,0,15
8589,15,0,15
8590,15,0,15
8591,14,0,14
8592,14,0,14
8593,14,0,14
8594,14,0,14
8595,14,0,14
8596,14,0,14
8597,14,0,14
8598,14,0,14
8599,15,0,15
8600,15,0,15
8601,15,0,15
8602,15,0,15
8603,15,0,15
8604,16,0,16
8605,16,0,16
8606,16,0,16
8607,16,0,16
8608,16,0,16
8609,15,0,15
8610,15,0,15
8611,15,0,15
8612,15,0,15
8613,15,0,15
8614,15,0,15
8615,14,0,14
8616,14,0,14
8617,14,0,14
8618,14,0,14
8619,14,0,14
8620,14,0,14
8621,14,0,14
8622,14,0,14
8623,14,0,14
8624,14,0,14
8625,14,0,14
8626,14,0,14
8627,14,0,14
8628,14,0,14
8629,14,0,14
8630,14,0,14
8631,14,0,14
8632,15,0,15
8633,16,0,16
8634,16,0,16
8635,16,0,16
8636,16,0,16
8637,16,0,16
8638,16,0,16
8639,16,0,16
8640,16,0,16
8641,16,0,16
8642,16,0,16
8643,16,0,16
8644,16,0,16
8645,16,0,16
8646,16,0,16
8647,15,0,15
8648,15,0,15
8649,15,0,15
8650,15,0,15
8651,15,0,15
8652,15,0,15
8653,15,0,15
8654,15,0,15
8655,14,0,14
8656,13,0,13
8657,13,0,13
8658,13,0,13
8659,13,0,13
8660,13,0,13
8661,13,0,13
8662,12,0,12
8663,12,0,12
8664,12,0,12
8665,12,0,12
8666,11,0,11
8667,11,0,11
8668,11,0,11
8669,11,0,11
8670,11,0,11
8671,11,0,11
8672,11,0,11
8673,11,0,11
8674,11,0,11
8675,11,0,11
8676,11,0,11
8677,11,0,11
8678,11,0,11
8679,11,0,11
8680,11,0,11
8681,11,0,11
8682,11,0,11
8683,11,0,11
8684,12,0,12
8685,12,0,12
8686,12,0,12
8687,12,0,12
8688,12,0,12
8689,12,0,12
8690,12,0,12
8691,12,0,12
8692,12,0,12
8693,12,0,12
8694,11,0,11
8695,11,0,11
8696,11,0,11
8697,11,0,11
8698,11,0,11
8699,11,0,11
8700,12,0,12
8701,12,0,12
8702,12,0,12
8703,12,0,12
8704,12,0,12
8705,12,0,12
8706,12,0,12
8707,12,0,12
8708,12,0,12
8709,12,0,12
8710,12,0,12
8711,12,0,12
8712,12,0,12
8713,12,0,12
8714,12,0,12
8715,12,0,12
8716,12,0,12
8717,11,0,11
8718,11,0,11
8719,11,0,11
8720,11,0,11
8721,11,0,11
8722,11,0,11
8723,11,0,11
8724,11,0,11
8725,11,0,11
8726,11,0,11
8727,11,0,11
8728,11,0,11
8729,12,0,12
8730,12,0,12
8731,12,0,12
8732,12,0,12
8733,12,0,12
8734,12,0,12
8735,12,0,12
8736,12,0,12
8737,12,0,12
8738,12,0,12
8739,12,0,12
8740,13,0,13
8741,13,0,13
8742,14,0,14
8743,14,0,14
8744,14,0,14
8745,14,0,14
8746,14,0,14
8747,14,0,14
8748,14,0,14
8749,14,0,14
8750,14,0,14
8751,15,0,15
8752,15,0,15
8753,15,0,15
8754,15,0,15
8755,16,0,16
8756,16,0,16
8757,16,0,16
8758,16,0,16
8759,16,0,16
8760,16,0,16
8761,16,0,16
8762,16,0,16
8763,16,0,16
8764,15,0,15
8765,15,0,15
8766,15,0,15
8767,15,0,15
8768,14,0,14
8769,14,0,14
8770,14,0,14
8771,14,0,14
8772,14,0,14
8773,14,0,14
8774,14,0,14
8775,14,0,14
8776,14,0,14
8777,14,0,14
8778,14,0,14
8779,14,0,14
8780,14,0,14
8781,13,0,13
8782,13,0,13
8783,13,0,13
8784,13,0,13
8785,13,0,13
8786,13,0,13
8787,13,0,13
8788,13,0,13
8789,13,0,13
8790,12,0,12
8791,12,0,12
8792,12,0,12
8793,12,0,12
8794,12,0,12
8795,13,0,13
8796,13,0,13
8797,13,0,13
8798,15,0,15
8799,15,0,15
8800,15,0,15
8801,15,0,15
8802,15,0,15
8803,15,0,15
8804,15,0,15
8805,15,0,15
8806,15,0,15
8807,15,0,15
8808,15,0,15
8809,15,0,15
8810,15,0,15
8811,15,0,15
8812,15,0,15
8813,15,0,15
8814,15,0,15
8815,15,0,15
8816,15,0,15
8817,15,0,15
8818,14,0,14
8819,14,0,14
8820,14,0,14
8821,14,0,14
8822,14,0,14
8823,13,0,13
8824,13,0,13
8825,13,0,13
8826,13,0,13
8827,13,0,13
8828,13,0,13
8829,13,0,13
8830,13,0,13
8831,13,0,13
8832,13,0,13
8833,13,0,13
8834,13,0,13
8835,13,0,13
8836,12,0,12
8837,12,0,12
8838,12,0,12
8839,12,0,12
8840,12,0,12
8841,12,0,12
8842,12,0,12
8843,12,0,12
8844,12,0,12
8845,12,0,12
8846,12,0,12
8847,13,0,13
8848,13,0,13
8849,13,0,13
8850,13,0,13
8851,13,0,13
8852,13,0,13
8853,13,0,13
8854,13,0,13
8855,13,0,13
8856,13,0,13
8857,13,0,13
8858,13,0,13
8859,13,0,13
8860,13,0,13
8861,13,0,13
8862,13,0,13
8863,13,0,13
8864,13,0,13
8865,13,0,13
8866,14,0,14
8867,14,0,14
8868,13,0,13
8869,13,0,13
8870,13,0,13
8871,13,0,13
8872,13,0,13
8873,13,0,13
8874,13,0,13
8875,12,0,12
8876,12,0,12
8877,12,0,12
8878,12,0,12
8879,12,0,12
8880,12,0,12
8881,12,0,12
8882,12,0,12
8883,12,0,12
8884,11,0,11
8885,12,0,12
8886,11,0,11
8887,11,0,11
8888,11,0,11
8889,11,0,11
8890,11,0,11
8891,11,0,11
8892,11,0,11
8893,11,0,11
8894,12,0,12
8895,12,0,12
8896,12,0,12
8897,12,0,12
8898,12,0,12
8899,11,0,11
8900,11,0,11
8901,11,0,11
8902,11,0,11
8903,11,0,11
8904,11,0,11
8905,12,0,12
8906,12,0,12
8907,12,0,12
8908,12,0,12
8909,11,0,11
8910,11,0,11
8911,11,0,11
8912,11,0,11
8913,11,0,11
8914,11,0,11
8915,11,0,11
8916,11,0,11
8917,11,0,11
8918,11,0,11
8919,11,0,11
8920,11,0,11
8921,11,0,11
8922,11,0,11
8923,11,0,11
8924,11,0,11
8925,11,0,11
8926,11,0,11
8927,11,0,11
8928,11,0,11
8929,11,0,11
8930,11,0,11
8931,11,0,11
8932,11,0,11
8933,11,0,11
8934,11,0,11
8935,11,0,11
8936,11,0,11
8937,11,0,11
8938,11,0,11
8939,11,0,11
8940,11,0,11
8941,11,0,11
8942,11,0,11
8943,11,0,11
8944,11,0,11
8945,11,0,11
8946,11,0,11
8947,11,0,11
8948,11,0,11
8949,11,0,11
8950,11,0,11
8951,11,0,11
8952,11,0,11
8953,11,0,11
8954,11,0,11
8955,11,0,11
8956,11,0,11
8957,11,0,11
8958,11,0,11
8959,12,0,12
8960,12,0,12
8961,12,0,12
8962,12,0,12
8963,12,0,12
8964,12,0,12
8965,12,0,12
8966,12,0,12
8967,12,0,12
8968,12,0,12
8969,11,0,11
8970,10,0,10
8971,10,0,10
8972,9,0,9
8973,9,0,9
8974,9,0,9
8975,9,0,9
8976,9,0,9
8977,9,0,9
8978,9,0,9
8979,9,0,9
8980,9,0,9
8981,9,0,9
8982,9,0,9
8983,9,0,9
8984,9,0,9
8985,9,0,9
8986,9,0,9
8987,9,0,9
8988,9,0,9
8989,9,0,9
8990,9,0,9
8991,8,0,8
8992,8,0,8
8993,8,0,8
8994,8,0,8
8995,8,0,8
8996,8,0,8
8997,8,0,8
8998,8,0,8
8999,8,0,8
9000,8,0,8
9001,8,0,8
9002,8,0,8
9003,8,0,8
9004,8,0,8
9005,8,0,8
9006,8,0,8
9007,8,0,8
9008,8,0,8
9009,8,0,8
9010,8,0,8
9011,8,0,8
9012,8,0,8
9013,8,0,8
9014,8,0,8
9015,9,0,9
9016,9,0,9
9017,9,0,9
9018,9,0,9
9019,9,0,9
9020,9,0,9
9021,9,0,9
9022,9,0,9
9023,9,0,9
9024,8,0,8
9025,8,0,8
9026,8,0,8
9027,8,0,8
9028,8,0,8
9029,8,0,8
9030,8,0,8
9031,8,0,8
9032,8,0,8
9033,9,0,9
9034,9,0,9
9035,9,0,9
9036,9,0,9
9037,8,0,8
9038,8,0,8
9039,8,0,8
9040,8,0,8
9041,8,0,8
9042,8,0,8
9043,8,0,8
9044,8,0,8
9045,8,0,8
9046,8,0,8
9047,8,0,8
9048,8,0,8
9049,8,0,8
9050,8,0,8
9051,8,0,8
9052,8,0,8
9053,8,0,8
9054,8,0,8
9055,8,0,8
9056,8,0,8
9057,8,0,8
9058,8,0,8
9059,8,0,8
9060,8,0,8
9061,8,0,8
9062,8,0,8
9063,8,0,8
9064,8,0,8
9065,8,0,8
9066,8,0,8
9067,8,0,8
9068,8,0,8
9069,8,0,8
9070,9,0,9
9071,9,0,9
9072,9,0,9
9073,9,0,9
9074,9,0,9
9075,9,0,9
9076,9,0,9
9077,9,0,9
9078,9,0,9
9079,9,0,9
9080,9,0,9
9081,9,0,9
9082,9,0,9
9083,9,0,9
9084,9,0,9
9085,9,0,9
9086,9,0,9
9087,9,0,9
9088,9,0,9
9089,9,0,9
9090,9,0,9
9091,9,0,9
9092,9,0,9
9093,9,0,9
9094,9,0,9
9095,9,0,9
9096,9,0,9
9097,10,0,10
9098,10,0,10
9099,10,0,10
9100,10,0,10
9101,9,0,9
9102,9,0,9
9103,9,0,9
9104,9,0,9
9105,9,0,9
9106,9,0,9
9107,9,0,9
9108,9,0,9
9109,10,0,10
9110,10,0,10
9111,10,0,10
9112,10,0,10
9113,9,0,9
9114,9,0,9
9115,9,0,9
9116,9,0,9
9117,9,0,9
9118,9,0,9
9119,9,0,9
9120,9,0,9
9121,9,0,9
9122,10,0,10
9123,10,0,10
9124,10,0,10
9125,10,0,10
9126,10,0,10
9127,10,0,10
9128,10,0,10
9129,10,0,10
9130,11,0,11
9131,11,0,11
9132,11,0,11
9133,11,0,11
9134,11,0,11
9135,11,0,11
9136,11,0,11
9137,11,0,11
9138,10,0,10
9139,10,0,10
9140,10,0,10
9141,10,0,10
9142,10,0,10
9143,9,0,9
9144,9,0,9
9145,9,0,9
9146,9,0,9
9147,9,0,9
9148,9,0,9
9149,8,0,8
9150,8,0,8
9151,8,0,8
9152,8,0,8
9153,8,0,8
9154,8,0,8
9155,8,0,8
9156,8,0,8
9157,8,0,8
9158,8,0,8
9159,8,0,8
9160,8,0,8
9161,8,0,8
9162,8,0,8
9163,8,0,8
9164,8,0,8
9165,8,0,8
9166,8,0,8
9167,8,0,8
9168,8,0,8
9169,8,0,8
9170,8,0,8
9171,8,0,8
9172,8,0,8
9173,8,0,8
9174,8,0,8
9175,8,0,8
9176,8,0,8
9177,8,0,8
9178,8,0,8
9179,8,0,8
9180,8,0,8
9181,8,0,8
9182,8,0,8
9183,7,0,7
9184,7,0,7
9185,7,0,7
9186,7,0,7
9187,6,0,6
9188,6,0,6
9189,6,0,6
9190,6,0,6
9191,6,0,6
9192,6,0,6
9193,6,0,6
9194,6,0,6
9195,6,0,6
9196,6,0,6
9197,6,0,6
9198,6,0,6
9199,7,0,7
9200,6,0,6
9201,6,0,6
9202,6,0,6
9203,6,0,6
9204,6,0,6
9205,6,0,6
9206,6,0,6
9207,6,0,6
9208,6,0,6
9209,6,0,6
9210,6,0,6
9211,6,0,6
9212,6,0,6
9213,7,0,7
9214,7,0,7
9215,7,0,7
9216,7,0,7
9217,7,0,7
9218,7,0,7
9219,7,0,7
9220,7,0,7
9221,8,0,8
9222,8,0,8
9223,7,0,7
9224,7,0,7
9225,7,0,7
9226,7,0,7
9227,7,0,7
9228,7,0,7
9229,7,0,7
9230,7,0,7
9231,7,0,7
9232,7,0,7
9233,7,0,7
9234,7,0,7
9235,7,0,7
9236,7,0,7
9237,7,0,7
9238,7,0,7
9239,7,0,7
9240,7,0,7
9241,7,0,7
9242,8,0,8
9243,8,0,8
9244,8,0,8
9245,7,0,7
9246,7,0,7
9247,7,0,7
9248,7,0,7
9249,7,0,7
9250,7,0,7
9251,7,0,7
9252,7,0,7
9253,7,0,7
9254,7,0,7
9255,7,0,7
9256,7,0,7
9257,7,0,7
9258,7,0,7
9259,7,0,7
9260,7,0,7
9261,7,0,7
9262,7,0,7
9263,7,0,7
9264,7,0,7
9265,7,0,7
9266,7,0,7
9267,7,0,7
9268,7,0,7
9269,7,0,7
9270,7,0,7
9271,7,0,7
9272,7,0,7
9273,7,0,7
9274,7,0,7
9275,7,0,7
9276,7,0,7
9277,7,0,7
9278,7,0,7
9279,7,0,7
9280,7,0,7
9281,7,0,7
9282,7,0,7
9283,7,0,7
9284,7,0,7
9285,7,0,7
9286,7,0,7
9287,7,0,7
9288,7,0,7
9289,7,0,7
9290,7,0,7
9291,7,0,7
9292,7,0,7
9293,7,0,7
9294,7,0,7
9295,7,0,7
9296,7,0,7
9297,7,0,7
9298,7,0,7
9299,7,0,7
9300,7,0,7
9301,7,0,7
9302,7,0,7
9303,7,0,7
9304,7,0,7
9305,7,0,7
9306,7,0,7
9307,7,0,7
9308,7,0,7
9309,7,0,7
9310,6,0,6
9311,6,0,6
9312,6,0,6
9313,6,0,6
9314,5,0,5
9315,5,0,5
9316,5,0,5
9317,5,0,5
9318,5,0,5
9319,5,0,5
9320,5,0,5
9321,5,0,5
9322,5,0,5
9323,5,0,5
9324,5,0,5
9325,5,0,5
9326,5,0,5
9327,5,0,5
9328,5,0,5
9329,5,0,5
9330,5,0,5
9331,5,0,5
9332,5,0,5
9333,5,0,5
9334,5,0,5
9335,5,0,5
9336,5,0,5
9337,5,0,5
9338,5,0,5
9339,5,0,5
9340,4,0,4
9341,4,0,4
9342,4,0,4
9343,4,0,4
9344,4,0,4
9345,4,0,4
9346,4,0,4
9347,4,0,4
9348,4,0,4
9349,4,0,4
9350,4,0,4
9351,3,0,3
9352,3,0,3
9353,3,0,3
9354,3,0,3
9355,3,0,3
9356,3,0,3
9357,3,0,3
9358,3,0,3
9359,3,0,3
9360,3,0,3
9361,3,0,3
9362,3,0,3
9363,3,0,3
9364,3,0,3
9365,3,0,3
9366,3,0,3
9367,3,0,3
9368,3,0,3
9369,3,0,3
9370,3,0,3
9371,3,0,3
9372,3,0,3
9373,3,0,3
9374,3,0,3
9375,3,0,3
9376,3,0,3
9377,3,0,3
9378,3,0,3
9379,3,0,3
9380,4,0,4
9381,4,0,4
9382,4,0,4
9383,4,0,4
9384,4,0,4
9385,4,0,4
9386,4,0,4
9387,4,0,4
9388,4,0,4
9389,4,0,4
9390,4,0,4
9391,4,0,4
9392,4,0,4
9393,4,0,4
9394,4,0,4
9395,4,0,4
9396,4,0,4
9397,4,0,4
9398,4,0,4
9399,4,0,4
9400,4,0,4
9401,4,0,4
9402,4,0,4
9403,4,0,4
9404,4,0,4
9405,4,0,4
9406,4,0,4
9407,4,0,4
9408,4,0,4
9409,4,0,4
9410,4,0,4
9411,4,0,4
9412,4,0,4
9413,4,0,4
9414,4,0,4
9415,4,0,4
9416,4,0,4
9417,3,0,3
9418,3,0,3
9419,3,0,3
9420,3,0,3
9421,3,0,3
9422,3,0,3
9423,3,0,3
9424,3,0,3
9425,3,0,3
9426,3,0,3
9427,3,0,3
9428,3,0,3
9429,3,0,3
9430,3,0,3
9431,3,0,3
9432,3,0,3
9433,3,0,3
9434,3,0,3
9435,3,0,3
9436,3,0,3
9437,3,0,3
9438,3,0,3
9439,3,0,3
9440,3,0,3
9441,3,0,3
9442,3,0,3
9443,3,0,3
9444,3,0,3
9445,3,0,3
9446,3,0,3
9447,3,0,3
9448,2,0,2
9449,2,0,2
9450,2,0,2
9451,2,0,2
9452,2,0,2
9453,2,0,2
9454,2,0,2
9455,2,0,2
9456,2,0,2
9457,2,0,2
9458,2,0,2
9459,2,0,2
9460,2,0,2
9461,2,0,2
9462,2,0,2
9463,2,0,2
9464,2,0,2
9465,2,0,2
9466,2,0,2
9467,2,0,2
9468,2,0,2
9469,2,0,2
9470,2,0,2
9471,2,0,2
9472,2,0,2
9473,2,0,2
9474,2,0,2
9475,2,0,2
9476,2,0,2
9477,2,0,2
9478,2,0,2
9479,2,0,2
9480,2,0,2
9481,2,0,2
9482,2,0,2
9483,2,0,2
9484,2,0,2
9485,2,0,2
9486,3,0,3
9487,3,0,3
9488,3,0,3
9489,3,0,3
9490,3,0,3
9491,3,0,3
9492,3,0,3
9493,3,0,3
9494,3,0,3
9495,3,0,3
9496,3,0,3
9497,3,0,3
9498,3,0,3
9499,3,0,3
9500,3,0,3
9501,3,0,3
9502,3,0,3
9503,3,0,3
9504,3,0,3
9505,3,0,3
9506,3,0,3
9507,3,0,3
9508,3,0,3
9509,3,0,3
9510,3,0,3
9511,3,0,3
9512,3,0,3
9513,3,0,3
9514,3,0,3
9515,3,0,3
9516,3,0,3
9517,3,0,3
9518,3,0,3
9519,3,0,3
9520,3,0,3
9521,3,0,3
9522,3,0,3
9523,3,0,3
9524,3,0,3
9525,3,0,3
9526,3,0,3
9527,3,0,3
9528,3,0,3
9529,3,0,3
9530,3,0,3
9531,3,0,3
9532,3,0,3
9533,3,0,3
9534,3,0,3
9535,3,0,3
9536,3,0,3
9537,3,0,3
9538,3,0,3
9539,3,0,3
9540,3,0,3
9541,3,0,3
9542,3,0,3
9543,3,0,3
9544,3,0,3
9545,3,0,3
9546,3,0,3
9547,3,0,3
9548,3,0,3
9549,3,0,3
9550,3,0,3
9551,3,0,3
9552,3,0,3
9553,3,0,3
9554,3,0,3
9555,3,0,3
9556,3,0,3
9557,3,0,3
9558,3,0,3
9559,3,0,3
9560,3,0,3
9561,3,0,3
9562,3,0,3
9563,3,0,3
9564,3,0,3
9565,3,0,3
9566,3,0,3
9567,3,0,3
9568,3,0,3
9569,3,0,3
9570,3,0,3
9571,3,0,3
9572,3,0,3
9573,4,0,4
9574,4,0,4
9575,4,0,4
9576,4,0,4
9577,4,0,4
9578,4,0,4
9579,4,0,4
9580,4,0,4
9581,4,0,4
9582,4,0,4
9583,4,0,4
9584,4,0,4
9585,4,0,4
9586,4,0,4
9587,3,0,3
9588,3,0,3
9589,3,0,3
9590,3,0,3
9591,3,0,3
9592,3,0,3
9593,3,0,3
9594,3,0,3
9595,3,0,3
9596,3,0,3
9597,3,0,3
9598,3,0,3
9599,3,0,3
9600,3,0,3
9601,3,0,3
9602,3,0,3
9603,3,0,3
9604,3,0,3
9605,3,0,3
9606,3,0,3
9607,3,0,3
9608,3,0,3
9609,3,0,3
9610,3,0,3
9611,3,0,3
9612,3,0,3
9613,3,0,3
9614,3,0,3
9615,3,0,3
9616,3,0,3
9617,3,0,3
9618,3,0,3
9619,3,0,3
9620,3,0,3
9621,3,0,3
9622,3,0,3
9623,3,0,3
9624,3,0,3
9625,3,0,3
9626,3,0,3
9627,3,0,3
9628,3,0,3
9629,3,0,3
9630,3,0,3
9631,3,0,3
9632,3,0,3
9633,3,0,3
9634,3,0,3
9635,3,0,3
9636,3,0,3
9637,3,0,3
9638,3,0,3
9639,3,0,3
9640,3,0,3
9641,3,0,3
9642,3,0,3
9643,3,0,3
9644,3,0,3
9645,3,0,3
9646,3,0,3
9647,3,0,3
9648,3,0,3
9649,3,0,3
9650,3,0,3
9651,3,0,3
9652,3,0,3
9653,3,0,3
9654,3,0,3
9655,3,0,3
9656,3,0,3
9657,3,0,3
9658,3,0,3
9659,3,0,3
9660,3,0,3
9661,3,0,3
9662,3,0,3
9663,3,0,3
9664,3,0,3
9665,3,0,3
9666,3,0,3
9667,3,0,3
9668,3,0,3
9669,3,0,3
9670,3,0,3
9671,3,0,3
9672,3,0,3
9673,3,0,3
9674,3,0,3
9675,3,0,3
9676,3,0,3
9677,3,0,3
9678,3,0,3
9679,3,0,3
9680,3,0,3
9681,3,0,3
9682,3,0,3
9683,3,0,3
9684,3,0,3
9685,3,0,3
9686,3,0,3
9687,3,0,3
9688,3,0,3
9689,3,0,3
9690,3,0,3
9691,4,0,4
9692,4,0,4
9693,4,0,4
9694,4,0,4
9695,4,0,4
9696,4,0,4
9697,4,0,4
9698,4,0,4
9699,4,0,4
9700,4,0,4
9701,4,0,4
9702,4,0,4
9703,4,0,4
9704,4,0,4
9705,4,0,4
9706,4,0,4
9707,4,0,4
9708,4,0,4
9709,4,0,4
9710,4,0,4
9711,4,0,4
9712,4,0,4
9713,4,0,4
9714,4,0,4
9715,4,0,4
9716,4,0,4
9717,4,0,4
9718,4,0,4
9719,4,0,4
9720,4,0,4
9721,4,0,4
9722,4,0,4
9723,4,0,4
9724,4,0,4
9725,4,0,4
9726,4,0,4
9727,4,0,4
9728,4,0,4
9729,4,0,4
9730,4,0,4
9731,4,0,4
9732,3,0,3
9733,4,0,4
9734,4,0,4
9735,4,0,4
9736,4,0,4
9737,4,0,4
9738,4,0,4
9739,4,0,4
9740,4,0,4
9741,4,0,4
9742,4,0,4
9743,4,0,4
9744,4,0,4
9745,4,0,4
9746,4,0,4
9747,4,0,4
9748,4,0,4
9749,4,0,4
9750,4,0,4
9751,4,0,4
9752,4,0,4
9753,4,0,4
9754,4,0,4
9755,4,0,4
9756,4,0,4
9757,4,0,4
9758,4,0,4
9759,4,0,4
9760,4,0,4
9761,4,0,4
9762,4,0,4
9763,4,0,4
9764,4,0,4
9765,4,0,4
9766,4,0,4
9767,4,0,4
9768,4,0,4
9769,4,0,4
9770,4,0,4
9771,4,0,4
9772,4,0,4
9773,4,0,4
9774,4,0,4
9775,4,0,4
9776,4,0,4
9777,4,0,4
9778,4,0,4
9779,4,0,4
9780,4,0,4
9781,4,0,4
9782,4,0,4
9783,4,0,4
9784,4,0,4
9785,4,0,4
9786,4,0,4
9787,4,0,4
9788,4,0,4
9789,4,0,4
9790,4,0,4
9791,4,0,4
9792,4,0,4
9793,4,0,4
9794,4,0,4
9795,4,0,4
9796,4,0,4
9797,4,0,4
9798,5,0,5
9799,5,0,5
9800,5,0,5
9801,5,0,5
9802,5,0,5
9803,5,0,5
9804,5,0,5
9805,5,0,5
9806,5,0,5
9807,5,0,5
9808,5,0,5
9809,5,0,5
9810,5,0,5
9811,5,0,5
9812,5,0,5
9813,5,0,5
9814,5,0,5
9815,5,0,5
9816,5,0,5
9817,5,0,5
9818,5,0,5
9819,5,0,5
9820,5,0,5
9821,5,0,5
9822,5,0,5
9823,5,0,5
9824,5,0,5
9825,5,0,5
9826,5,0,5
9827,5,0,5
9828,5,0,5
9829,5,0,5
9830,5,0,5
9831,5,0,5
9832,5,0,5
9833,3,0,3
9834,3,0,3
9835,3,0,3
9836,3,0,3
9837,3,0,3
9838,3,0,3
9839,3,0,3
9840,3,0,3
9841,3,0,3
9842,3,0,3
9843,3,0,3
9844,3,0,3
9845,3,0,3
9846,3,0,3
9847,3,0,3
9848,3,0,3
9849,3,0,3
9850,3,0,3
9851,3,0,3
9852,3,0,3
9853,3,0,3
9854,3,0,3
9855,3,0,3
9856,3,0,3
9857,3,0,3
9858,3,0,3
9859,3,0,3
9860,3,0,3
9861,3,0,3
9862,3,0,3
9863,3,0,3
9864,3,0,3
9865,3,0,3
9866,3,0,3
9867,3,0,3
9868,3,0,3
9869,4,0,4
9870,4,0,4
9871,4,0,4
9872,4,0,4
9873,4,0,4
9874,4,0,4
9875,4,0,4
9876,4,0,4
9877,4,0,4
9878,4,0,4
9879,4,0,4
9880,4,0,4
9881,4,0,4
9882,4,0,4
9883,4,0,4
9884,5,0,5
9885,5,0,5
9886,5,0,5
9887,5,0,5
9888,5,0,5
9889,5,0,5
9890,5,0,5
9891,5,0,5
9892,5,0,5
9893,5,0,5
9894,5,0,5
9895,5,0,5
9896,5,0,5
9897,5,0,5
9898,5,0,5
9899,5,0,5
9900,5,0,5
9901,5,0,5
9902,5,0,5
9903,5,0,5
9904,5,0,5
9905,5,0,5
9906,5,0,5
9907,5,0,5
9908,5,0,5
9909,6,0,6
9910,6,0,6
9911,6,0,6
9912,6,0,6
9913,6,0,6
9914,6,0,6
9915,6,0,6
9916,6,0,6
9917,6,0,6
9918,6,0,6
9919,6,0,6
9920,6,0,6
9921,6,0,6
9922,6,0,6
9923,6,0,6
9924,6,0,6
9925,6,0,6
9926,6,0,6
9927,6,0,6
9928,6,0,6
9929,6,0,6
9930,6,0,6
9931,6,0,6
9932,6,0,6
9933,6,0,6
9934,6,0,6
9935,6,0,6
9936,6,0,6
9937,6,0,6
9938,6,0,6
9939,6,0,6
9940,6,0,6
9941,6,0,6
9942,6,0,6
9943,6,0,6
9944,6,0,6
9945,6,0,6
9946,6,0,6
9947,6,0,6
9948,6,0,6
9949,6,0,6
9950,6,0,6
9951,6,0,6
9952,5,0,5
9953,5,0,5
9954,5,0,5
9955,5,0,5
9956,5,0,5
9957,5,0,5
9958,5,0,5
9959,5,0,5
9960,5,0,5
9961,5,0,5
9962,5,0,5
9963,5,0,5
9964,5,0,5
9965,5,0,5
9966,5,0,5
9967,5,0,5
9968,5,0,5
9969,5,0,5
9970,5,0,5
9971,5,0,5
9972,5,0,5
9973,5,0,5
9974,5,0,5
9975,5,0,5
9976,5,0,5
9977,5,0,5
9978,5,0,5
9979,5,0,5
9980,5,0,5
9981,5,0,5
9982,5,0,5
9983,5,0,5
9984,5,0,5
9985,6,0,6
9986,6,0,6
9987,6,0,6
9988,7,0,7
9989,7,0,7
9990,7,0,7
9991,7,0,7
9992,7,0,7
9993,7,0,7
9994,7,0,7
9995,7,0,7
9996,7,0,7
9997,7,0,7
9998,7,0,7
9999,7,0,7
10000,7,0,7
10001,7,0,7
10002,7,0,7
10003,7,0,7
10004,7,0,7
10005,7,0,7
10006,6,0,6
10007,6,0,6
10008,6,0,6
10009,5,0,5
10010,5,0,5
10011,5,0,5
10012,5,0,5
10013,5,0,5
10014,5,0,5
10015,5,0,5
10016,5,0,5
10017,5,0,5
10018,5,0,5
10019,5,0,5
10020,5,0,5
10021,5,0,5
10022,6,0,6
10023,6,0,6
10024,6,0,6
10025,6,0,6
10026,6,0,6
10027,6,0,6
10028,6,0,6
10029,6,0,6
10030,6,0,6
10031,6,0,6
10032,6,0,6
10033,6,0,6
10034,6,0,6
10035,6,0,6
10036,6,0,6
10037,6,0,6
10038,6,0,6
10039,6,0,6
10040,6,0,6
10041,6,0,6
10042,6,0,6
10043,6,0,6
10044,6,0,6
10045,6,0,6
10046,6,0,6
10047,6,0,6
10048,6,0,6
10049,6,0,6
10050,6,0,6
10051,6,0,6
10052,6,0,6
10053,6,0,6
10054,6,0,6
10055,6,0,6
10056,6,0,6
10057,6,0,6
10058,5,0,5
10059,5,0,5
10060,5,0,5
10061,5,0,5
10062,5,0,5
10063,5,0,5
10064,5,0,5
10065,5,0,5
10066,5,0,5
10067,5,0,5
10068,5,0,5
10069,5,0,5
10070,5,0,5
10071,5,0,5
10072,5,0,5
10073,5,0,5
10074,5,0,5
10075,5,0,5
10076,5,0,5
10077,5,0,5
10078,5,0,5
10079,5,0,5
10080,5,0,5
10081,5,0,5
10082,5,0,5
10083,5,0,5
10084,5,0,5
10085,5,0,5
10086,5,0,5
10087,5,0,5
10088,5,0,5
10089,5,0,5
10090,5,0,5
10091,5,0,5
10092,5,0,5
10093,5,0,5
10094,5,0,5
10095,5,0,5
10096,5,0,5
10097,5,0,5
10098,5,0,5
10099,5,0,5
10100,5,0,5
10101,5,0,5
10102,5,0,5
10103,5,0,5
10104,5,0,5
10105,5,0,5
10106,5,0,5
10107,5,0,5
10108,5,0,5
10109,5,0,5
10110,5,0,5
10111,5,0,5
10112,5,0,5
10113,5,0,5
10114,5,0,5
10115,5,0,5
10116,5,0,5
10117,5,0,5
10118,5,0,5
10119,5,0,5
10120,5,0,5
10121,5,0,5
10122,5,0,5
10123,5,0,5
10124,5,0,5
10125,5,0,5
10126,5,0,5
10127,5,0,5
10128,5,0,5
10129,5,0,5
10130,5,0,5
10131,5,0,5
10132,5,0,5
10133,5,0,5
10134,5,0,5
10135,5,0,5
10136,5,0,5
10137,5,0,5
10138,6,0,6
10139,6,0,6
10140,6,0,6
10141,6,0,6
10142,6,0,6
10143,6,0,6
10144,6,0,6
10145,6,0,6
10146,6,0,6
10147,6,0,6
10148,6,0,6
10149,6,0,6
10150,6,0,6
10151,6,0,6
10152,6,0,6
10153,6,0,6
10154,6,0,6
10155,6,0,6
10156,6,0,6
10157,6,0,6
10158,6,0,6
10159,6,0,6
10160,6,0,6
10161,6,0,6
10162,6,0,6
10163,6,0,6
10164,6,0,6
10165,6,0,6
10166,6,0,6
10167,6,0,6
10168,6,0,6
10169,6,0,6
10170,6,0,6
10171,6,0,6
10172,6,0,6
10173,6,0,6
10174,6,0,6
10175,6,0,6
10176,6,0,6
10177,5,0,5
10178,5,0,5
10179,5,0,5
10180,5,0,5
10181,5,0,5
10182,5,0,5
10183,5,0,5
10184,6,0,6
10185,6,0,6
10186,6,0,6
10187,6,0,6
10188,6,0,6
10189,6,0,6
10190,6,0,6
10191,6,0,6
10192,6,0,6
10193,6,0,6
10194,6,0,6
10195,6,0,6
10196,6,0,6
10197,6,0,6
10198,6,0,6
10199,6,0,6
10200,6,0,6
10201,6,0,6
10202,6,0,6
10203,6,0,6
10204,6,0,6
10205,6,0,6
10206,6,0,6
10207,6,0,6
10208,6,0,6
10209,6,0,6
10210,6,0,6
10211,6,0,6
10212,6,0,6
10213,6,0,6
10214,6,0,6
10215,6,0,6
10216,6,0,6
10217,6,0,6
10218,6,0,6
10219,5,0,5
10220,5,0,5
10221,5,0,5
10222,5,0,5
10223,5,0,5
10224,5,0,5
10225,5,0,5
10226,5,0,5
10227,5,0,5
10228,5,0,5
10229,5,0,5
10230,5,0,5
10231,5,0,5
10232,5,0,5
10233,5,0,5
10234,5,0,5
10235,5,0,5
10236,5,0,5
10237,5,0,5
10238,5,0,5
10239,5,0,5
10240,5,0,5
10241,5,0,5
10242,5,0,5
10243,5,0,5
10244,5,0,5
10245,5,0,5
10246,5,0,5
10247,5,0,5
10248,5,0,5
10249,5,0,5
10250,5,0,5
10251,5,0,5
10252,5,0,5
10253,5,0,5
10254,5,0,5
10255,5,0,5
10256,5,0,5
10257,5,0,5
10258,5,0,5
10259,5,0,5
10260,5,0,5
10261,5,0,5
10262,5,0,5
10263,5,0,5
10264,5,0,5
10265,5,0,5
10266,5,0,5
10267,5,0,5
10268,5,0,5
10269,5,0,5
10270,5,0,5
10271,5,0,5
10272,5,0,5
10273,4,0,4
10274,4,0,4
10275,4,0,4
10276,4,0,4
10277,4,0,4
10278,4,0,4
10279,4,0,4
10280,4,0,4
10281,4,0,4
10282,4,0,4
10283,4,0,4
10284,4,0,4
10285,3,0,3
10286,3,0,3
10287,3,0,3
10288,3,0,3
10289,3,0,3
10290,3,0,3
10291,3,0,3
10292,3,0,3
10293,3,0,3
10294,3,0,3
10295,3,0,3
10296,3,0,3
10297,3,0,3
10298,3,0,3
10299,3,0,3
10300,3,0,3
10301,3,0,3
10302,3,0,3
10303,3,0,3
10304,3,0,3
10305,3,0,3
10306,3,0,3
10307,3,0,3
10308,3,0,3
10309,3,0,3
10310,3,0,3
10311,3,0,3
10312,3,0,3
10313,3,0,3
10314,3,0,3
10315,3,0,3
10316,3,0,3
10317,3,0,3
10318,3,0,3
10319,3,0,3
10320,3,0,3
10321,3,0,3
10322,3,0,3
10323,3,0,3
10324,3,0,3
10325,3,0,3
10326,3,0,3
10327,3,0,3
10328,3,0,3
10329,3,0,3
10330,3,0,3
10331,3,0,3
10332,3,0,3
10333,3,0,3
10334,3,0,3
10335,3,0,3
10336,3,0,3
10337,3,0,3
10338,3,0,3
10339,3,0,3
10340,3,0,3
10341,3,0,3
10342,3,0,3
10343,3,0,3
10344,3,0,3
10345,3,0,3
10346,3,0,3
10347,3,0,3
10348,3,0,3
10349,3,0,3
10350,3,0,3
10351,3,0,3
10352,3,0,3
10353,3,0,3
10354,3,0,3
10355,3,0,3
10356,3,0,3
10357,3,0,3
10358,3,0,3
10359,3,0,3
10360,3,0,3
10361,3,0,3
10362,3,0,3
10363,4,0,4
10364,5,0,5
10365,5,0,5
10366,5,0,5
10367,5,0,5
10368,5,0,5
10369,5,0,5
10370,5,0,5
10371,5,0,5
10372,5,0,5
10373,5,0,5
10374,5,0,5
10375,5,0,5
10376,5,0,5
10377,5,0,5
10378,5,0,5
10379,5,0,5
10380,5,0,5
10381,5,0,5
10382,5,0,5
10383,5,0,5
10384,5,0,5
10385,5,0,5
10386,5,0,5
10387,5,0,5
10388,5,0,5
10389,5,0,5
10390,5,0,5
10391,5,0,5
10392,5,0,5
10393,5,0,5
10394,5,0,5
10395,5,0,5
10396,5,0,5
10397,5,0,5
10398,5,0,5
10399,5,0,5
10400,6,0,6
10401,6,0,6
10402,6,0,6
10403,6,0,6
10404,6,0,6
10405,6,0,6
10406,6,0,6
10407,6,0,6
10408,6,0,6
10409,6,0,6
10410,6,0,6
10411,6,0,6
10412,6,0,6
10413,6,0,6
10414,6,0,6
10415,6,0,6
10416,6,0,6
10417,6,0,6
10418,6,0,6
10419,6,0,6
10420,6,0,6
10421,6,0,6
10422,6,0,6
10423,6,0,6
10424,6,0,6
10425,6,0,6
10426,6,0,6
10427,6,0,6
10428,6,0,6
10429,6,0,6
10430,6,0,6
10431,6,0,6
10432,6,0,6
10433,6,0,6
10434,6,0,6
10435,6,0,6
10436,6,0,6
10437,6,0,6
10438,5,0,5
10439,5,0,5
10440,5,0,5
10441,5,0,5
10442,5,0,5
10443,5,0,5
10444,5,0,5
10445,5,0,5
10446,5,0,5
10447,5,0,5
10448,5,0,5
10449,4,0,4
10450,4,0,4
10451,4,0,4
10452,4,0,4
10453,4,0,4
10454,4,0,4
10455,4,0,4
10456,4,0,4
10457,4,0,4
10458,4,0,4
10459,4,0,4
10460,4,0,4
10461,4,0,4
10462,4,0,4
10463,4,0,4
10464,4,0,4
10465,4,0,4
10466,4,0,4
10467,4,0,4
10468,4,0,4
10469,4,0,4
10470,4,0,4
10471,4,0,4
10472,4,0,4
10473,4,0,4
10474,4,0,4
10475,4,0,4
10476,4,0,4
10477,4,0,4
10478,4,0,4
10479,4,0,4
10480,5,0,5
10481,5,0,5
10482,5,0,5
10483,5,0,5
10484,5,0,5
10485,5,0,5
10486,5,0,5
10487,5,0,5
10488,5,0,5
10489,5,0,5
10490,5,0,5
10491,5,0,5
10492,5,0,5
10493,5,0,5
10494,5,0,5
10495,5,0,5
10496,5,0,5
10497,5,0,5
10498,5,0,5
10499,5,0,5
10500,5,0,5
10501,5,0,5
10502,5,0,5
10503,5,0,5
10504,5,0,5
10505,5,0,5
10506,5,0,5
10507,5,0,5
10508,5,0,5
10509,5,0,5
10510,5,0,5
10511,5,0,5
10512,5,0,5
10513,5,0,5
10514,5,0,5
10515,5,0,5
10516,5,0,5
10517,5,0,5
10518,5,0,5
10519,5,0,5
10520,6,0,6
10521,6,0,6
10522,6,0,6
10523,4,0,4
10524,4,0,4
10525,4,0,4
10526,4,0,4
10527,4,0,4
10528,4,0,4
10529,4,0,4
10530,4,0,4
10531,4,0,4
10532,4,0,4
10533,4,0,4
10534,4,0,4
10535,4,0,4
10536,4,0,4
10537,4,0,4
10538,4,0,4
10539,4,0,4
10540,4,0,4
10541,4,0,4
10542,4,0,4
10543,4,0,4
10544,4,0,4
10545,4,0,4
10546,4,0,4
10547,4,0,4
10548,4,0,4
10549,4,0,4
10550,4,0,4
10551,4,0,4
10552,4,0,4
10553,4,0,4
10554,4,0,4
10555,4,0,4
10556,4,0,4
10557,4,0,4
10558,4,0,4
10559,4,0,4
10560,4,0,4
10561,4,0,4
10562,4,0,4
10563,4,0,4
10564,5,0,5
10565,5,0,5
10566,4,0,4
10567,4,0,4
10568,4,0,4
10569,4,0,4
10570,4,0,4
10571,4,0,4
10572,4,0,4
10573,4,0,4
10574,4,0,4
10575,4,0,4
10576,4,0,4
10577,4,0,4
10578,4,0,4
10579,4,0,4
10580,4,0,4
10581,4,0,4
10582,4,0,4
10583,4,0,4
10584,4,0,4
10585,4,0,4
10586,4,0,4
10587,4,0,4
10588,4,0,4
10589,4,0,4
10590,4,0,4
10591,4,0,4
10592,4,0,4
10593,4,0,4
10594,4,0,4
10595,4,0,4
10596,4,0,4
10597,4,0,4
10598,4,0,4
10599,4,0,4
10600,4,0,4
10601,4,0,4
10602,4,0,4
10603,4,0,4
10604,4,0,4
10605,4,0,4
10606,4,0,4
10607,4,0,4
10608,4,0,4
10609,4,0,4
10610,4,0,4
10611,4,0,4
10612,4,0,4
10613,4,0,4
10614,4,0,4
10615,4,0,4
10616,4,0,4
10617,4,0,4
10618,4,0,4
10619,4,0,4
10620,4,0,4
10621,4,0,4
10622,4,0,4
10623,4,0,4
10624,4,0,4
10625,4,0,4
10626,4,0,4
10627,4,0,4
10628,4,0,4
10629,4,0,4
10630,4,0,4
10631,4,0,4
10632,4,0,4
10633,4,0,4
10634,4,0,4
10635,4,0,4
10636,4,0,4
10637,4,0,4
10638,4,0,4
10639,4,0,4
10640,4,0,4
10641,4,0,4
10642,4,0,4
10643,4,0,4
10644,4,0,4
10645,4,0,4
10646,4,0,4
10647,4,0,4
10648,4,0,4
10649,4,0,4
10650,4,0,4
10651,4,0,4
10652,4,0,4
10653,4,0,4
10654,4,0,4
10655,4,0,4
10656,4,0,4
10657,4,0,4
10658,4,0,4
10659,5,0,5
10660,5,0,5
10661,5,0,5
10662,6,0,6
10663,6,0,6
10664,6,0,6
10665,6,0,6
10666,6,0,6
10667,6,0,6
10668,6,0,6
10669,6,0,6
10670,6,0,6
10671,5,0,5
10672,5,0,5
10673,5,0,5
10674,5,0,5
10675,5,0,5
10676,5,0,5
10677,5,0,5
10678,5,0,5
10679,5,0,5
10680,5,0,5
10681,5,0,5
10682,5,0,5
10683,5,0,5
10684,5,0,5
10685,5,0,5
10686,5,0,5
10687,5,0,5
10688,5,0,5
10689,5,0,5
10690,5,0,5
10691,5,0,5
10692,5,0,5
10693,5,0,5
10694,5,0,5
10695,5,0,5
10696,5,0,5
10697,5,0,5
10698,5,0,5
10699,5,0,5
10700,5,0,5
10701,5,0,5
10702,5,0,5
10703,5,0,5
10704,5,0,5
10705,5,0,5
10706,5,0,5
10707,5,0,5
10708,5,0,5
10709,5,0,5
10710,5,0,5
10711,5,0,5
10712,5,0,5
10713,5,0,5
10714,5,0,5
10715,5,0,5
10716,5,0,5
10717,5,0,5
10718,5,0,5
10719,5,0,5
10720,5,0,5
10721,5,0,5
10722,5,0,5
10723,5,0,5
10724,5,0,5
10725,5,0,5
10726,5,0,5
10727,5,0,5
10728,5,0,5
10729,5,0,5
10730,5,0,5
10731,5,0,5
10732,4,0,4
10733,3,0,3
10734,3,0,3
10735,3,0,3
10736,3,0,3
10737,3,0,3
10738,3,0,3
10739,3,0,3
10740,3,0,3
10741,3,0,3
10742,3,0,3
10743,3,0,3
10744,2,0,2
10745,2,0,2
10746,2,0,2
10747,2,0,2
10748,2,0,2
10749,2,0,2
10750,2,0,2
10751,2,0,2
10752,2,0,2
10753,2,0,2
10754,2,0,2
10755,2,0,2
10756,2,0,2
10757,2,0,2
10758,2,0,2
10759,2,0,2
10760,2,0,2
10761,2,0,2
10762,2,0,2
10763,2,0,2
10764,2,0,2
10765,2,0,2
10766,2,0,2
10767,2,0,2
10768,2,0,2
10769,2,0,2
10770,2,0,2
10771,2,0,2
10772,2,0,2
10773,2,0,2
10774,2,0,2
10775,2,0,2
10776,2,0,2
10777,2,0,2
10778,2,0,2
10779,2,0,2
10780,2,0,2
10781,2,0,2
10782,2,0,2
10783,2,0,2
10784,2,0,2
10785,2,0,2
10786,2,0,2
10787,2,0,2
10788,2,0,2
10789,2,0,2
10790,2,0,2
10791,2,0,2
10792,2,0,2
10793,2,0,2
10794,2,0,2
10795,2,0,2
10796,2,0,2
10797,2,0,2
10798,2,0,2
10799,2,0,2
10800,2,0,2
10801,2,0,2
10802,2,0,2
10803,2,0,2
10804,2,0,2
10805,2,0,2
10806,2,0,2
10807,2,0,2
10808,2,0,2
10809,2,0,2
10810,2,0,2
10811,2,0,2
10812,2,0,2
10813,2,0,2
10814,2,0,2
10815,2,0,2
10816,2,0,2
10817,2,0,2
10818,2,0,2
10819,2,0,2
10820,2,0,2
10821,3,0,3
10822,3,0,3
10823,3,0,3
10824,3,0,3
10825,3,0,3
10826,3,0,3
10827,3,0,3
10828,3,0,3
10829,3,0,3
10830,3,0,3
10831,3,0,3
10832,3,0,3
10833,3,0,3
10834,3,0,3
10835,3,0,3
10836,3,0,3
10837,3,0,3
10838,3,0,3
10839,3,0,3
10840,3,0,3
10841,3,0,3
10842,3,0,3
10843,3,0,3
10844,3,0,3
10845,3,0,3
10846,3,0,3
10847,3,0,3
10848,3,0,3
10849,3,0,3
10850,3,0,3
10851,3,0,3
10852,3,0,3
10853,3,0,3
10854,3,0,3
10855,3,0,3
10856,3,0,3
10857,3,0,3
10858,3,0,3
10859,3,0,3
10860,3,0,3
10861,3,0,3
10862,3,0,3
10863,3,0,3
10864,3,0,3
10865,3,0,3
10866,3,0,3
10867,3,0,3
10868,3,0,3
10869,3,0,3
10870,3,0,3
10871,3,0,3
10872,3,0,3
10873,3,0,3
10874,3,0,3
10875,3,0,3
10876,3,0,3
10877,3,0,3
10878,3,0,3
10879,3,0,3
10880,3,0,3
10881,3,0,3
10882,3,0,3
10883,3,0,3
10884,3,0,3
10885,3,0,3
10886,3,0,3
10887,3,0,3
10888,3,0,3
10889,2,0,2
10890,2,0,2
10891,2,0,2
10892,2,0,2
10893,2,0,2
10894,2,0,2
10895,2,0,2
10896,2,0,2
10897,2,0,2
10898,2,0,2
10899,2,0,2
10900,2,0,2
10901,2,0,2
10902,2,0,2
10903,2,0,2
10904,2,0,2
10905,2,0,2
10906,1,0,1
10907,1,0,1
10908,1,0,1
10909,1,0,1
10910,1,0,1
10911,1,0,1
10912,1,0,1
10913,1,0,1
10914,1,0,1
10915,1,0,1
10916,1,0,1
10917,1,0,1
10918,1,0,1
10919,1,0,1
10920,1,0,1
10921,1,0,1
10922,1,0,1
10923,1,0,1
10924,1,0,1
10925,1,0,1
10926,1,0,1
10927,1,0,1
10928,1,0,1
10929,1,0,1
10930,1,0,1
10931,1,0,1
10932,1,0,1
10933,1,0,1
10934,1,0,1
10935,1,0,1
10936,1,0,1
10937,1,0,1
10938,1,0,1
10939,1,0,1
10940,1,0,1
10941,1,0,1
10942,1,0,1
10943,1,0,1
10944,1,0,1
10945,1,0,1
10946,1,0,1
10947,1,0,1
10948,1,0,1
10949,1,0,1
10950,1,0,1
10951,1,0,1
10952,1,0,1
10953,1,0,1
10954,1,0,1
10955,1,0,1
10956,1,0,1
10957,1,0,1
10958,1,0,1
10959,1,0,1
10960,1,0,1
10961,1,0,1
10962,1,0,1
10963,1,0,1
10964,1,0,1
10965,1,0,1
10966,1,0,1
10967,1,0,1
10968,1,0,1
10969,1,0,1
10970,1,0,1
10971,1,0,1
10972,1,0,1
10973,1,0,1
10974,1,0,1
10975,1,0,1
10976,1,0,1
10977,1,0,1
10978,1,0,1
10979,1,0,1
10980,1,0,1
10981,1,0,1
10982,1,0,1
10983,1,0,1
10984,1,0,1
10985,1,0,1
10986,1,0,1
10987,1,0,1
10988,1,0,1
10989,1,0,1
10990,1,0,1
10991,1,0,1
10992,1,0,1
10993,1,0,1
10994,1,0,1
10995,1,0,1
10996,1,0,1
10997,1,0,1
10998,1,0,1
10999,1,0,1
11000,1,0,1
11001,1,0,1
11002,1,0,1
11003,1,0,1
11004,1,0,1
11005,1,0,1
11006,1,0,1
11007,1,0,1
11008,1,0,1
11009,1,0,1
11010,1,0,1
11011,1,0,1
11012,1,0,1
11013,1,0,1
11014,1,0,1
11015,1,0,1
11016,1,0,1
11017,1,0,1
11018,1,0,1
11019,1,0,1
11020,1,0,1
11021,1,0,1
11022,1,0,1
11023,1,0,1
11024,1,0,1
11025,1,0,1
11026,1,0,1
11027,1,0,1
11028,1,0,1
11029,1,0,1
11030,1,0,1
11031,1,0,1
11032,1,0,1
11033,1,0,1
11034,1,0,1
11035,1,0,1
11036,1,0,1
11037,2,0,2
11038,2,0,2
11039,2,0,2
11040,2,0,2
11041,2,0,2
11042,2,0,2
11043,2,0,2
11044,2,0,2
11045,2,0,2
11046,2,0,2
11047,2,0,2
11048,2,0,2
11049,2,0,2
11050,2,0,2
11051,2,0,2
11052,2,0,2
11053,2,0,2
11054,2,0,2
11055,2,0,2
11056,2,0,2
11057,2,0,2
11058,2,0,2
11059,2,0,2
11060,2,0,2
11061,2,0,2
11062,2,0,2
11063,3,0,3
11064,3,0,3
11065,3,0,3
11066,3,0,3
11067,4,0,4
11068,4,0,4
11069,4,0,4
11070,4,0,4
11071,4,0,4
11072,4,0,4
11073,4,0,4
11074,4,0,4
11075,4,0,4
11076,4,0,4
11077,4,0,4
11078,4,0,4
11079,4,0,4
11080,4,0,4
11081,4,0,4
11082,4,0,4
11083,5,0,5
11084,5,0,5
11085,5,0,5
11086,5,0,5
11087,5,0,5
11088,5,0,5
11089,5,0,5
11090,5,0,5
11091,5,0,5
11092,5,0,5
11093,5,0,5
11094,5,0,5
11095,6,0,6
11096,6,0,6
11097,6,0,6
11098,6,0,6
11099,6,0,6
11100,6,0,6
11101,6,0,6
11102,6,0,6
11103,6,0,6
11104,6,0,6
11105,6,0,6
11106,6,0,6
11107,5,0,5
11108,5,0,5
11109,5,0,5
11110,5,0,5
11111,5,0,5
11112,5,0,5
11113,5,0,5
11114,5,0,5
11115,5,0,5
11116,5,0,5
11117,5,0,5
11118,5,0,5
11119,5,0,5
11120,5,0,5
11121,5,0,5
11122,5,0,5
11123,5,0,5
11124,5,0,5
11125,5,0,5
11126,5,0,5
11127,5,0,5
11128,5,0,5
11129,5,0,5
11130,5,0,5
11131,5,0,5
11132,5,0,5
11133,5,0,5
11134,4,0,4
11135,4,0,4
11136,4,0,4
11137,4,0,4
11138,4,0,4
11139,4,0,4
11140,4,0,4
11141,4,0,4
11142,4,0,4
11143,4,0,4
11144,4,0,4
11145,4,0,4
11146,4,0,4
11147,4,0,4
11148,4,0,4
11149,4,0,4
11150,4,0,4
11151,4,0,4
11152,4,0,4
11153,4,0,4
11154,4,0,4
11155,4,0,4
11156,4,0,4
11157,4,0,4
11158,4,0,4
11159,4,0,4
11160,4,0,4
11161,4,0,4
11162,4,0,4
11163,4,0,4
11164,4,0,4
11165,4,0,4
11166,4,0,4
11167,4,0,4
11168,4,0,4
11169,4,0,4
11170,4,0,4
11171,3,0,3
11172,3,0,3
11173,3,0,3
11174,3,0,3
11175,2,0,2
11176,2,0,2
11177,2,0,2
11178,2,0,2
11179,2,0,2
11180,2,0,2
11181,2,0,2
11182,2,0,2
11183,3,0,3
11184,3,0,3
11185,3,0,3
11186,3,0,3
11187,3,0,3
11188,3,0,3
11189,3,0,3
11190,3,0,3
11191,3,0,3
11192,3,0,3
11193,3,0,3
11194,3,0,3
11195,3,0,3
11196,3,0,3
11197,3,0,3
11198,3,0,3
11199,3,0,3
11200,3,0,3
11201,3,0,3
11202,3,0,3
11203,3,0,3
11204,3,0,3
11205,3,0,3
11206,3,0,3
11207,3,0,3
11208,3,0,3
11209,3,0,3
11210,3,0,3
11211,3,0,3
11212,3,0,3
11213,3,0,3
11214,3,0,3
11215,3,0,3
11216,3,0,3
11217,3,0,3
11218,3,0,3
11219,3,0,3
11220,3,0,3
11221,3,0,3
11222,3,0,3
11223,3,0,3
11224,3,0,3
11225,3,0,3
11226,3,0,3
11227,3,0,3
11228,3,0,3
11229,3,0,3
11230,3,0,3
11231,3,0,3
11232,3,0,3
11233,3,0,3
11234,3,0,3
11235,3,0,3
11236,3,0,3
11237,3,0,3
11238,3,0,3
11239,3,0,3
11240,3,0,3
11241,3,0,3
11242,4,0,4
11243,4,0,4
11244,4,0,4
11245,4,0,4
11246,4,0,4
11247,4,0,4
11248,4,0,4
11249,4,0,4
11250,4,0,4
11251,4,0,4
11252,4,0,4
11253,4,0,4
11254,4,0,4
11255,3,0,3
11256,3,0,3
11257,2,0,2
11258,2,0,2
11259,2,0,2
11260,2,0,2
11261,2,0,2
11262,2,0,2
11263,2,0,2
11264,2,0,2
11265,2,0,2
11266,2,0,2
11267,2,0,2
11268,2,0,2
11269,2,0,2
11270,2,0,2
11271,2,0,2
11272,2,0,2
11273,2,0,2
11274,2,0,2
11275,2,0,2
11276,2,0,2
11277,2,0,2
11278,2,0,2
11279,2,0,2
11280,2,0,2
11281,2,0,2
11282,2,0,2
11283,2,0,2
11284,2,0,2
11285,2,0,2
11286,2,0,2
11287,2,0,2
11288,2,0,2
11289,2,0,2
11290,2,0,2
11291,2,0,2
11292,2,0,2
11293,2,0,2
11294,2,0,2
11295,2,0,2
11296,2,0,2
11297,2,0,2
11298,2,0,2
11299,2,0,2
11300,2,0,2
11301,2,0,2
11302,2,0,2
11303,2,0,2
11304,2,0,2
11305,2,0,2
11306,2,0,2
11307,2,0,2
11308,2,0,2
11309,2,0,2
11310,2,0,2
11311,2,0,2
11312,2,0,2
11313,2,0,2
11314,2,0,2
11315,2,0,2
11316,2,0,2
11317,2,0,2
11318,2,0,2
11319,2,0,2
11320,2,0,2
11321,2,0,2
11322,2,0,2
11323,2,0,2
11324,2,0,2
11325,2,0,2
11326,2,0,2
11327,2,0,2
11328,2,0,2
11329,2,0,2
11330,2,0,2
11331,2,0,2
11332,2,0,2
11333,2,0,2
11334,2,0,2
11335,2,0,2
11336,2,0,2
11337,2,0,2
11338,2,0,2
11339,2,0,2
11340,2,0,2
11341,2,0,2
11342,2,0,2
11343,2,0,2
11344,2,0,2
11345,2,0,2
11346,2,0,2
11347,2,0,2
11348,2,0,2
11349,2,0,2
11350,2,0,2
11351,2,0,2
11352,2,0,2
11353,2,0,2
11354,2,0,2
11355,2,0,2
11356,2,0,2
11357,2,0,2
11358,2,0,2
11359,3,0,3
11360,3,0,3
11361,3,0,3
11362,3,0,3
11363,3,0,3
11364,3,0,3
11365,3,0,3
11366,3,0,3
11367,3,0,3
11368,3,0,3
11369,3,0,3
11370,4,0,4
11371,4,0,4
11372,4,0,4
11373,4,0,4
11374,4,0,4
11375,4,0,4
11376,4,0,4
11377,4,0,4
11378,4,0,4
11379,4,0,4
11380,4,0,4
11381,4,0,4
11382,4,0,4
11383,4,0,4
11384,4,0,4
11385,4,0,4
11386,4,0,4
11387,4,0,4
11388,4,0,4
11389,4,0,4
11390,4,0,4
11391,4,0,4
11392,4,0,4
11393,4,0,4
11394,4,0,4
11395,3,0,3
11396,3,0,3
11397,3,0,3
11398,3,0,3
11399,3,0,3
11400,3,0,3
11401,3,0,3
11402,3,0,3
11403,3,0,3
11404,3,0,3
11405,3,0,3
11406,3,0,3
11407,3,0,3
11408,3,0,3
11409,3,0,3
11410,3,0,3
11411,3,0,3
11412,3,0,3
11413,3,0,3
11414,3,0,3
11415,3,0,3
11416,3,0,3
11417,3,0,3
11418,3,0,3
11419,3,0,3
11420,3,0,3
11421,3,0,3
11422,3,0,3
11423,3,0,3
11424,3,0,3
11425,3,0,3
11426,3,0,3
11427,3,0,3
11428,3,0,3
11429,3,0,3
11430,3,0,3
11431,3,0,3
11432,3,0,3
11433,3,0,3
11434,3,0,3
11435,3,0,3
11436,3,0,3
11437,3,0,3
11438,3,0,3
11439,3,0,3
11440,3,0,3
11441,3,0,3
11442,3,0,3
11443,3,0,3
11444,3,0,3
11445,3,0,3
11446,3,0,3
11447,3,0,3
11448,3,0,3
11449,4,0,4
11450,4,0,4
11451,4,0,4
11452,4,0,4
11453,4,0,4
11454,4,0,4
11455,4,0,4
11456,4,0,4
11457,4,0,4
11458,4,0,4
11459,4,0,4
11460,4,0,4
11461,3,0,3
11462,3,0,3
11463,3,0,3
11464,3,0,3
11465,3,0,3
11466,3,0,3
11467,3,0,3
11468,3,0,3
11469,2,0,2
11470,2,0,2
11471,2,0,2
11472,2,0,2
11473,2,0,2
11474,2,0,2
11475,2,0,2
11476,2,0,2
11477,2,0,2
11478,2,0,2
11479,2,0,2
11480,2,0,2
11481,2,0,2
11482,2,0,2
11483,2,0,2
11484,2,0,2
11485,2,0,2
11486,2,0,2
11487,2,0,2
11488,2,0,2
11489,2,0,2
11490,2,0,2
11491,2,0,2
11492,2,0,2
11493,2,0,2
11494,2,0,2
11495,2,0,2
11496,2,0,2
11497,2,0,2
11498,2,0,2
11499,2,0,2
11500,2,0,2
11501,2,0,2
11502,2,0,2
11503,2,0,2
11504,2,0,2
11505,2,0,2
11506,2,0,2
11507,2,0,2
11508,2,0,2
11509,2,0,2
11510,2,0,2
11511,2,0,2
11512,2,0,2
11513,2,0,2
11514,2,0,2
11515,2,0,2
11516,2,0,2
11517,2,0,2
11518,2,0,2
11519,2,0,2
11520,2,0,2
11521,2,0,2
11522,2,0,2
11523,2,0,2
11524,2,0,2
11525,2,0,2
11526,2,0,2
11527,2,0,2
11528,2,0,2
11529,2,0,2
11530,2,0,2
11531,2,0,2
11532,2,0,2
11533,2,0,2
11534,2,0,2
11535,2,0,2
11536,2,0,2
11537,2,0,2
11538,2,0,2
11539,2,0,2
11540,2,0,2
11541,2,0,2
11542,2,0,2
11543,2,0,2
11544,2,0,2
11545,2,0,2
11546,2,0,2
11547,2,0,2
11548,2,0,2
11549,2,0,2
11550,2,0,2
11551,2,0,2
11552,2,0,2
11553,2,0,2
11554,2,0,2
11555,2,0,2
11556,2,0,2
11557,2,0,2
11558,2,0,2
11559,2,0,2
11560,2,0,2
11561,2,0,2
11562,2,0,2
11563,2,0,2
11564,2,0,2
11565,2,0,2
11566,2,0,2
11567,2,0,2
11568,2,0,2
11569,2,0,2
11570,2,0,2
11571,2,0,2
11572,2,0,2
11573,2,0,2
11574,2,0,2
11575,2,0,2
11576,2,0,2
11577,2,0,2
11578,2,0,2
11579,2,0,2
11580,2,0,2
11581,2,0,2
11582,2,0,2
11583,2,0,2
11584,2,0,2
11585,2,0,2
11586,2,0,2
11587,2,0,2
11588,2,0,2
11589,2,0,2
11590,2,0,2
11591,2,0,2
11592,2,0,2
11593,2,0,2
11594,2,0,2
11595,2,0,2
11596,2,0,2
11597,2,0,2
11598,2,0,2
11599,2,0,2
11600,2,0,2
11601,2,0,2
11602,2,0,2
11603,2,0,2
11604,2,0,2
11605,2,0,2
11606,2,0,2
11607,2,0,2
11608,2,0,2
11609,2,0,2
11610,2,0,2
11611,2,0,2
11612,2,0,2
11613,2,0,2
11614,2,0,2
11615,2,0,2
11616,2,0,2
11617,2,0,2
11618,2,0,2
11619,2,0,2
11620,2,0,2
11621,2,0,2
11622,2,0,2
11623,2,0,2
11624,2,0,2
11625,2,0,2
11626,2,0,2
11627,2,0,2
11628,2,0,2
11629,2,0,2
11630,2,0,2
11631,2,0,2
11632,2,0,2
11633,2,0,2
11634,2,0,2
11635,2,0,2
11636,2,0,2
11637,2,0,2
11638,2,0,2
11639,2,0,2
11640,2,0,2
11641,2,0,2
11642,2,0,2
11643,2,0,2
11644,2,0,2
11645,2,0,2
11646,2,0,2
11647,2,0,2
11648,2,0,2
11649,2,0,2
11650,2,0,2
11651,2,0,2
11652,2,0,2
11653,2,0,2
11654,2,0,2
11655,2,0,2
11656,2,0,2
11657,2,0,2
11658,2,0,2
11659,2,0,2
11660,2,0,2
11661,2,0,2
11662,2,0,2
11663,2,0,2
11664,2,0,2
11665,2,0,2
11666,2,0,2
11667,2,0,2
11668,2,0,2
11669,2,0,2
11670,2,0,2
11671,2,0,2
11672,2,0,2
11673,2,0,2
11674,2,0,2
11675,2,0,2
11676,2,0,2
11677,2,0,2
11678,2,0,2
11679,2,0,2
11680,2,0,2
11681,2,0,2
11682,2,0,2
11683,2,0,2
11684,2,0,2
11685,2,0,2
11686,2,0,2
11687,2,0,2
11688,2,0,2
11689,2,0,2
11690,2,0,2
11691,2,0,2
11692,2,0,2
11693,2,0,2
11694,2,0,2
11695,2,0,2
11696,2,0,2
11697,2,0,2
11698,2,0,2
11699,2,0,2
11700,2,0,2
11701,2,0,2
11702,2,0,2
11703,2,0,2
11704,2,0,2
11705,2,0,2
11706,2,0,2
11707,2,0,2
11708,2,0,2
11709,2,0,2
11710,2,0,2
11711,2,0,2
11712,2,0,2
11713,2,0,2
11714,2,0,2
11715,2,0,2
11716,2,0,2
11717,2,0,2
11718,2,0,2
11719,2,0,2
11720,2,0,2
11721,2,0,2
11722,2,0,2
11723,2,0,2
11724,2,0,2
11725,2,0,2
11726,2,0,2
11727,2,0,2
11728,2,0,2
11729,2,0,2
11730,2,0,2
11731,2,0,2
11732,2,0,2
11733,2,0,2
11734,2,0,2
11735,2,0,2
11736,2,0,2
11737,2,0,2
11738,2,0,2
11739,2,0,2
11740,2,0,2
11741,2,0,2
11742,2,0,2
11743,2,0,2
11744,2,0,2
11745,2,0,2
11746,2,0,2
11747,2,0,2
11748,2,0,2
11749,2,0,2
11750,2,0,2
11751,2,0,2
11752,2,0,2
11753,2,0,2
11754,2,0,2
11755,2,0,2
11756,2,0,2
11757,2,0,2
11758,2,0,2
11759,2,0,2
11760,2,0,2
11761,2,0,2
11762,2,0,2
11763,2,0,2
11764,2,0,2
11765,2,0,2
11766,2,0,2
11767,2,0,2
11768,2,0,2
11769,2,0,2
11770,2,0,2
11771,2,0,2
11772,2,0,2
11773,2,0,2
11774,2,0,2
11775,2,0,2
11776,2,0,2
11777,2,0,2
11778,2,0,2
11779,2,0,2
11780,3,0,3
11781,3,0,3
11782,3,0,3
11783,3,0,3
11784,3,0,3
11785,3,0,3
11786,3,0,3
11787,3,0,3
11788,3,0,3
11789,2,0,2
11790,2,0,2
11791,2,0,2
11792,2,0,2
11793,2,0,2
11794,2,0,2
11795,2,0,2
11796,2,0,2
11797,2,0,2
11798,2,0,2
11799,2,0,2
11800,2,0,2
11801,2,0,2
11802,2,0,2
11803,2,0,2
11804,2,0,2
11805,2,0,2
11806,2,0,2
11807,2,0,2
11808,2,0,2
11809,2,0,2
11810,2,0,2
11811,2,0,2
11812,2,0,2
11813,2,0,2
11814,2,0,2
11815,2,0,2
11816,2,0,2
11817,2,0,2
11818,2,0,2
11819,2,0,2
11820,2,0,2
11821,2,0,2
11822,2,0,2
11823,2,0,2
11824,2,0,2
11825,2,0,2
11826,2,0,2
11827,2,0,2
11828,2,0,2
11829,2,0,2
11830,2,0,2
11831,2,0,2
11832,2,0,2
11833,2,0,2
11834,2,0,2
11835,2,0,2
11836,2,0,2
11837,2,0,2
11838,2,0,2
11839,2,0,2
11840,2,0,2
11841,2,0,2
11842,2,0,2
11843,2,0,2
11844,2,0,2
11845,2,0,2
11846,2,0,2
11847,2,0,2
11848,2,0,2
11849,2,0,2
11850,2,0,2
11851,2,0,2
11852,2,0,2
11853,2,0,2
11854,2,0,2
11855,2,0,2
11856,2,0,2
11857,2,0,2
11858,2,0,2
11859,2,0,2
11860,2,0,2
11861,2,0,2
11862,2,0,2
11863,2,0,2
11864,2,0,2
11865,2,0,2
11866,2,0,2
11867,2,0,2
11868,2,0,2
11869,2,0,2
11870,2,0,2
11871,2,0,2
11872,2,0,2
11873,2,0,2
11874,2,0,2
11875,2,0,2
11876,2,0,2
11877,2,0,2
11878,2,0,2
11879,2,0,2
11880,2,0,2
11881,2,0,2
11882,2,0,2
11883,2,0,2
11884,2,0,2
11885,2,0,2
11886,2,0,2
11887,2,0,2
11888,2,0,2
11889,2,0,2
11890,2,0,2
11891,2,0,2
11892,2,0,2
11893,2,0,2
11894,2,0,2
11895,2,0,2
11896,2,0,2
11897,2,0,2
11898,2,0,2
11899,2,0,2
11900,2,0,2
11901,2,0,2
11902,2,0,2
11903,2,0,2
11904,2,0,2
11905,2,0,2
11906,2,0,2
11907,2,0,2
11908,2,0,2
11909,2,0,2
11910,2,0,2
11911,2,0,2
11912,2,0,2
11913,2,0,2
11914,2,0,2
11915,2,0,2
11916,2,0,2
11917,2,0,2
11918,2,0,2
11919,2,0,2
11920,2,0,2
11921,2,0,2
11922,2,0,2
11923,2,0,2
11924,2,0,2
11925,2,0,2
11926,2,0,2
11927,2,0,2
11928,2,0,2
11929,2,0,2
11930,2,0,2
11931,2,0,2
11932,2,0,2
11933,2,0,2
11934,2,0,2
11935,2,0,2
11936,2,0,2
11937,2,0,2
11938,2,0,2
11939,2,0,2
11940,2,0,2
11941,2,0,2
11942,2,0,2
11943,2,0,2
11944,2,0,2
11945,2,0,2
11946,2,0,2
11947,2,0,2
11948,2,0,2
11949,2,0,2
11950,2,0,2
11951,2,0,2
11952,2,0,2
11953,3,0,3
11954,3,0,3
11955,3,0,3
11956,3,0,3
11957,3,0,3
11958,3,0,3
11959,3,0,3
11960,3,0,3
11961,3,0,3
11962,3,0,3
11963,3,0,3
11964,3,0,3
11965,3,0,3
11966,3,0,3
11967,3,0,3
11968,3,0,3
11969,3,0,3
11970,3,0,3
11971,3,0,3
11972,3,0,3
11973,3,0,3
11974,3,0,3
11975,3,0,3
11976,3,0,3
11977,3,0,3
11978,3,0,3
11979,3,0,3
11980,3,0,3
11981,3,0,3
11982,3,0,3
11983,3,0,3
11984,3,0,3
11985,3,0,3
11986,3,0,3
11987,3,0,3
11988,3,0,3
11989,3,0,3
11990,3,0,3
11991,3,0,3
11992,3,0,3
11993,3,0,3
11994,3,0,3
11995,3,0,3
11996,3,0,3
11997,3,0,3
11998,3,0,3
11999,3,0,3
12000,3,0,3
12001,3,0,3
12002,3,0,3
12003,3,0,3
12004,3,0,3
12005,3,0,3
12006,3,0,3
12007,3,0,3
12008,3,0,3
12009,3,0,3
12010,3,0,3
12011,3,0,3
12012,3,0,3
12013,3,0,3
12014,3,0,3
12015,3,0,3
12016,3,0,3
12017,3,0,3
12018,3,0,3
12019,3,0,3
12020,3,0,3
12021,3,0,3
12022,3,0,3
12023,3,0,3
12024,3,0,3
12025,3,0,3
12026,3,0,3
12027,3,0,3
12028,3,0,3
12029,3,0,3
12030,3,0,3
12031,3,0,3
12032,3,0,3
12033,3,0,3
12034,3,0,3
12035,3,0,3
12036,3,0,3
12037,3,0,3
12038,3,0,3
12039,3,0,3
12040,3,0,3
12041,3,0,3
12042,3,0,3
12043,3,0,3
12044,2,0,2
12045,2,0,2
12046,2,0,2
12047,2,0,2
12048,2,0,2
12049,2,0,2
12050,2,0,2
12051,2,0,2
12052,2,0,2
12053,2,0,2
12054,2,0,2
12055,2,0,2
12056,2,0,2
12057,2,0,2
12058,2,0,2
12059,2,0,2
12060,2,0,2
12061,2,0,2
12062,2,0,2
12063,2,0,2
12064,2,0,2
12065,2,0,2
12066,2,0,2
12067,2,0,2
12068,2,0,2
12069,2,0,2
12070,2,0,2
12071,2,0,2
12072,2,0,2
12073,2,0,2
12074,2,0,2
12075,2,0,2
12076,2,0,2
12077,2,0,2
12078,2,0,2
12079,2,0,2
12080,2,0,2
12081,2,0,2
12082,2,0,2
12083,2,0,2
12084,2,0,2
12085,2,0,2
12086,2,0,2
12087,2,0,2
12088,2,0,2
12089,2,0,2
12090,2,0,2
12091,2,0,2
12092,2,0,2
12093,2,0,2
12094,2,0,2
12095,2,0,2
12096,2,0,2
12097,2,0,2
12098,2,0,2
12099,2,0,2
12100,2,0,2
12101,2,0,2
12102,2,0,2
12103,2,0,2
12104,2,0,2
12105,2,0,2
12106,2,0,2
12107,2,0,2
12108,2,0,2
12109,2,0,2
12110,2,0,2
12111,2,0,2
12112,2,0,2
12113,2,0,2
12114,2,0,2
12115,2,0,2
12116,2,0,2
12117,2,0,2
12118,2,0,2
12119,2,0,2
12120,2,0,2
12121,2,0,2
12122,2,0,2
12123,2,0,2
12124,2,0,2
12125,2,0,2
12126,2,0,2
12127,2,0,2
12128,2,0,2
12129,2,0,2
12130,2,0,2
12131,2,0,2
12132,2,0,2
12133,2,0,2
12134,2,0,2
12135,2,0,2
12136,2,0,2
12137,2,0,2
12138,2,0,2
12139,2,0,2
12140,2,0,2
12141,2,0,2
12142,2,0,2
12143,2,0,2
12144,2,0,2
12145,2,0,2
12146,2,0,2
12147,2,0,2
12148,2,0,2
12149,2,0,2
12150,2,0,2
12151,2,0,2
12152,2,0,2
12153,2,0,2
12154,2,0,2
12155,2,0,2
12156,2,0,2
12157,2,0,2
12158,2,0,2
12159,3,0,3
12160,3,0,3
12161,3,0,3
12162,2,0,2
12163,2,0,2
12164,2,0,2
12165,2,0,2
12166,2,0,2
12167,2,0,2
12168,2,0,2
12169,2,0,2
12170,2,0,2
12171,2,0,2
12172,2,0,2
12173,2,0,2
12174,2,0,2
12175,2,0,2
12176,2,0,2
12177,2,0,2
12178,2,0,2
12179,2,0,2
12180,2,0,2
12181,2,0,2
12182,2,0,2
12183,2,0,2
12184,2,0,2
12185,2,0,2
12186,2,0,2
12187,2,0,2
12188,2,0,2
12189,2,0,2
12190,2,0,2
12191,2,0,2
12192,2,0,2
12193,2,0,2
12194,2,0,2
12195,2,0,2
12196,2,0,2
12197,2,0,2
12198,2,0,2
12199,2,0,2
12200,2,0,2
12201,3,0,3
12202,3,0,3
12203,3,0,3
12204,3,0,3
12205,3,0,3
12206,3,0,3
12207,3,0,3
12208,3,0,3
12209,3,0,3
12210,3,0,3
12211,3,0,3
12212,3,0,3
12213,3,0,3
12214,3,0,3
12215,3,0,3
12216,3,0,3
12217,4,0,4
12218,4,0,4
12219,4,0,4
12220,4,0,4
12221,4,0,4
12222,4,0,4
12223,4,0,4
12224,4,0,4
12225,4,0,4
12226,4,0,4
12227,4,0,4
12228,4,0,4
12229,4,0,4
12230,4,0,4
12231,4,0,4
12232,4,0,4
12233,4,0,4
12234,4,0,4
12235,4,0,4
12236,4,0,4
12237,4,0,4
12238,4,0,4
12239,4,0,4
12240,4,0,4
12241,4,0,4
12242,4,0,4
12243,4,0,4
12244,4,0,4
12245,4,0,4
12246,4,0,4
12247,4,0,4
12248,4,0,4
12249,4,0,4
12250,4,0,4
12251,4,0,4
12252,4,0,4
12253,4,0,4
12254,4,0,4
12255,4,0,4
12256,4,0,4
12257,4,0,4
12258,4,0,4
12259,4,0,4
12260,4,0,4
12261,4,0,4
12262,4,0,4
12263,4,0,4
12264,4,0,4
12265,4,0,4
12266,4,0,4
12267,4,0,4
12268,4,0,4
12269,4,0,4
12270,4,0,4
12271,4,0,4
12272,4,0,4
12273,4,0,4
12274,4,0,4
12275,4,0,4
12276,4,0,4
12277,4,0,4
12278,4,0,4
12279,4,0,4
12280,4,0,4
12281,4,0,4
12282,4,0,4
12283,4,0,4
12284,4,0,4
12285,4,0,4
12286,4,0,4
12287,4,0,4
12288,4,0,4
12289,4,0,4
12290,4,0,4
12291,4,0,4
12292,4,0,4
12293,4,0,4
12294,4,0,4
12295,4,0,4
12296,4,0,4
12297,4,0,4
12298,4,0,4
12299,4,0,4
12300,4,0,4
12301,4,0,4
12302,4,0,4
12303,3,0,3
12304,3,0,3
12305,3,0,3
12306,3,0,3
12307,3,0,3
12308,3,0,3
12309,3,0,3
12310,3,0,3
12311,3,0,3
12312,3,0,3
12313,3,0,3
12314,3,0,3
12315,3,0,3
12316,3,0,3
12317,3,0,3
12318,3,0,3
12319,3,0,3
12320,3,0,3
12321,3,0,3
12322,3,0,3
12323,3,0,3
12324,3,0,3
12325,3,0,3
12326,3,0,3
12327,3,0,3
12328,3,0,3
12329,3,0,3
12330,3,0,3
12331,3,0,3
12332,3,0,3
12333,3,0,3
12334,3,0,3
12335,3,0,3
12336,3,0,3
12337,3,0,3
12338,3,0,3
12339,3,0,3
12340,3,0,3
12341,3,0,3
12342,3,0,3
12343,3,0,3
12344,3,0,3
12345,3,0,3
12346,3,0,3
12347,3,0,3
12348,3,0,3
12349,3,0,3
12350,3,0,3
12351,3,0,3
12352,3,0,3
12353,3,0,3
12354,3,0,3
12355,3,0,3
12356,3,0,3
12357,2,0,2
12358,2,0,2
12359,2,0,2
12360,2,0,2
12361,2,0,2
12362,2,0,2
12363,2,0,2
12364,2,0,2
12365,2,0,2
12366,2,0,2
12367,2,0,2
12368,2,0,2
12369,2,0,2
12370,2,0,2
12371,2,0,2
12372,2,0,2
12373,2,0,2
12374,2,0,2
12375,2,0,2
12376,2,0,2
12377,2,0,2
12378,2,0,2
12379,2,0,2
12380,2,0,2
12381,2,0,2
12382,2,0,2
12383,2,0,2
12384,2,0,2
12385,2,0,2
12386,2,0,2
12387,2,0,2
12388,2,0,2
12389,2,0,2
12390,2,0,2
12391,2,0,2
12392,2,0,2
12393,2,0,2
12394,2,0,2
12395,2,0,2
12396,2,0,2
12397,2,0,2
12398,2,0,2
12399,1,0,1
12400,2,0,2
12401,2,0,2
12402,2,0,2
12403,2,0,2
12404,2,0,2
12405,2,0,2
12406,2,0,2
12407,2,0,2
12408,2,0,2
12409,2,0,2
12410,2,0,2
12411,2,0,2
12412,2,0,2
12413,2,0,2
12414,2,0,2
12415,2,0,2
12416,2,0,2
12417,2,0,2
12418,2,0,2
12419,2,0,2
12420,2,0,2
12421,2,0,2
12422,2,0,2
12423,2,0,2
12424,2,0,2
12425,2,0,2
12426,2,0,2
12427,2,0,2
12428,2,0,2
12429,2,0,2
12430,2,0,2
12431,2,0,2
12432,2,0,2
12433,2,0,2
12434,2,0,2
12435,3,0,3
12436,3,0,3
12437,3,0,3
12438,3,0,3
12439,3,0,3
12440,3,0,3
12441,3,0,3
12442,3,0,3
12443,3,0,3
12444,3,0,3
12445,3,0,3
12446,4,0,4
12447,4,0,4
12448,4,0,4
12449,4,0,4
12450,4,0,4
12451,4,0,4
12452,4,0,4
12453,4,0,4
12454,4,0,4
12455,4,0,4
12456,4,0,4
12457,4,0,4
12458,4,0,4
12459,4,0,4
12460,4,0,4
12461,4,0,4
12462,4,0,4
12463,4,0,4
12464,4,0,4
12465,4,0,4
12466,4,0,4
12467,4,0,4
12468,4,0,4
12469,4,0,4
12470,4,0,4
12471,4,0,4
12472,4,0,4
12473,4,0,4
12474,4,0,4
12475,4,0,4
12476,4,0,4
12477,4,0,4
12478,4,0,4
12479,4,0,4
12480,4,0,4
12481,4,0,4
12482,4,0,4
12483,4,0,4
12484,4,0,4
12485,4,0,4
12486,4,0,4
12487,4,0,4
12488,4,0,4
12489,4,0,4
12490,4,0,4
12491,4,0,4
12492,4,0,4
12493,4,0,4
12494,4,0,4
12495,4,0,4
12496,4,0,4
12497,4,0,4
12498,4,0,4
12499,4,0,4
12500,4,0,4
12501,3,0,3
12502,3,0,3
12503,3,0,3
12504,3,0,3
12505,3,0,3
12506,3,0,3
12507,3,0,3
12508,3,0,3
12509,3,0,3
12510,3,0,3
12511,3,0,3
12512,3,0,3
12513,3,0,3
12514,3,0,3
12515,3,0,3
12516,3,0,3
12517,3,0,3
12518,3,0,3
12519,3,0,3
12520,3,0,3
12521,3,0,3
12522,3,0,3
12523,3,0,3
12524,3,0,3
12525,3,0,3
12526,3,0,3
12527,3,0,3
12528,3,0,3
12529,3,0,3
12530,3,0,3
12531,3,0,3
12532,3,0,3
12533,3,0,3
12534,3,0,3
12535,3,0,3
12536,3,0,3
12537,3,0,3
12538,3,0,3
12539,3,0,3
12540,3,0,3
12541,3,0,3
12542,3,0,3
12543,3,0,3
12544,3,0,3
12545,3,0,3
12546,3,0,3
12547,3,0,3
12548,3,0,3
12549,3,0,3
12550,3,0,3
12551,3,0,3
12552,3,0,3
12553,3,0,3
12554,3,0,3
12555,3,0,3
12556,3,0,3
12557,3,0,3
12558,3,0,3
12559,3,0,3
12560,3,0,3
12561,3,0,3
12562,3,0,3
12563,3,0,3
12564,3,0,3
12565,3,0,3
12566,3,0,3
12567,3,0,3
12568,3,0,3
12569,3,0,3
12570,3,0,3
12571,3,0,3
12572,3,0,3
12573,3,0,3
12574,3,0,3
12575,3,0,3
12576,3,0,3
12577,3,0,3
12578,3,0,3
12579,4,0,4
12580,4,0,4
12581,4,0,4
12582,4,0,4
12583,4,0,4
12584,4,0,4
12585,4,0,4
12586,4,0,4
12587,4,0,4
12588,4,0,4
12589,4,0,4
12590,4,0,4
12591,4,0,4
12592,4,0,4
12593,4,0,4
12594,4,0,4
12595,4,0,4
12596,4,0,4
12597,4,0,4
12598,4,0,4
12599,4,0,4
12600,4,0,4
12601,4,0,4
12602,4,0,4
12603,4,0,4
12604,4,0,4
12605,4,0,4
12606,4,0,4
12607,4,0,4
12608,4,0,4
12609,4,0,4
12610,4,0,4
12611,4,0,4
12612,4,0,4
12613,4,0,4
12614,4,0,4
12615,4,0,4
12616,3,0,3
12617,3,0,3
12618,3,0,3
12619,3,0,3
12620,3,0,3
12621,3,0,3
12622,3,0,3
12623,3,0,3
12624,3,0,3
12625,3,0,3
12626,3,0,3
12627,3,0,3
12628,3,0,3
12629,3,0,3
12630,3,0,3
12631,4,0,4
12632,4,0,4
12633,4,0,4
12634,4,0,4
12635,4,0,4
12636,4,0,4
12637,4,0,4
12638,4,0,4
12639,4,0,4
12640,4,0,4
12641,4,0,4
12642,4,0,4
12643,4,0,4
12644,4,0,4
12645,4,0,4
12646,4,0,4
12647,4,0,4
12648,4,0,4
12649,4,0,4
12650,4,0,4
12651,4,0,4
12652,4,0,4
12653,4,0,4
12654,4,0,4
12655,4,0,4
12656,4,0,4
12657,4,0,4
12658,4,0,4
12659,4,0,4
12660,4,0,4
12661,4,0,4
12662,4,0,4
12663,4,0,4
12664,4,0,4
12665,4,0,4
12666,4,0,4
12667,4,0,4
12668,4,0,4
12669,4,0,4
12670,4,0,4
12671,4,0,4
12672,4,0,4
12673,4,0,4
12674,4,0,4
12675,4,0,4
12676,4,0,4
12677,4,0,4
12678,4,0,4
12679,4,0,4
12680,4,0,4
12681,4,0,4
12682,4,0,4
12683,4,0,4
12684,4,0,4
12685,4,0,4
12686,4,0,4
12687,4,0,4
12688,4,0,4
12689,3,0,3
12690,3,0,3
12691,3,0,3
12692,3,0,3
12693,3,0,3
12694,3,0,3
12695,3,0,3
12696,3,0,3
12697,3,0,3
12698,3,0,3
12699,3,0,3
12700,3,0,3
12701,3,0,3
12702,3,0,3
12703,3,0,3
12704,3,0,3
12705,3,0,3
12706,3,0,3
12707,3,0,3
12708,3,0,3
12709,3,0,3
12710,3,0,3
12711,3,0,3
12712,3,0,3
12713,3,0,3
12714,3,0,3
12715,3,0,3
12716,3,0,3
12717,3,0,3
12718,3,0,3
12719,3,0,3
12720,3,0,3
12721,3,0,3
12722,3,0,3
12723,3,0,3
12724,3,0,3
12725,3,0,3
12726,3,0,3
12727,3,0,3
12728,3,0,3
12729,3,0,3
12730,3,0,3
12731,3,0,3
12732,3,0,3
12733,3,0,3
12734,3,0,3
12735,3,0,3
12736,3,0,3
12737,3,0,3
12738,3,0,3
12739,3,0,3
12740,3,0,3
12741,3,0,3
12742,3,0,3
12743,3,0,3
12744,3,0,3
12745,4,0,4
12746,4,0,4
12747,4,0,4
12748,4,0,4
12749,4,0,4
12750,4,0,4
12751,4,0,4
12752,4,0,4
12753,4,0,4
12754,4,0,4
12755,4,0,4
12756,4,0,4
12757,4,0,4
12758,4,0,4
12759,4,0,4
12760,4,0,4
12761,4,0,4
12762,4,0,4
12763,4,0,4
12764,4,0,4
12765,4,0,4
12766,4,0,4
12767,4,0,4
12768,4,0,4
12769,4,0,4
12770,4,0,4
12771,4,0,4
12772,4,0,4
12773,4,0,4
12774,4,0,4
12775,4,0,4
12776,5,0,5
12777,5,0,5
12778,5,0,5
12779,5,0,5
12780,5,0,5
12781,5,0,5
12782,5,0,5
12783,5,0,5
12784,5,0,5
12785,5,0,5
12786,5,0,5
12787,5,0,5
12788,5,0,5
12789,5,0,5
12790,5,0,5
12791,5,0,5
12792,5,0,5
12793,5,0,5
12794,5,0,5
12795,5,0,5
12796,5,0,5
12797,5,0,5
12798,5,0,5
12799,5,0,5
12800,5,0,5
12801,5,0,5
12802,5,0,5
12803,5,0,5
12804,5,0,5
12805,5,0,5
12806,6,0,6
12807,6,0,6
12808,6,0,6
12809,6,0,6
12810,6,0,6
12811,6,0,6
12812,6,0,6
12813,6,0,6
12814,6,0,6
12815,6,0,6
12816,6,0,6
12817,6,0,6
12818,6,0,6
12819,6,0,6
12820,6,0,6
12821,6,0,6
12822,6,0,6
12823,6,0,6
12824,6,0,6
12825,6,0,6
12826,6,0,6
12827,6,0,6
12828,6,0,6
12829,6,0,6
12830,6,0,6
12831,6,0,6
12832,6,0,6
12833,6,0,6
12834,6,0,6
12835,6,0,6
12836,5,0,5
12837,5,0,5
12838,5,0,5
12839,5,0,5
12840,5,0,5
12841,5,0,5
12842,5,0,5
12843,5,0,5
12844,5,0,5
12845,5,0,5
12846,5,0,5
12847,5,0,5
12848,5,0,5
12849,5,0,5
12850,5,0,5
12851,5,0,5
12852,5,0,5
12853,5,0,5
12854,5,0,5
12855,5,0,5
12856,5,0,5
12857,5,0,5
12858,5,0,5
12859,5,0,5
12860,5,0,5
12861,5,0,5
12862,5,0,5
12863,5,0,5
12864,5,0,5
12865,5,0,5
12866,5,0,5
12867,5,0,5
12868,5,0,5
12869,5,0,5
12870,5,0,5
12871,5,0,5
12872,4,0,4
12873,4,0,4
12874,4,0,4
12875,4,0,4
12876,4,0,4
12877,4,0,4
12878,4,0,4
12879,4,0,4
12880,4,0,4
12881,4,0,4
12882,4,0,4
12883,4,0,4
12884,4,0,4
12885,4,0,4
12886,4,0,4
12887,4,0,4
12888,4,0,4
12889,4,0,4
12890,4,0,4
12891,4,0,4
12892,4,0,4
12893,4,0,4
12894,4,0,4
12895,4,0,4
12896,4,0,4
12897,4,0,4
12898,4,0,4
12899,4,0,4
12900,4,0,4
12901,4,0,4
12902,4,0,4
12903,4,0,4
12904,4,0,4
12905,4,0,4
12906,4,0,4
12907,4,0,4
12908,4,0,4
12909,4,0,4
12910,5,0,5
12911,5,0,5
12912,5,0,5
12913,5,0,5
12914,5,0,5
12915,5,0,5
12916,5,0,5
12917,5,0,5
12918,5,0,5
12919,5,0,5
12920,5,0,5
12921,5,0,5
12922,5,0,5
12923,5,0,5
12924,5,0,5
12925,5,0,5
12926,5,0,5
12927,5,0,5
12928,5,0,5
12929,5,0,5
12930,5,0,5
12931,5,0,5
12932,5,0,5
12933,5,0,5
12934,5,0,5
12935,5,0,5
12936,5,0,5
12937,5,0,5
12938,5,0,5
12939,5,0,5
12940,5,0,5
12941,5,0,5
12942,5,0,5
12943,5,0,5
12944,5,0,5
12945,5,0,5
12946,5,0,5
12947,5,0,5
12948,5,0,5
12949,5,0,5
12950,5,0,5
12951,5,0,5
12952,5,0,5
12953,5,0,5
12954,5,0,5
12955,5,0,5
12956,5,0,5
12957,5,0,5
12958,4,0,4
12959,4,0,4
12960,4,0,4
12961,4,0,4
12962,4,0,4
12963,5,0,5
12964,5,0,5
12965,5,0,5
12966,5,0,5
12967,5,0,5
12968,5,0,5
12969,5,0,5
12970,5,0,5
12971,5,0,5
12972,5,0,5
12973,5,0,5
12974,5,0,5
12975,5,0,5
12976,5,0,5
12977,5,0,5
12978,5,0,5
12979,5,0,5
12980,5,0,5
12981,5,0,5
12982,5,0,5
12983,5,0,5
12984,5,0,5
12985,5,0,5
12986,5,0,5
12987,5,0,5
12988,5,0,5
12989,5,0,5
12990,5,0,5
12991,5,0,5
12992,5,0,5
12993,5,0,5
12994,5,0,5
12995,5,0,5
12996,5,0,5
12997,5,0,5
12998,5,0,5
12999,5,0,5
13000,5,0,5
13001,5,0,5
13002,5,0,5
13003,5,0,5
13004,5,0,5
13005,5,0,5
13006,5,0,5
13007,5,0,5
13008,5,0,5
13009,5,0,5
13010,5,0,5
13011,5,0,5
13012,5,0,5
13013,5,0,5
13014,5,0,5
13015,5,0,5
13016,5,0,5
13017,5,0,5
13018,4,0,4
13019,4,0,4
13020,4,0,4
13021,4,0,4
13022,4,0,4
13023,4,0,4
13024,4,0,4
13025,4,0,4
13026,4,0,4
13027,4,0,4
13028,5,0,5
13029,5,0,5
13030,5,0,5
13031,5,0,5
13032,5,0,5
13033,5,0,5
13034,5,0,5
13035,5,0,5
13036,5,0,5
13037,5,0,5
13038,6,0,6
13039,6,0,6
13040,6,0,6
13041,6,0,6
13042,6,0,6
13043,6,0,6
13044,6,0,6
13045,6,0,6
13046,6,0,6
13047,5,0,5
13048,5,0,5
13049,5,0,5
13050,5,0,5
13051,5,0,5
13052,5,0,5
13053,5,0,5
13054,5,0,5
13055,5,0,5
13056,5,0,5
13057,5,0,5
13058,5,0,5
13059,5,0,5
13060,5,0,5
13061,5,0,5
13062,5,0,5
13063,5,0,5
13064,5,0,5
13065,5,0,5
13066,5,0,5
13067,5,0,5
13068,5,0,5
13069,5,0,5
13070,5,0,5
13071,5,0,5
13072,5,0,5
13073,5,0,5
13074,5,0,5
13075,5,0,5
13076,5,0,5
13077,5,0,5
13078,5,0,5
13079,5,0,5
13080,5,0,5
13081,5,0,5
13082,5,0,5
13083,5,0,5
13084,5,0,5
13085,5,0,5
13086,5,0,5
13087,5,0,5
13088,5,0,5
13089,5,0,5
13090,5,0,5
13091,5,0,5
13092,5,0,5
13093,5,0,5
13094,5,0,5
13095,5,0,5
13096,5,0,5
13097,5,0,5
13098,5,0,5
13099,5,0,5
13100,5,0,5
13101,5,0,5
13102,5,0,5
13103,5,0,5
13104,5,0,5
13105,5,0,5
13106,5,0,5
13107,5,0,5
13108,5,0,5
13109,6,0,6
13110,6,0,6
13111,6,0,6
13112,6,0,6
13113,6,0,6
13114,6,0,6
13115,6,0,6
13116,6,0,6
13117,6,0,6
13118,6,0,6
13119,6,0,6
13120,6,0,6
13121,6,0,6
13122,6,0,6
13123,6,0,6
13124,6,0,6
13125,6,0,6
13126,6,0,6
13127,6,0,6
13128,6,0,6
13129,6,0,6
13130,6,0,6
13131,6,0,6
13132,6,0,6
13133,6,0,6
13134,6,0,6
13135,6,0,6
13136,6,0,6
13137,6,0,6
13138,6,0,6
13139,6,0,6
13140,6,0,6
13141,6,0,6
13142,6,0,6
13143,5,0,5
13144,5,0,5
13145,5,0,5
13146,5,0,5
13147,5,0,5
13148,5,0,5
13149,5,0,5
13150,5,0,5
13151,5,0,5
13152,5,0,5
13153,5,0,5
13154,5,0,5
13155,5,0,5
13156,5,0,5
13157,5,0,5
13158,5,0,5
13159,5,0,5
13160,5,0,5
13161,5,0,5
13162,5,0,5
13163,5,0,5
13164,5,0,5
13165,5,0,5
13166,5,0,5
13167,5,0,5
13168,5,0,5
13169,5,0,5
13170,5,0,5
13171,5,0,5
13172,5,0,5
13173,5,0,5
13174,5,0,5
13175,5,0,5
13176,5,0,5
13177,5,0,5
13178,5,0,5
13179,5,0,5
13180,5,0,5
13181,5,0,5
13182,5,0,5
13183,5,0,5
13184,5,0,5
13185,5,0,5
13186,5,0,5
13187,5,0,5
13188,5,0,5
13189,5,0,5
13190,5,0,5
13191,5,0,5
13192,5,0,5
13193,5,0,5
13194,5,0,5
13195,5,0,5
13196,5,0,5
13197,5,0,5
13198,5,0,5
13199,5,0,5
13200,6,0,6
13201,6,0,6
13202,6,0,6
13203,6,0,6
13204,6,0,6
13205,6,0,6
13206,6,0,6
13207,6,0,6
13208,6,0,6
13209,6,0,6
13210,6,0,6
13211,6,0,6
13212,6,0,6
13213,6,0,6
13214,6,0,6
13215,6,0,6
13216,6,0,6
13217,6,0,6
13218,6,0,6
13219,6,0,6
13220,6,0,6
13221,6,0,6
13222,6,0,6
13223,6,0,6
13224,6,0,6
13225,6,0,6
13226,6,0,6
13227,6,0,6
13228,6,0,6
13229,6,0,6
13230,6,0,6
13231,6,0,6
13232,6,0,6
13233,6,0,6
13234,6,0,6
13235,6,0,6
13236,6,0,6
13237,6,0,6
13238,6,0,6
13239,6,0,6
13240,6,0,6
13241,6,0,6
13242,6,0,6
13243,6,0,6
13244,6,0,6
13245,6,0,6
13246,6,0,6
13247,6,0,6
13248,6,0,6
13249,6,0,6
13250,6,0,6
13251,6,0,6
13252,6,0,6
13253,6,0,6
13254,6,0,6
13255,6,0,6
13256,6,0,6
13257,6,0,6
13258,6,0,6
13259,6,0,6
13260,6,0,6
13261,6,0,6
13262,6,0,6
13263,6,0,6
13264,6,0,6
13265,6,0,6
13266,6,0,6
13267,6,0,6
13268,6,0,6
13269,6,0,6
13270,6,0,6
13271,6,0,6
13272,6,0,6
13273,6,0,6
13274,6,0,6
13275,6,0,6
13276,6,0,6
13277,6,0,6
13278,6,0,6
13279,6,0,6
13280,6,0,6
13281,6,0,6
13282,6,0,6
13283,6,0,6
13284,6,0,6
13285,6,0,6
13286,6,0,6
13287,6,0,6
13288,6,0,6
13289,6,0,6
13290,7,0,7
13291,7,0,7
13292,7,0,7
13293,7,0,7
13294,7,0,7
13295,7,0,7
13296,7,0,7
13297,7,0,7
13298,7,0,7
13299,7,0,7
13300,7,0,7
13301,7,0,7
13302,7,0,7
13303,7,0,7
13304,7,0,7
13305,7,0,7
13306,7,0,7
13307,7,0,7
13308,7,0,7
13309,7,0,7
13310,7,0,7
13311,7,0,7
13312,7,0,7
13313,7,0,7
13314,7,0,7
13315,7,0,7
13316,7,0,7
13317,7,0,7
13318,7,0,7
13319,7,0,7
13320,7,0,7
13321,7,0,7
13322,7,0,7
13323,7,0,7
13324,7,0,7
13325,7,0,7
13326,7,0,7
13327,7,0,7
13328,7,0,7
13329,7,0,7
13330,7,0,7
13331,6,0,6
13332,6,0,6
13333,6,0,6
13334,6,0,6
13335,6,0,6
13336,6,0,6
13337,6,0,6
13338,6,0,6
13339,6,0,6
13340,6,0,6
13341,6,0,6
13342,6,0,6
13343,6,0,6
13344,6,0,6
13345,6,0,6
13346,6,0,6
13347,6,0,6
13348,6,0,6
13349,6,0,6
13350,6,0,6
13351,6,0,6
13352,6,0,6
13353,6,0,6
13354,6,0,6
13355,6,0,6
13356,6,0,6
13357,6,0,6
13358,6,0,6
13359,6,0,6
13360,6,0,6
13361,6,0,6
13362,6,0,6
13363,6,0,6
13364,6,0,6
13365,6,0,6
13366,6,0,6
13367,6,0,6
13368,6,0,6
13369,6,0,6
13370,6,0,6
13371,6,0,6
13372,6,0,6
13373,6,0,6
13374,6,0,6
13375,6,0,6
13376,6,0,6
13377,6,0,6
13378,6,0,6
13379,6,0,6
13380,6,0,6
13381,6,0,6
13382,6,0,6
13383,6,0,6
13384,6,0,6
13385,6,0,6
13386,6,0,6
13387,6,0,6
13388,6,0,6
13389,6,0,6
13390,6,0,6
13391,6,0,6
13392,6,0,6
13393,6,0,6
13394,6,0,6
13395,6,0,6
13396,6,0,6
13397,7,0,7
13398,7,0,7
13399,7,0,7
13400,7,0,7
13401,7,0,7
13402,6,0,6
13403,6,0,6
13404,6,0,6
13405,6,0,6
13406,6,0,6
13407,6,0,6
13408,7,0,7
13409,7,0,7
13410,7,0,7
13411,7,0,7
13412,7,0,7
13413,7,0,7
13414,7,0,7
13415,7,0,7
13416,7,0,7
13417,7,0,7
13418,7,0,7
13419,7,0,7
13420,7,0,7
13421,7,0,7
13422,7,0,7
13423,7,0,7
13424,7,0,7
13425,7,0,7
13426,7,0,7
13427,7,0,7
13428,7,0,7
13429,7,0,7
13430,7,0,7
13431,7,0,7
13432,7,0,7
13433,7,0,7
13434,7,0,7
13435,7,0,7
13436,7,0,7
13437,7,0,7
13438,7,0,7
13439,7,0,7
13440,7,0,7
13441,7,0,7
13442,7,0,7
13443,7,0,7
13444,7,0,7
13445,7,0,7
13446,7,0,7
13447,7,0,7
13448,7,0,7
13449,7,0,7
13450,7,0,7
13451,7,0,7
13452,7,0,7
13453,7,0,7
13454,7,0,7
13455,8,0,8
13456,8,0,8
13457,8,0,8
13458,8,0,8
13459,8,0,8
13460,8,0,8
13461,8,0,8
13462,8,0,8
13463,8,0,8
13464,8,0,8
13465,8,0,8
13466,8,0,8
13467,8,0,8
13468,8,0,8
13469,8,0,8
13470,7,0,7
13471,7,0,7
13472,7,0,7
13473,7,0,7
13474,7,0,7
13475,7,0,7
13476,7,0,7
13477,7,0,7
13478,7,0,7
13479,7,0,7
13480,7,0,7
13481,7,0,7
13482,7,0,7
13483,7,0,7
13484,7,0,7
13485,7,0,7
13486,7,0,7
13487,7,0,7
13488,7,0,7
13489,7,0,7
13490,7,0,7
13491,7,0,7
13492,7,0,7
13493,7,0,7
13494,7,0,7
13495,7,0,7
13496,7,0,7
13497,7,0,7
13498,7,0,7
13499,7,0,7
13500,8,0,8
13501,8,0,8
13502,8,0,8
13503,8,0,8
13504,8,0,8
13505,8,0,8
13506,8,0,8
13507,8,0,8
13508,8,0,8
13509,8,0,8
13510,8,0,8
13511,8,0,8
13512,8,0,8
13513,8,0,8
13514,8,0,8
13515,8,0,8
13516,8,0,8
13517,8,0,8
13518,8,0,8
13519,8,0,8
13520,8,0,8
13521,8,0,8
13522,8,0,8
13523,8,0,8
13524,8,0,8
13525,8,0,8
13526,8,0,8
13527,8,0,8
13528,8,0,8
13529,8,0,8
13530,8,0,8
13531,8,0,8
13532,8,0,8
13533,8,0,8
13534,8,0,8
13535,8,0,8
13536,8,0,8
13537,8,0,8
13538,8,0,8
13539,8,0,8
13540,8,0,8
13541,9,0,9
13542,9,0,9
13543,9,0,9
13544,9,0,9
13545,9,0,9
13546,9,0,9
13547,9,0,9
13548,9,0,9
13549,9,0,9
13550,9,0,9
13551,10,0,10
13552,10,0,10
13553,10,0,10
13554,10,0,10
13555,10,0,10
13556,10,0,10
13557,10,0,10
13558,10,0,10
13559,10,0,10
13560,10,0,10
13561,10,0,10
13562,10,0,10
13563,10,0,10
13564,10,0,10
13565,10,0,10
13566,10,0,10
13567,10,0,10
13568,10,0,10
13569,10,0,10
13570,10,0,10
13571,10,0,10
13572,10,0,10
13573,9,0,9
13574,9,0,9
13575,9,0,9
13576,9,0,9
13577,9,0,9
13578,9,0,9
13579,8,0,8
13580,8,0,8
13581,8,0,8
13582,8,0,8
13583,7,0,7
13584,7,0,7
13585,7,0,7
13586,7,0,7
13587,7,0,7
13588,7,0,7
13589,7,0,7
13590,7,0,7
13591,7,0,7
13592,6,0,6
13593,6,0,6
13594,6,0,6
13595,6,0,6
13596,6,0,6
13597,6,0,6
13598,6,0,6
13599,6,0,6
13600,6,0,6
13601,6,0,6
13602,6,0,6
13603,6,0,6
13604,6,0,6
13605,6,0,6
13606,6,0,6
13607,6,0,6
13608,6,0,6
13609,6,0,6
13610,6,0,6
13611,5,0,5
13612,5,0,5
13613,5,0,5
13614,5,0,5
13615,5,0,5
13616,5,0,5
13617,5,0,5
13618,5,0,5
13619,5,0,5
13620,5,0,5
13621,5,0,5
13622,4,0,4
13623,4,0,4
13624,4,0,4
13625,4,0,4
13626,4,0,4
13627,4,0,4
13628,4,0,4
13629,4,0,4
13630,4,0,4
13631,4,0,4
13632,4,0,4
13633,4,0,4
13634,4,0,4
13635,4,0,4
13636,4,0,4
13637,4,0,4
13638,4,0,4
13639,4,0,4
13640,4,0,4
13641,4,0,4
13642,4,0,4
13643,4,0,4
13644,4,0,4
13645,4,0,4
13646,4,0,4
13647,4,0,4
13648,4,0,4
13649,4,0,4
13650,4,0,4
13651,3,0,3
13652,3,0,3
13653,3,0,3
13654,3,0,3
13655,3,0,3
13656,3,0,3
13657,3,0,3
13658,3,0,3
13659,3,0,3
13660,3,0,3
13661,3,0,3
13662,3,0,3
13663,3,0,3
13664,3,0,3
13665,3,0,3
13666,4,0,4
13667,4,0,4
13668,4,0,4
13669,4,0,4
13670,4,0,4
13671,4,0,4
13672,4,0,4
13673,4,0,4
13674,4,0,4
13675,4,0,4
13676,4,0,4
13677,4,0,4
13678,4,0,4
13679,4,0,4
13680,5,0,5
13681,5,0,5
13682,5,0,5
13683,5,0,5
13684,5,0,5
13685,5,0,5
13686,5,0,5
13687,5,0,5
13688,5,0,5
13689,5,0,5
13690,5,0,5
13691,5,0,5
13692,5,0,5
13693,5,0,5
13694,5,0,5
13695,5,0,5
13696,5,0,5
13697,5,0,5
13698,5,0,5
13699,5,0,5
13700,5,0,5
13701,5,0,5
13702,5,0,5
13703,5,0,5
13704,5,0,5
13705,5,0,5
13706,5,0,5
13707,5,0,5
13708,5,0,5
13709,5,0,5
13710,5,0,5
13711,5,0,5
13712,5,0,5
13713,5,0,5
13714,5,0,5
13715,5,0,5
13716,5,0,5
13717,5,0,5
13718,5,0,5
13719,5,0,5
13720,5,0,5
13721,5,0,5
13722,5,0,5
13723,5,0,5
13724,5,0,5
13725,5,0,5
13726,5,0,5
13727,5,0,5
13728,5,0,5
13729,5,0,5
13730,5,0,5
13731,5,0,5
13732,6,0,6
13733,6,0,6
13734,6,0,6
13735,6,0,6
13736,6,0,6
13737,6,0,6
13738,6,0,6
13739,6,0,6
13740,6,0,6
13741,6,0,6
13742,5,0,5
13743,5,0,5
13744,5,0,5
13745,5,0,5
13746,5,0,5
13747,5,0,5
13748,5,0,5
13749,5,0,5
13750,5,0,5
13751,5,0,5
13752,5,0,5
13753,5,0,5
13754,5,0,5
13755,5,0,5
13756,5,0,5
13757,5,0,5
13758,5,0,5
13759,5,0,5
13760,5,0,5
13761,5,0,5
13762,5,0,5
13763,5,0,5
13764,4,0,4
13765,4,0,4
13766,4,0,4
13767,4,0,4
13768,4,0,4
13769,4,0,4
13770,4,0,4
13771,4,0,4
13772,4,0,4
13773,4,0,4
13774,4,0,4
13775,4,0,4
13776,4,0,4
13777,4,0,4
13778,4,0,4
13779,4,0,4
13780,4,0,4
13781,4,0,4
13782,4,0,4
13783,4,0,4
13784,4,0,4
13785,4,0,4
13786,4,0,4
13787,5,0,5
13788,5,0,5
13789,5,0,5
13790,5,0,5
13791,5,0,5
13792,5,0,5
13793,5,0,5
13794,5,0,5
13795,5,0,5
13796,5,0,5
13797,5,0,5
13798,5,0,5
13799,5,0,5
13800,5,0,5
13801,5,0,5
13802,5,0,5
13803,5,0,5
13804,5,0,5
13805,5,0,5
13806,5,0,5
13807,5,0,5
13808,5,0,5
13809,5,0,5
13810,5,0,5
13811,5,0,5
13812,5,0,5
13813,5,0,5
13814,5,0,5
13815,5,0,5
13816,5,0,5
13817,5,0,5
13818,5,0,5
13819,5,0,5
13820,5,0,5
13821,5,0,5
13822,5,0,5
13823,5,0,5
13824,5,0,5
13825,5,0,5
13826,5,0,5
13827,5,0,5
13828,5,0,5
13829,5,0,5
13830,5,0,5
13831,5,0,5
13832,5,0,5
13833,5,0,5
13834,5,0,5
13835,5,0,5
13836,5,0,5
13837,5,0,5
13838,5,0,5
13839,5,0,5
13840,5,0,5
13841,5,0,5
13842,5,0,5
13843,5,0,5
13844,5,0,5
13845,5,0,5
13846,5,0,5
13847,5,0,5
13848,5,0,5
13849,5,0,5
13850,5,0,5
13851,5,0,5
13852,5,0,5
13853,5,0,5
13854,5,0,5
13855,5,0,5
13856,5,0,5
13857,5,0,5
13858,5,0,5
13859,5,0,5
13860,5,0,5
13861,5,0,5
13862,5,0,5
13863,5,0,5
13864,5,0,5
13865,5,0,5
13866,5,0,5
13867,5,0,5
13868,5,0,5
13869,5,0,5
13870,5,0,5
13871,5,0,5
13872,5,0,5
13873,5,0,5
13874,5,0,5
13875,5,0,5
13876,5,0,5
13877,5,0,5
13878,5,0,5
13879,5,0,5
13880,5,0,5
13881,5,0,5
13882,5,0,5
13883,5,0,5
13884,5,0,5
13885,5,0,5
13886,5,0,5
13887,5,0,5
13888,5,0,5
13889,5,0,5
13890,5,0,5
13891,5,0,5
13892,5,0,5
13893,5,0,5
13894,5,0,5
13895,5,0,5
13896,5,0,5
13897,5,0,5
13898,5,0,5
13899,5,0,5
13900,5,0,5
13901,5,0,5
13902,5,0,5
13903,5,0,5
13904,5,0,5
13905,5,0,5
13906,5,0,5
13907,5,0,5
13908,5,0,5
13909,5,0,5
13910,5,0,5
13911,5,0,5
13912,5,0,5
13913,5,0,5
13914,5,0,5
13915,5,0,5
13916,5,0,5
13917,5,0,5
13918,5,0,5
13919,5,0,5
13920,5,0,5
13921,5,0,5
13922,5,0,5
13923,5,0,5
13924,5,0,5
13925,5,0,5
13926,6,0,6
13927,6,0,6
13928,6,0,6
13929,7,0,7
13930,7,0,7
13931,7,0,7
13932,7,0,7
13933,6,0,6
13934,6,0,6
13935,6,0,6
13936,6,0,6
13937,6,0,6
13938,6,0,6
13939,6,0,6
13940,6,0,6
13941,6,0,6
13942,6,0,6
13943,6,0,6
13944,6,0,6
13945,6,0,6
13946,6,0,6
13947,6,0,6
13948,6,0,6
13949,6,0,6
13950,6,0,6
13951,6,0,6
13952,6,0,6
13953,6,0,6
13954,6,0,6
13955,6,0,6
13956,6,0,6
13957,6,0,6
13958,6,0,6
13959,6,0,6
13960,6,0,6
13961,6,0,6
13962,6,0,6
13963,6,0,6
13964,6,0,6
13965,6,0,6
13966,6,0,6
13967,6,0,6
13968,6,0,6
13969,6,0,6
13970,6,0,6
13971,6,0,6
13972,6,0,6
13973,6,0,6
13974,6,0,6
13975,6,0,6
13976,6,0,6
13977,6,0,6
13978,6,0,6
13979,6,0,6
13980,6,0,6
13981,6,0,6
13982,6,0,6
13983,6,0,6
13984,6,0,6
13985,6,0,6
13986,6,0,6
13987,6,0,6
13988,6,0,6
13989,6,0,6
13990,6,0,6
13991,6,0,6
13992,6,0,6
13993,6,0,6
13994,6,0,6
13995,6,0,6
13996,6,0,6
13997,6,0,6
13998,6,0,6
13999,6,0,6
14000,6,0,6
14001,6,0,6
14002,6,0,6
14003,6,0,6
14004,6,0,6
14005,6,0,6
14006,6,0,6
14007,6,0,6
14008,6,0,6
14009,6,0,6
14010,6,0,6
14011,6,0,6
14012,6,0,6
14013,6,0,6
14014,6,0,6
14015,6,0,6
14016,6,0,6
14017,6,0,6
14018,6,0,6
14019,6,0,6
14020,6,0,6
14021,7,0,7
14022,7,0,7
14023,7,0,7
14024,7,0,7
14025,7,0,7
14026,7,0,7
14027,7,0,7
14028,7,0,7
14029,7,0,7
14030,6,0,6
14031,6,0,6
14032,6,0,6
14033,6,0,6
14034,6,0,6
14035,6,0,6
14036,6,0,6
14037,6,0,6
14038,6,0,6
14039,6,0,6
14040,6,0,6
14041,6,0,6
14042,6,0,6
14043,6,0,6
14044,6,0,6
14045,6,0,6
14046,6,0,6
14047,6,0,6
14048,6,0,6
14049,6,0,6
14050,6,0,6
14051,6,0,6
14052,6,0,6
14053,6,0,6
14054,6,0,6
14055,6,0,6
14056,6,0,6
14057,6,0,6
14058,6,0,6
14059,6,0,6
14060,6,0,6
14061,6,0,6
14062,6,0,6
14063,6,0,6
14064,6,0,6
14065,6,0,6
14066,6,0,6
14067,6,0,6
14068,6,0,6
14069,6,0,6
14070,6,0,6
14071,6,0,6
14072,6,0,6
14073,5,0,5
14074,5,0,5
14075,5,0,5
14076,5,0,5
14077,5,0,5
14078,5,0,5
14079,5,0,5
14080,5,0,5
14081,5,0,5
14082,5,0,5
14083,4,0,4
14084,4,0,4
14085,4,0,4
14086,4,0,4
14087,5,0,5
14088,5,0,5
14089,5,0,5
14090,5,0,5
14091,5,0,5
14092,5,0,5
14093,5,0,5
14094,5,0,5
14095,5,0,5
14096,5,0,5
14097,5,0,5
14098,5,0,5
14099,5,0,5
14100,5,0,5
14101,5,0,5
14102,5,0,5
14103,5,0,5
14104,5,0,5
14105,5,0,5
14106,5,0,5
14107,5,0,5
14108,5,0,5
14109,5,0,5
14110,5,0,5
14111,4,0,4
14112,4,0,4
14113,4,0,4
14114,4,0,4
14115,4,0,4
14116,4,0,4
14117,4,0,4
14118,4,0,4
14119,4,0,4
14120,4,0,4
14121,4,0,4
14122,4,0,4
14123,4,0,4
14124,4,0,4
14125,4,0,4
14126,4,0,4
14127,4,0,4
14128,4,0,4
14129,4,0,4
14130,4,0,4
14131,4,0,4
14132,4,0,4
14133,4,0,4
14134,4,0,4
14135,4,0,4
14136,4,0,4
14137,4,0,4
14138,4,0,4
14139,4,0,4
14140,4,0,4
14141,4,0,4
14142,4,0,4
14143,4,0,4
14144,4,0,4
14145,4,0,4
14146,4,0,4
14147,4,0,4
14148,4,0,4
14149,4,0,4
14150,4,0,4
14151,4,0,4
14152,4,0,4
14153,4,0,4
14154,5,0,5
14155,5,0,5
14156,5,0,5
14157,5,0,5
14158,5,0,5
14159,5,0,5
14160,5,0,5
14161,5,0,5
14162,5,0,5
14163,5,0,5
14164,5,0,5
14165,5,0,5
14166,5,0,5
14167,5,0,5
14168,5,0,5
14169,5,0,5
14170,5,0,5
14171,5,0,5
14172,5,0,5
14173,5,0,5
14174,5,0,5
14175,5,0,5
14176,5,0,5
14177,5,0,5
14178,5,0,5
14179,5,0,5
14180,5,0,5
14181,5,0,5
14182,5,0,5
14183,5,0,5
14184,5,0,5
14185,5,0,5
14186,5,0,5
14187,5,0,5
14188,5,0,5
14189,5,0,5
14190,5,0,5
14191,5,0,5
14192,5,0,5
14193,5,0,5
14194,5,0,5
14195,5,0,5
14196,5,0,5
14197,5,0,5
14198,5,0,5
14199,4,0,4
14200,4,0,4
14201,4,0,4
14202,4,0,4
14203,4,0,4
14204,4,0,4
14205,4,0,4
14206,4,0,4
14207,4,0,4
14208,4,0,4
14209,4,0,4
14210,4,0,4
14211,4,0,4
14212,4,0,4
14213,4,0,4
14214,4,0,4
14215,4,0,4
14216,4,0,4
14217,4,0,4
14218,4,0,4
14219,4,0,4
14220,4,0,4
14221,4,0,4
14222,4,0,4
14223,4,0,4
14224,4,0,4
14225,4,0,4
14226,4,0,4
14227,4,0,4
14228,4,0,4
14229,4,0,4
14230,4,0,4
14231,4,0,4
14232,4,0,4
14233,4,0,4
14234,4,0,4
14235,4,0,4
14236,4,0,4
14237,4,0,4
14238,4,0,4
14239,4,0,4
14240,4,0,4
14241,4,0,4
14242,5,0,5
14243,5,0,5
14244,5,0,5
14245,5,0,5
14246,5,0,5
14247,5,0,5
14248,5,0,5
14249,5,0,5
14250,5,0,5
14251,5,0,5
14252,5,0,5
14253,5,0,5
14254,5,0,5
14255,5,0,5
14256,5,0,5
14257,5,0,5
14258,5,0,5
14259,5,0,5
14260,5,0,5
14261,5,0,5
14262,5,0,5
14263,5,0,5
14264,5,0,5
14265,5,0,5
14266,5,0,5
14267,5,0,5
14268,5,0,5
14269,5,0,5
14270,5,0,5
14271,5,0,5
14272,5,0,5
14273,5,0,5
14274,5,0,5
14275,5,0,5
14276,5,0,5
14277,5,0,5
14278,5,0,5
14279,5,0,5
14280,5,0,5
14281,5,0,5
14282,5,0,5
14283,5,0,5
14284,5,0,5
14285,5,0,5
14286,5,0,5
14287,5,0,5
14288,5,0,5
14289,5,0,5
14290,5,0,5
14291,4,0,4
14292,4,0,4
14293,4,0,4
14294,4,0,4
14295,4,0,4
14296,4,0,4
14297,4,0,4
14298,4,0,4
14299,4,0,4
14300,4,0,4
14301,4,0,4
14302,4,0,4
14303,4,0,4
14304,4,0,4
14305,4,0,4
14306,4,0,4
14307,4,0,4
14308,4,0,4
14309,4,0,4
14310,4,0,4
14311,4,0,4
14312,4,0,4
14313,4,0,4
14314,4,0,4
14315,4,0,4
14316,4,0,4
14317,4,0,4
14318,4,0,4
14319,4,0,4
14320,4,0,4
14321,4,0,4
14322,4,0,4
14323,4,0,4
14324,4,0,4
14325,4,0,4
14326,4,0,4
14327,4,0,4
14328,4,0,4
14329,4,0,4
14330,4,0,4
14331,4,0,4
14332,4,0,4
14333,4,0,4
14334,4,0,4
14335,4,0,4
14336,4,0,4
14337,4,0,4
14338,4,0,4
14339,4,0,4
14340,4,0,4
14341,4,0,4
14342,3,0,3
14343,3,0,3
14344,3,0,3
14345,3,0,3
14346,4,0,4
14347,4,0,4
14348,4,0,4
14349,4,0,4
14350,4,0,4
14351,4,0,4
14352,4,0,4
14353,4,0,4
14354,4,0,4
14355,4,0,4
14356,4,0,4
14357,4,0,4
14358,4,0,4
14359,4,0,4
14360,4,0,4
14361,4,0,4
14362,4,0,4
14363,4,0,4
14364,4,0,4
14365,4,0,4
14366,4,0,4
14367,4,0,4
14368,4,0,4
14369,4,0,4
14370,4,0,4
14371,4,0,4
14372,4,0,4
14373,4,0,4
14374,4,0,4
14375,4,0,4
14376,4,0,4
14377,4,0,4
14378,4,0,4
14379,4,0,4
14380,4,0,4
14381,4,0,4
14382,4,0,4
14383,4,0,4
14384,4,0,4
14385,4,0,4
14386,4,0,4
14387,4,0,4
14388,4,0,4
14389,4,0,4
14390,4,0,4
14391,4,0,4
14392,4,0,4
14393,4,0,4
14394,4,0,4
14395,4,0,4
14396,4,0,4
14397,4,0,4
14398,4,0,4
14399,4,0,4
14400,4,0,4
14401,4,0,4
14402,4,0,4
14403,4,0,4
14404,4,0,4
14405,4,0,4
14406,4,0,4
14407,4,0,4
14408,4,0,4
14409,4,0,4
14410,4,0,4
14411,4,0,4
14412,4,0,4
14413,4,0,4
14414,4,0,4
14415,5,0,5
14416,5,0,5
14417,5,0,5
14418,5,0,5
14419,5,0,5
14420,5,0,5
14421,5,0,5
14422,5,0,5
14423,5,0,5
14424,5,0,5
14425,5,0,5
14426,5,0,5
14427,5,0,5
14428,5,0,5
14429,5,0,5
14430,5,0,5
14431,5,0,5
14432,5,0,5
14433,5,0,5
14434,5,0,5
14435,5,0,5
14436,5,0,5
14437,5,0,5
14438,5,0,5
14439,5,0,5
14440,5,0,5
14441,5,0,5
14442,5,0,5
14443,5,0,5
14444,5,0,5
14445,5,0,5
14446,5,0,5
14447,5,0,5
14448,5,0,5
14449,5,0,5
14450,5,0,5
14451,6,0,6
14452,6,0,6
14453,6,0,6
14454,6,0,6
14455,6,0,6
14456,6,0,6
14457,6,0,6
14458,6,0,6
14459,6,0,6
14460,6,0,6
14461,6,0,6
14462,6,0,6
14463,6,0,6
14464,6,0,6
14465,6,0,6
14466,6,0,6
14467,6,0,6
14468,6,0,6
14469,6,0,6
14470,6,0,6
14471,6,0,6
14472,6,0,6
14473,6,0,6
14474,6,0,6
14475,6,0,6
14476,6,0,6
14477,6,0,6
14478,6,0,6
14479,6,0,6
14480,6,0,6
14481,6,0,6
14482,6,0,6
14483,6,0,6
14484,6,0,6
14485,6,0,6
14486,6,0,6
14487,6,0,6
14488,6,0,6
14489,6,0,6
14490,6,0,6
14491,6,0,6
14492,6,0,6
14493,6,0,6
14494,6,0,6
14495,6,0,6
14496,6,0,6
14497,6,0,6
14498,6,0,6
14499,6,0,6
14500,6,0,6
14501,6,0,6
14502,6,0,6
14503,6,0,6
14504,5,0,5
14505,5,0,5
14506,5,0,5
14507,5,0,5
14508,5,0,5
14509,5,0,5
14510,5,0,5
14511,5,0,5
14512,5,0,5
14513,5,0,5
14514,5,0,5
14515,5,0,5
14516,5,0,5
14517,5,0,5
14518,5,0,5
14519,4,0,4
14520,4,0,4
14521,4,0,4
14522,4,0,4
14523,4,0,4
14524,4,0,4
14525,4,0,4
14526,4,0,4
14527,4,0,4
14528,4,0,4
14529,4,0,4
14530,4,0,4
14531,4,0,4
14532,4,0,4
14533,4,0,4
14534,4,0,4
14535,4,0,4
14536,4,0,4
14537,4,0,4
14538,4,0,4
14539,4,0,4
14540,4,0,4
14541,4,0,4
14542,4,0,4
14543,4,0,4
14544,4,0,4
14545,4,0,4
14546,4,0,4
14547,4,0,4
14548,4,0,4
14549,4,0,4
14550,4,0,4
14551,4,0,4
14552,4,0,4
14553,4,0,4
14554,4,0,4
14555,3,0,3
14556,3,0,3
14557,3,0,3
14558,3,0,3
14559,3,0,3
14560,3,0,3
14561,3,0,3
14562,3,0,3
14563,3,0,3
14564,3,0,3
14565,3,0,3
14566,3,0,3
14567,3,0,3
14568,3,0,3
14569,3,0,3
14570,3,0,3
14571,3,0,3
14572,3,0,3
14573,3,0,3
14574,2,0,2
14575,2,0,2
14576,2,0,2
14577,2,0,2
14578,2,0,2
14579,2,0,2
14580,2,0,2
14581,2,0,2
14582,2,0,2
14583,2,0,2
14584,2,0,2
14585,2,0,2
14586,2,0,2
14587,2,0,2
14588,2,0,2
14589,2,0,2
14590,2,0,2
14591,2,0,2
14592,2,0,2
14593,2,0,2
14594,2,0,2
14595,2,0,2
14596,2,0,2
14597,2,0,2
14598,2,0,2
14599,2,0,2
14600,2,0,2
14601,2,0,2
14602,2,0,2
14603,2,0,2
14604,2,0,2
14605,2,0,2
14606,2,0,2
14607,2,0,2
14608,2,0,2
14609,2,0,2
14610,2,0,2
14611,2,0,2
14612,2,0,2
14613,2,0,2
14614,2,0,2
14615,3,0,3
14616,3,0,3
14617,3,0,3
14618,3,0,3
14619,3,0,3
14620,3,0,3
14621,3,0,3
14622,3,0,3
14623,3,0,3
14624,3,0,3
14625,3,0,3
14626,4,0,4
14627,4,0,4
14628,4,0,4
14629,4,0,4
14630,4,0,4
14631,4,0,4
14632,4,0,4
14633,4,0,4
14634,4,0,4
14635,4,0,4
14636,4,0,4
14637,4,0,4
14638,4,0,4
14639,4,0,4
14640,4,0,4
14641,4,0,4
14642,4,0,4
14643,4,0,4
14644,4,0,4
14645,4,0,4
14646,4,0,4
14647,4,0,4
14648,4,0,4
14649,4,0,4
14650,4,0,4
14651,4,0,4
14652,4,0,4
14653,4,0,4
14654,4,0,4
14655,4,0,4
14656,4,0,4
14657,4,0,4
14658,4,0,4
14659,4,0,4
14660,4,0,4
14661,4,0,4
14662,4,0,4
14663,4,0,4
14664,4,0,4
14665,3,0,3
14666,3,0,3
14667,3,0,3
14668,3,0,3
14669,3,0,3
14670,3,0,3
14671,3,0,3
14672,3,0,3
14673,3,0,3
14674,3,0,3
14675,3,0,3
14676,3,0,3
14677,3,0,3
14678,3,0,3
14679,3,0,3
14680,3,0,3
14681,3,0,3
14682,3,0,3
14683,3,0,3
14684,3,0,3
14685,3,0,3
14686,3,0,3
14687,3,0,3
14688,3,0,3
14689,3,0,3
14690,3,0,3
14691,3,0,3
14692,3,0,3
14693,3,0,3
14694,3,0,3
14695,3,0,3
14696,3,0,3
14697,3,0,3
14698,3,0,3
14699,3,0,3
14700,2,0,2
14701,2,0,2
14702,2,0,2
14703,2,0,2
14704,2,0,2
14705,2,0,2
14706,2,0,2
14707,2,0,2
14708,2,0,2
14709,2,0,2
14710,2,0,2
14711,2,0,2
14712,2,0,2
14713,2,0,2
14714,2,0,2
14715,2,0,2
14716,2,0,2
14717,2,0,2
14718,2,0,2
14719,2,0,2
14720,2,0,2
14721,2,0,2
14722,2,0,2
14723,2,0,2
14724,2,0,2
14725,2,0,2
14726,2,0,2
14727,2,0,2
14728,2,0,2
14729,2,0,2
14730,2,0,2
14731,2,0,2
14732,2,0,2
14733,2,0,2
14734,2,0,2
14735,2,0,2
14736,2,0,2
14737,2,0,2
14738,2,0,2
14739,2,0,2
14740,2,0,2
14741,2,0,2
14742,2,0,2
14743,2,0,2
14744,2,0,2
14745,2,0,2
14746,2,0,2
14747,2,0,2
14748,2,0,2
14749,2,0,2
14750,2,0,2
14751,2,0,2
14752,2,0,2
14753,2,0,2
14754,2,0,2
14755,2,0,2
14756,2,0,2
14757,2,0,2
14758,2,0,2
14759,2,0,2
14760,2,0,2
14761,2,0,2
14762,2,0,2
14763,2,0,2
14764,2,0,2
14765,2,0,2
14766,2,0,2
14767,2,0,2
14768,2,0,2
14769,2,0,2
14770,2,0,2
14771,2,0,2
14772,2,0,2
14773,2,0,2
14774,2,0,2
14775,2,0,2
14776,2,0,2
14777,2,0,2
14778,3,0,3
14779,3,0,3
14780,4,0,4
14781,4,0,4
14782,4,0,4
14783,4,0,4
14784,4,0,4
14785,4,0,4
14786,4,0,4
14787,4,0,4
14788,4,0,4
14789,4,0,4
14790,4,0,4
14791,4,0,4
14792,4,0,4
14793,4,0,4
14794,4,0,4
14795,4,0,4
14796,4,0,4
14797,4,0,4
14798,4,0,4
14799,4,0,4
14800,4,0,4
14801,4,0,4
14802,4,0,4
14803,4,0,4
14804,4,0,4
14805,4,0,4
14806,4,0,4
14807,4,0,4
14808,4,0,4
14809,4,0,4
14810,4,0,4
14811,4,0,4
14812,4,0,4
14813,4,0,4
14814,4,0,4
14815,4,0,4
14816,4,0,4
14817,4,0,4
14818,4,0,4
14819,4,0,4
14820,4,0,4
14821,4,0,4
14822,4,0,4
14823,4,0,4
14824,4,0,4
14825,4,0,4
14826,4,0,4
14827,4,0,4
14828,4,0,4
14829,4,0,4
14830,4,0,4
14831,4,0,4
14832,4,0,4
14833,4,0,4
14834,4,0,4
14835,4,0,4
14836,4,0,4
14837,4,0,4
14838,4,0,4
14839,4,0,4
14840,4,0,4
14841,4,0,4
14842,4,0,4
14843,4,0,4
14844,4,0,4
14845,4,0,4
14846,4,0,4
14847,4,0,4
14848,4,0,4
14849,4,0,4
14850,4,0,4
14851,4,0,4
14852,4,0,4
14853,4,0,4
14854,4,0,4
14855,4,0,4
14856,4,0,4
14857,4,0,4
14858,4,0,4
14859,4,0,4
14860,4,0,4
14861,4,0,4
14862,4,0,4
14863,4,0,4
14864,4,0,4
14865,4,0,4
14866,4,0,4
14867,4,0,4
14868,4,0,4
14869,4,0,4
14870,5,0,5
14871,5,0,5
14872,5,0,5
14873,5,0,5
14874,5,0,5
14875,5,0,5
14876,5,0,5
14877,5,0,5
14878,5,0,5
14879,5,0,5
14880,5,0,5
14881,5,0,5
14882,5,0,5
14883,5,0,5
14884,5,0,5
14885,5,0,5
14886,5,0,5
14887,5,0,5
14888,5,0,5
14889,5,0,5
14890,5,0,5
14891,5,0,5
14892,5,0,5
14893,5,0,5
14894,5,0,5
14895,5,0,5
14896,5,0,5
14897,5,0,5
14898,5,0,5
14899,5,0,5
14900,5,0,5
14901,5,0,5
14902,5,0,5
14903,5,0,5
14904,5,0,5
14905,5,0,5
14906,5,0,5
14907,5,0,5
14908,5,0,5
14909,5,0,5
14910,5,0,5
14911,5,0,5
14912,5,0,5
14913,5,0,5
14914,5,0,5
14915,5,0,5
14916,5,0,5
14917,5,0,5
14918,5,0,5
14919,4,0,4
14920,4,0,4
14921,4,0,4
14922,4,0,4
14923,4,0,4
14924,4,0,4
14925,4,0,4
14926,4,0,4
14927,4,0,4
14928,4,0,4
14929,4,0,4
14930,4,0,4
14931,4,0,4
14932,4,0,4
14933,4,0,4
14934,4,0,4
14935,4,0,4
14936,4,0,4
14937,4,0,4
14938,4,0,4
14939,4,0,4
14940,4,0,4
14941,4,0,4
14942,4,0,4
14943,4,0,4
14944,4,0,4
14945,4,0,4
14946,4,0,4
14947,4,0,4
14948,4,0,4
14949,4,0,4
14950,4,0,4
14951,4,0,4
14952,4,0,4
14953,4,0,4
14954,4,0,4
14955,4,0,4
14956,4,0,4
14957,4,0,4
14958,4,0,4
14959,4,0,4
14960,4,0,4
14961,4,0,4
14962,4,0,4
14963,4,0,4
14964,4,0,4
14965,4,0,4
14966,4,0,4
14967,4,0,4
14968,4,0,4
14969,4,0,4
14970,4,0,4
14971,4,0,4
14972,4,0,4
14973,4,0,4
14974,3,0,3
14975,3,0,3
14976,3,0,3
14977,3,0,3
14978,3,0,3
14979,3,0,3
14980,3,0,3
14981,3,0,3
14982,3,0,3
14983,3,0,3
14984,3,0,3
14985,3,0,3
14986,3,0,3
14987,3,0,3
14988,3,0,3
14989,3,0,3
14990,3,0,3
14991,3,0,3
14992,3,0,3
14993,3,0,3
14994,3,0,3
14995,3,0,3
14996,3,0,3
14997,3,0,3
14998,3,0,3
14999,3,0,3
15000,3,0,3
15001,3,0,3
15002,3,0,3
15003,3,0,3
15004,3,0,3
15005,3,0,3
15006,4,0,4
15007,4,0,4
15008,4,0,4
15009,5,0,5
15010,5,0,5
15011,5,0,5
15012,5,0,5
15013,5,0,5
15014,5,0,5
15015,5,0,5
15016,5,0,5
15017,5,0,5
15018,5,0,5
15019,5,0,5
15020,5,0,5
15021,5,0,5
15022,5,0,5
15023,5,0,5
15024,5,0,5
15025,5,0,5
15026,5,0,5
15027,5,0,5
15028,5,0,5
15029,5,0,5
15030,5,0,5
15031,5,0,5
15032,5,0,5
15033,5,0,5
15034,5,0,5
15035,5,0,5
15036,5,0,5
15037,5,0,5
15038,5,0,5
15039,5,0,5
15040,5,0,5
15041,5,0,5
15042,5,0,5
15043,5,0,5
15044,5,0,5
15045,5,0,5
15046,5,0,5
15047,5,0,5
15048,5,0,5
15049,5,0,5
15050,5,0,5
15051,5,0,5
15052,5,0,5
15053,5,0,5
15054,6,0,6
15055,6,0,6
15056,6,0,6
15057,6,0,6
15058,6,0,6
15059,6,0,6
15060,6,0,6
15061,5,0,5
15062,5,0,5
15063,5,0,5
15064,5,0,5
15065,5,0,5
15066,5,0,5
15067,5,0,5
15068,5,0,5
15069,5,0,5
15070,5,0,5
15071,5,0,5
15072,5,0,5
15073,5,0,5
15074,5,0,5
15075,5,0,5
15076,5,0,5
15077,5,0,5
15078,5,0,5
15079,6,0,6
15080,6,0,6
15081,5,0,5
15082,5,0,5
15083,5,0,5
15084,5,0,5
15085,5,0,5
15086,5,0,5
15087,5,0,5
15088,5,0,5
15089,5,0,5
15090,5,0,5
15091,5,0,5
15092,5,0,5
15093,5,0,5
15094,5,0,5
15095,5,0,5
15096,5,0,5
15097,5,0,5
15098,5,0,5
15099,4,0,4
15100,4,0,4
15101,4,0,4
15102,4,0,4
15103,4,0,4
15104,4,0,4
15105,4,0,4
15106,4,0,4
15107,4,0,4
15108,4,0,4
15109,4,0,4
15110,4,0,4
15111,4,0,4
15112,4,0,4
15113,4,0,4
15114,4,0,4
15115,4,0,4
15116,4,0,4
15117,4,0,4
15118,4,0,4
15119,4,0,4
15120,4,0,4
15121,4,0,4
15122,4,0,4
15123,4,0,4
15124,4,0,4
15125,4,0,4
15126,4,0,4
15127,4,0,4
15128,4,0,4
15129,4,0,4
15130,4,0,4
15131,4,0,4
15132,4,0,4
15133,4,0,4
15134,4,0,4
15135,4,0,4
15136,4,0,4
15137,4,0,4
15138,4,0,4
15139,4,0,4
15140,4,0,4
15141,4,0,4
15142,4,0,4
15143,4,0,4
15144,4,0,4
15145,4,0,4
15146,4,0,4
15147,4,0,4
15148,4,0,4
15149,4,0,4
15150,4,0,4
15151,4,0,4
15152,4,0,4
15153,4,0,4
15154,4,0,4
15155,4,0,4
15156,4,0,4
15157,4,0,4
15158,4,0,4
15159,4,0,4
15160,4,0,4
15161,4,0,4
15162,4,0,4
15163,4,0,4
15164,4,0,4
15165,4,0,4
15166,4,0,4
15167,4,0,4
15168,4,0,4
15169,4,0,4
15170,4,0,4
15171,4,0,4
15172,4,0,4
15173,4,0,4
15174,4,0,4
15175,4,0,4
15176,4,0,4
15177,4,0,4
15178,4,0,4
15179,4,0,4
15180,4,0,4
15181,4,0,4
15182,4,0,4
15183,4,0,4
15184,4,0,4
15185,4,0,4
15186,4,0,4
15187,4,0,4
15188,4,0,4
15189,4,0,4
15190,4,0,4
15191,4,0,4
15192,4,0,4
15193,4,0,4
15194,4,0,4
15195,4,0,4
15196,4,0,4
15197,4,0,4
15198,4,0,4
15199,4,0,4
15200,4,0,4
15201,4,0,4
15202,4,0,4
15203,4,0,4
15204,4,0,4
15205,4,0,4
15206,4,0,4
15207,4,0,4
15208,4,0,4
15209,4,0,4
15210,5,0,5
15211,5,0,5
15212,5,0,5
15213,5,0,5
15214,5,0,5
15215,5,0,5
15216,5,0,5
15217,5,0,5
15218,5,0,5
15219,5,0,5
15220,5,0,5
15221,5,0,5
15222,5,0,5
15223,5,0,5
15224,5,0,5
15225,4,0,4
15226,4,0,4
15227,4,0,4
15228,4,0,4
15229,4,0,4
15230,4,0,4
15231,4,0,4
15232,4,0,4
15233,4,0,4
15234,4,0,4
15235,4,0,4
15236,4,0,4
15237,4,0,4
15238,4,0,4
15239,4,0,4
15240,4,0,4
15241,4,0,4
15242,4,0,4
15243,4,0,4
15244,4,0,4
15245,4,0,4
15246,4,0,4
15247,4,0,4
15248,4,0,4
15249,4,0,4
15250,4,0,4
15251,4,0,4
15252,4,0,4
15253,4,0,4
15254,4,0,4
15255,4,0,4
15256,4,0,4
15257,4,0,4
15258,4,0,4
15259,4,0,4
15260,4,0,4
15261,4,0,4
15262,4,0,4
15263,4,0,4
15264,4,0,4
15265,4,0,4
15266,4,0,4
15267,4,0,4
15268,4,0,4
15269,4,0,4
15270,4,0,4
15271,4,0,4
15272,5,0,5
15273,5,0,5
15274,5,0,5
15275,5,0,5
15276,5,0,5
15277,5,0,5
15278,5,0,5
15279,5,0,5
15280,5,0,5
15281,5,0,5
15282,5,0,5
15283,5,0,5
15284,5,0,5
15285,5,0,5
15286,5,0,5
15287,5,0,5
15288,5,0,5
15289,5,0,5
15290,5,0,5
15291,5,0,5
15292,5,0,5
15293,5,0,5
15294,5,0,5
15295,5,0,5
15296,5,0,5
15297,5,0,5
15298,5,0,5
15299,5,0,5
15300,5,0,5
15301,5,0,5
15302,5,0,5
15303,5,0,5
15304,5,0,5
15305,5,0,5
15306,5,0,5
15307,4,0,4
15308,4,0,4
15309,5,0,5
15310,4,0,4
15311,4,0,4
15312,4,0,4
15313,4,0,4
15314,4,0,4
15315,4,0,4
15316,4,0,4
15317,4,0,4
15318,4,0,4
15319,4,0,4
15320,4,0,4
15321,4,0,4
15322,4,0,4
15323,4,0,4
15324,4,0,4
15325,4,0,4
15326,4,0,4
15327,4,0,4
15328,4,0,4
15329,5,0,5
15330,5,0,5
15331,5,0,5
15332,5,0,5
15333,5,0,5
15334,5,0,5
15335,5,0,5
15336,5,0,5
15337,5,0,5
15338,5,0,5
15339,5,0,5
15340,5,0,5
15341,6,0,6
15342,6,0,6
15343,6,0,6
15344,6,0,6
15345,6,0,6
15346,6,0,6
15347,6,0,6
15348,6,0,6
15349,6,0,6
15350,6,0,6
15351,6,0,6
15352,6,0,6
15353,6,0,6
15354,6,0,6
15355,6,0,6
15356,6,0,6
15357,6,0,6
15358,5,0,5
15359,5,0,5
15360,5,0,5
15361,5,0,5
15362,5,0,5
15363,5,0,5
15364,5,0,5
15365,5,0,5
15366,6,0,6
15367,6,0,6
15368,6,0,6
15369,6,0,6
15370,6,0,6
15371,6,0,6
15372,6,0,6
15373,6,0,6
15374,6,0,6
15375,6,0,6
15376,6,0,6
15377,6,0,6
15378,6,0,6
15379,6,0,6
15380,6,0,6
15381,6,0,6
15382,6,0,6
15383,6,0,6
15384,6,0,6
15385,6,0,6
15386,6,0,6
15387,6,0,6
15388,6,0,6
15389,6,0,6
15390,6,0,6
15391,6,0,6
15392,6,0,6
15393,6,0,6
15394,6,0,6
15395,6,0,6
15396,6,0,6
15397,6,0,6
15398,6,0,6
15399,6,0,6
15400,6,0,6
15401,5,0,5
15402,5,0,5
15403,5,0,5
15404,5,0,5
15405,6,0,6
15406,6,0,6
15407,6,0,6
15408,6,0,6
15409,6,0,6
15410,6,0,6
15411,6,0,6
15412,6,0,6
15413,6,0,6
15414,6,0,6
15415,6,0,6
15416,6,0,6
15417,6,0,6
15418,6,0,6
15419,6,0,6
15420,6,0,6
15421,6,0,6
15422,6,0,6
15423,6,0,6
15424,6,0,6
15425,6,0,6
15426,6,0,6
15427,6,0,6
15428,6,0,6
15429,6,0,6
15430,6,0,6
15431,6,0,6
15432,6,0,6
15433,6,0,6
15434,6,0,6
15435,6,0,6
15436,6,0,6
15437,7,0,7
15438,7,0,7
15439,7,0,7
15440,7,0,7
15441,7,0,7
15442,7,0,7
15443,7,0,7
15444,7,0,7
15445,7,0,7
15446,7,0,7
15447,7,0,7
15448,7,0,7
15449,7,0,7
15450,7,0,7
15451,7,0,7
15452,7,0,7
15453,7,0,7
15454,7,0,7
15455,7,0,7
15456,7,0,7
15457,7,0,7
15458,7,0,7
15459,7,0,7
15460,7,0,7
15461,6,0,6
15462,6,0,6
15463,6,0,6
15464,6,0,6
15465,6,0,6
15466,6,0,6
15467,6,0,6
15468,6,0,6
15469,6,0,6
15470,6,0,6
15471,6,0,6
15472,6,0,6
15473,6,0,6
15474,6,0,6
15475,6,0,6
15476,6,0,6
15477,6,0,6
15478,6,0,6
15479,6,0,6
15480,6,0,6
15481,6,0,6
15482,6,0,6
15483,6,0,6
15484,6,0,6
15485,6,0,6
15486,6,0,6
15487,6,0,6
15488,6,0,6
15489,6,0,6
15490,6,0,6
15491,6,0,6
15492,6,0,6
15493,6,0,6
15494,6,0,6
15495,6,0,6
15496,6,0,6
15497,6,0,6
15498,6,0,6
15499,6,0,6
15500,6,0,6
15501,6,0,6
15502,6,0,6
15503,6,0,6
15504,6,0,6
15505,6,0,6
15506,6,0,6
15507,6,0,6
15508,6,0,6
15509,6,0,6
15510,6,0,6
15511,6,0,6
15512,6,0,6
15513,6,0,6
15514,6,0,6
15515,5,0,5
15516,5,0,5
15517,5,0,5
15518,5,0,5
15519,5,0,5
15520,5,0,5
15521,5,0,5
15522,5,0,5
15523,5,0,5
15524,5,0,5
15525,5,0,5
15526,5,0,5
15527,4,0,4
15528,4,0,4
15529,4,0,4
15530,4,0,4
15531,4,0,4
15532,4,0,4
15533,4,0,4
15534,4,0,4
15535,4,0,4
15536,4,0,4
15537,4,0,4
15538,4,0,4
15539,4,0,4
15540,4,0,4
15541,4,0,4
15542,4,0,4
15543,4,0,4
15544,4,0,4
15545,4,0,4
15546,4,0,4
15547,4,0,4
15548,4,0,4
15549,4,0,4
15550,3,0,3
15551,3,0,3
15552,3,0,3
15553,3,0,3
15554,3,0,3
15555,3,0,3
15556,3,0,3
15557,3,0,3
15558,3,0,3
15559,3,0,3
15560,3,0,3
15561,3,0,3
15562,3,0,3
15563,3,0,3
15564,3,0,3
15565,3,0,3
15566,3,0,3
15567,3,0,3
15568,3,0,3
15569,3,0,3
15570,3,0,3
15571,3,0,3
15572,3,0,3
15573,3,0,3
15574,3,0,3
15575,3,0,3
15576,3,0,3
15577,3,0,3
15578,3,0,3
15579,3,0,3
15580,3,0,3
15581,3,0,3
15582,3,0,3
15583,3,0,3
15584,3,0,3
15585,3,0,3
15586,3,0,3
15587,3,0,3
15588,3,0,3
15589,3,0,3
15590,3,0,3
15591,3,0,3
15592,3,0,3
15593,3,0,3
15594,3,0,3
15595,3,0,3
15596,3,0,3
15597,3,0,3
15598,3,0,3
15599,3,0,3
15600,3,0,3
15601,3,0,3
15602,3,0,3
15603,3,0,3
15604,3,0,3
15605,3,0,3
15606,3,0,3
15607,3,0,3
15608,3,0,3
15609,3,0,3
15610,3,0,3
15611,3,0,3
15612,3,0,3
15613,3,0,3
15614,3,0,3
15615,3,0,3
15616,3,0,3
15617,3,0,3
15618,3,0,3
15619,3,0,3
15620,3,0,3
15621,3,0,3
15622,3,0,3
15623,3,0,3
15624,3,0,3
15625,3,0,3
15626,3,0,3
15627,3,0,3
15628,2,0,2
15629,2,0,2
15630,2,0,2
15631,2,0,2
15632,2,0,2
15633,2,0,2
15634,2,0,2
15635,2,0,2
15636,2,0,2
15637,2,0,2
15638,2,0,2
15639,2,0,2
15640,2,0,2
15641,2,0,2
15642,2,0,2
15643,2,0,2
15644,2,0,2
15645,2,0,2
15646,2,0,2
15647,2,0,2
15648,2,0,2
15649,2,0,2
15650,2,0,2
15651,2,0,2
15652,2,0,2
15653,2,0,2
15654,2,0,2
15655,2,0,2
15656,2,0,2
15657,2,0,2
15658,2,0,2
15659,2,0,2
15660,2,0,2
15661,2,0,2
15662,2,0,2
15663,2,0,2
15664,2,0,2
15665,2,0,2
15666,2,0,2
15667,2,0,2
15668,2,0,2
15669,2,0,2
15670,2,0,2
15671,2,0,2
15672,2,0,2
15673,2,0,2
15674,2,0,2
15675,2,0,2
15676,2,0,2
15677,2,0,2
15678,2,0,2
15679,2,0,2
15680,2,0,2
15681,2,0,2
15682,2,0,2
15683,2,0,2
15684,2,0,2
15685,2,0,2
15686,2,0,2
15687,2,0,2
15688,2,0,2
15689,2,0,2
15690,2,0,2
15691,2,0,2
15692,2,0,2
15693,1,0,1
15694,1,0,1
15695,1,0,1
15696,1,0,1
15697,1,0,1
15698,1,0,1
15699,1,0,1
15700,1,0,1
15701,1,0,1
15702,1,0,1
15703,1,0,1
15704,1,0,1
15705,1,0,1
15706,1,0,1
15707,1,0,1
15708,1,0,1
15709,1,0,1
15710,1,0,1
15711,1,0,1
15712,1,0,1
15713,1,0,1
15714,1,0,1
15715,1,0,1
15716,1,0,1
15717,1,0,1
15718,1,0,1
15719,1,0,1
15720,1,0,1
15721,1,0,1
15722,1,0,1
15723,1,0,1
15724,1,0,1
15725,1,0,1
15726,1,0,1
15727,1,0,1
15728,1,0,1
15729,1,0,1
15730,1,0,1
15731,2,0,2
15732,2,0,2
15733,2,0,2
15734,2,0,2
15735,2,0,2
15736,3,0,3
15737,3,0,3
15738,3,0,3
15739,3,0,3
15740,3,0,3
15741,4,0,4
15742,4,0,4
15743,4,0,4
15744,4,0,4
15745,4,0,4
15746,4,0,4
15747,4,0,4
15748,4,0,4
15749,4,0,4
15750,4,0,4
15751,4,0,4
15752,4,0,4
15753,4,0,4
15754,4,0,4
15755,4,0,4
15756,4,0,4
15757,4,0,4
15758,4,0,4
15759,5,0,5
15760,5,0,5
15761,5,0,5
15762,5,0,5
15763,5,0,5
15764,5,0,5
15765,5,0,5
15766,5,0,5
15767,5,0,5
15768,5,0,5
15769,5,0,5
15770,5,0,5
15771,5,0,5
15772,5,0,5
15773,5,0,5
15774,5,0,5
15775,5,0,5
15776,5,0,5
15777,5,0,5
15778,5,0,5
15779,5,0,5
15780,6,0,6
15781,6,0,6
15782,6,0,6
15783,6,0,6
15784,6,0,6
15785,6,0,6
15786,6,0,6
15787,6,0,6
15788,6,0,6
15789,6,0,6
15790,6,0,6
15791,6,0,6
15792,6,0,6
15793,6,0,6
15794,6,0,6
15795,6,0,6
15796,6,0,6
15797,6,0,6
15798,6,0,6
15799,6,0,6
15800,6,0,6
15801,6,0,6
15802,6,0,6
15803,6,0,6
15804,6,0,6
15805,6,0,6
15806,6,0,6
15807,6,0,6
15808,6,0,6
15809,6,0,6
15810,6,0,6
15811,6,0,6
15812,6,0,6
15813,6,0,6
15814,7,0,7
15815,7,0,7
15816,7,0,7
15817,7,0,7
15818,7,0,7
15819,7,0,7
15820,7,0,7
15821,7,0,7
15822,7,0,7
15823,7,0,7
15824,7,0,7
15825,7,0,7
15826,7,0,7
15827,7,0,7
15828,7,0,7
15829,7,0,7
15830,7,0,7
15831,7,0,7
15832,7,0,7
15833,6,0,6
15834,6,0,6
15835,6,0,6
15836,6,0,6
15837,6,0,6
15838,6,0,6
15839,6,0,6
15840,6,0,6
15841,6,0,6
15842,6,0,6
15843,6,0,6
15844,6,0,6
15845,6,0,6
15846,6,0,6
15847,6,0,6
15848,7,0,7
15849,7,0,7
15850,7,0,7
15851,7,0,7
15852,7,0,7
15853,7,0,7
15854,7,0,7
15855,7,0,7
15856,7,0,7
15857,7,0,7
15858,7,0,7
15859,7,0,7
15860,7,0,7
15861,7,0,7
15862,7,0,7
15863,7,0,7
15864,7,0,7
15865,7,0,7
15866,7,0,7
15867,7,0,7
15868,7,0,7
15869,8,0,8
15870,8,0,8
15871,8,0,8
15872,7,0,7
15873,7,0,7
15874,7,0,7
15875,7,0,7
15876,7,0,7
15877,7,0,7
15878,7,0,7
15879,7,0,7
15880,7,0,7
15881,7,0,7
15882,7,0,7
15883,7,0,7
15884,7,0,7
15885,7,0,7
15886,7,0,7
15887,7,0,7
15888,7,0,7
15889,7,0,7
15890,6,0,6
15891,6,0,6
15892,6,0,6
15893,6,0,6
15894,5,0,5
15895,6,0,6
15896,6,0,6
15897,6,0,6
15898,6,0,6
15899,6,0,6
15900,6,0,6
15901,6,0,6
15902,6,0,6
15903,6,0,6
15904,6,0,6
15905,5,0,5
15906,5,0,5
15907,5,0,5
15908,5,0,5
15909,5,0,5
15910,5,0,5
15911,5,0,5
15912,5,0,5
15913,4,0,4
15914,4,0,4
15915,4,0,4
15916,4,0,4
15917,4,0,4
15918,4,0,4
15919,4,0,4
15920,4,0,4
15921,5,0,5
15922,5,0,5
15923,5,0,5
15924,5,0,5
15925,5,0,5
15926,5,0,5
15927,5,0,5
15928,5,0,5
15929,5,0,5
15930,5,0,5
15931,5,0,5
15932,5,0,5
15933,5,0,5
15934,6,0,6
15935,6,0,6
15936,6,0,6
15937,5,0,5
15938,5,0,5
15939,5,0,5
15940,5,0,5
15941,4,0,4
15942,4,0,4
15943,4,0,4
15944,4,0,4
15945,4,0,4
15946,4,0,4
15947,4,0,4
15948,4,0,4
15949,4,0,4
15950,4,0,4
15951,5,0,5
15952,5,0,5
15953,5,0,5
15954,5,0,5
15955,5,0,5
15956,5,0,5
15957,5,0,5
15958,5,0,5
15959,5,0,5
15960,5,0,5
15961,4,0,4
15962,4,0,4
15963,4,0,4
15964,4,0,4
15965,4,0,4
15966,4,0,4
15967,4,0,4
15968,4,0,4
15969,4,0,4
15970,4,0,4
15971,4,0,4
15972,4,0,4
15973,4,0,4
15974,4,0,4
15975,4,0,4
15976,4,0,4
15977,4,0,4
15978,4,0,4
15979,4,0,4
15980,4,0,4
15981,4,0,4
15982,4,0,4
15983,4,0,4
15984,4,0,4
15985,4,0,4
15986,4,0,4
15987,4,0,4
15988,4,0,4
15989,4,0,4
15990,4,0,4
15991,4,0,4
15992,4,0,4
15993,4,0,4
15994,4,0,4
15995,4,0,4
15996,4,0,4
15997,4,0,4
15998,4,0,4
15999,4,0,4
16000,4,0,4
16001,4,0,4
16002,5,0,5
16003,5,0,5
16004,5,0,5
16005,5,0,5
16006,5,0,5
16007,5,0,5
16008,5,0,5
16009,5,0,5
16010,5,0,5
16011,5,0,5
16012,5,0,5
16013,5,0,5
16014,5,0,5
16015,5,0,5
16016,5,0,5
16017,5,0,5
16018,4,0,4
16019,4,0,4
16020,4,0,4
16021,4,0,4
16022,4,0,4
16023,4,0,4
16024,4,0,4
16025,4,0,4
16026,4,0,4
16027,4,0,4
16028,4,0,4
16029,4,0,4
16030,4,0,4
16031,4,0,4
16032,4,0,4
16033,4,0,4
16034,4,0,4
16035,4,0,4
16036,4,0,4
16037,4,0,4
16038,4,0,4
16039,4,0,4
16040,4,0,4
16041,4,0,4
16042,4,0,4
16043,4,0,4
16044,4,0,4
16045,4,0,4
16046,4,0,4
16047,4,0,4
16048,4,0,4
16049,4,0,4
16050,4,0,4
16051,4,0,4
16052,4,0,4
16053,4,0,4
16054,4,0,4
16055,4,0,4
16056,4,0,4
16057,4,0,4
16058,4,0,4
16059,4,0,4
16060,4,0,4
16061,4,0,4
16062,4,0,4
16063,4,0,4
16064,4,0,4
16065,4,0,4
16066,4,0,4
16067,4,0,4
16068,4,0,4
16069,4,0,4
16070,5,0,5
16071,5,0,5
16072,5,0,5
16073,5,0,5
16074,5,0,5
16075,5,0,5
16076,5,0,5
16077,6,0,6
16078,6,0,6
16079,6,0,6
16080,6,0,6
16081,6,0,6
16082,6,0,6
16083,6,0,6
16084,6,0,6
16085,6,0,6
16086,6,0,6
16087,6,0,6
16088,6,0,6
16089,6,0,6
16090,7,0,7
16091,6,0,6
16092,6,0,6
16093,7,0,7
16094,7,0,7
16095,7,0,7
16096,7,0,7
16097,7,0,7
16098,7,0,7
16099,7,0,7
16100,7,0,7
16101,7,0,7
16102,7,0,7
16103,7,0,7
16104,7,0,7
16105,7,0,7
16106,7,0,7
16107,7,0,7
16108,7,0,7
16109,7,0,7
16110,7,0,7
16111,9,0,9
16112,9,0,9
16113,9,0,9
16114,9,0,9
16115,9,0,9
16116,9,0,9
16117,9,0,9
16118,9,0,9
16119,9,0,9
16120,10,0,10
16121,10,0,10
16122,10,0,10
16123,10,0,10
16124,9,0,9
16125,9,0,9
16126,9,0,9
16127,9,0,9
16128,9,0,9
16129,9,0,9
16130,10,0,10
16131,10,0,10
16132,10,0,10
16133,10,0,10
16134,10,0,10
16135,10,0,10
16136,10,0,10
16137,10,0,10
16138,10,0,10
16139,10,0,10
16140,10,0,10
16141,10,0,10
16142,10,0,10
16143,10,0,10
16144,10,0,10
16145,10,0,10
16146,10,0,10
16147,10,0,10
16148,10,0,10
16149,10,0,10
16150,10,0,10
16151,10,0,10
16152,10,0,10
16153,10,0,10
16154,10,0,10
16155,10,0,10
16156,10,0,10
16157,10,0,10
16158,10,0,10
16159,9,0,9
16160,9,0,9
16161,9,0,9
16162,9,0,9
16163,9,0,9
16164,9,0,9
16165,9,0,9
16166,9,0,9
16167,9,0,9
16168,9,0,9
16169,9,0,9
16170,9,0,9
16171,9,0,9
16172,9,0,9
16173,10,0,10
16174,10,0,10
16175,10,0,10
16176,10,0,10
16177,10,0,10
16178,10,0,10
16179,10,0,10
16180,10,0,10
16181,10,0,10
16182,10,0,10
16183,10,0,10
16184,10,0,10
16185,10,0,10
16186,10,0,10
16187,10,0,10
16188,10,0,10
16189,10,0,10
16190,10,0,10
16191,10,0,10
16192,10,0,10
16193,10,0,10
16194,10,0,10
16195,10,0,10
16196,10,0,10
16197,9,0,9
16198,9,0,9
16199,9,0,9
16200,9,0,9
16201,9,0,9
16202,9,0,9
16203,9,0,9
16204,8,0,8
16205,8,0,8
16206,8,0,8
16207,8,0,8
16208,8,0,8
16209,8,0,8
16210,8,0,8
16211,9,0,9
16212,9,0,9
16213,9,0,9
16214,9,0,9
16215,9,0,9
16216,9,0,9
16217,9,0,9
16218,9,0,9
16219,9,0,9
16220,9,0,9
16221,8,0,8
16222,8,0,8
16223,8,0,8
16224,8,0,8
16225,9,0,9
16226,9,0,9
16227,9,0,9
16228,9,0,9
16229,9,0,9
16230,9,0,9
16231,9,0,9
16232,9,0,9
16233,9,0,9
16234,9,0,9
16235,9,0,9
16236,9,0,9
16237,9,0,9
16238,8,0,8
16239,8,0,8
16240,9,0,9
16241,10,0,10
16242,10,0,10
16243,10,0,10
16244,10,0,10
16245,10,0,10
16246,10,0,10
16247,9,0,9
16248,9,0,9
16249,8,0,8
16250,8,0,8
16251,8,0,8
16252,8,0,8
16253,8,0,8
16254,9,0,9
16255,9,0,9
16256,10,0,10
16257,10,0,10
16258,11,0,11
16259,11,0,11
16260,11,0,11
16261,11,0,11
16262,11,0,11
16263,11,0,11
16264,11,0,11
16265,11,0,11
16266,11,0,11
16267,11,0,11
16268,11,0,11
16269,11,0,11
16270,11,0,11
16271,11,0,11
16272,11,0,11
16273,11,0,11
16274,11,0,11
16275,11,0,11
16276,10,0,10
16277,10,0,10
16278,10,0,10
16279,10,0,10
16280,10,0,10
16281,10,0,10
16282,10,0,10
16283,10,0,10
16284,10,0,10
16285,10,0,10
16286,11,0,11
16287,11,0,11
16288,13,0,13
16289,13,0,13
16290,13,0,13
16291,13,0,13
16292,13,0,13
16293,13,0,13
16294,13,0,13
16295,13,0,13
16296,13,0,13
16297,13,0,13
16298,13,0,13
16299,13,0,13
16300,12,0,12
16301,12,0,12
16302,12,0,12
16303,12,0,12
16304,12,0,12
16305,12,0,12
16306,12,0,12
16307,12,0,12
16308,12,0,12
16309,12,0,12
16310,12,0,12
16311,12,0,12
16312,12,0,12
16313,12,0,12
16314,12,0,12
16315,12,0,12
16316,12,0,12
16317,12,0,12
16318,12,0,12
16319,12,0,12
16320,12,0,12
16321,12,0,12
16322,12,0,12
16323,12,0,12
16324,11,0,11
16325,11,0,11
16326,11,0,11
16327,11,0,11
16328,11,0,11
16329,10,0,10
16330,10,0,10
16331,10,0,10
16332,10,0,10
16333,10,0,10
16334,8,0,8
16335,8,0,8
16336,7,0,7
16337,7,0,7
16338,7,0,7
16339,7,0,7
16340,7,0,7
16341,7,0,7
16342,8,0,8
16343,8,0,8
16344,8,0,8
16345,9,0,9
16346,9,0,9
16347,9,0,9
16348,9,0,9
16349,9,0,9
16350,9,0,9
16351,8,0,8
16352,8,0,8
16353,8,0,8
16354,8,0,8
16355,8,0,8
16356,8,0,8
16357,8,0,8
16358,8,0,8
16359,8,0,8
16360,8,0,8
16361,8,0,8
16362,8,0,8
16363,8,0,8
16364,8,0,8
16365,8,0,8
16366,8,0,8
16367,8,0,8
16368,7,0,7
16369,7,0,7
16370,7,0,7
16371,7,0,7
16372,7,0,7
16373,7,0,7
16374,7,0,7
16375,7,0,7
16376,7,0,7
16377,7,0,7
16378,7,0,7
16379,7,0,7
16380,7,0,7
16381,7,0,7
16382,7,0,7
16383,7,0,7
16384,7,0,7
16385,8,0,8
16386,8,0,8
16387,8,0,8
16388,8,0,8
16389,8,0,8
16390,8,0,8
16391,8,0,8
16392,8,0,8
16393,8,0,8
16394,8,0,8
16395,8,0,8
16396,8,0,8
16397,8,0,8
16398,8,0,8
16399,8,0,8
16400,8,0,8
16401,7,0,7
16402,7,0,7
16403,7,0,7
16404,7,0,7
16405,7,0,7
16406,7,0,7
16407,7,0,7
16408,7,0,7
16409,7,0,7
16410,7,0,7
16411,7,0,7
16412,7,0,7
16413,7,0,7
16414,7,0,7
16415,7,0,7
16416,7,0,7
16417,7,0,7
16418,7,0,7
16419,6,0,6
16420,7,0,7
16421,7,0,7
16422,5,0,5
16423,5,0,5
16424,5,0,5
16425,5,0,5
16426,5,0,5
16427,5,0,5
16428,5,0,5
16429,5,0,5
16430,5,0,5
16431,5,0,5
16432,5,0,5
16433,6,0,6
16434,6,0,6
16435,6,0,6
16436,6,0,6
16437,6,0,6
16438,7,0,7
16439,7,0,7
16440,7,0,7
16441,7,0,7
16442,7,0,7
16443,7,0,7
16444,8,0,8
16445,7,0,7
16446,7,0,7
16447,7,0,7
16448,7,0,7
16449,7,0,7
16450,7,0,7
16451,7,0,7
16452,7,0,7
16453,8,0,8
16454,8,0,8
16455,8,0,8
16456,8,0,8
16457,9,0,9
16458,9,0,9
16459,9,0,9
16460,9,0,9
16461,9,0,9
16462,9,0,9
16463,8,0,8
16464,9,0,9
16465,8,0,8
16466,8,0,8
16467,8,0,8
16468,8,0,8
16469,8,0,8
16470,8,0,8
16471,8,0,8
16472,8,0,8
16473,8,0,8
16474,8,0,8
16475,8,0,8
16476,8,0,8
16477,8,0,8
16478,8,0,8
16479,8,0,8
16480,8,0,8
16481,8,0,8
16482,8,0,8
16483,8,0,8
16484,8,0,8
16485,8,0,8
16486,9,0,9
16487,9,0,9
16488,9,0,9
16489,9,0,9
16490,9,0,9
16491,10,0,10
16492,10,0,10
16493,10,0,10
16494,10,0,10
16495,10,0,10
16496,11,0,11
16497,11,0,11
16498,11,0,11
16499,11,0,11
16500,11,0,11
16501,11,0,11
16502,11,0,11
16503,12,0,12
16504,12,0,12
16505,12,0,12
16506,12,0,12
16507,12,0,12
16508,12,0,12
16509,12,0,12
16510,12,0,12
16511,12,0,12
16512,12,0,12
16513,12,0,12
16514,12,0,12
16515,12,0,12
16516,12,0,12
16517,12,0,12
16518,12,0,12
16519,12,0,12
16520,12,0,12
16521,12,0,12
16522,12,0,12
16523,12,0,12
16524,12,0,12
16525,13,0,13
16526,13,0,13
16527,13,0,13
16528,13,0,13
16529,13,0,13
16530,13,0,13
16531,13,0,13
16532,13,0,13
16533,14,0,14
16534,15,0,15
16535,14,0,14
16536,14,0,14
16537,14,0,14
16538,14,0,14
16539,14,0,14
16540,16,0,16
16541,16,0,16
16542,15,0,15
16543,16,0,16
16544,16,0,16
16545,16,0,16
16546,16,0,16
16547,16,0,16
16548,17,0,17
16549,17,0,17
16550,17,0,17
16551,17,0,17
16552,17,0,17
16553,17,0,17
16554,17,0,17
16555,17,0,17
16556,17,0,17
16557,17,0,17
16558,17,0,17
16559,17,0,17
16560,17,0,17
16561,17,0,17
16562,17,0,17
16563,17,0,17
16564,17,0,17
16565,17,0,17
16566,17,0,17
16567,17,0,17
16568,17,0,17
16569,17,0,17
16570,16,0,16
16571,16,0,16
16572,16,0,16
16573,15,0,15
16574,15,0,15
16575,15,0,15
16576,15,0,15
16577,14,0,14
16578,13,0,13
16579,13,0,13
16580,13,0,13
16581,12,0,12
16582,12,0,12
16583,12,0,12
16584,12,0,12
16585,12,0,12
16586,12,0,12
16587,12,0,12
16588,12,0,12
16589,12,0,12
16590,12,0,12
16591,12,0,12
16592,12,0,12
16593,12,0,12
16594,12,0,12
16595,12,0,12
16596,12,0,12
16597,12,0,12
16598,12,0,12
16599,12,0,12
16600,12,0,12
16601,12,0,12
16602,12,0,12
16603,13,0,13
16604,13,0,13
16605,13,0,13
16606,13,0,13
16607,13,0,13
16608,13,0,13
16609,13,0,13
16610,13,0,13
16611,13,0,13
16612,13,0,13
16613,13,0,13
16614,13,0,13
16615,13,0,13
16616,12,0,12
16617,11,0,11
16618,10,0,10
16619,10,0,10
16620,10,0,10
16621,10,0,10
16622,10,0,10
16623,10,0,10
16624,10,0,10
16625,10,0,10
16626,8,0,8
16627,8,0,8
16628,8,0,8
16629,7,0,7
16630,7,0,7
16631,7,0,7
16632,7,0,7
16633,6,0,6
16634,6,0,6
16635,6,0,6
16636,6,0,6
16637,6,0,6
16638,6,0,6
16639,6,0,6
16640,5,0,5
16641,5,0,5
16642,5,0,5
16643,5,0,5
16644,5,0,5
16645,5,0,5
16646,4,0,4
16647,4,0,4
16648,4,0,4
16649,4,0,4
16650,4,0,4
16651,4,0,4
16652,4,0,4
16653,4,0,4
16654,4,0,4
16655,4,0,4
16656,5,0,5
16657,5,0,5
16658,5,0,5
16659,5,0,5
16660,5,0,5
16661,5,0,5
16662,5,0,5
16663,5,0,5
16664,5,0,5
16665,5,0,5
16666,5,0,5
16667,5,0,5
16668,5,0,5
16669,5,0,5
16670,5,0,5
16671,4,0,4
16672,4,0,4
16673,4,0,4
16674,5,0,5
16675,5,0,5
16676,5,0,5
16677,4,0,4
16678,4,0,4
16679,4,0,4
16680,4,0,4
16681,4,0,4
16682,4,0,4
16683,4,0,4
16684,4,0,4
16685,4,0,4
16686,4,0,4
16687,4,0,4
16688,4,0,4
16689,4,0,4
16690,4,0,4
16691,5,0,5
16692,5,0,5
16693,5,0,5
16694,6,0,6
16695,6,0,6
16696,6,0,6
16697,6,0,6
16698,6,0,6
16699,6,0,6
16700,6,0,6
16701,6,0,6
16702,6,0,6
16703,6,0,6
16704,6,0,6
16705,6,0,6
16706,6,0,6
16707,6,0,6
16708,6,0,6
16709,6,0,6
16710,6,0,6
16711,6,0,6
16712,7,0,7
16713,7,0,7
16714,7,0,7
16715,7,0,7
16716,7,0,7
16717,7,0,7
16718,7,0,7
16719,8,0,8
16720,8,0,8
16721,8,0,8
16722,8,0,8
16723,8,0,8
16724,8,0,8
16725,10,0,10
16726,11,0,11
16727,12,0,12
16728,12,0,12
16729,13,0,13
16730,13,0,13
16731,13,0,13
16732,14,0,14
16733,14,0,14
16734,14,0,14
16735,14,0,14
16736,14,0,14
16737,14,0,14
16738,15,0,15
16739,15,0,15
16740,16,0,16
16741,16,0,16
16742,16,0,16
16743,16,0,16
16744,16,0,16
16745,16,0,16
16746,16,0,16
16747,16,0,16
16748,16,0,16
16749,16,0,16
16750,16,0,16
16751,16,0,16
16752,16,0,16
16753,16,0,16
16754,16,0,16
16755,15,0,15
16756,15,0,15
16757,15,0,15
16758,16,0,16
16759,16,0,16
16760,16,0,16
16761,16,0,16
16762,16,0,16
16763,16,0,16
16764,16,0,16
16765,16,0,16
16766,16,0,16
16767,16,0,16
16768,16,0,16
16769,16,0,16
16770,16,0,16
16771,16,0,16
16772,16,0,16
16773,16,0,16
16774,16,0,16
16775,16,0,16
16776,16,0,16
16777,16,0,16
16778,16,0,16
16779,16,0,16
16780,16,0,16
16781,16,0,16
16782,16,0,16
16783,16,0,16
16784,16,0,16
16785,16,0,16
16786,16,0,16
16787,16,0,16
16788,16,0,16
16789,16,0,16
16790,16,0,16
16791,16,0,16
16792,16,0,16
16793,16,0,16
16794,16,0,16
16795,16,0,16
16796,16,0,16
16797,15,0,15
16798,15,0,15
16799,15,0,15
16800,15,0,15
16801,15,0,15
16802,15,0,15
16803,14,0,14
16804,13,0,13
16805,13,0,13
16806,13,0,13
16807,13,0,13
16808,13,0,13
16809,14,0,14
16810,14,0,14
16811,14,0,14
16812,14,0,14
16813,14,0,14
16814,14,0,14
16815,14,0,14
16816,15,0,15
16817,15,0,15
16818,15,0,15
16819,15,0,15
16820,15,0,15
16821,15,0,15
16822,15,0,15
16823,15,0,15
16824,15,0,15
16825,15,0,15
16826,15,0,15
16827,15,0,15
16828,15,0,15
16829,14,0,14
16830,14,0,14
16831,14,0,14
16832,14,0,14
16833,14,0,14
16834,13,0,13
16835,13,0,13
16836,11,0,11
16837,11,0,11
16838,11,0,11
16839,10,0,10
16840,11,0,11
16841,11,0,11
16842,11,0,11
16843,11,0,11
16844,11,0,11
16845,11,0,11
16846,11,0,11
16847,11,0,11
16848,11,0,11
16849,11,0,11
16850,10,0,10
16851,10,0,10
16852,10,0,10
16853,10,0,10
16854,10,0,10
16855,10,0,10
16856,10,0,10
16857,10,0,10
16858,11,0,11
16859,11,0,11
16860,11,0,11
16861,11,0,11
16862,12,0,12
16863,12,0,12
16864,10,0,10
16865,10,0,10
16866,10,0,10
16867,10,0,10
16868,10,0,10
16869,10,0,10
16870,10,0,10
16871,10,0,10
16872,10,0,10
16873,10,0,10
16874,10,0,10
16875,10,0,10
16876,10,0,10
16877,10,0,10
16878,10,0,10
16879,10,0,10
16880,10,0,10
16881,10,0,10
16882,10,0,10
16883,10,0,10
16884,12,0,12
16885,12,0,12
16886,12,0,12
16887,12,0,12
16888,12,0,12
16889,12,0,12
16890,12,0,12
16891,12,0,12
16892,12,0,12
16893,12,0,12
16894,10,0,10
16895,10,0,10
16896,10,0,10
16897,11,0,11
16898,10,0,10
16899,11,0,11
16900,11,0,11
16901,11,0,11
16902,11,0,11
16903,11,0,11
16904,11,0,11
16905,11,0,11
16906,11,0,11
16907,11,0,11
16908,11,0,11
16909,11,0,11
16910,12,0,12
16911,12,0,12
16912,12,0,12
16913,12,0,12
16914,12,0,12
16915,12,0,12
16916,12,0,12
16917,12,0,12
16918,13,0,13
16919,13,0,13
16920,13,0,13
16921,13,0,13
16922,13,0,13
16923,13,0,13
16924,13,0,13
16925,13,0,13
16926,12,0,12
16927,12,0,12
16928,13,0,13
16929,13,0,13
16930,13,0,13
16931,13,0,13
16932,14,0,14
16933,14,0,14
16934,15,0,15
16935,15,0,15
16936,15,0,15
16937,15,0,15
16938,14,0,14
16939,14,0,14
16940,14,0,14
16941,14,0,14
16942,14,0,14
16943,14,0,14
16944,14,0,14
16945,14,0,14
16946,14,0,14
16947,15,0,15
16948,15,0,15
16949,15,0,15
16950,15,0,15
16951,15,0,15
16952,15,0,15
16953,15,0,15
16954,15,0,15
16955,15,0,15
16956,15,0,15
16957,15,0,15
16958,15,0,15
16959,15,0,15
16960,15,0,15
16961,14,0,14
16962,14,0,14
16963,14,0,14
16964,14,0,14
16965,14,0,14
16966,14,0,14
16967,14,0,14
16968,14,0,14
16969,14,0,14
16970,14,0,14
16971,14,0,14
16972,14,0,14
16973,14,0,14
16974,14,0,14
16975,14,0,14
16976,14,0,14
16977,14,0,14
16978,14,0,14
16979,14,0,14
16980,14,0,14
16981,14,0,14
16982,13,0,13
16983,14,0,14
16984,14,0,14
16985,15,0,15
16986,15,0,15
16987,15,0,15
16988,15,0,15
16989,15,0,15
16990,15,0,15
16991,16,0,16
16992,16,0,16
16993,16,0,16
16994,16,0,16
16995,16,0,16
16996,16,0,16
16997,16,0,16
16998,17,0,17
16999,17,0,17
17000,18,0,18
17001,17,0,17
17002,18,0,18
17003,19,0,19
17004,19,0,19
17005,19,0,19
17006,19,0,19
17007,19,0,19
17008,19,0,19
17009,19,0,19
17010,19,0,19
17011,19,0,19
17012,19,0,19
17013,18,0,18
17014,18,0,18
17015,18,0,18
17016,18,0,18
17017,18,0,18
17018,18,0,18
17019,18,0,18
17020,16,0,16
17021,16,0,16
17022,16,0,16
17023,16,0,16
17024,16,0,16
17025,16,0,16
17026,16,0,16
17027,16,0,16
17028,16,0,16
17029,16,0,16
17030,16,0,16
17031,16,0,16
17032,18,0,18
17033,17,0,17
17034,17,0,17
17035,17,0,17
17036,17,0,17
17037,17,0,17
17038,16,0,16
17039,17,0,17
17040,17,0,17
17041,17,0,17
17042,16,0,16
17043,16,0,16
17044,16,0,16
17045,16,0,16
17046,16,0,16
17047,17,0,17
17048,17,0,17
17049,17,0,17
17050,17,0,17
17051,17,0,17
17052,17,0,17
17053,17,0,17
17054,17,0,17
17055,17,0,17
17056,17,0,17
17057,18,0,18
17058,18,0,18
17059,18,0,18
17060,18,0,18
17061,18,0,18
17062,18,0,18
17063,18,0,18
17064,19,0,19
17065,19,0,19
17066,18,0,18
17067,18,0,18
17068,18,0,18
17069,18,0,18
17070,17,0,17
17071,17,0,17
17072,16,0,16
17073,17,0,17
17074,16,0,16
17075,16,0,16
17076,15,0,15
17077,15,0,15
17078,16,0,16
17079,16,0,16
17080,16,0,16
17081,16,0,16
17082,16,0,16
17083,16,0,16
17084,16,0,16
17085,16,0,16
17086,16,0,16
17087,18,0,18
17088,17,0,17
17089,17,0,17
17090,16,0,16
17091,17,0,17
17092,17,0,17
17093,17,0,17
17094,17,0,17
17095,17,0,17
17096,17,0,17
17097,17,0,17
17098,17,0,17
17099,17,0,17
17100,17,0,17
17101,17,0,17
17102,17,0,17
17103,17,0,17
17104,17,0,17
17105,17,0,17
17106,17,0,17
17107,17,0,17
17108,17,0,17
17109,17,0,17
17110,17,0,17
17111,17,0,17
17112,17,0,17
17113,16,0,16
17114,17,0,17
17115,17,0,17
17116,17,0,17
17117,18,0,18
17118,18,0,18
17119,18,0,18
17120,18,0,18
17121,18,0,18
17122,18,0,18
17123,17,0,17
17124,17,0,17
17125,17,0,17
17126,17,0,17
17127,17,0,17
17128,17,0,17
17129,17,0,17
17130,16,0,16
17131,16,0,16
17132,16,0,16
17133,15,0,15
17134,15,0,15
17135,15,0,15
17136,14,0,14
17137,14,0,14
17138,14,0,14
17139,14,0,14
17140,14,0,14
17141,14,0,14
17142,14,0,14
17143,14,0,14
17144,14,0,14
17145,14,0,14
17146,14,0,14
17147,13,0,13
17148,13,0,13
17149,13,0,13
17150,13,0,13
17151,13,0,13
17152,13,0,13
17153,13,0,13
17154,13,0,13
17155,13,0,13
17156,13,0,13
17157,13,0,13
17158,13,0,13
17159,13,0,13
17160,13,0,13
17161,14,0,14
17162,14,0,14
17163,14,0,14
17164,14,0,14
17165,14,0,14
17166,13,0,13
17167,13,0,13
17168,13,0,13
17169,14,0,14
17170,14,0,14
17171,14,0,14
17172,14,0,14
17173,14,0,14
17174,14,0,14
17175,14,0,14
17176,14,0,14
17177,14,0,14
17178,14,0,14
17179,14,0,14
17180,14,0,14
17181,15,0,15
17182,15,0,15
17183,15,0,15
17184,15,0,15
17185,15,0,15
17186,14,0,14
17187,14,0,14
17188,15,0,15
17189,15,0,15
17190,14,0,14
17191,14,0,14
17192,14,0,14
17193,14,0,14
17194,14,0,14
17195,14,0,14
17196,14,0,14
17197,14,0,14
17198,14,0,14
17199,14,0,14
17200,14,0,14
17201,14,0,14
17202,14,0,14
17203,14,0,14
17204,14,0,14
17205,13,0,13
17206,13,0,13
17207,13,0,13
17208,13,0,13
17209,13,0,13
17210,13,0,13
17211,13,0,13
17212,13,0,13
17213,13,0,13
17214,13,0,13
17215,13,0,13
17216,13,0,13
17217,13,0,13
17218,13,0,13
17219,13,0,13
17220,13,0,13
17221,13,0,13
17222,13,0,13
17223,13,0,13
17224,14,0,14
17225,14,0,14
17226,14,0,14
17227,14,0,14
17228,14,0,14
17229,14,0,14
17230,14,0,14
17231,14,0,14
17232,14,0,14
17233,14,0,14
17234,14,0,14
17235,14,0,14
17236,14,0,14
17237,14,0,14
17238,14,0,14
17239,13,0,13
17240,13,0,13
17241,12,0,12
17242,12,0,12
17243,12,0,12
17244,12,0,12
17245,12,0,12
17246,13,0,13
17247,13,0,13
17248,13,0,13
17249,13,0,13
17250,13,0,13
17251,14,0,14
17252,14,0,14
17253,14,0,14
17254,14,0,14
17255,14,0,14
17256,15,0,15
17257,14,0,14
17258,14,0,14
17259,14,0,14
17260,14,0,14
17261,14,0,14
17262,14,0,14
17263,14,0,14
17264,14,0,14
17265,14,0,14
17266,14,0,14
17267,14,0,14
17268,14,0,14
17269,13,0,13
17270,13,0,13
17271,13,0,13
17272,13,0,13
17273,13,0,13
17274,13,0,13
17275,13,0,13
17276,13,0,13
17277,13,0,13
17278,13,0,13
17279,13,0,13
17280,13,0,13
17281,13,0,13
17282,13,0,13
17283,13,0,13
17284,13,0,13
17285,13,0,13
17286,13,0,13
17287,13,0,13
17288,12,0,12
17289,12,0,12
17290,12,0,12
17291,12,0,12
17292,12,0,12
17293,12,0,12
17294,12,0,12
17295,11,0,11
17296,13,0,13
17297,13,0,13
17298,13,0,13
17299,13,0,13
17300,12,0,12
17301,12,0,12
17302,12,0,12
17303,12,0,12
17304,12,0,12
17305,12,0,12
17306,12,0,12
17307,12,0,12
17308,12,0,12
17309,12,0,12
17310,12,0,12
17311,12,0,12
17312,12,0,12
17313,12,0,12
17314,12,0,12
17315,12,0,12
17316,12,0,12
17317,12,0,12
17318,12,0,12
17319,12,0,12
17320,12,0,12
17321,12,0,12
17322,12,0,12
17323,10,0,10
17324,10,0,10
17325,10,0,10
17326,11,0,11
17327,11,0,11
17328,12,0,12
17329,12,0,12
17330,12,0,12
17331,12,0,12
17332,12,0,12
17333,12,0,12
17334,12,0,12
17335,12,0,12
17336,12,0,12
17337,12,0,12
17338,12,0,12
17339,12,0,12
17340,12,0,12
17341,12,0,12
17342,12,0,12
17343,12,0,12
17344,12,0,12
17345,12,0,12
17346,12,0,12
17347,12,0,12
17348,12,0,12
17349,12,0,12
17350,12,0,12
17351,12,0,12
17352,12,0,12
17353,12,0,12
17354,12,0,12
17355,12,0,12
17356,12,0,12
17357,12,0,12
17358,12,0,12
17359,12,0,12
17360,12,0,12
17361,12,0,12
17362,12,0,12
17363,12,0,12
17364,12,0,12
17365,12,0,12
17366,11,0,11
17367,11,0,11
17368,10,0,10
17369,10,0,10
17370,10,0,10
17371,10,0,10
17372,10,0,10
17373,10,0,10
17374,10,0,10
17375,10,0,10
17376,10,0,10
17377,10,0,10
17378,10,0,10
17379,10,0,10
17380,10,0,10
17381,10,0,10
17382,10,0,10
17383,10,0,10
17384,10,0,10
17385,10,0,10
17386,10,0,10
17387,10,0,10
17388,10,0,10
17389,10,0,10
17390,10,0,10
17391,10,0,10
17392,10,0,10
17393,10,0,10
17394,11,0,11
17395,11,0,11
17396,11,0,11
17397,11,0,11
17398,11,0,11
17399,11,0,11
17400,11,0,11
17401,11,0,11
17402,11,0,11
17403,11,0,11
17404,11,0,11
17405,11,0,11
17406,12,0,12
17407,12,0,12
17408,12,0,12
17409,12,0,12
17410,12,0,12
17411,12,0,12
17412,11,0,11
17413,11,0,11
17414,11,0,11
17415,11,0,11
17416,11,0,11
17417,11,0,11
17418,11,0,11
17419,11,0,11
17420,11,0,11
17421,11,0,11
17422,11,0,11
17423,11,0,11
17424,11,0,11
17425,11,0,11
17426,11,0,11
17427,12,0,12
17428,12,0,12
17429,12,0,12
17430,12,0,12
17431,12,0,12
17432,11,0,11
17433,11,0,11
17434,11,0,11
17435,11,0,11
17436,11,0,11
17437,11,0,11
17438,11,0,11
17439,11,0,11
17440,11,0,11
17441,11,0,11
17442,11,0,11
17443,11,0,11
17444,11,0,11
17445,11,0,11
17446,11,0,11
17447,11,0,11
