second,idle_count,walking_count,total_count
0,0,0,0
1,0,0,0
2,0,0,0
3,0,0,0
4,0,0,0
5,0,0,0
6,0,0,0
7,0,0,0
8,0,0,0
9,0,0,0
10,0,0,0
11,0,0,0
12,0,0,0
13,0,0,0
14,0,0,0
15,0,0,0
16,0,0,0
17,0,0,0
18,0,0,0
19,0,0,0
20,0,0,0
21,0,0,0
22,0,0,0
23,0,0,0
24,0,0,0
25,0,0,0
26,0,0,0
27,0,0,0
28,0,0,0
29,0,0,0
30,0,0,0
31,0,0,0
32,0,0,0
33,0,0,0
34,0,0,0
35,0,0,0
36,0,0,0
37,0,0,0
38,0,0,0
39,0,0,0
40,0,0,0
41,0,0,0
42,0,0,0
43,0,0,0
44,0,0,0
45,0,0,0
46,0,0,0
47,0,0,0
48,0,0,0
49,0,0,0
50,0,0,0
51,0,0,0
52,0,0,0
53,0,0,0
54,0,0,0
55,0,0,0
56,0,0,0
57,0,0,0
58,0,0,0
59,0,0,0
60,0,0,0
61,0,0,0
62,0,0,0
63,0,0,0
64,0,0,0
65,0,0,0
66,0,0,0
67,0,0,0
68,0,0,0
69,0,0,0
70,0,0,0
71,0,0,0
72,0,0,0
73,0,0,0
74,0,0,0
75,0,0,0
76,0,0,0
77,0,0,0
78,0,0,0
79,0,0,0
80,0,0,0
81,0,0,0
82,1,0,1
83,1,0,1
84,1,0,1
85,1,0,1
86,1,0,1
87,1,0,1
88,1,0,1
89,1,0,1
90,1,0,1
91,1,0,1
92,1,0,1
93,1,0,1
94,1,0,1
95,1,0,1
96,1,0,1
97,1,0,1
98,1,0,1
99,1,0,1
100,1,0,1
101,1,0,1
102,1,0,1
103,1,0,1
104,1,0,1
105,1,0,1
106,1,0,1
107,1,0,1
108,1,0,1
109,1,0,1
110,1,0,1
111,1,0,1
112,1,0,1
113,1,0,1
114,1,0,1
115,1,0,1
116,1,0,1
117,1,0,1
118,1,0,1
119,1,0,1
120,1,0,1
121,1,0,1
122,1,0,1
123,1,0,1
124,1,0,1
125,1,0,1
126,1,0,1
127,1,0,1
128,1,0,1
129,1,0,1
130,1,0,1
131,1,0,1
132,1,0,1
133,1,0,1
134,1,0,1
135,1,0,1
136,1,0,1
137,1,0,1
138,1,0,1
139,1,0,1
140,1,0,1
141,1,0,1
142,1,0,1
143,1,0,1
144,1,0,1
145,1,0,1
146,1,0,1
147,1,0,1
148,1,0,1
149,1,0,1
150,1,0,1
151,1,0,1
152,1,0,1
153,1,0,1
154,1,0,1
155,1,0,1
156,0,0,0
157,0,0,0
158,0,0,0
159,0,0,0
160,0,0,0
161,0,0,0
162,0,0,0
163,0,0,0
164,0,0,0
165,0,0,0
166,0,0,0
167,0,0,0
168,0,0,0
169,0,0,0
170,0,0,0
171,0,0,0
172,0,0,0
173,0,0,0
174,0,0,0
175,0,0,0
176,0,0,0
177,0,0,0
178,0,0,0
179,0,0,0
180,0,0,0
181,0,0,0
182,0,0,0
183,0,0,0
184,0,0,0
185,0,0,0
186,0,0,0
187,0,0,0
188,0,0,0
189,0,0,0
190,0,0,0
191,0,0,0
192,1,0,1
193,1,0,1
194,1,0,1
195,1,0,1
196,1,0,1
197,1,0,1
198,1,0,1
199,1,0,1
200,1,0,1
201,1,0,1
202,1,0,1
203,1,0,1
204,1,0,1
205,1,0,1
206,1,0,1
207,1,0,1
208,1,0,1
209,1,0,1
210,1,0,1
211,1,0,1
212,1,0,1
213,1,0,1
214,1,0,1
215,1,0,1
216,1,0,1
217,1,0,1
218,1,0,1
219,1,0,1
220,1,0,1
221,1,0,1
222,1,0,1
223,1,0,1
224,1,0,1
225,1,0,1
226,1,0,1
227,1,0,1
228,1,0,1
229,1,0,1
230,1,0,1
231,1,0,1
232,1,0,1
233,1,0,1
234,1,0,1
235,1,0,1
236,1,0,1
237,1,0,1
238,1,0,1
239,1,0,1
240,1,0,1
241,1,0,1
242,1,0,1
243,1,0,1
244,1,0,1
245,1,0,1
246,1,0,1
247,1,0,1
248,1,0,1
249,1,0,1
250,1,0,1
251,1,0,1
252,1,0,1
253,1,0,1
254,1,0,1
255,1,0,1
256,1,0,1
257,1,0,1
258,1,0,1
259,1,0,1
260,1,0,1
261,1,0,1
262,1,0,1
263,1,0,1
264,1,0,1
265,1,0,1
266,1,0,1
267,1,0,1
268,1,0,1
269,1,0,1
270,1,0,1
271,1,0,1
272,1,0,1
273,1,0,1
274,1,0,1
275,1,0,1
276,1,0,1
277,1,0,1
278,1,0,1
279,1,0,1
280,1,0,1
281,1,0,1
282,1,0,1
283,1,0,1
284,1,0,1
285,1,0,1
286,1,0,1
287,1,0,1
288,1,0,1
289,1,0,1
290,1,0,1
291,1,0,1
292,2,0,2
293,2,0,2
294,2,0,2
295,2,0,2
296,2,0,2
297,2,0,2
298,2,0,2
299,2,0,2
300,2,0,2
301,2,0,2
302,2,0,2
303,2,0,2
304,2,0,2
305,2,0,2
306,2,0,2
307,2,0,2
308,2,0,2
309,2,0,2
310,2,0,2
311,2,0,2
312,2,0,2
313,2,0,2
314,2,0,2
315,2,0,2
316,2,0,2
317,2,0,2
318,2,0,2
319,2,0,2
320,2,0,2
321,2,0,2
322,2,0,2
323,2,0,2
324,2,0,2
325,2,0,2
326,2,0,2
327,2,0,2
328,2,0,2
329,2,0,2
330,2,0,2
331,2,0,2
332,2,0,2
333,2,0,2
334,2,0,2
335,2,0,2
336,2,0,2
337,2,0,2
338,2,0,2
339,2,0,2
340,2,0,2
341,2,0,2
342,2,0,2
343,2,0,2
344,2,0,2
345,2,0,2
346,2,0,2
347,2,0,2
348,2,0,2
349,2,0,2
350,2,0,2
351,2,0,2
352,2,0,2
353,2,0,2
354,2,0,2
355,2,0,2
356,3,0,3
357,3,0,3
358,3,0,3
359,3,0,3
360,3,0,3
361,3,0,3
362,3,0,3
363,3,0,3
364,3,0,3
365,3,0,3
366,3,0,3
367,3,0,3
368,3,0,3
369,3,0,3
370,3,0,3
371,3,0,3
372,3,0,3
373,3,0,3
374,3,0,3
375,3,0,3
376,3,0,3
377,3,0,3
378,3,0,3
379,3,0,3
380,3,0,3
381,3,0,3
382,3,0,3
383,3,0,3
384,3,0,3
385,3,0,3
386,3,0,3
387,3,0,3
388,2,0,2
389,2,0,2
390,2,0,2
391,2,0,2
392,2,0,2
393,2,0,2
394,1,0,1
395,1,0,1
396,1,0,1
397,1,0,1
398,1,0,1
399,1,0,1
400,1,0,1
401,1,0,1
402,1,0,1
403,1,0,1
404,1,0,1
405,1,0,1
406,1,0,1
407,1,0,1
408,1,0,1
409,1,0,1
410,1,0,1
411,1,0,1
412,1,0,1
413,1,0,1
414,1,0,1
415,1,0,1
416,1,0,1
417,1,0,1
418,1,0,1
419,1,0,1
420,1,0,1
421,1,0,1
422,1,0,1
423,1,0,1
424,1,0,1
425,1,0,1
426,1,0,1
427,1,0,1
428,1,0,1
429,1,0,1
430,1,0,1
431,1,0,1
432,1,0,1
433,1,0,1
434,1,0,1
435,1,0,1
436,1,0,1
437,1,0,1
438,1,0,1
439,1,0,1
440,1,0,1
441,1,0,1
442,1,0,1
443,1,0,1
444,1,0,1
445,1,0,1
446,1,0,1
447,1,0,1
448,1,0,1
449,1,0,1
450,1,0,1
451,1,0,1
452,1,0,1
453,1,0,1
454,1,0,1
455,1,0,1
456,1,0,1
457,1,0,1
458,1,0,1
459,1,0,1
460,1,0,1
461,1,0,1
462,1,0,1
463,1,0,1
464,1,0,1
465,1,0,1
466,1,0,1
467,1,0,1
468,1,0,1
469,1,0,1
470,1,0,1
471,1,0,1
472,1,0,1
473,1,0,1
474,1,0,1
475,1,0,1
476,1,0,1
477,1,0,1
478,1,0,1
479,1,0,1
480,1,0,1
481,1,0,1
482,1,0,1
483,1,0,1
484,1,0,1
485,1,0,1
486,1,0,1
487,1,0,1
488,1,0,1
489,1,0,1
490,1,0,1
491,1,0,1
492,1,0,1
493,1,0,1
494,1,0,1
495,1,0,1
496,1,0,1
497,1,0,1
498,1,0,1
499,1,0,1
500,1,0,1
501,1,0,1
502,1,0,1
503,1,0,1
504,1,0,1
505,1,0,1
506,1,0,1
507,1,0,1
508,1,0,1
509,1,0,1
510,1,0,1
511,1,0,1
512,1,0,1
513,1,0,1
514,1,0,1
515,1,0,1
516,1,0,1
517,1,0,1
518,1,0,1
519,1,0,1
520,1,0,1
521,1,0,1
522,1,0,1
523,1,0,1
524,1,0,1
525,1,0,1
526,1,0,1
527,1,0,1
528,1,0,1
529,1,0,1
530,1,0,1
531,1,0,1
532,1,0,1
533,1,0,1
534,1,0,1
535,1,0,1
536,1,0,1
537,1,0,1
538,1,0,1
539,1,0,1
540,1,0,1
541,1,0,1
542,1,0,1
543,1,0,1
544,1,0,1
545,1,0,1
546,1,0,1
547,1,0,1
548,1,0,1
549,1,0,1
550,1,0,1
551,1,0,1
552,1,0,1
553,1,0,1
554,1,0,1
555,1,0,1
556,1,0,1
557,1,0,1
558,1,0,1
559,1,0,1
560,1,0,1
561,1,0,1
562,1,0,1
563,1,0,1
564,1,0,1
565,1,0,1
566,1,0,1
567,1,0,1
568,1,0,1
569,1,0,1
570,1,0,1
571,1,0,1
572,1,0,1
573,1,0,1
574,1,0,1
575,1,0,1
576,1,0,1
577,1,0,1
578,1,0,1
579,1,0,1
580,1,0,1
581,1,0,1
582,1,0,1
583,1,0,1
584,1,0,1
585,1,0,1
586,1,0,1
587,1,0,1
588,1,0,1
589,1,0,1
590,1,0,1
591,1,0,1
592,1,0,1
593,1,0,1
594,1,0,1
595,1,0,1
596,1,0,1
597,1,0,1
598,1,0,1
599,1,0,1
600,0,0,0
601,0,0,0
602,0,0,0
603,0,0,0
604,0,0,0
605,0,0,0
606,0,0,0
607,0,0,0
608,0,0,0
609,0,0,0
610,0,0,0
611,0,0,0
612,0,0,0
613,0,0,0
614,0,0,0
615,0,0,0
616,0,0,0
617,0,0,0
618,0,0,0
619,0,0,0
620,0,0,0
621,0,0,0
622,0,0,0
623,0,0,0
624,0,0,0
625,0,0,0
626,0,0,0
627,0,0,0
628,0,0,0
629,0,0,0
630,0,0,0
631,0,0,0
632,0,0,0
633,0,0,0
634,0,0,0
635,0,0,0
636,0,0,0
637,0,0,0
638,0,0,0
639,0,0,0
640,0,0,0
641,0,0,0
642,0,0,0
643,0,0,0
644,0,0,0
645,0,0,0
646,0,0,0
647,0,0,0
648,0,0,0
649,0,0,0
650,0,0,0
651,0,0,0
652,0,0,0
653,0,0,0
654,0,0,0
655,0,0,0
656,0,0,0
657,0,0,0
658,0,0,0
659,0,0,0
660,0,0,0
661,0,0,0
662,0,0,0
663,0,0,0
664,0,0,0
665,0,0,0
666,0,0,0
667,0,0,0
668,0,0,0
669,0,0,0
670,0,0,0
671,0,0,0
672,0,0,0
673,0,0,0
674,0,0,0
675,0,0,0
676,0,0,0
677,0,0,0
678,0,0,0
679,0,0,0
680,0,0,0
681,0,0,0
682,0,0,0
683,0,0,0
684,0,0,0
685,0,0,0
686,0,0,0
687,0,0,0
688,0,0,0
689,0,0,0
690,0,0,0
691,0,0,0
692,0,0,0
693,0,0,0
694,0,0,0
695,0,0,0
696,0,0,0
697,0,0,0
698,0,0,0
699,0,0,0
700,0,0,0
701,0,0,0
702,0,0,0
703,0,0,0
704,0,0,0
705,0,0,0
706,0,0,0
707,0,0,0
708,0,0,0
709,0,0,0
710,0,0,0
711,0,0,0
712,0,0,0
713,0,0,0
714,0,0,0
715,0,0,0
716,0,0,0
717,0,0,0
718,0,0,0
719,0,0,0
720,1,0,1
721,1,0,1
722,1,0,1
723,1,0,1
724,1,0,1
725,1,0,1
726,1,0,1
727,1,0,1
728,1,0,1
729,1,0,1
730,1,0,1
731,1,0,1
732,1,0,1
733,1,0,1
734,1,0,1
735,1,0,1
736,1,0,1
737,1,0,1
738,1,0,1
739,1,0,1
740,1,0,1
741,1,0,1
742,1,0,1
743,1,0,1
744,1,0,1
745,1,0,1
746,1,0,1
747,1,0,1
748,1,0,1
749,1,0,1
750,1,0,1
751,1,0,1
752,1,0,1
753,1,0,1
754,1,0,1
755,1,0,1
756,1,0,1
757,1,0,1
758,1,0,1
759,1,0,1
760,1,0,1
761,1,0,1
762,1,0,1
763,1,0,1
764,1,0,1
765,1,0,1
766,1,0,1
767,1,0,1
768,1,0,1
769,1,0,1
770,1,0,1
771,1,0,1
772,1,0,1
773,1,0,1
774,1,0,1
775,1,0,1
776,1,0,1
777,1,0,1
778,1,0,1
779,1,0,1
780,1,0,1
781,1,0,1
782,1,0,1
783,1,0,1
784,1,0,1
785,1,0,1
786,1,0,1
787,1,0,1
788,0,0,0
789,0,0,0
790,0,0,0
791,0,0,0
792,0,0,0
793,0,0,0
794,0,0,0
795,0,0,0
796,0,0,0
797,0,0,0
798,0,0,0
799,0,0,0
800,0,0,0
801,0,0,0
802,0,0,0
803,0,0,0
804,0,0,0
805,0,0,0
806,0,0,0
807,0,0,0
808,0,0,0
809,0,0,0
810,0,0,0
811,0,0,0
812,0,0,0
813,0,0,0
814,0,0,0
815,0,0,0
816,0,0,0
817,0,0,0
818,0,0,0
819,0,0,0
820,0,0,0
821,0,0,0
822,0,0,0
823,0,0,0
824,0,0,0
825,0,0,0
826,0,0,0
827,0,0,0
828,0,0,0
829,0,0,0
830,0,0,0
831,0,0,0
832,0,0,0
833,0,0,0
834,0,0,0
835,0,0,0
836,0,0,0
837,0,0,0
838,0,0,0
839,0,0,0
840,0,0,0
841,0,0,0
842,0,0,0
843,0,0,0
844,0,0,0
845,0,0,0
846,0,0,0
847,0,0,0
848,0,0,0
849,0,0,0
850,0,0,0
851,0,0,0
852,0,0,0
853,0,0,0
854,0,0,0
855,0,0,0
856,0,0,0
857,0,0,0
858,0,0,0
859,0,0,0
860,0,0,0
861,0,0,0
862,0,0,0
863,0,0,0
864,0,0,0
865,0,0,0
866,0,0,0
867,0,0,0
868,0,0,0
869,0,0,0
870,0,0,0
871,0,0,0
872,0,0,0
873,0,0,0
874,0,0,0
875,0,0,0
876,0,0,0
877,0,0,0
878,0,0,0
879,0,0,0
880,0,0,0
881,0,0,0
882,0,0,0
883,0,0,0
884,0,0,0
885,0,0,0
886,0,0,0
887,0,0,0
888,0,0,0
889,0,0,0
890,0,0,0
891,0,0,0
892,0,0,0
893,0,0,0
894,0,0,0
895,0,0,0
896,0,0,0
897,0,0,0
898,0,0,0
899,0,0,0
900,0,0,0
901,0,0,0
902,0,0,0
903,0,0,0
904,0,0,0
905,0,0,0
906,0,0,0
907,0,0,0
908,0,0,0
909,0,0,0
910,0,0,0
911,0,0,0
912,0,0,0
913,0,0,0
914,0,0,0
915,0,0,0
916,0,0,0
917,0,0,0
918,0,0,0
919,0,0,0
920,0,0,0
921,0,0,0
922,0,0,0
923,0,0,0
924,0,0,0
925,0,0,0
926,0,0,0
927,0,0,0
928,0,0,0
929,0,0,0
930,0,0,0
931,0,0,0
932,0,0,0
933,0,0,0
934,0,0,0
935,0,0,0
936,0,0,0
937,0,0,0
938,0,0,0
939,0,0,0
940,0,0,0
941,0,0,0
942,0,0,0
943,0,0,0
944,0,0,0
945,0,0,0
946,0,0,0
947,0,0,0
948,0,0,0
949,0,0,0
950,0,0,0
951,0,0,0
952,0,0,0
953,0,0,0
954,0,0,0
955,0,0,0
956,0,0,0
957,0,0,0
958,0,0,0
959,0,0,0
960,0,0,0
961,0,0,0
962,0,0,0
963,0,0,0
964,0,0,0
965,0,0,0
966,0,0,0
967,0,0,0
968,0,0,0
969,0,0,0
970,0,0,0
971,0,0,0
972,0,0,0
973,0,0,0
974,0,0,0
975,0,0,0
976,0,0,0
977,0,0,0
978,0,0,0
979,0,0,0
980,0,0,0
981,0,0,0
982,0,0,0
983,0,0,0
984,0,0,0
985,0,0,0
986,0,0,0
987,0,0,0
988,0,0,0
989,0,0,0
990,0,0,0
991,0,0,0
992,0,0,0
993,0,0,0
994,0,0,0
995,0,0,0
996,0,0,0
997,0,0,0
998,0,0,0
999,0,0,0
1000,0,0,0
1001,0,0,0
1002,0,0,0
1003,0,0,0
1004,0,0,0
1005,0,0,0
1006,0,0,0
1007,0,0,0
1008,0,0,0
1009,0,0,0
1010,0,0,0
1011,0,0,0
1012,0,0,0
1013,0,0,0
1014,0,0,0
1015,0,0,0
1016,0,0,0
1017,0,0,0
1018,0,0,0
1019,0,0,0
1020,0,0,0
1021,0,0,0
1022,0,0,0
1023,0,0,0
1024,0,0,0
1025,0,0,0
1026,0,0,0
1027,0,0,0
1028,0,0,0
1029,0,0,0
1030,0,0,0
1031,0,0,0
1032,0,0,0
1033,0,0,0
1034,0,0,0
1035,0,0,0
1036,0,0,0
1037,0,0,0
1038,0,0,0
1039,0,0,0
1040,0,0,0
1041,0,0,0
1042,0,0,0
1043,0,0,0
1044,0,0,0
1045,0,0,0
1046,0,0,0
1047,0,0,0
1048,0,0,0
1049,0,0,0
1050,0,0,0
1051,0,0,0
1052,0,0,0
1053,0,0,0
1054,0,0,0
1055,0,0,0
1056,0,0,0
1057,0,0,0
1058,0,0,0
1059,0,0,0
1060,0,0,0
1061,0,0,0
1062,0,0,0
1063,0,0,0
1064,0,0,0
1065,0,0,0
1066,0,0,0
1067,0,0,0
1068,0,0,0
1069,0,0,0
1070,0,0,0
1071,0,0,0
1072,0,0,0
1073,0,0,0
1074,0,0,0
1075,0,0,0
1076,0,0,0
1077,0,0,0
1078,0,0,0
1079,0,0,0
1080,0,0,0
1081,0,0,0
1082,0,0,0
1083,0,0,0
1084,0,0,0
1085,0,0,0
1086,0,0,0
1087,0,0,0
1088,0,0,0
1089,0,0,0
1090,0,0,0
1091,0,0,0
1092,0,0,0
1093,0,0,0
1094,0,0,0
1095,0,0,0
1096,0,0,0
1097,0,0,0
1098,0,0,0
1099,0,0,0
1100,0,0,0
1101,0,0,0
1102,0,0,0
1103,0,0,0
1104,0,0,0
1105,0,0,0
1106,0,0,0
1107,0,0,0
1108,0,0,0
1109,0,0,0
1110,0,0,0
1111,0,0,0
1112,0,0,0
1113,0,0,0
1114,0,0,0
1115,0,0,0
1116,0,0,0
1117,0,0,0
1118,0,0,0
1119,0,0,0
1120,0,0,0
1121,0,0,0
1122,0,0,0
1123,0,0,0
1124,0,0,0
1125,0,0,0
1126,0,0,0
1127,0,0,0
1128,0,0,0
1129,0,0,0
1130,0,0,0
1131,0,0,0
1132,0,0,0
1133,0,0,0
1134,0,0,0
1135,0,0,0
1136,0,0,0
1137,0,0,0
1138,0,0,0
1139,0,0,0
1140,0,0,0
1141,0,0,0
1142,0,0,0
1143,0,0,0
1144,0,0,0
1145,0,0,0
1146,0,0,0
1147,0,0,0
1148,0,0,0
1149,0,0,0
1150,0,0,0
1151,0,0,0
1152,0,0,0
1153,0,0,0
1154,0,0,0
1155,0,0,0
1156,0,0,0
1157,0,0,0
1158,0,0,0
1159,0,0,0
1160,0,0,0
1161,0,0,0
1162,0,0,0
1163,0,0,0
1164,0,0,0
1165,0,0,0
1166,0,0,0
1167,0,0,0
1168,0,0,0
1169,0,0,0
1170,0,0,0
1171,0,0,0
1172,0,0,0
1173,0,0,0
1174,0,0,0
1175,0,0,0
1176,0,0,0
1177,0,0,0
1178,0,0,0
1179,0,0,0
1180,0,0,0
1181,0,0,0
1182,0,0,0
1183,0,0,0
1184,0,0,0
1185,0,0,0
1186,0,0,0
1187,0,0,0
1188,0,0,0
1189,0,0,0
1190,0,0,0
1191,0,0,0
1192,1,0,1
1193,1,0,1
1194,1,0,1
1195,1,0,1
1196,1,0,1
1197,1,0,1
1198,1,0,1
1199,1,0,1
1200,1,0,1
1201,1,0,1
1202,1,0,1
1203,1,0,1
1204,1,0,1
1205,1,0,1
1206,1,0,1
1207,1,0,1
1208,1,0,1
1209,1,0,1
1210,1,0,1
1211,1,0,1
1212,1,0,1
1213,1,0,1
1214,1,0,1
1215,1,0,1
1216,1,0,1
1217,1,0,1
1218,1,0,1
1219,1,0,1
1220,1,0,1
1221,1,0,1
1222,1,0,1
1223,1,0,1
1224,1,0,1
1225,1,0,1
1226,1,0,1
1227,1,0,1
1228,1,0,1
1229,1,0,1
1230,1,0,1
1231,1,0,1
1232,1,0,1
1233,1,0,1
1234,1,0,1
1235,1,0,1
1236,1,0,1
1237,1,0,1
1238,1,0,1
1239,1,0,1
1240,1,0,1
1241,1,0,1
1242,1,0,1
1243,1,0,1
1244,1,0,1
1245,1,0,1
1246,1,0,1
1247,1,0,1
1248,1,0,1
1249,1,0,1
1250,1,0,1
1251,1,0,1
1252,1,0,1
1253,1,0,1
1254,1,0,1
1255,1,0,1
1256,1,0,1
1257,1,0,1
1258,1,0,1
1259,1,0,1
1260,1,0,1
1261,1,0,1
1262,1,0,1
1263,1,0,1
1264,0,0,0
1265,0,0,0
1266,0,0,0
1267,0,0,0
1268,0,0,0
1269,0,0,0
1270,0,0,0
1271,0,0,0
1272,0,0,0
1273,0,0,0
1274,0,0,0
1275,0,0,0
1276,0,0,0
1277,0,0,0
1278,0,0,0
1279,0,0,0
1280,0,0,0
1281,0,0,0
1282,0,0,0
1283,0,0,0
1284,0,0,0
1285,0,0,0
1286,0,0,0
1287,0,0,0
1288,0,0,0
1289,0,0,0
1290,0,0,0
1291,0,0,0
1292,0,0,0
1293,0,0,0
1294,0,0,0
1295,0,0,0
1296,0,0,0
1297,0,0,0
1298,0,0,0
1299,0,0,0
1300,0,0,0
1301,0,0,0
1302,0,0,0
1303,0,0,0
1304,0,0,0
1305,0,0,0
1306,0,0,0
1307,0,0,0
1308,0,0,0
1309,0,0,0
1310,0,0,0
1311,0,0,0
1312,0,0,0
1313,0,0,0
1314,0,0,0
1315,0,0,0
1316,0,0,0
1317,0,0,0
1318,0,0,0
1319,0,0,0
1320,0,0,0
1321,0,0,0
1322,0,0,0
1323,0,0,0
1324,0,0,0
1325,0,0,0
1326,0,0,0
1327,0,0,0
1328,0,0,0
1329,0,0,0
1330,0,0,0
1331,0,0,0
1332,0,0,0
1333,0,0,0
1334,0,0,0
1335,0,0,0
1336,0,0,0
1337,0,0,0
1338,0,0,0
1339,0,0,0
1340,0,0,0
1341,0,0,0
1342,0,0,0
1343,0,0,0
1344,0,0,0
1345,0,0,0
1346,0,0,0
1347,0,0,0
1348,0,0,0
1349,0,0,0
1350,0,0,0
1351,0,0,0
1352,0,0,0
1353,0,0,0
1354,0,0,0
1355,0,0,0
1356,0,0,0
1357,0,0,0
1358,0,0,0
1359,0,0,0
1360,0,0,0
1361,0,0,0
1362,0,0,0
1363,0,0,0
1364,0,0,0
1365,0,0,0
1366,0,0,0
1367,0,0,0
1368,0,0,0
1369,0,0,0
1370,0,0,0
1371,0,0,0
1372,0,0,0
1373,0,0,0
1374,0,0,0
1375,0,0,0
1376,0,0,0
1377,0,0,0
1378,0,0,0
1379,0,0,0
1380,0,0,0
1381,0,0,0
1382,0,0,0
1383,0,0,0
1384,0,0,0
1385,0,0,0
1386,0,0,0
1387,0,0,0
1388,0,0,0
1389,0,0,0
1390,0,0,0
1391,0,0,0
1392,0,0,0
1393,0,0,0
1394,0,0,0
1395,0,0,0
1396,0,0,0
1397,0,0,0
1398,0,0,0
1399,0,0,0
1400,0,0,0
1401,0,0,0
1402,0,0,0
1403,0,0,0
1404,0,0,0
1405,0,0,0
1406,0,0,0
1407,0,0,0
1408,0,0,0
1409,0,0,0
1410,0,0,0
1411,0,0,0
1412,0,0,0
1413,0,0,0
1414,0,0,0
1415,0,0,0
1416,0,0,0
1417,0,0,0
1418,0,0,0
1419,0,0,0
1420,0,0,0
1421,0,0,0
1422,0,0,0
1423,0,0,0
1424,0,0,0
1425,0,0,0
1426,0,0,0
1427,0,0,0
1428,0,0,0
1429,0,0,0
1430,0,0,0
1431,0,0,0
1432,0,0,0
1433,0,0,0
1434,0,0,0
1435,0,0,0
1436,0,0,0
1437,0,0,0
1438,0,0,0
1439,0,0,0
1440,0,0,0
1441,0,0,0
1442,0,0,0
1443,0,0,0
1444,0,0,0
1445,0,0,0
1446,0,0,0
1447,0,0,0
1448,0,0,0
1449,0,0,0
1450,0,0,0
1451,0,0,0
1452,0,0,0
1453,0,0,0
1454,0,0,0
1455,0,0,0
1456,0,0,0
1457,0,0,0
1458,0,0,0
1459,0,0,0
1460,0,0,0
1461,0,0,0
1462,0,0,0
1463,0,0,0
1464,0,0,0
1465,0,0,0
1466,0,0,0
1467,0,0,0
1468,0,0,0
1469,0,0,0
1470,0,0,0
1471,0,0,0
1472,0,0,0
1473,0,0,0
1474,0,0,0
1475,0,0,0
1476,0,0,0
1477,0,0,0
1478,0,0,0
1479,0,0,0
1480,0,0,0
1481,0,0,0
1482,0,0,0
1483,0,0,0
1484,0,0,0
1485,0,0,0
1486,0,0,0
1487,0,0,0
1488,0,0,0
1489,0,0,0
1490,0,0,0
1491,0,0,0
1492,0,0,0
1493,0,0,0
1494,0,0,0
1495,0,0,0
1496,0,0,0
1497,0,0,0
1498,1,0,1
1499,1,0,1
1500,1,0,1
1501,1,0,1
1502,1,0,1
1503,1,0,1
1504,1,0,1
1505,1,0,1
1506,1,0,1
1507,1,0,1
1508,1,0,1
1509,1,0,1
1510,1,0,1
1511,1,0,1
1512,1,0,1
1513,1,0,1
1514,1,0,1
1515,1,0,1
1516,1,0,1
1517,1,0,1
1518,1,0,1
1519,1,0,1
1520,1,0,1
1521,1,0,1
1522,1,0,1
1523,1,0,1
1524,1,0,1
1525,1,0,1
1526,1,0,1
1527,1,0,1
1528,1,0,1
1529,1,0,1
1530,1,0,1
1531,1,0,1
1532,1,0,1
1533,1,0,1
1534,1,0,1
1535,1,0,1
1536,1,0,1
1537,1,0,1
1538,1,0,1
1539,1,0,1
1540,1,0,1
1541,1,0,1
1542,1,0,1
1543,1,0,1
1544,1,0,1
1545,1,0,1
1546,1,0,1
1547,1,0,1
1548,1,0,1
1549,1,0,1
1550,1,0,1
1551,1,0,1
1552,1,0,1
1553,1,0,1
1554,1,0,1
1555,1,0,1
1556,1,0,1
1557,1,0,1
1558,1,0,1
1559,1,0,1
1560,1,0,1
1561,1,0,1
1562,1,0,1
1563,1,0,1
1564,1,0,1
1565,1,0,1
1566,1,0,1
1567,1,0,1
1568,1,0,1
1569,1,0,1
1570,1,0,1
1571,1,0,1
1572,1,0,1
1573,1,0,1
1574,1,0,1
1575,1,0,1
1576,1,0,1
1577,1,0,1
1578,1,0,1
1579,1,0,1
1580,1,0,1
1581,1,0,1
1582,1,0,1
1583,1,0,1
1584,1,0,1
1585,1,0,1
1586,1,0,1
1587,1,0,1
1588,1,0,1
1589,1,0,1
1590,1,0,1
1591,1,0,1
1592,1,0,1
1593,1,0,1
1594,1,0,1
1595,1,0,1
1596,1,0,1
1597,1,0,1
1598,1,0,1
1599,1,0,1
1600,1,0,1
1601,1,0,1
1602,1,0,1
1603,1,0,1
1604,1,0,1
1605,1,0,1
1606,1,0,1
1607,1,0,1
1608,1,0,1
1609,1,0,1
1610,1,0,1
1611,1,0,1
1612,1,0,1
1613,1,0,1
1614,1,0,1
1615,1,0,1
1616,1,0,1
1617,1,0,1
1618,1,0,1
1619,1,0,1
1620,1,0,1
1621,1,0,1
1622,1,0,1
1623,1,0,1
1624,1,0,1
1625,1,0,1
1626,1,0,1
1627,1,0,1
1628,1,0,1
1629,1,0,1
1630,1,0,1
1631,1,0,1
1632,1,0,1
1633,1,0,1
1634,1,0,1
1635,1,0,1
1636,1,0,1
1637,1,0,1
1638,1,0,1
1639,1,0,1
1640,1,0,1
1641,1,0,1
1642,1,0,1
1643,1,0,1
1644,1,0,1
1645,1,0,1
1646,1,0,1
1647,1,0,1
1648,1,0,1
1649,1,0,1
1650,1,0,1
1651,1,0,1
1652,1,0,1
1653,1,0,1
1654,1,0,1
1655,1,0,1
1656,1,0,1
1657,1,0,1
1658,1,0,1
1659,1,0,1
1660,1,0,1
1661,1,0,1
1662,1,0,1
1663,1,0,1
1664,1,0,1
1665,1,0,1
1666,1,0,1
1667,1,0,1
1668,1,0,1
1669,1,0,1
1670,1,0,1
1671,1,0,1
1672,1,0,1
1673,1,0,1
1674,1,0,1
1675,1,0,1
1676,1,0,1
1677,1,0,1
1678,1,0,1
1679,1,0,1
1680,1,0,1
1681,1,0,1
1682,1,0,1
1683,1,0,1
1684,1,0,1
1685,1,0,1
1686,1,0,1
1687,1,0,1
1688,1,0,1
1689,1,0,1
1690,1,0,1
1691,1,0,1
1692,1,0,1
1693,1,0,1
1694,1,0,1
1695,1,0,1
1696,1,0,1
1697,1,0,1
1698,1,0,1
1699,1,0,1
1700,1,0,1
1701,1,0,1
1702,1,0,1
1703,1,0,1
1704,1,0,1
1705,1,0,1
1706,1,0,1
1707,1,0,1
1708,1,0,1
1709,1,0,1
1710,1,0,1
1711,1,0,1
1712,1,0,1
1713,1,0,1
1714,1,0,1
1715,1,0,1
1716,1,0,1
1717,2,0,2
1718,2,0,2
1719,2,0,2
1720,2,0,2
1721,2,0,2
1722,2,0,2
1723,2,0,2
1724,2,0,2
1725,2,0,2
1726,2,0,2
1727,2,0,2
1728,2,0,2
1729,2,0,2
1730,2,0,2
1731,2,0,2
1732,2,0,2
1733,2,0,2
1734,2,0,2
1735,2,0,2
1736,2,0,2
1737,2,0,2
1738,2,0,2
1739,2,0,2
1740,2,0,2
1741,2,0,2
1742,2,0,2
1743,2,0,2
1744,2,0,2
1745,2,0,2
1746,2,0,2
1747,2,0,2
1748,2,0,2
1749,2,0,2
1750,2,0,2
1751,2,0,2
1752,2,0,2
1753,2,0,2
1754,2,0,2
1755,2,0,2
1756,2,0,2
1757,2,0,2
1758,2,0,2
1759,2,0,2
1760,2,0,2
1761,2,0,2
1762,2,0,2
1763,2,0,2
1764,2,0,2
1765,2,0,2
1766,1,0,1
1767,1,0,1
1768,1,0,1
1769,1,0,1
1770,1,0,1
1771,1,0,1
1772,1,0,1
1773,1,0,1
1774,1,0,1
1775,1,0,1
1776,1,0,1
1777,1,0,1
1778,1,0,1
1779,1,0,1
1780,1,0,1
1781,1,0,1
1782,1,0,1
1783,1,0,1
1784,1,0,1
1785,1,0,1
1786,1,0,1
1787,1,0,1
1788,1,0,1
1789,1,0,1
1790,1,0,1
1791,1,0,1
1792,1,0,1
1793,1,0,1
1794,1,0,1
1795,1,0,1
1796,1,0,1
1797,1,0,1
1798,1,0,1
1799,1,0,1
1800,1,0,1
1801,1,0,1
1802,1,0,1
1803,1,0,1
1804,1,0,1
1805,1,0,1
1806,1,0,1
1807,1,0,1
1808,1,0,1
1809,1,0,1
1810,1,0,1
1811,1,0,1
1812,1,0,1
1813,1,0,1
1814,1,0,1
1815,1,0,1
1816,1,0,1
1817,1,0,1
1818,1,0,1
1819,1,0,1
1820,1,0,1
1821,1,0,1
1822,1,0,1
1823,1,0,1
1824,1,0,1
1825,1,0,1
1826,1,0,1
1827,1,0,1
1828,1,0,1
1829,1,0,1
1830,1,0,1
1831,1,0,1
1832,1,0,1
1833,1,0,1
1834,1,0,1
1835,1,0,1
1836,1,0,1
1837,1,0,1
1838,1,0,1
1839,1,0,1
1840,1,0,1
1841,1,0,1
1842,1,0,1
1843,1,0,1
1844,1,0,1
1845,1,0,1
1846,1,0,1
1847,1,0,1
1848,1,0,1
1849,1,0,1
1850,1,0,1
1851,1,0,1
1852,1,0,1
1853,1,0,1
1854,1,0,1
1855,1,0,1
1856,1,0,1
1857,1,0,1
1858,1,0,1
1859,1,0,1
1860,1,0,1
1861,1,0,1
1862,1,0,1
1863,1,0,1
1864,1,0,1
1865,1,0,1
1866,1,0,1
1867,1,0,1
1868,1,0,1
1869,1,0,1
1870,1,0,1
1871,1,0,1
1872,1,0,1
1873,1,0,1
1874,1,0,1
1875,1,0,1
1876,1,0,1
1877,1,0,1
1878,1,0,1
1879,1,0,1
1880,1,0,1
1881,1,0,1
1882,1,0,1
1883,1,0,1
1884,1,0,1
1885,1,0,1
1886,1,0,1
1887,1,0,1
1888,1,0,1
1889,1,0,1
1890,1,0,1
1891,1,0,1
1892,1,0,1
1893,1,0,1
1894,1,0,1
1895,1,0,1
1896,1,0,1
1897,1,0,1
1898,1,0,1
1899,1,0,1
1900,1,0,1
1901,1,0,1
1902,1,0,1
1903,1,0,1
1904,1,0,1
1905,1,0,1
1906,1,0,1
1907,1,0,1
1908,1,0,1
1909,1,0,1
1910,1,0,1
1911,1,0,1
1912,1,0,1
1913,1,0,1
1914,1,0,1
1915,1,0,1
1916,1,0,1
1917,1,0,1
1918,1,0,1
1919,1,0,1
1920,1,0,1
1921,1,0,1
1922,1,0,1
1923,1,0,1
1924,1,0,1
1925,1,0,1
1926,1,0,1
1927,1,0,1
1928,1,0,1
1929,1,0,1
1930,1,0,1
1931,1,0,1
1932,1,0,1
1933,1,0,1
1934,1,0,1
1935,1,0,1
1936,1,0,1
1937,1,0,1
1938,1,0,1
1939,1,0,1
1940,1,0,1
1941,1,0,1
1942,1,0,1
1943,1,0,1
1944,1,0,1
1945,1,0,1
1946,1,0,1
1947,1,0,1
1948,1,0,1
1949,1,0,1
1950,1,0,1
1951,1,0,1
1952,1,0,1
1953,1,0,1
1954,1,0,1
1955,1,0,1
1956,1,0,1
1957,1,0,1
1958,1,0,1
1959,1,0,1
1960,1,0,1
1961,1,0,1
1962,1,0,1
1963,1,0,1
1964,1,0,1
1965,1,0,1
1966,1,0,1
1967,1,0,1
1968,1,0,1
1969,1,0,1
1970,1,0,1
1971,1,0,1
1972,1,0,1
1973,1,0,1
1974,1,0,1
1975,1,0,1
1976,1,0,1
1977,1,0,1
1978,1,0,1
1979,1,0,1
1980,1,0,1
1981,1,0,1
1982,1,0,1
1983,1,0,1
1984,1,0,1
1985,1,0,1
1986,1,0,1
1987,1,0,1
1988,1,0,1
1989,1,0,1
1990,1,0,1
1991,1,0,1
1992,1,0,1
1993,1,0,1
1994,1,0,1
1995,1,0,1
1996,1,0,1
1997,1,0,1
1998,1,0,1
1999,1,0,1
2000,1,0,1
2001,1,0,1
2002,1,0,1
2003,1,0,1
2004,1,0,1
2005,1,0,1
2006,1,0,1
2007,1,0,1
2008,1,0,1
2009,1,0,1
2010,1,0,1
2011,1,0,1
2012,1,0,1
2013,1,0,1
2014,1,0,1
2015,1,0,1
2016,1,0,1
2017,1,0,1
2018,1,0,1
2019,1,0,1
2020,1,0,1
2021,1,0,1
2022,1,0,1
2023,1,0,1
2024,1,0,1
2025,1,0,1
2026,1,0,1
2027,1,0,1
2028,1,0,1
2029,1,0,1
2030,1,0,1
2031,1,0,1
2032,1,0,1
2033,1,0,1
2034,1,0,1
2035,1,0,1
2036,1,0,1
2037,1,0,1
2038,1,0,1
2039,1,0,1
2040,1,0,1
2041,1,0,1
2042,1,0,1
2043,1,0,1
2044,1,0,1
2045,1,0,1
2046,1,0,1
2047,1,0,1
2048,1,0,1
2049,1,0,1
2050,1,0,1
2051,1,0,1
2052,1,0,1
2053,1,0,1
2054,1,0,1
2055,1,0,1
2056,1,0,1
2057,1,0,1
2058,1,0,1
2059,1,0,1
2060,1,0,1
2061,1,0,1
2062,1,0,1
2063,1,0,1
2064,1,0,1
2065,1,0,1
2066,1,0,1
2067,1,0,1
2068,1,0,1
2069,1,0,1
2070,1,0,1
2071,1,0,1
2072,1,0,1
2073,1,0,1
2074,1,0,1
2075,1,0,1
2076,1,0,1
2077,1,0,1
2078,1,0,1
2079,1,0,1
2080,1,0,1
2081,1,0,1
2082,1,0,1
2083,1,0,1
2084,1,0,1
2085,1,0,1
2086,1,0,1
2087,1,0,1
2088,1,0,1
2089,1,0,1
2090,1,0,1
2091,1,0,1
2092,1,0,1
2093,1,0,1
2094,1,0,1
2095,1,0,1
2096,1,0,1
2097,1,0,1
2098,1,0,1
2099,1,0,1
2100,1,0,1
2101,1,0,1
2102,1,0,1
2103,1,0,1
2104,1,0,1
2105,1,0,1
2106,1,0,1
2107,1,0,1
2108,1,0,1
2109,1,0,1
2110,1,0,1
2111,1,0,1
2112,1,0,1
2113,1,0,1
2114,1,0,1
2115,1,0,1
2116,1,0,1
2117,1,0,1
2118,1,0,1
2119,1,0,1
2120,1,0,1
2121,1,0,1
2122,1,0,1
2123,1,0,1
2124,1,0,1
2125,1,0,1
2126,1,0,1
2127,1,0,1
2128,1,0,1
2129,1,0,1
2130,1,0,1
2131,1,0,1
2132,1,0,1
2133,1,0,1
2134,1,0,1
2135,1,0,1
2136,1,0,1
2137,1,0,1
2138,1,0,1
2139,1,0,1
2140,1,0,1
2141,1,0,1
2142,1,0,1
2143,1,0,1
2144,1,0,1
2145,1,0,1
2146,1,0,1
2147,1,0,1
2148,1,0,1
2149,1,0,1
2150,1,0,1
2151,1,0,1
2152,1,0,1
2153,1,0,1
2154,1,0,1
2155,1,0,1
2156,0,0,0
2157,0,0,0
2158,0,0,0
2159,0,0,0
2160,0,0,0
2161,0,0,0
2162,0,0,0
2163,0,0,0
2164,0,0,0
2165,0,0,0
2166,0,0,0
2167,0,0,0
2168,0,0,0
2169,0,0,0
2170,0,0,0
2171,0,0,0
2172,0,0,0
2173,0,0,0
2174,0,0,0
2175,0,0,0
2176,0,0,0
2177,0,0,0
2178,0,0,0
2179,0,0,0
2180,0,0,0
2181,0,0,0
2182,0,0,0
2183,0,0,0
2184,0,0,0
2185,0,0,0
2186,0,0,0
2187,0,0,0
2188,0,0,0
2189,0,0,0
2190,0,0,0
2191,0,0,0
2192,0,0,0
2193,0,0,0
2194,0,0,0
2195,0,0,0
2196,0,0,0
2197,0,0,0
2198,0,0,0
2199,0,0,0
2200,0,0,0
2201,0,0,0
2202,0,0,0
2203,0,0,0
2204,0,0,0
2205,0,0,0
2206,0,0,0
2207,0,0,0
2208,0,0,0
2209,0,0,0
2210,0,0,0
2211,0,0,0
2212,0,0,0
2213,0,0,0
2214,0,0,0
2215,0,0,0
2216,0,0,0
2217,0,0,0
2218,0,0,0
2219,0,0,0
2220,0,0,0
2221,0,0,0
2222,0,0,0
2223,0,0,0
2224,0,0,0
2225,0,0,0
2226,0,0,0
2227,0,0,0
2228,0,0,0
2229,0,0,0
2230,0,0,0
2231,0,0,0
2232,0,0,0
2233,0,0,0
2234,0,0,0
2235,0,0,0
2236,0,0,0
2237,0,0,0
2238,0,0,0
2239,0,0,0
2240,0,0,0
2241,0,0,0
2242,0,0,0
2243,0,0,0
2244,0,0,0
2245,0,0,0
2246,0,0,0
2247,0,0,0
2248,0,0,0
2249,0,0,0
2250,0,0,0
2251,0,0,0
2252,0,0,0
2253,0,0,0
2254,0,0,0
2255,0,0,0
2256,0,0,0
2257,0,0,0
2258,0,0,0
2259,0,0,0
2260,0,0,0
2261,0,0,0
2262,0,0,0
2263,0,0,0
2264,0,0,0
2265,0,0,0
2266,0,0,0
2267,0,0,0
2268,0,0,0
2269,0,0,0
2270,0,0,0
2271,0,0,0
2272,0,0,0
2273,0,0,0
2274,0,0,0
2275,0,0,0
2276,0,0,0
2277,0,0,0
2278,0,0,0
2279,0,0,0
2280,0,0,0
2281,0,0,0
2282,0,0,0
2283,0,0,0
2284,0,0,0
2285,0,0,0
2286,0,0,0
2287,0,0,0
2288,0,0,0
2289,0,0,0
2290,0,0,0
2291,0,0,0
2292,0,0,0
2293,0,0,0
2294,0,0,0
2295,0,0,0
2296,0,0,0
2297,0,0,0
2298,0,0,0
2299,0,0,0
2300,0,0,0
2301,0,0,0
2302,0,0,0
2303,0,0,0
2304,0,0,0
2305,0,0,0
2306,0,0,0
2307,0,0,0
2308,0,0,0
2309,0,0,0
2310,0,0,0
2311,0,0,0
2312,0,0,0
2313,0,0,0
2314,0,0,0
2315,0,0,0
2316,0,0,0
2317,0,0,0
2318,0,0,0
2319,0,0,0
2320,0,0,0
2321,0,0,0
2322,0,0,0
2323,0,0,0
2324,0,0,0
2325,0,0,0
2326,0,0,0
2327,0,0,0
2328,0,0,0
2329,0,0,0
2330,0,0,0
2331,0,0,0
2332,0,0,0
2333,0,0,0
2334,0,0,0
2335,0,0,0
2336,0,0,0
2337,0,0,0
2338,0,0,0
2339,0,0,0
2340,0,0,0
2341,0,0,0
2342,0,0,0
2343,0,0,0
2344,0,0,0
2345,0,0,0
2346,0,0,0
2347,0,0,0
2348,0,0,0
2349,0,0,0
2350,0,0,0
2351,0,0,0
2352,0,0,0
2353,0,0,0
2354,0,0,0
2355,0,0,0
2356,0,0,0
2357,0,0,0
2358,0,0,0
2359,0,0,0
2360,0,0,0
2361,0,0,0
2362,0,0,0
2363,0,0,0
2364,0,0,0
2365,0,0,0
2366,0,0,0
2367,0,0,0
2368,0,0,0
2369,0,0,0
2370,0,0,0
2371,0,0,0
2372,0,0,0
2373,0,0,0
2374,0,0,0
2375,0,0,0
2376,0,0,0
2377,0,0,0
2378,0,0,0
2379,0,0,0
2380,0,0,0
2381,0,0,0
2382,0,0,0
2383,0,0,0
2384,0,0,0
2385,0,0,0
2386,1,0,1
2387,1,0,1
2388,1,0,1
2389,1,0,1
2390,1,0,1
2391,1,0,1
2392,1,0,1
2393,1,0,1
2394,1,0,1
2395,1,0,1
2396,1,0,1
2397,1,0,1
2398,1,0,1
2399,1,0,1
2400,1,0,1
2401,1,0,1
2402,1,0,1
2403,1,0,1
2404,1,0,1
2405,1,0,1
2406,1,0,1
2407,1,0,1
2408,1,0,1
2409,1,0,1
2410,1,0,1
2411,1,0,1
2412,1,0,1
2413,1,0,1
2414,1,0,1
2415,1,0,1
2416,1,0,1
2417,1,0,1
2418,1,0,1
2419,1,0,1
2420,1,0,1
2421,1,0,1
2422,1,0,1
2423,1,0,1
2424,1,0,1
2425,1,0,1
2426,1,0,1
2427,1,0,1
2428,1,0,1
2429,1,0,1
2430,1,0,1
2431,1,0,1
2432,1,0,1
2433,1,0,1
2434,1,0,1
2435,1,0,1
2436,1,0,1
2437,1,0,1
2438,1,0,1
2439,1,0,1
2440,1,0,1
2441,1,0,1
2442,1,0,1
2443,1,0,1
2444,1,0,1
2445,1,0,1
2446,1,0,1
2447,1,0,1
2448,1,0,1
2449,1,0,1
2450,1,0,1
2451,1,0,1
2452,0,0,0
2453,0,0,0
2454,0,0,0
2455,0,0,0
2456,0,0,0
2457,0,0,0
2458,0,0,0
2459,0,0,0
2460,0,0,0
2461,0,0,0
2462,0,0,0
2463,0,0,0
2464,0,0,0
2465,0,0,0
2466,0,0,0
2467,0,0,0
2468,0,0,0
2469,0,0,0
2470,0,0,0
2471,0,0,0
2472,0,0,0
2473,0,0,0
2474,0,0,0
2475,0,0,0
2476,0,0,0
2477,0,0,0
2478,0,0,0
2479,0,0,0
2480,0,0,0
2481,0,0,0
2482,0,0,0
2483,0,0,0
2484,0,0,0
2485,0,0,0
2486,0,0,0
2487,0,0,0
2488,0,0,0
2489,0,0,0
2490,0,0,0
2491,0,0,0
2492,0,0,0
2493,0,0,0
2494,0,0,0
2495,0,0,0
2496,0,0,0
2497,0,0,0
2498,0,0,0
2499,0,0,0
2500,0,0,0
2501,0,0,0
2502,0,0,0
2503,0,0,0
2504,0,0,0
2505,0,0,0
2506,0,0,0
2507,0,0,0
2508,0,0,0
2509,0,0,0
2510,0,0,0
2511,0,0,0
2512,0,0,0
2513,0,0,0
2514,0,0,0
2515,0,0,0
2516,0,0,0
2517,0,0,0
2518,0,0,0
2519,0,0,0
2520,0,0,0
2521,0,0,0
2522,0,0,0
2523,0,0,0
2524,0,0,0
2525,0,0,0
2526,0,0,0
2527,0,0,0
2528,0,0,0
2529,0,0,0
2530,0,0,0
2531,0,0,0
2532,0,0,0
2533,0,0,0
2534,0,0,0
2535,0,0,0
2536,0,0,0
2537,0,0,0
2538,0,0,0
2539,0,0,0
2540,0,0,0
2541,0,0,0
2542,0,0,0
2543,0,0,0
2544,0,0,0
2545,0,0,0
2546,0,0,0
2547,0,0,0
2548,0,0,0
2549,0,0,0
2550,0,0,0
2551,0,0,0
2552,0,0,0
2553,0,0,0
2554,0,0,0
2555,0,0,0
2556,0,0,0
2557,0,0,0
2558,0,0,0
2559,0,0,0
2560,0,0,0
2561,0,0,0
2562,0,0,0
2563,0,0,0
2564,0,0,0
2565,0,0,0
2566,0,0,0
2567,0,0,0
2568,1,0,1
2569,1,0,1
2570,1,0,1
2571,1,0,1
2572,1,0,1
2573,1,0,1
2574,1,0,1
2575,1,0,1
2576,1,0,1
2577,1,0,1
2578,1,0,1
2579,1,0,1
2580,1,0,1
2581,1,0,1
2582,1,0,1
2583,1,0,1
2584,1,0,1
2585,1,0,1
2586,1,0,1
2587,1,0,1
2588,1,0,1
2589,1,0,1
2590,1,0,1
2591,1,0,1
2592,1,0,1
2593,1,0,1
2594,1,0,1
2595,1,0,1
2596,1,0,1
2597,1,0,1
2598,1,0,1
2599,1,0,1
2600,1,0,1
2601,1,0,1
2602,1,0,1
2603,1,0,1
2604,1,0,1
2605,1,0,1
2606,1,0,1
2607,1,0,1
2608,1,0,1
2609,1,0,1
2610,1,0,1
2611,1,0,1
2612,1,0,1
2613,1,0,1
2614,1,0,1
2615,1,0,1
2616,1,0,1
2617,1,0,1
2618,1,0,1
2619,1,0,1
2620,1,0,1
2621,1,0,1
2622,1,0,1
2623,1,0,1
2624,1,0,1
2625,1,0,1
2626,1,0,1
2627,1,0,1
2628,1,0,1
2629,1,0,1
2630,1,0,1
2631,1,0,1
2632,1,0,1
2633,1,0,1
2634,1,0,1
2635,1,0,1
2636,1,0,1
2637,1,0,1
2638,1,0,1
2639,1,0,1
2640,1,0,1
2641,1,0,1
2642,1,0,1
2643,1,0,1
2644,1,0,1
2645,1,0,1
2646,1,0,1
2647,1,0,1
2648,1,0,1
2649,1,0,1
2650,1,0,1
2651,1,0,1
2652,1,0,1
2653,1,0,1
2654,1,0,1
2655,1,0,1
2656,1,0,1
2657,1,0,1
2658,1,0,1
2659,1,0,1
2660,1,0,1
2661,1,0,1
2662,1,0,1
2663,1,0,1
2664,1,0,1
2665,1,0,1
2666,1,0,1
2667,1,0,1
2668,1,0,1
2669,1,0,1
2670,1,0,1
2671,1,0,1
2672,1,0,1
2673,1,0,1
2674,1,0,1
2675,1,0,1
2676,1,0,1
2677,1,0,1
2678,1,0,1
2679,0,0,0
2680,0,0,0
2681,0,0,0
2682,0,0,0
2683,0,0,0
2684,0,0,0
2685,0,0,0
2686,0,0,0
2687,0,0,0
2688,0,0,0
2689,0,0,0
2690,0,0,0
2691,0,0,0
2692,0,0,0
2693,0,0,0
2694,0,0,0
2695,0,0,0
2696,0,0,0
2697,0,0,0
2698,0,0,0
2699,0,0,0
2700,0,0,0
2701,0,0,0
2702,0,0,0
2703,0,0,0
2704,0,0,0
2705,0,0,0
2706,0,0,0
2707,0,0,0
2708,0,0,0
2709,0,0,0
2710,0,0,0
2711,0,0,0
2712,0,0,0
2713,0,0,0
2714,0,0,0
2715,0,0,0
2716,0,0,0
2717,0,0,0
2718,0,0,0
2719,0,0,0
2720,0,0,0
2721,0,0,0
2722,0,0,0
2723,0,0,0
2724,0,0,0
2725,0,0,0
2726,0,0,0
2727,0,0,0
2728,0,0,0
2729,0,0,0
2730,0,0,0
2731,0,0,0
2732,0,0,0
2733,0,0,0
2734,0,0,0
2735,0,0,0
2736,0,0,0
2737,0,0,0
2738,0,0,0
2739,0,0,0
2740,0,0,0
2741,0,0,0
2742,0,0,0
2743,0,0,0
2744,0,0,0
2745,0,0,0
2746,0,0,0
2747,0,0,0
2748,0,0,0
2749,0,0,0
2750,0,0,0
2751,0,0,0
2752,0,0,0
2753,0,0,0
2754,0,0,0
2755,0,0,0
2756,0,0,0
2757,0,0,0
2758,0,0,0
2759,0,0,0
2760,0,0,0
2761,0,0,0
2762,0,0,0
2763,0,0,0
2764,0,0,0
2765,0,0,0
2766,0,0,0
2767,0,0,0
2768,0,0,0
2769,1,0,1
2770,1,0,1
2771,1,0,1
2772,1,0,1
2773,1,0,1
2774,1,0,1
2775,1,0,1
2776,1,0,1
2777,1,0,1
2778,1,0,1
2779,1,0,1
2780,1,0,1
2781,1,0,1
2782,1,0,1
2783,1,0,1
2784,1,0,1
2785,1,0,1
2786,1,0,1
2787,1,0,1
2788,1,0,1
2789,1,0,1
2790,1,0,1
2791,1,0,1
2792,1,0,1
2793,1,0,1
2794,1,0,1
2795,1,0,1
2796,1,0,1
2797,1,0,1
2798,1,0,1
2799,1,0,1
2800,1,0,1
2801,1,0,1
2802,1,0,1
2803,1,0,1
2804,1,0,1
2805,1,0,1
2806,1,0,1
2807,1,0,1
2808,1,0,1
2809,1,0,1
2810,1,0,1
2811,1,0,1
2812,1,0,1
2813,1,0,1
2814,1,0,1
2815,1,0,1
2816,1,0,1
2817,1,0,1
2818,1,0,1
2819,1,0,1
2820,1,0,1
2821,1,0,1
2822,1,0,1
2823,1,0,1
2824,1,0,1
2825,1,0,1
2826,1,0,1
2827,1,0,1
2828,1,0,1
2829,1,0,1
2830,1,0,1
2831,1,0,1
2832,1,0,1
2833,1,0,1
2834,1,0,1
2835,1,0,1
2836,1,0,1
2837,1,0,1
2838,1,0,1
2839,1,0,1
2840,1,0,1
2841,1,0,1
2842,1,0,1
2843,1,0,1
2844,1,0,1
2845,1,0,1
2846,1,0,1
2847,1,0,1
2848,1,0,1
2849,1,0,1
2850,1,0,1
2851,1,0,1
2852,1,0,1
2853,1,0,1
2854,1,0,1
2855,1,0,1
2856,1,0,1
2857,1,0,1
2858,1,0,1
2859,1,0,1
2860,1,0,1
2861,1,0,1
2862,1,0,1
2863,1,0,1
2864,1,0,1
2865,1,0,1
2866,1,0,1
2867,1,0,1
2868,1,0,1
2869,1,0,1
2870,1,0,1
2871,1,0,1
2872,1,0,1
2873,1,0,1
2874,1,0,1
2875,1,0,1
2876,1,0,1
2877,1,0,1
2878,1,0,1
2879,1,0,1
2880,1,0,1
2881,1,0,1
2882,1,0,1
2883,1,0,1
2884,1,0,1
2885,1,0,1
2886,1,0,1
2887,1,0,1
2888,1,0,1
2889,1,0,1
2890,1,0,1
2891,1,0,1
2892,1,0,1
2893,1,0,1
2894,1,0,1
2895,1,0,1
2896,1,0,1
2897,1,0,1
2898,1,0,1
2899,1,0,1
2900,1,0,1
2901,1,0,1
2902,1,0,1
2903,1,0,1
2904,1,0,1
2905,1,0,1
2906,1,0,1
2907,1,0,1
2908,1,0,1
2909,1,0,1
2910,1,0,1
2911,1,0,1
2912,1,0,1
2913,1,0,1
2914,1,0,1
2915,1,0,1
2916,1,0,1
2917,1,0,1
2918,1,0,1
2919,1,0,1
2920,1,0,1
2921,1,0,1
2922,1,0,1
2923,1,0,1
2924,1,0,1
2925,1,0,1
2926,1,0,1
2927,1,0,1
2928,1,0,1
2929,1,0,1
2930,1,0,1
2931,1,0,1
2932,1,0,1
2933,1,0,1
2934,1,0,1
2935,1,0,1
2936,1,0,1
2937,1,0,1
2938,1,0,1
2939,1,0,1
2940,1,0,1
2941,1,0,1
2942,1,0,1
2943,1,0,1
2944,1,0,1
2945,1,0,1
2946,1,0,1
2947,1,0,1
2948,1,0,1
2949,1,0,1
2950,1,0,1
2951,0,0,0
2952,0,0,0
2953,0,0,0
2954,0,0,0
2955,0,0,0
2956,0,0,0
2957,0,0,0
2958,0,0,0
2959,0,0,0
2960,0,0,0
2961,0,0,0
2962,0,0,0
2963,0,0,0
2964,0,0,0
2965,0,0,0
2966,0,0,0
2967,0,0,0
2968,0,0,0
2969,0,0,0
2970,0,0,0
2971,0,0,0
2972,0,0,0
2973,0,0,0
2974,0,0,0
2975,0,0,0
2976,0,0,0
2977,0,0,0
2978,0,0,0
2979,0,0,0
2980,0,0,0
2981,0,0,0
2982,0,0,0
2983,0,0,0
2984,0,0,0
2985,0,0,0
2986,0,0,0
2987,0,0,0
2988,0,0,0
2989,0,0,0
2990,0,0,0
2991,0,0,0
2992,0,0,0
2993,0,0,0
2994,0,0,0
2995,0,0,0
2996,0,0,0
2997,0,0,0
2998,0,0,0
2999,0,0,0
3000,0,0,0
3001,0,0,0
3002,0,0,0
3003,0,0,0
3004,0,0,0
3005,0,0,0
3006,0,0,0
3007,0,0,0
3008,0,0,0
3009,0,0,0
3010,0,0,0
3011,0,0,0
3012,0,0,0
3013,0,0,0
3014,0,0,0
3015,0,0,0
3016,0,0,0
3017,0,0,0
3018,0,0,0
3019,0,0,0
3020,0,0,0
3021,0,0,0
3022,0,0,0
3023,0,0,0
3024,0,0,0
3025,0,0,0
3026,0,0,0
3027,0,0,0
3028,0,0,0
3029,0,0,0
3030,0,0,0
3031,0,0,0
3032,0,0,0
3033,0,0,0
3034,0,0,0
3035,0,0,0
3036,0,0,0
3037,0,0,0
3038,0,0,0
3039,0,0,0
3040,0,0,0
3041,0,0,0
3042,0,0,0
3043,0,0,0
3044,0,0,0
3045,0,0,0
3046,0,0,0
3047,0,0,0
3048,0,0,0
3049,0,0,0
3050,0,0,0
3051,0,0,0
3052,0,0,0
3053,0,0,0
3054,0,0,0
3055,0,0,0
3056,0,0,0
3057,0,0,0
3058,0,0,0
3059,0,0,0
3060,0,0,0
3061,0,0,0
3062,0,0,0
3063,0,0,0
3064,0,0,0
3065,0,0,0
3066,0,0,0
3067,0,0,0
3068,0,0,0
3069,0,0,0
3070,0,0,0
3071,0,0,0
3072,0,0,0
3073,0,0,0
3074,0,0,0
3075,0,0,0
3076,0,0,0
3077,0,0,0
3078,0,0,0
3079,0,0,0
3080,0,0,0
3081,0,0,0
3082,0,0,0
3083,0,0,0
3084,0,0,0
3085,0,0,0
3086,0,0,0
3087,0,0,0
3088,0,0,0
3089,0,0,0
3090,0,0,0
3091,0,0,0
3092,0,0,0
3093,0,0,0
3094,0,0,0
3095,0,0,0
3096,0,0,0
3097,0,0,0
3098,0,0,0
3099,0,0,0
3100,0,0,0
3101,0,0,0
3102,0,0,0
3103,0,0,0
3104,0,0,0
3105,0,0,0
3106,0,0,0
3107,0,0,0
3108,0,0,0
3109,0,0,0
3110,1,0,1
3111,1,0,1
3112,1,0,1
3113,1,0,1
3114,1,0,1
3115,1,0,1
3116,1,0,1
3117,1,0,1
3118,1,0,1
3119,1,0,1
3120,1,0,1
3121,1,0,1
3122,1,0,1
3123,1,0,1
3124,1,0,1
3125,1,0,1
3126,1,0,1
3127,1,0,1
3128,1,0,1
3129,1,0,1
3130,1,0,1
3131,1,0,1
3132,1,0,1
3133,1,0,1
3134,1,0,1
3135,1,0,1
3136,1,0,1
3137,1,0,1
3138,1,0,1
3139,1,0,1
3140,1,0,1
3141,1,0,1
3142,1,0,1
3143,1,0,1
3144,1,0,1
3145,1,0,1
3146,1,0,1
3147,1,0,1
3148,1,0,1
3149,1,0,1
3150,1,0,1
3151,1,0,1
3152,1,0,1
3153,1,0,1
3154,1,0,1
3155,1,0,1
3156,1,0,1
3157,1,0,1
3158,1,0,1
3159,1,0,1
3160,1,0,1
3161,1,0,1
3162,1,0,1
3163,1,0,1
3164,1,0,1
3165,1,0,1
3166,1,0,1
3167,1,0,1
3168,1,0,1
3169,1,0,1
3170,1,0,1
3171,1,0,1
3172,1,0,1
3173,1,0,1
3174,1,0,1
3175,1,0,1
3176,1,0,1
3177,1,0,1
3178,1,0,1
3179,1,0,1
3180,1,0,1
3181,1,0,1
3182,1,0,1
3183,1,0,1
3184,1,0,1
3185,1,0,1
3186,1,0,1
3187,1,0,1
3188,1,0,1
3189,1,0,1
3190,1,0,1
3191,1,0,1
3192,1,0,1
3193,0,0,0
3194,0,0,0
3195,0,0,0
3196,0,0,0
3197,0,0,0
3198,0,0,0
3199,0,0,0
3200,0,0,0
3201,0,0,0
3202,0,0,0
3203,0,0,0
3204,0,0,0
3205,0,0,0
3206,0,0,0
3207,0,0,0
3208,0,0,0
3209,0,0,0
3210,0,0,0
3211,0,0,0
3212,0,0,0
3213,0,0,0
3214,0,0,0
3215,0,0,0
3216,0,0,0
3217,0,0,0
3218,0,0,0
3219,0,0,0
3220,0,0,0
3221,0,0,0
3222,0,0,0
3223,0,0,0
3224,0,0,0
3225,0,0,0
3226,0,0,0
3227,0,0,0
3228,0,0,0
3229,0,0,0
3230,0,0,0
3231,0,0,0
3232,0,0,0
3233,0,0,0
3234,0,0,0
3235,0,0,0
3236,0,0,0
3237,0,0,0
3238,0,0,0
3239,0,0,0
3240,0,0,0
3241,0,0,0
3242,0,0,0
3243,0,0,0
3244,0,0,0
3245,0,0,0
3246,0,0,0
3247,0,0,0
3248,0,0,0
3249,0,0,0
3250,0,0,0
3251,0,0,0
3252,0,0,0
3253,0,0,0
3254,0,0,0
3255,0,0,0
3256,0,0,0
3257,0,0,0
3258,0,0,0
3259,0,0,0
3260,0,0,0
3261,0,0,0
3262,0,0,0
3263,0,0,0
3264,0,0,0
3265,0,0,0
3266,0,0,0
3267,0,0,0
3268,0,0,0
3269,0,0,0
3270,0,0,0
3271,0,0,0
3272,0,0,0
3273,0,0,0
3274,0,0,0
3275,0,0,0
3276,0,0,0
3277,0,0,0
3278,0,0,0
3279,0,0,0
3280,0,0,0
3281,0,0,0
3282,0,0,0
3283,0,0,0
3284,0,0,0
3285,0,0,0
3286,0,0,0
3287,0,0,0
3288,0,0,0
3289,0,0,0
3290,0,0,0
3291,0,0,0
3292,0,0,0
3293,0,0,0
3294,0,0,0
3295,0,0,0
3296,0,0,0
3297,0,0,0
3298,0,0,0
3299,0,0,0
3300,0,0,0
3301,0,0,0
3302,0,0,0
3303,0,0,0
3304,0,0,0
3305,0,0,0
3306,0,0,0
3307,0,0,0
3308,0,0,0
3309,0,0,0
3310,0,0,0
3311,0,0,0
3312,0,0,0
3313,0,0,0
3314,0,0,0
3315,0,0,0
3316,0,0,0
3317,0,0,0
3318,0,0,0
3319,0,0,0
3320,0,0,0
3321,0,0,0
3322,0,0,0
3323,0,0,0
3324,0,0,0
3325,0,0,0
3326,0,0,0
3327,0,0,0
3328,0,0,0
3329,0,0,0
3330,0,0,0
3331,0,0,0
3332,0,0,0
3333,0,0,0
3334,0,0,0
3335,0,0,0
3336,0,0,0
3337,0,0,0
3338,0,0,0
3339,0,0,0
3340,0,0,0
3341,0,0,0
3342,0,0,0
3343,0,0,0
3344,0,0,0
3345,0,0,0
3346,0,0,0
3347,0,0,0
3348,0,0,0
3349,0,0,0
3350,0,0,0
3351,0,0,0
3352,0,0,0
3353,0,0,0
3354,0,0,0
3355,0,0,0
3356,0,0,0
3357,0,0,0
3358,0,0,0
3359,0,0,0
3360,0,0,0
3361,0,0,0
3362,0,0,0
3363,0,0,0
3364,0,0,0
3365,0,0,0
3366,0,0,0
3367,0,0,0
3368,0,0,0
3369,0,0,0
3370,0,0,0
3371,0,0,0
3372,0,0,0
3373,0,0,0
3374,0,0,0
3375,0,0,0
3376,0,0,0
3377,0,0,0
3378,0,0,0
3379,0,0,0
3380,0,0,0
3381,0,0,0
3382,0,0,0
3383,0,0,0
3384,0,0,0
3385,0,0,0
3386,0,0,0
3387,0,0,0
3388,0,0,0
3389,0,0,0
3390,0,0,0
3391,0,0,0
3392,0,0,0
3393,0,0,0
3394,0,0,0
3395,0,0,0
3396,0,0,0
3397,0,0,0
3398,0,0,0
3399,0,0,0
3400,0,0,0
3401,0,0,0
3402,0,0,0
3403,0,0,0
3404,0,0,0
3405,0,0,0
3406,0,0,0
3407,0,0,0
3408,0,0,0
3409,0,0,0
3410,0,0,0
3411,0,0,0
3412,0,0,0
3413,0,0,0
3414,0,0,0
3415,0,0,0
3416,0,0,0
3417,0,0,0
3418,0,0,0
3419,0,0,0
3420,0,0,0
3421,0,0,0
3422,0,0,0
3423,0,0,0
3424,0,0,0
3425,0,0,0
3426,0,0,0
3427,0,0,0
3428,0,0,0
3429,0,0,0
3430,0,0,0
3431,0,0,0
3432,0,0,0
3433,0,0,0
3434,0,0,0
3435,0,0,0
3436,0,0,0
3437,0,0,0
3438,0,0,0
3439,0,0,0
3440,0,0,0
3441,0,0,0
3442,0,0,0
3443,0,0,0
3444,0,0,0
3445,0,0,0
3446,0,0,0
3447,0,0,0
3448,0,0,0
3449,0,0,0
3450,0,0,0
3451,0,0,0
3452,0,0,0
3453,0,0,0
3454,0,0,0
3455,0,0,0
3456,0,0,0
3457,0,0,0
3458,0,0,0
3459,0,0,0
3460,0,0,0
3461,0,0,0
3462,0,0,0
3463,0,0,0
3464,0,0,0
3465,0,0,0
3466,0,0,0
3467,0,0,0
3468,0,0,0
3469,0,0,0
3470,0,0,0
3471,0,0,0
3472,0,0,0
3473,0,0,0
3474,0,0,0
3475,0,0,0
3476,0,0,0
3477,0,0,0
3478,0,0,0
3479,0,0,0
3480,0,0,0
3481,0,0,0
3482,0,0,0
3483,0,0,0
3484,0,0,0
3485,0,0,0
3486,0,0,0
3487,0,0,0
3488,0,0,0
3489,0,0,0
3490,0,0,0
3491,0,0,0
3492,0,0,0
3493,0,0,0
3494,0,0,0
3495,0,0,0
3496,0,0,0
3497,0,0,0
3498,0,0,0
3499,0,0,0
3500,0,0,0
3501,0,0,0
3502,0,0,0
3503,0,0,0
3504,0,0,0
3505,0,0,0
3506,0,0,0
3507,0,0,0
3508,0,0,0
3509,0,0,0
3510,0,0,0
3511,0,0,0
3512,0,0,0
3513,0,0,0
3514,0,0,0
3515,0,0,0
3516,0,0,0
3517,0,0,0
3518,0,0,0
3519,0,0,0
3520,0,0,0
3521,0,0,0
3522,0,0,0
3523,0,0,0
3524,0,0,0
3525,0,0,0
3526,0,0,0
3527,0,0,0
3528,0,0,0
3529,0,0,0
3530,0,0,0
3531,0,0,0
3532,0,0,0
3533,0,0,0
3534,0,0,0
3535,0,0,0
3536,0,0,0
3537,0,0,0
3538,0,0,0
3539,0,0,0
3540,0,0,0
3541,0,0,0
3542,0,0,0
3543,0,0,0
3544,0,0,0
3545,0,0,0
3546,0,0,0
3547,0,0,0
3548,0,0,0
3549,0,0,0
3550,0,0,0
3551,0,0,0
3552,0,0,0
3553,0,0,0
3554,0,0,0
3555,0,0,0
3556,0,0,0
3557,0,0,0
3558,0,0,0
3559,0,0,0
3560,0,0,0
3561,0,0,0
3562,0,0,0
3563,0,0,0
3564,0,0,0
3565,0,0,0
3566,0,0,0
3567,0,0,0
3568,0,0,0
3569,0,0,0
3570,0,0,0
3571,0,0,0
3572,0,0,0
3573,0,0,0
3574,0,0,0
3575,0,0,0
3576,0,0,0
3577,0,0,0
3578,0,0,0
3579,0,0,0
3580,0,0,0
3581,0,0,0
3582,0,0,0
3583,0,0,0
3584,0,0,0
3585,0,0,0
3586,0,0,0
3587,0,0,0
3588,0,0,0
3589,0,0,0
3590,0,0,0
3591,0,0,0
3592,0,0,0
3593,0,0,0
3594,0,0,0
3595,0,0,0
3596,0,0,0
3597,0,0,0
3598,0,0,0
3599,0,0,0
3600,0,0,0
3601,0,0,0
3602,0,0,0
3603,0,0,0
3604,0,0,0
3605,0,0,0
3606,0,0,0
3607,0,0,0
3608,0,0,0
3609,0,0,0
3610,0,0,0
3611,0,0,0
3612,0,0,0
3613,0,0,0
3614,0,0,0
3615,0,0,0
3616,0,0,0
3617,0,0,0
3618,0,0,0
3619,0,0,0
3620,0,0,0
3621,0,0,0
3622,0,0,0
3623,0,0,0
3624,0,0,0
3625,0,0,0
3626,0,0,0
3627,0,0,0
3628,0,0,0
3629,0,0,0
3630,0,0,0
3631,0,0,0
3632,0,0,0
3633,0,0,0
3634,0,0,0
3635,0,0,0
3636,0,0,0
3637,0,0,0
3638,0,0,0
3639,0,0,0
3640,0,0,0
3641,0,0,0
3642,0,0,0
3643,0,0,0
3644,0,0,0
3645,0,0,0
3646,0,0,0
3647,0,0,0
3648,0,0,0
3649,0,0,0
3650,0,0,0
3651,0,0,0
3652,0,0,0
3653,0,0,0
3654,0,0,0
3655,0,0,0
3656,0,0,0
3657,0,0,0
3658,0,0,0
3659,0,0,0
3660,0,0,0
3661,0,0,0
3662,0,0,0
3663,0,0,0
3664,0,0,0
3665,0,0,0
3666,0,0,0
3667,0,0,0
3668,0,0,0
3669,0,0,0
3670,0,0,0
3671,0,0,0
3672,0,0,0
3673,0,0,0
3674,0,0,0
3675,0,0,0
3676,0,0,0
3677,0,0,0
3678,0,0,0
3679,0,0,0
3680,0,0,0
3681,0,0,0
3682,0,0,0
3683,0,0,0
3684,0,0,0
3685,0,0,0
3686,0,0,0
3687,0,0,0
3688,0,0,0
3689,0,0,0
3690,0,0,0
3691,0,0,0
3692,0,0,0
3693,0,0,0
3694,0,0,0
3695,0,0,0
3696,0,0,0
3697,0,0,0
3698,0,0,0
3699,0,0,0
3700,0,0,0
3701,0,0,0
3702,0,0,0
3703,0,0,0
3704,0,0,0
3705,0,0,0
3706,0,0,0
3707,0,0,0
3708,0,0,0
3709,0,0,0
3710,0,0,0
3711,0,0,0
3712,0,0,0
3713,0,0,0
3714,0,0,0
3715,0,0,0
3716,0,0,0
3717,0,0,0
3718,0,0,0
3719,0,0,0
3720,0,0,0
3721,0,0,0
3722,0,0,0
3723,0,0,0
3724,0,0,0
3725,0,0,0
3726,0,0,0
3727,0,0,0
3728,0,0,0
3729,0,0,0
3730,0,0,0
3731,0,0,0
3732,0,0,0
3733,0,0,0
3734,0,0,0
3735,0,0,0
3736,0,0,0
3737,0,0,0
3738,0,0,0
3739,0,0,0
3740,0,0,0
3741,0,0,0
3742,0,0,0
3743,0,0,0
3744,0,0,0
3745,0,0,0
3746,0,0,0
3747,0,0,0
3748,0,0,0
3749,0,0,0
3750,0,0,0
3751,0,0,0
3752,0,0,0
3753,0,0,0
3754,0,0,0
3755,0,0,0
3756,0,0,0
3757,0,0,0
3758,0,0,0
3759,0,0,0
3760,0,0,0
3761,0,0,0
3762,0,0,0
3763,0,0,0
3764,0,0,0
3765,0,0,0
3766,0,0,0
3767,0,0,0
3768,0,0,0
3769,0,0,0
3770,0,0,0
3771,0,0,0
3772,0,0,0
3773,0,0,0
3774,0,0,0
3775,0,0,0
3776,0,0,0
3777,0,0,0
3778,0,0,0
3779,0,0,0
3780,0,0,0
3781,0,0,0
3782,0,0,0
3783,0,0,0
3784,0,0,0
3785,0,0,0
3786,0,0,0
3787,0,0,0
3788,0,0,0
3789,0,0,0
3790,0,0,0
3791,0,0,0
3792,0,0,0
3793,0,0,0
3794,0,0,0
3795,0,0,0
3796,0,0,0
3797,0,0,0
3798,0,0,0
3799,0,0,0
3800,0,0,0
3801,0,0,0
3802,0,0,0
3803,0,0,0
3804,0,0,0
3805,0,0,0
3806,0,0,0
3807,0,0,0
3808,0,0,0
3809,0,0,0
3810,0,0,0
3811,0,0,0
3812,0,0,0
3813,0,0,0
3814,0,0,0
3815,0,0,0
3816,0,0,0
3817,0,0,0
3818,0,0,0
3819,0,0,0
3820,0,0,0
3821,0,0,0
3822,0,0,0
3823,0,0,0
3824,0,0,0
3825,0,0,0
3826,0,0,0
3827,0,0,0
3828,0,0,0
3829,0,0,0
3830,0,0,0
3831,0,0,0
3832,0,0,0
3833,0,0,0
3834,0,0,0
3835,0,0,0
3836,0,0,0
3837,0,0,0
3838,0,0,0
3839,0,0,0
3840,0,0,0
3841,0,0,0
3842,0,0,0
3843,0,0,0
3844,0,0,0
3845,0,0,0
3846,0,0,0
3847,0,0,0
3848,0,0,0
3849,0,0,0
3850,0,0,0
3851,0,0,0
3852,0,0,0
3853,0,0,0
3854,0,0,0
3855,0,0,0
3856,0,0,0
3857,0,0,0
3858,0,0,0
3859,0,0,0
3860,0,0,0
3861,0,0,0
3862,0,0,0
3863,0,0,0
3864,0,0,0
3865,0,0,0
3866,0,0,0
3867,0,0,0
3868,0,0,0
3869,0,0,0
3870,0,0,0
3871,0,0,0
3872,0,0,0
3873,0,0,0
3874,0,0,0
3875,0,0,0
3876,0,0,0
3877,0,0,0
3878,0,0,0
3879,0,0,0
3880,0,0,0
3881,0,0,0
3882,0,0,0
3883,0,0,0
3884,0,0,0
3885,0,0,0
3886,0,0,0
3887,0,0,0
3888,0,0,0
3889,0,0,0
3890,0,0,0
3891,0,0,0
3892,0,0,0
3893,0,0,0
3894,0,0,0
3895,0,0,0
3896,0,0,0
3897,0,0,0
3898,0,0,0
3899,0,0,0
3900,0,0,0
3901,0,0,0
3902,0,0,0
3903,0,0,0
3904,0,0,0
3905,0,0,0
3906,0,0,0
3907,0,0,0
3908,0,0,0
3909,0,0,0
3910,0,0,0
3911,0,0,0
3912,0,0,0
3913,0,0,0
3914,0,0,0
3915,0,0,0
3916,0,0,0
3917,0,0,0
3918,0,0,0
3919,0,0,0
3920,0,0,0
3921,0,0,0
3922,0,0,0
3923,0,0,0
3924,0,0,0
3925,0,0,0
3926,0,0,0
3927,0,0,0
3928,0,0,0
3929,0,0,0
3930,0,0,0
3931,0,0,0
3932,0,0,0
3933,0,0,0
3934,0,0,0
3935,0,0,0
3936,0,0,0
3937,0,0,0
3938,0,0,0
3939,0,0,0
3940,0,0,0
3941,0,0,0
3942,0,0,0
3943,0,0,0
3944,0,0,0
3945,0,0,0
3946,0,0,0
3947,0,0,0
3948,0,0,0
3949,0,0,0
3950,0,0,0
3951,0,0,0
3952,0,0,0
3953,0,0,0
3954,0,0,0
3955,0,0,0
3956,0,0,0
3957,0,0,0
3958,0,0,0
3959,0,0,0
3960,0,0,0
3961,0,0,0
3962,0,0,0
3963,0,0,0
3964,0,0,0
3965,0,0,0
3966,0,0,0
3967,0,0,0
3968,0,0,0
3969,0,0,0
3970,0,0,0
3971,0,0,0
3972,0,0,0
3973,0,0,0
3974,0,0,0
3975,0,0,0
3976,0,0,0
3977,0,0,0
3978,0,0,0
3979,0,0,0
3980,0,0,0
3981,0,0,0
3982,0,0,0
3983,0,0,0
3984,0,0,0
3985,0,0,0
3986,0,0,0
3987,0,0,0
3988,0,0,0
3989,0,0,0
3990,0,0,0
3991,0,0,0
3992,0,0,0
3993,0,0,0
3994,0,0,0
3995,0,0,0
3996,0,0,0
3997,0,0,0
3998,0,0,0
3999,0,0,0
4000,0,0,0
4001,0,0,0
4002,0,0,0
4003,0,0,0
4004,0,0,0
4005,0,0,0
4006,0,0,0
4007,0,0,0
4008,0,0,0
4009,0,0,0
4010,0,0,0
4011,0,0,0
4012,0,0,0
4013,0,0,0
4014,0,0,0
4015,0,0,0
4016,0,0,0
4017,0,0,0
4018,0,0,0
4019,0,0,0
4020,0,0,0
4021,0,0,0
4022,0,0,0
4023,0,0,0
4024,0,0,0
4025,0,0,0
4026,0,0,0
4027,0,0,0
4028,0,0,0
4029,0,0,0
4030,0,0,0
4031,0,0,0
4032,0,0,0
4033,0,0,0
4034,0,0,0
4035,0,0,0
4036,0,0,0
4037,0,0,0
4038,0,0,0
4039,0,0,0
4040,0,0,0
4041,0,0,0
4042,0,0,0
4043,0,0,0
4044,0,0,0
4045,0,0,0
4046,0,0,0
4047,0,0,0
4048,0,0,0
4049,0,0,0
4050,0,0,0
4051,0,0,0
4052,0,0,0
4053,0,0,0
4054,0,0,0
4055,0,0,0
4056,0,0,0
4057,0,0,0
4058,0,0,0
4059,0,0,0
4060,0,0,0
4061,0,0,0
4062,0,0,0
4063,0,0,0
4064,0,0,0
4065,0,0,0
4066,0,0,0
4067,0,0,0
4068,0,0,0
4069,0,0,0
4070,0,0,0
4071,0,0,0
4072,0,0,0
4073,0,0,0
4074,0,0,0
4075,0,0,0
4076,0,0,0
4077,0,0,0
4078,0,0,0
4079,0,0,0
4080,0,0,0
4081,0,0,0
4082,0,0,0
4083,0,0,0
4084,0,0,0
4085,0,0,0
4086,0,0,0
4087,0,0,0
4088,0,0,0
4089,0,0,0
4090,0,0,0
4091,0,0,0
4092,0,0,0
4093,0,0,0
4094,0,0,0
4095,0,0,0
4096,0,0,0
4097,0,0,0
4098,0,0,0
4099,0,0,0
4100,0,0,0
4101,0,0,0
4102,0,0,0
4103,0,0,0
4104,0,0,0
4105,0,0,0
4106,0,0,0
4107,0,0,0
4108,0,0,0
4109,0,0,0
4110,0,0,0
4111,0,0,0
4112,0,0,0
4113,0,0,0
4114,0,0,0
4115,0,0,0
4116,0,0,0
4117,0,0,0
4118,0,0,0
4119,0,0,0
4120,0,0,0
4121,0,0,0
4122,0,0,0
4123,0,0,0
4124,0,0,0
4125,0,0,0
4126,0,0,0
4127,0,0,0
4128,0,0,0
4129,0,0,0
4130,0,0,0
4131,0,0,0
4132,0,0,0
4133,0,0,0
4134,0,0,0
4135,0,0,0
4136,0,0,0
4137,0,0,0
4138,0,0,0
4139,0,0,0
4140,0,0,0
4141,0,0,0
4142,0,0,0
4143,0,0,0
4144,0,0,0
4145,0,0,0
4146,0,0,0
4147,0,0,0
4148,0,0,0
4149,0,0,0
4150,0,0,0
4151,0,0,0
4152,0,0,0
4153,0,0,0
4154,0,0,0
4155,0,0,0
4156,0,0,0
4157,0,0,0
4158,0,0,0
4159,0,0,0
4160,0,0,0
4161,0,0,0
4162,0,0,0
4163,0,0,0
4164,0,0,0
4165,0,0,0
4166,0,0,0
4167,0,0,0
4168,0,0,0
4169,0,0,0
4170,0,0,0
4171,0,0,0
4172,0,0,0
4173,0,0,0
4174,0,0,0
4175,0,0,0
4176,0,0,0
4177,0,0,0
4178,0,0,0
4179,0,0,0
4180,0,0,0
4181,0,0,0
4182,0,0,0
4183,0,0,0
4184,0,0,0
4185,0,0,0
4186,0,0,0
4187,0,0,0
4188,0,0,0
4189,0,0,0
4190,0,0,0
4191,0,0,0
4192,0,0,0
4193,0,0,0
4194,0,0,0
4195,0,0,0
4196,0,0,0
4197,0,0,0
4198,0,0,0
4199,0,0,0
4200,0,0,0
4201,0,0,0
4202,0,0,0
4203,0,0,0
4204,0,0,0
4205,0,0,0
4206,0,0,0
4207,0,0,0
4208,0,0,0
4209,0,0,0
4210,0,0,0
4211,0,0,0
4212,0,0,0
4213,0,0,0
4214,0,0,0
4215,0,0,0
4216,0,0,0
4217,0,0,0
4218,0,0,0
4219,0,0,0
4220,0,0,0
4221,0,0,0
4222,0,0,0
4223,0,0,0
4224,0,0,0
4225,0,0,0
4226,0,0,0
4227,0,0,0
4228,0,0,0
4229,0,0,0
4230,0,0,0
4231,0,0,0
4232,0,0,0
4233,0,0,0
4234,0,0,0
4235,0,0,0
4236,0,0,0
4237,0,0,0
4238,0,0,0
4239,0,0,0
4240,0,0,0
4241,0,0,0
4242,0,0,0
4243,0,0,0
4244,0,0,0
4245,0,0,0
4246,0,0,0
4247,0,0,0
4248,0,0,0
4249,0,0,0
4250,0,0,0
4251,0,0,0
4252,0,0,0
4253,0,0,0
4254,0,0,0
4255,0,0,0
4256,0,0,0
4257,0,0,0
4258,0,0,0
4259,0,0,0
4260,0,0,0
4261,0,0,0
4262,0,0,0
4263,0,0,0
4264,0,0,0
4265,0,0,0
4266,0,0,0
4267,0,0,0
4268,0,0,0
4269,0,0,0
4270,0,0,0
4271,0,0,0
4272,0,0,0
4273,0,0,0
4274,0,0,0
4275,0,0,0
4276,0,0,0
4277,0,0,0
4278,0,0,0
4279,0,0,0
4280,0,0,0
4281,0,0,0
4282,0,0,0
4283,0,0,0
4284,0,0,0
4285,0,0,0
4286,0,0,0
4287,0,0,0
4288,0,0,0
4289,0,0,0
4290,0,0,0
4291,0,0,0
4292,0,0,0
4293,0,0,0
4294,0,0,0
4295,0,0,0
4296,0,0,0
4297,0,0,0
4298,0,0,0
4299,0,0,0
4300,0,0,0
4301,0,0,0
4302,0,0,0
4303,0,0,0
4304,0,0,0
4305,0,0,0
4306,0,0,0
4307,0,0,0
4308,0,0,0
4309,0,0,0
4310,0,0,0
4311,0,0,0
4312,0,0,0
4313,0,0,0
4314,0,0,0
4315,0,0,0
4316,0,0,0
4317,0,0,0
4318,0,0,0
4319,0,0,0
4320,0,0,0
4321,0,0,0
4322,0,0,0
4323,0,0,0
4324,0,0,0
4325,0,0,0
4326,0,0,0
4327,0,0,0
4328,0,0,0
4329,0,0,0
4330,0,0,0
4331,0,0,0
4332,0,0,0
4333,0,0,0
4334,0,0,0
4335,0,0,0
4336,0,0,0
4337,0,0,0
4338,0,0,0
4339,0,0,0
4340,0,0,0
4341,0,0,0
4342,0,0,0
4343,0,0,0
4344,0,0,0
4345,0,0,0
4346,0,0,0
4347,0,0,0
4348,0,0,0
4349,0,0,0
4350,0,0,0
4351,0,0,0
4352,0,0,0
4353,0,0,0
4354,0,0,0
4355,0,0,0
4356,0,0,0
4357,0,0,0
4358,0,0,0
4359,0,0,0
4360,0,0,0
4361,0,0,0
4362,0,0,0
4363,0,0,0
4364,0,0,0
4365,0,0,0
4366,0,0,0
4367,0,0,0
4368,0,0,0
4369,0,0,0
4370,0,0,0
4371,0,0,0
4372,0,0,0
4373,0,0,0
4374,0,0,0
4375,0,0,0
4376,0,0,0
4377,0,0,0
4378,0,0,0
4379,0,0,0
4380,0,0,0
4381,0,0,0
4382,0,0,0
4383,0,0,0
4384,0,0,0
4385,0,0,0
4386,0,0,0
4387,0,0,0
4388,0,0,0
4389,0,0,0
4390,0,0,0
4391,0,0,0
4392,0,0,0
4393,0,0,0
4394,0,0,0
4395,0,0,0
4396,0,0,0
4397,0,0,0
4398,0,0,0
4399,0,0,0
4400,0,0,0
4401,0,0,0
4402,0,0,0
4403,0,0,0
4404,0,0,0
4405,0,0,0
4406,0,0,0
4407,0,0,0
4408,0,0,0
4409,0,0,0
4410,0,0,0
4411,0,0,0
4412,0,0,0
4413,0,0,0
4414,0,0,0
4415,0,0,0
4416,0,0,0
4417,0,0,0
4418,0,0,0
4419,0,0,0
4420,0,0,0
4421,0,0,0
4422,0,0,0
4423,0,0,0
4424,0,0,0
4425,0,0,0
4426,0,0,0
4427,0,0,0
4428,0,0,0
4429,0,0,0
4430,0,0,0
4431,0,0,0
4432,0,0,0
4433,0,0,0
4434,0,0,0
4435,0,0,0
4436,0,0,0
4437,0,0,0
4438,0,0,0
4439,0,0,0
4440,0,0,0
4441,0,0,0
4442,0,0,0
4443,0,0,0
4444,0,0,0
4445,0,0,0
4446,0,0,0
4447,0,0,0
4448,0,0,0
4449,0,0,0
4450,0,0,0
4451,0,0,0
4452,0,0,0
4453,0,0,0
4454,0,0,0
4455,0,0,0
4456,0,0,0
4457,0,0,0
4458,0,0,0
4459,0,0,0
4460,0,0,0
4461,0,0,0
4462,0,0,0
4463,0,0,0
4464,0,0,0
4465,0,0,0
4466,0,0,0
4467,0,0,0
4468,0,0,0
4469,0,0,0
4470,0,0,0
4471,0,0,0
4472,0,0,0
4473,0,0,0
4474,0,0,0
4475,0,0,0
4476,0,0,0
4477,0,0,0
4478,0,0,0
4479,0,0,0
4480,0,0,0
4481,0,0,0
4482,0,0,0
4483,0,0,0
4484,0,0,0
4485,0,0,0
4486,0,0,0
4487,0,0,0
4488,0,0,0
4489,0,0,0
4490,0,0,0
4491,0,0,0
4492,0,0,0
4493,0,0,0
4494,0,0,0
4495,0,0,0
4496,0,0,0
4497,0,0,0
4498,0,0,0
4499,0,0,0
4500,0,0,0
4501,0,0,0
4502,0,0,0
4503,0,0,0
4504,0,0,0
4505,0,0,0
4506,0,0,0
4507,0,0,0
4508,0,0,0
4509,0,0,0
4510,0,0,0
4511,0,0,0
4512,0,0,0
4513,0,0,0
4514,0,0,0
4515,0,0,0
4516,0,0,0
4517,0,0,0
4518,0,0,0
4519,0,0,0
4520,0,0,0
4521,0,0,0
4522,0,0,0
4523,0,0,0
4524,0,0,0
4525,0,0,0
4526,0,0,0
4527,0,0,0
4528,0,0,0
4529,0,0,0
4530,0,0,0
4531,0,0,0
4532,0,0,0
4533,0,0,0
4534,0,0,0
4535,0,0,0
4536,0,0,0
4537,0,0,0
4538,0,0,0
4539,0,0,0
4540,0,0,0
4541,0,0,0
4542,0,0,0
4543,0,0,0
4544,0,0,0
4545,0,0,0
4546,0,0,0
4547,0,0,0
4548,0,0,0
4549,0,0,0
4550,0,0,0
4551,0,0,0
4552,0,0,0
4553,0,0,0
4554,0,0,0
4555,0,0,0
4556,0,0,0
4557,0,0,0
4558,0,0,0
4559,0,0,0
4560,0,0,0
4561,0,0,0
4562,0,0,0
4563,0,0,0
4564,0,0,0
4565,0,0,0
4566,0,0,0
4567,0,0,0
4568,0,0,0
4569,0,0,0
4570,0,0,0
4571,0,0,0
4572,0,0,0
4573,0,0,0
4574,0,0,0
4575,0,0,0
4576,0,0,0
4577,0,0,0
4578,0,0,0
4579,0,0,0
4580,0,0,0
4581,0,0,0
4582,0,0,0
4583,0,0,0
4584,0,0,0
4585,0,0,0
4586,0,0,0
4587,0,0,0
4588,0,0,0
4589,0,0,0
4590,0,0,0
4591,0,0,0
4592,0,0,0
4593,0,0,0
4594,0,0,0
4595,0,0,0
4596,0,0,0
4597,0,0,0
4598,0,0,0
4599,0,0,0
4600,0,0,0
4601,0,0,0
4602,0,0,0
4603,0,0,0
4604,0,0,0
4605,0,0,0
4606,0,0,0
4607,0,0,0
4608,0,0,0
4609,0,0,0
4610,0,0,0
4611,0,0,0
4612,0,0,0
4613,0,0,0
4614,0,0,0
4615,0,0,0
4616,0,0,0
4617,0,0,0
4618,0,0,0
4619,0,0,0
4620,0,0,0
4621,0,0,0
4622,0,0,0
4623,0,0,0
4624,0,0,0
4625,0,0,0
4626,0,0,0
4627,0,0,0
4628,0,0,0
4629,0,0,0
4630,0,0,0
4631,0,0,0
4632,0,0,0
4633,0,0,0
4634,0,0,0
4635,0,0,0
4636,0,0,0
4637,0,0,0
4638,0,0,0
4639,0,0,0
4640,0,0,0
4641,0,0,0
4642,0,0,0
4643,0,0,0
4644,0,0,0
4645,0,0,0
4646,0,0,0
4647,0,0,0
4648,0,0,0
4649,0,0,0
4650,0,0,0
4651,0,0,0
4652,0,0,0
4653,0,0,0
4654,0,0,0
4655,0,0,0
4656,0,0,0
4657,0,0,0
4658,0,0,0
4659,0,0,0
4660,0,0,0
4661,0,0,0
4662,0,0,0
4663,0,0,0
4664,0,0,0
4665,0,0,0
4666,0,0,0
4667,0,0,0
4668,0,0,0
4669,0,0,0
4670,0,0,0
4671,0,0,0
4672,0,0,0
4673,0,0,0
4674,0,0,0
4675,0,0,0
4676,0,0,0
4677,0,0,0
4678,0,0,0
4679,0,0,0
4680,0,0,0
4681,0,0,0
4682,0,0,0
4683,0,0,0
4684,0,0,0
4685,0,0,0
4686,0,0,0
4687,0,0,0
4688,0,0,0
4689,0,0,0
4690,0,0,0
4691,0,0,0
4692,0,0,0
4693,0,0,0
4694,0,0,0
4695,0,0,0
4696,0,0,0
4697,0,0,0
4698,0,0,0
4699,0,0,0
4700,0,0,0
4701,0,0,0
4702,0,0,0
4703,0,0,0
4704,0,0,0
4705,0,0,0
4706,0,0,0
4707,0,0,0
4708,0,0,0
4709,0,0,0
4710,0,0,0
4711,0,0,0
4712,0,0,0
4713,0,0,0
4714,0,0,0
4715,0,0,0
4716,0,0,0
4717,0,0,0
4718,0,0,0
4719,0,0,0
4720,0,0,0
4721,0,0,0
4722,0,0,0
4723,0,0,0
4724,0,0,0
4725,0,0,0
4726,0,0,0
4727,0,0,0
4728,0,0,0
4729,0,0,0
4730,0,0,0
4731,0,0,0
4732,0,0,0
4733,0,0,0
4734,0,0,0
4735,0,0,0
4736,0,0,0
4737,0,0,0
4738,0,0,0
4739,0,0,0
4740,0,0,0
4741,0,0,0
4742,0,0,0
4743,0,0,0
4744,0,0,0
4745,0,0,0
4746,0,0,0
4747,0,0,0
4748,0,0,0
4749,0,0,0
4750,0,0,0
4751,0,0,0
4752,0,0,0
4753,0,0,0
4754,0,0,0
4755,0,0,0
4756,0,0,0
4757,0,0,0
4758,0,0,0
4759,0,0,0
4760,0,0,0
4761,0,0,0
4762,0,0,0
4763,0,0,0
4764,0,0,0
4765,0,0,0
4766,0,0,0
4767,0,0,0
4768,0,0,0
4769,0,0,0
4770,0,0,0
4771,0,0,0
4772,0,0,0
4773,0,0,0
4774,0,0,0
4775,0,0,0
4776,0,0,0
4777,0,0,0
4778,0,0,0
4779,0,0,0
4780,0,0,0
4781,0,0,0
4782,0,0,0
4783,0,0,0
4784,0,0,0
4785,0,0,0
4786,0,0,0
4787,0,0,0
4788,0,0,0
4789,0,0,0
4790,0,0,0
4791,0,0,0
4792,0,0,0
4793,0,0,0
4794,0,0,0
4795,0,0,0
4796,0,0,0
4797,0,0,0
4798,0,0,0
4799,0,0,0
4800,0,0,0
4801,0,0,0
4802,0,0,0
4803,0,0,0
4804,0,0,0
4805,0,0,0
4806,0,0,0
4807,0,0,0
4808,0,0,0
4809,0,0,0
4810,0,0,0
4811,0,0,0
4812,0,0,0
4813,0,0,0
4814,0,0,0
4815,0,0,0
4816,1,0,1
4817,1,0,1
4818,1,0,1
4819,1,0,1
4820,1,0,1
4821,1,0,1
4822,1,0,1
4823,1,0,1
4824,1,0,1
4825,1,0,1
4826,1,0,1
4827,1,0,1
4828,1,0,1
4829,1,0,1
4830,1,0,1
4831,1,0,1
4832,1,0,1
4833,1,0,1
4834,1,0,1
4835,1,0,1
4836,1,0,1
4837,1,0,1
4838,1,0,1
4839,1,0,1
4840,1,0,1
4841,1,0,1
4842,1,0,1
4843,1,0,1
4844,1,0,1
4845,1,0,1
4846,1,0,1
4847,1,0,1
4848,1,0,1
4849,1,0,1
4850,1,0,1
4851,1,0,1
4852,1,0,1
4853,1,0,1
4854,1,0,1
4855,1,0,1
4856,1,0,1
4857,1,0,1
4858,1,0,1
4859,1,0,1
4860,1,0,1
4861,1,0,1
4862,1,0,1
4863,1,0,1
4864,1,0,1
4865,1,0,1
4866,1,0,1
4867,1,0,1
4868,1,0,1
4869,1,0,1
4870,1,0,1
4871,1,0,1
4872,1,0,1
4873,1,0,1
4874,1,0,1
4875,1,0,1
4876,1,0,1
4877,1,0,1
4878,1,0,1
4879,1,0,1
4880,1,0,1
4881,1,0,1
4882,1,0,1
4883,1,0,1
4884,1,0,1
4885,1,0,1
4886,1,0,1
4887,1,0,1
4888,1,0,1
4889,1,0,1
4890,1,0,1
4891,1,0,1
4892,1,0,1
4893,1,0,1
4894,1,0,1
4895,1,0,1
4896,1,0,1
4897,1,0,1
4898,1,0,1
4899,1,0,1
4900,1,0,1
4901,1,0,1
4902,1,0,1
4903,1,0,1
4904,0,0,0
4905,0,0,0
4906,0,0,0
4907,0,0,0
4908,0,0,0
4909,0,0,0
4910,0,0,0
4911,0,0,0
4912,0,0,0
4913,0,0,0
4914,0,0,0
4915,0,0,0
4916,0,0,0
4917,0,0,0
4918,0,0,0
4919,0,0,0
4920,0,0,0
4921,0,0,0
4922,0,0,0
4923,0,0,0
4924,0,0,0
4925,0,0,0
4926,0,0,0
4927,0,0,0
4928,0,0,0
4929,0,0,0
4930,0,0,0
4931,0,0,0
4932,0,0,0
4933,0,0,0
4934,0,0,0
4935,0,0,0
4936,0,0,0
4937,0,0,0
4938,0,0,0
4939,0,0,0
4940,0,0,0
4941,0,0,0
4942,0,0,0
4943,0,0,0
4944,0,0,0
4945,0,0,0
4946,0,0,0
4947,0,0,0
4948,0,0,0
4949,0,0,0
4950,0,0,0
4951,0,0,0
4952,0,0,0
4953,0,0,0
4954,0,0,0
4955,0,0,0
4956,0,0,0
4957,0,0,0
4958,0,0,0
4959,0,0,0
4960,0,0,0
4961,0,0,0
4962,0,0,0
4963,0,0,0
4964,0,0,0
4965,0,0,0
4966,0,0,0
4967,0,0,0
4968,0,0,0
4969,0,0,0
4970,0,0,0
4971,0,0,0
4972,0,0,0
4973,0,0,0
4974,0,0,0
4975,0,0,0
4976,0,0,0
4977,0,0,0
4978,0,0,0
4979,0,0,0
4980,0,0,0
4981,0,0,0
4982,0,0,0
4983,0,0,0
4984,0,0,0
4985,0,0,0
4986,0,0,0
4987,0,0,0
4988,0,0,0
4989,0,0,0
4990,0,0,0
4991,0,0,0
4992,0,0,0
4993,0,0,0
4994,0,0,0
4995,0,0,0
4996,0,0,0
4997,0,0,0
4998,0,0,0
4999,0,0,0
5000,0,0,0
5001,0,0,0
5002,0,0,0
5003,0,0,0
5004,0,0,0
5005,0,0,0
5006,0,0,0
5007,0,0,0
5008,0,0,0
5009,0,0,0
5010,0,0,0
5011,0,0,0
5012,0,0,0
5013,0,0,0
5014,0,0,0
5015,0,0,0
5016,0,0,0
5017,0,0,0
5018,0,0,0
5019,0,0,0
5020,0,0,0
5021,0,0,0
5022,0,0,0
5023,0,0,0
5024,0,0,0
5025,0,0,0
5026,0,0,0
5027,0,0,0
5028,0,0,0
5029,0,0,0
5030,0,0,0
5031,0,0,0
5032,0,0,0
5033,0,0,0
5034,0,0,0
5035,0,0,0
5036,0,0,0
5037,0,0,0
5038,0,0,0
5039,0,0,0
5040,0,0,0
5041,0,0,0
5042,0,0,0
5043,0,0,0
5044,0,0,0
5045,0,0,0
5046,0,0,0
5047,0,0,0
5048,0,0,0
5049,0,0,0
5050,0,0,0
5051,0,0,0
5052,0,0,0
5053,0,0,0
5054,0,0,0
5055,0,0,0
5056,0,0,0
5057,0,0,0
5058,0,0,0
5059,0,0,0
5060,0,0,0
5061,0,0,0
5062,0,0,0
5063,0,0,0
5064,0,0,0
5065,0,0,0
5066,0,0,0
5067,0,0,0
5068,0,0,0
5069,0,0,0
5070,0,0,0
5071,0,0,0
5072,0,0,0
5073,0,0,0
5074,0,0,0
5075,0,0,0
5076,0,0,0
5077,0,0,0
5078,0,0,0
5079,0,0,0
5080,0,0,0
5081,0,0,0
5082,0,0,0
5083,0,0,0
5084,0,0,0
5085,0,0,0
5086,0,0,0
5087,0,0,0
5088,0,0,0
5089,0,0,0
5090,0,0,0
5091,0,0,0
5092,0,0,0
5093,0,0,0
5094,0,0,0
5095,0,0,0
5096,0,0,0
5097,0,0,0
5098,0,0,0
5099,0,0,0
5100,0,0,0
5101,0,0,0
5102,0,0,0
5103,0,0,0
5104,0,0,0
5105,0,0,0
5106,0,0,0
5107,0,0,0
5108,0,0,0
5109,0,0,0
5110,0,0,0
5111,0,0,0
5112,0,0,0
5113,0,0,0
5114,0,0,0
5115,0,0,0
5116,0,0,0
5117,0,0,0
5118,0,0,0
5119,0,0,0
5120,0,0,0
5121,0,0,0
5122,0,0,0
5123,0,0,0
5124,0,0,0
5125,0,0,0
5126,0,0,0
5127,0,0,0
5128,0,0,0
5129,0,0,0
5130,0,0,0
5131,0,0,0
5132,0,0,0
5133,0,0,0
5134,0,0,0
5135,0,0,0
5136,0,0,0
5137,0,0,0
5138,0,0,0
5139,0,0,0
5140,0,0,0
5141,0,0,0
5142,0,0,0
5143,0,0,0
5144,0,0,0
5145,0,0,0
5146,0,0,0
5147,0,0,0
5148,0,0,0
5149,0,0,0
5150,0,0,0
5151,0,0,0
5152,0,0,0
5153,0,0,0
5154,0,0,0
5155,0,0,0
5156,0,0,0
5157,0,0,0
5158,0,0,0
5159,0,0,0
5160,0,0,0
5161,0,0,0
5162,0,0,0
5163,0,0,0
5164,0,0,0
5165,0,0,0
5166,0,0,0
5167,0,0,0
5168,0,0,0
5169,0,0,0
5170,0,0,0
5171,0,0,0
5172,0,0,0
5173,0,0,0
5174,0,0,0
5175,0,0,0
5176,0,0,0
5177,0,0,0
5178,0,0,0
5179,0,0,0
5180,0,0,0
5181,0,0,0
5182,0,0,0
5183,0,0,0
5184,0,0,0
5185,0,0,0
5186,0,0,0
5187,0,0,0
5188,0,0,0
5189,0,0,0
5190,0,0,0
5191,0,0,0
5192,0,0,0
5193,0,0,0
5194,0,0,0
5195,0,0,0
5196,0,0,0
5197,0,0,0
5198,0,0,0
5199,0,0,0
5200,0,0,0
5201,0,0,0
5202,0,0,0
5203,0,0,0
5204,0,0,0
5205,0,0,0
5206,0,0,0
5207,0,0,0
5208,0,0,0
5209,0,0,0
5210,1,0,1
5211,1,0,1
5212,1,0,1
5213,1,0,1
5214,1,0,1
5215,1,0,1
5216,1,0,1
5217,1,0,1
5218,1,0,1
5219,1,0,1
5220,1,0,1
5221,1,0,1
5222,1,0,1
5223,1,0,1
5224,1,0,1
5225,1,0,1
5226,1,0,1
5227,1,0,1
5228,1,0,1
5229,1,0,1
5230,1,0,1
5231,1,0,1
5232,1,0,1
5233,1,0,1
5234,1,0,1
5235,1,0,1
5236,1,0,1
5237,1,0,1
5238,1,0,1
5239,1,0,1
5240,1,0,1
5241,1,0,1
5242,1,0,1
5243,1,0,1
5244,1,0,1
5245,1,0,1
5246,1,0,1
5247,1,0,1
5248,1,0,1
5249,1,0,1
5250,1,0,1
5251,1,0,1
5252,1,0,1
5253,1,0,1
5254,1,0,1
5255,1,0,1
5256,1,0,1
5257,1,0,1
5258,1,0,1
5259,1,0,1
5260,1,0,1
5261,1,0,1
5262,1,0,1
5263,1,0,1
5264,1,0,1
5265,1,0,1
5266,1,0,1
5267,1,0,1
5268,1,0,1
5269,1,0,1
5270,1,0,1
5271,1,0,1
5272,1,0,1
5273,1,0,1
5274,1,0,1
5275,1,0,1
5276,1,0,1
5277,1,0,1
5278,1,0,1
5279,1,0,1
5280,1,0,1
5281,1,0,1
5282,1,0,1
5283,1,0,1
5284,1,0,1
5285,1,0,1
5286,1,0,1
5287,1,0,1
5288,1,0,1
5289,1,0,1
5290,1,0,1
5291,1,0,1
5292,1,0,1
5293,1,0,1
5294,1,0,1
5295,1,0,1
5296,0,0,0
5297,0,0,0
5298,0,0,0
5299,0,0,0
5300,0,0,0
5301,0,0,0
5302,0,0,0
5303,0,0,0
5304,0,0,0
5305,0,0,0
5306,0,0,0
5307,0,0,0
5308,0,0,0
5309,0,0,0
5310,0,0,0
5311,0,0,0
5312,0,0,0
5313,0,0,0
5314,0,0,0
5315,0,0,0
5316,0,0,0
5317,0,0,0
5318,0,0,0
5319,0,0,0
5320,0,0,0
5321,0,0,0
5322,0,0,0
5323,0,0,0
5324,0,0,0
5325,0,0,0
5326,0,0,0
5327,0,0,0
5328,0,0,0
5329,0,0,0
5330,0,0,0
5331,0,0,0
5332,0,0,0
5333,0,0,0
5334,0,0,0
5335,0,0,0
5336,0,0,0
5337,0,0,0
5338,0,0,0
5339,0,0,0
5340,0,0,0
5341,0,0,0
5342,0,0,0
5343,0,0,0
5344,0,0,0
5345,0,0,0
5346,0,0,0
5347,0,0,0
5348,0,0,0
5349,0,0,0
5350,0,0,0
5351,0,0,0
5352,0,0,0
5353,0,0,0
5354,0,0,0
5355,0,0,0
5356,0,0,0
5357,0,0,0
5358,0,0,0
5359,0,0,0
5360,0,0,0
5361,0,0,0
5362,0,0,0
5363,0,0,0
5364,0,0,0
5365,1,0,1
5366,1,0,1
5367,1,0,1
5368,1,0,1
5369,1,0,1
5370,1,0,1
5371,1,0,1
5372,1,0,1
5373,1,0,1
5374,1,0,1
5375,1,0,1
5376,1,0,1
5377,1,0,1
5378,1,0,1
5379,1,0,1
5380,1,0,1
5381,1,0,1
5382,1,0,1
5383,1,0,1
5384,1,0,1
5385,1,0,1
5386,2,0,2
5387,2,0,2
5388,2,0,2
5389,2,0,2
5390,2,0,2
5391,2,0,2
5392,2,0,2
5393,2,0,2
5394,2,0,2
5395,2,0,2
5396,2,0,2
5397,2,0,2
5398,2,0,2
5399,2,0,2
5400,2,0,2
5401,2,0,2
5402,2,0,2
5403,2,0,2
5404,2,0,2
5405,2,0,2
5406,2,0,2
5407,2,0,2
5408,2,0,2
5409,2,0,2
5410,2,0,2
5411,2,0,2
5412,2,0,2
5413,2,0,2
5414,2,0,2
5415,2,0,2
5416,2,0,2
5417,2,0,2
5418,2,0,2
5419,2,0,2
5420,2,0,2
5421,2,0,2
5422,2,0,2
5423,2,0,2
5424,2,0,2
5425,2,0,2
5426,2,0,2
5427,2,0,2
5428,2,0,2
5429,2,0,2
5430,2,0,2
5431,2,0,2
5432,2,0,2
5433,2,0,2
5434,2,0,2
5435,2,0,2
5436,2,0,2
5437,2,0,2
5438,2,0,2
5439,2,0,2
5440,2,0,2
5441,2,0,2
5442,2,0,2
5443,2,0,2
5444,2,0,2
5445,2,0,2
5446,2,0,2
5447,2,0,2
5448,2,0,2
5449,2,0,2
5450,2,0,2
5451,2,0,2
5452,2,0,2
5453,2,0,2
5454,2,0,2
5455,2,0,2
5456,2,0,2
5457,2,0,2
5458,2,0,2
5459,2,0,2
5460,2,0,2
5461,2,0,2
5462,2,0,2
5463,2,0,2
5464,2,0,2
5465,2,0,2
5466,2,0,2
5467,2,0,2
5468,2,0,2
5469,2,0,2
5470,2,0,2
5471,2,0,2
5472,2,0,2
5473,2,0,2
5474,2,0,2
5475,2,0,2
5476,3,0,3
5477,3,0,3
5478,3,0,3
5479,3,0,3
5480,3,0,3
5481,3,0,3
5482,3,0,3
5483,3,0,3
5484,3,0,3
5485,3,0,3
5486,3,0,3
5487,3,0,3
5488,3,0,3
5489,3,0,3
5490,3,0,3
5491,3,0,3
5492,3,0,3
5493,3,0,3
5494,3,0,3
5495,3,0,3
5496,3,0,3
5497,3,0,3
5498,3,0,3
5499,3,0,3
5500,2,0,2
5501,2,0,2
5502,2,0,2
5503,2,0,2
5504,2,0,2
5505,2,0,2
5506,2,0,2
5507,2,0,2
5508,2,0,2
5509,2,0,2
5510,2,0,2
5511,2,0,2
5512,2,0,2
5513,2,0,2
5514,2,0,2
5515,2,0,2
5516,2,0,2
5517,2,0,2
5518,2,0,2
5519,2,0,2
5520,2,0,2
5521,2,0,2
5522,2,0,2
5523,2,0,2
5524,2,0,2
5525,2,0,2
5526,2,0,2
5527,2,0,2
5528,2,0,2
5529,2,0,2
5530,2,0,2
5531,2,0,2
5532,2,0,2
5533,2,0,2
5534,2,0,2
5535,2,0,2
5536,2,0,2
5537,2,0,2
5538,2,0,2
5539,2,0,2
5540,2,0,2
5541,2,0,2
5542,2,0,2
5543,2,0,2
5544,2,0,2
5545,2,0,2
5546,2,0,2
5547,2,0,2
5548,2,0,2
5549,2,0,2
5550,2,0,2
5551,2,0,2
5552,2,0,2
5553,2,0,2
5554,2,0,2
5555,2,0,2
5556,2,0,2
5557,2,0,2
5558,2,0,2
5559,2,0,2
5560,2,0,2
5561,2,0,2
5562,2,0,2
5563,2,0,2
5564,2,0,2
5565,2,0,2
5566,2,0,2
5567,2,0,2
5568,2,0,2
5569,2,0,2
5570,2,0,2
5571,2,0,2
5572,2,0,2
5573,2,0,2
5574,2,0,2
5575,2,0,2
5576,2,0,2
5577,2,0,2
5578,2,0,2
5579,2,0,2
5580,2,0,2
5581,2,0,2
5582,2,0,2
5583,2,0,2
5584,2,0,2
5585,2,0,2
5586,2,0,2
5587,2,0,2
5588,2,0,2
5589,2,0,2
5590,2,0,2
5591,2,0,2
5592,2,0,2
5593,2,0,2
5594,2,0,2
5595,2,0,2
5596,2,0,2
5597,2,0,2
5598,2,0,2
5599,2,0,2
5600,2,0,2
5601,2,0,2
5602,2,0,2
5603,2,0,2
5604,2,0,2
5605,2,0,2
5606,2,0,2
5607,2,0,2
5608,1,0,1
5609,1,0,1
5610,1,0,1
5611,1,0,1
5612,1,0,1
5613,1,0,1
5614,1,0,1
5615,1,0,1
5616,1,0,1
5617,1,0,1
5618,1,0,1
5619,2,0,2
5620,2,0,2
5621,2,0,2
5622,2,0,2
5623,2,0,2
5624,2,0,2
5625,2,0,2
5626,2,0,2
5627,2,0,2
5628,2,0,2
5629,2,0,2
5630,2,0,2
5631,2,0,2
5632,2,0,2
5633,2,0,2
5634,2,0,2
5635,2,0,2
5636,2,0,2
5637,2,0,2
5638,2,0,2
5639,2,0,2
5640,2,0,2
5641,2,0,2
5642,2,0,2
5643,2,0,2
5644,2,0,2
5645,2,0,2
5646,2,0,2
5647,2,0,2
5648,2,0,2
5649,2,0,2
5650,2,0,2
5651,2,0,2
5652,2,0,2
5653,2,0,2
5654,2,0,2
5655,2,0,2
5656,2,0,2
5657,2,0,2
5658,2,0,2
5659,2,0,2
5660,2,0,2
5661,2,0,2
5662,2,0,2
5663,2,0,2
5664,2,0,2
5665,2,0,2
5666,2,0,2
5667,2,0,2
5668,2,0,2
5669,2,0,2
5670,2,0,2
5671,2,0,2
5672,2,0,2
5673,2,0,2
5674,2,0,2
5675,2,0,2
5676,2,0,2
5677,2,0,2
5678,2,0,2
5679,2,0,2
5680,2,0,2
5681,2,0,2
5682,2,0,2
5683,2,0,2
5684,2,0,2
5685,2,0,2
5686,2,0,2
5687,2,0,2
5688,2,0,2
5689,2,0,2
5690,2,0,2
5691,2,0,2
5692,2,0,2
5693,1,0,1
5694,1,0,1
5695,1,0,1
5696,1,0,1
5697,1,0,1
5698,1,0,1
5699,1,0,1
5700,1,0,1
5701,1,0,1
5702,1,0,1
5703,1,0,1
5704,1,0,1
5705,1,0,1
5706,1,0,1
5707,1,0,1
5708,1,0,1
5709,1,0,1
5710,1,0,1
5711,1,0,1
5712,1,0,1
5713,1,0,1
5714,1,0,1
5715,1,0,1
5716,1,0,1
5717,1,0,1
5718,1,0,1
5719,1,0,1
5720,1,0,1
5721,1,0,1
5722,1,0,1
5723,1,0,1
5724,1,0,1
5725,1,0,1
5726,1,0,1
5727,1,0,1
5728,1,0,1
5729,1,0,1
5730,1,0,1
5731,1,0,1
5732,1,0,1
5733,1,0,1
5734,1,0,1
5735,1,0,1
5736,1,0,1
5737,1,0,1
5738,1,0,1
5739,1,0,1
5740,1,0,1
5741,1,0,1
5742,1,0,1
5743,1,0,1
5744,1,0,1
5745,1,0,1
5746,1,0,1
5747,1,0,1
5748,1,0,1
5749,1,0,1
5750,1,0,1
5751,1,0,1
5752,1,0,1
5753,1,0,1
5754,1,0,1
5755,1,0,1
5756,1,0,1
5757,1,0,1
5758,1,0,1
5759,1,0,1
5760,1,0,1
5761,1,0,1
5762,1,0,1
5763,1,0,1
5764,1,0,1
5765,1,0,1
5766,1,0,1
5767,1,0,1
5768,1,0,1
5769,1,0,1
5770,0,0,0
5771,0,0,0
5772,0,0,0
5773,0,0,0
5774,0,0,0
5775,0,0,0
5776,0,0,0
5777,0,0,0
5778,0,0,0
5779,0,0,0
5780,0,0,0
5781,0,0,0
5782,0,0,0
5783,0,0,0
5784,0,0,0
5785,0,0,0
5786,0,0,0
5787,0,0,0
5788,0,0,0
5789,0,0,0
5790,0,0,0
5791,0,0,0
5792,0,0,0
5793,0,0,0
5794,0,0,0
5795,0,0,0
5796,0,0,0
5797,0,0,0
5798,0,0,0
5799,0,0,0
5800,0,0,0
5801,0,0,0
5802,0,0,0
5803,0,0,0
5804,0,0,0
5805,0,0,0
5806,0,0,0
5807,0,0,0
5808,0,0,0
5809,0,0,0
5810,0,0,0
5811,0,0,0
5812,0,0,0
5813,0,0,0
5814,0,0,0
5815,0,0,0
5816,0,0,0
5817,0,0,0
5818,0,0,0
5819,0,0,0
5820,0,0,0
5821,0,0,0
5822,0,0,0
5823,0,0,0
5824,0,0,0
5825,0,0,0
5826,1,0,1
5827,1,0,1
5828,1,0,1
5829,1,0,1
5830,1,0,1
5831,1,0,1
5832,1,0,1
5833,1,0,1
5834,1,0,1
5835,1,0,1
5836,1,0,1
5837,1,0,1
5838,1,0,1
5839,1,0,1
5840,1,0,1
5841,1,0,1
5842,1,0,1
5843,1,0,1
5844,1,0,1
5845,1,0,1
5846,1,0,1
5847,1,0,1
5848,1,0,1
5849,1,0,1
5850,1,0,1
5851,1,0,1
5852,1,0,1
5853,1,0,1
5854,1,0,1
5855,1,0,1
5856,1,0,1
5857,1,0,1
5858,1,0,1
5859,1,0,1
5860,1,0,1
5861,1,0,1
5862,1,0,1
5863,1,0,1
5864,1,0,1
5865,1,0,1
5866,1,0,1
5867,1,0,1
5868,1,0,1
5869,1,0,1
5870,1,0,1
5871,1,0,1
5872,1,0,1
5873,1,0,1
5874,1,0,1
5875,1,0,1
5876,1,0,1
5877,1,0,1
5878,1,0,1
5879,1,0,1
5880,1,0,1
5881,1,0,1
5882,1,0,1
5883,1,0,1
5884,1,0,1
5885,1,0,1
5886,1,0,1
5887,1,0,1
5888,1,0,1
5889,1,0,1
5890,1,0,1
5891,1,0,1
5892,1,0,1
5893,1,0,1
5894,1,0,1
5895,1,0,1
5896,1,0,1
5897,1,0,1
5898,1,0,1
5899,1,0,1
5900,1,0,1
5901,1,0,1
5902,1,0,1
5903,1,0,1
5904,1,0,1
5905,1,0,1
5906,0,0,0
5907,0,0,0
5908,0,0,0
5909,0,0,0
5910,0,0,0
5911,0,0,0
5912,0,0,0
5913,0,0,0
5914,0,0,0
5915,0,0,0
5916,0,0,0
5917,0,0,0
5918,0,0,0
5919,0,0,0
5920,0,0,0
5921,0,0,0
5922,0,0,0
5923,0,0,0
5924,0,0,0
5925,0,0,0
5926,0,0,0
5927,0,0,0
5928,0,0,0
5929,0,0,0
5930,0,0,0
5931,0,0,0
5932,0,0,0
5933,0,0,0
5934,0,0,0
5935,0,0,0
5936,0,0,0
5937,0,0,0
5938,0,0,0
5939,0,0,0
5940,0,0,0
5941,0,0,0
5942,0,0,0
5943,0,0,0
5944,0,0,0
5945,0,0,0
5946,0,0,0
5947,0,0,0
5948,0,0,0
5949,0,0,0
5950,0,0,0
5951,0,0,0
5952,0,0,0
5953,0,0,0
5954,0,0,0
5955,0,0,0
5956,0,0,0
5957,0,0,0
5958,0,0,0
5959,0,0,0
5960,0,0,0
5961,0,0,0
5962,0,0,0
5963,0,0,0
5964,0,0,0
5965,0,0,0
5966,0,0,0
5967,0,0,0
5968,0,0,0
5969,0,0,0
5970,0,0,0
5971,0,0,0
5972,0,0,0
5973,0,0,0
5974,0,0,0
5975,0,0,0
5976,0,0,0
5977,0,0,0
5978,0,0,0
5979,0,0,0
5980,0,0,0
5981,0,0,0
5982,0,0,0
5983,0,0,0
5984,0,0,0
5985,0,0,0
5986,0,0,0
5987,0,0,0
5988,0,0,0
5989,0,0,0
5990,0,0,0
5991,0,0,0
5992,0,0,0
5993,0,0,0
5994,0,0,0
5995,0,0,0
5996,0,0,0
5997,0,0,0
5998,0,0,0
5999,0,0,0
6000,0,0,0
6001,0,0,0
6002,0,0,0
6003,0,0,0
6004,0,0,0
6005,0,0,0
6006,0,0,0
6007,0,0,0
6008,0,0,0
6009,0,0,0
6010,0,0,0
6011,0,0,0
6012,0,0,0
6013,0,0,0
6014,0,0,0
6015,0,0,0
6016,0,0,0
6017,0,0,0
6018,0,0,0
6019,0,0,0
6020,0,0,0
6021,0,0,0
6022,0,0,0
6023,0,0,0
6024,0,0,0
6025,0,0,0
6026,0,0,0
6027,0,0,0
6028,0,0,0
6029,0,0,0
6030,0,0,0
6031,0,0,0
6032,0,0,0
6033,0,0,0
6034,0,0,0
6035,0,0,0
6036,0,0,0
6037,0,0,0
6038,0,0,0
6039,0,0,0
6040,0,0,0
6041,0,0,0
6042,0,0,0
6043,0,0,0
6044,0,0,0
6045,0,0,0
6046,0,0,0
6047,0,0,0
6048,0,0,0
6049,0,0,0
6050,0,0,0
6051,0,0,0
6052,0,0,0
6053,0,0,0
6054,0,0,0
6055,0,0,0
6056,0,0,0
6057,0,0,0
6058,0,0,0
6059,0,0,0
6060,0,0,0
6061,0,0,0
6062,0,0,0
6063,0,0,0
6064,0,0,0
6065,0,0,0
6066,0,0,0
6067,0,0,0
6068,0,0,0
6069,0,0,0
6070,0,0,0
6071,0,0,0
6072,0,0,0
6073,0,0,0
6074,0,0,0
6075,0,0,0
6076,0,0,0
6077,0,0,0
6078,0,0,0
6079,0,0,0
6080,0,0,0
6081,0,0,0
6082,0,0,0
6083,0,0,0
6084,0,0,0
6085,0,0,0
6086,0,0,0
6087,0,0,0
6088,0,0,0
6089,0,0,0
6090,0,0,0
6091,0,0,0
6092,0,0,0
6093,0,0,0
6094,0,0,0
6095,0,0,0
6096,0,0,0
6097,0,0,0
6098,0,0,0
6099,0,0,0
6100,0,0,0
6101,0,0,0
6102,0,0,0
6103,0,0,0
6104,0,0,0
6105,0,0,0
6106,0,0,0
6107,0,0,0
6108,0,0,0
6109,0,0,0
6110,0,0,0
6111,0,0,0
6112,0,0,0
6113,0,0,0
6114,0,0,0
6115,0,0,0
6116,0,0,0
6117,0,0,0
6118,0,0,0
6119,0,0,0
6120,0,0,0
6121,0,0,0
6122,0,0,0
6123,0,0,0
6124,0,0,0
6125,0,0,0
6126,1,0,1
6127,1,0,1
6128,1,0,1
6129,1,0,1
6130,1,0,1
6131,1,0,1
6132,1,0,1
6133,1,0,1
6134,1,0,1
6135,1,0,1
6136,1,0,1
6137,1,0,1
6138,1,0,1
6139,1,0,1
6140,1,0,1
6141,1,0,1
6142,1,0,1
6143,1,0,1
6144,1,0,1
6145,1,0,1
6146,1,0,1
6147,1,0,1
6148,1,0,1
6149,1,0,1
6150,1,0,1
6151,1,0,1
6152,1,0,1
6153,1,0,1
6154,1,0,1
6155,1,0,1
6156,1,0,1
6157,1,0,1
6158,1,0,1
6159,1,0,1
6160,1,0,1
6161,1,0,1
6162,1,0,1
6163,1,0,1
6164,1,0,1
6165,1,0,1
6166,1,0,1
6167,1,0,1
6168,1,0,1
6169,1,0,1
6170,1,0,1
6171,1,0,1
6172,1,0,1
6173,1,0,1
6174,1,0,1
6175,1,0,1
6176,1,0,1
6177,1,0,1
6178,1,0,1
6179,1,0,1
6180,1,0,1
6181,1,0,1
6182,1,0,1
6183,1,0,1
6184,1,0,1
6185,1,0,1
6186,1,0,1
6187,1,0,1
6188,1,0,1
6189,1,0,1
6190,1,0,1
6191,1,0,1
6192,1,0,1
6193,1,0,1
6194,1,0,1
6195,1,0,1
6196,1,0,1
6197,1,0,1
6198,1,0,1
6199,1,0,1
6200,1,0,1
6201,1,0,1
6202,1,0,1
6203,1,0,1
6204,1,0,1
6205,1,0,1
6206,1,0,1
6207,1,0,1
6208,1,0,1
6209,1,0,1
6210,1,0,1
6211,1,0,1
6212,1,0,1
6213,1,0,1
6214,1,0,1
6215,1,0,1
6216,1,0,1
6217,1,0,1
6218,1,0,1
6219,1,0,1
6220,1,0,1
6221,1,0,1
6222,1,0,1
6223,1,0,1
6224,1,0,1
6225,1,0,1
6226,1,0,1
6227,1,0,1
6228,1,0,1
6229,1,0,1
6230,1,0,1
6231,1,0,1
6232,1,0,1
6233,1,0,1
6234,1,0,1
6235,1,0,1
6236,1,0,1
6237,1,0,1
6238,1,0,1
6239,1,0,1
6240,1,0,1
6241,1,0,1
6242,1,0,1
6243,1,0,1
6244,1,0,1
6245,1,0,1
6246,1,0,1
6247,1,0,1
6248,1,0,1
6249,1,0,1
6250,1,0,1
6251,1,0,1
6252,1,0,1
6253,1,0,1
6254,1,0,1
6255,1,0,1
6256,1,0,1
6257,1,0,1
6258,1,0,1
6259,1,0,1
6260,1,0,1
6261,1,0,1
6262,1,0,1
6263,1,0,1
6264,1,0,1
6265,1,0,1
6266,1,0,1
6267,1,0,1
6268,1,0,1
6269,1,0,1
6270,1,0,1
6271,1,0,1
6272,1,0,1
6273,1,0,1
6274,1,0,1
6275,1,0,1
6276,1,0,1
6277,1,0,1
6278,1,0,1
6279,1,0,1
6280,1,0,1
6281,1,0,1
6282,1,0,1
6283,1,0,1
6284,1,0,1
6285,1,0,1
6286,1,0,1
6287,1,0,1
6288,1,0,1
6289,1,0,1
6290,0,0,0
6291,0,0,0
6292,0,0,0
6293,0,0,0
6294,0,0,0
6295,0,0,0
6296,0,0,0
6297,0,0,0
6298,0,0,0
6299,0,0,0
6300,0,0,0
6301,0,0,0
6302,0,0,0
6303,0,0,0
6304,0,0,0
6305,0,0,0
6306,0,0,0
6307,0,0,0
6308,0,0,0
6309,0,0,0
6310,0,0,0
6311,0,0,0
6312,0,0,0
6313,0,0,0
6314,0,0,0
6315,0,0,0
6316,0,0,0
6317,0,0,0
6318,0,0,0
6319,0,0,0
6320,0,0,0
6321,0,0,0
6322,0,0,0
6323,0,0,0
6324,0,0,0
6325,0,0,0
6326,0,0,0
6327,0,0,0
6328,0,0,0
6329,0,0,0
6330,0,0,0
6331,0,0,0
6332,0,0,0
6333,0,0,0
6334,0,0,0
6335,0,0,0
6336,0,0,0
6337,0,0,0
6338,0,0,0
6339,0,0,0
6340,0,0,0
6341,0,0,0
6342,0,0,0
6343,0,0,0
6344,0,0,0
6345,0,0,0
6346,0,0,0
6347,0,0,0
6348,0,0,0
6349,0,0,0
6350,0,0,0
6351,0,0,0
6352,0,0,0
6353,0,0,0
6354,0,0,0
6355,0,0,0
6356,0,0,0
6357,0,0,0
6358,0,0,0
6359,0,0,0
6360,0,0,0
6361,0,0,0
6362,0,0,0
6363,0,0,0
6364,0,0,0
6365,0,0,0
6366,0,0,0
6367,0,0,0
6368,0,0,0
6369,0,0,0
6370,0,0,0
6371,0,0,0
6372,0,0,0
6373,0,0,0
6374,0,0,0
6375,0,0,0
6376,0,0,0
6377,0,0,0
6378,0,0,0
6379,0,0,0
6380,0,0,0
6381,0,0,0
6382,0,0,0
6383,0,0,0
6384,0,0,0
6385,0,0,0
6386,0,0,0
6387,0,0,0
6388,0,0,0
6389,0,0,0
6390,0,0,0
6391,0,0,0
6392,0,0,0
6393,0,0,0
6394,0,0,0
6395,1,0,1
6396,1,0,1
6397,1,0,1
6398,1,0,1
6399,1,0,1
6400,1,0,1
6401,1,0,1
6402,1,0,1
6403,1,0,1
6404,1,0,1
6405,1,0,1
6406,1,0,1
6407,1,0,1
6408,1,0,1
6409,1,0,1
6410,1,0,1
6411,1,0,1
6412,1,0,1
6413,1,0,1
6414,1,0,1
6415,1,0,1
6416,1,0,1
6417,1,0,1
6418,1,0,1
6419,1,0,1
6420,1,0,1
6421,1,0,1
6422,1,0,1
6423,1,0,1
6424,1,0,1
6425,1,0,1
6426,1,0,1
6427,1,0,1
6428,1,0,1
6429,1,0,1
6430,1,0,1
6431,1,0,1
6432,1,0,1
6433,1,0,1
6434,1,0,1
6435,1,0,1
6436,1,0,1
6437,1,0,1
6438,1,0,1
6439,1,0,1
6440,1,0,1
6441,1,0,1
6442,1,0,1
6443,1,0,1
6444,1,0,1
6445,1,0,1
6446,1,0,1
6447,1,0,1
6448,1,0,1
6449,1,0,1
6450,1,0,1
6451,1,0,1
6452,1,0,1
6453,1,0,1
6454,1,0,1
6455,1,0,1
6456,1,0,1
6457,1,0,1
6458,1,0,1
6459,1,0,1
6460,1,0,1
6461,1,0,1
6462,1,0,1
6463,1,0,1
6464,1,0,1
6465,1,0,1
6466,1,0,1
6467,1,0,1
6468,1,0,1
6469,1,0,1
6470,1,0,1
6471,1,0,1
6472,1,0,1
6473,1,0,1
6474,1,0,1
6475,1,0,1
6476,1,0,1
6477,1,0,1
6478,1,0,1
6479,1,0,1
6480,1,0,1
6481,1,0,1
6482,1,0,1
6483,1,0,1
6484,1,0,1
6485,1,0,1
6486,1,0,1
6487,1,0,1
6488,1,0,1
6489,1,0,1
6490,1,0,1
6491,1,0,1
6492,1,0,1
6493,1,0,1
6494,1,0,1
6495,1,0,1
6496,1,0,1
6497,1,0,1
6498,1,0,1
6499,1,0,1
6500,2,0,2
6501,2,0,2
6502,2,0,2
6503,2,0,2
6504,2,0,2
6505,2,0,2
6506,2,0,2
6507,2,0,2
6508,2,0,2
6509,2,0,2
6510,2,0,2
6511,2,0,2
6512,2,0,2
6513,2,0,2
6514,2,0,2
6515,2,0,2
6516,2,0,2
6517,2,0,2
6518,2,0,2
6519,2,0,2
6520,2,0,2
6521,2,0,2
6522,2,0,2
6523,2,0,2
6524,2,0,2
6525,2,0,2
6526,2,0,2
6527,2,0,2
6528,2,0,2
6529,2,0,2
6530,2,0,2
6531,2,0,2
6532,2,0,2
6533,2,0,2
6534,2,0,2
6535,2,0,2
6536,2,0,2
6537,2,0,2
6538,2,0,2
6539,2,0,2
6540,2,0,2
6541,2,0,2
6542,2,0,2
6543,2,0,2
6544,2,0,2
6545,2,0,2
6546,2,0,2
6547,2,0,2
6548,2,0,2
6549,2,0,2
6550,2,0,2
6551,2,0,2
6552,2,0,2
6553,2,0,2
6554,2,0,2
6555,2,0,2
6556,1,0,1
6557,1,0,1
6558,1,0,1
6559,1,0,1
6560,1,0,1
6561,1,0,1
6562,1,0,1
6563,1,0,1
6564,1,0,1
6565,1,0,1
6566,1,0,1
6567,1,0,1
6568,1,0,1
6569,1,0,1
6570,1,0,1
6571,1,0,1
6572,1,0,1
6573,1,0,1
6574,1,0,1
6575,1,0,1
6576,1,0,1
6577,1,0,1
6578,1,0,1
6579,1,0,1
6580,1,0,1
6581,1,0,1
6582,1,0,1
6583,1,0,1
6584,1,0,1
6585,1,0,1
6586,1,0,1
6587,1,0,1
6588,1,0,1
6589,1,0,1
6590,1,0,1
6591,1,0,1
6592,1,0,1
6593,1,0,1
6594,1,0,1
6595,1,0,1
6596,1,0,1
6597,1,0,1
6598,1,0,1
6599,1,0,1
6600,1,0,1
6601,1,0,1
6602,1,0,1
6603,1,0,1
6604,1,0,1
6605,1,0,1
6606,1,0,1
6607,1,0,1
6608,1,0,1
6609,1,0,1
6610,1,0,1
6611,1,0,1
6612,1,0,1
6613,1,0,1
6614,1,0,1
6615,1,0,1
6616,1,0,1
6617,1,0,1
6618,1,0,1
6619,1,0,1
6620,1,0,1
6621,1,0,1
6622,1,0,1
6623,1,0,1
6624,1,0,1
6625,1,0,1
6626,1,0,1
6627,1,0,1
6628,1,0,1
6629,1,0,1
6630,1,0,1
6631,1,0,1
6632,1,0,1
6633,1,0,1
6634,1,0,1
6635,1,0,1
6636,1,0,1
6637,1,0,1
6638,1,0,1
6639,1,0,1
6640,1,0,1
6641,1,0,1
6642,1,0,1
6643,1,0,1
6644,1,0,1
6645,1,0,1
6646,1,0,1
6647,1,0,1
6648,1,0,1
6649,1,0,1
6650,1,0,1
6651,1,0,1
6652,1,0,1
6653,1,0,1
6654,1,0,1
6655,1,0,1
6656,1,0,1
6657,1,0,1
6658,1,0,1
6659,1,0,1
6660,1,0,1
6661,1,0,1
6662,1,0,1
6663,1,0,1
6664,1,0,1
6665,1,0,1
6666,1,0,1
6667,1,0,1
6668,1,0,1
6669,1,0,1
6670,1,0,1
6671,1,0,1
6672,1,0,1
6673,1,0,1
6674,1,0,1
6675,1,0,1
6676,1,0,1
6677,1,0,1
6678,1,0,1
6679,1,0,1
6680,1,0,1
6681,1,0,1
6682,1,0,1
6683,1,0,1
6684,1,0,1
6685,1,0,1
6686,1,0,1
6687,1,0,1
6688,1,0,1
6689,1,0,1
6690,1,0,1
6691,1,0,1
6692,1,0,1
6693,1,0,1
6694,1,0,1
6695,1,0,1
6696,1,0,1
6697,1,0,1
6698,1,0,1
6699,1,0,1
6700,1,0,1
6701,1,0,1
6702,1,0,1
6703,1,0,1
6704,1,0,1
6705,1,0,1
6706,1,0,1
6707,1,0,1
6708,1,0,1
6709,1,0,1
6710,1,0,1
6711,1,0,1
6712,1,0,1
6713,1,0,1
6714,1,0,1
6715,1,0,1
6716,1,0,1
6717,1,0,1
6718,1,0,1
6719,1,0,1
6720,1,0,1
6721,1,0,1
6722,1,0,1
6723,1,0,1
6724,1,0,1
6725,1,0,1
6726,1,0,1
6727,1,0,1
6728,1,0,1
6729,1,0,1
6730,1,0,1
6731,1,0,1
6732,1,0,1
6733,1,0,1
6734,1,0,1
6735,1,0,1
6736,1,0,1
6737,1,0,1
6738,1,0,1
6739,1,0,1
6740,1,0,1
6741,1,0,1
6742,1,0,1
6743,1,0,1
6744,1,0,1
6745,1,0,1
6746,1,0,1
6747,1,0,1
6748,1,0,1
6749,1,0,1
6750,1,0,1
6751,1,0,1
6752,1,0,1
6753,1,0,1
6754,1,0,1
6755,1,0,1
6756,1,0,1
6757,1,0,1
6758,1,0,1
6759,0,0,0
6760,0,0,0
6761,0,0,0
6762,0,0,0
6763,0,0,0
6764,0,0,0
6765,0,0,0
6766,0,0,0
6767,0,0,0
6768,0,0,0
6769,0,0,0
6770,0,0,0
6771,0,0,0
6772,0,0,0
6773,0,0,0
6774,0,0,0
6775,0,0,0
6776,0,0,0
6777,0,0,0
6778,0,0,0
6779,0,0,0
6780,0,0,0
6781,0,0,0
6782,0,0,0
6783,0,0,0
6784,0,0,0
6785,0,0,0
6786,0,0,0
6787,0,0,0
6788,0,0,0
6789,0,0,0
6790,0,0,0
6791,0,0,0
6792,0,0,0
6793,0,0,0
6794,0,0,0
6795,0,0,0
6796,0,0,0
6797,0,0,0
6798,0,0,0
6799,0,0,0
6800,0,0,0
6801,0,0,0
6802,0,0,0
6803,0,0,0
6804,0,0,0
6805,0,0,0
6806,0,0,0
6807,0,0,0
6808,0,0,0
6809,0,0,0
6810,0,0,0
6811,0,0,0
6812,0,0,0
6813,0,0,0
6814,0,0,0
6815,0,0,0
6816,0,0,0
6817,0,0,0
6818,0,0,0
6819,0,0,0
6820,0,0,0
6821,0,0,0
6822,0,0,0
6823,0,0,0
6824,0,0,0
6825,0,0,0
6826,0,0,0
6827,0,0,0
6828,0,0,0
6829,0,0,0
6830,0,0,0
6831,0,0,0
6832,0,0,0
6833,0,0,0
6834,0,0,0
6835,0,0,0
6836,0,0,0
6837,0,0,0
6838,0,0,0
6839,0,0,0
6840,0,0,0
6841,0,0,0
6842,0,0,0
6843,0,0,0
6844,0,0,0
6845,0,0,0
6846,0,0,0
6847,0,0,0
6848,0,0,0
6849,0,0,0
6850,0,0,0
6851,0,0,0
6852,0,0,0
6853,0,0,0
6854,0,0,0
6855,0,0,0
6856,0,0,0
6857,0,0,0
6858,0,0,0
6859,0,0,0
6860,0,0,0
6861,0,0,0
6862,0,0,0
6863,0,0,0
6864,0,0,0
6865,0,0,0
6866,0,0,0
6867,0,0,0
6868,0,0,0
6869,0,0,0
6870,0,0,0
6871,0,0,0
6872,0,0,0
6873,0,0,0
6874,0,0,0
6875,0,0,0
6876,0,0,0
6877,0,0,0
6878,0,0,0
6879,0,0,0
6880,0,0,0
6881,0,0,0
6882,0,0,0
6883,0,0,0
6884,0,0,0
6885,0,0,0
6886,0,0,0
6887,0,0,0
6888,0,0,0
6889,0,0,0
6890,0,0,0
6891,0,0,0
6892,0,0,0
6893,0,0,0
6894,0,0,0
6895,0,0,0
6896,0,0,0
6897,0,0,0
6898,0,0,0
6899,0,0,0
6900,0,0,0
6901,0,0,0
6902,0,0,0
6903,0,0,0
6904,0,0,0
6905,0,0,0
6906,0,0,0
6907,0,0,0
6908,0,0,0
6909,0,0,0
6910,0,0,0
6911,0,0,0
6912,0,0,0
6913,0,0,0
6914,0,0,0
6915,0,0,0
6916,0,0,0
6917,0,0,0
6918,0,0,0
6919,0,0,0
6920,0,0,0
6921,0,0,0
6922,0,0,0
6923,0,0,0
6924,0,0,0
6925,0,0,0
6926,0,0,0
6927,0,0,0
6928,0,0,0
6929,0,0,0
6930,0,0,0
6931,0,0,0
6932,0,0,0
6933,0,0,0
6934,0,0,0
6935,0,0,0
6936,0,0,0
6937,0,0,0
6938,0,0,0
6939,0,0,0
6940,0,0,0
6941,0,0,0
6942,0,0,0
6943,0,0,0
6944,0,0,0
6945,0,0,0
6946,0,0,0
6947,0,0,0
6948,0,0,0
6949,0,0,0
6950,0,0,0
6951,0,0,0
6952,0,0,0
6953,0,0,0
6954,0,0,0
6955,0,0,0
6956,0,0,0
6957,0,0,0
6958,0,0,0
6959,0,0,0
6960,0,0,0
6961,0,0,0
6962,0,0,0
6963,0,0,0
6964,0,0,0
6965,0,0,0
6966,0,0,0
6967,0,0,0
6968,0,0,0
6969,0,0,0
6970,0,0,0
6971,0,0,0
6972,0,0,0
6973,0,0,0
6974,0,0,0
6975,0,0,0
6976,0,0,0
6977,0,0,0
6978,0,0,0
6979,0,0,0
6980,0,0,0
6981,0,0,0
6982,0,0,0
6983,0,0,0
6984,0,0,0
6985,0,0,0
6986,0,0,0
6987,0,0,0
6988,0,0,0
6989,0,0,0
6990,0,0,0
6991,0,0,0
6992,0,0,0
6993,0,0,0
6994,0,0,0
6995,0,0,0
6996,0,0,0
6997,0,0,0
6998,0,0,0
6999,0,0,0
7000,0,0,0
7001,0,0,0
7002,0,0,0
7003,0,0,0
7004,0,0,0
7005,0,0,0
7006,0,0,0
7007,0,0,0
7008,0,0,0
7009,0,0,0
7010,0,0,0
7011,0,0,0
7012,0,0,0
7013,0,0,0
7014,0,0,0
7015,0,0,0
7016,0,0,0
7017,0,0,0
7018,0,0,0
7019,0,0,0
7020,0,0,0
7021,0,0,0
7022,0,0,0
7023,0,0,0
7024,0,0,0
7025,0,0,0
7026,0,0,0
7027,0,0,0
7028,0,0,0
7029,0,0,0
7030,0,0,0
7031,0,0,0
7032,0,0,0
7033,0,0,0
7034,0,0,0
7035,0,0,0
7036,0,0,0
7037,0,0,0
7038,0,0,0
7039,0,0,0
7040,0,0,0
7041,0,0,0
7042,0,0,0
7043,0,0,0
7044,0,0,0
7045,0,0,0
7046,0,0,0
7047,0,0,0
7048,0,0,0
7049,0,0,0
7050,0,0,0
7051,0,0,0
7052,0,0,0
7053,0,0,0
7054,0,0,0
7055,0,0,0
7056,0,0,0
7057,0,0,0
7058,0,0,0
7059,0,0,0
7060,0,0,0
7061,0,0,0
7062,0,0,0
7063,0,0,0
7064,0,0,0
7065,0,0,0
7066,0,0,0
7067,0,0,0
7068,0,0,0
7069,0,0,0
7070,0,0,0
7071,0,0,0
7072,0,0,0
7073,0,0,0
7074,0,0,0
7075,0,0,0
7076,0,0,0
7077,0,0,0
7078,0,0,0
7079,0,0,0
7080,0,0,0
7081,0,0,0
7082,0,0,0
7083,0,0,0
7084,0,0,0
7085,0,0,0
7086,0,0,0
7087,0,0,0
7088,0,0,0
7089,0,0,0
7090,0,0,0
7091,0,0,0
7092,0,0,0
7093,0,0,0
7094,0,0,0
7095,0,0,0
7096,0,0,0
7097,0,0,0
7098,0,0,0
7099,0,0,0
7100,0,0,0
7101,0,0,0
7102,0,0,0
7103,0,0,0
7104,0,0,0
7105,0,0,0
7106,0,0,0
7107,0,0,0
7108,0,0,0
7109,0,0,0
7110,0,0,0
7111,0,0,0
7112,0,0,0
7113,0,0,0
7114,0,0,0
7115,0,0,0
7116,0,0,0
7117,0,0,0
7118,0,0,0
7119,0,0,0
7120,0,0,0
7121,0,0,0
7122,0,0,0
7123,0,0,0
7124,0,0,0
7125,0,0,0
7126,0,0,0
7127,0,0,0
7128,0,0,0
7129,0,0,0
7130,0,0,0
7131,0,0,0
7132,0,0,0
7133,0,0,0
7134,0,0,0
7135,0,0,0
7136,0,0,0
7137,0,0,0
7138,0,0,0
7139,0,0,0
7140,0,0,0
7141,0,0,0
7142,0,0,0
7143,0,0,0
7144,0,0,0
7145,0,0,0
7146,0,0,0
7147,0,0,0
7148,0,0,0
7149,0,0,0
7150,0,0,0
7151,0,0,0
7152,0,0,0
7153,0,0,0
7154,0,0,0
7155,0,0,0
7156,0,0,0
7157,0,0,0
7158,0,0,0
7159,0,0,0
7160,0,0,0
7161,0,0,0
7162,0,0,0
7163,0,0,0
7164,0,0,0
7165,0,0,0
7166,0,0,0
7167,0,0,0
7168,0,0,0
7169,0,0,0
7170,0,0,0
7171,0,0,0
7172,0,0,0
7173,0,0,0
7174,0,0,0
7175,0,0,0
7176,0,0,0
7177,0,0,0
7178,0,0,0
7179,0,0,0
7180,0,0,0
7181,0,0,0
7182,0,0,0
7183,0,0,0
7184,0,0,0
7185,0,0,0
7186,0,0,0
7187,0,0,0
7188,0,0,0
7189,0,0,0
7190,0,0,0
7191,0,0,0
7192,0,0,0
7193,0,0,0
7194,0,0,0
7195,0,0,0
7196,0,0,0
7197,0,0,0
7198,0,0,0
7199,0,0,0
7200,0,0,0
7201,0,0,0
7202,0,0,0
7203,0,0,0
7204,0,0,0
7205,0,0,0
7206,0,0,0
7207,0,0,0
7208,0,0,0
7209,0,0,0
7210,0,0,0
7211,0,0,0
7212,0,0,0
7213,0,0,0
7214,0,0,0
7215,0,0,0
7216,0,0,0
7217,0,0,0
7218,0,0,0
7219,0,0,0
7220,0,0,0
7221,0,0,0
7222,0,0,0
7223,0,0,0
7224,0,0,0
7225,0,0,0
7226,0,0,0
7227,0,0,0
7228,0,0,0
7229,0,0,0
7230,0,0,0
7231,0,0,0
7232,0,0,0
7233,0,0,0
7234,0,0,0
7235,0,0,0
7236,0,0,0
7237,0,0,0
7238,0,0,0
7239,0,0,0
7240,0,0,0
7241,0,0,0
7242,0,0,0
7243,0,0,0
7244,0,0,0
7245,0,0,0
7246,0,0,0
7247,0,0,0
7248,0,0,0
7249,0,0,0
7250,0,0,0
7251,0,0,0
7252,0,0,0
7253,0,0,0
7254,0,0,0
7255,0,0,0
7256,0,0,0
7257,0,0,0
7258,0,0,0
7259,0,0,0
7260,0,0,0
7261,0,0,0
7262,0,0,0
7263,0,0,0
7264,0,0,0
7265,0,0,0
7266,0,0,0
7267,0,0,0
7268,0,0,0
7269,0,0,0
7270,0,0,0
7271,0,0,0
7272,0,0,0
7273,0,0,0
7274,0,0,0
7275,0,0,0
7276,0,0,0
7277,0,0,0
7278,0,0,0
7279,0,0,0
7280,0,0,0
7281,0,0,0
7282,0,0,0
7283,0,0,0
7284,0,0,0
7285,0,0,0
7286,0,0,0
7287,0,0,0
7288,0,0,0
7289,0,0,0
7290,0,0,0
7291,0,0,0
7292,0,0,0
7293,0,0,0
7294,0,0,0
7295,0,0,0
7296,0,0,0
7297,0,0,0
7298,0,0,0
7299,0,0,0
7300,0,0,0
7301,0,0,0
7302,0,0,0
7303,0,0,0
7304,0,0,0
7305,0,0,0
7306,0,0,0
7307,0,0,0
7308,0,0,0
7309,0,0,0
7310,0,0,0
7311,0,0,0
7312,0,0,0
7313,0,0,0
7314,0,0,0
7315,0,0,0
7316,0,0,0
7317,0,0,0
7318,0,0,0
7319,0,0,0
7320,0,0,0
7321,0,0,0
7322,0,0,0
7323,0,0,0
7324,0,0,0
7325,0,0,0
7326,0,0,0
7327,0,0,0
7328,0,0,0
7329,0,0,0
7330,0,0,0
7331,0,0,0
7332,0,0,0
7333,0,0,0
7334,0,0,0
7335,0,0,0
7336,0,0,0
7337,0,0,0
7338,0,0,0
7339,0,0,0
7340,0,0,0
7341,0,0,0
7342,0,0,0
7343,0,0,0
7344,0,0,0
7345,0,0,0
7346,0,0,0
7347,0,0,0
7348,0,0,0
7349,0,0,0
7350,0,0,0
7351,0,0,0
7352,0,0,0
7353,0,0,0
7354,0,0,0
7355,0,0,0
7356,0,0,0
7357,0,0,0
7358,0,0,0
7359,0,0,0
7360,0,0,0
7361,0,0,0
7362,0,0,0
7363,0,0,0
7364,0,0,0
7365,0,0,0
7366,0,0,0
7367,0,0,0
7368,0,0,0
7369,0,0,0
7370,0,0,0
7371,0,0,0
7372,0,0,0
7373,0,0,0
7374,0,0,0
7375,0,0,0
7376,0,0,0
7377,0,0,0
7378,0,0,0
7379,0,0,0
7380,0,0,0
7381,0,0,0
7382,0,0,0
7383,0,0,0
7384,0,0,0
7385,0,0,0
7386,0,0,0
7387,0,0,0
7388,0,0,0
7389,0,0,0
7390,0,0,0
7391,0,0,0
7392,0,0,0
7393,0,0,0
7394,0,0,0
7395,0,0,0
7396,0,0,0
7397,0,0,0
7398,0,0,0
7399,0,0,0
7400,0,0,0
7401,0,0,0
7402,0,0,0
7403,0,0,0
7404,0,0,0
7405,0,0,0
7406,0,0,0
7407,0,0,0
7408,0,0,0
7409,0,0,0
7410,0,0,0
7411,0,0,0
7412,0,0,0
7413,0,0,0
7414,0,0,0
7415,0,0,0
7416,0,0,0
7417,0,0,0
7418,0,0,0
7419,0,0,0
7420,0,0,0
7421,0,0,0
7422,0,0,0
7423,0,0,0
7424,0,0,0
7425,0,0,0
7426,0,0,0
7427,0,0,0
7428,0,0,0
7429,0,0,0
7430,0,0,0
7431,0,0,0
7432,0,0,0
7433,0,0,0
7434,0,0,0
7435,0,0,0
7436,0,0,0
7437,0,0,0
7438,0,0,0
7439,0,0,0
7440,0,0,0
7441,0,0,0
7442,0,0,0
7443,0,0,0
7444,0,0,0
7445,0,0,0
7446,0,0,0
7447,0,0,0
7448,0,0,0
7449,0,0,0
7450,0,0,0
7451,0,0,0
7452,0,0,0
7453,0,0,0
7454,0,0,0
7455,0,0,0
7456,0,0,0
7457,0,0,0
7458,0,0,0
7459,0,0,0
7460,0,0,0
7461,0,0,0
7462,0,0,0
7463,0,0,0
7464,0,0,0
7465,0,0,0
7466,0,0,0
7467,0,0,0
7468,0,0,0
7469,0,0,0
7470,0,0,0
7471,0,0,0
7472,0,0,0
7473,0,0,0
7474,0,0,0
7475,0,0,0
7476,0,0,0
7477,0,0,0
7478,0,0,0
7479,0,0,0
7480,0,0,0
7481,0,0,0
7482,0,0,0
7483,0,0,0
7484,0,0,0
7485,0,0,0
7486,0,0,0
7487,0,0,0
7488,0,0,0
7489,0,0,0
7490,0,0,0
7491,0,0,0
7492,0,0,0
7493,0,0,0
7494,0,0,0
7495,0,0,0
7496,0,0,0
7497,0,0,0
7498,0,0,0
7499,0,0,0
7500,0,0,0
7501,0,0,0
7502,0,0,0
7503,0,0,0
7504,0,0,0
7505,0,0,0
7506,0,0,0
7507,0,0,0
7508,0,0,0
7509,0,0,0
7510,0,0,0
7511,0,0,0
7512,0,0,0
7513,0,0,0
7514,0,0,0
7515,0,0,0
7516,0,0,0
7517,0,0,0
7518,0,0,0
7519,0,0,0
7520,0,0,0
7521,0,0,0
7522,0,0,0
7523,0,0,0
7524,0,0,0
7525,0,0,0
7526,0,0,0
7527,0,0,0
7528,0,0,0
7529,0,0,0
7530,0,0,0
7531,0,0,0
7532,0,0,0
7533,0,0,0
7534,0,0,0
7535,0,0,0
7536,0,0,0
7537,0,0,0
7538,0,0,0
7539,0,0,0
7540,0,0,0
7541,0,0,0
7542,0,0,0
7543,0,0,0
7544,0,0,0
7545,0,0,0
7546,0,0,0
7547,0,0,0
7548,0,0,0
7549,0,0,0
7550,0,0,0
7551,0,0,0
7552,0,0,0
7553,0,0,0
7554,0,0,0
7555,0,0,0
7556,0,0,0
7557,0,0,0
7558,0,0,0
7559,0,0,0
7560,0,0,0
7561,0,0,0
7562,0,0,0
7563,0,0,0
7564,0,0,0
7565,0,0,0
7566,0,0,0
7567,0,0,0
7568,0,0,0
7569,0,0,0
7570,0,0,0
7571,0,0,0
7572,0,0,0
7573,0,0,0
7574,0,0,0
7575,0,0,0
7576,0,0,0
7577,0,0,0
7578,0,0,0
7579,0,0,0
7580,0,0,0
7581,0,0,0
7582,0,0,0
7583,0,0,0
7584,0,0,0
7585,0,0,0
7586,0,0,0
7587,0,0,0
7588,0,0,0
7589,0,0,0
7590,0,0,0
7591,0,0,0
7592,0,0,0
7593,0,0,0
7594,0,0,0
7595,0,0,0
7596,0,0,0
7597,0,0,0
7598,0,0,0
7599,0,0,0
7600,0,0,0
7601,0,0,0
7602,0,0,0
7603,0,0,0
7604,0,0,0
7605,0,0,0
7606,0,0,0
7607,0,0,0
7608,0,0,0
7609,0,0,0
7610,0,0,0
7611,0,0,0
7612,0,0,0
7613,0,0,0
7614,0,0,0
7615,0,0,0
7616,0,0,0
7617,0,0,0
7618,0,0,0
7619,0,0,0
7620,0,0,0
7621,0,0,0
7622,0,0,0
7623,0,0,0
7624,0,0,0
7625,0,0,0
7626,0,0,0
7627,0,0,0
7628,0,0,0
7629,0,0,0
7630,0,0,0
7631,0,0,0
7632,0,0,0
7633,0,0,0
7634,0,0,0
7635,0,0,0
7636,0,0,0
7637,0,0,0
7638,0,0,0
7639,0,0,0
7640,0,0,0
7641,0,0,0
7642,0,0,0
7643,0,0,0
7644,0,0,0
7645,0,0,0
7646,0,0,0
7647,0,0,0
7648,0,0,0
7649,0,0,0
7650,0,0,0
7651,0,0,0
7652,0,0,0
7653,0,0,0
7654,0,0,0
7655,0,0,0
7656,0,0,0
7657,0,0,0
7658,0,0,0
7659,0,0,0
7660,0,0,0
7661,0,0,0
7662,0,0,0
7663,0,0,0
7664,0,0,0
7665,0,0,0
7666,0,0,0
7667,0,0,0
7668,0,0,0
7669,0,0,0
7670,0,0,0
7671,0,0,0
7672,0,0,0
7673,0,0,0
7674,0,0,0
7675,0,0,0
7676,0,0,0
7677,0,0,0
7678,0,0,0
7679,0,0,0
7680,0,0,0
7681,0,0,0
7682,0,0,0
7683,0,0,0
7684,0,0,0
7685,0,0,0
7686,0,0,0
7687,0,0,0
7688,0,0,0
7689,0,0,0
7690,0,0,0
7691,0,0,0
7692,0,0,0
7693,0,0,0
7694,0,0,0
7695,0,0,0
7696,0,0,0
7697,0,0,0
7698,0,0,0
7699,0,0,0
7700,0,0,0
7701,0,0,0
7702,0,0,0
7703,0,0,0
7704,0,0,0
7705,0,0,0
7706,0,0,0
7707,0,0,0
7708,0,0,0
7709,0,0,0
7710,0,0,0
7711,0,0,0
7712,0,0,0
7713,0,0,0
7714,0,0,0
7715,0,0,0
7716,0,0,0
7717,0,0,0
7718,0,0,0
7719,0,0,0
7720,0,0,0
7721,0,0,0
7722,0,0,0
7723,0,0,0
7724,0,0,0
7725,0,0,0
7726,0,0,0
7727,0,0,0
7728,0,0,0
7729,0,0,0
7730,0,0,0
7731,0,0,0
7732,0,0,0
7733,0,0,0
7734,0,0,0
7735,0,0,0
7736,0,0,0
7737,0,0,0
7738,0,0,0
7739,0,0,0
7740,0,0,0
7741,0,0,0
7742,0,0,0
7743,0,0,0
7744,0,0,0
7745,0,0,0
7746,0,0,0
7747,0,0,0
7748,0,0,0
7749,0,0,0
7750,0,0,0
7751,0,0,0
7752,0,0,0
7753,0,0,0
7754,0,0,0
7755,0,0,0
7756,0,0,0
7757,0,0,0
7758,0,0,0
7759,0,0,0
7760,0,0,0
7761,0,0,0
7762,0,0,0
7763,0,0,0
7764,0,0,0
7765,0,0,0
7766,0,0,0
7767,0,0,0
7768,0,0,0
7769,0,0,0
7770,0,0,0
7771,0,0,0
7772,0,0,0
7773,0,0,0
7774,0,0,0
7775,0,0,0
7776,0,0,0
7777,0,0,0
7778,0,0,0
7779,0,0,0
7780,0,0,0
7781,0,0,0
7782,0,0,0
7783,0,0,0
7784,0,0,0
7785,0,0,0
7786,0,0,0
7787,0,0,0
7788,0,0,0
7789,0,0,0
7790,0,0,0
7791,0,0,0
7792,0,0,0
7793,0,0,0
7794,0,0,0
7795,0,0,0
7796,0,0,0
7797,0,0,0
7798,0,0,0
7799,0,0,0
7800,0,0,0
7801,0,0,0
7802,0,0,0
7803,0,0,0
7804,0,0,0
7805,0,0,0
7806,0,0,0
7807,0,0,0
7808,0,0,0
7809,0,0,0
7810,0,0,0
7811,0,0,0
7812,0,0,0
7813,0,0,0
7814,0,0,0
7815,0,0,0
7816,0,0,0
7817,0,0,0
7818,0,0,0
7819,0,0,0
7820,0,0,0
7821,0,0,0
7822,0,0,0
7823,0,0,0
7824,0,0,0
7825,0,0,0
7826,0,0,0
7827,0,0,0
7828,0,0,0
7829,0,0,0
7830,0,0,0
7831,0,0,0
7832,0,0,0
7833,0,0,0
7834,0,0,0
7835,0,0,0
7836,0,0,0
7837,0,0,0
7838,0,0,0
7839,0,0,0
7840,0,0,0
7841,0,0,0
7842,0,0,0
7843,0,0,0
7844,0,0,0
7845,0,0,0
7846,0,0,0
7847,0,0,0
7848,0,0,0
7849,0,0,0
7850,0,0,0
7851,0,0,0
7852,0,0,0
7853,0,0,0
7854,0,0,0
7855,0,0,0
7856,0,0,0
7857,0,0,0
7858,0,0,0
7859,0,0,0
7860,0,0,0
7861,0,0,0
7862,0,0,0
7863,0,0,0
7864,0,0,0
7865,0,0,0
7866,0,0,0
7867,0,0,0
7868,0,0,0
7869,0,0,0
7870,0,0,0
7871,0,0,0
7872,0,0,0
7873,0,0,0
7874,0,0,0
7875,0,0,0
7876,0,0,0
7877,0,0,0
7878,0,0,0
7879,0,0,0
7880,0,0,0
7881,0,0,0
7882,0,0,0
7883,0,0,0
7884,0,0,0
7885,0,0,0
7886,0,0,0
7887,0,0,0
7888,0,0,0
7889,0,0,0
7890,0,0,0
7891,0,0,0
7892,0,0,0
7893,0,0,0
7894,0,0,0
7895,0,0,0
7896,0,0,0
7897,0,0,0
7898,0,0,0
7899,0,0,0
7900,0,0,0
7901,0,0,0
7902,0,0,0
7903,0,0,0
7904,0,0,0
7905,0,0,0
7906,0,0,0
7907,0,0,0
7908,0,0,0
7909,0,0,0
7910,0,0,0
7911,0,0,0
7912,0,0,0
7913,0,0,0
7914,0,0,0
7915,0,0,0
7916,0,0,0
7917,0,0,0
7918,0,0,0
7919,0,0,0
7920,0,0,0
7921,0,0,0
7922,0,0,0
7923,0,0,0
7924,0,0,0
7925,0,0,0
7926,0,0,0
7927,0,0,0
7928,0,0,0
7929,0,0,0
7930,0,0,0
7931,0,0,0
7932,0,0,0
7933,0,0,0
7934,0,0,0
7935,0,0,0
7936,0,0,0
7937,0,0,0
7938,0,0,0
7939,0,0,0
7940,0,0,0
7941,0,0,0
7942,0,0,0
7943,0,0,0
7944,0,0,0
7945,0,0,0
7946,0,0,0
7947,0,0,0
7948,0,0,0
7949,0,0,0
7950,0,0,0
7951,0,0,0
7952,0,0,0
7953,0,0,0
7954,0,0,0
7955,0,0,0
7956,0,0,0
7957,0,0,0
7958,0,0,0
7959,0,0,0
7960,0,0,0
7961,0,0,0
7962,0,0,0
7963,0,0,0
7964,0,0,0
7965,0,0,0
7966,0,0,0
7967,0,0,0
7968,0,0,0
7969,0,0,0
7970,0,0,0
7971,0,0,0
7972,0,0,0
7973,0,0,0
7974,0,0,0
7975,0,0,0
7976,0,0,0
7977,0,0,0
7978,0,0,0
7979,0,0,0
7980,0,0,0
7981,0,0,0
7982,0,0,0
7983,0,0,0
7984,0,0,0
7985,0,0,0
7986,0,0,0
7987,0,0,0
7988,0,0,0
7989,0,0,0
7990,0,0,0
7991,0,0,0
7992,0,0,0
7993,0,0,0
7994,0,0,0
7995,0,0,0
7996,0,0,0
7997,0,0,0
7998,0,0,0
7999,0,0,0
8000,0,0,0
8001,0,0,0
8002,0,0,0
8003,0,0,0
8004,0,0,0
8005,0,0,0
8006,0,0,0
8007,0,0,0
8008,0,0,0
8009,0,0,0
8010,0,0,0
8011,0,0,0
8012,0,0,0
8013,0,0,0
8014,0,0,0
8015,0,0,0
8016,0,0,0
8017,0,0,0
8018,0,0,0
8019,0,0,0
8020,0,0,0
8021,0,0,0
8022,0,0,0
8023,0,0,0
8024,0,0,0
8025,0,0,0
8026,0,0,0
8027,0,0,0
8028,0,0,0
8029,0,0,0
8030,0,0,0
8031,0,0,0
8032,0,0,0
8033,0,0,0
8034,0,0,0
8035,0,0,0
8036,0,0,0
8037,0,0,0
8038,0,0,0
8039,0,0,0
8040,0,0,0
8041,0,0,0
8042,0,0,0
8043,0,0,0
8044,0,0,0
8045,0,0,0
8046,0,0,0
8047,0,0,0
8048,0,0,0
8049,0,0,0
8050,0,0,0
8051,0,0,0
8052,0,0,0
8053,0,0,0
8054,0,0,0
8055,0,0,0
8056,0,0,0
8057,0,0,0
8058,0,0,0
8059,0,0,0
8060,0,0,0
8061,0,0,0
8062,0,0,0
8063,0,0,0
8064,0,0,0
8065,0,0,0
8066,0,0,0
8067,0,0,0
8068,0,0,0
8069,0,0,0
8070,0,0,0
8071,0,0,0
8072,0,0,0
8073,0,0,0
8074,0,0,0
8075,0,0,0
8076,0,0,0
8077,0,0,0
8078,0,0,0
8079,0,0,0
8080,0,0,0
8081,0,0,0
8082,0,0,0
8083,0,0,0
8084,0,0,0
8085,0,0,0
8086,0,0,0
8087,0,0,0
8088,0,0,0
8089,0,0,0
8090,0,0,0
8091,0,0,0
8092,0,0,0
8093,0,0,0
8094,0,0,0
8095,0,0,0
8096,0,0,0
8097,0,0,0
8098,0,0,0
8099,0,0,0
8100,0,0,0
8101,0,0,0
8102,0,0,0
8103,0,0,0
8104,0,0,0
8105,0,0,0
8106,0,0,0
8107,0,0,0
8108,0,0,0
8109,0,0,0
8110,0,0,0
8111,0,0,0
8112,0,0,0
8113,0,0,0
8114,0,0,0
8115,0,0,0
8116,0,0,0
8117,0,0,0
8118,0,0,0
8119,0,0,0
8120,0,0,0
8121,0,0,0
8122,0,0,0
8123,0,0,0
8124,0,0,0
8125,0,0,0
8126,0,0,0
8127,0,0,0
8128,0,0,0
8129,0,0,0
8130,0,0,0
8131,0,0,0
8132,0,0,0
8133,0,0,0
8134,0,0,0
8135,0,0,0
8136,0,0,0
8137,0,0,0
8138,0,0,0
8139,0,0,0
8140,0,0,0
8141,0,0,0
8142,0,0,0
8143,0,0,0
8144,0,0,0
8145,0,0,0
8146,0,0,0
8147,0,0,0
8148,0,0,0
8149,0,0,0
8150,0,0,0
8151,0,0,0
8152,0,0,0
8153,0,0,0
8154,0,0,0
8155,0,0,0
8156,0,0,0
8157,0,0,0
8158,0,0,0
8159,0,0,0
8160,0,0,0
8161,0,0,0
8162,0,0,0
8163,0,0,0
8164,0,0,0
8165,0,0,0
8166,0,0,0
8167,0,0,0
8168,0,0,0
8169,0,0,0
8170,0,0,0
8171,0,0,0
8172,0,0,0
8173,0,0,0
8174,0,0,0
8175,0,0,0
8176,0,0,0
8177,0,0,0
8178,0,0,0
8179,0,0,0
8180,0,0,0
8181,0,0,0
8182,0,0,0
8183,0,0,0
8184,0,0,0
8185,0,0,0
8186,0,0,0
8187,0,0,0
8188,0,0,0
8189,0,0,0
8190,0,0,0
8191,0,0,0
8192,0,0,0
8193,0,0,0
8194,0,0,0
8195,0,0,0
8196,0,0,0
8197,0,0,0
8198,0,0,0
8199,0,0,0
8200,0,0,0
8201,0,0,0
8202,0,0,0
8203,0,0,0
8204,0,0,0
8205,0,0,0
8206,0,0,0
8207,0,0,0
8208,0,0,0
8209,0,0,0
8210,0,0,0
8211,0,0,0
8212,0,0,0
8213,0,0,0
8214,0,0,0
8215,0,0,0
8216,0,0,0
8217,0,0,0
8218,0,0,0
8219,0,0,0
8220,0,0,0
8221,0,0,0
8222,0,0,0
8223,0,0,0
8224,0,0,0
8225,0,0,0
8226,0,0,0
8227,0,0,0
8228,0,0,0
8229,0,0,0
8230,0,0,0
8231,0,0,0
8232,0,0,0
8233,0,0,0
8234,0,0,0
8235,0,0,0
8236,0,0,0
8237,0,0,0
8238,0,0,0
8239,0,0,0
8240,0,0,0
8241,0,0,0
8242,0,0,0
8243,0,0,0
8244,0,0,0
8245,0,0,0
8246,0,0,0
8247,0,0,0
8248,0,0,0
8249,0,0,0
8250,0,0,0
8251,0,0,0
8252,0,0,0
8253,0,0,0
8254,0,0,0
8255,0,0,0
8256,0,0,0
8257,0,0,0
8258,0,0,0
8259,0,0,0
8260,0,0,0
8261,0,0,0
8262,0,0,0
8263,0,0,0
8264,0,0,0
8265,0,0,0
8266,0,0,0
8267,0,0,0
8268,0,0,0
8269,0,0,0
8270,0,0,0
8271,0,0,0
8272,0,0,0
8273,0,0,0
8274,0,0,0
8275,0,0,0
8276,0,0,0
8277,0,0,0
8278,0,0,0
8279,0,0,0
8280,0,0,0
8281,0,0,0
8282,0,0,0
8283,0,0,0
8284,0,0,0
8285,0,0,0
8286,0,0,0
8287,0,0,0
8288,0,0,0
8289,0,0,0
8290,0,0,0
8291,0,0,0
8292,0,0,0
8293,0,0,0
8294,0,0,0
8295,0,0,0
8296,0,0,0
8297,0,0,0
8298,0,0,0
8299,0,0,0
8300,0,0,0
8301,0,0,0
8302,0,0,0
8303,0,0,0
8304,0,0,0
8305,0,0,0
8306,0,0,0
8307,0,0,0
8308,0,0,0
8309,0,0,0
8310,0,0,0
8311,0,0,0
8312,0,0,0
8313,0,0,0
8314,0,0,0
8315,0,0,0
8316,0,0,0
8317,0,0,0
8318,0,0,0
8319,0,0,0
8320,0,0,0
8321,0,0,0
8322,0,0,0
8323,0,0,0
8324,0,0,0
8325,0,0,0
8326,0,0,0
8327,0,0,0
8328,0,0,0
8329,0,0,0
8330,0,0,0
8331,0,0,0
8332,0,0,0
8333,0,0,0
8334,0,0,0
8335,0,0,0
8336,0,0,0
8337,0,0,0
8338,0,0,0
8339,0,0,0
8340,0,0,0
8341,0,0,0
8342,0,0,0
8343,0,0,0
8344,0,0,0
8345,0,0,0
8346,0,0,0
8347,0,0,0
8348,0,0,0
8349,0,0,0
8350,0,0,0
8351,0,0,0
8352,0,0,0
8353,0,0,0
8354,0,0,0
8355,0,0,0
8356,0,0,0
8357,0,0,0
8358,0,0,0
8359,0,0,0
8360,0,0,0
8361,0,0,0
8362,0,0,0
8363,0,0,0
8364,0,0,0
8365,0,0,0
8366,0,0,0
8367,0,0,0
8368,0,0,0
8369,0,0,0
8370,0,0,0
8371,0,0,0
8372,0,0,0
8373,0,0,0
8374,0,0,0
8375,0,0,0
8376,0,0,0
8377,0,0,0
8378,0,0,0
8379,0,0,0
8380,0,0,0
8381,0,0,0
8382,0,0,0
8383,0,0,0
8384,0,0,0
8385,0,0,0
8386,0,0,0
8387,0,0,0
8388,0,0,0
8389,0,0,0
8390,0,0,0
8391,0,0,0
8392,0,0,0
8393,0,0,0
8394,0,0,0
8395,0,0,0
8396,0,0,0
8397,0,0,0
8398,0,0,0
8399,0,0,0
8400,0,0,0
8401,0,0,0
8402,0,0,0
8403,0,0,0
8404,0,0,0
8405,0,0,0
8406,0,0,0
8407,0,0,0
8408,0,0,0
8409,0,0,0
8410,0,0,0
8411,0,0,0
8412,0,0,0
8413,0,0,0
8414,0,0,0
8415,0,0,0
8416,0,0,0
8417,0,0,0
8418,0,0,0
8419,0,0,0
8420,0,0,0
8421,0,0,0
8422,0,0,0
8423,0,0,0
8424,0,0,0
8425,0,0,0
8426,0,0,0
8427,0,0,0
8428,0,0,0
8429,0,0,0
8430,0,0,0
8431,0,0,0
8432,0,0,0
8433,0,0,0
8434,0,0,0
8435,0,0,0
8436,0,0,0
8437,0,0,0
8438,0,0,0
8439,0,0,0
8440,0,0,0
8441,0,0,0
8442,0,0,0
8443,0,0,0
8444,0,0,0
8445,0,0,0
8446,0,0,0
8447,0,0,0
8448,0,0,0
8449,0,0,0
8450,0,0,0
8451,0,0,0
8452,0,0,0
8453,0,0,0
8454,0,0,0
8455,0,0,0
8456,0,0,0
8457,0,0,0
8458,0,0,0
8459,0,0,0
8460,0,0,0
8461,0,0,0
8462,0,0,0
8463,0,0,0
8464,0,0,0
8465,0,0,0
8466,0,0,0
8467,0,0,0
8468,0,0,0
8469,0,0,0
8470,0,0,0
8471,0,0,0
8472,0,0,0
8473,0,0,0
8474,0,0,0
8475,0,0,0
8476,0,0,0
8477,0,0,0
8478,0,0,0
8479,0,0,0
8480,0,0,0
8481,0,0,0
8482,0,0,0
8483,0,0,0
8484,0,0,0
8485,0,0,0
8486,0,0,0
8487,0,0,0
8488,0,0,0
8489,0,0,0
8490,0,0,0
8491,0,0,0
8492,0,0,0
8493,0,0,0
8494,0,0,0
8495,0,0,0
8496,0,0,0
8497,0,0,0
8498,0,0,0
8499,0,0,0
8500,0,0,0
8501,0,0,0
8502,0,0,0
8503,0,0,0
8504,0,0,0
8505,0,0,0
8506,0,0,0
8507,0,0,0
8508,0,0,0
8509,0,0,0
8510,0,0,0
8511,0,0,0
8512,0,0,0
8513,0,0,0
8514,0,0,0
8515,0,0,0
8516,0,0,0
8517,0,0,0
8518,0,0,0
8519,0,0,0
8520,0,0,0
8521,0,0,0
8522,0,0,0
8523,0,0,0
8524,0,0,0
8525,0,0,0
8526,0,0,0
8527,0,0,0
8528,0,0,0
8529,0,0,0
8530,0,0,0
8531,0,0,0
8532,0,0,0
8533,0,0,0
8534,0,0,0
8535,0,0,0
8536,0,0,0
8537,0,0,0
8538,0,0,0
8539,0,0,0
8540,0,0,0
8541,0,0,0
8542,0,0,0
8543,0,0,0
8544,0,0,0
8545,0,0,0
8546,0,0,0
8547,0,0,0
8548,0,0,0
8549,0,0,0
8550,0,0,0
8551,0,0,0
8552,0,0,0
8553,0,0,0
8554,0,0,0
8555,0,0,0
8556,0,0,0
8557,0,0,0
8558,0,0,0
8559,0,0,0
8560,0,0,0
8561,0,0,0
8562,0,0,0
8563,0,0,0
8564,0,0,0
8565,0,0,0
8566,0,0,0
8567,0,0,0
8568,0,0,0
8569,0,0,0
8570,0,0,0
8571,0,0,0
8572,0,0,0
8573,0,0,0
8574,0,0,0
8575,0,0,0
8576,0,0,0
8577,0,0,0
8578,0,0,0
8579,0,0,0
8580,0,0,0
8581,0,0,0
8582,0,0,0
8583,0,0,0
8584,0,0,0
8585,0,0,0
8586,0,0,0
8587,0,0,0
8588,0,0,0
8589,0,0,0
8590,0,0,0
8591,0,0,0
8592,0,0,0
8593,0,0,0
8594,0,0,0
8595,0,0,0
8596,0,0,0
8597,0,0,0
8598,0,0,0
8599,0,0,0
8600,0,0,0
8601,0,0,0
8602,0,0,0
8603,0,0,0
8604,0,0,0
8605,0,0,0
8606,0,0,0
8607,0,0,0
8608,0,0,0
8609,0,0,0
8610,0,0,0
8611,0,0,0
8612,0,0,0
8613,0,0,0
8614,0,0,0
8615,0,0,0
8616,0,0,0
8617,0,0,0
8618,0,0,0
8619,0,0,0
8620,0,0,0
8621,0,0,0
8622,0,0,0
8623,0,0,0
8624,0,0,0
8625,0,0,0
8626,0,0,0
8627,0,0,0
8628,0,0,0
8629,0,0,0
8630,0,0,0
8631,0,0,0
8632,0,0,0
8633,0,0,0
8634,0,0,0
8635,0,0,0
8636,0,0,0
8637,0,0,0
8638,0,0,0
8639,0,0,0
8640,0,0,0
8641,0,0,0
8642,0,0,0
8643,0,0,0
8644,0,0,0
8645,0,0,0
8646,0,0,0
8647,0,0,0
8648,0,0,0
8649,0,0,0
8650,0,0,0
8651,0,0,0
8652,0,0,0
8653,0,0,0
8654,0,0,0
8655,0,0,0
8656,0,0,0
8657,0,0,0
8658,0,0,0
8659,0,0,0
8660,0,0,0
8661,0,0,0
8662,0,0,0
8663,0,0,0
8664,0,0,0
8665,0,0,0
8666,0,0,0
8667,0,0,0
8668,0,0,0
8669,0,0,0
8670,0,0,0
8671,0,0,0
8672,0,0,0
8673,0,0,0
8674,0,0,0
8675,0,0,0
8676,0,0,0
8677,0,0,0
8678,0,0,0
8679,0,0,0
8680,0,0,0
8681,0,0,0
8682,0,0,0
8683,0,0,0
8684,0,0,0
8685,0,0,0
8686,0,0,0
8687,0,0,0
8688,0,0,0
8689,0,0,0
8690,0,0,0
8691,0,0,0
8692,0,0,0
8693,0,0,0
8694,0,0,0
8695,0,0,0
8696,0,0,0
8697,0,0,0
8698,0,0,0
8699,0,0,0
8700,0,0,0
8701,0,0,0
8702,0,0,0
8703,0,0,0
8704,0,0,0
8705,0,0,0
8706,0,0,0
8707,0,0,0
8708,0,0,0
8709,0,0,0
8710,0,0,0
8711,0,0,0
8712,0,0,0
8713,0,0,0
8714,0,0,0
8715,0,0,0
8716,0,0,0
8717,0,0,0
8718,0,0,0
8719,0,0,0
8720,0,0,0
8721,0,0,0
8722,0,0,0
8723,0,0,0
8724,0,0,0
8725,0,0,0
8726,0,0,0
8727,0,0,0
8728,0,0,0
8729,0,0,0
8730,0,0,0
8731,0,0,0
8732,0,0,0
8733,0,0,0
8734,0,0,0
8735,0,0,0
8736,0,0,0
8737,0,0,0
8738,0,0,0
8739,0,0,0
8740,0,0,0
8741,0,0,0
8742,0,0,0
8743,0,0,0
8744,0,0,0
8745,0,0,0
8746,0,0,0
8747,0,0,0
8748,0,0,0
8749,0,0,0
8750,0,0,0
8751,0,0,0
8752,0,0,0
8753,0,0,0
8754,0,0,0
8755,0,0,0
8756,0,0,0
8757,0,0,0
8758,0,0,0
8759,0,0,0
8760,0,0,0
8761,0,0,0
8762,0,0,0
8763,0,0,0
8764,0,0,0
8765,0,0,0
8766,0,0,0
8767,0,0,0
8768,0,0,0
8769,0,0,0
8770,0,0,0
8771,0,0,0
8772,0,0,0
8773,0,0,0
8774,0,0,0
8775,0,0,0
8776,0,0,0
8777,0,0,0
8778,0,0,0
8779,0,0,0
8780,0,0,0
8781,0,0,0
8782,0,0,0
8783,0,0,0
8784,0,0,0
8785,0,0,0
8786,0,0,0
8787,0,0,0
8788,0,0,0
8789,0,0,0
8790,0,0,0
8791,0,0,0
8792,0,0,0
8793,0,0,0
8794,0,0,0
8795,0,0,0
8796,0,0,0
8797,0,0,0
8798,0,0,0
8799,0,0,0
8800,0,0,0
8801,0,0,0
8802,0,0,0
8803,0,0,0
8804,0,0,0
8805,0,0,0
8806,0,0,0
8807,0,0,0
8808,0,0,0
8809,0,0,0
8810,0,0,0
8811,0,0,0
8812,0,0,0
8813,0,0,0
8814,0,0,0
8815,0,0,0
8816,0,0,0
8817,0,0,0
8818,0,0,0
8819,0,0,0
8820,0,0,0
8821,0,0,0
8822,0,0,0
8823,0,0,0
8824,0,0,0
8825,0,0,0
8826,0,0,0
8827,0,0,0
8828,0,0,0
8829,0,0,0
8830,0,0,0
8831,0,0,0
8832,0,0,0
8833,0,0,0
8834,0,0,0
8835,0,0,0
8836,0,0,0
8837,0,0,0
8838,0,0,0
8839,0,0,0
8840,0,0,0
8841,0,0,0
8842,0,0,0
8843,0,0,0
8844,0,0,0
8845,0,0,0
8846,0,0,0
8847,0,0,0
8848,0,0,0
8849,0,0,0
8850,0,0,0
8851,0,0,0
8852,0,0,0
8853,0,0,0
8854,0,0,0
8855,0,0,0
8856,0,0,0
8857,0,0,0
8858,0,0,0
8859,0,0,0
8860,0,0,0
8861,0,0,0
8862,0,0,0
8863,0,0,0
8864,0,0,0
8865,0,0,0
8866,0,0,0
8867,0,0,0
8868,0,0,0
8869,0,0,0
8870,0,0,0
8871,0,0,0
8872,0,0,0
8873,0,0,0
8874,0,0,0
8875,0,0,0
8876,0,0,0
8877,0,0,0
8878,0,0,0
8879,0,0,0
8880,0,0,0
8881,0,0,0
8882,0,0,0
8883,0,0,0
8884,0,0,0
8885,0,0,0
8886,0,0,0
8887,0,0,0
8888,0,0,0
8889,0,0,0
8890,0,0,0
8891,0,0,0
8892,0,0,0
8893,0,0,0
8894,0,0,0
8895,0,0,0
8896,0,0,0
8897,0,0,0
8898,0,0,0
8899,0,0,0
8900,0,0,0
8901,0,0,0
8902,0,0,0
8903,0,0,0
8904,0,0,0
8905,0,0,0
8906,0,0,0
8907,0,0,0
8908,0,0,0
8909,0,0,0
8910,0,0,0
8911,0,0,0
8912,0,0,0
8913,0,0,0
8914,0,0,0
8915,0,0,0
8916,0,0,0
8917,0,0,0
8918,0,0,0
8919,0,0,0
8920,0,0,0
8921,0,0,0
8922,0,0,0
8923,0,0,0
8924,0,0,0
8925,0,0,0
8926,0,0,0
8927,0,0,0
8928,0,0,0
8929,0,0,0
8930,0,0,0
8931,0,0,0
8932,0,0,0
8933,0,0,0
8934,0,0,0
8935,0,0,0
8936,0,0,0
8937,0,0,0
8938,0,0,0
8939,0,0,0
8940,0,0,0
8941,0,0,0
8942,0,0,0
8943,0,0,0
8944,0,0,0
8945,0,0,0
8946,0,0,0
8947,0,0,0
8948,0,0,0
8949,0,0,0
8950,0,0,0
8951,0,0,0
8952,0,0,0
8953,0,0,0
8954,0,0,0
8955,0,0,0
8956,0,0,0
8957,0,0,0
8958,0,0,0
8959,0,0,0
8960,0,0,0
8961,0,0,0
8962,0,0,0
8963,0,0,0
8964,0,0,0
8965,0,0,0
8966,0,0,0
8967,0,0,0
8968,0,0,0
8969,0,0,0
8970,0,0,0
8971,0,0,0
8972,0,0,0
8973,0,0,0
8974,0,0,0
8975,0,0,0
8976,0,0,0
8977,0,0,0
8978,0,0,0
8979,0,0,0
8980,0,0,0
8981,0,0,0
8982,0,0,0
8983,0,0,0
8984,0,0,0
8985,0,0,0
8986,0,0,0
8987,0,0,0
8988,0,0,0
8989,0,0,0
8990,0,0,0
8991,0,0,0
8992,0,0,0
8993,0,0,0
8994,0,0,0
8995,0,0,0
8996,0,0,0
8997,0,0,0
8998,0,0,0
8999,0,0,0
9000,0,0,0
9001,0,0,0
9002,0,0,0
9003,0,0,0
9004,0,0,0
9005,0,0,0
9006,0,0,0
9007,0,0,0
9008,0,0,0
9009,0,0,0
9010,0,0,0
9011,0,0,0
9012,0,0,0
9013,0,0,0
9014,0,0,0
9015,0,0,0
9016,0,0,0
9017,0,0,0
9018,0,0,0
9019,0,0,0
9020,0,0,0
9021,0,0,0
9022,0,0,0
9023,0,0,0
9024,0,0,0
9025,0,0,0
9026,0,0,0
9027,0,0,0
9028,0,0,0
9029,0,0,0
9030,0,0,0
9031,0,0,0
9032,0,0,0
9033,0,0,0
9034,0,0,0
9035,0,0,0
9036,0,0,0
9037,0,0,0
9038,0,0,0
9039,0,0,0
9040,0,0,0
9041,0,0,0
9042,0,0,0
9043,0,0,0
9044,0,0,0
9045,0,0,0
9046,0,0,0
9047,0,0,0
9048,0,0,0
9049,0,0,0
9050,0,0,0
9051,0,0,0
9052,0,0,0
9053,0,0,0
9054,0,0,0
9055,0,0,0
9056,0,0,0
9057,0,0,0
9058,0,0,0
9059,0,0,0
9060,0,0,0
9061,0,0,0
9062,0,0,0
9063,0,0,0
9064,0,0,0
9065,0,0,0
9066,0,0,0
9067,0,0,0
9068,0,0,0
9069,0,0,0
9070,0,0,0
9071,0,0,0
9072,0,0,0
9073,0,0,0
9074,0,0,0
9075,0,0,0
9076,0,0,0
9077,0,0,0
9078,0,0,0
9079,0,0,0
9080,0,0,0
9081,0,0,0
9082,0,0,0
9083,0,0,0
9084,0,0,0
9085,0,0,0
9086,0,0,0
9087,0,0,0
9088,0,0,0
9089,0,0,0
9090,0,0,0
9091,0,0,0
9092,0,0,0
9093,0,0,0
9094,0,0,0
9095,0,0,0
9096,0,0,0
9097,0,0,0
9098,0,0,0
9099,0,0,0
9100,0,0,0
9101,0,0,0
9102,0,0,0
9103,0,0,0
9104,0,0,0
9105,0,0,0
9106,0,0,0
9107,0,0,0
9108,0,0,0
9109,0,0,0
9110,0,0,0
9111,0,0,0
9112,0,0,0
9113,0,0,0
9114,0,0,0
9115,0,0,0
9116,0,0,0
9117,0,0,0
9118,0,0,0
9119,0,0,0
9120,0,0,0
9121,0,0,0
9122,0,0,0
9123,0,0,0
9124,0,0,0
9125,0,0,0
9126,0,0,0
9127,0,0,0
9128,0,0,0
9129,0,0,0
9130,0,0,0
9131,0,0,0
9132,0,0,0
9133,0,0,0
9134,0,0,0
9135,0,0,0
9136,0,0,0
9137,0,0,0
9138,0,0,0
9139,0,0,0
9140,0,0,0
9141,0,0,0
9142,0,0,0
9143,0,0,0
9144,0,0,0
9145,0,0,0
9146,0,0,0
9147,0,0,0
9148,0,0,0
9149,0,0,0
9150,0,0,0
9151,0,0,0
9152,0,0,0
9153,0,0,0
9154,0,0,0
9155,0,0,0
9156,0,0,0
9157,0,0,0
9158,0,0,0
9159,0,0,0
9160,0,0,0
9161,0,0,0
9162,0,0,0
9163,0,0,0
9164,0,0,0
9165,0,0,0
9166,0,0,0
9167,0,0,0
9168,0,0,0
9169,0,0,0
9170,0,0,0
9171,0,0,0
9172,0,0,0
9173,0,0,0
9174,0,0,0
9175,0,0,0
9176,0,0,0
9177,0,0,0
9178,0,0,0
9179,0,0,0
9180,0,0,0
9181,0,0,0
9182,0,0,0
9183,0,0,0
9184,0,0,0
9185,0,0,0
9186,0,0,0
9187,0,0,0
9188,0,0,0
9189,0,0,0
9190,0,0,0
9191,0,0,0
9192,0,0,0
9193,0,0,0
9194,0,0,0
9195,0,0,0
9196,0,0,0
9197,0,0,0
9198,0,0,0
9199,0,0,0
9200,0,0,0
9201,0,0,0
9202,0,0,0
9203,0,0,0
9204,0,0,0
9205,0,0,0
9206,0,0,0
9207,0,0,0
9208,0,0,0
9209,0,0,0
9210,0,0,0
9211,0,0,0
9212,0,0,0
9213,0,0,0
9214,0,0,0
9215,0,0,0
9216,0,0,0
9217,0,0,0
9218,0,0,0
9219,0,0,0
9220,0,0,0
9221,0,0,0
9222,0,0,0
9223,0,0,0
9224,0,0,0
9225,0,0,0
9226,0,0,0
9227,0,0,0
9228,0,0,0
9229,0,0,0
9230,0,0,0
9231,0,0,0
9232,0,0,0
9233,0,0,0
9234,0,0,0
9235,0,0,0
9236,0,0,0
9237,0,0,0
9238,0,0,0
9239,0,0,0
9240,0,0,0
9241,0,0,0
9242,0,0,0
9243,0,0,0
9244,0,0,0
9245,0,0,0
9246,0,0,0
9247,0,0,0
9248,0,0,0
9249,0,0,0
9250,0,0,0
9251,0,0,0
9252,0,0,0
9253,0,0,0
9254,0,0,0
9255,0,0,0
9256,0,0,0
9257,0,0,0
9258,0,0,0
9259,0,0,0
9260,0,0,0
9261,0,0,0
9262,0,0,0
9263,0,0,0
9264,0,0,0
9265,0,0,0
9266,0,0,0
9267,0,0,0
9268,0,0,0
9269,0,0,0
9270,0,0,0
9271,0,0,0
9272,0,0,0
9273,0,0,0
9274,0,0,0
9275,0,0,0
9276,0,0,0
9277,0,0,0
9278,0,0,0
9279,0,0,0
9280,0,0,0
9281,0,0,0
9282,0,0,0
9283,0,0,0
9284,0,0,0
9285,0,0,0
9286,0,0,0
9287,0,0,0
9288,0,0,0
9289,0,0,0
9290,0,0,0
9291,0,0,0
9292,0,0,0
9293,0,0,0
9294,0,0,0
9295,0,0,0
9296,0,0,0
9297,0,0,0
9298,0,0,0
9299,0,0,0
9300,0,0,0
9301,0,0,0
9302,0,0,0
9303,0,0,0
9304,0,0,0
9305,0,0,0
9306,0,0,0
9307,0,0,0
9308,0,0,0
9309,0,0,0
9310,0,0,0
9311,0,0,0
9312,0,0,0
9313,0,0,0
9314,0,0,0
9315,0,0,0
9316,0,0,0
9317,0,0,0
9318,0,0,0
9319,0,0,0
9320,0,0,0
9321,0,0,0
9322,0,0,0
9323,0,0,0
9324,0,0,0
9325,0,0,0
9326,0,0,0
9327,0,0,0
9328,0,0,0
9329,0,0,0
9330,0,0,0
9331,0,0,0
9332,0,0,0
9333,0,0,0
9334,0,0,0
9335,0,0,0
9336,0,0,0
9337,0,0,0
9338,0,0,0
9339,0,0,0
9340,0,0,0
9341,0,0,0
9342,0,0,0
9343,0,0,0
9344,0,0,0
9345,0,0,0
9346,0,0,0
9347,0,0,0
9348,0,0,0
9349,0,0,0
9350,0,0,0
9351,1,0,1
9352,1,0,1
9353,1,0,1
9354,1,0,1
9355,1,0,1
9356,1,0,1
9357,1,0,1
9358,1,0,1
9359,1,0,1
9360,1,0,1
9361,1,0,1
9362,1,0,1
9363,1,0,1
9364,1,0,1
9365,1,0,1
9366,1,0,1
9367,1,0,1
9368,1,0,1
9369,1,0,1
9370,1,0,1
9371,1,0,1
9372,1,0,1
9373,1,0,1
9374,1,0,1
9375,1,0,1
9376,1,0,1
9377,1,0,1
9378,1,0,1
9379,1,0,1
9380,1,0,1
9381,1,0,1
9382,1,0,1
9383,1,0,1
9384,1,0,1
9385,1,0,1
9386,1,0,1
9387,1,0,1
9388,1,0,1
9389,1,0,1
9390,1,0,1
9391,1,0,1
9392,1,0,1
9393,1,0,1
9394,1,0,1
9395,1,0,1
9396,1,0,1
9397,1,0,1
9398,1,0,1
9399,1,0,1
9400,1,0,1
9401,1,0,1
9402,1,0,1
9403,1,0,1
9404,1,0,1
9405,1,0,1
9406,1,0,1
9407,1,0,1
9408,1,0,1
9409,1,0,1
9410,1,0,1
9411,1,0,1
9412,1,0,1
9413,1,0,1
9414,1,0,1
9415,1,0,1
9416,1,0,1
9417,1,0,1
9418,1,0,1
9419,1,0,1
9420,1,0,1
9421,1,0,1
9422,1,0,1
9423,1,0,1
9424,1,0,1
9425,1,0,1
9426,1,0,1
9427,0,0,0
9428,0,0,0
9429,0,0,0
9430,0,0,0
9431,0,0,0
9432,0,0,0
9433,0,0,0
9434,0,0,0
9435,0,0,0
9436,0,0,0
9437,0,0,0
9438,0,0,0
9439,0,0,0
9440,0,0,0
9441,0,0,0
9442,0,0,0
9443,0,0,0
9444,0,0,0
9445,0,0,0
9446,0,0,0
9447,0,0,0
9448,0,0,0
9449,0,0,0
9450,0,0,0
9451,0,0,0
9452,0,0,0
9453,0,0,0
9454,0,0,0
9455,0,0,0
9456,0,0,0
9457,0,0,0
9458,0,0,0
9459,0,0,0
9460,0,0,0
9461,0,0,0
9462,0,0,0
9463,0,0,0
9464,0,0,0
9465,0,0,0
9466,0,0,0
9467,0,0,0
9468,0,0,0
9469,0,0,0
9470,0,0,0
9471,0,0,0
9472,0,0,0
9473,0,0,0
9474,0,0,0
9475,0,0,0
9476,0,0,0
9477,0,0,0
9478,0,0,0
9479,0,0,0
9480,0,0,0
9481,0,0,0
9482,0,0,0
9483,0,0,0
9484,0,0,0
9485,0,0,0
9486,0,0,0
9487,0,0,0
9488,0,0,0
9489,0,0,0
9490,0,0,0
9491,0,0,0
9492,0,0,0
9493,0,0,0
9494,0,0,0
9495,0,0,0
9496,0,0,0
9497,0,0,0
9498,0,0,0
9499,0,0,0
9500,0,0,0
9501,0,0,0
9502,0,0,0
9503,0,0,0
9504,0,0,0
9505,0,0,0
9506,0,0,0
9507,0,0,0
9508,0,0,0
9509,0,0,0
9510,0,0,0
9511,0,0,0
9512,0,0,0
9513,0,0,0
9514,0,0,0
9515,0,0,0
9516,0,0,0
9517,0,0,0
9518,0,0,0
9519,0,0,0
9520,0,0,0
9521,0,0,0
9522,0,0,0
9523,0,0,0
9524,0,0,0
9525,0,0,0
9526,0,0,0
9527,0,0,0
9528,0,0,0
9529,0,0,0
9530,0,0,0
9531,0,0,0
9532,0,0,0
9533,0,0,0
9534,0,0,0
9535,0,0,0
9536,0,0,0
9537,0,0,0
9538,0,0,0
9539,0,0,0
9540,0,0,0
9541,0,0,0
9542,0,0,0
9543,0,0,0
9544,0,0,0
9545,0,0,0
9546,0,0,0
9547,0,0,0
9548,0,0,0
9549,0,0,0
9550,0,0,0
9551,0,0,0
9552,0,0,0
9553,0,0,0
9554,0,0,0
9555,0,0,0
9556,0,0,0
9557,0,0,0
9558,0,0,0
9559,0,0,0
9560,0,0,0
9561,0,0,0
9562,0,0,0
9563,0,0,0
9564,0,0,0
9565,0,0,0
9566,0,0,0
9567,0,0,0
9568,0,0,0
9569,0,0,0
9570,0,0,0
9571,0,0,0
9572,0,0,0
9573,0,0,0
9574,0,0,0
9575,0,0,0
9576,0,0,0
9577,0,0,0
9578,0,0,0
9579,0,0,0
9580,0,0,0
9581,0,0,0
9582,0,0,0
9583,0,0,0
9584,0,0,0
9585,0,0,0
9586,0,0,0
9587,0,0,0
9588,0,0,0
9589,0,0,0
9590,0,0,0
9591,0,0,0
9592,0,0,0
9593,0,0,0
9594,0,0,0
9595,0,0,0
9596,0,0,0
9597,0,0,0
9598,0,0,0
9599,0,0,0
9600,0,0,0
9601,0,0,0
9602,0,0,0
9603,0,0,0
9604,0,0,0
9605,0,0,0
9606,0,0,0
9607,0,0,0
9608,0,0,0
9609,0,0,0
9610,0,0,0
9611,0,0,0
9612,0,0,0
9613,0,0,0
9614,0,0,0
9615,0,0,0
9616,0,0,0
9617,0,0,0
9618,0,0,0
9619,0,0,0
9620,0,0,0
9621,0,0,0
9622,0,0,0
9623,0,0,0
9624,0,0,0
9625,0,0,0
9626,0,0,0
9627,0,0,0
9628,0,0,0
9629,0,0,0
9630,0,0,0
9631,0,0,0
9632,0,0,0
9633,0,0,0
9634,0,0,0
9635,0,0,0
9636,0,0,0
9637,0,0,0
9638,0,0,0
9639,0,0,0
9640,0,0,0
9641,0,0,0
9642,0,0,0
9643,0,0,0
9644,0,0,0
9645,0,0,0
9646,0,0,0
9647,0,0,0
9648,0,0,0
9649,0,0,0
9650,0,0,0
9651,0,0,0
9652,0,0,0
9653,0,0,0
9654,0,0,0
9655,0,0,0
9656,0,0,0
9657,0,0,0
9658,0,0,0
9659,0,0,0
9660,0,0,0
9661,0,0,0
9662,0,0,0
9663,0,0,0
9664,0,0,0
9665,0,0,0
9666,0,0,0
9667,0,0,0
9668,0,0,0
9669,0,0,0
9670,0,0,0
9671,0,0,0
9672,0,0,0
9673,0,0,0
9674,0,0,0
9675,0,0,0
9676,0,0,0
9677,0,0,0
9678,0,0,0
9679,0,0,0
9680,0,0,0
9681,0,0,0
9682,0,0,0
9683,0,0,0
9684,0,0,0
9685,0,0,0
9686,0,0,0
9687,0,0,0
9688,0,0,0
9689,0,0,0
9690,0,0,0
9691,0,0,0
9692,0,0,0
9693,0,0,0
9694,0,0,0
9695,0,0,0
9696,0,0,0
9697,0,0,0
9698,0,0,0
9699,0,0,0
9700,0,0,0
9701,0,0,0
9702,0,0,0
9703,0,0,0
9704,0,0,0
9705,0,0,0
9706,0,0,0
9707,0,0,0
9708,0,0,0
9709,0,0,0
9710,0,0,0
9711,0,0,0
9712,0,0,0
9713,0,0,0
9714,0,0,0
9715,0,0,0
9716,0,0,0
9717,0,0,0
9718,0,0,0
9719,0,0,0
9720,0,0,0
9721,0,0,0
9722,0,0,0
9723,0,0,0
9724,0,0,0
9725,0,0,0
9726,0,0,0
9727,0,0,0
9728,0,0,0
9729,0,0,0
9730,0,0,0
9731,0,0,0
9732,0,0,0
9733,0,0,0
9734,0,0,0
9735,0,0,0
9736,0,0,0
9737,0,0,0
9738,0,0,0
9739,0,0,0
9740,0,0,0
9741,0,0,0
9742,0,0,0
9743,0,0,0
9744,0,0,0
9745,0,0,0
9746,0,0,0
9747,0,0,0
9748,0,0,0
9749,0,0,0
9750,0,0,0
9751,0,0,0
9752,0,0,0
9753,0,0,0
9754,0,0,0
9755,0,0,0
9756,0,0,0
9757,0,0,0
9758,0,0,0
9759,0,0,0
9760,0,0,0
9761,0,0,0
9762,0,0,0
9763,0,0,0
9764,0,0,0
9765,0,0,0
9766,0,0,0
9767,0,0,0
9768,0,0,0
9769,0,0,0
9770,0,0,0
9771,0,0,0
9772,0,0,0
9773,0,0,0
9774,0,0,0
9775,0,0,0
9776,0,0,0
9777,0,0,0
9778,0,0,0
9779,0,0,0
9780,0,0,0
9781,0,0,0
9782,0,0,0
9783,0,0,0
9784,0,0,0
9785,0,0,0
9786,0,0,0
9787,0,0,0
9788,0,0,0
9789,0,0,0
9790,0,0,0
9791,0,0,0
9792,0,0,0
9793,0,0,0
9794,0,0,0
9795,0,0,0
9796,0,0,0
9797,0,0,0
9798,0,0,0
9799,0,0,0
9800,0,0,0
9801,0,0,0
9802,0,0,0
9803,0,0,0
9804,0,0,0
9805,0,0,0
9806,0,0,0
9807,0,0,0
9808,0,0,0
9809,0,0,0
9810,0,0,0
9811,0,0,0
9812,0,0,0
9813,0,0,0
9814,0,0,0
9815,0,0,0
9816,0,0,0
9817,0,0,0
9818,0,0,0
9819,0,0,0
9820,0,0,0
9821,0,0,0
9822,0,0,0
9823,0,0,0
9824,0,0,0
9825,0,0,0
9826,0,0,0
9827,0,0,0
9828,0,0,0
9829,0,0,0
9830,0,0,0
9831,0,0,0
9832,0,0,0
9833,0,0,0
9834,0,0,0
9835,0,0,0
9836,0,0,0
9837,0,0,0
9838,0,0,0
9839,0,0,0
9840,0,0,0
9841,0,0,0
9842,0,0,0
9843,0,0,0
9844,0,0,0
9845,0,0,0
9846,0,0,0
9847,0,0,0
9848,0,0,0
9849,0,0,0
9850,0,0,0
9851,0,0,0
9852,0,0,0
9853,0,0,0
9854,0,0,0
9855,0,0,0
9856,0,0,0
9857,0,0,0
9858,0,0,0
9859,0,0,0
9860,0,0,0
9861,0,0,0
9862,0,0,0
9863,0,0,0
9864,0,0,0
9865,0,0,0
9866,0,0,0
9867,0,0,0
9868,0,0,0
9869,0,0,0
9870,0,0,0
9871,0,0,0
9872,0,0,0
9873,0,0,0
9874,0,0,0
9875,0,0,0
9876,0,0,0
9877,0,0,0
9878,0,0,0
9879,0,0,0
9880,0,0,0
9881,0,0,0
9882,0,0,0
9883,0,0,0
9884,0,0,0
9885,0,0,0
9886,0,0,0
9887,0,0,0
9888,0,0,0
9889,0,0,0
9890,0,0,0
9891,0,0,0
9892,0,0,0
9893,0,0,0
9894,0,0,0
9895,0,0,0
9896,0,0,0
9897,0,0,0
9898,0,0,0
9899,0,0,0
9900,0,0,0
9901,0,0,0
9902,0,0,0
9903,0,0,0
9904,0,0,0
9905,0,0,0
9906,0,0,0
9907,0,0,0
9908,0,0,0
9909,0,0,0
9910,0,0,0
9911,0,0,0
9912,0,0,0
9913,0,0,0
9914,0,0,0
9915,0,0,0
9916,0,0,0
9917,0,0,0
9918,0,0,0
9919,0,0,0
9920,0,0,0
9921,0,0,0
9922,0,0,0
9923,0,0,0
9924,0,0,0
9925,0,0,0
9926,0,0,0
9927,0,0,0
9928,0,0,0
9929,0,0,0
9930,0,0,0
9931,0,0,0
9932,0,0,0
9933,0,0,0
9934,0,0,0
9935,0,0,0
9936,0,0,0
9937,0,0,0
9938,0,0,0
9939,0,0,0
9940,0,0,0
9941,0,0,0
9942,0,0,0
9943,0,0,0
9944,0,0,0
9945,0,0,0
9946,0,0,0
9947,0,0,0
9948,0,0,0
9949,0,0,0
9950,0,0,0
9951,0,0,0
9952,0,0,0
9953,0,0,0
9954,0,0,0
9955,0,0,0
9956,0,0,0
9957,0,0,0
9958,0,0,0
9959,0,0,0
9960,0,0,0
9961,0,0,0
9962,0,0,0
9963,0,0,0
9964,0,0,0
9965,0,0,0
9966,0,0,0
9967,0,0,0
9968,0,0,0
9969,0,0,0
9970,0,0,0
9971,0,0,0
9972,0,0,0
9973,0,0,0
9974,0,0,0
9975,0,0,0
9976,0,0,0
9977,0,0,0
9978,0,0,0
9979,0,0,0
9980,0,0,0
9981,0,0,0
9982,0,0,0
9983,0,0,0
9984,0,0,0
9985,0,0,0
9986,0,0,0
9987,0,0,0
9988,0,0,0
9989,0,0,0
9990,0,0,0
9991,0,0,0
9992,0,0,0
9993,0,0,0
9994,0,0,0
9995,0,0,0
9996,0,0,0
9997,0,0,0
9998,0,0,0
9999,0,0,0
10000,0,0,0
10001,0,0,0
10002,0,0,0
10003,0,0,0
10004,0,0,0
10005,0,0,0
10006,0,0,0
10007,0,0,0
10008,0,0,0
10009,0,0,0
10010,0,0,0
10011,0,0,0
10012,0,0,0
10013,0,0,0
10014,0,0,0
10015,0,0,0
10016,0,0,0
10017,0,0,0
10018,0,0,0
10019,0,0,0
10020,0,0,0
10021,0,0,0
10022,0,0,0
10023,0,0,0
10024,0,0,0
10025,0,0,0
10026,0,0,0
10027,0,0,0
10028,0,0,0
10029,0,0,0
10030,0,0,0
10031,0,0,0
10032,0,0,0
10033,0,0,0
10034,0,0,0
10035,0,0,0
10036,0,0,0
10037,0,0,0
10038,0,0,0
10039,0,0,0
10040,0,0,0
10041,0,0,0
10042,0,0,0
10043,1,0,1
10044,1,0,1
10045,1,0,1
10046,1,0,1
10047,1,0,1
10048,1,0,1
10049,1,0,1
10050,1,0,1
10051,1,0,1
10052,1,0,1
10053,1,0,1
10054,1,0,1
10055,1,0,1
10056,1,0,1
10057,1,0,1
10058,1,0,1
10059,1,0,1
10060,1,0,1
10061,1,0,1
10062,1,0,1
10063,1,0,1
10064,1,0,1
10065,1,0,1
10066,1,0,1
10067,1,0,1
10068,1,0,1
10069,1,0,1
10070,1,0,1
10071,1,0,1
10072,1,0,1
10073,1,0,1
10074,1,0,1
10075,1,0,1
10076,1,0,1
10077,1,0,1
10078,1,0,1
10079,1,0,1
10080,1,0,1
10081,1,0,1
10082,1,0,1
10083,1,0,1
10084,1,0,1
10085,1,0,1
10086,1,0,1
10087,1,0,1
10088,1,0,1
10089,1,0,1
10090,1,0,1
10091,1,0,1
10092,1,0,1
10093,1,0,1
10094,1,0,1
10095,1,0,1
10096,1,0,1
10097,1,0,1
10098,1,0,1
10099,1,0,1
10100,1,0,1
10101,1,0,1
10102,1,0,1
10103,1,0,1
10104,1,0,1
10105,1,0,1
10106,1,0,1
10107,1,0,1
10108,1,0,1
10109,2,0,2
10110,2,0,2
10111,2,0,2
10112,2,0,2
10113,2,0,2
10114,2,0,2
10115,2,0,2
10116,2,0,2
10117,2,0,2
10118,2,0,2
10119,2,0,2
10120,2,0,2
10121,2,0,2
10122,2,0,2
10123,2,0,2
10124,2,0,2
10125,2,0,2
10126,2,0,2
10127,2,0,2
10128,2,0,2
10129,2,0,2
10130,1,0,1
10131,1,0,1
10132,1,0,1
10133,1,0,1
10134,1,0,1
10135,1,0,1
10136,1,0,1
10137,1,0,1
10138,1,0,1
10139,1,0,1
10140,1,0,1
10141,1,0,1
10142,1,0,1
10143,1,0,1
10144,1,0,1
10145,1,0,1
10146,1,0,1
10147,1,0,1
10148,1,0,1
10149,1,0,1
10150,1,0,1
10151,1,0,1
10152,1,0,1
10153,1,0,1
10154,1,0,1
10155,1,0,1
10156,1,0,1
10157,1,0,1
10158,1,0,1
10159,1,0,1
10160,1,0,1
10161,1,0,1
10162,1,0,1
10163,1,0,1
10164,1,0,1
10165,1,0,1
10166,1,0,1
10167,1,0,1
10168,1,0,1
10169,1,0,1
10170,1,0,1
10171,1,0,1
10172,1,0,1
10173,1,0,1
10174,1,0,1
10175,1,0,1
10176,1,0,1
10177,1,0,1
10178,1,0,1
10179,1,0,1
10180,1,0,1
10181,1,0,1
10182,1,0,1
10183,1,0,1
10184,1,0,1
10185,1,0,1
10186,1,0,1
10187,1,0,1
10188,1,0,1
10189,0,0,0
10190,0,0,0
10191,0,0,0
10192,0,0,0
10193,0,0,0
10194,0,0,0
10195,0,0,0
10196,0,0,0
10197,0,0,0
10198,0,0,0
10199,0,0,0
10200,0,0,0
10201,0,0,0
10202,0,0,0
10203,0,0,0
10204,0,0,0
10205,0,0,0
10206,0,0,0
10207,0,0,0
10208,0,0,0
10209,0,0,0
10210,0,0,0
10211,0,0,0
10212,0,0,0
10213,0,0,0
10214,0,0,0
10215,0,0,0
10216,0,0,0
10217,0,0,0
10218,0,0,0
10219,0,0,0
10220,0,0,0
10221,0,0,0
10222,0,0,0
10223,0,0,0
10224,0,0,0
10225,0,0,0
10226,0,0,0
10227,0,0,0
10228,0,0,0
10229,0,0,0
10230,0,0,0
10231,0,0,0
10232,0,0,0
10233,0,0,0
10234,0,0,0
10235,0,0,0
10236,0,0,0
10237,0,0,0
10238,0,0,0
10239,0,0,0
10240,0,0,0
10241,0,0,0
10242,0,0,0
10243,1,0,1
10244,1,0,1
10245,1,0,1
10246,1,0,1
10247,1,0,1
10248,1,0,1
10249,1,0,1
10250,1,0,1
10251,1,0,1
10252,1,0,1
10253,1,0,1
10254,1,0,1
10255,1,0,1
10256,1,0,1
10257,1,0,1
10258,1,0,1
10259,1,0,1
10260,1,0,1
10261,1,0,1
10262,1,0,1
10263,1,0,1
10264,1,0,1
10265,1,0,1
10266,1,0,1
10267,1,0,1
10268,1,0,1
10269,1,0,1
10270,1,0,1
10271,1,0,1
10272,1,0,1
10273,1,0,1
10274,1,0,1
10275,1,0,1
10276,1,0,1
10277,1,0,1
10278,1,0,1
10279,1,0,1
10280,1,0,1
10281,1,0,1
10282,1,0,1
10283,1,0,1
10284,1,0,1
10285,1,0,1
10286,1,0,1
10287,1,0,1
10288,1,0,1
10289,1,0,1
10290,1,0,1
10291,1,0,1
10292,1,0,1
10293,1,0,1
10294,1,0,1
10295,1,0,1
10296,1,0,1
10297,1,0,1
10298,1,0,1
10299,1,0,1
10300,1,0,1
10301,1,0,1
10302,1,0,1
10303,1,0,1
10304,1,0,1
10305,1,0,1
10306,1,0,1
10307,1,0,1
10308,1,0,1
10309,1,0,1
10310,1,0,1
10311,1,0,1
10312,1,0,1
10313,1,0,1
10314,1,0,1
10315,1,0,1
10316,1,0,1
10317,1,0,1
10318,1,0,1
10319,1,0,1
10320,1,0,1
10321,1,0,1
10322,1,0,1
10323,1,0,1
10324,1,0,1
10325,1,0,1
10326,1,0,1
10327,1,0,1
10328,1,0,1
10329,1,0,1
10330,1,0,1
10331,1,0,1
10332,1,0,1
10333,1,0,1
10334,1,0,1
10335,1,0,1
10336,1,0,1
10337,1,0,1
10338,1,0,1
10339,1,0,1
10340,1,0,1
10341,1,0,1
10342,1,0,1
10343,1,0,1
10344,1,0,1
10345,1,0,1
10346,1,0,1
10347,1,0,1
10348,1,0,1
10349,1,0,1
10350,1,0,1
10351,1,0,1
10352,0,0,0
10353,0,0,0
10354,0,0,0
10355,0,0,0
10356,0,0,0
10357,0,0,0
10358,1,0,1
10359,1,0,1
10360,1,0,1
10361,1,0,1
10362,1,0,1
10363,1,0,1
10364,1,0,1
10365,1,0,1
10366,1,0,1
10367,1,0,1
10368,1,0,1
10369,1,0,1
10370,1,0,1
10371,1,0,1
10372,1,0,1
10373,1,0,1
10374,1,0,1
10375,1,0,1
10376,1,0,1
10377,1,0,1
10378,1,0,1
10379,1,0,1
10380,1,0,1
10381,1,0,1
10382,1,0,1
10383,1,0,1
10384,1,0,1
10385,1,0,1
10386,1,0,1
10387,2,0,2
10388,2,0,2
10389,2,0,2
10390,2,0,2
10391,2,0,2
10392,2,0,2
10393,2,0,2
10394,2,0,2
10395,2,0,2
10396,2,0,2
10397,2,0,2
10398,2,0,2
10399,2,0,2
10400,2,0,2
10401,2,0,2
10402,2,0,2
10403,2,0,2
10404,2,0,2
10405,2,0,2
10406,2,0,2
10407,2,0,2
10408,2,0,2
10409,2,0,2
10410,2,0,2
10411,2,0,2
10412,2,0,2
10413,2,0,2
10414,2,0,2
10415,2,0,2
10416,2,0,2
10417,2,0,2
10418,2,0,2
10419,2,0,2
10420,2,0,2
10421,2,0,2
10422,2,0,2
10423,2,0,2
10424,2,0,2
10425,2,0,2
10426,2,0,2
10427,2,0,2
10428,1,0,1
10429,1,0,1
10430,1,0,1
10431,1,0,1
10432,1,0,1
10433,1,0,1
10434,1,0,1
10435,1,0,1
10436,1,0,1
10437,1,0,1
10438,1,0,1
10439,1,0,1
10440,1,0,1
10441,1,0,1
10442,1,0,1
10443,1,0,1
10444,1,0,1
10445,1,0,1
10446,1,0,1
10447,1,0,1
10448,1,0,1
10449,1,0,1
10450,1,0,1
10451,1,0,1
10452,1,0,1
10453,1,0,1
10454,1,0,1
10455,1,0,1
10456,1,0,1
10457,1,0,1
10458,1,0,1
10459,1,0,1
10460,1,0,1
10461,1,0,1
10462,1,0,1
10463,1,0,1
10464,1,0,1
10465,1,0,1
10466,1,0,1
10467,1,0,1
10468,1,0,1
10469,1,0,1
10470,1,0,1
10471,1,0,1
10472,1,0,1
10473,1,0,1
10474,1,0,1
10475,1,0,1
10476,1,0,1
10477,1,0,1
10478,1,0,1
10479,1,0,1
10480,0,0,0
10481,0,0,0
10482,0,0,0
10483,0,0,0
10484,0,0,0
10485,0,0,0
10486,0,0,0
10487,0,0,0
10488,0,0,0
10489,0,0,0
10490,0,0,0
10491,0,0,0
10492,0,0,0
10493,0,0,0
10494,0,0,0
10495,0,0,0
10496,0,0,0
10497,0,0,0
10498,0,0,0
10499,0,0,0
10500,0,0,0
10501,0,0,0
10502,0,0,0
10503,0,0,0
10504,0,0,0
10505,0,0,0
10506,0,0,0
10507,0,0,0
10508,0,0,0
10509,0,0,0
10510,0,0,0
10511,0,0,0
10512,0,0,0
10513,0,0,0
10514,0,0,0
10515,0,0,0
10516,0,0,0
10517,0,0,0
10518,0,0,0
10519,0,0,0
10520,0,0,0
10521,0,0,0
10522,0,0,0
10523,0,0,0
10524,0,0,0
10525,0,0,0
10526,0,0,0
10527,0,0,0
10528,0,0,0
10529,0,0,0
10530,0,0,0
10531,0,0,0
10532,0,0,0
10533,0,0,0
10534,0,0,0
10535,0,0,0
10536,0,0,0
10537,0,0,0
10538,0,0,0
10539,0,0,0
10540,0,0,0
10541,0,0,0
10542,0,0,0
10543,0,0,0
10544,0,0,0
10545,0,0,0
10546,0,0,0
10547,0,0,0
10548,0,0,0
10549,0,0,0
10550,0,0,0
10551,0,0,0
10552,0,0,0
10553,0,0,0
10554,0,0,0
10555,0,0,0
10556,0,0,0
10557,0,0,0
10558,0,0,0
10559,0,0,0
10560,0,0,0
10561,0,0,0
10562,0,0,0
10563,0,0,0
10564,0,0,0
10565,0,0,0
10566,0,0,0
10567,0,0,0
10568,0,0,0
10569,0,0,0
10570,0,0,0
10571,0,0,0
10572,0,0,0
10573,0,0,0
10574,0,0,0
10575,0,0,0
10576,0,0,0
10577,0,0,0
10578,0,0,0
10579,0,0,0
10580,0,0,0
10581,0,0,0
10582,0,0,0
10583,0,0,0
10584,0,0,0
10585,0,0,0
10586,0,0,0
10587,0,0,0
10588,0,0,0
10589,0,0,0
10590,0,0,0
10591,0,0,0
10592,0,0,0
10593,0,0,0
10594,0,0,0
10595,0,0,0
10596,0,0,0
10597,0,0,0
10598,0,0,0
10599,0,0,0
10600,0,0,0
10601,0,0,0
10602,0,0,0
10603,0,0,0
10604,0,0,0
10605,0,0,0
10606,0,0,0
10607,0,0,0
10608,0,0,0
10609,0,0,0
10610,0,0,0
10611,0,0,0
10612,0,0,0
10613,0,0,0
10614,0,0,0
10615,0,0,0
10616,0,0,0
10617,0,0,0
10618,0,0,0
10619,0,0,0
10620,0,0,0
10621,0,0,0
10622,0,0,0
10623,0,0,0
10624,0,0,0
10625,0,0,0
10626,0,0,0
10627,0,0,0
10628,0,0,0
10629,0,0,0
10630,0,0,0
10631,0,0,0
10632,0,0,0
10633,0,0,0
10634,0,0,0
10635,0,0,0
10636,0,0,0
10637,0,0,0
10638,0,0,0
10639,0,0,0
10640,0,0,0
10641,0,0,0
10642,0,0,0
10643,0,0,0
10644,0,0,0
10645,0,0,0
10646,0,0,0
10647,0,0,0
10648,0,0,0
10649,0,0,0
10650,0,0,0
10651,0,0,0
10652,0,0,0
10653,0,0,0
10654,0,0,0
10655,0,0,0
10656,0,0,0
10657,0,0,0
10658,0,0,0
10659,0,0,0
10660,0,0,0
10661,0,0,0
10662,0,0,0
10663,0,0,0
10664,0,0,0
10665,0,0,0
10666,0,0,0
10667,0,0,0
10668,0,0,0
10669,0,0,0
10670,0,0,0
10671,0,0,0
10672,0,0,0
10673,0,0,0
10674,0,0,0
10675,0,0,0
10676,0,0,0
10677,0,0,0
10678,0,0,0
10679,0,0,0
10680,0,0,0
10681,0,0,0
10682,0,0,0
10683,0,0,0
10684,0,0,0
10685,0,0,0
10686,0,0,0
10687,0,0,0
10688,0,0,0
10689,0,0,0
10690,0,0,0
10691,0,0,0
10692,0,0,0
10693,0,0,0
10694,0,0,0
10695,0,0,0
10696,0,0,0
10697,0,0,0
10698,0,0,0
10699,0,0,0
10700,0,0,0
10701,0,0,0
10702,0,0,0
10703,0,0,0
10704,0,0,0
10705,0,0,0
10706,0,0,0
10707,0,0,0
10708,0,0,0
10709,0,0,0
10710,0,0,0
10711,0,0,0
10712,0,0,0
10713,0,0,0
10714,0,0,0
10715,0,0,0
10716,0,0,0
10717,0,0,0
10718,0,0,0
10719,0,0,0
10720,0,0,0
10721,0,0,0
10722,0,0,0
10723,0,0,0
10724,0,0,0
10725,0,0,0
10726,0,0,0
10727,0,0,0
10728,0,0,0
10729,0,0,0
10730,0,0,0
10731,0,0,0
10732,0,0,0
10733,0,0,0
10734,0,0,0
10735,0,0,0
10736,0,0,0
10737,0,0,0
10738,0,0,0
10739,0,0,0
10740,0,0,0
10741,0,0,0
10742,0,0,0
10743,0,0,0
10744,0,0,0
10745,0,0,0
10746,0,0,0
10747,0,0,0
10748,0,0,0
10749,0,0,0
10750,0,0,0
10751,0,0,0
10752,0,0,0
10753,0,0,0
10754,0,0,0
10755,0,0,0
10756,0,0,0
10757,0,0,0
10758,0,0,0
10759,0,0,0
10760,0,0,0
10761,0,0,0
10762,0,0,0
10763,0,0,0
10764,0,0,0
10765,0,0,0
10766,0,0,0
10767,0,0,0
10768,0,0,0
10769,0,0,0
10770,0,0,0
10771,0,0,0
10772,0,0,0
10773,0,0,0
10774,0,0,0
10775,0,0,0
10776,0,0,0
10777,0,0,0
10778,0,0,0
10779,0,0,0
10780,0,0,0
10781,0,0,0
10782,0,0,0
10783,0,0,0
10784,0,0,0
10785,0,0,0
10786,0,0,0
10787,0,0,0
10788,0,0,0
10789,0,0,0
10790,0,0,0
10791,0,0,0
10792,0,0,0
10793,0,0,0
10794,0,0,0
10795,0,0,0
10796,0,0,0
10797,0,0,0
10798,0,0,0
10799,0,0,0
10800,0,0,0
10801,0,0,0
10802,0,0,0
10803,0,0,0
10804,0,0,0
10805,0,0,0
10806,0,0,0
10807,0,0,0
10808,0,0,0
10809,0,0,0
10810,0,0,0
10811,0,0,0
10812,0,0,0
10813,0,0,0
10814,0,0,0
10815,0,0,0
10816,0,0,0
10817,0,0,0
10818,0,0,0
10819,0,0,0
10820,0,0,0
10821,0,0,0
10822,0,0,0
10823,0,0,0
10824,0,0,0
10825,0,0,0
10826,0,0,0
10827,0,0,0
10828,0,0,0
10829,0,0,0
10830,0,0,0
10831,0,0,0
10832,0,0,0
10833,0,0,0
10834,0,0,0
10835,0,0,0
10836,0,0,0
10837,0,0,0
10838,0,0,0
10839,0,0,0
10840,0,0,0
10841,0,0,0
10842,0,0,0
10843,0,0,0
10844,0,0,0
10845,0,0,0
10846,0,0,0
10847,0,0,0
10848,0,0,0
10849,0,0,0
10850,0,0,0
10851,0,0,0
10852,0,0,0
10853,0,0,0
10854,0,0,0
10855,0,0,0
10856,0,0,0
10857,0,0,0
10858,0,0,0
10859,0,0,0
10860,0,0,0
10861,0,0,0
10862,0,0,0
10863,0,0,0
10864,0,0,0
10865,0,0,0
10866,0,0,0
10867,0,0,0
10868,0,0,0
10869,0,0,0
10870,0,0,0
10871,0,0,0
10872,0,0,0
10873,0,0,0
10874,0,0,0
10875,0,0,0
10876,0,0,0
10877,0,0,0
10878,0,0,0
10879,0,0,0
10880,0,0,0
10881,0,0,0
10882,0,0,0
10883,0,0,0
10884,0,0,0
10885,0,0,0
10886,0,0,0
10887,0,0,0
10888,0,0,0
10889,0,0,0
10890,0,0,0
10891,0,0,0
10892,0,0,0
10893,0,0,0
10894,0,0,0
10895,0,0,0
10896,0,0,0
10897,0,0,0
10898,0,0,0
10899,0,0,0
10900,0,0,0
10901,0,0,0
10902,0,0,0
10903,0,0,0
10904,0,0,0
10905,0,0,0
10906,0,0,0
10907,0,0,0
10908,0,0,0
10909,0,0,0
10910,0,0,0
10911,0,0,0
10912,0,0,0
10913,0,0,0
10914,0,0,0
10915,0,0,0
10916,0,0,0
10917,0,0,0
10918,0,0,0
10919,0,0,0
10920,0,0,0
10921,0,0,0
10922,0,0,0
10923,0,0,0
10924,0,0,0
10925,0,0,0
10926,0,0,0
10927,0,0,0
10928,0,0,0
10929,0,0,0
10930,0,0,0
10931,0,0,0
10932,0,0,0
10933,0,0,0
10934,0,0,0
10935,0,0,0
10936,0,0,0
10937,0,0,0
10938,0,0,0
10939,0,0,0
10940,0,0,0
10941,0,0,0
10942,0,0,0
10943,0,0,0
10944,0,0,0
10945,0,0,0
10946,0,0,0
10947,0,0,0
10948,0,0,0
10949,0,0,0
10950,0,0,0
10951,0,0,0
10952,0,0,0
10953,0,0,0
10954,0,0,0
10955,0,0,0
10956,0,0,0
10957,0,0,0
10958,0,0,0
10959,0,0,0
10960,0,0,0
10961,0,0,0
10962,0,0,0
10963,0,0,0
10964,0,0,0
10965,0,0,0
10966,0,0,0
10967,0,0,0
10968,0,0,0
10969,0,0,0
10970,0,0,0
10971,0,0,0
10972,0,0,0
10973,0,0,0
10974,0,0,0
10975,0,0,0
10976,0,0,0
10977,0,0,0
10978,0,0,0
10979,0,0,0
10980,0,0,0
10981,0,0,0
10982,0,0,0
10983,0,0,0
10984,0,0,0
10985,0,0,0
10986,0,0,0
10987,0,0,0
10988,0,0,0
10989,0,0,0
10990,0,0,0
10991,0,0,0
10992,0,0,0
10993,0,0,0
10994,0,0,0
10995,0,0,0
10996,0,0,0
10997,0,0,0
10998,0,0,0
10999,0,0,0
11000,0,0,0
11001,0,0,0
11002,0,0,0
11003,0,0,0
11004,0,0,0
11005,0,0,0
11006,0,0,0
11007,0,0,0
11008,0,0,0
11009,0,0,0
11010,0,0,0
11011,0,0,0
11012,0,0,0
11013,0,0,0
11014,0,0,0
11015,0,0,0
11016,0,0,0
11017,0,0,0
11018,0,0,0
11019,0,0,0
11020,0,0,0
11021,0,0,0
11022,0,0,0
11023,0,0,0
11024,0,0,0
11025,0,0,0
11026,0,0,0
11027,0,0,0
11028,0,0,0
11029,0,0,0
11030,0,0,0
11031,0,0,0
11032,0,0,0
11033,0,0,0
11034,0,0,0
11035,0,0,0
11036,0,0,0
11037,0,0,0
11038,0,0,0
11039,0,0,0
11040,0,0,0
11041,0,0,0
11042,0,0,0
11043,0,0,0
11044,0,0,0
11045,0,0,0
11046,0,0,0
11047,0,0,0
11048,0,0,0
11049,0,0,0
11050,0,0,0
11051,0,0,0
11052,0,0,0
11053,0,0,0
11054,0,0,0
11055,0,0,0
11056,0,0,0
11057,0,0,0
11058,0,0,0
11059,0,0,0
11060,0,0,0
11061,0,0,0
11062,0,0,0
11063,0,0,0
11064,0,0,0
11065,0,0,0
11066,0,0,0
11067,0,0,0
11068,0,0,0
11069,0,0,0
11070,0,0,0
11071,0,0,0
11072,0,0,0
11073,0,0,0
11074,0,0,0
11075,0,0,0
11076,0,0,0
11077,0,0,0
11078,0,0,0
11079,0,0,0
11080,0,0,0
11081,0,0,0
11082,0,0,0
11083,0,0,0
11084,0,0,0
11085,0,0,0
11086,0,0,0
11087,0,0,0
11088,0,0,0
11089,0,0,0
11090,0,0,0
11091,0,0,0
11092,0,0,0
11093,0,0,0
11094,0,0,0
11095,0,0,0
11096,0,0,0
11097,0,0,0
11098,0,0,0
11099,0,0,0
11100,0,0,0
11101,0,0,0
11102,0,0,0
11103,0,0,0
11104,0,0,0
11105,0,0,0
11106,0,0,0
11107,0,0,0
11108,0,0,0
11109,0,0,0
11110,0,0,0
11111,0,0,0
11112,0,0,0
11113,0,0,0
11114,0,0,0
11115,0,0,0
11116,0,0,0
11117,0,0,0
11118,0,0,0
11119,0,0,0
11120,0,0,0
11121,0,0,0
11122,0,0,0
11123,0,0,0
11124,0,0,0
11125,0,0,0
11126,0,0,0
11127,0,0,0
11128,0,0,0
11129,0,0,0
11130,0,0,0
11131,0,0,0
11132,0,0,0
11133,0,0,0
11134,0,0,0
11135,0,0,0
11136,0,0,0
11137,0,0,0
11138,0,0,0
11139,0,0,0
11140,0,0,0
11141,0,0,0
11142,0,0,0
11143,0,0,0
11144,0,0,0
11145,0,0,0
11146,0,0,0
11147,0,0,0
11148,0,0,0
11149,0,0,0
11150,0,0,0
11151,0,0,0
11152,0,0,0
11153,0,0,0
11154,0,0,0
11155,0,0,0
11156,0,0,0
11157,0,0,0
11158,0,0,0
11159,0,0,0
11160,0,0,0
11161,0,0,0
11162,0,0,0
11163,0,0,0
11164,0,0,0
11165,0,0,0
11166,0,0,0
11167,0,0,0
11168,0,0,0
11169,0,0,0
11170,0,0,0
11171,0,0,0
11172,0,0,0
11173,0,0,0
11174,0,0,0
11175,0,0,0
11176,0,0,0
11177,0,0,0
11178,0,0,0
11179,0,0,0
11180,0,0,0
11181,0,0,0
11182,0,0,0
11183,0,0,0
11184,0,0,0
11185,0,0,0
11186,0,0,0
11187,0,0,0
11188,0,0,0
11189,0,0,0
11190,0,0,0
11191,0,0,0
11192,0,0,0
11193,0,0,0
11194,0,0,0
11195,0,0,0
11196,0,0,0
11197,0,0,0
11198,0,0,0
11199,0,0,0
11200,0,0,0
11201,0,0,0
11202,0,0,0
11203,0,0,0
11204,0,0,0
11205,0,0,0
11206,0,0,0
11207,0,0,0
11208,0,0,0
11209,0,0,0
11210,0,0,0
11211,0,0,0
11212,0,0,0
11213,0,0,0
11214,0,0,0
11215,0,0,0
11216,0,0,0
11217,0,0,0
11218,0,0,0
11219,0,0,0
11220,0,0,0
11221,0,0,0
11222,0,0,0
11223,0,0,0
11224,0,0,0
11225,0,0,0
11226,0,0,0
11227,0,0,0
11228,0,0,0
11229,0,0,0
11230,0,0,0
11231,0,0,0
11232,0,0,0
11233,0,0,0
11234,0,0,0
11235,0,0,0
11236,0,0,0
11237,0,0,0
11238,0,0,0
11239,0,0,0
11240,0,0,0
11241,0,0,0
11242,0,0,0
11243,0,0,0
11244,0,0,0
11245,0,0,0
11246,0,0,0
11247,0,0,0
11248,0,0,0
11249,0,0,0
11250,0,0,0
11251,0,0,0
11252,0,0,0
11253,0,0,0
11254,0,0,0
11255,0,0,0
11256,0,0,0
11257,0,0,0
11258,0,0,0
11259,0,0,0
11260,0,0,0
11261,0,0,0
11262,0,0,0
11263,0,0,0
11264,0,0,0
11265,0,0,0
11266,0,0,0
11267,0,0,0
11268,0,0,0
11269,0,0,0
11270,0,0,0
11271,0,0,0
11272,0,0,0
11273,0,0,0
11274,0,0,0
11275,0,0,0
11276,0,0,0
11277,0,0,0
11278,0,0,0
11279,0,0,0
11280,0,0,0
11281,0,0,0
11282,0,0,0
11283,0,0,0
11284,0,0,0
11285,0,0,0
11286,0,0,0
11287,0,0,0
11288,0,0,0
11289,0,0,0
11290,0,0,0
11291,0,0,0
11292,0,0,0
11293,0,0,0
11294,0,0,0
11295,0,0,0
11296,0,0,0
11297,0,0,0
11298,0,0,0
11299,0,0,0
11300,0,0,0
11301,0,0,0
11302,0,0,0
11303,0,0,0
11304,0,0,0
11305,0,0,0
11306,0,0,0
11307,0,0,0
11308,0,0,0
11309,0,0,0
11310,0,0,0
11311,0,0,0
11312,0,0,0
11313,0,0,0
11314,0,0,0
11315,0,0,0
11316,0,0,0
11317,0,0,0
11318,0,0,0
11319,0,0,0
11320,0,0,0
11321,0,0,0
11322,0,0,0
11323,0,0,0
11324,0,0,0
11325,0,0,0
11326,0,0,0
11327,0,0,0
11328,0,0,0
11329,0,0,0
11330,0,0,0
11331,0,0,0
11332,0,0,0
11333,0,0,0
11334,0,0,0
11335,0,0,0
11336,0,0,0
11337,0,0,0
11338,0,0,0
11339,0,0,0
11340,0,0,0
11341,0,0,0
11342,0,0,0
11343,0,0,0
11344,0,0,0
11345,0,0,0
11346,0,0,0
11347,0,0,0
11348,0,0,0
11349,0,0,0
11350,0,0,0
11351,0,0,0
11352,0,0,0
11353,0,0,0
11354,0,0,0
11355,0,0,0
11356,0,0,0
11357,0,0,0
11358,0,0,0
11359,0,0,0
11360,0,0,0
11361,0,0,0
11362,0,0,0
11363,0,0,0
11364,0,0,0
11365,0,0,0
11366,0,0,0
11367,0,0,0
11368,0,0,0
11369,0,0,0
11370,0,0,0
11371,0,0,0
11372,0,0,0
11373,0,0,0
11374,0,0,0
11375,0,0,0
11376,0,0,0
11377,0,0,0
11378,0,0,0
11379,0,0,0
11380,0,0,0
11381,0,0,0
11382,0,0,0
11383,0,0,0
11384,0,0,0
11385,0,0,0
11386,0,0,0
11387,0,0,0
11388,0,0,0
11389,0,0,0
11390,0,0,0
11391,0,0,0
11392,0,0,0
11393,0,0,0
11394,0,0,0
11395,0,0,0
11396,0,0,0
11397,0,0,0
11398,0,0,0
11399,0,0,0
11400,0,0,0
11401,0,0,0
11402,0,0,0
11403,0,0,0
11404,0,0,0
11405,0,0,0
11406,0,0,0
11407,0,0,0
11408,0,0,0
11409,0,0,0
11410,0,0,0
11411,0,0,0
11412,0,0,0
11413,0,0,0
11414,0,0,0
11415,0,0,0
11416,0,0,0
11417,0,0,0
11418,0,0,0
11419,0,0,0
11420,0,0,0
11421,0,0,0
11422,0,0,0
11423,0,0,0
11424,0,0,0
11425,0,0,0
11426,0,0,0
11427,0,0,0
11428,0,0,0
11429,0,0,0
11430,0,0,0
11431,0,0,0
11432,0,0,0
11433,0,0,0
11434,0,0,0
11435,0,0,0
11436,0,0,0
11437,0,0,0
11438,0,0,0
11439,0,0,0
11440,0,0,0
11441,0,0,0
11442,0,0,0
11443,0,0,0
11444,0,0,0
11445,0,0,0
11446,0,0,0
11447,0,0,0
11448,0,0,0
11449,0,0,0
11450,0,0,0
11451,0,0,0
11452,0,0,0
11453,0,0,0
11454,0,0,0
11455,0,0,0
11456,0,0,0
11457,0,0,0
11458,0,0,0
11459,0,0,0
11460,0,0,0
11461,0,0,0
11462,0,0,0
11463,0,0,0
11464,0,0,0
11465,0,0,0
11466,0,0,0
11467,0,0,0
11468,0,0,0
11469,0,0,0
11470,0,0,0
11471,0,0,0
11472,0,0,0
11473,0,0,0
11474,0,0,0
11475,0,0,0
11476,0,0,0
11477,0,0,0
11478,0,0,0
11479,0,0,0
11480,0,0,0
11481,0,0,0
11482,0,0,0
11483,0,0,0
11484,0,0,0
11485,0,0,0
11486,0,0,0
11487,0,0,0
11488,0,0,0
11489,0,0,0
11490,0,0,0
11491,0,0,0
11492,0,0,0
11493,0,0,0
11494,0,0,0
11495,0,0,0
11496,0,0,0
11497,0,0,0
11498,0,0,0
11499,0,0,0
11500,0,0,0
11501,0,0,0
11502,0,0,0
11503,0,0,0
11504,0,0,0
11505,0,0,0
11506,0,0,0
11507,0,0,0
11508,0,0,0
11509,0,0,0
11510,0,0,0
11511,0,0,0
11512,0,0,0
11513,0,0,0
11514,0,0,0
11515,0,0,0
11516,0,0,0
11517,0,0,0
11518,0,0,0
11519,0,0,0
11520,0,0,0
11521,0,0,0
11522,0,0,0
11523,0,0,0
11524,0,0,0
11525,0,0,0
11526,0,0,0
11527,0,0,0
11528,0,0,0
11529,0,0,0
11530,0,0,0
11531,0,0,0
11532,0,0,0
11533,0,0,0
11534,0,0,0
11535,0,0,0
11536,0,0,0
11537,0,0,0
11538,0,0,0
11539,0,0,0
11540,0,0,0
11541,0,0,0
11542,0,0,0
11543,0,0,0
11544,0,0,0
11545,0,0,0
11546,0,0,0
11547,0,0,0
11548,0,0,0
11549,0,0,0
11550,0,0,0
11551,0,0,0
11552,0,0,0
11553,0,0,0
11554,0,0,0
11555,0,0,0
11556,0,0,0
11557,0,0,0
11558,0,0,0
11559,0,0,0
11560,0,0,0
11561,0,0,0
11562,0,0,0
11563,0,0,0
11564,0,0,0
11565,0,0,0
11566,0,0,0
11567,0,0,0
11568,0,0,0
11569,0,0,0
11570,0,0,0
11571,0,0,0
11572,0,0,0
11573,0,0,0
11574,0,0,0
11575,0,0,0
11576,0,0,0
11577,0,0,0
11578,0,0,0
11579,0,0,0
11580,0,0,0
11581,0,0,0
11582,0,0,0
11583,0,0,0
11584,0,0,0
11585,0,0,0
11586,0,0,0
11587,0,0,0
11588,0,0,0
11589,0,0,0
11590,0,0,0
11591,0,0,0
11592,0,0,0
11593,0,0,0
11594,0,0,0
11595,0,0,0
11596,0,0,0
11597,0,0,0
11598,0,0,0
11599,0,0,0
11600,0,0,0
11601,0,0,0
11602,0,0,0
11603,0,0,0
11604,0,0,0
11605,0,0,0
11606,0,0,0
11607,0,0,0
11608,0,0,0
11609,0,0,0
11610,0,0,0
11611,0,0,0
11612,0,0,0
11613,0,0,0
11614,0,0,0
11615,0,0,0
11616,0,0,0
11617,0,0,0
11618,0,0,0
11619,0,0,0
11620,0,0,0
11621,0,0,0
11622,0,0,0
11623,0,0,0
11624,0,0,0
11625,0,0,0
11626,0,0,0
11627,0,0,0
11628,0,0,0
11629,0,0,0
11630,0,0,0
11631,0,0,0
11632,0,0,0
11633,0,0,0
11634,0,0,0
11635,0,0,0
11636,0,0,0
11637,0,0,0
11638,0,0,0
11639,0,0,0
11640,0,0,0
11641,0,0,0
11642,0,0,0
11643,0,0,0
11644,0,0,0
11645,0,0,0
11646,0,0,0
11647,0,0,0
11648,0,0,0
11649,0,0,0
11650,0,0,0
11651,0,0,0
11652,0,0,0
11653,0,0,0
11654,0,0,0
11655,0,0,0
11656,0,0,0
11657,0,0,0
11658,0,0,0
11659,0,0,0
11660,0,0,0
11661,0,0,0
11662,0,0,0
11663,0,0,0
11664,0,0,0
11665,0,0,0
11666,0,0,0
11667,0,0,0
11668,0,0,0
11669,0,0,0
11670,0,0,0
11671,0,0,0
11672,0,0,0
11673,0,0,0
11674,0,0,0
11675,0,0,0
11676,0,0,0
11677,0,0,0
11678,0,0,0
11679,0,0,0
11680,0,0,0
11681,0,0,0
11682,0,0,0
11683,0,0,0
11684,0,0,0
11685,0,0,0
11686,0,0,0
11687,0,0,0
11688,0,0,0
11689,0,0,0
11690,0,0,0
11691,0,0,0
11692,0,0,0
11693,0,0,0
11694,0,0,0
11695,0,0,0
11696,0,0,0
11697,0,0,0
11698,0,0,0
11699,0,0,0
11700,0,0,0
11701,0,0,0
11702,0,0,0
11703,0,0,0
11704,0,0,0
11705,0,0,0
11706,0,0,0
11707,0,0,0
11708,0,0,0
11709,0,0,0
11710,0,0,0
11711,0,0,0
11712,0,0,0
11713,0,0,0
11714,0,0,0
11715,0,0,0
11716,0,0,0
11717,0,0,0
11718,0,0,0
11719,0,0,0
11720,0,0,0
11721,0,0,0
11722,0,0,0
11723,0,0,0
11724,0,0,0
11725,0,0,0
11726,0,0,0
11727,0,0,0
11728,0,0,0
11729,0,0,0
11730,0,0,0
11731,0,0,0
11732,0,0,0
11733,0,0,0
11734,0,0,0
11735,0,0,0
11736,0,0,0
11737,0,0,0
11738,0,0,0
11739,0,0,0
11740,0,0,0
11741,0,0,0
11742,0,0,0
11743,0,0,0
11744,0,0,0
11745,0,0,0
11746,0,0,0
11747,0,0,0
11748,0,0,0
11749,0,0,0
11750,0,0,0
11751,0,0,0
11752,0,0,0
11753,0,0,0
11754,0,0,0
11755,0,0,0
11756,0,0,0
11757,0,0,0
11758,0,0,0
11759,0,0,0
11760,0,0,0
11761,0,0,0
11762,0,0,0
11763,0,0,0
11764,0,0,0
11765,0,0,0
11766,0,0,0
11767,0,0,0
11768,0,0,0
11769,0,0,0
11770,0,0,0
11771,0,0,0
11772,0,0,0
11773,0,0,0
11774,0,0,0
11775,0,0,0
11776,0,0,0
11777,0,0,0
11778,0,0,0
11779,0,0,0
11780,0,0,0
11781,0,0,0
11782,0,0,0
11783,0,0,0
11784,0,0,0
11785,0,0,0
11786,0,0,0
11787,0,0,0
11788,0,0,0
11789,0,0,0
11790,0,0,0
11791,0,0,0
11792,0,0,0
11793,0,0,0
11794,0,0,0
11795,0,0,0
11796,0,0,0
11797,0,0,0
11798,0,0,0
11799,0,0,0
11800,0,0,0
11801,0,0,0
11802,0,0,0
11803,0,0,0
11804,0,0,0
11805,0,0,0
11806,0,0,0
11807,0,0,0
11808,0,0,0
11809,0,0,0
11810,0,0,0
11811,0,0,0
11812,0,0,0
11813,0,0,0
11814,0,0,0
11815,0,0,0
11816,0,0,0
11817,0,0,0
11818,0,0,0
11819,0,0,0
11820,0,0,0
11821,0,0,0
11822,0,0,0
11823,0,0,0
11824,0,0,0
11825,0,0,0
11826,0,0,0
11827,0,0,0
11828,0,0,0
11829,0,0,0
11830,0,0,0
11831,0,0,0
11832,0,0,0
11833,0,0,0
11834,0,0,0
11835,0,0,0
11836,0,0,0
11837,0,0,0
11838,0,0,0
11839,0,0,0
11840,0,0,0
11841,0,0,0
11842,0,0,0
11843,0,0,0
11844,0,0,0
11845,0,0,0
11846,0,0,0
11847,0,0,0
11848,0,0,0
11849,0,0,0
11850,0,0,0
11851,0,0,0
11852,0,0,0
11853,0,0,0
11854,0,0,0
11855,0,0,0
11856,0,0,0
11857,0,0,0
11858,0,0,0
11859,0,0,0
11860,0,0,0
11861,0,0,0
11862,0,0,0
11863,0,0,0
11864,0,0,0
11865,0,0,0
11866,0,0,0
11867,0,0,0
11868,0,0,0
11869,0,0,0
11870,0,0,0
11871,0,0,0
11872,0,0,0
11873,0,0,0
11874,0,0,0
11875,0,0,0
11876,0,0,0
11877,0,0,0
11878,0,0,0
11879,0,0,0
11880,0,0,0
11881,0,0,0
11882,0,0,0
11883,0,0,0
11884,0,0,0
11885,0,0,0
11886,0,0,0
11887,0,0,0
11888,0,0,0
11889,0,0,0
11890,0,0,0
11891,0,0,0
11892,0,0,0
11893,0,0,0
11894,0,0,0
11895,0,0,0
11896,0,0,0
11897,0,0,0
11898,0,0,0
11899,0,0,0
11900,0,0,0
11901,0,0,0
11902,0,0,0
11903,0,0,0
11904,0,0,0
11905,0,0,0
11906,0,0,0
11907,0,0,0
11908,0,0,0
11909,0,0,0
11910,0,0,0
11911,0,0,0
11912,0,0,0
11913,0,0,0
11914,0,0,0
11915,0,0,0
11916,0,0,0
11917,0,0,0
11918,0,0,0
11919,0,0,0
11920,0,0,0
11921,0,0,0
11922,0,0,0
11923,0,0,0
11924,0,0,0
11925,0,0,0
11926,0,0,0
11927,0,0,0
11928,0,0,0
11929,0,0,0
11930,0,0,0
11931,0,0,0
11932,0,0,0
11933,0,0,0
11934,0,0,0
11935,0,0,0
11936,0,0,0
11937,0,0,0
11938,0,0,0
11939,0,0,0
11940,0,0,0
11941,0,0,0
11942,0,0,0
11943,0,0,0
11944,0,0,0
11945,0,0,0
11946,0,0,0
11947,0,0,0
11948,0,0,0
11949,0,0,0
11950,0,0,0
11951,0,0,0
11952,0,0,0
11953,0,0,0
11954,0,0,0
11955,0,0,0
11956,0,0,0
11957,0,0,0
11958,0,0,0
11959,0,0,0
11960,0,0,0
11961,0,0,0
11962,0,0,0
11963,0,0,0
11964,0,0,0
11965,0,0,0
11966,0,0,0
11967,0,0,0
11968,0,0,0
11969,0,0,0
11970,0,0,0
11971,0,0,0
11972,0,0,0
11973,0,0,0
11974,0,0,0
11975,0,0,0
11976,0,0,0
11977,0,0,0
11978,0,0,0
11979,0,0,0
11980,0,0,0
11981,0,0,0
11982,0,0,0
11983,0,0,0
11984,0,0,0
11985,0,0,0
11986,0,0,0
11987,0,0,0
11988,0,0,0
11989,0,0,0
11990,0,0,0
11991,0,0,0
11992,0,0,0
11993,0,0,0
11994,0,0,0
11995,0,0,0
11996,0,0,0
11997,0,0,0
11998,0,0,0
11999,0,0,0
12000,0,0,0
12001,0,0,0
12002,0,0,0
12003,0,0,0
12004,0,0,0
12005,0,0,0
12006,0,0,0
12007,0,0,0
12008,0,0,0
12009,0,0,0
12010,0,0,0
12011,0,0,0
12012,0,0,0
12013,0,0,0
12014,0,0,0
12015,0,0,0
12016,0,0,0
12017,0,0,0
12018,0,0,0
12019,0,0,0
12020,0,0,0
12021,0,0,0
12022,0,0,0
12023,0,0,0
12024,0,0,0
12025,0,0,0
12026,0,0,0
12027,0,0,0
12028,0,0,0
12029,1,0,1
12030,1,0,1
12031,1,0,1
12032,1,0,1
12033,1,0,1
12034,1,0,1
12035,1,0,1
12036,1,0,1
12037,1,0,1
12038,1,0,1
12039,1,0,1
12040,1,0,1
12041,1,0,1
12042,1,0,1
12043,1,0,1
12044,1,0,1
12045,1,0,1
12046,1,0,1
12047,1,0,1
12048,1,0,1
12049,1,0,1
12050,1,0,1
12051,1,0,1
12052,1,0,1
12053,1,0,1
12054,1,0,1
12055,1,0,1
12056,1,0,1
12057,1,0,1
12058,1,0,1
12059,1,0,1
12060,1,0,1
12061,1,0,1
12062,1,0,1
12063,1,0,1
12064,1,0,1
12065,1,0,1
12066,1,0,1
12067,1,0,1
12068,1,0,1
12069,1,0,1
12070,1,0,1
12071,1,0,1
12072,1,0,1
12073,1,0,1
12074,1,0,1
12075,1,0,1
12076,1,0,1
12077,1,0,1
12078,1,0,1
12079,1,0,1
12080,1,0,1
12081,1,0,1
12082,1,0,1
12083,1,0,1
12084,1,0,1
12085,1,0,1
12086,1,0,1
12087,1,0,1
12088,1,0,1
12089,1,0,1
12090,1,0,1
12091,1,0,1
12092,1,0,1
12093,1,0,1
12094,1,0,1
12095,1,0,1
12096,1,0,1
12097,1,0,1
12098,1,0,1
12099,1,0,1
12100,1,0,1
12101,1,0,1
12102,1,0,1
12103,1,0,1
12104,1,0,1
12105,1,0,1
12106,1,0,1
12107,1,0,1
12108,1,0,1
12109,1,0,1
12110,1,0,1
12111,1,0,1
12112,1,0,1
12113,1,0,1
12114,1,0,1
12115,1,0,1
12116,1,0,1
12117,1,0,1
12118,1,0,1
12119,1,0,1
12120,1,0,1
12121,1,0,1
12122,1,0,1
12123,1,0,1
12124,1,0,1
12125,1,0,1
12126,1,0,1
12127,1,0,1
12128,1,0,1
12129,1,0,1
12130,1,0,1
12131,1,0,1
12132,1,0,1
12133,1,0,1
12134,1,0,1
12135,1,0,1
12136,1,0,1
12137,1,0,1
12138,1,0,1
12139,1,0,1
12140,1,0,1
12141,1,0,1
12142,1,0,1
12143,1,0,1
12144,1,0,1
12145,1,0,1
12146,1,0,1
12147,1,0,1
12148,1,0,1
12149,1,0,1
12150,1,0,1
12151,1,0,1
12152,1,0,1
12153,1,0,1
12154,1,0,1
12155,1,0,1
12156,1,0,1
12157,1,0,1
12158,1,0,1
12159,1,0,1
12160,1,0,1
12161,1,0,1
12162,1,0,1
12163,1,0,1
12164,1,0,1
12165,1,0,1
12166,1,0,1
12167,1,0,1
12168,1,0,1
12169,1,0,1
12170,1,0,1
12171,1,0,1
12172,1,0,1
12173,1,0,1
12174,1,0,1
12175,1,0,1
12176,1,0,1
12177,1,0,1
12178,1,0,1
12179,1,0,1
12180,1,0,1
12181,1,0,1
12182,1,0,1
12183,1,0,1
12184,1,0,1
12185,1,0,1
12186,1,0,1
12187,1,0,1
12188,1,0,1
12189,1,0,1
12190,1,0,1
12191,1,0,1
12192,1,0,1
12193,1,0,1
12194,1,0,1
12195,1,0,1
12196,1,0,1
12197,1,0,1
12198,1,0,1
12199,1,0,1
12200,1,0,1
12201,1,0,1
12202,1,0,1
12203,1,0,1
12204,1,0,1
12205,1,0,1
12206,1,0,1
12207,1,0,1
12208,1,0,1
12209,1,0,1
12210,1,0,1
12211,1,0,1
12212,1,0,1
12213,1,0,1
12214,1,0,1
12215,1,0,1
12216,1,0,1
12217,1,0,1
12218,1,0,1
12219,1,0,1
12220,1,0,1
12221,1,0,1
12222,1,0,1
12223,1,0,1
12224,1,0,1
12225,1,0,1
12226,1,0,1
12227,1,0,1
12228,1,0,1
12229,1,0,1
12230,1,0,1
12231,1,0,1
12232,1,0,1
12233,1,0,1
12234,1,0,1
12235,1,0,1
12236,1,0,1
12237,1,0,1
12238,1,0,1
12239,1,0,1
12240,1,0,1
12241,1,0,1
12242,1,0,1
12243,1,0,1
12244,1,0,1
12245,1,0,1
12246,1,0,1
12247,1,0,1
12248,1,0,1
12249,1,0,1
12250,1,0,1
12251,1,0,1
12252,1,0,1
12253,1,0,1
12254,1,0,1
12255,1,0,1
12256,1,0,1
12257,1,0,1
12258,1,0,1
12259,1,0,1
12260,1,0,1
12261,1,0,1
12262,1,0,1
12263,1,0,1
12264,1,0,1
12265,1,0,1
12266,1,0,1
12267,1,0,1
12268,1,0,1
12269,1,0,1
12270,1,0,1
12271,1,0,1
12272,1,0,1
12273,1,0,1
12274,1,0,1
12275,1,0,1
12276,1,0,1
12277,1,0,1
12278,1,0,1
12279,1,0,1
12280,1,0,1
12281,1,0,1
12282,1,0,1
12283,1,0,1
12284,1,0,1
12285,1,0,1
12286,1,0,1
12287,1,0,1
12288,1,0,1
12289,1,0,1
12290,1,0,1
12291,1,0,1
12292,1,0,1
12293,1,0,1
12294,1,0,1
12295,1,0,1
12296,1,0,1
12297,1,0,1
12298,1,0,1
12299,1,0,1
12300,1,0,1
12301,1,0,1
12302,1,0,1
12303,1,0,1
12304,1,0,1
12305,1,0,1
12306,1,0,1
12307,1,0,1
12308,1,0,1
12309,1,0,1
12310,1,0,1
12311,1,0,1
12312,1,0,1
12313,1,0,1
12314,1,0,1
12315,1,0,1
12316,1,0,1
12317,1,0,1
12318,1,0,1
12319,1,0,1
12320,1,0,1
12321,1,0,1
12322,1,0,1
12323,1,0,1
12324,1,0,1
12325,1,0,1
12326,1,0,1
12327,1,0,1
12328,1,0,1
12329,1,0,1
12330,1,0,1
12331,1,0,1
12332,1,0,1
12333,1,0,1
12334,1,0,1
12335,1,0,1
12336,1,0,1
12337,1,0,1
12338,1,0,1
12339,1,0,1
12340,1,0,1
12341,1,0,1
12342,1,0,1
12343,1,0,1
12344,1,0,1
12345,1,0,1
12346,1,0,1
12347,1,0,1
12348,1,0,1
12349,1,0,1
12350,1,0,1
12351,1,0,1
12352,1,0,1
12353,1,0,1
12354,1,0,1
12355,1,0,1
12356,1,0,1
12357,1,0,1
12358,1,0,1
12359,1,0,1
12360,1,0,1
12361,1,0,1
12362,1,0,1
12363,1,0,1
12364,1,0,1
12365,1,0,1
12366,1,0,1
12367,1,0,1
12368,1,0,1
12369,1,0,1
12370,1,0,1
12371,1,0,1
12372,1,0,1
12373,1,0,1
12374,1,0,1
12375,2,0,2
12376,2,0,2
12377,2,0,2
12378,2,0,2
12379,2,0,2
12380,2,0,2
12381,2,0,2
12382,2,0,2
12383,2,0,2
12384,2,0,2
12385,2,0,2
12386,2,0,2
12387,2,0,2
12388,2,0,2
12389,2,0,2
12390,2,0,2
12391,2,0,2
12392,2,0,2
12393,2,0,2
12394,2,0,2
12395,2,0,2
12396,2,0,2
12397,2,0,2
12398,2,0,2
12399,2,0,2
12400,2,0,2
12401,2,0,2
12402,2,0,2
12403,2,0,2
12404,2,0,2
12405,2,0,2
12406,2,0,2
12407,2,0,2
12408,2,0,2
12409,2,0,2
12410,2,0,2
12411,2,0,2
12412,2,0,2
12413,2,0,2
12414,2,0,2
12415,2,0,2
12416,2,0,2
12417,2,0,2
12418,2,0,2
12419,2,0,2
12420,2,0,2
12421,2,0,2
12422,2,0,2
12423,2,0,2
12424,1,0,1
12425,1,0,1
12426,1,0,1
12427,1,0,1
12428,1,0,1
12429,1,0,1
12430,1,0,1
12431,1,0,1
12432,1,0,1
12433,1,0,1
12434,1,0,1
12435,1,0,1
12436,1,0,1
12437,1,0,1
12438,1,0,1
12439,1,0,1
12440,1,0,1
12441,1,0,1
12442,1,0,1
12443,1,0,1
12444,1,0,1
12445,1,0,1
12446,1,0,1
12447,1,0,1
12448,1,0,1
12449,1,0,1
12450,1,0,1
12451,1,0,1
12452,1,0,1
12453,1,0,1
12454,1,0,1
12455,1,0,1
12456,1,0,1
12457,1,0,1
12458,1,0,1
12459,1,0,1
12460,1,0,1
12461,1,0,1
12462,1,0,1
12463,1,0,1
12464,1,0,1
12465,1,0,1
12466,1,0,1
12467,1,0,1
12468,1,0,1
12469,1,0,1
12470,1,0,1
12471,1,0,1
12472,1,0,1
12473,1,0,1
12474,1,0,1
12475,1,0,1
12476,1,0,1
12477,1,0,1
12478,1,0,1
12479,1,0,1
12480,1,0,1
12481,1,0,1
12482,1,0,1
12483,1,0,1
12484,1,0,1
12485,1,0,1
12486,1,0,1
12487,1,0,1
12488,1,0,1
12489,1,0,1
12490,1,0,1
12491,1,0,1
12492,1,0,1
12493,1,0,1
12494,1,0,1
12495,1,0,1
12496,1,0,1
12497,1,0,1
12498,1,0,1
12499,1,0,1
12500,1,0,1
12501,1,0,1
12502,1,0,1
12503,1,0,1
12504,1,0,1
12505,1,0,1
12506,1,0,1
12507,1,0,1
12508,1,0,1
12509,1,0,1
12510,1,0,1
12511,1,0,1
12512,1,0,1
12513,1,0,1
12514,1,0,1
12515,1,0,1
12516,1,0,1
12517,1,0,1
12518,1,0,1
12519,1,0,1
12520,1,0,1
12521,1,0,1
12522,1,0,1
12523,1,0,1
12524,1,0,1
12525,1,0,1
12526,1,0,1
12527,1,0,1
12528,1,0,1
12529,1,0,1
12530,1,0,1
12531,1,0,1
12532,1,0,1
12533,1,0,1
12534,1,0,1
12535,2,0,2
12536,1,0,1
12537,1,0,1
12538,1,0,1
12539,1,0,1
12540,1,0,1
12541,1,0,1
12542,1,0,1
12543,1,0,1
12544,1,0,1
12545,1,0,1
12546,1,0,1
12547,1,0,1
12548,1,0,1
12549,1,0,1
12550,1,0,1
12551,1,0,1
12552,1,0,1
12553,1,0,1
12554,1,0,1
12555,1,0,1
12556,1,0,1
12557,1,0,1
12558,1,0,1
12559,1,0,1
12560,1,0,1
12561,1,0,1
12562,1,0,1
12563,1,0,1
12564,1,0,1
12565,1,0,1
12566,1,0,1
12567,1,0,1
12568,1,0,1
12569,1,0,1
12570,1,0,1
12571,1,0,1
12572,1,0,1
12573,1,0,1
12574,1,0,1
12575,1,0,1
12576,1,0,1
12577,1,0,1
12578,1,0,1
12579,1,0,1
12580,1,0,1
12581,1,0,1
12582,1,0,1
12583,1,0,1
12584,1,0,1
12585,1,0,1
12586,1,0,1
12587,1,0,1
12588,1,0,1
12589,1,0,1
12590,1,0,1
12591,1,0,1
12592,1,0,1
12593,1,0,1
12594,1,0,1
12595,1,0,1
12596,1,0,1
12597,1,0,1
12598,1,0,1
12599,1,0,1
12600,1,0,1
12601,1,0,1
12602,1,0,1
12603,1,0,1
12604,1,0,1
12605,1,0,1
12606,1,0,1
12607,1,0,1
12608,1,0,1
12609,1,0,1
12610,1,0,1
12611,1,0,1
12612,1,0,1
12613,1,0,1
12614,1,0,1
12615,1,0,1
12616,1,0,1
12617,1,0,1
12618,1,0,1
12619,1,0,1
12620,1,0,1
12621,1,0,1
12622,1,0,1
12623,1,0,1
12624,1,0,1
12625,1,0,1
12626,1,0,1
12627,1,0,1
12628,1,0,1
12629,1,0,1
12630,1,0,1
12631,1,0,1
12632,1,0,1
12633,1,0,1
12634,1,0,1
12635,1,0,1
12636,1,0,1
12637,1,0,1
12638,1,0,1
12639,1,0,1
12640,1,0,1
12641,1,0,1
12642,1,0,1
12643,1,0,1
12644,1,0,1
12645,1,0,1
12646,1,0,1
12647,1,0,1
12648,1,0,1
12649,1,0,1
12650,1,0,1
12651,1,0,1
12652,1,0,1
12653,1,0,1
12654,1,0,1
12655,1,0,1
12656,1,0,1
12657,1,0,1
12658,1,0,1
12659,1,0,1
12660,1,0,1
12661,1,0,1
12662,1,0,1
12663,1,0,1
12664,1,0,1
12665,1,0,1
12666,1,0,1
12667,1,0,1
12668,1,0,1
12669,1,0,1
12670,1,0,1
12671,1,0,1
12672,1,0,1
12673,1,0,1
12674,1,0,1
12675,1,0,1
12676,1,0,1
12677,1,0,1
12678,1,0,1
12679,1,0,1
12680,1,0,1
12681,1,0,1
12682,1,0,1
12683,1,0,1
12684,1,0,1
12685,1,0,1
12686,1,0,1
12687,1,0,1
12688,1,0,1
12689,1,0,1
12690,1,0,1
12691,1,0,1
12692,1,0,1
12693,1,0,1
12694,1,0,1
12695,1,0,1
12696,1,0,1
12697,1,0,1
12698,1,0,1
12699,1,0,1
12700,1,0,1
12701,1,0,1
12702,1,0,1
12703,1,0,1
12704,1,0,1
12705,1,0,1
12706,1,0,1
12707,1,0,1
12708,1,0,1
12709,1,0,1
12710,1,0,1
12711,1,0,1
12712,1,0,1
12713,1,0,1
12714,1,0,1
12715,1,0,1
12716,1,0,1
12717,1,0,1
12718,1,0,1
12719,1,0,1
12720,1,0,1
12721,1,0,1
12722,1,0,1
12723,1,0,1
12724,1,0,1
12725,1,0,1
12726,1,0,1
12727,1,0,1
12728,1,0,1
12729,1,0,1
12730,1,0,1
12731,1,0,1
12732,1,0,1
12733,1,0,1
12734,1,0,1
12735,1,0,1
12736,1,0,1
12737,1,0,1
12738,1,0,1
12739,1,0,1
12740,1,0,1
12741,1,0,1
12742,1,0,1
12743,1,0,1
12744,1,0,1
12745,1,0,1
12746,1,0,1
12747,1,0,1
12748,1,0,1
12749,1,0,1
12750,1,0,1
12751,1,0,1
12752,1,0,1
12753,1,0,1
12754,1,0,1
12755,1,0,1
12756,1,0,1
12757,1,0,1
12758,1,0,1
12759,1,0,1
12760,1,0,1
12761,1,0,1
12762,1,0,1
12763,1,0,1
12764,1,0,1
12765,1,0,1
12766,1,0,1
12767,1,0,1
12768,1,0,1
12769,1,0,1
12770,1,0,1
12771,1,0,1
12772,1,0,1
12773,1,0,1
12774,1,0,1
12775,1,0,1
12776,1,0,1
12777,1,0,1
12778,1,0,1
12779,1,0,1
12780,1,0,1
12781,1,0,1
12782,1,0,1
12783,1,0,1
12784,1,0,1
12785,1,0,1
12786,1,0,1
12787,1,0,1
12788,1,0,1
12789,1,0,1
12790,1,0,1
12791,1,0,1
12792,1,0,1
12793,1,0,1
12794,1,0,1
12795,1,0,1
12796,1,0,1
12797,1,0,1
12798,1,0,1
12799,1,0,1
12800,1,0,1
12801,1,0,1
12802,1,0,1
12803,1,0,1
12804,1,0,1
12805,1,0,1
12806,1,0,1
12807,1,0,1
12808,1,0,1
12809,1,0,1
12810,1,0,1
12811,1,0,1
12812,1,0,1
12813,1,0,1
12814,1,0,1
12815,1,0,1
12816,1,0,1
12817,1,0,1
12818,1,0,1
12819,1,0,1
12820,1,0,1
12821,1,0,1
12822,1,0,1
12823,1,0,1
12824,1,0,1
12825,1,0,1
12826,1,0,1
12827,1,0,1
12828,1,0,1
12829,1,0,1
12830,1,0,1
12831,1,0,1
12832,1,0,1
12833,1,0,1
12834,1,0,1
12835,1,0,1
12836,1,0,1
12837,1,0,1
12838,1,0,1
12839,1,0,1
12840,1,0,1
12841,1,0,1
12842,1,0,1
12843,1,0,1
12844,1,0,1
12845,1,0,1
12846,1,0,1
12847,1,0,1
12848,1,0,1
12849,1,0,1
12850,1,0,1
12851,1,0,1
12852,1,0,1
12853,1,0,1
12854,1,0,1
12855,1,0,1
12856,1,0,1
12857,1,0,1
12858,1,0,1
12859,1,0,1
12860,1,0,1
12861,1,0,1
12862,1,0,1
12863,1,0,1
12864,1,0,1
12865,1,0,1
12866,1,0,1
12867,1,0,1
12868,1,0,1
12869,1,0,1
12870,1,0,1
12871,1,0,1
12872,1,0,1
12873,1,0,1
12874,1,0,1
12875,1,0,1
12876,1,0,1
12877,1,0,1
12878,1,0,1
12879,1,0,1
12880,1,0,1
12881,1,0,1
12882,1,0,1
12883,1,0,1
12884,1,0,1
12885,1,0,1
12886,1,0,1
12887,1,0,1
12888,1,0,1
12889,1,0,1
12890,1,0,1
12891,1,0,1
12892,1,0,1
12893,1,0,1
12894,1,0,1
12895,1,0,1
12896,1,0,1
12897,1,0,1
12898,1,0,1
12899,1,0,1
12900,1,0,1
12901,1,0,1
12902,1,0,1
12903,1,0,1
12904,1,0,1
12905,1,0,1
12906,1,0,1
12907,1,0,1
12908,1,0,1
12909,1,0,1
12910,1,0,1
12911,1,0,1
12912,1,0,1
12913,1,0,1
12914,1,0,1
12915,1,0,1
12916,1,0,1
12917,1,0,1
12918,1,0,1
12919,1,0,1
12920,1,0,1
12921,1,0,1
12922,1,0,1
12923,1,0,1
12924,1,0,1
12925,1,0,1
12926,1,0,1
12927,1,0,1
12928,1,0,1
12929,1,0,1
12930,1,0,1
12931,1,0,1
12932,1,0,1
12933,1,0,1
12934,1,0,1
12935,1,0,1
12936,1,0,1
12937,1,0,1
12938,1,0,1
12939,1,0,1
12940,1,0,1
12941,1,0,1
12942,1,0,1
12943,1,0,1
12944,1,0,1
12945,1,0,1
12946,1,0,1
12947,1,0,1
12948,1,0,1
12949,1,0,1
12950,1,0,1
12951,1,0,1
12952,1,0,1
12953,1,0,1
12954,1,0,1
12955,1,0,1
12956,1,0,1
12957,1,0,1
12958,1,0,1
12959,1,0,1
12960,1,0,1
12961,1,0,1
12962,1,0,1
12963,1,0,1
12964,1,0,1
12965,1,0,1
12966,1,0,1
12967,1,0,1
12968,1,0,1
12969,1,0,1
12970,1,0,1
12971,1,0,1
12972,1,0,1
12973,1,0,1
12974,1,0,1
12975,1,0,1
12976,1,0,1
12977,1,0,1
12978,1,0,1
12979,1,0,1
12980,1,0,1
12981,1,0,1
12982,1,0,1
12983,1,0,1
12984,1,0,1
12985,1,0,1
12986,1,0,1
12987,1,0,1
12988,1,0,1
12989,1,0,1
12990,1,0,1
12991,1,0,1
12992,1,0,1
12993,1,0,1
12994,1,0,1
12995,1,0,1
12996,1,0,1
12997,1,0,1
12998,1,0,1
12999,1,0,1
13000,1,0,1
13001,1,0,1
13002,1,0,1
13003,1,0,1
13004,1,0,1
13005,1,0,1
13006,1,0,1
13007,1,0,1
13008,1,0,1
13009,1,0,1
13010,1,0,1
13011,1,0,1
13012,1,0,1
13013,1,0,1
13014,1,0,1
13015,1,0,1
13016,1,0,1
13017,1,0,1
13018,1,0,1
13019,1,0,1
13020,1,0,1
13021,1,0,1
13022,1,0,1
13023,1,0,1
13024,1,0,1
13025,1,0,1
13026,1,0,1
13027,1,0,1
13028,0,0,0
13029,0,0,0
13030,0,0,0
13031,0,0,0
13032,0,0,0
13033,0,0,0
13034,0,0,0
13035,0,0,0
13036,0,0,0
13037,0,0,0
13038,0,0,0
13039,0,0,0
13040,0,0,0
13041,0,0,0
13042,0,0,0
13043,0,0,0
13044,0,0,0
13045,0,0,0
13046,0,0,0
13047,0,0,0
13048,0,0,0
13049,0,0,0
13050,0,0,0
13051,0,0,0
13052,0,0,0
13053,0,0,0
13054,0,0,0
13055,0,0,0
13056,0,0,0
13057,0,0,0
13058,0,0,0
13059,0,0,0
13060,0,0,0
13061,0,0,0
13062,0,0,0
13063,0,0,0
13064,0,0,0
13065,0,0,0
13066,0,0,0
13067,0,0,0
13068,0,0,0
13069,0,0,0
13070,0,0,0
13071,0,0,0
13072,0,0,0
13073,0,0,0
13074,0,0,0
13075,0,0,0
13076,0,0,0
13077,0,0,0
13078,0,0,0
13079,0,0,0
13080,0,0,0
13081,0,0,0
13082,0,0,0
13083,0,0,0
13084,0,0,0
13085,0,0,0
13086,0,0,0
13087,0,0,0
13088,0,0,0
13089,0,0,0
13090,0,0,0
13091,0,0,0
13092,0,0,0
13093,0,0,0
13094,0,0,0
13095,0,0,0
13096,0,0,0
13097,0,0,0
13098,0,0,0
13099,0,0,0
13100,0,0,0
13101,0,0,0
13102,0,0,0
13103,0,0,0
13104,0,0,0
13105,0,0,0
13106,0,0,0
13107,0,0,0
13108,0,0,0
13109,0,0,0
13110,0,0,0
13111,0,0,0
13112,0,0,0
13113,0,0,0
13114,0,0,0
13115,0,0,0
13116,0,0,0
13117,0,0,0
13118,0,0,0
13119,0,0,0
13120,0,0,0
13121,0,0,0
13122,0,0,0
13123,0,0,0
13124,0,0,0
13125,0,0,0
13126,0,0,0
13127,0,0,0
13128,0,0,0
13129,0,0,0
13130,0,0,0
13131,0,0,0
13132,0,0,0
13133,0,0,0
13134,0,0,0
13135,0,0,0
13136,0,0,0
13137,0,0,0
13138,0,0,0
13139,0,0,0
13140,0,0,0
13141,0,0,0
13142,0,0,0
13143,0,0,0
13144,0,0,0
13145,0,0,0
13146,0,0,0
13147,0,0,0
13148,0,0,0
13149,0,0,0
13150,0,0,0
13151,0,0,0
13152,0,0,0
13153,0,0,0
13154,0,0,0
13155,0,0,0
13156,0,0,0
13157,0,0,0
13158,0,0,0
13159,0,0,0
13160,0,0,0
13161,0,0,0
13162,0,0,0
13163,0,0,0
13164,0,0,0
13165,0,0,0
13166,0,0,0
13167,0,0,0
13168,0,0,0
13169,0,0,0
13170,0,0,0
13171,0,0,0
13172,0,0,0
13173,0,0,0
13174,0,0,0
13175,0,0,0
13176,0,0,0
13177,0,0,0
13178,0,0,0
13179,0,0,0
13180,0,0,0
13181,0,0,0
13182,0,0,0
13183,0,0,0
13184,0,0,0
13185,0,0,0
13186,0,0,0
13187,0,0,0
13188,0,0,0
13189,0,0,0
13190,0,0,0
13191,0,0,0
13192,0,0,0
13193,0,0,0
13194,0,0,0
13195,0,0,0
13196,0,0,0
13197,0,0,0
13198,0,0,0
13199,0,0,0
13200,0,0,0
13201,0,0,0
13202,0,0,0
13203,0,0,0
13204,0,0,0
13205,0,0,0
13206,0,0,0
13207,0,0,0
13208,0,0,0
13209,0,0,0
13210,0,0,0
13211,0,0,0
13212,0,0,0
13213,0,0,0
13214,0,0,0
13215,0,0,0
13216,0,0,0
13217,0,0,0
13218,0,0,0
13219,0,0,0
13220,0,0,0
13221,0,0,0
13222,0,0,0
13223,0,0,0
13224,0,0,0
13225,0,0,0
13226,0,0,0
13227,0,0,0
13228,0,0,0
13229,0,0,0
13230,0,0,0
13231,0,0,0
13232,0,0,0
13233,0,0,0
13234,0,0,0
13235,0,0,0
13236,0,0,0
13237,0,0,0
13238,0,0,0
13239,0,0,0
13240,0,0,0
13241,0,0,0
13242,0,0,0
13243,0,0,0
13244,0,0,0
13245,0,0,0
13246,0,0,0
13247,0,0,0
13248,0,0,0
13249,0,0,0
13250,0,0,0
13251,0,0,0
13252,0,0,0
13253,0,0,0
13254,0,0,0
13255,0,0,0
13256,0,0,0
13257,0,0,0
13258,0,0,0
13259,0,0,0
13260,0,0,0
13261,0,0,0
13262,0,0,0
13263,0,0,0
13264,0,0,0
13265,0,0,0
13266,0,0,0
13267,0,0,0
13268,0,0,0
13269,0,0,0
13270,0,0,0
13271,0,0,0
13272,0,0,0
13273,0,0,0
13274,0,0,0
13275,0,0,0
13276,0,0,0
13277,0,0,0
13278,0,0,0
13279,0,0,0
13280,0,0,0
13281,0,0,0
13282,0,0,0
13283,0,0,0
13284,0,0,0
13285,0,0,0
13286,0,0,0
13287,0,0,0
13288,0,0,0
13289,0,0,0
13290,0,0,0
13291,0,0,0
13292,0,0,0
13293,0,0,0
13294,0,0,0
13295,0,0,0
13296,0,0,0
13297,0,0,0
13298,0,0,0
13299,0,0,0
13300,0,0,0
13301,0,0,0
13302,0,0,0
13303,0,0,0
13304,0,0,0
13305,0,0,0
13306,0,0,0
13307,0,0,0
13308,0,0,0
13309,0,0,0
13310,0,0,0
13311,0,0,0
13312,0,0,0
13313,0,0,0
13314,0,0,0
13315,0,0,0
13316,0,0,0
13317,0,0,0
13318,0,0,0
13319,0,0,0
13320,0,0,0
13321,0,0,0
13322,0,0,0
13323,0,0,0
13324,0,0,0
13325,0,0,0
13326,0,0,0
13327,0,0,0
13328,0,0,0
13329,0,0,0
13330,0,0,0
13331,0,0,0
13332,0,0,0
13333,0,0,0
13334,0,0,0
13335,0,0,0
13336,0,0,0
13337,0,0,0
13338,0,0,0
13339,0,0,0
13340,0,0,0
13341,0,0,0
13342,0,0,0
13343,0,0,0
13344,0,0,0
13345,0,0,0
13346,0,0,0
13347,0,0,0
13348,0,0,0
13349,0,0,0
13350,0,0,0
13351,0,0,0
13352,0,0,0
13353,0,0,0
13354,0,0,0
13355,0,0,0
13356,0,0,0
13357,0,0,0
13358,0,0,0
13359,0,0,0
13360,0,0,0
13361,0,0,0
13362,0,0,0
13363,0,0,0
13364,0,0,0
13365,0,0,0
13366,0,0,0
13367,0,0,0
13368,0,0,0
13369,0,0,0
13370,0,0,0
13371,0,0,0
13372,0,0,0
13373,0,0,0
13374,0,0,0
13375,0,0,0
13376,0,0,0
13377,0,0,0
13378,0,0,0
13379,0,0,0
13380,0,0,0
13381,0,0,0
13382,0,0,0
13383,0,0,0
13384,0,0,0
13385,0,0,0
13386,0,0,0
13387,0,0,0
13388,0,0,0
13389,0,0,0
13390,0,0,0
13391,0,0,0
13392,0,0,0
13393,0,0,0
13394,0,0,0
13395,0,0,0
13396,0,0,0
13397,0,0,0
13398,0,0,0
13399,0,0,0
13400,0,0,0
13401,0,0,0
13402,0,0,0
13403,0,0,0
13404,0,0,0
13405,0,0,0
13406,0,0,0
13407,0,0,0
13408,0,0,0
13409,0,0,0
13410,0,0,0
13411,0,0,0
13412,0,0,0
13413,0,0,0
13414,0,0,0
13415,0,0,0
13416,0,0,0
13417,0,0,0
13418,0,0,0
13419,0,0,0
13420,0,0,0
13421,0,0,0
13422,0,0,0
13423,0,0,0
13424,0,0,0
13425,0,0,0
13426,0,0,0
13427,0,0,0
13428,0,0,0
13429,0,0,0
13430,0,0,0
13431,0,0,0
13432,0,0,0
13433,0,0,0
13434,0,0,0
13435,0,0,0
13436,0,0,0
13437,0,0,0
13438,0,0,0
13439,0,0,0
13440,0,0,0
13441,0,0,0
13442,0,0,0
13443,0,0,0
13444,0,0,0
13445,0,0,0
13446,0,0,0
13447,0,0,0
13448,0,0,0
13449,0,0,0
13450,0,0,0
13451,0,0,0
13452,0,0,0
13453,0,0,0
13454,0,0,0
13455,0,0,0
13456,0,0,0
13457,0,0,0
13458,0,0,0
13459,0,0,0
13460,0,0,0
13461,0,0,0
13462,0,0,0
13463,0,0,0
13464,0,0,0
13465,0,0,0
13466,0,0,0
13467,0,0,0
13468,0,0,0
13469,0,0,0
13470,0,0,0
13471,0,0,0
13472,0,0,0
13473,0,0,0
13474,0,0,0
13475,0,0,0
13476,0,0,0
13477,0,0,0
13478,0,0,0
13479,0,0,0
13480,0,0,0
13481,0,0,0
13482,0,0,0
13483,0,0,0
13484,0,0,0
13485,0,0,0
13486,0,0,0
13487,0,0,0
13488,0,0,0
13489,0,0,0
13490,0,0,0
13491,0,0,0
13492,0,0,0
13493,0,0,0
13494,0,0,0
13495,0,0,0
13496,0,0,0
13497,0,0,0
13498,0,0,0
13499,0,0,0
13500,0,0,0
13501,0,0,0
13502,0,0,0
13503,0,0,0
13504,0,0,0
13505,0,0,0
13506,0,0,0
13507,0,0,0
13508,0,0,0
13509,0,0,0
13510,0,0,0
13511,0,0,0
13512,0,0,0
13513,0,0,0
13514,0,0,0
13515,0,0,0
13516,0,0,0
13517,0,0,0
13518,0,0,0
13519,0,0,0
13520,0,0,0
13521,0,0,0
13522,0,0,0
13523,0,0,0
13524,0,0,0
13525,0,0,0
13526,0,0,0
13527,0,0,0
13528,0,0,0
13529,0,0,0
13530,0,0,0
13531,0,0,0
13532,0,0,0
13533,0,0,0
13534,0,0,0
13535,0,0,0
13536,0,0,0
13537,0,0,0
13538,0,0,0
13539,0,0,0
13540,0,0,0
13541,0,0,0
13542,0,0,0
13543,0,0,0
13544,0,0,0
13545,0,0,0
13546,0,0,0
13547,0,0,0
13548,0,0,0
13549,0,0,0
13550,0,0,0
13551,0,0,0
13552,0,0,0
13553,0,0,0
13554,0,0,0
13555,0,0,0
13556,0,0,0
13557,0,0,0
13558,0,0,0
13559,0,0,0
13560,0,0,0
13561,0,0,0
13562,0,0,0
13563,0,0,0
13564,0,0,0
13565,0,0,0
13566,0,0,0
13567,0,0,0
13568,0,0,0
13569,0,0,0
13570,0,0,0
13571,0,0,0
13572,0,0,0
13573,0,0,0
13574,0,0,0
13575,0,0,0
13576,0,0,0
13577,0,0,0
13578,0,0,0
13579,0,0,0
13580,0,0,0
13581,0,0,0
13582,0,0,0
13583,0,0,0
13584,0,0,0
13585,0,0,0
13586,0,0,0
13587,0,0,0
13588,0,0,0
13589,0,0,0
13590,0,0,0
13591,0,0,0
13592,0,0,0
13593,0,0,0
13594,0,0,0
13595,0,0,0
13596,0,0,0
13597,0,0,0
13598,0,0,0
13599,0,0,0
13600,0,0,0
13601,0,0,0
13602,0,0,0
13603,0,0,0
13604,0,0,0
13605,0,0,0
13606,0,0,0
13607,0,0,0
13608,0,0,0
13609,0,0,0
13610,0,0,0
13611,0,0,0
13612,0,0,0
13613,0,0,0
13614,0,0,0
13615,0,0,0
13616,0,0,0
13617,0,0,0
13618,0,0,0
13619,0,0,0
13620,0,0,0
13621,0,0,0
13622,0,0,0
13623,0,0,0
13624,0,0,0
13625,0,0,0
13626,0,0,0
13627,0,0,0
13628,0,0,0
13629,0,0,0
13630,0,0,0
13631,0,0,0
13632,0,0,0
13633,0,0,0
13634,0,0,0
13635,0,0,0
13636,0,0,0
13637,0,0,0
13638,0,0,0
13639,0,0,0
13640,0,0,0
13641,0,0,0
13642,0,0,0
13643,0,0,0
13644,0,0,0
13645,0,0,0
13646,0,0,0
13647,0,0,0
13648,0,0,0
13649,0,0,0
13650,0,0,0
13651,0,0,0
13652,0,0,0
13653,0,0,0
13654,0,0,0
13655,0,0,0
13656,0,0,0
13657,0,0,0
13658,0,0,0
13659,0,0,0
13660,0,0,0
13661,0,0,0
13662,0,0,0
13663,0,0,0
13664,0,0,0
13665,0,0,0
13666,0,0,0
13667,0,0,0
13668,0,0,0
13669,0,0,0
13670,0,0,0
13671,0,0,0
13672,0,0,0
13673,0,0,0
13674,0,0,0
13675,0,0,0
13676,0,0,0
13677,0,0,0
13678,0,0,0
13679,0,0,0
13680,0,0,0
13681,0,0,0
13682,0,0,0
13683,0,0,0
13684,0,0,0
13685,0,0,0
13686,0,0,0
13687,0,0,0
13688,0,0,0
13689,0,0,0
13690,0,0,0
13691,0,0,0
13692,0,0,0
13693,0,0,0
13694,0,0,0
13695,0,0,0
13696,0,0,0
13697,0,0,0
13698,0,0,0
13699,0,0,0
13700,0,0,0
13701,0,0,0
13702,0,0,0
13703,0,0,0
13704,0,0,0
13705,0,0,0
13706,0,0,0
13707,0,0,0
13708,0,0,0
13709,0,0,0
13710,0,0,0
13711,0,0,0
13712,0,0,0
13713,0,0,0
13714,0,0,0
13715,0,0,0
13716,0,0,0
13717,0,0,0
13718,0,0,0
13719,0,0,0
13720,0,0,0
13721,0,0,0
13722,0,0,0
13723,0,0,0
13724,0,0,0
13725,0,0,0
13726,0,0,0
13727,0,0,0
13728,0,0,0
13729,0,0,0
13730,0,0,0
13731,0,0,0
13732,0,0,0
13733,0,0,0
13734,0,0,0
13735,0,0,0
13736,0,0,0
13737,0,0,0
13738,0,0,0
13739,0,0,0
13740,0,0,0
13741,0,0,0
13742,0,0,0
13743,0,0,0
13744,0,0,0
13745,0,0,0
13746,0,0,0
13747,0,0,0
13748,0,0,0
13749,0,0,0
13750,0,0,0
13751,0,0,0
13752,0,0,0
13753,0,0,0
13754,0,0,0
13755,0,0,0
13756,0,0,0
13757,0,0,0
13758,0,0,0
13759,0,0,0
13760,0,0,0
13761,0,0,0
13762,0,0,0
13763,0,0,0
13764,0,0,0
13765,0,0,0
13766,0,0,0
13767,0,0,0
13768,0,0,0
13769,0,0,0
13770,0,0,0
13771,0,0,0
13772,0,0,0
13773,0,0,0
13774,0,0,0
13775,0,0,0
13776,0,0,0
13777,0,0,0
13778,0,0,0
13779,0,0,0
13780,0,0,0
13781,0,0,0
13782,0,0,0
13783,0,0,0
13784,0,0,0
13785,0,0,0
13786,0,0,0
13787,0,0,0
13788,0,0,0
13789,0,0,0
13790,0,0,0
13791,0,0,0
13792,0,0,0
13793,0,0,0
13794,0,0,0
13795,0,0,0
13796,0,0,0
13797,0,0,0
13798,0,0,0
13799,0,0,0
13800,0,0,0
13801,0,0,0
13802,0,0,0
13803,0,0,0
13804,0,0,0
13805,0,0,0
13806,0,0,0
13807,0,0,0
13808,0,0,0
13809,0,0,0
13810,0,0,0
13811,0,0,0
13812,0,0,0
13813,0,0,0
13814,0,0,0
13815,0,0,0
13816,0,0,0
13817,0,0,0
13818,0,0,0
13819,0,0,0
13820,0,0,0
13821,0,0,0
13822,0,0,0
13823,0,0,0
13824,0,0,0
13825,0,0,0
13826,0,0,0
13827,0,0,0
13828,0,0,0
13829,0,0,0
13830,0,0,0
13831,0,0,0
13832,0,0,0
13833,0,0,0
13834,0,0,0
13835,0,0,0
13836,0,0,0
13837,0,0,0
13838,0,0,0
13839,0,0,0
13840,0,0,0
13841,0,0,0
13842,0,0,0
13843,0,0,0
13844,0,0,0
13845,0,0,0
13846,0,0,0
13847,0,0,0
13848,0,0,0
13849,0,0,0
13850,0,0,0
13851,0,0,0
13852,0,0,0
13853,0,0,0
13854,0,0,0
13855,0,0,0
13856,0,0,0
13857,0,0,0
13858,0,0,0
13859,0,0,0
13860,0,0,0
13861,0,0,0
13862,0,0,0
13863,0,0,0
13864,0,0,0
13865,0,0,0
13866,0,0,0
13867,0,0,0
13868,0,0,0
13869,0,0,0
13870,0,0,0
13871,0,0,0
13872,0,0,0
13873,0,0,0
13874,0,0,0
13875,0,0,0
13876,0,0,0
13877,0,0,0
13878,0,0,0
13879,0,0,0
13880,0,0,0
13881,0,0,0
13882,0,0,0
13883,0,0,0
13884,0,0,0
13885,0,0,0
13886,0,0,0
13887,0,0,0
13888,0,0,0
13889,0,0,0
13890,0,0,0
13891,0,0,0
13892,0,0,0
13893,0,0,0
13894,0,0,0
13895,0,0,0
13896,0,0,0
13897,0,0,0
13898,0,0,0
13899,0,0,0
13900,0,0,0
13901,0,0,0
13902,0,0,0
13903,0,0,0
13904,0,0,0
13905,0,0,0
13906,0,0,0
13907,0,0,0
13908,0,0,0
13909,0,0,0
13910,0,0,0
13911,0,0,0
13912,0,0,0
13913,0,0,0
13914,0,0,0
13915,0,0,0
13916,0,0,0
13917,0,0,0
13918,0,0,0
13919,0,0,0
13920,0,0,0
13921,0,0,0
13922,0,0,0
13923,0,0,0
13924,0,0,0
13925,0,0,0
13926,0,0,0
13927,0,0,0
13928,0,0,0
13929,0,0,0
13930,0,0,0
13931,0,0,0
13932,0,0,0
13933,0,0,0
13934,0,0,0
13935,0,0,0
13936,0,0,0
13937,0,0,0
13938,0,0,0
13939,0,0,0
13940,0,0,0
13941,0,0,0
13942,0,0,0
13943,0,0,0
13944,0,0,0
13945,0,0,0
13946,0,0,0
13947,0,0,0
13948,0,0,0
13949,0,0,0
13950,0,0,0
13951,0,0,0
13952,0,0,0
13953,0,0,0
13954,0,0,0
13955,0,0,0
13956,0,0,0
13957,0,0,0
13958,0,0,0
13959,0,0,0
13960,0,0,0
13961,0,0,0
13962,0,0,0
13963,0,0,0
13964,0,0,0
13965,0,0,0
13966,0,0,0
13967,0,0,0
13968,0,0,0
13969,0,0,0
13970,0,0,0
13971,0,0,0
13972,0,0,0
13973,0,0,0
13974,0,0,0
13975,0,0,0
13976,0,0,0
13977,0,0,0
13978,0,0,0
13979,0,0,0
13980,0,0,0
13981,0,0,0
13982,0,0,0
13983,0,0,0
13984,0,0,0
13985,0,0,0
13986,0,0,0
13987,0,0,0
13988,0,0,0
13989,0,0,0
13990,0,0,0
13991,0,0,0
13992,0,0,0
13993,0,0,0
13994,0,0,0
13995,0,0,0
13996,0,0,0
13997,0,0,0
13998,0,0,0
13999,0,0,0
14000,0,0,0
14001,0,0,0
14002,0,0,0
14003,0,0,0
14004,0,0,0
14005,0,0,0
14006,0,0,0
14007,0,0,0
14008,0,0,0
14009,0,0,0
14010,0,0,0
14011,0,0,0
14012,0,0,0
14013,0,0,0
14014,0,0,0
14015,0,0,0
14016,0,0,0
14017,0,0,0
14018,0,0,0
14019,0,0,0
14020,0,0,0
14021,0,0,0
14022,0,0,0
14023,0,0,0
14024,0,0,0
14025,0,0,0
14026,0,0,0
14027,0,0,0
14028,0,0,0
14029,0,0,0
14030,0,0,0
14031,0,0,0
14032,0,0,0
14033,0,0,0
14034,0,0,0
14035,0,0,0
14036,0,0,0
14037,0,0,0
14038,0,0,0
14039,0,0,0
14040,0,0,0
14041,0,0,0
14042,0,0,0
14043,0,0,0
14044,0,0,0
14045,0,0,0
14046,0,0,0
14047,0,0,0
14048,0,0,0
14049,0,0,0
14050,0,0,0
14051,0,0,0
14052,0,0,0
14053,0,0,0
14054,0,0,0
14055,0,0,0
14056,0,0,0
14057,0,0,0
14058,0,0,0
14059,0,0,0
14060,0,0,0
14061,0,0,0
14062,0,0,0
14063,0,0,0
14064,0,0,0
14065,0,0,0
14066,0,0,0
14067,0,0,0
14068,0,0,0
14069,0,0,0
14070,0,0,0
14071,0,0,0
14072,0,0,0
14073,0,0,0
14074,0,0,0
14075,0,0,0
14076,0,0,0
14077,0,0,0
14078,0,0,0
14079,0,0,0
14080,0,0,0
14081,0,0,0
14082,0,0,0
14083,0,0,0
14084,0,0,0
14085,0,0,0
14086,0,0,0
14087,0,0,0
14088,0,0,0
14089,0,0,0
14090,0,0,0
14091,0,0,0
14092,0,0,0
14093,0,0,0
14094,0,0,0
14095,0,0,0
14096,0,0,0
14097,0,0,0
14098,0,0,0
14099,0,0,0
14100,0,0,0
14101,0,0,0
14102,0,0,0
14103,0,0,0
14104,0,0,0
14105,0,0,0
14106,0,0,0
14107,0,0,0
14108,0,0,0
14109,0,0,0
14110,0,0,0
14111,0,0,0
14112,0,0,0
14113,0,0,0
14114,0,0,0
14115,0,0,0
14116,0,0,0
14117,0,0,0
14118,0,0,0
14119,0,0,0
14120,0,0,0
14121,0,0,0
14122,0,0,0
14123,0,0,0
14124,0,0,0
14125,0,0,0
14126,0,0,0
14127,0,0,0
14128,0,0,0
14129,0,0,0
14130,0,0,0
14131,0,0,0
14132,0,0,0
14133,0,0,0
14134,0,0,0
14135,0,0,0
14136,0,0,0
14137,0,0,0
14138,0,0,0
14139,0,0,0
14140,0,0,0
14141,0,0,0
14142,0,0,0
14143,0,0,0
14144,0,0,0
14145,0,0,0
14146,0,0,0
14147,0,0,0
14148,0,0,0
14149,0,0,0
14150,0,0,0
14151,0,0,0
14152,0,0,0
14153,0,0,0
14154,0,0,0
14155,0,0,0
14156,0,0,0
14157,0,0,0
14158,0,0,0
14159,0,0,0
14160,0,0,0
14161,0,0,0
14162,0,0,0
14163,0,0,0
14164,0,0,0
14165,0,0,0
14166,0,0,0
14167,0,0,0
14168,0,0,0
14169,0,0,0
14170,0,0,0
14171,0,0,0
14172,0,0,0
14173,0,0,0
14174,0,0,0
14175,0,0,0
14176,0,0,0
14177,0,0,0
14178,0,0,0
14179,0,0,0
14180,0,0,0
14181,0,0,0
14182,0,0,0
14183,0,0,0
14184,0,0,0
14185,0,0,0
14186,0,0,0
14187,0,0,0
14188,0,0,0
14189,0,0,0
14190,0,0,0
14191,0,0,0
14192,0,0,0
14193,0,0,0
14194,0,0,0
14195,0,0,0
14196,0,0,0
14197,0,0,0
14198,0,0,0
14199,0,0,0
14200,0,0,0
14201,0,0,0
14202,0,0,0
14203,0,0,0
14204,0,0,0
14205,0,0,0
14206,0,0,0
14207,0,0,0
14208,0,0,0
14209,0,0,0
14210,0,0,0
14211,0,0,0
14212,0,0,0
14213,0,0,0
14214,0,0,0
14215,0,0,0
14216,0,0,0
14217,0,0,0
14218,0,0,0
14219,0,0,0
14220,0,0,0
14221,0,0,0
14222,0,0,0
14223,0,0,0
14224,0,0,0
14225,0,0,0
14226,0,0,0
14227,0,0,0
14228,0,0,0
14229,0,0,0
14230,0,0,0
14231,0,0,0
14232,0,0,0
14233,0,0,0
14234,0,0,0
14235,0,0,0
14236,0,0,0
14237,0,0,0
14238,0,0,0
14239,0,0,0
14240,0,0,0
14241,0,0,0
14242,0,0,0
14243,0,0,0
14244,0,0,0
14245,0,0,0
14246,0,0,0
14247,0,0,0
14248,0,0,0
14249,0,0,0
14250,0,0,0
14251,0,0,0
14252,0,0,0
14253,0,0,0
14254,0,0,0
14255,0,0,0
14256,0,0,0
14257,0,0,0
14258,0,0,0
14259,0,0,0
14260,0,0,0
14261,0,0,0
14262,0,0,0
14263,0,0,0
14264,0,0,0
14265,0,0,0
14266,0,0,0
14267,0,0,0
14268,0,0,0
14269,0,0,0
14270,0,0,0
14271,0,0,0
14272,0,0,0
14273,0,0,0
14274,0,0,0
14275,0,0,0
14276,0,0,0
14277,0,0,0
14278,0,0,0
14279,0,0,0
14280,0,0,0
14281,0,0,0
14282,0,0,0
14283,0,0,0
14284,0,0,0
14285,0,0,0
14286,0,0,0
14287,0,0,0
14288,0,0,0
14289,0,0,0
14290,0,0,0
14291,0,0,0
14292,0,0,0
14293,0,0,0
14294,0,0,0
14295,0,0,0
14296,0,0,0
14297,0,0,0
14298,0,0,0
14299,0,0,0
14300,0,0,0
14301,0,0,0
14302,0,0,0
14303,0,0,0
14304,0,0,0
14305,0,0,0
14306,0,0,0
14307,0,0,0
14308,0,0,0
14309,0,0,0
14310,0,0,0
14311,0,0,0
14312,0,0,0
14313,0,0,0
14314,0,0,0
14315,0,0,0
14316,0,0,0
14317,0,0,0
14318,0,0,0
14319,0,0,0
14320,0,0,0
14321,0,0,0
14322,0,0,0
14323,0,0,0
14324,0,0,0
14325,0,0,0
14326,0,0,0
14327,0,0,0
14328,0,0,0
14329,0,0,0
14330,0,0,0
14331,0,0,0
14332,0,0,0
14333,0,0,0
14334,0,0,0
14335,0,0,0
14336,0,0,0
14337,0,0,0
14338,0,0,0
14339,0,0,0
14340,0,0,0
14341,0,0,0
14342,0,0,0
14343,0,0,0
14344,0,0,0
14345,0,0,0
14346,0,0,0
14347,0,0,0
14348,0,0,0
14349,0,0,0
14350,0,0,0
14351,0,0,0
14352,0,0,0
14353,0,0,0
14354,0,0,0
14355,0,0,0
14356,0,0,0
14357,0,0,0
14358,0,0,0
14359,0,0,0
14360,0,0,0
14361,0,0,0
14362,0,0,0
14363,0,0,0
14364,0,0,0
14365,0,0,0
14366,0,0,0
14367,0,0,0
14368,0,0,0
14369,0,0,0
14370,0,0,0
14371,0,0,0
14372,0,0,0
14373,0,0,0
14374,0,0,0
14375,0,0,0
14376,0,0,0
14377,0,0,0
14378,0,0,0
14379,0,0,0
14380,0,0,0
14381,0,0,0
14382,0,0,0
14383,0,0,0
14384,0,0,0
14385,0,0,0
14386,0,0,0
14387,0,0,0
14388,0,0,0
14389,0,0,0
14390,0,0,0
14391,0,0,0
14392,0,0,0
14393,0,0,0
14394,0,0,0
14395,0,0,0
14396,0,0,0
14397,0,0,0
14398,0,0,0
14399,0,0,0
14400,0,0,0
14401,0,0,0
14402,0,0,0
14403,0,0,0
14404,0,0,0
14405,0,0,0
14406,0,0,0
14407,0,0,0
14408,0,0,0
14409,0,0,0
14410,0,0,0
14411,0,0,0
14412,0,0,0
14413,0,0,0
14414,0,0,0
14415,0,0,0
14416,0,0,0
14417,0,0,0
14418,0,0,0
14419,0,0,0
14420,0,0,0
14421,0,0,0
14422,0,0,0
14423,0,0,0
14424,0,0,0
14425,0,0,0
14426,0,0,0
14427,0,0,0
14428,0,0,0
14429,0,0,0
14430,0,0,0
14431,0,0,0
14432,0,0,0
14433,0,0,0
14434,0,0,0
14435,0,0,0
14436,0,0,0
14437,0,0,0
14438,0,0,0
14439,0,0,0
14440,0,0,0
14441,0,0,0
14442,0,0,0
14443,0,0,0
14444,0,0,0
14445,0,0,0
14446,0,0,0
14447,0,0,0
14448,0,0,0
14449,0,0,0
14450,0,0,0
14451,0,0,0
14452,0,0,0
14453,0,0,0
14454,0,0,0
14455,0,0,0
14456,0,0,0
14457,0,0,0
14458,0,0,0
14459,0,0,0
14460,0,0,0
14461,0,0,0
14462,0,0,0
14463,0,0,0
14464,0,0,0
14465,0,0,0
14466,0,0,0
14467,0,0,0
14468,0,0,0
14469,0,0,0
14470,0,0,0
14471,0,0,0
14472,0,0,0
14473,0,0,0
14474,0,0,0
14475,0,0,0
14476,0,0,0
14477,0,0,0
14478,0,0,0
14479,0,0,0
14480,0,0,0
14481,0,0,0
14482,0,0,0
14483,0,0,0
14484,0,0,0
14485,0,0,0
14486,0,0,0
14487,0,0,0
14488,0,0,0
14489,0,0,0
14490,0,0,0
14491,0,0,0
14492,0,0,0
14493,0,0,0
14494,0,0,0
14495,0,0,0
14496,0,0,0
14497,0,0,0
14498,0,0,0
14499,0,0,0
14500,0,0,0
14501,0,0,0
14502,0,0,0
14503,0,0,0
14504,0,0,0
14505,0,0,0
14506,0,0,0
14507,0,0,0
14508,0,0,0
14509,0,0,0
14510,0,0,0
14511,0,0,0
14512,0,0,0
14513,0,0,0
14514,0,0,0
14515,0,0,0
14516,0,0,0
14517,0,0,0
14518,0,0,0
14519,0,0,0
14520,0,0,0
14521,0,0,0
14522,0,0,0
14523,0,0,0
14524,0,0,0
14525,0,0,0
14526,0,0,0
14527,0,0,0
14528,0,0,0
14529,0,0,0
14530,0,0,0
14531,0,0,0
14532,0,0,0
14533,0,0,0
14534,0,0,0
14535,0,0,0
14536,0,0,0
14537,0,0,0
14538,0,0,0
14539,0,0,0
14540,0,0,0
14541,0,0,0
14542,0,0,0
14543,0,0,0
14544,0,0,0
14545,0,0,0
14546,0,0,0
14547,0,0,0
14548,0,0,0
14549,0,0,0
14550,0,0,0
14551,0,0,0
14552,0,0,0
14553,0,0,0
14554,0,0,0
14555,0,0,0
14556,0,0,0
14557,0,0,0
14558,0,0,0
14559,0,0,0
14560,0,0,0
14561,0,0,0
14562,0,0,0
14563,0,0,0
14564,0,0,0
14565,0,0,0
14566,0,0,0
14567,0,0,0
14568,0,0,0
14569,0,0,0
14570,0,0,0
14571,0,0,0
14572,0,0,0
14573,0,0,0
14574,0,0,0
14575,0,0,0
14576,0,0,0
14577,0,0,0
14578,0,0,0
14579,0,0,0
14580,0,0,0
14581,0,0,0
14582,0,0,0
14583,0,0,0
14584,0,0,0
14585,0,0,0
14586,0,0,0
14587,0,0,0
14588,0,0,0
14589,0,0,0
14590,0,0,0
14591,0,0,0
14592,0,0,0
14593,0,0,0
14594,0,0,0
14595,0,0,0
14596,0,0,0
14597,0,0,0
14598,0,0,0
14599,0,0,0
14600,0,0,0
14601,0,0,0
14602,0,0,0
14603,0,0,0
14604,0,0,0
14605,0,0,0
14606,0,0,0
14607,0,0,0
14608,0,0,0
14609,0,0,0
14610,0,0,0
14611,0,0,0
14612,0,0,0
14613,0,0,0
14614,0,0,0
14615,0,0,0
14616,0,0,0
14617,0,0,0
14618,0,0,0
14619,0,0,0
14620,0,0,0
14621,0,0,0
14622,0,0,0
14623,0,0,0
14624,0,0,0
14625,0,0,0
14626,0,0,0
14627,0,0,0
14628,0,0,0
14629,0,0,0
14630,0,0,0
14631,0,0,0
14632,0,0,0
14633,0,0,0
14634,0,0,0
14635,0,0,0
14636,0,0,0
14637,0,0,0
14638,0,0,0
14639,0,0,0
14640,0,0,0
14641,0,0,0
14642,0,0,0
14643,0,0,0
14644,0,0,0
14645,0,0,0
14646,0,0,0
14647,0,0,0
14648,0,0,0
14649,0,0,0
14650,0,0,0
14651,0,0,0
14652,0,0,0
14653,0,0,0
14654,0,0,0
14655,0,0,0
14656,0,0,0
14657,0,0,0
14658,0,0,0
14659,0,0,0
14660,0,0,0
14661,0,0,0
14662,0,0,0
14663,0,0,0
14664,0,0,0
14665,0,0,0
14666,0,0,0
14667,0,0,0
14668,0,0,0
14669,0,0,0
14670,0,0,0
14671,0,0,0
14672,0,0,0
14673,0,0,0
14674,0,0,0
14675,0,0,0
14676,0,0,0
14677,0,0,0
14678,0,0,0
14679,0,0,0
14680,0,0,0
14681,0,0,0
14682,0,0,0
14683,0,0,0
14684,0,0,0
14685,0,0,0
14686,0,0,0
14687,0,0,0
14688,0,0,0
14689,0,0,0
14690,0,0,0
14691,0,0,0
14692,0,0,0
14693,0,0,0
14694,0,0,0
14695,0,0,0
14696,0,0,0
14697,0,0,0
14698,0,0,0
14699,0,0,0
14700,0,0,0
14701,0,0,0
14702,0,0,0
14703,0,0,0
14704,0,0,0
14705,0,0,0
14706,0,0,0
14707,0,0,0
14708,0,0,0
14709,0,0,0
14710,0,0,0
14711,0,0,0
14712,0,0,0
14713,0,0,0
14714,0,0,0
14715,0,0,0
14716,0,0,0
14717,0,0,0
14718,1,0,1
14719,1,0,1
14720,1,0,1
14721,1,0,1
14722,1,0,1
14723,1,0,1
14724,1,0,1
14725,1,0,1
14726,1,0,1
14727,1,0,1
14728,1,0,1
14729,1,0,1
14730,1,0,1
14731,1,0,1
14732,1,0,1
14733,1,0,1
14734,1,0,1
14735,1,0,1
14736,1,0,1
14737,1,0,1
14738,1,0,1
14739,1,0,1
14740,1,0,1
14741,1,0,1
14742,1,0,1
14743,1,0,1
14744,1,0,1
14745,1,0,1
14746,1,0,1
14747,1,0,1
14748,1,0,1
14749,1,0,1
14750,1,0,1
14751,1,0,1
14752,1,0,1
14753,1,0,1
14754,1,0,1
14755,1,0,1
14756,1,0,1
14757,1,0,1
14758,1,0,1
14759,1,0,1
14760,1,0,1
14761,1,0,1
14762,1,0,1
14763,1,0,1
14764,1,0,1
14765,1,0,1
14766,1,0,1
14767,1,0,1
14768,1,0,1
14769,1,0,1
14770,1,0,1
14771,1,0,1
14772,1,0,1
14773,1,0,1
14774,1,0,1
14775,1,0,1
14776,1,0,1
14777,1,0,1
14778,1,0,1
14779,1,0,1
14780,1,0,1
14781,1,0,1
14782,1,0,1
14783,1,0,1
14784,1,0,1
14785,1,0,1
14786,1,0,1
14787,1,0,1
14788,1,0,1
14789,1,0,1
14790,1,0,1
14791,1,0,1
14792,1,0,1
14793,1,0,1
14794,1,0,1
14795,1,0,1
14796,1,0,1
14797,1,0,1
14798,1,0,1
14799,1,0,1
14800,1,0,1
14801,1,0,1
14802,1,0,1
14803,1,0,1
14804,1,0,1
14805,1,0,1
14806,1,0,1
14807,1,0,1
14808,1,0,1
14809,1,0,1
14810,1,0,1
14811,1,0,1
14812,1,0,1
14813,1,0,1
14814,1,0,1
14815,1,0,1
14816,1,0,1
14817,1,0,1
14818,1,0,1
14819,0,0,0
14820,0,0,0
14821,0,0,0
14822,0,0,0
14823,0,0,0
14824,0,0,0
14825,0,0,0
14826,0,0,0
14827,0,0,0
14828,0,0,0
14829,0,0,0
14830,0,0,0
14831,0,0,0
14832,0,0,0
14833,0,0,0
14834,0,0,0
14835,0,0,0
14836,0,0,0
14837,0,0,0
14838,0,0,0
14839,0,0,0
14840,0,0,0
14841,0,0,0
14842,0,0,0
14843,0,0,0
14844,0,0,0
14845,0,0,0
14846,0,0,0
14847,0,0,0
14848,0,0,0
14849,0,0,0
14850,0,0,0
14851,0,0,0
14852,0,0,0
14853,0,0,0
14854,0,0,0
14855,0,0,0
14856,0,0,0
14857,0,0,0
14858,0,0,0
14859,0,0,0
14860,0,0,0
14861,0,0,0
14862,0,0,0
14863,0,0,0
14864,0,0,0
14865,0,0,0
14866,0,0,0
14867,0,0,0
14868,0,0,0
14869,0,0,0
14870,0,0,0
14871,0,0,0
14872,0,0,0
14873,0,0,0
14874,0,0,0
14875,0,0,0
14876,0,0,0
14877,0,0,0
14878,0,0,0
14879,0,0,0
14880,0,0,0
14881,0,0,0
14882,0,0,0
14883,0,0,0
14884,0,0,0
14885,0,0,0
14886,0,0,0
14887,0,0,0
14888,0,0,0
14889,0,0,0
14890,0,0,0
14891,0,0,0
14892,0,0,0
14893,0,0,0
14894,0,0,0
14895,0,0,0
14896,0,0,0
14897,0,0,0
14898,0,0,0
14899,0,0,0
14900,0,0,0
14901,0,0,0
14902,0,0,0
14903,0,0,0
14904,0,0,0
14905,0,0,0
14906,0,0,0
14907,0,0,0
14908,0,0,0
14909,0,0,0
14910,0,0,0
14911,0,0,0
14912,0,0,0
14913,0,0,0
14914,0,0,0
14915,0,0,0
14916,0,0,0
14917,0,0,0
14918,0,0,0
14919,0,0,0
14920,0,0,0
14921,0,0,0
14922,0,0,0
14923,0,0,0
14924,0,0,0
14925,0,0,0
14926,0,0,0
14927,0,0,0
14928,0,0,0
14929,0,0,0
14930,0,0,0
14931,0,0,0
14932,0,0,0
14933,0,0,0
14934,0,0,0
14935,0,0,0
14936,0,0,0
14937,0,0,0
14938,0,0,0
14939,0,0,0
14940,0,0,0
14941,0,0,0
14942,0,0,0
14943,0,0,0
14944,0,0,0
14945,0,0,0
14946,0,0,0
14947,0,0,0
14948,0,0,0
14949,0,0,0
14950,0,0,0
14951,0,0,0
14952,0,0,0
14953,0,0,0
14954,0,0,0
14955,0,0,0
14956,0,0,0
14957,0,0,0
14958,0,0,0
14959,0,0,0
14960,0,0,0
14961,0,0,0
14962,0,0,0
14963,0,0,0
14964,0,0,0
14965,0,0,0
14966,0,0,0
14967,0,0,0
14968,0,0,0
14969,0,0,0
14970,0,0,0
14971,0,0,0
14972,0,0,0
14973,0,0,0
14974,0,0,0
14975,0,0,0
14976,0,0,0
14977,0,0,0
14978,0,0,0
14979,0,0,0
14980,0,0,0
14981,0,0,0
14982,0,0,0
14983,0,0,0
14984,0,0,0
14985,0,0,0
14986,0,0,0
14987,0,0,0
14988,0,0,0
14989,0,0,0
14990,0,0,0
14991,0,0,0
14992,0,0,0
14993,0,0,0
14994,0,0,0
14995,0,0,0
14996,0,0,0
14997,0,0,0
14998,0,0,0
14999,0,0,0
15000,0,0,0
15001,0,0,0
15002,0,0,0
15003,0,0,0
