second,idle_count,walking_count,total_count
0,0,0,0
1,0,0,0
2,0,0,0
3,0,0,0
4,0,0,0
5,0,0,0
6,0,0,0
7,0,0,0
8,4,0,4
9,4,0,4
10,4,0,4
11,4,0,4
12,5,0,5
13,5,0,5
14,5,0,5
15,5,0,5
16,6,0,6
17,6,0,6
18,6,0,6
19,6,0,6
20,6,0,6
21,6,0,6
22,6,0,6
23,6,0,6
24,6,0,6
25,6,0,6
26,6,0,6
27,6,0,6
28,6,0,6
29,6,0,6
30,6,0,6
31,6,0,6
32,6,0,6
33,6,0,6
34,6,0,6
35,6,0,6
36,6,0,6
37,6,0,6
38,6,0,6
39,6,0,6
40,6,0,6
41,6,0,6
42,7,0,7
43,7,0,7
44,7,0,7
45,7,0,7
46,7,0,7
47,7,0,7
48,7,0,7
49,8,0,8
50,8,0,8
51,8,0,8
52,8,0,8
53,8,0,8
54,8,0,8
55,8,0,8
56,8,0,8
57,8,0,8
58,8,0,8
59,8,0,8
60,8,0,8
61,8,0,8
62,8,0,8
63,8,0,8
64,8,0,8
65,8,0,8
66,8,0,8
67,8,0,8
68,8,0,8
69,7,0,7
70,7,0,7
71,7,0,7
72,7,0,7
73,7,0,7
74,7,0,7
75,7,0,7
76,7,0,7
77,7,0,7
78,7,0,7
79,7,0,7
80,7,0,7
81,7,0,7
82,7,0,7
83,7,0,7
84,7,0,7
85,7,0,7
86,8,0,8
87,8,0,8
88,7,0,7
89,7,0,7
90,7,0,7
91,7,0,7
92,7,0,7
93,7,0,7
94,6,0,6
95,6,0,6
96,6,0,6
97,6,0,6
98,6,0,6
99,6,0,6
100,6,0,6
101,6,0,6
102,6,0,6
103,6,0,6
104,6,0,6
105,6,0,6
106,6,0,6
107,6,0,6
108,6,0,6
109,5,0,5
110,4,0,4
111,4,0,4
112,4,0,4
113,4,0,4
114,4,0,4
115,4,0,4
116,4,0,4
117,4,0,4
118,4,0,4
119,2,0,2
120,2,0,2
121,3,0,3
122,3,0,3
123,3,0,3
124,3,0,3
125,3,0,3
126,3,0,3
127,3,0,3
128,3,0,3
129,3,0,3
130,3,0,3
131,4,0,4
132,4,0,4
133,4,0,4
134,4,0,4
135,4,0,4
136,3,0,3
137,3,0,3
138,3,0,3
139,3,0,3
140,3,0,3
141,3,0,3
142,4,0,4
143,4,0,4
144,4,0,4
145,5,0,5
146,5,0,5
147,5,0,5
148,6,0,6
149,6,0,6
150,6,0,6
151,6,0,6
152,6,0,6
153,6,0,6
154,6,0,6
155,6,0,6
156,6,0,6
157,6,0,6
158,6,0,6
159,6,0,6
160,6,0,6
161,6,0,6
162,6,0,6
163,6,0,6
164,6,0,6
165,6,0,6
166,6,0,6
167,6,0,6
168,6,0,6
169,6,0,6
170,6,0,6
171,6,0,6
172,7,0,7
173,7,0,7
174,7,0,7
175,7,0,7
176,7,0,7
177,7,0,7
178,7,0,7
179,7,0,7
180,7,0,7
181,7,0,7
182,7,0,7
183,7,0,7
184,7,0,7
185,7,0,7
186,7,0,7
187,7,0,7
188,7,0,7
189,7,0,7
190,7,0,7
191,7,0,7
192,6,0,6
193,6,0,6
194,6,0,6
195,6,0,6
196,7,0,7
197,7,0,7
198,7,0,7
199,7,0,7
200,7,0,7
201,7,0,7
202,7,0,7
203,7,0,7
204,7,0,7
205,6,0,6
206,6,0,6
207,6,0,6
208,6,0,6
209,6,0,6
210,6,0,6
211,6,0,6
212,6,0,6
213,5,0,5
214,5,0,5
215,5,0,5
216,5,0,5
217,5,0,5
218,5,0,5
219,5,0,5
220,6,0,6
221,5,0,5
222,5,0,5
223,5,0,5
224,5,0,5
225,5,0,5
226,5,0,5
227,5,0,5
228,5,0,5
229,5,0,5
230,5,0,5
231,5,0,5
232,5,0,5
233,5,0,5
234,5,0,5
235,5,0,5
236,5,0,5
237,5,0,5
238,7,0,7
239,7,0,7
240,7,0,7
241,7,0,7
242,7,0,7
243,7,0,7
244,7,0,7
245,7,0,7
246,7,0,7
247,7,0,7
248,7,0,7
249,6,0,6
250,6,0,6
251,6,0,6
252,6,0,6
253,6,0,6
254,6,0,6
255,6,0,6
256,5,0,5
257,5,0,5
258,5,0,5
259,5,0,5
260,5,0,5
261,5,0,5
262,5,0,5
263,5,0,5
264,6,0,6
265,6,0,6
266,6,0,6
267,6,0,6
268,6,0,6
269,7,0,7
270,7,0,7
271,7,0,7
272,7,0,7
273,7,0,7
274,6,0,6
275,6,0,6
276,6,0,6
277,6,0,6
278,6,0,6
279,6,0,6
280,6,0,6
281,6,0,6
282,6,0,6
283,6,0,6
284,6,0,6
285,6,0,6
286,5,0,5
287,5,0,5
288,5,0,5
289,5,0,5
290,4,0,4
291,4,0,4
292,4,0,4
293,4,0,4
294,4,0,4
295,4,0,4
296,4,0,4
297,4,0,4
298,4,0,4
299,4,0,4
300,4,0,4
301,4,0,4
302,4,0,4
303,4,0,4
304,4,0,4
305,4,0,4
306,4,0,4
307,4,0,4
308,4,0,4
309,4,0,4
310,4,0,4
311,4,0,4
312,4,0,4
313,4,0,4
314,4,0,4
315,4,0,4
316,4,0,4
317,5,0,5
318,5,0,5
319,5,0,5
320,5,0,5
321,5,0,5
322,5,0,5
323,5,0,5
324,5,0,5
325,5,0,5
326,5,0,5
327,5,0,5
328,5,0,5
329,5,0,5
330,5,0,5
331,5,0,5
332,5,0,5
333,5,0,5
334,5,0,5
335,5,0,5
336,5,0,5
337,4,0,4
338,5,0,5
339,5,0,5
340,5,0,5
341,5,0,5
342,5,0,5
343,5,0,5
344,5,0,5
345,5,0,5
346,5,0,5
347,5,0,5
348,5,0,5
349,5,0,5
350,5,0,5
351,5,0,5
352,5,0,5
353,5,0,5
354,5,0,5
355,5,0,5
356,5,0,5
357,5,0,5
358,5,0,5
359,5,0,5
360,5,0,5
361,5,0,5
362,7,0,7
363,7,0,7
364,7,0,7
365,7,0,7
366,7,0,7
367,7,0,7
368,7,0,7
369,7,0,7
370,7,0,7
371,7,0,7
372,7,0,7
373,7,0,7
374,7,0,7
375,7,0,7
376,7,0,7
377,7,0,7
378,7,0,7
379,7,0,7
380,7,0,7
381,7,0,7
382,6,0,6
383,6,0,6
384,6,0,6
385,6,0,6
386,6,0,6
387,6,0,6
388,6,0,6
389,6,0,6
390,6,0,6
391,6,0,6
392,6,0,6
393,7,0,7
394,7,0,7
395,7,0,7
396,7,0,7
397,7,0,7
398,7,0,7
399,7,0,7
400,7,0,7
401,7,0,7
402,7,0,7
403,7,0,7
404,7,0,7
405,7,0,7
406,7,0,7
407,7,0,7
408,7,0,7
409,7,0,7
410,7,0,7
411,7,0,7
412,7,0,7
413,7,0,7
414,7,0,7
415,7,0,7
416,7,0,7
417,7,0,7
418,7,0,7
419,7,0,7
420,7,0,7
421,7,0,7
422,7,0,7
423,7,0,7
424,6,0,6
425,6,0,6
426,6,0,6
427,6,0,6
428,6,0,6
429,6,0,6
430,6,0,6
431,6,0,6
432,6,0,6
433,6,0,6
434,6,0,6
435,6,0,6
436,6,0,6
437,6,0,6
438,6,0,6
439,6,0,6
440,6,0,6
441,6,0,6
442,6,0,6
443,6,0,6
444,6,0,6
445,6,0,6
446,6,0,6
447,6,0,6
448,6,0,6
449,6,0,6
450,6,0,6
451,6,0,6
452,6,0,6
453,6,0,6
454,6,0,6
455,6,0,6
456,6,0,6
457,6,0,6
458,6,0,6
459,6,0,6
460,6,0,6
461,6,0,6
462,6,0,6
463,6,0,6
464,6,0,6
465,6,0,6
466,5,0,5
467,5,0,5
468,5,0,5
469,4,0,4
470,4,0,4
471,5,0,5
472,4,0,4
473,4,0,4
474,4,0,4
475,4,0,4
476,4,0,4
477,4,0,4
478,4,0,4
479,4,0,4
480,3,0,3
481,3,0,3
482,3,0,3
483,3,0,3
484,3,0,3
485,3,0,3
486,3,0,3
487,3,0,3
488,3,0,3
489,3,0,3
490,3,0,3
491,4,0,4
492,4,0,4
493,4,0,4
494,4,0,4
495,4,0,4
496,5,0,5
497,6,0,6
498,6,0,6
499,6,0,6
500,6,0,6
501,5,0,5
502,5,0,5
503,5,0,5
504,5,0,5
505,5,0,5
506,5,0,5
507,5,0,5
508,5,0,5
509,5,0,5
510,5,0,5
511,5,0,5
512,5,0,5
513,5,0,5
514,5,0,5
515,5,0,5
516,5,0,5
517,5,0,5
518,5,0,5
519,5,0,5
520,5,0,5
521,5,0,5
522,5,0,5
523,5,0,5
524,5,0,5
525,5,0,5
526,5,0,5
527,5,0,5
528,5,0,5
529,4,0,4
530,4,0,4
531,4,0,4
532,4,0,4
533,4,0,4
534,4,0,4
535,4,0,4
536,4,0,4
537,4,0,4
538,4,0,4
539,5,0,5
540,6,0,6
541,6,0,6
542,6,0,6
543,6,0,6
544,6,0,6
545,6,0,6
546,6,0,6
547,6,0,6
548,6,0,6
549,5,0,5
550,5,0,5
551,4,0,4
552,3,0,3
553,3,0,3
554,3,0,3
555,3,0,3
556,3,0,3
557,3,0,3
558,4,0,4
559,4,0,4
560,4,0,4
561,4,0,4
562,4,0,4
563,4,0,4
564,4,0,4
565,4,0,4
566,4,0,4
567,4,0,4
568,4,0,4
569,4,0,4
570,4,0,4
571,4,0,4
572,4,0,4
573,3,0,3
574,3,0,3
575,3,0,3
576,3,0,3
577,3,0,3
578,3,0,3
579,3,0,3
580,4,0,4
581,4,0,4
582,4,0,4
583,4,0,4
584,4,0,4
585,4,0,4
586,4,0,4
587,4,0,4
588,4,0,4
589,4,0,4
590,4,0,4
591,4,0,4
592,5,0,5
593,5,0,5
594,5,0,5
595,5,0,5
596,6,0,6
597,7,0,7
598,7,0,7
599,7,0,7
600,7,0,7
601,7,0,7
602,7,0,7
603,7,0,7
604,6,0,6
605,5,0,5
606,5,0,5
607,5,0,5
608,5,0,5
609,5,0,5
610,5,0,5
611,5,0,5
612,5,0,5
613,5,0,5
614,5,0,5
615,6,0,6
616,6,0,6
617,6,0,6
618,6,0,6
619,6,0,6
620,6,0,6
621,6,0,6
622,6,0,6
623,6,0,6
624,6,0,6
625,6,0,6
626,6,0,6
627,6,0,6
628,6,0,6
629,6,0,6
630,6,0,6
631,6,0,6
632,6,0,6
633,6,0,6
634,6,0,6
635,6,0,6
636,6,0,6
637,6,0,6
638,6,0,6
639,6,0,6
640,6,0,6
641,6,0,6
642,6,0,6
643,6,0,6
644,6,0,6
645,6,0,6
646,6,0,6
647,5,0,5
648,5,0,5
649,5,0,5
650,5,0,5
651,5,0,5
652,5,0,5
653,5,0,5
654,5,0,5
655,5,0,5
656,5,0,5
657,5,0,5
658,5,0,5
659,5,0,5
660,5,0,5
661,5,0,5
662,5,0,5
663,5,0,5
664,5,0,5
665,5,0,5
666,5,0,5
667,5,0,5
668,6,0,6
669,6,0,6
670,5,0,5
671,5,0,5
672,5,0,5
673,5,0,5
674,5,0,5
675,5,0,5
676,5,0,5
677,5,0,5
678,5,0,5
679,5,0,5
680,4,0,4
681,4,0,4
682,4,0,4
683,4,0,4
684,4,0,4
685,4,0,4
686,4,0,4
687,4,0,4
688,4,0,4
689,4,0,4
690,4,0,4
691,4,0,4
692,4,0,4
693,4,0,4
694,4,0,4
695,4,0,4
696,4,0,4
697,4,0,4
698,4,0,4
699,4,0,4
700,5,0,5
701,5,0,5
702,5,0,5
703,5,0,5
704,4,0,4
705,3,0,3
706,3,0,3
707,3,0,3
708,3,0,3
709,3,0,3
710,3,0,3
711,3,0,3
712,3,0,3
713,3,0,3
714,3,0,3
715,3,0,3
716,3,0,3
717,3,0,3
718,3,0,3
719,4,0,4
720,4,0,4
721,4,0,4
722,4,0,4
723,4,0,4
724,4,0,4
725,4,0,4
726,4,0,4
727,4,0,4
728,4,0,4
729,4,0,4
730,4,0,4
731,4,0,4
732,4,0,4
733,4,0,4
734,4,0,4
735,4,0,4
736,4,0,4
737,4,0,4
738,4,0,4
739,4,0,4
740,4,0,4
741,4,0,4
742,4,0,4
743,4,0,4
744,4,0,4
745,4,0,4
746,4,0,4
747,4,0,4
748,4,0,4
749,4,0,4
750,4,0,4
751,4,0,4
752,4,0,4
753,4,0,4
754,4,0,4
755,4,0,4
756,4,0,4
757,4,0,4
758,4,0,4
759,4,0,4
760,4,0,4
761,2,0,2
762,3,0,3
763,3,0,3
764,3,0,3
765,3,0,3
766,3,0,3
767,2,0,2
768,2,0,2
769,2,0,2
770,2,0,2
771,2,0,2
772,2,0,2
773,2,0,2
774,2,0,2
775,2,0,2
776,2,0,2
777,2,0,2
778,2,0,2
779,2,0,2
780,2,0,2
781,2,0,2
782,2,0,2
783,2,0,2
784,3,0,3
785,3,0,3
786,3,0,3
787,3,0,3
788,3,0,3
789,3,0,3
790,3,0,3
791,3,0,3
792,3,0,3
793,3,0,3
794,3,0,3
795,3,0,3
796,3,0,3
797,3,0,3
798,3,0,3
799,3,0,3
800,3,0,3
801,3,0,3
802,3,0,3
803,3,0,3
804,3,0,3
805,3,0,3
806,4,0,4
807,4,0,4
808,4,0,4
809,4,0,4
810,4,0,4
811,4,0,4
812,4,0,4
813,4,0,4
814,4,0,4
815,3,0,3
816,3,0,3
817,3,0,3
818,3,0,3
819,3,0,3
820,3,0,3
821,3,0,3
822,3,0,3
823,3,0,3
824,3,0,3
825,3,0,3
826,3,0,3
827,3,0,3
828,3,0,3
829,3,0,3
830,3,0,3
831,3,0,3
832,3,0,3
833,3,0,3
834,3,0,3
835,3,0,3
836,3,0,3
837,3,0,3
838,3,0,3
839,3,0,3
840,3,0,3
841,3,0,3
842,3,0,3
843,3,0,3
844,2,0,2
845,2,0,2
846,2,0,2
847,2,0,2
848,2,0,2
849,2,0,2
850,2,0,2
851,2,0,2
852,2,0,2
853,2,0,2
854,3,0,3
855,3,0,3
856,3,0,3
857,3,0,3
858,3,0,3
859,3,0,3
860,3,0,3
861,3,0,3
862,3,0,3
863,3,0,3
864,3,0,3
865,2,0,2
866,2,0,2
867,2,0,2
868,2,0,2
869,2,0,2
870,2,0,2
871,2,0,2
872,2,0,2
873,2,0,2
874,2,0,2
875,2,0,2
876,2,0,2
877,2,0,2
878,2,0,2
879,2,0,2
880,2,0,2
881,2,0,2
882,2,0,2
883,2,0,2
884,2,0,2
885,2,0,2
886,2,0,2
887,2,0,2
888,2,0,2
889,2,0,2
890,2,0,2
891,2,0,2
892,2,0,2
893,2,0,2
894,2,0,2
895,2,0,2
896,2,0,2
897,2,0,2
898,2,0,2
899,2,0,2
900,2,0,2
901,2,0,2
902,2,0,2
903,2,0,2
904,2,0,2
905,2,0,2
906,2,0,2
907,2,0,2
908,2,0,2
909,2,0,2
910,2,0,2
911,2,0,2
912,2,0,2
913,2,0,2
914,2,0,2
915,2,0,2
916,2,0,2
917,2,0,2
918,2,0,2
919,2,0,2
920,2,0,2
921,2,0,2
922,2,0,2
923,3,0,3
924,3,0,3
925,3,1,4
926,3,1,4
927,3,1,4
928,3,1,4
929,3,1,4
930,3,1,4
931,3,1,4
932,3,1,4
933,3,1,4
934,4,1,5
935,4,1,5
936,4,1,5
937,4,1,5
938,4,1,5
939,4,1,5
940,4,1,5
941,4,1,5
942,4,1,5
943,4,1,5
944,3,2,5
945,3,2,5
946,3,2,5
947,3,2,5
948,3,2,5
949,3,2,5
950,4,1,5
951,4,1,5
952,4,1,5
953,3,1,4
954,3,1,4
955,3,1,4
956,3,1,4
957,3,1,4
958,3,1,4
959,3,1,4
960,3,1,4
961,3,1,4
962,4,1,5
963,4,1,5
964,4,1,5
965,5,0,5
966,5,0,5
967,5,0,5
968,5,0,5
969,5,0,5
970,5,0,5
971,5,0,5
972,5,0,5
973,5,0,5
974,5,0,5
975,6,0,6
976,6,0,6
977,6,0,6
978,6,0,6
979,6,0,6
980,6,0,6
981,6,0,6
982,6,0,6
983,6,0,6
984,6,0,6
985,6,0,6
986,6,0,6
987,6,0,6
988,5,0,5
989,5,0,5
990,5,0,5
991,5,0,5
992,5,0,5
993,5,0,5
994,5,0,5
995,5,0,5
996,5,0,5
997,5,0,5
998,5,0,5
999,5,0,5
1000,5,0,5
1001,5,0,5
1002,5,0,5
1003,5,0,5
1004,5,0,5
1005,5,0,5
1006,5,0,5
1007,4,0,4
1008,4,0,4
1009,4,0,4
1010,4,0,4
1011,4,0,4
1012,4,0,4
1013,4,0,4
1014,5,0,5
1015,6,0,6
1016,6,0,6
1017,6,0,6
1018,6,0,6
1019,6,0,6
1020,6,0,6
1021,6,0,6
1022,6,0,6
1023,6,0,6
1024,6,0,6
1025,6,0,6
1026,6,0,6
1027,6,0,6
1028,6,0,6
1029,6,0,6
1030,6,0,6
1031,6,0,6
1032,6,0,6
1033,7,0,7
1034,7,0,7
1035,7,0,7
1036,7,0,7
1037,7,0,7
1038,6,0,6
1039,6,0,6
1040,6,0,6
1041,5,0,5
1042,4,0,4
1043,4,0,4
1044,4,0,4
1045,4,0,4
1046,4,0,4
1047,5,0,5
1048,5,0,5
1049,5,0,5
1050,5,0,5
1051,5,0,5
1052,5,0,5
1053,4,0,4
1054,3,0,3
1055,3,0,3
1056,3,0,3
1057,3,0,3
1058,3,0,3
1059,3,0,3
1060,3,0,3
1061,3,0,3
1062,3,0,3
1063,3,0,3
1064,3,0,3
1065,3,0,3
1066,3,0,3
1067,3,0,3
1068,3,0,3
1069,4,0,4
1070,4,0,4
1071,4,0,4
1072,4,0,4
1073,4,0,4
1074,4,0,4
1075,4,0,4
1076,4,0,4
1077,4,0,4
1078,4,0,4
1079,4,0,4
1080,4,0,4
1081,4,0,4
1082,4,0,4
1083,4,0,4
1084,4,0,4
1085,4,0,4
1086,4,0,4
1087,4,0,4
1088,4,0,4
1089,4,0,4
1090,4,0,4
1091,4,0,4
1092,4,0,4
1093,4,0,4
1094,4,0,4
1095,4,0,4
1096,4,0,4
1097,4,0,4
1098,4,0,4
1099,4,0,4
1100,4,0,4
1101,4,0,4
1102,4,0,4
1103,4,0,4
1104,4,0,4
1105,4,0,4
1106,4,0,4
1107,4,0,4
1108,4,0,4
1109,4,0,4
1110,4,0,4
1111,4,0,4
1112,4,0,4
1113,4,0,4
1114,4,0,4
1115,5,0,5
1116,4,1,5
1117,4,1,5
1118,4,1,5
1119,4,1,5
1120,4,1,5
1121,4,1,5
1122,4,1,5
1123,4,1,5
1124,4,1,5
1125,4,1,5
1126,4,1,5
1127,4,1,5
1128,4,1,5
1129,4,1,5
1130,4,1,5
1131,4,1,5
1132,4,1,5
1133,4,1,5
1134,4,1,5
1135,4,1,5
1136,4,1,5
1137,4,1,5
1138,4,1,5
1139,4,1,5
1140,4,1,5
1141,4,1,5
1142,4,1,5
1143,4,1,5
1144,4,1,5
1145,4,1,5
1146,4,1,5
1147,4,1,5
1148,4,1,5
1149,4,1,5
1150,4,1,5
1151,4,1,5
1152,4,1,5
1153,4,1,5
1154,4,1,5
1155,4,1,5
1156,4,1,5
1157,4,1,5
1158,4,1,5
1159,4,1,5
1160,4,1,5
1161,4,1,5
1162,4,1,5
1163,4,1,5
1164,4,1,5
1165,4,1,5
1166,4,1,5
1167,5,0,5
1168,5,0,5
1169,5,0,5
1170,5,0,5
1171,5,0,5
1172,5,0,5
1173,5,0,5
1174,5,0,5
1175,5,0,5
1176,6,0,6
1177,6,0,6
1178,6,0,6
1179,6,0,6
1180,6,0,6
1181,6,0,6
1182,6,0,6
1183,6,0,6
1184,6,0,6
1185,6,0,6
1186,6,0,6
1187,6,0,6
1188,6,0,6
1189,6,0,6
1190,6,0,6
1191,6,0,6
1192,6,0,6
1193,6,0,6
1194,6,0,6
1195,6,0,6
1196,6,0,6
1197,6,0,6
1198,6,0,6
1199,5,0,5
1200,5,0,5
1201,5,0,5
1202,5,0,5
1203,5,0,5
1204,5,0,5
1205,5,0,5
1206,5,0,5
1207,4,0,4
1208,4,0,4
1209,4,0,4
1210,4,0,4
1211,4,0,4
1212,4,0,4
1213,4,0,4
1214,4,0,4
1215,4,0,4
1216,4,0,4
1217,3,0,3
1218,3,0,3
1219,3,0,3
1220,3,0,3
1221,4,0,4
1222,4,0,4
1223,4,0,4
1224,4,0,4
1225,4,0,4
1226,4,0,4
1227,4,0,4
1228,4,0,4
1229,4,0,4
1230,4,0,4
1231,4,0,4
1232,4,0,4
1233,4,0,4
1234,4,0,4
1235,4,0,4
1236,4,0,4
1237,4,0,4
1238,4,0,4
1239,4,0,4
1240,4,0,4
1241,4,0,4
1242,4,0,4
1243,4,0,4
1244,4,0,4
1245,4,0,4
1246,4,0,4
1247,4,0,4
1248,4,0,4
1249,4,0,4
1250,4,0,4
1251,4,0,4
1252,4,0,4
1253,4,0,4
1254,4,0,4
1255,4,0,4
1256,4,0,4
1257,4,0,4
1258,4,0,4
1259,4,0,4
1260,4,0,4
1261,4,0,4
1262,4,0,4
1263,4,0,4
1264,4,0,4
1265,4,0,4
1266,4,0,4
1267,4,0,4
1268,4,0,4
1269,4,0,4
1270,4,0,4
1271,4,0,4
1272,4,0,4
1273,4,0,4
1274,4,0,4
1275,4,0,4
1276,4,0,4
1277,3,0,3
1278,3,0,3
1279,3,0,3
1280,3,0,3
1281,3,0,3
1282,3,0,3
1283,3,0,3
1284,3,0,3
1285,3,0,3
1286,3,0,3
1287,3,0,3
1288,3,0,3
1289,3,0,3
1290,3,0,3
1291,3,0,3
1292,3,0,3
1293,3,0,3
1294,3,0,3
1295,4,0,4
1296,4,0,4
1297,3,0,3
1298,3,0,3
1299,3,0,3
1300,3,0,3
1301,3,0,3
1302,3,0,3
1303,3,0,3
1304,4,0,4
1305,4,0,4
1306,4,0,4
1307,4,0,4
1308,4,0,4
1309,4,0,4
1310,4,0,4
1311,4,0,4
1312,4,0,4
1313,4,0,4
1314,4,0,4
1315,4,0,4
1316,4,0,4
1317,4,0,4
1318,4,0,4
1319,4,0,4
1320,4,0,4
1321,4,0,4
1322,4,0,4
1323,4,0,4
1324,4,0,4
1325,4,0,4
1326,4,0,4
1327,4,0,4
1328,5,0,5
1329,5,0,5
1330,5,0,5
1331,5,0,5
1332,5,0,5
1333,5,0,5
1334,5,0,5
1335,5,0,5
1336,5,0,5
1337,5,0,5
1338,6,0,6
1339,6,0,6
1340,6,0,6
1341,6,0,6
1342,6,0,6
1343,6,0,6
1344,6,0,6
1345,7,0,7
1346,7,0,7
1347,7,0,7
1348,7,0,7
1349,7,0,7
1350,7,0,7
1351,7,0,7
1352,7,0,7
1353,7,0,7
1354,6,0,6
1355,6,0,6
1356,6,0,6
1357,6,0,6
1358,6,0,6
1359,6,0,6
1360,6,0,6
1361,6,0,6
1362,6,0,6
1363,6,0,6
1364,5,0,5
1365,5,0,5
1366,5,0,5
1367,5,0,5
1368,5,0,5
1369,5,0,5
1370,5,0,5
1371,5,0,5
1372,5,0,5
1373,5,0,5
1374,5,0,5
1375,5,0,5
1376,5,0,5
1377,5,0,5
1378,5,0,5
1379,5,0,5
1380,5,0,5
1381,6,0,6
1382,6,0,6
1383,6,0,6
1384,6,0,6
1385,6,0,6
1386,6,0,6
1387,6,0,6
1388,6,0,6
1389,6,0,6
1390,6,0,6
1391,6,0,6
1392,6,0,6
1393,6,0,6
1394,6,0,6
1395,6,0,6
1396,6,0,6
1397,6,0,6
1398,6,0,6
1399,6,0,6
1400,6,0,6
1401,6,0,6
1402,6,0,6
1403,6,0,6
1404,6,0,6
1405,6,0,6
1406,6,0,6
1407,6,0,6
1408,6,0,6
1409,6,0,6
1410,6,0,6
1411,6,0,6
1412,6,0,6
1413,6,0,6
1414,6,0,6
1415,6,0,6
1416,6,0,6
1417,6,0,6
1418,6,0,6
1419,6,0,6
1420,6,0,6
1421,6,0,6
1422,6,0,6
1423,6,0,6
1424,6,0,6
1425,7,0,7
1426,7,0,7
1427,6,0,6
1428,6,0,6
1429,6,0,6
1430,6,0,6
1431,6,0,6
1432,6,0,6
1433,6,0,6
1434,6,0,6
1435,6,0,6
1436,6,0,6
1437,6,0,6
1438,6,0,6
1439,5,0,5
1440,5,0,5
1441,5,0,5
1442,5,0,5
1443,5,0,5
1444,5,0,5
1445,5,0,5
1446,5,0,5
1447,5,0,5
1448,5,0,5
1449,5,0,5
1450,5,0,5
1451,5,0,5
1452,5,0,5
1453,5,0,5
1454,5,0,5
1455,5,0,5
1456,5,0,5
1457,5,0,5
1458,5,0,5
1459,5,0,5
1460,5,0,5
1461,6,0,6
1462,6,0,6
1463,6,0,6
1464,6,0,6
1465,5,0,5
1466,5,0,5
1467,5,0,5
1468,5,0,5
1469,5,0,5
1470,5,0,5
1471,5,0,5
1472,5,0,5
1473,5,0,5
1474,5,0,5
1475,5,0,5
1476,5,0,5
1477,5,0,5
1478,5,0,5
1479,5,0,5
1480,5,0,5
1481,5,0,5
1482,5,0,5
1483,5,0,5
1484,5,0,5
1485,4,0,4
1486,4,0,4
1487,4,0,4
1488,4,0,4
1489,4,0,4
1490,4,0,4
1491,5,0,5
1492,5,0,5
1493,6,0,6
1494,6,0,6
1495,6,0,6
1496,6,0,6
1497,6,0,6
1498,6,0,6
1499,6,0,6
1500,6,0,6
1501,6,0,6
1502,7,0,7
1503,7,0,7
1504,7,0,7
1505,7,0,7
1506,7,0,7
1507,7,0,7
1508,8,0,8
1509,8,0,8
1510,8,0,8
1511,8,0,8
1512,8,0,8
1513,8,0,8
1514,8,0,8
1515,8,0,8
1516,8,0,8
1517,8,0,8
1518,8,0,8
1519,8,0,8
1520,8,0,8
1521,8,0,8
1522,8,0,8
1523,9,0,9
1524,8,0,8
1525,8,0,8
1526,8,0,8
1527,8,0,8
1528,9,0,9
1529,9,0,9
1530,9,0,9
1531,9,0,9
1532,9,0,9
1533,9,0,9
1534,9,0,9
1535,9,0,9
1536,9,0,9
1537,9,0,9
1538,9,0,9
1539,9,0,9
1540,9,0,9
1541,8,0,8
1542,8,0,8
1543,8,0,8
1544,8,0,8
1545,7,0,7
1546,8,0,8
1547,9,0,9
1548,9,0,9
1549,9,0,9
1550,9,0,9
1551,9,0,9
1552,8,0,8
1553,8,0,8
1554,8,0,8
1555,8,0,8
1556,8,0,8
1557,8,0,8
1558,8,0,8
1559,8,0,8
1560,8,0,8
1561,8,0,8
1562,8,0,8
1563,8,0,8
1564,8,0,8
1565,8,0,8
1566,8,0,8
1567,8,0,8
1568,8,0,8
1569,8,0,8
1570,8,0,8
1571,8,0,8
1572,8,0,8
1573,8,0,8
1574,8,0,8
1575,8,0,8
1576,8,0,8
1577,8,0,8
1578,7,0,7
1579,7,0,7
1580,7,0,7
1581,7,0,7
1582,7,0,7
1583,7,0,7
1584,6,0,6
1585,6,0,6
1586,6,0,6
1587,7,0,7
1588,7,0,7
1589,7,0,7
1590,7,0,7
1591,6,0,6
1592,5,0,5
1593,5,0,5
1594,4,0,4
1595,4,0,4
1596,4,0,4
1597,4,0,4
1598,4,0,4
1599,4,0,4
1600,3,0,3
1601,3,0,3
1602,3,0,3
1603,3,0,3
1604,3,0,3
1605,3,0,3
1606,3,0,3
1607,3,0,3
1608,4,0,4
1609,4,0,4
1610,4,0,4
1611,5,0,5
1612,5,0,5
1613,5,0,5
1614,5,0,5
1615,5,0,5
1616,5,0,5
1617,5,0,5
1618,5,0,5
1619,5,0,5
1620,5,0,5
1621,5,0,5
1622,5,0,5
1623,5,0,5
1624,5,0,5
1625,5,0,5
1626,5,0,5
1627,5,0,5
1628,5,0,5
1629,4,0,4
1630,4,0,4
1631,5,0,5
1632,5,0,5
1633,5,0,5
1634,5,0,5
1635,5,0,5
1636,5,0,5
1637,5,0,5
1638,5,0,5
1639,5,0,5
1640,5,0,5
1641,5,0,5
1642,5,0,5
1643,5,0,5
1644,5,0,5
1645,5,0,5
1646,5,0,5
1647,5,0,5
1648,5,0,5
1649,5,0,5
1650,5,0,5
1651,5,0,5
1652,5,0,5
1653,5,0,5
1654,5,0,5
1655,4,0,4
1656,4,0,4
1657,3,0,3
1658,3,0,3
1659,3,0,3
1660,3,0,3
1661,3,0,3
1662,4,0,4
1663,4,0,4
1664,4,0,4
1665,4,0,4
1666,5,0,5
1667,5,0,5
1668,5,0,5
1669,5,0,5
1670,5,0,5
1671,5,0,5
1672,5,0,5
1673,5,0,5
1674,5,0,5
1675,5,0,5
1676,5,0,5
1677,4,0,4
1678,4,0,4
1679,4,0,4
1680,4,0,4
1681,4,0,4
1682,4,0,4
1683,4,0,4
1684,4,0,4
1685,4,0,4
1686,4,0,4
1687,4,0,4
1688,4,0,4
1689,4,0,4
1690,4,0,4
1691,4,0,4
1692,4,0,4
1693,4,0,4
1694,4,0,4
1695,4,0,4
1696,4,0,4
1697,4,0,4
1698,4,0,4
1699,4,0,4
1700,4,0,4
1701,4,0,4
1702,4,0,4
1703,4,0,4
1704,4,0,4
1705,4,0,4
1706,4,0,4
1707,4,0,4
1708,5,0,5
1709,5,0,5
1710,5,0,5
1711,5,0,5
1712,5,0,5
1713,5,0,5
1714,5,0,5
1715,6,0,6
1716,6,0,6
1717,6,0,6
1718,6,0,6
1719,6,0,6
1720,6,0,6
1721,6,0,6
1722,6,0,6
1723,6,0,6
1724,6,0,6
1725,5,0,5
1726,5,0,5
1727,5,0,5
1728,5,0,5
1729,5,0,5
1730,5,0,5
1731,5,0,5
1732,5,0,5
1733,5,0,5
1734,5,0,5
1735,5,0,5
1736,5,0,5
1737,5,0,5
1738,5,0,5
1739,5,0,5
1740,5,0,5
1741,5,0,5
1742,5,0,5
1743,6,0,6
1744,6,0,6
1745,6,0,6
1746,6,0,6
1747,6,0,6
1748,6,0,6
1749,5,1,6
1750,5,1,6
1751,5,1,6
1752,5,1,6
1753,5,1,6
1754,3,1,4
1755,3,1,4
1756,3,1,4
1757,3,1,4
1758,3,1,4
1759,3,1,4
1760,3,1,4
1761,3,1,4
1762,3,1,4
1763,3,1,4
1764,3,1,4
1765,3,1,4
1766,3,1,4
1767,3,1,4
1768,4,1,5
1769,4,1,5
1770,4,1,5
1771,4,1,5
1772,4,1,5
1773,3,1,4
1774,3,1,4
1775,3,1,4
1776,3,1,4
1777,3,1,4
1778,3,1,4
1779,3,1,4
1780,3,1,4
1781,3,1,4
1782,3,1,4
1783,3,1,4
1784,3,1,4
1785,3,1,4
1786,3,1,4
1787,3,1,4
1788,3,1,4
1789,3,1,4
1790,3,1,4
1791,4,1,5
1792,4,1,5
1793,4,1,5
1794,4,1,5
1795,4,1,5
1796,4,1,5
1797,4,1,5
1798,4,1,5
1799,4,1,5
1800,4,1,5
1801,4,1,5
1802,4,1,5
1803,4,1,5
1804,3,1,4
1805,3,1,4
1806,3,1,4
1807,3,1,4
1808,4,1,5
1809,4,1,5
1810,4,1,5
1811,4,1,5
1812,4,1,5
1813,4,1,5
1814,4,1,5
1815,4,1,5
1816,4,1,5
1817,4,1,5
1818,4,1,5
1819,4,0,4
1820,4,0,4
1821,4,0,4
1822,4,0,4
1823,4,0,4
1824,4,0,4
1825,4,0,4
1826,5,0,5
1827,5,0,5
1828,5,0,5
1829,5,0,5
1830,5,0,5
1831,5,0,5
1832,5,0,5
1833,5,0,5
1834,5,0,5
1835,5,0,5
1836,6,0,6
1837,6,0,6
1838,6,0,6
1839,6,0,6
1840,7,0,7
1841,7,0,7
1842,7,0,7
1843,7,0,7
1844,7,0,7
1845,6,0,6
1846,6,0,6
1847,6,0,6
1848,6,0,6
1849,6,0,6
1850,6,0,6
1851,6,0,6
1852,6,0,6
1853,5,0,5
1854,5,0,5
1855,5,0,5
1856,5,0,5
1857,5,0,5
1858,5,0,5
1859,5,0,5
1860,5,0,5
1861,6,0,6
1862,6,0,6
1863,6,0,6
1864,6,0,6
1865,6,0,6
1866,7,0,7
1867,7,0,7
1868,7,0,7
1869,7,0,7
1870,7,0,7
1871,7,0,7
1872,7,0,7
1873,7,0,7
1874,7,0,7
1875,7,0,7
1876,7,0,7
1877,7,0,7
1878,7,0,7
1879,7,0,7
1880,7,0,7
1881,7,0,7
1882,7,0,7
1883,7,0,7
1884,7,0,7
1885,7,0,7
1886,7,0,7
1887,7,0,7
1888,6,0,6
1889,6,0,6
1890,6,0,6
1891,6,0,6
1892,5,0,5
1893,5,0,5
1894,5,0,5
1895,5,0,5
1896,5,0,5
1897,5,0,5
1898,5,0,5
1899,5,0,5
1900,5,0,5
1901,6,0,6
1902,6,0,6
1903,6,0,6
1904,6,0,6
1905,5,1,6
1906,5,1,6
1907,5,1,6
1908,5,1,6
1909,5,1,6
1910,5,1,6
1911,5,1,6
1912,4,1,5
1913,4,1,5
1914,4,1,5
1915,4,1,5
1916,4,1,5
1917,4,1,5
1918,4,1,5
1919,4,1,5
1920,4,1,5
1921,4,1,5
1922,4,1,5
1923,4,1,5
1924,4,1,5
1925,4,1,5
1926,4,1,5
1927,5,1,6
1928,5,1,6
1929,5,1,6
1930,5,1,6
1931,5,1,6
1932,5,1,6
1933,5,1,6
1934,5,1,6
1935,4,1,5
1936,4,1,5
1937,4,1,5
1938,4,1,5
1939,4,1,5
1940,4,1,5
1941,4,1,5
1942,4,1,5
1943,3,1,4
1944,3,1,4
1945,3,1,4
1946,3,1,4
1947,3,1,4
1948,3,1,4
1949,3,1,4
1950,3,1,4
1951,3,1,4
1952,3,1,4
1953,3,1,4
1954,4,1,5
1955,5,0,5
1956,6,0,6
1957,6,0,6
1958,5,0,5
1959,5,0,5
1960,5,0,5
1961,5,0,5
1962,5,0,5
1963,4,0,4
1964,4,0,4
1965,4,0,4
1966,4,0,4
1967,4,0,4
1968,4,0,4
1969,4,0,4
1970,4,0,4
1971,4,0,4
1972,4,0,4
1973,4,0,4
1974,4,0,4
1975,4,0,4
1976,4,0,4
1977,4,0,4
1978,4,0,4
1979,4,0,4
1980,4,0,4
1981,4,0,4
1982,4,0,4
1983,4,0,4
1984,4,0,4
1985,4,0,4
1986,4,0,4
1987,4,0,4
1988,4,0,4
1989,4,0,4
1990,4,0,4
1991,4,0,4
1992,4,0,4
1993,4,0,4
1994,3,0,3
1995,3,0,3
1996,3,0,3
1997,3,0,3
1998,3,0,3
1999,3,0,3
2000,3,0,3
2001,3,0,3
2002,3,0,3
2003,3,0,3
2004,3,0,3
2005,3,0,3
2006,3,0,3
2007,3,0,3
2008,3,0,3
2009,3,0,3
2010,3,0,3
2011,3,0,3
2012,4,0,4
2013,4,0,4
2014,4,0,4
2015,4,0,4
2016,4,0,4
2017,4,0,4
2018,4,0,4
2019,4,0,4
2020,4,0,4
2021,4,0,4
2022,4,0,4
2023,4,0,4
2024,4,0,4
2025,4,0,4
2026,4,0,4
2027,4,0,4
2028,4,0,4
2029,4,0,4
2030,4,0,4
2031,4,0,4
2032,4,0,4
2033,4,0,4
2034,4,0,4
2035,4,0,4
2036,4,0,4
2037,4,0,4
2038,4,0,4
2039,4,0,4
2040,4,0,4
2041,4,0,4
2042,4,0,4
2043,4,0,4
2044,4,0,4
2045,4,0,4
2046,4,0,4
2047,4,0,4
2048,4,0,4
2049,4,0,4
2050,4,0,4
2051,4,0,4
2052,4,0,4
2053,4,0,4
2054,3,0,3
2055,3,0,3
2056,3,0,3
2057,3,0,3
2058,3,0,3
2059,3,0,3
2060,3,0,3
2061,3,0,3
2062,4,0,4
2063,4,0,4
2064,4,0,4
2065,4,0,4
2066,4,0,4
2067,4,0,4
2068,4,0,4
2069,4,0,4
2070,4,0,4
2071,4,0,4
2072,4,0,4
2073,4,0,4
2074,4,0,4
2075,4,0,4
2076,4,0,4
2077,4,0,4
2078,4,0,4
2079,4,0,4
2080,4,0,4
2081,4,0,4
2082,4,0,4
2083,4,0,4
2084,4,0,4
2085,4,0,4
2086,4,0,4
2087,4,0,4
2088,4,0,4
2089,4,0,4
2090,4,0,4
2091,4,0,4
2092,4,0,4
2093,4,0,4
2094,4,0,4
2095,4,0,4
2096,4,0,4
2097,4,0,4
2098,3,0,3
2099,3,0,3
2100,3,0,3
2101,2,0,2
2102,2,0,2
2103,2,0,2
2104,2,0,2
2105,2,0,2
2106,2,0,2
2107,2,0,2
2108,2,0,2
2109,2,0,2
2110,2,0,2
2111,2,0,2
2112,2,0,2
2113,2,0,2
2114,2,0,2
2115,2,0,2
2116,2,0,2
2117,2,0,2
2118,2,0,2
2119,2,0,2
2120,2,0,2
2121,2,0,2
2122,2,0,2
2123,2,0,2
2124,2,0,2
2125,2,0,2
2126,2,0,2
2127,2,0,2
2128,2,0,2
2129,2,0,2
2130,2,0,2
2131,2,0,2
2132,2,0,2
2133,2,0,2
2134,2,0,2
2135,2,0,2
2136,2,0,2
2137,2,0,2
2138,2,0,2
2139,2,0,2
2140,2,0,2
2141,2,0,2
2142,2,0,2
2143,2,0,2
2144,2,0,2
2145,2,0,2
2146,2,0,2
2147,2,0,2
2148,2,0,2
2149,2,0,2
2150,2,0,2
2151,2,0,2
2152,2,0,2
2153,2,0,2
2154,2,0,2
2155,2,0,2
2156,2,0,2
2157,2,0,2
2158,2,0,2
2159,2,0,2
2160,2,0,2
2161,2,0,2
2162,2,0,2
2163,2,0,2
2164,2,0,2
2165,2,0,2
2166,2,0,2
2167,2,0,2
2168,2,0,2
2169,2,0,2
2170,2,0,2
2171,2,0,2
2172,2,0,2
2173,2,0,2
2174,2,0,2
2175,2,0,2
2176,2,0,2
2177,2,0,2
2178,2,0,2
2179,2,0,2
2180,2,0,2
2181,2,0,2
2182,2,0,2
2183,3,0,3
2184,3,0,3
2185,3,0,3
2186,3,0,3
2187,3,0,3
2188,3,0,3
2189,3,0,3
2190,3,0,3
2191,3,0,3
2192,3,0,3
2193,3,0,3
2194,3,0,3
2195,3,0,3
2196,3,0,3
2197,3,0,3
2198,3,0,3
2199,3,0,3
2200,3,0,3
2201,3,0,3
2202,3,0,3
2203,3,0,3
2204,3,0,3
2205,3,0,3
2206,3,0,3
2207,4,0,4
2208,4,0,4
2209,4,0,4
2210,4,0,4
2211,4,0,4
2212,4,0,4
2213,4,0,4
2214,4,0,4
2215,4,0,4
2216,4,0,4
2217,4,0,4
2218,4,0,4
2219,4,0,4
2220,4,0,4
2221,4,0,4
2222,4,0,4
2223,4,0,4
2224,4,0,4
2225,4,0,4
2226,4,0,4
2227,4,0,4
2228,4,0,4
2229,4,0,4
2230,4,0,4
2231,4,0,4
2232,4,0,4
2233,4,0,4
2234,4,0,4
2235,4,0,4
2236,4,0,4
2237,4,0,4
2238,4,0,4
2239,4,0,4
2240,5,0,5
2241,5,0,5
2242,5,0,5
2243,5,0,5
2244,5,0,5
2245,5,0,5
2246,4,0,4
2247,3,0,3
2248,3,0,3
2249,3,0,3
2250,3,0,3
2251,3,0,3
2252,3,0,3
2253,3,0,3
2254,3,0,3
2255,3,0,3
2256,3,0,3
2257,3,0,3
2258,3,0,3
2259,3,0,3
2260,3,0,3
2261,3,0,3
2262,3,0,3
2263,3,0,3
2264,3,0,3
2265,3,0,3
2266,3,0,3
2267,3,0,3
2268,3,0,3
2269,3,0,3
2270,3,0,3
2271,3,0,3
2272,3,0,3
2273,3,0,3
2274,3,0,3
2275,3,0,3
2276,3,0,3
2277,3,0,3
2278,3,0,3
2279,3,0,3
2280,3,0,3
2281,3,0,3
2282,3,0,3
2283,3,0,3
2284,3,0,3
2285,3,0,3
2286,3,0,3
2287,3,0,3
2288,3,0,3
2289,3,0,3
2290,3,0,3
2291,3,0,3
2292,3,0,3
2293,3,0,3
2294,3,0,3
2295,3,0,3
2296,3,0,3
2297,3,0,3
2298,3,0,3
2299,3,0,3
2300,3,0,3
2301,3,0,3
2302,3,0,3
2303,3,0,3
2304,3,0,3
2305,3,0,3
2306,3,0,3
2307,3,0,3
2308,3,0,3
2309,3,0,3
2310,3,0,3
2311,3,0,3
2312,3,0,3
2313,3,0,3
2314,3,0,3
2315,3,0,3
2316,3,0,3
2317,3,0,3
2318,3,0,3
2319,3,0,3
2320,3,0,3
2321,3,0,3
2322,3,0,3
2323,3,0,3
2324,3,0,3
2325,3,0,3
2326,3,0,3
2327,3,0,3
2328,3,0,3
2329,3,0,3
2330,3,0,3
2331,3,0,3
2332,3,0,3
2333,3,0,3
2334,3,0,3
2335,3,0,3
2336,3,0,3
2337,3,0,3
2338,3,0,3
2339,3,0,3
2340,3,0,3
2341,3,0,3
2342,3,0,3
2343,3,0,3
2344,3,0,3
2345,3,0,3
2346,3,0,3
2347,3,0,3
2348,3,0,3
2349,3,0,3
2350,3,0,3
2351,3,0,3
2352,3,0,3
2353,3,0,3
2354,3,0,3
2355,3,0,3
2356,3,0,3
2357,3,0,3
2358,3,0,3
2359,3,0,3
2360,3,0,3
2361,2,0,2
2362,2,0,2
2363,2,0,2
2364,3,0,3
2365,3,0,3
2366,3,0,3
2367,3,0,3
2368,3,0,3
2369,3,0,3
2370,3,0,3
2371,3,0,3
2372,3,0,3
2373,3,0,3
2374,3,0,3
2375,2,0,2
2376,2,0,2
2377,2,0,2
2378,2,0,2
2379,2,0,2
2380,2,0,2
2381,2,0,2
2382,2,0,2
2383,2,0,2
2384,2,0,2
2385,2,0,2
2386,2,0,2
2387,2,0,2
2388,1,0,1
2389,1,0,1
2390,1,0,1
2391,1,0,1
2392,1,0,1
2393,1,0,1
2394,1,0,1
2395,1,0,1
2396,1,0,1
2397,1,0,1
2398,1,0,1
2399,1,0,1
2400,1,0,1
2401,1,0,1
2402,1,0,1
2403,1,0,1
2404,1,0,1
2405,1,0,1
2406,1,0,1
2407,1,0,1
2408,1,0,1
2409,1,0,1
2410,0,0,0
2411,0,0,0
2412,0,0,0
2413,0,0,0
2414,0,0,0
2415,0,0,0
2416,1,0,1
2417,1,0,1
2418,1,0,1
2419,3,0,3
2420,3,0,3
2421,3,0,3
2422,3,0,3
2423,3,0,3
2424,3,0,3
2425,3,0,3
2426,3,0,3
2427,3,0,3
2428,3,0,3
2429,3,0,3
2430,3,0,3
2431,3,0,3
2432,3,0,3
2433,3,0,3
2434,3,0,3
2435,3,0,3
2436,3,0,3
2437,3,0,3
2438,3,0,3
2439,3,0,3
2440,3,0,3
2441,3,0,3
2442,3,0,3
2443,3,0,3
2444,3,0,3
2445,3,0,3
2446,3,0,3
2447,3,0,3
2448,3,0,3
2449,3,0,3
2450,3,0,3
2451,3,0,3
2452,3,0,3
2453,3,0,3
2454,3,0,3
2455,3,0,3
2456,3,0,3
2457,3,0,3
2458,3,0,3
2459,3,0,3
2460,3,0,3
2461,3,0,3
2462,3,0,3
2463,3,0,3
2464,3,0,3
2465,2,0,2
2466,2,0,2
2467,2,0,2
2468,2,0,2
2469,3,0,3
2470,3,0,3
2471,3,0,3
2472,3,0,3
2473,3,0,3
2474,3,0,3
2475,2,0,2
2476,2,0,2
2477,2,0,2
2478,2,0,2
2479,2,0,2
2480,2,0,2
2481,2,0,2
2482,2,0,2
2483,2,0,2
2484,2,0,2
2485,2,0,2
2486,2,0,2
2487,2,0,2
2488,2,0,2
2489,2,0,2
2490,2,0,2
2491,2,0,2
2492,2,0,2
2493,2,0,2
2494,3,0,3
2495,3,0,3
2496,3,0,3
2497,3,0,3
2498,3,0,3
2499,3,0,3
2500,3,0,3
2501,3,0,3
2502,3,0,3
2503,3,0,3
2504,3,0,3
2505,3,0,3
2506,3,0,3
2507,3,0,3
2508,3,0,3
2509,4,0,4
2510,4,0,4
2511,4,0,4
2512,4,0,4
2513,4,0,4
2514,4,0,4
2515,4,0,4
2516,4,0,4
2517,4,0,4
2518,4,0,4
2519,4,0,4
2520,4,0,4
2521,4,0,4
2522,4,0,4
2523,4,0,4
2524,4,0,4
2525,4,0,4
2526,4,0,4
2527,4,0,4
2528,4,0,4
2529,4,0,4
2530,4,0,4
2531,4,0,4
2532,4,0,4
2533,4,0,4
2534,4,0,4
2535,4,0,4
2536,4,0,4
2537,4,0,4
2538,4,0,4
2539,4,0,4
2540,4,0,4
2541,4,0,4
2542,4,0,4
2543,6,0,6
2544,6,0,6
2545,6,0,6
2546,6,0,6
2547,6,0,6
2548,6,0,6
2549,6,0,6
2550,6,0,6
2551,6,0,6
2552,6,0,6
2553,6,0,6
2554,6,0,6
2555,6,0,6
2556,5,0,5
2557,5,0,5
2558,5,0,5
2559,5,0,5
2560,4,0,4
2561,4,0,4
2562,4,0,4
2563,4,0,4
2564,4,0,4
2565,4,0,4
2566,4,0,4
2567,4,0,4
2568,4,0,4
2569,4,0,4
2570,4,0,4
2571,4,0,4
2572,4,0,4
2573,4,0,4
2574,4,0,4
2575,4,0,4
2576,4,0,4
2577,4,0,4
2578,5,0,5
2579,4,0,4
2580,4,0,4
2581,4,0,4
2582,4,0,4
2583,4,0,4
2584,4,0,4
2585,4,0,4
2586,4,0,4
2587,4,0,4
2588,4,0,4
2589,4,0,4
2590,4,0,4
2591,3,0,3
2592,3,0,3
2593,3,0,3
2594,3,0,3
2595,3,0,3
2596,3,0,3
2597,3,0,3
2598,3,0,3
2599,3,0,3
2600,3,0,3
2601,3,0,3
2602,3,0,3
2603,3,0,3
2604,3,0,3
2605,3,0,3
2606,3,0,3
2607,3,0,3
2608,3,0,3
2609,3,0,3
2610,3,0,3
2611,3,0,3
2612,3,0,3
2613,3,0,3
2614,3,0,3
2615,3,0,3
2616,3,0,3
2617,3,0,3
2618,3,0,3
2619,3,0,3
2620,3,0,3
2621,3,0,3
2622,3,0,3
2623,3,0,3
2624,3,0,3
2625,4,0,4
2626,4,0,4
2627,4,0,4
2628,5,0,5
2629,5,0,5
2630,5,0,5
2631,5,0,5
2632,5,0,5
2633,5,0,5
2634,5,0,5
2635,5,0,5
2636,5,0,5
2637,5,0,5
2638,5,0,5
2639,5,0,5
2640,5,0,5
2641,5,0,5
2642,5,0,5
2643,5,0,5
2644,5,0,5
2645,5,0,5
2646,5,0,5
2647,4,0,4
2648,4,0,4
2649,4,0,4
2650,3,0,3
2651,3,0,3
2652,3,0,3
2653,3,0,3
2654,3,0,3
2655,3,0,3
2656,3,0,3
2657,3,0,3
2658,3,0,3
2659,3,0,3
2660,3,0,3
2661,3,0,3
2662,3,0,3
2663,4,0,4
2664,4,0,4
2665,4,0,4
2666,4,0,4
2667,5,0,5
2668,5,0,5
2669,5,0,5
2670,4,0,4
2671,4,0,4
2672,4,0,4
2673,4,0,4
2674,4,0,4
2675,4,0,4
2676,4,0,4
2677,4,0,4
2678,4,0,4
2679,4,0,4
2680,4,0,4
2681,4,0,4
2682,5,0,5
2683,5,0,5
2684,5,0,5
2685,5,0,5
2686,5,0,5
2687,5,0,5
2688,5,0,5
2689,5,0,5
2690,5,0,5
2691,5,0,5
2692,5,0,5
2693,4,0,4
2694,4,0,4
2695,4,0,4
2696,4,0,4
2697,4,0,4
2698,4,0,4
2699,4,0,4
2700,4,0,4
2701,4,0,4
2702,4,0,4
2703,4,0,4
2704,4,0,4
2705,3,0,3
2706,3,0,3
2707,3,0,3
2708,3,0,3
2709,3,0,3
2710,3,0,3
2711,3,0,3
2712,3,0,3
2713,3,0,3
2714,3,0,3
2715,3,0,3
2716,3,0,3
2717,3,0,3
2718,3,0,3
2719,2,0,2
2720,2,0,2
2721,2,0,2
2722,2,0,2
2723,2,0,2
2724,2,0,2
2725,2,0,2
2726,2,0,2
2727,2,0,2
2728,2,0,2
2729,2,0,2
2730,2,0,2
2731,2,0,2
2732,2,0,2
2733,2,0,2
2734,2,0,2
2735,2,0,2
2736,2,0,2
2737,2,0,2
2738,2,0,2
2739,2,0,2
2740,2,0,2
2741,2,0,2
2742,2,0,2
2743,2,0,2
2744,2,0,2
2745,2,0,2
2746,2,0,2
2747,2,0,2
2748,2,0,2
2749,2,0,2
2750,2,0,2
2751,2,0,2
2752,2,0,2
2753,2,0,2
2754,2,0,2
2755,2,0,2
2756,2,0,2
2757,2,0,2
2758,2,0,2
2759,2,0,2
2760,2,0,2
2761,2,0,2
2762,2,0,2
2763,2,0,2
2764,2,0,2
2765,2,0,2
2766,2,0,2
2767,2,0,2
2768,2,0,2
2769,2,0,2
2770,2,0,2
2771,2,0,2
2772,2,0,2
2773,2,0,2
2774,2,0,2
2775,2,0,2
2776,2,0,2
2777,2,0,2
2778,2,0,2
2779,2,0,2
2780,2,0,2
2781,2,0,2
2782,2,0,2
2783,2,0,2
2784,2,0,2
2785,2,0,2
2786,2,0,2
2787,2,0,2
2788,2,0,2
2789,2,0,2
2790,2,0,2
2791,2,0,2
2792,2,0,2
2793,2,0,2
2794,2,0,2
2795,2,0,2
2796,2,0,2
2797,3,0,3
2798,3,0,3
2799,3,0,3
2800,3,0,3
2801,3,0,3
2802,3,0,3
2803,3,0,3
2804,3,0,3
2805,3,0,3
2806,3,0,3
2807,3,0,3
2808,3,0,3
2809,3,0,3
2810,3,0,3
2811,3,0,3
2812,3,0,3
2813,3,0,3
2814,3,0,3
2815,3,0,3
2816,3,0,3
2817,3,0,3
2818,3,0,3
2819,3,0,3
2820,3,0,3
2821,3,0,3
2822,3,0,3
2823,3,0,3
2824,3,0,3
2825,3,0,3
2826,3,0,3
2827,3,0,3
2828,3,0,3
2829,3,0,3
2830,5,0,5
2831,5,0,5
2832,5,0,5
2833,5,0,5
2834,5,0,5
2835,5,0,5
2836,5,0,5
2837,5,0,5
2838,5,0,5
2839,5,0,5
2840,6,0,6
2841,6,0,6
2842,6,0,6
2843,6,0,6
2844,6,0,6
2845,6,0,6
2846,6,0,6
2847,5,0,5
2848,5,0,5
2849,5,0,5
2850,5,0,5
2851,5,0,5
2852,5,0,5
2853,5,0,5
2854,5,0,5
2855,5,0,5
2856,5,0,5
2857,5,0,5
2858,5,0,5
2859,5,0,5
2860,5,0,5
2861,4,0,4
2862,4,0,4
2863,4,0,4
2864,4,0,4
2865,4,0,4
2866,4,0,4
2867,4,0,4
2868,4,0,4
2869,4,0,4
2870,4,0,4
2871,4,0,4
2872,4,0,4
2873,4,0,4
2874,4,0,4
2875,4,0,4
2876,3,0,3
2877,3,0,3
2878,3,0,3
2879,3,0,3
2880,3,0,3
2881,3,0,3
2882,3,0,3
2883,3,0,3
2884,3,0,3
2885,4,0,4
2886,3,0,3
2887,3,0,3
2888,3,0,3
2889,4,0,4
2890,4,0,4
2891,4,0,4
2892,4,0,4
2893,4,0,4
2894,4,0,4
2895,4,0,4
2896,4,0,4
2897,4,0,4
2898,4,0,4
2899,4,0,4
2900,4,0,4
2901,4,0,4
2902,4,0,4
2903,4,0,4
2904,4,0,4
2905,4,0,4
2906,4,0,4
2907,4,0,4
2908,4,0,4
2909,4,0,4
2910,4,0,4
2911,4,0,4
2912,4,0,4
2913,4,0,4
2914,3,0,3
2915,3,0,3
2916,3,0,3
2917,3,0,3
2918,3,0,3
2919,3,0,3
2920,3,0,3
2921,3,0,3
2922,3,0,3
2923,3,0,3
2924,3,0,3
2925,3,0,3
2926,3,0,3
2927,3,0,3
2928,3,0,3
2929,3,0,3
2930,3,0,3
2931,3,0,3
2932,4,0,4
2933,4,0,4
2934,4,0,4
2935,4,0,4
2936,5,0,5
2937,5,0,5
2938,5,0,5
2939,5,0,5
2940,5,0,5
2941,5,0,5
2942,6,0,6
2943,5,0,5
2944,5,0,5
2945,5,0,5
2946,5,0,5
2947,5,0,5
2948,5,0,5
2949,5,0,5
2950,5,0,5
2951,5,0,5
2952,5,0,5
2953,5,0,5
2954,4,0,4
2955,4,0,4
2956,4,0,4
2957,4,0,4
2958,4,0,4
2959,4,0,4
2960,4,0,4
2961,4,0,4
2962,4,0,4
2963,4,0,4
2964,4,0,4
2965,4,0,4
2966,4,0,4
2967,4,0,4
2968,4,0,4
2969,4,0,4
2970,4,0,4
2971,4,0,4
2972,4,0,4
2973,4,0,4
2974,4,0,4
2975,4,0,4
2976,4,0,4
2977,4,0,4
2978,4,0,4
2979,4,0,4
2980,4,0,4
2981,4,0,4
2982,4,0,4
2983,4,0,4
2984,4,0,4
2985,4,0,4
2986,4,0,4
2987,4,0,4
2988,4,0,4
2989,4,0,4
2990,4,0,4
2991,4,0,4
2992,4,0,4
2993,4,0,4
2994,4,0,4
2995,4,0,4
2996,4,0,4
2997,4,0,4
2998,4,0,4
2999,4,0,4
3000,3,0,3
3001,3,0,3
3002,3,0,3
3003,3,0,3
3004,3,0,3
3005,3,0,3
3006,3,0,3
3007,3,0,3
3008,3,0,3
3009,3,0,3
3010,3,0,3
3011,3,0,3
3012,3,0,3
3013,3,0,3
3014,3,0,3
3015,3,0,3
3016,3,0,3
3017,3,0,3
3018,3,0,3
3019,3,0,3
3020,3,0,3
3021,3,0,3
3022,3,0,3
3023,3,0,3
3024,3,0,3
3025,3,0,3
3026,3,0,3
3027,3,0,3
3028,3,0,3
3029,3,0,3
3030,3,0,3
3031,3,0,3
3032,3,0,3
3033,3,0,3
3034,3,0,3
3035,3,0,3
3036,3,0,3
3037,3,0,3
3038,3,0,3
3039,3,0,3
3040,3,0,3
3041,3,0,3
3042,3,0,3
3043,3,0,3
3044,2,0,2
3045,2,0,2
3046,2,0,2
3047,2,0,2
3048,2,0,2
3049,2,0,2
3050,2,0,2
3051,2,0,2
3052,2,0,2
3053,2,0,2
3054,2,0,2
3055,2,0,2
3056,3,0,3
3057,3,0,3
3058,3,0,3
3059,3,0,3
3060,3,0,3
3061,3,0,3
3062,3,0,3
3063,3,0,3
3064,3,0,3
3065,3,0,3
3066,3,0,3
3067,3,0,3
3068,3,0,3
3069,3,0,3
3070,3,0,3
3071,2,0,2
3072,2,0,2
3073,2,0,2
3074,2,0,2
3075,2,0,2
3076,2,0,2
3077,2,0,2
3078,2,0,2
3079,2,0,2
3080,2,0,2
3081,2,0,2
3082,2,0,2
3083,2,0,2
3084,2,0,2
3085,2,0,2
3086,2,0,2
3087,2,0,2
3088,2,0,2
3089,2,0,2
3090,2,0,2
3091,2,0,2
3092,2,0,2
3093,2,0,2
3094,2,0,2
3095,2,0,2
3096,2,0,2
3097,2,0,2
3098,2,0,2
3099,2,0,2
3100,2,0,2
3101,2,0,2
3102,1,0,1
3103,1,0,1
3104,1,0,1
3105,1,0,1
3106,1,0,1
3107,1,0,1
3108,1,0,1
3109,1,0,1
3110,1,0,1
3111,1,0,1
3112,1,0,1
3113,1,0,1
3114,1,0,1
3115,1,0,1
3116,2,0,2
3117,2,0,2
3118,2,0,2
3119,2,0,2
3120,2,0,2
3121,2,0,2
3122,2,0,2
3123,2,0,2
3124,2,0,2
3125,2,0,2
3126,2,0,2
3127,2,0,2
3128,2,0,2
3129,2,0,2
3130,2,0,2
3131,2,0,2
3132,2,0,2
3133,2,0,2
3134,2,0,2
3135,3,0,3
3136,3,0,3
3137,3,0,3
3138,3,0,3
3139,3,0,3
3140,3,0,3
3141,3,0,3
3142,3,0,3
3143,3,0,3
3144,3,0,3
3145,3,0,3
3146,3,0,3
3147,3,0,3
3148,3,0,3
3149,3,0,3
3150,3,0,3
3151,3,0,3
3152,3,0,3
3153,3,0,3
3154,3,0,3
3155,3,0,3
3156,3,0,3
3157,3,0,3
3158,3,0,3
3159,3,0,3
3160,3,0,3
3161,3,0,3
3162,3,0,3
3163,3,0,3
3164,3,0,3
3165,3,0,3
3166,3,0,3
3167,3,0,3
3168,3,0,3
3169,3,0,3
3170,3,0,3
3171,3,0,3
3172,3,0,3
3173,3,0,3
3174,3,0,3
3175,3,0,3
3176,3,0,3
3177,3,0,3
3178,3,0,3
3179,3,0,3
3180,4,0,4
3181,4,0,4
3182,4,0,4
3183,4,0,4
3184,4,0,4
3185,4,0,4
3186,4,0,4
3187,4,0,4
3188,4,0,4
3189,4,0,4
3190,4,0,4
3191,4,0,4
3192,4,0,4
3193,4,0,4
3194,4,0,4
3195,4,0,4
3196,4,0,4
3197,4,0,4
3198,4,0,4
3199,4,0,4
3200,4,0,4
3201,4,0,4
3202,4,0,4
3203,4,0,4
3204,4,0,4
3205,4,0,4
3206,4,0,4
3207,4,0,4
3208,4,0,4
3209,4,0,4
3210,4,0,4
3211,5,0,5
3212,5,0,5
3213,5,0,5
3214,5,0,5
3215,5,0,5
3216,5,0,5
3217,5,0,5
3218,5,0,5
3219,5,0,5
3220,5,0,5
3221,5,0,5
3222,5,0,5
3223,5,0,5
3224,5,0,5
3225,5,0,5
3226,5,0,5
3227,5,0,5
3228,4,0,4
3229,4,0,4
3230,4,0,4
3231,4,0,4
3232,4,0,4
3233,4,0,4
3234,4,0,4
3235,4,0,4
3236,4,0,4
3237,4,0,4
3238,4,0,4
3239,4,0,4
3240,4,0,4
3241,4,0,4
3242,4,0,4
3243,4,0,4
3244,4,0,4
3245,4,0,4
3246,4,0,4
3247,4,0,4
3248,4,0,4
3249,4,0,4
3250,4,0,4
3251,4,0,4
3252,4,0,4
3253,4,0,4
3254,4,0,4
3255,4,0,4
3256,4,0,4
3257,4,0,4
3258,4,0,4
3259,4,0,4
3260,4,0,4
3261,4,0,4
3262,4,0,4
3263,4,0,4
3264,4,0,4
3265,4,0,4
3266,4,0,4
3267,4,0,4
3268,4,0,4
3269,3,0,3
3270,3,0,3
3271,3,0,3
3272,3,0,3
3273,3,0,3
3274,3,0,3
3275,3,0,3
3276,3,0,3
3277,3,0,3
3278,3,0,3
3279,3,0,3
3280,3,0,3
3281,3,0,3
3282,3,0,3
3283,3,0,3
3284,3,0,3
3285,3,0,3
3286,3,0,3
3287,2,0,2
3288,2,0,2
3289,2,0,2
3290,2,0,2
3291,2,0,2
3292,2,0,2
3293,2,0,2
3294,2,0,2
3295,2,0,2
3296,2,0,2
3297,4,0,4
3298,4,0,4
3299,4,0,4
3300,4,0,4
3301,4,0,4
3302,4,0,4
3303,4,0,4
3304,4,0,4
3305,5,0,5
3306,5,0,5
3307,6,0,6
3308,6,0,6
3309,6,0,6
3310,6,0,6
3311,6,0,6
3312,6,0,6
3313,6,0,6
3314,6,0,6
3315,6,0,6
3316,6,0,6
3317,6,0,6
3318,6,0,6
3319,7,0,7
3320,7,0,7
3321,7,0,7
3322,7,0,7
3323,6,0,6
3324,6,0,6
3325,7,0,7
3326,7,0,7
3327,7,0,7
3328,7,0,7
3329,7,0,7
3330,7,0,7
3331,8,0,8
3332,8,0,8
3333,7,0,7
3334,7,0,7
3335,7,0,7
3336,7,0,7
3337,7,0,7
3338,7,0,7
3339,7,0,7
3340,7,0,7
3341,6,0,6
3342,6,0,6
3343,6,0,6
3344,6,0,6
3345,6,0,6
3346,6,0,6
3347,6,0,6
3348,6,0,6
3349,6,0,6
3350,6,0,6
3351,6,0,6
3352,6,0,6
3353,6,0,6
3354,6,0,6
3355,6,0,6
3356,6,0,6
3357,6,0,6
3358,6,0,6
3359,6,0,6
3360,6,0,6
3361,6,0,6
3362,6,0,6
3363,6,0,6
3364,6,0,6
3365,6,0,6
3366,6,0,6
3367,6,0,6
3368,6,0,6
3369,6,0,6
3370,6,0,6
3371,6,0,6
3372,6,0,6
3373,6,0,6
3374,6,0,6
3375,6,0,6
3376,6,0,6
3377,6,0,6
3378,6,0,6
3379,6,0,6
3380,6,0,6
3381,6,0,6
3382,6,0,6
3383,6,0,6
3384,6,0,6
3385,6,0,6
3386,6,0,6
3387,6,0,6
3388,6,0,6
3389,6,0,6
3390,6,0,6
3391,6,0,6
3392,6,0,6
3393,6,0,6
3394,6,0,6
3395,6,0,6
3396,6,0,6
3397,5,0,5
3398,5,0,5
3399,5,0,5
3400,5,0,5
3401,5,0,5
3402,6,0,6
3403,6,0,6
3404,6,0,6
3405,5,0,5
3406,5,0,5
3407,5,0,5
3408,5,0,5
3409,5,0,5
3410,5,0,5
3411,5,0,5
3412,4,0,4
3413,4,0,4
3414,4,0,4
3415,4,0,4
3416,4,0,4
3417,5,0,5
3418,6,0,6
3419,6,0,6
3420,6,0,6
3421,6,0,6
3422,6,0,6
3423,6,0,6
3424,6,0,6
3425,6,0,6
3426,6,0,6
3427,6,0,6
3428,6,0,6
3429,6,0,6
3430,6,0,6
3431,6,0,6
3432,6,0,6
3433,6,0,6
3434,6,0,6
3435,5,0,5
3436,5,0,5
3437,5,0,5
3438,5,0,5
3439,5,0,5
3440,5,0,5
3441,5,0,5
3442,5,0,5
3443,5,0,5
3444,5,0,5
3445,5,0,5
3446,5,0,5
3447,5,0,5
3448,5,0,5
3449,5,0,5
3450,5,0,5
3451,5,0,5
3452,5,0,5
3453,5,0,5
3454,5,0,5
3455,5,0,5
3456,5,0,5
3457,5,0,5
3458,5,0,5
3459,5,0,5
3460,5,0,5
3461,5,0,5
3462,5,0,5
3463,3,0,3
3464,3,0,3
3465,3,0,3
3466,3,0,3
3467,3,0,3
3468,3,0,3
3469,3,0,3
3470,3,0,3
3471,3,0,3
3472,3,0,3
3473,3,0,3
3474,3,0,3
3475,3,0,3
3476,3,0,3
3477,3,0,3
3478,3,0,3
3479,3,0,3
3480,3,0,3
3481,3,0,3
3482,3,0,3
3483,3,0,3
3484,3,0,3
3485,3,0,3
3486,3,0,3
3487,3,0,3
3488,3,0,3
3489,3,0,3
3490,3,0,3
3491,3,0,3
3492,3,0,3
3493,3,0,3
3494,3,0,3
3495,3,0,3
3496,3,0,3
3497,3,0,3
3498,3,0,3
3499,3,0,3
3500,3,0,3
3501,3,0,3
3502,3,0,3
3503,3,0,3
3504,3,0,3
3505,3,0,3
3506,3,0,3
3507,3,0,3
3508,3,0,3
3509,3,0,3
3510,3,0,3
3511,3,0,3
3512,4,0,4
3513,5,0,5
3514,5,0,5
3515,5,0,5
3516,5,0,5
3517,6,0,6
3518,6,0,6
3519,6,0,6
3520,6,0,6
3521,6,0,6
3522,6,0,6
3523,6,0,6
3524,6,0,6
3525,6,0,6
3526,6,0,6
3527,6,0,6
3528,6,0,6
3529,6,0,6
3530,6,0,6
3531,6,0,6
3532,6,0,6
3533,6,0,6
3534,6,0,6
3535,6,0,6
3536,6,0,6
3537,6,0,6
3538,6,0,6
3539,6,0,6
3540,6,0,6
3541,6,0,6
3542,6,0,6
3543,6,0,6
3544,6,0,6
3545,6,0,6
3546,6,0,6
3547,6,0,6
3548,6,0,6
3549,6,0,6
3550,6,0,6
3551,7,0,7
3552,7,0,7
3553,7,0,7
3554,6,0,6
3555,5,0,5
3556,5,0,5
3557,5,0,5
3558,5,0,5
3559,6,0,6
3560,6,0,6
3561,6,0,6
3562,6,0,6
3563,6,0,6
3564,6,0,6
3565,6,0,6
3566,6,0,6
3567,6,0,6
3568,6,0,6
3569,6,0,6
3570,6,0,6
3571,6,0,6
3572,6,0,6
3573,6,0,6
3574,5,0,5
3575,5,0,5
3576,5,0,5
3577,5,0,5
3578,5,0,5
3579,5,0,5
3580,5,0,5
3581,5,0,5
3582,5,0,5
3583,5,0,5
3584,5,0,5
3585,5,0,5
3586,5,0,5
3587,4,0,4
3588,4,0,4
3589,4,0,4
3590,4,0,4
3591,4,0,4
3592,4,0,4
3593,4,0,4
3594,4,0,4
3595,4,0,4
3596,4,0,4
3597,4,0,4
3598,4,0,4
3599,4,0,4
3600,4,0,4
3601,4,0,4
3602,4,0,4
3603,4,0,4
3604,4,0,4
3605,4,0,4
3606,5,0,5
3607,5,0,5
3608,5,0,5
3609,5,0,5
3610,5,0,5
3611,5,0,5
3612,5,0,5
3613,5,0,5
3614,5,0,5
3615,5,0,5
3616,5,0,5
3617,5,0,5
3618,5,0,5
3619,5,0,5
3620,5,0,5
3621,5,0,5
3622,5,0,5
3623,5,0,5
3624,5,0,5
3625,5,0,5
3626,5,0,5
3627,5,0,5
3628,5,0,5
3629,5,0,5
3630,6,0,6
3631,6,0,6
3632,5,0,5
3633,6,0,6
3634,6,0,6
3635,6,0,6
3636,6,0,6
3637,6,0,6
3638,6,0,6
3639,6,0,6
3640,6,0,6
3641,6,0,6
3642,6,0,6
3643,5,0,5
3644,5,0,5
3645,5,0,5
3646,5,0,5
3647,5,0,5
3648,5,0,5
3649,5,0,5
3650,6,0,6
3651,6,0,6
3652,6,0,6
3653,6,0,6
3654,6,0,6
3655,6,0,6
3656,6,0,6
3657,6,0,6
3658,6,0,6
3659,6,0,6
3660,6,0,6
3661,6,0,6
3662,6,0,6
3663,6,0,6
3664,7,0,7
3665,7,0,7
3666,7,0,7
3667,7,0,7
3668,7,0,7
3669,7,0,7
3670,7,0,7
3671,7,0,7
3672,6,0,6
3673,7,0,7
3674,7,0,7
3675,7,0,7
3676,7,0,7
3677,7,0,7
3678,7,0,7
3679,7,0,7
3680,7,0,7
3681,7,0,7
3682,7,0,7
3683,7,0,7
3684,7,0,7
3685,8,0,8
3686,8,0,8
3687,8,0,8
3688,8,0,8
3689,8,0,8
3690,8,0,8
3691,8,0,8
3692,8,0,8
3693,8,0,8
3694,8,0,8
3695,8,0,8
3696,8,0,8
3697,8,0,8
3698,8,0,8
3699,8,0,8
3700,8,0,8
3701,8,0,8
3702,8,0,8
3703,8,0,8
3704,8,0,8
3705,8,0,8
3706,8,0,8
3707,8,0,8
3708,8,0,8
3709,8,0,8
3710,8,0,8
3711,8,0,8
3712,8,0,8
3713,8,0,8
3714,8,0,8
3715,8,0,8
3716,8,0,8
3717,8,0,8
3718,8,0,8
3719,8,0,8
3720,8,0,8
3721,8,0,8
3722,8,0,8
3723,8,0,8
3724,8,0,8
3725,8,0,8
3726,9,0,9
3727,9,0,9
3728,9,0,9
3729,9,0,9
3730,9,0,9
3731,8,0,8
3732,8,0,8
3733,8,0,8
3734,8,0,8
3735,9,0,9
3736,9,0,9
3737,8,0,8
3738,8,0,8
3739,8,0,8
3740,8,0,8
3741,8,0,8
3742,8,0,8
3743,8,0,8
3744,8,0,8
3745,8,0,8
3746,8,0,8
3747,8,0,8
3748,8,0,8
3749,8,0,8
3750,8,0,8
3751,8,0,8
3752,8,0,8
3753,8,0,8
3754,8,0,8
3755,7,0,7
3756,7,0,7
3757,7,0,7
3758,7,0,7
3759,7,0,7
3760,7,0,7
3761,7,0,7
3762,7,0,7
3763,7,0,7
3764,7,0,7
3765,7,0,7
3766,7,0,7
3767,7,0,7
3768,7,0,7
3769,7,0,7
3770,6,0,6
3771,6,0,6
3772,6,0,6
3773,6,0,6
3774,6,0,6
3775,7,0,7
3776,8,0,8
3777,8,0,8
3778,8,0,8
3779,8,0,8
3780,8,0,8
3781,8,0,8
3782,8,0,8
3783,8,0,8
3784,8,0,8
3785,8,0,8
3786,8,0,8
3787,8,0,8
3788,8,0,8
3789,8,0,8
3790,8,0,8
3791,8,0,8
3792,8,0,8
3793,8,0,8
3794,8,0,8
3795,8,0,8
3796,8,0,8
3797,8,0,8
3798,7,0,7
3799,8,0,8
3800,8,0,8
3801,8,0,8
3802,8,0,8
3803,8,0,8
3804,8,0,8
3805,7,0,7
3806,7,0,7
3807,7,0,7
3808,7,0,7
3809,8,0,8
3810,8,0,8
3811,8,0,8
3812,8,0,8
3813,8,0,8
3814,8,0,8
3815,9,0,9
3816,9,0,9
3817,9,0,9
3818,9,0,9
3819,9,0,9
3820,8,0,8
3821,8,0,8
3822,8,0,8
3823,8,0,8
3824,8,0,8
3825,8,0,8
3826,8,0,8
3827,8,0,8
3828,8,0,8
3829,8,0,8
3830,8,0,8
3831,9,0,9
3832,9,0,9
3833,9,0,9
3834,8,0,8
3835,8,0,8
3836,8,0,8
3837,8,0,8
3838,8,0,8
3839,7,0,7
3840,7,0,7
3841,7,0,7
3842,7,0,7
3843,7,0,7
3844,7,0,7
3845,7,0,7
3846,7,0,7
3847,7,0,7
3848,7,0,7
3849,7,0,7
3850,7,0,7
3851,7,0,7
3852,7,0,7
3853,7,0,7
3854,7,0,7
3855,7,0,7
3856,7,0,7
3857,7,0,7
3858,7,0,7
3859,7,0,7
3860,7,0,7
3861,7,0,7
3862,7,0,7
3863,7,0,7
3864,7,0,7
3865,7,0,7
3866,7,0,7
3867,7,0,7
3868,7,0,7
3869,7,0,7
3870,7,0,7
3871,7,0,7
3872,7,0,7
3873,7,0,7
3874,7,0,7
3875,7,0,7
3876,7,0,7
3877,7,0,7
3878,7,0,7
3879,7,0,7
3880,8,0,8
3881,8,0,8
3882,8,0,8
3883,8,0,8
3884,8,0,8
3885,8,0,8
3886,8,0,8
3887,8,0,8
3888,8,0,8
3889,8,0,8
3890,8,0,8
3891,8,0,8
3892,8,0,8
3893,8,0,8
3894,8,0,8
3895,8,0,8
3896,8,0,8
3897,7,0,7
3898,7,0,7
3899,7,0,7
3900,7,0,7
3901,7,0,7
3902,7,0,7
3903,7,0,7
3904,7,0,7
3905,7,0,7
3906,7,0,7
3907,7,0,7
3908,7,0,7
3909,7,0,7
3910,7,0,7
3911,7,0,7
3912,7,0,7
3913,7,0,7
3914,7,0,7
3915,7,0,7
3916,7,0,7
3917,7,0,7
3918,7,0,7
3919,7,0,7
3920,7,0,7
3921,7,0,7
3922,7,0,7
3923,7,0,7
3924,7,0,7
3925,6,0,6
3926,6,0,6
3927,6,0,6
3928,6,0,6
3929,6,0,6
3930,6,0,6
3931,6,0,6
3932,6,0,6
3933,6,0,6
3934,6,0,6
3935,6,0,6
3936,6,0,6
3937,6,0,6
3938,6,0,6
3939,6,0,6
3940,6,0,6
3941,6,0,6
3942,6,0,6
3943,6,0,6
3944,6,0,6
3945,6,0,6
3946,6,0,6
3947,6,0,6
3948,6,0,6
3949,7,0,7
3950,7,0,7
3951,7,0,7
3952,7,0,7
3953,7,0,7
3954,8,0,8
3955,8,0,8
3956,8,0,8
3957,8,0,8
3958,8,0,8
3959,8,0,8
3960,8,0,8
3961,8,0,8
3962,8,0,8
3963,8,0,8
3964,8,0,8
3965,8,0,8
3966,8,0,8
3967,8,0,8
3968,8,0,8
3969,8,0,8
3970,7,0,7
3971,7,0,7
3972,7,0,7
3973,7,0,7
3974,7,0,7
3975,8,0,8
3976,8,0,8
3977,8,0,8
3978,7,0,7
3979,7,0,7
3980,7,0,7
3981,8,0,8
3982,8,0,8
3983,8,0,8
3984,9,0,9
3985,9,0,9
3986,9,0,9
3987,10,0,10
3988,10,0,10
3989,10,0,10
3990,10,0,10
3991,10,0,10
3992,10,0,10
3993,10,0,10
3994,10,0,10
3995,10,0,10
3996,10,0,10
3997,10,0,10
3998,10,0,10
3999,9,0,9
4000,9,0,9
4001,9,0,9
4002,9,0,9
4003,9,0,9
4004,9,0,9
4005,9,0,9
4006,9,0,9
4007,9,0,9
4008,9,0,9
4009,9,0,9
4010,8,0,8
4011,8,0,8
4012,9,0,9
4013,9,0,9
4014,9,0,9
4015,9,0,9
4016,9,0,9
4017,9,0,9
4018,9,0,9
4019,9,0,9
4020,10,0,10
4021,10,0,10
4022,10,0,10
4023,10,0,10
4024,10,0,10
4025,9,0,9
4026,9,0,9
4027,9,0,9
4028,9,0,9
4029,9,0,9
4030,8,0,8
4031,8,0,8
4032,8,0,8
4033,8,0,8
4034,8,0,8
4035,8,0,8
4036,8,0,8
4037,8,0,8
4038,8,0,8
4039,8,0,8
4040,8,0,8
4041,8,0,8
4042,8,0,8
4043,8,0,8
4044,8,0,8
4045,8,0,8
4046,8,0,8
4047,8,0,8
4048,8,0,8
4049,8,0,8
4050,8,0,8
4051,8,0,8
4052,8,0,8
4053,7,0,7
4054,7,0,7
4055,7,0,7
4056,7,0,7
4057,7,0,7
4058,7,0,7
4059,7,0,7
4060,7,0,7
4061,7,0,7
4062,7,0,7
4063,7,0,7
4064,7,0,7
4065,7,0,7
4066,7,0,7
4067,7,0,7
4068,7,0,7
4069,7,0,7
4070,7,0,7
4071,7,0,7
4072,7,0,7
4073,7,0,7
4074,7,0,7
4075,7,0,7
4076,7,0,7
4077,7,0,7
4078,7,0,7
4079,6,0,6
4080,6,0,6
4081,6,0,6
4082,6,0,6
4083,6,0,6
4084,6,0,6
4085,5,0,5
4086,5,0,5
4087,5,0,5
4088,5,0,5
4089,5,0,5
4090,5,0,5
4091,5,0,5
4092,5,0,5
4093,5,0,5
4094,5,0,5
4095,5,0,5
4096,5,0,5
4097,5,0,5
4098,4,0,4
4099,4,0,4
4100,4,0,4
4101,4,0,4
4102,4,0,4
4103,4,0,4
4104,4,0,4
4105,4,0,4
4106,4,0,4
4107,4,0,4
4108,4,0,4
4109,4,0,4
4110,4,0,4
4111,4,0,4
4112,4,0,4
4113,4,0,4
4114,4,0,4
4115,4,0,4
4116,4,0,4
4117,4,0,4
4118,4,0,4
4119,4,0,4
4120,4,0,4
4121,4,0,4
4122,4,0,4
4123,4,0,4
4124,4,0,4
4125,4,0,4
4126,4,0,4
4127,4,0,4
4128,4,0,4
4129,4,0,4
4130,4,0,4
4131,4,0,4
4132,4,0,4
4133,4,0,4
4134,4,0,4
4135,3,1,4
4136,3,1,4
4137,4,1,5
4138,4,1,5
4139,4,1,5
4140,4,1,5
4141,4,1,5
4142,4,1,5
4143,4,1,5
4144,4,1,5
4145,4,1,5
4146,4,1,5
4147,3,1,4
4148,3,1,4
4149,3,1,4
4150,3,1,4
4151,3,1,4
4152,3,1,4
4153,3,1,4
4154,3,1,4
4155,3,1,4
4156,3,1,4
4157,3,1,4
4158,3,1,4
4159,3,1,4
4160,3,1,4
4161,3,1,4
4162,3,1,4
4163,3,1,4
4164,3,1,4
4165,3,1,4
4166,3,1,4
4167,3,1,4
4168,4,0,4
4169,4,0,4
4170,5,0,5
4171,4,0,4
4172,4,0,4
4173,4,0,4
4174,4,0,4
4175,4,0,4
4176,4,0,4
4177,3,0,3
4178,3,0,3
4179,3,0,3
4180,3,0,3
4181,3,0,3
4182,3,0,3
4183,3,0,3
4184,3,0,3
4185,3,0,3
4186,4,0,4
4187,4,0,4
4188,4,0,4
4189,4,0,4
4190,4,0,4
4191,4,0,4
4192,4,0,4
4193,4,0,4
4194,4,0,4
4195,4,0,4
4196,3,0,3
4197,3,0,3
4198,3,0,3
4199,3,0,3
4200,3,0,3
4201,3,0,3
4202,3,0,3
4203,3,0,3
4204,3,0,3
4205,3,0,3
4206,2,0,2
4207,2,0,2
4208,2,0,2
4209,2,0,2
4210,2,0,2
4211,2,0,2
4212,2,0,2
4213,2,0,2
4214,2,0,2
4215,2,0,2
4216,2,0,2
4217,2,0,2
4218,2,0,2
4219,2,0,2
4220,2,0,2
4221,2,0,2
4222,2,0,2
4223,3,0,3
4224,3,0,3
4225,3,0,3
4226,3,0,3
4227,3,0,3
4228,3,0,3
4229,3,0,3
4230,3,0,3
4231,3,0,3
4232,3,0,3
4233,3,0,3
4234,3,0,3
4235,3,0,3
4236,3,0,3
4237,3,0,3
4238,3,0,3
4239,3,0,3
4240,3,0,3
4241,3,0,3
4242,3,0,3
4243,3,0,3
4244,3,0,3
4245,3,0,3
4246,3,0,3
4247,3,0,3
4248,3,0,3
4249,3,0,3
4250,3,0,3
4251,3,0,3
4252,3,0,3
4253,3,0,3
4254,3,0,3
4255,3,0,3
4256,3,0,3
4257,3,0,3
4258,3,0,3
4259,3,0,3
4260,3,0,3
4261,3,0,3
4262,3,0,3
4263,3,0,3
4264,3,0,3
4265,3,0,3
4266,3,0,3
4267,3,0,3
4268,3,0,3
4269,3,0,3
4270,3,0,3
4271,2,0,2
4272,2,0,2
4273,2,0,2
4274,2,0,2
4275,2,0,2
4276,2,0,2
4277,2,0,2
4278,3,0,3
4279,3,0,3
4280,3,0,3
4281,3,0,3
4282,4,0,4
4283,4,0,4
4284,4,0,4
4285,4,0,4
4286,4,0,4
4287,4,0,4
4288,4,0,4
4289,4,0,4
4290,4,0,4
4291,4,0,4
4292,4,0,4
4293,4,0,4
4294,4,0,4
4295,4,0,4
4296,4,0,4
4297,4,0,4
4298,4,0,4
4299,4,0,4
4300,4,0,4
4301,4,0,4
4302,4,0,4
4303,4,0,4
4304,4,0,4
4305,4,0,4
4306,4,0,4
4307,4,0,4
4308,4,0,4
4309,4,0,4
4310,4,0,4
4311,4,0,4
4312,4,0,4
4313,4,0,4
4314,4,0,4
4315,4,0,4
4316,4,0,4
4317,4,0,4
4318,4,0,4
4319,4,0,4
4320,4,0,4
4321,4,0,4
4322,4,0,4
4323,4,0,4
4324,4,0,4
4325,4,0,4
4326,4,0,4
4327,4,0,4
4328,4,0,4
4329,4,0,4
4330,2,0,2
4331,2,0,2
4332,3,0,3
4333,3,0,3
4334,3,0,3
4335,3,0,3
4336,3,0,3
4337,3,0,3
4338,4,0,4
4339,4,0,4
4340,4,0,4
4341,4,0,4
4342,4,0,4
4343,4,0,4
4344,4,0,4
4345,4,0,4
4346,4,0,4
4347,4,0,4
4348,4,0,4
4349,4,0,4
4350,4,0,4
4351,4,0,4
4352,4,0,4
4353,4,0,4
4354,4,0,4
4355,4,0,4
4356,4,0,4
4357,4,0,4
4358,4,0,4
4359,4,0,4
4360,4,0,4
4361,4,0,4
4362,4,0,4
4363,4,0,4
4364,4,0,4
4365,4,0,4
4366,4,0,4
4367,4,0,4
4368,4,0,4
4369,4,0,4
4370,4,0,4
4371,4,0,4
4372,4,0,4
4373,4,0,4
4374,4,0,4
4375,4,0,4
4376,4,0,4
4377,4,0,4
4378,4,0,4
4379,4,0,4
4380,4,0,4
4381,4,0,4
4382,4,0,4
4383,4,0,4
4384,4,0,4
4385,4,0,4
4386,4,0,4
4387,4,0,4
4388,4,0,4
4389,5,0,5
4390,5,0,5
4391,5,0,5
4392,5,0,5
4393,4,0,4
4394,4,0,4
4395,4,0,4
4396,4,0,4
4397,4,0,4
4398,4,0,4
4399,4,0,4
4400,4,0,4
4401,4,0,4
4402,4,0,4
4403,4,0,4
4404,4,0,4
4405,4,0,4
4406,4,0,4
4407,4,0,4
4408,4,0,4
4409,4,0,4
4410,4,0,4
4411,4,0,4
4412,4,0,4
4413,4,0,4
4414,4,0,4
4415,4,0,4
4416,4,0,4
4417,4,0,4
4418,4,0,4
4419,4,0,4
4420,4,0,4
4421,4,0,4
4422,4,0,4
4423,4,0,4
4424,4,0,4
4425,4,0,4
4426,4,0,4
4427,4,0,4
4428,4,0,4
4429,4,0,4
4430,4,0,4
4431,4,0,4
4432,4,0,4
4433,4,0,4
4434,4,0,4
4435,4,0,4
4436,4,0,4
4437,4,0,4
4438,4,0,4
4439,4,0,4
4440,4,0,4
4441,4,0,4
4442,4,0,4
4443,4,0,4
4444,4,0,4
4445,4,0,4
4446,4,0,4
4447,4,0,4
4448,4,0,4
4449,4,0,4
4450,4,0,4
4451,4,0,4
4452,4,0,4
4453,4,0,4
4454,4,0,4
4455,4,0,4
4456,4,0,4
4457,4,0,4
4458,4,0,4
4459,4,0,4
4460,4,0,4
4461,4,0,4
4462,4,0,4
4463,4,0,4
4464,4,0,4
4465,4,0,4
4466,4,0,4
4467,4,0,4
4468,4,0,4
4469,4,0,4
4470,4,0,4
4471,4,0,4
4472,4,0,4
4473,4,0,4
4474,4,0,4
4475,4,0,4
4476,4,0,4
4477,4,0,4
4478,4,0,4
4479,4,0,4
4480,4,0,4
4481,4,0,4
4482,4,0,4
4483,4,0,4
4484,4,0,4
4485,4,0,4
4486,4,0,4
4487,4,0,4
4488,4,0,4
4489,4,0,4
4490,4,0,4
4491,4,0,4
4492,4,0,4
4493,4,0,4
4494,4,0,4
4495,4,0,4
4496,4,0,4
4497,4,0,4
4498,4,0,4
4499,4,0,4
4500,4,0,4
4501,4,0,4
4502,4,0,4
4503,4,0,4
4504,3,0,3
4505,3,0,3
4506,3,0,3
4507,3,0,3
4508,3,0,3
4509,3,0,3
4510,3,0,3
4511,3,0,3
4512,3,0,3
4513,3,0,3
4514,3,0,3
4515,3,0,3
4516,3,0,3
4517,3,0,3
4518,3,0,3
4519,3,0,3
4520,3,0,3
4521,3,0,3
4522,3,0,3
4523,3,0,3
4524,3,0,3
4525,3,0,3
4526,3,0,3
4527,3,0,3
4528,3,0,3
4529,3,0,3
4530,3,0,3
4531,3,0,3
4532,3,0,3
4533,3,0,3
4534,3,0,3
4535,3,0,3
4536,3,0,3
4537,3,0,3
4538,3,0,3
4539,3,0,3
4540,3,0,3
4541,3,0,3
4542,3,0,3
4543,3,0,3
4544,3,0,3
4545,3,0,3
4546,3,0,3
4547,4,0,4
4548,4,0,4
4549,4,0,4
4550,4,0,4
4551,4,0,4
4552,4,0,4
4553,4,0,4
4554,4,0,4
4555,4,0,4
4556,4,0,4
4557,4,0,4
4558,4,0,4
4559,3,0,3
4560,3,0,3
4561,3,0,3
4562,3,0,3
4563,3,0,3
4564,3,0,3
4565,3,0,3
4566,3,0,3
4567,3,0,3
4568,3,0,3
4569,3,0,3
4570,3,0,3
4571,3,0,3
4572,3,0,3
4573,3,0,3
4574,3,0,3
4575,3,0,3
4576,3,0,3
4577,3,0,3
4578,3,0,3
4579,3,0,3
4580,3,0,3
4581,3,0,3
4582,3,0,3
4583,2,0,2
4584,2,0,2
4585,2,0,2
4586,2,0,2
4587,2,0,2
4588,2,0,2
4589,2,0,2
4590,2,0,2
4591,2,0,2
4592,2,0,2
4593,2,0,2
4594,2,0,2
4595,2,0,2
4596,2,0,2
4597,2,0,2
4598,2,0,2
4599,2,0,2
4600,2,0,2
4601,2,0,2
4602,2,0,2
4603,2,0,2
4604,2,0,2
4605,2,0,2
4606,2,0,2
4607,2,0,2
4608,2,0,2
4609,2,0,2
4610,2,0,2
4611,2,0,2
4612,2,0,2
4613,2,0,2
4614,2,0,2
4615,2,0,2
4616,1,0,1
4617,1,0,1
4618,1,0,1
4619,1,0,1
4620,1,0,1
4621,1,0,1
4622,1,0,1
4623,1,0,1
4624,1,0,1
4625,2,0,2
4626,2,0,2
4627,2,0,2
4628,2,0,2
4629,2,0,2
4630,2,0,2
4631,2,0,2
4632,2,0,2
4633,2,0,2
4634,2,0,2
4635,2,0,2
4636,2,0,2
4637,2,0,2
4638,2,0,2
4639,2,0,2
4640,2,0,2
4641,2,0,2
4642,2,0,2
4643,2,0,2
4644,2,0,2
4645,2,0,2
4646,2,0,2
4647,3,0,3
4648,3,0,3
4649,3,0,3
4650,3,0,3
4651,3,0,3
4652,3,0,3
4653,3,0,3
4654,3,0,3
4655,3,0,3
4656,3,0,3
4657,4,0,4
4658,4,0,4
4659,4,0,4
4660,4,0,4
4661,5,0,5
4662,5,0,5
4663,5,0,5
4664,5,0,5
4665,5,0,5
4666,5,0,5
4667,5,0,5
4668,5,0,5
4669,5,0,5
4670,5,0,5
4671,5,0,5
4672,5,0,5
4673,5,0,5
4674,5,0,5
4675,5,0,5
4676,5,0,5
4677,5,0,5
4678,5,0,5
4679,5,0,5
4680,5,0,5
4681,5,0,5
4682,5,0,5
4683,5,0,5
4684,4,0,4
4685,4,0,4
4686,4,0,4
4687,4,0,4
4688,5,0,5
4689,5,0,5
4690,5,0,5
4691,5,0,5
4692,5,0,5
4693,4,0,4
4694,4,0,4
4695,3,0,3
4696,3,0,3
4697,3,0,3
4698,3,0,3
4699,3,0,3
4700,3,0,3
4701,3,0,3
4702,3,0,3
4703,2,0,2
4704,2,0,2
4705,2,0,2
4706,3,0,3
4707,3,0,3
4708,3,0,3
4709,3,0,3
4710,3,0,3
4711,3,0,3
4712,3,0,3
4713,3,0,3
4714,3,0,3
4715,3,0,3
4716,3,0,3
4717,3,0,3
4718,3,0,3
4719,3,0,3
4720,3,0,3
4721,3,0,3
4722,3,0,3
4723,3,0,3
4724,3,0,3
4725,3,0,3
4726,2,0,2
4727,2,0,2
4728,2,0,2
4729,2,0,2
4730,2,0,2
4731,2,0,2
4732,2,0,2
4733,2,0,2
4734,2,0,2
4735,2,0,2
4736,2,0,2
4737,2,0,2
4738,2,0,2
4739,2,0,2
4740,2,0,2
4741,2,0,2
4742,2,0,2
4743,2,0,2
4744,2,0,2
4745,2,0,2
4746,2,0,2
4747,2,0,2
4748,2,0,2
4749,2,0,2
4750,2,0,2
4751,2,0,2
4752,2,0,2
4753,2,0,2
4754,2,0,2
4755,2,0,2
4756,2,0,2
4757,2,0,2
4758,2,0,2
4759,2,0,2
4760,2,0,2
4761,2,0,2
4762,2,0,2
4763,2,0,2
4764,2,0,2
4765,2,0,2
4766,2,0,2
4767,2,0,2
4768,2,0,2
4769,2,0,2
4770,2,0,2
4771,2,0,2
4772,2,0,2
4773,2,0,2
4774,2,0,2
4775,2,0,2
4776,2,0,2
4777,2,0,2
4778,2,0,2
4779,2,0,2
4780,2,0,2
4781,2,0,2
4782,1,0,1
4783,1,0,1
4784,1,0,1
4785,1,0,1
4786,1,0,1
4787,1,0,1
4788,1,0,1
4789,1,0,1
4790,1,0,1
4791,1,0,1
4792,1,0,1
4793,1,0,1
4794,1,0,1
4795,1,0,1
4796,1,0,1
4797,1,0,1
4798,1,0,1
4799,1,0,1
4800,1,0,1
4801,1,0,1
4802,1,0,1
4803,2,0,2
4804,2,0,2
4805,2,0,2
4806,2,0,2
4807,2,0,2
4808,3,0,3
4809,3,0,3
4810,3,0,3
4811,3,0,3
4812,3,0,3
4813,3,0,3
4814,3,0,3
4815,3,0,3
4816,3,0,3
4817,3,0,3
4818,3,0,3
4819,3,0,3
4820,3,0,3
4821,3,0,3
4822,3,0,3
4823,3,0,3
4824,3,0,3
4825,3,0,3
4826,3,0,3
4827,3,0,3
4828,3,0,3
4829,3,0,3
4830,3,0,3
4831,3,0,3
4832,3,0,3
4833,3,0,3
4834,3,0,3
4835,3,0,3
4836,3,0,3
4837,3,0,3
4838,3,0,3
4839,3,0,3
4840,3,0,3
4841,3,0,3
4842,3,0,3
4843,3,0,3
4844,3,0,3
4845,3,0,3
4846,3,0,3
4847,3,0,3
4848,3,0,3
4849,4,0,4
4850,5,0,5
4851,5,0,5
4852,5,0,5
4853,5,0,5
4854,5,0,5
4855,5,0,5
4856,5,0,5
4857,5,0,5
4858,5,0,5
4859,5,0,5
4860,5,0,5
4861,5,0,5
4862,5,0,5
4863,5,0,5
4864,5,0,5
4865,5,0,5
4866,5,0,5
4867,5,0,5
4868,5,0,5
4869,5,0,5
4870,5,0,5
4871,5,0,5
4872,5,0,5
4873,5,0,5
4874,5,0,5
4875,5,0,5
4876,5,0,5
4877,5,0,5
4878,5,0,5
4879,5,0,5
4880,5,0,5
4881,5,0,5
4882,5,0,5
4883,5,0,5
4884,5,0,5
4885,5,0,5
4886,5,0,5
4887,5,0,5
4888,5,0,5
4889,5,0,5
4890,5,0,5
4891,5,0,5
4892,5,0,5
4893,5,0,5
4894,5,0,5
4895,4,0,4
4896,4,0,4
4897,4,0,4
4898,4,0,4
4899,4,0,4
4900,4,0,4
4901,4,0,4
4902,5,0,5
4903,4,0,4
4904,4,0,4
4905,3,0,3
4906,3,0,3
4907,3,0,3
4908,3,0,3
4909,3,0,3
4910,3,0,3
4911,3,0,3
4912,3,0,3
4913,3,0,3
4914,3,0,3
4915,3,0,3
4916,3,0,3
4917,3,0,3
4918,3,0,3
4919,3,0,3
4920,3,0,3
4921,3,0,3
4922,3,0,3
4923,3,0,3
4924,3,0,3
4925,3,0,3
4926,3,0,3
4927,3,0,3
4928,3,0,3
4929,3,0,3
4930,3,0,3
4931,3,0,3
4932,3,0,3
4933,3,0,3
4934,3,0,3
4935,3,0,3
4936,4,0,4
4937,4,0,4
4938,4,0,4
4939,4,0,4
4940,4,0,4
4941,4,0,4
4942,4,0,4
4943,4,0,4
4944,4,0,4
4945,4,0,4
4946,4,0,4
4947,4,0,4
4948,4,0,4
4949,5,0,5
4950,5,0,5
4951,5,0,5
4952,5,0,5
4953,5,0,5
4954,5,0,5
4955,5,0,5
4956,5,0,5
4957,5,0,5
4958,5,0,5
4959,5,0,5
4960,5,0,5
4961,5,0,5
4962,5,0,5
4963,5,0,5
4964,5,0,5
4965,5,0,5
4966,5,0,5
4967,5,0,5
4968,5,0,5
4969,5,0,5
4970,5,0,5
4971,5,0,5
4972,5,0,5
4973,5,0,5
4974,5,0,5
4975,5,0,5
4976,5,0,5
4977,4,0,4
4978,4,0,4
4979,4,0,4
4980,4,0,4
4981,4,0,4
4982,4,0,4
4983,4,0,4
4984,4,0,4
4985,4,0,4
4986,4,0,4
4987,4,0,4
4988,4,0,4
4989,4,0,4
4990,4,0,4
4991,4,0,4
4992,3,0,3
4993,2,0,2
4994,2,0,2
4995,2,0,2
4996,2,0,2
4997,2,0,2
4998,2,0,2
4999,2,0,2
5000,2,0,2
5001,2,0,2
5002,2,0,2
5003,2,0,2
5004,2,0,2
5005,2,0,2
5006,2,0,2
5007,2,0,2
5008,2,0,2
5009,2,0,2
5010,1,0,1
5011,1,0,1
5012,1,0,1
5013,1,0,1
5014,1,0,1
5015,1,0,1
5016,1,0,1
5017,1,0,1
5018,1,0,1
5019,1,0,1
5020,1,0,1
5021,1,0,1
5022,1,0,1
5023,1,0,1
5024,1,0,1
5025,1,0,1
5026,1,0,1
5027,1,0,1
5028,1,0,1
5029,1,0,1
5030,1,0,1
5031,1,0,1
5032,1,0,1
5033,1,0,1
5034,1,0,1
5035,1,0,1
5036,1,0,1
5037,1,0,1
5038,1,0,1
5039,1,0,1
5040,1,0,1
5041,1,0,1
5042,1,0,1
5043,1,0,1
5044,1,0,1
5045,1,0,1
5046,1,0,1
5047,1,0,1
5048,1,0,1
5049,1,0,1
5050,1,0,1
5051,1,0,1
5052,1,0,1
5053,1,0,1
5054,1,0,1
5055,1,0,1
5056,1,0,1
5057,1,0,1
5058,1,0,1
5059,1,0,1
5060,1,0,1
5061,1,0,1
5062,1,0,1
5063,1,0,1
5064,1,0,1
5065,1,0,1
5066,1,0,1
5067,1,0,1
5068,1,0,1
5069,1,0,1
5070,1,0,1
5071,1,0,1
5072,1,0,1
5073,1,0,1
5074,1,0,1
5075,1,0,1
5076,1,0,1
5077,1,0,1
5078,1,0,1
5079,2,0,2
5080,2,0,2
5081,2,0,2
5082,2,0,2
5083,2,0,2
5084,2,0,2
5085,2,0,2
5086,2,0,2
5087,2,0,2
5088,2,0,2
5089,2,0,2
5090,2,0,2
5091,2,0,2
5092,2,0,2
5093,2,0,2
5094,2,0,2
5095,2,0,2
5096,2,0,2
5097,2,0,2
5098,2,0,2
5099,2,0,2
5100,2,0,2
5101,2,0,2
5102,2,0,2
5103,2,0,2
5104,2,0,2
5105,2,0,2
5106,2,0,2
5107,2,0,2
5108,2,0,2
5109,2,0,2
5110,2,0,2
5111,2,0,2
5112,2,0,2
5113,2,0,2
5114,2,0,2
5115,2,0,2
5116,2,0,2
5117,2,0,2
5118,2,0,2
5119,2,0,2
5120,2,0,2
5121,2,0,2
5122,2,0,2
5123,1,0,1
5124,1,0,1
5125,1,0,1
5126,1,0,1
5127,1,0,1
5128,1,0,1
5129,1,0,1
5130,1,0,1
5131,1,0,1
5132,1,0,1
5133,1,0,1
5134,1,0,1
5135,1,0,1
5136,1,0,1
5137,1,0,1
5138,1,0,1
5139,1,0,1
5140,1,0,1
5141,1,0,1
5142,1,0,1
5143,1,0,1
5144,1,0,1
5145,1,0,1
5146,1,0,1
5147,1,0,1
5148,1,0,1
5149,1,0,1
5150,1,0,1
5151,1,0,1
5152,1,0,1
5153,1,0,1
5154,1,0,1
5155,1,0,1
5156,1,0,1
5157,1,0,1
5158,1,0,1
5159,1,0,1
5160,1,0,1
5161,1,0,1
5162,1,0,1
5163,1,0,1
5164,1,0,1
5165,1,0,1
5166,1,0,1
5167,1,0,1
5168,1,0,1
5169,1,0,1
5170,1,0,1
5171,1,0,1
5172,1,0,1
5173,1,0,1
5174,1,0,1
5175,1,0,1
5176,2,0,2
5177,2,0,2
5178,2,0,2
5179,2,0,2
5180,2,0,2
5181,2,0,2
5182,2,0,2
5183,2,0,2
5184,2,0,2
5185,2,0,2
5186,2,0,2
5187,2,0,2
5188,2,0,2
5189,2,0,2
5190,2,0,2
5191,2,0,2
5192,2,0,2
5193,2,0,2
5194,2,0,2
5195,2,0,2
5196,2,0,2
5197,2,0,2
5198,2,0,2
5199,2,0,2
5200,2,0,2
5201,2,0,2
5202,2,0,2
5203,2,0,2
5204,2,0,2
5205,2,0,2
5206,2,0,2
5207,2,0,2
5208,2,0,2
5209,2,0,2
5210,2,0,2
5211,3,0,3
5212,3,0,3
5213,3,0,3
5214,3,0,3
5215,3,0,3
5216,3,0,3
5217,3,0,3
5218,3,0,3
5219,3,0,3
5220,3,0,3
5221,3,0,3
5222,3,0,3
5223,3,0,3
5224,3,0,3
5225,3,0,3
5226,3,0,3
5227,3,0,3
5228,3,0,3
5229,3,0,3
5230,3,0,3
5231,3,0,3
5232,3,0,3
5233,3,0,3
5234,3,0,3
5235,3,0,3
5236,3,0,3
5237,3,0,3
5238,3,0,3
5239,3,0,3
5240,3,0,3
5241,3,0,3
5242,2,0,2
5243,2,0,2
5244,2,0,2
5245,2,0,2
5246,2,0,2
5247,2,0,2
5248,2,0,2
5249,2,0,2
5250,2,0,2
5251,2,0,2
5252,2,0,2
5253,2,0,2
5254,2,0,2
5255,2,0,2
5256,2,0,2
5257,2,0,2
5258,2,0,2
5259,2,0,2
5260,2,0,2
5261,3,0,3
5262,3,0,3
5263,3,0,3
5264,3,0,3
5265,3,0,3
5266,3,0,3
5267,3,0,3
5268,4,0,4
5269,4,0,4
5270,4,0,4
5271,4,0,4
5272,4,0,4
5273,4,0,4
5274,4,0,4
5275,4,0,4
5276,4,0,4
5277,4,0,4
5278,4,0,4
5279,4,0,4
5280,4,0,4
5281,4,0,4
5282,4,0,4
5283,4,0,4
5284,4,0,4
5285,4,0,4
5286,4,0,4
5287,4,0,4
5288,4,0,4
5289,4,0,4
5290,4,0,4
5291,4,0,4
5292,4,0,4
5293,4,0,4
5294,4,0,4
5295,4,0,4
5296,4,0,4
5297,4,0,4
5298,4,0,4
5299,4,0,4
5300,4,0,4
5301,4,0,4
5302,4,0,4
5303,4,0,4
5304,5,0,5
5305,5,0,5
5306,5,0,5
5307,5,0,5
5308,5,0,5
5309,5,0,5
5310,5,0,5
5311,5,0,5
5312,5,0,5
5313,5,0,5
5314,5,0,5
5315,5,0,5
5316,5,0,5
5317,4,0,4
5318,4,0,4
5319,4,0,4
5320,3,0,3
5321,2,0,2
5322,2,0,2
5323,2,0,2
5324,1,0,1
5325,1,0,1
5326,1,0,1
5327,1,0,1
5328,1,0,1
5329,1,0,1
5330,1,0,1
5331,1,0,1
5332,1,0,1
5333,1,0,1
5334,1,0,1
5335,1,0,1
5336,1,0,1
5337,1,0,1
5338,1,0,1
5339,1,0,1
5340,1,0,1
5341,1,0,1
5342,1,0,1
5343,1,0,1
5344,1,0,1
5345,1,0,1
5346,1,0,1
5347,1,0,1
5348,1,0,1
5349,1,0,1
5350,1,0,1
5351,1,0,1
5352,1,0,1
5353,1,0,1
5354,1,0,1
5355,1,0,1
5356,1,0,1
5357,1,0,1
5358,1,0,1
5359,1,0,1
5360,1,0,1
5361,1,0,1
5362,1,0,1
5363,1,0,1
5364,1,0,1
5365,1,0,1
5366,1,0,1
5367,1,0,1
5368,1,0,1
5369,1,0,1
5370,1,0,1
5371,1,0,1
5372,1,0,1
5373,1,0,1
5374,1,0,1
5375,1,0,1
5376,1,0,1
5377,1,0,1
5378,1,0,1
5379,1,0,1
5380,1,0,1
5381,1,0,1
5382,1,0,1
5383,1,0,1
5384,1,0,1
5385,1,0,1
5386,1,0,1
5387,1,0,1
5388,1,0,1
5389,1,0,1
5390,1,0,1
5391,1,0,1
5392,1,0,1
5393,1,0,1
5394,1,0,1
5395,1,0,1
5396,1,0,1
5397,1,0,1
5398,1,0,1
5399,1,0,1
5400,1,0,1
5401,1,0,1
5402,1,0,1
5403,1,0,1
5404,1,0,1
5405,1,0,1
5406,1,0,1
5407,1,0,1
5408,1,0,1
5409,1,0,1
5410,1,0,1
5411,1,0,1
5412,1,0,1
5413,1,0,1
5414,1,0,1
5415,1,0,1
5416,1,0,1
5417,1,0,1
5418,1,0,1
5419,1,0,1
5420,1,0,1
5421,1,0,1
5422,1,0,1
5423,1,0,1
5424,1,0,1
5425,1,0,1
5426,1,0,1
5427,1,0,1
5428,1,0,1
5429,1,0,1
5430,1,0,1
5431,1,0,1
5432,1,0,1
5433,1,0,1
5434,1,0,1
5435,1,0,1
5436,1,0,1
5437,1,0,1
5438,1,0,1
5439,1,0,1
5440,1,0,1
5441,2,0,2
5442,2,0,2
5443,2,0,2
5444,2,0,2
5445,2,0,2
5446,2,0,2
5447,2,0,2
5448,2,0,2
5449,2,0,2
5450,2,0,2
5451,2,0,2
5452,2,0,2
5453,2,0,2
5454,2,0,2
5455,2,0,2
5456,2,0,2
5457,2,0,2
5458,2,0,2
5459,2,0,2
5460,1,0,1
5461,1,0,1
5462,1,0,1
5463,1,0,1
5464,1,0,1
5465,1,0,1
5466,1,0,1
5467,1,0,1
5468,1,0,1
5469,1,0,1
5470,1,0,1
5471,1,0,1
5472,1,0,1
5473,1,0,1
5474,1,0,1
5475,1,0,1
5476,1,0,1
5477,1,0,1
5478,1,0,1
5479,1,0,1
5480,1,0,1
5481,1,0,1
5482,1,0,1
5483,1,0,1
5484,1,0,1
5485,1,0,1
5486,1,0,1
5487,1,0,1
5488,1,0,1
5489,1,0,1
5490,1,0,1
5491,1,0,1
5492,1,0,1
5493,1,0,1
5494,1,0,1
5495,1,0,1
5496,1,0,1
5497,1,0,1
5498,1,0,1
5499,1,0,1
5500,1,0,1
5501,1,0,1
5502,1,0,1
5503,1,0,1
5504,1,0,1
5505,1,0,1
5506,1,0,1
5507,1,0,1
5508,1,0,1
5509,1,0,1
5510,1,0,1
5511,1,0,1
5512,1,0,1
5513,1,0,1
5514,1,0,1
5515,1,0,1
5516,1,0,1
5517,1,0,1
5518,1,0,1
5519,1,0,1
5520,1,0,1
5521,1,0,1
5522,1,0,1
5523,1,0,1
5524,1,0,1
5525,1,0,1
5526,1,0,1
5527,1,0,1
5528,1,0,1
5529,1,0,1
5530,1,0,1
5531,1,0,1
5532,1,0,1
5533,1,0,1
5534,1,0,1
5535,1,0,1
5536,1,0,1
5537,1,0,1
5538,1,0,1
5539,1,0,1
5540,1,0,1
5541,1,0,1
5542,1,0,1
5543,1,0,1
5544,1,0,1
5545,1,0,1
5546,1,0,1
5547,1,0,1
5548,1,0,1
5549,1,0,1
5550,1,0,1
5551,1,0,1
5552,1,0,1
5553,1,0,1
5554,1,0,1
5555,1,0,1
5556,1,0,1
5557,1,0,1
5558,1,0,1
5559,1,0,1
5560,1,0,1
5561,1,0,1
5562,1,0,1
5563,1,0,1
5564,1,0,1
5565,1,0,1
5566,1,0,1
5567,2,0,2
5568,2,0,2
5569,2,0,2
5570,2,0,2
5571,2,0,2
5572,2,0,2
5573,2,0,2
5574,2,0,2
5575,2,0,2
5576,2,0,2
5577,2,0,2
5578,2,0,2
5579,2,0,2
5580,2,0,2
5581,2,0,2
5582,2,0,2
5583,2,0,2
5584,1,0,1
5585,1,0,1
5586,1,0,1
5587,1,0,1
5588,1,0,1
5589,1,0,1
5590,1,0,1
5591,1,0,1
5592,1,0,1
5593,1,0,1
5594,1,0,1
5595,1,0,1
5596,1,0,1
5597,1,0,1
5598,1,0,1
5599,1,0,1
5600,1,0,1
5601,1,0,1
5602,1,0,1
5603,1,0,1
5604,1,0,1
5605,1,0,1
5606,1,0,1
5607,1,0,1
5608,1,0,1
5609,1,0,1
5610,1,0,1
5611,1,0,1
5612,1,0,1
5613,1,0,1
5614,1,0,1
5615,1,0,1
5616,1,0,1
5617,1,0,1
5618,1,0,1
5619,1,0,1
5620,1,0,1
5621,1,0,1
5622,1,0,1
5623,1,0,1
5624,1,0,1
5625,1,0,1
5626,1,0,1
5627,1,0,1
5628,1,0,1
5629,1,0,1
5630,1,0,1
5631,1,0,1
5632,1,0,1
5633,1,0,1
5634,1,0,1
5635,1,0,1
5636,1,0,1
5637,1,0,1
5638,1,0,1
5639,1,0,1
5640,1,0,1
5641,1,0,1
5642,1,0,1
5643,1,0,1
5644,1,0,1
5645,1,0,1
5646,1,0,1
5647,1,0,1
5648,1,0,1
5649,1,0,1
5650,1,0,1
5651,1,0,1
5652,1,0,1
5653,1,0,1
5654,1,0,1
5655,1,0,1
5656,1,0,1
5657,1,0,1
5658,1,0,1
5659,1,0,1
5660,1,0,1
5661,1,0,1
5662,1,0,1
5663,1,0,1
5664,1,0,1
5665,1,0,1
5666,1,0,1
5667,1,0,1
5668,1,0,1
5669,1,0,1
5670,1,0,1
5671,1,0,1
5672,1,0,1
5673,1,0,1
5674,1,0,1
5675,1,0,1
5676,1,0,1
5677,1,0,1
5678,1,0,1
5679,1,0,1
5680,1,0,1
5681,1,0,1
5682,1,0,1
5683,1,0,1
5684,1,0,1
5685,1,0,1
5686,1,0,1
5687,1,0,1
5688,1,0,1
5689,1,0,1
5690,1,0,1
5691,1,0,1
5692,1,0,1
5693,1,0,1
5694,1,0,1
5695,1,0,1
5696,1,0,1
5697,1,0,1
5698,1,0,1
5699,1,0,1
5700,2,0,2
5701,2,0,2
5702,2,0,2
5703,2,0,2
5704,2,0,2
5705,2,0,2
5706,2,0,2
5707,2,0,2
5708,2,0,2
5709,2,0,2
5710,2,0,2
5711,2,0,2
5712,2,0,2
5713,2,0,2
5714,2,0,2
5715,2,0,2
5716,2,0,2
5717,2,0,2
5718,2,0,2
5719,2,0,2
5720,2,0,2
5721,2,0,2
5722,2,0,2
5723,2,0,2
5724,2,0,2
5725,2,0,2
5726,2,0,2
5727,2,0,2
5728,2,0,2
5729,2,0,2
5730,2,0,2
5731,2,0,2
5732,2,0,2
5733,2,0,2
5734,2,0,2
5735,2,0,2
5736,2,0,2
5737,2,0,2
5738,2,0,2
5739,2,0,2
5740,2,0,2
5741,2,0,2
5742,2,0,2
5743,2,0,2
5744,2,0,2
5745,2,0,2
5746,1,0,1
5747,1,0,1
5748,1,0,1
5749,1,0,1
5750,1,0,1
5751,1,0,1
5752,1,0,1
5753,1,0,1
5754,1,0,1
5755,1,0,1
5756,1,0,1
5757,1,0,1
5758,1,0,1
5759,1,0,1
5760,1,0,1
5761,1,0,1
5762,2,0,2
5763,2,0,2
5764,2,0,2
5765,2,0,2
5766,2,0,2
5767,2,0,2
5768,2,0,2
5769,2,0,2
5770,2,0,2
5771,2,0,2
5772,2,0,2
5773,2,0,2
5774,2,0,2
5775,2,0,2
5776,2,0,2
5777,2,0,2
5778,2,0,2
5779,2,0,2
5780,2,0,2
5781,2,0,2
5782,2,0,2
5783,2,0,2
5784,2,0,2
5785,2,0,2
5786,2,0,2
5787,2,0,2
5788,2,0,2
5789,2,0,2
5790,2,0,2
5791,2,0,2
5792,2,0,2
5793,2,0,2
5794,2,0,2
5795,2,0,2
5796,2,0,2
5797,2,0,2
5798,2,0,2
5799,2,0,2
5800,2,0,2
5801,2,0,2
5802,2,0,2
5803,2,0,2
5804,2,0,2
5805,2,0,2
5806,2,0,2
5807,2,0,2
5808,2,0,2
5809,2,0,2
5810,2,0,2
5811,2,0,2
5812,2,0,2
5813,2,0,2
5814,2,0,2
5815,2,0,2
5816,2,0,2
5817,2,0,2
5818,2,0,2
5819,2,0,2
5820,2,0,2
5821,2,0,2
5822,2,0,2
5823,2,0,2
5824,2,0,2
5825,2,0,2
5826,2,0,2
5827,2,0,2
5828,2,0,2
5829,2,0,2
5830,3,0,3
5831,3,0,3
5832,3,0,3
5833,3,0,3
5834,3,0,3
5835,3,0,3
5836,3,0,3
5837,3,0,3
5838,3,0,3
5839,3,0,3
5840,3,0,3
5841,4,0,4
5842,4,0,4
5843,4,0,4
5844,4,0,4
5845,4,0,4
5846,4,0,4
5847,4,0,4
5848,4,0,4
5849,5,0,5
5850,5,0,5
5851,5,0,5
5852,5,0,5
5853,5,0,5
5854,5,0,5
5855,5,0,5
5856,5,0,5
5857,5,0,5
5858,5,0,5
5859,5,0,5
5860,5,0,5
5861,4,0,4
5862,4,0,4
5863,4,0,4
5864,4,0,4
5865,4,0,4
5866,4,0,4
5867,4,0,4
5868,4,0,4
5869,4,0,4
5870,4,0,4
5871,5,0,5
5872,5,0,5
5873,5,0,5
5874,5,0,5
5875,5,0,5
5876,5,0,5
5877,5,0,5
5878,5,0,5
5879,5,0,5
5880,5,0,5
5881,5,0,5
5882,5,0,5
5883,5,0,5
5884,5,0,5
5885,5,0,5
5886,5,0,5
5887,5,0,5
5888,5,0,5
5889,5,0,5
5890,5,0,5
5891,5,0,5
5892,5,0,5
5893,5,0,5
5894,5,0,5
5895,5,0,5
5896,5,0,5
5897,5,0,5
5898,5,0,5
5899,5,0,5
5900,6,0,6
5901,6,0,6
5902,6,0,6
5903,6,0,6
5904,6,0,6
5905,6,0,6
5906,6,0,6
5907,6,0,6
5908,6,0,6
5909,6,0,6
5910,6,0,6
5911,6,0,6
5912,6,0,6
5913,6,0,6
5914,6,0,6
5915,6,0,6
5916,6,0,6
5917,6,0,6
5918,6,0,6
5919,6,0,6
5920,6,0,6
5921,6,0,6
5922,6,0,6
5923,6,0,6
5924,6,0,6
5925,6,0,6
5926,6,0,6
5927,6,0,6
5928,6,0,6
5929,6,0,6
5930,6,0,6
5931,6,0,6
5932,6,0,6
5933,6,0,6
5934,6,0,6
5935,6,0,6
5936,6,0,6
5937,6,0,6
5938,6,0,6
5939,6,0,6
5940,6,0,6
5941,6,0,6
5942,6,0,6
5943,6,0,6
5944,6,0,6
5945,6,0,6
5946,6,0,6
5947,6,0,6
5948,6,0,6
5949,6,0,6
5950,6,0,6
5951,6,0,6
5952,6,0,6
5953,6,0,6
5954,6,0,6
5955,6,0,6
5956,6,0,6
5957,6,0,6
5958,5,0,5
5959,5,0,5
5960,5,0,5
5961,5,0,5
5962,5,0,5
5963,5,0,5
5964,5,0,5
5965,5,0,5
5966,5,0,5
5967,5,0,5
5968,5,0,5
5969,5,0,5
5970,5,0,5
5971,6,0,6
5972,6,0,6
5973,6,0,6
5974,6,0,6
5975,6,0,6
5976,6,0,6
5977,6,0,6
5978,6,0,6
5979,6,0,6
5980,6,0,6
5981,6,0,6
5982,5,0,5
5983,5,0,5
5984,5,0,5
5985,5,0,5
5986,5,0,5
5987,4,0,4
5988,4,0,4
5989,4,0,4
5990,4,0,4
5991,4,0,4
5992,4,0,4
5993,4,0,4
5994,4,0,4
5995,4,0,4
5996,4,0,4
5997,4,0,4
5998,4,0,4
5999,4,0,4
6000,4,0,4
6001,4,0,4
6002,4,0,4
6003,4,0,4
6004,4,0,4
6005,4,0,4
6006,4,0,4
6007,4,0,4
6008,4,0,4
6009,4,0,4
6010,4,0,4
6011,4,0,4
6012,4,0,4
6013,4,0,4
6014,4,0,4
6015,4,0,4
6016,4,0,4
6017,4,0,4
6018,4,0,4
6019,4,0,4
6020,4,0,4
6021,4,0,4
6022,4,0,4
6023,4,0,4
6024,4,0,4
6025,4,0,4
6026,4,0,4
6027,4,0,4
6028,4,0,4
6029,4,0,4
6030,5,0,5
6031,5,0,5
6032,5,0,5
6033,5,0,5
6034,5,0,5
6035,5,0,5
6036,6,0,6
6037,6,0,6
6038,6,0,6
6039,7,0,7
6040,7,0,7
6041,7,0,7
6042,7,0,7
6043,7,0,7
6044,6,0,6
6045,6,0,6
6046,6,0,6
6047,6,0,6
6048,6,0,6
6049,6,0,6
6050,6,0,6
6051,6,0,6
6052,6,0,6
6053,6,0,6
6054,6,0,6
6055,6,0,6
6056,6,0,6
6057,6,0,6
6058,6,0,6
6059,6,0,6
6060,6,0,6
6061,7,0,7
6062,7,0,7
6063,7,0,7
6064,7,0,7
6065,7,0,7
6066,7,0,7
6067,7,0,7
6068,7,0,7
6069,7,0,7
6070,7,0,7
6071,7,0,7
6072,7,0,7
6073,7,0,7
6074,7,0,7
6075,7,0,7
6076,7,0,7
6077,6,0,6
6078,5,0,5
6079,5,0,5
6080,5,0,5
6081,5,0,5
6082,5,0,5
6083,5,0,5
6084,5,0,5
6085,5,0,5
6086,5,0,5
6087,5,0,5
6088,5,0,5
6089,5,0,5
6090,5,0,5
6091,5,0,5
6092,5,0,5
6093,5,0,5
6094,5,0,5
6095,5,0,5
6096,5,0,5
6097,6,0,6
6098,6,0,6
6099,6,0,6
6100,6,0,6
6101,6,0,6
6102,6,0,6
6103,6,0,6
6104,6,0,6
6105,6,0,6
6106,6,0,6
6107,6,0,6
6108,6,0,6
6109,6,0,6
6110,6,0,6
6111,6,0,6
6112,6,0,6
6113,6,0,6
6114,6,0,6
6115,6,0,6
6116,5,0,5
6117,5,0,5
6118,5,0,5
6119,5,0,5
6120,5,0,5
6121,5,0,5
6122,5,0,5
6123,5,0,5
6124,5,0,5
6125,5,0,5
6126,5,0,5
6127,5,0,5
6128,5,0,5
6129,5,0,5
6130,5,0,5
6131,5,0,5
6132,5,0,5
6133,5,0,5
6134,5,0,5
6135,5,0,5
6136,5,0,5
6137,5,0,5
6138,5,0,5
6139,5,0,5
6140,5,0,5
6141,5,0,5
6142,5,0,5
6143,5,0,5
6144,5,0,5
6145,5,0,5
6146,6,0,6
6147,6,0,6
6148,6,0,6
6149,6,0,6
6150,6,0,6
6151,5,0,5
6152,5,0,5
6153,5,0,5
6154,5,0,5
6155,5,0,5
6156,5,0,5
6157,5,0,5
6158,5,0,5
6159,6,0,6
6160,6,0,6
6161,6,0,6
6162,6,0,6
6163,6,0,6
6164,6,0,6
6165,6,0,6
6166,6,0,6
6167,6,0,6
6168,6,0,6
6169,6,0,6
6170,6,0,6
6171,6,0,6
6172,6,0,6
6173,6,0,6
6174,6,0,6
6175,6,0,6
6176,6,0,6
6177,6,0,6
6178,6,0,6
6179,6,0,6
6180,6,0,6
6181,6,0,6
6182,6,0,6
6183,6,0,6
6184,6,0,6
6185,6,0,6
6186,6,0,6
6187,6,0,6
6188,6,0,6
6189,6,0,6
6190,6,0,6
6191,6,0,6
6192,4,0,4
6193,4,0,4
6194,4,0,4
6195,4,0,4
6196,4,0,4
6197,3,0,3
6198,3,0,3
6199,3,0,3
6200,2,0,2
6201,2,0,2
6202,2,0,2
6203,2,0,2
6204,2,0,2
6205,2,0,2
6206,2,0,2
6207,2,0,2
6208,2,0,2
6209,2,0,2
6210,2,0,2
6211,2,0,2
6212,2,0,2
6213,2,0,2
6214,2,0,2
6215,2,0,2
6216,2,0,2
6217,2,0,2
6218,2,0,2
6219,2,0,2
6220,2,0,2
6221,3,0,3
6222,3,0,3
6223,3,0,3
6224,3,0,3
6225,3,0,3
6226,3,0,3
6227,3,0,3
6228,3,0,3
6229,3,0,3
6230,3,0,3
6231,3,0,3
6232,3,0,3
6233,3,0,3
6234,3,0,3
6235,3,0,3
6236,3,0,3
6237,3,0,3
6238,3,0,3
6239,3,0,3
6240,3,0,3
6241,3,0,3
6242,3,0,3
6243,3,0,3
6244,3,0,3
6245,3,0,3
6246,3,0,3
6247,3,0,3
6248,3,0,3
6249,3,0,3
6250,3,0,3
6251,3,0,3
6252,3,0,3
6253,3,0,3
6254,3,0,3
6255,3,0,3
6256,3,0,3
6257,3,0,3
6258,4,0,4
6259,4,0,4
6260,4,0,4
6261,4,0,4
6262,4,0,4
6263,4,0,4
6264,4,0,4
6265,4,0,4
6266,4,0,4
6267,4,0,4
6268,4,0,4
6269,4,0,4
6270,4,0,4
6271,4,0,4
6272,4,0,4
6273,4,0,4
6274,4,0,4
6275,5,0,5
6276,5,0,5
6277,5,0,5
6278,5,0,5
6279,5,0,5
6280,5,0,5
6281,4,0,4
6282,4,0,4
6283,4,0,4
6284,4,0,4
6285,4,0,4
6286,4,0,4
6287,4,0,4
6288,4,0,4
6289,4,0,4
6290,4,0,4
6291,4,0,4
6292,4,0,4
6293,4,0,4
6294,4,0,4
6295,4,0,4
6296,4,0,4
6297,4,0,4
6298,4,0,4
6299,4,0,4
6300,4,0,4
6301,4,0,4
6302,4,0,4
6303,4,0,4
6304,4,0,4
6305,4,0,4
6306,4,0,4
6307,4,0,4
6308,4,0,4
6309,4,0,4
6310,4,0,4
6311,4,0,4
6312,4,0,4
6313,4,0,4
6314,4,0,4
6315,4,0,4
6316,4,0,4
6317,5,0,5
6318,5,0,5
6319,5,0,5
6320,5,0,5
6321,4,0,4
6322,4,0,4
6323,4,0,4
6324,4,0,4
6325,4,0,4
6326,4,0,4
6327,4,0,4
6328,4,0,4
6329,3,0,3
6330,3,0,3
6331,3,0,3
6332,3,0,3
6333,3,0,3
6334,3,0,3
6335,3,0,3
6336,3,0,3
6337,3,0,3
6338,3,0,3
6339,3,0,3
6340,3,0,3
6341,3,0,3
6342,3,0,3
6343,3,0,3
6344,3,0,3
6345,3,0,3
6346,3,0,3
6347,3,0,3
6348,3,0,3
6349,4,0,4
6350,4,0,4
6351,4,0,4
6352,4,0,4
6353,4,0,4
6354,4,0,4
6355,4,0,4
6356,4,0,4
6357,4,0,4
6358,4,0,4
6359,4,0,4
6360,4,0,4
6361,4,0,4
6362,4,0,4
6363,3,0,3
6364,3,0,3
6365,3,0,3
6366,3,0,3
6367,3,0,3
6368,3,0,3
6369,3,0,3
6370,3,0,3
6371,3,0,3
6372,3,0,3
6373,3,0,3
6374,3,0,3
6375,3,0,3
6376,3,0,3
6377,3,0,3
6378,4,0,4
6379,4,0,4
6380,4,0,4
6381,4,0,4
6382,4,0,4
6383,4,0,4
6384,4,0,4
6385,4,0,4
6386,4,0,4
6387,3,0,3
6388,3,0,3
6389,3,0,3
6390,3,0,3
6391,3,0,3
6392,3,0,3
6393,3,0,3
6394,3,0,3
6395,3,0,3
6396,2,0,2
6397,2,0,2
6398,2,0,2
6399,2,0,2
6400,2,0,2
6401,2,0,2
6402,2,0,2
6403,2,0,2
6404,2,0,2
6405,2,0,2
6406,2,0,2
6407,3,0,3
6408,3,0,3
6409,3,0,3
6410,3,0,3
6411,3,0,3
6412,3,0,3
6413,3,0,3
6414,2,0,2
6415,2,0,2
6416,2,0,2
6417,2,0,2
6418,2,0,2
6419,2,0,2
6420,2,0,2
6421,3,0,3
6422,3,0,3
6423,3,0,3
6424,3,0,3
6425,3,0,3
6426,3,0,3
6427,2,0,2
6428,2,0,2
6429,2,0,2
6430,2,0,2
6431,2,0,2
6432,2,0,2
6433,2,0,2
6434,2,0,2
6435,2,0,2
6436,2,0,2
6437,2,0,2
6438,2,0,2
6439,2,0,2
6440,3,0,3
6441,3,0,3
6442,3,0,3
6443,3,0,3
6444,3,0,3
6445,3,0,3
6446,3,0,3
6447,3,0,3
6448,3,0,3
6449,3,0,3
6450,3,0,3
6451,3,0,3
6452,3,0,3
6453,3,0,3
6454,3,0,3
6455,3,0,3
6456,3,0,3
6457,3,0,3
6458,3,0,3
6459,4,0,4
6460,4,0,4
6461,4,0,4
6462,4,0,4
6463,4,0,4
6464,4,0,4
6465,4,0,4
6466,4,0,4
6467,4,0,4
6468,4,0,4
6469,4,0,4
6470,4,0,4
6471,4,0,4
6472,4,0,4
6473,4,0,4
6474,4,0,4
6475,4,0,4
6476,4,0,4
6477,4,0,4
6478,4,0,4
6479,4,0,4
6480,4,0,4
6481,4,0,4
6482,4,0,4
6483,4,0,4
6484,4,0,4
6485,4,0,4
6486,3,0,3
6487,3,0,3
6488,3,0,3
6489,3,0,3
6490,3,0,3
6491,3,0,3
6492,3,0,3
6493,3,0,3
6494,3,0,3
6495,3,0,3
6496,3,0,3
6497,3,0,3
6498,3,0,3
6499,3,0,3
6500,3,0,3
6501,3,0,3
6502,3,0,3
6503,3,0,3
6504,3,0,3
6505,3,0,3
6506,3,0,3
6507,3,0,3
6508,3,0,3
6509,3,0,3
6510,3,0,3
6511,3,0,3
6512,3,0,3
6513,2,0,2
6514,2,0,2
6515,2,0,2
6516,2,0,2
6517,3,0,3
6518,3,0,3
6519,3,0,3
6520,3,0,3
6521,3,0,3
6522,3,0,3
6523,3,0,3
6524,3,0,3
6525,3,0,3
6526,3,0,3
6527,3,0,3
6528,3,0,3
6529,3,0,3
6530,3,0,3
6531,3,0,3
6532,3,0,3
6533,2,0,2
6534,2,0,2
6535,2,0,2
6536,2,0,2
6537,2,0,2
6538,2,0,2
6539,2,0,2
6540,2,0,2
6541,2,0,2
6542,2,0,2
6543,2,0,2
6544,2,0,2
6545,3,0,3
6546,3,0,3
6547,3,0,3
6548,3,0,3
6549,3,0,3
6550,3,0,3
6551,3,0,3
6552,3,0,3
6553,3,0,3
6554,3,0,3
6555,3,0,3
6556,3,0,3
6557,3,0,3
6558,3,0,3
6559,3,0,3
6560,3,0,3
6561,3,0,3
6562,3,0,3
6563,3,0,3
6564,3,0,3
6565,3,0,3
6566,3,0,3
6567,3,0,3
6568,3,0,3
6569,3,0,3
6570,3,0,3
6571,3,0,3
6572,3,0,3
6573,3,0,3
6574,3,0,3
6575,3,0,3
6576,3,0,3
6577,3,0,3
6578,3,0,3
6579,3,0,3
6580,3,0,3
6581,3,0,3
6582,3,0,3
6583,3,0,3
6584,3,0,3
6585,3,0,3
6586,3,0,3
6587,3,0,3
6588,3,0,3
6589,3,0,3
6590,3,0,3
6591,3,0,3
6592,3,0,3
6593,3,0,3
6594,3,0,3
6595,3,0,3
6596,3,0,3
6597,3,0,3
6598,3,0,3
6599,3,0,3
6600,3,0,3
6601,3,0,3
6602,3,0,3
6603,3,0,3
6604,3,0,3
6605,3,0,3
6606,3,0,3
6607,3,0,3
6608,3,0,3
6609,3,0,3
6610,3,0,3
6611,3,0,3
6612,3,0,3
6613,3,0,3
6614,3,0,3
6615,3,0,3
6616,3,0,3
6617,3,0,3
6618,3,0,3
6619,3,0,3
6620,3,0,3
6621,3,0,3
6622,2,0,2
6623,2,0,2
6624,2,0,2
6625,2,0,2
6626,2,0,2
6627,2,0,2
6628,2,0,2
6629,2,0,2
6630,2,0,2
6631,2,0,2
6632,2,0,2
6633,2,0,2
6634,2,0,2
6635,2,0,2
6636,2,0,2
6637,2,0,2
6638,2,0,2
6639,2,0,2
6640,2,0,2
6641,2,0,2
6642,2,0,2
6643,2,0,2
6644,2,0,2
6645,2,0,2
6646,2,0,2
6647,2,0,2
6648,2,0,2
6649,2,0,2
6650,2,0,2
6651,2,0,2
6652,2,0,2
6653,2,0,2
6654,2,0,2
6655,2,0,2
6656,2,0,2
6657,2,0,2
6658,2,0,2
6659,2,0,2
6660,2,0,2
6661,2,0,2
6662,2,0,2
6663,1,0,1
6664,1,0,1
6665,1,0,1
6666,4,0,4
6667,4,0,4
6668,4,0,4
6669,4,0,4
6670,4,0,4
6671,4,0,4
6672,4,0,4
6673,4,0,4
6674,4,0,4
6675,4,0,4
6676,4,0,4
6677,4,0,4
6678,4,0,4
6679,4,0,4
6680,4,0,4
6681,4,0,4
6682,4,0,4
6683,4,0,4
6684,4,0,4
6685,4,0,4
6686,4,0,4
6687,4,0,4
6688,4,0,4
6689,4,0,4
6690,4,0,4
6691,4,0,4
6692,4,0,4
6693,4,0,4
6694,4,0,4
6695,4,0,4
6696,4,0,4
6697,4,0,4
6698,4,0,4
6699,4,0,4
6700,4,0,4
6701,4,0,4
6702,3,0,3
6703,3,0,3
6704,3,0,3
6705,3,0,3
6706,2,0,2
6707,2,0,2
6708,2,0,2
6709,2,0,2
6710,2,0,2
6711,2,0,2
6712,2,0,2
6713,2,0,2
6714,2,0,2
6715,2,0,2
6716,2,0,2
6717,2,0,2
6718,2,0,2
6719,2,0,2
6720,2,0,2
6721,2,0,2
6722,2,0,2
6723,2,0,2
6724,2,0,2
6725,2,0,2
6726,2,0,2
6727,2,0,2
6728,2,0,2
6729,2,0,2
6730,2,0,2
6731,2,0,2
6732,2,0,2
6733,2,0,2
6734,2,0,2
6735,2,0,2
6736,2,0,2
6737,2,0,2
6738,2,0,2
6739,2,0,2
6740,2,0,2
6741,2,0,2
6742,2,0,2
6743,2,0,2
6744,2,0,2
6745,2,0,2
6746,2,0,2
6747,2,0,2
6748,2,0,2
6749,2,0,2
6750,2,0,2
6751,2,0,2
6752,2,0,2
6753,2,0,2
6754,2,0,2
6755,2,0,2
6756,2,0,2
6757,2,0,2
6758,2,0,2
6759,2,0,2
6760,2,0,2
6761,2,0,2
6762,2,0,2
6763,2,0,2
6764,3,0,3
6765,3,0,3
6766,3,0,3
6767,3,0,3
6768,3,0,3
6769,3,0,3
6770,3,0,3
6771,3,0,3
6772,2,0,2
6773,2,0,2
6774,2,0,2
6775,2,0,2
6776,2,0,2
6777,2,0,2
6778,2,0,2
6779,2,0,2
6780,2,0,2
6781,2,0,2
6782,2,0,2
6783,2,0,2
6784,2,0,2
6785,2,0,2
6786,2,0,2
6787,2,0,2
6788,2,0,2
6789,2,0,2
6790,2,0,2
6791,2,0,2
6792,2,0,2
6793,2,0,2
6794,3,0,3
6795,3,0,3
6796,3,0,3
6797,3,0,3
6798,3,0,3
6799,3,0,3
6800,3,0,3
6801,3,0,3
6802,3,0,3
6803,3,0,3
6804,3,0,3
6805,2,0,2
6806,2,0,2
6807,2,0,2
6808,2,0,2
6809,2,0,2
6810,2,0,2
6811,2,0,2
6812,2,0,2
6813,2,0,2
6814,2,0,2
6815,2,0,2
6816,2,0,2
6817,2,0,2
6818,2,0,2
6819,2,0,2
6820,2,0,2
6821,2,0,2
6822,2,0,2
6823,2,0,2
6824,2,0,2
6825,2,0,2
6826,2,0,2
6827,2,0,2
6828,2,0,2
6829,2,0,2
6830,2,0,2
6831,2,0,2
6832,2,0,2
6833,2,0,2
6834,2,0,2
6835,2,0,2
6836,2,0,2
6837,2,0,2
6838,2,0,2
6839,2,0,2
6840,2,0,2
6841,2,0,2
6842,2,0,2
6843,2,0,2
6844,2,0,2
6845,2,0,2
6846,2,0,2
6847,2,0,2
6848,2,0,2
6849,2,0,2
6850,2,0,2
6851,2,0,2
6852,2,0,2
6853,2,0,2
6854,1,0,1
6855,1,0,1
6856,1,0,1
6857,1,0,1
6858,1,0,1
6859,1,0,1
6860,1,0,1
6861,1,0,1
6862,1,0,1
6863,1,0,1
6864,1,0,1
6865,1,0,1
6866,1,0,1
6867,1,0,1
6868,1,0,1
6869,1,0,1
6870,1,0,1
6871,1,0,1
6872,1,0,1
6873,1,0,1
6874,0,0,0
6875,0,0,0
6876,0,0,0
6877,0,0,0
6878,0,0,0
6879,0,0,0
6880,0,0,0
6881,0,0,0
6882,0,0,0
6883,0,0,0
6884,0,0,0
6885,0,0,0
6886,0,0,0
6887,0,0,0
6888,0,0,0
6889,1,0,1
6890,1,0,1
6891,1,0,1
6892,1,0,1
6893,1,0,1
6894,1,0,1
6895,1,0,1
6896,1,0,1
6897,1,0,1
6898,1,0,1
6899,1,0,1
6900,1,0,1
6901,1,0,1
6902,1,0,1
6903,1,0,1
6904,1,0,1
6905,1,0,1
6906,1,0,1
6907,1,0,1
6908,1,0,1
6909,1,0,1
6910,1,0,1
6911,1,0,1
6912,1,0,1
6913,1,0,1
6914,1,0,1
6915,1,0,1
6916,1,0,1
6917,1,0,1
6918,1,0,1
6919,1,0,1
6920,1,0,1
6921,1,0,1
6922,1,0,1
6923,1,0,1
6924,1,0,1
6925,1,0,1
6926,1,0,1
6927,1,0,1
6928,1,0,1
6929,1,0,1
6930,1,0,1
6931,1,0,1
6932,1,0,1
6933,1,0,1
6934,1,0,1
6935,1,0,1
6936,1,0,1
6937,1,0,1
6938,1,0,1
6939,1,0,1
6940,1,0,1
6941,1,0,1
6942,1,0,1
6943,1,0,1
6944,1,0,1
6945,1,0,1
6946,1,0,1
6947,1,0,1
6948,1,0,1
6949,1,0,1
6950,1,0,1
6951,1,0,1
6952,1,0,1
6953,1,0,1
6954,1,0,1
6955,1,0,1
6956,1,0,1
6957,1,0,1
6958,1,0,1
6959,1,0,1
6960,1,0,1
6961,1,0,1
6962,1,0,1
6963,1,0,1
6964,2,0,2
6965,2,0,2
6966,2,0,2
6967,3,0,3
6968,3,0,3
6969,2,0,2
6970,2,0,2
6971,2,0,2
6972,2,0,2
6973,2,0,2
6974,2,0,2
6975,2,0,2
6976,2,0,2
6977,2,0,2
6978,2,0,2
6979,2,0,2
6980,2,0,2
6981,2,0,2
6982,2,0,2
6983,2,0,2
6984,2,0,2
6985,2,0,2
6986,2,0,2
6987,2,0,2
6988,2,0,2
6989,2,0,2
6990,2,0,2
6991,2,0,2
6992,2,0,2
6993,2,0,2
6994,2,0,2
6995,2,0,2
6996,2,0,2
6997,2,0,2
6998,2,0,2
6999,2,0,2
7000,2,0,2
7001,2,0,2
7002,2,0,2
7003,2,0,2
7004,2,0,2
7005,2,0,2
7006,2,0,2
7007,2,0,2
7008,2,0,2
7009,2,0,2
7010,2,0,2
7011,2,0,2
7012,2,0,2
7013,2,0,2
7014,2,0,2
7015,2,0,2
7016,2,0,2
7017,2,0,2
7018,2,0,2
7019,2,0,2
7020,2,0,2
7021,2,0,2
7022,2,0,2
7023,2,0,2
7024,2,0,2
7025,2,0,2
7026,2,0,2
7027,2,0,2
7028,2,0,2
7029,2,0,2
7030,2,0,2
7031,2,0,2
7032,2,0,2
7033,2,0,2
7034,2,0,2
7035,2,0,2
7036,2,0,2
7037,2,0,2
7038,2,0,2
7039,3,0,3
7040,3,0,3
7041,3,0,3
7042,3,0,3
7043,3,0,3
7044,3,0,3
7045,3,0,3
7046,3,0,3
7047,3,0,3
7048,3,0,3
7049,3,0,3
7050,3,0,3
7051,3,0,3
7052,3,0,3
7053,3,0,3
7054,3,0,3
7055,3,0,3
7056,3,0,3
7057,3,0,3
7058,3,0,3
7059,3,0,3
7060,3,0,3
7061,3,0,3
7062,3,0,3
7063,3,0,3
7064,3,0,3
7065,3,0,3
7066,3,0,3
7067,3,0,3
7068,3,0,3
7069,3,0,3
7070,3,0,3
7071,3,0,3
7072,3,0,3
7073,3,0,3
7074,3,0,3
7075,3,0,3
7076,3,0,3
7077,3,0,3
7078,3,0,3
7079,3,0,3
7080,3,0,3
7081,3,0,3
7082,3,0,3
7083,3,0,3
7084,3,0,3
7085,3,0,3
7086,3,0,3
7087,3,0,3
7088,3,0,3
7089,3,0,3
7090,4,0,4
7091,4,0,4
7092,4,0,4
7093,4,0,4
7094,4,0,4
7095,4,0,4
7096,4,0,4
7097,4,0,4
7098,4,0,4
7099,5,0,5
7100,5,0,5
7101,5,0,5
7102,5,0,5
7103,5,0,5
7104,5,0,5
7105,5,0,5
7106,5,0,5
7107,5,0,5
7108,5,0,5
7109,5,0,5
7110,5,0,5
7111,5,0,5
7112,5,0,5
7113,5,0,5
7114,6,0,6
7115,6,0,6
7116,6,0,6
7117,6,0,6
7118,6,0,6
7119,6,0,6
7120,6,0,6
7121,6,0,6
7122,6,0,6
7123,6,0,6
7124,6,0,6
7125,6,0,6
7126,6,0,6
7127,6,0,6
7128,6,0,6
7129,6,0,6
7130,6,0,6
7131,6,0,6
7132,6,0,6
7133,6,0,6
7134,6,0,6
7135,4,0,4
7136,4,0,4
7137,4,0,4
7138,3,0,3
7139,3,0,3
7140,3,0,3
7141,3,0,3
7142,3,0,3
7143,3,0,3
7144,3,0,3
7145,3,0,3
7146,3,0,3
7147,3,0,3
7148,3,0,3
7149,3,0,3
7150,3,0,3
7151,3,0,3
7152,3,0,3
7153,3,0,3
7154,3,0,3
7155,3,0,3
7156,3,0,3
7157,3,0,3
7158,3,0,3
7159,3,0,3
7160,4,0,4
7161,4,0,4
7162,4,0,4
7163,4,0,4
7164,4,0,4
7165,3,0,3
7166,3,0,3
7167,3,0,3
7168,3,0,3
7169,3,0,3
7170,3,0,3
7171,3,0,3
7172,3,0,3
7173,3,0,3
7174,3,0,3
7175,3,0,3
7176,3,0,3
7177,3,0,3
7178,3,0,3
7179,3,0,3
7180,2,0,2
7181,2,0,2
7182,2,0,2
7183,2,0,2
7184,2,0,2
7185,2,0,2
7186,2,0,2
7187,2,0,2
7188,2,0,2
7189,2,0,2
7190,2,0,2
7191,3,0,3
7192,3,0,3
7193,3,0,3
7194,3,0,3
7195,3,0,3
7196,3,0,3
7197,3,0,3
7198,3,0,3
7199,3,0,3
7200,4,0,4
7201,4,0,4
7202,3,0,3
7203,4,0,4
7204,4,0,4
7205,4,0,4
7206,4,0,4
7207,4,0,4
7208,4,0,4
7209,4,0,4
7210,4,0,4
7211,4,0,4
7212,5,0,5
7213,5,0,5
7214,5,0,5
7215,5,0,5
7216,5,0,5
7217,5,0,5
7218,5,0,5
7219,5,0,5
7220,5,0,5
7221,5,0,5
7222,5,0,5
7223,5,0,5
7224,5,0,5
7225,5,0,5
7226,5,0,5
7227,5,0,5
7228,5,0,5
7229,5,0,5
7230,5,0,5
7231,5,0,5
7232,5,0,5
7233,5,0,5
7234,5,0,5
7235,5,0,5
7236,5,0,5
7237,5,0,5
7238,5,0,5
7239,5,0,5
7240,5,0,5
7241,5,0,5
7242,5,0,5
7243,5,0,5
7244,5,0,5
7245,5,0,5
7246,5,0,5
7247,5,0,5
7248,6,0,6
7249,5,0,5
7250,5,0,5
7251,5,0,5
7252,5,0,5
7253,5,0,5
7254,5,0,5
7255,5,0,5
7256,5,0,5
7257,5,0,5
7258,5,0,5
7259,4,0,4
7260,3,0,3
7261,3,0,3
7262,3,0,3
7263,3,0,3
7264,3,0,3
7265,3,0,3
7266,3,0,3
7267,3,0,3
7268,3,0,3
7269,3,0,3
7270,2,0,2
7271,2,0,2
7272,2,0,2
7273,2,0,2
7274,2,0,2
7275,2,0,2
7276,2,0,2
7277,2,0,2
7278,2,0,2
7279,2,0,2
7280,2,0,2
7281,3,0,3
7282,3,0,3
7283,3,0,3
7284,3,0,3
7285,3,0,3
7286,3,0,3
7287,3,0,3
7288,2,0,2
7289,2,0,2
7290,2,0,2
7291,2,0,2
7292,2,0,2
7293,2,0,2
7294,2,0,2
7295,2,0,2
7296,2,0,2
7297,2,0,2
7298,2,0,2
7299,2,0,2
7300,2,0,2
7301,2,0,2
7302,2,0,2
7303,2,0,2
7304,2,0,2
7305,2,0,2
7306,2,0,2
7307,2,0,2
7308,2,0,2
7309,2,0,2
7310,2,0,2
7311,2,0,2
7312,2,0,2
7313,2,0,2
7314,2,0,2
7315,2,0,2
7316,2,0,2
7317,2,0,2
7318,2,0,2
7319,2,0,2
7320,2,0,2
7321,2,0,2
7322,2,0,2
7323,2,0,2
7324,2,0,2
7325,2,0,2
7326,2,0,2
7327,2,0,2
7328,2,0,2
7329,2,0,2
7330,2,0,2
7331,2,0,2
7332,2,0,2
7333,3,0,3
7334,3,0,3
7335,3,0,3
7336,3,0,3
7337,3,0,3
7338,3,0,3
7339,3,0,3
7340,3,0,3
7341,3,0,3
7342,4,0,4
7343,4,0,4
7344,4,0,4
7345,4,0,4
7346,4,0,4
7347,4,0,4
7348,4,0,4
7349,4,0,4
7350,3,0,3
7351,3,0,3
7352,3,0,3
7353,4,0,4
7354,4,0,4
7355,4,0,4
7356,4,0,4
7357,4,0,4
7358,4,0,4
7359,4,0,4
7360,4,0,4
7361,4,0,4
7362,4,0,4
7363,4,0,4
7364,4,0,4
7365,4,0,4
7366,4,0,4
7367,4,0,4
7368,4,0,4
7369,4,0,4
7370,4,0,4
7371,4,0,4
7372,5,0,5
7373,5,0,5
7374,5,0,5
7375,6,0,6
7376,6,0,6
7377,6,0,6
7378,6,0,6
7379,6,0,6
7380,6,0,6
7381,6,0,6
7382,6,0,6
7383,6,0,6
7384,6,0,6
7385,6,0,6
7386,6,0,6
7387,6,0,6
7388,6,0,6
7389,6,0,6
7390,5,0,5
7391,6,0,6
7392,6,0,6
7393,5,0,5
7394,5,0,5
7395,5,0,5
7396,5,0,5
7397,5,0,5
7398,5,0,5
7399,5,0,5
7400,5,0,5
7401,5,0,5
7402,5,0,5
7403,5,0,5
7404,5,0,5
7405,5,0,5
7406,5,0,5
7407,5,0,5
7408,6,0,6
7409,6,0,6
7410,5,0,5
7411,5,0,5
7412,5,0,5
7413,5,0,5
7414,5,0,5
7415,5,0,5
7416,5,0,5
7417,5,0,5
7418,5,0,5
7419,5,0,5
7420,5,0,5
7421,6,0,6
7422,6,0,6
7423,6,0,6
7424,5,0,5
7425,5,0,5
7426,5,0,5
7427,5,0,5
7428,5,0,5
7429,5,0,5
7430,5,0,5
7431,4,0,4
7432,4,0,4
7433,4,0,4
7434,4,0,4
7435,4,0,4
7436,4,0,4
7437,3,0,3
7438,3,0,3
7439,3,0,3
7440,3,0,3
7441,3,0,3
7442,3,0,3
7443,3,0,3
7444,3,0,3
7445,3,0,3
7446,3,0,3
7447,3,0,3
7448,3,0,3
7449,3,0,3
7450,3,0,3
7451,3,0,3
7452,3,0,3
7453,3,0,3
7454,3,0,3
7455,3,0,3
7456,3,0,3
7457,3,0,3
7458,3,0,3
7459,3,0,3
7460,3,0,3
7461,5,0,5
7462,5,0,5
7463,5,0,5
7464,5,0,5
7465,5,0,5
7466,5,0,5
7467,5,0,5
7468,4,0,4
7469,4,0,4
7470,4,0,4
7471,4,0,4
7472,4,0,4
7473,4,0,4
7474,4,0,4
7475,4,0,4
7476,4,0,4
7477,4,0,4
7478,5,0,5
7479,5,0,5
7480,5,0,5
7481,5,0,5
7482,5,0,5
7483,5,0,5
7484,5,0,5
7485,5,0,5
7486,5,0,5
7487,5,0,5
7488,5,0,5
7489,5,0,5
7490,6,0,6
7491,6,0,6
7492,6,0,6
7493,6,0,6
7494,5,0,5
7495,5,0,5
7496,5,0,5
7497,5,0,5
7498,5,0,5
7499,5,0,5
7500,5,0,5
7501,5,0,5
7502,6,0,6
7503,6,0,6
7504,6,0,6
7505,6,0,6
7506,6,0,6
7507,6,0,6
7508,6,0,6
7509,6,0,6
7510,6,0,6
7511,6,0,6
7512,6,0,6
7513,6,0,6
7514,7,0,7
7515,7,0,7
7516,7,0,7
7517,7,0,7
7518,7,0,7
7519,7,0,7
7520,8,0,8
7521,8,0,8
7522,9,0,9
7523,9,0,9
7524,8,0,8
7525,8,0,8
7526,8,0,8
7527,8,0,8
7528,8,0,8
7529,8,0,8
7530,8,0,8
7531,8,0,8
7532,9,0,9
7533,9,0,9
7534,9,0,9
7535,9,0,9
7536,9,0,9
7537,10,0,10
7538,10,0,10
7539,10,0,10
7540,10,0,10
7541,10,0,10
7542,10,0,10
7543,10,0,10
7544,11,0,11
7545,11,0,11
7546,12,0,12
7547,12,0,12
7548,13,0,13
7549,13,0,13
7550,13,0,13
7551,14,0,14
7552,14,0,14
7553,15,0,15
7554,15,0,15
7555,15,0,15
7556,14,0,14
7557,13,0,13
7558,12,0,12
7559,12,0,12
7560,12,0,12
7561,12,0,12
7562,11,0,11
7563,10,0,10
7564,10,0,10
7565,10,0,10
7566,10,0,10
7567,10,0,10
7568,11,0,11
7569,11,0,11
7570,11,0,11
7571,11,0,11
7572,11,0,11
7573,11,0,11
7574,10,0,10
7575,10,0,10
7576,10,0,10
7577,10,0,10
7578,10,0,10
7579,10,0,10
7580,10,0,10
7581,10,0,10
7582,10,0,10
7583,10,0,10
7584,10,0,10
7585,10,0,10
7586,10,0,10
7587,10,0,10
7588,10,0,10
7589,11,0,11
7590,11,0,11
7591,11,0,11
7592,11,0,11
7593,11,0,11
7594,10,0,10
7595,10,0,10
7596,10,0,10
7597,10,0,10
7598,10,0,10
7599,10,0,10
7600,10,0,10
7601,10,0,10
7602,10,0,10
7603,10,0,10
7604,10,0,10
7605,10,0,10
7606,11,0,11
7607,11,0,11
7608,11,0,11
7609,11,0,11
7610,11,0,11
7611,10,0,10
7612,10,0,10
7613,11,0,11
7614,11,0,11
7615,11,0,11
7616,11,0,11
7617,11,0,11
7618,10,0,10
7619,10,0,10
7620,10,0,10
7621,10,0,10
7622,10,0,10
7623,10,0,10
7624,10,0,10
7625,10,0,10
7626,10,0,10
7627,10,0,10
7628,10,0,10
7629,10,0,10
7630,10,0,10
7631,10,0,10
7632,10,0,10
7633,10,0,10
7634,11,0,11
7635,11,0,11
7636,11,0,11
7637,11,0,11
7638,11,0,11
7639,10,0,10
7640,10,0,10
7641,10,0,10
7642,10,0,10
7643,11,0,11
7644,11,0,11
7645,11,0,11
7646,12,0,12
7647,12,0,12
7648,12,0,12
7649,12,0,12
7650,12,0,12
7651,12,0,12
7652,12,0,12
7653,12,0,12
7654,12,0,12
7655,12,0,12
7656,12,0,12
7657,11,0,11
7658,11,0,11
7659,11,0,11
7660,11,0,11
7661,11,0,11
7662,11,0,11
7663,12,0,12
7664,12,0,12
7665,12,0,12
7666,12,0,12
7667,12,0,12
7668,12,0,12
7669,11,0,11
7670,11,0,11
7671,11,0,11
7672,11,0,11
7673,11,0,11
7674,11,0,11
7675,11,0,11
7676,11,0,11
7677,11,0,11
7678,10,0,10
7679,10,0,10
7680,10,0,10
7681,10,0,10
7682,10,0,10
7683,10,0,10
7684,11,0,11
7685,11,0,11
7686,10,0,10
7687,10,0,10
7688,10,0,10
7689,10,0,10
7690,10,0,10
7691,10,0,10
7692,9,0,9
7693,9,0,9
7694,9,0,9
7695,9,0,9
7696,9,0,9
7697,10,0,10
7698,10,0,10
7699,11,0,11
7700,11,0,11
7701,11,0,11
7702,11,0,11
7703,11,0,11
7704,11,0,11
7705,12,0,12
7706,12,0,12
7707,12,0,12
7708,12,0,12
7709,12,0,12
7710,12,0,12
7711,12,0,12
7712,12,0,12
7713,12,0,12
7714,12,0,12
7715,12,0,12
7716,12,0,12
7717,12,0,12
7718,12,0,12
7719,13,0,13
7720,13,0,13
7721,13,0,13
7722,13,0,13
7723,13,0,13
7724,13,0,13
7725,13,0,13
7726,13,0,13
7727,13,0,13
7728,13,0,13
7729,13,0,13
7730,13,0,13
7731,13,0,13
7732,13,0,13
7733,13,0,13
7734,12,0,12
7735,12,0,12
7736,12,0,12
7737,12,0,12
7738,12,0,12
7739,12,0,12
7740,12,0,12
7741,11,0,11
7742,11,0,11
7743,11,0,11
7744,11,0,11
7745,11,0,11
7746,11,0,11
7747,11,0,11
7748,11,0,11
7749,11,0,11
7750,11,0,11
7751,12,0,12
7752,12,0,12
7753,12,0,12
7754,12,0,12
7755,12,0,12
7756,12,0,12
7757,12,0,12
7758,12,0,12
7759,12,0,12
7760,12,0,12
7761,11,0,11
7762,11,0,11
7763,11,0,11
7764,11,0,11
7765,11,0,11
7766,12,0,12
7767,12,0,12
7768,11,0,11
7769,11,0,11
7770,11,0,11
7771,11,0,11
7772,11,0,11
7773,11,0,11
7774,11,0,11
7775,11,0,11
7776,11,0,11
7777,10,0,10
7778,10,0,10
7779,9,0,9
7780,9,0,9
7781,9,0,9
7782,9,0,9
7783,9,0,9
7784,9,0,9
7785,9,0,9
7786,9,0,9
7787,9,0,9
7788,9,0,9
7789,8,0,8
7790,8,0,8
7791,8,0,8
7792,8,0,8
7793,8,0,8
7794,8,0,8
7795,8,0,8
7796,9,0,9
7797,10,0,10
7798,10,0,10
7799,10,0,10
7800,10,0,10
7801,10,0,10
7802,10,0,10
7803,10,0,10
7804,10,0,10
7805,10,0,10
7806,10,0,10
7807,10,0,10
7808,10,0,10
7809,10,0,10
7810,10,0,10
7811,10,0,10
7812,10,0,10
7813,11,0,11
7814,11,0,11
7815,11,0,11
7816,11,0,11
7817,11,0,11
7818,11,0,11
7819,11,0,11
7820,10,0,10
7821,10,0,10
7822,10,0,10
7823,10,0,10
7824,10,0,10
7825,12,0,12
7826,12,0,12
7827,12,0,12
7828,12,0,12
7829,12,0,12
7830,12,0,12
7831,12,0,12
7832,12,0,12
7833,12,0,12
7834,13,0,13
7835,13,0,13
7836,13,0,13
7837,13,0,13
7838,13,0,13
7839,13,0,13
7840,13,0,13
7841,14,0,14
7842,14,0,14
7843,14,0,14
7844,14,0,14
7845,14,0,14
7846,14,0,14
7847,14,0,14
7848,14,0,14
7849,14,0,14
7850,14,0,14
7851,14,0,14
7852,14,0,14
7853,14,0,14
7854,14,0,14
7855,14,0,14
7856,14,0,14
7857,14,0,14
7858,14,0,14
7859,13,0,13
7860,13,0,13
7861,13,0,13
7862,13,0,13
7863,12,0,12
7864,12,0,12
7865,12,0,12
7866,12,0,12
7867,12,0,12
7868,11,0,11
7869,11,0,11
7870,11,0,11
7871,11,0,11
7872,10,0,10
7873,10,0,10
7874,10,0,10
7875,10,0,10
7876,10,0,10
7877,10,0,10
7878,9,0,9
7879,9,0,9
7880,9,0,9
7881,9,0,9
7882,10,0,10
7883,13,0,13
7884,13,0,13
7885,13,0,13
7886,13,0,13
7887,13,0,13
7888,13,0,13
7889,13,0,13
7890,13,0,13
7891,13,0,13
7892,13,0,13
7893,13,0,13
7894,13,0,13
7895,13,0,13
7896,13,0,13
7897,13,0,13
7898,13,0,13
7899,13,0,13
7900,13,0,13
7901,13,0,13
7902,13,0,13
7903,13,0,13
7904,13,0,13
7905,13,0,13
7906,13,0,13
7907,13,0,13
7908,13,0,13
7909,13,0,13
7910,13,0,13
7911,13,0,13
7912,13,0,13
7913,13,0,13
7914,13,0,13
7915,12,0,12
7916,12,0,12
7917,12,0,12
7918,12,0,12
7919,12,0,12
7920,12,0,12
7921,12,0,12
7922,12,0,12
7923,12,0,12
7924,12,0,12
7925,12,0,12
7926,13,0,13
7927,11,0,11
7928,11,0,11
7929,11,0,11
7930,11,0,11
7931,11,0,11
7932,11,0,11
7933,11,0,11
7934,11,0,11
7935,12,0,12
7936,12,0,12
7937,12,0,12
7938,12,0,12
7939,11,0,11
7940,11,0,11
7941,10,0,10
7942,10,0,10
7943,10,0,10
7944,10,0,10
7945,10,0,10
7946,10,0,10
7947,10,0,10
7948,10,0,10
7949,10,0,10
7950,11,0,11
7951,11,0,11
7952,11,0,11
7953,11,0,11
7954,11,0,11
7955,11,0,11
7956,11,0,11
7957,11,0,11
7958,12,0,12
7959,12,0,12
7960,12,0,12
7961,12,0,12
7962,12,0,12
7963,12,0,12
7964,13,0,13
7965,13,0,13
7966,12,0,12
7967,12,0,12
7968,12,0,12
7969,12,0,12
7970,13,0,13
7971,13,0,13
7972,13,0,13
7973,13,0,13
7974,13,0,13
7975,14,0,14
7976,15,0,15
7977,15,0,15
7978,15,0,15
7979,15,0,15
7980,14,0,14
7981,14,0,14
7982,13,0,13
7983,13,0,13
7984,13,0,13
7985,13,0,13
7986,13,0,13
7987,13,0,13
7988,13,0,13
7989,13,0,13
7990,12,0,12
7991,12,0,12
7992,12,0,12
7993,13,0,13
7994,13,0,13
7995,13,0,13
7996,12,0,12
7997,12,0,12
7998,12,0,12
7999,13,0,13
8000,13,0,13
8001,13,0,13
8002,13,0,13
8003,13,0,13
8004,13,0,13
8005,14,0,14
8006,14,0,14
8007,14,0,14
8008,14,0,14
8009,14,0,14
8010,14,0,14
8011,15,0,15
8012,15,0,15
8013,15,0,15
8014,15,0,15
8015,15,0,15
8016,15,0,15
8017,15,0,15
8018,15,0,15
8019,15,0,15
8020,15,0,15
8021,15,0,15
8022,15,0,15
8023,15,0,15
8024,15,0,15
8025,14,0,14
8026,14,0,14
8027,14,0,14
8028,14,0,14
8029,14,0,14
8030,14,0,14
8031,14,0,14
8032,14,0,14
8033,14,0,14
8034,14,0,14
8035,14,0,14
8036,14,0,14
8037,13,0,13
8038,13,0,13
8039,13,0,13
8040,12,0,12
8041,12,0,12
8042,12,0,12
8043,11,0,11
8044,11,0,11
8045,11,0,11
8046,11,0,11
8047,11,0,11
8048,11,0,11
8049,11,0,11
8050,11,0,11
8051,11,0,11
8052,11,0,11
8053,11,0,11
8054,11,0,11
8055,11,0,11
8056,11,0,11
8057,11,0,11
8058,11,0,11
8059,11,0,11
8060,10,0,10
8061,10,0,10
8062,10,0,10
8063,10,0,10
8064,10,0,10
8065,10,0,10
8066,10,0,10
8067,10,0,10
8068,10,0,10
8069,10,0,10
8070,11,0,11
8071,11,0,11
8072,11,0,11
8073,11,0,11
8074,11,0,11
8075,11,0,11
8076,11,0,11
8077,11,0,11
8078,11,0,11
8079,11,0,11
8080,11,0,11
8081,11,0,11
8082,11,0,11
8083,12,0,12
8084,12,0,12
8085,12,0,12
8086,12,0,12
8087,12,0,12
8088,12,0,12
8089,12,0,12
8090,12,0,12
8091,13,0,13
8092,13,0,13
8093,14,0,14
8094,14,0,14
8095,14,0,14
8096,15,0,15
8097,15,0,15
8098,15,0,15
8099,15,0,15
8100,16,0,16
8101,16,0,16
8102,15,0,15
8103,15,0,15
8104,15,0,15
8105,14,0,14
8106,13,0,13
8107,13,0,13
8108,13,0,13
8109,14,0,14
8110,14,0,14
8111,15,0,15
8112,15,0,15
8113,15,0,15
8114,15,0,15
8115,15,0,15
8116,15,0,15
8117,15,0,15
8118,15,0,15
8119,15,0,15
8120,15,0,15
8121,15,0,15
8122,15,0,15
8123,15,0,15
8124,15,0,15
8125,15,0,15
8126,15,0,15
8127,15,0,15
8128,15,0,15
8129,14,0,14
8130,14,0,14
8131,14,0,14
8132,14,0,14
8133,14,0,14
8134,14,0,14
8135,13,0,13
8136,13,0,13
8137,13,0,13
8138,13,0,13
8139,13,0,13
8140,13,0,13
8141,12,0,12
8142,12,0,12
8143,13,0,13
8144,13,0,13
8145,13,0,13
8146,13,0,13
8147,13,0,13
8148,13,0,13
8149,14,0,14
8150,14,0,14
8151,14,0,14
8152,14,0,14
8153,14,0,14
8154,14,0,14
8155,14,0,14
8156,14,0,14
8157,14,0,14
8158,14,0,14
8159,14,0,14
8160,14,0,14
8161,14,0,14
8162,13,0,13
8163,13,0,13
8164,13,0,13
8165,12,0,12
8166,12,0,12
8167,12,0,12
8168,12,0,12
8169,12,0,12
8170,12,0,12
8171,12,0,12
8172,13,0,13
8173,13,0,13
8174,13,0,13
8175,13,0,13
8176,13,0,13
8177,13,0,13
8178,13,0,13
8179,13,0,13
8180,13,0,13
8181,11,0,11
8182,12,0,12
8183,11,0,11
8184,11,0,11
8185,10,0,10
8186,9,0,9
8187,9,0,9
8188,10,0,10
8189,10,0,10
8190,10,0,10
8191,10,0,10
8192,10,0,10
8193,10,0,10
8194,11,0,11
8195,11,0,11
8196,11,0,11
8197,11,0,11
8198,11,0,11
8199,11,0,11
8200,11,0,11
8201,11,0,11
8202,12,0,12
8203,12,0,12
8204,12,0,12
8205,12,0,12
8206,12,0,12
8207,12,0,12
8208,12,0,12
8209,12,0,12
8210,12,0,12
8211,12,0,12
8212,12,0,12
8213,12,0,12
8214,12,0,12
8215,12,0,12
8216,12,0,12
8217,12,0,12
8218,12,0,12
8219,12,0,12
8220,12,0,12
8221,12,0,12
8222,12,0,12
8223,12,0,12
8224,12,0,12
8225,12,0,12
8226,11,0,11
8227,11,0,11
8228,11,0,11
8229,11,0,11
8230,11,0,11
8231,11,0,11
8232,11,0,11
8233,12,0,12
8234,12,0,12
8235,12,0,12
8236,12,0,12
8237,13,0,13
8238,13,0,13
8239,13,0,13
8240,13,0,13
8241,13,0,13
8242,13,0,13
8243,13,0,13
8244,13,0,13
8245,12,0,12
8246,12,0,12
8247,12,0,12
8248,12,0,12
8249,12,0,12
8250,12,0,12
8251,12,0,12
8252,12,0,12
8253,12,0,12
8254,12,0,12
8255,12,0,12
8256,13,0,13
8257,13,0,13
8258,13,0,13
8259,13,0,13
8260,13,0,13
8261,13,0,13
8262,13,0,13
8263,13,0,13
8264,13,0,13
8265,13,0,13
8266,13,0,13
8267,13,0,13
8268,14,0,14
8269,14,0,14
8270,14,0,14
8271,14,0,14
8272,13,0,13
8273,13,0,13
8274,13,0,13
8275,12,0,12
8276,11,0,11
8277,11,0,11
8278,11,0,11
8279,11,0,11
8280,12,0,12
8281,12,0,12
8282,12,0,12
8283,12,0,12
8284,12,0,12
8285,12,0,12
8286,12,0,12
8287,12,0,12
8288,12,0,12
8289,12,0,12
8290,12,0,12
8291,12,0,12
8292,12,0,12
8293,12,0,12
8294,12,0,12
8295,12,0,12
8296,12,0,12
8297,12,0,12
8298,11,0,11
8299,11,0,11
8300,11,0,11
8301,11,0,11
8302,11,0,11
8303,11,0,11
8304,11,0,11
8305,11,0,11
8306,11,0,11
8307,11,0,11
8308,11,0,11
8309,11,0,11
8310,11,0,11
8311,11,0,11
8312,11,0,11
8313,10,0,10
8314,10,0,10
8315,10,0,10
8316,8,0,8
8317,8,0,8
8318,8,0,8
8319,8,0,8
8320,8,0,8
8321,9,0,9
8322,9,0,9
8323,9,0,9
8324,8,0,8
8325,8,0,8
8326,7,0,7
8327,7,0,7
8328,7,0,7
8329,6,0,6
8330,6,0,6
8331,6,0,6
8332,6,0,6
8333,6,0,6
8334,6,0,6
8335,6,0,6
8336,6,0,6
8337,5,0,5
8338,5,0,5
8339,5,0,5
8340,5,0,5
8341,5,0,5
8342,5,0,5
8343,6,0,6
8344,6,0,6
8345,6,0,6
8346,6,0,6
8347,6,0,6
8348,6,0,6
8349,6,0,6
8350,6,0,6
8351,6,0,6
8352,6,0,6
8353,6,0,6
8354,6,0,6
8355,6,0,6
8356,6,0,6
8357,6,0,6
8358,6,0,6
8359,6,0,6
8360,6,0,6
8361,6,0,6
8362,6,0,6
8363,6,0,6
8364,6,0,6
8365,6,0,6
8366,6,0,6
8367,6,0,6
8368,6,0,6
8369,6,0,6
8370,6,0,6
8371,7,0,7
8372,7,0,7
8373,7,0,7
8374,7,0,7
8375,7,0,7
8376,7,0,7
8377,7,0,7
8378,7,0,7
8379,7,0,7
8380,6,0,6
8381,6,0,6
8382,6,0,6
8383,6,0,6
8384,6,0,6
8385,6,0,6
8386,6,0,6
8387,6,0,6
8388,6,0,6
8389,6,0,6
8390,6,0,6
8391,5,0,5
8392,5,0,5
8393,5,0,5
8394,5,0,5
8395,5,0,5
8396,5,0,5
8397,5,0,5
8398,5,0,5
8399,5,0,5
8400,5,0,5
8401,5,0,5
8402,5,0,5
8403,5,0,5
8404,5,0,5
8405,5,0,5
8406,5,0,5
8407,5,0,5
8408,5,0,5
8409,5,0,5
8410,5,0,5
8411,5,0,5
8412,5,0,5
8413,5,0,5
8414,6,0,6
8415,6,0,6
8416,6,0,6
8417,6,0,6
8418,6,0,6
8419,5,0,5
8420,5,0,5
8421,6,0,6
8422,6,0,6
8423,6,0,6
8424,6,0,6
8425,6,0,6
8426,7,0,7
8427,8,0,8
8428,8,0,8
8429,8,0,8
8430,8,0,8
8431,8,0,8
8432,8,0,8
8433,8,0,8
8434,8,0,8
8435,8,0,8
8436,9,0,9
8437,9,0,9
8438,9,0,9
8439,9,0,9
8440,9,0,9
8441,9,0,9
8442,10,0,10
8443,10,0,10
8444,11,0,11
8445,10,0,10
8446,11,0,11
8447,11,0,11
8448,11,0,11
8449,11,0,11
8450,10,0,10
8451,10,0,10
8452,10,0,10
8453,10,0,10
8454,10,0,10
8455,10,0,10
8456,10,0,10
8457,10,0,10
8458,10,0,10
8459,10,0,10
8460,10,0,10
8461,10,0,10
8462,10,0,10
8463,10,0,10
8464,10,0,10
8465,10,0,10
8466,10,0,10
8467,10,0,10
8468,10,0,10
8469,10,0,10
8470,10,0,10
8471,10,0,10
8472,11,0,11
8473,11,0,11
8474,11,0,11
8475,11,0,11
8476,11,0,11
8477,11,0,11
8478,10,0,10
8479,10,0,10
8480,10,0,10
8481,10,0,10
8482,10,0,10
8483,10,0,10
8484,10,0,10
8485,10,0,10
8486,11,0,11
8487,11,0,11
8488,11,0,11
8489,11,0,11
8490,11,0,11
8491,11,0,11
8492,11,0,11
8493,11,0,11
8494,11,0,11
8495,11,0,11
8496,10,0,10
8497,10,0,10
8498,10,0,10
8499,10,0,10
8500,10,0,10
8501,10,0,10
8502,10,0,10
8503,10,0,10
8504,10,0,10
8505,10,0,10
8506,11,0,11
8507,11,0,11
8508,11,0,11
8509,11,0,11
8510,11,0,11
8511,11,0,11
8512,11,0,11
8513,11,0,11
8514,11,0,11
8515,11,0,11
8516,11,0,11
8517,11,0,11
8518,11,0,11
8519,11,0,11
8520,11,0,11
8521,11,0,11
8522,12,0,12
8523,11,0,11
8524,11,0,11
8525,11,0,11
8526,11,0,11
8527,11,0,11
8528,11,0,11
8529,11,0,11
8530,11,0,11
8531,11,0,11
8532,10,0,10
8533,10,0,10
8534,10,0,10
8535,10,0,10
8536,11,0,11
8537,11,0,11
8538,11,0,11
8539,11,0,11
8540,11,0,11
8541,11,0,11
8542,11,0,11
8543,11,0,11
8544,11,0,11
8545,11,0,11
8546,11,0,11
8547,11,0,11
8548,11,0,11
8549,10,0,10
8550,10,0,10
8551,11,0,11
8552,10,0,10
8553,10,0,10
8554,10,0,10
8555,10,0,10
8556,10,0,10
8557,10,0,10
8558,10,0,10
8559,10,0,10
8560,10,0,10
8561,10,0,10
8562,10,0,10
8563,10,0,10
8564,10,0,10
8565,10,0,10
8566,11,0,11
8567,10,0,10
8568,10,0,10
8569,10,0,10
8570,9,0,9
8571,9,0,9
8572,9,0,9
8573,9,0,9
8574,9,0,9
8575,8,0,8
8576,8,0,8
8577,8,0,8
8578,8,0,8
8579,8,0,8
8580,8,0,8
8581,8,0,8
8582,8,0,8
8583,8,0,8
8584,9,0,9
8585,9,0,9
8586,9,0,9
8587,9,0,9
8588,9,0,9
8589,9,0,9
8590,9,0,9
8591,9,0,9
8592,9,0,9
8593,9,0,9
8594,8,0,8
8595,8,0,8
8596,8,0,8
8597,8,0,8
8598,8,0,8
8599,8,0,8
8600,8,0,8
8601,9,0,9
8602,9,0,9
8603,9,0,9
8604,9,0,9
8605,9,0,9
8606,8,0,8
8607,7,0,7
8608,7,0,7
8609,7,0,7
8610,7,0,7
8611,7,0,7
8612,6,0,6
8613,6,0,6
8614,6,0,6
8615,6,0,6
8616,7,0,7
8617,7,0,7
8618,7,0,7
8619,7,0,7
8620,7,0,7
8621,7,0,7
8622,7,0,7
8623,7,0,7
8624,7,0,7
8625,7,0,7
8626,7,0,7
8627,7,0,7
8628,6,0,6
8629,6,0,6
8630,6,0,6
8631,6,0,6
8632,6,0,6
8633,6,0,6
8634,6,0,6
8635,6,0,6
8636,6,0,6
8637,7,0,7
8638,8,0,8
8639,8,0,8
8640,8,0,8
8641,8,0,8
8642,8,0,8
8643,8,0,8
8644,8,0,8
8645,8,0,8
8646,8,0,8
8647,8,0,8
8648,8,0,8
8649,8,0,8
8650,7,0,7
8651,7,0,7
8652,7,0,7
8653,7,0,7
8654,7,0,7
8655,7,0,7
8656,7,0,7
8657,7,0,7
8658,7,0,7
8659,7,0,7
8660,7,0,7
8661,8,0,8
8662,8,0,8
8663,8,0,8
8664,8,0,8
8665,8,0,8
8666,8,0,8
8667,8,0,8
8668,8,0,8
8669,8,0,8
8670,8,0,8
8671,8,0,8
8672,8,0,8
8673,8,0,8
8674,8,0,8
8675,8,0,8
8676,8,0,8
8677,8,0,8
8678,8,0,8
8679,8,0,8
8680,8,0,8
8681,8,0,8
8682,8,0,8
8683,8,0,8
8684,8,0,8
8685,8,0,8
8686,8,0,8
8687,8,0,8
8688,8,0,8
8689,7,0,7
8690,7,0,7
8691,7,0,7
8692,7,0,7
8693,7,0,7
8694,7,0,7
8695,7,0,7
8696,7,0,7
8697,7,0,7
8698,7,0,7
8699,7,0,7
8700,7,0,7
8701,8,0,8
8702,8,0,8
8703,8,0,8
8704,8,0,8
8705,8,0,8
8706,8,0,8
8707,8,0,8
8708,8,0,8
8709,8,0,8
8710,8,0,8
8711,8,0,8
8712,7,0,7
8713,7,0,7
8714,7,0,7
8715,7,0,7
8716,7,0,7
8717,6,0,6
8718,6,0,6
8719,6,0,6
8720,6,0,6
8721,6,0,6
8722,6,0,6
8723,6,0,6
8724,8,0,8
8725,8,0,8
8726,8,0,8
8727,8,0,8
8728,8,0,8
8729,8,0,8
8730,8,0,8
8731,8,0,8
8732,8,0,8
8733,8,0,8
8734,8,0,8
8735,8,0,8
8736,8,0,8
8737,8,0,8
8738,8,0,8
8739,8,0,8
8740,8,0,8
8741,8,0,8
8742,8,0,8
8743,8,0,8
8744,8,0,8
8745,8,0,8
8746,8,0,8
8747,8,0,8
8748,8,0,8
8749,8,0,8
8750,8,0,8
8751,8,0,8
8752,8,0,8
8753,8,0,8
8754,8,0,8
8755,8,0,8
8756,8,0,8
8757,8,0,8
8758,8,0,8
8759,8,0,8
8760,8,0,8
8761,8,0,8
8762,8,0,8
8763,8,0,8
8764,8,0,8
8765,8,0,8
8766,8,0,8
8767,8,0,8
8768,8,0,8
8769,8,0,8
8770,8,0,8
8771,8,0,8
8772,8,0,8
8773,8,0,8
8774,8,0,8
8775,8,0,8
8776,7,0,7
8777,7,0,7
8778,7,0,7
8779,7,0,7
8780,7,0,7
8781,7,0,7
8782,7,0,7
8783,7,0,7
8784,8,0,8
8785,8,0,8
8786,8,0,8
8787,8,0,8
8788,8,0,8
8789,8,0,8
8790,8,0,8
8791,8,0,8
8792,8,0,8
8793,8,0,8
8794,8,0,8
8795,7,0,7
8796,7,0,7
8797,7,0,7
8798,7,0,7
8799,8,0,8
8800,8,0,8
8801,8,0,8
8802,8,0,8
8803,8,0,8
8804,8,0,8
8805,8,0,8
8806,8,0,8
8807,8,0,8
8808,8,0,8
8809,7,1,8
8810,7,1,8
8811,8,1,9
8812,8,1,9
8813,8,1,9
8814,8,1,9
8815,7,1,8
8816,8,1,9
8817,8,1,9
8818,8,1,9
8819,8,1,9
8820,8,1,9
8821,8,1,9
8822,8,1,9
8823,9,1,10
8824,9,1,10
8825,9,1,10
8826,9,1,10
8827,9,1,10
8828,8,1,9
8829,8,1,9
8830,8,1,9
8831,8,1,9
8832,8,1,9
8833,8,1,9
8834,8,1,9
8835,8,1,9
8836,9,1,10
8837,9,1,10
8838,9,1,10
8839,9,1,10
8840,9,1,10
8841,9,1,10
8842,9,1,10
8843,9,1,10
8844,9,1,10
8845,9,1,10
8846,10,0,10
8847,10,0,10
8848,10,0,10
8849,10,0,10
8850,10,0,10
8851,10,0,10
8852,10,0,10
8853,9,0,9
8854,9,0,9
8855,8,0,8
8856,8,0,8
8857,8,0,8
8858,8,0,8
8859,7,0,7
8860,7,0,7
8861,7,0,7
8862,7,0,7
8863,7,0,7
8864,7,0,7
8865,7,0,7
8866,7,0,7
8867,7,0,7
8868,7,0,7
8869,7,0,7
8870,7,0,7
8871,7,0,7
8872,7,0,7
8873,7,0,7
8874,7,0,7
8875,7,0,7
8876,8,0,8
8877,8,0,8
8878,8,0,8
8879,8,0,8
8880,8,0,8
8881,8,0,8
8882,8,0,8
8883,8,0,8
8884,8,0,8
8885,8,0,8
8886,8,0,8
8887,8,0,8
8888,9,0,9
8889,9,0,9
8890,9,0,9
8891,9,0,9
8892,9,0,9
8893,9,0,9
8894,9,0,9
8895,9,0,9
8896,9,0,9
8897,9,0,9
8898,9,0,9
8899,9,0,9
8900,9,0,9
8901,9,0,9
8902,9,0,9
8903,9,0,9
8904,9,0,9
8905,9,0,9
8906,9,0,9
8907,9,0,9
8908,9,0,9
8909,9,0,9
8910,9,0,9
8911,9,0,9
8912,9,0,9
8913,9,0,9
8914,9,0,9
8915,8,0,8
8916,8,0,8
8917,8,0,8
8918,8,0,8
8919,9,0,9
8920,9,0,9
8921,9,0,9
8922,9,0,9
8923,9,0,9
8924,9,0,9
8925,10,0,10
8926,10,0,10
8927,10,0,10
8928,10,0,10
8929,10,0,10
8930,10,0,10
8931,10,0,10
8932,10,0,10
8933,10,0,10
8934,10,0,10
8935,10,0,10
8936,10,0,10
8937,10,0,10
8938,10,0,10
8939,10,0,10
8940,10,0,10
8941,10,0,10
8942,9,0,9
8943,9,0,9
8944,9,0,9
8945,9,0,9
8946,9,0,9
8947,9,0,9
8948,9,0,9
8949,9,0,9
8950,10,0,10
8951,9,0,9
8952,9,0,9
8953,9,0,9
8954,10,0,10
8955,10,0,10
8956,10,0,10
8957,11,0,11
8958,12,0,12
8959,12,0,12
8960,12,0,12
8961,12,0,12
8962,12,0,12
8963,12,0,12
8964,12,0,12
8965,12,0,12
8966,12,0,12
8967,12,0,12
8968,12,0,12
8969,12,0,12
8970,12,0,12
8971,12,0,12
8972,12,0,12
8973,12,0,12
8974,12,0,12
8975,12,0,12
8976,12,0,12
8977,12,0,12
8978,12,0,12
8979,13,0,13
8980,13,0,13
8981,13,0,13
8982,13,0,13
8983,12,0,12
8984,12,0,12
8985,12,0,12
8986,12,0,12
8987,12,0,12
8988,12,0,12
8989,12,0,12
8990,12,0,12
8991,12,0,12
8992,12,0,12
8993,12,0,12
8994,12,0,12
8995,12,0,12
8996,12,0,12
8997,12,0,12
8998,12,0,12
8999,12,0,12
9000,12,0,12
9001,12,0,12
9002,12,0,12
9003,12,0,12
9004,12,0,12
9005,12,0,12
9006,12,0,12
9007,12,0,12
9008,12,0,12
9009,12,0,12
9010,12,0,12
9011,12,0,12
9012,12,0,12
9013,12,0,12
9014,12,0,12
9015,12,0,12
9016,12,0,12
9017,12,0,12
9018,12,0,12
9019,12,0,12
9020,12,0,12
9021,12,0,12
9022,12,0,12
9023,12,0,12
9024,12,0,12
9025,12,0,12
9026,13,0,13
9027,13,0,13
9028,13,0,13
9029,13,0,13
9030,13,0,13
9031,13,0,13
9032,13,0,13
9033,13,0,13
9034,12,0,12
9035,12,0,12
9036,12,0,12
9037,12,0,12
9038,12,0,12
9039,12,0,12
9040,12,0,12
9041,12,0,12
9042,12,0,12
9043,12,0,12
9044,12,0,12
9045,11,0,11
9046,11,0,11
9047,11,0,11
9048,11,0,11
9049,11,0,11
9050,11,0,11
9051,11,0,11
9052,11,0,11
9053,11,0,11
9054,11,0,11
9055,11,0,11
9056,11,0,11
9057,11,0,11
9058,11,0,11
9059,11,0,11
9060,11,0,11
9061,11,0,11
9062,11,0,11
9063,11,0,11
9064,11,0,11
9065,11,0,11
9066,11,0,11
9067,11,0,11
9068,11,0,11
9069,11,0,11
9070,11,0,11
9071,11,0,11
9072,11,0,11
9073,11,0,11
9074,11,0,11
9075,11,0,11
9076,11,0,11
9077,11,0,11
9078,12,0,12
9079,12,0,12
9080,12,0,12
9081,12,0,12
9082,12,0,12
9083,12,0,12
9084,12,0,12
9085,12,0,12
9086,12,0,12
9087,12,0,12
9088,12,0,12
9089,12,0,12
9090,12,0,12
9091,12,0,12
9092,12,0,12
9093,12,0,12
9094,12,0,12
9095,12,0,12
9096,12,0,12
9097,12,0,12
9098,12,0,12
9099,12,0,12
9100,12,0,12
9101,12,0,12
9102,12,0,12
9103,12,0,12
9104,12,0,12
9105,12,0,12
9106,12,0,12
9107,12,0,12
9108,12,0,12
9109,13,0,13
9110,12,0,12
9111,12,0,12
9112,12,0,12
9113,12,0,12
9114,12,0,12
9115,12,0,12
9116,12,0,12
9117,12,0,12
9118,12,0,12
9119,12,0,12
9120,12,0,12
9121,12,0,12
9122,12,0,12
9123,12,0,12
9124,12,0,12
9125,12,0,12
9126,12,0,12
9127,12,0,12
9128,12,0,12
9129,12,0,12
9130,12,0,12
9131,12,0,12
9132,12,0,12
9133,12,0,12
9134,12,0,12
9135,12,0,12
9136,12,0,12
9137,12,0,12
9138,12,0,12
9139,12,0,12
9140,12,0,12
9141,12,0,12
9142,12,0,12
9143,12,0,12
9144,12,0,12
9145,12,0,12
9146,12,0,12
9147,12,0,12
9148,13,0,13
9149,13,0,13
9150,13,0,13
9151,13,0,13
9152,13,0,13
9153,13,0,13
9154,13,0,13
9155,13,0,13
9156,13,0,13
9157,13,0,13
9158,13,0,13
9159,13,0,13
9160,13,0,13
9161,13,0,13
9162,13,0,13
9163,13,0,13
9164,13,0,13
9165,13,0,13
9166,12,0,12
9167,12,0,12
9168,12,0,12
9169,12,0,12
9170,13,0,13
9171,13,0,13
9172,13,0,13
9173,13,0,13
9174,12,0,12
9175,12,0,12
9176,11,0,11
9177,11,0,11
9178,12,0,12
9179,12,0,12
9180,12,0,12
9181,12,0,12
9182,12,0,12
9183,12,0,12
9184,12,0,12
9185,12,0,12
9186,12,0,12
9187,12,0,12
9188,12,0,12
9189,12,0,12
9190,13,0,13
9191,13,0,13
9192,13,0,13
9193,13,0,13
9194,13,0,13
9195,13,0,13
9196,13,0,13
9197,13,0,13
9198,13,0,13
9199,14,0,14
9200,14,0,14
9201,14,0,14
9202,14,0,14
9203,14,0,14
9204,14,0,14
9205,14,0,14
9206,14,0,14
9207,14,0,14
9208,14,0,14
9209,14,0,14
9210,14,0,14
9211,14,0,14
9212,14,0,14
9213,14,0,14
9214,14,0,14
9215,14,0,14
9216,14,0,14
9217,14,0,14
9218,14,0,14
9219,14,0,14
9220,15,0,15
9221,15,0,15
9222,15,0,15
9223,15,0,15
9224,15,0,15
9225,15,0,15
9226,14,0,14
9227,14,0,14
9228,14,0,14
9229,14,0,14
9230,14,0,14
9231,14,0,14
9232,13,0,13
9233,13,0,13
9234,13,0,13
9235,13,0,13
9236,13,0,13
9237,13,0,13
9238,13,0,13
9239,13,0,13
9240,13,0,13
9241,13,0,13
9242,13,0,13
9243,13,0,13
9244,13,0,13
9245,12,0,12
9246,13,0,13
9247,13,0,13
9248,13,0,13
9249,13,0,13
9250,13,0,13
9251,13,0,13
9252,13,0,13
9253,13,0,13
