second,idle_count,walking_count,total_count
0,0,0,0
1,0,0,0
2,0,0,0
3,0,0,0
4,0,0,0
5,0,0,0
6,0,0,0
7,0,0,0
8,3,0,3
9,3,0,3
10,3,0,3
11,3,0,3
12,4,0,4
13,4,0,4
14,4,0,4
15,4,0,4
16,4,0,4
17,4,0,4
18,4,0,4
19,4,0,4
20,4,0,4
21,4,0,4
22,4,0,4
23,4,0,4
24,4,0,4
25,4,0,4
26,4,0,4
27,4,0,4
28,4,0,4
29,4,0,4
30,4,0,4
31,4,0,4
32,4,0,4
33,4,0,4
34,4,0,4
35,4,0,4
36,4,0,4
37,4,0,4
38,4,0,4
39,4,0,4
40,4,0,4
41,4,0,4
42,5,0,5
43,5,0,5
44,5,0,5
45,5,0,5
46,5,0,5
47,5,0,5
48,5,0,5
49,5,0,5
50,5,0,5
51,5,0,5
52,5,0,5
53,5,0,5
54,5,0,5
55,5,0,5
56,5,0,5
57,5,0,5
58,5,0,5
59,5,0,5
60,5,0,5
61,5,0,5
62,5,0,5
63,5,0,5
64,5,0,5
65,5,0,5
66,5,0,5
67,5,0,5
68,5,0,5
69,5,0,5
70,5,0,5
71,5,0,5
72,5,0,5
73,5,0,5
74,6,0,6
75,6,0,6
76,6,0,6
77,6,0,6
78,5,0,5
79,5,0,5
80,5,0,5
81,5,0,5
82,5,0,5
83,5,0,5
84,5,0,5
85,5,0,5
86,5,0,5
87,6,0,6
88,6,0,6
89,6,0,6
90,6,0,6
91,6,0,6
92,6,0,6
93,6,0,6
94,6,0,6
95,6,0,6
96,6,0,6
97,6,0,6
98,6,0,6
99,6,0,6
100,6,0,6
101,6,0,6
102,6,0,6
103,6,0,6
104,6,0,6
105,6,0,6
106,6,0,6
107,5,0,5
108,5,0,5
109,5,0,5
110,6,0,6
111,6,0,6
112,6,0,6
113,6,0,6
114,6,0,6
115,6,0,6
116,6,0,6
117,5,0,5
118,5,0,5
119,5,0,5
120,5,0,5
121,5,0,5
122,5,0,5
123,5,0,5
124,5,0,5
125,5,0,5
126,5,0,5
127,5,0,5
128,5,0,5
129,5,0,5
130,5,0,5
131,5,0,5
132,5,0,5
133,4,0,4
134,4,0,4
135,4,0,4
136,4,0,4
137,4,0,4
138,4,0,4
139,4,0,4
140,4,0,4
141,4,0,4
142,4,0,4
143,5,0,5
144,5,0,5
145,5,0,5
146,5,0,5
147,5,0,5
148,5,0,5
149,5,0,5
150,5,0,5
151,5,0,5
152,5,0,5
153,5,0,5
154,5,0,5
155,5,0,5
156,5,0,5
157,5,0,5
158,5,0,5
159,5,0,5
160,5,0,5
161,5,0,5
162,5,0,5
163,5,0,5
164,4,0,4
165,4,0,4
166,4,0,4
167,4,0,4
168,4,0,4
169,4,0,4
170,4,0,4
171,5,0,5
172,5,0,5
173,5,0,5
174,5,0,5
175,5,0,5
176,5,0,5
177,5,0,5
178,5,0,5
179,5,0,5
180,5,0,5
181,5,0,5
182,5,0,5
183,5,0,5
184,5,0,5
185,5,0,5
186,5,0,5
187,5,0,5
188,5,0,5
189,5,0,5
190,5,0,5
191,5,0,5
192,5,0,5
193,5,0,5
194,5,0,5
195,5,0,5
196,5,0,5
197,5,0,5
198,5,0,5
199,5,0,5
200,5,0,5
201,5,0,5
202,5,0,5
203,5,0,5
204,5,0,5
205,6,0,6
206,6,0,6
207,6,0,6
208,6,0,6
209,6,0,6
210,5,0,5
211,6,0,6
212,5,0,5
213,5,0,5
214,5,0,5
215,5,0,5
216,5,0,5
217,5,0,5
218,5,0,5
219,5,0,5
220,5,0,5
221,5,0,5
222,5,0,5
223,5,0,5
224,5,0,5
225,5,0,5
226,5,0,5
227,5,0,5
228,5,0,5
229,5,0,5
230,6,0,6
231,6,0,6
232,5,0,5
233,5,0,5
234,5,0,5
235,5,0,5
236,5,0,5
237,5,0,5
238,5,0,5
239,5,0,5
240,5,0,5
241,5,0,5
242,5,0,5
243,5,0,5
244,5,0,5
245,5,0,5
246,5,0,5
247,5,0,5
248,5,0,5
249,5,0,5
250,5,0,5
251,5,0,5
252,5,0,5
253,5,0,5
254,5,0,5
255,5,0,5
256,5,0,5
257,5,0,5
258,5,0,5
259,4,0,4
260,4,0,4
261,4,0,4
262,4,0,4
263,4,0,4
264,4,0,4
265,4,0,4
266,4,0,4
267,4,0,4
268,3,0,3
269,3,0,3
270,3,0,3
271,3,0,3
272,3,0,3
273,3,0,3
274,3,0,3
275,3,0,3
276,3,0,3
277,4,0,4
278,4,0,4
279,4,0,4
280,4,0,4
281,4,0,4
282,4,0,4
283,4,0,4
284,4,0,4
285,4,0,4
286,4,0,4
287,4,0,4
288,4,0,4
289,4,0,4
290,4,0,4
291,4,0,4
292,4,0,4
293,4,0,4
294,4,0,4
295,4,0,4
296,4,0,4
297,5,0,5
298,6,0,6
299,6,0,6
300,6,0,6
301,6,0,6
302,6,0,6
303,6,0,6
304,5,1,6
305,4,1,5
306,4,1,5
307,4,1,5
308,5,1,6
309,5,1,6
310,5,1,6
311,5,1,6
312,5,1,6
313,5,1,6
314,5,1,6
315,5,1,6
316,5,1,6
317,4,1,5
318,4,1,5
319,4,1,5
320,4,1,5
321,4,1,5
322,4,1,5
323,4,1,5
324,3,2,5
325,3,2,5
326,3,2,5
327,3,2,5
328,3,2,5
329,4,2,6
330,4,2,6
331,4,2,6
332,4,2,6
333,4,2,6
334,4,2,6
335,4,2,6
336,4,2,6
337,4,2,6
338,4,2,6
339,5,1,6
340,5,1,6
341,5,1,6
342,5,1,6
343,5,1,6
344,5,1,6
345,6,1,7
346,5,1,6
347,5,1,6
348,4,1,5
349,4,1,5
350,4,1,5
351,4,1,5
352,4,1,5
353,4,1,5
354,4,1,5
355,4,1,5
356,4,1,5
357,4,1,5
358,3,1,4
359,3,1,4
360,3,1,4
361,3,1,4
362,3,1,4
363,3,1,4
364,3,1,4
365,3,1,4
366,3,1,4
367,3,1,4
368,3,1,4
369,3,1,4
370,3,1,4
371,3,1,4
372,3,1,4
373,4,0,4
374,3,0,3
375,3,0,3
376,3,0,3
377,3,0,3
378,3,0,3
379,3,0,3
380,3,0,3
381,3,0,3
382,3,0,3
383,3,0,3
384,3,0,3
385,3,0,3
386,3,0,3
387,3,0,3
388,3,0,3
389,3,0,3
390,3,0,3
391,3,0,3
392,3,0,3
393,4,0,4
394,4,0,4
395,4,0,4
396,5,0,5
397,5,0,5
398,5,0,5
399,5,0,5
400,5,0,5
401,5,0,5
402,5,0,5
403,5,0,5
404,5,0,5
405,5,0,5
406,5,0,5
407,5,0,5
408,5,0,5
409,5,0,5
410,5,0,5
411,5,0,5
412,5,0,5
413,5,0,5
414,5,0,5
415,5,0,5
416,5,0,5
417,5,0,5
418,5,0,5
419,5,0,5
420,5,0,5
421,5,0,5
422,5,0,5
423,6,0,6
424,6,0,6
425,6,0,6
426,6,0,6
427,6,0,6
428,6,0,6
429,6,0,6
430,6,0,6
431,6,0,6
432,6,0,6
433,6,0,6
434,6,0,6
435,7,0,7
436,7,0,7
437,7,0,7
438,7,0,7
439,7,0,7
440,7,0,7
441,7,0,7
442,7,0,7
443,7,0,7
444,7,0,7
445,7,0,7
446,7,0,7
447,7,0,7
448,7,0,7
449,7,0,7
450,7,0,7
451,7,0,7
452,7,0,7
453,7,0,7
454,7,0,7
455,7,0,7
456,7,0,7
457,7,0,7
458,7,0,7
459,7,0,7
460,7,0,7
461,7,0,7
462,7,0,7
463,7,0,7
464,7,0,7
465,7,0,7
466,7,0,7
467,7,0,7
468,7,0,7
469,7,0,7
470,7,0,7
471,7,0,7
472,7,0,7
473,7,0,7
474,7,0,7
475,7,0,7
476,7,0,7
477,8,0,8
478,8,0,8
479,8,0,8
480,8,0,8
481,8,0,8
482,8,0,8
483,8,0,8
484,8,0,8
485,8,0,8
486,8,0,8
487,8,0,8
488,8,0,8
489,8,0,8
490,8,0,8
491,8,0,8
492,8,0,8
493,8,0,8
494,8,0,8
495,8,0,8
496,8,0,8
497,8,0,8
498,8,0,8
499,7,0,7
500,7,0,7
501,7,0,7
502,7,0,7
503,7,0,7
504,7,0,7
505,7,0,7
506,7,0,7
507,6,0,6
508,6,0,6
509,6,0,6
510,6,0,6
511,6,0,6
512,6,0,6
513,6,0,6
514,6,0,6
515,6,0,6
516,6,0,6
517,6,0,6
518,5,0,5
519,5,0,5
520,5,0,5
521,5,0,5
522,6,0,6
523,5,0,5
524,5,0,5
525,5,0,5
526,5,0,5
527,5,0,5
528,4,0,4
529,4,0,4
530,4,0,4
531,4,0,4
532,4,0,4
533,4,0,4
534,4,0,4
535,4,0,4
536,4,0,4
537,4,0,4
538,4,0,4
539,4,0,4
540,4,0,4
541,5,0,5
542,5,0,5
543,4,0,4
544,4,0,4
545,3,0,3
546,3,0,3
547,3,0,3
548,3,0,3
549,3,0,3
550,3,0,3
551,3,0,3
552,3,0,3
553,3,0,3
554,3,0,3
555,3,0,3
556,3,0,3
557,3,0,3
558,3,0,3
559,3,0,3
560,4,0,4
561,4,0,4
562,4,0,4
563,4,0,4
564,4,0,4
565,4,0,4
566,4,0,4
567,4,0,4
568,4,0,4
569,4,0,4
570,3,0,3
571,3,0,3
572,3,0,3
573,3,0,3
574,3,0,3
575,3,0,3
576,3,0,3
577,3,0,3
578,3,0,3
579,3,0,3
580,3,0,3
581,3,0,3
582,3,0,3
583,3,0,3
584,3,0,3
585,3,0,3
586,3,0,3
587,3,0,3
588,3,0,3
589,3,0,3
590,3,0,3
591,3,0,3
592,3,0,3
593,4,0,4
594,4,0,4
595,4,0,4
596,4,0,4
597,4,0,4
598,4,0,4
599,4,0,4
600,4,0,4
601,4,0,4
602,4,0,4
603,5,0,5
604,5,0,5
605,5,0,5
606,5,0,5
607,5,0,5
608,5,0,5
609,5,0,5
610,5,0,5
611,5,0,5
612,4,0,4
613,4,0,4
614,4,0,4
615,4,0,4
616,4,0,4
617,4,0,4
618,4,0,4
619,4,0,4
620,4,0,4
621,4,0,4
622,4,0,4
623,4,0,4
624,4,0,4
625,4,0,4
626,4,0,4
627,4,0,4
628,4,0,4
629,4,0,4
630,4,0,4
631,4,0,4
632,4,0,4
633,4,0,4
634,4,0,4
635,4,0,4
636,4,0,4
637,4,0,4
638,4,0,4
639,4,0,4
640,4,0,4
641,4,0,4
642,4,0,4
643,4,0,4
644,4,0,4
645,4,0,4
646,4,0,4
647,4,0,4
648,4,0,4
649,4,0,4
650,4,0,4
651,4,0,4
652,4,0,4
653,4,0,4
654,4,0,4
655,4,0,4
656,5,0,5
657,5,0,5
658,6,0,6
659,6,0,6
660,6,0,6
661,7,0,7
662,7,0,7
663,7,0,7
664,7,0,7
665,7,0,7
666,7,0,7
667,7,0,7
668,7,0,7
669,7,0,7
670,8,0,8
671,8,0,8
672,8,0,8
673,8,0,8
674,8,0,8
675,8,0,8
676,8,0,8
677,7,0,7
678,7,0,7
679,7,0,7
680,7,0,7
681,6,0,6
682,6,0,6
683,6,0,6
684,6,0,6
685,6,0,6
686,6,0,6
687,6,0,6
688,7,0,7
689,7,0,7
690,7,0,7
691,7,0,7
692,7,0,7
693,7,0,7
694,7,0,7
695,7,0,7
696,7,0,7
697,7,0,7
698,7,0,7
699,7,0,7
700,7,0,7
701,8,0,8
702,8,0,8
703,8,0,8
704,8,0,8
705,8,0,8
706,8,0,8
707,8,0,8
708,8,0,8
709,8,0,8
710,8,0,8
711,8,0,8
712,8,0,8
713,8,0,8
714,8,0,8
715,8,0,8
716,8,0,8
717,8,0,8
718,8,0,8
719,8,0,8
720,8,0,8
721,8,0,8
722,9,0,9
723,9,0,9
724,10,0,10
725,11,0,11
726,11,0,11
727,11,0,11
728,11,0,11
729,11,0,11
730,11,0,11
731,11,0,11
732,11,0,11
733,11,0,11
734,11,0,11
735,12,0,12
736,11,0,11
737,11,0,11
738,11,0,11
739,11,0,11
740,11,0,11
741,11,0,11
742,11,0,11
743,11,0,11
744,11,0,11
745,11,0,11
746,11,0,11
747,12,0,12
748,12,0,12
749,12,0,12
750,11,0,11
751,11,0,11
752,10,0,10
753,10,0,10
754,10,0,10
755,10,0,10
756,10,0,10
757,10,0,10
758,10,0,10
759,10,0,10
760,10,0,10
761,10,0,10
762,10,0,10
763,9,0,9
764,9,0,9
765,9,0,9
766,8,0,8
767,8,0,8
768,8,0,8
769,8,0,8
770,8,0,8
771,8,0,8
772,8,0,8
773,8,0,8
774,8,0,8
775,8,0,8
776,8,0,8
777,7,0,7
778,7,0,7
779,7,0,7
780,7,0,7
781,7,0,7
782,7,0,7
783,7,0,7
784,7,0,7
785,7,0,7
786,7,0,7
787,7,0,7
788,7,0,7
789,7,0,7
790,7,0,7
791,8,0,8
792,8,0,8
793,9,0,9
794,9,0,9
795,9,0,9
796,9,0,9
797,9,0,9
798,9,0,9
799,9,0,9
800,9,0,9
801,9,0,9
802,9,0,9
803,9,0,9
804,9,0,9
805,9,0,9
806,9,0,9
807,9,0,9
808,9,0,9
809,9,0,9
810,9,0,9
811,9,0,9
812,9,0,9
813,9,0,9
814,9,0,9
815,8,0,8
816,7,0,7
817,7,0,7
818,7,0,7
819,8,0,8
820,8,0,8
821,8,0,8
822,8,0,8
823,8,0,8
824,8,0,8
825,8,0,8
826,8,0,8
827,8,0,8
828,8,0,8
829,8,0,8
830,8,0,8
831,8,0,8
832,8,0,8
833,8,0,8
834,8,0,8
835,8,0,8
836,8,0,8
837,7,0,7
838,7,0,7
839,7,0,7
840,7,0,7
841,7,0,7
842,7,0,7
843,7,0,7
844,6,0,6
845,6,0,6
846,7,0,7
847,7,0,7
848,7,0,7
849,7,0,7
850,7,0,7
851,7,0,7
852,7,0,7
853,7,0,7
854,7,0,7
855,7,0,7
856,7,0,7
857,7,0,7
858,7,0,7
859,7,0,7
860,7,0,7
861,7,0,7
862,7,0,7
863,7,0,7
864,7,0,7
865,7,0,7
866,7,0,7
867,7,0,7
868,7,0,7
869,7,0,7
870,7,0,7
871,7,0,7
872,7,0,7
873,7,0,7
874,7,0,7
875,7,0,7
876,7,0,7
877,7,0,7
878,7,0,7
879,7,0,7
880,7,0,7
881,7,0,7
882,7,0,7
883,7,0,7
884,7,0,7
885,7,0,7
886,7,0,7
887,6,0,6
888,6,0,6
889,6,0,6
890,5,0,5
891,6,0,6
892,6,0,6
893,6,0,6
894,6,0,6
895,6,0,6
896,6,0,6
897,6,0,6
898,6,0,6
899,6,0,6
900,6,0,6
901,6,0,6
902,6,0,6
903,6,0,6
904,6,0,6
905,6,0,6
906,6,0,6
907,6,0,6
908,6,0,6
909,6,0,6
910,6,0,6
911,6,0,6
912,6,0,6
913,6,0,6
914,6,0,6
915,6,0,6
916,6,0,6
917,6,0,6
918,6,0,6
919,6,0,6
920,6,0,6
921,6,0,6
922,6,0,6
923,6,0,6
924,6,0,6
925,6,0,6
926,6,0,6
927,6,0,6
928,6,0,6
929,6,0,6
930,6,0,6
931,6,0,6
932,6,0,6
933,6,0,6
934,6,0,6
935,6,0,6
936,6,0,6
937,6,0,6
938,6,0,6
939,7,0,7
940,7,0,7
941,7,0,7
942,8,0,8
943,8,0,8
944,8,0,8
945,8,0,8
946,8,0,8
947,8,0,8
948,8,0,8
949,8,0,8
950,8,0,8
951,8,0,8
952,7,0,7
953,7,0,7
954,7,0,7
955,7,0,7
956,7,0,7
957,7,0,7
958,7,0,7
959,7,0,7
960,7,0,7
961,7,0,7
962,7,0,7
963,7,0,7
964,7,0,7
965,7,0,7
966,7,0,7
967,7,0,7
968,7,0,7
969,7,0,7
970,7,0,7
971,6,0,6
972,6,0,6
973,7,0,7
974,7,0,7
975,7,0,7
976,7,0,7
977,7,0,7
978,7,0,7
979,7,0,7
980,7,0,7
981,7,0,7
982,7,0,7
983,7,0,7
984,7,0,7
985,7,0,7
986,7,0,7
987,7,0,7
988,7,0,7
989,7,0,7
990,7,0,7
991,7,0,7
992,7,0,7
993,7,0,7
994,7,0,7
995,7,0,7
996,7,0,7
997,7,0,7
998,7,0,7
999,6,0,6
1000,6,0,6
1001,6,0,6
1002,6,0,6
1003,6,0,6
1004,6,0,6
1005,6,0,6
1006,6,0,6
1007,6,0,6
1008,6,0,6
1009,6,0,6
1010,6,0,6
1011,6,0,6
1012,6,0,6
1013,6,0,6
1014,6,0,6
1015,6,0,6
1016,6,0,6
1017,6,0,6
1018,6,0,6
1019,6,0,6
1020,6,0,6
1021,6,0,6
1022,6,0,6
1023,6,0,6
1024,6,0,6
1025,6,0,6
1026,6,0,6
1027,6,0,6
1028,6,0,6
1029,6,0,6
1030,6,0,6
1031,6,0,6
1032,6,0,6
1033,6,0,6
1034,6,0,6
1035,6,0,6
1036,6,0,6
1037,6,0,6
1038,5,0,5
1039,5,0,5
1040,5,0,5
1041,5,0,5
1042,5,0,5
1043,5,0,5
1044,5,0,5
1045,5,0,5
1046,5,0,5
1047,5,0,5
1048,5,0,5
1049,5,0,5
1050,5,0,5
1051,5,0,5
1052,5,0,5
1053,5,0,5
1054,5,0,5
1055,5,0,5
1056,5,0,5
1057,5,0,5
1058,5,0,5
1059,5,0,5
1060,5,0,5
1061,5,0,5
1062,5,0,5
1063,5,0,5
1064,5,0,5
1065,5,0,5
1066,5,0,5
1067,5,0,5
1068,5,0,5
1069,5,0,5
1070,5,0,5
1071,5,0,5
1072,5,0,5
1073,5,0,5
1074,5,0,5
1075,5,0,5
1076,5,0,5
1077,5,0,5
1078,5,0,5
1079,5,0,5
1080,5,0,5
1081,5,0,5
1082,5,0,5
1083,5,0,5
1084,5,0,5
1085,5,0,5
1086,5,0,5
1087,5,0,5
1088,5,0,5
1089,5,0,5
1090,5,0,5
1091,5,0,5
1092,5,0,5
1093,5,0,5
1094,5,0,5
1095,5,0,5
1096,5,0,5
1097,5,0,5
1098,5,0,5
1099,5,0,5
1100,5,0,5
1101,5,0,5
1102,5,0,5
1103,5,0,5
1104,5,0,5
1105,5,0,5
1106,5,0,5
1107,5,0,5
1108,5,0,5
1109,5,0,5
1110,5,0,5
1111,5,0,5
1112,5,0,5
1113,5,0,5
1114,5,0,5
1115,5,0,5
1116,5,0,5
1117,5,0,5
1118,5,0,5
1119,5,0,5
1120,5,0,5
1121,5,0,5
1122,5,0,5
1123,5,0,5
1124,5,0,5
1125,5,0,5
1126,5,0,5
1127,5,0,5
1128,5,0,5
1129,5,0,5
1130,5,0,5
1131,5,0,5
1132,5,0,5
1133,5,0,5
1134,5,0,5
1135,5,0,5
1136,5,0,5
1137,5,0,5
1138,5,0,5
1139,5,0,5
1140,5,0,5
1141,5,0,5
1142,5,0,5
1143,5,0,5
1144,5,0,5
1145,5,0,5
1146,5,0,5
1147,5,0,5
1148,5,0,5
1149,5,0,5
1150,5,0,5
1151,5,0,5
1152,5,0,5
1153,5,0,5
1154,5,0,5
1155,5,0,5
1156,5,0,5
1157,5,0,5
1158,5,0,5
1159,5,0,5
1160,5,0,5
1161,5,0,5
1162,5,0,5
1163,5,0,5
1164,5,0,5
1165,5,0,5
1166,5,0,5
1167,5,0,5
1168,5,0,5
1169,5,0,5
1170,5,0,5
1171,5,0,5
1172,5,0,5
1173,5,0,5
1174,5,0,5
1175,5,0,5
1176,5,0,5
1177,5,0,5
1178,5,0,5
1179,5,0,5
1180,5,0,5
1181,5,0,5
1182,5,0,5
1183,5,0,5
1184,5,0,5
1185,5,0,5
1186,5,0,5
1187,5,0,5
1188,5,0,5
1189,5,0,5
1190,5,0,5
1191,5,0,5
1192,5,0,5
1193,5,0,5
1194,5,0,5
1195,4,0,4
1196,5,0,5
1197,6,0,6
1198,6,0,6
1199,6,0,6
1200,6,0,6
1201,6,0,6
1202,6,0,6
1203,6,0,6
1204,6,0,6
1205,6,0,6
1206,6,0,6
1207,6,0,6
1208,6,0,6
1209,6,0,6
1210,6,0,6
1211,6,0,6
1212,6,0,6
1213,6,0,6
1214,6,0,6
1215,6,0,6
1216,6,0,6
1217,5,0,5
1218,5,0,5
1219,5,0,5
1220,5,0,5
1221,5,0,5
1222,5,0,5
1223,5,0,5
1224,5,0,5
1225,5,0,5
1226,5,0,5
1227,6,0,6
1228,6,0,6
1229,6,0,6
1230,6,0,6
1231,6,0,6
1232,6,0,6
1233,6,0,6
1234,6,0,6
1235,6,0,6
1236,6,0,6
1237,6,0,6
1238,6,0,6
1239,6,0,6
1240,6,0,6
1241,6,0,6
1242,6,0,6
1243,6,0,6
1244,4,0,4
1245,4,0,4
1246,4,0,4
1247,4,0,4
1248,4,0,4
1249,4,0,4
1250,4,0,4
1251,4,0,4
1252,4,0,4
1253,4,0,4
1254,4,0,4
1255,4,0,4
1256,4,0,4
1257,4,0,4
1258,5,0,5
1259,5,0,5
1260,5,0,5
1261,5,0,5
1262,5,0,5
1263,5,0,5
1264,5,0,5
1265,5,0,5
1266,4,0,4
1267,4,0,4
1268,4,0,4
1269,4,0,4
1270,4,0,4
1271,4,0,4
1272,4,0,4
1273,4,0,4
1274,4,0,4
1275,4,0,4
1276,4,0,4
1277,4,0,4
1278,4,0,4
1279,4,0,4
1280,4,0,4
1281,4,0,4
1282,4,0,4
1283,4,0,4
1284,4,0,4
1285,4,0,4
1286,4,0,4
1287,3,0,3
1288,3,0,3
1289,3,0,3
1290,3,0,3
1291,3,0,3
1292,4,0,4
1293,4,0,4
1294,4,0,4
1295,4,0,4
1296,4,0,4
1297,4,0,4
1298,4,0,4
1299,4,0,4
1300,4,0,4
1301,4,0,4
1302,4,0,4
1303,4,0,4
1304,4,0,4
1305,4,0,4
1306,4,0,4
1307,4,0,4
1308,4,0,4
1309,4,0,4
1310,4,0,4
1311,4,0,4
1312,4,0,4
1313,4,0,4
1314,4,0,4
1315,4,0,4
1316,4,0,4
1317,4,0,4
1318,5,0,5
1319,5,0,5
1320,5,0,5
1321,5,0,5
1322,5,0,5
1323,5,0,5
1324,5,0,5
1325,5,0,5
1326,5,0,5
1327,5,0,5
1328,5,0,5
1329,5,0,5
1330,5,0,5
1331,5,0,5
1332,5,0,5
1333,5,0,5
1334,5,0,5
1335,5,0,5
1336,5,0,5
1337,5,0,5
1338,5,0,5
1339,5,0,5
1340,5,0,5
1341,5,0,5
1342,5,0,5
1343,5,0,5
1344,5,0,5
1345,4,0,4
1346,4,0,4
1347,4,0,4
1348,4,0,4
1349,4,0,4
1350,4,0,4
1351,5,0,5
1352,5,0,5
1353,5,0,5
1354,5,0,5
1355,5,0,5
1356,5,0,5
1357,5,0,5
1358,5,0,5
1359,4,0,4
1360,5,0,5
1361,5,0,5
1362,5,0,5
1363,5,0,5
1364,5,0,5
1365,5,0,5
1366,5,0,5
1367,5,0,5
1368,5,0,5
1369,5,0,5
1370,5,0,5
1371,5,0,5
1372,5,0,5
1373,5,0,5
1374,4,0,4
1375,4,0,4
1376,4,0,4
1377,4,0,4
1378,4,0,4
1379,4,0,4
1380,5,0,5
1381,5,0,5
1382,5,0,5
1383,5,0,5
1384,5,0,5
1385,5,0,5
1386,5,0,5
1387,5,0,5
1388,5,0,5
1389,5,0,5
1390,5,0,5
1391,5,0,5
1392,5,0,5
1393,5,0,5
1394,5,0,5
1395,5,0,5
1396,5,0,5
1397,5,0,5
1398,5,0,5
1399,5,0,5
1400,5,0,5
1401,5,0,5
1402,5,0,5
1403,5,0,5
1404,5,0,5
1405,5,0,5
1406,5,0,5
1407,5,0,5
1408,5,0,5
1409,5,0,5
1410,4,0,4
1411,4,0,4
1412,3,0,3
1413,3,0,3
1414,3,0,3
1415,3,0,3
1416,3,0,3
1417,3,0,3
1418,3,0,3
1419,4,0,4
1420,4,0,4
1421,4,0,4
1422,4,0,4
1423,4,0,4
1424,4,0,4
1425,4,0,4
1426,4,0,4
1427,4,0,4
1428,4,0,4
1429,4,0,4
1430,4,0,4
1431,4,0,4
1432,4,0,4
1433,4,0,4
1434,3,0,3
1435,3,0,3
1436,3,0,3
1437,3,0,3
1438,3,0,3
1439,3,0,3
1440,3,0,3
1441,3,0,3
1442,3,0,3
1443,3,0,3
1444,3,0,3
1445,3,0,3
1446,3,0,3
1447,3,0,3
1448,3,0,3
1449,3,0,3
1450,3,0,3
1451,3,0,3
1452,3,0,3
1453,3,0,3
1454,3,0,3
1455,3,0,3
1456,3,0,3
1457,3,0,3
1458,3,0,3
1459,3,0,3
1460,3,0,3
1461,3,0,3
1462,3,0,3
1463,3,0,3
1464,3,0,3
1465,3,0,3
1466,3,0,3
1467,3,0,3
1468,3,0,3
1469,3,0,3
1470,3,0,3
1471,3,0,3
1472,3,0,3
1473,3,0,3
1474,3,0,3
1475,3,0,3
1476,3,0,3
1477,3,0,3
1478,3,0,3
1479,3,0,3
1480,3,0,3
1481,3,0,3
1482,3,0,3
1483,3,0,3
1484,3,0,3
1485,3,0,3
1486,3,0,3
1487,3,0,3
1488,3,0,3
1489,3,0,3
1490,3,0,3
1491,3,0,3
1492,3,0,3
1493,3,0,3
1494,3,0,3
1495,3,0,3
1496,3,0,3
1497,3,0,3
1498,3,0,3
1499,3,0,3
1500,3,0,3
1501,3,0,3
1502,3,0,3
1503,3,0,3
1504,3,0,3
1505,3,0,3
1506,3,0,3
1507,3,0,3
1508,3,0,3
1509,3,0,3
1510,3,0,3
1511,3,0,3
1512,3,0,3
1513,3,0,3
1514,3,0,3
1515,3,0,3
1516,3,0,3
1517,3,0,3
1518,3,0,3
1519,3,0,3
1520,3,0,3
1521,3,0,3
1522,3,0,3
1523,3,0,3
1524,3,0,3
1525,3,0,3
1526,3,0,3
1527,3,0,3
1528,3,0,3
1529,3,0,3
1530,3,0,3
1531,3,0,3
1532,3,0,3
1533,3,0,3
1534,3,0,3
1535,3,0,3
1536,3,0,3
1537,3,0,3
1538,3,0,3
1539,3,0,3
1540,3,0,3
1541,3,0,3
1542,3,0,3
1543,3,0,3
1544,3,0,3
1545,3,0,3
1546,3,0,3
1547,3,0,3
1548,3,0,3
1549,3,0,3
1550,3,0,3
1551,3,0,3
1552,3,0,3
1553,3,0,3
1554,3,0,3
1555,3,0,3
1556,3,0,3
1557,3,0,3
1558,3,0,3
1559,3,0,3
1560,3,0,3
1561,3,0,3
1562,3,0,3
1563,3,0,3
1564,3,0,3
1565,3,0,3
1566,3,0,3
1567,3,0,3
1568,3,0,3
1569,3,0,3
1570,3,0,3
1571,3,0,3
1572,3,0,3
1573,3,0,3
1574,3,0,3
1575,3,0,3
1576,3,0,3
1577,3,0,3
1578,3,0,3
1579,3,0,3
1580,3,0,3
1581,3,0,3
1582,3,0,3
1583,3,0,3
1584,3,0,3
1585,3,0,3
1586,3,0,3
1587,3,0,3
1588,3,0,3
1589,3,0,3
1590,3,0,3
1591,3,0,3
1592,3,0,3
1593,3,0,3
1594,3,0,3
1595,3,0,3
1596,3,0,3
1597,3,0,3
1598,3,0,3
1599,3,0,3
1600,3,0,3
1601,3,0,3
1602,3,0,3
1603,3,0,3
1604,3,0,3
1605,3,0,3
1606,3,0,3
1607,3,0,3
1608,3,0,3
1609,3,0,3
1610,3,0,3
1611,3,0,3
1612,3,0,3
1613,3,0,3
1614,3,0,3
1615,3,0,3
1616,3,0,3
1617,3,0,3
1618,3,0,3
1619,3,0,3
1620,3,0,3
1621,3,0,3
1622,3,0,3
1623,3,0,3
1624,3,0,3
1625,3,0,3
1626,3,0,3
1627,3,0,3
1628,3,0,3
1629,3,0,3
1630,3,0,3
1631,3,0,3
1632,3,0,3
1633,3,0,3
1634,3,0,3
1635,3,0,3
1636,3,0,3
1637,3,0,3
1638,3,0,3
1639,3,0,3
1640,3,0,3
1641,3,0,3
1642,3,0,3
1643,3,0,3
1644,3,0,3
1645,3,0,3
1646,3,0,3
1647,3,0,3
1648,3,0,3
1649,3,0,3
1650,3,0,3
1651,3,0,3
1652,3,0,3
1653,3,0,3
1654,3,0,3
1655,3,0,3
1656,3,0,3
1657,3,0,3
1658,3,0,3
1659,3,0,3
1660,3,0,3
1661,3,0,3
1662,3,0,3
1663,3,0,3
1664,3,0,3
1665,3,0,3
1666,3,0,3
1667,3,0,3
1668,3,0,3
1669,3,0,3
1670,3,0,3
1671,3,0,3
1672,3,0,3
1673,3,0,3
1674,3,0,3
1675,4,0,4
1676,4,0,4
1677,4,0,4
1678,4,0,4
1679,4,0,4
1680,4,0,4
1681,4,0,4
1682,4,0,4
1683,4,0,4
1684,4,0,4
1685,4,0,4
1686,4,0,4
1687,4,0,4
1688,4,0,4
1689,4,0,4
1690,4,0,4
1691,4,0,4
1692,4,0,4
1693,4,0,4
1694,4,0,4
1695,4,0,4
1696,4,0,4
1697,4,0,4
1698,3,0,3
1699,3,0,3
1700,3,0,3
1701,3,0,3
1702,3,0,3
1703,3,0,3
1704,3,0,3
1705,3,0,3
1706,3,0,3
1707,3,0,3
1708,3,0,3
1709,3,0,3
1710,3,0,3
1711,3,0,3
1712,3,0,3
1713,3,0,3
1714,3,0,3
1715,3,0,3
1716,3,0,3
1717,3,0,3
1718,3,0,3
1719,3,0,3
1720,3,0,3
1721,3,0,3
1722,3,0,3
1723,3,0,3
1724,3,0,3
1725,3,0,3
1726,3,0,3
1727,3,0,3
1728,3,0,3
1729,3,0,3
1730,3,0,3
1731,3,0,3
1732,3,0,3
1733,3,0,3
1734,4,0,4
1735,4,0,4
1736,4,0,4
1737,4,0,4
1738,4,0,4
1739,4,0,4
1740,4,0,4
1741,4,0,4
1742,4,0,4
1743,4,0,4
1744,4,0,4
1745,5,0,5
1746,5,0,5
1747,5,0,5
1748,5,0,5
1749,4,0,4
1750,4,0,4
1751,4,0,4
1752,4,0,4
1753,4,0,4
1754,4,0,4
1755,4,0,4
1756,3,0,3
1757,3,0,3
1758,4,0,4
1759,4,0,4
1760,4,0,4
1761,4,0,4
1762,4,0,4
1763,4,0,4
1764,4,0,4
1765,4,0,4
1766,4,0,4
1767,4,0,4
1768,4,0,4
1769,4,0,4
1770,4,0,4
1771,4,0,4
1772,4,0,4
1773,4,0,4
1774,4,0,4
1775,4,0,4
1776,4,0,4
1777,4,0,4
1778,4,0,4
1779,4,0,4
1780,4,0,4
1781,4,0,4
1782,4,0,4
1783,4,0,4
1784,4,0,4
1785,4,0,4
1786,4,0,4
1787,4,0,4
1788,4,0,4
1789,4,0,4
1790,4,0,4
1791,4,0,4
1792,4,0,4
1793,4,0,4
1794,4,0,4
1795,4,0,4
1796,4,0,4
1797,4,0,4
1798,4,0,4
1799,4,0,4
1800,4,0,4
1801,4,0,4
1802,4,0,4
1803,4,0,4
1804,4,0,4
1805,4,0,4
1806,4,0,4
1807,4,0,4
1808,4,0,4
1809,4,0,4
1810,4,0,4
1811,4,0,4
1812,5,0,5
1813,5,0,5
1814,5,0,5
1815,5,0,5
1816,5,0,5
1817,5,0,5
1818,5,0,5
1819,5,0,5
1820,5,0,5
1821,5,0,5
1822,5,0,5
1823,5,0,5
1824,5,0,5
1825,5,0,5
1826,5,0,5
1827,5,0,5
1828,5,0,5
1829,5,0,5
1830,5,0,5
1831,5,0,5
1832,5,0,5
1833,5,0,5
1834,5,0,5
1835,5,0,5
1836,5,0,5
1837,5,0,5
1838,5,0,5
1839,5,0,5
1840,5,0,5
1841,5,0,5
1842,5,0,5
1843,5,0,5
1844,5,0,5
1845,5,0,5
1846,5,0,5
1847,5,0,5
1848,4,0,4
1849,4,0,4
1850,4,0,4
1851,4,0,4
1852,4,0,4
1853,3,0,3
1854,3,0,3
1855,4,0,4
1856,4,0,4
1857,4,0,4
1858,4,0,4
1859,4,0,4
1860,4,0,4
1861,4,0,4
1862,4,0,4
1863,4,0,4
1864,4,0,4
1865,5,0,5
1866,5,0,5
1867,5,0,5
1868,5,0,5
1869,5,0,5
1870,5,0,5
1871,5,0,5
1872,6,0,6
1873,6,0,6
1874,6,0,6
1875,6,0,6
1876,6,0,6
1877,6,0,6
1878,6,0,6
1879,6,0,6
1880,6,0,6
1881,6,0,6
1882,6,0,6
1883,6,0,6
1884,6,0,6
1885,6,0,6
1886,6,0,6
1887,6,0,6
1888,6,0,6
1889,6,0,6
1890,6,0,6
1891,6,0,6
1892,5,0,5
1893,5,0,5
1894,5,0,5
1895,5,0,5
1896,5,0,5
1897,5,0,5
1898,5,0,5
1899,5,0,5
1900,5,0,5
1901,5,0,5
1902,5,0,5
1903,5,0,5
1904,5,0,5
1905,5,0,5
1906,5,0,5
1907,5,0,5
1908,5,0,5
1909,5,0,5
1910,5,0,5
1911,5,0,5
1912,5,0,5
1913,5,0,5
1914,5,0,5
1915,5,0,5
1916,5,0,5
1917,5,0,5
1918,5,0,5
1919,5,0,5
1920,4,0,4
1921,4,0,4
1922,4,0,4
1923,4,0,4
1924,4,0,4
1925,4,0,4
1926,4,0,4
1927,4,0,4
1928,4,0,4
1929,4,0,4
1930,4,0,4
1931,4,0,4
1932,4,0,4
1933,4,0,4
1934,4,0,4
1935,4,0,4
1936,4,0,4
1937,4,0,4
1938,4,0,4
1939,4,0,4
1940,4,0,4
1941,4,0,4
1942,4,0,4
1943,4,0,4
1944,4,0,4
1945,4,0,4
1946,4,0,4
1947,4,0,4
1948,4,0,4
1949,4,0,4
1950,4,0,4
1951,4,0,4
1952,4,0,4
1953,4,0,4
1954,4,0,4
1955,4,0,4
1956,4,0,4
1957,4,0,4
1958,4,0,4
1959,4,0,4
1960,4,0,4
1961,4,0,4
1962,4,0,4
1963,4,0,4
1964,4,0,4
1965,4,0,4
1966,4,0,4
1967,4,0,4
1968,4,0,4
1969,4,0,4
1970,4,0,4
1971,4,0,4
1972,4,0,4
1973,4,0,4
1974,4,0,4
1975,4,0,4
1976,4,0,4
1977,4,0,4
1978,4,0,4
1979,4,0,4
1980,4,0,4
1981,3,0,3
1982,3,0,3
1983,3,0,3
1984,3,0,3
1985,3,0,3
1986,3,0,3
1987,3,0,3
1988,3,0,3
1989,3,0,3
1990,3,0,3
1991,3,0,3
1992,3,0,3
1993,3,0,3
1994,3,0,3
1995,3,0,3
1996,3,0,3
1997,3,0,3
1998,3,0,3
1999,3,0,3
2000,3,0,3
2001,3,0,3
2002,3,0,3
2003,3,0,3
2004,3,0,3
2005,3,0,3
2006,3,0,3
2007,3,0,3
2008,3,0,3
2009,3,0,3
2010,3,0,3
2011,3,0,3
2012,3,0,3
2013,3,0,3
2014,3,0,3
2015,3,0,3
2016,3,0,3
2017,3,0,3
2018,3,0,3
2019,4,0,4
2020,4,0,4
2021,4,0,4
2022,4,0,4
2023,4,0,4
2024,4,0,4
2025,4,0,4
2026,4,0,4
2027,4,0,4
2028,4,0,4
2029,4,0,4
2030,5,0,5
2031,5,0,5
2032,5,0,5
2033,5,0,5
2034,5,0,5
2035,5,0,5
2036,5,0,5
2037,5,0,5
2038,5,0,5
2039,5,0,5
2040,5,0,5
2041,5,0,5
2042,6,0,6
2043,6,0,6
2044,6,0,6
2045,6,0,6
2046,6,0,6
2047,6,0,6
2048,6,0,6
2049,6,0,6
2050,6,0,6
2051,6,0,6
2052,6,0,6
2053,6,0,6
2054,6,0,6
2055,6,0,6
2056,6,0,6
2057,7,0,7
2058,7,0,7
2059,7,0,7
2060,7,0,7
2061,7,0,7
2062,7,0,7
2063,7,0,7
2064,7,0,7
2065,7,0,7
2066,7,0,7
2067,7,0,7
2068,7,0,7
2069,7,0,7
2070,7,0,7
2071,7,0,7
2072,7,0,7
2073,7,0,7
2074,7,0,7
2075,7,0,7
2076,7,0,7
2077,7,0,7
2078,7,0,7
2079,7,0,7
2080,7,0,7
2081,7,0,7
2082,7,0,7
2083,7,0,7
2084,7,0,7
2085,6,0,6
2086,6,0,6
2087,6,0,6
2088,6,0,6
2089,6,0,6
2090,6,0,6
2091,5,0,5
2092,5,0,5
2093,5,0,5
2094,5,0,5
2095,5,0,5
2096,5,0,5
2097,5,0,5
2098,5,0,5
2099,4,0,4
2100,5,0,5
2101,5,0,5
2102,5,0,5
2103,5,0,5
2104,5,0,5
2105,6,0,6
2106,7,0,7
2107,7,0,7
2108,6,0,6
2109,6,0,6
2110,6,0,6
2111,6,0,6
2112,6,0,6
2113,6,0,6
2114,6,0,6
2115,6,0,6
2116,6,0,6
2117,6,0,6
2118,6,0,6
2119,6,0,6
2120,6,0,6
2121,6,0,6
2122,5,0,5
2123,5,0,5
2124,5,0,5
2125,5,0,5
2126,5,0,5
2127,5,0,5
2128,5,0,5
2129,5,0,5
2130,5,0,5
2131,5,0,5
2132,5,0,5
2133,5,0,5
2134,5,0,5
2135,5,0,5
2136,5,0,5
2137,5,0,5
2138,5,0,5
2139,5,0,5
2140,5,0,5
2141,5,0,5
2142,5,0,5
2143,5,0,5
2144,5,0,5
2145,5,0,5
2146,5,0,5
2147,5,0,5
2148,5,0,5
2149,5,0,5
2150,5,0,5
2151,5,0,5
2152,5,0,5
2153,5,0,5
2154,5,0,5
2155,5,0,5
2156,5,0,5
2157,5,0,5
2158,5,0,5
2159,5,0,5
2160,5,0,5
2161,4,0,4
2162,4,0,4
2163,4,0,4
2164,4,0,4
2165,4,0,4
2166,4,0,4
2167,4,0,4
2168,4,0,4
2169,4,0,4
2170,4,0,4
2171,4,0,4
2172,4,0,4
2173,4,0,4
2174,4,0,4
2175,4,0,4
2176,4,0,4
2177,4,0,4
2178,4,0,4
2179,4,0,4
2180,4,0,4
2181,4,0,4
2182,4,0,4
2183,4,0,4
2184,4,0,4
2185,4,0,4
2186,4,0,4
2187,4,0,4
2188,5,0,5
2189,5,0,5
2190,5,0,5
2191,5,0,5
2192,5,0,5
2193,5,0,5
2194,5,0,5
2195,5,0,5
2196,5,0,5
2197,5,0,5
2198,5,0,5
2199,5,0,5
2200,5,0,5
2201,5,0,5
2202,5,0,5
2203,5,0,5
2204,5,0,5
2205,5,0,5
2206,5,0,5
2207,5,0,5
2208,5,0,5
2209,5,0,5
2210,5,0,5
2211,5,0,5
2212,5,0,5
2213,5,0,5
2214,5,0,5
2215,5,0,5
2216,5,0,5
2217,5,0,5
2218,5,0,5
2219,5,0,5
2220,5,0,5
2221,5,0,5
2222,5,0,5
2223,5,0,5
2224,5,0,5
2225,5,0,5
2226,5,0,5
2227,5,0,5
2228,5,0,5
2229,5,0,5
2230,5,0,5
2231,5,0,5
2232,5,0,5
2233,5,0,5
2234,5,0,5
2235,5,0,5
2236,5,0,5
2237,6,0,6
2238,7,0,7
2239,7,0,7
2240,8,0,8
2241,8,0,8
2242,8,0,8
2243,8,0,8
2244,9,0,9
2245,9,0,9
2246,9,0,9
2247,9,0,9
2248,9,0,9
2249,9,0,9
2250,9,0,9
2251,9,0,9
2252,9,0,9
2253,9,0,9
2254,9,0,9
2255,9,0,9
2256,9,0,9
2257,9,0,9
2258,9,0,9
2259,10,0,10
2260,8,1,9
2261,8,1,9
2262,8,1,9
2263,9,1,10
2264,9,1,10
2265,9,1,10
2266,9,0,9
2267,9,0,9
2268,9,0,9
2269,9,0,9
2270,10,0,10
2271,10,0,10
2272,9,1,10
2273,9,1,10
2274,10,1,11
2275,10,1,11
2276,10,1,11
2277,10,1,11
2278,10,1,11
2279,11,1,12
2280,11,1,12
2281,10,1,11
2282,10,1,11
2283,10,1,11
2284,10,1,11
2285,10,1,11
2286,10,1,11
2287,10,1,11
2288,10,1,11
2289,10,1,11
2290,10,1,11
2291,10,1,11
2292,10,1,11
2293,10,1,11
2294,10,1,11
2295,9,1,10
2296,9,1,10
2297,8,1,9
2298,8,1,9
2299,8,1,9
2300,8,1,9
2301,8,1,9
2302,8,1,9
2303,8,1,9
2304,8,1,9
2305,7,1,8
2306,7,1,8
2307,7,1,8
2308,7,1,8
2309,7,1,8
2310,7,1,8
2311,7,1,8
2312,7,1,8
2313,8,1,9
2314,7,1,8
2315,7,1,8
2316,7,1,8
2317,8,0,8
2318,8,0,8
2319,7,0,7
2320,7,0,7
2321,7,0,7
2322,7,0,7
2323,7,0,7
2324,7,0,7
2325,7,0,7
2326,7,0,7
2327,7,0,7
2328,7,0,7
2329,7,0,7
2330,7,0,7
2331,8,0,8
2332,8,0,8
2333,8,0,8
2334,8,0,8
2335,8,0,8
2336,8,0,8
2337,8,0,8
2338,8,0,8
2339,8,0,8
2340,8,0,8
2341,8,0,8
2342,8,0,8
2343,8,0,8
2344,8,0,8
2345,8,0,8
2346,8,0,8
2347,8,0,8
2348,8,0,8
2349,7,0,7
2350,7,0,7
2351,7,0,7
2352,7,0,7
2353,7,0,7
2354,7,0,7
2355,7,0,7
2356,7,0,7
2357,7,0,7
2358,7,0,7
2359,7,0,7
2360,7,0,7
2361,7,0,7
2362,7,0,7
2363,7,0,7
2364,6,0,6
2365,6,0,6
2366,6,0,6
2367,6,0,6
2368,6,0,6
2369,7,0,7
2370,7,0,7
2371,7,0,7
2372,7,0,7
2373,7,0,7
2374,7,0,7
2375,7,0,7
2376,7,0,7
2377,7,0,7
2378,7,0,7
2379,6,0,6
2380,6,0,6
2381,6,0,6
2382,6,0,6
2383,7,0,7
2384,7,0,7
2385,7,0,7
2386,7,0,7
2387,7,0,7
2388,7,0,7
2389,7,0,7
2390,7,0,7
2391,7,0,7
2392,7,0,7
2393,7,0,7
2394,7,0,7
2395,7,0,7
2396,7,0,7
2397,7,0,7
2398,7,0,7
2399,7,0,7
2400,7,0,7
2401,7,0,7
2402,7,0,7
2403,7,0,7
2404,7,0,7
2405,7,0,7
2406,7,0,7
2407,7,0,7
2408,7,0,7
2409,6,0,6
2410,6,0,6
2411,6,0,6
2412,6,0,6
2413,6,0,6
2414,6,0,6
2415,6,0,6
2416,6,0,6
2417,6,0,6
2418,6,0,6
2419,6,0,6
2420,6,0,6
2421,7,0,7
2422,7,0,7
2423,6,0,6
2424,6,0,6
2425,6,0,6
2426,6,0,6
2427,7,0,7
2428,7,0,7
2429,7,0,7
2430,7,0,7
2431,7,0,7
2432,7,0,7
2433,7,0,7
2434,7,0,7
2435,7,0,7
2436,7,0,7
2437,7,0,7
2438,7,0,7
2439,7,0,7
2440,7,0,7
2441,7,0,7
2442,7,0,7
2443,7,0,7
2444,7,0,7
2445,7,0,7
2446,7,0,7
2447,7,0,7
2448,7,0,7
2449,7,0,7
2450,6,0,6
2451,6,0,6
2452,6,0,6
2453,6,0,6
2454,6,0,6
2455,6,0,6
2456,6,0,6
2457,6,0,6
2458,6,0,6
2459,6,0,6
2460,6,0,6
2461,6,0,6
2462,6,0,6
2463,6,0,6
2464,6,0,6
2465,6,0,6
2466,6,0,6
2467,6,0,6
2468,6,0,6
2469,6,0,6
2470,6,0,6
2471,6,0,6
2472,6,0,6
2473,5,0,5
2474,5,0,5
2475,5,0,5
2476,5,0,5
2477,5,0,5
2478,5,0,5
2479,5,0,5
2480,5,0,5
2481,5,0,5
2482,5,0,5
2483,5,0,5
2484,5,0,5
2485,5,0,5
2486,5,0,5
2487,5,0,5
2488,5,0,5
2489,5,0,5
2490,4,0,4
2491,4,0,4
2492,4,0,4
2493,4,0,4
2494,4,0,4
2495,4,0,4
2496,4,0,4
2497,4,0,4
2498,4,0,4
2499,4,0,4
2500,4,0,4
2501,4,0,4
2502,4,0,4
2503,4,0,4
2504,4,0,4
2505,4,0,4
2506,4,0,4
2507,4,0,4
2508,4,0,4
2509,4,0,4
2510,4,0,4
2511,4,0,4
2512,4,0,4
2513,4,0,4
2514,4,0,4
2515,4,0,4
2516,4,0,4
2517,4,0,4
2518,4,0,4
2519,4,0,4
2520,4,0,4
2521,4,0,4
2522,4,0,4
2523,4,0,4
2524,4,0,4
2525,4,0,4
2526,4,0,4
2527,5,0,5
2528,5,0,5
2529,5,0,5
2530,5,0,5
2531,5,0,5
2532,5,0,5
2533,5,0,5
2534,5,0,5
2535,5,0,5
2536,5,0,5
2537,5,0,5
2538,5,0,5
2539,5,0,5
2540,5,0,5
2541,5,0,5
2542,5,0,5
2543,5,0,5
2544,5,0,5
2545,5,0,5
2546,5,0,5
2547,5,0,5
2548,5,0,5
2549,5,0,5
2550,5,0,5
2551,6,0,6
2552,6,0,6
2553,6,0,6
2554,6,0,6
2555,6,0,6
2556,6,0,6
2557,6,0,6
2558,6,0,6
2559,6,0,6
2560,6,0,6
2561,6,0,6
2562,6,0,6
2563,6,0,6
2564,6,0,6
2565,6,0,6
2566,6,0,6
2567,5,0,5
2568,5,0,5
2569,5,0,5
2570,5,0,5
2571,4,0,4
2572,4,0,4
2573,4,0,4
2574,4,0,4
2575,4,0,4
2576,4,0,4
2577,4,0,4
2578,4,0,4
2579,4,0,4
2580,4,0,4
2581,4,0,4
2582,4,0,4
2583,4,0,4
2584,4,0,4
2585,4,0,4
2586,4,0,4
2587,4,0,4
2588,4,0,4
2589,4,0,4
2590,4,0,4
2591,4,0,4
2592,4,0,4
2593,4,0,4
2594,4,0,4
2595,4,0,4
2596,4,0,4
2597,4,0,4
2598,4,0,4
2599,4,0,4
2600,4,0,4
2601,4,0,4
2602,4,0,4
2603,4,0,4
2604,4,0,4
2605,4,0,4
2606,4,0,4
2607,5,0,5
2608,5,0,5
2609,5,0,5
2610,5,0,5
2611,5,0,5
2612,5,0,5
2613,5,0,5
2614,5,0,5
2615,5,0,5
2616,5,0,5
2617,5,0,5
2618,5,0,5
2619,5,0,5
2620,5,0,5
2621,5,0,5
2622,5,0,5
2623,5,0,5
2624,5,0,5
2625,5,0,5
2626,4,0,4
2627,4,0,4
2628,4,0,4
2629,4,0,4
2630,4,0,4
2631,4,0,4
2632,4,0,4
2633,4,0,4
2634,4,0,4
2635,4,0,4
2636,3,0,3
2637,3,0,3
2638,3,0,3
2639,3,0,3
2640,3,0,3
2641,4,0,4
2642,4,0,4
2643,4,0,4
2644,4,0,4
2645,4,0,4
2646,4,0,4
2647,4,0,4
2648,4,0,4
2649,4,0,4
2650,4,0,4
2651,4,0,4
2652,4,0,4
2653,4,0,4
2654,4,0,4
2655,4,0,4
2656,4,0,4
2657,4,0,4
2658,4,0,4
2659,4,0,4
2660,4,0,4
2661,4,0,4
2662,4,0,4
2663,4,0,4
2664,4,0,4
2665,4,0,4
2666,4,0,4
2667,4,0,4
2668,4,0,4
2669,4,0,4
2670,4,0,4
2671,4,0,4
2672,4,0,4
2673,4,0,4
2674,4,0,4
2675,4,0,4
2676,4,0,4
2677,4,0,4
2678,4,0,4
2679,4,0,4
2680,4,0,4
2681,4,0,4
2682,3,0,3
2683,3,0,3
2684,3,0,3
2685,2,0,2
2686,2,0,2
2687,2,0,2
2688,2,0,2
2689,2,0,2
2690,2,0,2
2691,2,0,2
2692,2,0,2
2693,2,0,2
2694,2,0,2
2695,2,0,2
2696,2,0,2
2697,2,0,2
2698,2,0,2
2699,2,0,2
2700,2,0,2
2701,2,0,2
2702,2,0,2
2703,2,0,2
2704,2,0,2
2705,2,0,2
2706,2,0,2
2707,2,0,2
2708,1,0,1
2709,2,0,2
2710,2,0,2
2711,2,0,2
2712,2,0,2
2713,2,0,2
2714,2,0,2
2715,2,0,2
2716,2,0,2
2717,2,0,2
2718,2,0,2
2719,2,0,2
2720,2,0,2
2721,2,0,2
2722,2,0,2
2723,2,0,2
2724,2,0,2
2725,2,0,2
2726,2,0,2
2727,2,0,2
2728,2,0,2
2729,2,0,2
2730,2,0,2
2731,2,0,2
2732,2,0,2
2733,2,0,2
2734,2,0,2
2735,2,0,2
2736,2,0,2
2737,2,0,2
2738,2,0,2
2739,2,0,2
2740,2,0,2
2741,2,0,2
2742,2,0,2
2743,2,0,2
2744,2,0,2
2745,2,0,2
2746,2,0,2
2747,2,0,2
2748,2,0,2
2749,2,0,2
2750,2,0,2
2751,2,0,2
2752,2,0,2
2753,2,0,2
2754,2,0,2
2755,2,0,2
2756,2,0,2
2757,2,0,2
2758,2,0,2
2759,2,0,2
2760,2,0,2
2761,2,0,2
2762,3,0,3
2763,4,0,4
2764,4,0,4
2765,4,0,4
2766,4,0,4
2767,3,0,3
2768,3,0,3
2769,3,0,3
2770,3,0,3
2771,3,0,3
2772,3,0,3
2773,3,0,3
2774,3,0,3
2775,3,0,3
2776,3,0,3
2777,3,0,3
2778,3,0,3
2779,2,0,2
2780,2,0,2
2781,2,0,2
2782,2,0,2
2783,2,0,2
2784,2,0,2
2785,2,0,2
2786,2,0,2
2787,2,0,2
2788,2,0,2
2789,2,0,2
2790,2,0,2
2791,2,0,2
2792,2,0,2
2793,2,0,2
2794,2,0,2
2795,2,0,2
2796,2,0,2
2797,2,0,2
2798,2,0,2
2799,2,0,2
2800,2,0,2
2801,2,0,2
2802,2,0,2
2803,2,0,2
2804,1,0,1
2805,1,0,1
2806,1,0,1
2807,1,0,1
2808,1,0,1
2809,1,0,1
2810,1,0,1
2811,1,0,1
2812,1,0,1
2813,1,0,1
2814,1,0,1
2815,1,0,1
2816,1,0,1
2817,1,0,1
2818,1,0,1
2819,1,0,1
2820,1,0,1
2821,1,0,1
2822,1,0,1
2823,1,0,1
2824,1,0,1
2825,1,0,1
2826,1,0,1
2827,1,0,1
2828,1,0,1
2829,1,0,1
2830,1,0,1
2831,1,0,1
2832,1,0,1
2833,1,0,1
2834,1,0,1
2835,1,0,1
2836,1,0,1
2837,1,0,1
2838,1,0,1
2839,1,0,1
2840,1,0,1
2841,1,0,1
2842,1,0,1
2843,1,0,1
2844,1,0,1
2845,1,0,1
2846,1,0,1
2847,1,0,1
2848,1,0,1
2849,2,0,2
2850,2,0,2
2851,2,0,2
2852,2,0,2
2853,2,0,2
2854,2,0,2
2855,2,0,2
2856,2,0,2
2857,2,0,2
2858,2,0,2
2859,2,0,2
2860,2,0,2
2861,2,0,2
2862,2,0,2
2863,3,0,3
2864,3,0,3
2865,3,0,3
2866,3,0,3
2867,3,0,3
2868,3,0,3
2869,3,0,3
2870,3,0,3
2871,3,0,3
2872,3,0,3
2873,3,0,3
2874,3,0,3
2875,3,0,3
2876,3,0,3
2877,3,0,3
2878,3,0,3
2879,3,0,3
2880,3,0,3
2881,3,0,3
2882,3,0,3
2883,3,0,3
2884,3,0,3
2885,3,0,3
2886,3,0,3
2887,3,0,3
2888,2,0,2
2889,2,0,2
2890,2,0,2
2891,2,0,2
2892,3,0,3
2893,3,0,3
2894,3,0,3
2895,3,0,3
2896,3,0,3
2897,2,0,2
2898,2,0,2
2899,2,0,2
2900,2,0,2
2901,2,0,2
2902,2,0,2
2903,2,0,2
2904,2,0,2
2905,2,0,2
2906,2,0,2
2907,2,0,2
2908,2,0,2
2909,2,0,2
2910,2,0,2
2911,2,0,2
2912,2,0,2
2913,2,0,2
2914,2,0,2
2915,2,0,2
2916,2,0,2
2917,2,0,2
2918,3,0,3
2919,3,0,3
2920,3,0,3
2921,3,0,3
2922,3,0,3
2923,3,0,3
2924,3,0,3
2925,3,0,3
2926,3,0,3
2927,3,0,3
2928,3,0,3
2929,3,0,3
2930,3,0,3
2931,3,0,3
2932,3,0,3
2933,3,0,3
2934,3,0,3
2935,3,0,3
2936,3,0,3
2937,3,0,3
2938,3,0,3
2939,3,0,3
2940,4,0,4
2941,4,0,4
2942,4,0,4
2943,4,0,4
2944,4,0,4
2945,4,0,4
2946,4,0,4
2947,4,0,4
2948,4,0,4
2949,4,0,4
2950,4,0,4
2951,4,0,4
2952,4,0,4
2953,4,0,4
2954,4,0,4
2955,4,0,4
2956,4,0,4
2957,4,0,4
2958,4,0,4
2959,4,0,4
2960,4,0,4
2961,4,0,4
2962,4,0,4
2963,4,0,4
2964,4,0,4
2965,4,0,4
2966,4,0,4
2967,4,0,4
2968,4,0,4
2969,4,0,4
2970,4,0,4
2971,4,0,4
2972,4,0,4
2973,4,0,4
2974,4,0,4
2975,4,0,4
2976,4,0,4
2977,4,0,4
2978,5,0,5
2979,5,0,5
2980,5,0,5
2981,5,0,5
2982,5,0,5
2983,5,0,5
2984,5,0,5
2985,5,0,5
2986,5,0,5
2987,5,0,5
2988,5,0,5
2989,5,0,5
2990,5,0,5
2991,5,0,5
2992,5,0,5
2993,5,0,5
2994,5,0,5
2995,5,0,5
2996,5,0,5
2997,5,0,5
2998,5,0,5
2999,5,0,5
3000,5,0,5
3001,5,0,5
3002,5,0,5
3003,5,0,5
3004,5,0,5
3005,5,0,5
3006,5,0,5
3007,5,0,5
3008,5,0,5
3009,5,0,5
3010,5,0,5
3011,5,0,5
3012,5,0,5
3013,5,0,5
3014,5,0,5
3015,5,0,5
3016,5,0,5
3017,5,0,5
3018,5,0,5
3019,5,0,5
3020,5,0,5
3021,5,0,5
3022,5,0,5
3023,5,0,5
3024,5,0,5
3025,5,0,5
3026,5,0,5
3027,5,0,5
3028,5,0,5
3029,5,0,5
3030,5,0,5
3031,5,0,5
3032,5,0,5
3033,5,0,5
3034,5,0,5
3035,5,0,5
3036,5,0,5
3037,5,0,5
3038,5,0,5
3039,5,0,5
3040,5,0,5
3041,5,0,5
3042,5,0,5
3043,5,0,5
3044,5,0,5
3045,5,0,5
3046,5,0,5
3047,5,0,5
3048,5,0,5
3049,5,0,5
3050,5,0,5
3051,4,0,4
3052,4,0,4
3053,4,0,4
3054,4,0,4
3055,3,0,3
3056,3,0,3
3057,3,0,3
3058,3,0,3
3059,3,0,3
3060,3,0,3
3061,3,0,3
3062,3,0,3
3063,3,0,3
3064,3,0,3
3065,3,0,3
3066,3,0,3
3067,3,0,3
3068,3,0,3
3069,3,0,3
3070,3,0,3
3071,3,0,3
3072,3,0,3
3073,3,0,3
3074,3,0,3
3075,4,0,4
3076,4,0,4
3077,4,0,4
3078,4,0,4
3079,4,0,4
3080,4,0,4
3081,4,0,4
3082,4,0,4
3083,4,0,4
3084,4,0,4
3085,4,0,4
3086,4,0,4
3087,4,0,4
3088,4,0,4
3089,4,0,4
3090,4,0,4
3091,4,0,4
3092,4,0,4
3093,4,0,4
3094,4,0,4
3095,4,0,4
3096,4,0,4
3097,4,0,4
3098,4,0,4
3099,4,0,4
3100,4,0,4
3101,4,0,4
3102,4,0,4
3103,4,0,4
3104,4,0,4
3105,4,0,4
3106,4,0,4
3107,4,0,4
3108,4,0,4
3109,4,0,4
3110,4,0,4
3111,4,0,4
3112,4,0,4
3113,4,0,4
3114,4,0,4
3115,4,0,4
3116,4,0,4
3117,4,0,4
3118,4,0,4
3119,4,0,4
3120,4,0,4
3121,4,0,4
3122,4,0,4
3123,5,0,5
3124,5,0,5
3125,5,0,5
3126,5,0,5
3127,5,0,5
3128,5,0,5
3129,5,0,5
3130,5,0,5
3131,5,0,5
3132,5,0,5
3133,5,0,5
3134,5,0,5
3135,5,0,5
3136,5,0,5
3137,5,0,5
3138,5,0,5
3139,5,0,5
3140,5,0,5
3141,5,0,5
3142,6,0,6
3143,6,0,6
3144,6,0,6
3145,6,0,6
3146,6,0,6
3147,6,0,6
3148,6,0,6
3149,6,0,6
3150,6,0,6
3151,6,0,6
3152,6,0,6
3153,6,0,6
3154,6,0,6
3155,6,0,6
3156,6,0,6
3157,6,0,6
3158,7,0,7
3159,7,0,7
3160,7,0,7
3161,7,0,7
3162,7,0,7
3163,7,0,7
3164,7,0,7
3165,7,0,7
3166,7,0,7
3167,7,0,7
3168,7,0,7
3169,7,0,7
3170,7,0,7
3171,7,0,7
3172,6,0,6
3173,6,0,6
3174,6,0,6
3175,6,0,6
3176,6,0,6
3177,6,0,6
3178,6,0,6
3179,6,0,6
3180,5,0,5
3181,5,0,5
3182,5,0,5
3183,5,0,5
3184,5,0,5
3185,5,0,5
3186,5,0,5
3187,5,0,5
3188,5,0,5
3189,5,0,5
3190,5,0,5
3191,5,0,5
3192,5,0,5
3193,5,0,5
3194,5,0,5
3195,5,0,5
3196,5,0,5
3197,5,0,5
3198,4,0,4
3199,5,0,5
3200,5,0,5
3201,5,0,5
3202,5,0,5
3203,5,0,5
3204,5,0,5
3205,5,0,5
3206,5,0,5
3207,5,0,5
3208,5,0,5
3209,5,0,5
3210,5,0,5
3211,5,0,5
3212,5,0,5
3213,5,0,5
3214,5,0,5
3215,5,0,5
3216,5,0,5
3217,4,0,4
3218,4,0,4
3219,4,0,4
3220,4,0,4
3221,4,0,4
3222,4,0,4
3223,4,0,4
3224,4,0,4
3225,4,0,4
3226,4,0,4
3227,4,0,4
3228,4,0,4
3229,4,0,4
3230,4,0,4
3231,4,0,4
3232,4,0,4
3233,4,0,4
3234,4,0,4
3235,4,0,4
3236,4,0,4
3237,4,0,4
3238,4,0,4
3239,4,0,4
3240,4,0,4
3241,4,0,4
3242,4,0,4
3243,4,0,4
3244,4,0,4
3245,4,0,4
3246,4,0,4
3247,4,0,4
3248,4,0,4
3249,4,0,4
3250,4,0,4
3251,4,0,4
3252,4,0,4
3253,4,0,4
3254,4,0,4
3255,4,0,4
3256,4,0,4
3257,4,0,4
3258,4,0,4
3259,4,0,4
3260,4,0,4
3261,4,0,4
3262,4,0,4
3263,4,0,4
3264,4,0,4
3265,4,0,4
3266,4,0,4
3267,4,0,4
3268,4,0,4
3269,4,0,4
3270,4,0,4
3271,4,0,4
3272,4,0,4
3273,4,0,4
3274,5,0,5
3275,5,0,5
3276,5,0,5
3277,5,0,5
3278,5,0,5
3279,5,0,5
3280,5,0,5
3281,5,0,5
3282,5,0,5
3283,6,0,6
3284,6,0,6
3285,6,0,6
3286,6,0,6
3287,5,1,6
3288,5,1,6
3289,5,1,6
3290,5,1,6
3291,5,1,6
3292,5,1,6
3293,5,1,6
3294,5,1,6
3295,5,1,6
3296,5,1,6
3297,5,1,6
3298,5,1,6
3299,4,1,5
3300,4,1,5
3301,4,1,5
3302,4,1,5
3303,4,1,5
3304,4,1,5
3305,4,1,5
3306,4,1,5
3307,4,1,5
3308,4,1,5
3309,4,1,5
3310,4,1,5
3311,4,1,5
3312,3,1,4
3313,3,1,4
3314,3,1,4
3315,3,1,4
3316,4,0,4
3317,5,0,5
3318,5,0,5
3319,5,0,5
3320,5,0,5
3321,4,1,5
3322,3,1,4
3323,3,1,4
3324,3,1,4
3325,3,1,4
3326,3,1,4
3327,3,1,4
3328,3,1,4
3329,3,1,4
3330,3,1,4
3331,3,1,4
3332,3,1,4
3333,4,0,4
3334,4,0,4
3335,4,0,4
3336,4,0,4
3337,4,0,4
3338,4,0,4
3339,4,0,4
3340,4,0,4
3341,4,0,4
3342,4,0,4
3343,4,0,4
3344,4,0,4
3345,4,0,4
3346,4,0,4
3347,4,0,4
3348,4,0,4
3349,4,0,4
3350,4,0,4
3351,4,0,4
3352,4,0,4
3353,4,0,4
3354,4,0,4
3355,4,0,4
3356,4,0,4
3357,3,0,3
3358,3,0,3
3359,3,0,3
3360,3,0,3
3361,3,0,3
3362,3,0,3
3363,3,0,3
3364,3,0,3
3365,3,0,3
3366,3,0,3
3367,3,0,3
3368,3,0,3
3369,3,0,3
3370,3,0,3
3371,3,0,3
3372,3,0,3
3373,2,0,2
3374,2,0,2
3375,2,0,2
3376,2,0,2
3377,2,0,2
3378,2,0,2
3379,2,0,2
3380,2,0,2
3381,2,0,2
3382,2,0,2
3383,2,0,2
3384,2,0,2
3385,2,0,2
3386,2,0,2
3387,2,0,2
3388,2,0,2
3389,2,0,2
3390,2,0,2
3391,2,0,2
3392,2,0,2
3393,2,0,2
3394,2,0,2
3395,2,0,2
3396,2,0,2
3397,2,0,2
3398,2,0,2
3399,2,0,2
3400,2,0,2
3401,2,0,2
3402,2,0,2
3403,2,0,2
3404,2,0,2
3405,2,0,2
3406,2,0,2
3407,2,0,2
3408,2,0,2
3409,2,0,2
3410,2,0,2
3411,2,0,2
3412,2,0,2
3413,2,0,2
3414,2,0,2
3415,2,0,2
3416,2,0,2
3417,2,0,2
3418,2,0,2
3419,2,0,2
3420,3,0,3
3421,3,0,3
3422,3,0,3
3423,3,0,3
3424,3,0,3
3425,3,0,3
3426,3,0,3
3427,3,0,3
3428,3,0,3
3429,3,0,3
3430,3,0,3
3431,3,0,3
3432,3,0,3
3433,3,0,3
3434,3,0,3
3435,3,0,3
3436,3,0,3
3437,3,0,3
3438,3,0,3
3439,2,0,2
3440,2,0,2
3441,2,0,2
3442,2,0,2
3443,2,0,2
3444,2,0,2
3445,2,0,2
3446,2,0,2
3447,2,0,2
3448,2,0,2
3449,2,0,2
3450,2,0,2
3451,2,0,2
3452,2,0,2
3453,2,0,2
3454,2,0,2
3455,2,0,2
3456,2,0,2
3457,2,0,2
3458,2,0,2
3459,2,0,2
3460,2,0,2
3461,2,0,2
3462,2,0,2
3463,2,0,2
3464,2,0,2
3465,2,0,2
3466,2,0,2
3467,2,0,2
3468,2,0,2
3469,2,0,2
3470,2,0,2
3471,2,0,2
3472,2,0,2
3473,2,0,2
3474,2,0,2
3475,2,0,2
3476,2,0,2
3477,2,0,2
3478,2,0,2
3479,2,0,2
3480,2,0,2
3481,2,0,2
3482,2,0,2
3483,2,0,2
3484,2,0,2
3485,2,0,2
3486,2,0,2
3487,2,0,2
3488,2,0,2
3489,2,0,2
3490,2,0,2
3491,2,0,2
3492,2,0,2
3493,2,0,2
3494,2,0,2
3495,2,0,2
3496,2,0,2
3497,1,0,1
3498,2,0,2
3499,2,0,2
3500,2,0,2
3501,2,0,2
3502,1,0,1
3503,1,0,1
3504,1,0,1
3505,1,0,1
3506,2,0,2
3507,2,0,2
3508,2,0,2
3509,2,0,2
3510,2,0,2
3511,2,0,2
3512,2,0,2
3513,2,0,2
3514,2,0,2
3515,2,0,2
3516,2,0,2
3517,2,0,2
3518,2,0,2
3519,2,0,2
3520,2,0,2
3521,2,0,2
3522,2,0,2
3523,2,0,2
3524,2,0,2
3525,2,0,2
3526,2,0,2
3527,2,0,2
3528,2,0,2
3529,2,0,2
3530,2,0,2
3531,2,0,2
3532,2,0,2
3533,2,0,2
3534,2,0,2
3535,2,0,2
3536,2,0,2
3537,2,0,2
3538,2,0,2
3539,2,0,2
3540,2,0,2
3541,2,0,2
3542,2,0,2
3543,2,0,2
3544,2,0,2
3545,2,0,2
3546,2,0,2
3547,2,0,2
3548,2,0,2
3549,2,0,2
3550,2,0,2
3551,2,0,2
3552,2,0,2
3553,2,0,2
3554,2,0,2
3555,2,0,2
3556,2,0,2
3557,2,0,2
3558,2,0,2
3559,2,0,2
3560,2,0,2
3561,2,0,2
3562,2,0,2
3563,2,0,2
3564,2,0,2
3565,2,0,2
3566,2,0,2
3567,2,0,2
3568,2,0,2
3569,2,0,2
3570,2,0,2
3571,2,0,2
3572,2,0,2
3573,2,0,2
3574,2,0,2
3575,2,0,2
3576,3,0,3
3577,3,0,3
3578,3,0,3
3579,3,0,3
3580,3,0,3
3581,3,0,3
3582,3,0,3
3583,3,0,3
3584,3,0,3
3585,3,0,3
3586,3,0,3
3587,3,0,3
3588,3,0,3
3589,3,0,3
3590,3,0,3
3591,3,0,3
3592,2,0,2
3593,2,0,2
3594,2,0,2
3595,2,0,2
3596,2,0,2
3597,2,0,2
3598,2,0,2
3599,2,0,2
3600,2,0,2
3601,2,0,2
3602,2,0,2
3603,2,0,2
3604,2,0,2
3605,2,0,2
3606,2,0,2
3607,2,0,2
3608,2,0,2
3609,2,0,2
3610,3,0,3
3611,3,0,3
3612,2,0,2
3613,2,0,2
3614,2,0,2
3615,2,0,2
3616,2,0,2
3617,2,0,2
3618,2,0,2
3619,2,0,2
3620,2,0,2
3621,2,0,2
3622,2,0,2
3623,2,0,2
3624,2,0,2
3625,2,0,2
3626,2,0,2
3627,2,0,2
3628,2,0,2
3629,2,0,2
3630,2,0,2
3631,2,0,2
3632,2,0,2
3633,2,0,2
3634,2,0,2
3635,2,0,2
3636,2,0,2
3637,2,0,2
3638,2,0,2
3639,2,0,2
3640,2,0,2
3641,2,0,2
3642,2,0,2
3643,2,0,2
3644,2,0,2
3645,2,0,2
3646,2,0,2
3647,2,0,2
3648,2,0,2
3649,1,0,1
3650,1,0,1
3651,1,0,1
3652,1,0,1
3653,1,0,1
3654,1,0,1
3655,1,0,1
3656,1,0,1
3657,1,0,1
3658,1,0,1
3659,1,0,1
3660,1,0,1
3661,1,0,1
3662,1,0,1
3663,1,0,1
3664,1,0,1
3665,1,0,1
3666,1,0,1
3667,1,0,1
3668,1,0,1
3669,1,0,1
3670,1,0,1
3671,1,0,1
3672,1,0,1
3673,1,0,1
3674,1,0,1
3675,1,0,1
3676,1,0,1
3677,1,0,1
3678,0,0,0
3679,0,0,0
3680,0,0,0
3681,0,0,0
3682,0,0,0
3683,0,0,0
3684,0,0,0
3685,0,0,0
3686,0,0,0
3687,0,0,0
3688,0,0,0
3689,0,0,0
3690,0,0,0
3691,0,0,0
3692,0,0,0
3693,0,0,0
3694,0,0,0
3695,0,0,0
3696,0,0,0
3697,0,0,0
3698,0,0,0
3699,0,0,0
3700,0,0,0
3701,0,0,0
3702,0,0,0
3703,0,0,0
3704,0,0,0
3705,0,0,0
3706,0,0,0
3707,0,0,0
3708,0,0,0
3709,0,0,0
3710,0,0,0
3711,0,0,0
3712,0,0,0
3713,0,0,0
3714,0,0,0
3715,0,0,0
3716,0,0,0
3717,0,0,0
3718,0,0,0
3719,0,0,0
3720,0,0,0
3721,0,0,0
3722,0,0,0
3723,0,0,0
3724,0,0,0
3725,0,0,0
3726,0,0,0
3727,0,0,0
3728,0,0,0
3729,0,0,0
3730,0,0,0
3731,0,0,0
3732,0,0,0
3733,0,0,0
3734,0,0,0
3735,0,0,0
3736,0,0,0
3737,0,0,0
3738,0,0,0
3739,0,0,0
3740,0,0,0
3741,0,0,0
3742,0,0,0
3743,0,0,0
3744,0,0,0
3745,0,0,0
3746,0,0,0
3747,0,0,0
3748,0,0,0
3749,0,0,0
3750,0,0,0
3751,0,0,0
3752,0,0,0
3753,0,0,0
3754,0,0,0
3755,0,0,0
3756,0,0,0
3757,0,0,0
3758,0,0,0
3759,0,0,0
3760,0,0,0
3761,0,0,0
3762,0,0,0
3763,0,0,0
3764,0,0,0
3765,0,0,0
3766,0,0,0
3767,0,0,0
3768,0,0,0
3769,0,0,0
3770,0,0,0
3771,0,0,0
3772,0,0,0
3773,0,0,0
3774,0,0,0
3775,0,0,0
3776,0,0,0
3777,0,0,0
3778,0,0,0
3779,0,0,0
3780,0,0,0
3781,0,0,0
3782,0,0,0
3783,0,0,0
3784,0,0,0
3785,0,0,0
3786,0,0,0
3787,0,0,0
3788,0,0,0
3789,0,0,0
3790,0,0,0
3791,0,0,0
3792,0,0,0
3793,0,0,0
3794,0,0,0
3795,0,0,0
3796,0,0,0
3797,0,0,0
3798,0,0,0
3799,0,0,0
3800,0,0,0
3801,0,0,0
3802,0,0,0
3803,0,0,0
3804,0,0,0
3805,0,0,0
3806,0,0,0
3807,0,0,0
3808,0,0,0
3809,0,0,0
3810,0,0,0
3811,0,0,0
3812,0,0,0
3813,0,0,0
3814,0,0,0
3815,0,0,0
3816,0,0,0
3817,0,0,0
3818,0,0,0
3819,0,0,0
3820,0,0,0
3821,0,0,0
3822,0,0,0
3823,0,0,0
3824,0,0,0
3825,0,0,0
3826,0,0,0
3827,0,0,0
3828,0,0,0
3829,0,0,0
3830,0,0,0
3831,0,0,0
3832,0,0,0
3833,0,0,0
3834,0,0,0
3835,0,0,0
3836,0,0,0
3837,0,0,0
3838,0,0,0
3839,0,0,0
3840,0,0,0
3841,0,0,0
3842,0,0,0
3843,0,0,0
3844,0,0,0
3845,0,0,0
3846,0,0,0
3847,0,0,0
3848,0,0,0
3849,0,0,0
3850,0,0,0
3851,0,0,0
3852,0,0,0
3853,0,0,0
3854,0,0,0
3855,0,0,0
3856,0,0,0
3857,0,0,0
3858,0,0,0
3859,0,0,0
3860,0,0,0
3861,0,0,0
3862,0,0,0
3863,0,0,0
3864,0,0,0
3865,0,0,0
3866,0,0,0
3867,0,0,0
3868,0,0,0
3869,0,0,0
3870,0,0,0
3871,0,0,0
3872,0,0,0
3873,0,0,0
3874,0,0,0
3875,0,0,0
3876,0,0,0
3877,0,0,0
3878,0,0,0
3879,0,0,0
3880,0,0,0
3881,0,0,0
3882,0,0,0
3883,0,0,0
3884,0,0,0
3885,0,0,0
3886,0,0,0
3887,0,0,0
3888,0,0,0
3889,0,0,0
3890,0,0,0
3891,0,0,0
3892,0,0,0
3893,0,0,0
3894,0,0,0
3895,0,0,0
3896,0,0,0
3897,0,0,0
3898,1,0,1
3899,1,0,1
3900,0,1,1
3901,0,1,1
3902,0,1,1
3903,1,1,2
3904,1,1,2
3905,1,1,2
3906,1,1,2
3907,1,1,2
3908,1,1,2
3909,1,1,2
3910,1,1,2
3911,1,1,2
3912,1,1,2
3913,1,1,2
3914,1,1,2
3915,1,1,2
3916,1,1,2
3917,1,1,2
3918,1,1,2
3919,1,1,2
3920,1,1,2
3921,1,1,2
3922,1,1,2
3923,1,1,2
3924,1,1,2
3925,1,1,2
3926,1,1,2
3927,1,1,2
3928,1,1,2
3929,1,1,2
3930,1,1,2
3931,1,1,2
3932,1,1,2
3933,1,1,2
3934,1,1,2
3935,2,0,2
3936,2,0,2
3937,2,0,2
3938,2,0,2
3939,2,0,2
3940,2,0,2
3941,2,0,2
3942,2,0,2
3943,2,0,2
3944,2,0,2
3945,2,0,2
3946,2,0,2
3947,2,0,2
3948,2,0,2
3949,2,0,2
3950,2,0,2
3951,1,0,1
3952,1,0,1
3953,1,0,1
3954,1,0,1
3955,1,0,1
3956,1,0,1
3957,1,0,1
3958,1,0,1
3959,1,0,1
3960,1,0,1
3961,1,0,1
3962,1,0,1
3963,1,0,1
3964,1,0,1
3965,1,0,1
3966,1,0,1
3967,1,0,1
3968,1,0,1
3969,1,0,1
3970,1,0,1
3971,1,0,1
3972,1,0,1
3973,1,0,1
3974,1,0,1
3975,1,0,1
3976,1,0,1
3977,2,0,2
3978,2,0,2
3979,2,0,2
3980,2,0,2
3981,2,0,2
3982,2,0,2
3983,2,0,2
3984,2,0,2
3985,2,0,2
3986,2,0,2
3987,2,0,2
3988,2,0,2
3989,2,0,2
3990,2,0,2
3991,2,0,2
3992,2,0,2
3993,2,0,2
3994,2,0,2
3995,2,0,2
3996,2,0,2
3997,2,0,2
3998,2,0,2
3999,2,0,2
4000,2,0,2
4001,2,0,2
4002,2,0,2
4003,2,0,2
4004,2,0,2
4005,2,0,2
4006,2,0,2
4007,2,0,2
4008,2,0,2
4009,2,0,2
4010,2,0,2
4011,2,0,2
4012,2,0,2
4013,2,0,2
4014,2,0,2
4015,2,0,2
4016,2,0,2
4017,2,0,2
4018,3,0,3
4019,3,0,3
4020,3,0,3
4021,3,0,3
4022,3,0,3
4023,3,0,3
4024,4,0,4
4025,4,0,4
4026,4,0,4
4027,4,0,4
4028,4,0,4
4029,4,0,4
4030,4,0,4
4031,4,0,4
4032,4,0,4
4033,4,0,4
4034,4,0,4
4035,4,0,4
4036,4,0,4
4037,4,0,4
4038,4,0,4
4039,5,0,5
4040,5,0,5
4041,5,0,5
4042,5,0,5
4043,5,0,5
4044,5,0,5
4045,5,0,5
4046,5,0,5
4047,4,0,4
4048,4,0,4
4049,4,0,4
4050,4,0,4
4051,4,0,4
4052,4,0,4
4053,4,0,4
4054,4,0,4
4055,4,0,4
4056,4,0,4
4057,4,0,4
4058,4,0,4
4059,4,0,4
4060,4,0,4
4061,4,0,4
4062,4,0,4
4063,4,0,4
4064,4,0,4
4065,4,0,4
4066,4,0,4
4067,4,0,4
4068,4,0,4
4069,4,0,4
4070,4,0,4
4071,4,0,4
4072,4,0,4
4073,4,0,4
4074,5,0,5
4075,5,0,5
4076,6,0,6
4077,6,0,6
4078,6,0,6
4079,6,0,6
4080,6,0,6
4081,6,0,6
4082,6,0,6
4083,5,0,5
4084,5,0,5
4085,5,0,5
4086,5,0,5
4087,5,0,5
4088,5,0,5
4089,5,0,5
4090,5,0,5
4091,4,0,4
4092,4,0,4
4093,4,0,4
4094,4,0,4
4095,4,0,4
4096,4,0,4
4097,4,0,4
4098,4,0,4
4099,4,0,4
4100,4,0,4
4101,4,0,4
4102,4,0,4
4103,4,0,4
4104,4,0,4
4105,4,0,4
4106,4,0,4
4107,4,0,4
4108,4,0,4
4109,4,0,4
4110,4,0,4
4111,4,0,4
4112,4,0,4
4113,4,0,4
4114,4,0,4
4115,4,0,4
4116,4,0,4
4117,4,0,4
4118,5,0,5
4119,4,0,4
4120,4,0,4
4121,4,0,4
4122,4,0,4
4123,4,0,4
4124,4,0,4
4125,4,0,4
4126,4,0,4
4127,4,0,4
4128,4,0,4
4129,4,0,4
4130,3,0,3
4131,3,0,3
4132,3,0,3
4133,3,0,3
4134,3,0,3
4135,3,0,3
4136,3,0,3
4137,3,0,3
4138,3,0,3
4139,3,0,3
4140,3,0,3
4141,3,0,3
4142,3,0,3
4143,3,0,3
4144,3,0,3
4145,3,0,3
4146,3,0,3
4147,3,0,3
4148,3,0,3
4149,3,0,3
4150,3,0,3
4151,3,0,3
4152,3,0,3
4153,3,0,3
4154,3,0,3
4155,3,0,3
4156,3,0,3
4157,3,0,3
4158,3,0,3
4159,3,0,3
4160,3,0,3
4161,3,0,3
4162,3,0,3
4163,3,0,3
4164,3,0,3
4165,3,0,3
4166,3,0,3
4167,3,0,3
4168,3,0,3
4169,3,0,3
4170,3,0,3
4171,3,0,3
4172,3,0,3
4173,3,0,3
4174,3,0,3
4175,3,0,3
4176,3,0,3
4177,3,0,3
4178,3,0,3
4179,3,0,3
4180,3,0,3
4181,3,0,3
4182,3,0,3
4183,3,0,3
4184,3,0,3
4185,3,0,3
4186,3,0,3
4187,3,0,3
4188,3,0,3
4189,3,0,3
4190,3,0,3
4191,3,0,3
4192,3,0,3
4193,3,0,3
4194,3,0,3
4195,3,0,3
4196,3,0,3
4197,3,0,3
4198,3,0,3
4199,3,0,3
4200,3,0,3
4201,3,0,3
4202,3,0,3
4203,3,0,3
4204,3,0,3
4205,3,0,3
4206,3,0,3
4207,3,0,3
4208,3,0,3
4209,3,0,3
4210,3,0,3
4211,3,0,3
4212,3,0,3
4213,3,0,3
4214,3,0,3
4215,3,0,3
4216,3,0,3
4217,3,0,3
4218,3,0,3
4219,3,0,3
4220,3,0,3
4221,3,0,3
4222,3,0,3
4223,3,0,3
4224,3,0,3
4225,3,0,3
4226,3,0,3
4227,3,0,3
4228,3,0,3
4229,3,0,3
4230,3,0,3
4231,3,0,3
4232,3,0,3
4233,3,0,3
4234,3,0,3
4235,3,0,3
4236,3,0,3
4237,3,0,3
4238,3,0,3
4239,3,0,3
4240,3,0,3
4241,3,0,3
4242,3,0,3
4243,3,0,3
4244,3,0,3
4245,3,0,3
4246,3,0,3
4247,3,0,3
4248,3,0,3
4249,3,0,3
4250,3,0,3
4251,3,0,3
4252,3,0,3
4253,3,0,3
4254,3,0,3
4255,3,0,3
4256,3,0,3
4257,3,0,3
4258,3,0,3
4259,3,0,3
4260,3,0,3
4261,3,0,3
4262,3,0,3
4263,3,0,3
4264,3,0,3
4265,3,0,3
4266,3,0,3
4267,3,0,3
4268,3,0,3
4269,3,0,3
4270,4,0,4
4271,4,0,4
4272,5,0,5
4273,5,0,5
4274,5,0,5
4275,5,0,5
4276,5,0,5
4277,5,0,5
4278,5,0,5
4279,5,0,5
4280,5,0,5
4281,5,0,5
4282,5,0,5
4283,5,0,5
4284,5,0,5
4285,6,0,6
4286,6,0,6
4287,6,0,6
4288,6,0,6
4289,6,0,6
4290,6,0,6
4291,6,0,6
4292,6,0,6
4293,7,0,7
4294,7,0,7
4295,8,0,8
4296,8,0,8
4297,8,0,8
4298,8,0,8
4299,7,0,7
4300,7,0,7
4301,7,0,7
4302,7,0,7
4303,7,0,7
4304,7,0,7
4305,7,0,7
4306,6,0,6
4307,6,0,6
4308,6,0,6
4309,7,0,7
4310,7,0,7
4311,7,0,7
4312,7,0,7
4313,7,0,7
4314,7,0,7
4315,7,0,7
4316,7,0,7
4317,8,0,8
4318,8,0,8
4319,8,0,8
4320,8,0,8
4321,8,0,8
4322,8,0,8
4323,8,0,8
4324,8,0,8
4325,7,0,7
4326,7,0,7
4327,7,0,7
4328,7,0,7
4329,7,0,7
4330,7,0,7
4331,6,0,6
4332,6,0,6
4333,6,0,6
4334,7,0,7
4335,7,0,7
4336,7,0,7
4337,7,0,7
4338,7,0,7
4339,7,0,7
4340,7,0,7
4341,7,0,7
4342,7,0,7
4343,7,0,7
4344,7,0,7
4345,7,0,7
4346,7,0,7
4347,7,0,7
4348,7,0,7
4349,7,0,7
4350,7,0,7
4351,7,0,7
4352,7,0,7
4353,7,0,7
4354,7,0,7
4355,6,0,6
4356,6,0,6
4357,5,0,5
4358,5,0,5
4359,5,0,5
4360,6,0,6
4361,6,0,6
4362,6,0,6
4363,6,0,6
4364,6,0,6
4365,6,0,6
4366,8,0,8
4367,8,0,8
4368,8,0,8
4369,8,0,8
4370,8,0,8
4371,8,0,8
4372,8,0,8
4373,8,0,8
4374,8,0,8
4375,8,0,8
4376,8,0,8
4377,8,0,8
4378,8,0,8
4379,8,0,8
4380,8,0,8
4381,8,0,8
4382,9,0,9
4383,9,0,9
4384,9,0,9
4385,9,0,9
4386,9,0,9
4387,9,0,9
4388,9,0,9
4389,10,0,10
4390,11,0,11
4391,11,0,11
4392,11,0,11
4393,11,0,11
4394,11,0,11
4395,11,0,11
4396,10,0,10
4397,10,0,10
4398,10,0,10
4399,10,0,10
4400,10,0,10
4401,10,0,10
4402,10,0,10
4403,10,0,10
4404,10,0,10
4405,11,0,11
4406,11,0,11
4407,11,0,11
4408,11,0,11
4409,11,0,11
4410,11,0,11
4411,10,0,10
4412,11,0,11
4413,11,0,11
4414,11,0,11
4415,12,0,12
4416,12,0,12
4417,12,0,12
4418,13,0,13
4419,13,0,13
4420,13,0,13
4421,13,0,13
4422,13,0,13
4423,13,0,13
4424,13,0,13
4425,14,0,14
4426,14,0,14
4427,14,0,14
4428,13,0,13
4429,13,0,13
4430,12,0,12
4431,12,0,12
4432,12,0,12
4433,12,0,12
4434,12,0,12
4435,12,0,12
4436,12,0,12
4437,12,0,12
4438,12,0,12
4439,11,0,11
4440,11,0,11
4441,12,0,12
4442,12,0,12
4443,12,0,12
4444,12,0,12
4445,12,0,12
4446,12,0,12
4447,11,0,11
4448,10,0,10
4449,10,0,10
4450,10,0,10
4451,10,0,10
4452,10,0,10
4453,11,0,11
4454,10,0,10
4455,10,0,10
4456,10,0,10
4457,11,0,11
4458,11,0,11
4459,11,0,11
4460,10,1,11
4461,10,1,11
4462,10,1,11
4463,10,1,11
4464,10,1,11
4465,10,1,11
4466,10,1,11
4467,10,1,11
4468,10,1,11
4469,10,1,11
4470,10,1,11
4471,9,1,10
4472,9,1,10
4473,9,1,10
4474,9,1,10
4475,8,1,9
4476,8,1,9
4477,9,0,9
4478,9,0,9
4479,9,0,9
4480,9,0,9
4481,9,0,9
4482,9,0,9
4483,9,0,9
4484,8,0,8
4485,8,0,8
4486,8,0,8
4487,8,0,8
4488,8,0,8
4489,8,0,8
4490,8,0,8
4491,8,0,8
4492,8,0,8
4493,8,0,8
4494,9,0,9
4495,9,0,9
4496,9,0,9
4497,9,0,9
4498,9,0,9
4499,9,0,9
4500,9,0,9
4501,10,0,10
4502,10,0,10
4503,11,0,11
4504,10,0,10
4505,10,0,10
4506,10,0,10
4507,10,0,10
4508,10,0,10
4509,10,0,10
4510,10,0,10
4511,10,0,10
4512,10,0,10
4513,11,0,11
4514,10,0,10
4515,10,0,10
4516,10,0,10
4517,10,0,10
4518,10,0,10
4519,10,0,10
4520,10,0,10
4521,10,0,10
4522,10,0,10
4523,10,0,10
4524,10,0,10
4525,10,0,10
4526,10,0,10
4527,10,0,10
4528,10,0,10
4529,10,0,10
4530,10,0,10
4531,10,0,10
4532,10,0,10
4533,10,0,10
4534,9,0,9
4535,9,0,9
4536,9,0,9
4537,9,0,9
4538,8,0,8
4539,8,0,8
4540,8,0,8
4541,7,0,7
4542,7,0,7
4543,7,0,7
4544,7,0,7
4545,7,0,7
4546,7,0,7
4547,7,0,7
4548,7,0,7
4549,7,0,7
4550,7,0,7
4551,7,0,7
4552,7,0,7
4553,6,0,6
4554,6,0,6
4555,7,0,7
4556,7,0,7
4557,7,0,7
4558,7,0,7
4559,7,0,7
4560,7,0,7
4561,7,0,7
4562,7,0,7
4563,7,0,7
4564,7,0,7
4565,7,0,7
4566,7,0,7
4567,7,0,7
4568,7,0,7
4569,7,0,7
4570,7,0,7
4571,7,0,7
4572,7,0,7
4573,7,0,7
4574,7,0,7
4575,7,0,7
4576,7,0,7
4577,7,0,7
4578,7,0,7
4579,7,0,7
4580,7,0,7
4581,7,0,7
4582,7,0,7
4583,7,0,7
4584,7,0,7
4585,7,0,7
4586,7,0,7
4587,7,0,7
4588,7,0,7
4589,7,0,7
4590,7,0,7
4591,7,0,7
4592,7,0,7
4593,7,0,7
4594,7,0,7
4595,7,0,7
4596,7,0,7
4597,7,0,7
4598,7,0,7
4599,7,0,7
4600,7,0,7
4601,7,0,7
4602,7,0,7
4603,7,0,7
4604,7,0,7
4605,7,0,7
4606,7,0,7
4607,7,0,7
4608,7,0,7
4609,7,0,7
4610,7,0,7
4611,7,0,7
4612,6,0,6
4613,6,0,6
4614,6,0,6
4615,6,0,6
4616,6,0,6
4617,6,0,6
4618,6,0,6
4619,6,0,6
4620,6,0,6
4621,6,0,6
4622,7,0,7
4623,7,0,7
4624,7,0,7
4625,7,0,7
4626,7,0,7
4627,7,0,7
4628,7,0,7
4629,7,0,7
4630,7,0,7
4631,7,0,7
4632,7,0,7
4633,7,0,7
4634,7,0,7
4635,7,0,7
4636,7,0,7
4637,7,0,7
4638,7,0,7
4639,7,0,7
4640,7,0,7
4641,7,0,7
4642,7,0,7
4643,7,0,7
4644,7,0,7
4645,7,0,7
4646,7,0,7
4647,7,0,7
4648,7,0,7
4649,7,0,7
4650,7,0,7
4651,6,0,6
4652,5,0,5
4653,5,0,5
4654,4,0,4
4655,4,0,4
4656,4,0,4
4657,4,0,4
4658,4,0,4
4659,4,0,4
4660,4,0,4
4661,4,0,4
4662,4,0,4
4663,4,0,4
4664,4,0,4
4665,4,0,4
4666,4,0,4
4667,4,0,4
4668,4,0,4
4669,4,0,4
4670,4,0,4
4671,4,0,4
4672,4,0,4
4673,4,0,4
4674,5,0,5
4675,5,0,5
4676,6,0,6
4677,6,0,6
4678,6,0,6
4679,6,0,6
4680,6,0,6
4681,6,0,6
4682,6,0,6
4683,6,0,6
4684,6,0,6
4685,5,0,5
4686,5,0,5
4687,5,0,5
4688,5,0,5
4689,5,0,5
4690,5,0,5
4691,6,0,6
4692,6,0,6
4693,6,0,6
4694,6,0,6
4695,6,0,6
4696,6,0,6
4697,6,0,6
4698,6,0,6
4699,6,0,6
4700,6,0,6
4701,6,0,6
4702,6,0,6
4703,6,0,6
4704,6,0,6
4705,6,0,6
4706,6,0,6
4707,6,0,6
4708,6,0,6
4709,6,0,6
4710,6,0,6
4711,6,0,6
4712,6,0,6
4713,6,0,6
4714,6,0,6
4715,6,0,6
4716,6,0,6
4717,6,0,6
4718,6,0,6
4719,6,0,6
4720,6,0,6
4721,6,0,6
4722,6,0,6
4723,6,0,6
4724,6,0,6
4725,6,0,6
4726,6,0,6
4727,6,0,6
4728,6,0,6
4729,6,0,6
4730,6,0,6
4731,7,0,7
4732,7,0,7
4733,7,0,7
4734,7,0,7
4735,7,0,7
4736,7,0,7
4737,7,0,7
4738,7,0,7
4739,7,0,7
4740,7,0,7
4741,7,0,7
4742,7,0,7
4743,7,0,7
4744,7,0,7
4745,7,0,7
4746,7,0,7
4747,7,0,7
4748,7,0,7
4749,7,0,7
4750,7,0,7
4751,6,0,6
4752,6,0,6
4753,6,0,6
4754,6,0,6
4755,6,0,6
4756,6,0,6
4757,6,0,6
4758,6,0,6
4759,6,0,6
4760,7,0,7
4761,7,0,7
4762,7,0,7
4763,7,0,7
4764,7,0,7
4765,7,0,7
4766,7,0,7
4767,7,0,7
4768,7,0,7
4769,7,0,7
4770,7,0,7
4771,7,0,7
4772,7,0,7
4773,7,0,7
4774,6,0,6
4775,6,0,6
4776,6,0,6
4777,6,0,6
4778,6,0,6
4779,6,0,6
4780,6,0,6
4781,6,0,6
4782,6,0,6
4783,6,0,6
4784,6,0,6
4785,5,0,5
4786,5,0,5
4787,5,0,5
4788,5,0,5
4789,5,0,5
4790,5,0,5
4791,5,0,5
4792,5,0,5
4793,5,0,5
4794,5,0,5
4795,5,0,5
4796,4,0,4
4797,4,0,4
4798,4,0,4
4799,4,0,4
4800,4,0,4
4801,4,0,4
4802,4,0,4
4803,4,0,4
4804,4,0,4
4805,4,0,4
4806,4,0,4
4807,4,0,4
4808,4,0,4
4809,4,0,4
4810,4,0,4
4811,4,0,4
4812,4,0,4
4813,4,0,4
4814,4,0,4
4815,4,0,4
4816,4,0,4
4817,3,0,3
4818,3,0,3
4819,3,0,3
4820,3,0,3
4821,3,0,3
4822,3,0,3
4823,3,0,3
4824,3,0,3
4825,3,0,3
4826,3,0,3
4827,3,0,3
4828,3,0,3
4829,3,0,3
4830,3,0,3
4831,3,0,3
4832,3,0,3
4833,3,0,3
4834,3,0,3
4835,3,0,3
4836,3,0,3
4837,2,0,2
4838,2,0,2
4839,2,0,2
4840,2,0,2
4841,2,0,2
4842,2,0,2
4843,2,0,2
4844,2,0,2
4845,3,0,3
4846,3,0,3
4847,3,0,3
4848,3,0,3
4849,3,0,3
4850,3,0,3
4851,3,0,3
4852,3,0,3
4853,3,0,3
4854,3,0,3
4855,3,0,3
4856,3,0,3
4857,3,0,3
4858,3,0,3
4859,3,0,3
4860,3,0,3
4861,3,0,3
4862,3,0,3
4863,3,0,3
4864,3,0,3
4865,3,0,3
4866,3,0,3
4867,3,0,3
4868,3,0,3
4869,3,0,3
4870,3,0,3
4871,3,0,3
4872,3,0,3
4873,3,0,3
4874,3,0,3
4875,3,0,3
4876,3,0,3
4877,3,0,3
4878,3,0,3
4879,3,0,3
4880,3,0,3
4881,3,0,3
4882,3,0,3
4883,3,0,3
4884,3,0,3
4885,3,0,3
4886,3,0,3
4887,3,0,3
4888,3,0,3
4889,3,0,3
4890,3,0,3
4891,3,0,3
4892,3,0,3
4893,3,0,3
4894,3,0,3
4895,3,0,3
4896,3,0,3
4897,3,0,3
4898,3,0,3
4899,3,0,3
4900,3,0,3
4901,3,0,3
4902,3,0,3
4903,3,0,3
4904,3,0,3
4905,3,0,3
4906,3,0,3
4907,3,0,3
4908,3,0,3
4909,3,0,3
4910,3,0,3
4911,3,0,3
4912,3,0,3
4913,3,0,3
4914,3,0,3
4915,3,0,3
4916,3,0,3
4917,3,0,3
4918,3,0,3
4919,3,0,3
4920,3,0,3
4921,3,0,3
4922,3,0,3
4923,3,0,3
4924,3,0,3
4925,3,0,3
4926,3,0,3
4927,3,0,3
4928,3,0,3
4929,3,0,3
4930,3,0,3
4931,3,0,3
4932,3,0,3
4933,3,0,3
4934,3,0,3
4935,3,0,3
4936,3,0,3
4937,3,0,3
4938,3,0,3
4939,3,0,3
4940,3,0,3
4941,3,0,3
4942,3,0,3
4943,3,0,3
4944,3,0,3
4945,3,0,3
4946,3,0,3
4947,3,0,3
4948,3,0,3
4949,3,0,3
4950,3,0,3
4951,3,0,3
4952,3,0,3
4953,3,0,3
4954,3,0,3
4955,3,0,3
4956,3,0,3
4957,3,0,3
4958,3,0,3
4959,3,0,3
4960,3,0,3
4961,3,0,3
4962,3,0,3
4963,3,0,3
4964,3,0,3
4965,3,0,3
4966,3,0,3
4967,3,0,3
4968,3,0,3
4969,3,0,3
4970,3,0,3
4971,3,0,3
4972,3,0,3
4973,3,0,3
4974,3,0,3
4975,3,0,3
4976,3,0,3
4977,3,0,3
4978,4,0,4
4979,4,0,4
4980,4,0,4
4981,4,0,4
4982,4,0,4
4983,4,0,4
4984,4,0,4
4985,4,0,4
4986,4,0,4
4987,4,0,4
4988,4,0,4
4989,4,0,4
4990,4,0,4
4991,4,0,4
4992,4,0,4
4993,4,0,4
4994,4,0,4
4995,3,0,3
4996,3,0,3
4997,3,0,3
4998,3,0,3
4999,3,0,3
5000,3,0,3
5001,3,0,3
5002,3,0,3
5003,3,0,3
5004,3,0,3
5005,3,0,3
5006,3,0,3
5007,3,0,3
5008,3,0,3
5009,3,0,3
5010,3,0,3
5011,3,0,3
5012,3,0,3
5013,3,0,3
5014,3,0,3
5015,3,0,3
5016,3,0,3
5017,3,0,3
5018,3,0,3
5019,3,0,3
5020,3,0,3
5021,3,0,3
5022,3,0,3
5023,3,0,3
5024,3,0,3
5025,3,0,3
5026,3,0,3
5027,3,0,3
5028,3,0,3
5029,3,0,3
5030,3,0,3
5031,3,0,3
5032,3,0,3
5033,3,0,3
5034,3,0,3
5035,3,0,3
5036,3,0,3
5037,3,0,3
5038,3,0,3
5039,3,0,3
5040,3,0,3
5041,3,0,3
5042,3,0,3
5043,3,0,3
5044,3,0,3
5045,3,0,3
5046,3,0,3
5047,3,0,3
5048,3,0,3
5049,3,0,3
5050,3,0,3
5051,3,0,3
5052,3,0,3
5053,3,0,3
5054,3,0,3
5055,3,0,3
5056,3,0,3
5057,3,0,3
5058,3,0,3
5059,3,0,3
5060,3,0,3
5061,3,0,3
5062,3,0,3
5063,3,0,3
5064,3,0,3
5065,3,0,3
5066,3,0,3
5067,3,0,3
5068,3,0,3
5069,3,0,3
5070,3,0,3
5071,3,0,3
5072,3,0,3
5073,3,0,3
5074,3,0,3
5075,3,0,3
5076,3,0,3
5077,3,0,3
5078,3,0,3
5079,3,0,3
5080,3,0,3
5081,3,0,3
5082,3,0,3
5083,3,0,3
5084,3,0,3
5085,3,0,3
5086,3,0,3
5087,3,0,3
5088,3,0,3
5089,3,0,3
5090,3,0,3
5091,3,0,3
5092,3,0,3
5093,3,0,3
5094,3,0,3
5095,3,0,3
5096,3,0,3
5097,3,0,3
5098,3,0,3
5099,3,0,3
5100,3,0,3
5101,3,0,3
5102,2,0,2
5103,2,0,2
5104,2,0,2
5105,2,0,2
5106,2,0,2
5107,2,0,2
5108,2,0,2
5109,1,0,1
5110,1,0,1
5111,1,0,1
5112,1,0,1
5113,1,0,1
5114,1,0,1
5115,1,0,1
5116,1,0,1
5117,1,0,1
5118,1,0,1
5119,1,0,1
5120,1,0,1
5121,1,0,1
5122,1,0,1
5123,1,0,1
5124,1,0,1
5125,1,0,1
5126,1,0,1
5127,1,0,1
5128,1,0,1
5129,1,0,1
5130,1,0,1
5131,1,0,1
5132,1,0,1
5133,1,0,1
5134,1,0,1
5135,1,0,1
5136,1,0,1
5137,1,0,1
5138,1,0,1
5139,1,0,1
5140,1,0,1
5141,1,0,1
5142,1,0,1
5143,1,0,1
5144,1,0,1
5145,1,0,1
5146,1,0,1
5147,1,0,1
5148,1,0,1
5149,1,0,1
5150,1,0,1
5151,1,0,1
5152,1,0,1
5153,1,0,1
5154,1,0,1
5155,1,0,1
5156,1,0,1
5157,1,0,1
5158,1,0,1
5159,1,0,1
5160,1,0,1
5161,1,0,1
5162,1,0,1
5163,1,0,1
5164,1,0,1
5165,1,0,1
5166,1,0,1
5167,1,0,1
5168,1,0,1
5169,1,0,1
5170,1,0,1
5171,1,0,1
5172,1,0,1
5173,1,0,1
5174,1,0,1
5175,1,0,1
5176,1,0,1
5177,1,0,1
5178,1,0,1
5179,1,0,1
5180,1,0,1
5181,1,0,1
5182,1,0,1
5183,1,0,1
5184,1,0,1
5185,1,0,1
5186,1,0,1
5187,1,0,1
5188,1,0,1
5189,1,0,1
5190,1,0,1
5191,1,0,1
5192,1,0,1
5193,1,0,1
5194,1,0,1
5195,1,0,1
5196,1,0,1
5197,1,0,1
5198,1,0,1
5199,1,0,1
5200,1,0,1
5201,1,0,1
5202,1,0,1
5203,1,0,1
5204,1,0,1
5205,1,0,1
5206,1,0,1
5207,1,0,1
5208,1,0,1
5209,1,0,1
5210,1,0,1
5211,1,0,1
5212,1,0,1
5213,1,0,1
5214,1,0,1
5215,1,0,1
5216,1,0,1
5217,1,0,1
5218,1,0,1
5219,1,0,1
5220,1,0,1
5221,1,0,1
5222,1,0,1
5223,1,0,1
5224,1,0,1
5225,1,0,1
5226,1,0,1
5227,1,0,1
5228,1,0,1
5229,1,0,1
5230,1,0,1
5231,1,0,1
5232,1,0,1
5233,1,0,1
5234,1,0,1
5235,1,0,1
5236,1,0,1
5237,1,0,1
5238,1,0,1
5239,1,0,1
5240,1,0,1
5241,1,0,1
5242,1,0,1
5243,1,0,1
5244,1,0,1
5245,1,0,1
5246,1,0,1
5247,1,0,1
5248,2,0,2
5249,2,0,2
5250,2,0,2
5251,2,0,2
5252,2,0,2
5253,2,0,2
5254,2,0,2
5255,2,0,2
5256,2,0,2
5257,2,0,2
5258,2,0,2
5259,2,0,2
5260,2,0,2
5261,2,0,2
5262,2,0,2
5263,2,0,2
5264,2,0,2
5265,2,0,2
5266,2,0,2
5267,1,0,1
5268,1,0,1
5269,1,0,1
5270,1,0,1
5271,1,0,1
5272,1,0,1
5273,1,0,1
5274,1,0,1
5275,1,0,1
5276,1,0,1
5277,1,0,1
5278,1,0,1
5279,1,0,1
5280,1,0,1
5281,1,0,1
5282,1,0,1
5283,1,0,1
5284,1,0,1
5285,1,0,1
5286,1,0,1
5287,1,0,1
5288,1,0,1
5289,1,0,1
5290,1,0,1
5291,1,0,1
5292,1,0,1
5293,1,0,1
5294,1,0,1
5295,1,0,1
5296,1,0,1
5297,1,0,1
5298,1,0,1
5299,1,0,1
5300,1,0,1
5301,1,0,1
5302,1,0,1
5303,1,0,1
5304,2,0,2
5305,2,0,2
5306,2,0,2
5307,2,0,2
5308,2,0,2
5309,2,0,2
5310,2,0,2
5311,2,0,2
5312,2,0,2
5313,2,0,2
5314,2,0,2
5315,2,0,2
5316,1,0,1
5317,1,0,1
5318,1,0,1
5319,1,0,1
5320,1,0,1
5321,1,0,1
5322,1,0,1
5323,1,0,1
5324,1,0,1
5325,1,0,1
5326,1,0,1
5327,1,0,1
5328,1,0,1
5329,1,0,1
5330,1,0,1
5331,1,0,1
5332,1,0,1
5333,1,0,1
5334,1,0,1
5335,1,0,1
5336,1,0,1
5337,1,0,1
5338,1,0,1
5339,1,0,1
5340,1,0,1
5341,1,0,1
5342,1,0,1
5343,1,0,1
5344,1,0,1
5345,1,0,1
5346,1,0,1
5347,1,0,1
5348,1,0,1
5349,1,0,1
5350,1,0,1
5351,1,0,1
5352,1,0,1
5353,1,0,1
5354,1,0,1
5355,1,0,1
5356,1,0,1
5357,1,0,1
5358,1,0,1
5359,1,0,1
5360,1,0,1
5361,1,0,1
5362,1,0,1
5363,1,0,1
5364,1,0,1
5365,1,0,1
5366,1,0,1
5367,1,0,1
5368,2,0,2
5369,2,0,2
5370,2,0,2
5371,2,0,2
5372,2,0,2
5373,2,0,2
5374,2,0,2
5375,2,0,2
5376,2,0,2
5377,2,0,2
5378,2,0,2
5379,1,0,1
5380,1,0,1
5381,1,0,1
5382,1,0,1
5383,1,0,1
5384,1,0,1
5385,1,0,1
5386,1,0,1
5387,1,0,1
5388,1,0,1
5389,1,0,1
5390,1,0,1
5391,1,0,1
5392,1,0,1
5393,1,0,1
5394,1,0,1
5395,1,0,1
5396,1,0,1
5397,1,0,1
5398,2,0,2
5399,2,0,2
5400,2,0,2
5401,2,0,2
5402,2,0,2
5403,2,0,2
5404,2,0,2
5405,2,0,2
5406,1,0,1
5407,1,0,1
5408,1,0,1
5409,1,0,1
5410,1,0,1
5411,1,0,1
5412,1,0,1
5413,1,0,1
5414,1,0,1
5415,1,0,1
5416,1,0,1
5417,1,0,1
5418,1,0,1
5419,1,0,1
5420,1,0,1
5421,1,0,1
5422,1,0,1
5423,1,0,1
5424,1,0,1
5425,1,0,1
5426,1,0,1
5427,1,0,1
5428,1,0,1
5429,1,0,1
5430,1,0,1
5431,1,0,1
5432,1,0,1
5433,1,0,1
5434,1,0,1
5435,1,0,1
5436,1,0,1
5437,1,0,1
5438,1,0,1
5439,1,0,1
5440,1,0,1
5441,1,0,1
5442,1,0,1
5443,1,0,1
5444,1,0,1
5445,1,0,1
5446,1,0,1
5447,1,0,1
5448,1,0,1
5449,1,0,1
5450,1,0,1
5451,1,0,1
5452,1,0,1
5453,1,0,1
5454,1,0,1
5455,1,0,1
5456,1,0,1
5457,1,0,1
5458,0,0,0
5459,0,0,0
5460,0,0,0
5461,0,0,0
5462,0,0,0
5463,0,0,0
5464,0,0,0
5465,0,0,0
5466,0,0,0
5467,0,0,0
5468,0,0,0
5469,0,0,0
5470,0,0,0
5471,0,0,0
5472,0,0,0
5473,0,0,0
5474,0,0,0
5475,0,0,0
5476,0,0,0
5477,0,0,0
5478,0,0,0
5479,0,0,0
5480,0,0,0
5481,0,0,0
5482,0,0,0
5483,0,0,0
5484,0,0,0
5485,0,0,0
5486,0,0,0
5487,0,0,0
5488,0,0,0
5489,0,0,0
5490,0,0,0
5491,0,0,0
5492,0,0,0
5493,0,0,0
5494,0,0,0
5495,0,0,0
5496,0,0,0
5497,0,0,0
5498,0,0,0
5499,0,0,0
5500,0,0,0
5501,0,0,0
5502,0,0,0
5503,0,0,0
5504,0,0,0
5505,0,0,0
5506,0,0,0
5507,0,0,0
5508,0,0,0
5509,0,0,0
5510,0,0,0
5511,0,0,0
5512,0,0,0
5513,0,0,0
5514,0,0,0
5515,0,0,0
5516,0,0,0
5517,0,0,0
5518,0,0,0
5519,0,0,0
5520,0,0,0
5521,0,0,0
5522,0,0,0
5523,0,0,0
5524,0,0,0
5525,0,0,0
5526,0,0,0
5527,0,0,0
5528,0,0,0
5529,0,0,0
5530,0,0,0
5531,0,0,0
5532,0,0,0
5533,0,0,0
5534,0,0,0
5535,0,0,0
5536,0,0,0
5537,0,0,0
5538,0,0,0
5539,0,0,0
5540,0,0,0
5541,0,0,0
5542,0,0,0
5543,0,0,0
5544,0,0,0
5545,0,0,0
5546,0,0,0
5547,0,0,0
5548,0,0,0
5549,0,0,0
5550,0,0,0
5551,0,0,0
5552,0,0,0
5553,0,0,0
5554,0,0,0
5555,0,0,0
5556,0,0,0
5557,0,0,0
5558,0,0,0
5559,0,0,0
5560,0,0,0
5561,0,0,0
5562,0,0,0
5563,0,0,0
5564,0,0,0
5565,0,0,0
5566,0,0,0
5567,0,0,0
5568,0,0,0
5569,0,0,0
5570,0,0,0
5571,0,0,0
5572,0,0,0
5573,0,0,0
5574,0,0,0
5575,0,0,0
5576,0,0,0
5577,0,0,0
5578,0,0,0
5579,0,0,0
5580,0,0,0
5581,0,0,0
5582,0,0,0
5583,0,0,0
5584,0,0,0
5585,0,0,0
5586,0,0,0
5587,0,0,0
5588,0,0,0
5589,0,0,0
5590,0,0,0
5591,0,0,0
5592,0,0,0
5593,0,0,0
5594,0,0,0
5595,0,0,0
5596,0,0,0
5597,0,0,0
5598,0,0,0
5599,0,0,0
5600,0,0,0
5601,0,0,0
5602,0,0,0
5603,0,0,0
5604,0,0,0
5605,0,0,0
5606,0,0,0
5607,0,0,0
5608,0,0,0
5609,0,0,0
5610,0,0,0
5611,0,0,0
5612,0,0,0
5613,0,0,0
5614,0,0,0
5615,0,0,0
5616,0,0,0
5617,0,0,0
5618,0,0,0
5619,0,0,0
5620,0,0,0
5621,0,0,0
5622,0,0,0
5623,0,0,0
5624,0,0,0
5625,0,0,0
5626,0,0,0
5627,1,0,1
5628,1,0,1
5629,1,0,1
5630,1,0,1
5631,1,0,1
5632,1,0,1
5633,1,0,1
5634,1,0,1
5635,1,0,1
5636,1,0,1
5637,1,0,1
5638,1,0,1
5639,1,0,1
5640,1,0,1
5641,1,0,1
5642,1,0,1
5643,1,0,1
5644,1,0,1
5645,1,0,1
5646,1,0,1
5647,1,0,1
5648,1,0,1
5649,1,0,1
5650,1,0,1
5651,1,0,1
5652,1,0,1
5653,1,0,1
5654,1,0,1
5655,1,0,1
5656,1,0,1
5657,1,0,1
5658,1,0,1
5659,1,0,1
5660,1,0,1
5661,1,0,1
5662,1,0,1
5663,1,0,1
5664,1,0,1
5665,1,0,1
5666,1,0,1
5667,1,0,1
5668,1,0,1
5669,1,0,1
5670,1,0,1
5671,1,0,1
5672,1,0,1
5673,1,0,1
5674,1,0,1
5675,1,0,1
5676,1,0,1
5677,1,0,1
5678,1,0,1
5679,1,0,1
5680,1,0,1
5681,1,0,1
5682,1,0,1
5683,1,0,1
5684,1,0,1
5685,1,0,1
5686,1,0,1
5687,1,0,1
5688,1,0,1
5689,1,0,1
5690,1,0,1
5691,1,0,1
5692,1,0,1
5693,1,0,1
5694,1,0,1
5695,1,0,1
5696,1,0,1
5697,1,0,1
5698,1,0,1
5699,1,0,1
5700,1,0,1
5701,1,0,1
5702,1,0,1
5703,1,0,1
5704,1,0,1
5705,1,0,1
5706,1,0,1
5707,1,0,1
5708,1,0,1
5709,1,0,1
5710,1,0,1
5711,1,0,1
5712,1,0,1
5713,1,0,1
5714,1,0,1
5715,1,0,1
5716,1,0,1
5717,1,0,1
5718,1,0,1
5719,1,0,1
5720,1,0,1
5721,1,0,1
5722,1,0,1
5723,1,0,1
5724,1,0,1
5725,1,0,1
5726,1,0,1
5727,1,0,1
5728,1,0,1
5729,1,0,1
5730,1,0,1
5731,1,0,1
5732,1,0,1
5733,1,0,1
5734,1,0,1
5735,1,0,1
5736,1,0,1
5737,1,0,1
5738,1,0,1
5739,1,0,1
5740,1,0,1
5741,1,0,1
5742,1,0,1
5743,1,0,1
5744,1,0,1
5745,1,0,1
5746,1,0,1
5747,1,0,1
5748,1,0,1
5749,1,0,1
5750,1,0,1
5751,1,0,1
5752,1,0,1
5753,1,0,1
5754,1,0,1
5755,1,0,1
5756,1,0,1
5757,1,0,1
5758,1,0,1
5759,1,0,1
5760,1,0,1
5761,1,0,1
5762,1,0,1
5763,1,0,1
5764,1,0,1
5765,1,0,1
5766,1,0,1
5767,1,0,1
5768,1,0,1
5769,1,0,1
5770,1,0,1
5771,1,0,1
5772,1,0,1
5773,1,0,1
5774,1,0,1
5775,1,0,1
5776,1,0,1
5777,1,0,1
5778,1,0,1
5779,1,0,1
5780,1,0,1
5781,1,0,1
5782,1,0,1
5783,1,0,1
5784,1,0,1
5785,1,0,1
5786,1,0,1
5787,1,0,1
5788,1,0,1
5789,1,0,1
5790,1,0,1
5791,1,0,1
5792,1,0,1
5793,1,0,1
5794,2,0,2
5795,2,0,2
5796,2,0,2
5797,2,0,2
5798,2,0,2
5799,2,0,2
5800,2,0,2
5801,2,0,2
5802,2,0,2
5803,2,0,2
5804,2,0,2
5805,2,0,2
5806,2,0,2
5807,2,0,2
5808,2,0,2
5809,2,0,2
5810,2,0,2
5811,2,0,2
5812,2,0,2
5813,2,0,2
5814,2,0,2
5815,2,0,2
5816,2,0,2
5817,2,0,2
5818,2,0,2
5819,2,0,2
5820,2,0,2
5821,2,0,2
5822,2,0,2
5823,2,0,2
5824,2,0,2
5825,2,0,2
5826,2,0,2
5827,2,0,2
5828,2,0,2
5829,2,0,2
5830,2,0,2
5831,2,0,2
5832,2,0,2
5833,2,0,2
5834,2,0,2
5835,2,0,2
5836,2,0,2
5837,2,0,2
5838,2,0,2
5839,2,0,2
5840,2,0,2
5841,2,0,2
5842,2,0,2
5843,2,0,2
5844,2,0,2
5845,2,0,2
5846,2,0,2
5847,2,0,2
5848,2,0,2
5849,2,0,2
5850,2,0,2
5851,2,0,2
5852,2,0,2
5853,2,0,2
5854,2,0,2
5855,2,0,2
5856,2,0,2
5857,2,0,2
5858,2,0,2
5859,2,0,2
5860,2,0,2
5861,2,0,2
5862,2,0,2
5863,2,0,2
5864,2,0,2
5865,2,0,2
5866,2,0,2
5867,3,0,3
5868,3,0,3
5869,3,0,3
5870,3,0,3
5871,3,0,3
5872,3,0,3
5873,3,0,3
5874,3,0,3
5875,3,0,3
5876,3,0,3
5877,3,0,3
5878,3,0,3
5879,3,0,3
5880,2,0,2
5881,2,0,2
5882,2,0,2
5883,2,0,2
5884,2,0,2
5885,2,0,2
5886,2,0,2
5887,2,0,2
5888,2,0,2
5889,2,0,2
5890,2,0,2
5891,2,0,2
5892,2,0,2
5893,2,0,2
5894,2,0,2
5895,2,0,2
5896,2,0,2
5897,2,0,2
5898,2,0,2
5899,2,0,2
5900,2,0,2
5901,2,0,2
5902,2,0,2
5903,2,0,2
5904,2,0,2
5905,2,0,2
5906,2,0,2
5907,2,0,2
5908,2,0,2
5909,2,0,2
5910,2,0,2
5911,2,0,2
5912,2,0,2
5913,2,0,2
5914,2,0,2
5915,2,0,2
5916,2,0,2
5917,2,0,2
5918,2,0,2
5919,2,0,2
5920,2,0,2
5921,2,0,2
5922,2,0,2
5923,2,0,2
5924,2,0,2
5925,2,0,2
5926,2,0,2
5927,2,0,2
5928,2,0,2
5929,2,0,2
5930,2,0,2
5931,2,0,2
5932,2,0,2
5933,2,0,2
5934,2,0,2
5935,2,0,2
5936,2,0,2
5937,2,0,2
5938,2,0,2
5939,2,0,2
5940,2,0,2
5941,3,0,3
5942,3,0,3
5943,3,0,3
5944,3,0,3
5945,3,0,3
5946,3,0,3
5947,3,0,3
5948,3,0,3
5949,3,0,3
5950,3,0,3
5951,3,0,3
5952,3,0,3
5953,3,0,3
5954,3,0,3
5955,3,0,3
5956,3,0,3
5957,3,0,3
5958,3,0,3
5959,3,0,3
5960,3,0,3
5961,3,0,3
5962,3,0,3
5963,3,0,3
5964,3,0,3
5965,3,0,3
5966,3,0,3
5967,3,0,3
5968,3,0,3
5969,3,0,3
5970,3,0,3
5971,3,0,3
5972,3,0,3
5973,4,0,4
5974,4,0,4
5975,4,0,4
5976,4,0,4
5977,4,0,4
5978,4,0,4
5979,3,0,3
5980,3,0,3
5981,4,0,4
5982,4,0,4
5983,4,0,4
5984,3,1,4
5985,3,1,4
5986,3,1,4
5987,3,1,4
5988,3,1,4
5989,3,1,4
5990,3,1,4
5991,3,1,4
5992,3,1,4
5993,3,1,4
5994,3,1,4
5995,3,1,4
5996,3,1,4
5997,3,1,4
5998,3,1,4
5999,3,1,4
6000,3,1,4
6001,3,1,4
6002,3,1,4
6003,3,1,4
6004,3,1,4
6005,2,1,3
6006,2,1,3
6007,2,1,3
6008,3,1,4
6009,4,0,4
6010,4,0,4
6011,4,0,4
6012,4,0,4
6013,4,0,4
6014,4,0,4
6015,3,0,3
6016,3,0,3
6017,3,0,3
6018,3,0,3
6019,3,0,3
6020,3,0,3
6021,3,0,3
6022,3,0,3
6023,4,0,4
6024,4,0,4
6025,4,0,4
6026,4,0,4
6027,4,0,4
6028,4,0,4
6029,4,0,4
6030,4,0,4
6031,4,0,4
6032,4,0,4
6033,4,0,4
6034,4,0,4
6035,4,0,4
6036,4,0,4
6037,4,0,4
6038,4,0,4
6039,5,0,5
6040,4,0,4
6041,4,0,4
6042,4,0,4
6043,4,0,4
6044,4,0,4
6045,4,0,4
6046,4,0,4
6047,4,0,4
6048,4,0,4
6049,4,0,4
6050,3,0,3
6051,3,0,3
6052,3,0,3
6053,4,0,4
6054,4,0,4
6055,4,0,4
6056,4,0,4
6057,4,0,4
6058,4,0,4
6059,4,0,4
6060,4,0,4
6061,4,0,4
6062,4,0,4
6063,3,0,3
6064,3,0,3
6065,3,0,3
6066,3,0,3
6067,3,0,3
6068,3,0,3
6069,3,0,3
6070,3,0,3
6071,3,0,3
6072,3,0,3
6073,3,0,3
6074,3,0,3
6075,2,0,2
6076,2,0,2
6077,2,0,2
6078,2,0,2
6079,2,0,2
6080,2,0,2
6081,2,0,2
6082,2,0,2
6083,2,0,2
6084,2,0,2
6085,2,0,2
6086,2,0,2
6087,2,0,2
6088,2,0,2
6089,1,0,1
6090,1,0,1
6091,1,0,1
6092,1,0,1
6093,1,0,1
6094,1,0,1
6095,1,0,1
6096,1,0,1
6097,1,0,1
6098,1,0,1
6099,1,0,1
6100,1,0,1
6101,1,0,1
6102,1,0,1
6103,1,0,1
6104,1,0,1
6105,1,0,1
6106,1,0,1
6107,1,0,1
6108,1,0,1
6109,1,0,1
6110,1,0,1
6111,1,0,1
6112,1,0,1
6113,1,0,1
6114,1,0,1
6115,1,0,1
6116,1,0,1
6117,1,0,1
6118,1,0,1
6119,1,0,1
6120,1,0,1
6121,1,0,1
6122,1,0,1
6123,1,0,1
6124,1,0,1
6125,1,0,1
6126,1,0,1
6127,1,0,1
6128,1,0,1
6129,1,0,1
6130,1,0,1
6131,1,0,1
6132,1,0,1
6133,1,0,1
6134,1,0,1
6135,1,0,1
6136,1,0,1
6137,1,0,1
6138,1,0,1
6139,1,0,1
6140,1,0,1
6141,1,0,1
6142,1,0,1
6143,1,0,1
6144,1,0,1
6145,1,0,1
6146,1,0,1
6147,1,0,1
6148,1,0,1
6149,1,0,1
6150,1,0,1
6151,1,0,1
6152,1,0,1
6153,1,0,1
6154,1,0,1
6155,1,0,1
6156,1,0,1
6157,1,0,1
6158,1,0,1
6159,1,0,1
6160,1,0,1
6161,1,0,1
6162,1,0,1
6163,1,0,1
6164,1,0,1
6165,1,0,1
6166,1,0,1
6167,1,0,1
6168,1,0,1
6169,1,0,1
6170,1,0,1
6171,1,0,1
6172,1,0,1
6173,1,0,1
6174,1,0,1
6175,1,0,1
6176,1,0,1
6177,1,0,1
6178,1,0,1
6179,1,0,1
6180,1,0,1
6181,1,0,1
6182,1,0,1
6183,1,0,1
6184,1,0,1
6185,1,0,1
6186,1,0,1
6187,1,0,1
6188,1,0,1
6189,1,0,1
6190,1,0,1
6191,1,0,1
6192,1,0,1
6193,1,0,1
6194,1,0,1
6195,1,0,1
6196,1,0,1
6197,1,0,1
6198,1,0,1
6199,1,0,1
6200,1,0,1
6201,1,0,1
6202,1,0,1
6203,1,0,1
6204,1,0,1
6205,1,0,1
6206,1,0,1
6207,1,0,1
6208,1,0,1
6209,1,0,1
6210,1,0,1
6211,1,0,1
6212,1,0,1
6213,1,0,1
6214,1,0,1
6215,1,0,1
6216,1,0,1
6217,1,0,1
6218,1,0,1
6219,1,0,1
6220,1,0,1
6221,1,0,1
6222,1,0,1
6223,1,0,1
6224,1,0,1
6225,1,0,1
6226,1,0,1
6227,1,0,1
6228,1,0,1
6229,1,0,1
6230,1,0,1
6231,1,0,1
6232,1,0,1
6233,1,0,1
6234,2,0,2
6235,2,0,2
6236,2,0,2
6237,2,0,2
6238,2,0,2
6239,2,0,2
6240,2,0,2
6241,2,0,2
6242,2,0,2
6243,2,0,2
6244,2,0,2
6245,2,0,2
6246,2,0,2
6247,2,0,2
6248,2,0,2
6249,2,0,2
6250,2,0,2
6251,2,0,2
6252,2,0,2
6253,2,0,2
6254,2,0,2
6255,2,0,2
6256,2,0,2
6257,2,0,2
6258,2,0,2
6259,2,0,2
6260,2,0,2
6261,2,0,2
6262,2,0,2
6263,2,0,2
6264,2,0,2
6265,2,0,2
6266,2,0,2
6267,2,0,2
6268,2,0,2
6269,2,0,2
6270,2,0,2
6271,2,0,2
6272,2,0,2
6273,2,0,2
6274,2,0,2
6275,2,0,2
6276,2,0,2
6277,2,0,2
6278,2,0,2
6279,2,0,2
6280,2,0,2
6281,2,0,2
6282,2,0,2
6283,2,0,2
6284,2,0,2
6285,2,0,2
6286,2,0,2
6287,2,0,2
6288,2,0,2
6289,2,0,2
6290,2,0,2
6291,2,0,2
6292,2,0,2
6293,2,0,2
6294,2,0,2
6295,2,0,2
6296,2,0,2
6297,1,0,1
6298,1,0,1
6299,1,0,1
6300,1,0,1
6301,1,0,1
6302,1,0,1
6303,1,0,1
6304,1,0,1
6305,1,0,1
6306,1,0,1
6307,1,0,1
6308,1,0,1
6309,1,0,1
6310,1,0,1
6311,1,0,1
6312,1,0,1
6313,1,0,1
6314,1,0,1
6315,1,0,1
6316,1,0,1
6317,1,0,1
6318,1,0,1
6319,2,0,2
6320,2,0,2
6321,2,0,2
6322,3,0,3
6323,3,0,3
6324,3,0,3
6325,3,0,3
6326,3,0,3
6327,3,0,3
6328,3,0,3
6329,3,0,3
6330,3,0,3
6331,3,0,3
6332,3,0,3
6333,3,0,3
6334,3,0,3
6335,3,0,3
6336,3,0,3
6337,3,0,3
6338,3,0,3
6339,2,0,2
6340,2,0,2
6341,2,0,2
6342,2,0,2
6343,2,0,2
6344,2,0,2
6345,2,0,2
6346,2,0,2
6347,2,0,2
6348,2,0,2
6349,2,0,2
6350,2,0,2
6351,2,0,2
6352,2,0,2
6353,2,0,2
6354,2,0,2
6355,2,0,2
6356,2,0,2
6357,2,0,2
6358,2,0,2
6359,2,0,2
6360,2,0,2
6361,2,0,2
6362,2,0,2
6363,3,0,3
6364,3,0,3
6365,3,0,3
6366,3,0,3
6367,3,0,3
6368,3,0,3
6369,3,0,3
6370,3,0,3
6371,3,0,3
6372,3,0,3
6373,3,0,3
6374,3,0,3
6375,3,0,3
6376,3,0,3
6377,3,0,3
6378,3,0,3
6379,2,0,2
6380,2,0,2
6381,2,0,2
6382,2,0,2
6383,2,0,2
6384,2,0,2
6385,2,0,2
6386,2,0,2
6387,2,0,2
6388,2,0,2
6389,2,0,2
6390,2,0,2
6391,2,0,2
6392,2,0,2
6393,2,0,2
6394,2,0,2
6395,2,0,2
6396,2,0,2
6397,2,0,2
6398,2,0,2
6399,2,0,2
6400,2,0,2
6401,2,0,2
6402,2,0,2
6403,2,0,2
6404,2,0,2
6405,2,0,2
6406,2,0,2
6407,1,0,1
6408,1,0,1
6409,1,0,1
6410,1,0,1
6411,1,0,1
6412,1,0,1
6413,1,0,1
6414,1,0,1
6415,1,0,1
6416,1,0,1
6417,1,0,1
6418,1,0,1
6419,1,0,1
6420,1,0,1
6421,1,0,1
6422,1,0,1
6423,1,0,1
6424,1,0,1
6425,1,0,1
6426,1,0,1
6427,1,0,1
6428,1,0,1
6429,1,0,1
6430,1,0,1
6431,1,0,1
6432,1,0,1
6433,1,0,1
6434,1,0,1
6435,1,0,1
6436,1,0,1
6437,1,0,1
6438,1,0,1
6439,1,0,1
6440,1,0,1
6441,1,0,1
6442,1,0,1
6443,1,0,1
6444,1,0,1
6445,1,0,1
6446,1,0,1
6447,1,0,1
6448,1,0,1
6449,1,0,1
6450,1,0,1
6451,1,0,1
6452,1,0,1
6453,1,0,1
6454,1,0,1
6455,1,0,1
6456,1,0,1
6457,1,0,1
6458,1,0,1
6459,1,0,1
6460,1,0,1
6461,1,0,1
6462,1,0,1
6463,1,0,1
6464,1,0,1
6465,1,0,1
6466,1,0,1
6467,1,0,1
6468,1,0,1
6469,1,0,1
6470,1,0,1
6471,1,0,1
6472,1,0,1
6473,1,0,1
6474,1,0,1
6475,1,0,1
6476,1,0,1
6477,1,0,1
6478,1,0,1
6479,1,0,1
6480,1,0,1
6481,1,0,1
6482,1,0,1
6483,1,0,1
6484,1,0,1
6485,1,0,1
6486,1,0,1
6487,1,0,1
6488,1,0,1
6489,1,0,1
6490,1,0,1
6491,1,0,1
6492,1,0,1
6493,1,0,1
6494,1,0,1
6495,1,0,1
6496,1,0,1
6497,1,0,1
6498,1,0,1
6499,1,0,1
6500,1,0,1
6501,1,0,1
6502,1,0,1
6503,1,0,1
6504,1,0,1
6505,1,0,1
6506,1,0,1
6507,1,0,1
6508,1,0,1
6509,1,0,1
6510,1,0,1
6511,1,0,1
6512,2,0,2
6513,2,0,2
6514,2,0,2
6515,2,0,2
6516,2,0,2
6517,2,0,2
6518,2,0,2
6519,2,0,2
6520,2,0,2
6521,2,0,2
6522,2,0,2
6523,2,0,2
6524,2,0,2
6525,2,0,2
6526,1,0,1
6527,1,0,1
6528,1,0,1
6529,1,0,1
6530,1,0,1
6531,1,0,1
6532,1,0,1
6533,1,0,1
6534,1,0,1
6535,1,0,1
6536,1,0,1
6537,1,0,1
6538,1,0,1
6539,1,0,1
6540,2,0,2
6541,2,0,2
6542,2,0,2
6543,2,0,2
6544,2,0,2
6545,2,0,2
6546,2,0,2
6547,2,0,2
6548,2,0,2
6549,2,0,2
6550,2,0,2
6551,2,0,2
6552,2,0,2
6553,2,0,2
6554,2,0,2
6555,2,0,2
6556,2,0,2
6557,2,0,2
6558,2,0,2
6559,2,0,2
6560,2,0,2
6561,2,0,2
6562,2,0,2
6563,2,0,2
6564,2,0,2
6565,2,0,2
6566,2,0,2
6567,2,0,2
6568,2,0,2
6569,2,0,2
6570,2,0,2
6571,2,0,2
6572,2,0,2
6573,2,0,2
6574,2,0,2
6575,2,0,2
6576,2,0,2
6577,2,0,2
6578,2,0,2
6579,2,0,2
6580,2,0,2
6581,3,0,3
6582,3,0,3
6583,3,0,3
6584,3,0,3
6585,3,0,3
6586,3,0,3
6587,3,0,3
6588,3,0,3
6589,3,0,3
6590,3,0,3
6591,3,0,3
6592,3,0,3
6593,3,0,3
6594,3,0,3
6595,3,0,3
6596,3,0,3
6597,3,0,3
6598,3,0,3
6599,3,0,3
6600,3,0,3
6601,3,0,3
6602,3,0,3
6603,3,0,3
6604,3,0,3
6605,3,0,3
6606,3,0,3
6607,2,0,2
6608,2,0,2
6609,2,0,2
6610,2,0,2
6611,2,0,2
6612,2,0,2
6613,2,0,2
6614,2,0,2
6615,2,0,2
6616,2,0,2
6617,2,0,2
6618,2,0,2
6619,2,0,2
6620,2,0,2
6621,2,0,2
6622,2,0,2
6623,2,0,2
6624,2,0,2
6625,2,0,2
6626,2,0,2
6627,2,0,2
6628,2,0,2
6629,2,0,2
6630,2,0,2
6631,2,0,2
6632,2,0,2
6633,2,0,2
6634,2,0,2
6635,2,0,2
6636,2,0,2
6637,2,0,2
6638,2,0,2
6639,2,0,2
6640,2,0,2
6641,2,0,2
6642,2,0,2
6643,2,0,2
6644,2,0,2
6645,2,0,2
6646,2,0,2
6647,2,0,2
6648,2,0,2
6649,2,0,2
6650,2,0,2
6651,2,0,2
6652,2,0,2
6653,2,0,2
6654,2,0,2
6655,2,0,2
6656,2,0,2
6657,2,0,2
6658,2,0,2
6659,2,0,2
6660,2,0,2
6661,2,0,2
6662,2,0,2
6663,2,0,2
6664,2,0,2
6665,2,0,2
6666,2,0,2
6667,2,0,2
6668,2,0,2
6669,2,0,2
6670,2,0,2
6671,2,0,2
6672,2,0,2
6673,2,0,2
6674,2,0,2
6675,2,0,2
6676,2,0,2
6677,2,0,2
6678,2,0,2
6679,2,0,2
6680,2,0,2
6681,2,0,2
6682,2,0,2
6683,2,0,2
6684,2,0,2
6685,2,0,2
6686,1,0,1
6687,1,0,1
6688,1,0,1
6689,1,0,1
6690,1,0,1
6691,2,0,2
6692,2,0,2
6693,2,0,2
6694,2,0,2
6695,2,0,2
6696,2,0,2
6697,2,0,2
6698,2,0,2
6699,2,0,2
6700,2,0,2
6701,2,0,2
6702,2,0,2
6703,2,0,2
6704,1,0,1
6705,1,0,1
6706,1,0,1
6707,1,0,1
6708,1,0,1
6709,1,0,1
6710,1,0,1
6711,1,0,1
6712,1,0,1
6713,1,0,1
6714,1,0,1
6715,1,0,1
6716,1,0,1
6717,1,0,1
6718,1,0,1
6719,1,0,1
6720,1,0,1
6721,1,0,1
6722,1,0,1
6723,1,0,1
6724,1,0,1
6725,1,0,1
6726,1,0,1
6727,1,0,1
6728,1,0,1
6729,1,0,1
6730,1,0,1
6731,1,0,1
6732,1,0,1
6733,1,0,1
6734,1,0,1
6735,1,0,1
6736,1,0,1
6737,1,0,1
6738,1,0,1
6739,1,0,1
6740,1,0,1
6741,1,0,1
6742,1,0,1
6743,1,0,1
6744,1,0,1
6745,1,0,1
6746,1,0,1
6747,1,0,1
6748,1,0,1
6749,1,0,1
6750,1,0,1
6751,1,0,1
6752,1,0,1
6753,1,0,1
6754,1,0,1
6755,1,0,1
6756,1,0,1
6757,1,0,1
6758,1,0,1
6759,1,0,1
6760,2,0,2
6761,2,0,2
6762,2,0,2
6763,2,0,2
6764,2,0,2
6765,2,0,2
6766,2,0,2
6767,2,0,2
6768,2,0,2
6769,2,0,2
6770,2,0,2
6771,2,0,2
6772,2,0,2
6773,2,0,2
6774,2,0,2
6775,2,0,2
6776,2,0,2
6777,2,0,2
6778,2,0,2
6779,2,0,2
6780,2,0,2
6781,2,0,2
6782,2,0,2
6783,2,0,2
6784,2,0,2
6785,2,0,2
6786,2,0,2
6787,2,0,2
6788,2,0,2
6789,2,0,2
6790,2,0,2
6791,2,0,2
6792,2,0,2
6793,2,0,2
6794,2,0,2
6795,2,0,2
6796,2,0,2
6797,2,0,2
6798,2,0,2
6799,2,0,2
6800,2,0,2
6801,2,0,2
6802,2,0,2
6803,2,0,2
6804,2,0,2
6805,2,0,2
6806,2,0,2
6807,2,0,2
6808,2,0,2
6809,2,0,2
6810,2,0,2
6811,2,0,2
6812,2,0,2
6813,2,0,2
6814,2,0,2
6815,2,0,2
6816,2,0,2
6817,2,0,2
6818,2,0,2
6819,2,0,2
6820,2,0,2
6821,2,0,2
6822,2,0,2
6823,2,0,2
6824,2,0,2
6825,2,0,2
6826,2,0,2
6827,2,0,2
6828,2,0,2
6829,2,0,2
6830,2,0,2
6831,2,0,2
6832,2,0,2
6833,2,0,2
6834,2,0,2
6835,2,0,2
6836,2,0,2
6837,2,0,2
6838,2,0,2
6839,2,0,2
6840,2,0,2
6841,2,0,2
6842,2,0,2
6843,2,0,2
6844,2,0,2
6845,2,0,2
6846,2,0,2
6847,2,0,2
6848,2,0,2
6849,2,0,2
6850,2,0,2
6851,2,0,2
6852,2,0,2
6853,2,0,2
6854,2,0,2
6855,2,0,2
6856,2,0,2
6857,2,0,2
6858,2,0,2
6859,2,0,2
6860,2,0,2
6861,2,0,2
6862,2,0,2
6863,2,0,2
6864,2,0,2
6865,2,0,2
6866,2,0,2
6867,2,0,2
6868,2,0,2
6869,2,0,2
6870,2,0,2
6871,2,0,2
6872,2,0,2
6873,2,0,2
6874,2,0,2
6875,2,0,2
6876,2,0,2
6877,2,0,2
6878,2,0,2
6879,2,0,2
6880,2,0,2
6881,2,0,2
6882,2,0,2
6883,2,0,2
6884,2,0,2
6885,2,0,2
6886,2,0,2
6887,2,0,2
6888,2,0,2
6889,2,0,2
6890,2,0,2
6891,2,0,2
6892,2,0,2
6893,2,0,2
6894,2,0,2
6895,2,0,2
6896,2,0,2
6897,2,0,2
6898,2,0,2
6899,2,0,2
6900,2,0,2
6901,2,0,2
6902,2,0,2
6903,2,0,2
6904,2,0,2
6905,2,0,2
6906,2,0,2
6907,2,0,2
6908,2,0,2
6909,2,0,2
6910,2,0,2
6911,2,0,2
6912,2,0,2
6913,2,0,2
6914,2,0,2
6915,2,0,2
6916,2,0,2
6917,2,0,2
6918,2,0,2
6919,2,0,2
6920,2,0,2
6921,2,0,2
6922,2,0,2
6923,2,0,2
6924,2,0,2
6925,2,0,2
6926,2,0,2
6927,2,0,2
6928,2,0,2
6929,2,0,2
6930,2,0,2
6931,2,0,2
6932,2,0,2
6933,2,0,2
6934,2,0,2
6935,2,0,2
6936,2,0,2
6937,2,0,2
6938,3,0,3
6939,3,0,3
6940,3,0,3
6941,3,0,3
6942,3,0,3
6943,3,0,3
6944,3,0,3
6945,3,0,3
6946,3,0,3
6947,3,0,3
6948,3,0,3
6949,3,0,3
6950,3,0,3
6951,3,0,3
6952,3,0,3
6953,3,0,3
6954,3,0,3
6955,3,0,3
6956,3,0,3
6957,3,0,3
6958,3,0,3
6959,3,0,3
6960,3,0,3
6961,3,0,3
6962,3,0,3
6963,3,0,3
6964,3,0,3
6965,3,0,3
6966,3,0,3
6967,3,0,3
6968,3,0,3
6969,3,0,3
6970,3,0,3
6971,3,0,3
6972,3,0,3
6973,3,0,3
6974,3,0,3
6975,3,0,3
6976,2,0,2
6977,2,0,2
6978,2,0,2
6979,2,0,2
6980,2,0,2
6981,2,0,2
6982,2,0,2
6983,2,0,2
6984,2,0,2
6985,2,0,2
6986,2,0,2
6987,2,0,2
6988,2,0,2
6989,2,0,2
6990,2,0,2
6991,2,0,2
6992,2,0,2
6993,2,0,2
6994,2,0,2
6995,2,0,2
6996,2,0,2
6997,2,0,2
6998,2,0,2
6999,2,0,2
7000,2,0,2
7001,2,0,2
7002,2,0,2
7003,2,0,2
7004,2,0,2
7005,2,0,2
7006,2,0,2
7007,2,0,2
7008,2,0,2
7009,2,0,2
7010,2,0,2
7011,2,0,2
7012,2,0,2
7013,2,0,2
7014,2,0,2
7015,2,0,2
7016,2,0,2
7017,2,0,2
7018,2,0,2
7019,2,0,2
7020,2,0,2
7021,2,0,2
7022,3,0,3
7023,3,0,3
7024,3,0,3
7025,3,0,3
7026,3,0,3
7027,3,0,3
7028,3,0,3
7029,3,0,3
7030,2,0,2
7031,2,0,2
7032,2,0,2
7033,2,0,2
7034,2,0,2
7035,2,0,2
7036,2,0,2
7037,2,0,2
7038,2,0,2
7039,2,0,2
7040,2,0,2
7041,2,0,2
7042,2,0,2
7043,2,0,2
7044,2,0,2
7045,2,0,2
7046,2,0,2
7047,2,0,2
7048,2,0,2
7049,2,0,2
7050,2,0,2
7051,2,0,2
7052,2,0,2
7053,2,0,2
7054,2,0,2
7055,2,0,2
7056,2,0,2
7057,2,0,2
7058,2,0,2
7059,2,0,2
7060,2,0,2
7061,2,0,2
7062,2,0,2
7063,2,0,2
7064,2,0,2
7065,2,0,2
7066,2,0,2
7067,2,0,2
7068,3,0,3
7069,3,0,3
7070,3,0,3
7071,3,0,3
7072,3,0,3
7073,3,0,3
7074,3,0,3
7075,3,0,3
7076,3,0,3
7077,3,0,3
7078,3,0,3
7079,3,0,3
7080,3,0,3
7081,3,0,3
7082,3,0,3
7083,3,0,3
7084,3,0,3
7085,3,0,3
7086,3,0,3
7087,3,0,3
7088,3,0,3
7089,3,0,3
7090,3,0,3
7091,3,0,3
7092,3,0,3
7093,3,0,3
7094,3,0,3
7095,3,0,3
7096,3,0,3
7097,3,0,3
7098,3,0,3
7099,3,0,3
7100,3,0,3
7101,3,0,3
7102,3,0,3
7103,3,0,3
7104,3,0,3
7105,3,0,3
7106,3,0,3
7107,3,0,3
7108,3,0,3
7109,3,0,3
7110,3,0,3
7111,3,0,3
7112,3,0,3
7113,3,0,3
7114,3,0,3
7115,3,0,3
7116,3,0,3
7117,3,0,3
7118,3,0,3
7119,3,0,3
7120,3,0,3
7121,3,0,3
7122,3,0,3
7123,3,0,3
7124,3,0,3
7125,3,0,3
7126,3,0,3
7127,3,0,3
7128,2,0,2
7129,2,0,2
7130,2,0,2
7131,2,0,2
7132,2,0,2
7133,2,0,2
7134,2,0,2
7135,2,0,2
7136,2,0,2
7137,2,0,2
7138,2,0,2
7139,2,0,2
7140,2,0,2
7141,2,0,2
7142,2,0,2
7143,2,0,2
7144,2,0,2
7145,2,0,2
7146,2,0,2
7147,2,0,2
7148,2,0,2
7149,2,0,2
7150,2,0,2
7151,2,0,2
7152,2,0,2
7153,3,0,3
7154,3,0,3
7155,3,0,3
7156,3,0,3
7157,3,0,3
7158,3,0,3
7159,3,0,3
7160,3,0,3
7161,4,0,4
7162,4,0,4
7163,4,0,4
7164,4,0,4
7165,4,0,4
7166,4,0,4
7167,4,0,4
7168,4,0,4
7169,5,0,5
7170,5,0,5
7171,4,0,4
7172,4,0,4
7173,3,0,3
7174,3,0,3
7175,3,0,3
7176,3,0,3
7177,3,0,3
7178,3,0,3
7179,3,0,3
7180,3,0,3
7181,3,0,3
7182,3,0,3
7183,3,0,3
7184,3,0,3
7185,3,0,3
7186,3,0,3
7187,3,0,3
7188,3,0,3
7189,3,0,3
7190,3,0,3
7191,3,0,3
7192,3,0,3
7193,3,0,3
7194,3,0,3
7195,3,0,3
7196,3,0,3
7197,3,0,3
7198,3,0,3
7199,2,0,2
7200,2,0,2
7201,2,0,2
7202,2,0,2
7203,2,0,2
7204,2,0,2
7205,2,0,2
7206,2,0,2
7207,2,0,2
7208,2,0,2
7209,2,0,2
7210,2,0,2
7211,2,0,2
7212,2,0,2
7213,2,0,2
7214,2,0,2
7215,2,0,2
7216,2,0,2
7217,2,0,2
7218,2,0,2
7219,2,0,2
7220,2,0,2
7221,2,0,2
7222,2,0,2
7223,2,0,2
7224,2,0,2
7225,2,0,2
7226,2,0,2
7227,2,0,2
7228,2,0,2
7229,2,0,2
7230,2,0,2
7231,2,0,2
7232,2,0,2
7233,2,0,2
7234,2,0,2
7235,2,0,2
7236,2,0,2
7237,2,0,2
7238,2,0,2
7239,2,0,2
7240,2,0,2
7241,2,0,2
7242,2,0,2
7243,2,0,2
7244,2,0,2
7245,2,0,2
7246,2,0,2
7247,2,0,2
7248,2,0,2
7249,2,0,2
7250,2,0,2
7251,2,0,2
7252,2,0,2
7253,2,0,2
7254,2,0,2
7255,2,0,2
7256,2,0,2
7257,2,0,2
7258,2,0,2
7259,2,0,2
7260,2,0,2
7261,2,0,2
7262,2,0,2
7263,2,0,2
7264,2,0,2
7265,2,0,2
7266,2,0,2
7267,2,0,2
7268,2,0,2
7269,2,0,2
7270,2,0,2
7271,2,0,2
7272,2,0,2
7273,2,0,2
7274,2,0,2
7275,2,0,2
7276,2,0,2
7277,2,0,2
7278,2,0,2
7279,2,0,2
7280,2,0,2
7281,2,0,2
7282,2,0,2
7283,2,0,2
7284,2,0,2
7285,2,0,2
7286,2,0,2
7287,2,0,2
7288,2,0,2
7289,2,0,2
7290,2,0,2
7291,2,0,2
7292,2,0,2
7293,2,0,2
7294,2,0,2
7295,2,0,2
7296,2,0,2
7297,2,0,2
7298,2,0,2
7299,2,0,2
7300,2,0,2
7301,2,0,2
7302,2,0,2
7303,2,0,2
7304,2,0,2
7305,2,0,2
7306,2,0,2
7307,2,0,2
7308,2,0,2
7309,2,0,2
7310,2,0,2
7311,2,0,2
7312,2,0,2
7313,2,0,2
7314,2,0,2
7315,2,0,2
7316,2,0,2
7317,2,0,2
7318,2,0,2
7319,2,0,2
7320,2,0,2
7321,2,0,2
7322,2,0,2
7323,2,0,2
7324,2,0,2
7325,2,0,2
7326,2,0,2
7327,2,0,2
7328,2,0,2
7329,2,0,2
7330,2,0,2
7331,2,0,2
7332,2,0,2
7333,2,0,2
7334,2,0,2
7335,2,0,2
7336,2,0,2
7337,2,0,2
7338,2,0,2
7339,2,0,2
7340,2,0,2
7341,2,0,2
7342,2,0,2
7343,2,0,2
7344,2,0,2
7345,2,0,2
7346,2,0,2
7347,2,0,2
7348,2,0,2
7349,2,0,2
7350,2,0,2
7351,2,0,2
7352,2,0,2
7353,2,0,2
7354,2,0,2
7355,2,0,2
7356,2,0,2
7357,2,0,2
7358,2,0,2
7359,2,0,2
7360,2,0,2
7361,2,0,2
7362,2,0,2
7363,2,0,2
7364,2,0,2
7365,2,0,2
7366,2,0,2
7367,2,0,2
7368,2,0,2
7369,1,0,1
7370,1,0,1
7371,1,0,1
7372,1,0,1
7373,1,0,1
7374,1,0,1
7375,1,0,1
7376,1,0,1
7377,1,0,1
7378,1,0,1
7379,1,0,1
7380,1,0,1
7381,1,0,1
7382,1,0,1
7383,1,0,1
7384,1,0,1
7385,1,0,1
7386,1,0,1
7387,1,0,1
7388,1,0,1
7389,1,0,1
7390,1,0,1
7391,1,0,1
7392,1,0,1
7393,1,0,1
7394,1,0,1
7395,2,0,2
7396,2,0,2
7397,2,0,2
7398,2,0,2
7399,2,0,2
7400,2,0,2
7401,2,0,2
7402,2,0,2
7403,2,0,2
7404,2,0,2
7405,2,0,2
7406,2,0,2
7407,2,0,2
7408,2,0,2
7409,2,0,2
7410,2,0,2
7411,2,0,2
7412,2,0,2
7413,2,0,2
7414,2,0,2
7415,2,0,2
7416,2,0,2
7417,2,0,2
7418,2,0,2
7419,2,0,2
7420,2,0,2
7421,2,0,2
7422,2,0,2
7423,2,0,2
7424,2,0,2
7425,2,0,2
7426,2,0,2
7427,2,0,2
7428,2,0,2
7429,2,0,2
7430,2,0,2
7431,2,0,2
7432,2,0,2
7433,2,0,2
7434,2,0,2
7435,2,0,2
7436,2,0,2
7437,2,0,2
7438,2,0,2
7439,2,0,2
7440,2,0,2
7441,2,0,2
7442,2,0,2
7443,2,0,2
7444,2,0,2
7445,2,0,2
7446,2,0,2
7447,2,0,2
7448,2,0,2
7449,2,0,2
7450,2,0,2
7451,2,0,2
7452,2,0,2
7453,2,0,2
7454,2,0,2
7455,2,0,2
7456,2,0,2
7457,2,0,2
7458,3,0,3
7459,3,0,3
7460,3,0,3
7461,3,0,3
7462,3,0,3
7463,3,0,3
7464,3,0,3
7465,3,0,3
7466,3,0,3
7467,3,0,3
7468,3,0,3
7469,3,0,3
7470,3,0,3
7471,3,0,3
7472,3,0,3
7473,3,0,3
7474,3,0,3
7475,3,0,3
7476,3,0,3
7477,3,0,3
7478,3,0,3
7479,3,0,3
7480,3,0,3
7481,3,0,3
7482,3,0,3
7483,2,0,2
7484,2,0,2
7485,2,0,2
7486,2,0,2
7487,2,0,2
7488,2,0,2
7489,2,0,2
7490,2,0,2
7491,2,0,2
7492,2,0,2
7493,2,0,2
7494,2,0,2
7495,2,0,2
7496,2,0,2
7497,2,0,2
7498,2,0,2
7499,2,0,2
7500,2,0,2
7501,2,0,2
7502,2,0,2
7503,2,0,2
7504,2,0,2
7505,2,0,2
7506,2,0,2
7507,2,0,2
7508,2,0,2
7509,2,0,2
7510,2,0,2
7511,2,0,2
7512,2,0,2
7513,2,0,2
7514,2,0,2
7515,2,0,2
7516,2,0,2
7517,2,0,2
7518,2,0,2
7519,2,0,2
7520,2,0,2
7521,2,0,2
7522,2,0,2
7523,2,0,2
7524,2,0,2
7525,2,0,2
7526,2,0,2
7527,2,0,2
7528,2,0,2
7529,2,0,2
7530,2,0,2
7531,2,0,2
7532,2,0,2
7533,2,0,2
7534,2,0,2
7535,2,0,2
7536,2,0,2
7537,2,0,2
7538,2,0,2
7539,2,0,2
7540,2,0,2
7541,2,0,2
7542,2,0,2
7543,2,0,2
7544,2,0,2
7545,2,0,2
7546,2,0,2
7547,2,0,2
7548,2,0,2
7549,2,0,2
7550,2,0,2
7551,2,0,2
7552,2,0,2
7553,2,0,2
7554,2,0,2
7555,2,0,2
7556,2,0,2
7557,2,0,2
7558,2,0,2
7559,2,0,2
7560,2,0,2
7561,2,0,2
7562,2,0,2
7563,2,0,2
7564,2,0,2
7565,2,0,2
7566,2,0,2
7567,2,0,2
7568,2,0,2
7569,2,0,2
7570,2,0,2
7571,2,0,2
7572,2,0,2
7573,2,0,2
7574,2,0,2
7575,2,0,2
7576,2,0,2
7577,2,0,2
7578,2,0,2
7579,2,0,2
7580,3,0,3
7581,2,0,2
7582,2,0,2
7583,2,0,2
7584,2,0,2
7585,2,0,2
7586,2,0,2
7587,2,0,2
7588,2,0,2
7589,2,0,2
7590,2,0,2
7591,2,0,2
7592,2,0,2
7593,2,0,2
7594,2,0,2
7595,2,0,2
7596,2,0,2
7597,2,0,2
7598,2,0,2
7599,2,0,2
7600,2,0,2
7601,2,0,2
7602,3,0,3
7603,3,0,3
7604,3,0,3
7605,3,0,3
7606,3,0,3
7607,3,0,3
7608,3,0,3
7609,3,0,3
7610,3,0,3
7611,3,0,3
7612,3,0,3
7613,3,0,3
7614,3,0,3
7615,4,0,4
7616,4,0,4
7617,4,0,4
7618,4,0,4
7619,4,0,4
7620,4,0,4
7621,4,0,4
7622,4,0,4
7623,4,0,4
7624,4,0,4
7625,4,0,4
7626,4,0,4
7627,4,0,4
7628,4,0,4
7629,4,0,4
7630,4,0,4
7631,4,0,4
7632,5,0,5
7633,5,0,5
7634,5,0,5
7635,5,0,5
7636,5,0,5
7637,5,0,5
7638,5,0,5
7639,5,0,5
7640,5,0,5
7641,5,0,5
7642,4,0,4
7643,4,0,4
7644,4,0,4
7645,4,0,4
7646,4,0,4
7647,5,0,5
7648,6,0,6
7649,6,0,6
7650,6,0,6
7651,5,0,5
7652,5,0,5
7653,5,0,5
7654,5,0,5
7655,5,0,5
7656,5,0,5
7657,5,0,5
7658,5,0,5
7659,5,0,5
7660,5,0,5
7661,5,0,5
7662,5,0,5
7663,5,0,5
7664,5,0,5
7665,5,0,5
7666,5,0,5
7667,5,0,5
7668,5,0,5
7669,5,0,5
7670,4,0,4
7671,4,0,4
7672,4,0,4
7673,4,0,4
7674,4,0,4
7675,4,0,4
7676,4,0,4
7677,4,0,4
7678,4,0,4
7679,4,0,4
7680,4,0,4
7681,4,0,4
7682,4,0,4
7683,4,0,4
7684,4,0,4
7685,4,0,4
7686,4,0,4
7687,4,0,4
7688,4,0,4
7689,4,0,4
7690,4,0,4
7691,4,0,4
7692,4,0,4
7693,4,0,4
7694,4,0,4
7695,4,0,4
7696,4,0,4
7697,4,0,4
7698,4,0,4
7699,4,0,4
7700,4,0,4
7701,4,0,4
7702,4,0,4
7703,4,0,4
7704,4,0,4
7705,4,0,4
7706,4,0,4
7707,4,0,4
7708,4,0,4
7709,4,0,4
7710,4,0,4
7711,4,0,4
7712,4,0,4
7713,4,0,4
7714,4,0,4
7715,4,0,4
7716,4,0,4
7717,4,0,4
7718,4,0,4
7719,4,0,4
7720,4,0,4
7721,3,0,3
7722,3,0,3
7723,3,0,3
7724,3,0,3
7725,3,0,3
7726,3,0,3
7727,3,0,3
7728,3,0,3
7729,3,0,3
7730,3,0,3
7731,3,0,3
7732,3,0,3
7733,3,0,3
7734,3,0,3
7735,3,0,3
7736,3,0,3
7737,3,0,3
7738,3,0,3
7739,3,0,3
7740,3,0,3
7741,3,0,3
7742,3,0,3
7743,3,0,3
7744,3,0,3
7745,3,0,3
7746,3,0,3
7747,3,0,3
7748,3,0,3
7749,3,0,3
7750,3,0,3
7751,3,0,3
7752,3,0,3
7753,3,0,3
7754,3,0,3
7755,3,0,3
7756,3,0,3
7757,3,0,3
7758,3,0,3
7759,3,0,3
7760,3,0,3
7761,3,0,3
7762,3,0,3
7763,3,0,3
7764,3,0,3
7765,3,0,3
7766,3,0,3
7767,3,0,3
7768,3,0,3
7769,3,0,3
7770,3,0,3
7771,3,0,3
7772,3,0,3
7773,3,0,3
7774,3,0,3
7775,3,0,3
7776,3,0,3
7777,3,0,3
7778,3,0,3
7779,3,0,3
7780,3,0,3
7781,3,0,3
7782,3,0,3
7783,3,0,3
7784,3,0,3
7785,3,0,3
7786,3,0,3
7787,3,0,3
7788,3,0,3
7789,3,0,3
7790,3,0,3
7791,3,0,3
7792,3,0,3
7793,3,0,3
7794,3,0,3
7795,3,0,3
7796,3,0,3
7797,3,0,3
7798,3,0,3
7799,3,0,3
7800,3,0,3
7801,3,0,3
7802,3,0,3
7803,3,0,3
7804,3,0,3
7805,3,0,3
7806,3,0,3
7807,3,0,3
7808,3,0,3
7809,3,0,3
7810,3,0,3
7811,3,0,3
7812,3,0,3
7813,3,0,3
7814,3,0,3
7815,3,0,3
7816,3,0,3
7817,3,0,3
7818,3,0,3
7819,3,0,3
7820,3,0,3
7821,3,0,3
7822,3,0,3
7823,3,0,3
7824,3,0,3
7825,3,0,3
7826,3,0,3
7827,3,0,3
7828,3,0,3
7829,3,0,3
7830,3,0,3
7831,3,0,3
7832,3,0,3
7833,3,0,3
7834,3,0,3
7835,3,0,3
7836,3,0,3
7837,3,0,3
7838,3,0,3
7839,3,0,3
7840,3,0,3
7841,3,0,3
7842,3,0,3
7843,3,0,3
7844,3,0,3
7845,2,0,2
7846,2,0,2
7847,2,0,2
7848,2,0,2
7849,2,0,2
7850,2,0,2
7851,2,0,2
7852,2,0,2
7853,2,0,2
7854,2,0,2
7855,2,0,2
7856,2,0,2
7857,2,0,2
7858,2,0,2
7859,2,0,2
7860,2,0,2
7861,2,0,2
7862,2,0,2
7863,2,0,2
7864,2,0,2
7865,3,0,3
7866,3,0,3
7867,3,0,3
7868,3,0,3
7869,3,0,3
7870,3,0,3
7871,3,0,3
7872,3,0,3
7873,3,0,3
7874,2,0,2
7875,2,0,2
7876,2,0,2
7877,2,0,2
7878,2,0,2
7879,2,0,2
7880,2,0,2
7881,2,0,2
7882,2,0,2
7883,2,0,2
7884,2,0,2
7885,2,0,2
7886,2,0,2
7887,2,0,2
7888,2,0,2
7889,2,0,2
7890,2,0,2
7891,2,0,2
7892,2,0,2
7893,2,0,2
7894,2,0,2
7895,2,0,2
7896,2,0,2
7897,2,0,2
7898,2,0,2
7899,2,0,2
7900,2,0,2
7901,2,0,2
7902,2,0,2
7903,2,0,2
7904,2,0,2
7905,2,0,2
7906,2,0,2
7907,2,0,2
7908,2,0,2
7909,2,0,2
7910,2,0,2
7911,2,0,2
7912,2,0,2
7913,2,0,2
7914,2,0,2
7915,2,0,2
7916,2,0,2
7917,2,0,2
7918,2,0,2
7919,2,0,2
7920,2,0,2
7921,2,0,2
7922,2,0,2
7923,2,0,2
7924,2,0,2
7925,2,0,2
7926,2,0,2
7927,2,0,2
7928,2,0,2
7929,2,0,2
7930,2,0,2
7931,2,0,2
7932,2,0,2
7933,2,0,2
7934,2,0,2
7935,3,0,3
7936,3,0,3
7937,3,0,3
7938,3,0,3
7939,3,0,3
7940,3,0,3
7941,3,0,3
7942,3,0,3
7943,3,0,3
7944,3,0,3
7945,3,0,3
7946,3,0,3
7947,3,0,3
7948,3,0,3
7949,3,0,3
7950,3,0,3
7951,3,0,3
7952,3,0,3
7953,3,0,3
7954,3,0,3
7955,3,0,3
7956,3,0,3
7957,3,0,3
7958,3,0,3
7959,3,0,3
7960,3,0,3
7961,3,0,3
7962,3,0,3
7963,3,0,3
7964,3,0,3
7965,4,0,4
7966,4,0,4
7967,4,0,4
7968,4,0,4
7969,4,0,4
7970,4,0,4
7971,3,0,3
7972,3,0,3
7973,3,0,3
7974,3,0,3
7975,3,0,3
7976,4,0,4
7977,4,0,4
7978,4,0,4
7979,4,0,4
7980,4,0,4
7981,4,0,4
7982,4,0,4
7983,4,0,4
7984,4,0,4
7985,4,0,4
7986,4,0,4
7987,4,0,4
7988,4,0,4
7989,4,0,4
7990,4,0,4
7991,4,0,4
7992,4,0,4
7993,4,0,4
7994,5,0,5
7995,5,0,5
7996,5,0,5
7997,5,0,5
7998,5,0,5
7999,5,0,5
8000,5,0,5
8001,5,0,5
8002,5,0,5
8003,5,0,5
8004,5,0,5
8005,5,0,5
8006,5,0,5
8007,4,0,4
8008,4,0,4
8009,4,0,4
8010,4,0,4
8011,4,0,4
8012,4,0,4
8013,4,0,4
8014,4,0,4
8015,4,0,4
8016,4,0,4
8017,4,0,4
8018,4,0,4
8019,4,0,4
8020,4,0,4
8021,4,0,4
8022,4,0,4
8023,4,0,4
8024,4,0,4
8025,4,0,4
8026,4,0,4
8027,4,0,4
8028,4,0,4
8029,3,0,3
8030,3,0,3
8031,2,0,2
8032,2,0,2
8033,2,0,2
8034,2,0,2
8035,2,0,2
8036,2,0,2
8037,2,0,2
8038,2,0,2
8039,2,0,2
8040,2,0,2
8041,2,0,2
8042,2,0,2
8043,2,0,2
8044,2,0,2
8045,2,0,2
8046,2,0,2
8047,2,0,2
8048,2,0,2
8049,2,0,2
8050,2,0,2
8051,2,0,2
8052,2,0,2
8053,2,0,2
8054,2,0,2
8055,2,0,2
8056,2,0,2
8057,2,0,2
8058,2,0,2
8059,2,0,2
8060,2,0,2
8061,2,0,2
8062,2,0,2
8063,2,0,2
8064,2,0,2
8065,2,0,2
8066,2,0,2
8067,2,0,2
8068,2,0,2
8069,2,0,2
8070,2,0,2
8071,2,0,2
8072,2,0,2
8073,2,0,2
8074,2,0,2
8075,2,0,2
8076,2,0,2
8077,2,0,2
8078,2,0,2
8079,2,0,2
8080,2,0,2
8081,2,0,2
8082,2,0,2
8083,2,0,2
8084,2,0,2
8085,2,0,2
8086,2,0,2
8087,2,0,2
8088,2,0,2
8089,2,0,2
8090,2,0,2
8091,2,0,2
8092,2,0,2
8093,2,0,2
8094,2,0,2
8095,2,0,2
8096,2,0,2
8097,2,0,2
8098,2,0,2
8099,2,0,2
8100,2,0,2
8101,2,0,2
8102,2,0,2
8103,2,0,2
8104,2,0,2
8105,2,0,2
8106,2,0,2
8107,2,0,2
8108,2,0,2
8109,2,0,2
8110,2,0,2
8111,2,0,2
8112,2,0,2
8113,2,0,2
8114,2,0,2
8115,2,0,2
8116,2,0,2
8117,2,0,2
8118,2,0,2
8119,1,0,1
8120,1,0,1
8121,1,0,1
8122,1,0,1
8123,1,0,1
8124,1,0,1
8125,1,0,1
8126,1,0,1
8127,1,0,1
8128,1,0,1
8129,1,0,1
8130,1,0,1
8131,1,0,1
8132,1,0,1
8133,1,0,1
8134,1,0,1
8135,1,0,1
8136,1,0,1
8137,1,0,1
8138,1,0,1
8139,2,0,2
8140,2,0,2
8141,2,0,2
8142,2,0,2
8143,2,0,2
8144,2,0,2
8145,2,0,2
8146,2,0,2
8147,2,0,2
8148,2,0,2
8149,2,0,2
8150,2,0,2
8151,2,0,2
8152,2,0,2
8153,2,0,2
8154,2,0,2
8155,2,0,2
8156,2,0,2
8157,2,0,2
8158,2,0,2
8159,2,0,2
8160,2,0,2
8161,2,0,2
8162,2,0,2
8163,2,0,2
8164,2,0,2
8165,2,0,2
8166,2,0,2
8167,2,0,2
8168,2,0,2
8169,2,0,2
8170,2,0,2
8171,2,0,2
8172,2,0,2
8173,2,0,2
8174,2,0,2
8175,2,0,2
8176,2,0,2
8177,2,0,2
8178,2,0,2
8179,2,0,2
8180,2,0,2
8181,2,0,2
8182,2,0,2
8183,2,0,2
8184,2,0,2
8185,2,0,2
8186,2,0,2
8187,2,0,2
8188,2,0,2
8189,2,0,2
8190,2,0,2
8191,2,0,2
8192,2,0,2
8193,2,0,2
8194,2,0,2
8195,2,0,2
8196,2,0,2
8197,2,0,2
8198,2,0,2
8199,2,0,2
8200,2,0,2
8201,2,0,2
8202,2,0,2
8203,2,0,2
8204,2,0,2
8205,2,0,2
8206,2,0,2
8207,2,0,2
8208,2,0,2
8209,2,0,2
8210,2,0,2
8211,2,0,2
8212,2,0,2
8213,2,0,2
8214,2,0,2
8215,2,0,2
8216,2,0,2
8217,2,0,2
8218,2,0,2
8219,2,0,2
8220,2,0,2
8221,2,0,2
8222,2,0,2
8223,2,0,2
8224,2,0,2
8225,2,0,2
8226,2,0,2
8227,2,0,2
8228,2,0,2
8229,2,0,2
8230,2,0,2
8231,2,0,2
8232,2,0,2
8233,2,0,2
8234,2,0,2
8235,2,0,2
8236,2,0,2
8237,2,0,2
8238,2,0,2
8239,2,0,2
8240,1,0,1
8241,1,0,1
8242,1,0,1
8243,1,0,1
8244,1,0,1
8245,1,0,1
8246,1,0,1
8247,1,0,1
8248,1,0,1
8249,1,0,1
8250,1,0,1
8251,1,0,1
8252,1,0,1
8253,1,0,1
8254,1,0,1
8255,1,0,1
8256,1,0,1
8257,1,0,1
8258,1,0,1
8259,1,0,1
8260,1,0,1
8261,1,0,1
8262,2,0,2
8263,2,0,2
8264,1,0,1
8265,1,0,1
8266,2,0,2
8267,2,0,2
8268,2,0,2
8269,2,0,2
8270,2,0,2
8271,2,0,2
8272,2,0,2
8273,2,0,2
8274,2,0,2
8275,2,0,2
8276,2,0,2
8277,2,0,2
8278,2,0,2
8279,2,0,2
8280,2,0,2
8281,2,0,2
8282,2,0,2
8283,2,0,2
8284,2,0,2
8285,2,0,2
8286,2,0,2
8287,2,0,2
8288,2,0,2
8289,2,0,2
8290,2,0,2
8291,2,0,2
8292,2,0,2
8293,2,0,2
8294,2,0,2
8295,2,0,2
8296,2,0,2
8297,2,0,2
8298,2,0,2
8299,2,0,2
8300,2,0,2
8301,2,0,2
8302,2,0,2
8303,2,0,2
8304,2,0,2
8305,2,0,2
8306,2,0,2
8307,2,0,2
8308,2,0,2
8309,2,0,2
8310,2,0,2
8311,2,0,2
8312,2,0,2
8313,2,0,2
8314,2,0,2
8315,2,0,2
8316,2,0,2
8317,2,0,2
8318,2,0,2
8319,2,0,2
8320,1,0,1
8321,1,0,1
8322,1,0,1
8323,1,0,1
8324,1,0,1
8325,1,0,1
8326,1,0,1
8327,1,0,1
8328,1,0,1
8329,1,0,1
8330,1,0,1
8331,1,0,1
8332,1,0,1
8333,1,0,1
8334,1,0,1
8335,1,0,1
8336,1,0,1
8337,1,0,1
8338,1,0,1
8339,1,0,1
8340,1,0,1
8341,1,0,1
8342,1,0,1
8343,1,0,1
8344,1,0,1
8345,1,0,1
8346,1,0,1
8347,1,0,1
8348,1,0,1
8349,1,0,1
8350,1,0,1
8351,1,0,1
8352,1,0,1
8353,1,0,1
8354,1,0,1
8355,1,0,1
8356,1,0,1
8357,1,0,1
8358,1,0,1
8359,1,0,1
8360,1,0,1
8361,1,0,1
8362,1,0,1
8363,1,0,1
8364,1,0,1
8365,1,0,1
8366,1,0,1
8367,1,0,1
8368,1,0,1
8369,1,0,1
8370,1,0,1
8371,1,0,1
8372,1,0,1
8373,1,0,1
8374,1,0,1
8375,1,0,1
8376,1,0,1
8377,1,0,1
8378,1,0,1
8379,1,0,1
8380,1,0,1
8381,1,0,1
8382,1,0,1
8383,1,0,1
8384,1,0,1
8385,1,0,1
8386,1,0,1
8387,1,0,1
8388,1,0,1
8389,1,0,1
8390,1,0,1
8391,1,0,1
8392,1,0,1
8393,1,0,1
8394,1,0,1
8395,1,0,1
8396,1,0,1
8397,1,0,1
8398,1,0,1
8399,1,0,1
8400,1,0,1
8401,1,0,1
8402,1,0,1
8403,1,0,1
8404,1,0,1
8405,1,0,1
8406,1,0,1
8407,1,0,1
8408,1,0,1
8409,1,0,1
8410,1,0,1
8411,1,0,1
8412,1,0,1
8413,1,0,1
8414,1,0,1
8415,1,0,1
8416,1,0,1
8417,1,0,1
8418,1,0,1
8419,1,0,1
8420,1,0,1
8421,1,0,1
8422,1,0,1
8423,1,0,1
8424,1,0,1
8425,1,0,1
8426,1,0,1
8427,1,0,1
8428,1,0,1
8429,1,0,1
8430,1,0,1
8431,1,0,1
8432,2,0,2
8433,2,0,2
8434,2,0,2
8435,2,0,2
8436,2,0,2
8437,2,0,2
8438,2,0,2
8439,2,0,2
8440,2,0,2
8441,2,0,2
8442,2,0,2
8443,2,0,2
8444,2,0,2
8445,2,0,2
8446,2,0,2
8447,2,0,2
8448,2,0,2
8449,1,0,1
8450,1,0,1
8451,1,0,1
8452,1,0,1
8453,1,0,1
8454,1,0,1
8455,1,0,1
8456,1,0,1
8457,1,0,1
8458,1,0,1
8459,1,0,1
8460,1,0,1
8461,1,0,1
8462,1,0,1
8463,1,0,1
8464,1,0,1
8465,1,0,1
8466,1,0,1
8467,1,0,1
8468,1,0,1
8469,1,0,1
8470,1,0,1
8471,1,0,1
8472,1,0,1
8473,1,0,1
8474,1,0,1
8475,1,0,1
8476,1,0,1
8477,1,0,1
8478,1,0,1
8479,1,0,1
8480,1,0,1
8481,1,0,1
8482,1,0,1
8483,1,0,1
8484,1,0,1
8485,1,0,1
8486,1,0,1
8487,1,0,1
8488,1,0,1
8489,1,0,1
8490,1,0,1
8491,1,0,1
8492,1,0,1
8493,1,0,1
8494,1,0,1
8495,1,0,1
8496,1,0,1
8497,1,0,1
8498,1,0,1
8499,1,0,1
8500,1,0,1
8501,1,0,1
8502,1,0,1
8503,1,0,1
8504,1,0,1
8505,1,0,1
8506,1,0,1
8507,1,0,1
8508,1,0,1
8509,1,0,1
8510,1,0,1
8511,1,0,1
8512,1,0,1
8513,1,0,1
8514,1,0,1
8515,1,0,1
8516,1,0,1
8517,1,0,1
8518,1,0,1
8519,1,0,1
8520,1,0,1
8521,1,0,1
8522,1,0,1
8523,1,0,1
8524,1,0,1
8525,1,0,1
8526,1,0,1
8527,1,0,1
8528,1,0,1
8529,1,0,1
8530,1,0,1
8531,1,0,1
8532,1,0,1
8533,1,0,1
8534,1,0,1
8535,1,0,1
8536,1,0,1
8537,1,0,1
8538,1,0,1
8539,1,0,1
8540,1,0,1
8541,1,0,1
8542,1,0,1
8543,1,0,1
8544,1,0,1
8545,1,0,1
8546,1,0,1
8547,1,0,1
8548,1,0,1
8549,1,0,1
8550,1,0,1
8551,1,0,1
8552,1,0,1
8553,1,0,1
8554,1,0,1
8555,1,0,1
8556,1,0,1
8557,1,0,1
8558,1,0,1
8559,1,0,1
8560,1,0,1
8561,1,0,1
8562,1,0,1
8563,1,0,1
8564,1,0,1
8565,1,0,1
8566,1,0,1
8567,1,0,1
8568,1,0,1
8569,1,0,1
8570,1,0,1
8571,1,0,1
8572,1,0,1
8573,1,0,1
8574,1,0,1
8575,1,0,1
8576,1,0,1
8577,1,0,1
8578,1,0,1
8579,1,0,1
8580,1,0,1
8581,1,0,1
8582,1,0,1
8583,1,0,1
8584,1,0,1
8585,1,0,1
8586,1,0,1
8587,1,0,1
8588,1,0,1
8589,1,0,1
8590,1,0,1
8591,1,0,1
8592,1,0,1
8593,1,0,1
8594,1,0,1
8595,1,0,1
8596,1,0,1
8597,1,0,1
8598,1,0,1
8599,1,0,1
8600,1,0,1
8601,1,0,1
8602,1,0,1
8603,1,0,1
8604,1,0,1
8605,1,0,1
8606,1,0,1
8607,1,0,1
8608,1,0,1
8609,1,0,1
8610,1,0,1
8611,1,0,1
8612,1,0,1
8613,1,0,1
8614,1,0,1
8615,1,0,1
8616,1,0,1
8617,1,0,1
8618,1,0,1
8619,1,0,1
8620,1,0,1
8621,1,0,1
8622,1,0,1
8623,1,0,1
8624,1,0,1
8625,1,0,1
8626,1,0,1
8627,1,0,1
8628,1,0,1
8629,1,0,1
8630,1,0,1
8631,1,0,1
8632,1,0,1
8633,1,0,1
8634,1,0,1
8635,1,0,1
8636,1,0,1
8637,1,0,1
8638,1,0,1
8639,1,0,1
8640,1,0,1
8641,1,0,1
8642,1,0,1
8643,1,0,1
8644,1,0,1
8645,1,0,1
8646,2,0,2
8647,2,0,2
8648,2,0,2
8649,2,0,2
8650,2,0,2
8651,2,0,2
8652,2,0,2
8653,2,0,2
8654,2,0,2
8655,2,0,2
8656,2,0,2
8657,2,0,2
8658,2,0,2
8659,2,0,2
8660,2,0,2
8661,1,0,1
8662,1,0,1
8663,1,0,1
8664,1,0,1
8665,1,0,1
8666,1,0,1
8667,1,0,1
8668,1,0,1
8669,1,0,1
8670,1,0,1
8671,1,0,1
8672,1,0,1
8673,1,0,1
8674,1,0,1
8675,1,0,1
8676,1,0,1
8677,1,0,1
8678,1,0,1
8679,1,0,1
8680,1,0,1
8681,1,0,1
8682,1,0,1
8683,1,0,1
8684,1,0,1
8685,1,0,1
8686,1,0,1
8687,1,0,1
8688,1,0,1
8689,1,0,1
8690,1,0,1
8691,1,0,1
8692,1,0,1
8693,1,0,1
8694,1,0,1
8695,1,0,1
8696,1,0,1
8697,1,0,1
8698,1,0,1
8699,1,0,1
8700,1,0,1
8701,1,0,1
8702,1,0,1
8703,1,0,1
8704,1,0,1
8705,1,0,1
8706,1,0,1
8707,1,0,1
8708,1,0,1
8709,1,0,1
8710,1,0,1
8711,1,0,1
8712,1,0,1
8713,1,0,1
8714,1,0,1
8715,1,0,1
8716,1,0,1
8717,1,0,1
8718,1,0,1
8719,1,0,1
8720,1,0,1
8721,1,0,1
8722,1,0,1
8723,1,0,1
8724,1,0,1
8725,2,0,2
8726,2,0,2
8727,2,0,2
8728,2,0,2
8729,2,0,2
8730,2,0,2
8731,2,0,2
8732,2,0,2
8733,2,0,2
8734,2,0,2
8735,2,0,2
8736,2,0,2
8737,2,0,2
8738,2,0,2
8739,2,0,2
8740,2,0,2
8741,2,0,2
8742,2,0,2
8743,2,0,2
8744,2,0,2
8745,2,0,2
8746,2,0,2
8747,2,0,2
8748,2,0,2
8749,2,0,2
8750,2,0,2
8751,2,0,2
8752,2,0,2
8753,2,0,2
8754,2,0,2
8755,2,0,2
8756,2,0,2
8757,2,0,2
8758,2,0,2
8759,2,0,2
8760,2,0,2
8761,2,0,2
8762,2,0,2
8763,2,0,2
8764,2,0,2
8765,2,0,2
8766,2,0,2
8767,2,0,2
8768,2,0,2
8769,2,0,2
8770,2,0,2
8771,2,0,2
8772,2,0,2
8773,2,0,2
8774,2,0,2
8775,2,0,2
8776,2,0,2
8777,2,0,2
8778,2,0,2
8779,2,0,2
8780,2,0,2
8781,2,0,2
8782,2,0,2
8783,2,0,2
8784,2,0,2
8785,2,0,2
8786,2,0,2
8787,2,0,2
8788,2,0,2
8789,2,0,2
8790,2,0,2
8791,2,0,2
8792,2,0,2
8793,2,0,2
8794,2,0,2
8795,2,0,2
8796,2,0,2
8797,2,0,2
8798,2,0,2
8799,2,0,2
8800,2,0,2
8801,2,0,2
8802,2,0,2
8803,2,0,2
8804,2,0,2
8805,2,0,2
8806,2,0,2
8807,2,0,2
8808,2,0,2
8809,3,0,3
8810,3,0,3
8811,3,0,3
8812,3,0,3
8813,2,0,2
8814,2,0,2
8815,2,0,2
8816,2,0,2
8817,2,0,2
8818,2,0,2
8819,2,0,2
8820,2,0,2
8821,2,0,2
8822,2,0,2
8823,2,0,2
8824,2,0,2
8825,2,0,2
8826,2,0,2
8827,2,0,2
8828,2,0,2
8829,2,0,2
8830,2,0,2
8831,2,0,2
8832,2,0,2
8833,2,0,2
8834,2,0,2
8835,2,0,2
8836,2,0,2
8837,2,0,2
8838,2,0,2
8839,2,0,2
8840,2,0,2
8841,2,0,2
8842,2,0,2
8843,2,0,2
8844,2,0,2
8845,2,0,2
8846,2,0,2
8847,2,0,2
8848,2,0,2
8849,2,0,2
8850,2,0,2
8851,2,0,2
8852,2,0,2
8853,2,0,2
8854,2,0,2
8855,2,0,2
8856,2,0,2
8857,2,0,2
8858,2,0,2
8859,2,0,2
8860,2,0,2
8861,2,0,2
8862,2,0,2
8863,2,0,2
8864,2,0,2
8865,2,0,2
8866,2,0,2
8867,2,0,2
8868,2,0,2
8869,2,0,2
8870,2,0,2
8871,2,0,2
8872,2,0,2
8873,2,0,2
8874,2,0,2
8875,2,0,2
8876,1,0,1
8877,1,0,1
8878,1,0,1
8879,1,0,1
8880,1,0,1
8881,1,0,1
8882,1,0,1
8883,3,0,3
8884,3,0,3
8885,3,0,3
8886,3,0,3
8887,3,0,3
8888,3,0,3
8889,3,0,3
8890,3,0,3
8891,3,0,3
8892,3,0,3
8893,3,0,3
8894,3,0,3
8895,3,0,3
8896,3,0,3
8897,3,0,3
8898,3,0,3
8899,3,0,3
8900,3,0,3
8901,3,0,3
8902,3,0,3
8903,3,0,3
8904,3,0,3
8905,3,0,3
8906,3,0,3
8907,3,0,3
8908,3,0,3
8909,3,0,3
8910,3,0,3
8911,3,0,3
8912,3,0,3
8913,3,0,3
8914,3,0,3
8915,3,0,3
8916,3,0,3
8917,3,0,3
8918,3,0,3
8919,3,0,3
8920,3,0,3
8921,3,0,3
8922,3,0,3
8923,3,0,3
8924,3,0,3
8925,3,0,3
8926,3,0,3
8927,4,0,4
8928,4,0,4
8929,4,0,4
8930,4,0,4
8931,4,0,4
8932,4,0,4
8933,4,0,4
8934,4,0,4
8935,4,0,4
8936,4,0,4
8937,4,0,4
8938,4,0,4
8939,4,0,4
8940,3,0,3
8941,3,0,3
8942,3,0,3
8943,3,0,3
8944,3,0,3
8945,3,0,3
8946,3,0,3
8947,3,0,3
8948,3,0,3
8949,3,0,3
8950,3,0,3
8951,3,0,3
8952,3,0,3
8953,3,0,3
8954,3,0,3
8955,3,0,3
8956,3,0,3
8957,3,0,3
8958,3,0,3
8959,3,0,3
8960,3,0,3
8961,3,0,3
8962,3,0,3
8963,3,0,3
8964,3,0,3
8965,3,0,3
8966,3,0,3
8967,4,0,4
8968,4,0,4
8969,4,0,4
8970,4,0,4
8971,4,0,4
8972,4,0,4
8973,4,0,4
8974,4,0,4
8975,4,0,4
8976,4,0,4
8977,4,0,4
8978,4,0,4
8979,4,0,4
8980,4,0,4
8981,4,0,4
8982,4,0,4
8983,4,0,4
8984,4,0,4
8985,4,0,4
8986,4,0,4
8987,4,0,4
8988,4,0,4
8989,4,0,4
8990,4,0,4
8991,4,0,4
8992,4,0,4
8993,4,0,4
8994,4,0,4
8995,4,0,4
8996,4,0,4
8997,4,0,4
8998,4,0,4
8999,3,0,3
9000,3,0,3
9001,3,0,3
9002,3,0,3
9003,3,0,3
9004,3,0,3
9005,3,0,3
9006,3,0,3
9007,3,0,3
9008,3,0,3
9009,2,0,2
9010,2,0,2
9011,2,0,2
9012,2,0,2
9013,2,0,2
9014,2,0,2
9015,2,0,2
9016,3,0,3
9017,3,0,3
9018,3,0,3
9019,3,0,3
9020,3,0,3
9021,3,0,3
9022,3,0,3
9023,3,0,3
9024,3,0,3
9025,4,0,4
9026,4,0,4
9027,4,0,4
9028,4,0,4
9029,4,0,4
9030,4,0,4
9031,4,0,4
9032,4,0,4
9033,4,0,4
9034,4,0,4
9035,4,0,4
9036,4,0,4
9037,4,0,4
9038,4,0,4
9039,4,0,4
9040,3,0,3
9041,3,0,3
9042,3,0,3
9043,3,0,3
9044,3,0,3
9045,3,0,3
9046,3,0,3
9047,3,0,3
9048,3,0,3
9049,3,0,3
9050,3,0,3
9051,3,0,3
9052,3,0,3
9053,3,0,3
9054,3,0,3
9055,3,0,3
9056,2,0,2
9057,2,0,2
9058,2,0,2
9059,2,0,2
9060,2,0,2
9061,2,0,2
9062,2,0,2
9063,2,0,2
9064,2,0,2
9065,2,0,2
9066,2,0,2
9067,2,0,2
9068,3,0,3
9069,3,0,3
9070,3,0,3
9071,3,0,3
9072,3,0,3
9073,3,0,3
9074,3,0,3
9075,3,0,3
9076,3,0,3
9077,3,0,3
9078,3,0,3
9079,3,0,3
9080,3,0,3
9081,3,0,3
9082,3,0,3
9083,3,0,3
9084,3,0,3
9085,3,0,3
9086,3,0,3
9087,3,0,3
9088,3,0,3
9089,3,0,3
9090,3,0,3
9091,3,0,3
9092,3,0,3
9093,3,0,3
9094,3,0,3
9095,3,0,3
9096,3,0,3
9097,3,0,3
9098,3,0,3
9099,3,0,3
9100,3,0,3
9101,3,0,3
9102,3,0,3
9103,3,0,3
9104,3,0,3
9105,3,0,3
9106,3,0,3
9107,3,0,3
9108,3,0,3
9109,3,0,3
9110,3,0,3
9111,3,0,3
9112,3,0,3
9113,3,0,3
9114,3,0,3
9115,3,0,3
9116,3,0,3
9117,3,0,3
9118,3,0,3
9119,3,0,3
9120,3,0,3
9121,3,0,3
9122,3,0,3
9123,3,0,3
9124,3,0,3
9125,3,0,3
9126,3,0,3
9127,3,0,3
9128,3,0,3
9129,3,0,3
9130,3,0,3
9131,3,0,3
9132,3,0,3
9133,3,0,3
9134,3,0,3
9135,3,0,3
9136,2,0,2
9137,2,0,2
9138,2,0,2
9139,2,0,2
9140,2,0,2
9141,2,0,2
9142,2,0,2
9143,2,0,2
9144,2,0,2
9145,2,0,2
9146,2,0,2
9147,2,0,2
9148,2,0,2
9149,2,0,2
9150,2,0,2
9151,2,0,2
9152,2,0,2
9153,2,0,2
9154,2,0,2
9155,2,0,2
9156,2,0,2
9157,3,0,3
9158,3,0,3
9159,3,0,3
9160,3,0,3
9161,3,0,3
9162,3,0,3
9163,4,0,4
9164,4,0,4
9165,4,0,4
9166,4,0,4
9167,4,0,4
9168,4,0,4
9169,4,0,4
9170,4,0,4
9171,4,0,4
9172,4,0,4
9173,4,0,4
9174,4,0,4
9175,4,0,4
9176,4,0,4
9177,4,0,4
9178,4,0,4
9179,4,0,4
9180,4,0,4
9181,4,0,4
9182,4,0,4
9183,4,0,4
9184,4,0,4
9185,5,0,5
9186,5,0,5
9187,5,0,5
9188,5,0,5
9189,5,0,5
9190,5,0,5
9191,5,0,5
9192,5,0,5
9193,5,0,5
9194,5,0,5
9195,5,0,5
9196,5,0,5
9197,5,0,5
9198,5,0,5
9199,5,0,5
9200,5,0,5
9201,5,0,5
9202,5,0,5
9203,5,0,5
9204,5,0,5
9205,5,0,5
9206,5,0,5
9207,5,0,5
9208,5,0,5
9209,5,0,5
9210,5,0,5
9211,5,0,5
9212,5,0,5
9213,5,0,5
9214,5,0,5
9215,5,0,5
9216,5,0,5
9217,5,0,5
9218,5,0,5
9219,5,0,5
9220,5,0,5
9221,5,0,5
9222,5,0,5
9223,5,0,5
9224,5,0,5
9225,5,0,5
9226,5,0,5
9227,5,0,5
9228,5,0,5
9229,6,0,6
9230,5,0,5
9231,5,0,5
9232,5,0,5
9233,5,0,5
9234,5,0,5
9235,5,0,5
9236,5,0,5
9237,5,0,5
9238,5,0,5
9239,5,0,5
9240,5,0,5
9241,5,0,5
9242,5,0,5
9243,5,0,5
9244,5,0,5
9245,5,0,5
9246,5,0,5
9247,5,0,5
9248,5,0,5
9249,5,0,5
9250,5,0,5
9251,5,0,5
9252,5,0,5
9253,5,0,5
9254,5,0,5
9255,5,0,5
9256,5,0,5
9257,5,0,5
9258,5,0,5
9259,5,0,5
9260,5,0,5
9261,5,0,5
9262,5,0,5
9263,5,0,5
9264,5,0,5
9265,5,0,5
9266,5,0,5
9267,5,0,5
9268,5,0,5
9269,5,0,5
9270,5,0,5
9271,5,0,5
9272,5,0,5
9273,5,0,5
9274,5,0,5
9275,5,0,5
9276,5,0,5
9277,5,0,5
9278,5,0,5
9279,5,0,5
9280,5,0,5
9281,5,0,5
9282,5,0,5
9283,5,0,5
9284,5,0,5
9285,5,0,5
9286,5,0,5
9287,5,0,5
9288,5,0,5
9289,5,0,5
9290,5,0,5
9291,5,0,5
9292,5,0,5
9293,5,0,5
9294,5,0,5
9295,5,0,5
9296,5,0,5
9297,5,0,5
9298,5,0,5
9299,5,0,5
9300,5,0,5
9301,5,0,5
9302,5,0,5
9303,5,0,5
9304,5,0,5
9305,5,0,5
9306,5,0,5
9307,5,0,5
9308,5,0,5
9309,5,0,5
9310,5,0,5
9311,5,0,5
9312,5,0,5
9313,5,0,5
9314,5,0,5
9315,5,0,5
9316,5,0,5
9317,5,0,5
9318,5,0,5
9319,5,0,5
9320,5,0,5
9321,5,0,5
9322,5,0,5
9323,5,0,5
9324,5,0,5
9325,5,0,5
9326,5,0,5
9327,5,0,5
9328,4,0,4
9329,4,0,4
9330,4,0,4
9331,4,0,4
9332,4,0,4
9333,4,0,4
9334,4,0,4
9335,4,0,4
9336,4,0,4
9337,4,0,4
9338,4,0,4
9339,4,0,4
9340,4,0,4
9341,4,0,4
9342,4,0,4
9343,4,0,4
9344,4,0,4
9345,4,0,4
9346,4,0,4
9347,4,0,4
9348,4,0,4
9349,4,0,4
9350,4,0,4
9351,4,0,4
9352,4,0,4
9353,4,0,4
9354,4,0,4
9355,4,0,4
9356,4,0,4
9357,4,0,4
9358,4,0,4
9359,4,0,4
9360,4,0,4
9361,4,0,4
9362,4,0,4
9363,4,0,4
9364,4,0,4
9365,4,0,4
9366,4,0,4
9367,4,0,4
9368,4,0,4
9369,4,0,4
9370,4,0,4
9371,4,0,4
9372,4,0,4
9373,4,0,4
9374,4,0,4
9375,4,0,4
9376,4,0,4
9377,4,0,4
9378,4,0,4
9379,4,0,4
9380,4,0,4
9381,4,0,4
9382,5,0,5
9383,5,0,5
9384,5,0,5
9385,5,0,5
9386,5,0,5
9387,5,0,5
9388,5,0,5
9389,5,0,5
9390,5,0,5
9391,5,0,5
9392,5,0,5
9393,5,0,5
9394,5,0,5
9395,5,0,5
9396,5,0,5
9397,5,0,5
9398,5,0,5
9399,5,0,5
9400,5,0,5
9401,5,0,5
9402,5,0,5
9403,5,0,5
9404,5,0,5
9405,5,0,5
9406,5,0,5
9407,5,0,5
9408,5,0,5
9409,5,0,5
9410,5,0,5
9411,5,0,5
9412,5,0,5
9413,5,0,5
9414,5,0,5
9415,5,0,5
9416,5,0,5
9417,5,0,5
9418,5,0,5
9419,5,0,5
9420,5,0,5
9421,5,0,5
9422,5,0,5
9423,5,0,5
9424,5,0,5
9425,5,0,5
9426,5,0,5
9427,6,0,6
9428,6,0,6
9429,6,0,6
9430,6,0,6
9431,7,0,7
9432,7,0,7
9433,7,0,7
9434,7,0,7
9435,7,0,7
9436,7,0,7
9437,7,0,7
9438,7,0,7
9439,6,0,6
9440,6,0,6
9441,6,0,6
9442,6,0,6
9443,6,0,6
9444,6,0,6
9445,6,0,6
9446,6,0,6
9447,6,0,6
9448,6,0,6
9449,6,0,6
9450,7,0,7
9451,7,0,7
9452,7,0,7
9453,7,0,7
9454,7,0,7
9455,6,0,6
9456,6,0,6
9457,6,0,6
9458,6,0,6
9459,6,0,6
9460,6,0,6
9461,6,0,6
9462,6,0,6
9463,6,0,6
9464,6,0,6
9465,6,0,6
9466,6,0,6
9467,6,0,6
9468,6,0,6
9469,6,0,6
9470,6,0,6
9471,6,0,6
9472,6,0,6
9473,5,0,5
9474,5,0,5
9475,5,0,5
9476,5,0,5
9477,6,0,6
9478,6,0,6
9479,6,0,6
9480,6,0,6
9481,6,0,6
9482,6,0,6
9483,6,0,6
9484,6,0,6
9485,6,0,6
9486,6,0,6
9487,5,0,5
9488,4,0,4
9489,4,0,4
9490,4,0,4
9491,4,0,4
9492,4,0,4
9493,4,0,4
9494,3,0,3
9495,3,0,3
9496,3,0,3
9497,3,0,3
9498,3,0,3
9499,3,0,3
9500,3,0,3
9501,3,0,3
9502,3,0,3
9503,3,0,3
9504,3,0,3
9505,3,0,3
9506,3,0,3
9507,3,0,3
9508,3,0,3
9509,3,0,3
9510,3,0,3
9511,3,0,3
9512,3,0,3
9513,3,0,3
9514,3,0,3
9515,3,0,3
9516,3,0,3
9517,3,0,3
9518,3,0,3
9519,3,0,3
9520,3,0,3
9521,3,0,3
9522,3,0,3
9523,3,0,3
9524,3,0,3
9525,3,0,3
9526,3,0,3
9527,3,0,3
9528,3,0,3
9529,3,0,3
9530,3,0,3
9531,3,0,3
9532,3,0,3
9533,3,0,3
9534,3,0,3
9535,3,0,3
9536,3,0,3
9537,3,0,3
9538,3,0,3
9539,3,0,3
9540,3,0,3
9541,3,0,3
9542,3,0,3
9543,3,0,3
9544,3,0,3
9545,3,0,3
9546,3,0,3
9547,3,0,3
9548,3,0,3
9549,3,0,3
9550,3,0,3
9551,3,0,3
9552,3,0,3
9553,3,0,3
9554,3,0,3
9555,3,0,3
9556,3,0,3
9557,3,0,3
9558,3,0,3
9559,2,0,2
9560,2,0,2
9561,2,0,2
9562,2,0,2
9563,2,0,2
9564,2,0,2
9565,2,0,2
9566,2,0,2
9567,2,0,2
9568,2,0,2
9569,2,0,2
9570,2,0,2
9571,2,0,2
9572,2,0,2
9573,2,0,2
9574,2,0,2
9575,2,0,2
9576,2,0,2
9577,2,0,2
9578,2,0,2
9579,2,0,2
9580,2,0,2
9581,2,0,2
9582,2,0,2
9583,2,0,2
9584,2,0,2
9585,2,0,2
9586,3,0,3
9587,3,0,3
9588,3,0,3
9589,3,0,3
9590,3,0,3
9591,3,0,3
9592,3,0,3
9593,3,0,3
9594,3,0,3
9595,3,0,3
9596,3,0,3
9597,3,0,3
9598,3,0,3
9599,3,0,3
9600,3,0,3
9601,3,0,3
9602,3,0,3
9603,3,0,3
9604,3,0,3
9605,3,0,3
9606,3,0,3
9607,3,0,3
9608,3,0,3
9609,3,0,3
9610,3,0,3
9611,3,0,3
9612,3,0,3
9613,3,0,3
9614,3,0,3
9615,3,0,3
9616,3,0,3
9617,3,0,3
9618,3,0,3
9619,3,0,3
9620,3,0,3
9621,3,0,3
9622,3,0,3
9623,3,0,3
9624,3,0,3
9625,3,0,3
9626,3,0,3
9627,3,0,3
9628,3,0,3
9629,3,0,3
9630,3,0,3
9631,3,0,3
9632,3,0,3
9633,3,0,3
9634,3,0,3
9635,3,0,3
9636,3,0,3
9637,3,0,3
9638,3,0,3
9639,3,0,3
9640,3,0,3
9641,3,0,3
9642,3,0,3
9643,3,0,3
9644,3,0,3
9645,3,0,3
9646,3,0,3
9647,3,0,3
9648,3,0,3
9649,3,0,3
9650,3,0,3
9651,3,0,3
9652,3,0,3
9653,3,0,3
9654,3,0,3
9655,3,0,3
9656,3,0,3
9657,3,0,3
9658,3,0,3
9659,3,0,3
9660,3,0,3
9661,3,0,3
9662,3,0,3
9663,3,0,3
9664,3,0,3
9665,3,0,3
9666,3,0,3
9667,3,0,3
9668,3,0,3
9669,3,0,3
9670,3,0,3
9671,3,0,3
9672,3,0,3
9673,3,0,3
9674,3,0,3
9675,3,0,3
9676,3,0,3
9677,2,0,2
9678,2,0,2
9679,2,0,2
9680,2,0,2
9681,3,0,3
9682,3,0,3
9683,3,0,3
9684,3,0,3
9685,3,0,3
9686,3,0,3
9687,3,0,3
9688,3,0,3
9689,3,0,3
9690,3,0,3
9691,3,0,3
9692,3,0,3
9693,3,0,3
9694,3,0,3
9695,2,0,2
9696,2,0,2
9697,2,0,2
9698,2,0,2
9699,3,0,3
9700,3,0,3
9701,3,0,3
9702,3,0,3
9703,3,0,3
9704,3,0,3
9705,3,0,3
9706,3,0,3
9707,3,0,3
9708,3,0,3
9709,3,0,3
9710,3,0,3
9711,3,0,3
9712,3,0,3
9713,3,0,3
9714,3,0,3
9715,3,0,3
9716,3,0,3
9717,2,0,2
9718,2,0,2
9719,2,0,2
9720,2,0,2
9721,2,0,2
9722,2,0,2
9723,2,0,2
9724,2,0,2
9725,2,0,2
9726,3,0,3
9727,3,0,3
9728,3,0,3
9729,3,0,3
9730,3,0,3
9731,3,0,3
9732,3,0,3
9733,3,0,3
9734,3,0,3
9735,3,0,3
9736,3,0,3
9737,3,0,3
9738,3,0,3
9739,3,0,3
9740,3,0,3
9741,3,0,3
9742,3,0,3
9743,3,0,3
9744,3,0,3
9745,3,0,3
9746,3,0,3
9747,3,0,3
9748,3,0,3
9749,3,0,3
9750,3,0,3
9751,3,0,3
9752,3,0,3
9753,3,0,3
9754,3,0,3
9755,3,0,3
9756,3,0,3
9757,3,0,3
9758,3,0,3
9759,3,0,3
9760,3,0,3
9761,3,0,3
9762,3,0,3
9763,3,0,3
9764,3,0,3
9765,3,0,3
9766,3,0,3
9767,3,0,3
9768,3,0,3
9769,3,0,3
9770,3,0,3
9771,3,0,3
9772,3,0,3
9773,3,0,3
9774,3,0,3
9775,3,0,3
9776,3,0,3
9777,3,0,3
9778,3,0,3
9779,3,0,3
9780,3,0,3
9781,3,0,3
9782,3,0,3
9783,3,0,3
9784,3,0,3
9785,3,0,3
9786,3,0,3
9787,3,0,3
9788,3,0,3
9789,3,0,3
9790,3,0,3
9791,3,0,3
9792,3,0,3
9793,3,0,3
9794,3,0,3
9795,3,0,3
9796,3,0,3
9797,3,0,3
9798,3,0,3
9799,3,0,3
9800,3,0,3
9801,3,0,3
9802,3,0,3
9803,3,0,3
9804,3,0,3
9805,3,0,3
9806,3,0,3
9807,3,0,3
9808,3,0,3
9809,3,0,3
9810,3,0,3
9811,3,0,3
9812,3,0,3
9813,3,0,3
9814,4,0,4
9815,4,0,4
9816,4,0,4
9817,4,0,4
9818,4,0,4
9819,4,0,4
9820,3,0,3
9821,3,0,3
9822,3,0,3
9823,3,0,3
9824,3,0,3
9825,3,0,3
9826,3,0,3
9827,3,0,3
9828,3,0,3
9829,3,0,3
9830,3,0,3
9831,3,0,3
9832,3,0,3
9833,3,0,3
9834,3,0,3
9835,3,0,3
9836,3,0,3
9837,3,0,3
9838,3,0,3
9839,3,0,3
9840,3,0,3
9841,3,0,3
9842,3,0,3
9843,3,0,3
9844,3,0,3
9845,3,0,3
9846,3,0,3
9847,3,0,3
9848,3,0,3
9849,3,0,3
9850,3,0,3
9851,3,0,3
9852,3,0,3
9853,3,0,3
9854,3,0,3
9855,3,0,3
9856,3,0,3
9857,3,0,3
9858,3,0,3
9859,3,0,3
9860,3,0,3
9861,3,0,3
9862,3,0,3
9863,4,0,4
9864,3,0,3
9865,3,0,3
9866,3,0,3
9867,3,0,3
9868,3,0,3
9869,3,0,3
9870,3,0,3
9871,3,0,3
9872,3,0,3
9873,3,0,3
9874,3,0,3
9875,3,0,3
9876,3,0,3
9877,3,0,3
9878,3,0,3
9879,3,0,3
9880,3,0,3
9881,3,0,3
9882,3,0,3
9883,3,0,3
9884,3,0,3
9885,3,0,3
9886,3,0,3
9887,3,0,3
9888,3,0,3
9889,3,0,3
9890,3,0,3
9891,3,0,3
9892,3,0,3
9893,3,0,3
9894,3,0,3
9895,3,0,3
9896,3,0,3
9897,3,0,3
9898,3,0,3
9899,3,0,3
9900,3,0,3
9901,3,0,3
9902,3,0,3
9903,3,0,3
9904,3,0,3
9905,3,0,3
9906,3,0,3
9907,3,0,3
9908,3,0,3
9909,3,0,3
9910,3,0,3
9911,2,0,2
9912,2,0,2
9913,2,0,2
9914,2,0,2
9915,2,0,2
9916,2,0,2
9917,2,0,2
9918,2,0,2
9919,2,0,2
9920,2,0,2
9921,3,0,3
9922,3,0,3
9923,3,0,3
9924,3,0,3
9925,3,0,3
9926,3,0,3
9927,3,0,3
9928,3,0,3
9929,3,0,3
9930,3,0,3
9931,3,0,3
9932,3,0,3
9933,3,0,3
9934,3,0,3
9935,3,0,3
9936,3,0,3
9937,3,0,3
9938,3,0,3
9939,3,0,3
9940,3,0,3
9941,3,0,3
9942,3,0,3
9943,3,0,3
9944,3,0,3
9945,3,0,3
9946,3,0,3
9947,3,0,3
9948,3,0,3
9949,3,0,3
9950,3,0,3
9951,3,0,3
9952,3,0,3
9953,3,0,3
9954,3,0,3
9955,3,0,3
9956,3,0,3
9957,3,0,3
9958,3,0,3
9959,3,0,3
9960,3,0,3
9961,3,0,3
9962,3,0,3
9963,3,0,3
9964,3,0,3
9965,3,0,3
9966,3,0,3
9967,3,0,3
9968,3,0,3
9969,3,0,3
9970,3,0,3
9971,3,0,3
9972,3,0,3
9973,3,0,3
9974,3,0,3
9975,3,0,3
9976,3,0,3
9977,3,0,3
9978,3,0,3
9979,3,0,3
9980,3,0,3
9981,4,0,4
9982,4,0,4
9983,4,0,4
9984,3,0,3
9985,3,0,3
9986,3,0,3
9987,3,0,3
9988,3,0,3
9989,3,0,3
9990,3,0,3
9991,3,0,3
9992,3,0,3
9993,3,0,3
9994,3,0,3
9995,3,0,3
9996,3,0,3
9997,3,0,3
9998,3,0,3
9999,3,0,3
10000,3,0,3
10001,3,0,3
10002,3,0,3
10003,2,0,2
10004,2,0,2
10005,2,0,2
10006,2,0,2
10007,2,0,2
10008,2,0,2
10009,2,0,2
10010,2,0,2
10011,2,0,2
10012,2,0,2
10013,2,0,2
10014,2,0,2
10015,2,0,2
10016,2,0,2
10017,2,0,2
10018,2,0,2
10019,2,0,2
10020,2,0,2
10021,2,0,2
10022,2,0,2
10023,2,0,2
10024,2,0,2
10025,2,0,2
10026,2,0,2
10027,2,0,2
10028,2,0,2
10029,2,0,2
10030,2,0,2
10031,2,0,2
10032,2,0,2
10033,2,0,2
10034,2,0,2
10035,2,0,2
10036,2,0,2
10037,2,0,2
10038,2,0,2
10039,2,0,2
10040,2,0,2
10041,2,0,2
10042,2,0,2
10043,2,0,2
10044,2,0,2
10045,2,0,2
10046,2,0,2
10047,2,0,2
10048,2,0,2
10049,2,0,2
10050,2,0,2
10051,2,0,2
10052,2,0,2
10053,2,0,2
10054,2,0,2
10055,2,0,2
10056,2,0,2
10057,2,0,2
10058,2,0,2
10059,2,0,2
10060,2,0,2
10061,2,0,2
10062,2,0,2
10063,2,0,2
10064,3,0,3
10065,3,0,3
10066,3,0,3
10067,3,0,3
10068,3,0,3
10069,3,0,3
10070,3,0,3
10071,3,0,3
10072,3,0,3
10073,3,0,3
10074,3,0,3
10075,3,0,3
10076,3,0,3
10077,3,0,3
10078,3,0,3
10079,3,0,3
10080,3,0,3
10081,3,0,3
10082,3,0,3
10083,3,0,3
10084,3,0,3
10085,3,0,3
10086,3,0,3
10087,3,0,3
10088,3,0,3
10089,3,0,3
10090,3,0,3
10091,2,0,2
10092,2,0,2
10093,2,0,2
10094,2,0,2
10095,2,0,2
10096,2,0,2
10097,2,0,2
10098,2,0,2
10099,2,0,2
10100,2,0,2
10101,2,0,2
10102,2,0,2
10103,2,0,2
10104,2,0,2
10105,2,0,2
10106,2,0,2
10107,2,0,2
10108,2,0,2
10109,2,0,2
10110,2,0,2
10111,2,0,2
10112,2,0,2
10113,2,0,2
10114,2,0,2
10115,2,0,2
10116,2,0,2
10117,2,0,2
10118,2,0,2
10119,2,0,2
10120,2,0,2
10121,2,0,2
10122,2,0,2
10123,2,0,2
10124,2,0,2
10125,2,0,2
10126,2,0,2
10127,2,0,2
10128,2,0,2
10129,2,0,2
10130,2,0,2
10131,2,0,2
10132,2,0,2
10133,2,0,2
10134,2,0,2
10135,2,0,2
10136,2,0,2
10137,2,0,2
10138,3,0,3
10139,3,0,3
10140,3,0,3
10141,3,0,3
10142,3,0,3
10143,3,0,3
10144,3,0,3
10145,3,0,3
10146,3,0,3
10147,3,0,3
10148,3,0,3
10149,3,0,3
10150,3,0,3
10151,3,0,3
10152,3,0,3
10153,3,0,3
10154,3,0,3
10155,4,0,4
10156,4,0,4
10157,4,0,4
10158,4,0,4
10159,4,0,4
10160,4,0,4
10161,4,0,4
10162,4,0,4
10163,4,0,4
10164,4,0,4
10165,4,0,4
10166,4,0,4
10167,4,0,4
10168,4,0,4
10169,4,0,4
10170,3,0,3
10171,3,0,3
10172,3,0,3
10173,4,0,4
10174,4,0,4
10175,4,0,4
10176,4,0,4
10177,4,0,4
10178,4,0,4
10179,4,0,4
10180,4,0,4
10181,4,0,4
10182,4,0,4
10183,4,0,4
10184,4,0,4
10185,4,0,4
10186,4,0,4
10187,4,0,4
10188,4,0,4
10189,4,0,4
10190,4,0,4
10191,4,0,4
10192,4,0,4
10193,4,0,4
10194,4,0,4
10195,4,0,4
10196,4,0,4
10197,4,0,4
10198,4,0,4
10199,4,0,4
10200,4,0,4
10201,4,0,4
10202,4,0,4
10203,4,0,4
10204,4,0,4
10205,4,0,4
10206,4,0,4
10207,4,0,4
10208,4,0,4
10209,4,0,4
10210,4,0,4
10211,4,0,4
10212,4,0,4
10213,4,0,4
10214,4,0,4
10215,4,0,4
10216,4,0,4
10217,4,0,4
10218,4,0,4
10219,4,0,4
10220,4,0,4
10221,4,0,4
10222,4,0,4
10223,4,0,4
10224,4,0,4
10225,4,0,4
10226,4,0,4
10227,5,0,5
10228,5,0,5
10229,5,0,5
10230,5,0,5
10231,5,0,5
10232,5,0,5
10233,5,0,5
10234,5,0,5
10235,5,0,5
10236,5,0,5
10237,5,0,5
10238,5,0,5
10239,5,0,5
10240,5,0,5
10241,5,0,5
10242,5,0,5
10243,5,0,5
10244,5,0,5
10245,5,0,5
10246,5,0,5
10247,5,0,5
10248,5,0,5
10249,5,0,5
10250,4,0,4
10251,4,0,4
10252,4,0,4
10253,4,0,4
10254,4,0,4
10255,4,0,4
10256,4,0,4
10257,4,0,4
10258,4,0,4
10259,4,0,4
10260,4,0,4
10261,4,0,4
10262,4,0,4
10263,4,0,4
10264,4,0,4
10265,4,0,4
10266,4,0,4
10267,4,0,4
10268,4,0,4
10269,4,0,4
10270,4,0,4
10271,4,0,4
10272,4,0,4
10273,4,0,4
10274,4,0,4
10275,4,0,4
10276,4,0,4
10277,4,0,4
10278,4,0,4
10279,4,0,4
10280,4,0,4
10281,4,0,4
10282,4,0,4
10283,4,0,4
10284,4,0,4
10285,4,0,4
10286,4,0,4
10287,4,0,4
10288,4,0,4
10289,4,0,4
10290,4,0,4
10291,4,0,4
10292,4,0,4
10293,4,0,4
10294,4,0,4
10295,4,0,4
10296,4,0,4
10297,4,0,4
10298,4,0,4
10299,5,0,5
10300,5,0,5
10301,5,0,5
10302,5,0,5
10303,5,0,5
10304,5,0,5
10305,5,0,5
10306,5,0,5
10307,5,0,5
10308,5,0,5
10309,5,0,5
10310,5,0,5
10311,5,0,5
10312,5,0,5
10313,5,0,5
10314,5,0,5
10315,5,0,5
10316,5,0,5
10317,5,0,5
10318,5,0,5
10319,5,0,5
10320,5,0,5
10321,5,0,5
10322,5,0,5
10323,5,0,5
10324,5,0,5
10325,5,0,5
10326,5,0,5
10327,5,0,5
10328,5,0,5
10329,5,0,5
10330,5,0,5
10331,5,0,5
10332,5,0,5
10333,5,0,5
10334,4,0,4
10335,4,0,4
10336,4,0,4
10337,4,0,4
10338,4,0,4
10339,4,0,4
10340,4,0,4
10341,4,0,4
10342,4,0,4
10343,4,0,4
10344,4,0,4
10345,4,0,4
10346,4,0,4
10347,4,0,4
10348,4,0,4
10349,4,0,4
10350,4,0,4
10351,4,0,4
10352,4,0,4
10353,4,0,4
10354,4,0,4
10355,4,0,4
10356,4,0,4
10357,5,0,5
10358,5,0,5
10359,5,0,5
10360,5,0,5
10361,5,0,5
10362,5,0,5
10363,5,0,5
10364,5,0,5
10365,5,0,5
10366,5,0,5
10367,5,0,5
10368,5,0,5
10369,5,0,5
10370,5,0,5
10371,5,0,5
10372,4,0,4
10373,4,0,4
10374,3,0,3
10375,3,0,3
10376,3,0,3
10377,3,0,3
10378,3,0,3
10379,3,0,3
10380,3,0,3
10381,3,0,3
10382,3,0,3
10383,3,0,3
10384,3,0,3
10385,3,0,3
10386,3,0,3
10387,3,0,3
10388,3,0,3
10389,3,0,3
10390,3,0,3
10391,3,0,3
10392,3,0,3
10393,3,0,3
10394,3,0,3
10395,3,0,3
10396,3,0,3
10397,3,0,3
10398,3,0,3
10399,3,0,3
10400,3,0,3
10401,3,0,3
10402,3,0,3
10403,3,0,3
10404,3,0,3
10405,3,0,3
10406,3,0,3
10407,3,0,3
10408,3,0,3
10409,3,0,3
10410,3,0,3
10411,3,0,3
10412,3,0,3
10413,3,0,3
10414,3,0,3
10415,3,0,3
10416,3,0,3
10417,3,0,3
10418,3,0,3
10419,3,0,3
10420,3,0,3
10421,3,0,3
10422,3,0,3
10423,3,0,3
10424,3,0,3
10425,3,0,3
10426,3,0,3
10427,3,0,3
10428,3,0,3
10429,2,0,2
10430,2,0,2
10431,2,0,2
10432,2,0,2
10433,2,0,2
10434,2,0,2
10435,2,0,2
10436,2,0,2
10437,2,0,2
10438,2,0,2
10439,2,0,2
10440,2,0,2
10441,2,0,2
10442,2,0,2
10443,2,0,2
10444,2,0,2
10445,2,0,2
10446,2,0,2
10447,2,0,2
10448,2,0,2
10449,2,0,2
10450,2,0,2
10451,2,0,2
10452,2,0,2
10453,2,0,2
10454,2,0,2
10455,2,0,2
10456,2,0,2
10457,3,0,3
10458,3,0,3
10459,3,0,3
10460,3,0,3
10461,3,0,3
10462,3,0,3
10463,3,0,3
10464,3,0,3
10465,3,0,3
10466,3,0,3
10467,2,0,2
10468,2,0,2
10469,2,0,2
10470,2,0,2
10471,2,0,2
10472,2,0,2
10473,2,0,2
10474,2,0,2
10475,2,0,2
10476,1,0,1
10477,1,0,1
10478,1,0,1
10479,1,0,1
10480,1,0,1
10481,1,0,1
10482,1,0,1
10483,1,0,1
10484,1,0,1
10485,1,0,1
10486,1,0,1
10487,1,0,1
10488,1,0,1
10489,1,0,1
10490,1,0,1
10491,1,0,1
10492,1,0,1
10493,1,0,1
10494,1,0,1
10495,1,0,1
10496,1,0,1
10497,1,0,1
10498,1,0,1
10499,1,0,1
10500,1,0,1
10501,1,0,1
10502,1,0,1
10503,1,0,1
10504,2,0,2
10505,2,0,2
10506,2,0,2
10507,2,0,2
10508,2,0,2
10509,2,0,2
10510,2,0,2
10511,2,0,2
10512,2,0,2
10513,2,0,2
10514,2,0,2
10515,2,0,2
10516,2,0,2
10517,2,0,2
10518,2,0,2
10519,2,0,2
10520,2,0,2
10521,2,0,2
10522,2,0,2
10523,2,0,2
10524,2,0,2
10525,2,0,2
10526,2,0,2
10527,2,0,2
10528,2,0,2
10529,2,0,2
10530,3,0,3
10531,3,0,3
10532,2,0,2
10533,2,0,2
10534,2,0,2
10535,2,0,2
10536,2,0,2
10537,2,0,2
10538,2,0,2
10539,2,0,2
10540,2,0,2
10541,2,0,2
10542,2,0,2
10543,2,0,2
10544,2,0,2
10545,2,0,2
10546,1,0,1
10547,1,0,1
10548,1,0,1
10549,1,0,1
10550,1,0,1
10551,1,0,1
10552,1,0,1
10553,1,0,1
10554,1,0,1
10555,1,0,1
10556,1,0,1
10557,1,0,1
10558,1,0,1
10559,1,0,1
10560,1,0,1
10561,1,0,1
10562,1,0,1
10563,1,0,1
10564,1,0,1
10565,1,0,1
10566,1,0,1
10567,1,0,1
10568,1,0,1
10569,1,0,1
10570,1,0,1
10571,1,0,1
10572,1,0,1
10573,1,0,1
10574,1,0,1
10575,1,0,1
10576,1,0,1
10577,1,0,1
10578,1,0,1
10579,1,0,1
10580,1,0,1
10581,1,0,1
10582,1,0,1
10583,1,0,1
10584,1,0,1
10585,1,0,1
10586,1,0,1
10587,1,0,1
10588,1,0,1
10589,1,0,1
10590,1,0,1
10591,1,0,1
10592,1,0,1
10593,1,0,1
10594,1,0,1
10595,1,0,1
10596,1,0,1
10597,1,0,1
10598,1,0,1
10599,1,0,1
10600,1,0,1
10601,1,0,1
10602,1,0,1
10603,1,0,1
10604,1,0,1
10605,1,0,1
10606,1,0,1
10607,1,0,1
10608,1,0,1
10609,1,0,1
10610,1,0,1
10611,1,0,1
10612,1,0,1
10613,1,0,1
10614,1,0,1
10615,1,0,1
10616,1,0,1
10617,1,0,1
10618,1,0,1
10619,1,0,1
10620,2,0,2
10621,2,0,2
10622,2,0,2
10623,2,0,2
10624,2,0,2
10625,2,0,2
10626,2,0,2
10627,2,0,2
10628,2,0,2
10629,2,0,2
10630,2,0,2
10631,2,0,2
10632,2,0,2
10633,2,0,2
10634,2,0,2
10635,2,0,2
10636,1,0,1
10637,1,0,1
10638,1,0,1
10639,1,0,1
10640,1,0,1
10641,1,0,1
10642,1,0,1
10643,1,0,1
10644,1,0,1
10645,1,0,1
10646,1,0,1
10647,1,0,1
10648,1,0,1
10649,1,0,1
10650,1,0,1
10651,1,0,1
10652,1,0,1
10653,1,0,1
10654,1,0,1
10655,2,0,2
10656,2,0,2
10657,2,0,2
10658,2,0,2
10659,2,0,2
10660,2,0,2
10661,2,0,2
10662,2,0,2
10663,3,0,3
10664,3,0,3
10665,3,0,3
10666,3,0,3
10667,3,0,3
10668,3,0,3
10669,3,0,3
10670,3,0,3
10671,3,0,3
10672,3,0,3
10673,3,0,3
10674,3,0,3
10675,3,0,3
10676,3,0,3
10677,3,0,3
10678,3,0,3
10679,2,0,2
10680,2,0,2
10681,2,0,2
10682,2,0,2
10683,2,0,2
10684,2,0,2
10685,2,0,2
10686,2,0,2
10687,2,0,2
10688,2,0,2
10689,2,0,2
10690,2,0,2
10691,2,0,2
10692,2,0,2
10693,2,0,2
10694,2,0,2
10695,2,0,2
10696,2,0,2
10697,2,0,2
10698,2,0,2
10699,2,0,2
10700,2,0,2
10701,2,0,2
10702,2,0,2
10703,2,0,2
10704,2,0,2
10705,2,0,2
10706,2,0,2
10707,1,0,1
10708,1,0,1
10709,1,0,1
10710,1,0,1
10711,1,0,1
10712,1,0,1
10713,1,0,1
10714,1,0,1
10715,1,0,1
10716,1,0,1
10717,1,0,1
10718,1,0,1
10719,1,0,1
10720,1,0,1
10721,1,0,1
10722,1,0,1
10723,1,0,1
10724,1,0,1
10725,1,0,1
10726,1,0,1
10727,1,0,1
10728,1,0,1
10729,1,0,1
10730,1,0,1
10731,1,0,1
10732,1,0,1
10733,1,0,1
10734,1,0,1
10735,1,0,1
10736,1,0,1
10737,1,0,1
10738,1,0,1
10739,1,0,1
10740,0,0,0
10741,0,0,0
10742,0,0,0
10743,0,0,0
10744,0,0,0
10745,0,0,0
10746,0,0,0
10747,0,0,0
10748,0,0,0
10749,0,0,0
10750,0,0,0
10751,0,0,0
10752,0,0,0
10753,0,0,0
10754,0,0,0
10755,0,0,0
10756,0,0,0
10757,0,0,0
10758,0,0,0
10759,0,0,0
10760,0,0,0
10761,0,0,0
10762,0,0,0
10763,0,0,0
10764,1,0,1
10765,1,0,1
10766,1,0,1
10767,1,0,1
10768,1,0,1
10769,1,0,1
10770,1,0,1
10771,1,0,1
10772,1,0,1
10773,1,0,1
10774,1,0,1
10775,1,0,1
10776,1,0,1
10777,1,0,1
10778,1,0,1
10779,1,0,1
10780,1,0,1
10781,1,0,1
10782,1,0,1
10783,1,0,1
10784,1,0,1
10785,2,0,2
10786,2,0,2
10787,2,0,2
10788,2,0,2
10789,2,0,2
10790,2,0,2
10791,2,0,2
10792,2,0,2
10793,2,0,2
10794,2,0,2
10795,2,0,2
10796,2,0,2
10797,2,0,2
10798,2,0,2
10799,2,0,2
10800,2,0,2
10801,2,0,2
10802,2,0,2
10803,2,0,2
10804,2,0,2
10805,2,0,2
10806,2,0,2
10807,2,0,2
10808,2,0,2
10809,2,0,2
10810,2,0,2
10811,2,0,2
10812,2,0,2
10813,2,0,2
10814,2,0,2
10815,2,0,2
10816,2,0,2
10817,2,0,2
10818,2,0,2
10819,2,0,2
10820,2,0,2
10821,2,0,2
10822,2,0,2
10823,2,0,2
10824,2,0,2
10825,2,0,2
10826,2,0,2
10827,2,0,2
10828,2,0,2
10829,2,0,2
10830,2,0,2
10831,2,0,2
10832,2,0,2
10833,2,0,2
10834,2,0,2
10835,2,0,2
10836,2,0,2
10837,2,0,2
10838,2,0,2
10839,2,0,2
10840,2,0,2
10841,2,0,2
10842,2,0,2
10843,2,0,2
10844,2,0,2
10845,2,0,2
10846,2,0,2
10847,2,0,2
10848,2,0,2
10849,2,0,2
10850,2,0,2
10851,2,0,2
10852,2,0,2
10853,2,0,2
10854,2,0,2
10855,2,0,2
10856,2,0,2
10857,2,0,2
10858,2,0,2
10859,2,0,2
10860,2,0,2
10861,2,0,2
10862,2,0,2
10863,2,0,2
10864,2,0,2
10865,2,0,2
10866,2,0,2
10867,2,0,2
10868,2,0,2
10869,3,0,3
10870,3,0,3
10871,3,0,3
10872,3,0,3
10873,3,0,3
10874,3,0,3
10875,3,0,3
10876,3,0,3
10877,3,0,3
10878,4,0,4
10879,4,0,4
10880,4,0,4
10881,4,0,4
10882,4,0,4
10883,4,0,4
10884,4,0,4
10885,4,0,4
10886,4,0,4
10887,4,0,4
10888,4,0,4
10889,4,0,4
10890,4,0,4
10891,4,0,4
10892,4,0,4
10893,4,0,4
10894,4,0,4
10895,4,0,4
10896,4,0,4
10897,3,1,4
10898,3,1,4
10899,3,1,4
10900,3,1,4
10901,3,1,4
10902,2,2,4
10903,2,2,4
10904,2,2,4
10905,2,2,4
10906,2,2,4
10907,2,2,4
10908,3,2,5
10909,3,2,5
10910,3,2,5
10911,3,2,5
10912,3,2,5
10913,3,2,5
10914,3,2,5
10915,3,2,5
10916,3,2,5
10917,3,2,5
10918,3,2,5
10919,3,2,5
10920,3,2,5
10921,3,2,5
10922,3,2,5
10923,3,2,5
10924,3,2,5
10925,3,2,5
10926,3,2,5
10927,3,2,5
10928,3,2,5
10929,3,2,5
10930,3,2,5
10931,2,3,5
10932,2,3,5
10933,2,3,5
10934,2,3,5
10935,2,3,5
10936,2,3,5
10937,3,3,6
10938,3,3,6
10939,3,3,6
10940,3,3,6
10941,3,3,6
10942,4,2,6
10943,4,2,6
10944,3,2,5
10945,3,2,5
10946,3,2,5
10947,3,2,5
10948,3,2,5
10949,3,2,5
10950,2,2,4
10951,2,2,4
10952,2,2,4
10953,2,2,4
10954,2,2,4
10955,3,1,4
10956,3,1,4
10957,3,1,4
10958,3,1,4
10959,2,1,3
10960,2,1,3
10961,2,1,3
10962,2,1,3
10963,2,1,3
10964,2,1,3
10965,2,1,3
10966,2,1,3
10967,2,1,3
10968,2,1,3
10969,2,1,3
10970,2,1,3
10971,2,1,3
10972,2,1,3
10973,2,1,3
10974,2,1,3
10975,2,1,3
10976,2,1,3
10977,3,0,3
10978,3,0,3
10979,3,0,3
10980,3,0,3
10981,3,0,3
10982,2,0,2
10983,2,0,2
10984,2,0,2
10985,2,0,2
10986,2,0,2
10987,2,0,2
10988,2,0,2
10989,2,0,2
10990,2,0,2
10991,2,0,2
10992,2,0,2
10993,2,0,2
10994,2,0,2
10995,2,0,2
10996,2,0,2
10997,2,0,2
10998,2,0,2
10999,2,0,2
11000,2,0,2
11001,2,0,2
11002,2,0,2
11003,2,0,2
11004,2,0,2
11005,2,0,2
11006,2,0,2
11007,2,0,2
11008,2,0,2
11009,2,0,2
11010,2,0,2
11011,2,0,2
11012,2,0,2
11013,2,0,2
11014,2,0,2
11015,2,0,2
11016,2,0,2
11017,2,0,2
11018,2,0,2
11019,2,0,2
11020,2,0,2
11021,2,0,2
11022,2,0,2
11023,2,0,2
11024,2,0,2
11025,2,0,2
11026,2,0,2
11027,2,0,2
11028,2,0,2
11029,2,0,2
11030,2,0,2
11031,3,0,3
11032,3,0,3
11033,3,0,3
11034,3,0,3
11035,2,0,2
11036,2,0,2
11037,2,0,2
11038,2,0,2
11039,2,0,2
11040,2,0,2
11041,2,0,2
11042,2,0,2
11043,2,0,2
11044,2,0,2
11045,2,0,2
11046,2,0,2
11047,2,0,2
11048,2,0,2
11049,2,0,2
11050,2,0,2
11051,2,0,2
11052,2,0,2
11053,2,0,2
11054,2,0,2
11055,2,0,2
11056,2,0,2
11057,2,0,2
11058,2,0,2
11059,2,0,2
11060,2,0,2
11061,2,0,2
11062,2,0,2
11063,2,0,2
11064,2,0,2
11065,2,0,2
11066,2,0,2
11067,2,0,2
11068,2,0,2
11069,2,0,2
11070,2,0,2
11071,2,0,2
11072,2,0,2
11073,2,0,2
11074,2,0,2
11075,2,0,2
11076,2,0,2
11077,2,0,2
11078,2,0,2
11079,2,0,2
11080,2,0,2
11081,2,0,2
11082,2,0,2
11083,2,0,2
11084,2,0,2
11085,2,0,2
11086,2,0,2
11087,2,0,2
11088,2,0,2
11089,2,0,2
11090,2,0,2
11091,2,0,2
11092,2,0,2
11093,2,0,2
