second,idle_count,walking_count,total_count
0,0,0,0
1,0,0,0
2,0,0,0
3,0,0,0
4,0,0,0
5,0,0,0
6,0,0,0
7,0,0,0
8,0,0,0
9,0,0,0
10,0,0,0
11,0,0,0
12,0,0,0
13,0,0,0
14,0,0,0
15,0,0,0
16,0,0,0
17,0,0,0
18,0,0,0
19,0,0,0
20,0,0,0
21,0,0,0
22,0,0,0
23,0,0,0
24,0,0,0
25,1,0,1
26,1,0,1
27,1,0,1
28,1,0,1
29,1,0,1
30,1,0,1
31,1,0,1
32,1,0,1
33,1,0,1
34,1,0,1
35,1,0,1
36,1,0,1
37,1,0,1
38,1,0,1
39,1,0,1
40,1,0,1
41,1,0,1
42,1,0,1
43,1,0,1
44,1,0,1
45,1,0,1
46,1,0,1
47,1,0,1
48,1,0,1
49,1,0,1
50,1,0,1
51,1,0,1
52,1,0,1
53,1,0,1
54,1,0,1
55,1,0,1
56,1,0,1
57,1,0,1
58,1,0,1
59,1,0,1
60,1,0,1
61,1,0,1
62,1,0,1
63,1,0,1
64,2,0,2
65,2,0,2
66,3,0,3
67,3,0,3
68,3,0,3
69,3,0,3
70,3,0,3
71,3,0,3
72,3,0,3
73,2,0,2
74,2,0,2
75,2,0,2
76,2,0,2
77,2,0,2
78,2,0,2
79,2,0,2
80,2,0,2
81,2,0,2
82,2,0,2
83,2,0,2
84,2,0,2
85,2,0,2
86,2,0,2
87,2,0,2
88,2,0,2
89,2,0,2
90,2,0,2
91,2,0,2
92,2,0,2
93,2,0,2
94,2,0,2
95,2,0,2
96,2,0,2
97,2,0,2
98,2,0,2
99,2,0,2
100,2,0,2
101,2,0,2
102,2,0,2
103,2,0,2
104,2,0,2
105,2,0,2
106,2,0,2
107,2,0,2
108,2,0,2
109,2,0,2
110,2,0,2
111,2,0,2
112,2,0,2
113,2,0,2
114,2,0,2
115,2,0,2
116,2,0,2
117,2,0,2
118,2,0,2
119,2,0,2
120,2,0,2
121,2,0,2
122,2,0,2
123,2,0,2
124,2,0,2
125,2,0,2
126,2,0,2
127,2,0,2
128,2,0,2
129,2,0,2
130,2,0,2
131,2,0,2
132,2,0,2
133,2,0,2
134,2,0,2
135,2,0,2
136,2,0,2
137,2,0,2
138,2,0,2
139,2,0,2
140,2,0,2
141,2,0,2
142,2,0,2
143,2,0,2
144,2,0,2
145,2,0,2
146,2,0,2
147,2,0,2
148,2,0,2
149,2,0,2
150,2,0,2
151,2,0,2
152,2,0,2
153,2,0,2
154,2,0,2
155,2,0,2
156,2,0,2
157,2,0,2
158,2,0,2
159,2,0,2
160,2,0,2
161,2,0,2
162,2,0,2
163,2,0,2
164,1,0,1
165,1,0,1
166,1,0,1
167,0,0,0
168,0,0,0
169,0,0,0
170,0,0,0
171,0,0,0
172,0,0,0
173,0,0,0
174,0,0,0
175,0,0,0
176,0,0,0
177,0,0,0
178,0,0,0
179,0,0,0
180,0,0,0
181,0,0,0
182,0,0,0
183,0,0,0
184,0,0,0
185,0,0,0
186,0,0,0
187,0,0,0
188,0,0,0
189,0,0,0
190,0,0,0
191,0,0,0
192,0,0,0
193,0,0,0
194,0,0,0
195,0,0,0
196,0,0,0
197,0,0,0
198,0,0,0
199,0,0,0
200,0,0,0
201,0,0,0
202,0,0,0
203,0,0,0
204,0,0,0
205,0,0,0
206,0,0,0
207,0,0,0
208,0,0,0
209,0,0,0
210,0,0,0
211,0,0,0
212,0,0,0
213,0,0,0
214,0,0,0
215,0,0,0
216,0,0,0
217,0,0,0
218,0,0,0
219,0,0,0
220,0,0,0
221,0,0,0
222,0,0,0
223,0,0,0
224,0,0,0
225,0,0,0
226,0,0,0
227,0,0,0
228,0,0,0
229,0,0,0
230,0,0,0
231,0,0,0
232,0,0,0
233,0,0,0
234,0,0,0
235,0,0,0
236,0,0,0
237,0,0,0
238,0,0,0
239,1,0,1
240,1,0,1
241,1,0,1
242,1,0,1
243,1,0,1
244,1,0,1
245,1,0,1
246,1,0,1
247,1,0,1
248,1,0,1
249,1,0,1
250,1,0,1
251,1,0,1
252,1,0,1
253,1,0,1
254,1,0,1
255,1,0,1
256,1,0,1
257,1,0,1
258,1,0,1
259,1,0,1
260,1,0,1
261,1,0,1
262,1,0,1
263,1,0,1
264,1,0,1
265,1,0,1
266,1,0,1
267,1,0,1
268,1,0,1
269,1,0,1
270,1,0,1
271,1,0,1
272,1,0,1
273,1,0,1
274,1,0,1
275,1,0,1
276,1,0,1
277,1,0,1
278,1,0,1
279,1,0,1
280,1,0,1
281,1,0,1
282,1,0,1
283,1,0,1
284,1,0,1
285,1,0,1
286,1,0,1
287,1,0,1
288,1,0,1
289,0,0,0
290,0,0,0
291,0,0,0
292,0,0,0
293,0,0,0
294,0,0,0
295,0,0,0
296,0,0,0
297,0,0,0
298,0,0,0
299,0,0,0
300,0,0,0
301,0,0,0
302,0,0,0
303,0,0,0
304,0,0,0
305,0,0,0
306,0,0,0
307,0,0,0
308,0,0,0
309,0,0,0
310,0,0,0
311,0,0,0
312,0,0,0
313,0,0,0
314,0,0,0
315,0,0,0
316,0,0,0
317,0,0,0
318,0,0,0
319,0,0,0
320,0,0,0
321,0,0,0
322,0,0,0
323,0,0,0
324,0,0,0
325,0,0,0
326,0,0,0
327,0,0,0
328,0,0,0
329,0,0,0
330,0,0,0
331,0,0,0
332,0,0,0
333,0,0,0
334,0,0,0
335,0,0,0
336,0,0,0
337,0,0,0
338,0,0,0
339,0,0,0
340,0,0,0
341,0,0,0
342,0,0,0
343,0,0,0
344,0,0,0
345,0,0,0
346,0,0,0
347,0,0,0
348,0,0,0
349,0,0,0
350,0,0,0
351,0,0,0
352,0,0,0
353,0,0,0
354,0,0,0
355,0,0,0
356,0,0,0
357,0,0,0
358,0,0,0
359,0,0,0
360,0,0,0
361,0,0,0
362,0,0,0
363,0,0,0
364,0,0,0
365,0,0,0
366,0,0,0
367,0,0,0
368,0,0,0
369,0,0,0
370,0,0,0
371,0,0,0
372,0,0,0
373,0,0,0
374,0,0,0
375,0,0,0
376,0,0,0
377,0,0,0
378,0,0,0
379,0,0,0
380,0,0,0
381,0,0,0
382,0,0,0
383,0,0,0
384,0,0,0
385,0,0,0
386,0,0,0
387,0,0,0
388,0,0,0
389,0,0,0
390,0,0,0
391,0,0,0
392,0,0,0
393,0,0,0
394,0,0,0
395,0,0,0
396,0,0,0
397,0,0,0
398,0,0,0
399,0,0,0
400,0,0,0
401,0,0,0
402,0,0,0
403,0,0,0
404,0,0,0
405,0,0,0
406,0,0,0
407,0,0,0
408,0,0,0
409,0,0,0
410,0,0,0
411,0,0,0
412,0,0,0
413,0,0,0
414,0,0,0
415,0,0,0
416,0,0,0
417,0,0,0
418,0,0,0
419,0,0,0
420,0,0,0
421,0,0,0
422,0,0,0
423,0,0,0
424,0,0,0
425,0,0,0
426,0,0,0
427,0,0,0
428,0,0,0
429,0,0,0
430,0,0,0
431,0,0,0
432,0,0,0
433,0,0,0
434,0,0,0
435,0,0,0
436,0,0,0
437,0,0,0
438,0,0,0
439,0,0,0
440,0,0,0
441,0,0,0
442,0,0,0
443,0,0,0
444,0,0,0
445,0,0,0
446,0,0,0
447,0,0,0
448,0,0,0
449,0,0,0
450,0,0,0
451,0,0,0
452,0,0,0
453,0,0,0
454,0,0,0
455,0,0,0
456,1,0,1
457,1,0,1
458,1,0,1
459,1,0,1
460,1,0,1
461,1,0,1
462,1,0,1
463,1,0,1
464,1,0,1
465,1,0,1
466,1,0,1
467,1,0,1
468,1,0,1
469,1,0,1
470,1,0,1
471,1,0,1
472,1,0,1
473,1,0,1
474,1,0,1
475,1,0,1
476,1,0,1
477,1,0,1
478,1,0,1
479,1,0,1
480,1,0,1
481,1,0,1
482,1,0,1
483,1,0,1
484,1,0,1
485,1,0,1
486,1,0,1
487,1,0,1
488,1,0,1
489,1,0,1
490,1,0,1
491,1,0,1
492,1,0,1
493,1,0,1
494,1,0,1
495,1,0,1
496,1,0,1
497,1,0,1
498,1,0,1
499,1,0,1
500,1,0,1
501,1,0,1
502,0,0,0
503,0,0,0
504,0,0,0
505,0,0,0
506,0,0,0
507,0,0,0
508,0,0,0
509,0,0,0
510,0,0,0
511,0,0,0
512,0,0,0
513,0,0,0
514,0,0,0
515,0,0,0
516,0,0,0
517,0,0,0
518,0,0,0
519,0,0,0
520,0,0,0
521,0,0,0
522,0,0,0
523,0,0,0
524,0,0,0
525,0,0,0
526,0,0,0
527,0,0,0
528,0,0,0
529,0,0,0
530,0,0,0
531,0,0,0
532,0,0,0
533,0,0,0
534,0,0,0
535,0,0,0
536,0,0,0
537,0,0,0
538,0,0,0
539,0,0,0
540,0,0,0
541,0,0,0
542,0,0,0
543,0,0,0
544,0,0,0
545,0,0,0
546,0,0,0
547,0,0,0
548,0,0,0
549,0,0,0
550,0,0,0
551,0,0,0
552,0,0,0
553,0,0,0
554,0,0,0
555,0,0,0
556,0,0,0
557,0,0,0
558,0,0,0
559,0,0,0
560,0,0,0
561,0,0,0
562,0,0,0
563,0,0,0
564,0,0,0
565,0,0,0
566,0,0,0
567,0,0,0
568,0,0,0
569,0,0,0
570,0,0,0
571,0,0,0
572,0,0,0
573,0,0,0
574,0,0,0
575,0,0,0
576,0,0,0
577,0,0,0
578,0,0,0
579,0,0,0
580,0,0,0
581,0,0,0
582,0,0,0
583,0,0,0
584,0,0,0
585,0,0,0
586,0,0,0
587,0,0,0
588,0,0,0
589,0,0,0
590,0,0,0
591,0,0,0
592,0,0,0
593,0,0,0
594,0,0,0
595,0,0,0
596,0,0,0
597,0,0,0
598,0,0,0
599,0,0,0
600,0,0,0
601,0,0,0
602,0,0,0
603,0,0,0
604,0,0,0
605,0,0,0
606,0,0,0
607,0,0,0
608,0,0,0
609,0,0,0
610,0,0,0
611,0,0,0
612,0,0,0
613,0,0,0
614,0,0,0
615,0,0,0
616,0,0,0
617,0,0,0
618,0,0,0
619,0,0,0
620,0,0,0
621,0,0,0
622,0,0,0
623,0,0,0
624,0,0,0
625,0,0,0
626,0,0,0
627,0,0,0
628,0,0,0
629,0,0,0
630,0,0,0
631,0,0,0
632,0,0,0
633,0,0,0
634,0,0,0
635,0,0,0
636,0,0,0
637,0,0,0
638,0,0,0
639,0,0,0
640,0,0,0
641,0,0,0
642,0,0,0
643,0,0,0
644,0,0,0
645,0,0,0
646,0,0,0
647,0,0,0
648,0,0,0
649,0,0,0
650,0,0,0
651,0,0,0
652,0,0,0
653,0,0,0
654,0,0,0
655,0,0,0
656,0,0,0
657,0,0,0
658,0,0,0
659,0,0,0
660,0,0,0
661,0,0,0
662,0,0,0
663,0,0,0
664,0,0,0
665,0,0,0
666,0,0,0
667,0,0,0
668,0,0,0
669,0,0,0
670,0,0,0
671,0,0,0
672,0,0,0
673,0,0,0
674,0,0,0
675,0,0,0
676,0,0,0
677,0,0,0
678,0,0,0
679,0,0,0
680,0,0,0
681,0,0,0
682,0,0,0
683,0,0,0
684,0,0,0
685,0,0,0
686,0,0,0
687,0,0,0
688,0,0,0
689,0,0,0
690,0,0,0
691,0,0,0
692,0,0,0
693,0,0,0
694,0,0,0
695,0,0,0
696,0,0,0
697,0,0,0
698,0,0,0
699,0,0,0
700,0,0,0
701,0,0,0
702,0,0,0
703,0,0,0
704,0,0,0
705,0,0,0
706,0,0,0
707,0,0,0
708,0,0,0
709,0,0,0
710,0,0,0
711,0,0,0
712,0,0,0
713,0,0,0
714,0,0,0
715,0,0,0
716,0,0,0
717,0,0,0
718,0,0,0
719,0,0,0
720,0,0,0
721,0,0,0
722,0,0,0
723,0,0,0
724,0,0,0
725,0,0,0
726,0,0,0
727,0,0,0
728,0,0,0
729,0,0,0
730,0,0,0
731,0,0,0
732,0,0,0
733,0,0,0
734,0,0,0
735,0,0,0
736,0,0,0
737,0,0,0
738,0,0,0
739,0,0,0
740,0,0,0
741,0,0,0
742,0,0,0
743,0,0,0
744,0,0,0
745,0,0,0
746,0,0,0
747,0,0,0
748,0,0,0
749,0,0,0
750,0,0,0
751,0,0,0
752,0,0,0
753,0,0,0
754,0,0,0
755,0,0,0
756,0,0,0
757,0,0,0
758,0,0,0
759,0,0,0
760,0,0,0
761,0,0,0
762,0,0,0
763,0,0,0
764,0,0,0
765,0,0,0
766,0,0,0
767,0,0,0
768,0,0,0
769,0,0,0
770,0,0,0
771,0,0,0
772,0,0,0
773,0,0,0
774,0,0,0
775,0,0,0
776,0,0,0
777,0,0,0
778,0,0,0
779,0,0,0
780,0,0,0
781,0,0,0
782,0,0,0
783,0,0,0
784,0,0,0
785,0,0,0
786,0,0,0
787,0,0,0
788,0,0,0
789,0,0,0
790,0,0,0
791,0,0,0
792,0,0,0
793,0,0,0
794,0,0,0
795,0,0,0
796,0,0,0
797,0,0,0
798,0,0,0
799,0,0,0
800,0,0,0
801,0,0,0
802,0,0,0
803,0,0,0
804,0,0,0
805,0,0,0
806,0,0,0
807,0,0,0
808,0,0,0
809,0,0,0
810,0,0,0
811,0,0,0
812,0,0,0
813,0,0,0
814,0,0,0
815,0,0,0
816,0,0,0
817,0,0,0
818,0,0,0
819,0,0,0
820,0,0,0
821,0,0,0
822,0,0,0
823,0,0,0
824,0,0,0
825,0,0,0
826,0,0,0
827,0,0,0
828,0,0,0
829,0,0,0
830,0,0,0
831,0,0,0
832,0,0,0
833,0,0,0
834,0,0,0
835,0,0,0
836,0,0,0
837,0,0,0
838,0,0,0
839,0,0,0
840,0,0,0
841,0,0,0
842,0,0,0
843,0,0,0
844,0,0,0
845,0,0,0
846,0,0,0
847,0,0,0
848,0,0,0
849,0,0,0
850,0,0,0
851,0,0,0
852,0,0,0
853,0,0,0
854,0,0,0
855,0,0,0
856,0,0,0
857,0,0,0
858,0,0,0
859,0,0,0
860,0,0,0
861,0,0,0
862,0,0,0
863,0,0,0
864,0,0,0
865,0,0,0
866,0,0,0
867,0,0,0
868,0,0,0
869,0,0,0
870,0,0,0
871,0,0,0
872,0,0,0
873,0,0,0
874,0,0,0
875,0,0,0
876,0,0,0
877,0,0,0
878,0,0,0
879,0,0,0
880,0,0,0
881,0,0,0
882,0,0,0
883,0,0,0
884,0,0,0
885,0,0,0
886,0,0,0
887,0,0,0
888,0,0,0
889,0,0,0
890,0,0,0
891,0,0,0
892,0,0,0
893,0,0,0
894,0,0,0
895,0,0,0
896,0,0,0
897,0,0,0
898,0,0,0
899,0,0,0
900,0,0,0
901,0,0,0
902,0,0,0
903,0,0,0
904,0,0,0
905,0,0,0
906,0,0,0
907,0,0,0
908,0,0,0
909,0,0,0
910,0,0,0
911,0,0,0
912,0,0,0
913,0,0,0
914,0,0,0
915,0,0,0
916,0,0,0
917,0,0,0
918,0,0,0
919,0,0,0
920,0,0,0
921,0,0,0
922,0,0,0
923,0,0,0
924,0,0,0
925,0,0,0
926,0,0,0
927,0,0,0
928,0,0,0
929,0,0,0
930,0,0,0
931,0,0,0
932,0,0,0
933,0,0,0
934,0,0,0
935,0,0,0
936,0,0,0
937,0,0,0
938,0,0,0
939,0,0,0
940,0,0,0
941,0,0,0
942,0,0,0
943,0,0,0
944,0,0,0
945,0,0,0
946,0,0,0
947,0,0,0
948,0,0,0
949,0,0,0
950,0,0,0
951,0,0,0
952,0,0,0
953,0,0,0
954,0,0,0
955,0,0,0
956,0,0,0
957,0,0,0
958,0,0,0
959,0,0,0
960,0,0,0
961,0,0,0
962,0,0,0
963,0,0,0
964,0,0,0
965,0,0,0
966,0,0,0
967,0,0,0
968,0,0,0
969,0,0,0
970,0,0,0
971,0,0,0
972,0,0,0
973,0,0,0
974,0,0,0
975,0,0,0
976,0,0,0
977,0,0,0
978,0,0,0
979,0,0,0
980,0,0,0
981,0,0,0
982,0,0,0
983,0,0,0
984,0,0,0
985,0,0,0
986,0,0,0
987,0,0,0
988,0,0,0
989,0,0,0
990,0,0,0
991,0,0,0
992,0,0,0
993,0,0,0
994,0,0,0
995,0,0,0
996,0,0,0
997,0,0,0
998,0,0,0
999,0,0,0
1000,0,0,0
1001,0,0,0
1002,0,0,0
1003,0,0,0
1004,0,0,0
1005,0,0,0
1006,0,0,0
1007,0,0,0
1008,0,0,0
1009,0,0,0
1010,0,0,0
1011,0,0,0
1012,0,0,0
1013,0,0,0
1014,0,0,0
1015,0,0,0
1016,0,0,0
1017,0,0,0
1018,0,0,0
1019,0,0,0
1020,0,0,0
1021,0,0,0
1022,0,0,0
1023,0,0,0
1024,0,0,0
1025,0,0,0
1026,0,0,0
1027,0,0,0
1028,0,0,0
1029,0,0,0
1030,0,0,0
1031,0,0,0
1032,0,0,0
1033,0,0,0
1034,0,0,0
1035,0,0,0
1036,0,0,0
1037,0,0,0
1038,0,0,0
1039,0,0,0
1040,0,0,0
1041,0,0,0
1042,0,0,0
1043,0,0,0
1044,0,0,0
1045,0,0,0
1046,0,0,0
1047,0,0,0
1048,0,0,0
1049,0,0,0
1050,0,0,0
1051,0,0,0
1052,0,0,0
1053,0,0,0
1054,0,0,0
1055,0,0,0
1056,0,0,0
1057,0,0,0
1058,0,0,0
1059,0,0,0
1060,0,0,0
1061,0,0,0
1062,0,0,0
1063,0,0,0
1064,0,0,0
1065,0,0,0
1066,0,0,0
1067,0,0,0
1068,0,0,0
1069,0,0,0
1070,0,0,0
1071,0,0,0
1072,0,0,0
1073,0,0,0
1074,0,0,0
1075,0,0,0
1076,0,0,0
1077,0,0,0
1078,0,0,0
1079,0,0,0
1080,0,0,0
1081,0,0,0
1082,0,0,0
1083,0,0,0
1084,0,0,0
1085,0,0,0
1086,0,0,0
1087,0,0,0
1088,0,0,0
1089,0,0,0
1090,0,0,0
1091,0,0,0
1092,0,0,0
1093,0,0,0
1094,0,0,0
1095,0,0,0
1096,0,0,0
1097,0,0,0
1098,0,0,0
1099,0,0,0
1100,0,0,0
1101,0,0,0
1102,0,0,0
1103,0,0,0
1104,0,0,0
1105,0,0,0
1106,0,0,0
1107,0,0,0
1108,0,0,0
1109,0,0,0
1110,0,0,0
1111,0,0,0
1112,0,0,0
1113,0,0,0
1114,0,0,0
1115,0,0,0
1116,0,0,0
1117,0,0,0
1118,0,0,0
1119,0,0,0
1120,0,0,0
1121,0,0,0
1122,0,0,0
1123,0,0,0
1124,0,0,0
1125,0,0,0
1126,0,0,0
1127,0,0,0
1128,0,0,0
1129,0,0,0
1130,0,0,0
1131,0,0,0
1132,0,0,0
1133,0,0,0
1134,0,0,0
1135,0,0,0
1136,0,0,0
1137,0,0,0
1138,0,0,0
1139,0,0,0
1140,0,0,0
1141,0,0,0
1142,0,0,0
1143,0,0,0
1144,0,0,0
1145,0,0,0
1146,0,0,0
1147,0,0,0
1148,0,0,0
1149,0,0,0
1150,0,0,0
1151,0,0,0
1152,0,0,0
1153,0,0,0
1154,0,0,0
1155,0,0,0
1156,0,0,0
1157,0,0,0
1158,0,0,0
1159,0,0,0
1160,0,0,0
1161,0,0,0
1162,0,0,0
1163,0,0,0
1164,0,0,0
1165,0,0,0
1166,0,0,0
1167,0,0,0
1168,0,0,0
1169,0,0,0
1170,0,0,0
1171,0,0,0
1172,0,0,0
1173,0,0,0
1174,0,0,0
1175,0,0,0
1176,0,0,0
1177,0,0,0
1178,0,0,0
1179,0,0,0
1180,0,0,0
1181,0,0,0
1182,0,0,0
1183,0,0,0
1184,0,0,0
1185,0,0,0
1186,0,0,0
1187,0,0,0
1188,0,0,0
1189,0,0,0
1190,0,0,0
1191,0,0,0
1192,0,0,0
1193,0,0,0
1194,0,0,0
1195,0,0,0
1196,0,0,0
1197,0,0,0
1198,0,0,0
1199,0,0,0
1200,0,0,0
1201,0,0,0
1202,0,0,0
1203,0,0,0
1204,0,0,0
1205,0,0,0
1206,0,0,0
1207,0,0,0
1208,0,0,0
1209,0,0,0
1210,0,0,0
1211,0,0,0
1212,0,0,0
1213,0,0,0
1214,0,0,0
1215,0,0,0
1216,0,0,0
1217,0,0,0
1218,1,0,1
1219,1,0,1
1220,1,0,1
1221,1,0,1
1222,1,0,1
1223,1,0,1
1224,1,0,1
1225,1,0,1
1226,1,0,1
1227,1,0,1
1228,1,0,1
1229,1,0,1
1230,1,0,1
1231,1,0,1
1232,1,0,1
1233,1,0,1
1234,1,0,1
1235,1,0,1
1236,1,0,1
1237,1,0,1
1238,1,0,1
1239,1,0,1
1240,1,0,1
1241,1,0,1
1242,1,0,1
1243,1,0,1
1244,1,0,1
1245,1,0,1
1246,1,0,1
1247,1,0,1
1248,1,0,1
1249,1,0,1
1250,1,0,1
1251,1,0,1
1252,1,0,1
1253,2,0,2
1254,2,0,2
1255,2,0,2
1256,2,0,2
1257,2,0,2
1258,2,0,2
1259,2,0,2
1260,2,0,2
1261,2,0,2
1262,2,0,2
1263,2,0,2
1264,2,0,2
1265,2,0,2
1266,2,0,2
1267,2,0,2
1268,2,0,2
1269,2,0,2
1270,2,0,2
1271,2,0,2
1272,2,0,2
1273,2,0,2
1274,2,0,2
1275,2,0,2
1276,2,0,2
1277,1,0,1
1278,1,0,1
1279,1,0,1
1280,1,0,1
1281,1,0,1
1282,1,0,1
1283,1,0,1
1284,1,0,1
1285,1,0,1
1286,1,0,1
1287,1,0,1
1288,1,0,1
1289,1,0,1
1290,1,0,1
1291,1,0,1
1292,1,0,1
1293,1,0,1
1294,1,0,1
1295,1,0,1
1296,1,0,1
1297,1,0,1
1298,1,0,1
1299,1,0,1
1300,1,0,1
1301,1,0,1
1302,1,0,1
1303,1,0,1
1304,1,0,1
1305,1,0,1
1306,1,0,1
1307,1,0,1
1308,1,0,1
1309,1,0,1
1310,1,0,1
1311,1,0,1
1312,1,0,1
1313,1,0,1
1314,1,0,1
1315,1,0,1
1316,1,0,1
1317,1,0,1
1318,1,0,1
1319,1,0,1
1320,1,0,1
1321,1,0,1
1322,1,0,1
1323,1,0,1
1324,1,0,1
1325,1,0,1
1326,1,0,1
1327,1,0,1
1328,1,0,1
1329,1,0,1
1330,1,0,1
1331,1,0,1
1332,1,0,1
1333,1,0,1
1334,1,0,1
1335,1,0,1
1336,1,0,1
1337,1,0,1
1338,1,0,1
1339,1,0,1
1340,2,0,2
1341,2,0,2
1342,2,0,2
1343,2,0,2
1344,2,0,2
1345,2,0,2
1346,2,0,2
1347,2,0,2
1348,2,0,2
1349,2,0,2
1350,2,0,2
1351,2,0,2
1352,2,0,2
1353,2,0,2
1354,2,0,2
1355,1,0,1
1356,1,0,1
1357,1,0,1
1358,1,0,1
1359,1,0,1
1360,2,0,2
1361,2,0,2
1362,2,0,2
1363,2,0,2
1364,2,0,2
1365,2,0,2
1366,2,0,2
1367,2,0,2
1368,2,0,2
1369,2,0,2
1370,2,0,2
1371,2,0,2
1372,2,0,2
1373,2,0,2
1374,2,0,2
1375,2,0,2
1376,2,0,2
1377,2,0,2
1378,2,0,2
1379,2,0,2
1380,2,0,2
1381,2,0,2
1382,2,0,2
1383,2,0,2
1384,2,0,2
1385,2,0,2
1386,2,0,2
1387,2,0,2
1388,2,0,2
1389,2,0,2
1390,2,0,2
1391,2,0,2
1392,2,0,2
1393,2,0,2
1394,2,0,2
1395,2,0,2
1396,2,0,2
1397,2,0,2
1398,2,0,2
1399,2,0,2
1400,2,0,2
1401,2,0,2
1402,2,0,2
1403,2,0,2
1404,2,0,2
1405,2,0,2
1406,2,0,2
1407,2,0,2
1408,2,0,2
1409,2,0,2
1410,2,0,2
1411,1,0,1
1412,1,0,1
1413,1,0,1
1414,1,0,1
1415,1,0,1
1416,1,0,1
1417,1,0,1
1418,1,0,1
1419,1,0,1
1420,1,0,1
1421,1,0,1
1422,1,0,1
1423,1,0,1
1424,1,0,1
1425,1,0,1
1426,1,0,1
1427,1,0,1
1428,1,0,1
1429,1,0,1
1430,1,0,1
1431,1,0,1
1432,1,0,1
1433,1,0,1
1434,2,0,2
1435,2,0,2
1436,2,0,2
1437,2,0,2
1438,2,0,2
1439,2,0,2
1440,2,0,2
1441,2,0,2
1442,2,0,2
1443,2,0,2
1444,2,0,2
1445,2,0,2
1446,2,0,2
1447,2,0,2
1448,2,0,2
1449,2,0,2
1450,2,0,2
1451,2,0,2
1452,2,0,2
1453,2,0,2
1454,2,0,2
1455,2,0,2
1456,1,0,1
1457,1,0,1
1458,1,0,1
1459,1,0,1
1460,1,0,1
1461,1,0,1
1462,1,0,1
1463,1,0,1
1464,1,0,1
1465,1,0,1
1466,1,0,1
1467,1,0,1
1468,1,0,1
1469,1,0,1
1470,1,0,1
1471,1,0,1
1472,1,0,1
1473,1,0,1
1474,1,0,1
1475,1,0,1
1476,1,0,1
1477,1,0,1
1478,1,0,1
1479,1,0,1
1480,1,0,1
1481,1,0,1
1482,1,0,1
1483,1,0,1
1484,1,0,1
1485,1,0,1
1486,1,0,1
1487,1,0,1
1488,1,0,1
1489,1,0,1
1490,1,0,1
1491,1,0,1
1492,1,0,1
1493,1,0,1
1494,1,0,1
1495,1,0,1
1496,1,0,1
1497,1,0,1
1498,1,0,1
1499,1,0,1
1500,2,0,2
1501,2,0,2
1502,2,0,2
1503,2,0,2
1504,2,0,2
1505,2,0,2
1506,2,0,2
1507,2,0,2
1508,2,0,2
1509,2,0,2
1510,2,0,2
1511,2,0,2
1512,2,0,2
1513,2,0,2
1514,2,0,2
1515,2,0,2
1516,2,0,2
1517,2,0,2
1518,2,0,2
1519,2,0,2
1520,2,0,2
1521,2,0,2
1522,2,0,2
1523,2,0,2
1524,2,0,2
1525,2,0,2
1526,2,0,2
1527,2,0,2
1528,2,0,2
1529,2,0,2
1530,2,0,2
1531,2,0,2
1532,2,0,2
1533,2,0,2
1534,2,0,2
1535,2,0,2
1536,2,0,2
1537,2,0,2
1538,1,0,1
1539,1,0,1
1540,1,0,1
1541,1,0,1
1542,1,0,1
1543,1,0,1
1544,1,0,1
1545,1,0,1
1546,1,0,1
1547,1,0,1
1548,1,0,1
1549,1,0,1
1550,1,0,1
1551,1,0,1
1552,1,0,1
1553,1,0,1
1554,1,0,1
1555,1,0,1
1556,1,0,1
1557,1,0,1
1558,1,0,1
1559,1,0,1
1560,1,0,1
1561,1,0,1
1562,1,0,1
1563,1,0,1
1564,1,0,1
1565,1,0,1
1566,1,0,1
1567,1,0,1
1568,1,0,1
1569,1,0,1
1570,1,0,1
1571,1,0,1
1572,1,0,1
1573,1,0,1
1574,1,0,1
1575,1,0,1
1576,1,0,1
1577,1,0,1
1578,1,0,1
1579,1,0,1
1580,1,0,1
1581,1,0,1
1582,1,0,1
1583,1,0,1
1584,1,0,1
1585,1,0,1
1586,1,0,1
1587,1,0,1
1588,1,0,1
1589,1,0,1
1590,1,0,1
1591,1,0,1
1592,1,0,1
1593,1,0,1
1594,1,0,1
1595,1,0,1
1596,1,0,1
1597,1,0,1
1598,1,0,1
1599,1,0,1
1600,1,0,1
1601,1,0,1
1602,1,0,1
1603,1,0,1
1604,1,0,1
1605,1,0,1
1606,1,0,1
1607,1,0,1
1608,1,0,1
1609,1,0,1
1610,1,0,1
1611,1,0,1
1612,1,0,1
1613,1,0,1
1614,1,0,1
1615,1,0,1
1616,1,0,1
1617,1,0,1
1618,1,0,1
1619,1,0,1
1620,2,0,2
1621,2,0,2
1622,2,0,2
1623,2,0,2
1624,2,0,2
1625,2,0,2
1626,2,0,2
1627,2,0,2
1628,2,0,2
1629,2,0,2
1630,2,0,2
1631,2,0,2
1632,2,0,2
1633,2,0,2
1634,2,0,2
1635,2,0,2
1636,2,0,2
1637,2,0,2
1638,2,0,2
1639,2,0,2
1640,2,0,2
1641,2,0,2
1642,2,0,2
1643,2,0,2
1644,2,0,2
1645,2,0,2
1646,2,0,2
1647,2,0,2
1648,2,0,2
1649,2,0,2
1650,2,0,2
1651,2,0,2
1652,2,0,2
1653,2,0,2
1654,2,0,2
1655,2,0,2
1656,2,0,2
1657,2,0,2
1658,2,0,2
1659,2,0,2
1660,2,0,2
1661,2,0,2
1662,2,0,2
1663,2,0,2
1664,2,0,2
1665,2,0,2
1666,2,0,2
1667,3,0,3
1668,3,0,3
1669,3,0,3
1670,3,0,3
1671,3,0,3
1672,3,0,3
1673,3,0,3
1674,3,0,3
1675,3,0,3
1676,2,0,2
1677,2,0,2
1678,2,0,2
1679,2,0,2
1680,2,0,2
1681,2,0,2
1682,2,0,2
1683,2,0,2
1684,2,0,2
1685,2,0,2
1686,2,0,2
1687,2,0,2
1688,2,0,2
1689,2,0,2
1690,2,0,2
1691,1,0,1
1692,1,0,1
1693,1,0,1
1694,1,0,1
1695,1,0,1
1696,1,0,1
1697,1,0,1
1698,1,0,1
1699,1,0,1
1700,1,0,1
1701,1,0,1
1702,1,0,1
1703,1,0,1
1704,1,0,1
1705,1,0,1
1706,1,0,1
1707,1,0,1
1708,1,0,1
1709,1,0,1
1710,1,0,1
1711,1,0,1
1712,1,0,1
1713,1,0,1
1714,1,0,1
1715,1,0,1
1716,1,0,1
1717,1,0,1
1718,1,0,1
1719,1,0,1
1720,1,0,1
1721,1,0,1
1722,1,0,1
1723,1,0,1
1724,1,0,1
1725,1,0,1
1726,1,0,1
1727,1,0,1
1728,1,0,1
1729,1,0,1
1730,1,0,1
1731,1,0,1
1732,1,0,1
1733,1,0,1
1734,1,0,1
1735,1,0,1
1736,1,0,1
1737,1,0,1
1738,1,0,1
1739,1,0,1
1740,1,0,1
1741,1,0,1
1742,2,0,2
1743,2,0,2
1744,2,0,2
1745,2,0,2
1746,2,0,2
1747,2,0,2
1748,2,0,2
1749,2,0,2
1750,2,0,2
1751,2,0,2
1752,2,0,2
1753,2,0,2
1754,2,0,2
1755,2,0,2
1756,2,0,2
1757,2,0,2
1758,2,0,2
1759,2,0,2
1760,2,0,2
1761,2,0,2
1762,2,0,2
1763,2,0,2
1764,2,0,2
1765,2,0,2
1766,2,0,2
1767,2,0,2
1768,2,0,2
1769,2,0,2
1770,2,0,2
1771,2,0,2
1772,2,0,2
1773,2,0,2
1774,2,0,2
1775,2,0,2
1776,2,0,2
1777,2,0,2
1778,2,0,2
1779,2,0,2
1780,2,0,2
1781,2,0,2
1782,2,0,2
1783,2,0,2
1784,2,0,2
1785,2,0,2
1786,2,0,2
1787,2,0,2
1788,2,0,2
1789,2,0,2
1790,2,0,2
1791,2,0,2
1792,2,0,2
1793,2,0,2
1794,2,0,2
1795,2,0,2
1796,2,0,2
1797,2,0,2
1798,2,0,2
1799,2,0,2
1800,2,0,2
1801,2,0,2
1802,2,0,2
1803,2,0,2
1804,2,0,2
1805,2,0,2
1806,2,0,2
1807,2,0,2
1808,2,0,2
1809,2,0,2
1810,2,0,2
1811,2,0,2
1812,1,0,1
1813,1,0,1
1814,1,0,1
1815,1,0,1
1816,1,0,1
1817,1,0,1
1818,1,0,1
1819,1,0,1
1820,1,0,1
1821,1,0,1
1822,1,0,1
1823,1,0,1
1824,1,0,1
1825,1,0,1
1826,1,0,1
1827,1,0,1
1828,1,0,1
1829,1,0,1
1830,1,0,1
1831,1,0,1
1832,1,0,1
1833,1,0,1
1834,1,0,1
1835,2,0,2
1836,2,0,2
1837,2,0,2
1838,2,0,2
1839,2,0,2
1840,2,0,2
1841,2,0,2
1842,2,0,2
1843,2,0,2
1844,2,0,2
1845,2,0,2
1846,2,0,2
1847,2,0,2
1848,2,0,2
1849,2,0,2
1850,2,0,2
1851,2,0,2
1852,2,0,2
1853,2,0,2
1854,2,0,2
1855,2,0,2
1856,2,0,2
1857,2,0,2
1858,2,0,2
1859,2,0,2
1860,2,0,2
1861,2,0,2
1862,2,0,2
1863,2,0,2
1864,2,0,2
1865,2,0,2
1866,2,0,2
1867,2,0,2
1868,2,0,2
1869,2,0,2
1870,2,0,2
1871,1,0,1
1872,1,0,1
1873,1,0,1
1874,1,0,1
1875,1,0,1
1876,1,0,1
1877,1,0,1
1878,1,0,1
1879,1,0,1
1880,1,0,1
1881,1,0,1
1882,1,0,1
1883,1,0,1
1884,1,0,1
1885,1,0,1
1886,1,0,1
1887,1,0,1
1888,1,0,1
1889,1,0,1
1890,1,0,1
1891,1,0,1
1892,2,0,2
1893,2,0,2
1894,2,0,2
1895,2,0,2
1896,2,0,2
1897,2,0,2
1898,2,0,2
1899,2,0,2
1900,2,0,2
1901,2,0,2
1902,2,0,2
1903,2,0,2
1904,2,0,2
1905,2,0,2
1906,2,0,2
1907,2,0,2
1908,2,0,2
1909,2,0,2
1910,2,0,2
1911,2,0,2
1912,2,0,2
1913,2,0,2
1914,2,0,2
1915,2,0,2
1916,2,0,2
1917,2,0,2
1918,2,0,2
1919,2,0,2
1920,2,0,2
1921,1,0,1
1922,1,0,1
1923,1,0,1
1924,1,0,1
1925,1,0,1
1926,1,0,1
1927,1,0,1
1928,1,0,1
1929,1,0,1
1930,1,0,1
1931,1,0,1
1932,1,0,1
1933,1,0,1
1934,1,0,1
1935,1,0,1
1936,1,0,1
1937,1,0,1
1938,2,0,2
1939,2,0,2
1940,2,0,2
1941,2,0,2
1942,2,0,2
1943,2,0,2
1944,2,0,2
1945,2,0,2
1946,2,0,2
1947,2,0,2
1948,2,0,2
1949,2,0,2
1950,2,0,2
1951,2,0,2
1952,2,0,2
1953,2,0,2
1954,2,0,2
1955,2,0,2
1956,2,0,2
1957,2,0,2
1958,2,0,2
1959,2,0,2
1960,2,0,2
1961,2,0,2
1962,2,0,2
1963,2,0,2
1964,2,0,2
1965,2,0,2
1966,2,0,2
1967,2,0,2
1968,2,0,2
1969,2,0,2
1970,2,0,2
1971,2,0,2
1972,2,0,2
1973,2,0,2
1974,2,0,2
1975,2,0,2
1976,2,0,2
1977,2,0,2
1978,2,0,2
1979,2,0,2
1980,2,0,2
1981,2,0,2
1982,2,0,2
1983,2,0,2
1984,2,0,2
1985,2,0,2
1986,2,0,2
1987,2,0,2
1988,2,0,2
1989,2,0,2
1990,2,0,2
1991,2,0,2
1992,2,0,2
1993,2,0,2
1994,2,0,2
1995,2,0,2
1996,1,0,1
1997,1,0,1
1998,1,0,1
1999,1,0,1
2000,1,0,1
2001,1,0,1
2002,1,0,1
2003,1,0,1
2004,1,0,1
2005,1,0,1
2006,2,0,2
2007,2,0,2
2008,3,0,3
2009,3,0,3
2010,3,0,3
2011,3,0,3
2012,3,0,3
2013,3,0,3
2014,3,0,3
2015,3,0,3
2016,3,0,3
2017,3,0,3
2018,3,0,3
2019,3,0,3
2020,3,0,3
2021,3,0,3
2022,3,0,3
2023,3,0,3
2024,3,0,3
2025,3,0,3
2026,3,0,3
2027,3,0,3
2028,3,0,3
2029,3,0,3
2030,3,0,3
2031,3,0,3
2032,3,0,3
2033,3,0,3
2034,3,0,3
2035,3,0,3
2036,3,0,3
2037,3,0,3
2038,3,0,3
2039,3,0,3
2040,3,0,3
2041,3,0,3
2042,3,0,3
2043,3,0,3
2044,3,0,3
2045,3,0,3
2046,2,0,2
2047,2,0,2
2048,1,0,1
2049,1,0,1
2050,1,0,1
2051,1,0,1
2052,1,0,1
2053,1,0,1
2054,1,0,1
2055,1,0,1
2056,1,0,1
2057,1,0,1
2058,1,0,1
2059,1,0,1
2060,1,0,1
2061,1,0,1
2062,1,0,1
2063,1,0,1
2064,1,0,1
2065,1,0,1
2066,1,0,1
2067,1,0,1
2068,1,0,1
2069,1,0,1
2070,1,0,1
2071,1,0,1
2072,1,0,1
2073,1,0,1
2074,1,0,1
2075,1,0,1
2076,1,0,1
2077,1,0,1
2078,1,0,1
2079,1,0,1
2080,1,0,1
2081,1,0,1
2082,1,0,1
2083,1,0,1
2084,1,0,1
2085,1,0,1
2086,1,0,1
2087,1,0,1
2088,1,0,1
2089,1,0,1
2090,1,0,1
2091,1,0,1
2092,1,0,1
2093,1,0,1
2094,1,0,1
2095,1,0,1
2096,1,0,1
2097,1,0,1
2098,1,0,1
2099,1,0,1
2100,1,0,1
2101,1,0,1
2102,1,0,1
2103,1,0,1
2104,1,0,1
2105,1,0,1
2106,2,0,2
2107,2,0,2
2108,2,0,2
2109,2,0,2
2110,2,0,2
2111,2,0,2
2112,2,0,2
2113,2,0,2
2114,2,0,2
2115,2,0,2
2116,2,0,2
2117,2,0,2
2118,2,0,2
2119,2,0,2
2120,2,0,2
2121,2,0,2
2122,2,0,2
2123,2,0,2
2124,2,0,2
2125,2,0,2
2126,2,0,2
2127,2,0,2
2128,2,0,2
2129,2,0,2
2130,2,0,2
2131,2,0,2
2132,2,0,2
2133,2,0,2
2134,2,0,2
2135,2,0,2
2136,1,0,1
2137,1,0,1
2138,1,0,1
2139,1,0,1
2140,1,0,1
2141,1,0,1
2142,1,0,1
2143,1,0,1
2144,0,0,0
2145,0,0,0
2146,0,0,0
2147,0,0,0
2148,0,0,0
2149,0,0,0
2150,0,0,0
2151,0,0,0
2152,0,0,0
2153,0,0,0
2154,0,0,0
2155,0,0,0
2156,0,0,0
2157,0,0,0
2158,0,0,0
2159,0,0,0
2160,0,0,0
2161,0,0,0
2162,0,0,0
2163,0,0,0
2164,0,0,0
2165,0,0,0
2166,0,0,0
2167,0,0,0
2168,0,0,0
2169,0,0,0
2170,0,0,0
2171,0,0,0
2172,0,0,0
2173,0,0,0
2174,0,0,0
2175,0,0,0
2176,0,0,0
2177,0,0,0
2178,0,0,0
2179,0,0,0
2180,0,0,0
2181,0,0,0
2182,0,0,0
2183,0,0,0
2184,0,0,0
2185,0,0,0
2186,0,0,0
2187,0,0,0
2188,0,0,0
2189,0,0,0
2190,0,0,0
2191,0,0,0
2192,0,0,0
2193,0,0,0
2194,0,0,0
2195,0,0,0
2196,0,0,0
2197,0,0,0
2198,0,0,0
2199,0,0,0
2200,0,0,0
2201,0,0,0
2202,0,0,0
2203,0,0,0
2204,0,0,0
2205,0,0,0
2206,0,0,0
2207,0,0,0
2208,0,0,0
2209,0,0,0
2210,0,0,0
2211,0,0,0
2212,0,0,0
2213,0,0,0
2214,0,0,0
2215,0,0,0
2216,0,0,0
2217,0,0,0
2218,0,0,0
2219,0,0,0
2220,0,0,0
2221,0,0,0
2222,0,0,0
2223,0,0,0
2224,0,0,0
2225,0,0,0
2226,0,0,0
2227,0,0,0
2228,0,0,0
2229,0,0,0
2230,0,0,0
2231,0,0,0
2232,0,0,0
2233,0,0,0
2234,0,0,0
2235,0,0,0
2236,0,0,0
2237,0,0,0
2238,0,0,0
2239,0,0,0
2240,0,0,0
2241,0,0,0
2242,0,0,0
2243,0,0,0
2244,0,0,0
2245,0,0,0
2246,0,0,0
2247,0,0,0
2248,0,0,0
2249,0,0,0
2250,0,0,0
2251,0,0,0
2252,0,0,0
2253,0,0,0
2254,0,0,0
2255,0,0,0
2256,0,0,0
2257,0,0,0
2258,0,0,0
2259,0,0,0
2260,0,0,0
2261,0,0,0
2262,0,0,0
2263,0,0,0
2264,0,0,0
2265,0,0,0
2266,0,0,0
2267,0,0,0
2268,0,0,0
2269,0,0,0
2270,0,0,0
2271,0,0,0
2272,0,0,0
2273,0,0,0
2274,0,0,0
2275,0,0,0
2276,0,0,0
2277,0,0,0
2278,0,0,0
2279,0,0,0
2280,0,0,0
2281,0,0,0
2282,0,0,0
2283,0,0,0
2284,0,0,0
2285,0,0,0
2286,0,0,0
2287,0,0,0
2288,0,0,0
2289,0,0,0
2290,0,0,0
2291,0,0,0
2292,0,0,0
2293,0,0,0
2294,0,0,0
2295,0,0,0
2296,0,0,0
2297,0,0,0
2298,0,0,0
2299,0,0,0
2300,0,0,0
2301,0,0,0
2302,0,0,0
2303,0,0,0
2304,0,0,0
2305,0,0,0
2306,0,0,0
2307,0,0,0
2308,0,0,0
2309,0,0,0
2310,0,0,0
2311,0,0,0
2312,0,0,0
2313,0,0,0
2314,0,0,0
2315,0,0,0
2316,0,0,0
2317,0,0,0
2318,0,0,0
2319,0,0,0
2320,0,0,0
2321,0,0,0
2322,0,0,0
2323,0,0,0
2324,0,0,0
2325,0,0,0
2326,0,0,0
2327,0,0,0
2328,0,0,0
2329,0,0,0
2330,0,0,0
2331,0,0,0
2332,0,0,0
2333,0,0,0
2334,0,0,0
2335,0,0,0
2336,0,0,0
2337,0,0,0
2338,0,0,0
2339,0,0,0
2340,0,0,0
2341,0,0,0
2342,0,0,0
2343,0,0,0
2344,0,0,0
2345,0,0,0
2346,0,0,0
2347,0,0,0
2348,0,0,0
2349,0,0,0
2350,0,0,0
2351,0,0,0
2352,0,0,0
2353,0,0,0
2354,0,0,0
2355,1,0,1
2356,1,0,1
2357,1,0,1
2358,1,0,1
2359,1,0,1
2360,1,0,1
2361,1,0,1
2362,1,0,1
2363,1,0,1
2364,1,0,1
2365,1,0,1
2366,1,0,1
2367,1,0,1
2368,1,0,1
2369,1,0,1
2370,1,0,1
2371,1,0,1
2372,1,0,1
2373,1,0,1
2374,1,0,1
2375,1,0,1
2376,1,0,1
2377,1,0,1
2378,1,0,1
2379,1,0,1
2380,1,0,1
2381,1,0,1
2382,1,0,1
2383,1,0,1
2384,1,0,1
2385,1,0,1
2386,1,0,1
2387,1,0,1
2388,1,0,1
2389,1,0,1
2390,1,0,1
2391,1,0,1
2392,1,0,1
2393,1,0,1
2394,1,0,1
2395,1,0,1
2396,1,0,1
2397,1,0,1
2398,1,0,1
2399,1,0,1
2400,1,0,1
2401,1,0,1
2402,1,0,1
2403,1,0,1
2404,1,0,1
2405,1,0,1
2406,1,0,1
2407,1,0,1
2408,1,0,1
2409,1,0,1
2410,1,0,1
2411,1,0,1
2412,2,0,2
2413,2,0,2
2414,2,0,2
2415,2,0,2
2416,2,0,2
2417,2,0,2
2418,2,0,2
2419,2,0,2
2420,2,0,2
2421,2,0,2
2422,2,0,2
2423,2,0,2
2424,2,0,2
2425,2,0,2
2426,2,0,2
2427,2,0,2
2428,2,0,2
2429,1,0,1
2430,1,0,1
2431,1,0,1
2432,1,0,1
2433,1,0,1
2434,1,0,1
2435,1,0,1
2436,1,0,1
2437,1,0,1
2438,1,0,1
2439,1,0,1
2440,1,0,1
2441,1,0,1
2442,1,0,1
2443,1,0,1
2444,1,0,1
2445,1,0,1
2446,1,0,1
2447,1,0,1
2448,1,0,1
2449,1,0,1
2450,1,0,1
2451,1,0,1
2452,1,0,1
2453,1,0,1
2454,1,0,1
2455,1,0,1
2456,1,0,1
2457,1,0,1
2458,1,0,1
2459,1,0,1
2460,1,0,1
2461,1,0,1
2462,1,0,1
2463,1,0,1
2464,1,0,1
2465,1,0,1
2466,1,0,1
2467,1,0,1
2468,1,0,1
2469,1,0,1
2470,1,0,1
2471,1,0,1
2472,1,0,1
2473,1,0,1
2474,1,0,1
2475,1,0,1
2476,1,0,1
2477,1,0,1
2478,1,0,1
2479,1,0,1
2480,1,0,1
2481,1,0,1
2482,1,0,1
2483,1,0,1
2484,1,0,1
2485,1,0,1
2486,1,0,1
2487,1,0,1
2488,1,0,1
2489,1,0,1
2490,1,0,1
2491,1,0,1
2492,1,0,1
2493,1,0,1
2494,1,0,1
2495,1,0,1
2496,1,0,1
2497,1,0,1
2498,1,0,1
2499,1,0,1
2500,1,0,1
2501,1,0,1
2502,1,0,1
2503,1,0,1
2504,1,0,1
2505,1,0,1
2506,1,0,1
2507,1,0,1
2508,1,0,1
2509,1,0,1
2510,1,0,1
2511,1,0,1
2512,1,0,1
2513,1,0,1
2514,1,0,1
2515,1,0,1
2516,1,0,1
2517,1,0,1
2518,1,0,1
2519,1,0,1
2520,1,0,1
2521,1,0,1
2522,1,0,1
2523,1,0,1
2524,1,0,1
2525,1,0,1
2526,1,0,1
2527,1,0,1
2528,1,0,1
2529,1,0,1
2530,1,0,1
2531,1,0,1
2532,1,0,1
2533,1,0,1
2534,1,0,1
2535,1,0,1
2536,1,0,1
2537,1,0,1
2538,1,0,1
2539,1,0,1
2540,1,0,1
2541,1,0,1
2542,1,0,1
2543,1,0,1
2544,1,0,1
2545,1,0,1
2546,1,0,1
2547,1,0,1
2548,1,0,1
2549,1,0,1
2550,1,0,1
2551,1,0,1
2552,1,0,1
2553,1,0,1
2554,1,0,1
2555,1,0,1
2556,1,0,1
2557,1,0,1
2558,1,0,1
2559,1,0,1
2560,1,0,1
2561,1,0,1
2562,1,0,1
2563,1,0,1
2564,1,0,1
2565,1,0,1
2566,1,0,1
2567,1,0,1
2568,1,0,1
2569,1,0,1
2570,1,0,1
2571,1,0,1
2572,1,0,1
2573,1,0,1
2574,1,0,1
2575,1,0,1
2576,1,0,1
2577,1,0,1
2578,1,0,1
2579,1,0,1
2580,1,0,1
2581,1,0,1
2582,1,0,1
2583,1,0,1
2584,1,0,1
2585,1,0,1
2586,1,0,1
2587,1,0,1
2588,1,0,1
2589,1,0,1
2590,1,0,1
2591,1,0,1
2592,1,0,1
2593,1,0,1
2594,1,0,1
2595,1,0,1
2596,1,0,1
2597,1,0,1
2598,1,0,1
2599,1,0,1
2600,1,0,1
2601,1,0,1
2602,1,0,1
2603,1,0,1
2604,1,0,1
2605,1,0,1
2606,1,0,1
2607,1,0,1
2608,1,0,1
2609,1,0,1
2610,2,0,2
2611,2,0,2
2612,2,0,2
2613,2,0,2
2614,2,0,2
2615,2,0,2
2616,2,0,2
2617,2,0,2
2618,2,0,2
2619,2,0,2
2620,2,0,2
2621,2,0,2
2622,2,0,2
2623,2,0,2
2624,2,0,2
2625,2,0,2
2626,2,0,2
2627,2,0,2
2628,2,0,2
2629,2,0,2
2630,2,0,2
2631,2,0,2
2632,2,0,2
2633,2,0,2
2634,2,0,2
2635,2,0,2
2636,2,0,2
2637,2,0,2
2638,2,0,2
2639,2,0,2
2640,2,0,2
2641,2,0,2
2642,2,0,2
2643,2,0,2
2644,2,0,2
2645,2,0,2
2646,2,0,2
2647,2,0,2
2648,2,0,2
2649,2,0,2
2650,2,0,2
2651,2,0,2
2652,2,0,2
2653,2,0,2
2654,2,0,2
2655,2,0,2
2656,2,0,2
2657,2,0,2
2658,3,0,3
2659,3,0,3
2660,3,0,3
2661,2,0,2
2662,2,0,2
2663,2,0,2
2664,2,0,2
2665,2,0,2
2666,2,0,2
2667,2,0,2
2668,2,0,2
2669,2,0,2
2670,2,0,2
2671,2,0,2
2672,2,0,2
2673,2,0,2
2674,2,0,2
2675,2,0,2
2676,2,0,2
2677,2,0,2
2678,2,0,2
2679,1,0,1
2680,1,0,1
2681,1,0,1
2682,1,0,1
2683,1,0,1
2684,1,0,1
2685,1,0,1
2686,1,0,1
2687,1,0,1
2688,1,0,1
2689,1,0,1
2690,2,0,2
2691,2,0,2
2692,2,0,2
2693,2,0,2
2694,2,0,2
2695,2,0,2
2696,2,0,2
2697,2,0,2
2698,2,0,2
2699,2,0,2
2700,2,0,2
2701,2,0,2
2702,2,0,2
2703,2,0,2
2704,2,0,2
2705,2,0,2
2706,2,0,2
2707,2,0,2
2708,2,0,2
2709,2,0,2
2710,2,0,2
2711,2,0,2
2712,2,0,2
2713,2,0,2
2714,2,0,2
2715,2,0,2
2716,2,0,2
2717,2,0,2
2718,2,0,2
2719,2,0,2
2720,2,0,2
2721,2,0,2
2722,2,0,2
2723,2,0,2
2724,2,0,2
2725,2,0,2
2726,2,0,2
2727,2,0,2
2728,3,0,3
2729,3,0,3
2730,3,0,3
2731,3,0,3
2732,3,0,3
2733,3,0,3
2734,3,0,3
2735,3,0,3
2736,3,0,3
2737,3,0,3
2738,3,0,3
2739,3,0,3
2740,4,0,4
2741,4,0,4
2742,4,0,4
2743,4,0,4
2744,4,0,4
2745,4,0,4
2746,4,0,4
2747,4,0,4
2748,4,0,4
2749,4,0,4
2750,4,0,4
2751,4,0,4
2752,4,0,4
2753,4,0,4
2754,4,0,4
2755,4,0,4
2756,4,0,4
2757,4,0,4
2758,4,0,4
2759,4,0,4
2760,4,0,4
2761,4,0,4
2762,4,0,4
2763,4,0,4
2764,3,0,3
2765,3,0,3
2766,3,0,3
2767,3,0,3
2768,3,0,3
2769,3,0,3
2770,3,0,3
2771,3,0,3
2772,3,0,3
2773,3,0,3
2774,3,0,3
2775,3,0,3
2776,3,0,3
2777,3,0,3
2778,3,0,3
2779,3,0,3
2780,3,0,3
2781,3,0,3
2782,3,0,3
2783,3,0,3
2784,3,0,3
2785,3,0,3
2786,3,0,3
2787,3,0,3
2788,3,0,3
2789,3,0,3
2790,2,0,2
2791,2,0,2
2792,2,0,2
2793,2,0,2
2794,2,0,2
2795,2,0,2
2796,2,0,2
2797,2,0,2
2798,2,0,2
2799,2,0,2
2800,2,0,2
2801,2,0,2
2802,2,0,2
2803,2,0,2
2804,2,0,2
2805,2,0,2
2806,2,0,2
2807,2,0,2
2808,2,0,2
2809,2,0,2
2810,2,0,2
2811,2,0,2
2812,2,0,2
2813,2,0,2
2814,3,0,3
2815,3,0,3
2816,3,0,3
2817,3,0,3
2818,3,0,3
2819,3,0,3
2820,3,0,3
2821,3,0,3
2822,3,0,3
2823,3,0,3
2824,3,0,3
2825,3,0,3
2826,3,0,3
2827,3,0,3
2828,3,0,3
2829,3,0,3
2830,3,0,3
2831,2,0,2
2832,2,0,2
2833,2,0,2
2834,2,0,2
2835,2,0,2
2836,2,0,2
2837,2,0,2
2838,3,0,3
2839,3,0,3
2840,3,0,3
2841,3,0,3
2842,3,0,3
2843,3,0,3
2844,3,0,3
2845,3,0,3
2846,3,0,3
2847,3,0,3
2848,3,0,3
2849,3,0,3
2850,3,0,3
2851,3,0,3
2852,3,0,3
2853,3,0,3
2854,2,0,2
2855,2,0,2
2856,2,0,2
2857,2,0,2
2858,2,0,2
2859,2,0,2
2860,2,0,2
2861,2,0,2
2862,2,0,2
2863,2,0,2
2864,2,0,2
2865,2,0,2
2866,2,0,2
2867,2,0,2
2868,2,0,2
2869,2,0,2
2870,2,0,2
2871,2,0,2
2872,2,0,2
2873,2,0,2
2874,2,0,2
2875,2,0,2
2876,2,0,2
2877,2,0,2
2878,2,0,2
2879,3,0,3
2880,3,0,3
2881,3,0,3
2882,3,0,3
2883,3,0,3
2884,3,0,3
2885,3,0,3
2886,3,0,3
2887,3,0,3
2888,3,0,3
2889,3,0,3
2890,3,0,3
2891,3,0,3
2892,3,0,3
2893,3,0,3
2894,3,0,3
2895,3,0,3
2896,3,0,3
2897,3,0,3
2898,3,0,3
2899,3,0,3
2900,3,0,3
2901,3,0,3
2902,3,0,3
2903,3,0,3
2904,3,0,3
2905,3,0,3
2906,3,0,3
2907,3,0,3
2908,3,0,3
2909,3,0,3
2910,3,0,3
2911,3,0,3
2912,3,0,3
2913,3,0,3
2914,3,0,3
2915,3,0,3
2916,3,0,3
2917,3,0,3
2918,3,0,3
2919,3,0,3
2920,3,0,3
2921,3,0,3
2922,3,0,3
2923,3,0,3
2924,3,0,3
2925,3,0,3
2926,3,0,3
2927,3,0,3
2928,3,0,3
2929,3,0,3
2930,3,0,3
2931,3,0,3
2932,3,0,3
2933,3,0,3
2934,4,0,4
2935,4,0,4
2936,4,0,4
2937,4,0,4
2938,4,0,4
2939,4,0,4
2940,4,0,4
2941,4,0,4
2942,4,0,4
2943,4,0,4
2944,4,0,4
2945,4,0,4
2946,4,0,4
2947,4,0,4
2948,3,0,3
2949,3,0,3
2950,3,0,3
2951,3,0,3
2952,3,0,3
2953,3,0,3
2954,2,0,2
2955,2,0,2
2956,2,0,2
2957,2,0,2
2958,2,0,2
2959,2,0,2
2960,2,0,2
2961,2,0,2
2962,2,0,2
2963,2,0,2
2964,2,0,2
2965,2,0,2
2966,2,0,2
2967,2,0,2
2968,2,0,2
2969,3,0,3
2970,3,0,3
2971,3,0,3
2972,3,0,3
2973,3,0,3
2974,3,0,3
2975,3,0,3
2976,3,0,3
2977,3,0,3
2978,3,0,3
2979,3,0,3
2980,3,0,3
2981,3,0,3
2982,3,0,3
2983,3,0,3
2984,3,0,3
2985,3,0,3
2986,3,0,3
2987,3,0,3
2988,3,0,3
2989,3,0,3
2990,3,0,3
2991,3,0,3
2992,3,0,3
2993,3,0,3
2994,3,0,3
2995,3,0,3
2996,3,0,3
2997,3,0,3
2998,3,0,3
2999,3,0,3
3000,3,0,3
3001,3,0,3
3002,3,0,3
3003,3,0,3
3004,3,0,3
3005,3,0,3
3006,3,0,3
3007,3,0,3
3008,3,0,3
3009,3,0,3
3010,3,0,3
3011,3,0,3
3012,3,0,3
3013,3,0,3
3014,3,0,3
3015,3,0,3
3016,3,0,3
3017,2,0,2
3018,2,0,2
3019,2,0,2
3020,2,0,2
3021,2,0,2
3022,2,0,2
3023,2,0,2
3024,2,0,2
3025,2,0,2
3026,2,0,2
3027,2,0,2
3028,2,0,2
3029,2,0,2
3030,2,0,2
3031,2,0,2
3032,2,0,2
3033,2,0,2
3034,2,0,2
3035,2,0,2
3036,2,0,2
3037,2,0,2
3038,2,0,2
3039,2,0,2
3040,2,0,2
3041,2,0,2
3042,2,0,2
3043,2,0,2
3044,2,0,2
3045,2,0,2
3046,2,0,2
3047,2,0,2
3048,2,0,2
3049,2,0,2
3050,2,0,2
3051,2,0,2
3052,2,0,2
3053,2,0,2
3054,2,0,2
3055,2,0,2
3056,2,0,2
3057,2,0,2
3058,2,0,2
3059,2,0,2
3060,2,0,2
3061,2,0,2
3062,2,0,2
3063,2,0,2
3064,2,0,2
3065,2,0,2
3066,2,0,2
3067,2,0,2
3068,2,0,2
3069,2,0,2
3070,2,0,2
3071,2,0,2
3072,2,0,2
3073,2,0,2
3074,2,0,2
3075,2,0,2
3076,2,0,2
3077,2,0,2
3078,2,0,2
3079,2,0,2
3080,2,0,2
3081,2,0,2
3082,2,0,2
3083,2,0,2
3084,2,0,2
3085,2,0,2
3086,2,0,2
3087,2,0,2
3088,2,0,2
3089,2,0,2
3090,2,0,2
3091,2,0,2
3092,2,0,2
3093,2,0,2
3094,2,0,2
3095,2,0,2
3096,2,0,2
3097,2,0,2
3098,2,0,2
3099,2,0,2
3100,2,0,2
3101,2,0,2
3102,2,0,2
3103,2,0,2
3104,2,0,2
3105,2,0,2
3106,2,0,2
3107,2,0,2
3108,2,0,2
3109,3,0,3
3110,3,0,3
3111,3,0,3
3112,3,0,3
3113,3,0,3
3114,3,0,3
3115,3,0,3
3116,3,0,3
3117,3,0,3
3118,3,0,3
3119,3,0,3
3120,3,0,3
3121,3,0,3
3122,3,0,3
3123,3,0,3
3124,3,0,3
3125,3,0,3
3126,3,0,3
3127,3,0,3
3128,3,0,3
3129,3,0,3
3130,3,0,3
3131,3,0,3
3132,3,0,3
3133,3,0,3
3134,3,0,3
3135,3,0,3
3136,3,0,3
3137,2,0,2
3138,2,0,2
3139,2,0,2
3140,2,0,2
3141,2,0,2
3142,2,0,2
3143,2,0,2
3144,2,0,2
3145,2,0,2
3146,2,0,2
3147,2,0,2
3148,2,0,2
3149,2,0,2
3150,2,0,2
3151,2,0,2
3152,2,0,2
3153,2,0,2
3154,2,0,2
3155,2,0,2
3156,2,0,2
3157,2,0,2
3158,2,0,2
3159,2,0,2
3160,2,0,2
3161,2,0,2
3162,2,0,2
3163,2,0,2
3164,2,0,2
3165,2,0,2
3166,2,0,2
3167,2,0,2
3168,2,0,2
3169,2,0,2
3170,2,0,2
3171,2,0,2
3172,2,0,2
3173,2,0,2
3174,2,0,2
3175,2,0,2
3176,2,0,2
3177,2,0,2
3178,2,0,2
3179,2,0,2
3180,3,0,3
3181,3,0,3
3182,3,0,3
3183,3,0,3
3184,3,0,3
3185,3,0,3
3186,3,0,3
3187,3,0,3
3188,3,0,3
3189,3,0,3
3190,3,0,3
3191,3,0,3
3192,3,0,3
3193,3,0,3
3194,3,0,3
3195,3,0,3
3196,3,0,3
3197,3,0,3
3198,3,0,3
3199,2,0,2
3200,2,0,2
3201,2,0,2
3202,2,0,2
3203,2,0,2
3204,2,0,2
3205,2,0,2
3206,2,0,2
3207,1,0,1
3208,1,0,1
3209,1,0,1
3210,1,0,1
3211,1,0,1
3212,1,0,1
3213,1,0,1
3214,1,0,1
3215,1,0,1
3216,1,0,1
3217,1,0,1
3218,1,0,1
3219,1,0,1
3220,1,0,1
3221,1,0,1
3222,1,0,1
3223,1,0,1
3224,1,0,1
3225,1,0,1
3226,1,0,1
3227,1,0,1
3228,1,0,1
3229,1,0,1
3230,1,0,1
3231,1,0,1
3232,1,0,1
3233,1,0,1
3234,1,0,1
3235,1,0,1
3236,2,0,2
3237,2,0,2
3238,2,0,2
3239,2,0,2
3240,2,0,2
3241,2,0,2
3242,2,0,2
3243,2,0,2
3244,2,0,2
3245,2,0,2
3246,2,0,2
3247,2,0,2
3248,2,0,2
3249,2,0,2
3250,2,0,2
3251,2,0,2
3252,2,0,2
3253,2,0,2
3254,2,0,2
3255,2,0,2
3256,2,0,2
3257,2,0,2
3258,2,0,2
3259,2,0,2
3260,2,0,2
3261,2,0,2
3262,2,0,2
3263,2,0,2
3264,2,0,2
3265,2,0,2
3266,2,0,2
3267,2,0,2
3268,2,0,2
3269,2,0,2
3270,2,0,2
3271,2,0,2
3272,2,0,2
3273,2,0,2
3274,2,0,2
3275,2,0,2
3276,2,0,2
3277,2,0,2
3278,1,0,1
3279,1,0,1
3280,1,0,1
3281,1,0,1
3282,1,0,1
3283,1,0,1
3284,1,0,1
3285,1,0,1
3286,1,0,1
3287,1,0,1
3288,1,0,1
3289,1,0,1
3290,1,0,1
3291,1,0,1
3292,1,0,1
3293,1,0,1
3294,1,0,1
3295,1,0,1
3296,1,0,1
3297,1,0,1
3298,1,0,1
3299,1,0,1
3300,1,0,1
3301,1,0,1
3302,1,0,1
3303,1,0,1
3304,1,0,1
3305,1,0,1
3306,1,0,1
3307,1,0,1
3308,1,0,1
3309,1,0,1
3310,1,0,1
3311,1,0,1
3312,1,0,1
3313,1,0,1
3314,1,0,1
3315,1,0,1
3316,1,0,1
3317,1,0,1
3318,1,0,1
3319,1,0,1
3320,1,0,1
3321,1,0,1
3322,1,0,1
3323,1,0,1
3324,1,0,1
3325,1,0,1
3326,1,0,1
3327,1,0,1
3328,1,0,1
3329,1,0,1
3330,1,0,1
3331,1,0,1
3332,1,0,1
3333,1,0,1
3334,1,0,1
3335,1,0,1
3336,2,0,2
3337,2,0,2
3338,2,0,2
3339,2,0,2
3340,2,0,2
3341,2,0,2
3342,2,0,2
3343,2,0,2
3344,2,0,2
3345,2,0,2
3346,2,0,2
3347,2,0,2
3348,3,0,3
3349,3,0,3
3350,3,0,3
3351,3,0,3
3352,3,0,3
3353,3,0,3
3354,3,0,3
3355,3,0,3
3356,3,0,3
3357,3,0,3
3358,3,0,3
3359,3,0,3
3360,3,0,3
3361,3,0,3
3362,3,0,3
3363,3,0,3
3364,3,0,3
3365,3,0,3
3366,3,0,3
3367,3,0,3
3368,3,0,3
3369,3,0,3
3370,3,0,3
3371,3,0,3
3372,3,0,3
3373,3,0,3
3374,2,0,2
3375,2,0,2
3376,2,0,2
3377,2,0,2
3378,2,0,2
3379,2,0,2
3380,2,0,2
3381,2,0,2
3382,2,0,2
3383,2,0,2
3384,2,0,2
3385,2,0,2
3386,2,0,2
3387,2,0,2
3388,2,0,2
3389,2,0,2
3390,2,0,2
3391,2,0,2
3392,2,0,2
3393,2,0,2
3394,2,0,2
3395,2,0,2
3396,2,0,2
3397,2,0,2
3398,2,0,2
3399,2,0,2
3400,2,0,2
3401,2,0,2
3402,2,0,2
3403,2,0,2
3404,2,0,2
3405,2,0,2
3406,2,0,2
3407,2,0,2
3408,2,0,2
3409,2,0,2
3410,2,0,2
3411,2,0,2
3412,2,0,2
3413,2,0,2
3414,2,0,2
3415,2,0,2
3416,2,0,2
3417,2,0,2
3418,2,0,2
3419,2,0,2
3420,2,0,2
3421,2,0,2
3422,2,0,2
3423,2,0,2
3424,2,0,2
3425,2,0,2
3426,2,0,2
3427,2,0,2
3428,2,0,2
3429,2,0,2
3430,2,0,2
3431,2,0,2
3432,2,0,2
3433,2,0,2
3434,2,0,2
3435,2,0,2
3436,2,0,2
3437,2,0,2
3438,2,0,2
3439,2,0,2
3440,2,0,2
3441,2,0,2
3442,2,0,2
3443,2,0,2
3444,2,0,2
3445,2,0,2
3446,2,0,2
3447,2,0,2
3448,2,0,2
3449,2,0,2
3450,2,0,2
3451,2,0,2
3452,2,0,2
3453,2,0,2
3454,2,0,2
3455,2,0,2
3456,2,0,2
3457,2,0,2
3458,2,0,2
3459,2,0,2
3460,2,0,2
3461,2,0,2
3462,2,0,2
3463,2,0,2
3464,2,0,2
3465,2,0,2
3466,2,0,2
3467,2,0,2
3468,2,0,2
3469,2,0,2
3470,2,0,2
3471,2,0,2
3472,2,0,2
3473,2,0,2
3474,2,0,2
3475,2,0,2
3476,2,0,2
3477,2,0,2
3478,2,0,2
3479,2,0,2
3480,2,0,2
3481,2,0,2
3482,2,0,2
3483,2,0,2
3484,2,0,2
3485,2,0,2
3486,2,0,2
3487,2,0,2
3488,2,0,2
3489,2,0,2
3490,2,0,2
3491,2,0,2
3492,2,0,2
3493,2,0,2
3494,2,0,2
3495,2,0,2
3496,2,0,2
3497,2,0,2
3498,2,0,2
3499,2,0,2
3500,2,0,2
3501,2,0,2
3502,2,0,2
3503,2,0,2
3504,2,0,2
3505,1,0,1
3506,1,0,1
3507,1,0,1
3508,1,0,1
3509,1,0,1
3510,1,0,1
3511,1,0,1
3512,1,0,1
3513,1,0,1
3514,1,0,1
3515,1,0,1
3516,1,0,1
3517,1,0,1
3518,1,0,1
3519,1,0,1
3520,1,0,1
3521,1,0,1
3522,1,0,1
3523,1,0,1
3524,1,0,1
3525,1,0,1
3526,1,0,1
3527,1,0,1
3528,0,0,0
3529,1,0,1
3530,1,0,1
3531,1,0,1
3532,1,0,1
3533,1,0,1
3534,1,0,1
3535,1,0,1
3536,2,0,2
3537,2,0,2
3538,2,0,2
3539,2,0,2
3540,2,0,2
3541,2,0,2
3542,2,0,2
3543,2,0,2
3544,2,0,2
3545,2,0,2
3546,2,0,2
3547,2,0,2
3548,2,0,2
3549,2,0,2
3550,2,0,2
3551,2,0,2
3552,2,0,2
3553,2,0,2
3554,2,0,2
3555,2,0,2
3556,2,0,2
3557,2,0,2
3558,2,0,2
3559,2,0,2
3560,2,0,2
3561,2,0,2
3562,2,0,2
3563,2,0,2
3564,2,0,2
3565,2,0,2
3566,2,0,2
3567,2,0,2
3568,2,0,2
3569,2,0,2
3570,2,0,2
3571,2,0,2
3572,2,0,2
3573,2,0,2
3574,2,0,2
3575,2,0,2
3576,2,0,2
3577,2,0,2
3578,2,0,2
3579,2,0,2
3580,2,0,2
3581,2,0,2
3582,2,0,2
3583,2,0,2
3584,2,0,2
3585,2,0,2
3586,2,0,2
3587,2,0,2
3588,2,0,2
3589,2,0,2
3590,2,0,2
3591,2,0,2
3592,2,0,2
3593,2,0,2
3594,2,0,2
3595,2,0,2
3596,2,0,2
3597,2,0,2
3598,2,0,2
3599,2,0,2
3600,2,0,2
3601,2,0,2
3602,2,0,2
3603,3,0,3
3604,3,0,3
3605,3,0,3
3606,3,0,3
3607,3,0,3
3608,3,0,3
3609,3,0,3
3610,3,0,3
3611,3,0,3
3612,3,0,3
3613,3,0,3
3614,3,0,3
3615,3,0,3
3616,3,0,3
3617,3,0,3
3618,3,0,3
3619,2,0,2
3620,2,0,2
3621,2,0,2
3622,2,0,2
3623,2,0,2
3624,2,0,2
3625,2,0,2
3626,2,0,2
3627,2,0,2
3628,2,0,2
3629,2,0,2
3630,2,0,2
3631,2,0,2
3632,2,0,2
3633,2,0,2
3634,2,0,2
3635,2,0,2
3636,3,0,3
3637,3,0,3
3638,3,0,3
3639,3,0,3
3640,3,0,3
3641,3,0,3
3642,3,0,3
3643,3,0,3
3644,3,0,3
3645,2,0,2
3646,2,0,2
3647,2,0,2
3648,2,0,2
3649,2,0,2
3650,2,0,2
3651,2,0,2
3652,2,0,2
3653,2,0,2
3654,2,0,2
3655,2,0,2
3656,2,0,2
3657,2,0,2
3658,2,0,2
3659,2,0,2
3660,2,0,2
3661,2,0,2
3662,2,0,2
3663,2,0,2
3664,3,0,3
3665,3,0,3
3666,3,0,3
3667,3,0,3
3668,3,0,3
3669,3,0,3
3670,3,0,3
3671,3,0,3
3672,3,0,3
3673,3,0,3
3674,3,0,3
3675,3,0,3
3676,3,0,3
3677,3,0,3
3678,3,0,3
3679,3,0,3
3680,3,0,3
3681,3,0,3
3682,3,0,3
3683,3,0,3
3684,3,0,3
3685,3,0,3
3686,3,0,3
3687,3,0,3
3688,3,0,3
3689,3,0,3
3690,3,0,3
3691,3,0,3
3692,3,0,3
3693,3,0,3
3694,3,0,3
3695,3,0,3
3696,3,0,3
3697,3,0,3
3698,3,0,3
3699,3,0,3
3700,3,0,3
3701,3,0,3
3702,3,0,3
3703,3,0,3
3704,3,0,3
3705,3,0,3
3706,3,0,3
3707,3,0,3
3708,2,0,2
3709,2,0,2
3710,2,0,2
3711,2,0,2
3712,2,0,2
3713,2,0,2
3714,2,0,2
3715,2,0,2
3716,2,0,2
3717,2,0,2
3718,2,0,2
3719,2,0,2
3720,2,0,2
3721,2,0,2
3722,2,0,2
3723,2,0,2
3724,2,0,2
3725,2,0,2
3726,2,0,2
3727,2,0,2
3728,2,0,2
3729,2,0,2
3730,2,0,2
3731,2,0,2
3732,2,0,2
3733,2,0,2
3734,2,0,2
3735,2,0,2
3736,2,0,2
3737,2,0,2
3738,2,0,2
3739,2,0,2
3740,2,0,2
3741,2,0,2
3742,3,0,3
3743,3,0,3
3744,3,0,3
3745,3,0,3
3746,3,0,3
3747,3,0,3
3748,3,0,3
3749,3,0,3
3750,3,0,3
3751,3,0,3
3752,3,0,3
3753,3,0,3
3754,3,0,3
3755,3,0,3
3756,3,0,3
3757,3,0,3
3758,3,0,3
3759,3,0,3
3760,3,0,3
3761,3,0,3
3762,3,0,3
3763,3,0,3
3764,3,0,3
3765,3,0,3
3766,3,0,3
3767,3,0,3
3768,3,0,3
3769,3,0,3
3770,3,0,3
3771,3,0,3
3772,3,0,3
3773,3,0,3
3774,3,0,3
3775,3,0,3
3776,3,0,3
3777,3,0,3
3778,3,0,3
3779,3,0,3
3780,3,0,3
3781,3,0,3
3782,3,0,3
3783,3,0,3
3784,3,0,3
3785,3,0,3
3786,3,0,3
3787,3,0,3
3788,3,0,3
3789,3,0,3
3790,2,0,2
3791,2,0,2
3792,2,0,2
3793,2,0,2
3794,2,0,2
3795,2,0,2
3796,2,0,2
3797,1,0,1
3798,1,0,1
3799,1,0,1
3800,1,0,1
3801,1,0,1
3802,1,0,1
3803,1,0,1
3804,1,0,1
3805,1,0,1
3806,1,0,1
3807,2,0,2
3808,2,0,2
3809,2,0,2
3810,2,0,2
3811,2,0,2
3812,2,0,2
3813,2,0,2
3814,2,0,2
3815,2,0,2
3816,2,0,2
3817,2,0,2
3818,2,0,2
3819,2,0,2
3820,2,0,2
3821,2,0,2
3822,2,0,2
3823,2,0,2
3824,2,0,2
3825,2,0,2
3826,2,0,2
3827,2,0,2
3828,2,0,2
3829,2,0,2
3830,2,0,2
3831,2,0,2
3832,2,0,2
3833,2,0,2
3834,2,0,2
3835,2,0,2
3836,2,0,2
3837,2,0,2
3838,2,0,2
3839,2,0,2
3840,2,0,2
3841,2,0,2
3842,2,0,2
3843,2,0,2
3844,2,0,2
3845,2,0,2
3846,2,0,2
3847,2,0,2
3848,2,0,2
3849,2,0,2
3850,2,0,2
3851,2,0,2
3852,2,0,2
3853,2,0,2
3854,2,0,2
3855,2,0,2
3856,2,0,2
3857,2,0,2
3858,2,0,2
3859,1,0,1
3860,1,0,1
3861,1,0,1
3862,1,0,1
3863,1,0,1
3864,1,0,1
3865,1,0,1
3866,1,0,1
3867,1,0,1
3868,1,0,1
3869,1,0,1
3870,1,0,1
3871,1,0,1
3872,1,0,1
3873,1,0,1
3874,1,0,1
3875,1,0,1
3876,1,0,1
3877,1,0,1
3878,1,0,1
3879,1,0,1
3880,1,0,1
3881,1,0,1
3882,1,0,1
3883,1,0,1
3884,1,0,1
3885,1,0,1
3886,1,0,1
3887,1,0,1
3888,1,0,1
3889,1,0,1
3890,1,0,1
3891,1,0,1
3892,1,0,1
3893,1,0,1
3894,1,0,1
3895,1,0,1
3896,1,0,1
3897,1,0,1
3898,1,0,1
3899,1,0,1
3900,1,0,1
3901,1,0,1
3902,1,0,1
3903,1,0,1
3904,1,0,1
3905,1,0,1
3906,1,0,1
3907,1,0,1
3908,1,0,1
3909,1,0,1
3910,1,0,1
3911,1,0,1
3912,1,0,1
3913,1,0,1
3914,1,0,1
3915,1,0,1
3916,0,0,0
3917,0,0,0
3918,0,0,0
3919,0,0,0
3920,0,0,0
3921,0,0,0
3922,0,0,0
3923,0,0,0
3924,0,0,0
3925,0,0,0
3926,0,0,0
3927,0,0,0
3928,0,0,0
3929,0,0,0
3930,0,0,0
3931,0,0,0
3932,0,0,0
3933,0,0,0
3934,0,0,0
3935,0,0,0
3936,0,0,0
3937,0,0,0
3938,0,0,0
3939,0,0,0
3940,0,0,0
3941,0,0,0
3942,0,0,0
3943,0,0,0
3944,0,0,0
3945,0,0,0
3946,0,0,0
3947,0,0,0
3948,0,0,0
3949,0,0,0
3950,0,0,0
3951,0,0,0
3952,0,0,0
3953,0,0,0
3954,0,0,0
3955,0,0,0
3956,0,0,0
3957,0,0,0
3958,0,0,0
3959,0,0,0
3960,0,0,0
3961,0,0,0
3962,1,0,1
3963,1,0,1
3964,1,0,1
3965,1,0,1
3966,2,0,2
3967,2,0,2
3968,3,0,3
3969,3,0,3
3970,3,0,3
3971,3,0,3
3972,3,0,3
3973,3,0,3
3974,3,0,3
3975,3,0,3
3976,3,0,3
3977,3,0,3
3978,3,0,3
3979,3,0,3
3980,3,0,3
3981,3,0,3
3982,3,0,3
3983,3,0,3
3984,3,0,3
3985,3,0,3
3986,3,0,3
3987,3,0,3
3988,3,0,3
3989,3,0,3
3990,3,0,3
3991,3,0,3
3992,3,0,3
3993,3,0,3
3994,3,0,3
3995,3,0,3
3996,3,0,3
3997,3,0,3
3998,3,0,3
3999,3,0,3
4000,3,0,3
4001,3,0,3
4002,3,0,3
4003,3,0,3
4004,2,0,2
4005,2,0,2
4006,2,0,2
4007,2,0,2
4008,2,0,2
4009,2,0,2
4010,2,0,2
4011,2,0,2
4012,1,0,1
4013,1,0,1
4014,1,0,1
4015,1,0,1
4016,1,0,1
4017,1,0,1
4018,1,0,1
4019,1,0,1
4020,1,0,1
4021,1,0,1
4022,2,0,2
4023,2,0,2
4024,2,0,2
4025,2,0,2
4026,2,0,2
4027,2,0,2
4028,2,0,2
4029,2,0,2
4030,2,0,2
4031,2,0,2
4032,2,0,2
4033,2,0,2
4034,3,0,3
4035,3,0,3
4036,3,0,3
4037,2,0,2
4038,2,0,2
4039,2,0,2
4040,2,0,2
4041,2,0,2
4042,2,0,2
4043,2,0,2
4044,2,0,2
4045,2,0,2
4046,2,0,2
4047,2,0,2
4048,2,0,2
4049,2,0,2
4050,2,0,2
4051,2,0,2
4052,2,0,2
4053,2,0,2
4054,2,0,2
4055,2,0,2
4056,2,0,2
4057,2,0,2
4058,2,0,2
4059,2,0,2
4060,2,0,2
4061,2,0,2
4062,2,0,2
4063,2,0,2
4064,2,0,2
4065,2,0,2
4066,2,0,2
4067,2,0,2
4068,2,0,2
4069,2,0,2
4070,2,0,2
4071,3,0,3
4072,3,0,3
4073,3,0,3
4074,2,0,2
4075,2,0,2
4076,2,0,2
4077,2,0,2
4078,2,0,2
4079,2,0,2
4080,2,0,2
4081,2,0,2
4082,2,0,2
4083,2,0,2
4084,2,0,2
4085,2,0,2
4086,2,0,2
4087,2,0,2
4088,2,0,2
4089,2,0,2
4090,2,0,2
4091,2,0,2
4092,2,0,2
4093,3,0,3
4094,3,0,3
4095,3,0,3
4096,3,0,3
4097,3,0,3
4098,3,0,3
4099,3,0,3
4100,3,0,3
4101,3,0,3
4102,3,0,3
4103,3,0,3
4104,3,0,3
4105,3,0,3
4106,3,0,3
4107,3,0,3
4108,3,0,3
4109,3,0,3
4110,3,0,3
4111,3,0,3
4112,4,0,4
4113,4,0,4
4114,4,0,4
4115,4,0,4
4116,4,0,4
4117,4,0,4
4118,4,0,4
4119,4,0,4
4120,4,0,4
4121,4,0,4
4122,4,0,4
4123,4,0,4
4124,4,0,4
4125,3,0,3
4126,3,0,3
4127,3,0,3
4128,2,0,2
4129,2,0,2
4130,2,0,2
4131,2,0,2
4132,2,0,2
4133,2,0,2
4134,2,0,2
4135,2,0,2
4136,2,0,2
4137,1,0,1
4138,1,0,1
4139,1,0,1
4140,1,0,1
4141,1,0,1
4142,1,0,1
4143,1,0,1
4144,1,0,1
4145,1,0,1
4146,1,0,1
4147,1,0,1
4148,1,0,1
4149,1,0,1
4150,1,0,1
4151,1,0,1
4152,1,0,1
4153,1,0,1
4154,1,0,1
4155,1,0,1
4156,1,0,1
4157,1,0,1
4158,2,0,2
4159,2,0,2
4160,2,0,2
4161,2,0,2
4162,2,0,2
4163,2,0,2
4164,2,0,2
4165,2,0,2
4166,2,0,2
4167,2,0,2
4168,2,0,2
4169,2,0,2
4170,2,0,2
4171,2,0,2
4172,2,0,2
4173,2,0,2
4174,2,0,2
4175,2,0,2
4176,2,0,2
4177,2,0,2
4178,2,0,2
4179,2,0,2
4180,2,0,2
4181,2,0,2
4182,2,0,2
4183,2,0,2
4184,2,0,2
4185,2,0,2
4186,2,0,2
4187,2,0,2
4188,2,0,2
4189,2,0,2
4190,2,0,2
4191,2,0,2
4192,2,0,2
4193,2,0,2
4194,2,0,2
4195,2,0,2
4196,2,0,2
4197,2,0,2
4198,3,0,3
4199,3,0,3
4200,3,0,3
4201,3,0,3
4202,3,0,3
4203,3,0,3
4204,3,0,3
4205,3,0,3
4206,3,0,3
4207,3,0,3
4208,3,0,3
4209,3,0,3
4210,3,0,3
4211,3,0,3
4212,3,0,3
4213,3,0,3
4214,3,0,3
4215,3,0,3
4216,3,0,3
4217,3,0,3
4218,3,0,3
4219,3,0,3
4220,3,0,3
4221,3,0,3
4222,3,0,3
4223,3,0,3
4224,3,0,3
4225,3,0,3
4226,3,0,3
4227,3,0,3
4228,3,0,3
4229,3,0,3
4230,3,0,3
4231,3,0,3
4232,3,0,3
4233,3,0,3
4234,3,0,3
4235,3,0,3
4236,3,0,3
4237,3,0,3
4238,3,0,3
4239,3,0,3
4240,3,0,3
4241,3,0,3
4242,3,0,3
4243,3,0,3
4244,3,0,3
4245,4,0,4
4246,4,0,4
4247,3,0,3
4248,2,0,2
4249,2,0,2
4250,2,0,2
4251,2,0,2
4252,2,0,2
4253,2,0,2
4254,2,0,2
4255,2,0,2
4256,2,0,2
4257,2,0,2
4258,2,0,2
4259,2,0,2
4260,2,0,2
4261,2,0,2
4262,2,0,2
4263,2,0,2
4264,2,0,2
4265,2,0,2
4266,2,0,2
4267,2,0,2
4268,2,0,2
4269,2,0,2
4270,2,0,2
4271,2,0,2
4272,2,0,2
4273,2,0,2
4274,2,0,2
4275,2,0,2
4276,2,0,2
4277,2,0,2
4278,2,0,2
4279,2,0,2
4280,2,0,2
4281,2,0,2
4282,2,0,2
4283,2,0,2
4284,2,0,2
4285,2,0,2
4286,2,0,2
4287,2,0,2
4288,2,0,2
4289,2,0,2
4290,2,0,2
4291,2,0,2
4292,2,0,2
4293,2,0,2
4294,2,0,2
4295,2,0,2
4296,2,0,2
4297,2,0,2
4298,2,0,2
4299,2,0,2
4300,2,0,2
4301,2,0,2
4302,2,0,2
4303,2,0,2
4304,2,0,2
4305,2,0,2
4306,2,0,2
4307,2,0,2
4308,2,0,2
4309,2,0,2
4310,2,0,2
4311,2,0,2
4312,2,0,2
4313,2,0,2
4314,2,0,2
4315,2,0,2
4316,2,0,2
4317,2,0,2
4318,2,0,2
4319,2,0,2
4320,2,0,2
4321,2,0,2
4322,2,0,2
4323,2,0,2
4324,2,0,2
4325,2,0,2
4326,2,0,2
4327,2,0,2
4328,2,0,2
4329,2,0,2
4330,2,0,2
4331,2,0,2
4332,2,0,2
4333,2,0,2
4334,2,0,2
4335,2,0,2
4336,2,0,2
4337,2,0,2
4338,2,0,2
4339,2,0,2
4340,2,0,2
4341,2,0,2
4342,2,0,2
4343,2,0,2
4344,2,0,2
4345,2,0,2
4346,2,0,2
4347,2,0,2
4348,2,0,2
4349,2,0,2
4350,2,0,2
4351,2,0,2
4352,2,0,2
4353,2,0,2
4354,2,0,2
4355,2,0,2
4356,2,0,2
4357,2,0,2
4358,2,0,2
4359,2,0,2
4360,2,0,2
4361,2,0,2
4362,2,0,2
4363,1,0,1
4364,1,0,1
4365,1,0,1
4366,1,0,1
4367,1,0,1
4368,1,0,1
4369,2,0,2
4370,2,0,2
4371,2,0,2
4372,2,0,2
4373,2,0,2
4374,2,0,2
4375,2,0,2
4376,2,0,2
4377,2,0,2
4378,2,0,2
4379,2,0,2
4380,2,0,2
4381,2,0,2
4382,2,0,2
4383,2,0,2
4384,2,0,2
4385,2,0,2
4386,2,0,2
4387,2,0,2
4388,2,0,2
4389,2,0,2
4390,2,0,2
4391,2,0,2
4392,2,0,2
4393,2,0,2
4394,2,0,2
4395,3,0,3
4396,3,0,3
4397,3,0,3
4398,3,0,3
4399,3,0,3
4400,3,0,3
4401,3,0,3
4402,3,0,3
4403,3,0,3
4404,3,0,3
4405,3,0,3
4406,3,0,3
4407,3,0,3
4408,3,0,3
4409,3,0,3
4410,3,0,3
4411,3,0,3
4412,3,0,3
4413,2,0,2
4414,2,0,2
4415,2,0,2
4416,2,0,2
4417,2,0,2
4418,2,0,2
4419,2,0,2
4420,2,0,2
4421,2,0,2
4422,2,0,2
4423,3,0,3
4424,3,0,3
4425,3,0,3
4426,3,0,3
4427,3,0,3
4428,3,0,3
4429,3,0,3
4430,3,0,3
4431,3,0,3
4432,3,0,3
4433,3,0,3
4434,3,0,3
4435,3,0,3
4436,3,0,3
4437,3,0,3
4438,4,0,4
4439,4,0,4
4440,4,0,4
4441,4,0,4
4442,4,0,4
4443,4,0,4
4444,4,0,4
4445,4,0,4
4446,4,0,4
4447,4,0,4
4448,4,0,4
4449,4,0,4
4450,4,0,4
4451,4,0,4
4452,4,0,4
4453,4,0,4
4454,3,0,3
4455,3,0,3
4456,3,0,3
4457,3,0,3
4458,3,0,3
4459,3,0,3
4460,4,0,4
4461,4,0,4
4462,4,0,4
4463,4,0,4
4464,4,0,4
4465,4,0,4
4466,4,0,4
4467,5,0,5
4468,5,0,5
4469,5,0,5
4470,5,0,5
4471,5,0,5
4472,5,0,5
4473,5,0,5
4474,5,0,5
4475,5,0,5
4476,5,0,5
4477,4,0,4
4478,4,0,4
4479,3,0,3
4480,3,0,3
4481,3,0,3
4482,3,0,3
4483,3,0,3
4484,3,0,3
4485,3,0,3
4486,3,0,3
4487,3,0,3
4488,3,0,3
4489,3,0,3
4490,3,0,3
4491,3,0,3
4492,3,0,3
4493,3,0,3
4494,3,0,3
4495,3,0,3
4496,3,0,3
4497,3,0,3
4498,3,0,3
4499,3,0,3
4500,3,0,3
4501,3,0,3
4502,3,0,3
4503,3,0,3
4504,3,0,3
4505,3,0,3
4506,3,0,3
4507,3,0,3
4508,3,0,3
4509,3,0,3
4510,3,0,3
4511,3,0,3
4512,3,0,3
4513,3,0,3
4514,3,0,3
4515,3,0,3
4516,3,0,3
4517,3,0,3
4518,3,0,3
4519,3,0,3
4520,3,0,3
4521,3,0,3
4522,3,0,3
4523,3,0,3
4524,3,0,3
4525,3,0,3
4526,3,0,3
4527,3,0,3
4528,3,0,3
4529,3,0,3
4530,3,0,3
4531,3,0,3
4532,3,0,3
4533,3,0,3
4534,3,0,3
4535,3,0,3
4536,3,0,3
4537,3,0,3
4538,3,0,3
4539,3,0,3
4540,3,0,3
4541,3,0,3
4542,3,0,3
4543,3,0,3
4544,3,0,3
4545,3,0,3
4546,3,0,3
4547,3,0,3
4548,3,0,3
4549,3,0,3
4550,3,0,3
4551,3,0,3
4552,3,0,3
4553,3,0,3
4554,3,0,3
4555,3,0,3
4556,3,0,3
4557,3,0,3
4558,3,0,3
4559,3,0,3
4560,3,0,3
4561,3,0,3
4562,2,0,2
4563,2,0,2
4564,2,0,2
4565,2,0,2
4566,2,0,2
4567,2,0,2
4568,2,0,2
4569,2,0,2
4570,2,0,2
4571,2,0,2
4572,2,0,2
4573,2,0,2
4574,2,0,2
4575,2,0,2
4576,2,0,2
4577,2,0,2
4578,3,0,3
4579,3,0,3
4580,3,0,3
4581,3,0,3
4582,3,0,3
4583,3,0,3
4584,3,0,3
4585,3,0,3
4586,3,0,3
4587,3,0,3
4588,3,0,3
4589,3,0,3
4590,3,0,3
4591,3,0,3
4592,3,0,3
4593,3,0,3
4594,3,0,3
4595,3,0,3
4596,3,0,3
4597,3,0,3
4598,3,0,3
4599,3,0,3
4600,3,0,3
4601,3,0,3
4602,3,0,3
4603,3,0,3
4604,3,0,3
4605,3,0,3
4606,3,0,3
4607,3,0,3
4608,3,0,3
4609,3,0,3
4610,3,0,3
4611,3,0,3
4612,3,0,3
4613,3,0,3
4614,3,0,3
4615,3,0,3
4616,4,0,4
4617,4,0,4
4618,4,0,4
4619,4,0,4
4620,5,0,5
4621,5,0,5
4622,5,0,5
4623,5,0,5
4624,5,0,5
4625,5,0,5
4626,5,0,5
4627,5,0,5
4628,5,0,5
4629,5,0,5
4630,5,0,5
4631,5,0,5
4632,4,0,4
4633,4,0,4
4634,4,0,4
4635,4,0,4
4636,4,0,4
4637,3,0,3
4638,3,0,3
4639,3,0,3
4640,3,0,3
4641,3,0,3
4642,3,0,3
4643,3,0,3
4644,3,0,3
4645,3,0,3
4646,3,0,3
4647,3,0,3
4648,3,0,3
4649,3,0,3
4650,3,0,3
4651,3,0,3
4652,3,0,3
4653,3,0,3
4654,3,0,3
4655,3,0,3
4656,3,0,3
4657,3,0,3
4658,3,0,3
4659,3,0,3
4660,3,0,3
4661,3,0,3
4662,3,0,3
4663,3,0,3
4664,3,0,3
4665,3,0,3
4666,3,0,3
4667,3,0,3
4668,3,0,3
4669,3,0,3
4670,3,0,3
4671,3,0,3
4672,3,0,3
4673,3,0,3
4674,3,0,3
4675,2,0,2
4676,2,0,2
4677,2,0,2
4678,2,0,2
4679,2,0,2
4680,2,0,2
4681,2,0,2
4682,2,0,2
4683,2,0,2
4684,2,0,2
4685,2,0,2
4686,2,0,2
4687,2,0,2
4688,2,0,2
4689,2,0,2
4690,2,0,2
4691,2,0,2
4692,2,0,2
4693,2,0,2
4694,2,0,2
4695,2,0,2
4696,2,0,2
4697,2,0,2
4698,2,0,2
4699,2,0,2
4700,2,0,2
4701,2,0,2
4702,2,0,2
4703,2,0,2
4704,2,0,2
4705,2,0,2
4706,2,0,2
4707,1,0,1
4708,1,0,1
4709,1,0,1
4710,1,0,1
4711,1,0,1
4712,1,0,1
4713,1,0,1
4714,1,0,1
4715,1,0,1
4716,1,0,1
4717,1,0,1
4718,1,0,1
4719,1,0,1
4720,1,0,1
4721,1,0,1
4722,1,0,1
4723,2,0,2
4724,2,0,2
4725,2,0,2
4726,2,0,2
4727,2,0,2
4728,2,0,2
4729,2,0,2
4730,2,0,2
4731,2,0,2
4732,2,0,2
4733,2,0,2
4734,2,0,2
4735,2,0,2
4736,2,0,2
4737,2,0,2
4738,2,0,2
4739,1,0,1
4740,1,0,1
4741,1,0,1
4742,1,0,1
4743,1,0,1
4744,1,0,1
4745,1,0,1
4746,1,0,1
4747,1,0,1
4748,1,0,1
4749,3,0,3
4750,3,0,3
4751,3,0,3
4752,3,0,3
4753,3,0,3
4754,3,0,3
4755,3,0,3
4756,3,0,3
4757,3,0,3
4758,3,0,3
4759,3,0,3
4760,3,0,3
4761,3,0,3
4762,3,0,3
4763,3,0,3
4764,3,0,3
4765,3,0,3
4766,3,0,3
4767,2,0,2
4768,2,0,2
4769,2,0,2
4770,2,0,2
4771,2,0,2
4772,2,0,2
4773,2,0,2
4774,2,0,2
4775,2,0,2
4776,2,0,2
4777,2,0,2
4778,2,0,2
4779,2,0,2
4780,2,0,2
4781,2,0,2
4782,2,0,2
4783,2,0,2
4784,2,0,2
4785,2,0,2
4786,2,0,2
4787,2,0,2
4788,2,0,2
4789,2,0,2
4790,2,0,2
4791,2,0,2
4792,2,0,2
4793,2,0,2
4794,2,0,2
4795,2,0,2
4796,2,0,2
4797,2,0,2
4798,4,0,4
4799,4,0,4
4800,4,0,4
4801,4,0,4
4802,4,0,4
4803,4,0,4
4804,4,0,4
4805,4,0,4
4806,4,0,4
4807,4,0,4
4808,4,0,4
4809,4,0,4
4810,4,0,4
4811,4,0,4
4812,4,0,4
4813,4,0,4
4814,4,0,4
4815,4,0,4
4816,4,0,4
4817,4,0,4
4818,4,0,4
4819,4,0,4
4820,5,0,5
4821,5,0,5
4822,6,0,6
4823,6,0,6
4824,6,0,6
4825,6,0,6
4826,6,0,6
4827,6,0,6
4828,7,0,7
4829,7,0,7
4830,7,0,7
4831,7,0,7
4832,7,0,7
4833,7,0,7
4834,7,0,7
4835,7,0,7
4836,5,0,5
4837,5,0,5
4838,4,0,4
4839,3,0,3
4840,3,0,3
4841,3,0,3
4842,3,0,3
4843,3,0,3
4844,3,0,3
4845,3,0,3
4846,3,0,3
4847,3,0,3
4848,3,0,3
4849,3,0,3
4850,3,0,3
4851,3,0,3
4852,3,0,3
4853,3,0,3
4854,3,0,3
4855,3,0,3
4856,3,0,3
4857,3,0,3
4858,3,0,3
4859,3,0,3
4860,3,0,3
4861,3,0,3
4862,3,0,3
4863,3,0,3
4864,3,0,3
4865,3,0,3
4866,3,0,3
4867,3,0,3
4868,3,0,3
4869,3,0,3
4870,3,0,3
4871,3,0,3
4872,3,0,3
4873,4,0,4
4874,4,0,4
4875,4,0,4
4876,5,0,5
4877,5,0,5
4878,5,0,5
4879,5,0,5
4880,5,0,5
4881,5,0,5
4882,5,0,5
4883,5,0,5
4884,5,0,5
4885,5,0,5
4886,4,0,4
4887,4,0,4
4888,4,0,4
4889,4,0,4
4890,4,0,4
4891,4,0,4
4892,4,0,4
4893,4,0,4
4894,4,0,4
4895,4,0,4
4896,4,0,4
4897,4,0,4
4898,4,0,4
4899,4,0,4
4900,4,0,4
4901,5,0,5
4902,5,0,5
4903,5,0,5
4904,5,0,5
4905,5,0,5
4906,4,0,4
4907,4,0,4
4908,4,0,4
4909,4,0,4
4910,4,0,4
4911,4,0,4
4912,4,0,4
4913,4,0,4
4914,4,0,4
4915,4,0,4
4916,4,0,4
4917,4,0,4
4918,4,0,4
4919,4,0,4
4920,4,0,4
4921,4,0,4
4922,4,0,4
4923,4,0,4
4924,4,0,4
4925,4,0,4
4926,4,0,4
4927,4,0,4
4928,4,0,4
4929,4,0,4
4930,4,0,4
4931,5,0,5
4932,5,0,5
4933,5,0,5
4934,5,0,5
4935,5,0,5
4936,6,0,6
4937,6,0,6
4938,6,0,6
4939,5,0,5
4940,5,0,5
4941,5,0,5
4942,5,0,5
4943,5,0,5
4944,5,0,5
4945,5,0,5
4946,5,0,5
4947,5,0,5
4948,5,0,5
4949,5,0,5
4950,5,0,5
4951,5,0,5
4952,5,0,5
4953,5,0,5
4954,5,0,5
4955,5,0,5
4956,5,0,5
4957,5,0,5
4958,5,0,5
4959,5,0,5
4960,5,0,5
4961,5,0,5
4962,5,0,5
4963,6,0,6
4964,6,0,6
4965,6,0,6
4966,6,0,6
4967,6,0,6
4968,6,0,6
4969,6,0,6
4970,6,0,6
4971,6,0,6
4972,6,0,6
4973,6,0,6
4974,6,0,6
4975,6,0,6
4976,6,0,6
4977,6,0,6
4978,6,0,6
4979,6,0,6
4980,6,0,6
4981,6,0,6
4982,6,0,6
4983,6,0,6
4984,6,0,6
4985,6,0,6
4986,6,0,6
4987,6,0,6
4988,5,0,5
4989,5,0,5
4990,5,0,5
4991,5,0,5
4992,5,0,5
4993,5,0,5
4994,5,0,5
4995,5,0,5
4996,5,0,5
4997,5,0,5
4998,5,0,5
4999,5,0,5
5000,5,0,5
5001,5,0,5
5002,5,0,5
5003,5,0,5
5004,5,0,5
5005,5,0,5
5006,5,0,5
5007,5,0,5
5008,5,0,5
5009,5,0,5
5010,5,0,5
5011,5,0,5
5012,5,0,5
5013,5,0,5
5014,5,0,5
5015,5,0,5
5016,5,0,5
5017,5,0,5
5018,5,0,5
5019,5,0,5
5020,5,0,5
5021,6,0,6
5022,6,0,6
5023,6,0,6
5024,6,0,6
5025,5,0,5
5026,5,0,5
5027,5,0,5
5028,5,0,5
5029,5,0,5
5030,5,0,5
5031,5,0,5
5032,5,0,5
5033,5,0,5
5034,5,0,5
5035,5,0,5
5036,5,0,5
5037,5,0,5
5038,5,0,5
5039,5,0,5
5040,5,0,5
5041,5,0,5
5042,5,0,5
5043,5,0,5
5044,5,0,5
5045,5,0,5
5046,5,0,5
5047,5,0,5
5048,5,0,5
5049,5,0,5
5050,5,0,5
5051,5,0,5
5052,5,0,5
5053,5,0,5
5054,5,0,5
5055,5,0,5
5056,5,0,5
5057,4,0,4
5058,5,0,5
5059,5,0,5
5060,5,0,5
5061,5,0,5
5062,5,0,5
5063,5,0,5
5064,5,0,5
5065,5,0,5
5066,5,0,5
5067,5,0,5
5068,5,0,5
5069,5,0,5
5070,5,0,5
5071,5,0,5
5072,5,0,5
5073,5,0,5
5074,5,0,5
5075,5,0,5
5076,5,0,5
5077,5,0,5
5078,5,0,5
5079,5,0,5
5080,5,0,5
5081,5,0,5
5082,5,0,5
5083,5,0,5
5084,5,0,5
5085,5,0,5
5086,5,0,5
5087,5,0,5
5088,5,0,5
5089,5,0,5
5090,5,0,5
5091,5,0,5
5092,5,0,5
5093,5,0,5
5094,5,0,5
5095,5,0,5
5096,5,0,5
5097,5,0,5
5098,5,0,5
5099,5,0,5
5100,5,0,5
5101,5,0,5
5102,5,0,5
5103,5,0,5
5104,5,0,5
5105,5,0,5
5106,5,0,5
5107,5,0,5
5108,5,0,5
5109,5,0,5
5110,5,0,5
5111,5,0,5
5112,5,0,5
5113,5,0,5
5114,5,0,5
5115,5,0,5
5116,5,0,5
5117,5,0,5
5118,5,0,5
5119,5,0,5
5120,5,0,5
5121,5,0,5
5122,5,0,5
5123,5,0,5
5124,5,0,5
5125,5,0,5
5126,5,0,5
5127,5,0,5
5128,5,0,5
5129,5,0,5
5130,5,0,5
5131,5,0,5
5132,5,0,5
5133,5,0,5
5134,5,0,5
5135,5,0,5
5136,5,0,5
5137,5,0,5
5138,5,0,5
5139,5,0,5
5140,4,0,4
5141,4,0,4
5142,4,0,4
5143,4,0,4
5144,4,0,4
5145,4,0,4
5146,4,0,4
5147,4,0,4
5148,4,0,4
5149,4,0,4
5150,4,0,4
5151,4,0,4
5152,4,0,4
5153,4,0,4
5154,4,0,4
5155,4,0,4
5156,4,0,4
5157,4,0,4
5158,4,0,4
5159,4,0,4
5160,4,0,4
5161,4,0,4
5162,5,0,5
5163,5,0,5
5164,5,0,5
5165,5,0,5
5166,5,0,5
5167,5,0,5
5168,5,0,5
5169,5,0,5
5170,5,0,5
5171,5,0,5
5172,5,0,5
5173,5,0,5
5174,6,0,6
5175,6,0,6
5176,6,0,6
5177,6,0,6
5178,6,0,6
5179,6,0,6
5180,6,0,6
5181,6,0,6
5182,6,0,6
5183,6,0,6
5184,6,0,6
5185,7,0,7
5186,7,0,7
5187,7,0,7
5188,7,0,7
5189,7,0,7
5190,7,0,7
5191,7,0,7
5192,7,0,7
5193,7,0,7
5194,7,0,7
5195,7,0,7
5196,7,0,7
5197,7,0,7
5198,7,0,7
5199,7,0,7
5200,7,0,7
5201,7,0,7
5202,7,0,7
5203,7,0,7
5204,7,0,7
5205,7,0,7
5206,7,0,7
5207,7,0,7
5208,7,0,7
5209,7,0,7
5210,7,0,7
5211,7,0,7
5212,7,0,7
5213,7,0,7
5214,7,0,7
5215,7,0,7
5216,7,0,7
5217,7,0,7
5218,7,0,7
5219,7,0,7
5220,7,0,7
5221,7,0,7
5222,7,0,7
5223,7,0,7
5224,7,0,7
5225,7,0,7
5226,7,0,7
5227,7,0,7
5228,7,0,7
5229,7,0,7
5230,7,0,7
5231,7,0,7
5232,7,0,7
5233,7,0,7
5234,7,0,7
5235,7,0,7
5236,7,0,7
5237,7,0,7
5238,7,0,7
5239,7,0,7
5240,7,0,7
5241,7,0,7
5242,7,0,7
5243,7,0,7
5244,7,0,7
5245,7,0,7
5246,7,0,7
5247,7,0,7
5248,7,0,7
5249,7,0,7
5250,7,0,7
5251,7,0,7
5252,7,0,7
5253,7,0,7
5254,7,0,7
5255,7,0,7
5256,7,0,7
5257,7,0,7
5258,7,0,7
5259,7,0,7
5260,7,0,7
5261,7,0,7
5262,7,0,7
5263,7,0,7
5264,7,0,7
5265,7,0,7
5266,8,0,8
5267,8,0,8
5268,8,0,8
5269,8,0,8
5270,8,0,8
5271,8,0,8
5272,8,0,8
5273,8,0,8
5274,8,0,8
5275,8,0,8
5276,8,0,8
5277,8,0,8
5278,8,0,8
5279,10,0,10
5280,10,0,10
5281,10,0,10
5282,10,0,10
5283,10,0,10
5284,10,0,10
5285,10,0,10
5286,10,0,10
5287,10,0,10
5288,10,0,10
5289,10,0,10
5290,10,0,10
5291,10,0,10
5292,10,0,10
5293,10,0,10
5294,9,0,9
5295,8,0,8
5296,8,0,8
5297,8,0,8
5298,7,1,8
5299,7,1,8
5300,7,1,8
5301,7,0,7
5302,7,0,7
5303,7,0,7
5304,7,0,7
5305,7,0,7
5306,7,0,7
5307,7,0,7
5308,6,1,7
5309,6,1,7
5310,6,1,7
5311,6,1,7
5312,7,0,7
5313,7,0,7
5314,7,0,7
5315,7,0,7
5316,7,0,7
5317,7,0,7
5318,7,0,7
5319,7,0,7
5320,7,0,7
5321,7,0,7
5322,8,0,8
5323,8,0,8
5324,8,0,8
5325,8,0,8
5326,8,0,8
5327,8,0,8
5328,7,0,7
5329,7,0,7
5330,7,0,7
5331,7,0,7
5332,6,0,6
5333,6,0,6
5334,6,0,6
5335,6,0,6
5336,6,0,6
5337,6,0,6
5338,6,0,6
5339,6,0,6
5340,6,0,6
5341,6,0,6
5342,6,0,6
5343,6,0,6
5344,6,0,6
5345,6,0,6
5346,6,0,6
5347,6,0,6
5348,6,0,6
5349,6,0,6
5350,6,0,6
5351,6,0,6
5352,6,0,6
5353,6,0,6
5354,6,0,6
5355,6,0,6
5356,6,0,6
5357,6,0,6
5358,6,0,6
5359,6,0,6
5360,6,0,6
5361,6,0,6
5362,6,0,6
5363,6,0,6
5364,6,0,6
5365,6,0,6
5366,6,0,6
5367,6,0,6
5368,6,0,6
5369,6,0,6
5370,6,0,6
5371,6,0,6
5372,6,0,6
5373,6,0,6
5374,6,0,6
5375,6,0,6
5376,6,0,6
5377,6,0,6
5378,6,0,6
5379,6,0,6
5380,6,0,6
5381,6,0,6
5382,6,0,6
5383,6,0,6
5384,7,0,7
5385,7,0,7
5386,7,0,7
5387,7,0,7
5388,7,0,7
5389,7,0,7
5390,7,0,7
5391,7,0,7
5392,7,0,7
5393,7,0,7
5394,7,0,7
5395,7,0,7
5396,7,0,7
5397,7,0,7
5398,7,0,7
5399,7,0,7
5400,7,0,7
5401,7,0,7
5402,6,0,6
5403,6,0,6
5404,6,0,6
5405,6,0,6
5406,6,0,6
5407,6,0,6
5408,6,0,6
5409,6,0,6
5410,6,0,6
5411,6,0,6
5412,6,0,6
5413,6,0,6
5414,6,0,6
5415,6,0,6
5416,6,0,6
5417,6,0,6
5418,6,0,6
5419,5,0,5
5420,5,0,5
5421,6,0,6
5422,6,0,6
5423,6,0,6
5424,6,0,6
5425,6,0,6
5426,6,0,6
5427,6,0,6
5428,6,0,6
5429,6,0,6
5430,6,0,6
5431,6,0,6
5432,6,0,6
5433,6,0,6
5434,7,0,7
5435,7,0,7
5436,7,0,7
5437,8,0,8
5438,8,0,8
5439,7,1,8
5440,7,1,8
5441,7,1,8
5442,7,1,8
5443,8,1,9
5444,8,1,9
5445,8,1,9
5446,8,1,9
5447,8,1,9
5448,8,1,9
5449,8,1,9
5450,8,1,9
5451,8,1,9
5452,8,1,9
5453,7,1,8
5454,6,1,7
5455,6,1,7
5456,5,1,6
5457,5,1,6
5458,5,1,6
5459,5,1,6
5460,5,1,6
5461,4,1,5
5462,4,1,5
5463,4,1,5
5464,5,1,6
5465,6,1,7
5466,6,1,7
5467,6,1,7
5468,6,1,7
5469,6,1,7
5470,6,1,7
5471,6,1,7
5472,6,1,7
5473,6,1,7
5474,6,1,7
5475,6,1,7
5476,6,1,7
5477,6,1,7
5478,7,0,7
5479,7,0,7
5480,7,0,7
5481,6,0,6
5482,4,0,4
5483,4,0,4
5484,4,0,4
5485,4,0,4
5486,4,0,4
5487,4,0,4
5488,4,0,4
5489,4,0,4
5490,5,0,5
5491,5,0,5
5492,5,0,5
5493,5,0,5
5494,5,0,5
5495,5,0,5
5496,5,0,5
5497,5,0,5
5498,5,0,5
5499,5,0,5
5500,5,0,5
5501,6,0,6
5502,6,0,6
5503,6,0,6
5504,6,0,6
5505,6,0,6
5506,6,0,6
5507,6,0,6
5508,6,0,6
5509,6,0,6
5510,6,0,6
5511,6,0,6
5512,6,0,6
5513,6,0,6
5514,6,0,6
5515,6,0,6
5516,6,0,6
5517,6,0,6
5518,6,0,6
5519,6,0,6
5520,6,0,6
5521,6,0,6
5522,5,0,5
5523,6,0,6
5524,6,0,6
5525,6,0,6
5526,6,0,6
5527,6,0,6
5528,6,0,6
5529,6,0,6
5530,5,0,5
5531,5,0,5
5532,5,0,5
5533,5,0,5
5534,5,0,5
5535,5,0,5
5536,5,0,5
5537,5,0,5
5538,5,0,5
5539,5,0,5
5540,5,0,5
5541,5,0,5
5542,5,0,5
5543,5,0,5
5544,6,0,6
5545,6,0,6
5546,6,0,6
5547,6,0,6
5548,6,0,6
5549,6,0,6
5550,6,0,6
5551,6,0,6
5552,6,0,6
5553,6,0,6
5554,6,0,6
5555,6,0,6
5556,6,0,6
5557,6,0,6
5558,6,0,6
5559,6,0,6
5560,6,0,6
5561,5,0,5
5562,5,0,5
5563,5,0,5
5564,5,0,5
5565,5,0,5
5566,4,0,4
5567,4,0,4
5568,4,0,4
5569,4,0,4
5570,4,0,4
5571,4,0,4
5572,4,0,4
5573,4,0,4
5574,4,0,4
5575,4,0,4
5576,4,0,4
5577,4,0,4
5578,4,0,4
5579,4,0,4
5580,4,0,4
5581,4,0,4
5582,4,0,4
5583,4,0,4
5584,4,0,4
5585,4,0,4
5586,4,0,4
5587,4,0,4
5588,4,0,4
5589,4,0,4
5590,4,0,4
5591,4,0,4
5592,5,0,5
5593,5,0,5
5594,5,0,5
5595,5,0,5
5596,5,0,5
5597,5,0,5
5598,5,0,5
5599,6,0,6
5600,6,0,6
5601,6,0,6
5602,6,0,6
5603,6,0,6
5604,6,0,6
5605,6,0,6
5606,6,0,6
5607,6,0,6
5608,6,0,6
5609,6,0,6
5610,6,0,6
5611,7,0,7
5612,7,0,7
5613,7,0,7
5614,7,0,7
5615,7,0,7
5616,7,0,7
5617,7,0,7
5618,7,0,7
5619,6,0,6
5620,6,0,6
5621,6,0,6
5622,6,0,6
5623,6,0,6
5624,5,0,5
5625,5,0,5
5626,5,0,5
5627,5,0,5
5628,5,0,5
5629,5,0,5
5630,5,0,5
5631,5,0,5
5632,5,0,5
5633,5,0,5
5634,5,0,5
5635,5,0,5
5636,5,0,5
5637,5,0,5
5638,5,0,5
5639,5,0,5
5640,5,0,5
5641,6,0,6
5642,6,0,6
5643,6,0,6
5644,6,0,6
5645,6,0,6
5646,6,0,6
5647,6,0,6
5648,6,0,6
5649,6,0,6
5650,6,0,6
5651,6,0,6
5652,6,0,6
5653,4,0,4
5654,4,0,4
5655,4,0,4
5656,4,0,4
5657,4,0,4
5658,4,0,4
5659,4,0,4
5660,4,0,4
5661,4,0,4
5662,4,0,4
5663,4,0,4
5664,4,0,4
5665,4,0,4
5666,4,0,4
5667,4,0,4
5668,4,0,4
5669,4,0,4
5670,4,0,4
5671,4,0,4
5672,4,0,4
5673,3,0,3
5674,4,0,4
5675,4,0,4
5676,4,0,4
5677,4,0,4
5678,4,0,4
5679,3,0,3
5680,3,0,3
5681,3,0,3
5682,3,0,3
5683,3,0,3
5684,3,0,3
5685,3,0,3
5686,3,0,3
5687,3,0,3
5688,3,0,3
5689,3,0,3
5690,3,0,3
5691,3,0,3
5692,4,0,4
5693,3,0,3
5694,3,0,3
5695,3,0,3
5696,3,0,3
5697,3,0,3
5698,3,0,3
5699,3,0,3
5700,3,0,3
5701,3,0,3
5702,3,0,3
5703,3,0,3
5704,3,0,3
5705,3,0,3
5706,3,0,3
5707,3,0,3
5708,3,0,3
5709,3,0,3
5710,3,0,3
5711,3,0,3
5712,3,0,3
5713,3,0,3
5714,3,0,3
5715,3,0,3
5716,3,0,3
5717,3,0,3
5718,3,0,3
5719,3,0,3
5720,3,0,3
5721,3,0,3
5722,3,0,3
5723,3,0,3
5724,3,0,3
5725,3,0,3
5726,3,0,3
5727,3,0,3
5728,3,0,3
5729,3,0,3
5730,3,0,3
5731,3,0,3
5732,3,0,3
5733,3,0,3
5734,3,0,3
5735,3,0,3
5736,3,0,3
5737,3,0,3
5738,3,0,3
5739,3,0,3
5740,3,0,3
5741,3,0,3
5742,3,0,3
5743,3,0,3
5744,3,0,3
5745,3,0,3
5746,3,0,3
5747,3,0,3
5748,3,0,3
5749,3,0,3
5750,3,0,3
5751,3,0,3
5752,3,0,3
5753,3,0,3
5754,3,0,3
5755,3,0,3
5756,3,0,3
5757,3,0,3
5758,3,0,3
5759,3,0,3
5760,3,0,3
5761,3,0,3
5762,3,0,3
5763,3,0,3
5764,3,0,3
5765,3,0,3
5766,3,0,3
5767,3,0,3
5768,3,0,3
5769,2,0,2
5770,2,0,2
5771,2,0,2
5772,2,0,2
5773,2,0,2
5774,3,0,3
5775,3,0,3
5776,3,0,3
5777,3,0,3
5778,3,0,3
5779,3,0,3
5780,3,0,3
5781,3,0,3
5782,3,0,3
5783,3,0,3
5784,3,0,3
5785,3,0,3
5786,3,0,3
5787,3,0,3
5788,3,0,3
5789,3,0,3
5790,3,0,3
5791,3,0,3
5792,3,0,3
5793,3,0,3
5794,3,0,3
5795,3,0,3
5796,3,0,3
5797,3,0,3
5798,3,0,3
5799,3,0,3
5800,3,0,3
5801,3,0,3
5802,3,0,3
5803,3,0,3
5804,3,0,3
5805,3,0,3
5806,3,0,3
5807,3,0,3
5808,3,0,3
5809,3,0,3
5810,3,0,3
5811,3,0,3
5812,3,0,3
5813,3,0,3
5814,3,0,3
5815,3,0,3
5816,3,0,3
5817,3,0,3
5818,3,0,3
5819,3,0,3
5820,3,0,3
5821,3,0,3
5822,3,0,3
5823,3,0,3
5824,3,0,3
5825,3,0,3
5826,2,0,2
5827,2,0,2
5828,2,0,2
5829,2,0,2
5830,2,0,2
5831,2,0,2
5832,2,0,2
5833,2,0,2
5834,2,0,2
5835,2,0,2
5836,2,0,2
5837,2,0,2
5838,2,0,2
5839,2,0,2
5840,1,0,1
5841,1,0,1
5842,1,0,1
5843,1,0,1
5844,1,0,1
5845,1,0,1
5846,1,0,1
5847,1,0,1
5848,1,0,1
5849,1,0,1
5850,1,0,1
5851,1,0,1
5852,2,0,2
5853,2,0,2
5854,2,0,2
5855,2,0,2
5856,2,0,2
5857,2,0,2
5858,2,0,2
5859,2,0,2
5860,2,0,2
5861,2,0,2
5862,2,0,2
5863,2,0,2
5864,2,0,2
5865,2,0,2
5866,2,0,2
5867,2,0,2
5868,2,0,2
5869,2,0,2
5870,2,0,2
5871,2,0,2
5872,2,0,2
5873,2,0,2
5874,2,0,2
5875,2,0,2
5876,2,0,2
5877,2,0,2
5878,2,0,2
5879,2,0,2
5880,2,0,2
5881,2,0,2
5882,2,0,2
5883,2,0,2
5884,2,0,2
5885,2,0,2
5886,2,0,2
5887,2,0,2
5888,3,0,3
5889,3,0,3
5890,3,0,3
5891,3,0,3
5892,3,0,3
5893,3,0,3
5894,3,0,3
5895,3,0,3
5896,3,0,3
5897,3,0,3
5898,2,0,2
5899,2,0,2
5900,2,0,2
5901,2,0,2
5902,2,0,2
5903,2,0,2
5904,2,0,2
5905,2,0,2
5906,2,0,2
5907,2,0,2
5908,2,0,2
5909,2,0,2
5910,2,0,2
5911,2,0,2
5912,2,0,2
5913,2,0,2
5914,2,0,2
5915,2,0,2
5916,2,0,2
5917,2,0,2
5918,2,0,2
5919,2,0,2
5920,2,0,2
5921,2,0,2
5922,2,0,2
5923,2,0,2
5924,2,0,2
5925,2,0,2
5926,2,0,2
5927,2,0,2
5928,2,0,2
5929,2,0,2
5930,2,0,2
5931,2,0,2
5932,2,0,2
5933,2,0,2
5934,2,0,2
5935,2,0,2
5936,2,0,2
5937,2,0,2
5938,2,0,2
5939,2,0,2
5940,2,0,2
5941,2,0,2
5942,2,0,2
5943,2,0,2
5944,2,0,2
5945,2,0,2
5946,2,0,2
5947,2,0,2
5948,2,0,2
5949,2,0,2
5950,2,0,2
5951,2,0,2
5952,2,0,2
5953,3,0,3
5954,3,0,3
5955,3,0,3
5956,3,0,3
5957,3,0,3
5958,3,0,3
5959,2,0,2
5960,2,0,2
5961,2,0,2
5962,2,0,2
5963,2,0,2
5964,2,0,2
5965,2,0,2
5966,2,0,2
5967,2,0,2
5968,2,0,2
5969,2,0,2
5970,2,0,2
5971,2,0,2
5972,2,0,2
5973,2,0,2
5974,2,0,2
5975,2,0,2
5976,2,0,2
5977,2,0,2
5978,3,0,3
5979,3,0,3
5980,3,0,3
5981,3,0,3
5982,3,0,3
5983,3,0,3
5984,3,0,3
5985,3,0,3
5986,3,0,3
5987,3,0,3
5988,3,0,3
5989,3,0,3
5990,3,0,3
5991,3,0,3
5992,3,0,3
5993,3,0,3
5994,3,0,3
5995,3,0,3
5996,3,0,3
5997,3,0,3
5998,3,0,3
5999,3,0,3
6000,3,0,3
6001,3,0,3
6002,3,0,3
6003,3,0,3
6004,3,0,3
6005,3,0,3
6006,3,0,3
6007,3,0,3
6008,3,0,3
6009,3,0,3
6010,3,0,3
6011,3,0,3
6012,3,0,3
6013,3,0,3
6014,3,0,3
6015,3,0,3
6016,3,0,3
6017,3,0,3
6018,3,0,3
6019,3,0,3
6020,3,0,3
6021,3,0,3
6022,3,0,3
6023,3,0,3
6024,3,0,3
6025,3,0,3
6026,3,0,3
6027,3,0,3
6028,3,0,3
6029,3,0,3
6030,3,0,3
6031,3,0,3
6032,3,0,3
6033,3,0,3
6034,3,0,3
6035,3,0,3
6036,3,0,3
6037,3,0,3
6038,3,0,3
6039,3,0,3
6040,3,0,3
6041,3,0,3
6042,3,0,3
6043,3,0,3
6044,3,0,3
6045,3,0,3
6046,3,0,3
6047,3,0,3
6048,3,0,3
6049,3,0,3
6050,3,0,3
6051,3,0,3
6052,3,0,3
6053,3,0,3
6054,3,0,3
6055,3,0,3
6056,3,0,3
6057,3,0,3
6058,3,0,3
6059,3,0,3
6060,3,0,3
6061,3,0,3
6062,3,0,3
6063,3,0,3
6064,3,0,3
6065,3,0,3
6066,3,0,3
6067,3,0,3
6068,3,0,3
6069,3,0,3
6070,3,0,3
6071,3,0,3
6072,3,0,3
6073,3,0,3
6074,3,0,3
6075,3,0,3
6076,3,0,3
6077,3,0,3
6078,3,0,3
6079,3,0,3
6080,3,0,3
6081,4,0,4
6082,3,0,3
6083,3,0,3
6084,3,0,3
6085,3,0,3
6086,3,0,3
6087,3,0,3
6088,3,0,3
6089,3,0,3
6090,3,0,3
6091,3,0,3
6092,3,0,3
6093,3,0,3
6094,3,0,3
6095,3,0,3
6096,3,0,3
6097,3,0,3
6098,3,0,3
6099,3,0,3
6100,2,0,2
6101,2,0,2
6102,2,0,2
6103,2,0,2
6104,2,0,2
6105,2,0,2
6106,2,0,2
6107,3,0,3
6108,3,0,3
6109,3,0,3
6110,3,0,3
6111,3,0,3
6112,3,0,3
6113,3,0,3
6114,3,0,3
6115,3,0,3
6116,3,0,3
6117,3,0,3
6118,3,0,3
6119,3,0,3
6120,3,0,3
6121,3,0,3
6122,3,0,3
6123,3,0,3
6124,3,0,3
6125,3,0,3
6126,3,0,3
6127,3,0,3
6128,3,0,3
6129,3,0,3
6130,3,0,3
6131,3,0,3
6132,3,0,3
6133,3,0,3
6134,3,0,3
6135,3,0,3
6136,3,0,3
6137,3,0,3
6138,3,0,3
6139,3,0,3
6140,3,0,3
6141,3,0,3
6142,3,0,3
6143,3,0,3
6144,3,0,3
6145,3,0,3
6146,3,0,3
6147,3,0,3
6148,3,0,3
6149,3,0,3
6150,3,0,3
6151,3,0,3
6152,3,0,3
6153,3,0,3
6154,3,0,3
6155,3,0,3
6156,3,0,3
6157,3,0,3
6158,3,0,3
6159,3,0,3
6160,3,0,3
6161,3,0,3
6162,3,0,3
6163,3,0,3
6164,3,0,3
6165,2,0,2
6166,2,0,2
6167,2,0,2
6168,2,0,2
6169,2,0,2
6170,2,0,2
6171,2,0,2
6172,2,0,2
6173,2,0,2
6174,2,0,2
6175,2,0,2
6176,2,0,2
6177,2,0,2
6178,2,0,2
6179,2,0,2
6180,2,0,2
6181,2,0,2
6182,2,0,2
6183,2,0,2
6184,2,0,2
6185,2,0,2
6186,1,0,1
6187,1,0,1
6188,1,0,1
6189,1,0,1
6190,2,0,2
6191,2,0,2
6192,2,0,2
6193,2,0,2
6194,2,0,2
6195,2,0,2
6196,2,0,2
6197,2,0,2
6198,2,0,2
6199,2,0,2
6200,2,0,2
6201,2,0,2
6202,2,0,2
6203,2,0,2
6204,2,0,2
6205,2,0,2
6206,2,0,2
6207,2,0,2
6208,2,0,2
6209,2,0,2
6210,2,0,2
6211,2,0,2
6212,2,0,2
6213,2,0,2
6214,2,0,2
6215,2,0,2
6216,2,0,2
6217,2,0,2
6218,2,0,2
6219,2,0,2
6220,2,0,2
6221,2,0,2
6222,2,0,2
6223,2,0,2
6224,2,0,2
6225,2,0,2
6226,2,0,2
6227,2,0,2
6228,2,0,2
6229,2,0,2
6230,2,0,2
6231,2,0,2
6232,2,0,2
6233,2,0,2
6234,2,0,2
6235,2,0,2
6236,2,0,2
6237,2,0,2
6238,2,0,2
6239,2,0,2
6240,2,0,2
6241,2,0,2
6242,2,0,2
6243,2,0,2
6244,2,0,2
6245,2,0,2
6246,3,0,3
6247,3,0,3
6248,3,0,3
6249,3,0,3
6250,3,0,3
6251,4,0,4
6252,4,0,4
6253,4,0,4
6254,3,0,3
6255,3,0,3
6256,3,0,3
6257,3,0,3
6258,3,0,3
6259,3,0,3
6260,3,0,3
6261,3,0,3
6262,3,0,3
6263,3,0,3
6264,3,0,3
6265,3,0,3
6266,3,0,3
6267,3,0,3
6268,3,0,3
6269,3,0,3
6270,3,0,3
6271,3,0,3
6272,3,0,3
6273,3,0,3
6274,3,0,3
6275,3,0,3
6276,3,0,3
6277,3,0,3
6278,3,0,3
6279,3,0,3
6280,3,0,3
6281,3,0,3
6282,3,0,3
6283,3,0,3
6284,3,0,3
6285,3,0,3
6286,3,0,3
6287,3,0,3
6288,2,0,2
6289,2,0,2
6290,2,0,2
6291,2,0,2
6292,2,0,2
6293,2,0,2
6294,2,0,2
6295,2,0,2
6296,2,0,2
6297,2,0,2
6298,2,0,2
6299,2,0,2
6300,2,0,2
6301,2,0,2
6302,2,0,2
6303,2,0,2
6304,2,0,2
6305,2,0,2
6306,2,0,2
6307,2,0,2
6308,2,0,2
6309,2,0,2
6310,2,0,2
6311,2,0,2
6312,2,0,2
6313,2,0,2
6314,2,0,2
6315,2,0,2
6316,2,0,2
6317,2,0,2
6318,2,0,2
6319,2,0,2
6320,2,0,2
6321,2,0,2
6322,2,0,2
6323,2,0,2
6324,2,0,2
6325,2,0,2
6326,2,0,2
6327,2,0,2
6328,2,0,2
6329,2,0,2
6330,2,0,2
6331,2,0,2
6332,2,0,2
6333,2,0,2
6334,2,0,2
6335,2,0,2
6336,2,0,2
6337,2,0,2
6338,2,0,2
6339,2,0,2
6340,2,0,2
6341,2,0,2
6342,2,0,2
6343,2,0,2
6344,2,0,2
6345,2,0,2
6346,2,0,2
6347,1,0,1
6348,1,0,1
6349,1,0,1
6350,1,0,1
6351,1,0,1
6352,1,0,1
6353,1,0,1
6354,1,0,1
6355,1,0,1
6356,0,0,0
6357,0,0,0
6358,0,0,0
6359,0,0,0
6360,0,0,0
6361,0,0,0
6362,0,0,0
6363,0,0,0
6364,0,0,0
6365,0,0,0
6366,0,0,0
6367,0,0,0
6368,0,0,0
6369,0,0,0
6370,0,0,0
6371,0,0,0
6372,0,0,0
6373,0,0,0
6374,0,0,0
6375,0,0,0
6376,0,0,0
6377,0,0,0
6378,0,0,0
6379,0,0,0
6380,0,0,0
6381,0,0,0
6382,0,0,0
6383,0,0,0
6384,0,0,0
6385,0,0,0
6386,0,0,0
6387,0,0,0
6388,0,0,0
6389,0,0,0
6390,0,0,0
6391,0,0,0
6392,0,0,0
6393,0,0,0
6394,0,0,0
6395,0,0,0
6396,0,0,0
6397,0,0,0
6398,0,0,0
6399,0,0,0
6400,1,0,1
6401,1,0,1
6402,1,0,1
6403,1,0,1
6404,1,0,1
6405,1,0,1
6406,1,0,1
6407,1,0,1
6408,1,0,1
6409,1,0,1
6410,1,0,1
6411,1,0,1
6412,1,0,1
6413,1,0,1
6414,1,0,1
6415,1,0,1
6416,1,0,1
6417,1,0,1
6418,1,0,1
6419,1,0,1
6420,1,0,1
6421,1,0,1
6422,1,0,1
6423,1,0,1
6424,1,0,1
6425,1,0,1
6426,1,0,1
6427,1,0,1
6428,1,0,1
6429,1,0,1
6430,1,0,1
6431,1,0,1
6432,1,0,1
6433,1,0,1
6434,1,0,1
6435,1,0,1
6436,1,0,1
6437,1,0,1
6438,1,0,1
6439,1,0,1
6440,1,0,1
6441,1,0,1
6442,1,0,1
6443,1,0,1
6444,1,0,1
6445,1,0,1
6446,1,0,1
6447,1,0,1
6448,1,0,1
6449,1,0,1
6450,1,0,1
6451,1,0,1
6452,1,0,1
6453,1,0,1
6454,1,0,1
6455,1,0,1
6456,1,0,1
6457,1,0,1
6458,1,0,1
6459,1,0,1
6460,1,0,1
6461,1,0,1
6462,1,0,1
6463,1,0,1
6464,1,0,1
6465,1,0,1
6466,1,0,1
6467,1,0,1
6468,1,0,1
6469,1,0,1
6470,1,0,1
6471,1,0,1
6472,1,0,1
6473,1,0,1
6474,1,0,1
6475,1,0,1
6476,1,0,1
6477,1,0,1
6478,1,0,1
6479,1,0,1
6480,1,0,1
6481,1,0,1
6482,1,0,1
6483,1,0,1
6484,1,0,1
6485,1,0,1
6486,1,0,1
6487,1,0,1
6488,1,0,1
6489,1,0,1
6490,1,0,1
6491,1,0,1
6492,1,0,1
6493,1,0,1
6494,1,0,1
6495,1,0,1
6496,1,0,1
6497,1,0,1
6498,1,0,1
6499,1,0,1
6500,1,0,1
6501,1,0,1
6502,1,0,1
6503,1,0,1
6504,1,0,1
6505,1,0,1
6506,1,0,1
6507,1,0,1
6508,1,0,1
6509,1,0,1
6510,1,0,1
6511,1,0,1
6512,1,0,1
6513,1,0,1
6514,1,0,1
6515,1,0,1
6516,1,0,1
6517,1,0,1
6518,1,0,1
6519,1,0,1
6520,1,0,1
6521,1,0,1
6522,1,0,1
6523,1,0,1
6524,1,0,1
6525,1,0,1
6526,1,0,1
6527,1,0,1
6528,1,0,1
6529,1,0,1
6530,1,0,1
6531,1,0,1
6532,1,0,1
6533,1,0,1
6534,1,0,1
6535,1,0,1
6536,1,0,1
6537,1,0,1
6538,1,0,1
6539,1,0,1
6540,1,0,1
6541,1,0,1
6542,1,0,1
6543,1,0,1
6544,1,0,1
6545,1,0,1
6546,1,0,1
6547,1,0,1
6548,1,0,1
6549,1,0,1
6550,1,0,1
6551,1,0,1
6552,1,0,1
6553,1,0,1
6554,1,0,1
6555,1,0,1
6556,1,0,1
6557,1,0,1
6558,1,0,1
6559,1,0,1
6560,1,0,1
6561,1,0,1
6562,1,0,1
6563,1,0,1
6564,1,0,1
6565,1,0,1
6566,1,0,1
6567,1,0,1
6568,1,0,1
6569,1,0,1
6570,1,0,1
6571,1,0,1
6572,1,0,1
6573,1,0,1
6574,1,0,1
6575,1,0,1
6576,1,0,1
6577,1,0,1
6578,1,0,1
6579,1,0,1
6580,1,0,1
6581,1,0,1
6582,1,0,1
6583,1,0,1
6584,1,0,1
6585,1,0,1
6586,1,0,1
6587,1,0,1
6588,1,0,1
6589,1,0,1
6590,1,0,1
6591,1,0,1
6592,1,0,1
6593,1,0,1
6594,1,0,1
6595,1,0,1
6596,1,0,1
6597,1,0,1
6598,1,0,1
6599,1,0,1
6600,1,0,1
6601,1,0,1
6602,1,0,1
6603,1,0,1
6604,1,0,1
6605,1,0,1
6606,1,0,1
6607,1,0,1
6608,1,0,1
6609,1,0,1
6610,1,0,1
6611,1,0,1
6612,1,0,1
6613,1,0,1
6614,1,0,1
6615,1,0,1
6616,1,0,1
6617,1,0,1
6618,1,0,1
6619,1,0,1
6620,1,0,1
6621,1,0,1
6622,1,0,1
6623,1,0,1
6624,1,0,1
6625,1,0,1
6626,1,0,1
6627,1,0,1
6628,1,0,1
6629,1,0,1
6630,1,0,1
6631,1,0,1
6632,1,0,1
6633,1,0,1
6634,1,0,1
6635,1,0,1
6636,1,0,1
6637,1,0,1
6638,1,0,1
6639,1,0,1
6640,1,0,1
6641,1,0,1
6642,1,0,1
6643,1,0,1
6644,1,0,1
6645,1,0,1
6646,1,0,1
6647,1,0,1
6648,1,0,1
6649,1,0,1
6650,1,0,1
6651,1,0,1
6652,1,0,1
6653,1,0,1
6654,1,0,1
6655,1,0,1
6656,1,0,1
6657,1,0,1
6658,1,0,1
6659,1,0,1
6660,1,0,1
6661,1,0,1
6662,1,0,1
6663,1,0,1
6664,1,0,1
6665,1,0,1
6666,1,0,1
6667,1,0,1
6668,1,0,1
6669,1,0,1
6670,1,0,1
6671,1,0,1
6672,1,0,1
6673,1,0,1
6674,1,0,1
6675,1,0,1
6676,1,0,1
6677,1,0,1
6678,1,0,1
6679,1,0,1
6680,1,0,1
6681,1,0,1
6682,1,0,1
6683,1,0,1
6684,1,0,1
6685,1,0,1
6686,1,0,1
6687,1,0,1
6688,1,0,1
6689,1,0,1
6690,1,0,1
6691,1,0,1
6692,1,0,1
6693,1,0,1
6694,1,0,1
6695,1,0,1
6696,1,0,1
6697,1,0,1
6698,1,0,1
6699,1,0,1
6700,1,0,1
6701,1,0,1
6702,1,0,1
6703,1,0,1
6704,1,0,1
6705,1,0,1
6706,1,0,1
6707,1,0,1
6708,1,0,1
6709,1,0,1
6710,1,0,1
6711,1,0,1
6712,1,0,1
6713,1,0,1
6714,1,0,1
6715,1,0,1
6716,1,0,1
6717,1,0,1
6718,1,0,1
6719,1,0,1
6720,1,0,1
6721,1,0,1
6722,1,0,1
6723,1,0,1
6724,1,0,1
6725,1,0,1
6726,1,0,1
6727,1,0,1
6728,1,0,1
6729,1,0,1
6730,1,0,1
6731,1,0,1
6732,1,0,1
6733,1,0,1
6734,1,0,1
6735,1,0,1
6736,1,0,1
6737,1,0,1
6738,1,0,1
6739,1,0,1
6740,1,0,1
6741,1,0,1
6742,1,0,1
6743,1,0,1
6744,1,0,1
6745,1,0,1
6746,1,0,1
6747,1,0,1
6748,1,0,1
6749,1,0,1
6750,1,0,1
6751,1,0,1
6752,1,0,1
6753,1,0,1
6754,1,0,1
6755,1,0,1
6756,1,0,1
6757,1,0,1
6758,1,0,1
6759,1,0,1
6760,1,0,1
6761,1,0,1
6762,1,0,1
6763,1,0,1
6764,1,0,1
6765,1,0,1
6766,1,0,1
6767,1,0,1
6768,1,0,1
6769,1,0,1
6770,1,0,1
6771,1,0,1
6772,1,0,1
6773,1,0,1
6774,1,0,1
6775,1,0,1
6776,1,0,1
6777,1,0,1
6778,1,0,1
6779,1,0,1
6780,1,0,1
6781,1,0,1
6782,1,0,1
6783,1,0,1
6784,1,0,1
6785,1,0,1
6786,1,0,1
6787,1,0,1
6788,1,0,1
6789,1,0,1
6790,1,0,1
6791,1,0,1
6792,1,0,1
6793,1,0,1
6794,1,0,1
6795,1,0,1
6796,1,0,1
6797,1,0,1
6798,1,0,1
6799,1,0,1
6800,1,0,1
6801,1,0,1
6802,1,0,1
6803,1,0,1
6804,1,0,1
6805,1,0,1
6806,1,0,1
6807,1,0,1
6808,1,0,1
6809,1,0,1
6810,1,0,1
6811,1,0,1
6812,1,0,1
6813,1,0,1
6814,1,0,1
6815,1,0,1
6816,1,0,1
6817,1,0,1
6818,1,0,1
6819,1,0,1
6820,1,0,1
6821,1,0,1
6822,1,0,1
6823,1,0,1
6824,1,0,1
6825,1,0,1
6826,1,0,1
6827,1,0,1
6828,1,0,1
6829,1,0,1
6830,1,0,1
6831,1,0,1
6832,1,0,1
6833,1,0,1
6834,1,0,1
6835,1,0,1
6836,1,0,1
6837,1,0,1
6838,1,0,1
6839,1,0,1
6840,1,0,1
6841,1,0,1
6842,1,0,1
6843,1,0,1
6844,1,0,1
6845,1,0,1
6846,1,0,1
6847,1,0,1
6848,1,0,1
6849,1,0,1
6850,1,0,1
6851,1,0,1
6852,1,0,1
6853,1,0,1
6854,1,0,1
6855,1,0,1
6856,1,0,1
6857,1,0,1
6858,1,0,1
6859,1,0,1
6860,1,0,1
6861,2,0,2
6862,2,0,2
6863,2,0,2
6864,2,0,2
6865,2,0,2
6866,2,0,2
6867,2,0,2
6868,2,0,2
6869,2,0,2
6870,2,0,2
6871,2,0,2
6872,2,0,2
6873,2,0,2
6874,2,0,2
6875,2,0,2
6876,2,0,2
6877,2,0,2
6878,2,0,2
6879,3,0,3
6880,3,0,3
6881,3,0,3
6882,3,0,3
6883,3,0,3
6884,3,0,3
6885,3,0,3
6886,3,0,3
6887,3,0,3
6888,3,0,3
6889,3,0,3
6890,3,0,3
6891,3,0,3
6892,3,0,3
6893,3,0,3
6894,3,0,3
6895,3,0,3
6896,2,0,2
6897,3,0,3
6898,2,1,3
6899,2,1,3
6900,2,1,3
6901,2,1,3
6902,2,1,3
6903,2,1,3
6904,2,1,3
6905,2,1,3
6906,2,1,3
6907,2,1,3
6908,2,1,3
6909,2,1,3
6910,2,1,3
6911,2,1,3
6912,2,1,3
6913,1,1,2
6914,1,1,2
6915,1,1,2
6916,1,1,2
6917,1,1,2
6918,1,1,2
6919,1,1,2
6920,1,1,2
6921,0,1,1
6922,0,1,1
6923,0,1,1
6924,0,1,1
6925,0,1,1
6926,0,1,1
6927,0,1,1
6928,0,1,1
6929,0,1,1
6930,0,1,1
6931,0,1,1
6932,0,1,1
6933,0,1,1
6934,0,1,1
6935,0,1,1
6936,0,1,1
6937,0,1,1
6938,1,0,1
6939,1,0,1
6940,1,0,1
6941,0,0,0
6942,0,0,0
6943,0,0,0
6944,0,0,0
6945,0,0,0
6946,0,0,0
6947,0,0,0
6948,0,0,0
6949,0,0,0
6950,0,0,0
6951,0,0,0
6952,0,0,0
6953,0,0,0
6954,0,0,0
6955,0,0,0
6956,0,0,0
6957,0,0,0
6958,0,0,0
6959,0,0,0
6960,0,0,0
6961,0,0,0
6962,0,0,0
6963,0,0,0
6964,0,0,0
6965,0,0,0
6966,0,0,0
6967,0,0,0
6968,0,0,0
6969,0,0,0
6970,0,0,0
6971,0,0,0
6972,0,0,0
6973,0,0,0
6974,0,0,0
6975,0,0,0
6976,0,0,0
6977,0,0,0
6978,0,0,0
6979,0,0,0
6980,0,0,0
6981,0,0,0
6982,0,0,0
6983,0,0,0
6984,0,0,0
6985,0,0,0
6986,0,0,0
6987,0,0,0
6988,0,0,0
6989,0,0,0
6990,0,0,0
6991,0,0,0
6992,0,0,0
6993,0,0,0
6994,0,0,0
6995,0,0,0
6996,0,0,0
6997,0,0,0
6998,0,0,0
6999,0,0,0
7000,0,0,0
7001,0,0,0
7002,0,0,0
7003,0,0,0
7004,0,0,0
7005,0,0,0
7006,0,0,0
7007,0,0,0
7008,0,0,0
7009,0,0,0
7010,0,0,0
7011,0,0,0
7012,0,0,0
7013,0,0,0
7014,0,0,0
7015,0,0,0
7016,0,0,0
7017,0,0,0
7018,0,0,0
7019,0,0,0
7020,0,0,0
7021,0,0,0
7022,0,0,0
7023,0,0,0
7024,0,0,0
7025,0,0,0
7026,0,0,0
7027,0,0,0
7028,0,0,0
7029,0,0,0
7030,0,0,0
7031,0,0,0
7032,0,0,0
7033,0,0,0
7034,0,0,0
7035,0,0,0
7036,1,0,1
7037,1,0,1
7038,1,0,1
7039,1,0,1
7040,1,0,1
7041,1,0,1
7042,1,0,1
7043,1,0,1
7044,1,0,1
7045,1,0,1
7046,1,0,1
7047,1,0,1
7048,1,0,1
7049,1,0,1
7050,1,0,1
7051,1,0,1
7052,1,0,1
7053,1,0,1
7054,1,0,1
7055,1,0,1
7056,1,0,1
7057,1,0,1
7058,1,0,1
7059,1,0,1
7060,1,0,1
7061,1,0,1
7062,1,0,1
7063,1,0,1
7064,1,0,1
7065,1,0,1
7066,1,0,1
7067,1,0,1
7068,1,0,1
7069,1,0,1
7070,1,0,1
7071,1,0,1
7072,1,0,1
7073,1,0,1
7074,1,0,1
7075,1,0,1
7076,1,0,1
7077,1,0,1
7078,1,0,1
7079,1,0,1
7080,1,0,1
7081,1,0,1
7082,1,0,1
7083,1,0,1
7084,1,0,1
7085,2,0,2
7086,2,0,2
7087,2,0,2
7088,2,0,2
7089,2,0,2
7090,2,0,2
7091,2,0,2
7092,2,0,2
7093,2,0,2
7094,2,0,2
7095,2,0,2
7096,2,0,2
7097,2,0,2
7098,2,0,2
7099,2,0,2
7100,2,0,2
7101,2,0,2
7102,2,0,2
7103,1,0,1
7104,1,0,1
7105,1,0,1
7106,1,0,1
7107,1,0,1
7108,1,0,1
7109,1,0,1
7110,2,0,2
7111,2,0,2
7112,2,0,2
7113,2,0,2
7114,2,0,2
7115,2,0,2
7116,2,0,2
7117,2,0,2
7118,2,0,2
7119,2,0,2
7120,2,0,2
7121,2,0,2
7122,2,0,2
7123,2,0,2
7124,2,0,2
7125,2,0,2
7126,2,0,2
7127,1,0,1
7128,1,0,1
7129,1,0,1
7130,1,0,1
7131,1,0,1
7132,1,0,1
7133,1,0,1
7134,1,0,1
7135,1,0,1
7136,1,0,1
7137,1,0,1
7138,1,0,1
7139,1,0,1
7140,1,0,1
7141,1,0,1
7142,1,0,1
7143,1,0,1
7144,1,0,1
7145,1,0,1
7146,1,0,1
7147,1,0,1
7148,1,0,1
7149,1,0,1
7150,1,0,1
7151,1,0,1
7152,1,0,1
7153,1,0,1
7154,1,0,1
7155,1,0,1
7156,1,0,1
7157,1,0,1
7158,1,0,1
7159,1,0,1
7160,1,0,1
7161,1,0,1
7162,1,0,1
7163,1,0,1
7164,1,0,1
7165,1,0,1
7166,1,0,1
7167,1,0,1
7168,1,0,1
7169,1,0,1
7170,1,0,1
7171,1,0,1
7172,1,0,1
7173,1,0,1
7174,1,0,1
7175,1,0,1
7176,1,0,1
7177,1,0,1
7178,1,0,1
7179,1,0,1
7180,1,0,1
7181,1,0,1
7182,1,0,1
7183,1,0,1
7184,1,0,1
7185,1,0,1
7186,1,0,1
7187,1,0,1
7188,1,0,1
7189,1,0,1
7190,1,0,1
7191,1,0,1
7192,1,0,1
7193,1,0,1
7194,1,0,1
7195,1,0,1
7196,1,0,1
7197,1,0,1
7198,1,0,1
7199,1,0,1
7200,1,0,1
7201,1,0,1
7202,1,0,1
7203,1,0,1
7204,1,0,1
7205,1,0,1
7206,1,0,1
7207,1,0,1
7208,1,0,1
7209,1,0,1
7210,1,0,1
7211,1,0,1
7212,1,0,1
7213,1,0,1
7214,1,0,1
7215,1,0,1
7216,1,0,1
7217,1,0,1
7218,1,0,1
7219,1,0,1
7220,1,0,1
7221,1,0,1
7222,1,0,1
7223,1,0,1
7224,1,0,1
7225,1,0,1
7226,1,0,1
7227,1,0,1
7228,1,0,1
7229,1,0,1
7230,1,0,1
7231,1,0,1
7232,1,0,1
7233,1,0,1
7234,1,0,1
7235,1,0,1
7236,1,0,1
7237,1,0,1
7238,1,0,1
7239,1,0,1
7240,1,0,1
7241,1,0,1
7242,1,0,1
7243,1,0,1
7244,1,0,1
7245,1,0,1
7246,1,0,1
7247,1,0,1
7248,1,0,1
7249,1,0,1
7250,1,0,1
7251,1,0,1
7252,1,0,1
7253,1,0,1
7254,1,0,1
7255,1,0,1
7256,1,0,1
7257,1,0,1
7258,1,0,1
7259,1,0,1
7260,1,0,1
7261,1,0,1
7262,1,0,1
7263,1,0,1
7264,1,0,1
7265,1,0,1
7266,1,0,1
7267,1,0,1
7268,1,0,1
7269,1,0,1
7270,1,0,1
7271,1,0,1
7272,1,0,1
7273,1,0,1
7274,1,0,1
7275,1,0,1
7276,1,0,1
7277,1,0,1
7278,1,0,1
7279,1,0,1
7280,1,0,1
7281,1,0,1
7282,1,0,1
7283,1,0,1
7284,1,0,1
7285,1,0,1
7286,1,0,1
7287,1,0,1
7288,1,0,1
7289,1,0,1
7290,1,0,1
7291,1,0,1
7292,1,0,1
7293,1,0,1
7294,1,0,1
7295,1,0,1
7296,1,0,1
7297,1,0,1
7298,1,0,1
7299,1,0,1
7300,1,0,1
7301,1,0,1
7302,1,0,1
7303,1,0,1
7304,1,0,1
7305,1,0,1
7306,1,0,1
7307,1,0,1
7308,1,0,1
7309,1,0,1
7310,1,0,1
7311,1,0,1
7312,1,0,1
7313,1,0,1
7314,1,0,1
7315,1,0,1
7316,1,0,1
7317,1,0,1
7318,1,0,1
7319,1,0,1
7320,1,0,1
7321,1,0,1
7322,1,0,1
7323,1,0,1
7324,1,0,1
7325,1,0,1
7326,1,0,1
7327,1,0,1
7328,1,0,1
7329,1,0,1
7330,1,0,1
7331,1,0,1
7332,1,0,1
7333,1,0,1
7334,1,0,1
7335,1,0,1
7336,1,0,1
7337,1,0,1
7338,1,0,1
7339,1,0,1
7340,2,0,2
7341,2,0,2
7342,2,0,2
7343,2,0,2
7344,2,0,2
7345,2,0,2
7346,2,0,2
7347,2,0,2
7348,2,0,2
7349,2,0,2
7350,2,0,2
7351,2,0,2
7352,2,0,2
7353,2,0,2
7354,2,0,2
7355,2,0,2
7356,2,0,2
7357,2,0,2
7358,2,0,2
7359,2,0,2
7360,2,0,2
7361,2,0,2
7362,2,0,2
7363,2,0,2
7364,2,0,2
7365,2,0,2
7366,1,0,1
7367,1,0,1
7368,1,0,1
7369,1,0,1
7370,1,0,1
7371,1,0,1
7372,1,0,1
7373,1,0,1
7374,1,0,1
7375,1,0,1
7376,1,0,1
7377,1,0,1
7378,1,0,1
7379,1,0,1
7380,1,0,1
7381,1,0,1
7382,1,0,1
7383,1,0,1
7384,1,0,1
7385,1,0,1
7386,1,0,1
7387,1,0,1
7388,1,0,1
7389,1,0,1
7390,1,0,1
7391,1,0,1
7392,1,0,1
7393,1,0,1
7394,1,0,1
7395,1,0,1
7396,1,0,1
7397,1,0,1
7398,1,0,1
7399,1,0,1
7400,1,0,1
7401,1,0,1
7402,1,0,1
7403,1,0,1
7404,1,0,1
7405,1,0,1
7406,1,0,1
7407,1,0,1
7408,1,0,1
7409,1,0,1
7410,1,0,1
7411,1,0,1
7412,1,0,1
7413,1,0,1
7414,1,0,1
7415,1,0,1
7416,1,0,1
7417,1,0,1
7418,1,0,1
7419,2,0,2
7420,2,0,2
7421,2,0,2
7422,2,0,2
7423,2,0,2
7424,2,0,2
7425,2,0,2
7426,2,0,2
7427,2,0,2
7428,2,0,2
7429,2,0,2
7430,2,0,2
7431,2,0,2
7432,2,0,2
7433,2,0,2
7434,2,0,2
7435,2,0,2
7436,2,0,2
7437,2,0,2
7438,2,0,2
7439,2,0,2
7440,3,0,3
7441,3,0,3
7442,3,0,3
7443,3,0,3
7444,3,0,3
7445,2,0,2
7446,2,0,2
7447,2,0,2
7448,2,0,2
7449,2,0,2
7450,2,0,2
7451,2,0,2
7452,2,0,2
7453,2,0,2
7454,2,0,2
7455,2,0,2
7456,2,0,2
7457,2,0,2
7458,2,0,2
7459,2,0,2
7460,2,0,2
7461,2,0,2
7462,2,0,2
7463,3,0,3
7464,3,0,3
7465,3,0,3
7466,3,0,3
7467,3,0,3
7468,3,0,3
7469,3,0,3
7470,3,0,3
7471,3,0,3
7472,3,0,3
7473,3,0,3
7474,3,0,3
7475,3,0,3
7476,3,0,3
7477,3,0,3
7478,3,0,3
7479,3,0,3
7480,3,0,3
7481,3,0,3
7482,3,0,3
7483,3,0,3
7484,3,0,3
7485,3,0,3
7486,3,0,3
7487,3,0,3
7488,3,0,3
7489,3,0,3
7490,3,0,3
7491,3,0,3
7492,3,0,3
7493,3,0,3
7494,2,0,2
7495,2,0,2
7496,2,0,2
7497,2,0,2
7498,2,0,2
7499,2,0,2
7500,2,0,2
7501,2,0,2
7502,2,0,2
7503,2,0,2
7504,2,0,2
7505,2,0,2
7506,2,0,2
7507,2,0,2
7508,2,0,2
7509,2,0,2
7510,1,0,1
7511,1,0,1
7512,1,0,1
7513,1,0,1
7514,1,0,1
7515,1,0,1
7516,1,0,1
7517,1,0,1
7518,1,0,1
7519,1,0,1
7520,0,0,0
7521,0,0,0
7522,0,0,0
7523,0,0,0
7524,0,0,0
7525,0,0,0
7526,0,0,0
7527,0,0,0
7528,0,0,0
7529,0,0,0
7530,0,0,0
7531,0,0,0
7532,0,0,0
7533,0,0,0
7534,0,0,0
7535,0,0,0
7536,0,0,0
7537,0,0,0
7538,0,0,0
7539,0,0,0
7540,0,0,0
7541,0,0,0
7542,0,0,0
7543,0,0,0
7544,0,0,0
7545,0,0,0
7546,0,0,0
7547,0,0,0
7548,0,0,0
7549,0,0,0
7550,0,0,0
7551,0,0,0
7552,0,0,0
7553,0,0,0
7554,0,0,0
7555,0,0,0
7556,0,0,0
7557,0,0,0
7558,0,0,0
7559,0,0,0
7560,0,0,0
7561,0,0,0
7562,0,0,0
7563,0,0,0
7564,0,0,0
7565,0,0,0
7566,0,0,0
7567,0,0,0
7568,0,0,0
7569,0,0,0
7570,0,0,0
7571,0,0,0
7572,0,0,0
7573,0,0,0
7574,0,0,0
7575,0,0,0
7576,0,0,0
7577,0,0,0
7578,0,0,0
7579,0,0,0
7580,0,0,0
7581,0,0,0
7582,0,0,0
7583,0,0,0
7584,0,0,0
7585,0,0,0
7586,0,0,0
7587,0,0,0
7588,0,0,0
7589,0,0,0
7590,0,0,0
7591,0,0,0
7592,0,0,0
7593,0,0,0
7594,0,0,0
7595,0,0,0
7596,0,0,0
7597,0,0,0
7598,0,0,0
7599,0,0,0
7600,0,0,0
7601,0,0,0
7602,0,0,0
7603,0,0,0
7604,0,0,0
7605,0,0,0
7606,0,0,0
7607,0,0,0
7608,0,0,0
7609,0,0,0
7610,0,0,0
7611,0,0,0
7612,0,0,0
7613,0,0,0
7614,0,0,0
7615,0,0,0
7616,0,0,0
7617,0,0,0
7618,0,0,0
7619,0,0,0
7620,0,0,0
7621,0,0,0
7622,0,0,0
7623,0,0,0
7624,0,0,0
7625,0,0,0
7626,0,0,0
7627,0,0,0
7628,0,0,0
7629,0,0,0
7630,0,0,0
7631,0,0,0
7632,0,0,0
7633,0,0,0
7634,0,0,0
7635,0,0,0
7636,0,0,0
7637,0,0,0
7638,0,0,0
7639,0,0,0
7640,0,0,0
7641,0,0,0
7642,0,0,0
7643,0,0,0
7644,0,0,0
7645,0,0,0
7646,0,0,0
7647,0,0,0
7648,0,0,0
7649,0,0,0
7650,0,0,0
7651,0,0,0
7652,0,0,0
7653,0,0,0
7654,0,0,0
7655,0,0,0
7656,0,0,0
7657,0,0,0
7658,0,0,0
7659,0,0,0
7660,0,0,0
7661,0,0,0
7662,0,0,0
7663,0,0,0
7664,0,0,0
7665,0,0,0
7666,0,0,0
7667,0,0,0
7668,0,0,0
7669,0,0,0
7670,0,0,0
7671,0,0,0
7672,0,0,0
7673,0,0,0
7674,0,0,0
7675,0,0,0
7676,0,0,0
7677,0,0,0
7678,0,0,0
7679,0,0,0
7680,0,0,0
7681,0,0,0
7682,0,0,0
7683,0,0,0
7684,0,0,0
7685,0,0,0
7686,0,0,0
7687,0,0,0
7688,0,0,0
7689,0,0,0
7690,0,0,0
7691,0,0,0
7692,0,0,0
7693,0,0,0
7694,0,0,0
7695,0,0,0
7696,0,0,0
7697,0,0,0
7698,0,0,0
7699,0,0,0
7700,0,0,0
7701,0,0,0
7702,0,0,0
7703,0,0,0
7704,0,0,0
7705,0,0,0
7706,0,0,0
7707,0,0,0
7708,0,0,0
7709,0,0,0
7710,0,0,0
7711,0,0,0
7712,0,0,0
7713,0,0,0
7714,0,0,0
7715,0,0,0
7716,0,0,0
7717,0,0,0
7718,0,0,0
7719,0,0,0
7720,0,0,0
7721,0,0,0
7722,0,0,0
7723,0,0,0
7724,0,0,0
7725,0,0,0
7726,0,0,0
7727,0,0,0
7728,0,0,0
7729,0,0,0
7730,0,0,0
7731,0,0,0
7732,0,0,0
7733,0,0,0
7734,0,0,0
7735,0,0,0
7736,0,0,0
7737,0,0,0
7738,0,0,0
7739,0,0,0
7740,0,0,0
7741,0,0,0
7742,0,0,0
7743,0,0,0
7744,0,0,0
7745,0,0,0
7746,0,0,0
7747,0,0,0
7748,0,0,0
7749,0,0,0
7750,0,0,0
7751,0,0,0
7752,0,0,0
7753,0,0,0
7754,0,0,0
7755,0,0,0
7756,0,0,0
7757,0,0,0
7758,0,0,0
7759,0,0,0
7760,0,0,0
7761,0,0,0
7762,0,0,0
7763,0,0,0
7764,0,0,0
7765,0,0,0
7766,0,0,0
7767,0,0,0
7768,0,0,0
7769,0,0,0
7770,0,0,0
7771,0,0,0
7772,0,0,0
7773,0,0,0
7774,0,0,0
7775,0,0,0
7776,0,0,0
7777,0,0,0
7778,0,0,0
7779,1,0,1
7780,1,0,1
7781,1,0,1
7782,1,0,1
7783,1,0,1
7784,1,0,1
7785,1,0,1
7786,1,0,1
7787,1,0,1
7788,1,0,1
7789,1,0,1
7790,1,0,1
7791,1,0,1
7792,1,0,1
7793,1,0,1
7794,1,0,1
7795,1,0,1
7796,1,0,1
7797,1,0,1
7798,1,0,1
7799,1,0,1
7800,1,0,1
7801,1,0,1
7802,1,0,1
7803,1,0,1
7804,1,0,1
7805,1,0,1
7806,1,0,1
7807,1,0,1
7808,1,0,1
7809,1,0,1
7810,1,0,1
7811,1,0,1
7812,1,0,1
7813,1,0,1
7814,1,0,1
7815,1,0,1
7816,1,0,1
7817,1,0,1
7818,1,0,1
7819,1,0,1
7820,1,0,1
7821,1,0,1
7822,1,0,1
7823,1,0,1
7824,1,0,1
7825,1,0,1
7826,1,0,1
7827,1,0,1
7828,1,0,1
7829,0,0,0
7830,0,0,0
7831,0,0,0
7832,0,0,0
7833,0,0,0
7834,0,0,0
7835,0,0,0
7836,0,0,0
7837,0,0,0
7838,0,0,0
7839,0,0,0
7840,0,0,0
7841,0,0,0
7842,0,0,0
7843,0,0,0
7844,0,0,0
7845,0,0,0
7846,0,0,0
7847,0,0,0
7848,0,0,0
7849,0,0,0
7850,0,0,0
7851,0,0,0
7852,0,0,0
7853,0,0,0
7854,0,0,0
7855,0,0,0
7856,0,0,0
7857,0,0,0
7858,0,0,0
7859,0,0,0
7860,0,0,0
7861,0,0,0
7862,0,0,0
7863,0,0,0
7864,0,0,0
7865,0,0,0
7866,0,0,0
7867,0,0,0
7868,0,0,0
7869,0,0,0
7870,0,0,0
7871,0,0,0
7872,0,0,0
7873,0,0,0
7874,0,0,0
7875,0,0,0
7876,0,0,0
7877,0,0,0
7878,0,0,0
7879,0,0,0
7880,0,0,0
7881,0,0,0
7882,0,0,0
7883,0,0,0
7884,0,0,0
7885,0,0,0
7886,0,0,0
7887,0,0,0
7888,0,0,0
7889,0,0,0
7890,0,0,0
7891,0,0,0
7892,0,0,0
7893,0,0,0
7894,0,0,0
7895,0,0,0
7896,0,0,0
7897,0,0,0
7898,0,0,0
7899,0,0,0
7900,0,0,0
7901,0,0,0
7902,0,0,0
7903,0,0,0
7904,0,0,0
7905,0,0,0
7906,0,0,0
7907,0,0,0
7908,0,0,0
7909,0,0,0
7910,0,0,0
7911,0,0,0
7912,0,0,0
7913,0,0,0
7914,0,0,0
7915,0,0,0
7916,0,0,0
7917,0,0,0
7918,0,0,0
7919,0,0,0
7920,0,0,0
7921,0,0,0
7922,0,0,0
7923,0,0,0
7924,0,0,0
7925,0,0,0
7926,0,0,0
7927,0,0,0
7928,0,0,0
7929,0,0,0
7930,0,0,0
7931,0,0,0
7932,0,0,0
7933,0,0,0
7934,0,0,0
7935,0,0,0
7936,0,0,0
7937,0,0,0
7938,0,0,0
7939,0,0,0
7940,0,0,0
7941,0,0,0
7942,0,0,0
7943,0,0,0
7944,0,0,0
7945,0,0,0
7946,0,0,0
7947,0,0,0
7948,0,0,0
7949,0,0,0
7950,0,0,0
7951,0,0,0
7952,0,0,0
7953,0,0,0
7954,0,0,0
7955,0,0,0
7956,0,0,0
7957,0,0,0
7958,0,0,0
7959,0,0,0
7960,0,0,0
7961,0,0,0
7962,0,0,0
7963,0,0,0
7964,0,0,0
7965,0,0,0
7966,0,0,0
7967,0,0,0
7968,0,0,0
7969,0,0,0
7970,0,0,0
7971,0,0,0
7972,0,0,0
7973,0,0,0
7974,0,0,0
7975,0,0,0
7976,0,0,0
7977,0,0,0
7978,0,0,0
7979,0,0,0
7980,0,0,0
7981,0,0,0
7982,0,0,0
7983,0,0,0
7984,0,0,0
7985,0,0,0
7986,0,0,0
7987,0,0,0
7988,0,0,0
7989,0,0,0
7990,0,0,0
7991,0,0,0
7992,0,0,0
7993,0,0,0
7994,0,0,0
7995,0,0,0
7996,0,0,0
7997,0,0,0
7998,0,0,0
7999,0,0,0
8000,0,0,0
8001,0,0,0
8002,0,0,0
8003,0,0,0
8004,0,0,0
8005,0,0,0
8006,0,0,0
8007,0,0,0
8008,0,0,0
8009,0,0,0
8010,0,0,0
8011,0,0,0
8012,0,0,0
8013,0,0,0
8014,0,0,0
8015,0,0,0
8016,0,0,0
8017,0,0,0
8018,0,0,0
8019,0,0,0
8020,0,0,0
8021,0,0,0
8022,0,0,0
8023,0,0,0
8024,0,0,0
8025,0,0,0
8026,0,0,0
8027,0,0,0
8028,0,0,0
8029,0,0,0
8030,0,0,0
8031,0,0,0
8032,0,0,0
8033,1,0,1
8034,1,0,1
8035,1,0,1
8036,1,0,1
8037,1,0,1
8038,1,0,1
8039,1,0,1
8040,1,0,1
8041,1,0,1
8042,1,0,1
8043,1,0,1
8044,1,0,1
8045,1,0,1
8046,1,0,1
8047,1,0,1
8048,1,0,1
8049,1,0,1
8050,1,0,1
8051,1,0,1
8052,1,0,1
8053,1,0,1
8054,1,0,1
8055,1,0,1
8056,1,0,1
8057,1,0,1
8058,1,0,1
8059,1,0,1
8060,1,0,1
8061,1,0,1
8062,1,0,1
8063,1,0,1
8064,1,0,1
8065,1,0,1
8066,1,0,1
8067,1,0,1
8068,1,0,1
8069,1,0,1
8070,1,0,1
8071,1,0,1
8072,1,0,1
8073,1,0,1
8074,1,0,1
8075,1,0,1
8076,1,0,1
8077,1,0,1
8078,1,0,1
8079,1,0,1
8080,1,0,1
8081,1,0,1
8082,1,0,1
8083,1,0,1
8084,1,0,1
8085,1,0,1
8086,1,0,1
8087,1,0,1
8088,1,0,1
8089,1,0,1
8090,1,0,1
8091,1,0,1
8092,1,0,1
8093,1,0,1
8094,1,0,1
8095,1,0,1
8096,1,0,1
8097,1,0,1
8098,1,0,1
8099,1,0,1
8100,1,0,1
8101,1,0,1
8102,1,0,1
8103,1,0,1
8104,1,0,1
8105,1,0,1
8106,1,0,1
8107,1,0,1
8108,1,0,1
8109,1,0,1
8110,1,0,1
8111,1,0,1
8112,1,0,1
8113,1,0,1
8114,1,0,1
8115,1,0,1
8116,1,0,1
8117,1,0,1
8118,1,0,1
8119,1,0,1
8120,1,0,1
8121,1,0,1
8122,1,0,1
8123,1,0,1
8124,1,0,1
8125,1,0,1
8126,1,0,1
8127,1,0,1
8128,1,0,1
8129,1,0,1
8130,1,0,1
8131,1,0,1
8132,1,0,1
8133,1,0,1
8134,1,0,1
8135,1,0,1
8136,1,0,1
8137,1,0,1
8138,1,0,1
8139,1,0,1
8140,1,0,1
8141,1,0,1
8142,1,0,1
8143,1,0,1
8144,1,0,1
8145,1,0,1
8146,1,0,1
8147,1,0,1
8148,1,0,1
8149,1,0,1
8150,1,0,1
8151,1,0,1
8152,1,0,1
8153,1,0,1
8154,1,0,1
8155,1,0,1
8156,1,0,1
8157,1,0,1
8158,1,0,1
8159,1,0,1
8160,1,0,1
8161,1,0,1
8162,1,0,1
8163,1,0,1
8164,1,0,1
8165,1,0,1
8166,1,0,1
8167,1,0,1
8168,1,0,1
8169,1,0,1
8170,1,0,1
8171,1,0,1
8172,1,0,1
8173,1,0,1
8174,1,0,1
8175,1,0,1
8176,1,0,1
8177,1,0,1
8178,1,0,1
8179,1,0,1
8180,1,0,1
8181,1,0,1
8182,1,0,1
8183,1,0,1
8184,1,0,1
8185,1,0,1
8186,1,0,1
8187,1,0,1
8188,1,0,1
8189,1,0,1
8190,1,0,1
8191,1,0,1
8192,1,0,1
8193,1,0,1
8194,1,0,1
8195,1,0,1
8196,1,0,1
8197,1,0,1
8198,1,0,1
8199,1,0,1
8200,1,0,1
8201,1,0,1
8202,1,0,1
8203,1,0,1
8204,1,0,1
8205,1,0,1
8206,1,0,1
8207,1,0,1
8208,1,0,1
8209,1,0,1
8210,1,0,1
8211,1,0,1
8212,1,0,1
8213,1,0,1
8214,1,0,1
8215,1,0,1
8216,1,0,1
8217,1,0,1
8218,1,0,1
8219,1,0,1
8220,1,0,1
8221,1,0,1
8222,1,0,1
8223,1,0,1
8224,1,0,1
8225,1,0,1
8226,1,0,1
8227,1,0,1
8228,1,0,1
8229,1,0,1
8230,1,0,1
8231,1,0,1
8232,1,0,1
8233,1,0,1
8234,1,0,1
8235,1,0,1
8236,1,0,1
8237,1,0,1
8238,1,0,1
8239,1,0,1
8240,1,0,1
8241,1,0,1
8242,1,0,1
8243,1,0,1
8244,1,0,1
8245,1,0,1
8246,1,0,1
8247,1,0,1
8248,1,0,1
8249,1,0,1
8250,1,0,1
8251,1,0,1
8252,1,0,1
8253,1,0,1
8254,1,0,1
8255,1,0,1
8256,1,0,1
8257,1,0,1
8258,1,0,1
8259,1,0,1
8260,1,0,1
8261,1,0,1
8262,1,0,1
8263,1,0,1
8264,1,0,1
8265,1,0,1
8266,1,0,1
8267,1,0,1
8268,1,0,1
8269,1,0,1
8270,1,0,1
8271,1,0,1
8272,1,0,1
8273,1,0,1
8274,1,0,1
8275,1,0,1
8276,1,0,1
8277,1,0,1
8278,1,0,1
8279,1,0,1
8280,1,0,1
8281,1,0,1
8282,1,0,1
8283,1,0,1
8284,1,0,1
8285,1,0,1
8286,1,0,1
8287,1,0,1
8288,1,0,1
8289,1,0,1
8290,1,0,1
8291,1,0,1
8292,1,0,1
8293,1,0,1
8294,1,0,1
8295,1,0,1
8296,1,0,1
8297,1,0,1
8298,1,0,1
8299,1,0,1
8300,1,0,1
8301,1,0,1
8302,1,0,1
8303,1,0,1
8304,1,0,1
8305,1,0,1
8306,1,0,1
8307,1,0,1
8308,1,0,1
8309,1,0,1
8310,1,0,1
8311,1,0,1
8312,1,0,1
8313,1,0,1
8314,1,0,1
8315,1,0,1
8316,1,0,1
8317,1,0,1
8318,1,0,1
8319,1,0,1
8320,1,0,1
8321,1,0,1
8322,1,0,1
8323,1,0,1
8324,1,0,1
8325,1,0,1
8326,1,0,1
8327,1,0,1
8328,1,0,1
8329,1,0,1
8330,1,0,1
8331,1,0,1
8332,1,0,1
8333,1,0,1
8334,1,0,1
8335,1,0,1
8336,1,0,1
8337,1,0,1
8338,1,0,1
8339,1,0,1
8340,1,0,1
8341,1,0,1
8342,1,0,1
8343,1,0,1
8344,1,0,1
8345,1,0,1
8346,1,0,1
8347,1,0,1
8348,1,0,1
8349,1,0,1
8350,1,0,1
8351,1,0,1
8352,1,0,1
8353,1,0,1
8354,1,0,1
8355,1,0,1
8356,1,0,1
8357,1,0,1
8358,1,0,1
8359,1,0,1
8360,1,0,1
8361,1,0,1
8362,1,0,1
8363,1,0,1
8364,1,0,1
8365,1,0,1
8366,1,0,1
8367,1,0,1
8368,1,0,1
8369,1,0,1
8370,1,0,1
8371,1,0,1
8372,1,0,1
8373,1,0,1
8374,1,0,1
8375,1,0,1
8376,1,0,1
8377,1,0,1
8378,1,0,1
8379,1,0,1
8380,1,0,1
8381,1,0,1
8382,1,0,1
8383,1,0,1
8384,1,0,1
8385,1,0,1
8386,1,0,1
8387,1,0,1
8388,1,0,1
8389,1,0,1
8390,1,0,1
8391,1,0,1
8392,1,0,1
8393,1,0,1
8394,2,0,2
8395,2,0,2
8396,1,0,1
8397,1,0,1
8398,1,0,1
8399,1,0,1
8400,1,0,1
8401,1,0,1
8402,1,0,1
8403,1,0,1
8404,1,0,1
8405,1,0,1
8406,1,0,1
8407,1,0,1
8408,1,0,1
8409,1,0,1
8410,1,0,1
8411,1,0,1
8412,1,0,1
8413,1,0,1
8414,1,0,1
8415,1,0,1
8416,1,0,1
8417,1,0,1
8418,1,0,1
8419,1,0,1
8420,1,0,1
8421,1,0,1
8422,1,0,1
8423,1,0,1
8424,1,0,1
8425,1,0,1
8426,1,0,1
8427,2,0,2
8428,2,0,2
8429,2,0,2
8430,2,0,2
8431,2,0,2
8432,2,0,2
8433,2,0,2
8434,2,0,2
8435,2,0,2
8436,2,0,2
8437,2,0,2
8438,2,0,2
8439,2,0,2
8440,2,0,2
8441,2,0,2
8442,2,0,2
8443,2,0,2
8444,2,0,2
8445,2,0,2
8446,2,0,2
8447,2,0,2
8448,2,0,2
8449,2,0,2
8450,2,0,2
8451,2,0,2
8452,2,0,2
8453,2,0,2
8454,2,0,2
8455,2,0,2
8456,2,0,2
8457,2,0,2
8458,2,0,2
8459,2,0,2
8460,2,0,2
8461,2,0,2
8462,2,0,2
8463,2,0,2
8464,2,0,2
8465,2,0,2
8466,2,0,2
8467,2,0,2
8468,2,0,2
8469,1,0,1
8470,1,0,1
8471,1,0,1
8472,1,0,1
8473,1,0,1
8474,1,0,1
8475,1,0,1
8476,1,0,1
8477,1,0,1
8478,1,0,1
8479,1,0,1
8480,1,0,1
8481,1,0,1
8482,1,0,1
8483,1,0,1
8484,1,0,1
8485,1,0,1
8486,1,0,1
8487,1,0,1
8488,1,0,1
8489,1,0,1
8490,1,0,1
8491,1,0,1
8492,1,0,1
8493,1,0,1
8494,1,0,1
8495,1,0,1
8496,1,0,1
8497,1,0,1
8498,1,0,1
8499,2,0,2
8500,2,0,2
8501,2,0,2
8502,1,0,1
8503,1,0,1
8504,1,0,1
8505,1,0,1
8506,1,0,1
8507,1,0,1
8508,1,0,1
8509,1,0,1
8510,1,0,1
8511,2,0,2
8512,2,0,2
8513,2,0,2
8514,2,0,2
8515,2,0,2
8516,2,0,2
8517,2,0,2
8518,2,0,2
8519,2,0,2
8520,2,0,2
8521,2,0,2
8522,2,0,2
8523,2,0,2
8524,2,0,2
8525,2,0,2
8526,2,0,2
8527,2,0,2
8528,2,0,2
8529,2,0,2
8530,2,0,2
8531,2,0,2
8532,2,0,2
8533,2,0,2
8534,2,0,2
8535,2,0,2
8536,2,0,2
8537,2,0,2
8538,2,0,2
8539,2,0,2
8540,2,0,2
8541,2,0,2
8542,2,0,2
8543,2,0,2
8544,2,0,2
8545,2,0,2
8546,2,0,2
8547,2,0,2
8548,2,0,2
8549,2,0,2
8550,2,0,2
8551,2,0,2
8552,2,0,2
8553,2,0,2
8554,2,0,2
8555,2,0,2
8556,2,0,2
8557,2,0,2
8558,2,0,2
8559,2,0,2
8560,2,0,2
8561,2,0,2
8562,2,0,2
8563,2,0,2
8564,2,0,2
8565,2,0,2
8566,2,0,2
8567,2,0,2
8568,2,0,2
8569,2,0,2
8570,2,0,2
8571,2,0,2
8572,2,0,2
8573,2,0,2
8574,2,0,2
8575,2,0,2
8576,2,0,2
8577,2,0,2
8578,2,0,2
8579,2,0,2
8580,2,0,2
8581,2,0,2
8582,2,0,2
8583,2,0,2
8584,2,0,2
8585,2,0,2
8586,2,0,2
8587,2,0,2
8588,2,0,2
8589,2,0,2
8590,2,0,2
8591,2,0,2
8592,2,0,2
8593,2,0,2
8594,2,0,2
8595,2,0,2
8596,2,0,2
8597,2,0,2
8598,2,0,2
8599,2,0,2
8600,2,0,2
8601,2,0,2
8602,2,0,2
8603,2,0,2
8604,2,0,2
8605,2,0,2
8606,2,0,2
8607,2,0,2
8608,2,0,2
8609,1,0,1
8610,1,0,1
8611,1,0,1
8612,1,0,1
8613,1,0,1
8614,1,0,1
8615,1,0,1
8616,1,0,1
8617,1,0,1
8618,1,0,1
8619,1,0,1
8620,1,0,1
8621,1,0,1
8622,1,0,1
8623,1,0,1
8624,1,0,1
8625,1,0,1
8626,1,0,1
8627,1,0,1
8628,1,0,1
8629,1,0,1
8630,0,0,0
8631,0,0,0
8632,0,0,0
8633,0,0,0
8634,0,0,0
8635,0,0,0
8636,0,0,0
8637,0,0,0
8638,0,0,0
8639,0,0,0
8640,0,0,0
8641,0,0,0
8642,0,0,0
8643,0,0,0
8644,0,0,0
8645,0,0,0
8646,0,0,0
8647,0,0,0
8648,0,0,0
8649,0,0,0
8650,0,0,0
8651,0,0,0
8652,0,0,0
8653,0,0,0
8654,0,0,0
8655,0,0,0
8656,0,0,0
8657,0,0,0
8658,0,0,0
8659,0,0,0
8660,0,0,0
8661,0,0,0
8662,0,0,0
8663,0,0,0
8664,0,0,0
8665,0,0,0
8666,0,0,0
8667,0,0,0
8668,0,0,0
8669,0,0,0
8670,0,0,0
8671,0,0,0
8672,0,0,0
8673,0,0,0
8674,0,0,0
8675,0,0,0
8676,0,0,0
8677,0,0,0
8678,0,0,0
8679,0,0,0
8680,0,0,0
8681,0,0,0
8682,0,0,0
8683,0,0,0
8684,0,0,0
8685,0,0,0
8686,0,0,0
8687,0,0,0
8688,0,0,0
8689,0,0,0
8690,0,0,0
8691,0,0,0
8692,0,0,0
8693,0,0,0
8694,0,0,0
8695,0,0,0
8696,0,0,0
8697,0,0,0
8698,0,0,0
8699,0,0,0
8700,0,0,0
8701,0,0,0
8702,0,0,0
8703,0,0,0
8704,0,0,0
8705,0,0,0
8706,0,0,0
8707,0,0,0
8708,0,0,0
8709,0,0,0
8710,0,0,0
8711,0,0,0
8712,0,0,0
8713,0,0,0
8714,0,0,0
8715,0,0,0
8716,0,0,0
8717,0,0,0
8718,0,0,0
8719,0,0,0
8720,0,0,0
8721,0,0,0
8722,0,0,0
8723,0,0,0
8724,0,0,0
8725,0,0,0
8726,0,0,0
8727,0,0,0
8728,0,0,0
8729,0,0,0
8730,0,0,0
8731,0,0,0
8732,0,0,0
8733,0,0,0
8734,0,0,0
8735,0,0,0
8736,0,0,0
8737,0,0,0
8738,0,0,0
8739,0,0,0
8740,0,0,0
8741,0,0,0
8742,0,0,0
8743,0,0,0
8744,0,0,0
8745,0,0,0
8746,0,0,0
8747,0,0,0
8748,0,0,0
8749,0,0,0
8750,0,0,0
8751,0,0,0
8752,0,0,0
8753,0,0,0
8754,0,0,0
8755,0,0,0
8756,0,0,0
8757,0,0,0
8758,0,0,0
8759,0,0,0
8760,0,0,0
8761,0,0,0
8762,0,0,0
8763,0,0,0
8764,0,0,0
8765,0,0,0
8766,0,0,0
8767,0,0,0
8768,0,0,0
8769,0,0,0
8770,0,0,0
8771,0,0,0
8772,0,0,0
8773,0,0,0
8774,0,0,0
8775,0,0,0
8776,0,0,0
8777,0,0,0
8778,0,0,0
8779,0,0,0
8780,0,0,0
8781,0,0,0
8782,0,0,0
8783,0,0,0
8784,0,0,0
8785,0,0,0
8786,0,0,0
8787,0,0,0
8788,0,0,0
8789,0,0,0
8790,0,0,0
8791,0,0,0
8792,0,0,0
8793,0,0,0
8794,0,0,0
8795,0,0,0
8796,0,0,0
8797,0,0,0
8798,0,0,0
8799,0,0,0
8800,0,0,0
8801,0,0,0
8802,0,0,0
8803,0,0,0
8804,0,0,0
8805,0,0,0
8806,0,0,0
8807,0,0,0
8808,0,0,0
8809,0,0,0
8810,0,0,0
8811,0,0,0
8812,0,0,0
8813,0,0,0
8814,0,0,0
8815,0,0,0
8816,0,0,0
8817,0,0,0
8818,0,0,0
8819,0,0,0
8820,0,0,0
8821,0,0,0
8822,0,0,0
8823,0,0,0
8824,0,0,0
8825,0,0,0
8826,0,0,0
8827,0,0,0
8828,0,0,0
8829,0,0,0
8830,0,0,0
8831,0,0,0
8832,0,0,0
8833,0,0,0
8834,0,0,0
8835,0,0,0
8836,0,0,0
8837,0,0,0
8838,0,0,0
8839,0,0,0
8840,0,0,0
8841,0,0,0
8842,0,0,0
8843,0,0,0
8844,0,0,0
8845,0,0,0
8846,0,0,0
8847,0,0,0
8848,0,0,0
8849,0,0,0
8850,0,0,0
8851,0,0,0
8852,0,0,0
8853,0,0,0
8854,0,0,0
8855,0,0,0
8856,0,0,0
8857,0,0,0
8858,0,0,0
8859,0,0,0
8860,0,0,0
8861,0,0,0
8862,0,0,0
8863,0,0,0
8864,0,0,0
8865,0,0,0
8866,0,0,0
8867,0,0,0
8868,0,0,0
8869,0,0,0
8870,0,0,0
8871,0,0,0
8872,0,0,0
8873,0,0,0
8874,0,0,0
8875,0,0,0
8876,1,0,1
8877,1,0,1
8878,1,0,1
8879,1,0,1
8880,1,0,1
8881,1,0,1
8882,1,0,1
8883,1,0,1
8884,1,0,1
8885,1,0,1
8886,1,0,1
8887,1,0,1
8888,1,0,1
8889,1,0,1
8890,1,0,1
8891,1,0,1
8892,1,0,1
8893,1,0,1
8894,1,0,1
8895,1,0,1
8896,1,0,1
8897,1,0,1
8898,1,0,1
8899,1,0,1
8900,1,0,1
8901,1,0,1
8902,1,0,1
8903,1,0,1
8904,1,0,1
8905,1,0,1
8906,1,0,1
8907,1,0,1
8908,1,0,1
8909,1,0,1
8910,1,0,1
8911,1,0,1
8912,1,0,1
8913,1,0,1
8914,1,0,1
8915,1,0,1
8916,1,0,1
8917,1,0,1
8918,1,0,1
8919,1,0,1
8920,1,0,1
8921,1,0,1
8922,1,0,1
8923,1,0,1
8924,1,0,1
8925,1,0,1
8926,1,0,1
8927,1,0,1
8928,1,0,1
8929,1,0,1
8930,1,0,1
8931,1,0,1
8932,1,0,1
8933,1,0,1
8934,1,0,1
8935,1,0,1
8936,1,0,1
8937,1,0,1
8938,1,0,1
8939,1,0,1
8940,1,0,1
8941,1,0,1
8942,1,0,1
8943,1,0,1
8944,1,0,1
8945,1,0,1
8946,1,0,1
8947,1,0,1
8948,1,0,1
8949,1,0,1
8950,1,0,1
8951,1,0,1
8952,1,0,1
8953,1,0,1
8954,1,0,1
8955,1,0,1
8956,1,0,1
8957,1,0,1
8958,1,0,1
8959,1,0,1
8960,1,0,1
8961,1,0,1
8962,1,0,1
8963,1,0,1
8964,1,0,1
8965,1,0,1
8966,1,0,1
8967,1,0,1
8968,1,0,1
8969,1,0,1
8970,1,0,1
8971,1,0,1
8972,1,0,1
8973,1,0,1
8974,1,0,1
8975,1,0,1
8976,2,0,2
8977,2,0,2
8978,2,0,2
8979,2,0,2
8980,2,0,2
8981,2,0,2
8982,2,0,2
8983,2,0,2
8984,1,0,1
8985,1,0,1
8986,1,0,1
8987,1,0,1
8988,1,0,1
8989,1,0,1
8990,1,0,1
8991,1,0,1
8992,1,0,1
8993,1,0,1
8994,1,0,1
8995,1,0,1
8996,1,0,1
8997,1,0,1
8998,1,0,1
8999,1,0,1
9000,1,0,1
9001,1,0,1
9002,1,0,1
9003,1,0,1
9004,1,0,1
9005,1,0,1
9006,1,0,1
9007,1,0,1
9008,1,0,1
9009,1,0,1
9010,1,0,1
9011,1,0,1
9012,1,0,1
9013,1,0,1
9014,1,0,1
9015,1,0,1
9016,1,0,1
9017,1,0,1
9018,1,0,1
9019,1,0,1
9020,1,0,1
9021,1,0,1
9022,1,0,1
9023,1,0,1
9024,1,0,1
9025,1,0,1
9026,1,0,1
9027,1,0,1
9028,1,0,1
9029,1,0,1
9030,1,0,1
9031,1,0,1
9032,1,0,1
9033,1,0,1
9034,1,0,1
9035,0,0,0
9036,0,0,0
9037,0,0,0
9038,0,0,0
9039,0,0,0
9040,0,0,0
9041,0,0,0
9042,0,0,0
9043,0,0,0
9044,0,0,0
9045,0,0,0
9046,0,0,0
9047,0,0,0
9048,0,0,0
9049,0,0,0
9050,0,0,0
9051,0,0,0
9052,0,0,0
9053,0,0,0
9054,0,0,0
9055,0,0,0
9056,0,0,0
9057,0,0,0
9058,0,0,0
9059,0,0,0
9060,0,0,0
9061,0,0,0
9062,0,0,0
9063,0,0,0
9064,0,0,0
9065,0,0,0
9066,0,0,0
9067,0,0,0
9068,0,0,0
9069,0,0,0
9070,0,0,0
9071,0,0,0
9072,0,0,0
9073,0,0,0
9074,0,0,0
9075,0,0,0
9076,0,0,0
9077,0,0,0
9078,0,0,0
9079,0,0,0
9080,0,0,0
9081,0,0,0
9082,0,0,0
9083,0,0,0
9084,0,0,0
9085,0,0,0
9086,0,0,0
9087,0,0,0
9088,0,0,0
9089,0,0,0
9090,0,0,0
9091,0,0,0
9092,0,0,0
9093,0,0,0
9094,0,0,0
9095,0,0,0
9096,0,0,0
9097,0,0,0
9098,0,0,0
9099,0,0,0
9100,0,0,0
9101,0,0,0
9102,0,0,0
9103,0,0,0
9104,0,0,0
9105,0,0,0
9106,0,0,0
9107,0,0,0
9108,0,0,0
9109,0,0,0
9110,0,0,0
9111,0,0,0
9112,0,0,0
9113,0,0,0
9114,0,0,0
9115,0,0,0
9116,0,0,0
9117,0,0,0
9118,0,0,0
9119,0,0,0
9120,0,0,0
9121,0,0,0
9122,0,0,0
9123,0,0,0
9124,0,0,0
9125,0,0,0
9126,0,0,0
9127,0,0,0
9128,0,0,0
9129,0,0,0
9130,0,0,0
9131,0,0,0
9132,0,0,0
9133,0,0,0
9134,0,0,0
9135,0,0,0
9136,0,0,0
9137,0,0,0
9138,0,0,0
9139,0,0,0
9140,0,0,0
9141,0,0,0
9142,0,0,0
9143,0,0,0
9144,0,0,0
9145,0,0,0
9146,0,0,0
9147,0,0,0
9148,0,0,0
9149,0,0,0
9150,0,0,0
9151,0,0,0
9152,0,0,0
9153,0,0,0
9154,0,0,0
9155,0,0,0
9156,0,0,0
9157,0,0,0
9158,0,0,0
9159,0,0,0
9160,0,0,0
9161,0,0,0
9162,0,0,0
9163,0,0,0
9164,0,0,0
9165,0,0,0
9166,0,0,0
9167,0,0,0
9168,0,0,0
9169,0,0,0
9170,0,0,0
9171,0,0,0
9172,0,0,0
9173,0,0,0
9174,0,0,0
9175,0,0,0
9176,0,0,0
9177,0,0,0
9178,0,0,0
9179,0,0,0
9180,0,0,0
9181,0,0,0
9182,0,0,0
9183,0,0,0
9184,0,0,0
9185,0,0,0
9186,0,0,0
9187,0,0,0
9188,0,0,0
9189,0,0,0
9190,0,0,0
9191,0,0,0
9192,0,0,0
9193,0,0,0
9194,0,0,0
9195,0,0,0
9196,0,0,0
9197,0,0,0
9198,0,0,0
9199,0,0,0
9200,0,0,0
9201,0,0,0
9202,0,0,0
9203,0,0,0
9204,0,0,0
9205,0,0,0
9206,0,0,0
9207,0,0,0
9208,0,0,0
9209,0,0,0
9210,0,0,0
9211,0,0,0
9212,0,0,0
9213,0,0,0
9214,0,0,0
9215,0,0,0
9216,0,0,0
9217,0,0,0
9218,0,0,0
9219,0,0,0
9220,0,0,0
9221,0,0,0
9222,0,0,0
9223,0,0,0
9224,1,0,1
9225,1,0,1
9226,1,0,1
9227,1,0,1
9228,1,0,1
9229,1,0,1
9230,1,0,1
9231,1,0,1
9232,1,0,1
9233,1,0,1
9234,1,0,1
9235,1,0,1
9236,1,0,1
9237,1,0,1
9238,1,0,1
9239,1,0,1
9240,1,0,1
9241,1,0,1
9242,1,0,1
9243,1,0,1
9244,1,0,1
9245,1,0,1
9246,1,0,1
9247,1,0,1
9248,1,0,1
9249,1,0,1
9250,1,0,1
9251,1,0,1
9252,1,0,1
9253,1,0,1
9254,1,0,1
9255,1,0,1
9256,1,0,1
9257,1,0,1
9258,1,0,1
9259,1,0,1
9260,1,0,1
9261,1,0,1
9262,1,0,1
9263,1,0,1
9264,1,0,1
9265,1,0,1
9266,1,0,1
9267,1,0,1
9268,1,0,1
9269,1,0,1
9270,1,0,1
9271,1,0,1
9272,1,0,1
9273,1,0,1
9274,1,0,1
9275,1,0,1
9276,1,0,1
9277,1,0,1
9278,1,0,1
9279,1,0,1
9280,1,0,1
9281,1,0,1
9282,1,0,1
9283,1,0,1
9284,0,0,0
9285,0,0,0
9286,0,0,0
9287,0,0,0
9288,0,0,0
9289,0,0,0
9290,0,0,0
9291,0,0,0
9292,0,0,0
9293,0,0,0
9294,0,0,0
9295,0,0,0
9296,0,0,0
9297,0,0,0
9298,0,0,0
9299,0,0,0
9300,0,0,0
9301,0,0,0
9302,0,0,0
9303,0,0,0
9304,0,0,0
9305,0,0,0
9306,0,0,0
9307,0,0,0
9308,0,0,0
9309,0,0,0
9310,0,0,0
9311,0,0,0
9312,0,0,0
9313,0,0,0
9314,0,0,0
9315,0,0,0
9316,0,0,0
9317,0,0,0
9318,0,0,0
9319,0,0,0
9320,0,0,0
9321,0,0,0
9322,0,0,0
9323,0,0,0
9324,0,0,0
9325,0,0,0
9326,0,0,0
9327,0,0,0
9328,0,0,0
9329,0,0,0
9330,0,0,0
9331,0,0,0
9332,0,0,0
9333,0,0,0
9334,0,0,0
9335,0,0,0
9336,0,0,0
9337,0,0,0
9338,0,0,0
9339,0,0,0
9340,0,0,0
9341,0,0,0
9342,0,0,0
9343,0,0,0
9344,0,0,0
9345,0,0,0
9346,0,0,0
9347,0,0,0
9348,0,0,0
9349,0,0,0
9350,0,0,0
9351,0,0,0
9352,0,0,0
9353,0,0,0
9354,0,0,0
9355,0,0,0
9356,0,0,0
9357,0,0,0
9358,0,0,0
9359,0,0,0
9360,0,0,0
9361,0,0,0
9362,0,0,0
9363,0,0,0
9364,0,0,0
9365,0,0,0
9366,0,0,0
9367,0,0,0
9368,0,0,0
9369,0,0,0
9370,0,0,0
9371,0,0,0
9372,0,0,0
9373,0,0,0
9374,0,0,0
9375,0,0,0
9376,0,0,0
9377,0,0,0
9378,0,0,0
9379,0,0,0
9380,0,0,0
9381,0,0,0
9382,0,0,0
9383,0,0,0
9384,0,0,0
9385,0,0,0
9386,0,0,0
9387,0,0,0
9388,0,0,0
9389,0,0,0
9390,0,0,0
9391,0,0,0
9392,0,0,0
9393,0,0,0
9394,0,0,0
9395,0,0,0
9396,0,0,0
9397,0,0,0
9398,0,0,0
9399,0,0,0
9400,0,0,0
9401,0,0,0
9402,0,0,0
9403,0,0,0
9404,0,0,0
9405,0,0,0
9406,0,0,0
9407,0,0,0
9408,0,0,0
9409,0,0,0
9410,0,0,0
9411,0,0,0
9412,0,0,0
9413,0,0,0
9414,0,0,0
9415,0,0,0
9416,0,0,0
9417,0,0,0
9418,0,0,0
9419,0,0,0
9420,0,0,0
9421,0,0,0
9422,0,0,0
9423,0,0,0
9424,0,0,0
9425,0,0,0
9426,0,0,0
9427,0,0,0
9428,0,0,0
9429,0,0,0
9430,0,0,0
9431,0,0,0
9432,0,0,0
9433,0,0,0
9434,0,0,0
9435,0,0,0
9436,0,0,0
9437,0,0,0
9438,0,0,0
9439,0,0,0
9440,0,0,0
9441,0,0,0
9442,0,0,0
9443,0,0,0
9444,0,0,0
9445,0,0,0
9446,0,0,0
9447,0,0,0
9448,0,0,0
9449,0,0,0
9450,0,0,0
9451,0,0,0
9452,0,0,0
9453,0,0,0
9454,0,0,0
9455,0,0,0
9456,0,0,0
9457,0,0,0
9458,0,0,0
9459,0,0,0
9460,0,0,0
9461,0,0,0
9462,0,0,0
9463,0,0,0
9464,0,0,0
9465,0,0,0
9466,0,0,0
9467,0,0,0
9468,0,0,0
9469,0,0,0
9470,0,0,0
9471,0,0,0
9472,0,0,0
9473,0,0,0
9474,0,0,0
9475,0,0,0
9476,0,0,0
9477,0,0,0
9478,0,0,0
9479,0,0,0
9480,0,0,0
9481,0,0,0
9482,0,0,0
9483,0,0,0
9484,0,0,0
9485,0,0,0
9486,0,0,0
9487,0,0,0
9488,0,0,0
9489,0,0,0
9490,0,0,0
9491,0,0,0
9492,0,0,0
9493,0,0,0
9494,0,0,0
9495,0,0,0
9496,0,0,0
9497,0,0,0
9498,0,0,0
9499,0,0,0
9500,0,0,0
9501,0,0,0
9502,0,0,0
9503,0,0,0
9504,0,0,0
9505,0,0,0
9506,0,0,0
9507,0,0,0
9508,0,0,0
9509,0,0,0
9510,0,0,0
9511,0,0,0
9512,0,0,0
9513,0,0,0
9514,0,0,0
9515,0,0,0
9516,0,0,0
9517,0,0,0
9518,0,0,0
9519,0,0,0
9520,0,0,0
9521,0,0,0
9522,0,0,0
9523,0,0,0
9524,0,0,0
9525,0,0,0
9526,0,0,0
9527,0,0,0
9528,0,0,0
9529,0,0,0
9530,0,0,0
9531,0,0,0
9532,0,0,0
9533,0,0,0
9534,0,0,0
9535,0,0,0
9536,0,0,0
9537,0,0,0
9538,0,0,0
9539,0,0,0
9540,0,0,0
9541,0,0,0
9542,0,0,0
9543,0,0,0
9544,0,0,0
9545,0,0,0
9546,0,0,0
9547,0,0,0
9548,0,0,0
9549,0,0,0
9550,0,0,0
9551,0,0,0
9552,0,0,0
9553,0,0,0
9554,0,0,0
9555,0,0,0
9556,0,0,0
9557,0,0,0
9558,0,0,0
9559,0,0,0
9560,0,0,0
9561,0,0,0
9562,0,0,0
9563,0,0,0
9564,0,0,0
9565,0,0,0
9566,0,0,0
9567,0,0,0
9568,0,0,0
9569,0,0,0
9570,0,0,0
9571,0,0,0
9572,0,0,0
9573,0,0,0
9574,0,0,0
9575,0,0,0
9576,0,0,0
9577,0,0,0
9578,0,0,0
9579,0,0,0
9580,0,0,0
9581,0,0,0
9582,0,0,0
9583,0,0,0
9584,0,0,0
9585,0,0,0
9586,0,0,0
9587,0,0,0
9588,0,0,0
9589,0,0,0
9590,0,0,0
9591,0,0,0
9592,0,0,0
9593,0,0,0
9594,0,0,0
9595,0,0,0
9596,0,0,0
9597,0,0,0
9598,0,0,0
9599,0,0,0
9600,0,0,0
9601,0,0,0
9602,0,0,0
9603,0,0,0
9604,0,0,0
9605,0,0,0
9606,0,0,0
9607,0,0,0
9608,0,0,0
9609,0,0,0
9610,0,0,0
9611,0,0,0
9612,0,0,0
9613,1,0,1
9614,1,0,1
9615,1,0,1
9616,1,0,1
9617,2,0,2
9618,2,0,2
9619,2,0,2
9620,2,0,2
9621,2,0,2
9622,2,0,2
9623,2,0,2
9624,2,0,2
9625,2,0,2
9626,2,0,2
9627,2,0,2
9628,2,0,2
9629,2,0,2
9630,2,0,2
9631,2,0,2
9632,2,0,2
9633,2,0,2
9634,2,0,2
9635,2,0,2
9636,2,0,2
9637,2,0,2
9638,2,0,2
9639,2,0,2
9640,2,0,2
9641,3,0,3
9642,3,0,3
9643,3,0,3
9644,3,0,3
9645,3,0,3
9646,2,1,3
9647,2,1,3
9648,2,1,3
9649,2,1,3
9650,2,1,3
9651,1,1,2
9652,1,1,2
9653,1,1,2
9654,1,1,2
9655,1,1,2
9656,1,1,2
9657,1,1,2
9658,1,1,2
9659,2,1,3
9660,2,1,3
9661,2,1,3
9662,2,1,3
9663,2,1,3
9664,2,1,3
9665,2,1,3
9666,2,1,3
9667,2,1,3
9668,2,1,3
9669,2,1,3
9670,3,1,4
9671,3,1,4
9672,4,0,4
9673,4,0,4
9674,4,0,4
9675,4,0,4
9676,4,0,4
9677,4,0,4
9678,4,0,4
9679,4,0,4
9680,4,0,4
9681,4,0,4
9682,4,0,4
9683,3,0,3
9684,3,0,3
9685,3,0,3
9686,3,0,3
9687,3,0,3
9688,3,0,3
9689,3,0,3
9690,3,0,3
9691,3,0,3
9692,3,0,3
9693,3,0,3
9694,3,0,3
9695,3,0,3
9696,3,0,3
9697,2,0,2
9698,2,0,2
9699,2,0,2
9700,2,0,2
9701,2,0,2
9702,2,0,2
9703,1,0,1
9704,1,0,1
9705,1,0,1
9706,1,0,1
9707,1,0,1
9708,1,0,1
9709,1,0,1
9710,1,0,1
9711,1,0,1
9712,1,0,1
9713,1,0,1
9714,1,0,1
9715,1,0,1
9716,1,0,1
9717,1,0,1
9718,1,0,1
9719,1,0,1
9720,1,0,1
9721,1,0,1
9722,1,0,1
9723,1,0,1
9724,1,0,1
9725,1,0,1
9726,1,0,1
9727,1,0,1
9728,1,0,1
9729,1,0,1
9730,1,0,1
9731,1,0,1
9732,1,0,1
9733,1,0,1
9734,1,0,1
9735,1,0,1
9736,1,0,1
9737,1,0,1
9738,1,0,1
9739,1,0,1
9740,1,0,1
9741,1,0,1
9742,1,0,1
9743,1,0,1
9744,1,0,1
9745,1,0,1
9746,1,0,1
9747,1,0,1
9748,1,0,1
9749,1,0,1
9750,1,0,1
9751,1,0,1
9752,1,0,1
9753,1,0,1
9754,1,0,1
9755,1,0,1
9756,1,0,1
9757,1,0,1
9758,1,0,1
9759,1,0,1
9760,1,0,1
9761,1,0,1
9762,1,0,1
9763,1,0,1
9764,1,0,1
9765,1,0,1
9766,1,0,1
9767,1,0,1
9768,1,0,1
9769,1,0,1
9770,2,0,2
9771,2,0,2
9772,2,0,2
9773,2,0,2
9774,2,0,2
9775,2,0,2
9776,2,0,2
9777,2,0,2
9778,2,0,2
9779,2,0,2
9780,2,0,2
9781,2,0,2
9782,2,0,2
9783,2,0,2
9784,2,0,2
9785,2,0,2
9786,2,0,2
9787,2,0,2
9788,2,0,2
9789,2,0,2
9790,2,0,2
9791,2,0,2
9792,3,0,3
9793,3,0,3
9794,3,0,3
9795,3,0,3
