second,idle_count,walking_count,total_count
0,0,0,0
1,0,0,0
2,0,0,0
3,0,0,0
4,0,0,0
5,0,0,0
6,0,0,0
7,0,0,0
8,0,0,0
9,0,0,0
10,0,0,0
11,0,0,0
12,0,0,0
13,0,0,0
14,0,0,0
15,0,0,0
16,0,0,0
17,0,0,0
18,0,0,0
19,0,0,0
20,0,0,0
21,0,0,0
22,0,0,0
23,0,0,0
24,0,0,0
25,0,0,0
26,0,0,0
27,0,0,0
28,0,0,0
29,0,0,0
30,0,0,0
31,0,0,0
32,0,0,0
33,0,0,0
34,0,0,0
35,0,0,0
36,0,0,0
37,0,0,0
38,0,0,0
39,0,0,0
40,0,0,0
41,0,0,0
42,0,0,0
43,0,0,0
44,0,0,0
45,0,0,0
46,0,0,0
47,0,0,0
48,0,0,0
49,0,0,0
50,0,0,0
51,0,0,0
52,0,0,0
53,0,0,0
54,0,0,0
55,0,0,0
56,0,0,0
57,0,0,0
58,0,0,0
59,0,0,0
60,0,0,0
61,0,0,0
62,0,0,0
63,0,0,0
64,0,0,0
65,0,0,0
66,0,0,0
67,0,0,0
68,0,0,0
69,0,0,0
70,0,0,0
71,0,0,0
72,0,0,0
73,0,0,0
74,0,0,0
75,0,0,0
76,0,0,0
77,0,0,0
78,0,0,0
79,0,0,0
80,0,0,0
81,0,0,0
82,0,0,0
83,0,0,0
84,0,0,0
85,0,0,0
86,0,0,0
87,0,0,0
88,0,0,0
89,0,0,0
90,0,0,0
91,0,0,0
92,0,0,0
93,0,0,0
94,0,0,0
95,0,0,0
96,0,0,0
97,0,0,0
98,0,0,0
99,0,0,0
100,0,0,0
101,0,0,0
102,0,0,0
103,0,0,0
104,0,0,0
105,0,0,0
106,0,0,0
107,0,0,0
108,0,0,0
109,0,0,0
110,0,0,0
111,0,0,0
112,0,0,0
113,0,0,0
114,0,0,0
115,0,0,0
116,0,0,0
117,0,0,0
118,0,0,0
119,0,0,0
120,0,0,0
121,0,0,0
122,0,0,0
123,0,0,0
124,0,0,0
125,0,0,0
126,0,0,0
127,0,0,0
128,0,0,0
129,0,0,0
130,0,0,0
131,0,0,0
132,0,0,0
133,0,0,0
134,0,0,0
135,0,0,0
136,0,0,0
137,0,0,0
138,0,0,0
139,0,0,0
140,0,0,0
141,0,0,0
142,0,0,0
143,0,0,0
144,0,0,0
145,0,0,0
146,0,0,0
147,0,0,0
148,0,0,0
149,0,0,0
150,0,0,0
151,0,0,0
152,0,0,0
153,0,0,0
154,0,0,0
155,0,0,0
156,0,0,0
157,0,0,0
158,0,0,0
159,0,0,0
160,0,0,0
161,0,0,0
162,0,0,0
163,0,0,0
164,0,0,0
165,0,0,0
166,0,0,0
167,0,0,0
168,0,0,0
169,0,0,0
170,0,0,0
171,0,0,0
172,0,0,0
173,0,0,0
174,0,0,0
175,0,0,0
176,0,0,0
177,0,0,0
178,0,0,0
179,0,0,0
180,0,0,0
181,0,0,0
182,0,0,0
183,0,0,0
184,0,0,0
185,0,0,0
186,0,0,0
187,0,0,0
188,0,0,0
189,0,0,0
190,0,0,0
191,0,0,0
192,0,0,0
193,0,0,0
194,0,0,0
195,0,0,0
196,0,0,0
197,0,0,0
198,0,0,0
199,0,0,0
200,0,0,0
201,0,0,0
202,0,0,0
203,0,0,0
204,0,0,0
205,0,0,0
206,0,0,0
207,0,0,0
208,0,0,0
209,0,0,0
210,0,0,0
211,0,0,0
212,0,0,0
213,0,0,0
214,0,0,0
215,0,0,0
216,0,0,0
217,0,0,0
218,0,0,0
219,0,0,0
220,0,0,0
221,0,0,0
222,0,0,0
223,0,0,0
224,0,0,0
225,0,0,0
226,0,0,0
227,0,0,0
228,0,0,0
229,0,0,0
230,0,0,0
231,0,0,0
232,0,0,0
233,0,0,0
234,0,0,0
235,0,0,0
236,0,0,0
237,0,0,0
238,0,0,0
239,0,0,0
240,0,0,0
241,0,0,0
242,0,0,0
243,0,0,0
244,0,0,0
245,0,0,0
246,0,0,0
247,0,0,0
248,0,0,0
249,0,0,0
250,0,0,0
251,0,0,0
252,0,0,0
253,0,0,0
254,0,0,0
255,0,0,0
256,0,0,0
257,0,0,0
258,0,0,0
259,0,0,0
260,0,0,0
261,0,0,0
262,0,0,0
263,0,0,0
264,0,0,0
265,0,0,0
266,0,0,0
267,0,0,0
268,0,0,0
269,0,0,0
270,0,0,0
271,0,0,0
272,0,0,0
273,0,0,0
274,0,0,0
275,0,0,0
276,0,0,0
277,0,0,0
278,0,0,0
279,0,0,0
280,0,0,0
281,0,0,0
282,0,0,0
283,0,0,0
284,0,0,0
285,0,0,0
286,0,0,0
287,0,0,0
288,0,0,0
289,0,0,0
290,0,0,0
291,0,0,0
292,0,0,0
293,0,0,0
294,0,0,0
295,0,0,0
296,0,0,0
297,0,0,0
298,0,0,0
299,0,0,0
300,0,0,0
301,0,0,0
302,0,0,0
303,0,0,0
304,0,0,0
305,0,0,0
306,0,0,0
307,0,0,0
308,0,0,0
309,0,0,0
310,0,0,0
311,0,0,0
312,0,0,0
313,0,0,0
314,0,0,0
315,0,0,0
316,0,0,0
317,0,0,0
318,0,0,0
319,0,0,0
320,0,0,0
321,0,0,0
322,0,0,0
323,0,0,0
324,0,0,0
325,0,0,0
326,0,0,0
327,0,0,0
328,0,0,0
329,0,0,0
330,0,0,0
331,0,0,0
332,0,0,0
333,0,0,0
334,0,0,0
335,0,0,0
336,0,0,0
337,0,0,0
338,0,0,0
339,0,0,0
340,0,0,0
341,0,0,0
342,0,0,0
343,0,0,0
344,0,0,0
345,0,0,0
346,0,0,0
347,0,0,0
348,0,0,0
349,0,0,0
350,0,0,0
351,0,0,0
352,0,0,0
353,0,0,0
354,0,0,0
355,0,0,0
356,0,0,0
357,0,0,0
358,0,0,0
359,0,0,0
360,0,0,0
361,0,0,0
362,0,0,0
363,0,0,0
364,0,0,0
365,0,0,0
366,0,0,0
367,0,0,0
368,0,0,0
369,0,0,0
370,0,0,0
371,0,0,0
372,0,0,0
373,0,0,0
374,0,0,0
375,0,0,0
376,0,0,0
377,0,0,0
378,0,0,0
379,0,0,0
380,0,0,0
381,0,0,0
382,0,0,0
383,0,0,0
384,0,0,0
385,0,0,0
386,0,0,0
387,0,0,0
388,0,0,0
389,0,0,0
390,0,0,0
391,0,0,0
392,0,0,0
393,0,0,0
394,0,0,0
395,0,0,0
396,0,0,0
397,0,0,0
398,0,0,0
399,0,0,0
400,0,0,0
401,0,0,0
402,0,0,0
403,0,0,0
404,0,0,0
405,0,0,0
406,0,0,0
407,0,0,0
408,0,0,0
409,0,0,0
410,0,0,0
411,0,0,0
412,0,0,0
413,0,0,0
414,0,0,0
415,0,0,0
416,0,0,0
417,0,0,0
418,0,0,0
419,0,0,0
420,0,0,0
421,0,0,0
422,0,0,0
423,0,0,0
424,0,0,0
425,0,0,0
426,0,0,0
427,0,0,0
428,0,0,0
429,0,0,0
430,0,0,0
431,0,0,0
432,0,0,0
433,0,0,0
434,0,0,0
435,0,0,0
436,0,0,0
437,0,0,0
438,0,0,0
439,0,0,0
440,0,0,0
441,0,0,0
442,0,0,0
443,0,0,0
444,0,0,0
445,0,0,0
446,0,0,0
447,0,0,0
448,0,0,0
449,0,0,0
450,0,0,0
451,0,0,0
452,0,0,0
453,0,0,0
454,0,0,0
455,0,0,0
456,0,0,0
457,0,0,0
458,0,0,0
459,0,0,0
460,0,0,0
461,0,0,0
462,0,0,0
463,0,0,0
464,0,0,0
465,0,0,0
466,0,0,0
467,0,0,0
468,0,0,0
469,0,0,0
470,0,0,0
471,0,0,0
472,0,0,0
473,0,0,0
474,0,0,0
475,0,0,0
476,0,0,0
477,0,0,0
478,0,0,0
479,0,0,0
480,0,0,0
481,0,0,0
482,0,0,0
483,0,0,0
484,0,0,0
485,0,0,0
486,0,0,0
487,0,0,0
488,0,0,0
489,0,0,0
490,0,0,0
491,0,0,0
492,0,0,0
493,0,0,0
494,0,0,0
495,0,0,0
496,0,0,0
497,0,0,0
498,0,0,0
499,0,0,0
500,0,0,0
501,0,0,0
502,0,0,0
503,0,0,0
504,0,0,0
505,0,0,0
506,0,0,0
507,0,0,0
508,0,0,0
509,0,0,0
510,0,0,0
511,0,0,0
512,0,0,0
513,0,0,0
514,0,0,0
515,0,0,0
516,0,0,0
517,0,0,0
518,0,0,0
519,0,0,0
520,0,0,0
521,0,0,0
522,0,0,0
523,0,0,0
524,0,0,0
525,0,0,0
526,0,0,0
527,0,0,0
528,0,0,0
529,0,0,0
530,0,0,0
531,0,0,0
532,0,0,0
533,0,0,0
534,0,0,0
535,0,0,0
536,0,0,0
537,0,0,0
538,0,0,0
539,0,0,0
540,0,0,0
541,0,0,0
542,0,0,0
543,0,0,0
544,0,0,0
545,0,0,0
546,0,0,0
547,0,0,0
548,0,0,0
549,0,0,0
550,0,0,0
551,0,0,0
552,0,0,0
553,0,0,0
554,0,0,0
555,0,0,0
556,0,0,0
557,0,0,0
558,0,0,0
559,0,0,0
560,0,0,0
561,0,0,0
562,0,0,0
563,0,0,0
564,0,0,0
565,0,0,0
566,0,0,0
567,0,0,0
568,0,0,0
569,0,0,0
570,0,0,0
571,0,0,0
572,0,0,0
573,0,0,0
574,0,0,0
575,0,0,0
576,0,0,0
577,0,0,0
578,0,0,0
579,1,0,1
580,1,0,1
581,1,0,1
582,1,0,1
583,1,0,1
584,1,0,1
585,1,0,1
586,1,0,1
587,1,0,1
588,1,0,1
589,2,0,2
590,2,0,2
591,2,0,2
592,2,0,2
593,2,0,2
594,2,0,2
595,2,0,2
596,2,0,2
597,2,0,2
598,2,0,2
599,2,0,2
600,2,0,2
601,2,0,2
602,2,0,2
603,2,0,2
604,2,0,2
605,2,0,2
606,2,0,2
607,2,0,2
608,2,0,2
609,2,0,2
610,2,0,2
611,2,0,2
612,2,0,2
613,2,0,2
614,2,0,2
615,2,0,2
616,2,0,2
617,2,0,2
618,2,0,2
619,1,0,1
620,1,0,1
621,1,0,1
622,1,0,1
623,1,0,1
624,1,0,1
625,1,0,1
626,1,0,1
627,1,0,1
628,1,0,1
629,1,0,1
630,1,0,1
631,1,0,1
632,1,0,1
633,1,0,1
634,1,0,1
635,1,0,1
636,1,0,1
637,1,0,1
638,1,0,1
639,1,0,1
640,1,0,1
641,1,0,1
642,1,0,1
643,1,0,1
644,1,0,1
645,0,0,0
646,0,0,0
647,0,0,0
648,0,0,0
649,0,0,0
650,0,0,0
651,0,0,0
652,0,0,0
653,0,0,0
654,0,0,0
655,0,0,0
656,0,0,0
657,0,0,0
658,0,0,0
659,0,0,0
660,0,0,0
661,0,0,0
662,0,0,0
663,0,0,0
664,0,0,0
665,0,0,0
666,0,0,0
667,0,0,0
668,0,0,0
669,0,0,0
670,0,0,0
671,0,0,0
672,0,0,0
673,0,0,0
674,0,0,0
675,0,0,0
676,0,0,0
677,0,0,0
678,0,0,0
679,0,0,0
680,0,0,0
681,0,0,0
682,0,0,0
683,0,0,0
684,0,0,0
685,0,0,0
686,0,0,0
687,0,0,0
688,0,0,0
689,0,0,0
690,0,0,0
691,0,0,0
692,0,0,0
693,0,0,0
694,0,0,0
695,0,0,0
696,0,0,0
697,0,0,0
698,0,0,0
699,0,0,0
700,1,0,1
701,1,0,1
702,1,0,1
703,1,0,1
704,1,0,1
705,1,0,1
706,1,0,1
707,1,0,1
708,1,0,1
709,1,0,1
710,1,0,1
711,1,0,1
712,1,0,1
713,1,0,1
714,1,0,1
715,1,0,1
716,1,0,1
717,1,0,1
718,1,0,1
719,1,0,1
720,1,0,1
721,1,0,1
722,1,0,1
723,1,0,1
724,1,0,1
725,1,0,1
726,1,0,1
727,1,0,1
728,1,0,1
729,1,0,1
730,1,0,1
731,1,0,1
732,1,0,1
733,1,0,1
734,1,0,1
735,1,0,1
736,1,0,1
737,1,0,1
738,1,0,1
739,1,0,1
740,1,0,1
741,1,0,1
742,1,0,1
743,1,0,1
744,1,0,1
745,1,0,1
746,1,0,1
747,1,0,1
748,1,0,1
749,1,0,1
750,1,0,1
751,1,0,1
752,1,0,1
753,1,0,1
754,1,0,1
755,1,0,1
756,1,0,1
757,1,0,1
758,1,0,1
759,1,0,1
760,1,0,1
761,1,0,1
762,1,0,1
763,1,0,1
764,1,0,1
765,1,0,1
766,1,0,1
767,1,0,1
768,1,0,1
769,1,0,1
770,1,0,1
771,1,0,1
772,1,0,1
773,1,0,1
774,1,0,1
775,1,0,1
776,1,0,1
777,1,0,1
778,1,0,1
779,1,0,1
780,1,0,1
781,1,0,1
782,1,0,1
783,1,0,1
784,1,0,1
785,1,0,1
786,1,0,1
787,1,0,1
788,1,0,1
789,1,0,1
790,1,0,1
791,0,0,0
792,0,0,0
793,0,0,0
794,0,0,0
795,0,0,0
796,0,0,0
797,0,0,0
798,0,0,0
799,0,0,0
800,0,0,0
801,0,0,0
802,0,0,0
803,0,0,0
804,0,0,0
805,0,0,0
806,0,0,0
807,0,0,0
808,0,0,0
809,0,0,0
810,0,0,0
811,0,0,0
812,0,0,0
813,0,0,0
814,0,0,0
815,0,0,0
816,0,0,0
817,0,0,0
818,0,0,0
819,1,0,1
820,1,0,1
821,1,0,1
822,1,0,1
823,1,0,1
824,1,0,1
825,1,0,1
826,1,0,1
827,1,0,1
828,1,0,1
829,1,0,1
830,1,0,1
831,1,0,1
832,1,0,1
833,1,0,1
834,1,0,1
835,1,0,1
836,1,0,1
837,1,0,1
838,1,0,1
839,1,0,1
840,1,0,1
841,1,0,1
842,1,0,1
843,1,0,1
844,1,0,1
845,1,0,1
846,1,0,1
847,1,0,1
848,1,0,1
849,1,0,1
850,1,0,1
851,1,0,1
852,1,0,1
853,1,0,1
854,1,0,1
855,1,0,1
856,1,0,1
857,1,0,1
858,1,0,1
859,1,0,1
860,1,0,1
861,1,0,1
862,1,0,1
863,1,0,1
864,1,0,1
865,1,0,1
866,1,0,1
867,1,0,1
868,1,0,1
869,1,0,1
870,1,0,1
871,1,0,1
872,1,0,1
873,1,0,1
874,1,0,1
875,1,0,1
876,1,0,1
877,1,0,1
878,1,0,1
879,1,0,1
880,1,0,1
881,1,0,1
882,1,0,1
883,1,0,1
884,1,0,1
885,1,0,1
886,1,0,1
887,1,0,1
888,1,0,1
889,1,0,1
890,1,0,1
891,1,0,1
892,1,0,1
893,1,0,1
894,1,0,1
895,1,0,1
896,1,0,1
897,1,0,1
898,1,0,1
899,1,0,1
900,1,0,1
901,1,0,1
902,1,0,1
903,1,0,1
904,1,0,1
905,1,0,1
906,1,0,1
907,1,0,1
908,1,0,1
909,1,0,1
910,1,0,1
911,1,0,1
912,1,0,1
913,1,0,1
914,1,0,1
915,1,0,1
916,1,0,1
917,1,0,1
918,1,0,1
919,1,0,1
920,1,0,1
921,1,0,1
922,1,0,1
923,1,0,1
924,1,0,1
925,1,0,1
926,1,0,1
927,1,0,1
928,1,0,1
929,1,0,1
930,1,0,1
931,1,0,1
932,1,0,1
933,1,0,1
934,1,0,1
935,1,0,1
936,1,0,1
937,1,0,1
938,1,0,1
939,1,0,1
940,1,0,1
941,1,0,1
942,1,0,1
943,1,0,1
944,1,0,1
945,1,0,1
946,1,0,1
947,1,0,1
948,1,0,1
949,1,0,1
950,1,0,1
951,1,0,1
952,1,0,1
953,1,0,1
954,1,0,1
955,1,0,1
956,1,0,1
957,1,0,1
958,1,0,1
959,1,0,1
960,1,0,1
961,1,0,1
962,1,0,1
963,1,0,1
964,1,0,1
965,1,0,1
966,1,0,1
967,1,0,1
968,1,0,1
969,1,0,1
970,1,0,1
971,1,0,1
972,2,0,2
973,2,0,2
974,2,0,2
975,2,0,2
976,2,0,2
977,2,0,2
978,2,0,2
979,2,0,2
980,2,0,2
981,2,0,2
982,2,0,2
983,2,0,2
984,2,0,2
985,2,0,2
986,2,0,2
987,2,0,2
988,2,0,2
989,2,0,2
990,2,0,2
991,2,0,2
992,2,0,2
993,2,0,2
994,2,0,2
995,2,0,2
996,2,0,2
997,2,0,2
998,2,0,2
999,1,0,1
1000,1,0,1
1001,1,0,1
1002,1,0,1
1003,1,0,1
1004,1,0,1
1005,1,0,1
1006,1,0,1
1007,1,0,1
1008,1,0,1
1009,1,0,1
1010,1,0,1
1011,1,0,1
1012,1,0,1
1013,1,0,1
1014,1,0,1
1015,1,0,1
1016,0,0,0
1017,0,0,0
1018,0,0,0
1019,0,0,0
1020,0,0,0
1021,0,0,0
1022,0,0,0
1023,0,0,0
1024,0,0,0
1025,0,0,0
1026,0,0,0
1027,0,0,0
1028,0,0,0
1029,0,0,0
1030,0,0,0
1031,0,0,0
1032,0,0,0
1033,0,0,0
1034,0,0,0
1035,0,0,0
1036,0,0,0
1037,0,0,0
1038,0,0,0
1039,0,0,0
1040,0,0,0
1041,0,0,0
1042,0,0,0
1043,0,0,0
1044,0,0,0
1045,0,0,0
1046,0,0,0
1047,0,0,0
1048,0,0,0
1049,0,0,0
1050,0,0,0
1051,0,0,0
1052,0,0,0
1053,0,0,0
1054,0,0,0
1055,0,0,0
1056,0,0,0
1057,0,0,0
1058,0,0,0
1059,0,0,0
1060,0,0,0
1061,0,0,0
1062,0,0,0
1063,0,0,0
1064,0,0,0
1065,0,0,0
1066,0,0,0
1067,0,0,0
1068,0,0,0
1069,0,0,0
1070,0,0,0
1071,0,0,0
1072,0,0,0
1073,0,0,0
1074,0,0,0
1075,0,0,0
1076,0,0,0
1077,0,0,0
1078,0,0,0
1079,0,0,0
1080,0,0,0
1081,0,0,0
1082,0,0,0
1083,0,0,0
1084,0,0,0
1085,0,0,0
1086,0,0,0
1087,0,0,0
1088,0,0,0
1089,0,0,0
1090,0,0,0
1091,0,0,0
1092,0,0,0
1093,0,0,0
1094,0,0,0
1095,0,0,0
1096,0,0,0
1097,0,0,0
1098,0,0,0
1099,0,0,0
1100,0,0,0
1101,0,0,0
1102,0,0,0
1103,0,0,0
1104,0,0,0
1105,0,0,0
1106,1,0,1
1107,1,0,1
1108,1,0,1
1109,1,0,1
1110,1,0,1
1111,1,0,1
1112,1,0,1
1113,1,0,1
1114,1,0,1
1115,1,0,1
1116,1,0,1
1117,1,0,1
1118,1,0,1
1119,1,0,1
1120,1,0,1
1121,1,0,1
1122,1,0,1
1123,1,0,1
1124,1,0,1
1125,1,0,1
1126,1,0,1
1127,1,0,1
1128,1,0,1
1129,1,0,1
1130,1,0,1
1131,1,0,1
1132,1,0,1
1133,1,0,1
1134,1,0,1
1135,1,0,1
1136,1,0,1
1137,1,0,1
1138,1,0,1
1139,1,0,1
1140,1,0,1
1141,1,0,1
1142,1,0,1
1143,1,0,1
1144,1,0,1
1145,1,0,1
1146,1,0,1
1147,1,0,1
1148,1,0,1
1149,1,0,1
1150,1,0,1
1151,1,0,1
1152,2,0,2
1153,2,0,2
1154,2,0,2
1155,2,0,2
1156,2,0,2
1157,2,0,2
1158,2,0,2
1159,2,0,2
1160,2,0,2
1161,2,0,2
1162,2,0,2
1163,2,0,2
1164,2,0,2
1165,2,0,2
1166,2,0,2
1167,3,0,3
1168,3,0,3
1169,2,0,2
1170,2,0,2
1171,2,0,2
1172,2,0,2
1173,2,0,2
1174,2,0,2
1175,2,0,2
1176,2,0,2
1177,2,0,2
1178,2,0,2
1179,2,0,2
1180,2,0,2
1181,2,0,2
1182,2,0,2
1183,2,0,2
1184,2,0,2
1185,2,0,2
1186,2,0,2
1187,2,0,2
1188,2,0,2
1189,2,0,2
1190,2,0,2
1191,2,0,2
1192,2,0,2
1193,2,0,2
1194,2,0,2
1195,2,0,2
1196,1,0,1
1197,1,0,1
1198,1,0,1
1199,1,0,1
1200,1,0,1
1201,1,0,1
1202,1,0,1
1203,1,0,1
1204,1,0,1
1205,1,0,1
1206,1,0,1
1207,1,0,1
1208,1,0,1
1209,1,0,1
1210,1,0,1
1211,2,0,2
1212,2,0,2
1213,2,0,2
1214,2,0,2
1215,2,0,2
1216,2,0,2
1217,2,0,2
1218,1,0,1
1219,1,0,1
1220,1,0,1
1221,1,0,1
1222,1,0,1
1223,1,0,1
1224,1,0,1
1225,1,0,1
1226,1,0,1
1227,1,0,1
1228,1,0,1
1229,1,0,1
1230,1,0,1
1231,1,0,1
1232,1,0,1
1233,1,0,1
1234,2,0,2
1235,2,0,2
1236,2,0,2
1237,3,0,3
1238,3,0,3
1239,3,0,3
1240,3,0,3
1241,3,0,3
1242,3,0,3
1243,3,0,3
1244,3,0,3
1245,3,0,3
1246,3,0,3
1247,2,0,2
1248,2,0,2
1249,2,0,2
1250,2,0,2
1251,2,0,2
1252,2,0,2
1253,2,0,2
1254,2,0,2
1255,2,0,2
1256,2,0,2
1257,2,0,2
1258,2,0,2
1259,2,0,2
1260,2,0,2
1261,2,0,2
1262,2,0,2
1263,2,0,2
1264,2,0,2
1265,2,0,2
1266,2,0,2
1267,2,0,2
1268,2,0,2
1269,2,0,2
1270,2,0,2
1271,2,0,2
1272,2,0,2
1273,2,0,2
1274,2,0,2
1275,2,0,2
1276,2,0,2
1277,2,0,2
1278,2,0,2
1279,2,0,2
1280,2,0,2
1281,2,0,2
1282,2,0,2
1283,2,0,2
1284,2,0,2
1285,1,0,1
1286,1,0,1
1287,1,0,1
1288,1,0,1
1289,1,0,1
1290,1,0,1
1291,1,0,1
1292,1,0,1
1293,1,0,1
1294,1,0,1
1295,1,0,1
1296,1,0,1
1297,1,0,1
1298,1,0,1
1299,1,0,1
1300,1,0,1
1301,1,0,1
1302,1,0,1
1303,0,0,0
1304,0,0,0
1305,0,0,0
1306,0,0,0
1307,0,0,0
1308,0,0,0
1309,0,0,0
1310,0,0,0
1311,0,0,0
1312,0,0,0
1313,0,0,0
1314,0,0,0
1315,0,0,0
1316,0,0,0
1317,1,0,1
1318,1,0,1
1319,1,0,1
1320,1,0,1
1321,1,0,1
1322,1,0,1
1323,1,0,1
1324,1,0,1
1325,1,0,1
1326,1,0,1
1327,1,0,1
1328,1,0,1
1329,1,0,1
1330,1,0,1
1331,1,0,1
1332,1,0,1
1333,1,0,1
1334,1,0,1
1335,1,0,1
1336,1,0,1
1337,1,0,1
1338,1,0,1
1339,1,0,1
1340,1,0,1
1341,1,0,1
1342,1,0,1
1343,1,0,1
1344,1,0,1
1345,1,0,1
1346,1,0,1
1347,1,0,1
1348,1,0,1
1349,1,0,1
1350,1,0,1
1351,1,0,1
1352,1,0,1
1353,1,0,1
1354,1,0,1
1355,1,0,1
1356,1,0,1
1357,1,0,1
1358,1,0,1
1359,1,0,1
1360,1,0,1
1361,1,0,1
1362,1,0,1
1363,1,0,1
1364,1,0,1
1365,1,0,1
1366,1,0,1
1367,1,0,1
1368,1,0,1
1369,1,0,1
1370,1,0,1
1371,1,0,1
1372,1,0,1
1373,1,0,1
1374,0,0,0
1375,0,0,0
1376,0,0,0
1377,0,0,0
1378,0,0,0
1379,0,0,0
1380,0,0,0
1381,0,0,0
1382,0,0,0
1383,0,0,0
1384,0,0,0
1385,0,0,0
1386,0,0,0
1387,0,0,0
1388,0,0,0
1389,0,0,0
1390,0,0,0
1391,0,0,0
1392,0,0,0
1393,0,0,0
1394,0,0,0
1395,0,0,0
1396,1,0,1
1397,1,0,1
1398,1,0,1
1399,1,0,1
1400,1,0,1
1401,1,0,1
1402,1,0,1
1403,2,0,2
1404,2,0,2
1405,2,0,2
1406,2,0,2
1407,2,0,2
1408,2,0,2
1409,2,0,2
1410,2,0,2
1411,2,0,2
1412,2,0,2
1413,2,0,2
1414,2,0,2
1415,2,0,2
1416,2,0,2
1417,2,0,2
1418,2,0,2
1419,2,0,2
1420,2,0,2
1421,2,0,2
1422,2,0,2
1423,2,0,2
1424,2,0,2
1425,2,0,2
1426,2,0,2
1427,2,0,2
1428,2,0,2
1429,2,0,2
1430,2,0,2
1431,2,0,2
1432,2,0,2
1433,2,0,2
1434,2,0,2
1435,2,0,2
1436,2,0,2
1437,2,0,2
1438,2,0,2
1439,2,0,2
1440,2,0,2
1441,2,0,2
1442,2,0,2
1443,2,0,2
1444,2,0,2
1445,2,0,2
1446,2,0,2
1447,2,0,2
1448,2,0,2
1449,2,0,2
1450,2,0,2
1451,2,0,2
1452,2,0,2
1453,2,0,2
1454,2,0,2
1455,2,0,2
1456,2,0,2
1457,2,0,2
1458,2,0,2
1459,2,0,2
1460,2,0,2
1461,2,0,2
1462,2,0,2
1463,2,0,2
1464,2,0,2
1465,2,0,2
1466,2,0,2
1467,2,0,2
1468,2,0,2
1469,2,0,2
1470,2,0,2
1471,2,0,2
1472,2,0,2
1473,2,0,2
1474,2,0,2
1475,2,0,2
1476,3,0,3
1477,3,0,3
1478,3,0,3
1479,3,0,3
1480,3,0,3
1481,3,0,3
1482,3,0,3
1483,3,0,3
1484,3,0,3
1485,3,0,3
1486,2,0,2
1487,2,0,2
1488,2,0,2
1489,2,0,2
1490,2,0,2
1491,2,0,2
1492,2,0,2
1493,2,0,2
1494,2,0,2
1495,2,0,2
1496,2,0,2
1497,2,0,2
1498,2,0,2
1499,2,0,2
1500,2,0,2
1501,1,0,1
1502,1,0,1
1503,1,0,1
1504,1,0,1
1505,1,0,1
1506,1,0,1
1507,1,0,1
1508,1,0,1
1509,1,0,1
1510,2,0,2
1511,2,0,2
1512,2,0,2
1513,2,0,2
1514,2,0,2
1515,2,0,2
1516,2,0,2
1517,2,0,2
1518,2,0,2
1519,2,0,2
1520,2,0,2
1521,2,0,2
1522,2,0,2
1523,2,0,2
1524,2,0,2
1525,2,0,2
1526,2,0,2
1527,2,0,2
1528,2,0,2
1529,2,0,2
1530,2,0,2
1531,2,0,2
1532,2,0,2
1533,2,0,2
1534,2,0,2
1535,2,0,2
1536,2,0,2
1537,2,0,2
1538,2,0,2
1539,2,0,2
1540,2,0,2
1541,2,0,2
1542,3,0,3
1543,3,0,3
1544,3,0,3
1545,3,0,3
1546,3,0,3
1547,3,0,3
1548,3,0,3
1549,3,0,3
1550,3,0,3
1551,3,0,3
1552,3,0,3
1553,3,0,3
1554,2,0,2
1555,2,0,2
1556,2,0,2
1557,2,0,2
1558,2,0,2
1559,2,0,2
1560,2,0,2
1561,2,0,2
1562,2,0,2
1563,2,0,2
1564,2,0,2
1565,2,0,2
1566,2,0,2
1567,2,0,2
1568,2,0,2
1569,2,0,2
1570,2,0,2
1571,2,0,2
1572,2,0,2
1573,2,0,2
1574,2,0,2
1575,2,0,2
1576,2,0,2
1577,2,0,2
1578,2,0,2
1579,2,0,2
1580,2,0,2
1581,2,0,2
1582,2,0,2
1583,2,0,2
1584,2,0,2
1585,2,0,2
1586,2,0,2
1587,2,0,2
1588,3,0,3
1589,3,0,3
1590,3,0,3
1591,3,0,3
1592,3,0,3
1593,3,0,3
1594,3,0,3
1595,3,0,3
1596,3,0,3
1597,3,0,3
1598,3,0,3
1599,3,0,3
1600,3,0,3
1601,3,0,3
1602,3,0,3
1603,3,0,3
1604,3,0,3
1605,3,0,3
1606,3,0,3
1607,3,0,3
1608,3,0,3
1609,3,0,3
1610,3,0,3
1611,3,0,3
1612,3,0,3
1613,3,0,3
1614,2,0,2
1615,2,0,2
1616,2,0,2
1617,2,0,2
1618,2,0,2
1619,2,0,2
1620,2,0,2
1621,2,0,2
1622,2,0,2
1623,2,0,2
1624,2,0,2
1625,2,0,2
1626,2,0,2
1627,2,0,2
1628,2,0,2
1629,2,0,2
1630,2,0,2
1631,2,0,2
1632,2,0,2
1633,2,0,2
1634,2,0,2
1635,2,0,2
1636,2,0,2
1637,2,0,2
1638,2,0,2
1639,2,0,2
1640,2,0,2
1641,2,0,2
1642,2,0,2
1643,2,0,2
1644,2,0,2
1645,2,0,2
1646,2,0,2
1647,2,0,2
1648,2,0,2
1649,2,0,2
1650,2,0,2
1651,2,0,2
1652,2,0,2
1653,2,0,2
1654,2,0,2
1655,2,0,2
1656,2,0,2
1657,2,0,2
1658,2,0,2
1659,2,0,2
1660,2,0,2
1661,2,0,2
1662,2,0,2
1663,2,0,2
1664,2,0,2
1665,2,0,2
1666,2,0,2
1667,2,0,2
1668,2,0,2
1669,2,0,2
1670,2,0,2
1671,2,0,2
1672,2,0,2
1673,2,0,2
1674,1,0,1
1675,1,0,1
1676,1,0,1
1677,1,0,1
1678,1,0,1
1679,1,0,1
1680,1,0,1
1681,1,0,1
1682,1,0,1
1683,1,0,1
1684,1,0,1
1685,1,0,1
1686,1,0,1
1687,1,0,1
1688,1,0,1
1689,1,0,1
1690,1,0,1
1691,1,0,1
1692,1,0,1
1693,1,0,1
1694,1,0,1
1695,1,0,1
1696,1,0,1
1697,1,0,1
1698,1,0,1
1699,1,0,1
1700,1,0,1
1701,1,0,1
1702,1,0,1
1703,1,0,1
1704,1,0,1
1705,1,0,1
1706,2,0,2
1707,2,0,2
1708,2,0,2
1709,2,0,2
1710,2,0,2
1711,2,0,2
1712,2,0,2
1713,2,0,2
1714,2,0,2
1715,2,0,2
1716,2,0,2
1717,2,0,2
1718,2,0,2
1719,2,0,2
1720,2,0,2
1721,2,0,2
1722,2,0,2
1723,2,0,2
1724,2,0,2
1725,2,0,2
1726,2,0,2
1727,2,0,2
1728,2,0,2
1729,2,0,2
1730,2,0,2
1731,2,0,2
1732,1,0,1
1733,1,0,1
1734,1,0,1
1735,1,0,1
1736,1,0,1
1737,1,0,1
1738,1,0,1
1739,1,0,1
1740,1,0,1
1741,1,0,1
1742,1,0,1
1743,1,0,1
1744,1,0,1
1745,1,0,1
1746,1,0,1
1747,1,0,1
1748,1,0,1
1749,2,0,2
1750,2,0,2
1751,2,0,2
1752,2,0,2
1753,2,0,2
1754,2,0,2
1755,2,0,2
1756,2,0,2
1757,2,0,2
1758,2,0,2
1759,2,0,2
1760,2,0,2
1761,2,0,2
1762,2,0,2
1763,2,0,2
1764,2,0,2
1765,2,0,2
1766,2,0,2
1767,1,0,1
1768,1,0,1
1769,1,0,1
1770,1,0,1
1771,1,0,1
1772,1,0,1
1773,1,0,1
1774,1,0,1
1775,1,0,1
1776,1,0,1
1777,1,0,1
1778,1,0,1
1779,1,0,1
1780,1,0,1
1781,1,0,1
1782,1,0,1
1783,1,0,1
1784,1,0,1
1785,1,0,1
1786,1,0,1
1787,1,0,1
1788,1,0,1
1789,1,0,1
1790,1,0,1
1791,1,0,1
1792,1,0,1
1793,1,0,1
1794,1,0,1
1795,1,0,1
1796,1,0,1
1797,1,0,1
1798,1,0,1
1799,1,0,1
1800,1,0,1
1801,1,0,1
1802,1,0,1
1803,1,0,1
1804,1,0,1
1805,1,0,1
1806,1,0,1
1807,1,0,1
1808,1,0,1
1809,1,0,1
1810,1,0,1
1811,1,0,1
1812,1,0,1
1813,1,0,1
1814,1,0,1
1815,1,0,1
1816,1,0,1
1817,1,0,1
1818,1,0,1
1819,1,0,1
1820,1,0,1
1821,1,0,1
1822,1,0,1
1823,1,0,1
1824,1,0,1
1825,1,0,1
1826,1,0,1
1827,1,0,1
1828,1,0,1
1829,1,0,1
1830,2,0,2
1831,3,0,3
1832,3,0,3
1833,3,0,3
1834,3,0,3
1835,3,0,3
1836,3,0,3
1837,3,0,3
1838,3,0,3
1839,3,0,3
1840,3,0,3
1841,3,0,3
1842,3,0,3
1843,3,0,3
1844,3,0,3
1845,3,0,3
1846,3,0,3
1847,3,0,3
1848,3,0,3
1849,3,0,3
1850,3,0,3
1851,3,0,3
1852,3,0,3
1853,3,0,3
1854,3,0,3
1855,3,0,3
1856,3,0,3
1857,3,0,3
1858,3,0,3
1859,2,0,2
1860,2,0,2
1861,2,0,2
1862,2,0,2
1863,2,0,2
1864,2,0,2
1865,2,0,2
1866,2,0,2
1867,2,0,2
1868,2,0,2
1869,2,0,2
1870,2,0,2
1871,2,0,2
1872,2,0,2
1873,2,0,2
1874,2,0,2
1875,2,0,2
1876,2,0,2
1877,2,0,2
1878,2,0,2
1879,2,0,2
1880,2,0,2
1881,2,0,2
1882,2,0,2
1883,2,0,2
1884,2,0,2
1885,2,0,2
1886,2,0,2
1887,2,0,2
1888,2,0,2
1889,2,0,2
1890,2,0,2
1891,2,0,2
1892,2,0,2
1893,2,0,2
1894,2,0,2
1895,2,0,2
1896,2,0,2
1897,3,0,3
1898,3,0,3
1899,3,0,3
1900,3,0,3
1901,3,0,3
1902,3,0,3
1903,3,0,3
1904,3,0,3
1905,3,0,3
1906,3,0,3
1907,3,0,3
1908,3,0,3
1909,3,0,3
1910,3,0,3
1911,3,0,3
1912,3,0,3
1913,2,0,2
1914,2,0,2
1915,2,0,2
1916,2,0,2
1917,2,0,2
1918,2,0,2
1919,2,0,2
1920,2,0,2
1921,2,0,2
1922,2,0,2
1923,2,0,2
1924,2,0,2
1925,2,0,2
1926,2,0,2
1927,2,0,2
1928,2,0,2
1929,2,0,2
1930,2,0,2
1931,2,0,2
1932,2,0,2
1933,2,0,2
1934,2,0,2
1935,2,0,2
1936,2,0,2
1937,2,0,2
1938,2,0,2
1939,2,0,2
1940,2,0,2
1941,2,0,2
1942,2,0,2
1943,2,0,2
1944,2,0,2
1945,2,0,2
1946,2,0,2
1947,2,0,2
1948,2,0,2
1949,2,0,2
1950,2,0,2
1951,2,0,2
1952,2,0,2
1953,2,0,2
1954,2,0,2
1955,2,0,2
1956,2,0,2
1957,2,0,2
1958,2,0,2
1959,2,0,2
1960,2,0,2
1961,2,0,2
1962,2,0,2
1963,2,0,2
1964,2,0,2
1965,2,0,2
1966,2,0,2
1967,2,0,2
1968,2,0,2
1969,2,0,2
1970,2,0,2
1971,2,0,2
1972,2,0,2
1973,2,0,2
1974,2,0,2
1975,2,0,2
1976,2,0,2
1977,2,0,2
1978,2,0,2
1979,2,0,2
1980,2,0,2
1981,2,0,2
1982,2,0,2
1983,2,0,2
1984,2,0,2
1985,2,0,2
1986,2,0,2
1987,2,0,2
1988,2,0,2
1989,2,0,2
1990,2,0,2
1991,2,0,2
1992,2,0,2
1993,2,0,2
1994,2,0,2
1995,2,0,2
1996,2,0,2
1997,2,0,2
1998,1,0,1
1999,1,0,1
2000,1,0,1
2001,1,0,1
2002,1,0,1
2003,1,0,1
2004,1,0,1
2005,1,0,1
2006,1,0,1
2007,1,0,1
2008,1,0,1
2009,1,0,1
2010,1,0,1
2011,1,0,1
2012,1,0,1
2013,1,0,1
2014,1,0,1
2015,1,0,1
2016,1,0,1
2017,1,0,1
2018,1,0,1
2019,1,0,1
2020,1,0,1
2021,1,0,1
2022,1,0,1
2023,1,0,1
2024,1,0,1
2025,1,0,1
2026,1,0,1
2027,1,0,1
2028,1,0,1
2029,1,0,1
2030,1,0,1
2031,1,0,1
2032,1,0,1
2033,1,0,1
2034,1,0,1
2035,1,0,1
2036,1,0,1
2037,1,0,1
2038,1,0,1
2039,1,0,1
2040,1,0,1
2041,1,0,1
2042,1,0,1
2043,1,0,1
2044,1,0,1
2045,1,0,1
2046,1,0,1
2047,1,0,1
2048,1,0,1
2049,1,0,1
2050,1,0,1
2051,1,0,1
2052,1,0,1
2053,1,0,1
2054,1,0,1
2055,1,0,1
2056,1,0,1
2057,1,0,1
2058,1,0,1
2059,1,0,1
2060,1,0,1
2061,1,0,1
2062,1,0,1
2063,1,0,1
2064,1,0,1
2065,1,0,1
2066,1,0,1
2067,1,0,1
2068,1,0,1
2069,1,0,1
2070,1,0,1
2071,1,0,1
2072,1,0,1
2073,1,0,1
2074,1,0,1
2075,1,0,1
2076,1,0,1
2077,1,0,1
2078,1,0,1
2079,1,0,1
2080,1,0,1
2081,1,0,1
2082,1,0,1
2083,1,0,1
2084,1,0,1
2085,1,0,1
2086,1,0,1
2087,1,0,1
2088,1,0,1
2089,1,0,1
2090,1,0,1
2091,1,0,1
2092,1,0,1
2093,1,0,1
2094,1,0,1
2095,1,0,1
2096,1,0,1
2097,1,0,1
2098,1,0,1
2099,1,0,1
2100,1,0,1
2101,1,0,1
2102,1,0,1
2103,1,0,1
2104,1,0,1
2105,1,0,1
2106,1,0,1
2107,1,0,1
2108,1,0,1
2109,1,0,1
2110,1,0,1
2111,1,0,1
2112,1,0,1
2113,1,0,1
2114,1,0,1
2115,1,0,1
2116,1,0,1
2117,1,0,1
2118,1,0,1
2119,1,0,1
2120,1,0,1
2121,1,0,1
2122,1,0,1
2123,1,0,1
2124,1,0,1
2125,1,0,1
2126,1,0,1
2127,1,0,1
2128,1,0,1
2129,1,0,1
2130,1,0,1
2131,1,0,1
2132,1,0,1
2133,1,0,1
2134,1,0,1
2135,1,0,1
2136,1,0,1
2137,1,0,1
2138,1,0,1
2139,1,0,1
2140,1,0,1
2141,1,0,1
2142,1,0,1
2143,1,0,1
2144,1,0,1
2145,1,0,1
2146,1,0,1
2147,1,0,1
2148,1,0,1
2149,1,0,1
2150,1,0,1
2151,1,0,1
2152,1,0,1
2153,1,0,1
2154,1,0,1
2155,1,0,1
2156,1,0,1
2157,1,0,1
2158,1,0,1
2159,1,0,1
2160,1,0,1
2161,1,0,1
2162,1,0,1
2163,1,0,1
2164,1,0,1
2165,1,0,1
2166,1,0,1
2167,1,0,1
2168,1,0,1
2169,1,0,1
2170,1,0,1
2171,1,0,1
2172,1,0,1
2173,1,0,1
2174,1,0,1
2175,1,0,1
2176,1,0,1
2177,1,0,1
2178,1,0,1
2179,1,0,1
2180,1,0,1
2181,1,0,1
2182,1,0,1
2183,1,0,1
2184,1,0,1
2185,1,0,1
2186,1,0,1
2187,1,0,1
2188,1,0,1
2189,1,0,1
2190,1,0,1
2191,1,0,1
2192,1,0,1
2193,1,0,1
2194,1,0,1
2195,1,0,1
2196,1,0,1
2197,1,0,1
2198,1,0,1
2199,1,0,1
2200,1,0,1
2201,1,0,1
2202,1,0,1
2203,1,0,1
2204,1,0,1
2205,1,0,1
2206,1,0,1
2207,1,0,1
2208,1,0,1
2209,1,0,1
2210,1,0,1
2211,1,0,1
2212,1,0,1
2213,1,0,1
2214,1,0,1
2215,1,0,1
2216,1,0,1
2217,1,0,1
2218,1,0,1
2219,1,0,1
2220,1,0,1
2221,1,0,1
2222,1,0,1
2223,1,0,1
2224,1,0,1
2225,1,0,1
2226,1,0,1
2227,1,0,1
2228,1,0,1
2229,1,0,1
2230,1,0,1
2231,1,0,1
2232,1,0,1
2233,1,0,1
2234,1,0,1
2235,1,0,1
2236,1,0,1
2237,1,0,1
2238,1,0,1
2239,1,0,1
2240,1,0,1
2241,1,0,1
2242,1,0,1
2243,1,0,1
2244,1,0,1
2245,1,0,1
2246,1,0,1
2247,1,0,1
2248,1,0,1
2249,1,0,1
2250,1,0,1
2251,1,0,1
2252,1,0,1
2253,1,0,1
2254,1,0,1
2255,1,0,1
2256,1,0,1
2257,1,0,1
2258,1,0,1
2259,1,0,1
2260,1,0,1
2261,1,0,1
2262,1,0,1
2263,1,0,1
2264,1,0,1
2265,1,0,1
2266,1,0,1
2267,1,0,1
2268,1,0,1
2269,1,0,1
2270,1,0,1
2271,1,0,1
2272,1,0,1
2273,1,0,1
2274,1,0,1
2275,1,0,1
2276,1,0,1
2277,1,0,1
2278,1,0,1
2279,1,0,1
2280,1,0,1
2281,1,0,1
2282,1,0,1
2283,1,0,1
2284,1,0,1
2285,1,0,1
2286,1,0,1
2287,1,0,1
2288,1,0,1
2289,1,0,1
2290,1,0,1
2291,1,0,1
2292,1,0,1
2293,1,0,1
2294,1,0,1
2295,1,0,1
2296,1,0,1
2297,2,0,2
2298,2,0,2
2299,2,0,2
2300,2,0,2
2301,2,0,2
2302,2,0,2
2303,2,0,2
2304,2,0,2
2305,2,0,2
2306,2,0,2
2307,2,0,2
2308,2,0,2
2309,2,0,2
2310,2,0,2
2311,2,0,2
2312,2,0,2
2313,2,0,2
2314,2,0,2
2315,2,0,2
2316,2,0,2
2317,2,0,2
2318,2,0,2
2319,2,0,2
2320,2,0,2
2321,2,0,2
2322,2,0,2
2323,2,0,2
2324,2,0,2
2325,2,0,2
2326,2,0,2
2327,2,0,2
2328,2,0,2
2329,2,0,2
2330,1,0,1
2331,1,0,1
2332,1,0,1
2333,1,0,1
2334,1,0,1
2335,1,0,1
2336,1,0,1
2337,0,0,0
2338,0,0,0
2339,0,0,0
2340,0,0,0
2341,0,0,0
2342,0,0,0
2343,0,0,0
2344,0,0,0
2345,0,0,0
2346,0,0,0
2347,0,0,0
2348,0,0,0
2349,0,0,0
2350,0,0,0
2351,0,0,0
2352,0,0,0
2353,0,0,0
2354,0,0,0
2355,0,0,0
2356,0,0,0
2357,0,0,0
2358,0,0,0
2359,0,0,0
2360,0,0,0
2361,0,0,0
2362,0,0,0
2363,0,0,0
2364,0,0,0
2365,0,0,0
2366,0,0,0
2367,0,0,0
2368,0,0,0
2369,0,0,0
2370,0,0,0
2371,0,0,0
2372,0,0,0
2373,0,0,0
2374,0,0,0
2375,0,0,0
2376,0,0,0
2377,0,0,0
2378,0,0,0
2379,0,0,0
2380,0,0,0
2381,0,0,0
2382,0,0,0
2383,0,0,0
2384,0,0,0
2385,0,0,0
2386,0,0,0
2387,0,0,0
2388,0,0,0
2389,0,0,0
2390,0,0,0
2391,0,0,0
2392,0,0,0
2393,0,0,0
2394,0,0,0
2395,0,0,0
2396,0,0,0
2397,0,0,0
2398,0,0,0
2399,0,0,0
2400,0,0,0
2401,0,0,0
2402,0,0,0
2403,0,0,0
2404,0,0,0
2405,0,0,0
2406,0,0,0
2407,0,0,0
2408,0,0,0
2409,0,0,0
2410,0,0,0
2411,0,0,0
2412,0,0,0
2413,0,0,0
2414,0,0,0
2415,0,0,0
2416,0,0,0
2417,0,0,0
2418,0,0,0
2419,0,0,0
2420,0,0,0
2421,0,0,0
2422,0,0,0
2423,0,0,0
2424,0,0,0
2425,0,0,0
2426,0,0,0
2427,0,0,0
2428,0,0,0
2429,0,0,0
2430,0,0,0
2431,0,0,0
2432,0,0,0
2433,0,0,0
2434,0,0,0
2435,0,0,0
2436,0,0,0
2437,0,0,0
2438,0,0,0
2439,0,0,0
2440,0,0,0
2441,0,0,0
2442,0,0,0
2443,0,0,0
2444,0,0,0
2445,0,0,0
2446,0,0,0
2447,0,0,0
2448,0,0,0
2449,0,0,0
2450,0,0,0
2451,0,0,0
2452,0,0,0
2453,0,0,0
2454,0,0,0
2455,0,0,0
2456,0,0,0
2457,0,0,0
2458,0,0,0
2459,0,0,0
2460,0,0,0
2461,0,0,0
2462,0,0,0
2463,0,0,0
2464,0,0,0
2465,0,0,0
2466,0,0,0
2467,0,0,0
2468,0,0,0
2469,0,0,0
2470,0,0,0
2471,0,0,0
2472,0,0,0
2473,0,0,0
2474,0,0,0
2475,0,0,0
2476,0,0,0
2477,0,0,0
2478,0,0,0
2479,0,0,0
2480,0,0,0
2481,0,0,0
2482,0,0,0
2483,0,0,0
2484,0,0,0
2485,0,0,0
2486,0,0,0
2487,0,0,0
2488,0,0,0
2489,0,0,0
2490,0,0,0
2491,0,0,0
2492,0,0,0
2493,0,0,0
2494,0,0,0
2495,0,0,0
2496,0,0,0
2497,0,0,0
2498,0,0,0
2499,0,0,0
2500,0,0,0
2501,0,0,0
2502,0,0,0
2503,0,0,0
2504,0,0,0
2505,0,0,0
2506,0,0,0
2507,0,0,0
2508,0,0,0
2509,0,0,0
2510,0,0,0
2511,0,0,0
2512,0,0,0
2513,0,0,0
2514,0,0,0
2515,0,0,0
2516,0,0,0
2517,0,0,0
2518,0,0,0
2519,0,0,0
2520,0,0,0
2521,0,0,0
2522,0,0,0
2523,0,0,0
2524,0,0,0
2525,0,0,0
2526,0,0,0
2527,0,0,0
2528,0,0,0
2529,0,0,0
2530,0,0,0
2531,0,0,0
2532,0,0,0
2533,0,0,0
2534,0,0,0
2535,0,0,0
2536,0,0,0
2537,0,0,0
2538,0,0,0
2539,0,0,0
2540,0,0,0
2541,0,0,0
2542,0,0,0
2543,0,0,0
2544,0,0,0
2545,0,0,0
2546,0,0,0
2547,0,0,0
2548,0,0,0
2549,0,0,0
2550,0,0,0
2551,0,0,0
2552,0,0,0
2553,0,0,0
2554,0,0,0
2555,0,0,0
2556,0,0,0
2557,0,0,0
2558,0,0,0
2559,0,0,0
2560,0,0,0
2561,0,0,0
2562,0,0,0
2563,0,0,0
2564,0,0,0
2565,0,0,0
2566,0,0,0
2567,0,0,0
2568,0,0,0
2569,0,0,0
2570,0,0,0
2571,0,0,0
2572,0,0,0
2573,0,0,0
2574,0,0,0
2575,0,0,0
2576,0,0,0
2577,0,0,0
2578,0,0,0
2579,0,0,0
2580,0,0,0
2581,0,0,0
2582,0,0,0
2583,0,0,0
2584,0,0,0
2585,0,0,0
2586,0,0,0
2587,0,0,0
2588,0,0,0
2589,0,0,0
2590,0,0,0
2591,0,0,0
2592,0,0,0
2593,0,0,0
2594,0,0,0
2595,0,0,0
2596,0,0,0
2597,0,0,0
2598,0,0,0
2599,0,0,0
2600,0,0,0
2601,0,0,0
2602,0,0,0
2603,0,0,0
2604,0,0,0
2605,0,0,0
2606,0,0,0
2607,0,0,0
2608,0,0,0
2609,0,0,0
2610,0,0,0
2611,0,0,0
2612,0,0,0
2613,0,0,0
2614,0,0,0
2615,0,0,0
2616,0,0,0
2617,0,0,0
2618,0,0,0
2619,0,0,0
2620,0,0,0
2621,0,0,0
2622,0,0,0
2623,0,0,0
2624,0,0,0
2625,0,0,0
2626,0,0,0
2627,0,0,0
2628,0,0,0
2629,0,0,0
2630,0,0,0
2631,0,0,0
2632,0,0,0
2633,0,0,0
2634,0,0,0
2635,0,0,0
2636,0,0,0
2637,0,0,0
2638,0,0,0
2639,0,0,0
2640,0,0,0
2641,0,0,0
2642,0,0,0
2643,0,0,0
2644,0,0,0
2645,0,0,0
2646,0,0,0
2647,0,0,0
2648,0,0,0
2649,0,0,0
2650,0,0,0
2651,0,0,0
2652,0,0,0
2653,0,0,0
2654,0,0,0
2655,0,0,0
2656,0,0,0
2657,0,0,0
2658,0,0,0
2659,0,0,0
2660,0,0,0
2661,0,0,0
2662,0,0,0
2663,0,0,0
2664,0,0,0
2665,0,0,0
2666,0,0,0
2667,0,0,0
2668,0,0,0
2669,0,0,0
2670,0,0,0
2671,0,0,0
2672,0,0,0
2673,0,0,0
2674,0,0,0
2675,0,0,0
2676,0,0,0
2677,0,0,0
2678,0,0,0
2679,0,0,0
2680,0,0,0
2681,0,0,0
2682,0,0,0
2683,0,0,0
2684,0,0,0
2685,0,0,0
2686,0,0,0
2687,0,0,0
2688,0,0,0
2689,0,0,0
2690,0,0,0
2691,0,0,0
2692,0,0,0
2693,0,0,0
2694,0,0,0
2695,0,0,0
2696,0,0,0
2697,0,0,0
2698,0,0,0
2699,0,0,0
2700,0,0,0
2701,0,0,0
2702,0,0,0
2703,0,0,0
2704,0,0,0
2705,0,0,0
2706,0,0,0
2707,0,0,0
2708,0,0,0
2709,0,0,0
2710,0,0,0
2711,0,0,0
2712,0,0,0
2713,0,0,0
2714,0,0,0
2715,0,0,0
2716,0,0,0
2717,0,0,0
2718,0,0,0
2719,0,0,0
2720,0,0,0
2721,0,0,0
2722,0,0,0
2723,0,0,0
2724,0,0,0
2725,0,0,0
2726,0,0,0
2727,0,0,0
2728,0,0,0
2729,0,0,0
2730,0,0,0
2731,0,0,0
2732,0,0,0
2733,0,0,0
2734,0,0,0
2735,0,0,0
2736,0,0,0
2737,0,0,0
2738,0,0,0
2739,0,0,0
2740,0,0,0
2741,0,0,0
2742,0,0,0
2743,0,0,0
2744,0,0,0
2745,0,0,0
2746,0,0,0
2747,0,0,0
2748,0,0,0
2749,0,0,0
2750,0,0,0
2751,0,0,0
2752,0,0,0
2753,0,0,0
2754,0,0,0
2755,0,0,0
2756,0,0,0
2757,0,0,0
2758,0,0,0
2759,0,0,0
2760,0,0,0
2761,1,0,1
2762,1,0,1
2763,1,0,1
2764,1,0,1
2765,1,0,1
2766,1,0,1
2767,1,0,1
2768,1,0,1
2769,1,0,1
2770,1,0,1
2771,1,0,1
2772,1,0,1
2773,1,0,1
2774,1,0,1
2775,1,0,1
2776,1,0,1
2777,1,0,1
2778,1,0,1
2779,1,0,1
2780,1,0,1
2781,1,0,1
2782,1,0,1
2783,1,0,1
2784,1,0,1
2785,1,0,1
2786,1,0,1
2787,1,0,1
2788,1,0,1
2789,1,0,1
2790,1,0,1
2791,1,0,1
2792,1,0,1
2793,1,0,1
2794,1,0,1
2795,1,0,1
2796,1,0,1
2797,1,0,1
2798,1,0,1
2799,1,0,1
2800,1,0,1
2801,1,0,1
2802,1,0,1
2803,1,0,1
2804,1,0,1
2805,1,0,1
2806,1,0,1
2807,1,0,1
2808,1,0,1
2809,1,0,1
2810,1,0,1
2811,1,0,1
2812,1,0,1
2813,1,0,1
2814,1,0,1
2815,1,0,1
2816,1,0,1
2817,1,0,1
2818,1,0,1
2819,1,0,1
2820,2,0,2
2821,2,0,2
2822,2,0,2
2823,2,0,2
2824,2,0,2
2825,2,0,2
2826,2,0,2
2827,2,0,2
2828,2,0,2
2829,2,0,2
2830,2,0,2
2831,2,0,2
2832,2,0,2
2833,2,0,2
2834,2,0,2
2835,2,0,2
2836,2,0,2
2837,2,0,2
2838,2,0,2
2839,1,0,1
2840,1,0,1
2841,2,0,2
2842,2,0,2
2843,2,0,2
2844,2,0,2
2845,2,0,2
2846,2,0,2
2847,2,0,2
2848,2,0,2
2849,2,0,2
2850,2,0,2
2851,2,0,2
2852,2,0,2
2853,2,0,2
2854,2,0,2
2855,2,0,2
2856,2,0,2
2857,2,0,2
2858,2,0,2
2859,2,0,2
2860,2,0,2
2861,2,0,2
2862,2,0,2
2863,2,0,2
2864,2,0,2
2865,2,0,2
2866,2,0,2
2867,2,0,2
2868,2,0,2
2869,2,0,2
2870,2,0,2
2871,2,0,2
2872,1,0,1
2873,1,0,1
2874,1,0,1
2875,1,0,1
2876,1,0,1
2877,1,0,1
2878,1,0,1
2879,1,0,1
2880,1,0,1
2881,1,0,1
2882,1,0,1
2883,0,0,0
2884,0,0,0
2885,0,0,0
2886,0,0,0
2887,0,0,0
2888,0,0,0
2889,0,0,0
2890,0,0,0
2891,0,0,0
2892,0,0,0
2893,0,0,0
2894,0,0,0
2895,0,0,0
2896,0,0,0
2897,0,0,0
2898,0,0,0
2899,0,0,0
2900,0,0,0
2901,0,0,0
2902,0,0,0
2903,0,0,0
2904,0,0,0
2905,0,0,0
2906,0,0,0
2907,0,0,0
2908,0,0,0
2909,0,0,0
2910,0,0,0
2911,0,0,0
2912,0,0,0
2913,0,0,0
2914,0,0,0
2915,0,0,0
2916,0,0,0
2917,0,0,0
2918,1,0,1
2919,1,0,1
2920,1,0,1
2921,1,0,1
2922,1,0,1
2923,1,0,1
2924,1,0,1
2925,1,0,1
2926,1,0,1
2927,1,0,1
2928,1,0,1
2929,1,0,1
2930,1,0,1
2931,1,0,1
2932,1,0,1
2933,1,0,1
2934,1,0,1
2935,1,0,1
2936,1,0,1
2937,1,0,1
2938,1,0,1
2939,1,0,1
2940,1,0,1
2941,1,0,1
2942,1,0,1
2943,1,0,1
2944,1,0,1
2945,1,0,1
2946,1,0,1
2947,1,0,1
2948,1,0,1
2949,1,0,1
2950,1,0,1
2951,1,0,1
2952,1,0,1
2953,1,0,1
2954,1,0,1
2955,1,0,1
2956,1,0,1
2957,1,0,1
2958,1,0,1
2959,1,0,1
2960,1,0,1
2961,1,0,1
2962,1,0,1
2963,1,0,1
2964,1,0,1
2965,1,0,1
2966,1,0,1
2967,1,0,1
2968,1,0,1
2969,1,0,1
2970,1,0,1
2971,1,0,1
2972,1,0,1
2973,1,0,1
2974,1,0,1
2975,1,0,1
2976,1,0,1
2977,1,0,1
2978,1,0,1
2979,1,0,1
2980,1,0,1
2981,1,0,1
2982,1,0,1
2983,1,0,1
2984,1,0,1
2985,1,0,1
2986,1,0,1
2987,1,0,1
2988,1,0,1
2989,1,0,1
2990,1,0,1
2991,1,0,1
2992,1,0,1
2993,1,0,1
2994,1,0,1
2995,1,0,1
2996,1,0,1
2997,1,0,1
2998,1,0,1
2999,1,0,1
3000,1,0,1
3001,1,0,1
3002,1,0,1
3003,1,0,1
3004,1,0,1
3005,1,0,1
3006,1,0,1
3007,1,0,1
3008,1,0,1
3009,1,0,1
3010,1,0,1
3011,1,0,1
3012,1,0,1
3013,1,0,1
3014,1,0,1
3015,1,0,1
3016,1,0,1
3017,1,0,1
3018,1,0,1
3019,1,0,1
3020,1,0,1
3021,1,0,1
3022,1,0,1
3023,1,0,1
3024,1,0,1
3025,1,0,1
3026,1,0,1
3027,1,0,1
3028,1,0,1
3029,1,0,1
3030,1,0,1
3031,1,0,1
3032,1,0,1
3033,1,0,1
3034,1,0,1
3035,1,0,1
3036,1,0,1
3037,1,0,1
3038,1,0,1
3039,1,0,1
3040,1,0,1
3041,1,0,1
3042,1,0,1
3043,1,0,1
3044,1,0,1
3045,1,0,1
3046,1,0,1
3047,1,0,1
3048,1,0,1
3049,1,0,1
3050,1,0,1
3051,1,0,1
3052,1,0,1
3053,1,0,1
3054,1,0,1
3055,1,0,1
3056,1,0,1
3057,1,0,1
3058,1,0,1
3059,1,0,1
3060,1,0,1
3061,1,0,1
3062,1,0,1
3063,1,0,1
3064,1,0,1
3065,1,0,1
3066,1,0,1
3067,1,0,1
3068,1,0,1
3069,1,0,1
3070,1,0,1
3071,1,0,1
3072,1,0,1
3073,1,0,1
3074,1,0,1
3075,1,0,1
3076,1,0,1
3077,1,0,1
3078,1,0,1
3079,1,0,1
3080,1,0,1
3081,1,0,1
3082,1,0,1
3083,1,0,1
3084,1,0,1
3085,1,0,1
3086,1,0,1
3087,1,0,1
3088,1,0,1
3089,2,0,2
3090,2,0,2
3091,2,0,2
3092,2,0,2
3093,2,0,2
3094,2,0,2
3095,2,0,2
3096,2,0,2
3097,1,0,1
3098,1,0,1
3099,1,0,1
3100,1,0,1
3101,1,0,1
3102,1,0,1
3103,1,0,1
3104,1,0,1
3105,1,0,1
3106,1,0,1
3107,1,0,1
3108,1,0,1
3109,1,0,1
3110,1,0,1
3111,1,0,1
3112,1,0,1
3113,1,0,1
3114,1,0,1
3115,1,0,1
3116,1,0,1
3117,1,0,1
3118,1,0,1
3119,1,0,1
3120,1,0,1
3121,1,0,1
3122,1,0,1
3123,1,0,1
3124,1,0,1
3125,1,0,1
3126,1,0,1
3127,0,0,0
3128,0,0,0
3129,0,0,0
3130,0,0,0
3131,0,0,0
3132,0,0,0
3133,0,0,0
3134,0,0,0
3135,0,0,0
3136,0,0,0
3137,0,0,0
3138,0,0,0
3139,0,0,0
3140,0,0,0
3141,0,0,0
3142,0,0,0
3143,0,0,0
3144,0,0,0
3145,0,0,0
3146,0,0,0
3147,0,0,0
3148,0,0,0
3149,0,0,0
3150,0,0,0
3151,0,0,0
3152,0,0,0
3153,0,0,0
3154,0,0,0
3155,0,0,0
3156,0,0,0
3157,0,0,0
3158,0,0,0
3159,0,0,0
3160,0,0,0
3161,0,0,0
3162,0,0,0
3163,0,0,0
3164,0,0,0
3165,0,0,0
3166,0,0,0
3167,0,0,0
3168,0,0,0
3169,0,0,0
3170,0,0,0
3171,0,0,0
3172,0,0,0
3173,0,0,0
3174,0,0,0
3175,0,0,0
3176,0,0,0
3177,0,0,0
3178,0,0,0
3179,0,0,0
3180,0,0,0
3181,0,0,0
3182,0,0,0
3183,0,0,0
3184,0,0,0
3185,0,0,0
3186,0,0,0
3187,0,0,0
3188,0,0,0
3189,0,0,0
3190,0,0,0
3191,0,0,0
3192,0,0,0
3193,0,0,0
3194,0,0,0
3195,0,0,0
3196,0,0,0
3197,0,0,0
3198,0,0,0
3199,0,0,0
3200,0,0,0
3201,0,0,0
3202,0,0,0
3203,0,0,0
3204,0,0,0
3205,0,0,0
3206,0,0,0
3207,0,0,0
3208,0,0,0
3209,0,0,0
3210,0,0,0
3211,0,0,0
3212,0,0,0
3213,0,0,0
3214,0,0,0
3215,0,0,0
3216,0,0,0
3217,0,0,0
3218,0,0,0
3219,0,0,0
3220,0,0,0
3221,0,0,0
3222,0,0,0
3223,0,0,0
3224,0,0,0
3225,0,0,0
3226,0,0,0
3227,0,0,0
3228,0,0,0
3229,0,0,0
3230,0,0,0
3231,0,0,0
3232,0,0,0
3233,0,0,0
3234,0,0,0
3235,0,0,0
3236,0,0,0
3237,0,0,0
3238,0,0,0
3239,0,0,0
3240,0,0,0
3241,0,0,0
3242,0,0,0
3243,0,0,0
3244,0,0,0
3245,0,0,0
3246,0,0,0
3247,0,0,0
3248,0,0,0
3249,0,0,0
3250,0,0,0
3251,0,0,0
3252,0,0,0
3253,0,0,0
3254,0,0,0
3255,0,0,0
3256,0,0,0
3257,0,0,0
3258,0,0,0
3259,0,0,0
3260,0,0,0
3261,0,0,0
3262,0,0,0
3263,0,0,0
3264,0,0,0
3265,0,0,0
3266,0,0,0
3267,0,0,0
3268,0,0,0
3269,0,0,0
3270,0,0,0
3271,0,0,0
3272,0,0,0
3273,0,0,0
3274,0,0,0
3275,0,0,0
3276,0,0,0
3277,0,0,0
3278,0,0,0
3279,0,0,0
3280,0,0,0
3281,0,0,0
3282,0,0,0
3283,0,0,0
3284,0,0,0
3285,0,0,0
3286,0,0,0
3287,0,0,0
3288,0,0,0
3289,0,0,0
3290,0,0,0
3291,0,0,0
3292,0,0,0
3293,0,0,0
3294,0,0,0
3295,0,0,0
3296,0,0,0
3297,0,0,0
3298,0,0,0
3299,0,0,0
3300,0,0,0
3301,0,0,0
3302,0,0,0
3303,0,0,0
3304,0,0,0
3305,0,0,0
3306,0,0,0
3307,0,0,0
3308,0,0,0
3309,0,0,0
3310,0,0,0
3311,0,0,0
3312,0,0,0
3313,0,0,0
3314,0,0,0
3315,0,0,0
3316,0,0,0
3317,0,0,0
3318,0,0,0
3319,0,0,0
3320,0,0,0
3321,0,0,0
3322,0,0,0
3323,0,0,0
3324,0,0,0
3325,0,0,0
3326,0,0,0
3327,0,0,0
3328,0,0,0
3329,0,0,0
3330,0,0,0
3331,0,0,0
3332,0,0,0
3333,0,0,0
3334,0,0,0
3335,0,0,0
3336,0,0,0
3337,0,0,0
3338,0,0,0
3339,0,0,0
3340,0,0,0
3341,0,0,0
3342,0,0,0
3343,0,0,0
3344,0,0,0
3345,0,0,0
3346,0,0,0
3347,0,0,0
3348,0,0,0
3349,0,0,0
3350,0,0,0
3351,0,0,0
3352,0,0,0
3353,0,0,0
3354,0,0,0
3355,0,0,0
3356,0,0,0
3357,0,0,0
3358,0,0,0
3359,0,0,0
3360,0,0,0
3361,0,0,0
3362,0,0,0
3363,0,0,0
3364,0,0,0
3365,0,0,0
3366,0,0,0
3367,0,0,0
3368,0,0,0
3369,0,0,0
3370,0,0,0
3371,0,0,0
3372,0,0,0
3373,0,0,0
3374,0,0,0
3375,0,0,0
3376,0,0,0
3377,0,0,0
3378,0,0,0
3379,0,0,0
3380,0,0,0
3381,0,0,0
3382,0,0,0
3383,0,0,0
3384,0,0,0
3385,0,0,0
3386,0,0,0
3387,0,0,0
3388,0,0,0
3389,0,0,0
3390,0,0,0
3391,0,0,0
3392,0,0,0
3393,0,0,0
3394,0,0,0
3395,0,0,0
3396,0,0,0
3397,0,0,0
3398,0,0,0
3399,0,0,0
3400,0,0,0
3401,0,0,0
3402,0,0,0
3403,0,0,0
3404,0,0,0
3405,0,0,0
3406,0,0,0
3407,0,0,0
3408,0,0,0
3409,0,0,0
3410,0,0,0
3411,0,0,0
3412,0,0,0
3413,0,0,0
3414,0,0,0
3415,0,0,0
3416,0,0,0
3417,0,0,0
3418,0,0,0
3419,0,0,0
3420,0,0,0
3421,0,0,0
3422,0,0,0
3423,0,0,0
3424,0,0,0
3425,0,0,0
3426,0,0,0
3427,0,0,0
3428,0,0,0
3429,0,0,0
3430,0,0,0
3431,0,0,0
3432,0,0,0
3433,0,0,0
3434,0,0,0
3435,0,0,0
3436,0,0,0
3437,0,0,0
3438,0,0,0
3439,0,0,0
3440,0,0,0
3441,0,0,0
3442,0,0,0
3443,0,0,0
3444,0,0,0
3445,0,0,0
3446,0,0,0
3447,0,0,0
3448,0,0,0
3449,0,0,0
3450,0,0,0
3451,0,0,0
3452,0,0,0
3453,0,0,0
3454,0,0,0
3455,0,0,0
3456,0,0,0
3457,0,0,0
3458,0,0,0
3459,0,0,0
3460,0,0,0
3461,0,0,0
3462,0,0,0
3463,0,0,0
3464,0,0,0
3465,0,0,0
3466,0,0,0
3467,0,0,0
3468,0,0,0
3469,0,0,0
3470,0,0,0
3471,0,0,0
3472,0,0,0
3473,0,0,0
3474,0,0,0
3475,0,0,0
3476,0,0,0
3477,0,0,0
3478,0,0,0
3479,0,0,0
3480,0,0,0
3481,0,0,0
3482,0,0,0
3483,0,0,0
3484,0,0,0
3485,0,0,0
3486,0,0,0
3487,0,0,0
3488,0,0,0
3489,0,0,0
3490,0,0,0
3491,0,0,0
3492,0,0,0
3493,0,0,0
3494,0,0,0
3495,0,0,0
3496,0,0,0
3497,0,0,0
3498,0,0,0
3499,0,0,0
3500,0,0,0
3501,0,0,0
3502,0,0,0
3503,0,0,0
3504,0,0,0
3505,0,0,0
3506,0,0,0
3507,0,0,0
3508,0,0,0
3509,0,0,0
3510,0,0,0
3511,0,0,0
3512,0,0,0
3513,0,0,0
3514,0,0,0
3515,0,0,0
3516,0,0,0
3517,0,0,0
3518,0,0,0
3519,0,0,0
3520,0,0,0
3521,0,0,0
3522,0,0,0
3523,0,0,0
3524,0,0,0
3525,0,0,0
3526,0,0,0
3527,0,0,0
3528,0,0,0
3529,0,0,0
3530,0,0,0
3531,0,0,0
3532,0,0,0
3533,0,0,0
3534,0,0,0
3535,0,0,0
3536,0,0,0
3537,0,0,0
3538,0,0,0
3539,0,0,0
3540,0,0,0
3541,0,0,0
3542,0,0,0
3543,0,0,0
3544,0,0,0
3545,0,0,0
3546,0,0,0
3547,0,0,0
3548,0,0,0
3549,0,0,0
3550,0,0,0
3551,0,0,0
3552,0,0,0
3553,0,0,0
3554,0,0,0
3555,0,0,0
3556,0,0,0
3557,0,0,0
3558,0,0,0
3559,0,0,0
3560,0,0,0
3561,0,0,0
3562,0,0,0
3563,0,0,0
3564,0,0,0
3565,0,0,0
3566,0,0,0
3567,0,0,0
3568,0,0,0
3569,0,0,0
3570,0,0,0
3571,0,0,0
3572,0,0,0
3573,0,0,0
3574,0,0,0
3575,0,0,0
3576,0,0,0
3577,0,0,0
3578,0,0,0
3579,0,0,0
3580,0,0,0
3581,0,0,0
3582,0,0,0
3583,0,0,0
3584,0,0,0
3585,0,0,0
3586,0,0,0
3587,0,0,0
3588,0,0,0
3589,0,0,0
3590,0,0,0
3591,0,0,0
3592,0,0,0
3593,0,0,0
3594,0,0,0
3595,0,0,0
3596,0,0,0
3597,0,0,0
3598,0,0,0
3599,0,0,0
3600,0,0,0
3601,0,0,0
3602,0,0,0
3603,0,0,0
3604,0,0,0
3605,0,0,0
3606,0,0,0
3607,0,0,0
3608,0,0,0
3609,0,0,0
3610,0,0,0
3611,0,0,0
3612,0,0,0
3613,0,0,0
3614,0,0,0
3615,0,0,0
3616,0,0,0
3617,0,0,0
3618,0,0,0
3619,0,0,0
3620,0,0,0
3621,0,0,0
3622,0,0,0
3623,0,0,0
3624,0,0,0
3625,0,0,0
3626,0,0,0
3627,0,0,0
3628,0,0,0
3629,0,0,0
3630,0,0,0
3631,0,0,0
3632,0,0,0
3633,0,0,0
3634,0,0,0
3635,0,0,0
3636,0,0,0
3637,0,0,0
3638,0,0,0
3639,0,0,0
3640,0,0,0
3641,0,0,0
3642,0,0,0
3643,0,0,0
3644,0,0,0
3645,0,0,0
3646,0,0,0
3647,0,0,0
3648,0,0,0
3649,0,0,0
3650,0,0,0
3651,0,0,0
3652,0,0,0
3653,0,0,0
3654,0,0,0
3655,0,0,0
3656,0,0,0
3657,0,0,0
3658,0,0,0
3659,0,0,0
3660,0,0,0
3661,0,0,0
3662,0,0,0
3663,0,0,0
3664,0,0,0
3665,0,0,0
3666,0,0,0
3667,0,0,0
3668,0,0,0
3669,0,0,0
3670,0,0,0
3671,0,0,0
3672,0,0,0
3673,0,0,0
3674,0,0,0
3675,0,0,0
3676,0,0,0
3677,0,0,0
3678,0,0,0
3679,0,0,0
3680,0,0,0
3681,0,0,0
3682,0,0,0
3683,0,0,0
3684,0,0,0
3685,0,0,0
3686,0,0,0
3687,0,0,0
3688,0,0,0
3689,0,0,0
3690,0,0,0
3691,0,0,0
3692,0,0,0
3693,0,0,0
3694,0,0,0
3695,0,0,0
3696,0,0,0
3697,0,0,0
3698,0,0,0
3699,0,0,0
3700,0,0,0
3701,0,0,0
3702,0,0,0
3703,0,0,0
3704,0,0,0
3705,0,0,0
3706,0,0,0
3707,0,0,0
3708,0,0,0
3709,0,0,0
3710,0,0,0
3711,0,0,0
3712,0,0,0
3713,0,0,0
3714,0,0,0
3715,0,0,0
3716,0,0,0
3717,0,0,0
3718,0,0,0
3719,0,0,0
3720,0,0,0
3721,0,0,0
3722,0,0,0
3723,0,0,0
3724,0,0,0
3725,0,0,0
3726,0,0,0
3727,0,0,0
3728,0,0,0
3729,0,0,0
3730,0,0,0
3731,0,0,0
3732,0,0,0
3733,0,0,0
3734,0,0,0
3735,0,0,0
3736,0,0,0
3737,0,0,0
3738,0,0,0
3739,0,0,0
3740,0,0,0
3741,0,0,0
3742,0,0,0
3743,0,0,0
3744,0,0,0
3745,0,0,0
3746,0,0,0
3747,0,0,0
3748,1,0,1
3749,1,0,1
3750,1,0,1
3751,1,0,1
3752,1,0,1
3753,1,0,1
3754,1,0,1
3755,1,0,1
3756,1,0,1
3757,1,0,1
3758,1,0,1
3759,1,0,1
3760,1,0,1
3761,1,0,1
3762,1,0,1
3763,1,0,1
3764,1,0,1
3765,1,0,1
3766,1,0,1
3767,1,0,1
3768,1,0,1
3769,1,0,1
3770,1,0,1
3771,1,0,1
3772,1,0,1
3773,1,0,1
3774,1,0,1
3775,1,0,1
3776,1,0,1
3777,1,0,1
3778,1,0,1
3779,1,0,1
3780,1,0,1
3781,1,0,1
3782,1,0,1
3783,1,0,1
3784,1,0,1
3785,1,0,1
3786,1,0,1
3787,1,0,1
3788,1,0,1
3789,1,0,1
3790,1,0,1
3791,1,0,1
3792,1,0,1
3793,2,0,2
3794,2,0,2
3795,2,0,2
3796,2,0,2
3797,2,0,2
3798,2,0,2
3799,2,0,2
3800,2,0,2
3801,2,0,2
3802,2,0,2
3803,2,0,2
3804,2,0,2
3805,2,0,2
3806,2,0,2
3807,2,0,2
3808,2,0,2
3809,2,0,2
3810,1,0,1
3811,1,0,1
3812,1,0,1
3813,1,0,1
3814,1,0,1
3815,1,0,1
3816,1,0,1
3817,1,0,1
3818,1,0,1
3819,1,0,1
3820,1,0,1
3821,1,0,1
3822,1,0,1
3823,1,0,1
3824,1,0,1
3825,1,0,1
3826,1,0,1
3827,1,0,1
3828,1,0,1
3829,1,0,1
3830,1,0,1
3831,1,0,1
3832,1,0,1
3833,1,0,1
3834,1,0,1
3835,1,0,1
3836,1,0,1
3837,1,0,1
3838,1,0,1
3839,1,0,1
3840,1,0,1
3841,1,0,1
3842,1,0,1
3843,1,0,1
3844,1,0,1
3845,1,0,1
3846,1,0,1
3847,1,0,1
3848,1,0,1
3849,1,0,1
3850,1,0,1
3851,1,0,1
3852,1,0,1
3853,1,0,1
3854,1,0,1
3855,1,0,1
3856,1,0,1
3857,1,0,1
3858,1,0,1
3859,1,0,1
3860,1,0,1
3861,1,0,1
3862,1,0,1
3863,1,0,1
3864,1,0,1
3865,1,0,1
3866,1,0,1
3867,1,0,1
3868,1,0,1
3869,1,0,1
3870,1,0,1
3871,1,0,1
3872,1,0,1
3873,1,0,1
3874,1,0,1
3875,1,0,1
3876,1,0,1
3877,1,0,1
3878,1,0,1
3879,1,0,1
3880,1,0,1
3881,1,0,1
3882,1,0,1
3883,1,0,1
3884,1,0,1
3885,1,0,1
3886,1,0,1
3887,1,0,1
3888,1,0,1
3889,1,0,1
3890,1,0,1
3891,1,0,1
3892,1,0,1
3893,1,0,1
3894,1,0,1
3895,1,0,1
3896,1,0,1
3897,1,0,1
3898,1,0,1
3899,1,0,1
3900,1,0,1
3901,1,0,1
3902,1,0,1
3903,1,0,1
3904,1,0,1
3905,1,0,1
3906,1,0,1
3907,1,0,1
3908,1,0,1
3909,1,0,1
3910,1,0,1
3911,1,0,1
3912,1,0,1
3913,1,0,1
3914,1,0,1
3915,1,0,1
3916,1,0,1
3917,1,0,1
3918,1,0,1
3919,1,0,1
3920,1,0,1
3921,1,0,1
3922,1,0,1
3923,1,0,1
3924,1,0,1
3925,1,0,1
3926,1,0,1
3927,1,0,1
3928,1,0,1
3929,1,0,1
3930,1,0,1
3931,1,0,1
3932,1,0,1
3933,1,0,1
3934,1,0,1
3935,1,0,1
3936,1,0,1
3937,1,0,1
3938,1,0,1
3939,0,0,0
3940,0,0,0
3941,0,0,0
3942,0,0,0
3943,0,0,0
3944,0,0,0
3945,0,0,0
3946,0,0,0
3947,0,0,0
3948,0,0,0
3949,0,0,0
3950,0,0,0
3951,0,0,0
3952,0,0,0
3953,0,0,0
3954,0,0,0
3955,0,0,0
3956,0,0,0
3957,0,0,0
3958,0,0,0
3959,0,0,0
3960,0,0,0
3961,0,0,0
3962,0,0,0
3963,0,0,0
3964,0,0,0
3965,0,0,0
3966,0,0,0
3967,0,0,0
3968,0,0,0
3969,0,0,0
3970,0,0,0
3971,0,0,0
3972,0,0,0
3973,0,0,0
3974,0,0,0
3975,0,0,0
3976,0,0,0
3977,0,0,0
3978,0,0,0
3979,0,0,0
3980,0,0,0
3981,0,0,0
3982,0,0,0
3983,0,0,0
3984,0,0,0
3985,0,0,0
3986,0,0,0
3987,0,0,0
3988,0,0,0
3989,0,0,0
3990,0,0,0
3991,0,0,0
3992,0,0,0
3993,0,0,0
3994,1,0,1
3995,1,0,1
3996,1,0,1
3997,1,0,1
3998,1,0,1
3999,1,0,1
4000,1,0,1
4001,1,0,1
4002,1,0,1
4003,1,0,1
4004,1,0,1
4005,1,0,1
4006,1,0,1
4007,1,0,1
4008,1,0,1
4009,1,0,1
4010,1,0,1
4011,1,0,1
4012,1,0,1
4013,1,0,1
4014,1,0,1
4015,1,0,1
4016,1,0,1
4017,1,0,1
4018,1,0,1
4019,1,0,1
4020,1,0,1
4021,1,0,1
4022,1,0,1
4023,1,0,1
4024,1,0,1
4025,1,0,1
4026,1,0,1
4027,1,0,1
4028,1,0,1
4029,1,0,1
4030,1,0,1
4031,1,0,1
4032,1,0,1
4033,1,0,1
4034,1,0,1
4035,1,0,1
4036,1,0,1
4037,1,0,1
4038,1,0,1
4039,1,0,1
4040,1,0,1
4041,1,0,1
4042,1,0,1
4043,1,0,1
4044,1,0,1
4045,1,0,1
4046,1,0,1
4047,1,0,1
4048,1,0,1
4049,1,0,1
4050,1,0,1
4051,1,0,1
4052,1,0,1
4053,1,0,1
4054,1,0,1
4055,1,0,1
4056,1,0,1
4057,1,0,1
4058,1,0,1
4059,1,0,1
4060,1,0,1
4061,1,0,1
4062,1,0,1
4063,1,0,1
4064,1,0,1
4065,1,0,1
4066,1,0,1
4067,1,0,1
4068,1,0,1
4069,1,0,1
4070,1,0,1
4071,1,0,1
4072,1,0,1
4073,1,0,1
4074,1,0,1
4075,1,0,1
4076,1,0,1
4077,1,0,1
4078,2,0,2
4079,2,0,2
4080,2,0,2
4081,2,0,2
4082,2,0,2
4083,2,0,2
4084,2,0,2
4085,2,0,2
4086,2,0,2
4087,2,0,2
4088,2,0,2
4089,1,0,1
4090,1,0,1
4091,1,0,1
4092,1,0,1
4093,1,0,1
4094,1,0,1
4095,1,0,1
4096,1,0,1
4097,1,0,1
4098,1,0,1
4099,1,0,1
4100,1,0,1
4101,1,0,1
4102,1,0,1
4103,1,0,1
4104,1,0,1
4105,1,0,1
4106,1,0,1
4107,1,0,1
4108,1,0,1
4109,1,0,1
4110,1,0,1
4111,1,0,1
4112,1,0,1
4113,1,0,1
4114,1,0,1
4115,1,0,1
4116,1,0,1
4117,1,0,1
4118,1,0,1
4119,1,0,1
4120,1,0,1
4121,2,0,2
4122,2,0,2
4123,2,0,2
4124,2,0,2
4125,2,0,2
4126,2,0,2
4127,2,0,2
4128,2,0,2
4129,2,0,2
4130,2,0,2
4131,2,0,2
4132,2,0,2
4133,2,0,2
4134,2,0,2
4135,2,0,2
4136,2,0,2
4137,2,0,2
4138,2,0,2
4139,2,0,2
4140,2,0,2
4141,2,0,2
4142,2,0,2
4143,2,0,2
4144,1,0,1
4145,1,0,1
4146,1,0,1
4147,1,0,1
4148,1,0,1
4149,1,0,1
4150,1,0,1
4151,1,0,1
4152,1,0,1
4153,1,0,1
4154,1,0,1
4155,1,0,1
4156,1,0,1
4157,1,0,1
4158,1,0,1
4159,1,0,1
4160,1,0,1
4161,1,0,1
4162,1,0,1
4163,1,0,1
4164,1,0,1
4165,1,0,1
4166,1,0,1
4167,1,0,1
4168,1,0,1
4169,1,0,1
4170,2,0,2
4171,2,0,2
4172,2,0,2
4173,2,0,2
4174,2,0,2
4175,2,0,2
4176,2,0,2
4177,2,0,2
4178,2,0,2
4179,2,0,2
4180,2,0,2
4181,2,0,2
4182,2,0,2
4183,2,0,2
4184,2,0,2
4185,2,0,2
4186,1,0,1
4187,1,0,1
4188,1,0,1
4189,1,0,1
4190,1,0,1
4191,1,0,1
4192,1,0,1
4193,1,0,1
4194,1,0,1
4195,1,0,1
4196,1,0,1
4197,1,0,1
4198,1,0,1
4199,1,0,1
4200,1,0,1
4201,1,0,1
4202,1,0,1
4203,1,0,1
4204,1,0,1
4205,1,0,1
4206,1,0,1
4207,1,0,1
4208,1,0,1
4209,1,0,1
4210,1,0,1
4211,1,0,1
4212,1,0,1
4213,1,0,1
4214,1,0,1
4215,1,0,1
4216,1,0,1
4217,1,0,1
4218,1,0,1
4219,1,0,1
4220,1,0,1
4221,2,0,2
4222,2,0,2
4223,2,0,2
4224,2,0,2
4225,2,0,2
4226,2,0,2
4227,2,0,2
4228,2,0,2
4229,2,0,2
4230,2,0,2
4231,2,0,2
4232,2,0,2
4233,2,0,2
4234,2,0,2
4235,2,0,2
4236,2,0,2
4237,2,0,2
4238,2,0,2
4239,2,0,2
4240,2,0,2
4241,2,0,2
4242,2,0,2
4243,1,0,1
4244,1,0,1
4245,1,0,1
4246,1,0,1
4247,1,0,1
4248,1,0,1
4249,1,0,1
4250,1,0,1
4251,1,0,1
4252,1,0,1
4253,1,0,1
4254,1,0,1
4255,1,0,1
4256,1,0,1
4257,1,0,1
4258,1,0,1
4259,1,0,1
4260,1,0,1
4261,1,0,1
4262,1,0,1
4263,1,0,1
4264,1,0,1
4265,1,0,1
4266,1,0,1
4267,1,0,1
4268,1,0,1
4269,1,0,1
4270,1,0,1
4271,1,0,1
4272,1,0,1
4273,1,0,1
4274,1,0,1
4275,1,0,1
4276,1,0,1
4277,1,0,1
4278,1,0,1
4279,1,0,1
4280,1,0,1
4281,1,0,1
4282,1,0,1
4283,1,0,1
4284,1,0,1
4285,1,0,1
4286,1,0,1
4287,1,0,1
4288,1,0,1
4289,1,0,1
4290,1,0,1
4291,1,0,1
4292,1,0,1
4293,1,0,1
4294,1,0,1
4295,1,0,1
4296,1,0,1
4297,1,0,1
4298,1,0,1
4299,1,0,1
4300,1,0,1
4301,1,0,1
4302,1,0,1
4303,1,0,1
4304,1,0,1
4305,1,0,1
4306,1,0,1
4307,1,0,1
4308,1,0,1
4309,1,0,1
4310,2,0,2
4311,2,0,2
4312,2,0,2
4313,2,0,2
4314,2,0,2
4315,2,0,2
4316,2,0,2
4317,2,0,2
4318,2,0,2
4319,2,0,2
4320,2,0,2
4321,2,0,2
4322,2,0,2
4323,3,0,3
4324,3,0,3
4325,3,0,3
4326,3,0,3
4327,3,0,3
4328,3,0,3
4329,3,0,3
4330,3,0,3
4331,3,0,3
4332,3,0,3
4333,3,0,3
4334,3,0,3
4335,3,0,3
4336,3,0,3
4337,2,0,2
4338,2,0,2
4339,2,0,2
4340,2,0,2
4341,2,0,2
4342,3,0,3
4343,3,0,3
4344,3,0,3
4345,3,0,3
4346,3,0,3
4347,3,0,3
4348,3,0,3
4349,3,0,3
4350,3,0,3
4351,3,0,3
4352,3,0,3
4353,3,0,3
4354,3,0,3
4355,4,0,4
4356,4,0,4
4357,4,0,4
4358,4,0,4
4359,4,0,4
4360,3,0,3
4361,3,0,3
4362,3,0,3
4363,3,0,3
4364,3,0,3
4365,3,0,3
4366,4,0,4
4367,4,0,4
4368,4,0,4
4369,4,0,4
4370,4,0,4
4371,4,0,4
4372,4,0,4
4373,4,0,4
4374,4,0,4
4375,4,0,4
4376,4,0,4
4377,4,0,4
4378,4,0,4
4379,4,0,4
4380,4,0,4
4381,4,0,4
4382,4,0,4
4383,4,0,4
4384,4,0,4
4385,4,0,4
4386,4,0,4
4387,4,0,4
4388,4,0,4
4389,4,0,4
4390,4,0,4
4391,4,0,4
4392,5,0,5
4393,5,0,5
4394,5,0,5
4395,5,0,5
4396,5,0,5
4397,5,0,5
4398,5,0,5
4399,5,0,5
4400,5,0,5
4401,5,0,5
4402,5,0,5
4403,5,0,5
4404,5,0,5
4405,4,0,4
4406,4,0,4
4407,4,0,4
4408,4,0,4
4409,4,0,4
4410,4,0,4
4411,4,0,4
4412,4,0,4
4413,4,0,4
4414,4,0,4
4415,4,0,4
4416,3,0,3
4417,3,0,3
4418,4,0,4
4419,4,0,4
4420,4,0,4
4421,4,0,4
4422,4,0,4
4423,4,0,4
4424,4,0,4
4425,4,0,4
4426,4,0,4
4427,4,0,4
4428,4,0,4
4429,4,0,4
4430,4,0,4
4431,4,0,4
4432,4,0,4
4433,4,0,4
4434,4,0,4
4435,4,0,4
4436,4,0,4
4437,4,0,4
4438,4,0,4
4439,4,0,4
4440,4,0,4
4441,4,0,4
4442,4,0,4
4443,4,0,4
4444,4,0,4
4445,4,0,4
4446,4,0,4
4447,4,0,4
4448,4,0,4
4449,4,0,4
4450,4,0,4
4451,4,0,4
4452,4,0,4
4453,4,0,4
4454,4,0,4
4455,4,0,4
4456,4,0,4
4457,4,0,4
4458,4,0,4
4459,4,0,4
4460,4,0,4
4461,4,0,4
4462,4,0,4
4463,4,0,4
4464,4,0,4
4465,4,0,4
4466,4,0,4
4467,4,0,4
4468,4,0,4
4469,4,0,4
4470,4,0,4
4471,4,0,4
4472,4,0,4
4473,4,0,4
4474,4,0,4
4475,4,0,4
4476,4,0,4
4477,4,0,4
4478,4,0,4
4479,4,0,4
4480,4,0,4
4481,4,0,4
4482,4,0,4
4483,3,0,3
4484,3,0,3
4485,3,0,3
4486,3,0,3
4487,3,0,3
4488,3,0,3
4489,3,0,3
4490,3,0,3
4491,3,0,3
4492,3,0,3
4493,3,0,3
4494,3,0,3
4495,3,0,3
4496,3,0,3
4497,3,0,3
4498,3,0,3
4499,3,0,3
4500,3,0,3
4501,3,0,3
4502,3,0,3
4503,3,0,3
4504,3,0,3
4505,3,0,3
4506,3,0,3
4507,3,0,3
4508,3,0,3
4509,3,0,3
4510,3,0,3
4511,3,0,3
4512,3,0,3
4513,3,0,3
4514,3,0,3
4515,3,0,3
4516,3,0,3
4517,3,0,3
4518,3,0,3
4519,3,0,3
4520,3,0,3
4521,3,0,3
4522,3,0,3
4523,3,0,3
4524,3,0,3
4525,3,0,3
4526,3,0,3
4527,3,0,3
4528,3,0,3
4529,3,0,3
4530,3,0,3
4531,3,0,3
4532,3,0,3
4533,3,0,3
4534,3,0,3
4535,3,0,3
4536,3,0,3
4537,3,0,3
4538,3,0,3
4539,3,0,3
4540,3,0,3
4541,3,0,3
4542,3,0,3
4543,3,0,3
4544,3,0,3
4545,3,0,3
4546,3,0,3
4547,3,0,3
4548,3,0,3
4549,3,0,3
4550,3,0,3
4551,3,0,3
4552,3,0,3
4553,3,0,3
4554,3,0,3
4555,3,0,3
4556,3,0,3
4557,3,0,3
4558,3,0,3
4559,3,0,3
4560,3,0,3
4561,3,0,3
4562,3,0,3
4563,3,0,3
4564,3,0,3
4565,3,0,3
4566,3,0,3
4567,3,0,3
4568,3,0,3
4569,3,0,3
4570,3,0,3
4571,3,0,3
4572,3,0,3
4573,3,0,3
4574,3,0,3
4575,3,0,3
4576,3,0,3
4577,3,0,3
4578,3,0,3
4579,3,0,3
4580,3,0,3
4581,3,0,3
4582,3,0,3
4583,3,0,3
4584,3,0,3
4585,2,0,2
4586,3,0,3
4587,3,0,3
4588,3,0,3
4589,3,0,3
4590,3,0,3
4591,3,0,3
4592,3,0,3
4593,3,0,3
4594,4,0,4
4595,4,0,4
4596,4,0,4
4597,4,0,4
4598,4,0,4
4599,4,0,4
4600,4,0,4
4601,4,0,4
4602,4,0,4
4603,4,0,4
4604,4,0,4
4605,4,0,4
4606,4,0,4
4607,4,0,4
4608,4,0,4
4609,4,0,4
4610,4,0,4
4611,4,0,4
4612,4,0,4
4613,4,0,4
4614,4,0,4
4615,4,0,4
4616,4,0,4
4617,4,0,4
4618,4,0,4
4619,4,0,4
4620,4,0,4
4621,4,0,4
4622,4,0,4
4623,4,0,4
4624,4,0,4
4625,4,0,4
4626,4,0,4
4627,4,0,4
4628,4,0,4
4629,4,0,4
4630,4,0,4
4631,4,0,4
4632,4,0,4
4633,4,0,4
4634,4,0,4
4635,4,0,4
4636,4,0,4
4637,4,0,4
4638,4,0,4
4639,4,0,4
4640,4,0,4
4641,4,0,4
4642,4,0,4
4643,4,0,4
4644,4,0,4
4645,4,0,4
4646,4,0,4
4647,4,0,4
4648,4,0,4
4649,4,0,4
4650,4,0,4
4651,4,0,4
4652,4,0,4
4653,4,0,4
4654,4,0,4
4655,4,0,4
4656,4,0,4
4657,4,0,4
4658,4,0,4
4659,4,0,4
4660,4,0,4
4661,4,0,4
4662,4,0,4
4663,4,0,4
4664,4,0,4
4665,4,0,4
4666,4,0,4
4667,4,0,4
4668,4,0,4
4669,5,0,5
4670,5,0,5
4671,4,1,5
4672,4,1,5
4673,4,1,5
4674,4,1,5
4675,4,1,5
4676,4,1,5
4677,4,1,5
4678,4,1,5
4679,5,1,6
4680,5,1,6
4681,5,1,6
4682,5,1,6
4683,5,1,6
4684,5,1,6
4685,5,1,6
4686,5,1,6
4687,5,1,6
4688,5,1,6
4689,5,1,6
4690,5,1,6
4691,5,1,6
4692,5,1,6
4693,5,1,6
4694,5,1,6
4695,6,0,6
4696,6,0,6
4697,6,0,6
4698,6,0,6
4699,6,0,6
4700,6,0,6
4701,6,0,6
4702,6,0,6
4703,5,0,5
4704,5,0,5
4705,5,0,5
4706,6,0,6
4707,5,0,5
4708,5,0,5
4709,5,0,5
4710,5,0,5
4711,5,0,5
4712,5,0,5
4713,5,0,5
4714,5,0,5
4715,5,0,5
4716,5,0,5
4717,5,0,5
4718,5,0,5
4719,5,0,5
4720,5,0,5
4721,5,0,5
4722,5,0,5
4723,5,0,5
4724,5,0,5
4725,4,0,4
4726,4,0,4
4727,5,0,5
4728,5,0,5
4729,5,0,5
4730,5,0,5
4731,5,0,5
4732,5,0,5
4733,5,0,5
4734,5,0,5
4735,5,0,5
4736,5,0,5
4737,5,0,5
4738,5,0,5
4739,5,0,5
4740,5,0,5
4741,5,0,5
4742,5,0,5
4743,5,0,5
4744,5,0,5
4745,5,0,5
4746,5,0,5
4747,5,0,5
4748,5,0,5
4749,5,0,5
4750,5,0,5
4751,5,0,5
4752,5,0,5
4753,5,0,5
4754,5,0,5
4755,5,0,5
4756,5,0,5
4757,5,0,5
4758,5,0,5
4759,5,0,5
4760,4,0,4
4761,4,0,4
4762,3,0,3
4763,2,0,2
4764,2,0,2
4765,2,0,2
4766,2,0,2
4767,2,0,2
4768,2,0,2
4769,2,0,2
4770,2,0,2
4771,2,0,2
4772,2,0,2
4773,2,0,2
4774,2,0,2
4775,2,0,2
4776,2,0,2
4777,2,0,2
4778,2,0,2
4779,2,0,2
4780,2,0,2
4781,2,0,2
4782,2,0,2
4783,2,0,2
4784,2,0,2
4785,2,0,2
4786,2,0,2
4787,2,0,2
4788,2,0,2
4789,2,0,2
4790,2,0,2
4791,2,0,2
4792,2,0,2
4793,2,0,2
4794,2,0,2
4795,2,0,2
4796,2,0,2
4797,2,0,2
4798,2,0,2
4799,2,0,2
4800,2,0,2
4801,2,0,2
4802,2,0,2
4803,2,0,2
4804,2,0,2
4805,2,0,2
4806,2,0,2
4807,2,0,2
4808,2,0,2
4809,2,0,2
4810,2,0,2
4811,2,0,2
4812,2,0,2
4813,2,0,2
4814,2,0,2
4815,2,0,2
4816,2,0,2
4817,2,0,2
4818,2,0,2
4819,2,0,2
4820,2,0,2
4821,2,0,2
4822,2,0,2
4823,2,0,2
4824,2,0,2
4825,2,0,2
4826,2,0,2
4827,2,0,2
4828,2,0,2
4829,2,0,2
4830,2,0,2
4831,2,0,2
4832,2,0,2
4833,2,0,2
4834,2,0,2
4835,2,0,2
4836,2,0,2
4837,2,0,2
4838,2,0,2
4839,3,0,3
4840,3,0,3
4841,3,0,3
4842,3,0,3
4843,3,0,3
4844,3,0,3
4845,3,0,3
4846,3,0,3
4847,3,0,3
4848,3,0,3
4849,3,0,3
4850,3,0,3
4851,3,0,3
4852,3,0,3
4853,3,0,3
4854,3,0,3
4855,3,0,3
4856,3,0,3
4857,3,0,3
4858,3,0,3
4859,3,0,3
4860,3,0,3
4861,3,0,3
4862,3,0,3
4863,3,0,3
4864,3,0,3
4865,3,0,3
4866,3,0,3
4867,3,0,3
4868,3,0,3
4869,3,0,3
4870,3,0,3
4871,3,0,3
4872,3,0,3
4873,3,0,3
4874,3,0,3
4875,3,0,3
4876,3,0,3
4877,3,0,3
4878,3,0,3
4879,3,0,3
4880,3,0,3
4881,3,0,3
4882,3,0,3
4883,3,0,3
4884,3,0,3
4885,3,0,3
4886,3,0,3
4887,3,0,3
4888,3,0,3
4889,3,0,3
4890,3,0,3
4891,3,0,3
4892,3,0,3
4893,3,0,3
4894,3,0,3
4895,3,0,3
4896,3,0,3
4897,3,0,3
4898,3,0,3
4899,3,0,3
4900,3,0,3
4901,3,0,3
4902,3,0,3
4903,3,0,3
4904,3,0,3
4905,3,0,3
4906,3,0,3
4907,3,0,3
4908,3,0,3
4909,3,0,3
4910,3,0,3
4911,3,0,3
4912,3,0,3
4913,3,0,3
4914,3,0,3
4915,3,0,3
4916,3,0,3
4917,3,0,3
4918,3,0,3
4919,3,0,3
4920,3,0,3
4921,3,0,3
4922,3,0,3
4923,3,0,3
4924,3,0,3
4925,3,0,3
4926,3,0,3
4927,3,0,3
4928,3,0,3
4929,3,0,3
4930,3,0,3
4931,3,0,3
4932,3,0,3
4933,3,0,3
4934,3,0,3
4935,3,0,3
4936,3,0,3
4937,3,0,3
4938,3,0,3
4939,3,0,3
4940,3,0,3
4941,3,0,3
4942,3,0,3
4943,3,0,3
4944,3,0,3
4945,3,0,3
4946,3,0,3
4947,3,0,3
4948,3,0,3
4949,3,0,3
4950,3,0,3
4951,3,0,3
4952,3,0,3
4953,3,0,3
4954,3,0,3
4955,3,0,3
4956,3,0,3
4957,3,0,3
4958,3,0,3
4959,3,0,3
4960,3,0,3
4961,3,0,3
4962,3,0,3
4963,3,0,3
4964,3,0,3
4965,3,0,3
4966,3,0,3
4967,3,0,3
4968,3,0,3
4969,3,0,3
4970,3,0,3
4971,3,0,3
4972,3,0,3
4973,3,0,3
4974,3,0,3
4975,3,0,3
4976,3,0,3
4977,3,0,3
4978,3,0,3
4979,3,0,3
4980,3,0,3
4981,3,0,3
4982,3,0,3
4983,3,0,3
4984,3,0,3
4985,3,0,3
4986,3,0,3
4987,3,0,3
4988,3,0,3
4989,3,0,3
4990,3,0,3
4991,3,0,3
4992,3,0,3
4993,3,0,3
4994,3,0,3
4995,3,0,3
4996,3,0,3
4997,3,0,3
4998,3,0,3
4999,3,0,3
5000,3,0,3
5001,3,0,3
5002,2,0,2
5003,2,0,2
5004,2,0,2
5005,2,0,2
5006,2,0,2
5007,2,0,2
5008,2,0,2
5009,2,0,2
5010,2,0,2
5011,2,0,2
5012,2,0,2
5013,2,0,2
5014,2,0,2
5015,2,0,2
5016,1,0,1
5017,1,0,1
5018,1,0,1
5019,1,0,1
5020,1,0,1
5021,1,0,1
5022,1,0,1
5023,1,0,1
5024,1,0,1
5025,1,0,1
5026,1,0,1
5027,1,0,1
5028,1,0,1
5029,1,0,1
5030,1,0,1
5031,1,0,1
5032,1,0,1
5033,1,0,1
5034,1,0,1
5035,1,0,1
5036,1,0,1
5037,1,0,1
5038,1,0,1
5039,1,0,1
5040,1,0,1
5041,1,0,1
5042,1,0,1
5043,1,0,1
5044,1,0,1
5045,1,0,1
5046,1,0,1
5047,1,0,1
5048,1,0,1
5049,1,0,1
5050,1,0,1
5051,1,0,1
5052,1,0,1
5053,1,0,1
5054,1,0,1
5055,1,0,1
5056,1,0,1
5057,1,0,1
5058,1,0,1
5059,1,0,1
5060,1,0,1
5061,1,0,1
5062,1,0,1
5063,1,0,1
5064,1,0,1
5065,1,0,1
5066,1,0,1
5067,1,0,1
5068,1,0,1
5069,1,0,1
5070,1,0,1
5071,1,0,1
5072,1,0,1
5073,1,0,1
5074,1,0,1
5075,1,0,1
5076,1,0,1
5077,1,0,1
5078,1,0,1
5079,1,0,1
5080,1,0,1
5081,1,0,1
5082,1,0,1
5083,1,0,1
5084,1,0,1
5085,1,0,1
5086,1,0,1
5087,0,0,0
5088,0,0,0
5089,0,0,0
5090,0,0,0
5091,0,0,0
5092,0,0,0
5093,0,0,0
5094,0,0,0
5095,0,0,0
5096,0,0,0
5097,0,0,0
5098,0,0,0
5099,0,0,0
5100,0,0,0
5101,0,0,0
5102,0,0,0
5103,0,0,0
5104,0,0,0
5105,0,0,0
5106,0,0,0
5107,0,0,0
5108,0,0,0
5109,0,0,0
5110,0,0,0
5111,0,0,0
5112,0,0,0
5113,0,0,0
5114,0,0,0
5115,0,0,0
5116,0,0,0
5117,0,0,0
5118,0,0,0
5119,0,0,0
5120,0,0,0
5121,0,0,0
5122,0,0,0
5123,0,0,0
5124,0,0,0
5125,0,0,0
5126,0,0,0
5127,0,0,0
5128,0,0,0
5129,0,0,0
5130,0,0,0
5131,0,0,0
5132,0,0,0
5133,0,0,0
5134,0,0,0
5135,0,0,0
5136,0,0,0
5137,0,0,0
5138,0,0,0
5139,0,0,0
5140,0,0,0
5141,0,0,0
5142,0,0,0
5143,0,0,0
5144,0,0,0
5145,0,0,0
5146,0,0,0
5147,0,0,0
5148,0,0,0
5149,0,0,0
5150,0,0,0
5151,0,0,0
5152,0,0,0
5153,0,0,0
5154,0,0,0
5155,0,0,0
5156,0,0,0
5157,0,0,0
5158,0,0,0
5159,0,0,0
5160,0,0,0
5161,0,0,0
5162,0,0,0
5163,0,0,0
5164,0,0,0
5165,0,0,0
5166,0,0,0
5167,1,0,1
5168,1,0,1
5169,1,0,1
5170,1,0,1
5171,1,0,1
5172,1,0,1
5173,1,0,1
5174,1,0,1
5175,1,0,1
5176,1,0,1
5177,1,0,1
5178,1,0,1
5179,1,0,1
5180,1,0,1
5181,1,0,1
5182,1,0,1
5183,1,0,1
5184,1,0,1
5185,1,0,1
5186,1,0,1
5187,1,0,1
5188,1,0,1
5189,1,0,1
5190,1,0,1
5191,1,0,1
5192,1,0,1
5193,1,0,1
5194,1,0,1
5195,1,0,1
5196,1,0,1
5197,1,0,1
5198,2,0,2
5199,2,0,2
5200,2,0,2
5201,2,0,2
5202,2,0,2
5203,2,0,2
5204,2,0,2
5205,2,0,2
5206,2,0,2
5207,2,0,2
5208,2,0,2
5209,2,0,2
5210,2,0,2
5211,2,0,2
5212,2,0,2
5213,1,0,1
5214,1,0,1
5215,1,0,1
5216,1,0,1
5217,1,0,1
5218,1,0,1
5219,1,0,1
5220,1,0,1
5221,1,0,1
5222,1,0,1
5223,1,0,1
5224,1,0,1
5225,1,0,1
5226,1,0,1
5227,1,0,1
5228,1,0,1
5229,1,0,1
5230,1,0,1
5231,1,0,1
5232,1,0,1
5233,1,0,1
5234,1,0,1
5235,1,0,1
5236,1,0,1
5237,1,0,1
5238,1,0,1
5239,1,0,1
5240,1,0,1
5241,1,0,1
5242,1,0,1
5243,1,0,1
5244,1,0,1
5245,1,0,1
5246,1,0,1
5247,1,0,1
5248,1,0,1
5249,1,0,1
5250,1,0,1
5251,1,0,1
5252,1,0,1
5253,1,0,1
5254,1,0,1
5255,1,0,1
5256,1,0,1
5257,1,0,1
5258,1,0,1
5259,1,0,1
5260,1,0,1
5261,1,0,1
5262,1,0,1
5263,1,0,1
5264,1,0,1
5265,1,0,1
5266,1,0,1
5267,1,0,1
5268,1,0,1
5269,1,0,1
5270,1,0,1
5271,1,0,1
5272,1,0,1
5273,1,0,1
5274,1,0,1
5275,1,0,1
5276,1,0,1
5277,1,0,1
5278,1,0,1
5279,1,0,1
5280,1,0,1
5281,1,0,1
5282,1,0,1
5283,1,0,1
5284,1,0,1
5285,1,0,1
5286,1,0,1
5287,1,0,1
5288,1,0,1
5289,1,0,1
5290,1,0,1
5291,1,0,1
5292,1,0,1
5293,1,0,1
5294,1,0,1
5295,1,0,1
5296,1,0,1
5297,1,0,1
5298,1,0,1
5299,1,0,1
5300,1,0,1
5301,1,0,1
5302,1,0,1
5303,1,0,1
5304,1,0,1
5305,1,0,1
5306,1,0,1
5307,1,0,1
5308,1,0,1
5309,1,0,1
5310,1,0,1
5311,1,0,1
5312,1,0,1
5313,1,0,1
5314,1,0,1
5315,1,0,1
5316,1,0,1
5317,1,0,1
5318,1,0,1
5319,1,0,1
5320,1,0,1
5321,1,0,1
5322,1,0,1
5323,1,0,1
5324,1,0,1
5325,1,0,1
5326,1,0,1
5327,1,0,1
5328,1,0,1
5329,1,0,1
5330,1,0,1
5331,1,0,1
5332,1,0,1
5333,1,0,1
5334,1,0,1
5335,1,0,1
5336,1,0,1
5337,0,0,0
5338,0,0,0
5339,0,0,0
5340,0,0,0
5341,0,0,0
5342,0,0,0
5343,0,0,0
5344,0,0,0
5345,0,0,0
5346,0,0,0
5347,0,0,0
5348,0,0,0
5349,0,0,0
5350,0,0,0
5351,0,0,0
5352,0,0,0
5353,0,0,0
5354,0,0,0
5355,0,0,0
5356,0,0,0
5357,0,0,0
5358,0,0,0
5359,0,0,0
5360,0,0,0
5361,0,0,0
5362,0,0,0
5363,0,0,0
5364,0,0,0
5365,0,0,0
5366,0,0,0
5367,0,0,0
5368,0,0,0
5369,0,0,0
5370,0,0,0
5371,0,0,0
5372,0,0,0
5373,0,0,0
5374,0,0,0
5375,0,0,0
5376,0,0,0
5377,0,0,0
5378,0,0,0
5379,0,0,0
5380,0,0,0
5381,0,0,0
5382,0,0,0
5383,0,0,0
5384,0,0,0
5385,0,0,0
5386,0,0,0
5387,0,0,0
5388,0,0,0
5389,0,0,0
5390,0,0,0
5391,0,0,0
5392,0,0,0
5393,0,0,0
5394,0,0,0
5395,0,0,0
5396,0,0,0
5397,0,0,0
5398,0,0,0
5399,0,0,0
5400,0,0,0
5401,0,0,0
5402,0,0,0
5403,0,0,0
5404,0,0,0
5405,0,0,0
5406,0,0,0
5407,0,0,0
5408,0,0,0
5409,0,0,0
5410,0,0,0
5411,0,0,0
5412,0,0,0
5413,0,0,0
5414,0,0,0
5415,0,0,0
5416,0,0,0
5417,0,0,0
5418,0,0,0
5419,0,0,0
5420,0,0,0
5421,0,0,0
5422,0,0,0
5423,0,0,0
5424,0,0,0
5425,0,0,0
5426,0,0,0
5427,0,0,0
5428,0,0,0
5429,0,0,0
5430,0,0,0
5431,0,0,0
5432,0,0,0
5433,0,0,0
5434,0,0,0
5435,0,0,0
5436,0,0,0
5437,0,0,0
5438,0,0,0
5439,0,0,0
5440,0,0,0
5441,0,0,0
5442,0,0,0
5443,0,0,0
5444,0,0,0
5445,0,0,0
5446,0,0,0
5447,0,0,0
5448,0,0,0
5449,0,0,0
5450,0,0,0
5451,0,0,0
5452,0,0,0
5453,0,0,0
5454,0,0,0
5455,1,0,1
5456,1,0,1
5457,1,0,1
5458,1,0,1
5459,1,0,1
5460,1,0,1
5461,1,0,1
5462,1,0,1
5463,1,0,1
5464,1,0,1
5465,1,0,1
5466,1,0,1
5467,1,0,1
5468,1,0,1
5469,1,0,1
5470,1,0,1
5471,1,0,1
5472,1,0,1
5473,1,0,1
5474,1,0,1
5475,1,0,1
5476,1,0,1
5477,1,0,1
5478,1,0,1
5479,1,0,1
5480,1,0,1
5481,1,0,1
5482,1,0,1
5483,1,0,1
5484,1,0,1
5485,1,0,1
5486,1,0,1
5487,1,0,1
5488,1,0,1
5489,1,0,1
5490,1,0,1
5491,1,0,1
5492,1,0,1
5493,1,0,1
5494,1,0,1
5495,1,0,1
5496,1,0,1
5497,1,0,1
5498,1,0,1
5499,1,0,1
5500,1,0,1
5501,1,0,1
5502,1,0,1
5503,1,0,1
5504,1,0,1
5505,1,0,1
5506,1,0,1
5507,1,0,1
5508,1,0,1
5509,1,0,1
5510,1,0,1
5511,1,0,1
5512,1,0,1
5513,1,0,1
5514,1,0,1
5515,1,0,1
5516,1,0,1
5517,1,0,1
5518,1,0,1
5519,1,0,1
5520,1,0,1
5521,1,0,1
5522,1,0,1
5523,1,0,1
5524,1,0,1
5525,1,0,1
5526,1,0,1
5527,1,0,1
5528,1,0,1
5529,1,0,1
5530,1,0,1
5531,1,0,1
5532,1,0,1
5533,1,0,1
5534,1,0,1
5535,1,0,1
5536,1,0,1
5537,1,0,1
5538,1,0,1
5539,1,0,1
5540,1,0,1
5541,1,0,1
5542,1,0,1
5543,1,0,1
5544,1,0,1
5545,1,0,1
5546,1,0,1
5547,1,0,1
5548,1,0,1
5549,1,0,1
5550,1,0,1
5551,1,0,1
5552,1,0,1
5553,1,0,1
5554,1,0,1
5555,1,0,1
5556,2,0,2
5557,2,0,2
5558,2,0,2
5559,2,0,2
5560,2,0,2
5561,2,0,2
5562,2,0,2
5563,2,0,2
5564,2,0,2
5565,2,0,2
5566,2,0,2
5567,2,0,2
5568,2,0,2
5569,2,0,2
5570,2,0,2
5571,2,0,2
5572,2,0,2
5573,2,0,2
5574,2,0,2
5575,2,0,2
5576,2,0,2
5577,2,0,2
5578,2,0,2
5579,2,0,2
5580,2,0,2
5581,2,0,2
5582,2,0,2
5583,2,0,2
5584,2,0,2
5585,2,0,2
5586,2,0,2
5587,2,0,2
5588,2,0,2
5589,2,0,2
5590,2,0,2
5591,2,0,2
5592,1,0,1
5593,1,0,1
5594,1,0,1
5595,1,0,1
5596,1,0,1
5597,1,0,1
5598,1,0,1
5599,1,0,1
5600,1,0,1
5601,1,0,1
5602,1,0,1
5603,1,0,1
5604,1,0,1
5605,1,0,1
5606,1,0,1
5607,1,0,1
5608,1,0,1
5609,1,0,1
5610,1,0,1
5611,1,0,1
5612,1,0,1
5613,1,0,1
5614,1,0,1
5615,1,0,1
5616,2,0,2
5617,2,0,2
5618,2,0,2
5619,2,0,2
5620,2,0,2
5621,2,0,2
5622,2,0,2
5623,2,0,2
5624,2,0,2
5625,2,0,2
5626,2,0,2
5627,2,0,2
5628,2,0,2
5629,2,0,2
5630,2,0,2
5631,2,0,2
5632,2,0,2
5633,2,0,2
5634,2,0,2
5635,2,0,2
5636,2,0,2
5637,2,0,2
5638,2,0,2
5639,2,0,2
5640,2,0,2
5641,2,0,2
5642,2,0,2
5643,2,0,2
5644,2,0,2
5645,2,0,2
5646,2,0,2
5647,2,0,2
5648,2,0,2
5649,2,0,2
5650,2,0,2
5651,2,0,2
5652,2,0,2
5653,2,0,2
5654,2,0,2
5655,2,0,2
5656,2,0,2
5657,2,0,2
5658,2,0,2
5659,2,0,2
5660,2,0,2
5661,2,0,2
5662,2,0,2
5663,2,0,2
5664,2,0,2
5665,2,0,2
5666,2,0,2
5667,2,0,2
5668,2,0,2
5669,2,0,2
5670,3,0,3
5671,3,0,3
5672,3,0,3
5673,3,0,3
5674,3,0,3
5675,3,0,3
5676,3,0,3
5677,3,0,3
5678,3,0,3
5679,3,0,3
5680,3,0,3
5681,3,0,3
5682,3,0,3
5683,3,0,3
5684,3,0,3
5685,3,0,3
5686,3,0,3
5687,3,0,3
5688,3,0,3
5689,3,0,3
5690,2,0,2
5691,2,0,2
5692,2,0,2
5693,2,0,2
5694,2,0,2
5695,2,0,2
5696,2,0,2
5697,2,0,2
5698,2,0,2
5699,2,0,2
5700,2,0,2
5701,2,0,2
5702,2,0,2
5703,2,0,2
5704,2,0,2
5705,2,0,2
5706,2,0,2
5707,2,0,2
5708,2,0,2
5709,2,0,2
5710,2,0,2
5711,2,0,2
5712,2,0,2
5713,2,0,2
5714,2,0,2
5715,2,0,2
5716,2,0,2
5717,2,0,2
5718,2,0,2
5719,2,0,2
5720,2,0,2
5721,2,0,2
5722,2,0,2
5723,2,0,2
5724,2,0,2
5725,2,0,2
5726,2,0,2
5727,2,0,2
5728,2,0,2
5729,2,0,2
5730,2,0,2
5731,2,0,2
5732,2,0,2
5733,2,0,2
5734,2,0,2
5735,2,0,2
5736,2,0,2
5737,2,0,2
5738,2,0,2
5739,2,0,2
5740,2,0,2
5741,2,0,2
5742,2,0,2
5743,2,0,2
5744,1,0,1
5745,1,0,1
5746,1,0,1
5747,1,0,1
5748,1,0,1
5749,1,0,1
5750,1,0,1
5751,1,0,1
5752,1,0,1
5753,1,0,1
5754,1,0,1
5755,1,0,1
5756,1,0,1
5757,1,0,1
5758,1,0,1
5759,1,0,1
5760,1,0,1
5761,1,0,1
5762,1,0,1
5763,1,0,1
5764,1,0,1
5765,1,0,1
5766,1,0,1
5767,1,0,1
5768,1,0,1
5769,1,0,1
5770,1,0,1
5771,1,0,1
5772,1,0,1
5773,1,0,1
5774,1,0,1
5775,1,0,1
5776,1,0,1
5777,1,0,1
5778,1,0,1
5779,1,0,1
5780,1,0,1
5781,1,0,1
5782,1,0,1
5783,1,0,1
5784,0,0,0
5785,0,0,0
5786,0,0,0
5787,0,0,0
5788,0,0,0
5789,0,0,0
5790,1,0,1
5791,1,0,1
5792,1,0,1
5793,1,0,1
5794,1,0,1
5795,1,0,1
5796,1,0,1
5797,1,0,1
5798,1,0,1
5799,1,0,1
5800,1,0,1
5801,1,0,1
5802,1,0,1
5803,1,0,1
5804,1,0,1
5805,1,0,1
5806,1,0,1
5807,1,0,1
5808,1,0,1
5809,1,0,1
5810,1,0,1
5811,1,0,1
5812,1,0,1
5813,1,0,1
5814,1,0,1
5815,1,0,1
5816,1,0,1
5817,1,0,1
5818,1,0,1
5819,1,0,1
5820,1,0,1
5821,1,0,1
5822,1,0,1
5823,1,0,1
5824,1,0,1
5825,1,0,1
5826,1,0,1
5827,1,0,1
5828,1,0,1
5829,1,0,1
5830,1,0,1
5831,1,0,1
5832,1,0,1
5833,1,0,1
5834,1,0,1
5835,1,0,1
5836,1,0,1
5837,1,0,1
5838,1,0,1
5839,1,0,1
5840,1,0,1
5841,1,0,1
5842,1,0,1
5843,1,0,1
5844,1,0,1
5845,2,0,2
5846,2,0,2
5847,2,0,2
5848,2,0,2
5849,2,0,2
5850,2,0,2
5851,2,0,2
5852,2,0,2
5853,2,0,2
5854,2,0,2
5855,2,0,2
5856,2,0,2
5857,1,0,1
5858,1,0,1
5859,1,0,1
5860,1,0,1
5861,1,0,1
5862,1,0,1
5863,1,0,1
5864,1,0,1
5865,1,0,1
5866,1,0,1
5867,1,0,1
5868,1,0,1
5869,1,0,1
5870,1,0,1
5871,1,0,1
5872,1,0,1
5873,1,0,1
5874,1,0,1
5875,1,0,1
5876,1,0,1
5877,1,0,1
5878,1,0,1
5879,1,0,1
5880,1,0,1
5881,1,0,1
5882,1,0,1
5883,1,0,1
5884,1,0,1
5885,2,0,2
5886,2,0,2
5887,2,0,2
5888,2,0,2
5889,2,0,2
5890,2,0,2
5891,2,0,2
5892,2,0,2
5893,2,0,2
5894,2,0,2
5895,2,0,2
5896,2,0,2
5897,2,0,2
5898,2,0,2
5899,2,0,2
5900,2,0,2
5901,2,0,2
5902,2,0,2
5903,1,0,1
5904,1,0,1
5905,1,0,1
5906,1,0,1
5907,1,0,1
5908,1,0,1
5909,1,0,1
5910,1,0,1
5911,1,0,1
5912,1,0,1
5913,1,0,1
5914,1,0,1
5915,1,0,1
5916,1,0,1
5917,1,0,1
5918,1,0,1
5919,1,0,1
5920,1,0,1
5921,1,0,1
5922,1,0,1
5923,1,0,1
5924,1,0,1
5925,1,0,1
5926,1,0,1
5927,1,0,1
5928,1,0,1
5929,1,0,1
5930,1,0,1
5931,1,0,1
5932,1,0,1
5933,1,0,1
5934,1,0,1
5935,1,0,1
5936,1,0,1
5937,0,0,0
5938,0,0,0
5939,0,0,0
5940,0,0,0
5941,0,0,0
5942,0,0,0
5943,0,0,0
5944,0,0,0
5945,0,0,0
5946,0,0,0
5947,0,0,0
5948,0,0,0
5949,0,0,0
5950,0,0,0
5951,0,0,0
5952,0,0,0
5953,0,0,0
5954,0,0,0
5955,0,0,0
5956,0,0,0
5957,0,0,0
5958,0,0,0
5959,0,0,0
5960,0,0,0
5961,0,0,0
5962,0,0,0
5963,0,0,0
5964,1,0,1
5965,1,0,1
5966,1,0,1
5967,1,0,1
5968,1,0,1
5969,1,0,1
5970,1,0,1
5971,1,0,1
5972,1,0,1
5973,1,0,1
5974,1,0,1
5975,1,0,1
5976,1,0,1
5977,1,0,1
5978,1,0,1
5979,1,0,1
5980,1,0,1
5981,1,0,1
5982,1,0,1
5983,1,0,1
5984,1,0,1
5985,1,0,1
5986,1,0,1
5987,1,0,1
5988,1,0,1
5989,1,0,1
5990,1,0,1
5991,1,0,1
5992,1,0,1
5993,1,0,1
5994,1,0,1
5995,1,0,1
5996,1,0,1
5997,1,0,1
5998,1,0,1
5999,1,0,1
6000,1,0,1
6001,1,0,1
6002,1,0,1
6003,1,0,1
6004,1,0,1
6005,1,0,1
6006,1,0,1
6007,1,0,1
6008,1,0,1
6009,1,0,1
6010,1,0,1
6011,1,0,1
6012,1,0,1
6013,1,0,1
6014,1,0,1
6015,1,0,1
6016,1,0,1
6017,1,0,1
6018,1,0,1
6019,1,0,1
6020,1,0,1
6021,1,0,1
6022,1,0,1
6023,1,0,1
6024,1,0,1
6025,1,0,1
6026,1,0,1
6027,1,0,1
6028,1,0,1
6029,1,0,1
6030,1,0,1
6031,1,0,1
6032,1,0,1
6033,1,0,1
6034,1,0,1
6035,1,0,1
6036,1,0,1
6037,1,0,1
6038,1,0,1
6039,1,0,1
6040,1,0,1
6041,1,0,1
6042,1,0,1
6043,1,0,1
6044,1,0,1
6045,0,0,0
6046,0,0,0
6047,0,0,0
6048,0,0,0
6049,0,0,0
6050,0,0,0
6051,0,0,0
6052,0,0,0
6053,0,0,0
6054,0,0,0
6055,0,0,0
6056,0,0,0
6057,0,0,0
6058,0,0,0
6059,0,0,0
6060,0,0,0
6061,0,0,0
6062,0,0,0
6063,0,0,0
6064,0,0,0
6065,0,0,0
6066,0,0,0
6067,1,0,1
6068,1,0,1
6069,1,0,1
6070,1,0,1
6071,1,0,1
6072,1,0,1
6073,1,0,1
6074,1,0,1
6075,1,0,1
6076,1,0,1
6077,1,0,1
6078,1,0,1
6079,1,0,1
6080,1,0,1
6081,1,0,1
6082,1,0,1
6083,1,0,1
6084,1,0,1
6085,1,0,1
6086,1,0,1
6087,1,0,1
6088,1,0,1
6089,1,0,1
6090,1,0,1
6091,1,0,1
6092,1,0,1
6093,1,0,1
6094,1,0,1
6095,1,0,1
6096,1,0,1
6097,1,0,1
6098,1,0,1
6099,1,0,1
6100,1,0,1
6101,1,0,1
6102,1,0,1
6103,1,0,1
6104,1,0,1
6105,1,0,1
6106,1,0,1
6107,1,0,1
6108,1,0,1
6109,1,0,1
6110,1,0,1
6111,1,0,1
6112,1,0,1
6113,1,0,1
6114,1,0,1
6115,1,0,1
6116,1,0,1
6117,0,0,0
6118,0,0,0
6119,0,0,0
6120,0,0,0
6121,0,0,0
6122,0,0,0
6123,0,0,0
6124,0,0,0
6125,0,0,0
6126,0,0,0
6127,0,0,0
6128,0,0,0
6129,0,0,0
6130,0,0,0
6131,0,0,0
6132,0,0,0
6133,0,0,0
6134,1,0,1
6135,1,0,1
6136,1,0,1
6137,1,0,1
6138,1,0,1
6139,1,0,1
6140,1,0,1
6141,1,0,1
6142,1,0,1
6143,1,0,1
6144,1,0,1
6145,1,0,1
6146,1,0,1
6147,1,0,1
6148,1,0,1
6149,1,0,1
6150,1,0,1
6151,1,0,1
6152,1,0,1
6153,1,0,1
6154,1,0,1
6155,1,0,1
6156,1,0,1
6157,1,0,1
6158,1,0,1
6159,1,0,1
6160,1,0,1
6161,1,0,1
6162,1,0,1
6163,1,0,1
6164,1,0,1
6165,1,0,1
6166,1,0,1
6167,1,0,1
6168,1,0,1
6169,1,0,1
6170,1,0,1
6171,1,0,1
6172,1,0,1
6173,1,0,1
6174,1,0,1
6175,1,0,1
6176,1,0,1
6177,1,0,1
6178,1,0,1
6179,1,0,1
6180,1,0,1
6181,1,0,1
6182,1,0,1
6183,1,0,1
6184,1,0,1
6185,1,0,1
6186,1,0,1
6187,1,0,1
6188,1,0,1
6189,1,0,1
6190,1,0,1
6191,2,0,2
6192,2,0,2
6193,2,0,2
6194,2,0,2
6195,2,0,2
6196,2,0,2
6197,2,0,2
6198,2,0,2
6199,2,0,2
6200,2,0,2
6201,2,0,2
6202,2,0,2
6203,2,0,2
6204,2,0,2
6205,2,0,2
6206,2,0,2
6207,2,0,2
6208,2,0,2
6209,2,0,2
6210,2,0,2
6211,2,0,2
6212,2,0,2
6213,2,0,2
6214,2,0,2
6215,2,0,2
6216,2,0,2
6217,2,0,2
6218,2,0,2
6219,2,0,2
6220,2,0,2
6221,2,0,2
6222,2,0,2
6223,2,0,2
6224,2,0,2
6225,2,0,2
6226,2,0,2
6227,2,0,2
6228,2,0,2
6229,2,0,2
6230,2,0,2
6231,2,0,2
6232,2,0,2
6233,2,0,2
6234,2,0,2
6235,2,0,2
6236,2,0,2
6237,2,0,2
6238,2,0,2
6239,2,0,2
6240,2,0,2
6241,2,0,2
6242,2,0,2
6243,2,0,2
6244,2,0,2
6245,2,0,2
6246,2,0,2
6247,2,0,2
6248,2,0,2
6249,2,0,2
6250,2,0,2
6251,2,0,2
6252,2,0,2
6253,2,0,2
6254,2,0,2
6255,2,0,2
6256,2,0,2
6257,2,0,2
6258,2,0,2
6259,2,0,2
6260,2,0,2
6261,2,0,2
6262,2,0,2
6263,2,0,2
6264,2,0,2
6265,2,0,2
6266,2,0,2
6267,2,0,2
6268,2,0,2
6269,1,0,1
6270,1,0,1
6271,1,0,1
6272,1,0,1
6273,1,0,1
6274,1,0,1
6275,1,0,1
6276,1,0,1
6277,1,0,1
6278,1,0,1
6279,1,0,1
6280,1,0,1
6281,1,0,1
6282,1,0,1
6283,1,0,1
6284,1,0,1
6285,1,0,1
6286,1,0,1
6287,1,0,1
6288,1,0,1
6289,1,0,1
6290,1,0,1
6291,1,0,1
6292,1,0,1
6293,1,0,1
6294,1,0,1
6295,1,0,1
6296,1,0,1
6297,1,0,1
6298,1,0,1
6299,1,0,1
6300,1,0,1
6301,1,0,1
6302,1,0,1
6303,1,0,1
6304,1,0,1
6305,1,0,1
6306,1,0,1
6307,1,0,1
6308,1,0,1
6309,1,0,1
6310,1,0,1
6311,1,0,1
6312,1,0,1
6313,1,0,1
6314,1,0,1
6315,1,0,1
6316,1,0,1
6317,1,0,1
6318,1,0,1
6319,1,0,1
6320,1,0,1
6321,1,0,1
6322,1,0,1
6323,1,0,1
6324,1,0,1
6325,1,0,1
6326,1,0,1
6327,1,0,1
6328,1,0,1
6329,1,0,1
6330,1,0,1
6331,1,0,1
6332,1,0,1
6333,1,0,1
6334,2,0,2
6335,2,0,2
6336,2,0,2
6337,2,0,2
6338,2,0,2
6339,2,0,2
6340,2,0,2
6341,2,0,2
6342,2,0,2
6343,2,0,2
6344,2,0,2
6345,2,0,2
6346,2,0,2
6347,2,0,2
6348,2,0,2
6349,2,0,2
6350,2,0,2
6351,2,0,2
6352,2,0,2
6353,2,0,2
6354,2,0,2
6355,2,0,2
6356,2,0,2
6357,2,0,2
6358,3,0,3
6359,3,0,3
6360,3,0,3
6361,3,0,3
6362,3,0,3
6363,3,0,3
6364,3,0,3
6365,3,0,3
6366,3,0,3
6367,3,0,3
6368,3,0,3
6369,3,0,3
6370,3,0,3
6371,3,0,3
6372,3,0,3
6373,3,0,3
6374,3,0,3
6375,3,0,3
6376,2,0,2
6377,2,0,2
6378,2,0,2
6379,2,0,2
6380,2,0,2
6381,2,0,2
6382,2,0,2
6383,2,0,2
6384,2,0,2
6385,2,0,2
6386,2,0,2
6387,2,0,2
6388,2,0,2
6389,2,0,2
6390,2,0,2
6391,2,0,2
6392,2,0,2
6393,2,0,2
6394,2,0,2
6395,2,0,2
6396,2,0,2
6397,2,0,2
6398,2,0,2
6399,2,0,2
6400,2,0,2
6401,2,0,2
6402,2,0,2
6403,2,0,2
6404,2,0,2
6405,2,0,2
6406,2,0,2
6407,2,0,2
6408,1,0,1
6409,1,0,1
6410,1,0,1
6411,1,0,1
6412,1,0,1
6413,1,0,1
6414,1,0,1
6415,1,0,1
6416,1,0,1
6417,1,0,1
6418,1,0,1
6419,1,0,1
6420,1,0,1
6421,1,0,1
6422,1,0,1
6423,1,0,1
6424,1,0,1
6425,1,0,1
6426,1,0,1
6427,1,0,1
6428,1,0,1
6429,1,0,1
6430,1,0,1
6431,1,0,1
6432,1,0,1
6433,1,0,1
6434,1,0,1
6435,1,0,1
6436,1,0,1
6437,1,0,1
6438,1,0,1
6439,1,0,1
6440,1,0,1
6441,1,0,1
6442,1,0,1
6443,1,0,1
6444,1,0,1
6445,1,0,1
6446,1,0,1
6447,1,0,1
6448,1,0,1
6449,1,0,1
6450,1,0,1
6451,1,0,1
6452,1,0,1
6453,1,0,1
6454,1,0,1
6455,1,0,1
6456,1,0,1
6457,1,0,1
6458,1,0,1
6459,1,0,1
6460,1,0,1
6461,1,0,1
6462,1,0,1
6463,1,0,1
6464,1,0,1
6465,1,0,1
6466,1,0,1
6467,1,0,1
6468,1,0,1
6469,1,0,1
6470,1,0,1
6471,1,0,1
6472,1,0,1
6473,1,0,1
6474,1,0,1
6475,1,0,1
6476,1,0,1
6477,1,0,1
6478,1,0,1
6479,1,0,1
6480,1,0,1
6481,1,0,1
6482,1,0,1
6483,1,0,1
6484,1,0,1
6485,1,0,1
6486,1,0,1
6487,1,0,1
6488,1,0,1
6489,1,0,1
6490,1,0,1
6491,1,0,1
6492,1,0,1
6493,1,0,1
6494,1,0,1
6495,1,0,1
6496,1,0,1
6497,1,0,1
6498,1,0,1
6499,1,0,1
6500,1,0,1
6501,1,0,1
6502,1,0,1
6503,1,0,1
6504,1,0,1
6505,1,0,1
6506,1,0,1
6507,1,0,1
6508,1,0,1
6509,1,0,1
6510,1,0,1
6511,1,0,1
6512,1,0,1
6513,1,0,1
6514,1,0,1
6515,1,0,1
6516,1,0,1
6517,1,0,1
6518,1,0,1
6519,1,0,1
6520,1,0,1
6521,1,0,1
6522,1,0,1
6523,1,0,1
6524,1,0,1
6525,1,0,1
6526,1,0,1
6527,1,0,1
6528,1,0,1
6529,1,0,1
6530,1,0,1
6531,1,0,1
6532,1,0,1
6533,1,0,1
6534,1,0,1
6535,1,0,1
6536,1,0,1
6537,1,0,1
6538,1,0,1
6539,1,0,1
6540,1,0,1
6541,1,0,1
6542,1,0,1
6543,1,0,1
6544,1,0,1
6545,1,0,1
6546,1,0,1
6547,1,0,1
6548,1,0,1
6549,1,0,1
6550,1,0,1
6551,1,0,1
6552,1,0,1
6553,1,0,1
6554,1,0,1
6555,1,0,1
6556,1,0,1
6557,1,0,1
6558,1,0,1
6559,1,0,1
6560,1,0,1
6561,1,0,1
6562,1,0,1
6563,1,0,1
6564,1,0,1
6565,1,0,1
6566,1,0,1
6567,1,0,1
6568,1,0,1
6569,1,0,1
6570,1,0,1
6571,1,0,1
6572,1,0,1
6573,1,0,1
6574,1,0,1
6575,1,0,1
6576,1,0,1
6577,1,0,1
6578,1,0,1
6579,1,0,1
6580,1,0,1
6581,1,0,1
6582,1,0,1
6583,1,0,1
6584,1,0,1
6585,1,0,1
6586,1,0,1
6587,1,0,1
6588,1,0,1
6589,1,0,1
6590,1,0,1
6591,1,0,1
6592,1,0,1
6593,1,0,1
6594,1,0,1
6595,1,0,1
6596,1,0,1
6597,1,0,1
6598,1,0,1
6599,1,0,1
6600,1,0,1
6601,1,0,1
6602,1,0,1
6603,1,0,1
6604,1,0,1
6605,1,0,1
6606,1,0,1
6607,1,0,1
6608,1,0,1
6609,1,0,1
6610,1,0,1
6611,1,0,1
6612,1,0,1
6613,1,0,1
6614,1,0,1
6615,1,0,1
6616,1,0,1
6617,1,0,1
6618,1,0,1
6619,1,0,1
6620,1,0,1
6621,1,0,1
6622,1,0,1
6623,1,0,1
6624,1,0,1
6625,1,0,1
6626,1,0,1
6627,1,0,1
6628,1,0,1
6629,1,0,1
6630,1,0,1
6631,1,0,1
6632,1,0,1
6633,1,0,1
6634,1,0,1
6635,1,0,1
6636,1,0,1
6637,1,0,1
6638,1,0,1
6639,1,0,1
6640,1,0,1
6641,1,0,1
6642,1,0,1
6643,1,0,1
6644,1,0,1
6645,1,0,1
6646,1,0,1
6647,1,0,1
6648,1,0,1
6649,1,0,1
6650,1,0,1
6651,1,0,1
6652,1,0,1
6653,1,0,1
6654,1,0,1
6655,1,0,1
6656,1,0,1
6657,1,0,1
6658,1,0,1
6659,1,0,1
6660,1,0,1
6661,1,0,1
6662,1,0,1
6663,1,0,1
6664,1,0,1
6665,1,0,1
6666,1,0,1
6667,1,0,1
6668,1,0,1
6669,1,0,1
6670,1,0,1
6671,1,0,1
6672,1,0,1
6673,1,0,1
6674,1,0,1
6675,1,0,1
6676,1,0,1
6677,1,0,1
6678,1,0,1
6679,1,0,1
6680,1,0,1
6681,1,0,1
6682,1,0,1
6683,1,0,1
6684,1,0,1
6685,1,0,1
6686,1,0,1
6687,1,0,1
6688,1,0,1
6689,1,0,1
6690,1,0,1
6691,1,0,1
6692,1,0,1
6693,1,0,1
6694,1,0,1
6695,1,0,1
6696,1,0,1
6697,1,0,1
6698,1,0,1
6699,1,0,1
6700,1,0,1
6701,1,0,1
6702,1,0,1
6703,1,0,1
6704,1,0,1
6705,1,0,1
6706,1,0,1
6707,1,0,1
6708,1,0,1
6709,1,0,1
6710,1,0,1
6711,1,0,1
6712,1,0,1
6713,1,0,1
6714,1,0,1
6715,1,0,1
6716,1,0,1
6717,1,0,1
6718,1,0,1
6719,1,0,1
6720,1,0,1
6721,1,0,1
6722,1,0,1
6723,1,0,1
6724,1,0,1
6725,1,0,1
6726,1,0,1
6727,1,0,1
6728,1,0,1
6729,1,0,1
6730,1,0,1
6731,1,0,1
6732,1,0,1
6733,1,0,1
6734,1,0,1
6735,1,0,1
6736,1,0,1
6737,1,0,1
6738,1,0,1
6739,1,0,1
6740,1,0,1
6741,1,0,1
6742,1,0,1
6743,1,0,1
6744,1,0,1
6745,1,0,1
6746,1,0,1
6747,1,0,1
6748,1,0,1
6749,1,0,1
6750,1,0,1
6751,1,0,1
6752,1,0,1
6753,1,0,1
6754,1,0,1
6755,1,0,1
6756,1,0,1
6757,1,0,1
6758,1,0,1
6759,1,0,1
6760,1,0,1
6761,1,0,1
6762,1,0,1
6763,1,0,1
6764,1,0,1
6765,1,0,1
6766,1,0,1
6767,1,0,1
6768,1,0,1
6769,1,0,1
6770,2,0,2
6771,2,0,2
6772,2,0,2
6773,2,0,2
6774,2,0,2
6775,2,0,2
6776,2,0,2
6777,2,0,2
6778,2,0,2
6779,2,0,2
6780,2,0,2
6781,2,0,2
6782,2,0,2
6783,2,0,2
6784,2,0,2
6785,2,0,2
6786,2,0,2
6787,2,0,2
6788,3,0,3
6789,3,0,3
6790,3,0,3
6791,3,0,3
6792,3,0,3
6793,3,0,3
6794,3,0,3
6795,3,0,3
6796,3,0,3
6797,3,0,3
6798,3,0,3
6799,3,0,3
6800,3,0,3
6801,3,0,3
6802,3,0,3
6803,3,0,3
6804,2,0,2
6805,2,0,2
6806,2,0,2
6807,2,0,2
6808,2,0,2
6809,2,0,2
6810,2,0,2
6811,2,0,2
6812,2,0,2
6813,2,0,2
6814,1,0,1
6815,1,0,1
6816,1,0,1
6817,1,0,1
6818,1,0,1
6819,1,0,1
6820,1,0,1
6821,1,0,1
6822,1,0,1
6823,1,0,1
6824,1,0,1
6825,2,0,2
6826,2,0,2
6827,2,0,2
6828,2,0,2
6829,2,0,2
6830,1,0,1
6831,1,0,1
6832,1,0,1
6833,1,0,1
6834,1,0,1
6835,1,0,1
6836,2,0,2
6837,2,0,2
6838,2,0,2
6839,2,0,2
6840,2,0,2
6841,2,0,2
6842,2,0,2
6843,2,0,2
6844,2,0,2
6845,2,0,2
6846,2,0,2
6847,2,0,2
6848,2,0,2
6849,2,0,2
6850,2,0,2
6851,2,0,2
6852,2,0,2
6853,2,0,2
6854,2,0,2
6855,2,0,2
6856,2,0,2
6857,2,0,2
6858,2,0,2
6859,2,0,2
6860,2,0,2
6861,2,0,2
6862,2,0,2
6863,1,0,1
6864,1,0,1
6865,1,0,1
6866,1,0,1
6867,1,0,1
6868,1,0,1
6869,1,0,1
6870,1,0,1
6871,1,0,1
6872,1,0,1
6873,1,0,1
6874,1,0,1
6875,1,0,1
6876,1,0,1
6877,1,0,1
6878,1,0,1
6879,1,0,1
6880,1,0,1
6881,1,0,1
6882,1,0,1
6883,1,0,1
6884,1,0,1
6885,1,0,1
6886,1,0,1
6887,1,0,1
6888,1,0,1
6889,1,0,1
6890,1,0,1
6891,0,0,0
6892,0,0,0
6893,0,0,0
6894,0,0,0
6895,0,0,0
6896,0,0,0
6897,0,0,0
6898,0,0,0
6899,0,0,0
6900,0,0,0
6901,0,0,0
6902,0,0,0
6903,0,0,0
6904,0,0,0
6905,0,0,0
6906,0,0,0
6907,0,0,0
6908,0,0,0
6909,0,0,0
6910,0,0,0
6911,0,0,0
6912,0,0,0
6913,0,0,0
6914,0,0,0
6915,0,0,0
6916,0,0,0
6917,0,0,0
6918,0,0,0
6919,0,0,0
6920,0,0,0
6921,0,0,0
6922,0,0,0
6923,0,0,0
6924,0,0,0
6925,0,0,0
6926,0,0,0
6927,0,0,0
6928,0,0,0
6929,0,0,0
6930,0,0,0
6931,0,0,0
6932,0,0,0
6933,0,0,0
6934,0,0,0
6935,0,0,0
6936,0,0,0
6937,0,0,0
6938,0,0,0
6939,0,0,0
6940,0,0,0
6941,0,0,0
6942,0,0,0
6943,0,0,0
6944,0,0,0
6945,0,0,0
6946,0,0,0
6947,0,0,0
6948,0,0,0
6949,0,0,0
6950,0,0,0
6951,0,0,0
6952,0,0,0
6953,0,0,0
6954,0,0,0
6955,0,0,0
6956,0,0,0
6957,0,0,0
6958,0,0,0
6959,0,0,0
6960,0,0,0
6961,0,0,0
6962,0,0,0
6963,0,0,0
6964,0,0,0
6965,0,0,0
6966,0,0,0
6967,0,0,0
6968,0,0,0
6969,0,0,0
6970,0,0,0
6971,0,0,0
6972,0,0,0
6973,0,0,0
6974,0,0,0
6975,0,0,0
6976,0,0,0
6977,0,0,0
6978,0,0,0
6979,0,0,0
6980,0,0,0
6981,0,0,0
6982,0,0,0
6983,0,0,0
6984,0,0,0
6985,0,0,0
6986,0,0,0
6987,0,0,0
6988,0,0,0
6989,0,0,0
6990,0,0,0
6991,0,0,0
6992,0,0,0
6993,0,0,0
6994,0,0,0
6995,0,0,0
6996,0,0,0
6997,0,0,0
6998,0,0,0
6999,0,0,0
7000,0,0,0
7001,0,0,0
7002,0,0,0
7003,0,0,0
7004,0,0,0
7005,0,0,0
7006,0,0,0
7007,0,0,0
7008,0,0,0
7009,0,0,0
7010,0,0,0
7011,0,0,0
7012,0,0,0
7013,0,0,0
7014,0,0,0
7015,0,0,0
7016,0,0,0
7017,0,0,0
7018,0,0,0
7019,0,0,0
7020,0,0,0
7021,0,0,0
7022,0,0,0
7023,0,0,0
7024,0,0,0
7025,0,0,0
7026,0,0,0
7027,0,0,0
7028,0,0,0
7029,0,0,0
7030,0,0,0
7031,0,0,0
7032,0,0,0
7033,0,0,0
7034,0,0,0
7035,0,0,0
7036,0,0,0
7037,0,0,0
7038,0,0,0
7039,0,0,0
7040,0,0,0
7041,0,0,0
7042,0,0,0
7043,0,0,0
7044,0,0,0
7045,0,0,0
7046,0,0,0
7047,0,0,0
7048,0,0,0
7049,0,0,0
7050,0,0,0
7051,0,0,0
7052,1,0,1
7053,1,0,1
7054,1,0,1
7055,1,0,1
7056,1,0,1
7057,1,0,1
7058,1,0,1
7059,1,0,1
7060,1,0,1
7061,1,0,1
7062,1,0,1
7063,1,0,1
7064,1,0,1
7065,1,0,1
7066,1,0,1
7067,1,0,1
7068,1,0,1
7069,1,0,1
7070,1,0,1
7071,1,0,1
7072,1,0,1
7073,1,0,1
7074,1,0,1
7075,1,0,1
7076,1,0,1
7077,1,0,1
7078,1,0,1
7079,1,0,1
7080,1,0,1
7081,1,0,1
7082,1,0,1
7083,1,0,1
7084,1,0,1
7085,1,0,1
7086,1,0,1
7087,1,0,1
7088,1,0,1
7089,1,0,1
7090,1,0,1
7091,1,0,1
7092,1,0,1
7093,1,0,1
7094,1,0,1
7095,1,0,1
7096,1,0,1
7097,1,0,1
7098,1,0,1
7099,1,0,1
7100,1,0,1
7101,1,0,1
7102,1,0,1
7103,1,0,1
7104,1,0,1
7105,1,0,1
7106,1,0,1
7107,1,0,1
7108,1,0,1
7109,1,0,1
7110,0,0,0
7111,0,0,0
7112,0,0,0
7113,0,0,0
7114,0,0,0
7115,0,0,0
7116,0,0,0
7117,0,0,0
7118,0,0,0
7119,0,0,0
7120,0,0,0
7121,0,0,0
7122,0,0,0
7123,0,0,0
7124,0,0,0
7125,0,0,0
7126,0,0,0
7127,0,0,0
7128,0,0,0
7129,0,0,0
7130,0,0,0
7131,0,0,0
7132,0,0,0
7133,0,0,0
7134,0,0,0
7135,0,0,0
7136,0,0,0
7137,0,0,0
7138,0,0,0
7139,0,0,0
7140,0,0,0
7141,0,0,0
7142,0,0,0
7143,0,0,0
7144,0,0,0
7145,0,0,0
7146,0,0,0
7147,0,0,0
7148,0,0,0
7149,0,0,0
7150,0,0,0
7151,0,0,0
7152,0,0,0
7153,0,0,0
7154,0,0,0
7155,0,0,0
7156,0,0,0
7157,0,0,0
7158,0,0,0
7159,0,0,0
7160,0,0,0
7161,0,0,0
7162,0,0,0
7163,0,0,0
7164,0,0,0
7165,0,0,0
7166,0,0,0
7167,0,0,0
7168,0,0,0
7169,0,0,0
7170,0,0,0
7171,0,0,0
7172,0,0,0
7173,0,0,0
7174,0,0,0
7175,0,0,0
7176,0,0,0
7177,0,0,0
7178,0,0,0
7179,0,0,0
7180,0,0,0
7181,0,0,0
7182,0,0,0
7183,0,0,0
7184,0,0,0
7185,0,0,0
7186,0,0,0
7187,0,0,0
7188,0,0,0
7189,0,0,0
7190,0,0,0
7191,0,0,0
7192,0,0,0
7193,0,0,0
7194,0,0,0
7195,0,0,0
7196,0,0,0
7197,0,0,0
7198,0,0,0
7199,0,0,0
7200,0,0,0
7201,0,0,0
7202,0,0,0
7203,0,0,0
7204,0,0,0
7205,0,0,0
7206,0,0,0
7207,0,0,0
7208,0,0,0
7209,0,0,0
7210,0,0,0
7211,0,0,0
7212,0,0,0
7213,0,0,0
7214,0,0,0
7215,0,0,0
7216,0,0,0
7217,0,0,0
7218,0,0,0
7219,0,0,0
7220,0,0,0
7221,0,0,0
7222,0,0,0
7223,0,0,0
7224,0,0,0
7225,0,0,0
7226,0,0,0
7227,0,0,0
7228,0,0,0
7229,0,0,0
7230,0,0,0
7231,0,0,0
7232,0,0,0
7233,0,0,0
7234,0,0,0
7235,0,0,0
7236,0,0,0
7237,0,0,0
7238,0,0,0
7239,0,0,0
7240,0,0,0
7241,0,0,0
7242,1,0,1
7243,1,0,1
7244,1,0,1
7245,1,0,1
7246,1,0,1
7247,1,0,1
7248,1,0,1
7249,1,0,1
7250,1,0,1
7251,1,0,1
7252,1,0,1
7253,1,0,1
7254,1,0,1
7255,1,0,1
7256,1,0,1
7257,1,0,1
7258,1,0,1
7259,1,0,1
7260,1,0,1
7261,1,0,1
7262,1,0,1
7263,1,0,1
7264,1,0,1
7265,1,0,1
7266,1,0,1
7267,1,0,1
7268,1,0,1
7269,1,0,1
7270,1,0,1
7271,1,0,1
7272,1,0,1
7273,1,0,1
7274,1,0,1
7275,1,0,1
7276,1,0,1
7277,1,0,1
7278,1,0,1
7279,1,0,1
7280,1,0,1
7281,1,0,1
7282,1,0,1
7283,1,0,1
7284,1,0,1
7285,1,0,1
7286,1,0,1
7287,1,0,1
7288,1,0,1
7289,1,0,1
7290,1,0,1
7291,1,0,1
7292,1,0,1
7293,1,0,1
7294,1,0,1
7295,1,0,1
7296,1,0,1
7297,1,0,1
7298,1,0,1
7299,1,0,1
7300,1,0,1
7301,1,0,1
7302,1,0,1
7303,1,0,1
7304,1,0,1
7305,1,0,1
7306,1,0,1
7307,1,0,1
7308,1,0,1
7309,1,0,1
7310,1,0,1
7311,1,0,1
7312,1,0,1
7313,1,0,1
7314,1,0,1
7315,1,0,1
7316,1,0,1
7317,1,0,1
7318,1,0,1
7319,1,0,1
7320,1,0,1
7321,1,0,1
7322,1,0,1
7323,1,0,1
7324,1,0,1
7325,0,0,0
7326,0,0,0
7327,0,0,0
7328,0,0,0
7329,0,0,0
7330,0,0,0
7331,0,0,0
7332,0,0,0
7333,0,0,0
7334,0,0,0
7335,0,0,0
7336,1,0,1
7337,1,0,1
7338,1,0,1
7339,1,0,1
7340,1,0,1
7341,1,0,1
7342,1,0,1
7343,1,0,1
7344,1,0,1
7345,1,0,1
7346,1,0,1
7347,1,0,1
7348,1,0,1
7349,1,0,1
7350,1,0,1
7351,1,0,1
7352,1,0,1
7353,1,0,1
7354,1,0,1
7355,1,0,1
7356,1,0,1
7357,1,0,1
7358,1,0,1
7359,1,0,1
7360,1,0,1
7361,1,0,1
7362,1,0,1
7363,1,0,1
7364,1,0,1
7365,1,0,1
7366,1,0,1
7367,1,0,1
7368,1,0,1
7369,1,0,1
7370,1,0,1
7371,1,0,1
7372,1,0,1
7373,1,0,1
7374,1,0,1
7375,1,0,1
7376,1,0,1
7377,1,0,1
7378,1,0,1
7379,1,0,1
7380,1,0,1
7381,1,0,1
7382,1,0,1
7383,1,0,1
7384,1,0,1
7385,1,0,1
7386,1,0,1
7387,1,0,1
7388,1,0,1
7389,1,0,1
7390,1,0,1
7391,1,0,1
7392,1,0,1
7393,1,0,1
7394,1,0,1
7395,1,0,1
7396,1,0,1
7397,1,0,1
7398,1,0,1
7399,1,0,1
7400,1,0,1
7401,2,0,2
7402,2,0,2
7403,2,0,2
7404,2,0,2
7405,2,0,2
7406,2,0,2
7407,2,0,2
7408,2,0,2
7409,2,0,2
7410,1,0,1
7411,1,0,1
7412,1,0,1
7413,1,0,1
7414,1,0,1
7415,1,0,1
7416,1,0,1
7417,1,0,1
7418,1,0,1
7419,1,0,1
7420,1,0,1
7421,1,0,1
7422,1,0,1
7423,1,0,1
7424,1,0,1
7425,1,0,1
7426,1,0,1
7427,1,0,1
7428,1,0,1
7429,1,0,1
7430,1,0,1
7431,1,0,1
7432,1,0,1
7433,1,0,1
7434,1,0,1
7435,1,0,1
7436,1,0,1
7437,1,0,1
7438,1,0,1
7439,1,0,1
7440,1,0,1
7441,0,0,0
7442,0,0,0
7443,0,0,0
7444,0,0,0
7445,0,0,0
7446,0,0,0
7447,0,0,0
7448,0,0,0
7449,0,0,0
7450,0,0,0
7451,0,0,0
7452,0,0,0
7453,0,0,0
7454,0,0,0
7455,0,0,0
7456,0,0,0
7457,0,0,0
7458,0,0,0
7459,0,0,0
7460,0,0,0
7461,0,0,0
7462,0,0,0
7463,0,0,0
7464,0,0,0
7465,0,0,0
7466,0,0,0
7467,0,0,0
7468,0,0,0
7469,0,0,0
7470,0,0,0
7471,0,0,0
7472,0,0,0
7473,0,0,0
7474,0,0,0
7475,0,0,0
7476,0,0,0
7477,0,0,0
7478,0,0,0
7479,0,0,0
7480,0,0,0
7481,0,0,0
7482,0,0,0
7483,0,0,0
7484,0,0,0
7485,0,0,0
7486,0,0,0
7487,0,0,0
7488,0,0,0
7489,0,0,0
7490,0,0,0
7491,0,0,0
7492,0,0,0
7493,0,0,0
7494,0,0,0
7495,0,0,0
7496,0,0,0
7497,0,0,0
7498,0,0,0
7499,0,0,0
7500,0,0,0
7501,0,0,0
7502,0,0,0
7503,0,0,0
7504,0,0,0
7505,0,0,0
7506,0,0,0
7507,0,0,0
7508,0,0,0
7509,0,0,0
7510,0,0,0
7511,0,0,0
7512,1,0,1
7513,1,0,1
7514,1,0,1
7515,1,0,1
7516,1,0,1
7517,1,0,1
7518,1,0,1
7519,1,0,1
7520,1,0,1
7521,1,0,1
7522,1,0,1
7523,1,0,1
7524,1,0,1
7525,1,0,1
7526,1,0,1
7527,1,0,1
7528,1,0,1
7529,1,0,1
7530,1,0,1
7531,1,0,1
7532,1,0,1
7533,1,0,1
7534,1,0,1
7535,1,0,1
7536,1,0,1
7537,1,0,1
7538,1,0,1
7539,1,0,1
7540,1,0,1
7541,1,0,1
7542,1,0,1
7543,1,0,1
7544,1,0,1
7545,1,0,1
7546,1,0,1
7547,1,0,1
7548,0,0,0
7549,0,0,0
7550,0,0,0
7551,0,0,0
7552,0,0,0
7553,0,0,0
7554,0,0,0
7555,0,0,0
7556,0,0,0
7557,0,0,0
7558,0,0,0
7559,0,0,0
7560,1,0,1
7561,1,0,1
7562,1,0,1
7563,1,0,1
7564,1,0,1
7565,1,0,1
7566,1,0,1
7567,1,0,1
7568,1,0,1
7569,1,0,1
7570,1,0,1
7571,1,0,1
7572,1,0,1
7573,1,0,1
7574,1,0,1
7575,1,0,1
7576,1,0,1
7577,1,0,1
7578,1,0,1
7579,1,0,1
7580,1,0,1
7581,1,0,1
7582,1,0,1
7583,1,0,1
7584,1,0,1
7585,1,0,1
7586,1,0,1
7587,1,0,1
7588,1,0,1
7589,1,0,1
7590,1,0,1
7591,1,0,1
7592,1,0,1
7593,1,0,1
7594,1,0,1
7595,1,0,1
7596,0,0,0
7597,0,0,0
7598,0,0,0
7599,0,0,0
7600,0,0,0
7601,1,0,1
7602,1,0,1
7603,1,0,1
7604,1,0,1
7605,1,0,1
7606,1,0,1
7607,1,0,1
7608,1,0,1
7609,1,0,1
7610,1,0,1
7611,1,0,1
7612,1,0,1
7613,1,0,1
7614,1,0,1
7615,1,0,1
7616,1,0,1
7617,1,0,1
7618,1,0,1
7619,1,0,1
7620,1,0,1
7621,1,0,1
7622,1,0,1
7623,1,0,1
7624,1,0,1
7625,1,0,1
7626,1,0,1
7627,1,0,1
7628,1,0,1
7629,1,0,1
7630,1,0,1
7631,1,0,1
7632,1,0,1
7633,1,0,1
7634,1,0,1
7635,1,0,1
7636,1,0,1
7637,1,0,1
7638,1,0,1
7639,1,0,1
7640,1,0,1
7641,1,0,1
7642,1,0,1
7643,1,0,1
7644,1,0,1
7645,1,0,1
7646,1,0,1
7647,1,0,1
7648,1,0,1
7649,1,0,1
7650,1,0,1
7651,1,0,1
7652,1,0,1
7653,1,0,1
7654,1,0,1
7655,1,0,1
7656,1,0,1
7657,1,0,1
7658,1,0,1
7659,1,0,1
7660,1,0,1
7661,1,0,1
7662,2,0,2
7663,2,0,2
7664,2,0,2
7665,2,0,2
7666,2,0,2
7667,2,0,2
7668,2,0,2
7669,2,0,2
7670,2,0,2
7671,2,0,2
7672,2,0,2
7673,2,0,2
7674,2,0,2
7675,2,0,2
7676,2,0,2
7677,2,0,2
7678,2,0,2
7679,2,0,2
7680,2,0,2
7681,2,0,2
7682,2,0,2
7683,2,0,2
7684,2,0,2
7685,2,0,2
7686,2,0,2
7687,2,0,2
7688,2,0,2
7689,2,0,2
7690,2,0,2
7691,2,0,2
7692,1,0,1
7693,1,0,1
7694,1,0,1
7695,1,0,1
7696,1,0,1
7697,1,0,1
7698,1,0,1
7699,1,0,1
7700,1,0,1
7701,1,0,1
7702,1,0,1
7703,1,0,1
7704,1,0,1
7705,1,0,1
7706,1,0,1
7707,1,0,1
7708,1,0,1
7709,1,0,1
7710,1,0,1
7711,1,0,1
7712,1,0,1
7713,1,0,1
7714,1,0,1
7715,1,0,1
7716,1,0,1
7717,1,0,1
7718,1,0,1
7719,1,0,1
7720,1,0,1
7721,1,0,1
7722,1,0,1
7723,1,0,1
7724,1,0,1
7725,1,0,1
7726,1,0,1
7727,1,0,1
7728,1,0,1
7729,1,0,1
7730,1,0,1
7731,1,0,1
7732,1,0,1
7733,1,0,1
7734,1,0,1
7735,1,0,1
7736,1,0,1
7737,1,0,1
7738,1,0,1
7739,1,0,1
7740,1,0,1
7741,1,0,1
7742,1,0,1
7743,1,0,1
7744,1,0,1
7745,1,0,1
7746,1,0,1
7747,1,0,1
7748,1,0,1
7749,1,0,1
7750,1,0,1
7751,1,0,1
7752,1,0,1
7753,1,0,1
7754,1,0,1
7755,1,0,1
7756,1,0,1
7757,1,0,1
7758,1,0,1
7759,1,0,1
7760,1,0,1
7761,1,0,1
7762,1,0,1
7763,1,0,1
7764,1,0,1
7765,1,0,1
7766,1,0,1
7767,1,0,1
7768,1,0,1
7769,1,0,1
7770,1,0,1
7771,1,0,1
7772,1,0,1
7773,1,0,1
7774,1,0,1
7775,1,0,1
7776,1,0,1
7777,1,0,1
7778,1,0,1
7779,1,0,1
7780,1,0,1
7781,1,0,1
7782,1,0,1
7783,1,0,1
7784,1,0,1
7785,1,0,1
7786,1,0,1
7787,1,0,1
7788,1,0,1
7789,1,0,1
7790,1,0,1
7791,1,0,1
7792,1,0,1
7793,1,0,1
7794,1,0,1
7795,1,0,1
7796,1,0,1
7797,1,0,1
7798,1,0,1
7799,1,0,1
7800,1,0,1
7801,1,0,1
7802,1,0,1
7803,1,0,1
7804,1,0,1
7805,1,0,1
7806,1,0,1
7807,1,0,1
7808,1,0,1
7809,2,0,2
7810,2,0,2
7811,2,0,2
7812,2,0,2
7813,2,0,2
7814,2,0,2
7815,2,0,2
7816,1,1,2
7817,1,1,2
7818,1,1,2
7819,1,1,2
7820,1,1,2
7821,1,1,2
7822,1,1,2
7823,1,1,2
7824,1,1,2
7825,1,1,2
7826,1,1,2
7827,1,1,2
7828,1,1,2
7829,1,1,2
7830,1,1,2
7831,1,1,2
7832,1,1,2
7833,1,1,2
7834,1,1,2
7835,1,1,2
7836,1,1,2
7837,1,1,2
7838,1,1,2
7839,1,1,2
7840,1,1,2
7841,1,1,2
7842,1,1,2
7843,1,1,2
7844,1,1,2
7845,1,1,2
7846,1,1,2
7847,1,1,2
7848,1,1,2
7849,1,1,2
7850,1,1,2
7851,1,1,2
7852,1,1,2
7853,1,1,2
7854,1,1,2
7855,1,1,2
7856,1,1,2
7857,1,1,2
7858,1,1,2
7859,2,1,3
7860,2,1,3
7861,3,0,3
7862,3,0,3
7863,3,0,3
7864,2,0,2
7865,2,0,2
7866,2,0,2
7867,2,0,2
7868,2,0,2
7869,2,0,2
7870,3,0,3
7871,3,0,3
7872,3,0,3
7873,3,0,3
7874,3,0,3
7875,3,0,3
7876,3,0,3
7877,3,0,3
7878,3,0,3
7879,3,0,3
7880,3,0,3
7881,3,0,3
7882,3,0,3
7883,3,0,3
7884,3,0,3
7885,3,0,3
7886,3,0,3
7887,3,0,3
7888,3,0,3
7889,3,0,3
7890,3,0,3
7891,3,0,3
7892,3,0,3
7893,3,0,3
7894,3,0,3
7895,2,0,2
7896,3,0,3
7897,3,0,3
7898,3,0,3
7899,3,0,3
7900,3,0,3
7901,3,0,3
7902,3,0,3
7903,3,0,3
7904,3,0,3
7905,3,0,3
7906,3,0,3
7907,3,0,3
7908,3,0,3
7909,3,0,3
7910,3,0,3
7911,3,0,3
7912,3,0,3
7913,3,0,3
7914,3,0,3
7915,3,0,3
7916,3,0,3
7917,3,0,3
7918,3,0,3
7919,3,0,3
7920,3,0,3
7921,3,0,3
7922,3,0,3
7923,3,0,3
7924,3,0,3
7925,3,0,3
7926,3,0,3
7927,3,0,3
7928,3,0,3
7929,2,0,2
7930,2,0,2
7931,3,0,3
7932,2,0,2
7933,2,0,2
7934,2,0,2
7935,2,0,2
7936,2,0,2
7937,2,0,2
7938,2,0,2
7939,2,0,2
7940,2,0,2
7941,2,0,2
7942,2,0,2
7943,3,0,3
7944,3,0,3
7945,3,0,3
7946,3,0,3
7947,3,0,3
7948,4,0,4
7949,4,0,4
7950,4,0,4
7951,5,0,5
7952,5,0,5
7953,5,0,5
7954,5,0,5
7955,5,0,5
7956,5,0,5
7957,5,0,5
7958,5,0,5
7959,5,0,5
7960,5,0,5
7961,5,0,5
7962,6,0,6
7963,6,0,6
7964,6,0,6
7965,6,0,6
7966,6,0,6
7967,5,0,5
7968,6,0,6
7969,6,0,6
7970,6,0,6
7971,6,0,6
7972,5,0,5
7973,5,0,5
7974,5,0,5
7975,5,0,5
7976,5,0,5
7977,5,0,5
7978,5,0,5
7979,5,0,5
7980,5,0,5
7981,5,0,5
7982,5,0,5
7983,5,0,5
7984,4,0,4
7985,4,0,4
7986,4,0,4
7987,4,0,4
7988,4,0,4
7989,3,0,3
7990,3,0,3
7991,3,0,3
7992,3,0,3
7993,3,0,3
7994,3,0,3
7995,3,0,3
7996,3,0,3
7997,3,0,3
7998,3,0,3
7999,3,0,3
8000,3,0,3
8001,3,0,3
8002,3,0,3
8003,3,0,3
8004,3,0,3
8005,3,0,3
8006,3,0,3
8007,4,0,4
8008,4,0,4
8009,4,0,4
8010,4,0,4
8011,4,0,4
8012,4,0,4
8013,4,0,4
8014,4,0,4
8015,4,0,4
8016,4,0,4
8017,4,0,4
8018,4,0,4
8019,4,0,4
8020,4,0,4
8021,4,0,4
8022,4,0,4
8023,4,0,4
8024,4,0,4
8025,4,0,4
8026,4,0,4
8027,4,0,4
8028,4,0,4
8029,4,0,4
8030,4,0,4
8031,4,0,4
8032,4,0,4
8033,4,0,4
8034,4,0,4
8035,4,0,4
8036,4,0,4
8037,4,0,4
8038,4,0,4
8039,4,0,4
8040,4,0,4
8041,4,0,4
8042,4,0,4
8043,4,0,4
8044,4,0,4
8045,4,0,4
8046,4,0,4
8047,4,0,4
8048,4,0,4
8049,4,0,4
8050,4,0,4
8051,4,0,4
8052,4,0,4
8053,4,0,4
8054,4,0,4
8055,4,0,4
8056,4,0,4
8057,4,0,4
8058,4,0,4
8059,4,0,4
8060,4,0,4
8061,4,0,4
8062,4,0,4
8063,4,0,4
8064,4,0,4
8065,4,0,4
8066,4,0,4
8067,4,0,4
8068,4,0,4
8069,4,0,4
8070,4,0,4
8071,4,0,4
8072,4,0,4
8073,4,0,4
8074,4,0,4
8075,4,0,4
8076,4,0,4
8077,4,0,4
8078,4,0,4
8079,4,0,4
8080,4,0,4
8081,4,0,4
8082,4,0,4
8083,4,0,4
8084,4,0,4
8085,4,0,4
8086,4,0,4
8087,4,0,4
8088,4,0,4
8089,4,0,4
8090,4,0,4
8091,4,0,4
8092,4,0,4
8093,4,0,4
8094,4,0,4
8095,4,0,4
8096,3,0,3
8097,3,0,3
8098,3,0,3
8099,3,0,3
8100,3,0,3
8101,3,0,3
8102,3,0,3
8103,3,0,3
8104,3,0,3
8105,3,0,3
8106,3,0,3
8107,3,0,3
8108,3,0,3
8109,3,0,3
8110,3,0,3
8111,3,0,3
8112,3,0,3
8113,3,0,3
8114,3,0,3
8115,3,0,3
8116,3,0,3
8117,3,0,3
8118,3,0,3
8119,3,0,3
8120,3,0,3
8121,3,0,3
8122,3,0,3
8123,3,0,3
8124,3,0,3
8125,3,0,3
8126,3,0,3
8127,3,0,3
8128,3,0,3
8129,3,0,3
8130,3,0,3
8131,3,0,3
8132,3,0,3
8133,3,0,3
8134,3,0,3
8135,3,0,3
8136,3,0,3
8137,3,0,3
8138,3,0,3
8139,3,0,3
8140,3,0,3
8141,3,0,3
8142,3,0,3
8143,3,0,3
8144,3,0,3
8145,3,0,3
8146,3,0,3
8147,3,0,3
8148,3,0,3
8149,3,0,3
8150,3,0,3
8151,3,0,3
8152,3,0,3
8153,3,0,3
8154,3,0,3
8155,3,0,3
8156,3,0,3
8157,3,0,3
8158,3,0,3
8159,3,0,3
8160,3,0,3
8161,3,0,3
8162,3,0,3
8163,3,0,3
8164,3,0,3
8165,3,0,3
8166,3,0,3
8167,3,0,3
8168,3,0,3
8169,3,0,3
8170,3,0,3
8171,3,0,3
8172,3,0,3
8173,3,0,3
8174,3,0,3
8175,3,0,3
8176,3,0,3
8177,3,0,3
8178,3,0,3
8179,3,0,3
8180,3,0,3
8181,3,0,3
8182,3,0,3
8183,3,0,3
8184,3,0,3
8185,3,0,3
8186,3,0,3
8187,3,0,3
8188,3,0,3
8189,3,0,3
8190,3,0,3
8191,3,0,3
8192,3,0,3
8193,3,0,3
8194,3,0,3
8195,3,0,3
8196,3,0,3
8197,3,0,3
8198,3,0,3
8199,3,0,3
8200,3,0,3
8201,3,0,3
8202,3,0,3
8203,3,0,3
8204,3,0,3
8205,3,0,3
8206,3,0,3
8207,3,0,3
8208,3,0,3
8209,3,0,3
8210,3,0,3
8211,3,0,3
8212,3,0,3
8213,3,0,3
8214,3,0,3
8215,3,0,3
8216,3,0,3
8217,3,0,3
8218,3,0,3
8219,3,0,3
8220,3,0,3
8221,3,0,3
8222,3,0,3
8223,3,0,3
8224,3,0,3
8225,3,0,3
8226,3,0,3
8227,3,0,3
8228,3,0,3
8229,3,0,3
8230,3,0,3
8231,3,0,3
8232,3,0,3
8233,3,0,3
8234,3,0,3
8235,3,0,3
8236,3,0,3
8237,3,0,3
8238,3,0,3
8239,3,0,3
8240,3,0,3
8241,3,0,3
8242,3,0,3
8243,3,0,3
8244,3,0,3
8245,3,0,3
8246,3,0,3
8247,3,0,3
8248,3,0,3
8249,3,0,3
8250,3,0,3
8251,3,0,3
8252,3,0,3
8253,3,0,3
8254,3,0,3
8255,3,0,3
8256,3,0,3
8257,3,0,3
8258,3,0,3
8259,3,0,3
8260,3,0,3
8261,3,0,3
8262,3,0,3
8263,3,0,3
8264,3,0,3
8265,3,0,3
8266,3,0,3
8267,3,0,3
8268,3,0,3
8269,3,0,3
8270,3,0,3
8271,3,0,3
8272,3,0,3
8273,3,0,3
8274,3,0,3
8275,3,0,3
8276,3,0,3
8277,3,0,3
8278,3,0,3
8279,3,0,3
8280,3,0,3
8281,3,0,3
8282,3,0,3
8283,3,0,3
8284,3,0,3
8285,3,0,3
8286,3,0,3
8287,3,0,3
8288,3,0,3
8289,3,0,3
8290,3,0,3
8291,3,0,3
8292,3,0,3
8293,3,0,3
8294,3,0,3
8295,3,0,3
8296,3,0,3
8297,3,0,3
8298,3,0,3
8299,3,0,3
8300,3,0,3
8301,3,0,3
8302,3,0,3
8303,3,0,3
8304,3,0,3
8305,3,0,3
8306,3,0,3
8307,3,0,3
8308,3,0,3
8309,3,0,3
8310,3,0,3
8311,3,0,3
8312,3,0,3
8313,3,0,3
8314,3,0,3
8315,3,0,3
8316,3,0,3
8317,3,0,3
8318,3,0,3
8319,3,0,3
8320,3,0,3
8321,3,0,3
8322,3,0,3
8323,3,0,3
8324,3,0,3
8325,3,0,3
8326,3,0,3
8327,3,0,3
8328,3,0,3
8329,3,0,3
8330,3,0,3
8331,3,0,3
8332,3,0,3
8333,3,0,3
8334,3,0,3
8335,3,0,3
8336,3,0,3
8337,3,0,3
8338,3,0,3
8339,3,0,3
8340,3,0,3
8341,3,0,3
8342,3,0,3
8343,3,0,3
8344,3,0,3
8345,3,0,3
8346,3,0,3
8347,3,0,3
8348,3,0,3
8349,3,0,3
8350,3,0,3
8351,3,0,3
8352,3,0,3
8353,3,0,3
8354,3,0,3
8355,3,0,3
8356,3,0,3
8357,3,0,3
8358,3,0,3
8359,3,0,3
8360,3,0,3
8361,3,0,3
8362,3,0,3
8363,3,0,3
8364,3,0,3
8365,3,0,3
8366,3,0,3
8367,3,0,3
8368,3,0,3
8369,3,0,3
8370,3,0,3
8371,3,0,3
8372,3,0,3
8373,3,0,3
8374,3,0,3
8375,3,0,3
8376,3,0,3
8377,3,0,3
8378,3,0,3
8379,3,0,3
8380,3,0,3
8381,3,0,3
8382,3,0,3
8383,3,0,3
8384,3,0,3
8385,3,0,3
8386,3,0,3
8387,3,0,3
8388,3,0,3
8389,3,0,3
8390,4,0,4
8391,4,0,4
8392,4,0,4
8393,4,0,4
8394,4,0,4
8395,4,0,4
8396,4,0,4
8397,4,0,4
8398,4,0,4
8399,4,0,4
8400,4,0,4
8401,4,0,4
8402,4,0,4
8403,4,0,4
8404,4,0,4
8405,4,0,4
8406,4,0,4
8407,4,0,4
8408,4,0,4
8409,4,0,4
8410,4,0,4
8411,4,0,4
8412,4,0,4
8413,4,0,4
8414,4,0,4
8415,4,0,4
8416,4,0,4
8417,4,0,4
8418,4,0,4
8419,4,0,4
8420,4,0,4
8421,4,0,4
8422,5,0,5
8423,5,0,5
8424,5,0,5
8425,5,0,5
8426,5,0,5
8427,5,0,5
8428,5,0,5
8429,5,0,5
8430,5,0,5
8431,5,0,5
8432,5,0,5
8433,5,0,5
8434,5,0,5
8435,5,0,5
8436,5,0,5
8437,5,0,5
8438,5,0,5
8439,5,0,5
8440,5,0,5
8441,5,0,5
8442,5,0,5
8443,5,0,5
8444,5,0,5
8445,5,0,5
8446,5,0,5
8447,5,0,5
8448,5,0,5
8449,5,0,5
8450,5,0,5
8451,5,0,5
8452,5,0,5
8453,5,0,5
8454,5,0,5
8455,5,0,5
8456,5,0,5
8457,5,0,5
8458,5,0,5
8459,5,0,5
8460,4,0,4
8461,4,0,4
8462,4,0,4
8463,4,0,4
8464,4,0,4
8465,4,0,4
8466,4,0,4
8467,4,0,4
8468,4,0,4
8469,4,0,4
8470,4,0,4
8471,5,0,5
8472,5,0,5
8473,5,0,5
8474,5,0,5
8475,5,0,5
8476,5,0,5
8477,5,0,5
8478,5,0,5
8479,5,0,5
8480,5,0,5
8481,5,0,5
8482,5,0,5
8483,5,0,5
8484,5,0,5
8485,5,0,5
8486,6,0,6
8487,6,0,6
8488,6,0,6
8489,6,0,6
8490,6,0,6
8491,6,0,6
8492,6,0,6
8493,6,0,6
8494,6,0,6
8495,6,0,6
8496,6,0,6
8497,6,0,6
8498,6,0,6
8499,6,0,6
8500,6,0,6
8501,6,0,6
8502,6,0,6
8503,6,0,6
8504,6,0,6
8505,6,0,6
8506,6,0,6
8507,6,0,6
8508,6,0,6
8509,6,0,6
8510,6,0,6
8511,6,0,6
8512,6,0,6
8513,6,0,6
8514,6,0,6
8515,5,0,5
8516,4,0,4
8517,4,0,4
8518,4,0,4
8519,4,0,4
8520,4,0,4
8521,4,0,4
8522,4,0,4
8523,4,0,4
8524,4,0,4
8525,4,0,4
8526,4,0,4
8527,3,0,3
8528,3,0,3
8529,3,0,3
8530,3,0,3
8531,3,0,3
8532,4,0,4
8533,4,0,4
8534,4,0,4
8535,4,0,4
8536,4,0,4
8537,4,0,4
8538,4,0,4
8539,4,0,4
8540,4,0,4
8541,4,0,4
8542,4,0,4
8543,4,0,4
8544,4,0,4
8545,4,0,4
8546,4,0,4
8547,4,0,4
8548,4,0,4
8549,4,0,4
8550,4,0,4
8551,4,0,4
8552,4,0,4
8553,4,0,4
8554,4,0,4
8555,4,0,4
8556,4,0,4
8557,4,0,4
8558,4,0,4
8559,4,0,4
8560,4,0,4
8561,4,0,4
8562,4,0,4
8563,4,0,4
8564,4,0,4
8565,4,0,4
8566,4,0,4
8567,4,0,4
8568,4,0,4
8569,4,0,4
8570,4,0,4
8571,4,0,4
8572,4,0,4
8573,4,0,4
8574,4,0,4
8575,4,0,4
8576,4,0,4
8577,4,0,4
8578,4,0,4
8579,4,0,4
8580,4,0,4
8581,4,0,4
8582,4,0,4
8583,4,0,4
8584,4,0,4
8585,4,0,4
8586,4,0,4
8587,4,0,4
8588,4,0,4
8589,4,0,4
8590,4,0,4
8591,4,0,4
8592,4,0,4
8593,4,0,4
8594,4,0,4
8595,4,0,4
8596,4,0,4
8597,4,0,4
8598,4,0,4
8599,4,0,4
8600,4,0,4
8601,4,0,4
8602,4,0,4
8603,4,0,4
8604,4,0,4
8605,4,0,4
8606,4,0,4
8607,4,0,4
8608,4,0,4
8609,4,0,4
8610,4,0,4
8611,4,0,4
8612,4,0,4
8613,4,0,4
8614,4,0,4
8615,4,0,4
8616,4,0,4
8617,4,0,4
8618,4,0,4
8619,4,0,4
8620,4,0,4
8621,4,0,4
8622,4,0,4
8623,4,0,4
8624,4,0,4
8625,4,0,4
8626,4,0,4
8627,4,0,4
8628,4,0,4
8629,4,0,4
8630,4,0,4
8631,4,0,4
8632,4,0,4
8633,4,0,4
8634,4,0,4
8635,4,0,4
8636,4,0,4
8637,4,0,4
8638,4,0,4
8639,4,0,4
8640,4,0,4
8641,4,0,4
8642,4,0,4
8643,4,0,4
8644,4,0,4
8645,4,0,4
8646,4,0,4
8647,4,0,4
8648,4,0,4
8649,4,0,4
8650,4,0,4
8651,4,0,4
8652,4,0,4
8653,4,0,4
8654,4,0,4
8655,4,0,4
8656,4,0,4
8657,4,0,4
8658,4,0,4
8659,4,0,4
8660,4,0,4
8661,4,0,4
8662,4,0,4
8663,4,0,4
8664,4,0,4
8665,4,0,4
8666,4,0,4
8667,4,0,4
8668,4,0,4
8669,4,0,4
8670,4,0,4
8671,4,0,4
8672,4,0,4
8673,4,0,4
8674,4,0,4
8675,4,0,4
8676,4,0,4
8677,4,0,4
8678,4,0,4
8679,4,0,4
8680,4,0,4
8681,4,0,4
8682,4,0,4
8683,4,0,4
8684,4,0,4
8685,4,0,4
8686,4,0,4
8687,4,0,4
8688,4,0,4
8689,4,0,4
8690,4,0,4
8691,4,0,4
8692,4,0,4
8693,4,0,4
8694,4,0,4
8695,4,0,4
8696,3,0,3
8697,3,0,3
8698,3,0,3
8699,3,0,3
8700,3,0,3
8701,3,0,3
8702,3,0,3
8703,3,0,3
8704,3,0,3
8705,3,0,3
8706,3,0,3
8707,3,0,3
8708,3,0,3
8709,3,0,3
8710,3,0,3
8711,3,0,3
8712,3,0,3
8713,3,0,3
8714,3,0,3
8715,3,0,3
8716,3,0,3
8717,3,0,3
8718,3,0,3
8719,3,0,3
8720,3,0,3
8721,3,0,3
8722,3,0,3
8723,3,0,3
8724,3,0,3
8725,3,0,3
8726,3,0,3
8727,3,0,3
8728,3,0,3
8729,3,0,3
8730,3,0,3
8731,3,0,3
8732,3,0,3
8733,3,0,3
8734,3,0,3
8735,3,0,3
8736,3,0,3
8737,3,0,3
8738,3,0,3
8739,3,0,3
8740,3,0,3
8741,3,0,3
8742,3,0,3
8743,3,0,3
8744,3,0,3
8745,3,0,3
8746,3,0,3
8747,3,0,3
8748,3,0,3
8749,3,0,3
8750,3,0,3
8751,3,0,3
8752,3,0,3
8753,3,0,3
8754,3,0,3
8755,3,0,3
8756,3,0,3
8757,3,0,3
8758,3,0,3
8759,3,0,3
8760,3,0,3
8761,3,0,3
8762,3,0,3
8763,3,0,3
8764,3,0,3
8765,3,0,3
8766,3,0,3
8767,3,0,3
8768,3,0,3
8769,3,0,3
8770,3,0,3
8771,3,0,3
8772,3,0,3
8773,3,0,3
8774,3,0,3
8775,3,0,3
8776,3,0,3
8777,3,0,3
8778,3,0,3
8779,3,0,3
8780,3,0,3
8781,3,0,3
8782,3,0,3
8783,3,0,3
8784,3,0,3
8785,3,0,3
8786,3,0,3
8787,3,0,3
8788,3,0,3
8789,3,0,3
8790,3,0,3
8791,3,0,3
8792,3,0,3
8793,3,0,3
8794,3,0,3
8795,3,0,3
8796,3,0,3
8797,3,0,3
8798,3,0,3
8799,3,0,3
8800,3,0,3
8801,3,0,3
8802,3,0,3
8803,3,0,3
8804,3,0,3
8805,3,0,3
8806,3,0,3
8807,3,0,3
8808,3,0,3
8809,3,0,3
8810,3,0,3
8811,3,0,3
8812,3,0,3
8813,3,0,3
8814,3,0,3
8815,3,0,3
8816,3,0,3
8817,3,0,3
8818,3,0,3
8819,3,0,3
8820,3,0,3
8821,3,0,3
8822,3,0,3
8823,3,0,3
8824,3,0,3
8825,3,0,3
8826,3,0,3
8827,3,0,3
8828,3,0,3
8829,3,0,3
8830,3,0,3
8831,3,0,3
8832,3,0,3
8833,3,0,3
8834,3,0,3
8835,3,0,3
8836,3,0,3
8837,3,0,3
8838,3,0,3
8839,3,0,3
8840,3,0,3
8841,3,0,3
8842,3,0,3
8843,3,0,3
8844,3,0,3
8845,3,0,3
8846,3,0,3
8847,3,0,3
8848,3,0,3
8849,3,0,3
8850,3,0,3
8851,3,0,3
8852,3,0,3
8853,3,0,3
8854,3,0,3
8855,3,0,3
8856,3,0,3
8857,3,0,3
8858,3,0,3
8859,3,0,3
8860,3,0,3
8861,3,0,3
8862,3,0,3
8863,3,0,3
8864,3,0,3
8865,3,0,3
8866,3,0,3
8867,3,0,3
8868,3,0,3
8869,3,0,3
8870,3,0,3
8871,3,0,3
8872,3,0,3
8873,2,0,2
8874,2,0,2
8875,2,0,2
8876,2,0,2
8877,2,0,2
8878,2,0,2
8879,2,0,2
8880,2,0,2
8881,2,0,2
8882,2,0,2
8883,2,0,2
8884,2,0,2
8885,2,0,2
8886,2,0,2
8887,2,0,2
8888,2,0,2
8889,2,0,2
8890,2,0,2
8891,2,0,2
8892,2,0,2
8893,2,0,2
8894,2,0,2
8895,2,0,2
8896,2,0,2
8897,2,0,2
8898,2,0,2
8899,2,0,2
8900,2,0,2
8901,2,0,2
8902,2,0,2
8903,2,0,2
8904,2,0,2
8905,2,0,2
8906,2,0,2
8907,2,0,2
8908,2,0,2
8909,2,0,2
8910,2,0,2
8911,2,0,2
8912,2,0,2
8913,2,0,2
8914,2,0,2
8915,2,0,2
8916,2,0,2
8917,2,0,2
8918,2,0,2
8919,2,0,2
8920,2,0,2
8921,2,0,2
8922,2,0,2
8923,2,0,2
8924,2,0,2
8925,2,0,2
8926,2,0,2
8927,2,0,2
8928,2,0,2
8929,2,0,2
8930,2,0,2
8931,2,0,2
8932,2,0,2
8933,2,0,2
8934,2,0,2
8935,2,0,2
8936,2,0,2
8937,2,0,2
8938,2,0,2
8939,2,0,2
8940,2,0,2
8941,2,0,2
8942,2,0,2
8943,2,0,2
8944,2,0,2
8945,2,0,2
8946,2,0,2
8947,2,0,2
8948,2,0,2
8949,2,0,2
8950,2,0,2
8951,2,0,2
8952,2,0,2
8953,2,0,2
8954,2,0,2
8955,2,0,2
8956,2,0,2
8957,2,0,2
8958,2,0,2
8959,2,0,2
8960,2,0,2
8961,2,0,2
8962,2,0,2
8963,2,0,2
8964,2,0,2
8965,2,0,2
8966,2,0,2
8967,2,0,2
8968,3,0,3
8969,3,0,3
8970,3,0,3
8971,3,0,3
8972,3,0,3
8973,3,0,3
8974,3,0,3
8975,3,0,3
8976,3,0,3
8977,3,0,3
8978,3,0,3
8979,3,0,3
8980,3,0,3
8981,3,0,3
8982,3,0,3
8983,3,0,3
8984,3,0,3
8985,3,0,3
8986,3,0,3
8987,3,0,3
8988,3,0,3
8989,3,0,3
8990,3,0,3
8991,3,0,3
8992,3,0,3
8993,3,0,3
8994,3,0,3
8995,3,0,3
8996,4,0,4
8997,4,0,4
8998,4,0,4
8999,4,0,4
9000,4,0,4
9001,4,0,4
9002,4,0,4
9003,4,0,4
9004,4,0,4
9005,4,0,4
9006,4,0,4
9007,4,0,4
9008,4,0,4
9009,4,0,4
9010,4,0,4
9011,4,0,4
9012,3,0,3
9013,3,0,3
9014,3,0,3
9015,3,0,3
9016,3,0,3
9017,3,0,3
9018,3,0,3
9019,3,0,3
9020,3,0,3
9021,3,0,3
9022,3,0,3
9023,3,0,3
9024,3,0,3
9025,3,0,3
9026,3,0,3
9027,3,0,3
9028,3,0,3
9029,3,0,3
9030,3,0,3
9031,3,0,3
9032,3,0,3
9033,3,0,3
9034,3,0,3
9035,3,0,3
9036,3,0,3
9037,3,0,3
9038,3,0,3
9039,3,0,3
9040,3,0,3
9041,3,0,3
9042,3,0,3
9043,3,0,3
9044,3,0,3
9045,3,0,3
9046,3,0,3
9047,3,0,3
9048,3,0,3
9049,3,0,3
9050,3,0,3
9051,3,0,3
9052,3,0,3
9053,3,0,3
9054,3,0,3
9055,3,0,3
9056,3,0,3
9057,3,0,3
9058,2,0,2
9059,2,0,2
9060,2,0,2
9061,2,0,2
9062,2,0,2
9063,2,0,2
9064,2,0,2
9065,2,0,2
9066,2,0,2
9067,2,0,2
9068,2,0,2
9069,2,0,2
9070,2,0,2
9071,2,0,2
9072,2,0,2
9073,2,0,2
9074,2,0,2
9075,2,0,2
9076,2,0,2
9077,2,0,2
9078,2,0,2
9079,2,0,2
9080,2,0,2
9081,2,0,2
9082,2,0,2
9083,2,0,2
9084,2,0,2
9085,2,0,2
9086,2,0,2
9087,2,0,2
9088,2,0,2
9089,2,0,2
9090,2,0,2
9091,2,0,2
9092,2,0,2
9093,2,0,2
9094,2,0,2
9095,2,0,2
9096,2,0,2
9097,2,0,2
9098,2,0,2
9099,2,0,2
9100,2,0,2
9101,2,0,2
9102,2,0,2
9103,2,0,2
9104,2,0,2
9105,2,0,2
9106,2,0,2
9107,2,0,2
9108,2,0,2
9109,2,0,2
9110,2,0,2
9111,2,0,2
9112,2,0,2
9113,2,0,2
9114,2,0,2
9115,2,0,2
9116,2,0,2
9117,2,0,2
9118,2,0,2
9119,2,0,2
9120,2,0,2
9121,2,0,2
9122,3,0,3
9123,3,0,3
9124,3,0,3
9125,3,0,3
9126,3,0,3
9127,3,0,3
9128,3,0,3
9129,3,0,3
9130,3,0,3
9131,3,0,3
9132,3,0,3
9133,3,0,3
9134,3,0,3
9135,3,0,3
9136,3,0,3
9137,3,0,3
9138,3,0,3
9139,3,0,3
9140,3,0,3
9141,3,0,3
9142,3,0,3
9143,3,0,3
9144,3,0,3
9145,3,0,3
9146,3,0,3
9147,3,0,3
9148,3,0,3
9149,3,0,3
9150,3,0,3
9151,3,0,3
9152,3,0,3
9153,3,0,3
9154,3,0,3
9155,3,0,3
9156,3,0,3
9157,3,0,3
9158,3,0,3
9159,3,0,3
9160,3,0,3
9161,3,0,3
9162,3,0,3
9163,3,0,3
9164,3,0,3
9165,3,0,3
9166,3,0,3
9167,3,0,3
9168,3,0,3
9169,3,0,3
9170,3,0,3
9171,3,0,3
9172,3,0,3
9173,3,0,3
9174,3,0,3
9175,3,0,3
9176,3,0,3
9177,3,0,3
9178,3,0,3
9179,3,0,3
9180,3,0,3
9181,3,0,3
9182,3,0,3
9183,3,0,3
9184,3,0,3
9185,3,0,3
9186,3,0,3
9187,3,0,3
9188,3,0,3
9189,3,0,3
9190,3,0,3
9191,3,0,3
9192,3,0,3
9193,3,0,3
9194,3,0,3
9195,3,0,3
9196,3,0,3
9197,3,0,3
9198,3,0,3
9199,3,0,3
9200,3,0,3
9201,3,0,3
9202,3,0,3
9203,4,0,4
9204,4,0,4
9205,4,0,4
9206,4,0,4
9207,4,0,4
9208,4,0,4
9209,4,0,4
9210,4,0,4
9211,4,0,4
9212,4,0,4
9213,4,0,4
9214,4,0,4
9215,4,0,4
9216,4,0,4
9217,4,0,4
9218,4,0,4
9219,4,0,4
9220,4,0,4
9221,4,0,4
9222,4,0,4
9223,4,0,4
9224,4,0,4
9225,4,0,4
9226,5,0,5
9227,5,0,5
9228,5,0,5
9229,4,0,4
9230,4,0,4
9231,4,0,4
9232,4,0,4
9233,4,0,4
9234,4,0,4
9235,4,0,4
9236,4,0,4
9237,4,0,4
9238,4,0,4
9239,4,0,4
9240,4,0,4
9241,4,0,4
9242,4,0,4
9243,4,0,4
9244,4,0,4
9245,4,0,4
9246,4,0,4
9247,4,0,4
9248,4,0,4
9249,4,0,4
9250,4,0,4
9251,4,0,4
9252,4,0,4
9253,4,0,4
9254,4,0,4
9255,4,0,4
9256,4,0,4
9257,4,0,4
9258,4,0,4
9259,4,0,4
9260,4,0,4
9261,4,0,4
9262,4,0,4
9263,4,0,4
9264,4,0,4
9265,4,0,4
9266,4,0,4
9267,4,0,4
9268,3,0,3
9269,4,0,4
9270,4,0,4
9271,4,0,4
9272,4,0,4
9273,4,0,4
9274,4,0,4
9275,4,0,4
9276,4,0,4
9277,4,0,4
9278,4,0,4
9279,5,0,5
9280,5,0,5
9281,6,0,6
9282,6,0,6
9283,6,0,6
9284,5,0,5
9285,5,0,5
9286,5,0,5
9287,5,0,5
9288,5,0,5
9289,5,0,5
9290,5,0,5
9291,5,0,5
9292,5,0,5
9293,5,0,5
9294,5,0,5
9295,5,0,5
9296,5,0,5
9297,5,0,5
9298,5,0,5
9299,5,0,5
9300,5,0,5
9301,5,0,5
9302,5,0,5
9303,5,0,5
9304,5,0,5
9305,5,0,5
9306,6,0,6
9307,6,0,6
9308,6,0,6
9309,6,0,6
9310,6,0,6
9311,6,0,6
9312,6,0,6
9313,5,0,5
9314,5,0,5
9315,5,0,5
9316,5,0,5
9317,5,0,5
9318,5,0,5
9319,4,0,4
9320,4,0,4
9321,4,0,4
9322,4,0,4
9323,4,0,4
9324,4,0,4
9325,4,0,4
9326,4,0,4
9327,4,0,4
9328,4,0,4
9329,4,0,4
9330,4,0,4
9331,4,0,4
9332,4,0,4
9333,4,0,4
9334,4,0,4
9335,4,0,4
9336,4,0,4
9337,4,0,4
9338,4,0,4
9339,4,0,4
9340,4,0,4
9341,4,0,4
9342,4,0,4
9343,4,0,4
9344,4,0,4
9345,4,0,4
9346,4,0,4
9347,4,0,4
9348,4,0,4
9349,4,0,4
9350,4,0,4
9351,4,0,4
9352,4,0,4
9353,3,0,3
9354,3,0,3
9355,3,0,3
9356,3,0,3
9357,3,0,3
9358,3,0,3
9359,3,0,3
9360,3,0,3
9361,3,0,3
9362,3,0,3
9363,3,0,3
9364,3,0,3
9365,3,0,3
9366,3,0,3
9367,3,0,3
9368,3,0,3
9369,3,0,3
9370,3,0,3
9371,3,0,3
9372,3,0,3
9373,3,0,3
9374,3,0,3
9375,3,0,3
9376,3,0,3
9377,4,0,4
9378,4,0,4
9379,4,0,4
9380,4,0,4
9381,4,0,4
9382,4,0,4
9383,4,0,4
9384,4,0,4
9385,4,0,4
9386,4,0,4
9387,4,0,4
9388,4,0,4
9389,4,0,4
9390,4,0,4
9391,4,0,4
9392,4,0,4
9393,4,0,4
9394,4,0,4
9395,5,0,5
9396,5,0,5
9397,5,0,5
9398,5,0,5
9399,5,0,5
9400,5,0,5
9401,5,0,5
9402,5,0,5
9403,7,0,7
9404,7,0,7
9405,7,0,7
9406,8,0,8
9407,8,0,8
9408,8,0,8
9409,8,0,8
9410,8,0,8
9411,8,0,8
9412,8,0,8
9413,8,0,8
9414,8,0,8
9415,8,0,8
9416,8,0,8
9417,8,0,8
9418,8,0,8
9419,8,0,8
9420,8,0,8
9421,8,0,8
9422,8,0,8
9423,8,0,8
9424,8,0,8
9425,7,0,7
9426,7,0,7
9427,7,0,7
9428,7,0,7
9429,7,0,7
9430,7,0,7
9431,7,0,7
9432,7,0,7
9433,6,0,6
9434,6,0,6
9435,6,0,6
9436,6,0,6
9437,6,0,6
9438,6,0,6
9439,5,0,5
9440,5,0,5
9441,5,0,5
9442,5,0,5
9443,5,0,5
9444,5,0,5
9445,5,0,5
9446,5,0,5
9447,5,0,5
9448,5,0,5
9449,5,0,5
9450,5,0,5
9451,5,0,5
9452,5,0,5
9453,5,0,5
9454,5,0,5
9455,5,0,5
9456,5,0,5
9457,5,0,5
9458,5,0,5
9459,5,0,5
9460,5,0,5
9461,5,0,5
9462,5,0,5
9463,5,0,5
9464,5,0,5
9465,5,0,5
9466,5,0,5
9467,5,0,5
9468,5,0,5
9469,5,0,5
9470,5,0,5
9471,5,0,5
9472,5,0,5
9473,5,0,5
9474,5,0,5
9475,5,0,5
9476,5,0,5
9477,5,0,5
9478,5,0,5
9479,5,0,5
9480,5,0,5
9481,5,0,5
9482,5,0,5
9483,5,0,5
9484,5,0,5
9485,5,0,5
9486,5,0,5
9487,5,0,5
9488,5,0,5
9489,5,0,5
9490,5,0,5
9491,5,0,5
9492,5,0,5
9493,5,0,5
9494,5,0,5
9495,5,0,5
9496,5,0,5
9497,5,0,5
9498,5,0,5
9499,5,0,5
9500,5,0,5
9501,5,0,5
9502,5,0,5
9503,5,0,5
9504,5,0,5
9505,5,0,5
9506,5,0,5
9507,5,0,5
9508,5,0,5
9509,5,0,5
9510,5,0,5
9511,5,0,5
9512,5,0,5
9513,5,0,5
9514,5,0,5
9515,5,0,5
9516,5,0,5
9517,5,0,5
9518,5,0,5
9519,4,0,4
9520,4,0,4
9521,4,0,4
9522,3,0,3
9523,3,0,3
9524,3,0,3
9525,3,0,3
9526,3,0,3
9527,3,0,3
9528,3,0,3
9529,3,0,3
9530,3,0,3
9531,3,0,3
9532,3,0,3
9533,3,0,3
9534,3,0,3
9535,3,0,3
9536,3,0,3
9537,3,0,3
9538,3,0,3
9539,3,0,3
9540,3,0,3
9541,3,0,3
9542,3,0,3
9543,3,0,3
9544,3,0,3
9545,3,0,3
9546,3,0,3
9547,3,0,3
9548,3,0,3
9549,3,0,3
9550,3,0,3
9551,3,0,3
9552,2,0,2
9553,2,0,2
9554,2,0,2
9555,2,0,2
9556,2,0,2
9557,2,0,2
9558,2,0,2
9559,2,0,2
9560,2,0,2
9561,3,0,3
9562,3,0,3
9563,3,0,3
9564,3,0,3
9565,3,0,3
9566,3,0,3
9567,3,0,3
9568,3,0,3
9569,3,0,3
9570,3,0,3
9571,3,0,3
9572,3,0,3
9573,3,0,3
9574,3,0,3
9575,3,0,3
9576,3,0,3
9577,3,0,3
9578,3,0,3
9579,3,0,3
9580,3,0,3
9581,3,0,3
9582,3,0,3
9583,3,0,3
9584,3,0,3
9585,4,0,4
9586,3,0,3
9587,3,0,3
9588,3,0,3
9589,3,0,3
9590,3,0,3
9591,3,0,3
9592,3,0,3
9593,3,0,3
9594,3,0,3
9595,3,0,3
9596,3,0,3
9597,3,0,3
9598,3,0,3
9599,3,0,3
9600,3,0,3
9601,3,0,3
9602,3,0,3
9603,3,0,3
9604,3,0,3
9605,3,0,3
9606,3,0,3
9607,3,0,3
9608,3,0,3
9609,3,0,3
9610,3,0,3
9611,3,0,3
9612,3,0,3
9613,3,0,3
9614,3,0,3
9615,3,0,3
9616,3,0,3
9617,3,0,3
9618,3,0,3
9619,3,0,3
9620,3,0,3
9621,3,0,3
9622,3,0,3
9623,3,0,3
9624,3,0,3
9625,3,0,3
9626,3,0,3
9627,3,0,3
9628,3,0,3
9629,3,0,3
9630,3,0,3
9631,3,0,3
9632,3,0,3
9633,3,0,3
9634,3,0,3
9635,3,0,3
9636,3,0,3
9637,3,0,3
9638,3,0,3
9639,3,0,3
9640,3,0,3
9641,3,0,3
9642,3,0,3
9643,3,0,3
9644,4,0,4
9645,4,0,4
9646,4,0,4
9647,4,0,4
9648,4,0,4
9649,4,0,4
9650,4,0,4
9651,4,0,4
9652,4,0,4
9653,4,0,4
9654,4,0,4
9655,4,0,4
9656,4,0,4
9657,4,0,4
9658,4,0,4
9659,4,0,4
9660,4,0,4
9661,4,0,4
9662,4,0,4
9663,4,0,4
9664,4,0,4
9665,4,0,4
9666,4,0,4
9667,4,0,4
9668,4,0,4
9669,4,0,4
9670,4,0,4
9671,4,0,4
9672,4,0,4
9673,4,0,4
9674,4,0,4
9675,4,0,4
9676,4,0,4
9677,4,0,4
9678,4,0,4
9679,4,0,4
9680,4,0,4
9681,3,0,3
9682,3,0,3
9683,3,0,3
9684,3,0,3
9685,3,0,3
9686,3,0,3
9687,3,0,3
9688,3,0,3
9689,3,0,3
9690,3,0,3
9691,3,0,3
9692,3,0,3
9693,3,0,3
9694,3,0,3
9695,3,0,3
9696,3,0,3
9697,3,0,3
9698,3,0,3
9699,3,0,3
9700,3,0,3
9701,3,0,3
9702,3,0,3
9703,3,0,3
9704,3,0,3
9705,3,0,3
9706,3,0,3
9707,3,0,3
9708,3,0,3
9709,3,0,3
9710,3,0,3
9711,3,0,3
9712,3,0,3
9713,3,0,3
9714,3,0,3
9715,3,0,3
9716,3,0,3
9717,3,0,3
9718,3,0,3
9719,3,0,3
9720,3,0,3
9721,3,0,3
9722,3,0,3
9723,3,0,3
9724,3,0,3
9725,3,0,3
9726,2,0,2
9727,2,0,2
9728,2,0,2
9729,2,0,2
9730,2,0,2
9731,2,0,2
9732,2,0,2
9733,2,0,2
9734,2,0,2
9735,2,0,2
9736,3,0,3
9737,3,0,3
9738,3,0,3
9739,3,0,3
9740,3,0,3
9741,3,0,3
9742,3,0,3
9743,3,0,3
9744,3,0,3
9745,3,0,3
9746,3,0,3
9747,3,0,3
9748,3,0,3
9749,3,0,3
9750,3,0,3
9751,3,0,3
9752,3,0,3
9753,3,0,3
9754,3,0,3
9755,2,0,2
9756,1,0,1
9757,1,0,1
9758,1,0,1
9759,1,0,1
9760,1,0,1
9761,1,0,1
9762,1,0,1
9763,1,0,1
9764,1,0,1
9765,1,0,1
9766,1,0,1
9767,1,0,1
9768,1,0,1
9769,1,0,1
9770,1,0,1
9771,1,0,1
9772,1,0,1
9773,2,0,2
9774,2,0,2
9775,2,0,2
9776,2,0,2
9777,2,0,2
9778,2,0,2
9779,2,0,2
9780,2,0,2
9781,2,0,2
9782,2,0,2
9783,2,0,2
9784,2,0,2
9785,2,0,2
9786,1,0,1
9787,1,0,1
9788,1,0,1
9789,1,0,1
9790,1,0,1
9791,1,0,1
9792,1,0,1
9793,1,0,1
9794,1,0,1
9795,1,0,1
9796,1,0,1
9797,1,0,1
9798,1,0,1
9799,2,0,2
9800,2,0,2
9801,2,0,2
9802,2,0,2
9803,2,0,2
9804,2,0,2
9805,2,0,2
9806,2,0,2
9807,2,0,2
9808,2,0,2
9809,2,0,2
9810,2,0,2
9811,2,0,2
9812,2,0,2
9813,1,0,1
9814,1,0,1
9815,1,0,1
9816,1,0,1
9817,1,0,1
9818,1,0,1
9819,1,0,1
9820,1,0,1
9821,1,0,1
9822,1,0,1
9823,1,0,1
9824,1,0,1
9825,1,0,1
9826,1,0,1
9827,1,0,1
9828,1,0,1
9829,1,0,1
9830,1,0,1
9831,1,0,1
9832,1,0,1
9833,1,0,1
9834,1,0,1
9835,1,0,1
9836,1,0,1
9837,1,0,1
9838,1,0,1
9839,1,0,1
9840,1,0,1
9841,1,0,1
9842,1,0,1
9843,1,0,1
9844,1,0,1
9845,1,0,1
9846,1,0,1
9847,1,0,1
9848,1,0,1
9849,1,0,1
9850,1,0,1
9851,1,0,1
9852,1,0,1
9853,1,0,1
9854,1,0,1
9855,1,0,1
9856,1,0,1
9857,1,0,1
9858,1,0,1
9859,1,0,1
9860,1,0,1
9861,1,0,1
9862,1,0,1
9863,1,0,1
9864,1,0,1
9865,1,0,1
9866,1,0,1
9867,1,0,1
9868,1,0,1
9869,1,0,1
9870,1,0,1
9871,1,0,1
9872,1,0,1
9873,1,0,1
9874,1,0,1
9875,1,0,1
9876,1,0,1
9877,1,0,1
9878,1,0,1
9879,1,0,1
9880,1,0,1
9881,1,0,1
9882,1,0,1
9883,1,0,1
9884,1,0,1
9885,1,0,1
9886,1,0,1
9887,1,0,1
9888,1,0,1
9889,1,0,1
9890,1,0,1
9891,1,0,1
9892,1,0,1
9893,1,0,1
9894,1,0,1
9895,1,0,1
9896,1,0,1
9897,1,0,1
9898,1,0,1
9899,1,0,1
9900,1,0,1
9901,1,0,1
9902,1,0,1
9903,1,0,1
9904,1,0,1
9905,1,0,1
9906,1,0,1
9907,1,0,1
9908,1,0,1
9909,1,0,1
9910,0,0,0
9911,0,0,0
9912,0,0,0
9913,0,0,0
9914,0,0,0
