second,idle_count,walking_count,total_count
0,0,0,0
1,0,0,0
2,0,0,0
3,0,0,0
4,0,0,0
5,0,0,0
6,0,0,0
7,0,0,0
8,1,0,1
9,1,0,1
10,1,0,1
11,1,0,1
12,1,0,1
13,1,0,1
14,1,0,1
15,1,0,1
16,1,0,1
17,1,0,1
18,1,0,1
19,1,0,1
20,1,0,1
21,1,0,1
22,1,0,1
23,1,0,1
24,1,0,1
25,1,0,1
26,1,0,1
27,1,0,1
28,1,0,1
29,1,0,1
30,1,0,1
31,1,0,1
32,1,0,1
33,1,0,1
34,1,0,1
35,1,0,1
36,1,0,1
37,1,0,1
38,1,0,1
39,1,0,1
40,1,0,1
41,1,0,1
42,1,0,1
43,1,0,1
44,1,0,1
45,1,0,1
46,1,0,1
47,1,0,1
48,1,0,1
49,1,0,1
50,1,0,1
51,1,0,1
52,1,0,1
53,1,0,1
54,1,0,1
55,1,0,1
56,1,0,1
57,1,0,1
58,1,0,1
59,1,0,1
60,1,0,1
61,1,0,1
62,1,0,1
63,1,0,1
64,1,0,1
65,1,0,1
66,1,0,1
67,1,0,1
68,1,0,1
69,1,0,1
70,1,0,1
71,1,0,1
72,1,0,1
73,1,0,1
74,1,0,1
75,1,0,1
76,1,0,1
77,1,0,1
78,1,0,1
79,1,0,1
80,1,0,1
81,1,0,1
82,1,0,1
83,1,0,1
84,1,0,1
85,1,0,1
86,1,0,1
87,1,0,1
88,1,0,1
89,1,0,1
90,1,0,1
91,1,0,1
92,1,0,1
93,1,0,1
94,1,0,1
95,1,0,1
96,1,0,1
97,1,0,1
98,1,0,1
99,1,0,1
100,1,0,1
101,1,0,1
102,1,0,1
103,1,0,1
104,1,0,1
105,1,0,1
106,1,0,1
107,1,0,1
108,1,0,1
109,1,0,1
110,1,0,1
111,1,0,1
112,1,0,1
113,1,0,1
114,1,0,1
115,1,0,1
116,1,0,1
117,1,0,1
118,1,0,1
119,1,0,1
120,1,0,1
121,1,0,1
122,1,0,1
123,1,0,1
124,1,0,1
125,1,0,1
126,1,0,1
127,1,0,1
128,1,0,1
129,1,0,1
130,1,0,1
131,1,0,1
132,1,0,1
133,1,0,1
134,1,0,1
135,1,0,1
136,1,0,1
137,1,0,1
138,1,0,1
139,0,0,0
140,0,0,0
141,0,0,0
142,1,0,1
143,1,0,1
144,1,0,1
145,1,0,1
146,1,0,1
147,1,0,1
148,1,0,1
149,1,0,1
150,1,0,1
151,1,0,1
152,1,0,1
153,1,0,1
154,1,0,1
155,1,0,1
156,1,0,1
157,1,0,1
158,1,0,1
159,1,0,1
160,1,0,1
161,1,0,1
162,1,0,1
163,1,0,1
164,1,0,1
165,1,0,1
166,1,0,1
167,1,0,1
168,1,0,1
169,1,0,1
170,1,0,1
171,1,0,1
172,1,0,1
173,1,0,1
174,1,0,1
175,1,0,1
176,1,0,1
177,1,0,1
178,1,0,1
179,1,0,1
180,1,0,1
181,1,0,1
182,1,0,1
183,1,0,1
184,1,0,1
185,1,0,1
186,1,0,1
187,1,0,1
188,1,0,1
189,1,0,1
190,1,0,1
191,1,0,1
192,1,0,1
193,1,0,1
194,1,0,1
195,1,0,1
196,1,0,1
197,1,0,1
198,1,0,1
199,1,0,1
200,1,0,1
201,1,0,1
202,1,0,1
203,1,0,1
204,1,0,1
205,1,0,1
206,1,0,1
207,1,0,1
208,1,0,1
209,1,0,1
210,1,0,1
211,1,0,1
212,1,0,1
213,1,0,1
214,1,0,1
215,1,0,1
216,1,0,1
217,1,0,1
218,1,0,1
219,1,0,1
220,1,0,1
221,1,0,1
222,1,0,1
223,1,0,1
224,1,0,1
225,1,0,1
226,1,0,1
227,1,0,1
228,1,0,1
229,1,0,1
230,1,0,1
231,1,0,1
232,1,0,1
233,1,0,1
234,1,0,1
235,1,0,1
236,1,0,1
237,1,0,1
238,1,0,1
239,1,0,1
240,1,0,1
241,1,0,1
242,1,0,1
243,1,0,1
244,1,0,1
245,1,0,1
246,1,0,1
247,1,0,1
248,1,0,1
249,1,0,1
250,1,0,1
251,1,0,1
252,1,0,1
253,1,0,1
254,1,0,1
255,1,0,1
256,1,0,1
257,1,0,1
258,1,0,1
259,1,0,1
260,1,0,1
261,1,0,1
262,1,0,1
263,1,0,1
264,1,0,1
265,1,0,1
266,1,0,1
267,1,0,1
268,1,0,1
269,1,0,1
270,1,0,1
271,1,0,1
272,1,0,1
273,1,0,1
274,1,0,1
275,1,0,1
276,1,0,1
277,1,0,1
278,1,0,1
279,1,0,1
280,1,0,1
281,1,0,1
282,1,0,1
283,1,0,1
284,1,0,1
285,1,0,1
286,1,0,1
287,1,0,1
288,1,0,1
289,1,0,1
290,1,0,1
291,1,0,1
292,1,0,1
293,1,0,1
294,1,0,1
295,1,0,1
296,1,0,1
297,1,0,1
298,1,0,1
299,1,0,1
300,1,0,1
301,1,0,1
302,1,0,1
303,1,0,1
304,1,0,1
305,1,0,1
306,1,0,1
307,1,0,1
308,1,0,1
309,1,0,1
310,1,0,1
311,1,0,1
312,1,0,1
313,1,0,1
314,1,0,1
315,1,0,1
316,1,0,1
317,1,0,1
318,1,0,1
319,1,0,1
320,1,0,1
321,1,0,1
322,1,0,1
323,1,0,1
324,1,0,1
325,1,0,1
326,1,0,1
327,1,0,1
328,1,0,1
329,1,0,1
330,1,0,1
331,1,0,1
332,1,0,1
333,1,0,1
334,1,0,1
335,1,0,1
336,1,0,1
337,1,0,1
338,1,0,1
339,1,0,1
340,1,0,1
341,1,0,1
342,1,0,1
343,1,0,1
344,1,0,1
345,1,0,1
346,1,0,1
347,1,0,1
348,1,0,1
349,1,0,1
350,1,0,1
351,1,0,1
352,1,0,1
353,1,0,1
354,1,0,1
355,1,0,1
356,1,0,1
357,1,0,1
358,1,0,1
359,1,0,1
360,1,0,1
361,1,0,1
362,1,0,1
363,1,0,1
364,1,0,1
365,1,0,1
366,1,0,1
367,1,0,1
368,1,0,1
369,1,0,1
370,1,0,1
371,1,0,1
372,1,0,1
373,1,0,1
374,1,0,1
375,1,0,1
376,1,0,1
377,1,0,1
378,1,0,1
379,1,0,1
380,1,0,1
381,1,0,1
382,1,0,1
383,1,0,1
384,1,0,1
385,1,0,1
386,1,0,1
387,1,0,1
388,1,0,1
389,1,0,1
390,1,0,1
391,1,0,1
392,1,0,1
393,1,0,1
394,1,0,1
395,1,0,1
396,1,0,1
397,1,0,1
398,1,0,1
399,1,0,1
400,1,0,1
401,1,0,1
402,1,0,1
403,1,0,1
404,1,0,1
405,1,0,1
406,1,0,1
407,1,0,1
408,2,0,2
409,2,0,2
410,2,0,2
411,2,0,2
412,2,0,2
413,2,0,2
414,2,0,2
415,2,0,2
416,2,0,2
417,2,0,2
418,2,0,2
419,2,0,2
420,2,0,2
421,2,0,2
422,2,0,2
423,2,0,2
424,2,0,2
425,2,0,2
426,2,0,2
427,2,0,2
428,2,0,2
429,2,0,2
430,2,0,2
431,2,0,2
432,2,0,2
433,2,0,2
434,2,0,2
435,2,0,2
436,2,0,2
437,2,0,2
438,2,0,2
439,2,0,2
440,2,0,2
441,2,0,2
442,2,0,2
443,2,0,2
444,1,0,1
445,1,0,1
446,1,0,1
447,1,0,1
448,1,0,1
449,1,0,1
450,1,0,1
451,1,0,1
452,1,0,1
453,1,0,1
454,1,0,1
455,1,0,1
456,1,0,1
457,1,0,1
458,1,0,1
459,1,0,1
460,1,0,1
461,1,0,1
462,1,0,1
463,1,0,1
464,1,0,1
465,1,0,1
466,1,0,1
467,1,0,1
468,1,0,1
469,1,0,1
470,1,0,1
471,1,0,1
472,1,0,1
473,1,0,1
474,1,0,1
475,1,0,1
476,1,0,1
477,1,0,1
478,1,0,1
479,1,0,1
480,1,0,1
481,2,0,2
482,2,0,2
483,2,0,2
484,2,0,2
485,2,0,2
486,2,0,2
487,2,0,2
488,2,0,2
489,2,0,2
490,2,0,2
491,1,0,1
492,1,0,1
493,1,0,1
494,1,0,1
495,1,0,1
496,1,0,1
497,1,0,1
498,1,0,1
499,1,0,1
500,1,0,1
501,1,0,1
502,1,0,1
503,1,0,1
504,1,0,1
505,1,0,1
506,1,0,1
507,1,0,1
508,1,0,1
509,1,0,1
510,1,0,1
511,1,0,1
512,1,0,1
513,1,0,1
514,1,0,1
515,1,0,1
516,1,0,1
517,1,0,1
518,1,0,1
519,1,0,1
520,1,0,1
521,0,0,0
522,0,0,0
523,0,0,0
524,0,0,0
525,0,0,0
526,0,0,0
527,0,0,0
528,0,0,0
529,0,0,0
530,0,0,0
531,0,0,0
532,0,0,0
533,0,0,0
534,0,0,0
535,0,0,0
536,0,0,0
537,0,0,0
538,0,0,0
539,0,0,0
540,0,0,0
541,1,0,1
542,1,0,1
543,1,0,1
544,1,0,1
545,1,0,1
546,1,0,1
547,1,0,1
548,1,0,1
549,1,0,1
550,1,0,1
551,1,0,1
552,1,0,1
553,1,0,1
554,1,0,1
555,1,0,1
556,1,0,1
557,1,0,1
558,1,0,1
559,1,0,1
560,1,0,1
561,1,0,1
562,1,0,1
563,1,0,1
564,1,0,1
565,1,0,1
566,1,0,1
567,1,0,1
568,1,0,1
569,1,0,1
570,1,0,1
571,1,0,1
572,1,0,1
573,1,0,1
574,1,0,1
575,1,0,1
576,1,0,1
577,1,0,1
578,1,0,1
579,1,0,1
580,1,0,1
581,1,0,1
582,1,0,1
583,1,0,1
584,1,0,1
585,1,0,1
586,1,0,1
587,1,0,1
588,1,0,1
589,1,0,1
590,1,0,1
591,1,0,1
592,1,0,1
593,1,0,1
594,1,0,1
595,1,0,1
596,1,0,1
597,1,0,1
598,1,0,1
599,1,0,1
600,1,0,1
601,1,0,1
602,1,0,1
603,1,0,1
604,1,0,1
605,1,0,1
606,1,0,1
607,1,0,1
608,1,0,1
609,1,0,1
610,1,0,1
611,1,0,1
612,1,0,1
613,1,0,1
614,1,0,1
615,1,0,1
616,1,0,1
617,1,0,1
618,1,0,1
619,1,0,1
620,1,0,1
621,1,0,1
622,1,0,1
623,1,0,1
624,1,0,1
625,1,0,1
626,1,0,1
627,1,0,1
628,1,0,1
629,1,0,1
630,1,0,1
631,1,0,1
632,1,0,1
633,1,0,1
634,1,0,1
635,1,0,1
636,1,0,1
637,1,0,1
638,1,0,1
639,1,0,1
640,1,0,1
641,1,0,1
642,1,0,1
643,1,0,1
644,1,0,1
645,1,0,1
646,1,0,1
647,1,0,1
648,1,0,1
649,1,0,1
650,1,0,1
651,1,0,1
652,1,0,1
653,1,0,1
654,1,0,1
655,1,0,1
656,1,0,1
657,1,0,1
658,1,0,1
659,1,0,1
660,1,0,1
661,1,0,1
662,1,0,1
663,1,0,1
664,1,0,1
665,1,0,1
666,1,0,1
667,1,0,1
668,1,0,1
669,1,0,1
670,1,0,1
671,1,0,1
672,1,0,1
673,1,0,1
674,1,0,1
675,1,0,1
676,1,0,1
677,1,0,1
678,1,0,1
679,1,0,1
680,1,0,1
681,1,0,1
682,1,0,1
683,1,0,1
684,1,0,1
685,1,0,1
686,1,0,1
687,1,0,1
688,1,0,1
689,1,0,1
690,1,0,1
691,1,0,1
692,1,0,1
693,1,0,1
694,1,0,1
695,1,0,1
696,1,0,1
697,1,0,1
698,1,0,1
699,1,0,1
700,1,0,1
701,1,0,1
702,1,0,1
703,1,0,1
704,1,0,1
705,1,0,1
706,1,0,1
707,1,0,1
708,1,0,1
709,1,0,1
710,1,0,1
711,1,0,1
712,1,0,1
713,1,0,1
714,1,0,1
715,1,0,1
716,1,0,1
717,1,0,1
718,1,0,1
719,1,0,1
720,1,0,1
721,1,0,1
722,1,0,1
723,1,0,1
724,1,0,1
725,1,0,1
726,1,0,1
727,1,0,1
728,1,0,1
729,1,0,1
730,1,0,1
731,1,0,1
732,1,0,1
733,1,0,1
734,1,0,1
735,1,0,1
736,1,0,1
737,1,0,1
738,1,0,1
739,1,0,1
740,1,0,1
741,1,0,1
742,1,0,1
743,1,0,1
744,1,0,1
745,1,0,1
746,1,0,1
747,1,0,1
748,1,0,1
749,1,0,1
750,1,0,1
751,1,0,1
752,1,0,1
753,1,0,1
754,1,0,1
755,1,0,1
756,1,0,1
757,1,0,1
758,1,0,1
759,1,0,1
760,1,0,1
761,1,0,1
762,1,0,1
763,1,0,1
764,1,0,1
765,1,0,1
766,1,0,1
767,1,0,1
768,1,0,1
769,1,0,1
770,1,0,1
771,1,0,1
772,1,0,1
773,1,0,1
774,1,0,1
775,1,0,1
776,1,0,1
777,1,0,1
778,1,0,1
779,1,0,1
780,1,0,1
781,1,0,1
782,1,0,1
783,1,0,1
784,1,0,1
785,1,0,1
786,1,0,1
787,1,0,1
788,1,0,1
789,1,0,1
790,1,0,1
791,1,0,1
792,1,0,1
793,1,0,1
794,1,0,1
795,1,0,1
796,1,0,1
797,1,0,1
798,1,0,1
799,1,0,1
800,1,0,1
801,1,0,1
802,1,0,1
803,1,0,1
804,1,0,1
805,1,0,1
806,1,0,1
807,1,0,1
808,1,0,1
809,1,0,1
810,1,0,1
811,1,0,1
812,1,0,1
813,1,0,1
814,1,0,1
815,1,0,1
816,1,0,1
817,1,0,1
818,1,0,1
819,1,0,1
820,1,0,1
821,1,0,1
822,1,0,1
823,1,0,1
824,1,0,1
825,1,0,1
826,1,0,1
827,1,0,1
828,1,0,1
829,1,0,1
830,1,0,1
831,1,0,1
832,1,0,1
833,1,0,1
834,1,0,1
835,1,0,1
836,1,0,1
837,1,0,1
838,1,0,1
839,1,0,1
840,1,0,1
841,1,0,1
842,1,0,1
843,1,0,1
844,1,0,1
845,1,0,1
846,1,0,1
847,1,0,1
848,1,0,1
849,1,0,1
850,1,0,1
851,1,0,1
852,1,0,1
853,1,0,1
854,1,0,1
855,1,0,1
856,1,0,1
857,1,0,1
858,1,0,1
859,1,0,1
860,1,0,1
861,1,0,1
862,1,0,1
863,1,0,1
864,1,0,1
865,1,0,1
866,1,0,1
867,1,0,1
868,1,0,1
869,1,0,1
870,1,0,1
871,1,0,1
872,1,0,1
873,1,0,1
874,1,0,1
875,1,0,1
876,1,0,1
877,1,0,1
878,1,0,1
879,1,0,1
880,1,0,1
881,1,0,1
882,1,0,1
883,1,0,1
884,1,0,1
885,1,0,1
886,1,0,1
887,1,0,1
888,1,0,1
889,1,0,1
890,1,0,1
891,1,0,1
892,1,0,1
893,1,0,1
894,1,0,1
895,1,0,1
896,1,0,1
897,1,0,1
898,1,0,1
899,1,0,1
900,1,0,1
901,1,0,1
902,1,0,1
903,1,0,1
904,1,0,1
905,1,0,1
906,1,0,1
907,1,0,1
908,1,0,1
909,1,0,1
910,1,0,1
911,1,0,1
912,1,0,1
913,1,0,1
914,1,0,1
915,1,0,1
916,1,0,1
917,1,0,1
918,1,0,1
919,1,0,1
920,1,0,1
921,1,0,1
922,1,0,1
923,1,0,1
924,1,0,1
925,1,0,1
926,1,0,1
927,1,0,1
928,1,0,1
929,1,0,1
930,1,0,1
931,1,0,1
932,1,0,1
933,1,0,1
934,1,0,1
935,1,0,1
936,1,0,1
937,1,0,1
938,1,0,1
939,1,0,1
940,1,0,1
941,1,0,1
942,1,0,1
943,1,0,1
944,1,0,1
945,1,0,1
946,1,0,1
947,1,0,1
948,1,0,1
949,1,0,1
950,1,0,1
951,1,0,1
952,1,0,1
953,1,0,1
954,1,0,1
955,1,0,1
956,1,0,1
957,1,0,1
958,1,0,1
959,1,0,1
960,1,0,1
961,1,0,1
962,1,0,1
963,1,0,1
964,1,0,1
965,1,0,1
966,1,0,1
967,1,0,1
968,1,0,1
969,1,0,1
970,1,0,1
971,1,0,1
972,1,0,1
973,1,0,1
974,1,0,1
975,2,0,2
976,2,0,2
977,2,0,2
978,2,0,2
979,2,0,2
980,2,0,2
981,2,0,2
982,2,0,2
983,2,0,2
984,2,0,2
985,2,0,2
986,2,0,2
987,2,0,2
988,2,0,2
989,1,0,1
990,1,0,1
991,1,0,1
992,1,0,1
993,1,0,1
994,1,0,1
995,1,0,1
996,1,0,1
997,1,0,1
998,1,0,1
999,1,0,1
1000,1,0,1
1001,1,0,1
1002,1,0,1
1003,1,0,1
1004,1,0,1
1005,1,0,1
1006,1,0,1
1007,1,0,1
1008,1,0,1
1009,1,0,1
1010,1,0,1
1011,1,0,1
1012,1,0,1
1013,1,0,1
1014,1,0,1
1015,1,0,1
1016,1,0,1
1017,1,0,1
1018,1,0,1
1019,1,0,1
1020,1,0,1
1021,1,0,1
1022,1,0,1
1023,1,0,1
1024,1,0,1
1025,1,0,1
1026,1,0,1
1027,1,0,1
1028,1,0,1
1029,1,0,1
1030,1,0,1
1031,1,0,1
1032,1,0,1
1033,1,0,1
1034,1,0,1
1035,1,0,1
1036,1,0,1
1037,1,0,1
1038,1,0,1
1039,1,0,1
1040,1,0,1
1041,1,0,1
1042,1,0,1
1043,1,0,1
1044,1,0,1
1045,1,0,1
1046,1,0,1
1047,1,0,1
1048,1,0,1
1049,1,0,1
1050,1,0,1
1051,1,0,1
1052,1,0,1
1053,1,0,1
1054,1,0,1
1055,1,0,1
1056,1,0,1
1057,1,0,1
1058,1,0,1
1059,1,0,1
1060,1,0,1
1061,1,0,1
1062,1,0,1
1063,1,0,1
1064,1,0,1
1065,1,0,1
1066,1,0,1
1067,1,0,1
1068,1,0,1
1069,1,0,1
1070,1,0,1
1071,1,0,1
1072,1,0,1
1073,1,0,1
1074,1,0,1
1075,1,0,1
1076,1,0,1
1077,1,0,1
1078,1,0,1
1079,1,0,1
1080,1,0,1
1081,1,0,1
1082,1,0,1
1083,1,0,1
1084,1,0,1
1085,1,0,1
1086,1,0,1
1087,1,0,1
1088,1,0,1
1089,1,0,1
1090,1,0,1
1091,1,0,1
1092,1,0,1
1093,1,0,1
1094,1,0,1
1095,1,0,1
1096,1,0,1
1097,1,0,1
1098,1,0,1
1099,1,0,1
1100,1,0,1
1101,1,0,1
1102,1,0,1
1103,1,0,1
1104,1,0,1
1105,1,0,1
1106,1,0,1
1107,1,0,1
1108,1,0,1
1109,1,0,1
1110,1,0,1
1111,1,0,1
1112,1,0,1
1113,1,0,1
1114,1,0,1
1115,1,0,1
1116,1,0,1
1117,1,0,1
1118,1,0,1
1119,1,0,1
1120,1,0,1
1121,1,0,1
1122,0,0,0
1123,0,0,0
1124,0,0,0
1125,0,0,0
1126,0,0,0
1127,0,0,0
1128,0,0,0
1129,0,0,0
1130,0,0,0
1131,0,0,0
1132,0,0,0
1133,0,0,0
1134,0,0,0
1135,0,0,0
1136,1,0,1
1137,1,0,1
1138,1,0,1
1139,1,0,1
1140,1,0,1
1141,1,0,1
1142,1,0,1
1143,1,0,1
1144,1,0,1
1145,1,0,1
1146,1,0,1
1147,1,0,1
1148,1,0,1
1149,1,0,1
1150,1,0,1
1151,1,0,1
1152,1,0,1
1153,1,0,1
1154,1,0,1
1155,1,0,1
1156,1,0,1
1157,1,0,1
1158,1,0,1
1159,1,0,1
1160,1,0,1
1161,1,0,1
1162,1,0,1
1163,1,0,1
1164,1,0,1
1165,1,0,1
1166,1,0,1
1167,1,0,1
1168,1,0,1
1169,1,0,1
1170,1,0,1
1171,1,0,1
1172,1,0,1
1173,1,0,1
1174,1,0,1
1175,1,0,1
1176,1,0,1
1177,1,0,1
1178,1,0,1
1179,1,0,1
1180,1,0,1
1181,1,0,1
1182,1,0,1
1183,1,0,1
1184,1,0,1
1185,1,0,1
1186,1,0,1
1187,1,0,1
1188,1,0,1
1189,1,0,1
1190,1,0,1
1191,1,0,1
1192,1,0,1
1193,1,0,1
1194,1,0,1
1195,1,0,1
1196,1,0,1
1197,1,0,1
1198,1,0,1
1199,1,0,1
1200,1,0,1
1201,1,0,1
1202,0,0,0
1203,0,0,0
1204,0,0,0
1205,0,0,0
1206,0,0,0
1207,0,0,0
1208,0,0,0
1209,0,0,0
1210,0,0,0
1211,0,0,0
1212,0,0,0
1213,0,0,0
1214,0,0,0
1215,0,0,0
1216,0,0,0
1217,0,0,0
1218,0,0,0
1219,0,0,0
1220,0,0,0
1221,0,0,0
1222,0,0,0
1223,0,0,0
1224,0,0,0
1225,0,0,0
1226,0,0,0
1227,0,0,0
1228,0,0,0
1229,0,0,0
1230,0,0,0
1231,0,0,0
1232,0,0,0
1233,0,0,0
1234,0,0,0
1235,0,0,0
1236,0,0,0
1237,0,0,0
1238,0,0,0
1239,0,0,0
1240,0,0,0
1241,0,0,0
1242,0,0,0
1243,0,0,0
1244,0,0,0
1245,0,0,0
1246,0,0,0
1247,0,0,0
1248,0,0,0
1249,0,0,0
1250,0,0,0
1251,0,0,0
1252,0,0,0
1253,0,0,0
1254,0,0,0
1255,0,0,0
1256,0,0,0
1257,0,0,0
1258,0,0,0
1259,0,0,0
1260,0,0,0
1261,0,0,0
1262,0,0,0
1263,0,0,0
1264,0,0,0
1265,0,0,0
1266,0,0,0
1267,0,0,0
1268,0,0,0
1269,0,0,0
1270,0,0,0
1271,0,0,0
1272,0,0,0
1273,0,0,0
1274,0,0,0
1275,0,0,0
1276,0,0,0
1277,0,0,0
1278,0,0,0
1279,0,0,0
1280,0,0,0
1281,0,0,0
1282,0,0,0
1283,0,0,0
1284,0,0,0
1285,0,0,0
1286,0,0,0
1287,0,0,0
1288,0,0,0
1289,0,0,0
1290,0,0,0
1291,0,0,0
1292,0,0,0
1293,0,0,0
1294,0,0,0
1295,0,0,0
1296,0,0,0
1297,0,0,0
1298,0,0,0
1299,0,0,0
1300,0,0,0
1301,0,0,0
1302,0,0,0
1303,0,0,0
1304,0,0,0
1305,0,0,0
1306,0,0,0
1307,0,0,0
1308,0,0,0
1309,0,0,0
1310,0,0,0
1311,0,0,0
1312,0,0,0
1313,0,0,0
1314,0,0,0
1315,0,0,0
1316,0,0,0
1317,0,0,0
1318,0,0,0
1319,0,0,0
1320,0,0,0
1321,0,0,0
1322,0,0,0
1323,0,0,0
1324,0,0,0
1325,0,0,0
1326,0,0,0
1327,0,0,0
1328,0,0,0
1329,0,0,0
1330,0,0,0
1331,0,0,0
1332,0,0,0
1333,0,0,0
1334,0,0,0
1335,0,0,0
1336,0,0,0
1337,0,0,0
1338,0,0,0
1339,0,0,0
1340,0,0,0
1341,0,0,0
1342,0,0,0
1343,0,0,0
1344,0,0,0
1345,0,0,0
1346,0,0,0
1347,0,0,0
1348,0,0,0
1349,0,0,0
1350,0,0,0
1351,0,0,0
1352,0,0,0
1353,0,0,0
1354,0,0,0
1355,0,0,0
1356,0,0,0
1357,0,0,0
1358,0,0,0
1359,0,0,0
1360,0,0,0
1361,0,0,0
1362,0,0,0
1363,0,0,0
1364,0,0,0
1365,0,0,0
1366,0,0,0
1367,0,0,0
1368,0,0,0
1369,0,0,0
1370,0,0,0
1371,0,0,0
1372,0,0,0
1373,0,0,0
1374,0,0,0
1375,0,0,0
1376,0,0,0
1377,0,0,0
1378,0,0,0
1379,0,0,0
1380,0,0,0
1381,0,0,0
1382,0,0,0
1383,0,0,0
1384,0,0,0
1385,0,0,0
1386,0,0,0
1387,0,0,0
1388,0,0,0
1389,0,0,0
1390,0,0,0
1391,0,0,0
1392,0,0,0
1393,0,0,0
1394,0,0,0
1395,0,0,0
1396,0,0,0
1397,0,0,0
1398,0,0,0
1399,0,0,0
1400,0,0,0
1401,0,0,0
1402,0,0,0
1403,0,0,0
1404,0,0,0
1405,0,0,0
1406,0,0,0
1407,0,0,0
1408,0,0,0
1409,0,0,0
1410,0,0,0
1411,0,0,0
1412,0,0,0
1413,0,0,0
1414,0,0,0
1415,0,0,0
1416,0,0,0
1417,0,0,0
1418,0,0,0
1419,0,0,0
1420,0,0,0
1421,0,0,0
1422,0,0,0
1423,0,0,0
1424,0,0,0
1425,0,0,0
1426,0,0,0
1427,0,0,0
1428,0,0,0
1429,0,0,0
1430,0,0,0
1431,0,0,0
1432,0,0,0
1433,0,0,0
1434,0,0,0
1435,0,0,0
1436,0,0,0
1437,0,0,0
1438,0,0,0
1439,0,0,0
1440,0,0,0
1441,0,0,0
1442,0,0,0
1443,0,0,0
1444,0,0,0
1445,0,0,0
1446,0,0,0
1447,0,0,0
1448,0,0,0
1449,0,0,0
1450,0,0,0
1451,0,0,0
1452,0,0,0
1453,0,0,0
1454,0,0,0
1455,0,0,0
1456,0,0,0
1457,0,0,0
1458,0,0,0
1459,0,0,0
1460,0,0,0
1461,0,0,0
1462,0,0,0
1463,0,0,0
1464,0,0,0
1465,0,0,0
1466,0,0,0
1467,0,0,0
1468,0,0,0
1469,0,0,0
1470,0,0,0
1471,0,0,0
1472,0,0,0
1473,0,0,0
1474,0,0,0
1475,0,0,0
1476,0,0,0
1477,0,0,0
1478,0,0,0
1479,0,0,0
1480,0,0,0
1481,0,0,0
1482,0,0,0
1483,1,0,1
1484,1,0,1
1485,1,0,1
1486,1,0,1
1487,1,0,1
1488,1,0,1
1489,1,0,1
1490,1,0,1
1491,1,0,1
1492,1,0,1
1493,1,0,1
1494,1,0,1
1495,1,0,1
1496,1,0,1
1497,1,0,1
1498,1,0,1
1499,1,0,1
1500,1,0,1
1501,1,0,1
1502,1,0,1
1503,1,0,1
1504,1,0,1
1505,1,0,1
1506,1,0,1
1507,1,0,1
1508,1,0,1
1509,1,0,1
1510,1,0,1
1511,1,0,1
1512,1,0,1
1513,1,0,1
1514,1,0,1
1515,1,0,1
1516,1,0,1
1517,1,0,1
1518,1,0,1
1519,1,0,1
1520,1,0,1
1521,1,0,1
1522,1,0,1
1523,1,0,1
1524,1,0,1
1525,1,0,1
1526,1,0,1
1527,1,0,1
1528,1,0,1
1529,1,0,1
1530,1,0,1
1531,1,0,1
1532,1,0,1
1533,1,0,1
1534,1,0,1
1535,1,0,1
1536,1,0,1
1537,1,0,1
1538,1,0,1
1539,1,0,1
1540,1,0,1
1541,1,0,1
1542,1,0,1
1543,1,0,1
1544,1,0,1
1545,1,0,1
1546,1,0,1
1547,1,0,1
1548,1,0,1
1549,1,0,1
1550,1,0,1
1551,1,0,1
1552,1,0,1
1553,1,0,1
1554,1,0,1
1555,1,0,1
1556,1,0,1
1557,1,0,1
1558,1,0,1
1559,1,0,1
1560,1,0,1
1561,1,0,1
1562,1,0,1
1563,1,0,1
1564,1,0,1
1565,1,0,1
1566,1,0,1
1567,1,0,1
1568,1,0,1
1569,1,0,1
1570,1,0,1
1571,1,0,1
1572,1,0,1
1573,1,0,1
1574,1,0,1
1575,1,0,1
1576,1,0,1
1577,1,0,1
1578,1,0,1
1579,1,0,1
1580,1,0,1
1581,1,0,1
1582,1,0,1
1583,1,0,1
1584,0,0,0
1585,0,0,0
1586,0,0,0
1587,0,0,0
1588,0,0,0
1589,0,0,0
1590,0,0,0
1591,0,0,0
1592,0,0,0
1593,0,0,0
1594,0,0,0
1595,0,0,0
1596,0,0,0
1597,0,0,0
1598,0,0,0
1599,0,0,0
1600,0,0,0
1601,0,0,0
1602,0,0,0
1603,0,0,0
1604,0,0,0
1605,0,0,0
1606,0,0,0
1607,0,0,0
1608,0,0,0
1609,0,0,0
1610,0,0,0
1611,0,0,0
1612,0,0,0
1613,0,0,0
1614,0,0,0
1615,0,0,0
1616,0,0,0
1617,0,0,0
1618,0,0,0
1619,0,0,0
1620,0,0,0
1621,0,0,0
1622,0,0,0
1623,0,0,0
1624,0,0,0
1625,0,0,0
1626,0,0,0
1627,0,0,0
1628,0,0,0
1629,0,0,0
1630,0,0,0
1631,0,0,0
1632,0,0,0
1633,0,0,0
1634,0,0,0
1635,0,0,0
1636,0,0,0
1637,0,0,0
1638,0,0,0
1639,0,0,0
1640,0,0,0
1641,0,0,0
1642,0,0,0
1643,0,0,0
1644,0,0,0
1645,0,0,0
1646,0,0,0
1647,0,0,0
1648,0,0,0
1649,0,0,0
1650,0,0,0
1651,0,0,0
1652,0,0,0
1653,0,0,0
1654,0,0,0
1655,0,0,0
1656,0,0,0
1657,0,0,0
1658,0,0,0
1659,0,0,0
1660,0,0,0
1661,0,0,0
1662,0,0,0
1663,0,0,0
1664,0,0,0
1665,0,0,0
1666,0,0,0
1667,0,0,0
1668,0,0,0
1669,0,0,0
1670,0,0,0
1671,0,0,0
1672,0,0,0
1673,0,0,0
1674,0,0,0
1675,0,0,0
1676,0,0,0
1677,0,0,0
1678,0,0,0
1679,0,0,0
1680,0,0,0
1681,0,0,0
1682,0,0,0
1683,0,0,0
1684,0,0,0
1685,0,0,0
1686,0,0,0
1687,0,0,0
1688,0,0,0
1689,0,0,0
1690,0,0,0
1691,0,0,0
1692,0,0,0
1693,0,0,0
1694,0,0,0
1695,0,0,0
1696,0,0,0
1697,0,0,0
1698,0,0,0
1699,0,0,0
1700,0,0,0
1701,0,0,0
1702,0,0,0
1703,0,0,0
1704,0,0,0
1705,0,0,0
1706,0,0,0
1707,0,0,0
1708,0,0,0
1709,0,0,0
1710,0,0,0
1711,0,0,0
1712,0,0,0
1713,0,0,0
1714,0,0,0
1715,0,0,0
1716,0,0,0
1717,0,0,0
1718,0,0,0
1719,0,0,0
1720,0,0,0
1721,0,0,0
1722,0,0,0
1723,0,0,0
1724,0,0,0
1725,0,0,0
1726,0,0,0
1727,0,0,0
1728,0,0,0
1729,0,0,0
1730,0,0,0
1731,0,0,0
1732,0,0,0
1733,0,0,0
1734,0,0,0
1735,0,0,0
1736,0,0,0
1737,0,0,0
1738,0,0,0
1739,0,0,0
1740,0,0,0
1741,0,0,0
1742,0,0,0
1743,0,0,0
1744,0,0,0
1745,0,0,0
1746,0,0,0
1747,0,0,0
1748,0,0,0
1749,0,0,0
1750,0,0,0
1751,0,0,0
1752,0,0,0
1753,0,0,0
1754,0,0,0
1755,0,0,0
1756,0,0,0
1757,0,0,0
1758,0,0,0
1759,0,0,0
1760,0,0,0
1761,0,0,0
1762,0,0,0
1763,0,0,0
1764,0,0,0
1765,0,0,0
1766,0,0,0
1767,0,0,0
1768,0,0,0
1769,0,0,0
1770,0,0,0
1771,0,0,0
1772,0,0,0
1773,0,0,0
1774,0,0,0
1775,0,0,0
1776,0,0,0
1777,0,0,0
1778,0,0,0
1779,0,0,0
1780,0,0,0
1781,0,0,0
1782,0,0,0
1783,0,0,0
1784,0,0,0
1785,0,0,0
1786,0,0,0
1787,0,0,0
1788,0,0,0
1789,0,0,0
1790,0,0,0
1791,0,0,0
1792,0,0,0
1793,0,0,0
1794,0,0,0
1795,0,0,0
1796,0,0,0
1797,0,0,0
1798,0,0,0
1799,0,0,0
1800,0,0,0
1801,0,0,0
1802,0,0,0
1803,0,0,0
1804,0,0,0
1805,0,0,0
1806,0,0,0
1807,0,0,0
1808,0,0,0
1809,0,0,0
1810,0,0,0
1811,0,0,0
1812,0,0,0
1813,0,0,0
1814,0,0,0
1815,0,0,0
1816,0,0,0
1817,0,0,0
1818,0,0,0
1819,0,0,0
1820,0,0,0
1821,0,0,0
1822,0,0,0
1823,0,0,0
1824,0,0,0
1825,0,0,0
1826,0,0,0
1827,0,0,0
1828,0,0,0
1829,0,0,0
1830,0,0,0
1831,0,0,0
1832,0,0,0
1833,0,0,0
1834,0,0,0
1835,0,0,0
1836,0,0,0
1837,0,0,0
1838,0,0,0
1839,0,0,0
1840,0,0,0
1841,0,0,0
1842,0,0,0
1843,0,0,0
1844,0,0,0
1845,0,0,0
1846,0,0,0
1847,0,0,0
1848,0,0,0
1849,0,0,0
1850,0,0,0
1851,0,0,0
1852,0,0,0
1853,0,0,0
1854,0,0,0
1855,0,0,0
1856,0,0,0
1857,0,0,0
1858,0,0,0
1859,0,0,0
1860,0,0,0
1861,0,0,0
1862,0,0,0
1863,0,0,0
1864,0,0,0
1865,0,0,0
1866,0,0,0
1867,0,0,0
1868,0,0,0
1869,0,0,0
1870,0,0,0
1871,0,0,0
1872,0,0,0
1873,0,0,0
1874,0,0,0
1875,0,0,0
1876,0,0,0
1877,0,0,0
1878,0,0,0
1879,0,0,0
1880,0,0,0
1881,0,0,0
1882,0,0,0
1883,0,0,0
1884,0,0,0
1885,0,0,0
1886,0,0,0
1887,0,0,0
1888,0,0,0
1889,0,0,0
1890,0,0,0
1891,0,0,0
1892,0,0,0
1893,0,0,0
1894,0,0,0
1895,0,0,0
1896,0,0,0
1897,0,0,0
1898,0,0,0
1899,0,0,0
1900,0,0,0
1901,0,0,0
1902,0,0,0
1903,0,0,0
1904,0,0,0
1905,0,0,0
1906,0,0,0
1907,0,0,0
1908,0,0,0
1909,0,0,0
1910,0,0,0
1911,0,0,0
1912,0,0,0
1913,0,0,0
1914,0,0,0
1915,0,0,0
1916,0,0,0
1917,0,0,0
1918,0,0,0
1919,0,0,0
1920,0,0,0
1921,0,0,0
1922,0,0,0
1923,0,0,0
1924,0,0,0
1925,0,0,0
1926,0,0,0
1927,0,0,0
1928,0,0,0
1929,0,0,0
1930,0,0,0
1931,0,0,0
1932,0,0,0
1933,0,0,0
1934,0,0,0
1935,0,0,0
1936,0,0,0
1937,0,0,0
1938,0,0,0
1939,0,0,0
1940,0,0,0
1941,0,0,0
1942,0,0,0
1943,0,0,0
1944,0,0,0
1945,0,0,0
1946,0,0,0
1947,0,0,0
1948,0,0,0
1949,0,0,0
1950,0,0,0
1951,0,0,0
1952,0,0,0
1953,0,0,0
1954,0,0,0
1955,0,0,0
1956,0,0,0
1957,0,0,0
1958,0,0,0
1959,0,0,0
1960,0,0,0
1961,0,0,0
1962,0,0,0
1963,0,0,0
1964,0,0,0
1965,0,0,0
1966,0,0,0
1967,0,0,0
1968,0,0,0
1969,0,0,0
1970,0,0,0
1971,0,0,0
1972,0,0,0
1973,0,0,0
1974,0,0,0
1975,0,0,0
1976,0,0,0
1977,0,0,0
1978,0,0,0
1979,0,0,0
1980,0,0,0
1981,0,0,0
1982,0,0,0
1983,0,0,0
1984,0,0,0
1985,0,0,0
1986,0,0,0
1987,0,0,0
1988,0,0,0
1989,0,0,0
1990,0,0,0
1991,0,0,0
1992,0,0,0
1993,0,0,0
1994,0,0,0
1995,0,0,0
1996,0,0,0
1997,0,0,0
1998,0,0,0
1999,0,0,0
2000,0,0,0
2001,0,0,0
2002,1,0,1
2003,1,0,1
2004,1,0,1
2005,1,0,1
2006,1,0,1
2007,1,0,1
2008,1,0,1
2009,1,0,1
2010,1,0,1
2011,1,0,1
2012,1,0,1
2013,1,0,1
2014,1,0,1
2015,1,0,1
2016,1,0,1
2017,1,0,1
2018,1,0,1
2019,1,0,1
2020,1,0,1
2021,1,0,1
2022,1,0,1
2023,1,0,1
2024,1,0,1
2025,1,0,1
2026,1,0,1
2027,1,0,1
2028,1,0,1
2029,1,0,1
2030,1,0,1
2031,1,0,1
2032,1,0,1
2033,1,0,1
2034,1,0,1
2035,1,0,1
2036,1,0,1
2037,1,0,1
2038,1,0,1
2039,1,0,1
2040,1,0,1
2041,1,0,1
2042,1,0,1
2043,1,0,1
2044,1,0,1
2045,1,0,1
2046,1,0,1
2047,1,0,1
2048,1,0,1
2049,1,0,1
2050,1,0,1
2051,1,0,1
2052,1,0,1
2053,1,0,1
2054,1,0,1
2055,1,0,1
2056,1,0,1
2057,1,0,1
2058,1,0,1
2059,1,0,1
2060,1,0,1
2061,1,0,1
2062,1,0,1
2063,1,0,1
2064,1,0,1
2065,0,0,0
2066,0,0,0
2067,0,0,0
2068,0,0,0
2069,0,0,0
2070,0,0,0
2071,0,0,0
2072,0,0,0
2073,0,0,0
2074,0,0,0
2075,0,0,0
2076,0,0,0
2077,0,0,0
2078,0,0,0
2079,0,0,0
2080,0,0,0
2081,0,0,0
2082,0,0,0
2083,0,0,0
2084,0,0,0
2085,0,0,0
2086,0,0,0
2087,0,0,0
2088,0,0,0
2089,0,0,0
2090,0,0,0
2091,0,0,0
2092,0,0,0
2093,0,0,0
2094,0,0,0
2095,0,0,0
2096,0,0,0
2097,0,0,0
2098,0,0,0
2099,0,0,0
2100,0,0,0
2101,0,0,0
2102,0,0,0
2103,0,0,0
2104,0,0,0
2105,0,0,0
2106,0,0,0
2107,0,0,0
2108,0,0,0
2109,0,0,0
2110,0,0,0
2111,0,0,0
2112,0,0,0
2113,0,0,0
2114,0,0,0
2115,0,0,0
2116,0,0,0
2117,0,0,0
2118,0,0,0
2119,0,0,0
2120,0,0,0
2121,0,0,0
2122,0,0,0
2123,0,0,0
2124,0,0,0
2125,0,0,0
2126,0,0,0
2127,0,0,0
2128,0,0,0
2129,0,0,0
2130,0,0,0
2131,0,0,0
2132,0,0,0
2133,0,0,0
2134,0,0,0
2135,0,0,0
2136,0,0,0
2137,0,0,0
2138,0,0,0
2139,0,0,0
2140,0,0,0
2141,0,0,0
2142,0,0,0
2143,0,0,0
2144,0,0,0
2145,0,0,0
2146,0,0,0
2147,0,0,0
2148,0,0,0
2149,0,0,0
2150,0,0,0
2151,0,0,0
2152,0,0,0
2153,0,0,0
2154,0,0,0
2155,0,0,0
2156,0,0,0
2157,0,0,0
2158,0,0,0
2159,0,0,0
2160,0,0,0
2161,0,0,0
2162,0,0,0
2163,0,0,0
2164,0,0,0
2165,0,0,0
2166,0,0,0
2167,0,0,0
2168,0,0,0
2169,0,0,0
2170,0,0,0
2171,0,0,0
2172,0,0,0
2173,0,0,0
2174,0,0,0
2175,0,0,0
2176,0,0,0
2177,0,0,0
2178,0,0,0
2179,0,0,0
2180,0,0,0
2181,0,0,0
2182,0,0,0
2183,0,0,0
2184,0,0,0
2185,0,0,0
2186,0,0,0
2187,0,0,0
2188,0,0,0
2189,0,0,0
2190,0,0,0
2191,0,0,0
2192,0,0,0
2193,0,0,0
2194,0,0,0
2195,0,0,0
2196,0,0,0
2197,0,0,0
2198,0,0,0
2199,0,0,0
2200,0,0,0
2201,0,0,0
2202,0,0,0
2203,0,0,0
2204,0,0,0
2205,0,0,0
2206,0,0,0
2207,0,0,0
2208,0,0,0
2209,0,0,0
2210,0,0,0
2211,0,0,0
2212,0,0,0
2213,0,0,0
2214,0,0,0
2215,0,0,0
2216,0,0,0
2217,0,0,0
2218,0,0,0
2219,0,0,0
2220,0,0,0
2221,0,0,0
2222,0,0,0
2223,0,0,0
2224,0,0,0
2225,0,0,0
2226,0,0,0
2227,0,0,0
2228,0,0,0
2229,0,0,0
2230,0,0,0
2231,0,0,0
2232,0,0,0
2233,0,0,0
2234,0,0,0
2235,0,0,0
2236,0,0,0
2237,0,0,0
2238,0,0,0
2239,0,0,0
2240,0,0,0
2241,0,0,0
2242,0,0,0
2243,0,0,0
2244,0,0,0
2245,0,0,0
2246,0,0,0
2247,0,0,0
2248,0,0,0
2249,0,0,0
2250,0,0,0
2251,0,0,0
2252,0,0,0
2253,0,0,0
2254,0,0,0
2255,0,0,0
2256,0,0,0
2257,0,0,0
2258,0,0,0
2259,0,0,0
2260,0,0,0
2261,0,0,0
2262,0,0,0
2263,0,0,0
2264,0,0,0
2265,0,0,0
2266,0,0,0
2267,0,0,0
2268,0,0,0
2269,0,0,0
2270,0,0,0
2271,0,0,0
2272,0,0,0
2273,0,0,0
2274,0,0,0
2275,0,0,0
2276,0,0,0
2277,0,0,0
2278,0,0,0
2279,0,0,0
2280,0,0,0
2281,0,0,0
2282,0,0,0
2283,0,0,0
2284,0,0,0
2285,0,0,0
2286,0,0,0
2287,0,0,0
2288,0,0,0
2289,0,0,0
2290,0,0,0
2291,0,0,0
2292,0,0,0
2293,0,0,0
2294,0,0,0
2295,0,0,0
2296,0,0,0
2297,0,0,0
2298,0,0,0
2299,0,0,0
2300,0,0,0
2301,0,0,0
2302,0,0,0
2303,0,0,0
2304,0,0,0
2305,0,0,0
2306,0,0,0
2307,0,0,0
2308,0,0,0
2309,0,0,0
2310,0,0,0
2311,0,0,0
2312,0,0,0
2313,0,0,0
2314,0,0,0
2315,0,0,0
2316,0,0,0
2317,0,0,0
2318,0,0,0
2319,0,0,0
2320,0,0,0
2321,0,0,0
2322,0,0,0
2323,0,0,0
2324,0,0,0
2325,0,0,0
2326,0,0,0
2327,0,0,0
2328,0,0,0
2329,0,0,0
2330,0,0,0
2331,0,0,0
2332,0,0,0
2333,0,0,0
2334,0,0,0
2335,0,0,0
2336,0,0,0
2337,0,0,0
2338,0,0,0
2339,0,0,0
2340,0,0,0
2341,0,0,0
2342,0,0,0
2343,0,0,0
2344,0,0,0
2345,0,0,0
2346,0,0,0
2347,0,0,0
2348,0,0,0
2349,0,0,0
2350,0,0,0
2351,0,0,0
2352,0,0,0
2353,0,0,0
2354,0,0,0
2355,0,0,0
2356,0,0,0
2357,0,0,0
2358,0,0,0
2359,0,0,0
2360,0,0,0
2361,0,0,0
2362,0,0,0
2363,0,0,0
2364,0,0,0
2365,0,0,0
2366,0,0,0
2367,0,0,0
2368,0,0,0
2369,0,0,0
2370,0,0,0
2371,0,0,0
2372,0,0,0
2373,0,0,0
2374,0,0,0
2375,0,0,0
2376,0,0,0
2377,0,0,0
2378,0,0,0
2379,0,0,0
2380,0,0,0
2381,0,0,0
2382,0,0,0
2383,0,0,0
2384,0,0,0
2385,0,0,0
2386,0,0,0
2387,0,0,0
2388,0,0,0
2389,0,0,0
2390,0,0,0
2391,0,0,0
2392,0,0,0
2393,0,0,0
2394,0,0,0
2395,0,0,0
2396,0,0,0
2397,0,0,0
2398,0,0,0
2399,0,0,0
2400,0,0,0
2401,0,0,0
2402,0,0,0
2403,0,0,0
2404,0,0,0
2405,0,0,0
2406,0,0,0
2407,0,0,0
2408,0,0,0
2409,0,0,0
2410,0,0,0
2411,0,0,0
2412,0,0,0
2413,0,0,0
2414,0,0,0
2415,0,0,0
2416,0,0,0
2417,0,0,0
2418,0,0,0
2419,0,0,0
2420,0,0,0
2421,0,0,0
2422,0,0,0
2423,0,0,0
2424,0,0,0
2425,0,0,0
2426,0,0,0
2427,0,0,0
2428,0,0,0
2429,0,0,0
2430,0,0,0
2431,0,0,0
2432,0,0,0
2433,0,0,0
2434,0,0,0
2435,0,0,0
2436,0,0,0
2437,0,0,0
2438,0,0,0
2439,0,0,0
2440,0,0,0
2441,0,0,0
2442,0,0,0
2443,0,0,0
2444,0,0,0
2445,0,0,0
2446,0,0,0
2447,0,0,0
2448,0,0,0
2449,0,0,0
2450,0,0,0
2451,0,0,0
2452,0,0,0
2453,0,0,0
2454,0,0,0
2455,0,0,0
2456,0,0,0
2457,0,0,0
2458,0,0,0
2459,0,0,0
2460,0,0,0
2461,0,0,0
2462,0,0,0
2463,0,0,0
2464,0,0,0
2465,0,0,0
2466,0,0,0
2467,0,0,0
2468,0,0,0
2469,0,0,0
2470,0,0,0
2471,0,0,0
2472,0,0,0
2473,0,0,0
2474,0,0,0
2475,0,0,0
2476,0,0,0
2477,0,0,0
2478,0,0,0
2479,0,0,0
2480,0,0,0
2481,0,0,0
2482,0,0,0
2483,0,0,0
2484,0,0,0
2485,0,0,0
2486,0,0,0
2487,0,0,0
2488,0,0,0
2489,0,0,0
2490,0,0,0
2491,0,0,0
2492,0,0,0
2493,0,0,0
2494,0,0,0
2495,0,0,0
2496,0,0,0
2497,0,0,0
2498,0,0,0
2499,0,0,0
2500,0,0,0
2501,0,0,0
2502,0,0,0
2503,0,0,0
2504,0,0,0
2505,0,0,0
2506,0,0,0
2507,0,0,0
2508,0,0,0
2509,0,0,0
2510,0,0,0
2511,0,0,0
2512,0,0,0
2513,0,0,0
2514,0,0,0
2515,0,0,0
2516,0,0,0
2517,0,0,0
2518,0,0,0
2519,0,0,0
2520,0,0,0
2521,0,0,0
2522,0,0,0
2523,0,0,0
2524,0,0,0
2525,0,0,0
2526,0,0,0
2527,0,0,0
2528,0,0,0
2529,0,0,0
2530,0,0,0
2531,0,0,0
2532,0,0,0
2533,0,0,0
2534,0,0,0
2535,0,0,0
2536,0,0,0
2537,0,0,0
2538,0,0,0
2539,0,0,0
2540,0,0,0
2541,0,0,0
2542,0,0,0
2543,0,0,0
2544,0,0,0
2545,0,0,0
2546,0,0,0
2547,0,0,0
2548,0,0,0
2549,0,0,0
2550,0,0,0
2551,0,0,0
2552,0,0,0
2553,0,0,0
2554,0,0,0
2555,0,0,0
2556,0,0,0
2557,0,0,0
2558,0,0,0
2559,0,0,0
2560,0,0,0
2561,0,0,0
2562,0,0,0
2563,0,0,0
2564,0,0,0
2565,0,0,0
2566,0,0,0
2567,0,0,0
2568,0,0,0
2569,0,0,0
2570,0,0,0
2571,0,0,0
2572,0,0,0
2573,0,0,0
2574,0,0,0
2575,0,0,0
2576,0,0,0
2577,0,0,0
2578,0,0,0
2579,0,0,0
2580,0,0,0
2581,0,0,0
2582,0,0,0
2583,0,0,0
2584,0,0,0
2585,0,0,0
2586,0,0,0
2587,0,0,0
2588,0,0,0
2589,0,0,0
2590,0,0,0
2591,0,0,0
2592,0,0,0
2593,0,0,0
2594,0,0,0
2595,0,0,0
2596,0,0,0
2597,0,0,0
2598,0,0,0
2599,0,0,0
2600,0,0,0
2601,0,0,0
2602,0,0,0
2603,0,0,0
2604,0,0,0
2605,0,0,0
2606,0,0,0
2607,0,0,0
2608,0,0,0
2609,0,0,0
2610,0,0,0
2611,0,0,0
2612,0,0,0
2613,0,0,0
2614,0,0,0
2615,0,0,0
2616,0,0,0
2617,0,0,0
2618,0,0,0
2619,0,0,0
2620,0,0,0
2621,0,0,0
2622,0,0,0
2623,0,0,0
2624,0,0,0
2625,0,0,0
2626,0,0,0
2627,0,0,0
2628,0,0,0
2629,0,0,0
2630,0,0,0
2631,0,0,0
2632,0,0,0
2633,0,0,0
2634,0,0,0
2635,0,0,0
2636,0,0,0
2637,0,0,0
2638,0,0,0
2639,0,0,0
2640,0,0,0
2641,0,0,0
2642,0,0,0
2643,0,0,0
2644,0,0,0
2645,0,0,0
2646,0,0,0
2647,0,0,0
2648,0,0,0
2649,0,0,0
2650,0,0,0
2651,0,0,0
2652,0,0,0
2653,0,0,0
2654,0,0,0
2655,0,0,0
2656,0,0,0
2657,0,0,0
2658,0,0,0
2659,0,0,0
2660,0,0,0
2661,0,0,0
2662,0,0,0
2663,0,0,0
2664,0,0,0
2665,0,0,0
2666,0,0,0
2667,0,0,0
2668,0,0,0
2669,0,0,0
2670,0,0,0
2671,0,0,0
2672,0,0,0
2673,0,0,0
2674,0,0,0
2675,0,0,0
2676,0,0,0
2677,0,0,0
2678,0,0,0
2679,0,0,0
2680,0,0,0
2681,0,0,0
2682,0,0,0
2683,0,0,0
2684,0,0,0
2685,0,0,0
2686,0,0,0
2687,0,0,0
2688,0,0,0
2689,0,0,0
2690,0,0,0
2691,0,0,0
2692,0,0,0
2693,0,0,0
2694,0,0,0
2695,0,0,0
2696,0,0,0
2697,0,0,0
2698,0,0,0
2699,0,0,0
2700,0,0,0
2701,0,0,0
2702,0,0,0
2703,0,0,0
2704,0,0,0
2705,0,0,0
2706,0,0,0
2707,0,0,0
2708,0,0,0
2709,0,0,0
2710,0,0,0
2711,0,0,0
2712,0,0,0
2713,0,0,0
2714,0,0,0
2715,0,0,0
2716,0,0,0
2717,0,0,0
2718,0,0,0
2719,0,0,0
2720,0,0,0
2721,0,0,0
2722,0,0,0
2723,0,0,0
2724,0,0,0
2725,0,0,0
2726,0,0,0
2727,0,0,0
2728,0,0,0
2729,0,0,0
2730,0,0,0
2731,0,0,0
2732,0,0,0
2733,0,0,0
2734,0,0,0
2735,0,0,0
2736,0,0,0
2737,0,0,0
2738,0,0,0
2739,0,0,0
2740,0,0,0
2741,0,0,0
2742,0,0,0
2743,0,0,0
2744,0,0,0
2745,0,0,0
2746,0,0,0
2747,0,0,0
2748,0,0,0
2749,0,0,0
2750,0,0,0
2751,0,0,0
2752,0,0,0
2753,0,0,0
2754,0,0,0
2755,0,0,0
2756,0,0,0
2757,0,0,0
2758,0,0,0
2759,0,0,0
2760,0,0,0
2761,0,0,0
2762,0,0,0
2763,0,0,0
2764,0,0,0
2765,0,0,0
2766,0,0,0
2767,0,0,0
2768,0,0,0
2769,0,0,0
2770,0,0,0
2771,0,0,0
2772,0,0,0
2773,0,0,0
2774,0,0,0
2775,0,0,0
2776,0,0,0
2777,0,0,0
2778,0,0,0
2779,0,0,0
2780,0,0,0
2781,0,0,0
2782,0,0,0
2783,0,0,0
2784,0,0,0
2785,0,0,0
2786,0,0,0
2787,0,0,0
2788,0,0,0
2789,0,0,0
2790,0,0,0
2791,0,0,0
2792,0,0,0
2793,0,0,0
2794,0,0,0
2795,0,0,0
2796,0,0,0
2797,0,0,0
2798,0,0,0
2799,0,0,0
2800,0,0,0
2801,0,0,0
2802,0,0,0
2803,0,0,0
2804,0,0,0
2805,0,0,0
2806,0,0,0
2807,0,0,0
2808,0,0,0
2809,0,0,0
2810,0,0,0
2811,0,0,0
2812,0,0,0
2813,0,0,0
2814,0,0,0
2815,0,0,0
2816,0,0,0
2817,0,0,0
2818,0,0,0
2819,0,0,0
2820,0,0,0
2821,0,0,0
2822,0,0,0
2823,0,0,0
2824,0,0,0
2825,0,0,0
2826,0,0,0
2827,0,0,0
2828,0,0,0
2829,0,0,0
2830,0,0,0
2831,0,0,0
2832,0,0,0
2833,0,0,0
2834,0,0,0
2835,0,0,0
2836,0,0,0
2837,0,0,0
2838,0,0,0
2839,0,0,0
2840,0,0,0
2841,0,0,0
2842,0,0,0
2843,0,0,0
2844,0,0,0
2845,0,0,0
2846,0,0,0
2847,0,0,0
2848,0,0,0
2849,0,0,0
2850,0,0,0
2851,0,0,0
2852,0,0,0
2853,0,0,0
2854,0,0,0
2855,0,0,0
2856,0,0,0
2857,0,0,0
2858,0,0,0
2859,0,0,0
2860,0,0,0
2861,0,0,0
2862,0,0,0
2863,0,0,0
2864,0,0,0
2865,0,0,0
2866,0,0,0
2867,0,0,0
2868,0,0,0
2869,0,0,0
2870,0,0,0
2871,0,0,0
2872,0,0,0
2873,0,0,0
2874,0,0,0
2875,0,0,0
2876,0,0,0
2877,0,0,0
2878,0,0,0
2879,0,0,0
2880,0,0,0
2881,0,0,0
2882,0,0,0
2883,0,0,0
2884,0,0,0
2885,0,0,0
2886,0,0,0
2887,0,0,0
2888,0,0,0
2889,0,0,0
2890,0,0,0
2891,0,0,0
2892,0,0,0
2893,0,0,0
2894,0,0,0
2895,0,0,0
2896,0,0,0
2897,0,0,0
2898,0,0,0
2899,0,0,0
2900,0,0,0
2901,0,0,0
2902,0,0,0
2903,0,0,0
2904,0,0,0
2905,0,0,0
2906,0,0,0
2907,0,0,0
2908,0,0,0
2909,0,0,0
2910,0,0,0
2911,0,0,0
2912,0,0,0
2913,0,0,0
2914,0,0,0
2915,0,0,0
2916,0,0,0
2917,0,0,0
2918,0,0,0
2919,0,0,0
2920,0,0,0
2921,0,0,0
2922,0,0,0
2923,0,0,0
2924,0,0,0
2925,0,0,0
2926,0,0,0
2927,0,0,0
2928,0,0,0
2929,0,0,0
2930,0,0,0
2931,0,0,0
2932,0,0,0
2933,0,0,0
2934,0,0,0
2935,0,0,0
2936,0,0,0
2937,0,0,0
2938,0,0,0
2939,0,0,0
2940,0,0,0
2941,0,0,0
2942,0,0,0
2943,0,0,0
2944,0,0,0
2945,0,0,0
2946,0,0,0
2947,0,0,0
2948,0,0,0
2949,0,0,0
2950,0,0,0
2951,0,0,0
2952,0,0,0
2953,0,0,0
2954,0,0,0
2955,0,0,0
2956,0,0,0
2957,0,0,0
2958,0,0,0
2959,0,0,0
2960,0,0,0
2961,0,0,0
2962,0,0,0
2963,0,0,0
2964,0,0,0
2965,0,0,0
2966,0,0,0
2967,0,0,0
2968,0,0,0
2969,0,0,0
2970,0,0,0
2971,0,0,0
2972,0,0,0
2973,0,0,0
2974,0,0,0
2975,0,0,0
2976,0,0,0
2977,0,0,0
2978,0,0,0
2979,0,0,0
2980,0,0,0
2981,0,0,0
2982,0,0,0
2983,0,0,0
2984,0,0,0
2985,0,0,0
2986,0,0,0
2987,0,0,0
2988,0,0,0
2989,0,0,0
2990,0,0,0
2991,0,0,0
2992,0,0,0
2993,0,0,0
2994,0,0,0
2995,0,0,0
2996,0,0,0
2997,0,0,0
2998,0,0,0
2999,0,0,0
3000,0,0,0
3001,0,0,0
3002,0,0,0
3003,0,0,0
3004,0,0,0
3005,0,0,0
3006,0,0,0
3007,0,0,0
3008,0,0,0
3009,0,0,0
3010,0,0,0
3011,0,0,0
3012,0,0,0
3013,0,0,0
3014,0,0,0
3015,0,0,0
3016,0,0,0
3017,0,0,0
3018,0,0,0
3019,0,0,0
3020,0,0,0
3021,0,0,0
3022,0,0,0
3023,0,0,0
3024,0,0,0
3025,0,0,0
3026,0,0,0
3027,0,0,0
3028,0,0,0
3029,0,0,0
3030,0,0,0
3031,0,0,0
3032,0,0,0
3033,0,0,0
3034,0,0,0
3035,0,0,0
3036,0,0,0
3037,0,0,0
3038,0,0,0
3039,0,0,0
3040,0,0,0
3041,0,0,0
3042,0,0,0
3043,0,0,0
3044,0,0,0
3045,0,0,0
3046,0,0,0
3047,0,0,0
3048,0,0,0
3049,0,0,0
3050,0,0,0
3051,0,0,0
3052,0,0,0
3053,0,0,0
3054,0,0,0
3055,0,0,0
3056,0,0,0
3057,0,0,0
3058,0,0,0
3059,0,0,0
3060,0,0,0
3061,0,0,0
3062,0,0,0
3063,0,0,0
3064,0,0,0
3065,0,0,0
3066,0,0,0
3067,0,0,0
3068,0,0,0
3069,0,0,0
3070,0,0,0
3071,0,0,0
3072,0,0,0
3073,0,0,0
3074,0,0,0
3075,0,0,0
3076,0,0,0
3077,0,0,0
3078,0,0,0
3079,0,0,0
3080,0,0,0
3081,0,0,0
3082,0,0,0
3083,0,0,0
3084,0,0,0
3085,0,0,0
3086,0,0,0
3087,0,0,0
3088,0,0,0
3089,0,0,0
3090,0,0,0
3091,0,0,0
3092,0,0,0
3093,0,0,0
3094,0,0,0
3095,0,0,0
3096,0,0,0
3097,0,0,0
3098,0,0,0
3099,0,0,0
3100,0,0,0
3101,0,0,0
3102,0,0,0
3103,0,0,0
3104,0,0,0
3105,0,0,0
3106,0,0,0
3107,0,0,0
3108,0,0,0
3109,0,0,0
3110,0,0,0
3111,0,0,0
3112,0,0,0
3113,0,0,0
3114,0,0,0
3115,1,0,1
3116,1,0,1
3117,1,0,1
3118,1,0,1
3119,1,0,1
3120,1,0,1
3121,1,0,1
3122,1,0,1
3123,1,0,1
3124,1,0,1
3125,1,0,1
3126,1,0,1
3127,1,0,1
3128,1,0,1
3129,1,0,1
3130,1,0,1
3131,1,0,1
3132,1,0,1
3133,1,0,1
3134,1,0,1
3135,1,0,1
3136,1,0,1
3137,1,0,1
3138,1,0,1
3139,1,0,1
3140,1,0,1
3141,1,0,1
3142,1,0,1
3143,1,0,1
3144,1,0,1
3145,1,0,1
3146,1,0,1
3147,1,0,1
3148,1,0,1
3149,1,0,1
3150,1,0,1
3151,1,0,1
3152,1,0,1
3153,1,0,1
3154,1,0,1
3155,1,0,1
3156,1,0,1
3157,1,0,1
3158,1,0,1
3159,1,0,1
3160,1,0,1
3161,1,0,1
3162,1,0,1
3163,1,0,1
3164,1,0,1
3165,1,0,1
3166,1,0,1
3167,1,0,1
3168,1,0,1
3169,1,0,1
3170,1,0,1
3171,1,0,1
3172,1,0,1
3173,1,0,1
3174,1,0,1
3175,1,0,1
3176,1,0,1
3177,1,0,1
3178,1,0,1
3179,1,0,1
3180,1,0,1
3181,1,0,1
3182,1,0,1
3183,1,0,1
3184,1,0,1
3185,1,0,1
3186,1,0,1
3187,1,0,1
3188,1,0,1
3189,1,0,1
3190,1,0,1
3191,1,0,1
3192,1,0,1
3193,1,0,1
3194,0,1,1
3195,0,1,1
3196,0,1,1
3197,0,1,1
3198,0,1,1
3199,0,1,1
3200,0,1,1
3201,0,1,1
3202,0,1,1
3203,0,1,1
3204,0,1,1
3205,0,1,1
3206,0,1,1
3207,0,1,1
3208,0,1,1
3209,0,1,1
3210,0,1,1
3211,0,1,1
3212,0,1,1
3213,0,1,1
3214,0,1,1
3215,0,1,1
3216,1,0,1
3217,1,0,1
3218,1,0,1
3219,1,0,1
3220,1,0,1
3221,1,0,1
3222,1,0,1
3223,1,0,1
3224,1,0,1
3225,1,0,1
3226,1,0,1
3227,1,0,1
3228,1,0,1
3229,1,0,1
3230,1,0,1
3231,1,0,1
3232,1,0,1
3233,1,0,1
3234,1,0,1
3235,1,0,1
3236,1,0,1
3237,1,0,1
3238,1,0,1
3239,1,0,1
3240,1,0,1
3241,1,0,1
3242,1,0,1
3243,1,0,1
3244,1,0,1
3245,1,0,1
3246,1,0,1
3247,1,0,1
3248,1,0,1
3249,1,0,1
3250,1,0,1
3251,1,0,1
3252,1,0,1
3253,2,0,2
3254,2,0,2
3255,2,0,2
3256,2,0,2
3257,2,0,2
3258,1,1,2
3259,1,1,2
3260,1,1,2
3261,1,1,2
3262,1,1,2
3263,1,1,2
3264,1,1,2
3265,1,1,2
3266,1,1,2
3267,1,1,2
3268,1,1,2
3269,1,1,2
3270,1,1,2
3271,1,1,2
3272,1,1,2
3273,1,1,2
3274,1,1,2
3275,1,1,2
3276,1,1,2
3277,1,1,2
3278,1,1,2
3279,1,1,2
3280,1,1,2
3281,1,1,2
3282,1,1,2
3283,1,1,2
3284,1,1,2
3285,1,1,2
3286,1,1,2
3287,1,1,2
3288,1,1,2
3289,1,1,2
3290,1,1,2
3291,1,1,2
3292,2,0,2
3293,1,0,1
3294,1,0,1
3295,1,0,1
3296,1,0,1
3297,1,0,1
3298,1,0,1
3299,1,0,1
3300,1,0,1
3301,1,0,1
3302,1,0,1
3303,1,0,1
3304,1,0,1
3305,1,0,1
3306,1,0,1
3307,1,0,1
3308,1,0,1
3309,1,0,1
3310,1,0,1
3311,1,0,1
3312,1,0,1
3313,1,0,1
3314,1,0,1
3315,1,0,1
3316,1,0,1
3317,1,0,1
3318,1,0,1
3319,1,0,1
3320,1,0,1
3321,1,0,1
3322,1,0,1
3323,1,0,1
3324,1,0,1
3325,1,0,1
3326,1,0,1
3327,1,0,1
3328,1,0,1
3329,1,0,1
3330,1,0,1
3331,1,0,1
3332,1,0,1
3333,1,0,1
3334,1,0,1
3335,1,0,1
3336,1,0,1
3337,1,0,1
3338,1,0,1
3339,1,0,1
3340,1,0,1
3341,1,0,1
3342,1,0,1
3343,1,0,1
3344,1,0,1
3345,1,0,1
3346,1,0,1
3347,1,0,1
3348,0,0,0
3349,0,0,0
3350,0,0,0
3351,0,0,0
3352,0,0,0
3353,0,0,0
3354,0,0,0
3355,0,0,0
3356,0,0,0
3357,0,0,0
3358,0,0,0
3359,0,0,0
3360,0,0,0
3361,0,0,0
3362,0,0,0
3363,0,0,0
3364,0,0,0
3365,0,0,0
3366,0,0,0
3367,0,0,0
3368,0,0,0
3369,0,0,0
3370,0,0,0
3371,0,0,0
3372,0,0,0
3373,0,0,0
3374,0,0,0
3375,0,0,0
3376,0,0,0
3377,0,0,0
3378,0,0,0
3379,0,0,0
3380,0,0,0
3381,0,0,0
3382,0,0,0
3383,0,0,0
3384,0,0,0
3385,0,0,0
3386,0,0,0
3387,0,0,0
3388,0,0,0
3389,0,0,0
3390,0,0,0
3391,0,0,0
3392,0,0,0
3393,0,0,0
3394,0,0,0
3395,0,0,0
3396,0,0,0
3397,0,0,0
3398,0,0,0
3399,0,0,0
3400,0,0,0
3401,0,0,0
3402,0,0,0
3403,0,0,0
3404,0,0,0
3405,0,0,0
3406,0,0,0
3407,0,0,0
3408,0,0,0
3409,0,0,0
3410,0,0,0
3411,0,0,0
3412,0,0,0
3413,0,0,0
3414,0,0,0
3415,0,0,0
3416,0,0,0
3417,0,0,0
3418,0,0,0
3419,0,0,0
3420,0,0,0
3421,0,0,0
3422,0,0,0
3423,0,0,0
3424,0,0,0
3425,0,0,0
3426,0,0,0
3427,0,0,0
3428,0,0,0
3429,0,0,0
3430,0,0,0
3431,0,0,0
3432,0,0,0
3433,0,0,0
3434,0,0,0
3435,0,0,0
3436,0,0,0
3437,0,0,0
3438,0,0,0
3439,0,0,0
3440,0,0,0
3441,0,0,0
3442,0,0,0
3443,0,0,0
3444,0,0,0
3445,0,0,0
3446,0,0,0
3447,0,0,0
3448,0,0,0
3449,0,0,0
3450,0,0,0
3451,0,0,0
3452,0,0,0
3453,0,0,0
3454,0,0,0
3455,0,0,0
3456,0,0,0
3457,0,0,0
3458,0,0,0
3459,0,0,0
3460,0,0,0
3461,0,0,0
3462,0,0,0
3463,0,0,0
3464,0,0,0
3465,0,0,0
3466,0,0,0
3467,0,0,0
3468,0,0,0
3469,0,0,0
3470,0,0,0
3471,0,0,0
3472,0,0,0
3473,0,0,0
3474,0,0,0
3475,0,0,0
3476,0,0,0
3477,0,0,0
3478,0,0,0
3479,0,0,0
3480,0,0,0
3481,0,0,0
3482,0,0,0
3483,0,0,0
3484,0,0,0
3485,0,0,0
3486,0,0,0
3487,0,0,0
3488,0,0,0
3489,0,0,0
3490,0,0,0
3491,0,0,0
3492,0,0,0
3493,0,0,0
3494,0,0,0
3495,0,0,0
3496,0,0,0
3497,0,0,0
3498,0,0,0
3499,0,0,0
3500,0,0,0
3501,0,0,0
3502,0,0,0
3503,0,0,0
3504,0,0,0
3505,0,0,0
3506,0,0,0
3507,0,0,0
3508,0,0,0
3509,0,0,0
3510,0,0,0
3511,0,0,0
3512,0,0,0
3513,0,0,0
3514,0,0,0
3515,0,0,0
3516,0,0,0
3517,0,0,0
3518,0,0,0
3519,0,0,0
3520,0,0,0
3521,0,0,0
3522,0,0,0
3523,0,0,0
3524,0,0,0
3525,0,0,0
3526,0,0,0
3527,0,0,0
3528,0,0,0
3529,0,0,0
3530,0,0,0
3531,0,0,0
3532,0,0,0
3533,0,0,0
3534,0,0,0
3535,0,0,0
3536,0,0,0
3537,0,0,0
3538,0,0,0
3539,0,0,0
3540,0,0,0
3541,0,0,0
3542,0,0,0
3543,0,0,0
3544,0,0,0
3545,0,0,0
3546,0,0,0
3547,0,0,0
3548,0,0,0
3549,0,0,0
3550,0,0,0
3551,0,0,0
3552,0,0,0
3553,0,0,0
3554,0,0,0
3555,0,0,0
3556,0,0,0
3557,0,0,0
3558,0,0,0
3559,0,0,0
3560,0,0,0
3561,0,0,0
3562,0,0,0
3563,0,0,0
3564,0,0,0
3565,0,0,0
3566,0,0,0
3567,0,0,0
3568,0,0,0
3569,0,0,0
3570,0,0,0
3571,0,0,0
3572,0,0,0
3573,0,0,0
3574,0,0,0
3575,0,0,0
3576,0,0,0
3577,0,0,0
3578,0,0,0
3579,0,0,0
3580,0,0,0
3581,0,0,0
3582,0,0,0
3583,0,0,0
3584,0,0,0
3585,0,0,0
3586,0,0,0
3587,0,0,0
3588,0,0,0
3589,0,0,0
3590,0,0,0
3591,0,0,0
3592,0,0,0
3593,0,0,0
3594,0,0,0
3595,0,0,0
3596,0,0,0
3597,0,0,0
3598,0,0,0
3599,0,0,0
3600,0,0,0
3601,0,0,0
3602,0,0,0
3603,0,0,0
3604,0,0,0
3605,0,0,0
3606,0,0,0
3607,0,0,0
3608,0,0,0
3609,0,0,0
3610,0,0,0
3611,0,0,0
3612,0,0,0
3613,0,0,0
3614,0,0,0
3615,0,0,0
3616,0,0,0
3617,0,0,0
3618,0,0,0
3619,0,0,0
3620,0,0,0
3621,0,0,0
3622,0,0,0
3623,0,0,0
3624,0,0,0
3625,0,0,0
3626,0,0,0
3627,0,0,0
3628,0,0,0
3629,0,0,0
3630,0,0,0
3631,0,0,0
3632,0,0,0
3633,0,0,0
3634,0,0,0
3635,0,0,0
3636,0,0,0
3637,0,0,0
3638,0,0,0
3639,0,0,0
3640,0,0,0
3641,0,0,0
3642,0,0,0
3643,0,0,0
3644,0,0,0
3645,0,0,0
3646,0,0,0
3647,0,0,0
3648,0,0,0
3649,0,0,0
3650,0,0,0
3651,0,0,0
3652,0,0,0
3653,0,0,0
3654,0,0,0
3655,0,0,0
3656,0,0,0
3657,0,0,0
3658,0,0,0
3659,0,0,0
3660,0,0,0
3661,0,0,0
3662,0,0,0
3663,0,0,0
3664,0,0,0
3665,0,0,0
3666,0,0,0
3667,0,0,0
3668,0,0,0
3669,0,0,0
3670,0,0,0
3671,0,0,0
3672,0,0,0
3673,0,0,0
3674,0,0,0
3675,0,0,0
3676,0,0,0
3677,0,0,0
3678,0,0,0
3679,0,0,0
3680,0,0,0
3681,0,0,0
3682,0,0,0
3683,0,0,0
3684,0,0,0
3685,0,0,0
3686,0,0,0
3687,0,0,0
3688,0,0,0
3689,0,0,0
3690,0,0,0
3691,0,0,0
3692,0,0,0
3693,0,0,0
3694,0,0,0
3695,0,0,0
3696,0,0,0
3697,0,0,0
3698,0,0,0
3699,0,0,0
3700,0,0,0
3701,0,0,0
3702,0,0,0
3703,0,0,0
3704,0,0,0
3705,0,0,0
3706,0,0,0
3707,0,0,0
3708,0,0,0
3709,0,0,0
3710,0,0,0
3711,0,0,0
3712,0,0,0
3713,0,0,0
3714,0,0,0
3715,0,0,0
3716,0,0,0
3717,0,0,0
3718,0,0,0
3719,0,0,0
3720,0,0,0
3721,0,0,0
3722,0,0,0
3723,0,0,0
3724,0,0,0
3725,0,0,0
3726,0,0,0
3727,0,0,0
3728,0,0,0
3729,0,0,0
3730,0,0,0
3731,0,0,0
3732,1,0,1
3733,1,0,1
3734,1,0,1
3735,1,0,1
3736,1,0,1
3737,1,0,1
3738,1,0,1
3739,1,0,1
3740,1,0,1
3741,1,0,1
3742,1,0,1
3743,1,0,1
3744,1,0,1
3745,1,0,1
3746,1,0,1
3747,1,0,1
3748,1,0,1
3749,1,0,1
3750,1,0,1
3751,1,0,1
3752,1,0,1
3753,1,0,1
3754,1,0,1
3755,1,0,1
3756,1,0,1
3757,1,0,1
3758,1,0,1
3759,1,0,1
3760,1,0,1
3761,1,0,1
3762,1,0,1
3763,1,0,1
3764,1,0,1
3765,1,0,1
3766,1,0,1
3767,1,0,1
3768,1,0,1
3769,1,0,1
3770,1,0,1
3771,1,0,1
3772,1,0,1
3773,1,0,1
3774,1,0,1
3775,1,0,1
3776,1,0,1
3777,1,0,1
3778,1,0,1
3779,1,0,1
3780,1,0,1
3781,1,0,1
3782,1,0,1
3783,1,0,1
3784,1,0,1
3785,1,0,1
3786,1,0,1
3787,1,0,1
3788,1,0,1
3789,1,0,1
3790,1,0,1
3791,1,0,1
3792,1,0,1
3793,1,0,1
3794,1,0,1
3795,1,0,1
3796,1,0,1
3797,1,0,1
3798,1,0,1
3799,1,0,1
3800,1,0,1
3801,1,0,1
3802,1,0,1
3803,1,0,1
3804,1,0,1
3805,1,0,1
3806,1,0,1
3807,1,0,1
3808,1,0,1
3809,1,0,1
3810,1,0,1
3811,1,0,1
3812,1,0,1
3813,1,0,1
3814,1,0,1
3815,1,0,1
3816,1,0,1
3817,1,0,1
3818,1,0,1
3819,1,0,1
3820,1,0,1
3821,1,0,1
3822,1,0,1
3823,1,0,1
3824,1,0,1
3825,1,0,1
3826,1,0,1
3827,1,0,1
3828,1,0,1
3829,1,0,1
3830,1,0,1
3831,1,0,1
3832,1,0,1
3833,1,0,1
3834,1,0,1
3835,1,0,1
3836,1,0,1
3837,1,0,1
3838,1,0,1
3839,1,0,1
3840,1,0,1
3841,1,0,1
3842,1,0,1
3843,1,0,1
3844,1,0,1
3845,1,0,1
3846,1,0,1
3847,1,0,1
3848,1,0,1
3849,1,0,1
3850,1,0,1
3851,1,0,1
3852,1,0,1
3853,1,0,1
3854,1,0,1
3855,1,0,1
3856,1,0,1
3857,1,0,1
3858,1,0,1
3859,0,0,0
3860,0,0,0
3861,0,0,0
3862,0,0,0
3863,0,0,0
3864,0,0,0
3865,0,0,0
3866,0,0,0
3867,0,0,0
3868,0,0,0
3869,0,0,0
3870,0,0,0
3871,0,0,0
3872,0,0,0
3873,0,0,0
3874,0,0,0
3875,0,0,0
3876,0,0,0
3877,0,0,0
3878,0,0,0
3879,0,0,0
3880,0,0,0
3881,0,0,0
3882,0,0,0
3883,0,0,0
3884,0,0,0
3885,1,0,1
3886,1,0,1
3887,1,0,1
3888,1,0,1
3889,1,0,1
3890,1,0,1
3891,1,0,1
3892,1,0,1
3893,1,0,1
3894,1,0,1
3895,1,0,1
3896,1,0,1
3897,1,0,1
3898,1,0,1
3899,1,0,1
3900,1,0,1
3901,1,0,1
3902,1,0,1
3903,1,0,1
3904,1,0,1
3905,1,0,1
3906,1,0,1
3907,1,0,1
3908,1,0,1
3909,1,0,1
3910,1,0,1
3911,1,0,1
3912,1,0,1
3913,1,0,1
3914,1,0,1
3915,1,0,1
3916,1,0,1
3917,1,0,1
3918,1,0,1
3919,1,0,1
3920,1,0,1
3921,1,0,1
3922,1,0,1
3923,1,0,1
3924,1,0,1
3925,0,0,0
3926,0,0,0
3927,0,0,0
3928,0,0,0
3929,0,0,0
3930,1,0,1
3931,1,0,1
3932,1,0,1
3933,1,0,1
3934,1,0,1
3935,1,0,1
3936,1,0,1
3937,1,0,1
3938,1,0,1
3939,1,0,1
3940,1,0,1
3941,1,0,1
3942,1,0,1
3943,1,0,1
3944,1,0,1
3945,1,0,1
3946,1,0,1
3947,1,0,1
3948,1,0,1
3949,1,0,1
3950,1,0,1
3951,1,0,1
3952,1,0,1
3953,1,0,1
3954,1,0,1
3955,1,0,1
3956,1,0,1
3957,1,0,1
3958,1,0,1
3959,1,0,1
3960,1,0,1
3961,1,0,1
3962,1,0,1
3963,1,0,1
3964,1,0,1
3965,1,0,1
3966,1,0,1
3967,1,0,1
3968,1,0,1
3969,1,0,1
3970,1,0,1
3971,1,0,1
3972,1,0,1
3973,1,0,1
3974,1,0,1
3975,1,0,1
3976,1,0,1
3977,1,0,1
3978,1,0,1
3979,1,0,1
3980,1,0,1
3981,1,0,1
3982,1,0,1
3983,1,0,1
3984,1,0,1
3985,1,0,1
3986,1,0,1
3987,1,0,1
3988,1,0,1
3989,1,0,1
3990,1,0,1
3991,1,0,1
3992,1,0,1
3993,1,0,1
3994,1,0,1
3995,1,0,1
3996,1,0,1
3997,1,0,1
3998,1,0,1
3999,1,0,1
4000,1,0,1
4001,1,0,1
4002,1,0,1
4003,1,0,1
4004,1,0,1
4005,1,0,1
4006,1,0,1
4007,1,0,1
4008,1,0,1
4009,1,0,1
4010,1,0,1
4011,1,0,1
4012,1,0,1
4013,1,0,1
4014,1,0,1
4015,1,0,1
4016,1,0,1
4017,1,0,1
4018,1,0,1
4019,1,0,1
4020,1,0,1
4021,1,0,1
4022,1,0,1
4023,0,0,0
4024,0,0,0
4025,0,0,0
4026,0,0,0
4027,0,0,0
4028,0,0,0
4029,0,0,0
4030,0,0,0
4031,0,0,0
4032,0,0,0
4033,0,0,0
4034,0,0,0
4035,0,0,0
4036,0,0,0
4037,0,0,0
4038,0,0,0
4039,0,0,0
4040,0,0,0
4041,0,0,0
4042,0,0,0
4043,0,0,0
4044,0,0,0
4045,0,0,0
4046,0,0,0
4047,0,0,0
4048,0,0,0
4049,0,0,0
4050,0,0,0
4051,0,0,0
4052,0,0,0
4053,0,0,0
4054,0,0,0
4055,0,0,0
4056,0,0,0
4057,0,0,0
4058,0,0,0
4059,0,0,0
4060,0,0,0
4061,0,0,0
4062,0,0,0
4063,0,0,0
4064,0,0,0
4065,0,0,0
4066,0,0,0
4067,0,0,0
4068,0,0,0
4069,0,0,0
4070,0,0,0
4071,0,0,0
4072,0,0,0
4073,0,0,0
4074,0,0,0
4075,0,0,0
4076,0,0,0
4077,0,0,0
4078,0,0,0
4079,0,0,0
4080,0,0,0
4081,0,0,0
4082,0,0,0
4083,0,0,0
4084,0,0,0
4085,0,0,0
4086,0,0,0
4087,0,0,0
4088,0,0,0
4089,0,0,0
4090,0,0,0
4091,0,0,0
4092,0,0,0
4093,0,0,0
4094,0,0,0
4095,0,0,0
4096,0,0,0
4097,0,0,0
4098,0,0,0
4099,0,0,0
4100,0,0,0
4101,0,0,0
4102,0,0,0
4103,0,0,0
4104,0,0,0
4105,0,0,0
4106,0,0,0
4107,0,0,0
4108,0,0,0
4109,0,0,0
4110,0,0,0
4111,0,0,0
4112,0,0,0
4113,0,0,0
4114,0,0,0
4115,0,0,0
4116,0,0,0
4117,0,0,0
4118,0,0,0
4119,0,0,0
4120,0,0,0
4121,0,0,0
4122,0,0,0
4123,0,0,0
4124,0,0,0
4125,0,0,0
4126,0,0,0
4127,0,0,0
4128,0,0,0
4129,0,0,0
4130,0,0,0
4131,0,0,0
4132,0,0,0
4133,0,0,0
4134,0,0,0
4135,0,0,0
4136,0,0,0
4137,0,0,0
4138,0,0,0
4139,0,0,0
4140,0,0,0
4141,0,0,0
4142,0,0,0
4143,0,0,0
4144,0,0,0
4145,1,0,1
4146,1,0,1
4147,1,0,1
4148,1,0,1
4149,1,0,1
4150,1,0,1
4151,1,0,1
4152,1,0,1
4153,1,0,1
4154,1,0,1
4155,1,0,1
4156,1,0,1
4157,1,0,1
4158,1,0,1
4159,1,0,1
4160,1,0,1
4161,1,0,1
4162,1,0,1
4163,1,0,1
4164,1,0,1
4165,1,0,1
4166,1,0,1
4167,1,0,1
4168,1,0,1
4169,1,0,1
4170,1,0,1
4171,1,0,1
4172,1,0,1
4173,1,0,1
4174,1,0,1
4175,1,0,1
4176,1,0,1
4177,1,0,1
4178,1,0,1
4179,1,0,1
4180,1,0,1
4181,1,0,1
4182,1,0,1
4183,1,0,1
4184,1,0,1
4185,2,0,2
4186,2,0,2
4187,2,0,2
4188,2,0,2
4189,2,0,2
4190,2,0,2
4191,1,0,1
4192,1,0,1
4193,1,0,1
4194,1,0,1
4195,1,0,1
4196,1,0,1
4197,1,0,1
4198,1,0,1
4199,1,0,1
4200,1,0,1
4201,1,0,1
4202,1,0,1
4203,1,0,1
4204,1,0,1
4205,1,0,1
4206,1,0,1
4207,1,0,1
4208,2,0,2
4209,2,0,2
4210,2,0,2
4211,2,0,2
4212,2,0,2
4213,3,0,3
4214,3,0,3
4215,3,0,3
4216,3,0,3
4217,3,0,3
4218,3,0,3
4219,3,0,3
4220,3,0,3
4221,3,0,3
4222,3,0,3
4223,3,0,3
4224,3,0,3
4225,3,0,3
4226,3,0,3
4227,2,0,2
4228,2,0,2
4229,2,0,2
4230,2,0,2
4231,3,0,3
4232,3,0,3
4233,3,0,3
4234,3,0,3
4235,3,0,3
4236,3,0,3
4237,3,0,3
4238,3,0,3
4239,4,0,4
4240,4,0,4
4241,4,0,4
4242,4,0,4
4243,4,0,4
4244,4,0,4
4245,4,0,4
4246,4,0,4
4247,4,0,4
4248,4,0,4
4249,4,0,4
4250,4,0,4
4251,4,0,4
4252,4,0,4
4253,4,0,4
4254,4,0,4
4255,3,0,3
4256,3,0,3
4257,3,0,3
4258,2,0,2
4259,2,0,2
4260,2,0,2
4261,2,0,2
4262,2,0,2
4263,2,0,2
4264,2,0,2
4265,2,0,2
4266,2,0,2
4267,2,0,2
4268,2,0,2
4269,2,0,2
4270,2,0,2
4271,2,0,2
4272,2,0,2
4273,2,0,2
4274,1,1,2
4275,1,1,2
4276,0,2,2
4277,0,2,2
4278,0,2,2
4279,0,2,2
4280,0,2,2
4281,0,2,2
4282,0,2,2
4283,0,2,2
4284,0,2,2
4285,0,2,2
4286,0,2,2
4287,1,2,3
4288,1,2,3
4289,1,2,3
4290,1,2,3
4291,0,3,3
4292,0,3,3
4293,0,3,3
4294,0,3,3
4295,0,3,3
4296,0,3,3
4297,0,3,3
4298,0,3,3
4299,0,3,3
4300,0,3,3
4301,0,3,3
4302,0,3,3
4303,0,3,3
4304,0,3,3
4305,0,3,3
4306,0,3,3
4307,0,3,3
4308,0,3,3
4309,0,3,3
4310,0,3,3
4311,0,3,3
4312,0,3,3
4313,0,3,3
4314,0,3,3
4315,1,3,4
4316,1,3,4
4317,1,3,4
4318,2,2,4
4319,2,3,5
4320,2,3,5
4321,2,3,5
4322,3,2,5
4323,3,2,5
4324,4,1,5
4325,4,1,5
4326,4,1,5
4327,5,0,5
4328,5,0,5
4329,4,0,4
4330,4,0,4
4331,4,0,4
4332,3,0,3
4333,3,0,3
4334,3,0,3
4335,3,0,3
4336,4,0,4
4337,3,0,3
4338,3,0,3
4339,3,0,3
4340,3,0,3
4341,3,0,3
4342,3,0,3
4343,3,0,3
4344,3,0,3
4345,3,0,3
4346,3,0,3
4347,3,0,3
4348,3,0,3
4349,3,0,3
4350,3,0,3
4351,3,0,3
4352,3,0,3
4353,3,0,3
4354,3,0,3
4355,3,0,3
4356,3,0,3
4357,2,0,2
4358,2,0,2
4359,2,0,2
4360,2,0,2
4361,2,0,2
4362,2,0,2
4363,2,0,2
4364,2,0,2
4365,2,0,2
4366,2,0,2
4367,2,0,2
4368,2,0,2
4369,2,0,2
4370,2,0,2
4371,2,0,2
4372,2,0,2
4373,2,0,2
4374,2,0,2
4375,1,0,1
4376,1,0,1
4377,1,0,1
4378,1,0,1
4379,1,0,1
4380,1,0,1
4381,1,0,1
4382,1,0,1
4383,1,0,1
4384,1,0,1
4385,1,0,1
4386,1,0,1
4387,1,0,1
4388,1,0,1
4389,1,0,1
4390,1,0,1
4391,1,0,1
4392,3,0,3
4393,3,0,3
4394,3,0,3
4395,3,0,3
4396,3,0,3
4397,3,0,3
4398,3,0,3
4399,3,0,3
4400,3,0,3
4401,3,0,3
4402,3,0,3
4403,3,0,3
4404,3,0,3
4405,3,0,3
4406,3,0,3
4407,3,0,3
4408,4,0,4
4409,4,0,4
4410,4,0,4
4411,4,0,4
4412,3,1,4
4413,3,1,4
4414,3,1,4
4415,3,1,4
4416,3,1,4
4417,3,1,4
4418,2,2,4
4419,2,2,4
4420,1,2,3
4421,2,1,3
4422,2,1,3
4423,2,1,3
4424,2,1,3
4425,2,1,3
4426,2,1,3
4427,2,1,3
4428,2,1,3
4429,2,1,3
4430,2,1,3
4431,2,1,3
4432,2,1,3
4433,2,1,3
4434,2,1,3
4435,2,1,3
4436,2,1,3
4437,2,1,3
4438,3,0,3
4439,3,0,3
4440,3,0,3
4441,3,0,3
4442,3,0,3
4443,3,0,3
4444,3,0,3
4445,3,0,3
4446,3,0,3
4447,3,0,3
4448,3,0,3
4449,3,0,3
4450,3,0,3
4451,3,0,3
4452,2,0,2
4453,2,0,2
4454,2,0,2
4455,2,0,2
4456,2,0,2
4457,2,0,2
4458,2,0,2
4459,2,0,2
4460,2,0,2
4461,2,0,2
4462,2,0,2
4463,2,0,2
4464,2,0,2
4465,2,0,2
4466,2,0,2
4467,2,0,2
4468,2,0,2
4469,2,0,2
4470,2,0,2
4471,2,0,2
4472,2,0,2
4473,2,0,2
4474,2,0,2
4475,2,0,2
4476,2,0,2
4477,2,0,2
4478,2,0,2
4479,2,0,2
4480,2,0,2
4481,2,0,2
4482,2,0,2
4483,2,0,2
4484,2,0,2
4485,2,0,2
4486,2,0,2
4487,2,0,2
4488,2,0,2
4489,2,0,2
4490,2,0,2
4491,2,0,2
4492,2,0,2
4493,2,0,2
4494,2,0,2
4495,2,0,2
4496,2,0,2
4497,2,0,2
4498,2,0,2
4499,2,0,2
4500,2,0,2
4501,2,0,2
4502,2,0,2
4503,2,0,2
4504,2,0,2
4505,2,0,2
4506,2,0,2
4507,2,0,2
4508,2,0,2
4509,2,0,2
4510,1,0,1
4511,1,0,1
4512,1,0,1
4513,1,0,1
4514,1,0,1
4515,1,0,1
4516,1,0,1
4517,1,0,1
4518,1,0,1
4519,1,0,1
4520,0,0,0
4521,0,0,0
4522,0,0,0
4523,0,0,0
4524,0,0,0
4525,0,0,0
4526,0,0,0
4527,0,0,0
4528,0,0,0
4529,0,0,0
4530,0,0,0
4531,0,0,0
4532,0,0,0
4533,0,0,0
4534,0,0,0
4535,0,0,0
4536,0,0,0
4537,0,0,0
4538,0,0,0
4539,0,0,0
4540,0,0,0
4541,0,0,0
4542,0,0,0
4543,0,0,0
4544,0,0,0
4545,0,0,0
4546,0,0,0
4547,0,0,0
4548,0,0,0
4549,0,0,0
4550,0,0,0
4551,0,0,0
4552,0,0,0
4553,0,0,0
4554,0,0,0
4555,0,0,0
4556,1,0,1
4557,1,0,1
4558,1,0,1
4559,1,0,1
4560,2,0,2
4561,2,0,2
4562,2,0,2
4563,2,0,2
4564,2,0,2
4565,2,0,2
4566,2,0,2
4567,2,0,2
4568,2,0,2
4569,2,0,2
4570,2,0,2
4571,2,0,2
4572,2,0,2
4573,2,0,2
4574,2,0,2
4575,2,0,2
4576,2,0,2
4577,2,0,2
4578,2,0,2
4579,2,0,2
4580,2,0,2
4581,2,0,2
4582,2,0,2
4583,2,0,2
4584,2,0,2
4585,2,0,2
4586,2,0,2
4587,2,0,2
4588,2,0,2
4589,2,0,2
4590,2,0,2
4591,2,0,2
4592,2,0,2
4593,2,0,2
4594,2,0,2
4595,2,0,2
4596,2,0,2
4597,2,0,2
4598,2,0,2
4599,2,0,2
4600,2,0,2
4601,2,0,2
4602,2,0,2
4603,2,0,2
4604,2,0,2
4605,2,0,2
4606,2,0,2
4607,2,0,2
4608,2,0,2
4609,2,0,2
4610,2,0,2
4611,2,0,2
4612,2,0,2
4613,2,0,2
4614,2,0,2
4615,2,0,2
4616,2,0,2
4617,2,0,2
4618,2,0,2
4619,2,0,2
4620,2,0,2
4621,2,0,2
4622,2,0,2
4623,2,0,2
4624,2,0,2
4625,1,0,1
4626,1,0,1
4627,1,0,1
4628,1,0,1
4629,1,0,1
4630,1,0,1
4631,1,0,1
4632,1,0,1
4633,1,0,1
4634,1,0,1
4635,1,0,1
4636,1,0,1
4637,1,0,1
4638,1,0,1
4639,1,0,1
4640,1,0,1
4641,1,0,1
4642,1,0,1
4643,1,0,1
4644,1,0,1
4645,1,0,1
4646,1,0,1
4647,1,0,1
4648,1,0,1
4649,1,0,1
4650,1,0,1
4651,1,0,1
4652,1,0,1
4653,1,0,1
4654,1,0,1
4655,0,0,0
4656,0,0,0
4657,0,0,0
4658,0,0,0
4659,0,0,0
4660,0,0,0
4661,0,0,0
4662,0,0,0
4663,0,0,0
4664,0,0,0
4665,0,0,0
4666,0,0,0
4667,0,0,0
4668,0,0,0
4669,0,0,0
4670,0,0,0
4671,0,0,0
4672,0,0,0
4673,0,0,0
4674,0,0,0
4675,0,0,0
4676,0,0,0
4677,0,0,0
4678,0,0,0
4679,0,0,0
4680,0,0,0
4681,0,0,0
4682,0,0,0
4683,0,0,0
4684,0,0,0
4685,0,0,0
4686,0,0,0
4687,0,0,0
4688,0,0,0
4689,0,0,0
4690,0,0,0
4691,0,0,0
4692,0,0,0
4693,0,0,0
4694,0,0,0
4695,0,0,0
4696,0,0,0
4697,0,0,0
4698,0,0,0
4699,0,0,0
4700,0,0,0
4701,0,0,0
4702,0,0,0
4703,0,0,0
4704,0,0,0
4705,0,0,0
4706,0,0,0
4707,0,0,0
4708,0,0,0
4709,0,0,0
4710,0,0,0
4711,0,0,0
4712,0,0,0
4713,0,0,0
4714,0,0,0
4715,0,0,0
4716,0,0,0
4717,0,0,0
4718,0,0,0
4719,0,0,0
4720,0,0,0
4721,0,0,0
4722,0,0,0
4723,0,0,0
4724,0,0,0
4725,0,0,0
4726,0,0,0
4727,0,0,0
4728,0,0,0
4729,0,0,0
4730,0,0,0
4731,0,0,0
4732,0,0,0
4733,0,0,0
4734,0,0,0
4735,0,0,0
4736,0,0,0
4737,0,0,0
4738,0,0,0
4739,0,0,0
4740,0,0,0
4741,0,0,0
4742,0,0,0
4743,0,0,0
4744,0,0,0
4745,0,0,0
4746,0,0,0
4747,0,0,0
4748,0,0,0
4749,0,0,0
4750,0,0,0
4751,0,0,0
4752,0,0,0
4753,0,0,0
4754,0,0,0
4755,0,0,0
4756,0,0,0
4757,0,0,0
4758,0,0,0
4759,0,0,0
4760,0,0,0
4761,0,0,0
4762,0,0,0
4763,0,0,0
4764,0,0,0
4765,0,0,0
4766,0,0,0
4767,0,0,0
4768,0,0,0
4769,0,0,0
4770,0,0,0
4771,0,0,0
4772,0,0,0
4773,0,0,0
4774,0,0,0
4775,0,0,0
4776,0,0,0
4777,0,0,0
4778,0,0,0
4779,0,0,0
4780,0,0,0
4781,0,0,0
4782,0,0,0
4783,0,0,0
4784,0,0,0
4785,0,0,0
4786,0,0,0
4787,0,0,0
4788,0,0,0
4789,0,0,0
4790,0,0,0
4791,0,0,0
4792,0,0,0
4793,0,0,0
4794,0,0,0
4795,0,0,0
4796,0,0,0
4797,0,0,0
4798,0,0,0
4799,0,0,0
4800,0,0,0
4801,0,0,0
4802,0,0,0
4803,0,0,0
4804,0,0,0
4805,0,0,0
4806,0,0,0
4807,0,0,0
4808,0,0,0
4809,0,0,0
4810,0,0,0
4811,0,0,0
4812,0,0,0
4813,0,0,0
4814,0,0,0
4815,0,0,0
4816,0,0,0
4817,0,0,0
4818,0,0,0
4819,0,0,0
4820,0,0,0
4821,0,0,0
4822,0,0,0
4823,0,0,0
4824,0,0,0
4825,0,0,0
4826,0,0,0
4827,0,0,0
4828,0,0,0
4829,0,0,0
4830,0,0,0
4831,0,0,0
4832,0,0,0
4833,0,0,0
4834,0,0,0
4835,0,0,0
4836,0,0,0
4837,0,0,0
4838,0,0,0
4839,0,0,0
4840,0,0,0
4841,0,0,0
4842,0,0,0
4843,0,0,0
4844,0,0,0
4845,0,0,0
4846,0,0,0
4847,0,0,0
4848,0,0,0
4849,0,0,0
4850,0,0,0
4851,0,0,0
4852,0,0,0
4853,0,0,0
4854,0,0,0
4855,0,0,0
4856,0,0,0
4857,0,0,0
4858,0,0,0
4859,0,0,0
4860,0,0,0
4861,0,0,0
4862,0,0,0
4863,0,0,0
4864,0,0,0
4865,0,0,0
4866,0,0,0
4867,0,0,0
4868,0,0,0
4869,0,0,0
4870,0,0,0
4871,0,0,0
4872,0,0,0
4873,0,0,0
4874,0,0,0
4875,0,0,0
4876,0,0,0
4877,0,0,0
4878,0,0,0
4879,0,0,0
4880,0,0,0
4881,0,0,0
4882,0,0,0
4883,0,0,0
4884,0,0,0
4885,0,0,0
4886,0,0,0
4887,0,0,0
4888,0,0,0
4889,0,0,0
4890,0,0,0
4891,0,0,0
4892,0,0,0
4893,0,0,0
4894,0,0,0
4895,0,0,0
4896,0,0,0
4897,0,0,0
4898,0,0,0
4899,0,0,0
4900,0,0,0
4901,0,0,0
4902,0,0,0
4903,0,0,0
4904,0,0,0
4905,0,0,0
4906,0,0,0
4907,0,0,0
4908,0,0,0
4909,0,0,0
4910,0,0,0
4911,0,0,0
4912,0,0,0
4913,0,0,0
4914,0,0,0
4915,0,0,0
4916,0,0,0
4917,0,0,0
4918,0,0,0
4919,0,0,0
4920,0,0,0
4921,0,0,0
4922,0,0,0
4923,0,0,0
4924,0,0,0
4925,0,0,0
4926,0,0,0
4927,0,0,0
4928,0,0,0
4929,0,0,0
4930,0,0,0
4931,0,0,0
4932,0,0,0
4933,0,0,0
4934,0,0,0
4935,0,0,0
4936,0,0,0
4937,0,0,0
4938,0,0,0
4939,0,0,0
4940,0,0,0
4941,0,0,0
4942,0,0,0
4943,0,0,0
4944,0,0,0
4945,0,0,0
4946,0,0,0
4947,0,0,0
4948,0,0,0
4949,0,0,0
4950,0,0,0
4951,0,0,0
4952,0,0,0
4953,0,0,0
4954,0,0,0
4955,0,0,0
4956,0,0,0
4957,0,0,0
4958,0,0,0
4959,0,0,0
4960,0,0,0
4961,0,0,0
4962,0,0,0
4963,0,0,0
4964,0,0,0
4965,0,0,0
4966,0,0,0
4967,0,0,0
4968,0,0,0
4969,0,0,0
4970,0,0,0
4971,0,0,0
4972,0,0,0
4973,0,0,0
4974,0,0,0
4975,0,0,0
4976,0,0,0
4977,0,0,0
4978,0,0,0
4979,0,0,0
4980,0,0,0
4981,0,0,0
4982,0,0,0
4983,0,0,0
4984,0,0,0
4985,0,0,0
4986,0,0,0
4987,0,0,0
4988,0,0,0
4989,0,0,0
4990,0,0,0
4991,0,0,0
4992,0,0,0
4993,0,0,0
4994,0,0,0
4995,0,0,0
4996,0,0,0
4997,0,0,0
4998,0,0,0
4999,0,0,0
5000,0,0,0
5001,0,0,0
5002,0,0,0
5003,0,0,0
5004,0,0,0
5005,0,0,0
5006,0,0,0
5007,0,0,0
5008,0,0,0
5009,0,0,0
5010,0,0,0
5011,0,0,0
5012,0,0,0
5013,0,0,0
5014,0,0,0
5015,0,0,0
5016,0,0,0
5017,0,0,0
5018,0,0,0
5019,0,0,0
5020,0,0,0
5021,0,0,0
5022,0,0,0
5023,0,0,0
5024,0,0,0
5025,0,0,0
5026,0,0,0
5027,0,0,0
5028,0,0,0
5029,0,0,0
5030,0,0,0
5031,0,0,0
5032,0,0,0
5033,0,0,0
5034,0,0,0
5035,0,0,0
5036,0,0,0
5037,0,0,0
5038,0,0,0
5039,0,0,0
5040,0,0,0
5041,0,0,0
5042,0,0,0
5043,0,0,0
5044,0,0,0
5045,0,0,0
5046,0,0,0
5047,0,0,0
5048,0,0,0
5049,0,0,0
5050,0,0,0
5051,0,0,0
5052,0,0,0
5053,0,0,0
5054,0,0,0
5055,0,0,0
5056,0,0,0
5057,0,0,0
5058,0,0,0
5059,0,0,0
5060,0,0,0
5061,0,0,0
5062,0,0,0
5063,0,0,0
5064,0,0,0
5065,0,0,0
5066,0,0,0
5067,0,0,0
5068,0,0,0
5069,0,0,0
5070,0,0,0
5071,0,0,0
5072,0,0,0
5073,0,0,0
5074,0,0,0
5075,0,0,0
5076,0,0,0
5077,0,0,0
5078,0,0,0
5079,0,0,0
5080,0,0,0
5081,0,0,0
5082,0,0,0
5083,0,0,0
5084,0,0,0
5085,0,0,0
5086,0,0,0
5087,0,0,0
5088,0,0,0
5089,0,0,0
5090,0,0,0
5091,0,0,0
5092,0,0,0
5093,0,0,0
5094,0,0,0
5095,0,0,0
5096,0,0,0
5097,0,0,0
5098,0,0,0
5099,0,0,0
5100,0,0,0
5101,0,0,0
5102,0,0,0
5103,0,0,0
5104,0,0,0
5105,0,0,0
5106,0,0,0
5107,0,0,0
5108,0,0,0
5109,0,0,0
5110,0,0,0
5111,0,0,0
5112,0,0,0
5113,0,0,0
5114,0,0,0
5115,0,0,0
5116,0,0,0
5117,0,0,0
5118,0,0,0
5119,0,0,0
5120,0,0,0
5121,0,0,0
5122,0,0,0
5123,0,0,0
5124,0,0,0
5125,0,0,0
5126,0,0,0
5127,0,0,0
5128,0,0,0
5129,0,0,0
5130,0,0,0
5131,0,0,0
5132,0,0,0
5133,0,0,0
5134,0,0,0
5135,0,0,0
5136,0,0,0
5137,0,0,0
5138,0,0,0
5139,0,0,0
5140,0,0,0
5141,0,0,0
5142,0,0,0
5143,0,0,0
5144,0,0,0
5145,0,0,0
5146,0,0,0
5147,0,0,0
5148,0,0,0
5149,0,0,0
5150,0,0,0
5151,0,0,0
5152,0,0,0
5153,0,0,0
5154,0,0,0
5155,0,0,0
5156,0,0,0
5157,0,0,0
5158,0,0,0
5159,0,0,0
5160,1,0,1
5161,1,0,1
5162,0,1,1
5163,0,1,1
5164,0,1,1
5165,0,1,1
5166,0,1,1
5167,0,1,1
5168,0,1,1
5169,0,1,1
5170,0,1,1
5171,0,1,1
5172,0,1,1
5173,0,1,1
5174,0,1,1
5175,0,1,1
5176,0,1,1
5177,0,1,1
5178,0,1,1
5179,0,1,1
5180,0,1,1
5181,0,1,1
5182,0,1,1
5183,0,1,1
5184,0,1,1
5185,0,1,1
5186,2,0,2
5187,2,0,2
5188,3,0,3
5189,3,0,3
5190,3,0,3
5191,3,0,3
5192,3,0,3
5193,3,0,3
5194,3,0,3
5195,3,0,3
5196,3,0,3
5197,3,0,3
5198,3,0,3
5199,4,0,4
5200,4,0,4
5201,4,0,4
5202,4,0,4
5203,4,0,4
5204,4,0,4
5205,4,0,4
5206,4,0,4
5207,4,0,4
5208,4,0,4
5209,4,0,4
5210,4,0,4
5211,4,0,4
5212,4,0,4
5213,4,0,4
5214,4,0,4
5215,4,0,4
5216,4,0,4
5217,4,0,4
5218,4,0,4
5219,4,0,4
5220,4,0,4
5221,4,0,4
5222,4,0,4
5223,5,0,5
5224,5,0,5
5225,5,0,5
5226,5,0,5
5227,5,0,5
5228,5,0,5
5229,5,0,5
5230,5,0,5
5231,4,1,5
5232,4,1,5
5233,4,1,5
5234,4,1,5
5235,4,1,5
5236,4,1,5
5237,3,1,4
5238,3,1,4
5239,2,2,4
5240,3,2,5
5241,3,2,5
5242,3,2,5
5243,3,2,5
5244,3,2,5
5245,4,1,5
5246,4,1,5
5247,4,1,5
5248,4,1,5
5249,4,1,5
5250,4,1,5
5251,4,1,5
5252,4,1,5
5253,4,1,5
5254,3,2,5
5255,3,2,5
5256,3,2,5
5257,3,2,5
5258,3,2,5
5259,3,2,5
5260,3,2,5
5261,3,2,5
5262,3,2,5
5263,3,2,5
5264,3,2,5
5265,3,2,5
5266,3,2,5
5267,3,2,5
5268,3,2,5
5269,3,2,5
5270,3,2,5
5271,3,2,5
5272,4,1,5
5273,4,1,5
5274,4,1,5
5275,4,1,5
5276,3,1,4
5277,3,1,4
5278,4,0,4
5279,4,0,4
5280,4,0,4
5281,4,0,4
5282,4,0,4
5283,4,0,4
5284,4,0,4
5285,4,0,4
5286,4,0,4
5287,4,0,4
5288,4,0,4
5289,4,0,4
5290,4,0,4
5291,4,0,4
5292,4,0,4
5293,4,0,4
5294,4,0,4
5295,4,0,4
5296,4,0,4
5297,4,0,4
5298,4,0,4
5299,3,0,3
5300,3,0,3
5301,3,0,3
5302,3,0,3
5303,3,0,3
5304,3,0,3
5305,3,0,3
5306,3,0,3
5307,3,0,3
5308,3,0,3
5309,3,0,3
5310,3,0,3
5311,3,0,3
5312,3,0,3
5313,2,0,2
5314,2,0,2
5315,1,0,1
5316,1,0,1
5317,1,0,1
5318,1,0,1
5319,1,0,1
5320,1,0,1
5321,1,0,1
5322,1,0,1
5323,1,0,1
5324,1,0,1
5325,1,0,1
5326,1,0,1
5327,1,0,1
5328,1,0,1
5329,1,0,1
5330,1,0,1
5331,1,0,1
5332,1,0,1
5333,1,0,1
5334,1,0,1
5335,1,0,1
5336,1,0,1
5337,1,0,1
5338,1,0,1
5339,1,0,1
5340,1,0,1
5341,1,0,1
5342,0,0,0
5343,0,0,0
5344,0,0,0
5345,0,0,0
5346,0,0,0
5347,0,0,0
5348,0,0,0
5349,0,0,0
5350,0,0,0
5351,0,0,0
5352,0,0,0
5353,0,0,0
5354,0,0,0
5355,0,0,0
5356,0,0,0
5357,0,0,0
5358,0,0,0
5359,0,0,0
5360,0,0,0
5361,0,0,0
5362,0,0,0
5363,0,0,0
5364,0,0,0
5365,0,0,0
5366,0,0,0
5367,0,0,0
5368,0,0,0
5369,0,0,0
5370,0,0,0
5371,0,0,0
5372,0,0,0
5373,0,0,0
5374,0,0,0
5375,0,0,0
5376,0,0,0
5377,0,0,0
5378,0,0,0
5379,0,0,0
5380,0,0,0
5381,1,0,1
5382,1,0,1
5383,1,0,1
5384,1,0,1
5385,1,0,1
5386,1,0,1
5387,1,0,1
5388,1,0,1
5389,1,0,1
5390,1,0,1
5391,1,0,1
5392,1,0,1
5393,1,0,1
5394,1,0,1
5395,1,0,1
5396,1,0,1
5397,1,0,1
5398,1,0,1
5399,1,0,1
5400,1,0,1
5401,1,0,1
5402,1,0,1
5403,1,0,1
5404,1,0,1
5405,1,0,1
5406,1,0,1
5407,1,0,1
5408,1,0,1
5409,1,0,1
5410,1,0,1
5411,1,0,1
5412,1,0,1
5413,1,0,1
5414,1,0,1
5415,1,0,1
5416,1,0,1
5417,1,0,1
5418,1,0,1
5419,1,0,1
5420,1,0,1
5421,1,0,1
5422,1,0,1
5423,1,0,1
5424,1,0,1
5425,1,0,1
5426,1,0,1
5427,1,0,1
5428,1,0,1
5429,1,0,1
5430,1,0,1
5431,1,0,1
5432,2,0,2
5433,2,0,2
5434,2,0,2
5435,2,0,2
5436,2,0,2
5437,2,0,2
5438,2,0,2
5439,2,0,2
5440,2,0,2
5441,2,0,2
5442,2,0,2
5443,2,0,2
5444,2,0,2
5445,2,0,2
5446,2,0,2
5447,2,0,2
5448,2,0,2
5449,2,0,2
5450,2,0,2
5451,2,0,2
5452,2,0,2
5453,2,0,2
5454,2,0,2
5455,2,0,2
5456,2,0,2
5457,1,0,1
5458,1,0,1
5459,1,0,1
5460,1,0,1
5461,1,0,1
5462,1,0,1
5463,1,0,1
5464,1,0,1
5465,1,0,1
5466,1,0,1
5467,1,0,1
5468,0,0,0
5469,0,0,0
5470,0,0,0
5471,0,0,0
5472,0,0,0
5473,0,0,0
5474,0,0,0
5475,0,0,0
5476,0,0,0
5477,0,0,0
5478,0,0,0
5479,0,0,0
5480,0,0,0
5481,0,0,0
5482,0,0,0
5483,0,0,0
5484,0,0,0
5485,0,0,0
5486,0,0,0
5487,0,0,0
5488,0,0,0
5489,0,0,0
5490,0,0,0
5491,0,0,0
5492,0,0,0
5493,0,0,0
5494,0,0,0
5495,0,0,0
5496,0,0,0
5497,0,0,0
5498,0,0,0
5499,0,0,0
5500,0,0,0
5501,0,0,0
5502,0,0,0
5503,0,0,0
5504,0,0,0
5505,0,0,0
5506,0,0,0
5507,0,0,0
5508,0,0,0
5509,0,0,0
5510,0,0,0
5511,0,0,0
5512,0,0,0
5513,0,0,0
5514,0,0,0
5515,0,0,0
5516,0,0,0
5517,0,0,0
5518,0,0,0
5519,0,0,0
5520,0,0,0
5521,0,0,0
5522,0,0,0
5523,0,0,0
5524,0,0,0
5525,0,0,0
5526,0,0,0
5527,0,0,0
5528,0,0,0
5529,0,0,0
5530,0,0,0
5531,0,0,0
5532,0,0,0
5533,0,0,0
5534,0,0,0
5535,0,0,0
5536,0,0,0
5537,0,0,0
5538,0,0,0
5539,0,0,0
5540,0,0,0
5541,0,0,0
5542,0,0,0
5543,0,0,0
5544,0,0,0
5545,0,0,0
5546,0,0,0
5547,0,0,0
5548,0,0,0
5549,0,0,0
5550,0,0,0
5551,0,0,0
5552,0,0,0
5553,1,0,1
5554,1,0,1
5555,1,0,1
5556,1,0,1
5557,1,0,1
5558,1,0,1
5559,1,0,1
5560,1,0,1
5561,1,0,1
5562,1,0,1
5563,1,0,1
5564,1,0,1
5565,1,0,1
5566,1,0,1
5567,1,0,1
5568,1,0,1
5569,1,0,1
5570,1,0,1
5571,1,0,1
5572,1,0,1
5573,1,0,1
5574,1,0,1
5575,1,0,1
5576,1,0,1
5577,1,0,1
5578,1,0,1
5579,1,0,1
5580,1,0,1
5581,1,0,1
5582,1,0,1
5583,1,0,1
5584,1,0,1
5585,1,0,1
5586,1,0,1
5587,1,0,1
5588,1,0,1
5589,1,0,1
5590,1,0,1
5591,1,0,1
5592,1,0,1
5593,1,0,1
5594,1,0,1
5595,1,0,1
5596,1,0,1
5597,1,0,1
5598,1,0,1
5599,1,0,1
5600,1,0,1
5601,1,0,1
5602,1,0,1
5603,1,0,1
5604,1,0,1
5605,0,0,0
5606,0,0,0
5607,0,0,0
5608,0,0,0
5609,0,0,0
5610,0,0,0
5611,0,0,0
5612,0,0,0
5613,0,0,0
5614,1,0,1
5615,1,0,1
5616,1,0,1
5617,1,0,1
5618,1,0,1
5619,1,0,1
5620,1,0,1
5621,1,0,1
5622,1,0,1
5623,1,0,1
5624,1,0,1
5625,1,0,1
5626,1,0,1
5627,1,0,1
5628,1,0,1
5629,1,0,1
5630,1,0,1
5631,1,0,1
5632,1,0,1
5633,1,0,1
5634,1,0,1
5635,1,0,1
5636,1,0,1
5637,1,0,1
5638,1,0,1
5639,1,0,1
5640,1,0,1
5641,1,0,1
5642,1,0,1
5643,1,0,1
5644,1,0,1
5645,1,0,1
5646,1,0,1
5647,1,0,1
5648,1,0,1
5649,1,0,1
5650,1,0,1
5651,1,0,1
5652,1,0,1
5653,1,0,1
5654,1,0,1
5655,1,0,1
5656,1,0,1
5657,1,0,1
5658,1,0,1
5659,1,0,1
5660,1,0,1
5661,1,0,1
5662,0,0,0
5663,0,0,0
5664,0,0,0
5665,0,0,0
5666,0,0,0
5667,0,0,0
5668,0,0,0
5669,0,0,0
5670,0,0,0
5671,0,0,0
5672,0,0,0
5673,0,0,0
5674,0,0,0
5675,0,0,0
5676,0,0,0
5677,0,0,0
5678,0,0,0
5679,0,0,0
5680,0,0,0
5681,0,0,0
5682,0,0,0
5683,0,0,0
5684,0,0,0
5685,0,0,0
5686,0,0,0
5687,0,0,0
5688,0,0,0
5689,0,0,0
5690,0,0,0
5691,0,0,0
5692,0,0,0
5693,0,0,0
5694,0,0,0
5695,0,0,0
5696,0,0,0
5697,0,0,0
5698,0,0,0
5699,0,0,0
5700,0,0,0
5701,0,0,0
5702,0,0,0
5703,0,0,0
5704,0,0,0
5705,0,0,0
5706,0,0,0
5707,0,0,0
5708,0,0,0
5709,0,0,0
5710,0,0,0
5711,0,0,0
5712,0,0,0
5713,0,0,0
5714,1,0,1
5715,1,0,1
5716,1,0,1
5717,1,0,1
5718,1,0,1
5719,1,0,1
5720,1,0,1
5721,1,0,1
5722,1,0,1
5723,1,0,1
5724,1,0,1
5725,1,0,1
5726,1,0,1
5727,1,0,1
5728,1,0,1
5729,1,0,1
5730,1,0,1
5731,1,0,1
5732,1,0,1
5733,1,0,1
5734,1,0,1
5735,1,0,1
5736,1,0,1
5737,1,0,1
5738,1,0,1
5739,1,0,1
5740,1,0,1
5741,1,0,1
5742,1,0,1
5743,1,0,1
5744,1,0,1
5745,1,0,1
5746,1,0,1
5747,1,0,1
5748,1,0,1
5749,1,0,1
5750,1,0,1
5751,1,0,1
5752,1,0,1
5753,2,0,2
5754,3,0,3
5755,3,0,3
5756,3,0,3
5757,3,0,3
5758,3,0,3
5759,3,0,3
5760,3,0,3
5761,3,0,3
5762,3,0,3
5763,3,0,3
5764,3,0,3
5765,3,0,3
5766,3,0,3
5767,3,0,3
5768,3,0,3
5769,3,0,3
5770,3,0,3
5771,3,0,3
5772,3,0,3
5773,3,0,3
5774,3,0,3
5775,3,0,3
5776,3,0,3
5777,3,0,3
5778,3,0,3
5779,3,0,3
5780,3,0,3
5781,3,0,3
5782,3,0,3
5783,3,0,3
5784,3,0,3
5785,3,0,3
5786,3,0,3
5787,3,0,3
5788,3,0,3
5789,3,0,3
5790,3,0,3
5791,3,0,3
5792,3,0,3
5793,3,0,3
5794,3,0,3
5795,3,0,3
5796,3,0,3
5797,3,0,3
5798,3,0,3
5799,3,0,3
5800,3,0,3
5801,3,0,3
5802,3,0,3
5803,3,0,3
5804,3,0,3
5805,3,0,3
5806,3,0,3
5807,3,0,3
5808,3,0,3
5809,3,0,3
5810,3,0,3
5811,3,0,3
5812,3,0,3
5813,3,0,3
5814,3,0,3
5815,3,0,3
5816,3,0,3
5817,3,0,3
5818,3,0,3
5819,3,0,3
5820,3,0,3
5821,3,0,3
5822,3,0,3
5823,3,0,3
5824,3,0,3
5825,3,0,3
5826,3,0,3
5827,3,0,3
5828,3,0,3
5829,3,0,3
5830,3,0,3
5831,3,0,3
5832,3,0,3
5833,3,0,3
5834,3,0,3
5835,3,0,3
5836,3,0,3
5837,3,0,3
5838,3,0,3
5839,3,0,3
5840,3,0,3
5841,3,0,3
5842,3,0,3
5843,3,0,3
5844,3,0,3
5845,3,0,3
5846,3,0,3
5847,3,0,3
5848,3,0,3
5849,3,0,3
5850,4,0,4
5851,4,0,4
5852,4,0,4
5853,4,0,4
5854,4,0,4
5855,4,0,4
5856,4,0,4
5857,4,0,4
5858,4,0,4
5859,4,0,4
5860,4,0,4
5861,4,0,4
5862,4,0,4
5863,4,0,4
5864,4,0,4
5865,4,0,4
5866,4,0,4
5867,4,0,4
5868,4,0,4
5869,4,0,4
5870,4,0,4
5871,4,0,4
5872,5,0,5
5873,5,0,5
5874,5,0,5
5875,5,0,5
5876,5,0,5
5877,5,0,5
5878,5,0,5
5879,5,0,5
5880,5,0,5
5881,5,0,5
5882,5,0,5
5883,5,0,5
5884,5,0,5
5885,5,0,5
5886,5,0,5
5887,5,0,5
5888,5,0,5
5889,5,0,5
5890,5,0,5
5891,5,0,5
5892,5,0,5
5893,5,0,5
5894,5,0,5
5895,5,0,5
5896,5,0,5
5897,5,0,5
5898,6,0,6
5899,6,0,6
5900,6,0,6
5901,6,0,6
5902,6,0,6
5903,6,0,6
5904,6,0,6
5905,6,0,6
5906,6,0,6
5907,6,0,6
5908,6,0,6
5909,5,0,5
5910,5,0,5
5911,5,0,5
5912,5,0,5
5913,4,0,4
5914,4,0,4
5915,4,0,4
5916,4,0,4
5917,4,0,4
5918,4,0,4
5919,4,0,4
5920,4,0,4
5921,4,0,4
5922,4,0,4
5923,4,0,4
5924,4,0,4
5925,4,0,4
5926,3,0,3
5927,3,0,3
5928,3,0,3
5929,3,0,3
5930,3,0,3
5931,3,0,3
5932,3,0,3
5933,3,0,3
5934,3,0,3
5935,3,0,3
5936,3,0,3
5937,3,0,3
5938,3,0,3
5939,3,0,3
5940,3,0,3
5941,3,0,3
5942,3,0,3
5943,3,0,3
5944,3,0,3
5945,3,0,3
5946,3,0,3
5947,3,0,3
5948,2,0,2
5949,2,0,2
5950,2,0,2
5951,2,0,2
5952,2,0,2
5953,2,0,2
5954,3,0,3
5955,3,0,3
5956,3,0,3
5957,3,0,3
5958,3,0,3
5959,3,0,3
5960,3,0,3
5961,3,0,3
5962,3,0,3
5963,3,0,3
5964,4,0,4
5965,4,0,4
5966,4,0,4
5967,4,0,4
5968,4,0,4
5969,4,0,4
5970,4,0,4
5971,4,0,4
5972,4,0,4
5973,4,0,4
5974,4,0,4
5975,4,0,4
5976,4,0,4
5977,4,0,4
5978,4,0,4
5979,4,0,4
5980,4,0,4
5981,4,0,4
5982,4,0,4
5983,4,0,4
5984,4,0,4
5985,4,0,4
5986,4,0,4
5987,4,0,4
5988,4,0,4
5989,4,0,4
5990,4,0,4
5991,4,0,4
5992,4,0,4
5993,4,0,4
5994,4,0,4
5995,4,0,4
5996,4,0,4
5997,4,0,4
5998,3,0,3
5999,3,0,3
6000,3,0,3
6001,3,0,3
6002,3,0,3
6003,3,0,3
6004,3,0,3
6005,3,0,3
6006,3,0,3
6007,3,0,3
6008,3,0,3
6009,3,0,3
6010,3,0,3
6011,3,0,3
6012,3,0,3
6013,3,0,3
6014,3,0,3
6015,3,0,3
6016,3,0,3
6017,3,0,3
6018,3,0,3
6019,3,0,3
6020,3,0,3
6021,3,0,3
6022,3,0,3
6023,3,0,3
6024,3,0,3
6025,3,0,3
6026,3,0,3
6027,3,0,3
6028,3,0,3
6029,3,0,3
6030,3,0,3
6031,3,0,3
6032,3,0,3
6033,3,0,3
6034,3,0,3
6035,3,0,3
6036,3,0,3
6037,3,0,3
6038,3,0,3
6039,3,0,3
6040,3,0,3
6041,3,0,3
6042,3,0,3
6043,3,0,3
6044,3,0,3
6045,3,0,3
6046,3,0,3
6047,3,0,3
6048,3,0,3
6049,3,0,3
6050,3,0,3
6051,3,0,3
6052,3,0,3
6053,3,0,3
6054,3,0,3
6055,3,0,3
6056,2,0,2
6057,2,0,2
6058,2,0,2
6059,2,0,2
6060,2,0,2
6061,2,0,2
6062,2,0,2
6063,2,0,2
6064,2,0,2
6065,2,0,2
6066,2,0,2
6067,2,0,2
6068,2,0,2
6069,3,0,3
6070,3,0,3
6071,3,0,3
6072,3,0,3
6073,3,0,3
6074,3,0,3
6075,3,0,3
6076,3,0,3
6077,3,0,3
6078,3,0,3
6079,3,0,3
6080,3,0,3
6081,3,0,3
6082,3,0,3
6083,3,0,3
6084,3,0,3
6085,3,0,3
6086,3,0,3
6087,3,0,3
6088,3,0,3
6089,3,0,3
6090,3,0,3
6091,3,0,3
6092,3,0,3
6093,3,0,3
6094,3,0,3
6095,3,0,3
6096,3,0,3
6097,3,0,3
6098,3,0,3
6099,3,0,3
6100,3,0,3
6101,3,0,3
6102,3,0,3
6103,3,0,3
6104,3,0,3
6105,3,0,3
6106,3,0,3
6107,3,0,3
6108,3,0,3
6109,3,0,3
6110,3,0,3
6111,3,0,3
6112,3,0,3
6113,3,0,3
6114,3,0,3
6115,3,0,3
6116,3,0,3
6117,3,0,3
6118,3,0,3
6119,3,0,3
6120,3,0,3
6121,3,0,3
6122,3,0,3
6123,3,0,3
6124,3,0,3
6125,3,0,3
6126,3,0,3
6127,3,0,3
6128,3,0,3
6129,2,0,2
6130,1,0,1
6131,1,0,1
6132,1,0,1
6133,1,0,1
6134,1,0,1
6135,1,0,1
6136,1,0,1
6137,1,0,1
6138,1,0,1
6139,2,0,2
6140,2,0,2
6141,2,0,2
6142,2,0,2
6143,2,0,2
6144,2,0,2
6145,2,0,2
6146,2,0,2
6147,3,0,3
6148,3,0,3
6149,3,0,3
6150,3,0,3
6151,3,0,3
6152,3,0,3
6153,3,0,3
6154,3,0,3
6155,3,0,3
6156,3,0,3
6157,3,0,3
6158,3,0,3
6159,3,0,3
6160,3,0,3
6161,3,0,3
6162,3,0,3
6163,3,0,3
6164,3,0,3
6165,3,0,3
6166,4,0,4
6167,4,0,4
6168,4,0,4
6169,5,0,5
6170,5,0,5
6171,5,0,5
6172,4,0,4
6173,4,0,4
6174,4,0,4
6175,4,0,4
6176,4,0,4
6177,4,0,4
6178,4,0,4
6179,4,0,4
6180,4,0,4
6181,4,0,4
6182,4,0,4
6183,4,0,4
6184,4,0,4
6185,4,0,4
6186,4,0,4
6187,4,0,4
6188,4,0,4
6189,4,0,4
6190,4,0,4
6191,4,0,4
6192,4,0,4
6193,4,0,4
6194,4,0,4
6195,4,0,4
6196,4,0,4
6197,4,0,4
6198,4,0,4
6199,4,0,4
6200,4,0,4
6201,4,0,4
6202,4,0,4
6203,4,0,4
6204,3,0,3
6205,3,0,3
6206,3,0,3
6207,3,0,3
6208,3,0,3
6209,3,0,3
6210,3,0,3
6211,3,0,3
6212,3,0,3
6213,2,0,2
6214,2,0,2
6215,2,0,2
6216,2,0,2
6217,2,0,2
6218,2,0,2
6219,2,0,2
6220,2,0,2
6221,2,0,2
6222,2,0,2
6223,1,0,1
6224,1,0,1
6225,1,0,1
6226,1,0,1
6227,1,0,1
6228,1,0,1
6229,1,0,1
6230,1,0,1
6231,1,0,1
6232,1,0,1
6233,1,0,1
6234,1,0,1
6235,1,0,1
6236,1,0,1
6237,1,0,1
6238,1,0,1
6239,1,0,1
6240,1,0,1
6241,1,0,1
6242,1,0,1
6243,1,0,1
6244,1,0,1
6245,1,0,1
6246,1,0,1
6247,1,0,1
6248,1,0,1
6249,1,0,1
6250,1,0,1
6251,1,0,1
6252,1,0,1
6253,1,0,1
6254,1,0,1
6255,1,0,1
6256,1,0,1
6257,1,0,1
6258,0,0,0
6259,0,0,0
6260,0,0,0
6261,0,0,0
6262,0,0,0
6263,0,0,0
6264,0,0,0
6265,0,0,0
6266,0,0,0
6267,0,0,0
6268,0,0,0
6269,0,0,0
6270,0,0,0
6271,0,0,0
6272,0,0,0
6273,0,0,0
6274,0,0,0
6275,0,0,0
6276,0,0,0
6277,0,0,0
6278,0,0,0
6279,0,0,0
6280,0,0,0
6281,0,0,0
6282,0,0,0
6283,0,0,0
6284,0,0,0
6285,0,0,0
6286,0,0,0
6287,0,0,0
6288,0,0,0
6289,0,0,0
6290,0,0,0
6291,0,0,0
6292,0,0,0
6293,0,0,0
6294,0,0,0
6295,0,0,0
6296,0,0,0
6297,0,0,0
6298,0,0,0
6299,0,0,0
6300,0,0,0
6301,0,0,0
6302,0,0,0
6303,0,0,0
6304,0,0,0
6305,0,0,0
6306,0,0,0
6307,0,0,0
6308,0,0,0
6309,0,0,0
6310,0,0,0
6311,0,0,0
6312,0,0,0
6313,0,0,0
6314,0,0,0
6315,0,0,0
6316,0,0,0
6317,0,0,0
6318,0,0,0
6319,0,0,0
6320,0,0,0
6321,0,0,0
6322,0,0,0
6323,0,0,0
6324,0,0,0
6325,0,0,0
6326,0,0,0
6327,0,0,0
6328,0,0,0
6329,0,0,0
6330,0,0,0
6331,0,0,0
6332,0,0,0
6333,0,0,0
6334,0,0,0
6335,0,0,0
6336,0,0,0
6337,0,0,0
6338,0,0,0
6339,0,0,0
6340,0,0,0
6341,0,0,0
6342,0,0,0
6343,0,0,0
6344,0,0,0
6345,1,0,1
6346,1,0,1
6347,1,0,1
6348,1,0,1
6349,1,0,1
6350,1,0,1
6351,1,0,1
6352,1,0,1
6353,1,0,1
6354,1,0,1
6355,1,0,1
6356,1,0,1
6357,1,0,1
6358,1,0,1
6359,1,0,1
6360,1,0,1
6361,1,0,1
6362,1,0,1
6363,1,0,1
6364,1,0,1
6365,1,0,1
6366,1,0,1
6367,1,0,1
6368,1,0,1
6369,1,0,1
6370,1,0,1
6371,1,0,1
6372,1,0,1
6373,1,0,1
6374,1,0,1
6375,1,0,1
6376,1,0,1
6377,1,0,1
6378,1,0,1
6379,1,0,1
6380,1,0,1
6381,0,0,0
6382,0,0,0
6383,0,0,0
6384,0,0,0
6385,0,0,0
6386,0,0,0
6387,0,0,0
6388,0,0,0
6389,0,0,0
6390,0,0,0
6391,0,0,0
6392,0,0,0
6393,0,0,0
6394,0,0,0
6395,0,0,0
6396,0,0,0
6397,0,0,0
6398,0,0,0
6399,0,0,0
6400,0,0,0
6401,0,0,0
6402,0,0,0
6403,0,0,0
6404,0,0,0
6405,0,0,0
6406,0,0,0
6407,0,0,0
6408,0,0,0
6409,0,0,0
6410,0,0,0
6411,0,0,0
6412,0,0,0
6413,0,0,0
6414,0,0,0
6415,0,0,0
6416,0,0,0
6417,0,0,0
6418,0,0,0
6419,0,0,0
6420,0,0,0
6421,0,0,0
6422,0,0,0
6423,0,0,0
6424,0,0,0
6425,0,0,0
6426,0,0,0
6427,0,0,0
6428,0,0,0
6429,0,0,0
6430,0,0,0
6431,0,0,0
6432,0,0,0
6433,0,0,0
6434,0,0,0
6435,0,0,0
6436,1,0,1
6437,1,0,1
6438,1,0,1
6439,1,0,1
6440,1,0,1
6441,1,0,1
6442,1,0,1
6443,1,0,1
6444,1,0,1
6445,1,0,1
6446,1,0,1
6447,1,0,1
6448,1,0,1
6449,1,0,1
6450,1,0,1
6451,1,0,1
6452,1,0,1
6453,1,0,1
6454,1,0,1
6455,1,0,1
6456,1,0,1
6457,1,0,1
6458,1,0,1
6459,1,0,1
6460,1,0,1
6461,1,0,1
6462,1,0,1
6463,1,0,1
6464,1,0,1
6465,1,0,1
6466,1,0,1
6467,1,0,1
6468,1,0,1
6469,1,0,1
6470,1,0,1
6471,1,0,1
6472,1,0,1
6473,1,0,1
6474,1,0,1
6475,1,0,1
6476,1,0,1
6477,1,0,1
6478,1,0,1
6479,1,0,1
6480,1,0,1
6481,1,0,1
6482,1,0,1
6483,1,0,1
6484,1,0,1
6485,2,0,2
6486,2,0,2
6487,2,0,2
6488,2,0,2
6489,2,0,2
6490,2,0,2
6491,2,0,2
6492,2,0,2
6493,2,0,2
6494,2,0,2
6495,2,0,2
6496,2,0,2
6497,2,0,2
6498,2,0,2
6499,2,0,2
6500,2,0,2
6501,2,0,2
6502,2,0,2
6503,2,0,2
6504,2,0,2
6505,2,0,2
6506,2,0,2
6507,2,0,2
6508,2,0,2
6509,2,0,2
6510,2,0,2
6511,2,0,2
6512,2,0,2
6513,2,0,2
6514,2,0,2
6515,2,0,2
6516,2,0,2
6517,2,0,2
6518,2,0,2
6519,2,0,2
6520,2,0,2
6521,2,0,2
6522,2,0,2
6523,2,0,2
6524,2,0,2
6525,2,0,2
6526,3,0,3
6527,3,0,3
6528,3,0,3
6529,4,0,4
6530,4,0,4
6531,4,0,4
6532,4,0,4
6533,4,0,4
6534,4,0,4
6535,4,0,4
6536,4,0,4
6537,4,0,4
6538,5,0,5
6539,5,0,5
6540,5,0,5
6541,5,0,5
6542,5,0,5
6543,5,0,5
6544,5,0,5
6545,5,0,5
6546,5,0,5
6547,5,0,5
6548,5,0,5
6549,5,0,5
6550,5,0,5
6551,5,0,5
6552,5,0,5
6553,5,0,5
6554,5,0,5
6555,5,0,5
6556,5,0,5
6557,5,0,5
6558,5,0,5
6559,5,0,5
6560,5,0,5
6561,5,0,5
6562,5,0,5
6563,5,0,5
6564,5,0,5
6565,5,0,5
6566,5,0,5
6567,5,0,5
6568,5,0,5
6569,5,0,5
6570,5,0,5
6571,5,0,5
6572,4,0,4
6573,4,0,4
6574,4,0,4
6575,4,0,4
6576,5,0,5
6577,5,0,5
6578,5,0,5
6579,5,0,5
6580,5,0,5
6581,5,0,5
6582,5,0,5
6583,5,0,5
6584,5,0,5
6585,5,0,5
6586,5,0,5
6587,5,0,5
6588,5,0,5
6589,5,0,5
6590,5,0,5
6591,5,0,5
6592,5,0,5
6593,5,0,5
6594,5,0,5
6595,3,0,3
6596,3,0,3
6597,3,0,3
6598,4,0,4
6599,4,0,4
6600,4,0,4
6601,4,0,4
6602,4,0,4
6603,4,0,4
6604,4,0,4
6605,4,0,4
6606,5,0,5
6607,5,0,5
6608,5,0,5
6609,5,0,5
6610,5,0,5
6611,5,0,5
6612,5,0,5
6613,5,0,5
6614,5,0,5
6615,5,0,5
6616,5,0,5
6617,5,0,5
6618,5,0,5
6619,5,0,5
6620,4,0,4
6621,4,0,4
6622,4,0,4
6623,4,0,4
6624,4,0,4
6625,4,0,4
6626,4,0,4
6627,4,0,4
6628,4,0,4
6629,4,0,4
6630,4,0,4
6631,4,0,4
6632,4,0,4
6633,4,0,4
6634,4,0,4
6635,4,0,4
6636,4,0,4
6637,4,0,4
6638,4,0,4
6639,4,0,4
6640,4,0,4
6641,4,0,4
6642,4,0,4
6643,4,0,4
6644,4,0,4
6645,4,0,4
6646,4,0,4
6647,4,0,4
6648,4,0,4
6649,4,0,4
6650,4,0,4
6651,4,0,4
6652,4,0,4
6653,4,0,4
6654,4,0,4
6655,4,0,4
6656,4,0,4
6657,4,0,4
6658,4,0,4
6659,4,0,4
6660,4,0,4
6661,4,0,4
6662,4,0,4
6663,4,0,4
6664,4,0,4
6665,4,0,4
6666,5,0,5
6667,5,0,5
6668,5,0,5
6669,6,0,6
6670,6,0,6
6671,6,0,6
6672,6,0,6
6673,6,0,6
6674,6,0,6
6675,6,0,6
6676,6,0,6
6677,6,0,6
6678,6,0,6
6679,6,0,6
6680,6,0,6
6681,6,0,6
6682,6,0,6
6683,6,0,6
6684,6,0,6
6685,6,0,6
6686,6,0,6
6687,6,0,6
6688,6,0,6
6689,6,0,6
6690,6,0,6
6691,6,0,6
6692,6,0,6
6693,6,0,6
6694,6,0,6
6695,6,0,6
6696,6,0,6
6697,6,0,6
6698,6,0,6
6699,6,0,6
6700,5,1,6
6701,5,1,6
6702,5,1,6
6703,5,1,6
6704,5,1,6
6705,5,1,6
6706,5,1,6
6707,5,1,6
6708,5,1,6
6709,5,1,6
6710,5,1,6
6711,5,1,6
6712,5,1,6
6713,5,1,6
6714,5,1,6
6715,5,1,6
6716,5,1,6
6717,5,1,6
6718,5,1,6
6719,5,1,6
6720,6,0,6
6721,6,0,6
6722,6,0,6
6723,6,0,6
6724,6,0,6
6725,6,0,6
6726,6,0,6
6727,6,0,6
6728,6,0,6
6729,6,0,6
6730,5,0,5
6731,5,0,5
6732,5,0,5
6733,5,0,5
6734,5,0,5
6735,5,0,5
6736,5,0,5
6737,5,0,5
6738,5,0,5
6739,5,0,5
6740,4,0,4
6741,4,0,4
6742,4,0,4
6743,4,0,4
6744,4,0,4
6745,4,0,4
6746,4,0,4
6747,4,0,4
6748,4,0,4
6749,4,0,4
6750,4,0,4
6751,4,0,4
6752,4,0,4
6753,4,0,4
6754,4,0,4
6755,4,0,4
6756,4,0,4
6757,4,0,4
6758,5,0,5
6759,5,0,5
6760,5,0,5
6761,5,0,5
6762,5,0,5
6763,5,0,5
6764,5,0,5
6765,5,0,5
6766,5,0,5
6767,5,0,5
6768,5,0,5
6769,5,0,5
6770,5,0,5
6771,5,0,5
6772,5,0,5
6773,5,0,5
6774,5,0,5
6775,5,0,5
6776,5,0,5
6777,6,0,6
6778,6,0,6
6779,6,0,6
6780,6,0,6
6781,6,0,6
6782,6,0,6
6783,6,0,6
6784,6,0,6
6785,7,0,7
6786,7,0,7
6787,7,0,7
6788,7,0,7
6789,7,0,7
6790,7,0,7
6791,7,0,7
6792,7,0,7
6793,7,0,7
6794,7,0,7
6795,7,0,7
6796,7,0,7
6797,7,0,7
6798,7,0,7
6799,7,0,7
6800,7,0,7
6801,7,0,7
6802,7,0,7
6803,7,0,7
6804,7,0,7
6805,7,0,7
6806,7,0,7
6807,7,0,7
6808,6,1,7
6809,6,1,7
6810,6,1,7
6811,6,1,7
6812,6,1,7
6813,5,1,6
6814,5,1,6
6815,4,2,6
6816,2,3,5
6817,2,3,5
6818,2,3,5
6819,2,3,5
6820,1,4,5
6821,1,4,5
6822,1,4,5
6823,1,4,5
6824,1,4,5
6825,1,4,5
6826,1,4,5
6827,1,4,5
6828,1,4,5
6829,1,4,5
6830,1,4,5
6831,1,4,5
6832,0,4,4
6833,0,4,4
6834,0,4,4
6835,0,4,4
6836,0,4,4
6837,1,4,5
6838,2,4,6
6839,2,4,6
6840,1,5,6
6841,1,5,6
6842,2,5,7
6843,2,5,7
6844,3,4,7
6845,3,4,7
6846,4,3,7
6847,4,3,7
6848,5,3,8
6849,5,3,8
6850,5,3,8
6851,5,3,8
6852,5,3,8
6853,5,3,8
6854,5,3,8
6855,5,3,8
6856,5,3,8
6857,5,3,8
6858,5,3,8
6859,5,3,8
6860,5,3,8
6861,5,3,8
6862,5,3,8
6863,5,3,8
6864,5,3,8
6865,5,3,8
6866,6,2,8
6867,6,2,8
6868,7,1,8
6869,7,1,8
6870,7,1,8
6871,7,0,7
6872,6,0,6
6873,6,0,6
6874,6,0,6
6875,6,0,6
6876,7,0,7
6877,7,0,7
6878,7,0,7
6879,7,0,7
6880,6,0,6
6881,6,0,6
6882,6,0,6
6883,6,0,6
6884,6,0,6
6885,6,0,6
6886,6,0,6
6887,7,0,7
6888,7,0,7
6889,7,0,7
6890,8,0,8
6891,8,0,8
6892,8,0,8
6893,8,0,8
6894,8,0,8
6895,8,0,8
6896,8,0,8
6897,8,0,8
6898,8,0,8
6899,8,0,8
6900,8,0,8
6901,8,0,8
6902,8,0,8
6903,8,0,8
6904,8,0,8
6905,8,0,8
6906,8,0,8
6907,8,0,8
6908,8,0,8
6909,8,0,8
6910,8,0,8
6911,8,0,8
6912,8,0,8
6913,8,0,8
6914,8,0,8
6915,7,0,7
6916,7,0,7
6917,7,0,7
6918,7,0,7
6919,7,0,7
6920,7,0,7
6921,7,0,7
6922,7,0,7
6923,7,0,7
6924,7,0,7
6925,7,0,7
6926,7,0,7
6927,7,0,7
6928,7,0,7
6929,7,0,7
6930,7,0,7
6931,7,0,7
6932,6,0,6
6933,6,0,6
6934,6,0,6
6935,6,0,6
6936,6,0,6
6937,6,0,6
6938,6,0,6
6939,6,0,6
6940,6,0,6
6941,6,0,6
6942,6,0,6
6943,6,0,6
6944,6,0,6
6945,6,0,6
6946,6,0,6
6947,6,0,6
6948,6,0,6
6949,6,0,6
6950,6,0,6
6951,6,0,6
6952,6,0,6
6953,6,0,6
6954,6,0,6
6955,5,0,5
6956,5,0,5
6957,5,0,5
6958,5,0,5
6959,5,0,5
6960,5,0,5
6961,6,0,6
6962,6,0,6
6963,6,0,6
6964,6,0,6
6965,6,0,6
6966,6,0,6
6967,6,0,6
6968,6,0,6
6969,6,0,6
6970,6,0,6
6971,6,0,6
6972,6,0,6
6973,6,0,6
6974,6,0,6
6975,6,0,6
6976,6,0,6
6977,6,0,6
6978,6,0,6
6979,6,0,6
6980,7,0,7
6981,7,0,7
6982,7,0,7
6983,7,0,7
6984,7,0,7
6985,7,0,7
6986,7,0,7
6987,8,0,8
6988,7,0,7
6989,7,0,7
6990,7,0,7
6991,7,0,7
6992,7,0,7
6993,7,0,7
6994,7,0,7
6995,7,0,7
6996,7,0,7
6997,7,0,7
6998,7,0,7
6999,7,0,7
7000,7,0,7
7001,7,0,7
7002,6,0,6
7003,6,0,6
7004,6,0,6
7005,6,0,6
7006,6,0,6
7007,6,0,6
7008,6,0,6
7009,6,0,6
7010,6,0,6
7011,6,0,6
7012,6,0,6
7013,6,0,6
7014,6,0,6
7015,6,0,6
7016,6,0,6
7017,6,0,6
7018,6,0,6
7019,6,0,6
7020,6,0,6
7021,6,0,6
7022,6,0,6
7023,6,0,6
7024,6,0,6
7025,6,0,6
7026,7,0,7
7027,7,0,7
7028,7,0,7
7029,7,0,7
7030,7,0,7
7031,7,0,7
7032,7,0,7
7033,7,0,7
7034,7,0,7
7035,7,0,7
7036,7,0,7
7037,7,0,7
7038,7,0,7
7039,7,0,7
7040,7,0,7
7041,7,0,7
7042,7,0,7
7043,7,0,7
7044,7,0,7
7045,7,0,7
7046,7,0,7
7047,7,0,7
7048,6,0,6
7049,6,0,6
7050,6,0,6
7051,6,0,6
7052,6,0,6
7053,6,0,6
7054,6,0,6
7055,6,0,6
7056,6,0,6
7057,6,0,6
7058,6,0,6
7059,6,0,6
7060,6,0,6
7061,6,0,6
7062,5,0,5
7063,6,0,6
7064,6,0,6
7065,6,0,6
7066,6,0,6
7067,6,0,6
7068,6,0,6
7069,6,0,6
7070,6,0,6
7071,6,0,6
7072,5,0,5
7073,5,0,5
7074,4,0,4
7075,4,0,4
7076,4,0,4
7077,4,0,4
7078,4,0,4
7079,4,0,4
7080,4,0,4
7081,4,0,4
7082,4,0,4
7083,4,0,4
7084,4,0,4
7085,4,0,4
7086,4,0,4
7087,4,0,4
7088,5,0,5
7089,5,0,5
7090,5,0,5
7091,5,0,5
7092,5,0,5
7093,5,0,5
7094,5,0,5
7095,5,0,5
7096,5,0,5
7097,5,0,5
7098,5,0,5
7099,5,0,5
7100,6,0,6
7101,6,0,6
7102,6,0,6
7103,6,0,6
7104,6,0,6
7105,6,0,6
7106,6,0,6
7107,6,0,6
7108,6,0,6
7109,6,0,6
7110,6,0,6
7111,6,0,6
7112,6,0,6
7113,6,0,6
7114,6,0,6
7115,7,0,7
7116,7,0,7
7117,7,0,7
7118,7,0,7
7119,7,0,7
7120,7,0,7
7121,7,0,7
7122,7,0,7
7123,7,0,7
7124,7,0,7
7125,7,0,7
7126,7,0,7
7127,7,0,7
7128,7,0,7
7129,7,0,7
7130,7,0,7
7131,7,0,7
7132,7,0,7
7133,7,0,7
7134,7,0,7
7135,7,0,7
7136,7,0,7
7137,7,0,7
7138,7,0,7
7139,7,0,7
7140,7,0,7
7141,7,0,7
7142,7,0,7
7143,7,0,7
7144,7,0,7
7145,7,0,7
7146,7,0,7
7147,8,0,8
7148,8,0,8
7149,8,0,8
7150,8,0,8
7151,6,0,6
7152,6,0,6
7153,6,0,6
7154,6,0,6
7155,6,0,6
7156,6,0,6
7157,6,0,6
7158,5,0,5
7159,5,0,5
7160,5,0,5
7161,5,0,5
7162,5,0,5
7163,5,0,5
7164,5,0,5
7165,5,0,5
7166,5,0,5
7167,5,0,5
7168,5,0,5
7169,5,0,5
7170,5,0,5
7171,5,0,5
7172,5,0,5
7173,5,0,5
7174,5,0,5
7175,5,0,5
7176,5,0,5
7177,5,0,5
7178,4,0,4
7179,4,0,4
7180,4,0,4
7181,4,0,4
7182,4,0,4
7183,4,0,4
7184,4,0,4
7185,3,0,3
7186,3,0,3
7187,3,0,3
7188,3,0,3
7189,3,0,3
7190,3,0,3
7191,3,0,3
7192,3,0,3
7193,3,0,3
7194,3,0,3
7195,3,0,3
7196,3,0,3
7197,3,0,3
7198,3,0,3
7199,3,0,3
7200,3,0,3
7201,4,0,4
7202,4,0,4
7203,4,0,4
7204,4,0,4
7205,4,0,4
7206,4,0,4
7207,4,0,4
7208,4,0,4
7209,4,0,4
7210,4,0,4
7211,4,0,4
7212,4,0,4
7213,4,0,4
7214,4,0,4
7215,4,0,4
7216,4,0,4
7217,4,0,4
7218,4,0,4
7219,4,0,4
7220,4,0,4
7221,4,0,4
7222,4,0,4
7223,4,0,4
7224,4,0,4
7225,4,0,4
7226,4,0,4
7227,4,0,4
7228,4,0,4
7229,5,0,5
7230,5,0,5
7231,5,0,5
7232,5,0,5
7233,5,0,5
7234,5,0,5
7235,5,0,5
7236,5,0,5
7237,5,0,5
7238,5,0,5
7239,5,0,5
7240,6,0,6
7241,6,0,6
7242,6,0,6
7243,6,0,6
7244,6,0,6
7245,6,0,6
7246,6,0,6
7247,6,0,6
7248,6,0,6
7249,6,0,6
7250,6,0,6
7251,5,0,5
7252,5,0,5
7253,5,0,5
7254,5,0,5
7255,5,0,5
7256,5,0,5
7257,5,0,5
7258,5,0,5
7259,5,0,5
7260,5,0,5
7261,5,0,5
7262,5,0,5
7263,5,0,5
7264,5,0,5
7265,5,0,5
7266,5,0,5
7267,5,0,5
7268,5,0,5
7269,5,0,5
7270,5,0,5
7271,5,0,5
7272,5,0,5
7273,5,0,5
7274,5,0,5
7275,5,0,5
7276,5,0,5
7277,5,0,5
7278,5,0,5
7279,4,0,4
7280,4,0,4
7281,4,0,4
7282,4,0,4
7283,4,0,4
7284,4,0,4
7285,4,0,4
7286,4,0,4
7287,4,0,4
7288,4,0,4
7289,4,0,4
7290,4,0,4
7291,4,0,4
7292,4,0,4
7293,4,0,4
7294,4,0,4
7295,4,0,4
7296,4,0,4
7297,4,0,4
7298,4,0,4
7299,4,0,4
7300,4,0,4
7301,4,0,4
7302,4,0,4
7303,4,0,4
7304,4,0,4
7305,4,0,4
7306,4,0,4
7307,4,0,4
7308,4,0,4
7309,4,0,4
7310,4,0,4
7311,4,0,4
7312,4,0,4
7313,4,0,4
7314,4,0,4
7315,4,0,4
7316,4,0,4
7317,4,0,4
7318,4,0,4
7319,4,0,4
7320,4,0,4
7321,4,0,4
7322,4,0,4
7323,4,0,4
7324,4,0,4
7325,4,0,4
7326,4,0,4
7327,4,0,4
7328,4,0,4
7329,4,0,4
7330,4,0,4
7331,4,0,4
7332,5,0,5
7333,5,0,5
7334,5,0,5
7335,5,0,5
7336,5,0,5
7337,4,0,4
7338,4,0,4
7339,4,0,4
7340,4,0,4
7341,4,0,4
7342,4,0,4
7343,4,0,4
7344,4,0,4
7345,4,0,4
7346,4,0,4
7347,4,0,4
7348,4,0,4
7349,4,0,4
7350,4,0,4
7351,4,0,4
7352,4,0,4
7353,4,0,4
7354,4,0,4
7355,4,0,4
7356,4,0,4
7357,4,0,4
7358,4,0,4
7359,4,0,4
7360,4,0,4
7361,4,0,4
7362,4,0,4
7363,4,0,4
7364,4,0,4
7365,4,0,4
7366,4,0,4
7367,4,0,4
7368,4,0,4
7369,4,0,4
7370,4,0,4
7371,4,0,4
7372,4,0,4
7373,4,0,4
7374,4,0,4
7375,4,0,4
7376,4,0,4
7377,4,0,4
7378,4,0,4
7379,4,0,4
7380,4,0,4
7381,4,0,4
7382,4,0,4
7383,4,0,4
7384,4,0,4
7385,4,0,4
7386,4,0,4
7387,3,0,3
7388,3,0,3
7389,3,0,3
7390,3,0,3
7391,3,0,3
7392,3,0,3
7393,3,0,3
7394,3,0,3
7395,3,0,3
7396,3,0,3
7397,3,0,3
7398,3,0,3
7399,3,0,3
7400,3,0,3
7401,3,0,3
7402,3,0,3
7403,3,0,3
7404,3,0,3
7405,3,0,3
7406,3,0,3
7407,3,0,3
7408,3,0,3
7409,3,0,3
7410,3,0,3
7411,3,0,3
7412,3,0,3
7413,3,0,3
7414,3,0,3
7415,3,0,3
7416,3,0,3
7417,3,0,3
7418,3,0,3
7419,3,0,3
7420,3,0,3
7421,3,0,3
7422,3,0,3
7423,3,0,3
7424,3,0,3
7425,3,0,3
7426,3,0,3
7427,3,0,3
7428,3,0,3
7429,3,0,3
7430,3,0,3
7431,3,0,3
7432,3,0,3
7433,3,0,3
7434,3,0,3
7435,3,0,3
7436,3,0,3
7437,3,0,3
7438,3,0,3
7439,3,0,3
7440,2,0,2
7441,2,0,2
7442,2,0,2
7443,2,0,2
7444,2,0,2
7445,2,0,2
7446,2,0,2
7447,1,0,1
7448,1,0,1
7449,1,0,1
7450,1,0,1
7451,0,0,0
7452,0,0,0
7453,0,0,0
7454,0,0,0
7455,0,0,0
7456,0,0,0
7457,0,0,0
7458,0,0,0
7459,0,0,0
7460,0,0,0
7461,0,0,0
7462,0,0,0
7463,0,0,0
7464,0,0,0
7465,0,0,0
7466,0,0,0
7467,0,0,0
7468,0,0,0
7469,0,0,0
7470,0,0,0
7471,0,0,0
7472,0,0,0
7473,0,0,0
7474,0,0,0
7475,0,0,0
7476,0,0,0
7477,0,0,0
7478,0,0,0
7479,0,0,0
7480,0,0,0
7481,0,0,0
7482,0,0,0
7483,0,0,0
7484,0,0,0
7485,0,0,0
7486,0,0,0
7487,0,0,0
7488,0,0,0
7489,0,0,0
7490,0,0,0
7491,0,0,0
7492,0,0,0
7493,0,0,0
7494,0,0,0
7495,0,0,0
7496,0,0,0
7497,0,0,0
7498,0,0,0
7499,0,0,0
7500,0,0,0
7501,0,0,0
7502,0,0,0
7503,0,0,0
7504,0,0,0
7505,0,0,0
7506,0,0,0
7507,0,0,0
7508,0,0,0
7509,0,0,0
7510,0,0,0
7511,0,0,0
7512,0,0,0
7513,0,0,0
7514,0,0,0
7515,0,0,0
7516,1,0,1
7517,1,0,1
7518,1,0,1
7519,1,0,1
7520,1,0,1
7521,1,0,1
7522,1,0,1
7523,1,0,1
7524,1,0,1
7525,1,0,1
7526,1,0,1
7527,1,0,1
7528,1,0,1
7529,1,0,1
7530,1,0,1
7531,1,0,1
7532,1,0,1
7533,1,0,1
7534,1,0,1
7535,1,0,1
7536,1,0,1
7537,1,0,1
7538,1,0,1
7539,1,0,1
7540,1,0,1
7541,1,0,1
7542,1,0,1
7543,1,0,1
7544,1,0,1
7545,1,0,1
7546,1,0,1
7547,1,0,1
7548,1,0,1
7549,1,0,1
7550,0,1,1
7551,0,1,1
7552,0,1,1
7553,0,1,1
7554,0,1,1
7555,0,1,1
7556,0,1,1
7557,0,1,1
7558,0,1,1
7559,0,1,1
7560,0,1,1
7561,0,1,1
7562,0,1,1
7563,0,1,1
7564,0,1,1
7565,0,1,1
7566,0,1,1
7567,0,1,1
7568,0,1,1
7569,0,1,1
7570,0,1,1
7571,0,1,1
7572,0,1,1
7573,0,1,1
7574,0,1,1
7575,0,1,1
7576,0,1,1
7577,0,1,1
7578,0,1,1
7579,1,0,1
7580,1,0,1
7581,1,0,1
7582,1,0,1
7583,1,0,1
7584,1,0,1
7585,1,0,1
7586,1,0,1
7587,1,0,1
7588,1,0,1
7589,1,0,1
7590,1,0,1
7591,1,0,1
7592,1,0,1
7593,1,0,1
7594,1,0,1
7595,1,0,1
7596,1,0,1
7597,1,0,1
7598,1,0,1
7599,1,0,1
7600,1,0,1
7601,1,0,1
7602,1,0,1
7603,1,0,1
7604,1,0,1
7605,1,0,1
7606,1,0,1
7607,1,0,1
7608,1,0,1
7609,1,0,1
7610,1,0,1
7611,1,0,1
7612,1,0,1
7613,1,0,1
7614,1,0,1
7615,1,0,1
7616,1,0,1
7617,1,0,1
7618,1,0,1
7619,1,0,1
7620,1,0,1
7621,1,0,1
7622,1,0,1
7623,1,0,1
7624,1,0,1
7625,1,0,1
7626,1,0,1
7627,1,0,1
7628,1,0,1
7629,1,0,1
7630,1,0,1
7631,1,0,1
7632,1,0,1
7633,1,0,1
7634,1,0,1
7635,1,0,1
7636,1,0,1
7637,1,0,1
7638,1,0,1
7639,1,0,1
7640,1,0,1
7641,0,0,0
7642,0,0,0
7643,0,0,0
7644,0,0,0
7645,0,0,0
7646,0,0,0
7647,0,0,0
7648,0,0,0
7649,0,0,0
7650,0,0,0
7651,0,0,0
7652,0,0,0
7653,0,0,0
7654,0,0,0
7655,0,0,0
7656,0,0,0
7657,0,0,0
7658,0,0,0
7659,0,0,0
7660,0,0,0
7661,0,0,0
7662,0,0,0
7663,0,0,0
7664,0,0,0
7665,0,0,0
7666,0,0,0
7667,0,0,0
7668,0,0,0
7669,0,0,0
7670,0,0,0
7671,0,0,0
7672,0,0,0
7673,0,0,0
7674,0,0,0
7675,0,0,0
7676,0,0,0
7677,0,0,0
7678,0,0,0
7679,0,0,0
7680,0,0,0
7681,0,0,0
7682,0,0,0
7683,0,0,0
7684,0,0,0
7685,0,0,0
7686,0,0,0
7687,0,0,0
7688,0,0,0
7689,0,0,0
7690,0,0,0
7691,0,0,0
7692,0,0,0
7693,0,0,0
7694,0,0,0
7695,0,0,0
7696,0,0,0
7697,0,0,0
7698,0,0,0
7699,0,0,0
7700,0,0,0
7701,0,0,0
7702,0,0,0
7703,0,0,0
7704,0,0,0
7705,0,0,0
7706,0,0,0
7707,0,0,0
7708,0,0,0
7709,0,0,0
7710,0,0,0
7711,0,0,0
7712,0,0,0
7713,0,0,0
7714,0,0,0
7715,0,0,0
7716,0,0,0
7717,0,0,0
7718,0,0,0
7719,0,0,0
7720,0,0,0
7721,0,0,0
7722,0,0,0
7723,0,0,0
7724,0,0,0
7725,0,0,0
7726,0,0,0
7727,0,0,0
7728,0,0,0
7729,0,0,0
7730,0,0,0
7731,0,0,0
7732,0,0,0
7733,0,0,0
7734,0,0,0
7735,0,0,0
7736,0,0,0
7737,0,0,0
7738,0,0,0
7739,0,0,0
7740,0,0,0
7741,0,0,0
7742,0,0,0
7743,0,0,0
7744,0,0,0
7745,0,0,0
7746,0,0,0
7747,0,0,0
7748,0,0,0
7749,0,0,0
7750,0,0,0
7751,0,0,0
7752,0,0,0
7753,0,0,0
7754,0,0,0
7755,0,0,0
7756,0,0,0
7757,0,0,0
7758,0,0,0
7759,0,0,0
7760,0,0,0
7761,0,0,0
7762,0,0,0
7763,0,0,0
7764,0,0,0
7765,0,0,0
7766,0,0,0
7767,0,0,0
7768,0,0,0
7769,0,0,0
7770,0,0,0
7771,0,0,0
7772,0,0,0
7773,0,0,0
7774,0,0,0
7775,0,0,0
7776,0,0,0
7777,0,0,0
7778,0,0,0
7779,0,0,0
7780,0,0,0
7781,0,0,0
7782,0,0,0
7783,0,0,0
7784,0,0,0
7785,0,0,0
7786,0,0,0
7787,0,0,0
7788,0,0,0
7789,0,0,0
7790,0,0,0
7791,0,0,0
7792,0,0,0
7793,0,0,0
7794,0,0,0
7795,0,0,0
7796,0,0,0
7797,0,0,0
7798,0,0,0
7799,0,0,0
7800,0,0,0
7801,0,0,0
7802,0,0,0
7803,0,0,0
7804,0,0,0
7805,0,0,0
7806,0,0,0
7807,0,0,0
7808,0,0,0
7809,0,0,0
7810,0,0,0
7811,0,0,0
7812,0,0,0
7813,0,0,0
7814,0,0,0
7815,0,0,0
7816,0,0,0
7817,0,0,0
7818,0,0,0
7819,1,0,1
7820,1,0,1
7821,1,0,1
7822,1,0,1
7823,1,0,1
7824,1,0,1
7825,1,0,1
7826,2,0,2
7827,2,0,2
7828,3,0,3
7829,3,0,3
7830,3,0,3
7831,3,0,3
7832,3,0,3
7833,3,0,3
7834,3,0,3
7835,3,0,3
7836,3,0,3
7837,3,0,3
7838,3,0,3
7839,3,0,3
7840,3,0,3
7841,2,1,3
7842,2,1,3
7843,2,1,3
7844,1,2,3
7845,1,2,3
7846,1,2,3
7847,1,2,3
7848,1,2,3
7849,1,2,3
7850,1,2,3
7851,1,2,3
7852,0,3,3
7853,0,3,3
7854,0,3,3
7855,0,3,3
7856,0,3,3
7857,0,3,3
7858,0,3,3
7859,0,3,3
7860,0,3,3
7861,0,3,3
7862,0,3,3
7863,0,3,3
7864,0,3,3
7865,0,3,3
7866,0,3,3
7867,0,3,3
7868,0,3,3
7869,0,3,3
7870,0,3,3
7871,0,3,3
7872,0,3,3
7873,0,3,3
7874,0,3,3
7875,0,3,3
7876,0,3,3
7877,0,3,3
7878,0,3,3
7879,0,3,3
7880,1,2,3
7881,1,2,3
7882,1,2,3
7883,1,2,3
7884,2,2,4
7885,2,2,4
7886,2,2,4
7887,2,2,4
7888,2,2,4
7889,2,2,4
7890,2,2,4
7891,2,2,4
7892,2,2,4
7893,2,2,4
7894,2,2,4
7895,2,2,4
7896,2,2,4
7897,2,2,4
7898,3,1,4
7899,2,1,3
7900,3,0,3
7901,3,0,3
7902,2,0,2
7903,2,0,2
7904,2,0,2
7905,2,0,2
7906,2,0,2
7907,2,0,2
7908,2,0,2
7909,2,0,2
7910,2,0,2
7911,2,0,2
7912,2,0,2
7913,2,0,2
7914,2,0,2
7915,2,0,2
7916,2,0,2
7917,2,0,2
7918,2,0,2
7919,2,0,2
7920,2,0,2
7921,2,0,2
7922,2,0,2
7923,2,0,2
7924,2,0,2
7925,2,0,2
7926,1,0,1
7927,1,0,1
7928,1,0,1
7929,1,0,1
7930,1,0,1
7931,1,0,1
7932,1,0,1
7933,1,0,1
7934,1,0,1
7935,1,0,1
7936,1,0,1
7937,1,0,1
7938,0,0,0
7939,0,0,0
7940,0,0,0
7941,0,0,0
7942,0,0,0
7943,0,0,0
7944,0,0,0
7945,0,0,0
7946,0,0,0
7947,0,0,0
7948,0,0,0
7949,1,0,1
7950,1,0,1
7951,1,0,1
7952,1,0,1
7953,1,0,1
7954,1,0,1
7955,1,0,1
7956,1,0,1
7957,1,0,1
7958,1,0,1
7959,1,0,1
7960,1,0,1
7961,1,0,1
7962,1,0,1
7963,1,0,1
7964,1,0,1
7965,1,0,1
7966,1,0,1
7967,1,0,1
7968,1,0,1
7969,1,0,1
7970,1,0,1
7971,1,0,1
7972,1,0,1
7973,1,0,1
7974,1,0,1
7975,1,0,1
7976,1,0,1
7977,1,0,1
7978,1,0,1
7979,1,0,1
7980,1,0,1
7981,1,0,1
7982,1,0,1
7983,1,0,1
7984,1,0,1
7985,0,1,1
7986,0,1,1
7987,0,1,1
7988,0,1,1
7989,0,1,1
7990,0,1,1
7991,0,1,1
7992,0,1,1
7993,0,1,1
7994,0,1,1
7995,0,1,1
7996,0,1,1
7997,0,1,1
7998,0,1,1
7999,0,1,1
8000,0,1,1
8001,0,1,1
8002,0,1,1
8003,0,1,1
8004,0,1,1
8005,0,1,1
8006,0,1,1
8007,0,1,1
8008,0,1,1
8009,0,1,1
8010,0,1,1
8011,0,1,1
8012,0,1,1
8013,0,1,1
8014,0,1,1
8015,0,1,1
8016,0,1,1
8017,0,1,1
8018,1,0,1
8019,1,0,1
8020,1,0,1
8021,1,0,1
8022,1,0,1
8023,1,0,1
8024,1,0,1
8025,1,0,1
8026,1,0,1
8027,1,0,1
8028,1,0,1
8029,1,0,1
8030,1,0,1
8031,1,0,1
8032,1,0,1
8033,1,0,1
8034,1,0,1
8035,1,0,1
8036,1,0,1
8037,1,0,1
8038,1,0,1
8039,1,0,1
8040,1,0,1
8041,1,0,1
8042,1,0,1
8043,1,0,1
8044,1,0,1
8045,1,0,1
8046,1,0,1
8047,1,0,1
8048,1,0,1
8049,1,0,1
8050,1,0,1
8051,1,0,1
8052,1,0,1
8053,1,0,1
8054,1,0,1
8055,1,0,1
8056,0,0,0
8057,0,0,0
8058,0,0,0
8059,0,0,0
8060,0,0,0
8061,0,0,0
8062,0,0,0
8063,0,0,0
8064,0,0,0
8065,0,0,0
8066,0,0,0
8067,0,0,0
8068,0,0,0
8069,0,0,0
8070,0,0,0
8071,0,0,0
8072,0,0,0
8073,0,0,0
8074,0,0,0
8075,0,0,0
8076,0,0,0
8077,0,0,0
8078,0,0,0
8079,0,0,0
8080,0,0,0
8081,0,0,0
8082,0,0,0
8083,0,0,0
8084,0,0,0
8085,0,0,0
8086,0,0,0
8087,0,0,0
8088,0,0,0
8089,0,0,0
8090,0,0,0
8091,0,0,0
8092,0,0,0
8093,0,0,0
8094,0,0,0
8095,0,0,0
8096,0,0,0
8097,0,0,0
8098,0,0,0
8099,0,0,0
8100,0,0,0
8101,0,0,0
8102,0,0,0
8103,0,0,0
8104,0,0,0
8105,0,0,0
8106,0,0,0
8107,0,0,0
8108,0,0,0
8109,0,0,0
8110,0,0,0
8111,0,0,0
8112,0,0,0
8113,0,0,0
8114,0,0,0
8115,0,0,0
8116,0,0,0
8117,0,0,0
8118,0,0,0
8119,0,0,0
8120,0,0,0
8121,0,0,0
8122,0,0,0
8123,0,0,0
8124,0,0,0
8125,0,0,0
8126,0,0,0
8127,0,0,0
8128,0,0,0
8129,0,0,0
8130,0,0,0
8131,0,0,0
8132,0,0,0
8133,0,0,0
8134,0,0,0
8135,0,0,0
8136,0,0,0
8137,0,0,0
8138,0,0,0
8139,0,0,0
8140,0,0,0
8141,0,0,0
8142,0,0,0
8143,0,0,0
8144,0,0,0
8145,0,0,0
8146,0,0,0
8147,0,0,0
8148,0,0,0
8149,0,0,0
8150,0,0,0
8151,0,0,0
8152,0,0,0
8153,0,0,0
8154,0,0,0
8155,0,0,0
8156,0,0,0
8157,0,0,0
8158,0,0,0
8159,0,0,0
8160,0,0,0
8161,0,0,0
8162,0,0,0
8163,0,0,0
8164,0,0,0
8165,0,0,0
8166,0,0,0
8167,0,0,0
8168,0,0,0
8169,0,0,0
8170,0,0,0
8171,0,0,0
8172,0,0,0
8173,0,0,0
8174,0,0,0
8175,0,0,0
8176,0,0,0
8177,0,0,0
8178,0,0,0
8179,0,0,0
8180,0,0,0
8181,0,0,0
8182,0,0,0
8183,0,0,0
8184,0,0,0
8185,0,0,0
8186,0,0,0
8187,0,0,0
8188,0,0,0
8189,0,0,0
8190,0,0,0
8191,0,0,0
8192,0,0,0
8193,0,0,0
8194,0,0,0
8195,0,0,0
8196,0,0,0
8197,0,0,0
8198,0,0,0
8199,0,0,0
8200,0,0,0
8201,0,0,0
8202,0,0,0
8203,0,0,0
8204,0,0,0
8205,0,0,0
8206,0,0,0
8207,0,0,0
8208,0,0,0
8209,0,0,0
8210,0,0,0
8211,0,0,0
8212,0,0,0
8213,0,0,0
8214,0,0,0
8215,0,0,0
8216,0,0,0
8217,0,0,0
8218,0,0,0
8219,0,0,0
8220,0,0,0
8221,0,0,0
8222,0,0,0
8223,0,0,0
8224,0,0,0
8225,0,0,0
8226,0,0,0
8227,0,0,0
8228,0,0,0
8229,0,0,0
8230,0,0,0
8231,0,0,0
8232,0,0,0
8233,0,0,0
8234,0,0,0
8235,0,0,0
8236,0,0,0
8237,0,0,0
8238,0,0,0
8239,0,0,0
8240,0,0,0
8241,0,0,0
8242,0,0,0
8243,0,0,0
8244,0,0,0
8245,0,0,0
8246,0,0,0
8247,0,0,0
8248,0,0,0
8249,0,0,0
8250,0,0,0
8251,0,0,0
8252,0,0,0
8253,0,0,0
8254,0,0,0
8255,0,0,0
8256,0,0,0
8257,0,0,0
8258,0,0,0
8259,0,0,0
8260,0,0,0
8261,0,0,0
8262,0,0,0
8263,0,0,0
8264,0,0,0
8265,0,0,0
8266,1,0,1
8267,1,0,1
8268,1,0,1
8269,1,0,1
8270,1,0,1
8271,1,0,1
8272,2,0,2
8273,2,0,2
8274,2,0,2
8275,2,0,2
8276,2,0,2
8277,2,0,2
8278,2,0,2
8279,2,0,2
8280,2,0,2
8281,2,0,2
8282,2,0,2
8283,2,0,2
8284,2,0,2
8285,2,0,2
8286,2,0,2
8287,2,0,2
8288,2,0,2
8289,2,0,2
8290,2,0,2
8291,2,0,2
8292,2,0,2
8293,2,0,2
8294,2,0,2
8295,2,0,2
8296,2,0,2
8297,2,0,2
8298,2,0,2
8299,2,0,2
8300,2,0,2
8301,2,0,2
8302,2,0,2
8303,2,0,2
8304,2,0,2
8305,2,0,2
8306,2,0,2
8307,2,0,2
8308,2,0,2
8309,2,0,2
8310,2,0,2
8311,2,0,2
8312,2,0,2
8313,2,0,2
8314,2,0,2
8315,2,0,2
8316,2,0,2
8317,2,0,2
8318,2,0,2
8319,2,0,2
8320,2,0,2
8321,2,0,2
8322,2,0,2
8323,2,0,2
8324,2,0,2
8325,2,0,2
8326,2,0,2
8327,2,0,2
8328,2,0,2
8329,2,0,2
8330,2,0,2
8331,2,0,2
8332,2,0,2
8333,3,0,3
8334,3,0,3
8335,3,0,3
8336,3,0,3
8337,3,0,3
8338,3,0,3
8339,3,0,3
8340,3,0,3
8341,3,0,3
8342,3,0,3
8343,3,0,3
8344,3,0,3
8345,3,0,3
8346,3,0,3
8347,3,0,3
8348,3,0,3
8349,3,0,3
8350,3,0,3
8351,3,0,3
8352,2,0,2
8353,2,0,2
8354,2,0,2
8355,1,1,2
8356,1,1,2
8357,1,1,2
8358,1,1,2
8359,1,1,2
8360,1,1,2
8361,1,1,2
8362,1,1,2
8363,1,1,2
8364,1,1,2
8365,1,1,2
8366,1,1,2
8367,1,1,2
8368,1,1,2
8369,1,1,2
8370,1,1,2
8371,1,1,2
8372,1,1,2
8373,1,1,2
8374,1,1,2
8375,1,1,2
8376,1,1,2
8377,1,1,2
8378,1,1,2
8379,1,1,2
8380,1,1,2
8381,1,1,2
8382,1,1,2
8383,1,1,2
8384,1,1,2
8385,1,1,2
8386,1,1,2
8387,1,1,2
8388,1,1,2
8389,2,0,2
8390,2,0,2
8391,2,0,2
8392,2,0,2
8393,2,0,2
8394,2,0,2
8395,2,0,2
8396,2,0,2
8397,2,0,2
8398,2,0,2
8399,2,0,2
8400,2,0,2
8401,2,0,2
8402,2,0,2
8403,2,0,2
8404,2,0,2
8405,2,0,2
8406,2,0,2
8407,2,0,2
8408,2,0,2
8409,2,0,2
8410,2,0,2
8411,2,0,2
8412,2,0,2
8413,2,0,2
8414,2,0,2
8415,2,0,2
8416,2,0,2
8417,2,0,2
8418,3,0,3
8419,3,0,3
8420,3,0,3
8421,3,0,3
8422,3,0,3
8423,3,0,3
8424,3,0,3
8425,3,0,3
8426,3,0,3
8427,3,0,3
8428,3,0,3
8429,2,0,2
8430,2,0,2
8431,2,0,2
8432,2,0,2
8433,2,0,2
8434,2,0,2
8435,2,0,2
8436,2,0,2
8437,2,0,2
8438,2,0,2
8439,2,0,2
8440,2,0,2
8441,2,0,2
8442,2,0,2
8443,2,0,2
8444,2,0,2
8445,2,0,2
8446,2,0,2
8447,2,0,2
8448,2,0,2
8449,2,0,2
8450,2,0,2
8451,2,0,2
8452,2,0,2
8453,2,0,2
8454,2,0,2
8455,2,0,2
8456,2,0,2
8457,2,0,2
8458,2,0,2
8459,2,0,2
8460,2,0,2
8461,2,0,2
8462,2,0,2
8463,2,0,2
8464,1,0,1
8465,1,0,1
8466,0,0,0
8467,0,0,0
8468,0,0,0
8469,0,0,0
8470,0,0,0
8471,0,0,0
8472,0,0,0
8473,0,0,0
8474,0,0,0
8475,0,0,0
8476,0,0,0
8477,0,0,0
8478,0,0,0
8479,0,0,0
8480,0,0,0
8481,0,0,0
8482,0,0,0
8483,0,0,0
8484,0,0,0
8485,0,0,0
8486,0,0,0
8487,0,0,0
8488,0,0,0
8489,0,0,0
8490,0,0,0
8491,0,0,0
8492,0,0,0
8493,0,0,0
8494,0,0,0
8495,0,0,0
8496,0,0,0
8497,0,0,0
8498,0,0,0
8499,0,0,0
8500,0,0,0
8501,0,0,0
8502,0,0,0
8503,0,0,0
8504,0,0,0
8505,0,0,0
8506,0,0,0
8507,0,0,0
8508,0,0,0
8509,0,0,0
8510,0,0,0
8511,0,0,0
8512,0,0,0
8513,0,0,0
8514,0,0,0
8515,0,0,0
8516,0,0,0
8517,0,0,0
8518,0,0,0
8519,0,0,0
8520,0,0,0
8521,0,0,0
8522,0,0,0
8523,0,0,0
8524,0,0,0
8525,0,0,0
8526,0,0,0
8527,0,0,0
8528,0,0,0
8529,0,0,0
8530,0,0,0
8531,0,0,0
8532,0,0,0
8533,0,0,0
8534,0,0,0
8535,0,0,0
8536,0,0,0
8537,0,0,0
8538,0,0,0
8539,0,0,0
8540,0,0,0
8541,0,0,0
8542,0,0,0
8543,0,0,0
8544,0,0,0
8545,0,0,0
8546,0,0,0
8547,0,0,0
8548,0,0,0
8549,0,0,0
8550,0,0,0
8551,0,0,0
8552,0,0,0
8553,0,0,0
8554,0,0,0
8555,0,0,0
8556,0,0,0
8557,0,0,0
8558,0,0,0
8559,0,0,0
8560,0,0,0
8561,0,0,0
8562,0,0,0
8563,0,0,0
8564,0,0,0
8565,0,0,0
8566,0,0,0
8567,0,0,0
8568,0,0,0
8569,0,0,0
8570,0,0,0
8571,0,0,0
8572,0,0,0
8573,0,0,0
8574,0,0,0
8575,0,0,0
8576,0,0,0
8577,0,0,0
8578,0,0,0
8579,0,0,0
8580,0,0,0
8581,0,0,0
8582,0,0,0
8583,0,0,0
8584,0,0,0
8585,0,0,0
8586,0,0,0
8587,0,0,0
8588,0,0,0
8589,0,0,0
8590,0,0,0
8591,0,0,0
8592,0,0,0
8593,0,0,0
8594,0,0,0
8595,0,0,0
8596,0,0,0
8597,0,0,0
8598,0,0,0
8599,0,0,0
8600,0,0,0
8601,0,0,0
8602,0,0,0
8603,0,0,0
8604,0,0,0
8605,0,0,0
8606,0,0,0
8607,0,0,0
8608,0,0,0
8609,0,0,0
8610,0,0,0
8611,0,0,0
8612,0,0,0
8613,0,0,0
8614,0,0,0
8615,0,0,0
8616,0,0,0
8617,0,0,0
8618,0,0,0
8619,0,0,0
8620,0,0,0
8621,0,0,0
8622,0,0,0
8623,0,0,0
8624,0,0,0
8625,0,0,0
8626,0,0,0
8627,0,0,0
8628,0,0,0
8629,0,0,0
8630,0,0,0
8631,0,0,0
8632,0,0,0
8633,0,0,0
8634,0,0,0
8635,0,0,0
8636,0,0,0
8637,0,0,0
8638,0,0,0
8639,0,0,0
8640,0,0,0
8641,0,0,0
8642,0,0,0
8643,0,0,0
8644,0,0,0
8645,0,0,0
8646,0,0,0
8647,0,0,0
8648,0,0,0
8649,0,0,0
8650,0,0,0
8651,0,0,0
8652,0,0,0
8653,0,0,0
8654,0,0,0
8655,0,0,0
8656,0,0,0
8657,0,0,0
8658,0,0,0
8659,0,0,0
8660,0,0,0
8661,0,0,0
8662,0,0,0
8663,0,0,0
8664,0,0,0
8665,0,0,0
8666,0,0,0
8667,0,0,0
8668,0,0,0
8669,0,0,0
8670,0,0,0
8671,0,0,0
8672,0,0,0
8673,0,0,0
8674,0,0,0
8675,0,0,0
8676,0,0,0
8677,0,0,0
8678,0,0,0
8679,0,0,0
8680,0,0,0
8681,0,0,0
8682,0,0,0
8683,0,0,0
8684,0,0,0
8685,0,0,0
8686,0,0,0
8687,0,0,0
8688,0,0,0
8689,0,0,0
8690,0,0,0
8691,0,0,0
8692,0,0,0
8693,0,0,0
8694,0,0,0
8695,0,0,0
8696,0,0,0
8697,0,0,0
8698,0,0,0
8699,0,0,0
8700,0,0,0
8701,0,0,0
8702,0,0,0
8703,0,0,0
8704,0,0,0
8705,0,0,0
8706,0,0,0
8707,0,0,0
8708,0,0,0
8709,0,0,0
8710,0,0,0
8711,0,0,0
8712,0,0,0
8713,0,0,0
8714,0,0,0
8715,0,0,0
8716,0,0,0
8717,0,0,0
8718,0,0,0
8719,0,0,0
8720,0,0,0
8721,0,0,0
8722,0,0,0
8723,0,0,0
8724,0,0,0
8725,0,0,0
8726,0,0,0
8727,1,0,1
8728,1,0,1
8729,1,0,1
8730,1,0,1
8731,1,0,1
8732,1,0,1
8733,1,0,1
8734,1,0,1
8735,2,0,2
8736,2,0,2
8737,2,0,2
8738,2,0,2
8739,2,0,2
8740,2,0,2
8741,2,0,2
8742,2,0,2
8743,2,0,2
8744,2,0,2
8745,2,0,2
8746,2,0,2
8747,2,0,2
8748,2,0,2
8749,2,0,2
8750,2,0,2
8751,2,0,2
8752,2,0,2
8753,2,0,2
8754,2,0,2
8755,2,0,2
8756,2,0,2
8757,2,0,2
8758,2,0,2
8759,2,0,2
8760,2,0,2
8761,2,0,2
8762,2,0,2
8763,2,0,2
8764,2,0,2
8765,2,0,2
8766,2,0,2
8767,2,0,2
8768,2,0,2
8769,2,0,2
8770,2,0,2
8771,2,0,2
8772,2,0,2
8773,2,0,2
8774,2,0,2
8775,2,0,2
8776,2,0,2
8777,2,0,2
8778,2,0,2
8779,2,0,2
8780,2,0,2
8781,1,1,2
8782,1,1,2
8783,1,1,2
8784,1,1,2
8785,2,0,2
8786,2,0,2
8787,2,0,2
8788,2,0,2
8789,2,0,2
8790,2,0,2
8791,2,0,2
8792,2,0,2
8793,2,0,2
8794,2,0,2
8795,2,0,2
8796,2,0,2
8797,2,0,2
8798,2,0,2
8799,2,0,2
8800,2,0,2
8801,2,0,2
8802,2,0,2
8803,2,0,2
8804,2,0,2
8805,3,0,3
8806,3,0,3
8807,3,0,3
8808,3,0,3
8809,3,0,3
8810,3,0,3
8811,3,0,3
8812,3,0,3
8813,3,0,3
8814,3,0,3
8815,3,0,3
8816,3,0,3
8817,3,0,3
8818,3,0,3
8819,3,0,3
8820,3,0,3
8821,3,0,3
8822,3,0,3
8823,3,0,3
8824,3,0,3
8825,3,0,3
8826,3,0,3
8827,3,0,3
8828,3,0,3
8829,3,0,3
8830,3,0,3
8831,4,0,4
8832,4,0,4
8833,4,0,4
8834,4,0,4
8835,3,0,3
8836,4,0,4
8837,4,0,4
8838,4,0,4
8839,4,0,4
8840,4,0,4
8841,4,0,4
8842,4,0,4
8843,4,0,4
8844,4,0,4
8845,4,0,4
8846,4,0,4
8847,4,0,4
8848,4,0,4
8849,4,0,4
8850,4,0,4
8851,4,0,4
8852,4,0,4
8853,4,0,4
8854,4,0,4
8855,4,0,4
8856,4,0,4
8857,4,0,4
8858,4,0,4
8859,4,0,4
8860,4,0,4
8861,4,0,4
8862,4,0,4
8863,4,0,4
8864,4,0,4
8865,4,0,4
8866,4,0,4
8867,4,0,4
8868,4,0,4
8869,4,0,4
8870,4,0,4
8871,3,0,3
8872,3,0,3
8873,3,0,3
8874,3,0,3
8875,3,0,3
8876,3,0,3
8877,3,0,3
8878,3,0,3
8879,3,0,3
8880,3,0,3
8881,3,0,3
8882,3,0,3
8883,3,0,3
8884,3,0,3
8885,3,0,3
8886,3,0,3
8887,3,0,3
8888,3,0,3
8889,3,0,3
8890,3,0,3
8891,3,0,3
8892,3,0,3
8893,3,0,3
8894,3,0,3
8895,3,0,3
8896,3,0,3
8897,3,0,3
8898,3,0,3
8899,3,0,3
8900,3,0,3
8901,3,0,3
8902,3,0,3
8903,2,0,2
8904,2,0,2
8905,2,0,2
8906,2,0,2
8907,2,0,2
8908,2,0,2
8909,2,0,2
8910,2,0,2
8911,2,0,2
8912,2,0,2
8913,2,0,2
8914,2,0,2
8915,2,0,2
8916,2,0,2
8917,2,0,2
8918,2,0,2
8919,2,0,2
8920,2,0,2
8921,2,0,2
8922,2,0,2
8923,2,0,2
8924,2,0,2
8925,2,0,2
8926,2,0,2
8927,2,0,2
8928,2,0,2
8929,2,0,2
8930,2,0,2
8931,2,0,2
8932,2,0,2
8933,2,0,2
8934,2,0,2
8935,2,0,2
8936,2,0,2
8937,2,0,2
8938,2,0,2
8939,2,0,2
8940,2,0,2
8941,2,0,2
8942,2,0,2
8943,2,0,2
8944,2,0,2
8945,2,0,2
8946,2,0,2
8947,2,0,2
8948,2,0,2
8949,2,0,2
8950,2,0,2
8951,2,0,2
8952,2,0,2
8953,2,0,2
8954,2,0,2
8955,2,0,2
8956,2,0,2
8957,2,0,2
8958,2,0,2
8959,2,0,2
8960,2,0,2
8961,1,0,1
8962,1,0,1
8963,1,0,1
8964,1,0,1
8965,1,0,1
8966,1,0,1
8967,1,0,1
8968,1,0,1
8969,1,0,1
8970,1,0,1
8971,1,0,1
8972,1,0,1
8973,2,0,2
8974,2,0,2
8975,2,0,2
8976,2,0,2
8977,2,0,2
8978,2,0,2
8979,3,0,3
8980,3,0,3
8981,3,0,3
8982,3,0,3
8983,3,0,3
8984,3,0,3
8985,3,0,3
8986,3,0,3
8987,3,0,3
8988,3,0,3
8989,3,0,3
8990,3,0,3
8991,3,0,3
8992,3,0,3
8993,3,0,3
8994,3,0,3
8995,3,0,3
8996,3,0,3
8997,3,0,3
8998,3,0,3
8999,3,0,3
9000,3,0,3
9001,3,0,3
9002,3,0,3
9003,3,0,3
9004,3,0,3
9005,3,0,3
9006,3,0,3
9007,3,0,3
9008,3,0,3
9009,4,0,4
9010,4,0,4
9011,4,0,4
9012,4,0,4
9013,4,0,4
9014,4,0,4
9015,4,0,4
9016,4,0,4
9017,4,0,4
9018,4,0,4
9019,4,0,4
9020,4,0,4
9021,4,0,4
9022,4,0,4
9023,4,0,4
9024,4,0,4
9025,4,0,4
9026,4,0,4
9027,4,0,4
9028,4,0,4
9029,4,0,4
9030,4,0,4
9031,4,0,4
9032,4,0,4
9033,4,0,4
9034,4,0,4
9035,3,0,3
9036,3,0,3
9037,3,0,3
9038,3,0,3
9039,3,0,3
9040,3,0,3
9041,3,0,3
9042,3,0,3
9043,2,0,2
9044,2,0,2
9045,2,0,2
9046,2,0,2
9047,3,0,3
9048,3,0,3
9049,3,0,3
9050,3,0,3
9051,3,0,3
9052,3,0,3
9053,3,0,3
9054,3,0,3
9055,3,0,3
9056,3,0,3
9057,3,0,3
9058,4,0,4
9059,4,0,4
9060,4,0,4
9061,4,0,4
9062,3,0,3
9063,3,0,3
9064,3,0,3
9065,3,0,3
9066,3,0,3
9067,3,0,3
9068,3,0,3
9069,3,0,3
9070,3,0,3
9071,3,0,3
9072,3,0,3
9073,3,0,3
9074,3,0,3
9075,3,0,3
9076,3,0,3
9077,3,0,3
9078,3,0,3
9079,3,0,3
9080,3,0,3
9081,3,0,3
9082,3,0,3
9083,3,0,3
9084,3,0,3
9085,3,0,3
9086,3,0,3
9087,3,0,3
9088,3,0,3
9089,3,0,3
9090,3,0,3
9091,3,0,3
9092,3,0,3
9093,3,0,3
9094,3,0,3
9095,3,0,3
9096,3,0,3
9097,3,0,3
9098,3,0,3
9099,3,0,3
9100,3,0,3
9101,3,0,3
9102,3,0,3
9103,3,0,3
9104,3,0,3
9105,3,0,3
9106,3,0,3
9107,4,0,4
9108,4,0,4
9109,4,0,4
9110,4,0,4
9111,4,0,4
9112,4,0,4
9113,4,0,4
9114,4,0,4
9115,4,0,4
9116,4,0,4
9117,4,0,4
9118,4,0,4
9119,4,0,4
9120,3,0,3
9121,2,0,2
9122,2,0,2
9123,2,0,2
9124,2,0,2
9125,2,0,2
9126,2,0,2
9127,2,0,2
9128,2,0,2
9129,2,0,2
9130,2,0,2
9131,2,0,2
9132,2,0,2
9133,2,0,2
9134,2,0,2
9135,2,0,2
9136,2,0,2
9137,2,0,2
9138,2,0,2
9139,2,0,2
9140,2,0,2
9141,2,0,2
9142,2,0,2
9143,2,0,2
9144,2,0,2
9145,2,0,2
9146,2,0,2
9147,2,0,2
9148,2,0,2
9149,2,0,2
9150,2,0,2
9151,2,0,2
9152,2,0,2
9153,2,0,2
9154,2,0,2
9155,2,0,2
9156,2,0,2
9157,2,0,2
9158,2,0,2
9159,2,0,2
9160,2,0,2
9161,2,0,2
9162,2,0,2
9163,2,0,2
9164,2,0,2
9165,2,0,2
9166,2,0,2
9167,2,0,2
9168,2,0,2
9169,2,0,2
9170,2,0,2
9171,2,0,2
9172,2,0,2
9173,2,0,2
9174,2,0,2
9175,2,0,2
9176,2,0,2
9177,2,0,2
9178,2,0,2
9179,2,0,2
9180,2,0,2
9181,2,0,2
9182,2,0,2
9183,2,0,2
9184,2,0,2
9185,2,0,2
9186,2,0,2
9187,2,0,2
9188,2,0,2
9189,2,0,2
9190,2,0,2
9191,2,0,2
9192,2,0,2
9193,2,0,2
9194,2,0,2
9195,2,0,2
9196,2,0,2
9197,2,0,2
9198,2,0,2
9199,2,0,2
9200,2,0,2
9201,2,0,2
9202,2,0,2
9203,2,0,2
9204,2,0,2
9205,2,0,2
9206,2,0,2
9207,2,0,2
9208,3,0,3
9209,3,0,3
9210,3,0,3
9211,3,0,3
9212,3,0,3
9213,3,0,3
9214,3,0,3
9215,3,0,3
9216,3,0,3
9217,3,0,3
9218,3,0,3
9219,3,0,3
9220,3,0,3
9221,3,0,3
9222,3,0,3
9223,3,0,3
9224,3,0,3
9225,3,0,3
9226,3,0,3
9227,3,0,3
9228,3,0,3
9229,3,0,3
9230,3,0,3
9231,3,0,3
9232,3,0,3
9233,3,0,3
9234,3,0,3
9235,3,0,3
9236,3,0,3
9237,3,0,3
9238,3,0,3
9239,3,0,3
9240,3,0,3
9241,3,0,3
9242,3,0,3
9243,3,0,3
9244,3,0,3
9245,3,0,3
9246,2,0,2
9247,2,0,2
9248,2,0,2
9249,2,0,2
9250,2,0,2
9251,2,0,2
9252,2,0,2
9253,2,0,2
9254,2,0,2
9255,2,0,2
9256,2,0,2
9257,2,0,2
9258,2,0,2
9259,3,0,3
9260,3,0,3
9261,3,0,3
9262,3,0,3
9263,3,0,3
9264,3,0,3
9265,3,0,3
9266,3,0,3
9267,3,0,3
9268,4,0,4
9269,4,0,4
9270,4,0,4
9271,4,0,4
9272,4,0,4
9273,4,0,4
9274,4,0,4
9275,4,0,4
9276,4,0,4
9277,4,0,4
9278,4,0,4
9279,4,0,4
9280,4,0,4
9281,4,0,4
9282,4,0,4
9283,4,0,4
9284,4,0,4
9285,4,0,4
9286,4,0,4
9287,4,0,4
9288,4,0,4
9289,4,0,4
9290,4,0,4
9291,4,0,4
9292,4,0,4
9293,4,0,4
9294,4,0,4
9295,4,0,4
9296,4,0,4
9297,4,0,4
9298,4,0,4
9299,4,0,4
9300,4,0,4
9301,4,0,4
9302,5,0,5
9303,5,0,5
9304,4,0,4
9305,4,0,4
9306,4,0,4
9307,4,0,4
9308,4,0,4
9309,4,0,4
9310,4,0,4
9311,4,0,4
9312,4,0,4
9313,4,0,4
9314,4,0,4
9315,4,0,4
9316,4,0,4
9317,4,0,4
9318,4,0,4
9319,4,0,4
9320,4,0,4
9321,4,0,4
9322,4,0,4
9323,4,0,4
9324,4,0,4
9325,4,0,4
9326,4,0,4
9327,3,0,3
9328,3,0,3
9329,3,0,3
9330,3,0,3
9331,3,0,3
9332,3,0,3
9333,3,0,3
9334,3,0,3
9335,3,0,3
9336,3,0,3
9337,3,0,3
9338,3,0,3
9339,3,0,3
9340,2,0,2
9341,2,0,2
9342,2,0,2
9343,3,0,3
9344,3,0,3
9345,3,0,3
9346,3,0,3
9347,3,0,3
9348,3,0,3
9349,3,0,3
9350,3,0,3
9351,3,0,3
9352,3,0,3
9353,3,0,3
9354,3,0,3
9355,3,0,3
9356,3,0,3
9357,3,0,3
9358,3,0,3
9359,3,0,3
9360,3,0,3
9361,3,0,3
9362,3,0,3
9363,3,0,3
9364,3,0,3
9365,3,0,3
9366,3,0,3
9367,3,0,3
9368,3,0,3
9369,3,0,3
9370,3,0,3
9371,3,0,3
9372,2,0,2
9373,2,0,2
9374,2,0,2
9375,2,0,2
9376,2,0,2
9377,2,0,2
9378,2,0,2
9379,2,0,2
9380,2,0,2
9381,2,0,2
9382,2,0,2
9383,2,0,2
9384,2,0,2
9385,2,0,2
9386,2,0,2
9387,2,0,2
9388,2,0,2
9389,2,0,2
9390,2,0,2
9391,2,0,2
9392,2,0,2
9393,2,0,2
9394,2,0,2
9395,2,0,2
9396,2,0,2
9397,2,0,2
9398,2,0,2
9399,2,0,2
9400,2,0,2
9401,2,0,2
9402,2,0,2
9403,2,0,2
9404,2,0,2
9405,2,0,2
9406,2,0,2
9407,2,0,2
9408,2,0,2
9409,2,0,2
9410,2,0,2
9411,2,0,2
9412,2,0,2
9413,2,0,2
9414,2,0,2
9415,2,0,2
9416,2,0,2
9417,2,0,2
9418,2,0,2
9419,2,0,2
9420,2,0,2
9421,2,0,2
9422,2,0,2
9423,2,0,2
9424,2,0,2
9425,2,0,2
9426,2,0,2
9427,2,0,2
9428,2,0,2
9429,3,0,3
9430,3,0,3
9431,3,0,3
9432,3,0,3
9433,3,0,3
9434,3,0,3
9435,3,0,3
9436,3,0,3
9437,3,0,3
9438,3,0,3
9439,3,0,3
9440,3,0,3
9441,3,0,3
9442,3,0,3
9443,3,0,3
9444,3,0,3
9445,3,0,3
9446,3,0,3
9447,3,0,3
9448,3,0,3
9449,3,0,3
9450,3,0,3
9451,3,0,3
9452,3,0,3
9453,3,0,3
9454,3,0,3
9455,3,0,3
9456,3,0,3
9457,3,0,3
9458,3,0,3
9459,3,0,3
9460,3,0,3
9461,3,0,3
9462,3,0,3
9463,4,0,4
9464,4,0,4
9465,4,0,4
9466,4,0,4
9467,4,0,4
9468,4,0,4
9469,4,0,4
9470,4,0,4
9471,4,0,4
9472,4,0,4
9473,4,0,4
9474,4,0,4
9475,4,0,4
9476,4,0,4
9477,4,0,4
9478,4,0,4
9479,4,0,4
9480,4,0,4
9481,4,0,4
9482,4,0,4
9483,4,0,4
9484,4,0,4
9485,4,0,4
9486,4,0,4
9487,4,0,4
9488,4,0,4
9489,4,0,4
9490,4,0,4
9491,4,0,4
9492,4,0,4
9493,4,0,4
9494,4,0,4
9495,4,0,4
9496,4,0,4
9497,4,0,4
9498,4,0,4
9499,4,0,4
9500,4,0,4
9501,4,0,4
9502,4,0,4
9503,4,0,4
9504,4,0,4
9505,4,0,4
9506,4,0,4
9507,4,0,4
9508,4,0,4
9509,4,0,4
9510,4,0,4
9511,4,0,4
9512,4,0,4
9513,3,0,3
9514,3,0,3
9515,3,0,3
9516,3,0,3
9517,3,0,3
9518,3,0,3
9519,3,0,3
9520,3,0,3
9521,3,0,3
9522,3,0,3
9523,3,0,3
9524,3,0,3
9525,3,0,3
9526,3,0,3
9527,3,0,3
9528,3,0,3
9529,3,0,3
9530,3,0,3
9531,3,0,3
9532,3,0,3
9533,3,0,3
9534,3,0,3
9535,3,0,3
9536,3,0,3
9537,3,0,3
9538,3,0,3
9539,3,0,3
9540,3,0,3
9541,3,0,3
9542,3,0,3
9543,3,0,3
9544,3,0,3
9545,3,0,3
9546,3,0,3
9547,3,0,3
9548,3,0,3
9549,3,0,3
9550,3,0,3
9551,3,0,3
9552,3,0,3
9553,3,0,3
9554,3,0,3
9555,3,0,3
9556,3,0,3
9557,3,0,3
9558,3,0,3
9559,3,0,3
9560,3,0,3
9561,3,0,3
9562,3,0,3
9563,3,0,3
9564,3,0,3
9565,3,0,3
9566,3,0,3
9567,3,0,3
9568,3,0,3
9569,3,0,3
9570,3,0,3
9571,3,0,3
9572,3,0,3
9573,3,0,3
9574,3,0,3
9575,3,0,3
9576,3,0,3
9577,3,0,3
9578,3,0,3
9579,3,0,3
9580,3,0,3
9581,3,0,3
9582,3,0,3
9583,3,0,3
9584,3,0,3
9585,3,0,3
9586,3,0,3
9587,3,0,3
9588,3,0,3
9589,3,0,3
9590,3,0,3
9591,3,0,3
9592,3,0,3
9593,3,0,3
9594,3,0,3
9595,3,0,3
9596,3,0,3
9597,3,0,3
9598,3,0,3
9599,3,0,3
9600,3,0,3
9601,3,0,3
9602,3,0,3
9603,3,0,3
9604,3,0,3
9605,3,0,3
9606,3,0,3
9607,3,0,3
9608,3,0,3
9609,3,0,3
9610,3,0,3
9611,3,0,3
9612,3,0,3
9613,3,0,3
9614,3,0,3
9615,3,0,3
9616,3,0,3
9617,3,0,3
9618,3,0,3
9619,3,0,3
9620,3,0,3
9621,3,0,3
9622,3,0,3
9623,3,0,3
9624,3,0,3
9625,3,0,3
9626,3,0,3
9627,3,0,3
9628,3,0,3
9629,3,0,3
9630,3,0,3
9631,3,0,3
9632,3,0,3
9633,3,0,3
9634,3,0,3
9635,3,0,3
9636,3,0,3
9637,3,0,3
9638,3,0,3
9639,3,0,3
9640,3,0,3
9641,3,0,3
9642,3,0,3
9643,3,0,3
9644,3,0,3
9645,3,0,3
9646,3,0,3
9647,3,0,3
9648,3,0,3
9649,3,0,3
9650,3,0,3
9651,3,0,3
9652,3,0,3
9653,3,0,3
9654,3,0,3
9655,3,0,3
9656,3,0,3
9657,3,0,3
9658,3,0,3
9659,4,0,4
9660,4,0,4
9661,4,0,4
9662,4,0,4
9663,4,0,4
9664,4,0,4
9665,4,0,4
9666,4,0,4
9667,4,0,4
9668,4,0,4
9669,4,0,4
9670,4,0,4
9671,4,0,4
9672,4,0,4
9673,4,0,4
9674,4,0,4
9675,4,0,4
9676,4,0,4
9677,4,0,4
9678,4,0,4
9679,4,0,4
9680,4,0,4
9681,4,0,4
9682,4,0,4
9683,4,0,4
9684,4,0,4
9685,4,0,4
9686,4,0,4
9687,4,0,4
9688,4,0,4
9689,4,0,4
9690,4,0,4
9691,4,0,4
9692,4,0,4
9693,4,0,4
9694,4,0,4
9695,4,0,4
9696,4,0,4
9697,4,0,4
9698,4,0,4
9699,4,0,4
9700,4,0,4
9701,4,0,4
9702,4,0,4
9703,4,0,4
9704,4,0,4
9705,4,0,4
9706,4,0,4
9707,4,0,4
9708,4,0,4
9709,4,0,4
9710,4,0,4
9711,4,0,4
9712,4,0,4
9713,4,0,4
9714,4,0,4
9715,4,0,4
9716,4,0,4
9717,4,0,4
9718,4,0,4
9719,4,0,4
9720,4,0,4
9721,4,0,4
9722,4,0,4
9723,4,0,4
9724,4,0,4
9725,4,0,4
9726,4,0,4
9727,4,0,4
9728,4,0,4
9729,4,0,4
9730,4,0,4
9731,4,0,4
9732,4,0,4
9733,3,0,3
9734,3,0,3
9735,3,0,3
9736,3,0,3
9737,3,0,3
9738,3,0,3
9739,3,0,3
9740,3,0,3
9741,4,0,4
9742,4,0,4
9743,4,0,4
9744,4,0,4
9745,4,0,4
9746,4,0,4
9747,4,0,4
9748,4,0,4
9749,4,0,4
9750,4,0,4
9751,4,0,4
9752,4,0,4
9753,4,0,4
9754,4,0,4
9755,4,0,4
9756,4,0,4
9757,4,0,4
9758,4,0,4
9759,4,0,4
9760,4,0,4
9761,4,0,4
9762,4,0,4
9763,4,0,4
9764,4,0,4
9765,4,0,4
9766,4,0,4
9767,4,0,4
9768,4,0,4
9769,4,0,4
9770,4,0,4
9771,4,0,4
9772,4,0,4
9773,4,0,4
9774,4,0,4
9775,4,0,4
9776,4,0,4
9777,4,0,4
9778,4,0,4
9779,4,0,4
9780,4,0,4
9781,4,0,4
9782,4,0,4
9783,4,0,4
9784,4,0,4
9785,4,0,4
9786,5,0,5
9787,5,0,5
9788,5,0,5
9789,5,0,5
9790,5,0,5
9791,5,0,5
9792,5,0,5
9793,5,0,5
9794,5,0,5
9795,5,0,5
9796,5,0,5
9797,5,0,5
9798,5,0,5
9799,5,0,5
9800,5,0,5
9801,5,0,5
9802,5,0,5
9803,5,0,5
9804,5,0,5
9805,5,0,5
9806,5,0,5
9807,5,0,5
9808,5,0,5
9809,5,0,5
9810,5,0,5
9811,5,0,5
9812,5,0,5
9813,5,0,5
9814,5,0,5
9815,5,0,5
9816,5,0,5
9817,5,0,5
9818,5,0,5
9819,5,0,5
9820,4,0,4
9821,4,0,4
9822,4,0,4
9823,4,0,4
9824,4,0,4
9825,4,0,4
9826,4,0,4
9827,4,0,4
9828,4,0,4
9829,4,0,4
9830,4,0,4
9831,4,0,4
9832,4,0,4
9833,4,0,4
9834,4,0,4
9835,4,0,4
9836,4,0,4
9837,4,0,4
9838,3,0,3
9839,3,0,3
9840,3,0,3
9841,3,0,3
9842,3,0,3
9843,3,0,3
9844,3,0,3
9845,3,0,3
9846,4,0,4
9847,4,0,4
9848,4,0,4
9849,4,0,4
9850,4,0,4
9851,4,0,4
9852,4,0,4
9853,4,0,4
9854,4,0,4
9855,4,0,4
9856,4,0,4
9857,4,0,4
9858,4,0,4
9859,4,0,4
9860,4,0,4
9861,4,0,4
9862,4,0,4
9863,4,0,4
9864,3,0,3
9865,3,0,3
9866,3,0,3
9867,3,0,3
9868,3,0,3
9869,3,0,3
9870,3,0,3
9871,3,0,3
9872,3,0,3
9873,3,0,3
9874,3,0,3
9875,3,0,3
9876,3,0,3
9877,3,0,3
9878,3,0,3
9879,3,0,3
9880,3,0,3
9881,3,0,3
9882,3,0,3
9883,3,0,3
9884,3,0,3
9885,3,0,3
9886,3,0,3
9887,3,0,3
9888,3,0,3
9889,3,0,3
9890,3,0,3
9891,3,0,3
9892,3,0,3
9893,3,0,3
9894,3,0,3
9895,3,0,3
9896,3,0,3
9897,3,0,3
9898,3,0,3
9899,3,0,3
9900,3,0,3
9901,3,0,3
9902,3,0,3
9903,3,0,3
9904,3,0,3
9905,3,0,3
9906,2,0,2
9907,2,0,2
9908,2,0,2
9909,2,0,2
9910,2,0,2
9911,2,0,2
9912,2,0,2
9913,2,0,2
9914,2,0,2
9915,2,0,2
9916,2,0,2
9917,2,0,2
9918,2,0,2
9919,2,0,2
9920,2,0,2
9921,2,0,2
9922,2,0,2
9923,2,0,2
9924,2,0,2
9925,2,0,2
9926,2,0,2
9927,2,0,2
9928,2,0,2
9929,2,0,2
9930,2,0,2
9931,2,0,2
9932,2,0,2
9933,2,0,2
9934,2,0,2
9935,2,0,2
9936,2,0,2
9937,2,0,2
9938,2,0,2
9939,2,0,2
9940,2,0,2
9941,1,0,1
9942,1,0,1
9943,1,0,1
9944,1,0,1
9945,1,0,1
9946,0,0,0
9947,0,0,0
9948,0,0,0
9949,0,0,0
9950,0,0,0
9951,0,0,0
9952,0,0,0
9953,0,0,0
9954,0,0,0
9955,0,0,0
9956,0,0,0
9957,0,0,0
9958,0,0,0
9959,0,0,0
9960,0,0,0
9961,0,0,0
9962,0,0,0
9963,0,0,0
9964,0,0,0
9965,0,0,0
9966,0,0,0
9967,0,0,0
9968,0,0,0
9969,0,0,0
9970,0,0,0
9971,0,0,0
9972,0,0,0
9973,0,0,0
9974,0,0,0
9975,0,0,0
9976,0,0,0
9977,1,0,1
9978,0,1,1
9979,0,1,1
9980,0,1,1
9981,0,1,1
9982,0,1,1
9983,0,1,1
9984,0,1,1
9985,0,1,1
9986,0,1,1
9987,0,1,1
9988,0,1,1
9989,0,1,1
9990,0,1,1
9991,0,1,1
9992,0,1,1
9993,0,1,1
9994,0,1,1
9995,0,1,1
9996,0,1,1
9997,0,1,1
9998,0,1,1
9999,0,1,1
10000,0,1,1
10001,0,1,1
10002,0,1,1
10003,0,1,1
10004,0,1,1
10005,0,1,1
10006,0,1,1
10007,0,1,1
10008,0,1,1
10009,0,1,1
10010,0,1,1
10011,0,1,1
10012,0,1,1
10013,0,1,1
10014,0,1,1
10015,1,0,1
10016,1,0,1
10017,1,0,1
10018,1,0,1
10019,1,0,1
10020,1,0,1
10021,1,0,1
10022,1,0,1
10023,1,0,1
10024,1,0,1
10025,1,0,1
10026,1,0,1
10027,1,0,1
10028,1,0,1
10029,1,0,1
10030,1,0,1
10031,1,0,1
10032,2,0,2
10033,2,0,2
10034,2,0,2
10035,2,0,2
10036,2,0,2
10037,2,0,2
10038,2,0,2
10039,2,0,2
10040,2,0,2
10041,2,0,2
10042,2,0,2
10043,2,0,2
10044,2,0,2
10045,2,0,2
10046,2,0,2
10047,2,0,2
10048,2,0,2
10049,2,0,2
10050,2,0,2
10051,2,0,2
10052,1,0,1
10053,1,0,1
10054,1,0,1
10055,1,0,1
10056,1,0,1
10057,1,0,1
10058,1,0,1
10059,1,0,1
10060,1,0,1
10061,1,0,1
10062,1,0,1
10063,1,0,1
10064,1,0,1
10065,1,0,1
10066,1,0,1
10067,1,0,1
10068,1,0,1
10069,1,0,1
10070,1,0,1
10071,1,0,1
10072,1,0,1
10073,1,0,1
10074,1,0,1
10075,1,0,1
10076,1,0,1
10077,1,0,1
10078,1,0,1
10079,1,0,1
10080,1,0,1
10081,1,0,1
10082,1,0,1
10083,1,0,1
10084,1,0,1
10085,1,0,1
10086,1,0,1
10087,1,0,1
10088,1,0,1
10089,1,0,1
10090,1,0,1
10091,1,0,1
10092,1,0,1
10093,1,0,1
10094,1,0,1
10095,1,0,1
10096,1,0,1
10097,1,0,1
10098,1,0,1
10099,1,0,1
10100,1,0,1
10101,0,0,0
10102,0,0,0
10103,0,0,0
10104,0,0,0
10105,0,0,0
10106,0,0,0
10107,0,0,0
10108,0,0,0
10109,0,0,0
10110,0,0,0
10111,0,0,0
10112,0,0,0
10113,0,0,0
10114,0,0,0
10115,0,0,0
10116,0,0,0
10117,0,0,0
10118,0,0,0
10119,0,0,0
10120,0,0,0
10121,0,0,0
10122,0,0,0
10123,0,0,0
10124,0,0,0
10125,0,0,0
10126,0,0,0
10127,0,0,0
10128,0,0,0
10129,0,0,0
10130,0,0,0
10131,0,0,0
10132,0,0,0
10133,0,0,0
10134,0,0,0
10135,0,0,0
10136,0,0,0
10137,0,0,0
10138,0,0,0
10139,0,0,0
10140,0,0,0
10141,0,0,0
10142,0,0,0
10143,0,0,0
10144,0,0,0
10145,0,0,0
10146,0,0,0
10147,0,0,0
10148,0,0,0
10149,0,0,0
10150,0,0,0
10151,0,0,0
10152,0,0,0
10153,0,0,0
10154,0,0,0
10155,0,0,0
10156,0,0,0
10157,0,0,0
10158,0,0,0
10159,0,0,0
10160,0,0,0
10161,0,0,0
10162,0,0,0
10163,0,0,0
10164,0,0,0
10165,0,0,0
10166,0,0,0
10167,0,0,0
10168,0,0,0
10169,0,0,0
10170,0,0,0
10171,0,0,0
10172,0,0,0
10173,0,0,0
10174,0,0,0
10175,0,0,0
10176,0,0,0
10177,0,0,0
10178,0,0,0
10179,0,0,0
10180,0,0,0
10181,0,0,0
10182,0,0,0
10183,0,0,0
10184,0,0,0
10185,0,0,0
10186,0,0,0
10187,0,0,0
10188,0,0,0
10189,0,0,0
10190,0,0,0
10191,0,0,0
10192,0,0,0
10193,0,0,0
10194,0,0,0
10195,0,0,0
10196,0,0,0
10197,0,0,0
10198,0,0,0
10199,0,0,0
10200,0,0,0
10201,0,0,0
10202,0,0,0
10203,0,0,0
10204,0,0,0
10205,0,0,0
10206,0,0,0
10207,0,0,0
10208,0,0,0
10209,0,0,0
10210,0,0,0
10211,0,0,0
10212,0,0,0
10213,0,0,0
10214,0,0,0
10215,0,0,0
10216,0,0,0
10217,0,0,0
10218,0,0,0
10219,0,0,0
10220,0,0,0
10221,0,0,0
10222,0,0,0
10223,0,0,0
10224,0,0,0
10225,0,0,0
10226,0,0,0
10227,0,0,0
10228,0,0,0
10229,0,0,0
10230,0,0,0
10231,0,0,0
10232,0,0,0
10233,0,0,0
10234,0,0,0
10235,0,0,0
10236,0,0,0
10237,0,0,0
10238,0,0,0
10239,0,0,0
10240,0,0,0
10241,0,0,0
10242,0,0,0
10243,0,0,0
10244,0,0,0
10245,0,0,0
10246,0,0,0
10247,0,0,0
10248,0,0,0
10249,0,0,0
10250,0,0,0
10251,0,0,0
10252,0,0,0
10253,0,0,0
10254,0,0,0
10255,0,0,0
10256,0,0,0
10257,0,0,0
10258,0,0,0
10259,0,0,0
10260,0,0,0
10261,0,0,0
10262,0,0,0
10263,0,0,0
10264,0,0,0
10265,0,0,0
10266,0,0,0
10267,0,0,0
10268,0,0,0
10269,0,0,0
10270,0,0,0
10271,0,0,0
10272,0,0,0
10273,0,0,0
10274,0,0,0
10275,0,0,0
10276,0,0,0
10277,0,0,0
10278,0,0,0
10279,0,0,0
10280,0,0,0
10281,0,0,0
10282,0,0,0
10283,0,0,0
10284,0,0,0
10285,0,0,0
10286,0,0,0
10287,0,0,0
10288,0,0,0
10289,0,0,0
10290,0,0,0
10291,0,0,0
10292,0,0,0
10293,0,0,0
10294,0,0,0
10295,0,0,0
10296,0,0,0
10297,0,0,0
10298,0,0,0
10299,0,0,0
10300,0,0,0
10301,0,0,0
10302,0,0,0
10303,0,0,0
10304,0,0,0
10305,0,0,0
10306,0,0,0
10307,0,0,0
10308,0,0,0
10309,0,0,0
10310,0,0,0
10311,0,0,0
10312,0,0,0
10313,0,0,0
10314,0,0,0
10315,0,0,0
10316,0,0,0
10317,0,0,0
10318,0,0,0
10319,0,0,0
10320,0,0,0
10321,0,0,0
10322,0,0,0
10323,0,0,0
10324,0,0,0
10325,0,0,0
10326,0,0,0
10327,0,0,0
10328,0,0,0
10329,0,0,0
10330,0,0,0
10331,0,0,0
10332,0,0,0
10333,0,0,0
10334,0,0,0
10335,0,0,0
10336,0,0,0
10337,0,0,0
10338,0,0,0
10339,0,0,0
10340,0,0,0
10341,0,0,0
10342,0,0,0
10343,0,0,0
10344,0,0,0
10345,0,0,0
10346,0,0,0
10347,0,0,0
10348,0,0,0
10349,0,0,0
10350,0,0,0
10351,0,0,0
10352,0,0,0
10353,0,0,0
10354,0,0,0
10355,0,0,0
10356,0,0,0
10357,0,0,0
10358,0,0,0
10359,0,0,0
10360,0,0,0
10361,0,0,0
10362,0,0,0
10363,0,0,0
10364,0,0,0
10365,0,0,0
10366,0,0,0
10367,0,0,0
10368,0,0,0
10369,0,0,0
10370,0,0,0
10371,0,0,0
10372,0,0,0
10373,0,0,0
10374,0,0,0
10375,0,0,0
10376,0,0,0
10377,0,0,0
10378,0,0,0
10379,0,0,0
10380,0,0,0
10381,0,0,0
10382,0,0,0
10383,0,0,0
10384,0,0,0
10385,0,0,0
10386,0,0,0
10387,0,0,0
10388,0,0,0
10389,0,0,0
10390,0,0,0
10391,0,0,0
10392,0,0,0
10393,0,0,0
10394,0,0,0
10395,0,0,0
10396,0,0,0
10397,0,0,0
10398,0,0,0
10399,0,0,0
10400,0,0,0
10401,0,0,0
10402,0,0,0
10403,0,0,0
10404,0,0,0
10405,0,0,0
10406,0,0,0
10407,0,0,0
10408,0,0,0
10409,0,0,0
10410,0,0,0
10411,0,0,0
10412,0,0,0
10413,0,0,0
10414,0,0,0
10415,0,0,0
10416,0,0,0
10417,0,0,0
10418,0,0,0
10419,0,0,0
10420,0,0,0
10421,0,0,0
10422,0,0,0
10423,0,0,0
10424,0,0,0
10425,0,0,0
10426,0,0,0
10427,0,0,0
10428,0,0,0
10429,0,0,0
10430,0,0,0
10431,0,0,0
10432,0,0,0
10433,0,0,0
10434,0,0,0
10435,0,0,0
10436,0,0,0
10437,0,0,0
10438,0,0,0
10439,0,0,0
10440,0,0,0
10441,0,0,0
10442,0,0,0
10443,0,0,0
10444,0,0,0
10445,0,0,0
10446,0,0,0
10447,0,0,0
10448,0,0,0
10449,0,0,0
10450,0,0,0
10451,0,0,0
10452,0,0,0
10453,0,0,0
10454,0,0,0
10455,0,0,0
10456,0,0,0
10457,0,0,0
10458,0,0,0
10459,0,0,0
10460,0,0,0
10461,0,0,0
10462,0,0,0
10463,0,0,0
10464,0,0,0
10465,0,0,0
10466,0,0,0
10467,0,0,0
10468,0,0,0
10469,0,0,0
10470,0,0,0
10471,0,0,0
10472,0,0,0
10473,0,0,0
10474,0,0,0
10475,0,0,0
10476,0,0,0
10477,0,0,0
10478,0,0,0
10479,0,0,0
10480,0,0,0
10481,0,0,0
10482,0,0,0
10483,0,0,0
10484,0,0,0
10485,0,0,0
10486,0,0,0
10487,0,0,0
10488,0,0,0
10489,0,0,0
10490,0,0,0
10491,0,0,0
10492,0,0,0
10493,0,0,0
10494,0,0,0
10495,0,0,0
10496,0,0,0
10497,0,0,0
10498,0,0,0
10499,0,0,0
10500,0,0,0
10501,0,0,0
10502,0,0,0
10503,0,0,0
10504,0,0,0
10505,0,0,0
10506,0,0,0
10507,0,0,0
10508,0,0,0
10509,0,0,0
10510,0,0,0
10511,0,0,0
10512,0,0,0
10513,0,0,0
10514,0,0,0
10515,0,0,0
10516,0,0,0
10517,0,0,0
10518,0,0,0
10519,0,0,0
10520,0,0,0
10521,0,0,0
10522,0,0,0
10523,0,0,0
10524,0,0,0
10525,0,0,0
10526,0,0,0
10527,0,0,0
10528,0,0,0
10529,0,0,0
10530,0,0,0
10531,0,0,0
10532,0,0,0
10533,0,0,0
10534,0,0,0
10535,0,0,0
10536,0,0,0
10537,0,0,0
10538,0,0,0
10539,0,0,0
10540,0,0,0
10541,0,0,0
10542,0,0,0
10543,0,0,0
10544,0,0,0
10545,0,0,0
10546,0,0,0
10547,0,0,0
10548,0,0,0
10549,0,0,0
10550,0,0,0
10551,0,0,0
10552,0,0,0
10553,0,0,0
10554,0,0,0
10555,0,0,0
10556,0,0,0
10557,0,0,0
10558,0,0,0
10559,0,0,0
10560,0,0,0
10561,0,0,0
10562,0,0,0
10563,0,0,0
10564,0,0,0
10565,0,0,0
10566,0,0,0
10567,0,0,0
10568,0,0,0
10569,0,0,0
10570,0,0,0
10571,0,0,0
10572,0,0,0
10573,0,0,0
10574,0,0,0
10575,0,0,0
10576,0,0,0
10577,0,0,0
10578,0,0,0
10579,0,0,0
10580,0,0,0
10581,0,0,0
10582,0,0,0
10583,0,0,0
10584,0,0,0
10585,0,0,0
10586,0,0,0
10587,0,0,0
10588,0,0,0
10589,0,0,0
10590,0,0,0
10591,0,0,0
10592,0,0,0
10593,0,0,0
10594,0,0,0
10595,0,0,0
10596,0,0,0
10597,0,0,0
10598,0,0,0
10599,0,0,0
10600,0,0,0
10601,0,0,0
10602,0,0,0
10603,0,0,0
10604,0,0,0
10605,0,0,0
10606,0,0,0
10607,0,0,0
10608,0,0,0
10609,0,0,0
10610,0,0,0
10611,0,0,0
10612,0,0,0
10613,0,0,0
10614,0,0,0
10615,0,0,0
10616,0,0,0
10617,0,0,0
10618,0,0,0
10619,0,0,0
10620,0,0,0
10621,0,0,0
10622,0,0,0
10623,0,0,0
10624,0,0,0
10625,0,0,0
10626,0,0,0
10627,0,0,0
10628,0,0,0
10629,0,0,0
10630,0,0,0
10631,0,0,0
10632,0,0,0
10633,0,0,0
10634,0,0,0
10635,0,0,0
10636,0,0,0
10637,0,0,0
10638,0,0,0
10639,0,0,0
10640,0,0,0
10641,0,0,0
10642,0,0,0
10643,0,0,0
10644,0,0,0
10645,0,0,0
10646,0,0,0
10647,0,0,0
10648,0,0,0
10649,0,0,0
10650,0,0,0
10651,0,0,0
10652,0,0,0
10653,0,0,0
10654,0,0,0
10655,0,0,0
10656,0,0,0
10657,0,0,0
10658,0,0,0
10659,0,0,0
10660,0,0,0
10661,0,0,0
10662,0,0,0
10663,0,0,0
10664,0,0,0
10665,0,0,0
10666,0,0,0
10667,0,0,0
10668,0,0,0
10669,0,0,0
10670,0,0,0
10671,0,0,0
10672,0,0,0
10673,0,0,0
10674,0,0,0
10675,1,0,1
10676,1,0,1
10677,1,0,1
10678,1,0,1
10679,1,0,1
10680,1,0,1
10681,1,0,1
10682,1,0,1
10683,1,0,1
10684,1,0,1
10685,1,0,1
10686,1,0,1
10687,1,0,1
10688,1,0,1
10689,1,0,1
10690,1,0,1
10691,1,0,1
10692,1,0,1
10693,1,0,1
10694,1,0,1
10695,1,0,1
10696,1,0,1
10697,1,0,1
10698,1,0,1
10699,1,0,1
10700,1,0,1
10701,1,0,1
10702,1,0,1
10703,1,0,1
10704,1,0,1
10705,1,0,1
10706,1,0,1
10707,1,0,1
10708,1,0,1
10709,1,0,1
10710,1,0,1
10711,1,0,1
10712,1,0,1
10713,1,0,1
10714,1,0,1
10715,1,0,1
10716,1,0,1
10717,1,0,1
10718,1,0,1
10719,1,0,1
10720,1,0,1
10721,1,0,1
10722,1,0,1
10723,1,0,1
10724,1,0,1
10725,1,0,1
10726,1,0,1
10727,1,0,1
10728,1,0,1
10729,1,0,1
10730,1,0,1
10731,1,0,1
10732,1,0,1
10733,1,0,1
10734,1,0,1
10735,1,0,1
10736,1,0,1
10737,1,0,1
10738,1,0,1
10739,1,0,1
10740,1,0,1
10741,1,0,1
10742,1,0,1
10743,1,0,1
10744,1,0,1
10745,1,0,1
10746,1,0,1
10747,1,0,1
10748,1,0,1
10749,1,0,1
10750,1,0,1
10751,1,0,1
10752,1,0,1
10753,1,0,1
10754,1,0,1
10755,1,0,1
10756,1,0,1
10757,1,0,1
10758,1,0,1
10759,1,0,1
10760,1,0,1
10761,1,0,1
10762,1,0,1
10763,1,0,1
10764,1,0,1
10765,1,0,1
10766,1,0,1
10767,1,0,1
10768,1,0,1
10769,1,0,1
10770,1,0,1
10771,1,0,1
10772,1,0,1
10773,1,0,1
10774,1,0,1
10775,1,0,1
10776,1,0,1
10777,1,0,1
10778,1,0,1
10779,1,0,1
10780,1,0,1
10781,1,0,1
10782,0,0,0
10783,0,0,0
10784,0,0,0
10785,0,0,0
10786,0,0,0
10787,0,0,0
10788,0,0,0
10789,0,0,0
10790,0,0,0
10791,0,0,0
10792,0,0,0
10793,0,0,0
10794,0,0,0
10795,0,0,0
10796,0,0,0
10797,0,0,0
10798,0,0,0
10799,0,0,0
10800,0,0,0
10801,1,0,1
10802,1,0,1
10803,1,0,1
10804,1,0,1
10805,1,0,1
10806,1,0,1
10807,1,0,1
10808,1,0,1
10809,1,0,1
10810,1,0,1
10811,1,0,1
10812,1,0,1
10813,1,0,1
10814,1,0,1
10815,1,0,1
10816,1,0,1
10817,1,0,1
10818,1,0,1
10819,1,0,1
10820,1,0,1
10821,1,0,1
10822,1,0,1
10823,1,0,1
10824,1,0,1
10825,1,0,1
10826,1,0,1
10827,1,0,1
10828,1,0,1
10829,1,0,1
10830,1,0,1
10831,1,0,1
10832,1,0,1
10833,1,0,1
10834,1,0,1
10835,1,0,1
10836,1,0,1
10837,1,0,1
10838,1,0,1
10839,1,0,1
10840,1,0,1
10841,1,0,1
10842,1,0,1
10843,1,0,1
10844,1,0,1
10845,1,0,1
10846,1,0,1
10847,1,0,1
10848,1,0,1
10849,1,0,1
10850,1,0,1
10851,1,0,1
10852,1,0,1
10853,1,0,1
10854,1,0,1
10855,1,0,1
10856,1,0,1
10857,1,0,1
10858,1,0,1
10859,1,0,1
10860,1,0,1
10861,1,0,1
10862,1,0,1
10863,1,0,1
10864,1,0,1
10865,1,0,1
10866,1,0,1
10867,1,0,1
10868,1,0,1
10869,1,0,1
10870,1,0,1
10871,1,0,1
10872,1,0,1
10873,1,0,1
10874,1,0,1
10875,1,0,1
10876,1,0,1
10877,1,0,1
10878,1,0,1
10879,1,0,1
10880,1,0,1
10881,1,0,1
10882,1,0,1
10883,1,0,1
10884,1,0,1
10885,1,0,1
10886,1,0,1
10887,1,0,1
10888,1,0,1
10889,1,0,1
10890,1,0,1
10891,1,0,1
10892,1,0,1
10893,1,0,1
10894,1,0,1
10895,1,0,1
10896,1,0,1
10897,1,0,1
10898,1,0,1
10899,1,0,1
10900,1,0,1
10901,1,0,1
10902,1,0,1
10903,1,0,1
10904,1,0,1
10905,1,0,1
10906,1,0,1
10907,1,0,1
10908,1,0,1
10909,1,0,1
10910,1,0,1
10911,1,0,1
10912,1,0,1
10913,1,0,1
10914,2,0,2
10915,2,0,2
10916,2,0,2
10917,2,0,2
10918,2,0,2
10919,2,0,2
10920,2,0,2
10921,2,0,2
10922,2,0,2
10923,2,0,2
10924,2,0,2
10925,2,0,2
10926,2,0,2
10927,2,0,2
10928,2,0,2
10929,2,0,2
10930,2,0,2
10931,2,0,2
10932,2,0,2
10933,3,0,3
10934,3,0,3
10935,3,0,3
10936,3,0,3
10937,3,0,3
10938,3,0,3
10939,3,0,3
10940,3,0,3
10941,3,0,3
10942,3,0,3
10943,3,0,3
10944,3,0,3
10945,3,0,3
10946,3,0,3
10947,3,0,3
10948,3,0,3
10949,3,0,3
10950,3,0,3
10951,3,0,3
10952,3,0,3
10953,3,0,3
10954,3,0,3
10955,3,0,3
10956,3,0,3
10957,3,0,3
10958,3,0,3
10959,3,0,3
10960,3,0,3
10961,3,0,3
10962,3,0,3
10963,3,0,3
10964,3,0,3
10965,3,0,3
10966,3,0,3
10967,3,0,3
10968,3,0,3
10969,3,0,3
10970,3,0,3
10971,3,0,3
10972,3,0,3
10973,3,0,3
10974,3,0,3
10975,3,0,3
10976,3,0,3
10977,3,0,3
10978,3,0,3
10979,3,0,3
10980,3,0,3
10981,3,0,3
10982,3,0,3
10983,3,0,3
10984,3,0,3
10985,3,0,3
10986,3,0,3
10987,3,0,3
10988,3,0,3
10989,3,0,3
10990,3,0,3
10991,3,0,3
10992,3,0,3
10993,3,0,3
10994,3,0,3
10995,3,0,3
10996,3,0,3
10997,3,0,3
10998,3,0,3
10999,3,0,3
11000,3,0,3
11001,3,0,3
11002,3,0,3
11003,3,0,3
11004,3,0,3
11005,3,0,3
11006,3,0,3
11007,3,0,3
11008,3,0,3
11009,3,0,3
11010,3,0,3
11011,3,0,3
11012,3,0,3
11013,3,0,3
11014,3,0,3
11015,3,0,3
11016,3,0,3
11017,3,0,3
11018,3,0,3
11019,3,0,3
11020,3,0,3
11021,3,0,3
11022,3,0,3
11023,3,0,3
11024,3,0,3
11025,3,0,3
11026,2,0,2
11027,2,0,2
11028,2,0,2
11029,3,0,3
11030,3,0,3
11031,3,0,3
11032,3,0,3
11033,3,0,3
11034,3,0,3
11035,3,0,3
11036,3,0,3
11037,3,0,3
11038,3,0,3
11039,3,0,3
11040,3,0,3
11041,3,0,3
11042,3,0,3
11043,3,0,3
11044,4,0,4
11045,4,0,4
11046,3,0,3
11047,3,0,3
11048,3,0,3
11049,2,0,2
11050,2,0,2
11051,3,0,3
11052,3,0,3
11053,3,0,3
11054,3,0,3
11055,3,0,3
11056,3,0,3
11057,3,0,3
11058,3,0,3
11059,3,0,3
11060,3,0,3
11061,3,0,3
11062,3,0,3
11063,3,0,3
11064,3,0,3
11065,3,0,3
11066,3,0,3
11067,3,0,3
11068,3,0,3
11069,3,0,3
11070,3,0,3
11071,3,0,3
11072,3,0,3
11073,3,0,3
11074,3,0,3
11075,3,0,3
11076,3,0,3
11077,3,0,3
11078,3,0,3
11079,3,0,3
11080,3,0,3
11081,2,1,3
11082,2,1,3
11083,2,1,3
11084,2,1,3
11085,2,1,3
11086,2,1,3
11087,2,1,3
11088,2,1,3
11089,2,1,3
11090,3,1,4
11091,3,1,4
11092,3,1,4
11093,3,1,4
11094,3,1,4
11095,3,1,4
11096,3,1,4
11097,3,1,4
11098,3,1,4
11099,3,1,4
11100,3,1,4
11101,3,1,4
11102,3,1,4
11103,3,1,4
11104,3,1,4
11105,3,1,4
11106,3,1,4
11107,3,1,4
11108,3,1,4
11109,3,1,4
11110,3,1,4
11111,3,1,4
11112,3,1,4
11113,2,2,4
11114,2,2,4
11115,2,2,4
11116,1,3,4
11117,2,3,5
11118,2,3,5
11119,3,2,5
11120,3,2,5
11121,4,2,6
11122,4,2,6
11123,4,2,6
11124,4,2,6
11125,4,2,6
11126,4,2,6
11127,4,2,6
11128,4,2,6
11129,4,2,6
11130,5,2,7
11131,5,2,7
11132,5,2,7
11133,5,2,7
11134,5,2,7
11135,5,2,7
11136,5,2,7
11137,5,2,7
11138,5,2,7
11139,5,2,7
11140,5,2,7
11141,5,2,7
11142,5,2,7
11143,5,2,7
11144,7,0,7
11145,7,0,7
11146,6,0,6
11147,6,0,6
11148,6,0,6
11149,6,0,6
11150,6,0,6
11151,6,0,6
11152,6,0,6
11153,6,0,6
11154,6,0,6
11155,6,0,6
11156,6,0,6
11157,5,0,5
11158,5,0,5
11159,5,0,5
11160,5,0,5
11161,5,0,5
11162,5,0,5
11163,5,0,5
11164,5,0,5
11165,5,0,5
11166,5,0,5
11167,5,0,5
11168,5,0,5
11169,5,0,5
11170,5,0,5
11171,5,0,5
11172,5,0,5
11173,5,0,5
11174,4,0,4
11175,4,0,4
11176,3,1,4
11177,3,1,4
11178,3,1,4
11179,3,1,4
11180,3,1,4
11181,3,1,4
11182,3,1,4
11183,3,1,4
11184,3,1,4
11185,3,1,4
11186,4,0,4
11187,4,0,4
11188,4,0,4
11189,4,0,4
11190,4,0,4
11191,4,0,4
11192,4,0,4
11193,4,0,4
11194,4,0,4
11195,4,0,4
11196,4,0,4
11197,4,0,4
11198,3,0,3
11199,3,0,3
11200,2,0,2
11201,2,0,2
11202,2,0,2
11203,2,0,2
11204,2,0,2
11205,2,0,2
11206,2,0,2
11207,2,0,2
11208,2,0,2
11209,2,0,2
11210,1,0,1
11211,1,0,1
11212,1,0,1
11213,1,0,1
11214,1,0,1
11215,1,0,1
11216,1,0,1
11217,1,0,1
11218,1,0,1
11219,1,0,1
11220,1,0,1
11221,1,0,1
11222,1,0,1
11223,1,0,1
11224,1,0,1
11225,1,0,1
11226,1,0,1
11227,1,0,1
11228,1,0,1
11229,1,0,1
11230,1,0,1
11231,1,0,1
11232,1,0,1
11233,1,0,1
11234,1,0,1
11235,1,0,1
11236,1,0,1
11237,1,0,1
11238,1,0,1
11239,1,0,1
11240,1,0,1
11241,1,0,1
11242,1,0,1
11243,1,0,1
11244,1,0,1
11245,1,0,1
11246,1,0,1
11247,1,0,1
11248,1,0,1
11249,1,0,1
11250,1,0,1
11251,1,0,1
11252,1,0,1
11253,1,0,1
11254,1,0,1
11255,1,0,1
11256,1,0,1
11257,1,0,1
11258,1,0,1
11259,1,0,1
11260,1,0,1
11261,1,0,1
11262,1,0,1
11263,1,0,1
11264,1,0,1
11265,1,0,1
11266,1,0,1
11267,1,0,1
11268,1,0,1
11269,1,0,1
11270,1,0,1
11271,1,0,1
11272,1,0,1
11273,1,0,1
11274,1,0,1
11275,1,0,1
11276,1,0,1
11277,1,0,1
11278,1,0,1
11279,1,0,1
11280,1,0,1
11281,1,0,1
11282,1,0,1
11283,0,0,0
11284,0,0,0
11285,0,0,0
11286,0,0,0
11287,0,0,0
11288,0,0,0
11289,0,0,0
11290,0,0,0
11291,0,0,0
11292,0,0,0
11293,0,0,0
11294,0,0,0
11295,0,0,0
11296,0,0,0
11297,0,0,0
11298,0,0,0
11299,0,0,0
11300,0,0,0
11301,0,0,0
11302,0,0,0
11303,0,0,0
11304,0,0,0
11305,0,0,0
11306,0,0,0
11307,0,0,0
11308,0,0,0
11309,0,0,0
11310,0,0,0
11311,0,0,0
11312,0,0,0
11313,0,0,0
11314,0,0,0
11315,0,0,0
11316,0,0,0
11317,0,0,0
11318,0,0,0
11319,0,0,0
11320,0,0,0
11321,0,0,0
11322,0,0,0
11323,0,0,0
11324,0,0,0
11325,0,0,0
11326,0,0,0
11327,0,0,0
11328,0,0,0
11329,0,0,0
11330,0,0,0
11331,0,0,0
11332,0,0,0
11333,0,0,0
11334,0,0,0
11335,0,0,0
11336,0,0,0
11337,0,0,0
11338,0,0,0
11339,0,0,0
11340,0,0,0
11341,0,0,0
11342,0,0,0
11343,0,0,0
11344,0,0,0
11345,0,0,0
11346,0,0,0
11347,0,0,0
11348,0,0,0
11349,0,0,0
11350,0,0,0
11351,0,0,0
11352,0,0,0
11353,0,0,0
11354,0,0,0
11355,0,0,0
11356,0,0,0
11357,0,0,0
11358,0,0,0
11359,0,0,0
11360,0,0,0
11361,0,0,0
11362,0,0,0
11363,0,0,0
11364,0,0,0
11365,0,0,0
11366,0,0,0
11367,0,0,0
11368,0,0,0
11369,0,0,0
11370,0,0,0
11371,0,0,0
11372,0,0,0
11373,0,0,0
11374,0,0,0
11375,0,0,0
11376,0,0,0
11377,0,0,0
11378,0,0,0
11379,0,0,0
11380,0,0,0
11381,0,0,0
11382,0,0,0
11383,0,0,0
11384,0,0,0
11385,0,0,0
11386,0,0,0
11387,0,0,0
11388,0,0,0
11389,0,0,0
11390,0,0,0
11391,0,0,0
11392,0,0,0
11393,0,0,0
11394,0,0,0
11395,0,0,0
11396,0,0,0
11397,0,0,0
11398,0,0,0
11399,0,0,0
11400,0,0,0
11401,0,0,0
11402,0,0,0
11403,0,0,0
11404,0,0,0
11405,0,0,0
11406,0,0,0
11407,0,0,0
11408,0,0,0
11409,0,0,0
11410,0,0,0
11411,0,0,0
11412,0,0,0
11413,0,0,0
11414,0,0,0
11415,0,0,0
11416,0,0,0
11417,0,0,0
11418,0,0,0
11419,0,0,0
11420,0,0,0
11421,0,0,0
11422,0,0,0
11423,0,0,0
11424,0,0,0
11425,0,0,0
11426,0,0,0
11427,0,0,0
11428,0,0,0
11429,0,0,0
11430,0,0,0
11431,0,0,0
11432,0,0,0
11433,0,0,0
11434,0,0,0
11435,0,0,0
11436,0,0,0
11437,0,0,0
11438,0,0,0
11439,0,0,0
11440,0,0,0
11441,0,0,0
11442,0,0,0
11443,0,0,0
11444,0,0,0
11445,0,0,0
11446,0,0,0
11447,0,0,0
11448,0,0,0
11449,0,0,0
11450,0,0,0
11451,0,0,0
11452,0,0,0
11453,0,0,0
11454,0,0,0
11455,0,0,0
11456,0,0,0
11457,0,0,0
11458,0,0,0
11459,0,0,0
11460,0,0,0
11461,0,0,0
11462,0,0,0
11463,0,0,0
11464,0,0,0
11465,0,0,0
11466,0,0,0
11467,0,0,0
11468,0,0,0
11469,0,0,0
11470,0,0,0
11471,0,0,0
11472,0,0,0
11473,0,0,0
11474,0,0,0
11475,0,0,0
11476,0,0,0
11477,0,0,0
11478,0,0,0
11479,0,0,0
11480,0,0,0
11481,0,0,0
11482,0,0,0
11483,0,0,0
11484,0,0,0
11485,0,0,0
11486,0,0,0
11487,0,0,0
11488,0,0,0
11489,0,0,0
11490,0,0,0
11491,0,0,0
11492,0,0,0
11493,0,0,0
11494,0,0,0
11495,0,0,0
11496,0,0,0
11497,0,0,0
11498,0,0,0
11499,0,0,0
11500,0,0,0
11501,0,0,0
11502,0,0,0
11503,0,0,0
11504,0,0,0
11505,0,0,0
11506,0,0,0
11507,0,0,0
11508,0,0,0
11509,1,0,1
11510,1,0,1
11511,1,0,1
11512,1,0,1
11513,1,0,1
11514,1,0,1
11515,1,0,1
11516,1,0,1
11517,0,1,1
11518,0,1,1
11519,0,1,1
11520,0,1,1
11521,0,1,1
11522,0,1,1
11523,0,1,1
11524,0,1,1
11525,0,1,1
11526,0,1,1
11527,0,1,1
11528,0,1,1
11529,0,1,1
11530,0,1,1
11531,0,1,1
11532,0,1,1
11533,0,1,1
11534,0,1,1
11535,0,1,1
11536,0,1,1
11537,0,1,1
11538,0,1,1
11539,0,1,1
11540,0,1,1
11541,0,1,1
11542,0,1,1
11543,0,1,1
11544,0,1,1
11545,0,1,1
11546,0,1,1
11547,0,1,1
11548,0,1,1
11549,0,1,1
11550,0,1,1
11551,0,1,1
11552,0,1,1
11553,0,1,1
11554,0,1,1
11555,0,1,1
11556,0,1,1
11557,0,1,1
11558,0,1,1
11559,0,1,1
11560,0,1,1
11561,0,1,1
11562,0,1,1
11563,0,1,1
11564,0,1,1
11565,0,1,1
11566,0,1,1
11567,0,1,1
11568,0,1,1
11569,0,1,1
11570,0,1,1
11571,0,1,1
11572,0,1,1
11573,0,1,1
11574,0,1,1
11575,0,1,1
11576,0,1,1
11577,1,0,1
11578,1,0,1
11579,1,0,1
11580,1,0,1
11581,0,0,0
11582,0,0,0
11583,0,0,0
11584,0,0,0
11585,0,0,0
11586,0,0,0
11587,0,0,0
11588,0,0,0
11589,0,0,0
11590,0,0,0
11591,0,0,0
11592,0,0,0
11593,0,0,0
11594,0,0,0
11595,0,0,0
11596,0,0,0
11597,0,0,0
11598,0,0,0
11599,0,0,0
11600,0,0,0
11601,0,0,0
11602,0,0,0
11603,0,0,0
11604,0,0,0
11605,0,0,0
11606,0,0,0
11607,0,0,0
11608,0,0,0
11609,0,0,0
11610,0,0,0
11611,0,0,0
11612,0,0,0
11613,0,0,0
11614,0,0,0
11615,0,0,0
11616,0,0,0
11617,0,0,0
11618,0,0,0
11619,0,0,0
11620,0,0,0
11621,0,0,0
11622,0,0,0
11623,0,0,0
11624,0,0,0
11625,0,0,0
11626,0,0,0
11627,0,0,0
11628,0,0,0
11629,0,0,0
11630,0,0,0
11631,0,0,0
11632,0,0,0
11633,0,0,0
11634,0,0,0
11635,0,0,0
11636,0,0,0
11637,0,0,0
11638,0,0,0
11639,0,0,0
11640,0,0,0
11641,0,0,0
11642,0,0,0
11643,0,0,0
11644,0,0,0
11645,0,0,0
11646,0,0,0
11647,0,0,0
11648,0,0,0
11649,0,0,0
11650,0,0,0
11651,0,0,0
11652,0,0,0
11653,0,0,0
11654,0,0,0
11655,0,0,0
11656,0,0,0
11657,0,0,0
11658,0,0,0
11659,0,0,0
11660,0,0,0
11661,0,0,0
11662,0,0,0
11663,0,0,0
11664,0,0,0
11665,0,0,0
11666,0,0,0
11667,0,0,0
11668,0,0,0
11669,0,0,0
11670,0,0,0
11671,0,0,0
11672,0,0,0
11673,0,0,0
11674,0,0,0
11675,0,0,0
11676,0,0,0
11677,0,0,0
11678,0,0,0
11679,0,0,0
11680,0,0,0
11681,0,0,0
11682,0,0,0
11683,0,0,0
11684,0,0,0
11685,0,0,0
11686,0,0,0
11687,0,0,0
11688,0,0,0
11689,0,0,0
11690,0,0,0
11691,0,0,0
11692,0,0,0
11693,0,0,0
11694,0,0,0
11695,0,0,0
11696,0,0,0
11697,0,0,0
11698,0,0,0
11699,0,0,0
11700,0,0,0
11701,0,0,0
11702,0,0,0
11703,0,0,0
11704,0,0,0
11705,0,0,0
11706,1,0,1
11707,1,0,1
11708,1,0,1
11709,1,0,1
11710,0,1,1
11711,0,1,1
11712,0,1,1
11713,0,1,1
11714,0,1,1
11715,0,1,1
11716,0,1,1
11717,0,1,1
11718,0,1,1
11719,0,1,1
11720,0,1,1
11721,0,1,1
11722,0,1,1
11723,0,1,1
11724,0,1,1
11725,0,1,1
11726,0,1,1
11727,0,1,1
11728,0,1,1
11729,0,1,1
11730,0,1,1
11731,0,1,1
11732,0,1,1
11733,0,1,1
11734,0,1,1
11735,0,1,1
11736,0,1,1
11737,0,1,1
11738,0,1,1
11739,0,1,1
11740,0,1,1
11741,0,1,1
11742,0,1,1
11743,1,0,1
11744,1,0,1
11745,1,0,1
11746,1,0,1
11747,1,0,1
11748,1,0,1
11749,1,0,1
11750,1,0,1
11751,1,0,1
11752,1,0,1
11753,1,0,1
11754,1,0,1
11755,1,0,1
11756,1,0,1
11757,1,0,1
11758,1,0,1
11759,1,0,1
11760,1,0,1
11761,1,0,1
11762,1,0,1
11763,1,0,1
11764,1,0,1
11765,1,0,1
11766,1,0,1
11767,1,0,1
11768,1,0,1
11769,1,0,1
11770,1,0,1
11771,1,0,1
11772,1,0,1
11773,1,0,1
11774,1,0,1
11775,1,0,1
11776,1,0,1
11777,1,0,1
11778,1,0,1
11779,0,0,0
11780,0,0,0
11781,0,0,0
11782,0,0,0
11783,0,0,0
11784,0,0,0
11785,0,0,0
11786,0,0,0
11787,0,0,0
11788,0,0,0
11789,0,0,0
11790,0,0,0
11791,0,0,0
11792,0,0,0
11793,0,0,0
11794,0,0,0
11795,0,0,0
11796,0,0,0
11797,0,0,0
11798,0,0,0
11799,0,0,0
11800,0,0,0
11801,0,0,0
11802,0,0,0
11803,0,0,0
11804,0,0,0
11805,0,0,0
11806,0,0,0
11807,0,0,0
11808,0,0,0
11809,0,0,0
11810,0,0,0
11811,0,0,0
11812,0,0,0
11813,0,0,0
11814,0,0,0
11815,0,0,0
11816,0,0,0
11817,0,0,0
11818,0,0,0
11819,0,0,0
11820,0,0,0
11821,0,0,0
11822,0,0,0
11823,0,0,0
11824,0,0,0
11825,0,0,0
11826,0,0,0
11827,0,0,0
11828,0,0,0
11829,0,0,0
11830,0,0,0
11831,0,0,0
11832,0,0,0
11833,0,0,0
11834,0,0,0
11835,0,0,0
11836,0,0,0
11837,0,0,0
11838,0,0,0
11839,0,0,0
11840,0,0,0
11841,0,0,0
11842,0,0,0
11843,0,0,0
11844,0,0,0
11845,0,0,0
11846,0,0,0
11847,0,0,0
11848,0,0,0
11849,0,0,0
11850,0,0,0
11851,0,0,0
11852,0,0,0
11853,0,0,0
11854,0,0,0
11855,0,0,0
11856,0,0,0
11857,0,0,0
11858,0,0,0
11859,0,0,0
11860,0,0,0
11861,0,0,0
11862,0,0,0
11863,0,0,0
11864,0,0,0
11865,0,0,0
11866,0,0,0
11867,0,0,0
11868,0,0,0
11869,0,0,0
11870,0,0,0
11871,0,0,0
11872,0,0,0
11873,0,0,0
11874,0,0,0
11875,0,0,0
11876,0,0,0
11877,0,0,0
11878,0,0,0
11879,0,0,0
11880,0,0,0
11881,0,0,0
11882,0,0,0
11883,0,0,0
11884,0,0,0
11885,0,0,0
11886,0,0,0
11887,0,0,0
11888,0,0,0
11889,0,0,0
11890,0,0,0
11891,0,0,0
11892,0,0,0
11893,0,0,0
11894,0,0,0
11895,0,0,0
11896,0,0,0
11897,0,0,0
11898,0,0,0
11899,0,0,0
11900,0,0,0
11901,0,0,0
11902,0,0,0
11903,0,0,0
11904,0,0,0
11905,0,0,0
11906,0,0,0
11907,0,0,0
11908,0,0,0
11909,0,0,0
11910,0,0,0
11911,0,0,0
11912,0,0,0
11913,0,0,0
11914,0,0,0
11915,0,0,0
11916,0,0,0
11917,0,0,0
11918,0,0,0
11919,0,0,0
11920,0,0,0
11921,1,0,1
11922,1,0,1
11923,1,0,1
11924,1,0,1
11925,1,0,1
11926,1,0,1
11927,1,0,1
11928,1,0,1
11929,1,0,1
11930,1,0,1
11931,1,0,1
11932,1,0,1
11933,1,0,1
11934,1,0,1
11935,1,0,1
11936,1,0,1
11937,1,0,1
11938,1,0,1
11939,1,0,1
11940,1,0,1
11941,1,0,1
11942,1,0,1
11943,1,0,1
11944,1,0,1
11945,1,0,1
11946,1,0,1
11947,1,0,1
11948,1,0,1
11949,1,0,1
11950,1,0,1
11951,1,0,1
11952,1,0,1
11953,1,0,1
11954,1,0,1
11955,1,0,1
11956,1,0,1
11957,1,0,1
11958,1,0,1
11959,1,0,1
11960,1,0,1
11961,1,0,1
11962,1,0,1
11963,1,0,1
11964,1,0,1
11965,1,0,1
11966,1,0,1
11967,1,0,1
11968,1,0,1
11969,1,0,1
11970,1,0,1
11971,1,0,1
11972,1,0,1
11973,1,0,1
11974,1,0,1
11975,1,0,1
11976,1,0,1
11977,1,0,1
11978,1,0,1
11979,1,0,1
11980,1,0,1
11981,1,0,1
11982,1,0,1
11983,1,0,1
11984,1,0,1
11985,1,0,1
11986,1,0,1
11987,1,0,1
11988,1,0,1
11989,1,0,1
11990,1,0,1
11991,1,0,1
11992,1,0,1
11993,1,0,1
11994,1,0,1
11995,1,0,1
11996,1,0,1
11997,1,0,1
11998,1,0,1
11999,1,0,1
12000,1,0,1
12001,1,0,1
12002,1,0,1
12003,1,0,1
12004,1,0,1
12005,1,0,1
12006,1,0,1
12007,1,0,1
12008,1,0,1
12009,1,0,1
12010,0,0,0
12011,0,0,0
12012,0,0,0
12013,0,0,0
12014,0,0,0
12015,0,0,0
12016,0,0,0
12017,0,0,0
12018,0,0,0
12019,0,0,0
12020,0,0,0
12021,0,0,0
12022,0,0,0
12023,0,0,0
12024,0,0,0
12025,0,0,0
12026,0,0,0
12027,0,0,0
12028,0,0,0
12029,0,0,0
12030,0,0,0
12031,0,0,0
12032,0,0,0
12033,0,0,0
12034,0,0,0
12035,0,0,0
12036,0,0,0
12037,0,0,0
12038,0,0,0
12039,0,0,0
12040,0,0,0
12041,0,0,0
12042,0,0,0
12043,0,0,0
12044,0,0,0
12045,0,0,0
12046,0,0,0
12047,0,0,0
12048,0,0,0
12049,0,0,0
12050,0,0,0
12051,0,0,0
12052,0,0,0
12053,0,0,0
12054,0,0,0
12055,0,0,0
12056,0,0,0
12057,0,0,0
12058,0,0,0
12059,0,0,0
12060,0,0,0
12061,0,0,0
12062,0,0,0
12063,0,0,0
12064,0,0,0
12065,0,0,0
12066,1,0,1
12067,1,0,1
12068,1,0,1
12069,1,0,1
12070,1,0,1
12071,1,0,1
12072,1,0,1
12073,1,0,1
12074,1,0,1
12075,1,0,1
12076,1,0,1
12077,1,0,1
12078,1,0,1
12079,1,0,1
12080,1,0,1
12081,1,0,1
12082,1,0,1
12083,1,0,1
12084,1,0,1
12085,1,0,1
12086,1,0,1
12087,1,0,1
12088,1,0,1
12089,1,0,1
12090,1,0,1
12091,1,0,1
12092,1,0,1
12093,1,0,1
12094,1,0,1
12095,1,0,1
12096,0,1,1
12097,0,1,1
12098,0,1,1
12099,0,1,1
12100,0,1,1
12101,0,1,1
12102,0,1,1
12103,0,1,1
12104,0,1,1
12105,0,1,1
12106,0,1,1
12107,0,1,1
12108,0,1,1
12109,0,1,1
12110,0,1,1
12111,0,1,1
12112,0,1,1
12113,0,1,1
12114,0,1,1
12115,0,1,1
12116,0,1,1
12117,0,1,1
12118,0,1,1
12119,0,1,1
12120,0,1,1
12121,0,1,1
12122,0,1,1
12123,0,1,1
12124,0,1,1
12125,0,1,1
12126,0,1,1
12127,0,1,1
12128,0,1,1
12129,0,1,1
12130,0,1,1
12131,0,1,1
12132,0,1,1
12133,0,1,1
12134,0,1,1
12135,0,1,1
12136,0,1,1
12137,0,1,1
12138,0,1,1
12139,0,1,1
12140,0,1,1
12141,0,1,1
12142,0,1,1
12143,0,1,1
12144,0,1,1
12145,0,1,1
12146,0,1,1
12147,0,1,1
12148,0,1,1
12149,0,1,1
12150,0,1,1
12151,0,1,1
12152,1,0,1
12153,1,0,1
12154,0,0,0
12155,0,0,0
12156,0,0,0
12157,0,0,0
12158,0,0,0
12159,0,0,0
12160,0,0,0
12161,0,0,0
12162,0,0,0
12163,0,0,0
12164,0,0,0
12165,0,0,0
12166,0,0,0
12167,0,0,0
12168,0,0,0
12169,0,0,0
12170,0,0,0
12171,0,0,0
12172,0,0,0
12173,0,0,0
12174,0,0,0
12175,0,0,0
12176,0,0,0
12177,0,0,0
12178,0,0,0
12179,0,0,0
12180,0,0,0
12181,0,0,0
12182,0,0,0
12183,0,0,0
12184,0,0,0
12185,0,0,0
12186,0,0,0
12187,0,0,0
12188,0,0,0
12189,0,0,0
12190,0,0,0
12191,0,0,0
12192,0,0,0
12193,0,0,0
12194,0,0,0
12195,0,0,0
12196,0,0,0
12197,0,0,0
12198,0,0,0
12199,0,0,0
12200,0,0,0
12201,0,0,0
12202,0,0,0
12203,0,0,0
12204,0,0,0
12205,0,0,0
12206,0,0,0
12207,0,0,0
12208,0,0,0
12209,0,0,0
12210,0,0,0
12211,0,0,0
12212,0,0,0
12213,0,0,0
12214,0,0,0
12215,0,0,0
12216,0,0,0
12217,0,0,0
12218,0,0,0
12219,0,0,0
12220,0,0,0
12221,0,0,0
12222,0,0,0
12223,0,0,0
12224,0,0,0
12225,0,0,0
12226,0,0,0
12227,0,0,0
12228,0,0,0
12229,0,0,0
12230,0,0,0
12231,0,0,0
12232,0,0,0
12233,0,0,0
12234,0,0,0
12235,0,0,0
12236,0,0,0
12237,0,0,0
12238,0,0,0
12239,0,0,0
12240,0,0,0
12241,0,0,0
12242,0,0,0
12243,0,0,0
12244,0,0,0
12245,0,0,0
12246,0,0,0
12247,0,0,0
12248,0,0,0
12249,0,0,0
12250,0,0,0
12251,0,0,0
12252,0,0,0
12253,0,0,0
12254,0,0,0
12255,0,0,0
12256,0,0,0
12257,0,0,0
12258,0,0,0
12259,0,0,0
12260,0,0,0
12261,0,0,0
12262,0,0,0
12263,0,0,0
12264,0,0,0
12265,0,0,0
12266,0,0,0
12267,0,0,0
12268,0,0,0
12269,0,0,0
12270,0,0,0
12271,0,0,0
12272,0,0,0
12273,0,0,0
12274,0,0,0
12275,0,0,0
12276,0,0,0
12277,0,0,0
12278,0,0,0
12279,0,0,0
12280,0,0,0
12281,0,0,0
12282,0,0,0
12283,0,0,0
12284,0,0,0
12285,0,0,0
12286,0,0,0
12287,0,0,0
12288,0,0,0
12289,0,0,0
12290,0,0,0
12291,0,0,0
12292,0,0,0
12293,0,0,0
12294,0,0,0
12295,0,0,0
12296,0,0,0
12297,0,0,0
12298,0,0,0
12299,0,0,0
12300,0,0,0
12301,0,0,0
12302,0,0,0
12303,0,0,0
12304,0,0,0
12305,0,0,0
12306,0,0,0
12307,0,0,0
12308,0,0,0
12309,0,0,0
12310,0,0,0
12311,0,0,0
12312,0,0,0
12313,0,0,0
12314,0,0,0
12315,0,0,0
12316,0,0,0
12317,0,0,0
12318,0,0,0
12319,0,0,0
12320,0,0,0
12321,0,0,0
12322,0,0,0
12323,0,0,0
12324,0,0,0
12325,0,0,0
12326,0,0,0
12327,0,0,0
12328,0,0,0
12329,0,0,0
12330,0,0,0
12331,0,0,0
12332,0,0,0
12333,0,0,0
12334,0,0,0
12335,0,0,0
12336,0,0,0
12337,0,0,0
12338,0,0,0
12339,0,0,0
12340,0,0,0
12341,0,0,0
12342,0,0,0
12343,0,0,0
12344,0,0,0
12345,0,0,0
12346,0,0,0
12347,0,0,0
12348,0,0,0
12349,0,0,0
12350,0,0,0
12351,0,0,0
12352,0,0,0
12353,0,0,0
12354,0,0,0
12355,0,0,0
12356,0,0,0
12357,0,0,0
12358,0,0,0
12359,0,0,0
12360,0,0,0
12361,0,0,0
12362,0,0,0
12363,0,0,0
12364,0,0,0
12365,0,0,0
12366,0,0,0
12367,0,0,0
12368,0,0,0
12369,0,0,0
12370,0,0,0
12371,0,0,0
12372,0,0,0
12373,0,0,0
12374,0,0,0
12375,0,0,0
12376,0,0,0
12377,0,0,0
12378,0,0,0
12379,0,0,0
12380,0,0,0
12381,0,0,0
12382,0,0,0
12383,0,0,0
12384,0,0,0
12385,0,0,0
12386,0,0,0
12387,0,0,0
12388,0,0,0
12389,0,0,0
12390,0,0,0
12391,0,0,0
12392,0,0,0
12393,0,0,0
12394,0,0,0
12395,0,0,0
12396,0,0,0
12397,0,0,0
12398,0,0,0
12399,0,0,0
12400,0,0,0
12401,0,0,0
12402,0,0,0
12403,0,0,0
12404,0,0,0
12405,0,0,0
12406,0,0,0
12407,0,0,0
12408,0,0,0
12409,0,0,0
12410,0,0,0
12411,0,0,0
12412,0,0,0
12413,0,0,0
12414,0,0,0
12415,0,0,0
12416,0,0,0
12417,0,0,0
12418,0,0,0
12419,0,0,0
12420,0,0,0
12421,0,0,0
12422,0,0,0
12423,0,0,0
12424,0,0,0
12425,0,0,0
12426,0,0,0
12427,0,0,0
12428,0,0,0
12429,0,0,0
12430,0,0,0
12431,0,0,0
12432,0,0,0
12433,0,0,0
12434,0,0,0
12435,0,0,0
12436,0,0,0
12437,0,0,0
12438,0,0,0
12439,0,0,0
12440,0,0,0
12441,0,0,0
12442,0,0,0
12443,0,0,0
12444,0,0,0
12445,0,0,0
12446,0,0,0
12447,0,0,0
12448,1,0,1
12449,1,0,1
12450,1,0,1
12451,1,0,1
12452,1,0,1
12453,1,0,1
12454,1,0,1
12455,1,0,1
12456,1,0,1
12457,1,0,1
12458,1,0,1
12459,1,0,1
12460,1,0,1
12461,1,0,1
12462,1,0,1
12463,1,0,1
12464,1,0,1
12465,1,0,1
12466,0,1,1
12467,0,1,1
12468,0,1,1
12469,0,1,1
12470,0,1,1
12471,0,1,1
12472,0,1,1
12473,0,1,1
12474,0,1,1
12475,1,0,1
12476,1,0,1
12477,0,1,1
12478,0,1,1
12479,0,1,1
12480,0,1,1
12481,0,1,1
12482,0,1,1
12483,0,1,1
12484,0,1,1
12485,1,0,1
12486,1,0,1
12487,1,0,1
12488,1,0,1
12489,1,0,1
12490,1,0,1
12491,1,0,1
12492,1,0,1
12493,1,0,1
12494,1,0,1
12495,1,0,1
12496,1,0,1
12497,1,0,1
12498,1,0,1
12499,1,0,1
12500,1,0,1
12501,1,0,1
12502,1,0,1
12503,1,0,1
12504,1,0,1
12505,1,0,1
12506,1,0,1
12507,1,0,1
12508,1,0,1
12509,1,0,1
12510,1,0,1
12511,1,0,1
12512,1,0,1
12513,1,0,1
12514,1,0,1
12515,1,0,1
12516,1,0,1
12517,1,0,1
12518,1,0,1
12519,1,0,1
12520,1,0,1
12521,1,0,1
12522,1,0,1
12523,1,0,1
12524,1,0,1
12525,1,0,1
12526,1,0,1
12527,1,0,1
12528,1,0,1
12529,1,0,1
12530,1,0,1
12531,1,0,1
12532,1,0,1
12533,1,0,1
12534,1,0,1
12535,1,0,1
12536,1,0,1
12537,1,0,1
12538,1,0,1
12539,1,0,1
12540,1,0,1
12541,1,0,1
12542,1,0,1
12543,1,0,1
12544,1,0,1
12545,1,0,1
12546,0,0,0
12547,0,0,0
12548,0,0,0
12549,0,0,0
12550,0,0,0
12551,0,0,0
12552,0,0,0
12553,0,0,0
12554,0,0,0
12555,0,0,0
12556,0,0,0
12557,0,0,0
12558,0,0,0
12559,0,0,0
12560,0,0,0
12561,0,0,0
12562,0,0,0
12563,0,0,0
12564,0,0,0
12565,0,0,0
12566,0,0,0
12567,0,0,0
12568,0,0,0
12569,0,0,0
12570,0,0,0
12571,0,0,0
12572,0,0,0
12573,0,0,0
12574,0,0,0
12575,0,0,0
12576,0,0,0
12577,0,0,0
12578,0,0,0
12579,0,0,0
12580,0,0,0
12581,0,0,0
12582,0,0,0
12583,0,0,0
12584,0,0,0
12585,0,0,0
12586,0,0,0
12587,0,0,0
12588,0,0,0
12589,0,0,0
12590,0,0,0
12591,0,0,0
12592,0,0,0
12593,0,0,0
12594,0,0,0
12595,0,0,0
12596,0,0,0
12597,0,0,0
12598,0,0,0
12599,0,0,0
12600,0,0,0
12601,0,0,0
12602,0,0,0
12603,0,0,0
12604,0,0,0
12605,0,0,0
12606,0,0,0
12607,0,0,0
12608,0,0,0
12609,0,0,0
12610,0,0,0
12611,0,0,0
12612,0,0,0
12613,0,0,0
12614,0,0,0
12615,0,0,0
12616,0,0,0
12617,0,0,0
12618,0,0,0
12619,0,0,0
12620,0,0,0
12621,0,0,0
12622,0,0,0
12623,0,0,0
12624,0,0,0
12625,0,0,0
12626,0,0,0
12627,0,0,0
12628,0,0,0
12629,0,0,0
12630,0,0,0
12631,0,0,0
12632,0,0,0
12633,0,0,0
12634,0,0,0
12635,0,0,0
12636,0,0,0
12637,0,0,0
12638,0,0,0
12639,0,0,0
12640,0,0,0
12641,0,0,0
12642,0,0,0
12643,0,0,0
12644,0,0,0
12645,0,0,0
12646,0,0,0
12647,0,0,0
12648,0,0,0
12649,0,0,0
12650,0,0,0
12651,0,0,0
12652,0,0,0
12653,0,0,0
12654,0,0,0
12655,0,0,0
12656,0,0,0
12657,0,0,0
12658,0,0,0
12659,0,0,0
12660,0,0,0
12661,0,0,0
12662,0,0,0
12663,0,0,0
12664,0,0,0
12665,0,0,0
12666,0,0,0
12667,0,0,0
12668,0,0,0
12669,0,0,0
12670,0,0,0
12671,0,0,0
12672,0,0,0
12673,0,0,0
12674,0,0,0
12675,0,0,0
12676,0,0,0
12677,0,0,0
12678,0,0,0
12679,0,0,0
12680,0,0,0
12681,0,0,0
12682,0,0,0
12683,0,0,0
12684,0,0,0
12685,0,0,0
12686,0,0,0
12687,0,0,0
12688,0,0,0
12689,0,0,0
12690,0,0,0
12691,0,0,0
12692,0,0,0
12693,0,0,0
12694,0,0,0
12695,0,0,0
12696,0,0,0
12697,0,0,0
12698,0,0,0
12699,0,0,0
12700,0,0,0
12701,0,0,0
12702,0,0,0
12703,0,0,0
12704,0,0,0
12705,0,0,0
12706,0,0,0
12707,0,0,0
12708,0,0,0
12709,0,0,0
12710,0,0,0
12711,0,0,0
12712,0,0,0
12713,0,0,0
12714,0,0,0
12715,0,0,0
12716,0,0,0
12717,0,0,0
12718,0,0,0
12719,0,0,0
12720,0,0,0
12721,0,0,0
12722,0,0,0
12723,0,0,0
12724,0,0,0
12725,0,0,0
12726,0,0,0
12727,0,0,0
12728,0,0,0
12729,0,0,0
12730,0,0,0
12731,0,0,0
12732,0,0,0
12733,0,0,0
12734,0,0,0
12735,0,0,0
12736,0,0,0
12737,0,0,0
12738,0,0,0
12739,0,0,0
12740,0,0,0
12741,0,0,0
12742,0,0,0
12743,0,0,0
12744,0,0,0
12745,0,0,0
12746,0,0,0
12747,0,0,0
12748,0,0,0
12749,0,0,0
12750,0,0,0
12751,0,0,0
12752,0,0,0
12753,0,0,0
12754,0,0,0
12755,0,0,0
12756,0,0,0
12757,0,0,0
12758,0,0,0
12759,0,0,0
12760,0,0,0
12761,0,0,0
12762,0,0,0
12763,0,0,0
12764,0,0,0
12765,0,0,0
12766,0,0,0
12767,0,0,0
12768,0,0,0
12769,0,0,0
12770,0,0,0
12771,0,0,0
12772,0,0,0
12773,0,0,0
12774,0,0,0
12775,0,0,0
12776,0,0,0
12777,0,0,0
12778,0,0,0
12779,0,0,0
12780,0,0,0
12781,0,0,0
12782,0,0,0
12783,0,0,0
12784,0,0,0
12785,0,0,0
12786,0,0,0
12787,0,0,0
12788,0,0,0
12789,0,0,0
12790,0,0,0
12791,0,0,0
12792,0,0,0
12793,0,0,0
12794,0,0,0
12795,0,0,0
12796,0,0,0
12797,0,0,0
12798,0,0,0
12799,0,0,0
12800,0,0,0
12801,0,0,0
12802,0,0,0
12803,0,0,0
12804,0,0,0
12805,0,0,0
12806,0,0,0
12807,0,0,0
12808,0,0,0
12809,0,0,0
12810,0,0,0
12811,0,0,0
12812,0,0,0
12813,0,0,0
12814,0,0,0
12815,0,0,0
12816,0,0,0
12817,0,0,0
12818,0,0,0
12819,0,0,0
12820,0,0,0
12821,0,0,0
12822,0,0,0
12823,0,0,0
12824,0,0,0
12825,0,0,0
12826,0,0,0
12827,0,0,0
12828,0,0,0
12829,0,0,0
12830,0,0,0
12831,0,0,0
12832,0,0,0
12833,0,0,0
12834,0,0,0
12835,0,0,0
12836,0,0,0
12837,0,0,0
12838,0,0,0
12839,0,0,0
12840,0,0,0
12841,0,0,0
12842,0,0,0
12843,0,0,0
12844,0,0,0
12845,0,0,0
12846,0,0,0
12847,0,0,0
12848,0,0,0
12849,0,0,0
12850,0,0,0
12851,0,0,0
12852,0,0,0
12853,0,0,0
12854,0,0,0
12855,0,0,0
12856,0,0,0
12857,0,0,0
12858,0,0,0
12859,0,0,0
12860,0,0,0
12861,0,0,0
12862,0,0,0
12863,0,0,0
12864,0,0,0
12865,0,0,0
12866,0,0,0
12867,0,0,0
12868,0,0,0
12869,0,0,0
12870,0,0,0
12871,0,0,0
12872,0,0,0
12873,0,0,0
12874,0,0,0
12875,0,0,0
12876,0,0,0
12877,0,0,0
12878,0,0,0
12879,0,0,0
12880,0,0,0
12881,0,0,0
12882,0,0,0
12883,0,0,0
12884,0,0,0
12885,0,0,0
12886,0,0,0
12887,0,0,0
12888,0,0,0
12889,0,0,0
12890,0,0,0
12891,0,0,0
12892,0,0,0
12893,0,0,0
12894,0,0,0
12895,0,0,0
12896,0,0,0
12897,0,0,0
12898,0,0,0
12899,0,0,0
12900,0,0,0
12901,0,0,0
12902,0,0,0
12903,0,0,0
12904,0,0,0
12905,0,0,0
12906,0,0,0
12907,0,0,0
12908,0,0,0
12909,0,0,0
12910,0,0,0
12911,0,0,0
12912,0,0,0
12913,0,0,0
12914,0,0,0
12915,0,0,0
12916,0,0,0
12917,0,0,0
12918,0,0,0
12919,0,0,0
12920,0,0,0
12921,0,0,0
12922,0,0,0
12923,0,0,0
12924,0,0,0
12925,0,0,0
12926,0,0,0
12927,0,0,0
12928,0,0,0
12929,0,0,0
12930,0,0,0
12931,0,0,0
12932,0,0,0
12933,0,0,0
12934,0,0,0
12935,0,0,0
12936,0,0,0
12937,0,0,0
12938,0,0,0
12939,0,0,0
12940,0,0,0
12941,0,0,0
12942,0,0,0
12943,0,0,0
12944,0,0,0
12945,0,0,0
12946,0,0,0
12947,0,0,0
12948,0,0,0
12949,0,0,0
12950,0,0,0
12951,0,0,0
12952,0,0,0
12953,0,0,0
12954,0,0,0
12955,0,0,0
12956,0,0,0
12957,0,0,0
12958,0,0,0
12959,0,0,0
12960,0,0,0
12961,0,0,0
12962,0,0,0
12963,0,0,0
12964,0,0,0
12965,0,0,0
12966,0,0,0
12967,0,0,0
12968,0,0,0
12969,0,0,0
12970,0,0,0
12971,0,0,0
12972,0,0,0
12973,0,0,0
12974,0,0,0
12975,0,0,0
12976,0,0,0
12977,0,0,0
12978,0,0,0
12979,0,0,0
12980,0,0,0
12981,0,0,0
12982,0,0,0
12983,0,0,0
12984,0,0,0
12985,0,0,0
12986,0,0,0
12987,0,0,0
12988,0,0,0
12989,0,0,0
12990,0,0,0
12991,0,0,0
12992,0,0,0
12993,0,0,0
12994,0,0,0
12995,0,0,0
12996,0,0,0
12997,0,0,0
12998,0,0,0
12999,0,0,0
13000,0,0,0
13001,0,0,0
13002,0,0,0
13003,0,0,0
13004,0,0,0
13005,0,0,0
13006,0,0,0
13007,0,0,0
13008,0,0,0
13009,0,0,0
13010,0,0,0
13011,0,0,0
13012,0,0,0
13013,0,0,0
13014,0,0,0
13015,0,0,0
13016,0,0,0
13017,0,0,0
13018,0,0,0
13019,0,0,0
13020,0,0,0
13021,0,0,0
13022,0,0,0
13023,0,0,0
13024,0,0,0
13025,0,0,0
13026,0,0,0
13027,0,0,0
13028,0,0,0
13029,0,0,0
13030,0,0,0
13031,0,0,0
13032,0,0,0
13033,0,0,0
13034,0,0,0
13035,0,0,0
13036,0,0,0
13037,0,0,0
13038,0,0,0
13039,0,0,0
13040,0,0,0
13041,0,0,0
13042,0,0,0
13043,0,0,0
13044,0,0,0
13045,0,0,0
13046,0,0,0
13047,0,0,0
13048,0,0,0
13049,0,0,0
13050,0,0,0
13051,0,0,0
13052,0,0,0
13053,0,0,0
13054,0,0,0
13055,0,0,0
13056,0,0,0
13057,0,0,0
13058,0,0,0
13059,0,0,0
13060,0,0,0
13061,0,0,0
13062,0,0,0
13063,0,0,0
13064,0,0,0
13065,0,0,0
13066,0,0,0
13067,0,0,0
13068,0,0,0
13069,0,0,0
13070,0,0,0
13071,0,0,0
13072,0,0,0
13073,0,0,0
13074,0,0,0
13075,0,0,0
13076,0,0,0
13077,0,0,0
13078,0,0,0
13079,0,0,0
13080,0,0,0
13081,0,0,0
13082,0,0,0
13083,0,0,0
13084,0,0,0
13085,0,0,0
13086,0,0,0
13087,0,0,0
13088,0,0,0
13089,0,0,0
13090,0,0,0
13091,0,0,0
13092,0,0,0
13093,0,0,0
13094,0,0,0
13095,0,0,0
13096,0,0,0
13097,0,0,0
13098,0,0,0
13099,0,0,0
13100,0,0,0
13101,0,0,0
13102,0,0,0
13103,0,0,0
13104,0,0,0
13105,0,0,0
13106,0,0,0
13107,0,0,0
13108,0,0,0
13109,0,0,0
13110,0,0,0
13111,0,0,0
13112,0,0,0
13113,0,0,0
13114,0,0,0
13115,0,0,0
13116,0,0,0
13117,0,0,0
13118,0,0,0
13119,0,0,0
13120,0,0,0
13121,0,0,0
13122,0,0,0
13123,0,0,0
13124,0,0,0
13125,0,0,0
13126,0,0,0
13127,0,0,0
13128,0,0,0
13129,0,0,0
13130,0,0,0
13131,0,0,0
13132,0,0,0
13133,0,0,0
13134,0,0,0
13135,0,0,0
13136,0,0,0
13137,0,0,0
13138,0,0,0
13139,0,0,0
13140,0,0,0
13141,0,0,0
13142,0,0,0
13143,0,0,0
13144,0,0,0
13145,0,0,0
13146,0,0,0
13147,0,0,0
13148,0,0,0
13149,0,0,0
13150,0,0,0
13151,0,0,0
13152,0,0,0
13153,0,0,0
13154,0,0,0
13155,0,0,0
13156,0,0,0
13157,0,0,0
13158,0,0,0
13159,0,0,0
13160,0,0,0
13161,0,0,0
13162,0,0,0
13163,0,0,0
13164,0,0,0
13165,0,0,0
13166,0,0,0
13167,0,0,0
13168,0,0,0
13169,0,0,0
13170,0,0,0
13171,0,0,0
13172,0,0,0
13173,0,0,0
13174,0,0,0
13175,0,0,0
13176,0,0,0
13177,0,0,0
13178,0,0,0
13179,0,0,0
13180,0,0,0
13181,0,0,0
13182,0,0,0
13183,0,0,0
13184,0,0,0
13185,0,0,0
13186,0,0,0
13187,0,0,0
13188,0,0,0
13189,0,0,0
13190,0,0,0
13191,0,0,0
13192,0,0,0
13193,0,0,0
13194,0,0,0
13195,0,0,0
13196,0,0,0
13197,0,0,0
13198,0,0,0
13199,0,0,0
13200,0,0,0
13201,0,0,0
13202,0,0,0
13203,0,0,0
13204,0,0,0
13205,0,0,0
13206,0,0,0
13207,0,0,0
13208,0,0,0
13209,0,0,0
13210,0,0,0
13211,0,0,0
13212,0,0,0
13213,0,0,0
13214,0,0,0
13215,0,0,0
13216,0,0,0
13217,0,0,0
13218,0,0,0
13219,0,0,0
13220,0,0,0
13221,0,0,0
13222,0,0,0
13223,0,0,0
13224,0,0,0
13225,0,0,0
13226,0,0,0
13227,0,0,0
13228,0,0,0
13229,0,0,0
13230,0,0,0
13231,0,0,0
13232,0,0,0
13233,0,0,0
13234,0,0,0
13235,0,0,0
13236,0,0,0
13237,0,0,0
13238,0,0,0
13239,0,0,0
13240,0,0,0
13241,0,0,0
13242,0,0,0
13243,0,0,0
13244,0,0,0
13245,0,0,0
13246,0,0,0
13247,0,0,0
13248,0,0,0
13249,0,0,0
13250,0,0,0
13251,0,0,0
13252,0,0,0
13253,0,0,0
13254,0,0,0
13255,0,0,0
13256,0,0,0
13257,0,0,0
13258,0,0,0
13259,0,0,0
13260,0,0,0
13261,0,0,0
13262,0,0,0
13263,0,0,0
13264,0,0,0
13265,0,0,0
13266,0,0,0
13267,0,0,0
13268,0,0,0
13269,0,0,0
13270,0,0,0
13271,0,0,0
13272,0,0,0
13273,0,0,0
13274,0,0,0
13275,0,0,0
13276,0,0,0
13277,0,0,0
13278,0,0,0
13279,0,0,0
13280,0,0,0
13281,0,0,0
13282,0,0,0
13283,1,0,1
13284,1,0,1
13285,1,0,1
13286,1,0,1
13287,1,0,1
13288,1,0,1
13289,1,0,1
13290,1,0,1
13291,1,0,1
13292,1,0,1
13293,1,0,1
13294,1,0,1
13295,1,0,1
13296,1,0,1
13297,1,0,1
13298,1,0,1
13299,1,0,1
13300,1,0,1
13301,1,0,1
13302,1,0,1
13303,1,0,1
13304,1,0,1
13305,1,0,1
13306,1,0,1
13307,1,0,1
13308,1,0,1
13309,1,0,1
13310,1,0,1
13311,1,0,1
13312,1,0,1
13313,1,0,1
13314,1,0,1
13315,1,0,1
13316,1,0,1
13317,1,0,1
13318,1,0,1
13319,1,0,1
13320,1,0,1
13321,1,0,1
13322,1,0,1
13323,1,0,1
13324,1,0,1
13325,1,0,1
13326,1,0,1
13327,1,0,1
13328,1,0,1
13329,1,0,1
13330,1,0,1
13331,1,0,1
13332,1,0,1
13333,1,0,1
13334,0,0,0
13335,0,0,0
13336,0,0,0
13337,0,0,0
13338,0,0,0
13339,0,0,0
13340,0,0,0
13341,0,0,0
13342,0,0,0
13343,0,0,0
13344,0,0,0
13345,0,0,0
13346,0,0,0
13347,0,0,0
13348,0,0,0
13349,0,0,0
13350,0,0,0
13351,0,0,0
13352,0,0,0
13353,0,0,0
13354,0,0,0
13355,0,0,0
13356,0,0,0
13357,0,0,0
13358,0,0,0
13359,0,0,0
13360,0,0,0
13361,0,0,0
13362,0,0,0
13363,0,0,0
13364,0,0,0
13365,0,0,0
13366,0,0,0
13367,0,0,0
13368,0,0,0
13369,0,0,0
13370,0,0,0
13371,0,0,0
13372,0,0,0
13373,0,0,0
13374,0,0,0
13375,0,0,0
13376,0,0,0
13377,0,0,0
13378,0,0,0
13379,0,0,0
13380,0,0,0
13381,0,0,0
13382,0,0,0
13383,0,0,0
13384,0,0,0
13385,0,0,0
13386,0,0,0
13387,0,0,0
13388,0,0,0
13389,0,0,0
13390,0,0,0
13391,0,0,0
13392,0,0,0
13393,0,0,0
13394,0,0,0
13395,0,0,0
13396,0,0,0
13397,0,0,0
13398,0,0,0
13399,0,0,0
13400,0,0,0
13401,0,0,0
13402,0,0,0
13403,0,0,0
13404,0,0,0
13405,0,0,0
13406,0,0,0
13407,0,0,0
13408,0,0,0
13409,0,0,0
13410,0,0,0
13411,0,0,0
13412,0,0,0
13413,0,0,0
13414,0,0,0
13415,0,0,0
13416,0,0,0
13417,0,0,0
13418,0,0,0
13419,0,0,0
13420,0,0,0
13421,0,0,0
13422,0,0,0
13423,0,0,0
13424,0,0,0
13425,0,0,0
13426,0,0,0
13427,0,0,0
13428,0,0,0
13429,0,0,0
13430,0,0,0
13431,0,0,0
13432,0,0,0
13433,0,0,0
13434,0,0,0
13435,0,0,0
13436,0,0,0
13437,0,0,0
13438,0,0,0
13439,0,0,0
13440,0,0,0
13441,0,0,0
13442,0,0,0
13443,0,0,0
13444,0,0,0
13445,0,0,0
13446,0,0,0
13447,0,0,0
13448,0,0,0
13449,0,0,0
13450,0,0,0
13451,0,0,0
13452,0,0,0
13453,0,0,0
13454,0,0,0
13455,0,0,0
13456,0,0,0
13457,0,0,0
13458,0,0,0
13459,0,0,0
13460,0,0,0
13461,0,0,0
13462,0,0,0
13463,0,0,0
13464,0,0,0
13465,0,0,0
13466,0,0,0
13467,0,0,0
13468,0,0,0
13469,0,0,0
13470,0,0,0
13471,0,0,0
13472,0,0,0
13473,0,0,0
13474,0,0,0
13475,0,0,0
13476,0,0,0
13477,0,0,0
13478,0,0,0
13479,0,0,0
13480,1,0,1
13481,1,0,1
13482,1,0,1
13483,1,0,1
13484,1,0,1
13485,1,0,1
13486,1,0,1
13487,1,0,1
13488,1,0,1
13489,1,0,1
13490,1,0,1
13491,1,0,1
13492,1,0,1
13493,1,0,1
13494,1,0,1
13495,1,0,1
13496,1,0,1
13497,1,0,1
13498,1,0,1
13499,1,0,1
13500,1,0,1
13501,1,0,1
13502,1,0,1
13503,1,0,1
13504,1,0,1
13505,1,0,1
13506,1,0,1
13507,1,0,1
13508,1,0,1
13509,1,0,1
13510,1,0,1
13511,1,0,1
13512,1,0,1
13513,1,0,1
13514,1,0,1
13515,1,0,1
13516,1,0,1
13517,1,0,1
13518,1,0,1
13519,1,0,1
13520,1,0,1
13521,1,0,1
13522,1,0,1
13523,1,0,1
13524,1,0,1
13525,1,0,1
13526,1,0,1
13527,1,0,1
13528,1,0,1
13529,1,0,1
13530,1,0,1
13531,1,0,1
13532,1,0,1
13533,1,0,1
13534,1,0,1
13535,1,0,1
13536,0,0,0
13537,0,0,0
13538,0,0,0
13539,0,0,0
13540,0,0,0
13541,0,0,0
13542,0,0,0
13543,0,0,0
13544,0,0,0
13545,0,0,0
13546,0,0,0
13547,0,0,0
13548,0,0,0
13549,0,0,0
13550,0,0,0
13551,0,0,0
13552,0,0,0
13553,0,0,0
13554,0,0,0
13555,0,0,0
13556,0,0,0
13557,0,0,0
13558,0,0,0
13559,0,0,0
13560,0,0,0
13561,0,0,0
13562,0,0,0
13563,0,0,0
13564,0,0,0
13565,0,0,0
13566,0,0,0
13567,0,0,0
13568,0,0,0
13569,0,0,0
13570,0,0,0
13571,0,0,0
13572,0,0,0
13573,0,0,0
13574,0,0,0
13575,0,0,0
13576,0,0,0
13577,0,0,0
13578,0,0,0
13579,0,0,0
13580,0,0,0
13581,0,0,0
13582,0,0,0
13583,0,0,0
13584,0,0,0
13585,0,0,0
13586,0,0,0
13587,0,0,0
13588,0,0,0
13589,0,0,0
13590,0,0,0
13591,0,0,0
13592,0,0,0
13593,0,0,0
13594,0,0,0
13595,0,0,0
13596,0,0,0
13597,0,0,0
13598,0,0,0
13599,0,0,0
13600,0,0,0
13601,0,0,0
13602,0,0,0
13603,0,0,0
13604,0,0,0
13605,0,0,0
13606,0,0,0
13607,0,0,0
13608,0,0,0
13609,0,0,0
13610,0,0,0
13611,0,0,0
13612,0,0,0
13613,0,0,0
13614,0,0,0
13615,0,0,0
13616,0,0,0
13617,0,0,0
13618,0,0,0
13619,0,0,0
13620,0,0,0
13621,0,0,0
13622,0,0,0
13623,0,0,0
13624,0,0,0
13625,0,0,0
13626,0,0,0
13627,0,0,0
13628,0,0,0
13629,0,0,0
13630,0,0,0
13631,0,0,0
13632,0,0,0
13633,0,0,0
13634,0,0,0
13635,0,0,0
13636,0,0,0
13637,0,0,0
13638,0,0,0
13639,0,0,0
13640,0,0,0
13641,0,0,0
13642,0,0,0
13643,0,0,0
13644,0,0,0
13645,0,0,0
13646,0,0,0
13647,0,0,0
13648,0,0,0
13649,0,0,0
13650,0,0,0
13651,0,0,0
13652,0,0,0
13653,0,0,0
13654,0,0,0
13655,0,0,0
13656,0,0,0
13657,0,0,0
13658,0,0,0
13659,0,0,0
13660,0,0,0
13661,0,0,0
13662,0,0,0
13663,0,0,0
13664,0,0,0
13665,0,0,0
13666,0,0,0
13667,0,0,0
13668,0,0,0
13669,0,0,0
13670,0,0,0
13671,0,0,0
13672,0,0,0
13673,0,0,0
13674,0,0,0
13675,0,0,0
13676,0,0,0
13677,0,0,0
13678,0,0,0
13679,0,0,0
13680,0,0,0
13681,0,0,0
13682,0,0,0
13683,0,0,0
13684,0,0,0
13685,0,0,0
13686,0,0,0
13687,0,0,0
13688,0,0,0
13689,0,0,0
13690,0,0,0
13691,0,0,0
13692,0,0,0
13693,0,0,0
13694,0,0,0
13695,0,0,0
13696,0,0,0
13697,0,0,0
13698,0,0,0
13699,0,0,0
13700,0,0,0
13701,0,0,0
13702,0,0,0
13703,0,0,0
13704,0,0,0
13705,0,0,0
13706,0,0,0
13707,0,0,0
13708,0,0,0
13709,0,0,0
13710,0,0,0
13711,0,0,0
13712,0,0,0
13713,0,0,0
13714,0,0,0
13715,0,0,0
13716,0,0,0
13717,0,0,0
13718,0,0,0
13719,0,0,0
13720,0,0,0
13721,0,0,0
13722,0,0,0
13723,0,0,0
13724,0,0,0
13725,0,0,0
13726,0,0,0
13727,0,0,0
13728,0,0,0
13729,0,0,0
13730,0,0,0
13731,0,0,0
13732,0,0,0
13733,0,0,0
13734,0,0,0
13735,0,0,0
13736,0,0,0
13737,0,0,0
13738,0,0,0
13739,0,0,0
13740,0,0,0
13741,0,0,0
13742,0,0,0
13743,0,0,0
13744,0,0,0
13745,0,0,0
13746,0,0,0
13747,0,0,0
13748,0,0,0
13749,0,0,0
13750,0,0,0
13751,0,0,0
13752,0,0,0
13753,0,0,0
13754,0,0,0
13755,0,0,0
13756,0,0,0
13757,0,0,0
13758,0,0,0
13759,0,0,0
13760,0,0,0
13761,0,0,0
13762,0,0,0
13763,0,0,0
13764,0,0,0
13765,0,0,0
13766,0,0,0
13767,0,0,0
13768,0,0,0
13769,0,0,0
13770,0,0,0
13771,0,0,0
13772,0,0,0
13773,0,0,0
13774,0,0,0
13775,0,0,0
13776,0,0,0
13777,0,0,0
13778,0,0,0
13779,0,0,0
13780,0,0,0
13781,0,0,0
13782,0,0,0
13783,0,0,0
13784,0,0,0
13785,0,0,0
13786,0,0,0
13787,0,0,0
13788,0,0,0
13789,0,0,0
13790,0,0,0
13791,0,0,0
13792,0,0,0
13793,0,0,0
13794,0,0,0
13795,0,0,0
13796,0,0,0
13797,0,0,0
13798,0,0,0
13799,0,0,0
13800,0,0,0
13801,0,0,0
13802,0,0,0
13803,0,0,0
13804,0,0,0
13805,0,0,0
13806,0,0,0
13807,0,0,0
13808,0,0,0
13809,0,0,0
13810,0,0,0
13811,0,0,0
13812,0,0,0
13813,0,0,0
13814,0,0,0
13815,0,0,0
13816,0,0,0
13817,0,0,0
13818,0,0,0
13819,0,0,0
13820,0,0,0
13821,0,0,0
13822,0,0,0
13823,0,0,0
13824,0,0,0
13825,0,0,0
13826,0,0,0
13827,0,0,0
13828,0,0,0
13829,0,0,0
13830,0,0,0
13831,0,0,0
13832,0,0,0
13833,0,0,0
13834,0,0,0
13835,0,0,0
13836,0,0,0
13837,0,0,0
13838,0,0,0
13839,0,0,0
13840,0,0,0
13841,0,0,0
13842,0,0,0
13843,0,0,0
13844,0,0,0
13845,0,0,0
13846,0,0,0
13847,0,0,0
13848,0,0,0
13849,0,0,0
13850,0,0,0
13851,0,0,0
13852,0,0,0
13853,0,0,0
13854,0,0,0
13855,0,0,0
13856,0,0,0
13857,0,0,0
13858,0,0,0
13859,0,0,0
13860,0,0,0
13861,0,0,0
13862,0,0,0
13863,0,0,0
13864,0,0,0
13865,0,0,0
13866,0,0,0
13867,0,0,0
13868,0,0,0
13869,0,0,0
13870,0,0,0
13871,0,0,0
13872,0,0,0
13873,0,0,0
13874,0,0,0
13875,0,0,0
13876,0,0,0
13877,0,0,0
13878,0,0,0
13879,0,0,0
13880,0,0,0
13881,0,0,0
13882,0,0,0
13883,0,0,0
13884,0,0,0
13885,0,0,0
13886,0,0,0
13887,0,0,0
13888,0,0,0
13889,0,0,0
13890,0,0,0
13891,0,0,0
13892,0,0,0
13893,0,0,0
13894,0,0,0
13895,0,0,0
13896,0,0,0
13897,0,0,0
13898,0,0,0
13899,0,0,0
13900,0,0,0
13901,0,0,0
13902,0,0,0
13903,0,0,0
13904,0,0,0
13905,0,0,0
13906,0,0,0
13907,0,0,0
13908,0,0,0
13909,0,0,0
13910,0,0,0
13911,0,0,0
13912,0,0,0
13913,0,0,0
13914,0,0,0
13915,0,0,0
13916,0,0,0
13917,0,0,0
13918,0,0,0
13919,0,0,0
13920,0,0,0
13921,0,0,0
13922,0,0,0
13923,0,0,0
13924,0,0,0
13925,0,0,0
13926,0,0,0
13927,0,0,0
13928,0,0,0
13929,0,0,0
13930,0,0,0
13931,0,0,0
13932,0,0,0
13933,0,0,0
13934,0,0,0
13935,0,0,0
13936,0,0,0
13937,0,0,0
13938,0,0,0
13939,0,0,0
13940,0,0,0
13941,0,0,0
13942,0,0,0
13943,0,0,0
13944,0,0,0
13945,0,0,0
13946,0,0,0
13947,0,0,0
13948,0,0,0
13949,0,0,0
13950,0,0,0
13951,0,0,0
13952,0,0,0
13953,0,0,0
13954,0,0,0
13955,0,0,0
13956,0,0,0
13957,0,0,0
13958,0,0,0
13959,0,0,0
13960,0,0,0
13961,0,0,0
13962,0,0,0
13963,0,0,0
13964,0,0,0
13965,0,0,0
13966,0,0,0
13967,0,0,0
13968,0,0,0
13969,0,0,0
13970,0,0,0
13971,0,0,0
13972,0,0,0
13973,0,0,0
13974,0,0,0
13975,0,0,0
13976,0,0,0
13977,0,0,0
13978,0,0,0
13979,0,0,0
13980,0,0,0
13981,0,0,0
13982,0,0,0
13983,0,0,0
13984,0,0,0
13985,0,0,0
13986,0,0,0
13987,0,0,0
13988,0,0,0
13989,0,0,0
13990,0,0,0
13991,0,0,0
13992,0,0,0
13993,0,0,0
13994,0,0,0
13995,0,0,0
13996,0,0,0
13997,0,0,0
13998,0,0,0
13999,0,0,0
14000,0,0,0
14001,0,0,0
14002,0,0,0
14003,0,0,0
14004,0,0,0
14005,0,0,0
14006,0,0,0
14007,0,0,0
14008,0,0,0
14009,0,0,0
14010,0,0,0
14011,0,0,0
14012,0,0,0
14013,0,0,0
14014,0,0,0
14015,0,0,0
14016,0,0,0
14017,0,0,0
14018,0,0,0
14019,0,0,0
14020,0,0,0
14021,0,0,0
14022,0,0,0
14023,0,0,0
14024,0,0,0
14025,0,0,0
14026,0,0,0
14027,0,0,0
14028,0,0,0
14029,0,0,0
14030,0,0,0
14031,0,0,0
14032,0,0,0
14033,0,0,0
14034,0,0,0
14035,0,0,0
14036,0,0,0
14037,0,0,0
14038,0,0,0
14039,0,0,0
14040,0,0,0
14041,0,0,0
14042,0,0,0
14043,0,0,0
14044,0,0,0
14045,0,0,0
14046,0,0,0
14047,0,0,0
14048,0,0,0
14049,0,0,0
14050,0,0,0
14051,0,0,0
14052,0,0,0
14053,0,0,0
14054,0,0,0
14055,0,0,0
14056,0,0,0
14057,0,0,0
14058,0,0,0
14059,0,0,0
14060,0,0,0
14061,0,0,0
14062,0,0,0
14063,0,0,0
14064,0,0,0
14065,0,0,0
14066,0,0,0
14067,0,0,0
14068,0,0,0
14069,0,0,0
14070,0,0,0
14071,0,0,0
14072,0,0,0
14073,0,0,0
14074,0,0,0
14075,0,0,0
14076,0,0,0
14077,0,0,0
14078,0,0,0
14079,0,0,0
14080,0,0,0
14081,0,0,0
14082,0,0,0
14083,0,0,0
14084,0,0,0
14085,0,0,0
14086,0,0,0
14087,0,0,0
14088,0,0,0
14089,0,0,0
14090,0,0,0
14091,0,0,0
14092,0,0,0
14093,0,0,0
14094,0,0,0
14095,0,0,0
14096,0,0,0
14097,0,0,0
14098,0,0,0
14099,0,0,0
14100,0,0,0
14101,0,0,0
14102,0,0,0
14103,0,0,0
14104,1,0,1
14105,1,0,1
14106,0,1,1
14107,0,1,1
14108,0,1,1
14109,0,1,1
14110,0,1,1
14111,0,1,1
14112,0,1,1
14113,0,1,1
14114,0,1,1
14115,0,1,1
14116,0,1,1
14117,0,1,1
14118,0,1,1
14119,0,1,1
14120,0,1,1
14121,0,1,1
14122,0,1,1
14123,0,1,1
14124,0,1,1
14125,0,1,1
14126,0,1,1
14127,0,1,1
14128,0,1,1
14129,0,1,1
14130,0,1,1
14131,0,1,1
14132,0,1,1
14133,0,1,1
14134,0,1,1
14135,0,1,1
14136,0,1,1
14137,0,1,1
14138,0,1,1
14139,0,1,1
14140,0,1,1
14141,0,1,1
14142,0,1,1
14143,0,1,1
14144,0,1,1
14145,0,1,1
14146,0,1,1
14147,0,1,1
14148,0,1,1
14149,0,1,1
14150,0,1,1
14151,0,1,1
14152,1,0,1
14153,1,0,1
14154,1,0,1
14155,1,0,1
14156,1,0,1
14157,1,0,1
14158,1,0,1
14159,1,0,1
14160,1,0,1
14161,1,0,1
14162,1,0,1
14163,1,0,1
14164,1,0,1
14165,1,0,1
14166,1,0,1
14167,1,0,1
14168,1,0,1
14169,1,0,1
14170,1,0,1
14171,1,0,1
14172,1,0,1
14173,1,0,1
14174,1,0,1
14175,1,0,1
14176,1,0,1
14177,1,0,1
14178,1,0,1
14179,1,0,1
14180,1,0,1
14181,1,0,1
14182,1,0,1
14183,1,0,1
14184,1,0,1
14185,1,0,1
14186,1,0,1
14187,1,0,1
14188,1,0,1
14189,1,0,1
14190,1,0,1
14191,1,0,1
14192,0,0,0
14193,0,0,0
14194,0,0,0
14195,0,0,0
14196,0,0,0
14197,1,0,1
14198,1,0,1
14199,1,0,1
14200,1,0,1
14201,1,0,1
14202,1,0,1
14203,1,0,1
14204,1,0,1
14205,1,0,1
14206,1,0,1
14207,1,0,1
14208,1,0,1
14209,1,0,1
14210,1,0,1
14211,1,0,1
14212,1,0,1
14213,1,0,1
14214,1,0,1
14215,1,0,1
14216,1,0,1
14217,1,0,1
14218,1,0,1
14219,1,0,1
14220,1,0,1
14221,1,0,1
14222,1,0,1
14223,1,0,1
14224,1,0,1
14225,1,0,1
14226,1,0,1
14227,1,0,1
14228,1,0,1
14229,1,0,1
14230,1,0,1
14231,1,0,1
14232,1,0,1
14233,1,0,1
14234,1,0,1
14235,1,0,1
14236,1,0,1
14237,1,0,1
14238,1,0,1
14239,1,0,1
14240,1,0,1
14241,1,0,1
14242,1,0,1
14243,0,0,0
14244,0,0,0
14245,0,0,0
14246,0,0,0
14247,0,0,0
14248,0,0,0
14249,0,0,0
14250,0,0,0
14251,0,0,0
14252,0,0,0
14253,0,0,0
14254,0,0,0
14255,0,0,0
14256,0,0,0
14257,0,0,0
14258,0,0,0
14259,0,0,0
14260,0,0,0
14261,0,0,0
14262,0,0,0
14263,0,0,0
14264,0,0,0
14265,0,0,0
14266,0,0,0
14267,0,0,0
14268,0,0,0
14269,0,0,0
14270,0,0,0
14271,0,0,0
14272,0,0,0
14273,0,0,0
14274,0,0,0
14275,0,0,0
14276,0,0,0
14277,0,0,0
14278,0,0,0
14279,0,0,0
14280,0,0,0
14281,0,0,0
14282,0,0,0
14283,0,0,0
14284,0,0,0
14285,0,0,0
14286,0,0,0
14287,0,0,0
14288,0,0,0
14289,0,0,0
14290,0,0,0
14291,0,0,0
14292,0,0,0
14293,0,0,0
14294,0,0,0
14295,0,0,0
14296,0,0,0
14297,0,0,0
14298,0,0,0
14299,0,0,0
14300,0,0,0
14301,1,0,1
14302,1,0,1
14303,1,0,1
14304,1,0,1
14305,1,0,1
14306,1,0,1
14307,1,0,1
14308,1,0,1
14309,1,0,1
14310,1,0,1
14311,1,0,1
14312,1,0,1
14313,1,0,1
14314,1,0,1
14315,1,0,1
14316,1,0,1
14317,1,0,1
14318,1,0,1
14319,1,0,1
14320,1,0,1
14321,1,0,1
14322,1,0,1
14323,1,0,1
14324,1,0,1
14325,1,0,1
14326,1,0,1
14327,1,0,1
14328,1,0,1
14329,1,0,1
14330,1,0,1
14331,1,0,1
14332,2,0,2
14333,2,0,2
14334,2,0,2
14335,2,0,2
14336,2,0,2
14337,1,0,1
14338,1,0,1
14339,1,0,1
14340,1,0,1
14341,1,0,1
14342,1,0,1
14343,1,0,1
14344,1,0,1
14345,1,0,1
14346,1,0,1
14347,1,0,1
14348,1,0,1
14349,1,0,1
14350,1,0,1
14351,1,0,1
14352,1,0,1
14353,1,0,1
14354,1,0,1
14355,1,0,1
14356,1,0,1
14357,1,0,1
14358,1,0,1
14359,1,0,1
14360,1,0,1
14361,1,0,1
14362,1,0,1
14363,1,0,1
14364,1,0,1
14365,1,0,1
14366,1,0,1
14367,1,0,1
14368,1,0,1
14369,1,0,1
14370,1,0,1
14371,1,0,1
14372,1,0,1
14373,1,0,1
14374,1,0,1
14375,1,0,1
14376,1,0,1
14377,1,0,1
14378,1,0,1
14379,1,0,1
14380,0,0,0
14381,0,0,0
14382,0,0,0
14383,0,0,0
14384,0,0,0
14385,0,0,0
14386,0,0,0
14387,0,0,0
14388,0,0,0
14389,0,0,0
14390,0,0,0
14391,0,0,0
14392,0,0,0
14393,0,0,0
14394,0,0,0
14395,0,0,0
14396,0,0,0
14397,0,0,0
14398,0,0,0
14399,0,0,0
14400,0,0,0
14401,0,0,0
14402,0,0,0
14403,0,0,0
14404,0,0,0
14405,0,0,0
14406,0,0,0
14407,0,0,0
14408,0,0,0
14409,0,0,0
14410,0,0,0
14411,0,0,0
14412,0,0,0
14413,0,0,0
14414,0,0,0
14415,0,0,0
14416,0,0,0
14417,0,0,0
14418,0,0,0
14419,0,0,0
14420,0,0,0
14421,0,0,0
14422,0,0,0
14423,0,0,0
14424,0,0,0
14425,0,0,0
14426,0,0,0
14427,0,0,0
14428,0,0,0
14429,0,0,0
14430,0,0,0
14431,0,0,0
14432,0,0,0
14433,0,0,0
14434,0,0,0
14435,0,0,0
14436,0,0,0
14437,0,0,0
14438,0,0,0
14439,0,0,0
14440,0,0,0
14441,0,0,0
14442,0,0,0
14443,0,0,0
14444,0,0,0
14445,0,0,0
14446,0,0,0
14447,0,0,0
14448,0,0,0
14449,0,0,0
14450,0,0,0
14451,0,0,0
14452,0,0,0
14453,0,0,0
14454,0,0,0
14455,0,0,0
14456,0,0,0
14457,0,0,0
14458,0,0,0
14459,0,0,0
14460,0,0,0
14461,0,0,0
14462,0,0,0
14463,0,0,0
14464,0,0,0
14465,0,0,0
14466,0,0,0
14467,0,0,0
14468,0,0,0
14469,0,0,0
14470,0,0,0
14471,0,0,0
14472,0,0,0
14473,0,0,0
14474,0,0,0
14475,0,0,0
14476,0,0,0
14477,0,0,0
14478,0,0,0
14479,0,0,0
14480,0,0,0
14481,0,0,0
14482,0,0,0
14483,0,0,0
14484,0,0,0
14485,0,0,0
14486,0,0,0
14487,0,0,0
14488,0,0,0
14489,0,0,0
14490,0,0,0
14491,0,0,0
14492,0,0,0
14493,0,0,0
14494,0,0,0
14495,0,0,0
14496,0,0,0
14497,0,0,0
14498,0,0,0
14499,0,0,0
14500,0,0,0
14501,0,0,0
14502,0,0,0
14503,0,0,0
14504,0,0,0
14505,0,0,0
14506,0,0,0
14507,0,0,0
14508,0,0,0
14509,0,0,0
14510,0,0,0
14511,0,0,0
14512,0,0,0
14513,0,0,0
14514,0,0,0
14515,0,0,0
14516,0,0,0
14517,0,0,0
14518,0,0,0
14519,0,0,0
14520,0,0,0
14521,0,0,0
14522,0,0,0
14523,0,0,0
14524,0,0,0
14525,0,0,0
14526,0,0,0
14527,0,0,0
14528,0,0,0
14529,0,0,0
14530,0,0,0
14531,0,0,0
14532,0,0,0
14533,0,0,0
14534,0,0,0
14535,0,0,0
14536,0,0,0
14537,0,0,0
14538,0,0,0
14539,0,0,0
14540,0,0,0
14541,0,0,0
14542,0,0,0
14543,0,0,0
14544,0,0,0
14545,0,0,0
14546,0,0,0
14547,0,0,0
14548,0,0,0
14549,0,0,0
14550,0,0,0
14551,0,0,0
14552,0,0,0
14553,0,0,0
14554,0,0,0
14555,0,0,0
14556,0,0,0
14557,0,0,0
14558,0,0,0
14559,0,0,0
14560,0,0,0
14561,0,0,0
14562,0,0,0
14563,0,0,0
14564,0,0,0
14565,0,0,0
14566,0,0,0
14567,0,0,0
14568,0,0,0
14569,0,0,0
14570,0,0,0
14571,0,0,0
14572,0,0,0
14573,0,0,0
14574,0,0,0
14575,0,0,0
14576,0,0,0
14577,0,0,0
14578,0,0,0
14579,0,0,0
14580,0,0,0
14581,0,0,0
14582,0,0,0
14583,0,0,0
14584,0,0,0
14585,0,0,0
14586,0,0,0
14587,0,0,0
14588,0,0,0
14589,0,0,0
14590,0,0,0
14591,0,0,0
14592,0,0,0
14593,0,0,0
14594,0,0,0
14595,0,0,0
14596,0,0,0
14597,0,0,0
14598,0,0,0
14599,0,0,0
14600,0,0,0
14601,0,0,0
14602,0,0,0
14603,0,0,0
14604,0,0,0
14605,0,0,0
14606,0,0,0
14607,0,0,0
14608,0,0,0
14609,0,0,0
14610,0,0,0
14611,0,0,0
14612,0,0,0
14613,0,0,0
14614,0,0,0
14615,0,0,0
14616,0,0,0
14617,0,0,0
14618,0,0,0
14619,0,0,0
14620,0,0,0
14621,0,0,0
14622,0,0,0
14623,0,0,0
14624,0,0,0
14625,0,0,0
14626,0,0,0
14627,0,0,0
14628,0,0,0
14629,0,0,0
14630,0,0,0
14631,0,0,0
14632,0,0,0
14633,0,0,0
14634,0,0,0
14635,0,0,0
14636,0,0,0
14637,0,0,0
14638,0,0,0
14639,0,0,0
14640,0,0,0
14641,0,0,0
14642,0,0,0
14643,0,0,0
14644,0,0,0
14645,0,0,0
14646,0,0,0
14647,0,0,0
14648,0,0,0
14649,0,0,0
14650,0,0,0
14651,0,0,0
14652,0,0,0
14653,0,0,0
14654,0,0,0
14655,0,0,0
14656,0,0,0
14657,0,0,0
14658,0,0,0
14659,0,0,0
14660,0,0,0
14661,0,0,0
14662,0,0,0
14663,0,0,0
14664,0,0,0
14665,0,0,0
14666,0,0,0
14667,0,0,0
14668,0,0,0
14669,0,0,0
14670,0,0,0
14671,0,0,0
14672,0,0,0
14673,0,0,0
14674,0,0,0
14675,0,0,0
14676,0,0,0
14677,0,0,0
14678,0,0,0
14679,0,0,0
14680,0,0,0
14681,0,0,0
14682,0,0,0
14683,0,0,0
14684,0,0,0
14685,0,0,0
14686,0,0,0
14687,0,0,0
14688,0,0,0
14689,0,0,0
14690,0,0,0
14691,0,0,0
14692,0,0,0
14693,0,0,0
14694,0,0,0
14695,0,0,0
14696,0,0,0
14697,0,0,0
14698,0,0,0
14699,0,0,0
14700,0,0,0
14701,0,0,0
14702,0,0,0
14703,0,0,0
14704,0,0,0
14705,0,0,0
14706,0,0,0
14707,0,0,0
14708,0,0,0
14709,0,0,0
14710,0,0,0
14711,0,0,0
14712,0,0,0
14713,0,0,0
14714,0,0,0
14715,0,0,0
14716,0,0,0
14717,0,0,0
14718,0,0,0
14719,0,0,0
14720,0,0,0
14721,0,0,0
14722,0,0,0
14723,0,0,0
14724,0,0,0
14725,0,0,0
14726,0,0,0
14727,0,0,0
14728,0,0,0
14729,0,0,0
14730,0,0,0
14731,0,0,0
14732,0,0,0
14733,0,0,0
14734,0,0,0
14735,0,0,0
14736,0,0,0
14737,0,0,0
14738,0,0,0
14739,0,0,0
14740,0,0,0
14741,0,0,0
14742,0,0,0
14743,0,0,0
14744,0,0,0
14745,0,0,0
14746,0,0,0
14747,0,0,0
14748,0,0,0
14749,0,0,0
14750,0,0,0
14751,0,0,0
14752,0,0,0
14753,0,0,0
14754,0,0,0
14755,0,0,0
14756,0,0,0
14757,0,0,0
14758,0,0,0
14759,0,0,0
14760,0,0,0
14761,0,0,0
14762,0,0,0
14763,0,0,0
14764,0,0,0
14765,0,0,0
14766,0,0,0
14767,0,0,0
14768,0,0,0
14769,0,0,0
14770,0,0,0
14771,0,0,0
14772,0,0,0
14773,0,0,0
14774,0,0,0
14775,0,0,0
14776,0,0,0
14777,0,0,0
14778,0,0,0
14779,0,0,0
14780,0,0,0
14781,0,0,0
14782,0,0,0
14783,0,0,0
14784,0,0,0
14785,0,0,0
14786,0,0,0
14787,0,0,0
14788,0,0,0
14789,0,0,0
14790,0,0,0
14791,0,0,0
14792,0,0,0
14793,0,0,0
14794,0,0,0
14795,0,0,0
14796,0,0,0
14797,0,0,0
14798,0,0,0
14799,0,0,0
14800,0,0,0
14801,0,0,0
14802,0,0,0
14803,0,0,0
14804,0,0,0
14805,0,0,0
14806,0,0,0
14807,0,0,0
14808,0,0,0
14809,0,0,0
14810,0,0,0
14811,0,0,0
14812,0,0,0
14813,0,0,0
14814,0,0,0
14815,0,0,0
14816,0,0,0
14817,0,0,0
14818,0,0,0
14819,0,0,0
14820,0,0,0
14821,0,0,0
14822,0,0,0
14823,0,0,0
14824,0,0,0
14825,0,0,0
14826,0,0,0
14827,0,0,0
14828,0,0,0
14829,0,0,0
14830,0,0,0
14831,0,0,0
14832,0,0,0
14833,0,0,0
14834,0,0,0
14835,0,0,0
14836,0,0,0
14837,0,0,0
14838,0,0,0
14839,0,0,0
14840,0,0,0
14841,0,0,0
14842,0,0,0
14843,0,0,0
14844,0,0,0
14845,0,0,0
14846,0,0,0
14847,0,0,0
14848,0,0,0
14849,0,0,0
14850,0,0,0
14851,0,0,0
14852,1,0,1
14853,1,0,1
14854,1,0,1
14855,1,0,1
14856,1,0,1
14857,1,0,1
14858,1,0,1
14859,1,0,1
14860,1,0,1
14861,1,0,1
14862,1,0,1
14863,1,0,1
14864,1,0,1
14865,1,0,1
14866,1,0,1
14867,1,0,1
14868,1,0,1
14869,1,0,1
14870,1,0,1
14871,1,0,1
14872,1,0,1
14873,1,0,1
14874,1,0,1
14875,1,0,1
14876,1,0,1
14877,1,0,1
14878,1,0,1
14879,1,0,1
14880,1,0,1
14881,1,0,1
14882,1,0,1
14883,1,0,1
14884,1,0,1
14885,1,0,1
14886,1,0,1
14887,1,0,1
14888,1,0,1
14889,1,0,1
14890,1,0,1
14891,1,0,1
14892,1,0,1
14893,1,0,1
14894,1,0,1
14895,1,0,1
14896,1,0,1
14897,1,0,1
14898,1,0,1
14899,1,0,1
14900,1,0,1
14901,1,0,1
14902,1,0,1
14903,1,0,1
14904,1,0,1
14905,1,0,1
14906,1,0,1
14907,1,0,1
14908,1,0,1
14909,1,0,1
14910,1,0,1
14911,1,0,1
14912,1,0,1
14913,1,0,1
14914,1,0,1
14915,1,0,1
14916,1,0,1
14917,1,0,1
14918,1,0,1
14919,1,0,1
14920,1,0,1
14921,1,0,1
14922,1,0,1
14923,1,0,1
14924,1,0,1
14925,1,0,1
14926,1,0,1
14927,1,0,1
14928,1,0,1
14929,1,0,1
14930,1,0,1
14931,1,0,1
14932,1,0,1
14933,1,0,1
14934,1,0,1
14935,1,0,1
14936,1,0,1
14937,1,0,1
14938,1,0,1
14939,1,0,1
14940,1,0,1
14941,1,0,1
14942,1,0,1
