second,idle_count,walking_count,total_count
0,0,0,0
1,0,0,0
2,0,0,0
3,0,0,0
4,0,0,0
5,0,0,0
6,0,0,0
7,0,0,0
8,0,0,0
9,0,0,0
10,0,0,0
11,0,0,0
12,0,0,0
13,0,0,0
14,0,0,0
15,0,0,0
16,0,0,0
17,0,0,0
18,0,0,0
19,0,0,0
20,0,0,0
21,0,0,0
22,0,0,0
23,0,0,0
24,0,0,0
25,0,0,0
26,0,0,0
27,0,0,0
28,0,0,0
29,0,0,0
30,0,0,0
31,0,0,0
32,0,0,0
33,0,0,0
34,0,0,0
35,0,0,0
36,0,0,0
37,0,0,0
38,0,0,0
39,0,0,0
40,0,0,0
41,0,0,0
42,0,0,0
43,0,0,0
44,0,0,0
45,0,0,0
46,0,0,0
47,0,0,0
48,0,0,0
49,0,0,0
50,0,0,0
51,0,0,0
52,0,0,0
53,0,0,0
54,0,0,0
55,0,0,0
56,0,0,0
57,0,0,0
58,0,0,0
59,0,0,0
60,0,0,0
61,0,0,0
62,0,0,0
63,0,0,0
64,0,0,0
65,0,0,0
66,0,0,0
67,0,0,0
68,0,0,0
69,0,0,0
70,0,0,0
71,0,0,0
72,0,0,0
73,0,0,0
74,0,0,0
75,0,0,0
76,0,0,0
77,0,0,0
78,0,0,0
79,0,0,0
80,0,0,0
81,0,0,0
82,0,0,0
83,0,0,0
84,0,0,0
85,0,0,0
86,0,0,0
87,0,0,0
88,0,0,0
89,0,0,0
90,0,0,0
91,0,0,0
92,0,0,0
93,0,0,0
94,0,0,0
95,0,0,0
96,0,0,0
97,0,0,0
98,0,0,0
99,0,0,0
100,0,0,0
101,0,0,0
102,0,0,0
103,0,0,0
104,0,0,0
105,0,0,0
106,0,0,0
107,0,0,0
108,0,0,0
109,0,0,0
110,0,0,0
111,0,0,0
112,0,0,0
113,0,0,0
114,0,0,0
115,0,0,0
116,0,0,0
117,0,0,0
118,0,0,0
119,0,0,0
120,0,0,0
121,0,0,0
122,0,0,0
123,0,0,0
124,0,0,0
125,0,0,0
126,0,0,0
127,0,0,0
128,0,0,0
129,0,0,0
130,0,0,0
131,0,0,0
132,0,0,0
133,0,0,0
134,0,0,0
135,0,0,0
136,0,0,0
137,0,0,0
138,0,0,0
139,0,0,0
140,0,0,0
141,0,0,0
142,0,0,0
143,0,0,0
144,0,0,0
145,0,0,0
146,0,0,0
147,0,0,0
148,0,0,0
149,0,0,0
150,0,0,0
151,0,0,0
152,0,0,0
153,0,0,0
154,0,0,0
155,0,0,0
156,0,0,0
157,0,0,0
158,0,0,0
159,0,0,0
160,0,0,0
161,0,0,0
162,0,0,0
163,0,0,0
164,0,0,0
165,0,0,0
166,0,0,0
167,0,0,0
168,0,0,0
169,0,0,0
170,0,0,0
171,0,0,0
172,0,0,0
173,0,0,0
174,0,0,0
175,0,0,0
176,0,0,0
177,0,0,0
178,0,0,0
179,0,0,0
180,0,0,0
181,0,0,0
182,0,0,0
183,0,0,0
184,0,0,0
185,0,0,0
186,0,0,0
187,0,0,0
188,0,0,0
189,0,0,0
190,0,0,0
191,0,0,0
192,0,0,0
193,0,0,0
194,0,0,0
195,0,0,0
196,0,0,0
197,0,0,0
198,0,0,0
199,0,0,0
200,0,0,0
201,0,0,0
202,0,0,0
203,0,0,0
204,0,0,0
205,0,0,0
206,0,0,0
207,0,0,0
208,0,0,0
209,0,0,0
210,0,0,0
211,0,0,0
212,0,0,0
213,0,0,0
214,0,0,0
215,0,0,0
216,0,0,0
217,0,0,0
218,0,0,0
219,0,0,0
220,0,0,0
221,0,0,0
222,0,0,0
223,0,0,0
224,0,0,0
225,0,0,0
226,0,0,0
227,0,0,0
228,0,0,0
229,0,0,0
230,0,0,0
231,0,0,0
232,0,0,0
233,0,0,0
234,0,0,0
235,0,0,0
236,0,0,0
237,0,0,0
238,0,0,0
239,0,0,0
240,0,0,0
241,0,0,0
242,0,0,0
243,0,0,0
244,0,0,0
245,0,0,0
246,0,0,0
247,0,0,0
248,0,0,0
249,0,0,0
250,0,0,0
251,0,0,0
252,0,0,0
253,0,0,0
254,0,0,0
255,0,0,0
256,0,0,0
257,0,0,0
258,0,0,0
259,0,0,0
260,0,0,0
261,0,0,0
262,0,0,0
263,0,0,0
264,0,0,0
265,0,0,0
266,0,0,0
267,0,0,0
268,0,0,0
269,0,0,0
270,0,0,0
271,0,0,0
272,0,0,0
273,0,0,0
274,0,0,0
275,0,0,0
276,0,0,0
277,0,0,0
278,0,0,0
279,0,0,0
280,0,0,0
281,0,0,0
282,0,0,0
283,0,0,0
284,0,0,0
285,0,0,0
286,0,0,0
287,0,0,0
288,0,0,0
289,0,0,0
290,0,0,0
291,0,0,0
292,0,0,0
293,0,0,0
294,0,0,0
295,0,0,0
296,0,0,0
297,0,0,0
298,0,0,0
299,0,0,0
300,0,0,0
301,0,0,0
302,0,0,0
303,0,0,0
304,0,0,0
305,0,0,0
306,0,0,0
307,0,0,0
308,0,0,0
309,0,0,0
310,0,0,0
311,0,0,0
312,0,0,0
313,0,0,0
314,0,0,0
315,0,0,0
316,0,0,0
317,0,0,0
318,0,0,0
319,0,0,0
320,0,0,0
321,0,0,0
322,0,0,0
323,0,0,0
324,0,0,0
325,0,0,0
326,0,0,0
327,0,0,0
328,0,0,0
329,0,0,0
330,0,0,0
331,0,0,0
332,0,0,0
333,0,0,0
334,0,0,0
335,0,0,0
336,0,0,0
337,0,0,0
338,0,0,0
339,0,0,0
340,0,0,0
341,0,0,0
342,0,0,0
343,0,0,0
344,0,0,0
345,0,0,0
346,0,0,0
347,0,0,0
348,0,0,0
349,0,0,0
350,0,0,0
351,0,0,0
352,0,0,0
353,0,0,0
354,0,0,0
355,0,0,0
356,0,0,0
357,0,0,0
358,0,0,0
359,0,0,0
360,0,0,0
361,0,0,0
362,0,0,0
363,0,0,0
364,0,0,0
365,0,0,0
366,0,0,0
367,0,0,0
368,0,0,0
369,0,0,0
370,0,0,0
371,0,0,0
372,0,0,0
373,0,0,0
374,0,0,0
375,0,0,0
376,0,0,0
377,0,0,0
378,0,0,0
379,0,0,0
380,0,0,0
381,0,0,0
382,0,0,0
383,0,0,0
384,0,0,0
385,0,0,0
386,0,0,0
387,0,0,0
388,0,0,0
389,0,0,0
390,0,0,0
391,0,0,0
392,0,0,0
393,0,0,0
394,0,0,0
395,0,0,0
396,0,0,0
397,0,0,0
398,0,0,0
399,0,0,0
400,0,0,0
401,0,0,0
402,0,0,0
403,0,0,0
404,0,0,0
405,0,0,0
406,0,0,0
407,0,0,0
408,0,0,0
409,0,0,0
410,0,0,0
411,0,0,0
412,0,0,0
413,0,0,0
414,0,0,0
415,0,0,0
416,0,0,0
417,0,0,0
418,0,0,0
419,0,0,0
420,0,0,0
421,0,0,0
422,0,0,0
423,0,0,0
424,0,0,0
425,0,0,0
426,0,0,0
427,0,0,0
428,0,0,0
429,0,0,0
430,0,0,0
431,0,0,0
432,0,0,0
433,0,0,0
434,0,0,0
435,0,0,0
436,0,0,0
437,0,0,0
438,0,0,0
439,0,0,0
440,0,0,0
441,0,0,0
442,0,0,0
443,0,0,0
444,0,0,0
445,0,0,0
446,0,0,0
447,0,0,0
448,0,0,0
449,0,0,0
450,0,0,0
451,0,0,0
452,0,0,0
453,0,0,0
454,0,0,0
455,0,0,0
456,0,0,0
457,0,0,0
458,0,0,0
459,0,0,0
460,0,0,0
461,0,0,0
462,0,0,0
463,0,0,0
464,0,0,0
465,0,0,0
466,0,0,0
467,0,0,0
468,0,0,0
469,0,0,0
470,0,0,0
471,0,0,0
472,0,0,0
473,0,0,0
474,0,0,0
475,0,0,0
476,0,0,0
477,0,0,0
478,0,0,0
479,0,0,0
480,0,0,0
481,0,0,0
482,0,0,0
483,0,0,0
484,0,0,0
485,0,0,0
486,0,0,0
487,0,0,0
488,0,0,0
489,0,0,0
490,0,0,0
491,0,0,0
492,0,0,0
493,0,0,0
494,0,0,0
495,0,0,0
496,0,0,0
497,0,0,0
498,0,0,0
499,0,0,0
500,1,0,1
501,1,0,1
502,0,1,1
503,0,1,1
504,0,1,1
505,0,1,1
506,0,1,1
507,0,1,1
508,0,1,1
509,0,1,1
510,0,1,1
511,0,1,1
512,0,1,1
513,0,1,1
514,0,1,1
515,0,1,1
516,0,1,1
517,0,1,1
518,0,1,1
519,0,1,1
520,0,1,1
521,0,1,1
522,0,1,1
523,0,1,1
524,0,1,1
525,0,1,1
526,0,1,1
527,0,1,1
528,0,1,1
529,0,1,1
530,0,1,1
531,0,1,1
532,0,1,1
533,0,1,1
534,0,1,1
535,0,1,1
536,0,1,1
537,0,1,1
538,0,1,1
539,0,1,1
540,0,1,1
541,0,1,1
542,0,1,1
543,0,1,1
544,0,1,1
545,0,1,1
546,0,1,1
547,0,1,1
548,1,0,1
549,1,0,1
550,1,0,1
551,1,0,1
552,1,0,1
553,1,0,1
554,1,0,1
555,1,0,1
556,1,0,1
557,1,0,1
558,1,0,1
559,1,0,1
560,1,0,1
561,1,0,1
562,1,0,1
563,1,0,1
564,1,0,1
565,1,0,1
566,1,0,1
567,1,0,1
568,1,0,1
569,1,0,1
570,1,0,1
571,1,0,1
572,1,0,1
573,1,0,1
574,1,0,1
575,1,0,1
576,1,0,1
577,1,0,1
578,1,0,1
579,1,0,1
580,1,0,1
581,1,0,1
582,1,0,1
583,1,0,1
584,0,0,0
585,0,0,0
586,0,0,0
587,0,0,0
588,0,0,0
589,0,0,0
590,0,0,0
591,0,0,0
592,0,0,0
593,0,0,0
594,0,0,0
595,0,0,0
596,0,0,0
597,0,0,0
598,0,0,0
599,0,0,0
600,0,0,0
601,0,0,0
602,0,0,0
603,0,0,0
604,0,0,0
605,0,0,0
606,0,0,0
607,0,0,0
608,0,0,0
609,0,0,0
610,0,0,0
611,0,0,0
612,0,0,0
613,0,0,0
614,0,0,0
615,0,0,0
616,0,0,0
617,0,0,0
618,0,0,0
619,0,0,0
620,0,0,0
621,0,0,0
622,0,0,0
623,0,0,0
624,0,0,0
625,0,0,0
626,0,0,0
627,0,0,0
628,0,0,0
629,0,0,0
630,0,0,0
631,0,0,0
632,0,0,0
633,0,0,0
634,0,0,0
635,0,0,0
636,0,0,0
637,0,0,0
638,0,0,0
639,0,0,0
640,0,0,0
641,0,0,0
642,0,0,0
643,0,0,0
644,0,0,0
645,0,0,0
646,0,0,0
647,0,0,0
648,0,0,0
649,0,0,0
650,0,0,0
651,0,0,0
652,0,0,0
653,0,0,0
654,0,0,0
655,0,0,0
656,0,0,0
657,0,0,0
658,0,0,0
659,0,0,0
660,0,0,0
661,0,0,0
662,0,0,0
663,0,0,0
664,0,0,0
665,0,0,0
666,0,0,0
667,0,0,0
668,0,0,0
669,0,0,0
670,0,0,0
671,0,0,0
672,0,0,0
673,0,0,0
674,0,0,0
675,0,0,0
676,0,0,0
677,0,0,0
678,0,0,0
679,0,0,0
680,0,0,0
681,0,0,0
682,0,0,0
683,0,0,0
684,0,0,0
685,0,0,0
686,0,0,0
687,0,0,0
688,0,0,0
689,0,0,0
690,0,0,0
691,0,0,0
692,0,0,0
693,0,0,0
694,0,0,0
695,0,0,0
696,0,0,0
697,0,0,0
698,0,0,0
699,0,0,0
700,0,0,0
701,0,0,0
702,0,0,0
703,0,0,0
704,0,0,0
705,0,0,0
706,0,0,0
707,0,0,0
708,0,0,0
709,0,0,0
710,0,0,0
711,0,0,0
712,0,0,0
713,0,0,0
714,0,0,0
715,0,0,0
716,0,0,0
717,0,0,0
718,0,0,0
719,0,0,0
720,0,0,0
721,0,0,0
722,0,0,0
723,0,0,0
724,0,0,0
725,0,0,0
726,0,0,0
727,0,0,0
728,0,0,0
729,0,0,0
730,0,0,0
731,0,0,0
732,0,0,0
733,0,0,0
734,0,0,0
735,0,0,0
736,0,0,0
737,0,0,0
738,0,0,0
739,0,0,0
740,0,0,0
741,0,0,0
742,0,0,0
743,0,0,0
744,0,0,0
745,0,0,0
746,0,0,0
747,0,0,0
748,0,0,0
749,0,0,0
750,0,0,0
751,0,0,0
752,0,0,0
753,0,0,0
754,0,0,0
755,0,0,0
756,0,0,0
757,0,0,0
758,0,0,0
759,0,0,0
760,0,0,0
761,0,0,0
762,0,0,0
763,0,0,0
764,0,0,0
765,0,0,0
766,0,0,0
767,0,0,0
768,0,0,0
769,0,0,0
770,0,0,0
771,0,0,0
772,0,0,0
773,0,0,0
774,0,0,0
775,0,0,0
776,0,0,0
777,0,0,0
778,0,0,0
779,0,0,0
780,0,0,0
781,0,0,0
782,0,0,0
783,0,0,0
784,0,0,0
785,0,0,0
786,0,0,0
787,0,0,0
788,0,0,0
789,0,0,0
790,0,0,0
791,0,0,0
792,0,0,0
793,0,0,0
794,0,0,0
795,0,0,0
796,0,0,0
797,0,0,0
798,0,0,0
799,0,0,0
800,0,0,0
801,0,0,0
802,0,0,0
803,0,0,0
804,0,0,0
805,0,0,0
806,0,0,0
807,0,0,0
808,0,0,0
809,0,0,0
810,0,0,0
811,0,0,0
812,0,0,0
813,0,0,0
814,0,0,0
815,0,0,0
816,0,0,0
817,0,0,0
818,0,0,0
819,0,0,0
820,0,0,0
821,0,0,0
822,0,0,0
823,0,0,0
824,0,0,0
825,0,0,0
826,0,0,0
827,0,0,0
828,0,0,0
829,0,0,0
830,0,0,0
831,0,0,0
832,0,0,0
833,0,0,0
834,0,0,0
835,0,0,0
836,0,0,0
837,0,0,0
838,0,0,0
839,0,0,0
840,0,0,0
841,0,0,0
842,0,0,0
843,0,0,0
844,0,0,0
845,0,0,0
846,0,0,0
847,0,0,0
848,0,0,0
849,0,0,0
850,0,0,0
851,0,0,0
852,0,0,0
853,0,0,0
854,0,0,0
855,0,0,0
856,0,0,0
857,0,0,0
858,0,0,0
859,0,0,0
860,0,0,0
861,0,0,0
862,0,0,0
863,0,0,0
864,0,0,0
865,0,0,0
866,0,0,0
867,0,0,0
868,0,0,0
869,0,0,0
870,0,0,0
871,0,0,0
872,0,0,0
873,0,0,0
874,0,0,0
875,0,0,0
876,0,0,0
877,0,0,0
878,0,0,0
879,0,0,0
880,0,0,0
881,0,0,0
882,0,0,0
883,0,0,0
884,0,0,0
885,0,0,0
886,0,0,0
887,0,0,0
888,0,0,0
889,0,0,0
890,0,0,0
891,0,0,0
892,0,0,0
893,0,0,0
894,0,0,0
895,0,0,0
896,0,0,0
897,0,0,0
898,0,0,0
899,0,0,0
900,0,0,0
901,0,0,0
902,0,0,0
903,0,0,0
904,0,0,0
905,0,0,0
906,0,0,0
907,0,0,0
908,0,0,0
909,0,0,0
910,0,0,0
911,0,0,0
912,0,0,0
913,0,0,0
914,0,0,0
915,0,0,0
916,0,0,0
917,0,0,0
918,0,0,0
919,0,0,0
920,1,0,1
921,1,0,1
922,1,0,1
923,1,0,1
924,1,0,1
925,1,0,1
926,1,0,1
927,1,0,1
928,1,0,1
929,1,0,1
930,1,0,1
931,1,0,1
932,1,0,1
933,1,0,1
934,1,0,1
935,1,0,1
936,1,0,1
937,1,0,1
938,1,0,1
939,1,0,1
940,1,0,1
941,1,0,1
942,1,0,1
943,1,0,1
944,1,0,1
945,1,0,1
946,1,0,1
947,1,0,1
948,1,0,1
949,1,0,1
950,1,0,1
951,1,0,1
952,1,0,1
953,1,0,1
954,1,0,1
955,1,0,1
956,1,0,1
957,1,0,1
958,1,0,1
959,1,0,1
960,1,0,1
961,1,0,1
962,1,0,1
963,1,0,1
964,1,0,1
965,1,0,1
966,1,0,1
967,1,0,1
968,1,0,1
969,1,0,1
970,1,0,1
971,1,0,1
972,1,0,1
973,1,0,1
974,1,0,1
975,1,0,1
976,1,0,1
977,1,0,1
978,1,0,1
979,1,0,1
980,1,0,1
981,1,0,1
982,1,0,1
983,1,0,1
984,1,0,1
985,1,0,1
986,1,0,1
987,1,0,1
988,1,0,1
989,1,0,1
990,1,0,1
991,1,0,1
992,1,0,1
993,1,0,1
994,1,0,1
995,1,0,1
996,1,0,1
997,1,0,1
998,1,0,1
999,1,0,1
1000,1,0,1
1001,1,0,1
1002,1,0,1
1003,1,0,1
1004,1,0,1
1005,1,0,1
1006,1,0,1
1007,1,0,1
1008,1,0,1
1009,1,0,1
1010,1,0,1
1011,1,0,1
1012,1,0,1
1013,1,0,1
1014,1,0,1
1015,1,0,1
1016,1,0,1
1017,1,0,1
1018,1,0,1
1019,1,0,1
1020,1,0,1
1021,1,0,1
1022,1,0,1
1023,1,0,1
1024,1,0,1
1025,1,0,1
1026,1,0,1
1027,1,0,1
1028,1,0,1
1029,1,0,1
1030,1,0,1
1031,1,0,1
1032,1,0,1
1033,1,0,1
1034,1,0,1
1035,1,0,1
1036,1,0,1
1037,1,0,1
1038,1,0,1
1039,1,0,1
1040,1,0,1
1041,1,0,1
1042,1,0,1
1043,1,0,1
1044,1,0,1
1045,1,0,1
1046,1,0,1
1047,1,0,1
1048,1,0,1
1049,1,0,1
1050,1,0,1
1051,1,0,1
1052,1,0,1
1053,0,0,0
1054,0,0,0
1055,0,0,0
1056,0,0,0
1057,0,0,0
1058,0,0,0
1059,0,0,0
1060,0,0,0
1061,0,0,0
1062,0,0,0
1063,0,0,0
1064,0,0,0
1065,0,0,0
1066,0,0,0
1067,0,0,0
1068,0,0,0
1069,0,0,0
1070,0,0,0
1071,0,0,0
1072,0,0,0
1073,0,0,0
1074,0,0,0
1075,0,0,0
1076,0,0,0
1077,0,0,0
1078,0,0,0
1079,0,0,0
1080,0,0,0
1081,0,0,0
1082,0,0,0
1083,0,0,0
1084,0,0,0
1085,0,0,0
1086,0,0,0
1087,0,0,0
1088,0,0,0
1089,0,0,0
1090,0,0,0
1091,0,0,0
1092,0,0,0
1093,0,0,0
1094,0,0,0
1095,0,0,0
1096,0,0,0
1097,0,0,0
1098,0,0,0
1099,0,0,0
1100,0,0,0
1101,0,0,0
1102,0,0,0
1103,0,0,0
1104,0,0,0
1105,0,0,0
1106,0,0,0
1107,0,0,0
1108,0,0,0
1109,0,0,0
1110,0,0,0
1111,0,0,0
1112,0,0,0
1113,0,0,0
1114,0,0,0
1115,0,0,0
1116,0,0,0
1117,0,0,0
1118,0,0,0
1119,0,0,0
1120,0,0,0
1121,0,0,0
1122,0,0,0
1123,0,0,0
1124,0,0,0
1125,0,0,0
1126,0,0,0
1127,0,0,0
1128,0,0,0
1129,0,0,0
1130,0,0,0
1131,0,0,0
1132,0,0,0
1133,0,0,0
1134,0,0,0
1135,0,0,0
1136,0,0,0
1137,0,0,0
1138,0,0,0
1139,0,0,0
1140,0,0,0
1141,0,0,0
1142,0,0,0
1143,0,0,0
1144,0,0,0
1145,0,0,0
1146,0,0,0
1147,0,0,0
1148,0,0,0
1149,0,0,0
1150,0,0,0
1151,0,0,0
1152,0,0,0
1153,0,0,0
1154,0,0,0
1155,0,0,0
1156,0,0,0
1157,0,0,0
1158,0,0,0
1159,0,0,0
1160,0,0,0
1161,0,0,0
1162,0,0,0
1163,0,0,0
1164,0,0,0
1165,0,0,0
1166,0,0,0
1167,0,0,0
1168,0,0,0
1169,0,0,0
1170,0,0,0
1171,0,0,0
1172,0,0,0
1173,0,0,0
1174,0,0,0
1175,0,0,0
1176,0,0,0
1177,0,0,0
1178,0,0,0
1179,0,0,0
1180,0,0,0
1181,0,0,0
1182,0,0,0
1183,0,0,0
1184,0,0,0
1185,0,0,0
1186,0,0,0
1187,0,0,0
1188,0,0,0
1189,0,0,0
1190,0,0,0
1191,0,0,0
1192,0,0,0
1193,0,0,0
1194,0,0,0
1195,0,0,0
1196,0,0,0
1197,0,0,0
1198,0,0,0
1199,0,0,0
1200,0,0,0
1201,0,0,0
1202,0,0,0
1203,0,0,0
1204,0,0,0
1205,0,0,0
1206,0,0,0
1207,0,0,0
1208,0,0,0
1209,0,0,0
1210,0,0,0
1211,0,0,0
1212,0,0,0
1213,0,0,0
1214,0,0,0
1215,0,0,0
1216,0,0,0
1217,0,0,0
1218,0,0,0
1219,0,0,0
1220,0,0,0
1221,0,0,0
1222,0,0,0
1223,0,0,0
1224,0,0,0
1225,0,0,0
1226,0,0,0
1227,0,0,0
1228,0,0,0
1229,0,0,0
1230,0,0,0
1231,0,0,0
1232,0,0,0
1233,0,0,0
1234,0,0,0
1235,0,0,0
1236,0,0,0
1237,0,0,0
1238,0,0,0
1239,0,0,0
1240,0,0,0
1241,0,0,0
1242,0,0,0
1243,0,0,0
1244,0,0,0
1245,0,0,0
1246,0,0,0
1247,0,0,0
1248,0,0,0
1249,0,0,0
1250,0,0,0
1251,0,0,0
1252,0,0,0
1253,0,0,0
1254,0,0,0
1255,0,0,0
1256,0,0,0
1257,0,0,0
1258,0,0,0
1259,0,0,0
1260,0,0,0
1261,0,0,0
1262,0,0,0
1263,0,0,0
1264,0,0,0
1265,0,0,0
1266,0,0,0
1267,0,0,0
1268,0,0,0
1269,0,0,0
1270,0,0,0
1271,0,0,0
1272,0,0,0
1273,0,0,0
1274,0,0,0
1275,0,0,0
1276,0,0,0
1277,0,0,0
1278,0,0,0
1279,0,0,0
1280,0,0,0
1281,0,0,0
1282,0,0,0
1283,0,0,0
1284,0,0,0
1285,0,0,0
1286,0,0,0
1287,0,0,0
1288,0,0,0
1289,0,0,0
1290,0,0,0
1291,0,0,0
1292,0,0,0
1293,0,0,0
1294,0,0,0
1295,0,0,0
1296,0,0,0
1297,0,0,0
1298,0,0,0
1299,0,0,0
1300,0,0,0
1301,0,0,0
1302,0,0,0
1303,0,0,0
1304,0,0,0
1305,0,0,0
1306,0,0,0
1307,0,0,0
1308,0,0,0
1309,0,0,0
1310,0,0,0
1311,0,0,0
1312,0,0,0
1313,0,0,0
1314,0,0,0
1315,0,0,0
1316,0,0,0
1317,0,0,0
1318,0,0,0
1319,0,0,0
1320,0,0,0
1321,0,0,0
1322,0,0,0
1323,0,0,0
1324,0,0,0
1325,0,0,0
1326,0,0,0
1327,0,0,0
1328,0,0,0
1329,0,0,0
1330,0,0,0
1331,0,0,0
1332,0,0,0
1333,0,0,0
1334,0,0,0
1335,0,0,0
1336,0,0,0
1337,0,0,0
1338,0,0,0
1339,0,0,0
1340,0,0,0
1341,0,0,0
1342,0,0,0
1343,0,0,0
1344,0,0,0
1345,0,0,0
1346,0,0,0
1347,0,0,0
1348,0,0,0
1349,0,0,0
1350,0,0,0
1351,0,0,0
1352,0,0,0
1353,0,0,0
1354,0,0,0
1355,0,0,0
1356,0,0,0
1357,0,0,0
1358,0,0,0
1359,0,0,0
1360,0,0,0
1361,0,0,0
1362,0,0,0
1363,0,0,0
1364,0,0,0
1365,0,0,0
1366,0,0,0
1367,0,0,0
1368,0,0,0
1369,0,0,0
1370,0,0,0
1371,0,0,0
1372,0,0,0
1373,0,0,0
1374,0,0,0
1375,0,0,0
1376,0,0,0
1377,0,0,0
1378,0,0,0
1379,0,0,0
1380,0,0,0
1381,0,0,0
1382,0,0,0
1383,0,0,0
1384,0,0,0
1385,0,0,0
1386,0,0,0
1387,0,0,0
1388,0,0,0
1389,0,0,0
1390,0,0,0
1391,0,0,0
1392,0,0,0
1393,0,0,0
1394,0,0,0
1395,0,0,0
1396,0,0,0
1397,0,0,0
1398,0,0,0
1399,0,0,0
1400,0,0,0
1401,0,0,0
1402,0,0,0
1403,0,0,0
1404,1,0,1
1405,1,0,1
1406,1,0,1
1407,1,0,1
1408,1,0,1
1409,1,0,1
1410,1,0,1
1411,1,0,1
1412,1,0,1
1413,1,0,1
1414,1,0,1
1415,1,0,1
1416,1,0,1
1417,1,0,1
1418,1,0,1
1419,1,0,1
1420,1,0,1
1421,1,0,1
1422,1,0,1
1423,1,0,1
1424,1,0,1
1425,1,0,1
1426,1,0,1
1427,1,0,1
1428,1,0,1
1429,1,0,1
1430,1,0,1
1431,1,0,1
1432,1,0,1
1433,1,0,1
1434,1,0,1
1435,1,0,1
1436,1,0,1
1437,1,0,1
1438,1,0,1
1439,1,0,1
1440,1,0,1
1441,1,0,1
1442,1,0,1
1443,1,0,1
1444,1,0,1
1445,1,0,1
1446,1,0,1
1447,1,0,1
1448,1,0,1
1449,1,0,1
1450,1,0,1
1451,1,0,1
1452,1,0,1
1453,1,0,1
1454,1,0,1
1455,1,0,1
1456,1,0,1
1457,1,0,1
1458,1,0,1
1459,1,0,1
1460,1,0,1
1461,1,0,1
1462,1,0,1
1463,1,0,1
1464,1,0,1
1465,1,0,1
1466,1,0,1
1467,1,0,1
1468,0,0,0
1469,0,0,0
1470,0,0,0
1471,0,0,0
1472,0,0,0
1473,0,0,0
1474,0,0,0
1475,0,0,0
1476,0,0,0
1477,0,0,0
1478,0,0,0
1479,0,0,0
1480,0,0,0
1481,0,0,0
1482,0,0,0
1483,0,0,0
1484,0,0,0
1485,0,0,0
1486,0,0,0
1487,0,0,0
1488,0,0,0
1489,0,0,0
1490,0,0,0
1491,0,0,0
1492,0,0,0
1493,0,0,0
1494,0,0,0
1495,0,0,0
1496,0,0,0
1497,0,0,0
1498,0,0,0
1499,0,0,0
1500,0,0,0
1501,0,0,0
1502,0,0,0
1503,0,0,0
1504,0,0,0
1505,0,0,0
1506,0,0,0
1507,0,0,0
1508,0,0,0
1509,0,0,0
1510,0,0,0
1511,0,0,0
1512,0,0,0
1513,0,0,0
1514,0,0,0
1515,0,0,0
1516,0,0,0
1517,0,0,0
1518,0,0,0
1519,0,0,0
1520,0,0,0
1521,0,0,0
1522,0,0,0
1523,0,0,0
1524,0,0,0
1525,0,0,0
1526,0,0,0
1527,0,0,0
1528,0,0,0
1529,0,0,0
1530,0,0,0
1531,0,0,0
1532,0,0,0
1533,0,0,0
1534,0,0,0
1535,0,0,0
1536,0,0,0
1537,0,0,0
1538,0,0,0
1539,0,0,0
1540,0,0,0
1541,0,0,0
1542,0,0,0
1543,0,0,0
1544,0,0,0
1545,0,0,0
1546,0,0,0
1547,0,0,0
1548,0,0,0
1549,0,0,0
1550,0,0,0
1551,0,0,0
1552,0,0,0
1553,0,0,0
1554,0,0,0
1555,0,0,0
1556,0,0,0
1557,0,0,0
1558,0,0,0
1559,0,0,0
1560,0,0,0
1561,0,0,0
1562,0,0,0
1563,0,0,0
1564,0,0,0
1565,0,0,0
1566,0,0,0
1567,0,0,0
1568,0,0,0
1569,0,0,0
1570,0,0,0
1571,0,0,0
1572,0,0,0
1573,0,0,0
1574,0,0,0
1575,0,0,0
1576,0,0,0
1577,0,0,0
1578,0,0,0
1579,0,0,0
1580,0,0,0
1581,0,0,0
1582,0,0,0
1583,0,0,0
1584,0,0,0
1585,0,0,0
1586,0,0,0
1587,0,0,0
1588,0,0,0
1589,0,0,0
1590,0,0,0
1591,0,0,0
1592,0,0,0
1593,0,0,0
1594,0,0,0
1595,0,0,0
1596,0,0,0
1597,0,0,0
1598,0,0,0
1599,0,0,0
1600,0,0,0
1601,0,0,0
1602,0,0,0
1603,0,0,0
1604,0,0,0
1605,0,0,0
1606,0,0,0
1607,0,0,0
1608,0,0,0
1609,0,0,0
1610,0,0,0
1611,0,0,0
1612,0,0,0
1613,0,0,0
1614,0,0,0
1615,0,0,0
1616,0,0,0
1617,0,0,0
1618,0,0,0
1619,0,0,0
1620,0,0,0
1621,0,0,0
1622,0,0,0
1623,0,0,0
1624,0,0,0
1625,0,0,0
1626,0,0,0
1627,0,0,0
1628,0,0,0
1629,0,0,0
1630,0,0,0
1631,0,0,0
1632,0,0,0
1633,0,0,0
1634,0,0,0
1635,0,0,0
1636,0,0,0
1637,0,0,0
1638,0,0,0
1639,0,0,0
1640,0,0,0
1641,0,0,0
1642,0,0,0
1643,0,0,0
1644,0,0,0
1645,0,0,0
1646,0,0,0
1647,0,0,0
1648,0,0,0
1649,0,0,0
1650,0,0,0
1651,0,0,0
1652,0,0,0
1653,0,0,0
1654,0,0,0
1655,0,0,0
1656,0,0,0
1657,0,0,0
1658,0,0,0
1659,0,0,0
1660,0,0,0
1661,0,0,0
1662,0,0,0
1663,0,0,0
1664,0,0,0
1665,0,0,0
1666,0,0,0
1667,0,0,0
1668,0,0,0
1669,0,0,0
1670,0,0,0
1671,0,0,0
1672,0,0,0
1673,0,0,0
1674,0,0,0
1675,0,0,0
1676,0,0,0
1677,0,0,0
1678,0,0,0
1679,0,0,0
1680,0,0,0
1681,0,0,0
1682,0,0,0
1683,0,0,0
1684,0,0,0
1685,0,0,0
1686,0,0,0
1687,0,0,0
1688,0,0,0
1689,0,0,0
1690,0,0,0
1691,0,0,0
1692,0,0,0
1693,0,0,0
1694,0,0,0
1695,0,0,0
1696,0,0,0
1697,0,0,0
1698,0,0,0
1699,0,0,0
1700,0,0,0
1701,0,0,0
1702,0,0,0
1703,0,0,0
1704,0,0,0
1705,0,0,0
1706,0,0,0
1707,0,0,0
1708,0,0,0
1709,0,0,0
1710,0,0,0
1711,0,0,0
1712,0,0,0
1713,0,0,0
1714,0,0,0
1715,0,0,0
1716,0,0,0
1717,0,0,0
1718,0,0,0
1719,0,0,0
1720,0,0,0
1721,0,0,0
1722,0,0,0
1723,0,0,0
1724,0,0,0
1725,0,0,0
1726,0,0,0
1727,0,0,0
1728,0,0,0
1729,0,0,0
1730,0,0,0
1731,0,0,0
1732,0,0,0
1733,0,0,0
1734,0,0,0
1735,0,0,0
1736,0,0,0
1737,0,0,0
1738,0,0,0
1739,0,0,0
1740,0,0,0
1741,0,0,0
1742,0,0,0
1743,0,0,0
1744,0,0,0
1745,0,0,0
1746,0,0,0
1747,0,0,0
1748,0,0,0
1749,0,0,0
1750,0,0,0
1751,0,0,0
1752,0,0,0
1753,0,0,0
1754,0,0,0
1755,0,0,0
1756,0,0,0
1757,0,0,0
1758,0,0,0
1759,0,0,0
1760,0,0,0
1761,0,0,0
1762,0,0,0
1763,0,0,0
1764,0,0,0
1765,0,0,0
1766,0,0,0
1767,0,0,0
1768,0,0,0
1769,0,0,0
1770,0,0,0
1771,0,0,0
1772,0,0,0
1773,0,0,0
1774,0,0,0
1775,0,0,0
1776,0,0,0
1777,0,0,0
1778,0,0,0
1779,0,0,0
1780,0,0,0
1781,0,0,0
1782,0,0,0
1783,0,0,0
1784,0,0,0
1785,0,0,0
1786,0,0,0
1787,0,0,0
1788,0,0,0
1789,0,0,0
1790,0,0,0
1791,0,0,0
1792,0,0,0
1793,0,0,0
1794,0,0,0
1795,0,0,0
1796,0,0,0
1797,0,0,0
1798,0,0,0
1799,0,0,0
1800,0,0,0
1801,0,0,0
1802,0,0,0
1803,0,0,0
1804,0,0,0
1805,0,0,0
1806,0,0,0
1807,0,0,0
1808,0,0,0
1809,0,0,0
1810,0,0,0
1811,0,0,0
1812,0,0,0
1813,0,0,0
1814,0,0,0
1815,0,0,0
1816,0,0,0
1817,0,0,0
1818,0,0,0
1819,0,0,0
1820,0,0,0
1821,0,0,0
1822,0,0,0
1823,0,0,0
1824,0,0,0
1825,0,0,0
1826,0,0,0
1827,0,0,0
1828,0,0,0
1829,0,0,0
1830,0,0,0
1831,0,0,0
1832,0,0,0
1833,0,0,0
1834,0,0,0
1835,0,0,0
1836,0,0,0
1837,0,0,0
1838,0,0,0
1839,0,0,0
1840,0,0,0
1841,0,0,0
1842,0,0,0
1843,0,0,0
1844,0,0,0
1845,0,0,0
1846,0,0,0
1847,0,0,0
1848,0,0,0
1849,0,0,0
1850,0,0,0
1851,0,0,0
1852,0,0,0
1853,0,0,0
1854,0,0,0
1855,0,0,0
1856,0,0,0
1857,0,0,0
1858,0,0,0
1859,0,0,0
1860,0,0,0
1861,0,0,0
1862,0,0,0
1863,0,0,0
1864,0,0,0
1865,0,0,0
1866,0,0,0
1867,0,0,0
1868,0,0,0
1869,0,0,0
1870,0,0,0
1871,0,0,0
1872,0,0,0
1873,0,0,0
1874,0,0,0
1875,0,0,0
1876,0,0,0
1877,0,0,0
1878,0,0,0
1879,0,0,0
1880,0,0,0
1881,0,0,0
1882,0,0,0
1883,0,0,0
1884,0,0,0
1885,0,0,0
1886,0,0,0
1887,0,0,0
1888,0,0,0
1889,0,0,0
1890,0,0,0
1891,0,0,0
1892,0,0,0
1893,0,0,0
1894,0,0,0
1895,0,0,0
1896,0,0,0
1897,0,0,0
1898,0,0,0
1899,0,0,0
1900,0,0,0
1901,0,0,0
1902,0,0,0
1903,0,0,0
1904,0,0,0
1905,0,0,0
1906,0,0,0
1907,0,0,0
1908,0,0,0
1909,0,0,0
1910,0,0,0
1911,0,0,0
1912,0,0,0
1913,0,0,0
1914,0,0,0
1915,0,0,0
1916,0,0,0
1917,0,0,0
1918,0,0,0
1919,0,0,0
1920,0,0,0
1921,0,0,0
1922,0,0,0
1923,0,0,0
1924,0,0,0
1925,0,0,0
1926,0,0,0
1927,0,0,0
1928,0,0,0
1929,0,0,0
1930,0,0,0
1931,0,0,0
1932,0,0,0
1933,0,0,0
1934,0,0,0
1935,0,0,0
1936,0,0,0
1937,0,0,0
1938,0,0,0
1939,0,0,0
1940,0,0,0
1941,0,0,0
1942,0,0,0
1943,0,0,0
1944,0,0,0
1945,0,0,0
1946,0,0,0
1947,0,0,0
1948,0,0,0
1949,0,0,0
1950,0,0,0
1951,0,0,0
1952,0,0,0
1953,0,0,0
1954,0,0,0
1955,0,0,0
1956,0,0,0
1957,0,0,0
1958,0,0,0
1959,0,0,0
1960,0,0,0
1961,0,0,0
1962,0,0,0
1963,0,0,0
1964,0,0,0
1965,0,0,0
1966,0,0,0
1967,0,0,0
1968,0,0,0
1969,0,0,0
1970,0,0,0
1971,0,0,0
1972,0,0,0
1973,0,0,0
1974,0,0,0
1975,0,0,0
1976,0,0,0
1977,0,0,0
1978,0,0,0
1979,0,0,0
1980,0,0,0
1981,0,0,0
1982,0,0,0
1983,0,0,0
1984,0,0,0
1985,0,0,0
1986,0,0,0
1987,0,0,0
1988,0,0,0
1989,0,0,0
1990,0,0,0
1991,0,0,0
1992,0,0,0
1993,0,0,0
1994,0,0,0
1995,0,0,0
1996,0,0,0
1997,0,0,0
1998,0,0,0
1999,0,0,0
2000,0,0,0
2001,0,0,0
2002,0,0,0
2003,0,0,0
2004,0,0,0
2005,0,0,0
2006,0,0,0
2007,0,0,0
2008,0,0,0
2009,0,0,0
2010,0,0,0
2011,0,0,0
2012,0,0,0
2013,0,0,0
2014,0,0,0
2015,0,0,0
2016,0,0,0
2017,0,0,0
2018,0,0,0
2019,0,0,0
2020,0,0,0
2021,0,0,0
2022,0,0,0
2023,0,0,0
2024,0,0,0
2025,0,0,0
2026,0,0,0
2027,0,0,0
2028,0,0,0
2029,0,0,0
2030,0,0,0
2031,0,0,0
2032,0,0,0
2033,0,0,0
2034,0,0,0
2035,0,0,0
2036,0,0,0
2037,0,0,0
2038,0,0,0
2039,0,0,0
2040,0,0,0
2041,0,0,0
2042,0,0,0
2043,0,0,0
2044,0,0,0
2045,0,0,0
2046,0,0,0
2047,0,0,0
2048,0,0,0
2049,0,0,0
2050,0,0,0
2051,0,0,0
2052,0,0,0
2053,0,0,0
2054,0,0,0
2055,0,0,0
2056,0,0,0
2057,0,0,0
2058,0,0,0
2059,0,0,0
2060,0,0,0
2061,0,0,0
2062,0,0,0
2063,0,0,0
2064,0,0,0
2065,0,0,0
2066,0,0,0
2067,0,0,0
2068,0,0,0
2069,0,0,0
2070,0,0,0
2071,0,0,0
2072,0,0,0
2073,0,0,0
2074,0,0,0
2075,0,0,0
2076,0,0,0
2077,0,0,0
2078,0,0,0
2079,0,0,0
2080,0,0,0
2081,0,0,0
2082,0,0,0
2083,0,0,0
2084,0,0,0
2085,0,0,0
2086,0,0,0
2087,0,0,0
2088,0,0,0
2089,0,0,0
2090,0,0,0
2091,0,0,0
2092,0,0,0
2093,0,0,0
2094,0,0,0
2095,0,0,0
2096,0,0,0
2097,0,0,0
2098,0,0,0
2099,0,0,0
2100,0,0,0
2101,0,0,0
2102,0,0,0
2103,0,0,0
2104,0,0,0
2105,0,0,0
2106,0,0,0
2107,0,0,0
2108,0,0,0
2109,0,0,0
2110,0,0,0
2111,0,0,0
2112,0,0,0
2113,0,0,0
2114,0,0,0
2115,0,0,0
2116,0,0,0
2117,0,0,0
2118,0,0,0
2119,0,0,0
2120,0,0,0
2121,0,0,0
2122,0,0,0
2123,0,0,0
2124,0,0,0
2125,0,0,0
2126,0,0,0
2127,0,0,0
2128,0,0,0
2129,0,0,0
2130,0,0,0
2131,0,0,0
2132,0,0,0
2133,0,0,0
2134,0,0,0
2135,0,0,0
2136,0,0,0
2137,0,0,0
2138,0,0,0
2139,0,0,0
2140,0,0,0
2141,0,0,0
2142,0,0,0
2143,0,0,0
2144,0,0,0
2145,0,0,0
2146,0,0,0
2147,0,0,0
2148,0,0,0
2149,0,0,0
2150,0,0,0
2151,0,0,0
2152,0,0,0
2153,0,0,0
2154,0,0,0
2155,0,0,0
2156,0,0,0
2157,0,0,0
2158,0,0,0
2159,0,0,0
2160,0,0,0
2161,0,0,0
2162,0,0,0
2163,0,0,0
2164,0,0,0
2165,0,0,0
2166,0,0,0
2167,0,0,0
2168,0,0,0
2169,0,0,0
2170,0,0,0
2171,0,0,0
2172,0,0,0
2173,0,0,0
2174,0,0,0
2175,0,0,0
2176,0,0,0
2177,0,0,0
2178,0,0,0
2179,0,0,0
2180,0,0,0
2181,0,0,0
2182,0,0,0
2183,0,0,0
2184,0,0,0
2185,0,0,0
2186,0,0,0
2187,0,0,0
2188,0,0,0
2189,0,0,0
2190,0,0,0
2191,0,0,0
2192,0,0,0
2193,0,0,0
2194,0,0,0
2195,0,0,0
2196,0,0,0
2197,0,0,0
2198,0,0,0
2199,0,0,0
2200,0,0,0
2201,0,0,0
2202,0,0,0
2203,0,0,0
2204,0,0,0
2205,0,0,0
2206,0,0,0
2207,0,0,0
2208,0,0,0
2209,0,0,0
2210,0,0,0
2211,0,0,0
2212,0,0,0
2213,0,0,0
2214,0,0,0
2215,0,0,0
2216,0,0,0
2217,0,0,0
2218,0,0,0
2219,0,0,0
2220,0,0,0
2221,0,0,0
2222,0,0,0
2223,0,0,0
2224,0,0,0
2225,0,0,0
2226,0,0,0
2227,0,0,0
2228,0,0,0
2229,0,0,0
2230,0,0,0
2231,0,0,0
2232,0,0,0
2233,0,0,0
2234,0,0,0
2235,0,0,0
2236,0,0,0
2237,0,0,0
2238,0,0,0
2239,0,0,0
2240,0,0,0
2241,0,0,0
2242,0,0,0
2243,0,0,0
2244,0,0,0
2245,0,0,0
2246,0,0,0
2247,0,0,0
2248,0,0,0
2249,0,0,0
2250,0,0,0
2251,0,0,0
2252,0,0,0
2253,0,0,0
2254,0,0,0
2255,0,0,0
2256,0,0,0
2257,0,0,0
2258,0,0,0
2259,0,0,0
2260,0,0,0
2261,0,0,0
2262,0,0,0
2263,0,0,0
2264,0,0,0
2265,0,0,0
2266,0,0,0
2267,0,0,0
2268,0,0,0
2269,0,0,0
2270,0,0,0
2271,0,0,0
2272,0,0,0
2273,0,0,0
2274,0,0,0
2275,0,0,0
2276,0,0,0
2277,0,0,0
2278,0,0,0
2279,0,0,0
2280,0,0,0
2281,0,0,0
2282,0,0,0
2283,0,0,0
2284,0,0,0
2285,0,0,0
2286,0,0,0
2287,0,0,0
2288,0,0,0
2289,0,0,0
2290,0,0,0
2291,0,0,0
2292,0,0,0
2293,0,0,0
2294,0,0,0
2295,0,0,0
2296,0,0,0
2297,0,0,0
2298,0,0,0
2299,0,0,0
2300,0,0,0
2301,0,0,0
2302,0,0,0
2303,0,0,0
2304,0,0,0
2305,0,0,0
2306,0,0,0
2307,1,0,1
2308,1,0,1
2309,1,0,1
2310,1,0,1
2311,1,0,1
2312,1,0,1
2313,1,0,1
2314,1,0,1
2315,1,0,1
2316,1,0,1
2317,1,0,1
2318,1,0,1
2319,1,0,1
2320,1,0,1
2321,1,0,1
2322,1,0,1
2323,1,0,1
2324,1,0,1
2325,1,0,1
2326,1,0,1
2327,1,0,1
2328,1,0,1
2329,1,0,1
2330,1,0,1
2331,1,0,1
2332,1,0,1
2333,1,0,1
2334,1,0,1
2335,2,0,2
2336,2,0,2
2337,2,0,2
2338,2,0,2
2339,2,0,2
2340,2,0,2
2341,2,0,2
2342,1,1,2
2343,1,1,2
2344,1,1,2
2345,1,1,2
2346,1,1,2
2347,1,1,2
2348,1,1,2
2349,1,1,2
2350,1,1,2
2351,1,1,2
2352,2,0,2
2353,2,0,2
2354,2,0,2
2355,2,0,2
2356,2,0,2
2357,2,0,2
2358,2,0,2
2359,2,0,2
2360,2,0,2
2361,2,0,2
2362,2,0,2
2363,2,0,2
2364,2,0,2
2365,2,0,2
2366,2,0,2
2367,2,0,2
2368,2,0,2
2369,2,0,2
2370,2,0,2
2371,2,0,2
2372,2,0,2
2373,2,0,2
2374,2,0,2
2375,2,0,2
2376,2,0,2
2377,2,0,2
2378,2,0,2
2379,2,0,2
2380,2,0,2
2381,2,0,2
2382,2,0,2
2383,2,0,2
2384,2,0,2
2385,2,0,2
2386,2,0,2
2387,2,0,2
2388,2,0,2
2389,2,0,2
2390,2,0,2
2391,2,0,2
2392,2,0,2
2393,2,0,2
2394,2,0,2
2395,2,0,2
2396,2,0,2
2397,2,0,2
2398,2,0,2
2399,2,0,2
2400,2,0,2
2401,2,0,2
2402,2,0,2
2403,2,0,2
2404,2,0,2
2405,2,0,2
2406,2,0,2
2407,2,0,2
2408,2,0,2
2409,1,0,1
2410,1,0,1
2411,1,0,1
2412,1,0,1
2413,1,0,1
2414,1,0,1
2415,1,0,1
2416,1,0,1
2417,1,0,1
2418,1,0,1
2419,1,0,1
2420,1,0,1
2421,1,0,1
2422,1,0,1
2423,1,0,1
2424,1,0,1
2425,1,0,1
2426,1,0,1
2427,1,0,1
2428,1,0,1
2429,1,0,1
2430,1,0,1
2431,1,0,1
2432,1,0,1
2433,1,0,1
2434,1,0,1
2435,1,0,1
2436,1,0,1
2437,0,0,0
2438,0,0,0
2439,0,0,0
2440,0,0,0
2441,0,0,0
2442,0,0,0
2443,0,0,0
2444,0,0,0
2445,0,0,0
2446,0,0,0
2447,0,0,0
2448,0,0,0
2449,0,0,0
2450,0,0,0
2451,0,0,0
2452,0,0,0
2453,0,0,0
2454,0,0,0
2455,0,0,0
2456,0,0,0
2457,0,0,0
2458,0,0,0
2459,0,0,0
2460,0,0,0
2461,0,0,0
2462,0,0,0
2463,0,0,0
2464,0,0,0
2465,0,0,0
2466,0,0,0
2467,0,0,0
2468,0,0,0
2469,0,0,0
2470,0,0,0
2471,0,0,0
2472,0,0,0
2473,0,0,0
2474,0,0,0
2475,0,0,0
2476,0,0,0
2477,0,0,0
2478,0,0,0
2479,0,0,0
2480,0,0,0
2481,0,0,0
2482,0,0,0
2483,0,0,0
2484,0,0,0
2485,0,0,0
2486,0,0,0
2487,0,0,0
2488,0,0,0
2489,0,0,0
2490,0,0,0
2491,0,0,0
2492,0,0,0
2493,0,0,0
2494,0,0,0
2495,0,0,0
2496,0,0,0
2497,0,0,0
2498,0,0,0
2499,0,0,0
2500,0,0,0
2501,0,0,0
2502,0,0,0
2503,0,0,0
2504,0,0,0
2505,0,0,0
2506,0,0,0
2507,0,0,0
2508,0,0,0
2509,0,0,0
2510,0,0,0
2511,0,0,0
2512,0,0,0
2513,0,0,0
2514,0,0,0
2515,0,0,0
2516,0,0,0
2517,0,0,0
2518,0,0,0
2519,0,0,0
2520,0,0,0
2521,0,0,0
2522,0,0,0
2523,0,0,0
2524,0,0,0
2525,0,0,0
2526,0,0,0
2527,0,0,0
2528,0,0,0
2529,0,0,0
2530,0,0,0
2531,0,0,0
2532,0,0,0
2533,0,0,0
2534,0,0,0
2535,0,0,0
2536,0,0,0
2537,0,0,0
2538,0,0,0
2539,0,0,0
2540,0,0,0
2541,0,0,0
2542,0,0,0
2543,0,0,0
2544,0,0,0
2545,0,0,0
2546,0,0,0
2547,0,0,0
2548,0,0,0
2549,0,0,0
2550,0,0,0
2551,0,0,0
2552,0,0,0
2553,0,0,0
2554,0,0,0
2555,0,0,0
2556,0,0,0
2557,0,0,0
2558,0,0,0
2559,0,0,0
2560,0,0,0
2561,0,0,0
2562,0,0,0
2563,0,0,0
2564,0,0,0
2565,0,0,0
2566,0,0,0
2567,0,0,0
2568,0,0,0
2569,0,0,0
2570,0,0,0
2571,0,0,0
2572,0,0,0
2573,0,0,0
2574,0,0,0
2575,0,0,0
2576,0,0,0
2577,0,0,0
2578,0,0,0
2579,0,0,0
2580,0,0,0
2581,0,0,0
2582,0,0,0
2583,0,0,0
2584,0,0,0
2585,0,0,0
2586,0,0,0
2587,0,0,0
2588,0,0,0
2589,0,0,0
2590,0,0,0
2591,0,0,0
2592,0,0,0
2593,1,0,1
2594,1,0,1
2595,1,0,1
2596,1,0,1
2597,1,0,1
2598,1,0,1
2599,1,0,1
2600,1,0,1
2601,1,0,1
2602,1,0,1
2603,1,0,1
2604,1,0,1
2605,1,0,1
2606,1,0,1
2607,1,0,1
2608,1,0,1
2609,0,1,1
2610,0,1,1
2611,0,1,1
2612,0,1,1
2613,0,1,1
2614,0,1,1
2615,0,1,1
2616,0,1,1
2617,0,1,1
2618,0,1,1
2619,0,1,1
2620,0,1,1
2621,0,1,1
2622,0,1,1
2623,0,1,1
2624,0,1,1
2625,0,1,1
2626,0,1,1
2627,0,1,1
2628,0,1,1
2629,0,1,1
2630,0,1,1
2631,0,1,1
2632,0,1,1
2633,0,1,1
2634,0,1,1
2635,0,1,1
2636,1,1,2
2637,1,1,2
2638,1,1,2
2639,1,1,2
2640,1,1,2
2641,1,1,2
2642,1,1,2
2643,1,1,2
2644,1,1,2
2645,1,1,2
2646,1,1,2
2647,1,1,2
2648,1,1,2
2649,1,1,2
2650,1,1,2
2651,1,1,2
2652,1,1,2
2653,1,1,2
2654,1,1,2
2655,1,1,2
2656,1,1,2
2657,1,1,2
2658,1,0,1
2659,1,0,1
2660,1,0,1
2661,1,0,1
2662,1,0,1
2663,1,0,1
2664,1,0,1
2665,1,0,1
2666,1,0,1
2667,1,0,1
2668,1,0,1
2669,1,0,1
2670,1,0,1
2671,1,0,1
2672,0,0,0
2673,0,0,0
2674,0,0,0
2675,0,0,0
2676,0,0,0
2677,0,0,0
2678,0,0,0
2679,0,0,0
2680,0,0,0
2681,0,0,0
2682,0,0,0
2683,0,0,0
2684,0,0,0
2685,0,0,0
2686,0,0,0
2687,0,0,0
2688,0,0,0
2689,0,0,0
2690,0,0,0
2691,0,0,0
2692,0,0,0
2693,0,0,0
2694,0,0,0
2695,0,0,0
2696,0,0,0
2697,0,0,0
2698,0,0,0
2699,0,0,0
2700,0,0,0
2701,0,0,0
2702,0,0,0
2703,0,0,0
2704,0,0,0
2705,0,0,0
2706,0,0,0
2707,0,0,0
2708,0,0,0
2709,0,0,0
2710,0,0,0
2711,0,0,0
2712,0,0,0
2713,0,0,0
2714,0,0,0
2715,0,0,0
2716,0,0,0
2717,0,0,0
2718,0,0,0
2719,0,0,0
2720,0,0,0
2721,0,0,0
2722,0,0,0
2723,0,0,0
2724,0,0,0
2725,0,0,0
2726,0,0,0
2727,0,0,0
2728,0,0,0
2729,0,0,0
2730,0,0,0
2731,0,0,0
2732,0,0,0
2733,0,0,0
2734,0,0,0
2735,0,0,0
2736,0,0,0
2737,0,0,0
2738,0,0,0
2739,0,0,0
2740,0,0,0
2741,0,0,0
2742,0,0,0
2743,0,0,0
2744,0,0,0
2745,1,0,1
2746,1,0,1
2747,1,0,1
2748,1,0,1
2749,1,0,1
2750,1,0,1
2751,1,0,1
2752,1,0,1
2753,1,0,1
2754,1,0,1
2755,1,0,1
2756,1,0,1
2757,1,0,1
2758,1,0,1
2759,1,0,1
2760,1,0,1
2761,1,0,1
2762,1,0,1
2763,1,0,1
2764,1,0,1
2765,1,0,1
2766,1,0,1
2767,1,0,1
2768,1,0,1
2769,1,0,1
2770,1,0,1
2771,1,0,1
2772,1,0,1
2773,1,0,1
2774,1,0,1
2775,1,0,1
2776,1,0,1
2777,1,0,1
2778,1,0,1
2779,1,0,1
2780,1,0,1
2781,1,0,1
2782,1,0,1
2783,1,0,1
2784,1,0,1
2785,0,0,0
2786,0,0,0
2787,0,0,0
2788,0,0,0
2789,0,0,0
2790,0,0,0
2791,0,0,0
2792,0,0,0
2793,0,0,0
2794,0,0,0
2795,0,0,0
2796,0,0,0
2797,0,0,0
2798,0,0,0
2799,0,0,0
2800,0,0,0
2801,0,0,0
2802,0,0,0
2803,0,0,0
2804,0,0,0
2805,0,0,0
2806,0,0,0
2807,0,0,0
2808,0,0,0
2809,0,0,0
2810,0,0,0
2811,0,0,0
2812,0,0,0
2813,0,0,0
2814,0,0,0
2815,0,0,0
2816,0,0,0
2817,0,0,0
2818,0,0,0
2819,0,0,0
2820,0,0,0
2821,0,0,0
2822,0,0,0
2823,0,0,0
2824,0,0,0
2825,0,0,0
2826,0,0,0
2827,0,0,0
2828,0,0,0
2829,0,0,0
2830,0,0,0
2831,0,0,0
2832,0,0,0
2833,0,0,0
2834,0,0,0
2835,0,0,0
2836,0,0,0
2837,0,0,0
2838,0,0,0
2839,0,0,0
2840,0,0,0
2841,0,0,0
2842,0,0,0
2843,0,0,0
2844,0,0,0
2845,0,0,0
2846,0,0,0
2847,0,0,0
2848,0,0,0
2849,0,0,0
2850,0,0,0
2851,0,0,0
2852,0,0,0
2853,0,0,0
2854,0,0,0
2855,0,0,0
2856,0,0,0
2857,0,0,0
2858,0,0,0
2859,0,0,0
2860,0,0,0
2861,0,0,0
2862,0,0,0
2863,0,0,0
2864,0,0,0
2865,0,0,0
2866,0,0,0
2867,0,0,0
2868,0,0,0
2869,0,0,0
2870,0,0,0
2871,0,0,0
2872,0,0,0
2873,0,0,0
2874,0,0,0
2875,0,0,0
2876,0,0,0
2877,0,0,0
2878,0,0,0
2879,0,0,0
2880,0,0,0
2881,0,0,0
2882,0,0,0
2883,0,0,0
2884,0,0,0
2885,0,0,0
2886,0,0,0
2887,0,0,0
2888,0,0,0
2889,0,0,0
2890,0,0,0
2891,0,0,0
2892,0,0,0
2893,0,0,0
2894,0,0,0
2895,0,0,0
2896,0,0,0
2897,0,0,0
2898,0,0,0
2899,0,0,0
2900,0,0,0
2901,0,0,0
2902,0,0,0
2903,0,0,0
2904,0,0,0
2905,0,0,0
2906,0,0,0
2907,0,0,0
2908,0,0,0
2909,0,0,0
2910,0,0,0
2911,0,0,0
2912,0,0,0
2913,0,0,0
2914,0,0,0
2915,0,0,0
2916,0,0,0
2917,0,0,0
2918,0,0,0
2919,0,0,0
2920,0,0,0
2921,0,0,0
2922,0,0,0
2923,0,0,0
2924,0,0,0
2925,0,0,0
2926,0,0,0
2927,0,0,0
2928,0,0,0
2929,0,0,0
2930,0,0,0
2931,0,0,0
2932,0,0,0
2933,0,0,0
2934,0,0,0
2935,0,0,0
2936,0,0,0
2937,0,0,0
2938,0,0,0
2939,0,0,0
2940,0,0,0
2941,0,0,0
2942,0,0,0
2943,0,0,0
2944,0,0,0
2945,0,0,0
2946,0,0,0
2947,0,0,0
2948,0,0,0
2949,0,0,0
2950,0,0,0
2951,0,0,0
2952,0,0,0
2953,0,0,0
2954,0,0,0
2955,0,0,0
2956,0,0,0
2957,0,0,0
2958,0,0,0
2959,0,0,0
2960,0,0,0
2961,0,0,0
2962,0,0,0
2963,0,0,0
2964,0,0,0
2965,0,0,0
2966,0,0,0
2967,0,0,0
2968,0,0,0
2969,0,0,0
2970,0,0,0
2971,0,0,0
2972,0,0,0
2973,0,0,0
2974,0,0,0
2975,0,0,0
2976,0,0,0
2977,0,0,0
2978,0,0,0
2979,0,0,0
2980,0,0,0
2981,0,0,0
2982,0,0,0
2983,0,0,0
2984,0,0,0
2985,0,0,0
2986,0,0,0
2987,0,0,0
2988,0,0,0
2989,0,0,0
2990,0,0,0
2991,1,0,1
2992,1,0,1
2993,1,0,1
2994,1,0,1
2995,1,0,1
2996,1,0,1
2997,1,0,1
2998,2,0,2
2999,2,0,2
3000,2,0,2
3001,2,0,2
3002,2,0,2
3003,2,0,2
3004,2,0,2
3005,2,0,2
3006,2,0,2
3007,2,0,2
3008,2,0,2
3009,2,0,2
3010,2,0,2
3011,2,0,2
3012,2,0,2
3013,2,0,2
3014,2,0,2
3015,2,0,2
3016,2,0,2
3017,2,0,2
3018,2,0,2
3019,2,0,2
3020,2,0,2
3021,2,0,2
3022,2,0,2
3023,2,0,2
3024,2,0,2
3025,2,0,2
3026,2,0,2
3027,2,0,2
3028,2,0,2
3029,2,0,2
3030,2,0,2
3031,2,0,2
3032,2,0,2
3033,2,0,2
3034,2,0,2
3035,2,0,2
3036,2,0,2
3037,2,0,2
3038,2,0,2
3039,2,0,2
3040,2,0,2
3041,2,0,2
3042,2,0,2
3043,2,0,2
3044,2,0,2
3045,2,0,2
3046,2,0,2
3047,2,0,2
3048,2,0,2
3049,2,0,2
3050,2,0,2
3051,2,0,2
3052,2,0,2
3053,2,0,2
3054,2,0,2
3055,2,0,2
3056,2,0,2
3057,2,0,2
3058,2,0,2
3059,2,0,2
3060,2,0,2
3061,2,0,2
3062,2,0,2
3063,2,0,2
3064,3,0,3
3065,3,0,3
3066,3,0,3
3067,3,0,3
3068,3,0,3
3069,3,0,3
3070,3,0,3
3071,3,0,3
3072,3,0,3
3073,3,0,3
3074,3,0,3
3075,3,0,3
3076,3,0,3
3077,3,0,3
3078,3,0,3
3079,2,0,2
3080,2,0,2
3081,2,0,2
3082,2,0,2
3083,2,0,2
3084,2,0,2
3085,2,0,2
3086,2,0,2
3087,2,0,2
3088,2,0,2
3089,2,0,2
3090,2,0,2
3091,2,0,2
3092,2,0,2
3093,2,0,2
3094,2,0,2
3095,2,0,2
3096,2,0,2
3097,2,0,2
3098,2,0,2
3099,2,0,2
3100,2,0,2
3101,2,0,2
3102,1,0,1
3103,1,0,1
3104,1,0,1
3105,1,0,1
3106,1,0,1
3107,1,0,1
3108,1,0,1
3109,1,0,1
3110,1,0,1
3111,1,0,1
3112,1,0,1
3113,1,0,1
3114,1,0,1
3115,1,0,1
3116,1,0,1
3117,1,0,1
3118,1,0,1
3119,1,0,1
3120,1,0,1
3121,1,0,1
3122,1,0,1
3123,1,0,1
3124,0,0,0
3125,0,0,0
3126,0,0,0
3127,0,0,0
3128,0,0,0
3129,0,0,0
3130,0,0,0
3131,0,0,0
3132,0,0,0
3133,0,0,0
3134,0,0,0
3135,0,0,0
3136,0,0,0
3137,0,0,0
3138,0,0,0
3139,0,0,0
3140,0,0,0
3141,0,0,0
3142,0,0,0
3143,0,0,0
3144,1,0,1
3145,1,0,1
3146,1,0,1
3147,1,0,1
3148,1,0,1
3149,1,0,1
3150,1,0,1
3151,1,0,1
3152,1,0,1
3153,1,0,1
3154,1,0,1
3155,1,0,1
3156,1,0,1
3157,1,0,1
3158,1,0,1
3159,1,0,1
3160,1,0,1
3161,1,0,1
3162,1,0,1
3163,1,0,1
3164,1,0,1
3165,1,0,1
3166,1,0,1
3167,1,0,1
3168,1,0,1
3169,1,0,1
3170,1,0,1
3171,2,0,2
3172,2,0,2
3173,2,0,2
3174,2,0,2
3175,2,0,2
3176,2,0,2
3177,2,0,2
3178,2,0,2
3179,2,0,2
3180,1,0,1
3181,1,0,1
3182,1,0,1
3183,1,0,1
3184,1,0,1
3185,1,0,1
3186,1,0,1
3187,1,0,1
3188,1,0,1
3189,1,0,1
3190,1,0,1
3191,1,0,1
3192,1,0,1
3193,1,0,1
3194,1,0,1
3195,1,0,1
3196,1,0,1
3197,1,0,1
3198,1,0,1
3199,1,0,1
3200,1,0,1
3201,1,0,1
3202,1,0,1
3203,1,0,1
3204,1,0,1
3205,1,0,1
3206,1,0,1
3207,1,0,1
3208,1,0,1
3209,1,0,1
3210,1,0,1
3211,1,0,1
3212,1,0,1
3213,1,0,1
3214,1,0,1
3215,1,0,1
3216,1,0,1
3217,1,0,1
3218,1,0,1
3219,1,0,1
3220,1,0,1
3221,1,0,1
3222,1,0,1
3223,0,0,0
3224,0,0,0
3225,0,0,0
3226,0,0,0
3227,0,0,0
3228,0,0,0
3229,0,0,0
3230,0,0,0
3231,0,0,0
3232,0,0,0
3233,0,0,0
3234,0,0,0
3235,0,0,0
3236,0,0,0
3237,0,0,0
3238,0,0,0
3239,0,0,0
3240,0,0,0
3241,0,0,0
3242,0,0,0
3243,0,0,0
3244,0,0,0
3245,0,0,0
3246,0,0,0
3247,0,0,0
3248,0,0,0
3249,0,0,0
3250,0,0,0
3251,0,0,0
3252,0,0,0
3253,0,0,0
3254,0,0,0
3255,0,0,0
3256,0,0,0
3257,0,0,0
3258,0,0,0
3259,0,0,0
3260,0,0,0
3261,0,0,0
3262,0,0,0
3263,0,0,0
3264,0,0,0
3265,0,0,0
3266,0,0,0
3267,0,0,0
3268,0,0,0
3269,0,0,0
3270,0,0,0
3271,0,0,0
3272,0,0,0
3273,0,0,0
3274,0,0,0
3275,0,0,0
3276,0,0,0
3277,0,0,0
3278,0,0,0
3279,0,0,0
3280,0,0,0
3281,0,0,0
3282,0,0,0
3283,0,0,0
3284,0,0,0
3285,0,0,0
3286,0,0,0
3287,0,0,0
3288,0,0,0
3289,0,0,0
3290,0,0,0
3291,0,0,0
3292,0,0,0
3293,0,0,0
3294,0,0,0
3295,0,0,0
3296,0,0,0
3297,0,0,0
3298,0,0,0
3299,0,0,0
3300,0,0,0
3301,0,0,0
3302,0,0,0
3303,0,0,0
3304,0,0,0
3305,0,0,0
3306,0,0,0
3307,0,0,0
3308,0,0,0
3309,0,0,0
3310,0,0,0
3311,0,0,0
3312,0,0,0
3313,0,0,0
3314,1,0,1
3315,1,0,1
3316,1,0,1
3317,1,0,1
3318,1,0,1
3319,1,0,1
3320,1,0,1
3321,1,0,1
3322,1,0,1
3323,1,0,1
3324,1,0,1
3325,1,0,1
3326,1,0,1
3327,1,0,1
3328,1,0,1
3329,1,0,1
3330,1,0,1
3331,1,0,1
3332,1,0,1
3333,1,0,1
3334,1,0,1
3335,1,0,1
3336,1,0,1
3337,1,0,1
3338,1,0,1
3339,1,0,1
3340,1,0,1
3341,1,0,1
3342,1,0,1
3343,1,0,1
3344,1,0,1
3345,1,0,1
3346,1,0,1
3347,1,0,1
3348,2,0,2
3349,2,0,2
3350,2,0,2
3351,2,0,2
3352,2,0,2
3353,2,0,2
3354,2,0,2
3355,2,0,2
3356,2,0,2
3357,2,0,2
3358,2,0,2
3359,2,0,2
3360,2,0,2
3361,2,0,2
3362,2,0,2
3363,2,0,2
3364,2,0,2
3365,2,0,2
3366,2,0,2
3367,2,0,2
3368,2,0,2
3369,2,0,2
3370,2,0,2
3371,2,0,2
3372,2,0,2
3373,2,0,2
3374,2,0,2
3375,2,0,2
3376,2,0,2
3377,2,0,2
3378,2,0,2
3379,2,0,2
3380,2,0,2
3381,2,0,2
3382,2,0,2
3383,2,0,2
3384,2,0,2
3385,2,0,2
3386,2,0,2
3387,2,0,2
3388,2,0,2
3389,2,0,2
3390,2,0,2
3391,2,0,2
3392,2,0,2
3393,2,0,2
3394,2,0,2
3395,2,0,2
3396,2,0,2
3397,2,0,2
3398,2,0,2
3399,2,0,2
3400,2,0,2
3401,2,0,2
3402,2,0,2
3403,2,0,2
3404,2,0,2
3405,2,0,2
3406,2,0,2
3407,2,0,2
3408,2,0,2
3409,2,0,2
3410,2,0,2
3411,2,0,2
3412,2,0,2
3413,2,0,2
3414,2,0,2
3415,2,0,2
3416,2,0,2
3417,2,0,2
3418,2,0,2
3419,2,0,2
3420,2,0,2
3421,2,0,2
3422,2,0,2
3423,2,0,2
3424,2,0,2
3425,2,0,2
3426,2,0,2
3427,2,0,2
3428,2,0,2
3429,2,0,2
3430,2,0,2
3431,2,0,2
3432,2,0,2
3433,2,0,2
3434,2,0,2
3435,2,0,2
3436,2,0,2
3437,2,0,2
3438,2,0,2
3439,2,0,2
3440,2,0,2
3441,2,0,2
3442,2,0,2
3443,2,0,2
3444,2,0,2
3445,2,0,2
3446,2,0,2
3447,2,0,2
3448,2,0,2
3449,2,0,2
3450,2,0,2
3451,2,0,2
3452,2,0,2
3453,2,0,2
3454,2,0,2
3455,2,0,2
3456,2,0,2
3457,2,0,2
3458,2,0,2
3459,2,0,2
3460,2,0,2
3461,2,0,2
3462,2,0,2
3463,2,0,2
3464,2,0,2
3465,2,0,2
3466,2,0,2
3467,2,0,2
3468,2,0,2
3469,2,0,2
3470,2,0,2
3471,2,0,2
3472,2,0,2
3473,2,0,2
3474,2,0,2
3475,2,0,2
3476,2,0,2
3477,2,0,2
3478,2,0,2
3479,2,0,2
3480,2,0,2
3481,2,0,2
3482,2,0,2
3483,2,0,2
3484,2,0,2
3485,2,0,2
3486,2,0,2
3487,2,0,2
3488,3,0,3
3489,3,0,3
3490,3,0,3
3491,3,0,3
3492,3,0,3
3493,3,0,3
3494,3,0,3
3495,3,0,3
3496,3,0,3
3497,3,0,3
3498,3,0,3
3499,3,0,3
3500,3,0,3
3501,3,0,3
3502,3,0,3
3503,3,0,3
3504,3,0,3
3505,3,0,3
3506,3,0,3
3507,3,0,3
3508,3,0,3
3509,3,0,3
3510,3,0,3
3511,3,0,3
3512,3,0,3
3513,3,0,3
3514,3,0,3
3515,3,0,3
3516,3,0,3
3517,3,0,3
3518,3,0,3
3519,3,0,3
3520,3,0,3
3521,3,0,3
3522,3,0,3
3523,3,0,3
3524,3,0,3
3525,2,0,2
3526,2,0,2
3527,1,0,1
3528,1,0,1
3529,1,0,1
3530,1,0,1
3531,1,0,1
3532,1,0,1
3533,1,0,1
3534,1,0,1
3535,1,0,1
3536,1,0,1
3537,1,0,1
3538,1,0,1
3539,1,0,1
3540,1,0,1
3541,1,0,1
3542,1,0,1
3543,1,0,1
3544,1,0,1
3545,1,0,1
3546,1,0,1
3547,1,0,1
3548,1,0,1
3549,1,0,1
3550,1,0,1
3551,1,0,1
3552,1,0,1
3553,1,0,1
3554,1,0,1
3555,1,0,1
3556,1,0,1
3557,1,0,1
3558,1,0,1
3559,0,0,0
3560,0,0,0
3561,0,0,0
3562,0,0,0
3563,0,0,0
3564,0,0,0
3565,0,0,0
3566,0,0,0
3567,0,0,0
3568,0,0,0
3569,0,0,0
3570,0,0,0
3571,0,0,0
3572,0,0,0
3573,0,0,0
3574,0,0,0
3575,0,0,0
3576,0,0,0
3577,0,0,0
3578,0,0,0
3579,0,0,0
3580,0,0,0
3581,0,0,0
3582,0,0,0
3583,0,0,0
3584,0,0,0
3585,0,0,0
3586,0,0,0
3587,0,0,0
3588,0,0,0
3589,0,0,0
3590,0,0,0
3591,0,0,0
3592,0,0,0
3593,0,0,0
3594,0,0,0
3595,0,0,0
3596,0,0,0
3597,0,0,0
3598,0,0,0
3599,0,0,0
3600,0,0,0
3601,0,0,0
3602,0,0,0
3603,0,0,0
3604,0,0,0
3605,0,0,0
3606,0,0,0
3607,0,0,0
3608,0,0,0
3609,0,0,0
3610,0,0,0
3611,0,0,0
3612,0,0,0
3613,0,0,0
3614,0,0,0
3615,0,0,0
3616,0,0,0
3617,0,0,0
3618,0,0,0
3619,0,0,0
3620,0,0,0
3621,0,0,0
3622,0,0,0
3623,0,0,0
3624,0,0,0
3625,0,0,0
3626,0,0,0
3627,0,0,0
3628,0,0,0
3629,0,0,0
3630,0,0,0
3631,0,0,0
3632,0,0,0
3633,0,0,0
3634,0,0,0
3635,0,0,0
3636,0,0,0
3637,0,0,0
3638,0,0,0
3639,0,0,0
3640,0,0,0
3641,0,0,0
3642,0,0,0
3643,0,0,0
3644,0,0,0
3645,0,0,0
3646,0,0,0
3647,0,0,0
3648,0,0,0
3649,0,0,0
3650,0,0,0
3651,0,0,0
3652,0,0,0
3653,0,0,0
3654,0,0,0
3655,0,0,0
3656,0,0,0
3657,0,0,0
3658,0,0,0
3659,0,0,0
3660,0,0,0
3661,0,0,0
3662,0,0,0
3663,0,0,0
3664,0,0,0
3665,0,0,0
3666,0,0,0
3667,0,0,0
3668,0,0,0
3669,0,0,0
3670,0,0,0
3671,0,0,0
3672,0,0,0
3673,0,0,0
3674,0,0,0
3675,0,0,0
3676,0,0,0
3677,0,0,0
3678,0,0,0
3679,0,0,0
3680,0,0,0
3681,0,0,0
3682,0,0,0
3683,0,0,0
3684,0,0,0
3685,0,0,0
3686,0,0,0
3687,0,0,0
3688,0,0,0
3689,0,0,0
3690,0,0,0
3691,0,0,0
3692,0,0,0
3693,0,0,0
3694,0,0,0
3695,0,0,0
3696,0,0,0
3697,0,0,0
3698,0,0,0
3699,0,0,0
3700,0,0,0
3701,0,0,0
3702,0,0,0
3703,0,0,0
3704,0,0,0
3705,0,0,0
3706,0,0,0
3707,0,0,0
3708,0,0,0
3709,0,0,0
3710,0,0,0
3711,0,0,0
3712,0,0,0
3713,0,0,0
3714,0,0,0
3715,0,0,0
3716,0,0,0
3717,0,0,0
3718,0,0,0
3719,0,0,0
3720,0,0,0
3721,0,0,0
3722,0,0,0
3723,0,0,0
3724,0,0,0
3725,0,0,0
3726,0,0,0
3727,0,0,0
3728,0,0,0
3729,0,0,0
3730,0,0,0
3731,0,0,0
3732,0,0,0
3733,0,0,0
3734,0,0,0
3735,0,0,0
3736,0,0,0
3737,0,0,0
3738,0,0,0
3739,0,0,0
3740,0,0,0
3741,0,0,0
3742,0,0,0
3743,0,0,0
3744,0,0,0
3745,0,0,0
3746,0,0,0
3747,0,0,0
3748,0,0,0
3749,0,0,0
3750,0,0,0
3751,0,0,0
3752,0,0,0
3753,0,0,0
3754,0,0,0
3755,1,0,1
3756,1,0,1
3757,1,0,1
3758,1,0,1
3759,1,0,1
3760,1,0,1
3761,1,0,1
3762,1,0,1
3763,1,0,1
3764,1,0,1
3765,1,0,1
3766,1,0,1
3767,1,0,1
3768,1,0,1
3769,1,0,1
3770,1,0,1
3771,1,0,1
3772,1,0,1
3773,2,0,2
3774,3,0,3
3775,3,0,3
3776,3,0,3
3777,3,0,3
3778,3,0,3
3779,3,0,3
3780,3,0,3
3781,3,0,3
3782,3,0,3
3783,3,0,3
3784,3,0,3
3785,3,0,3
3786,3,0,3
3787,4,0,4
3788,4,0,4
3789,4,0,4
3790,4,0,4
3791,4,0,4
3792,4,0,4
3793,4,0,4
3794,4,0,4
3795,4,0,4
3796,4,0,4
3797,3,1,4
3798,2,2,4
3799,2,2,4
3800,2,2,4
3801,2,2,4
3802,2,2,4
3803,2,2,4
3804,2,2,4
3805,2,2,4
3806,1,3,4
3807,1,3,4
3808,1,3,4
3809,1,3,4
3810,1,3,4
3811,1,3,4
3812,1,3,4
3813,1,3,4
3814,1,3,4
3815,2,2,4
3816,2,2,4
3817,2,2,4
3818,2,2,4
3819,2,2,4
3820,2,2,4
3821,2,2,4
3822,3,1,4
3823,3,1,4
3824,3,1,4
3825,2,2,4
3826,2,2,4
3827,2,2,4
3828,2,2,4
3829,2,2,4
3830,2,2,4
3831,2,2,4
3832,2,2,4
3833,2,2,4
3834,2,2,4
3835,2,2,4
3836,2,2,4
3837,2,2,4
3838,3,1,4
3839,4,0,4
3840,4,0,4
3841,4,0,4
3842,4,0,4
3843,4,0,4
3844,4,0,4
3845,4,0,4
3846,5,0,5
3847,5,0,5
3848,5,0,5
3849,6,0,6
3850,6,0,6
3851,6,0,6
3852,6,0,6
3853,6,0,6
3854,6,0,6
3855,6,0,6
3856,6,0,6
3857,6,0,6
3858,6,0,6
3859,6,0,6
3860,6,0,6
3861,5,0,5
3862,5,0,5
3863,5,0,5
3864,5,0,5
3865,5,0,5
3866,5,0,5
3867,5,0,5
3868,5,0,5
3869,5,0,5
3870,5,0,5
3871,5,0,5
3872,5,0,5
3873,5,0,5
3874,5,0,5
3875,5,0,5
3876,5,0,5
3877,5,0,5
3878,5,0,5
3879,5,0,5
3880,5,0,5
3881,5,0,5
3882,5,0,5
3883,6,0,6
3884,6,0,6
3885,6,0,6
3886,6,0,6
3887,6,0,6
3888,6,0,6
3889,6,0,6
3890,6,0,6
3891,6,0,6
3892,6,0,6
3893,5,0,5
3894,5,0,5
3895,5,0,5
3896,5,0,5
3897,5,0,5
3898,5,0,5
3899,5,0,5
3900,5,0,5
3901,5,0,5
3902,5,0,5
3903,4,0,4
3904,4,0,4
3905,4,0,4
3906,4,0,4
3907,4,0,4
3908,4,0,4
3909,4,0,4
3910,5,0,5
3911,5,0,5
3912,5,0,5
3913,7,0,7
3914,7,0,7
3915,7,0,7
3916,7,0,7
3917,7,0,7
3918,7,0,7
3919,7,0,7
3920,6,0,6
3921,6,0,6
3922,6,0,6
3923,6,0,6
3924,6,0,6
3925,6,0,6
3926,6,0,6
3927,6,0,6
3928,6,0,6
3929,6,0,6
3930,6,0,6
3931,6,0,6
3932,6,0,6
3933,6,0,6
3934,5,0,5
3935,5,0,5
3936,5,0,5
3937,5,0,5
3938,5,0,5
3939,5,0,5
3940,5,0,5
3941,5,0,5
3942,5,0,5
3943,5,0,5
3944,5,0,5
3945,5,0,5
3946,5,0,5
3947,5,0,5
3948,5,0,5
3949,5,0,5
3950,5,0,5
3951,5,0,5
3952,5,0,5
3953,5,0,5
3954,5,0,5
3955,5,0,5
3956,5,0,5
3957,5,0,5
3958,5,0,5
3959,5,0,5
3960,5,0,5
3961,5,0,5
3962,4,0,4
3963,4,0,4
3964,4,0,4
3965,4,0,4
3966,4,0,4
3967,4,0,4
3968,4,0,4
3969,5,0,5
3970,5,0,5
3971,5,0,5
3972,5,0,5
3973,5,0,5
3974,5,0,5
3975,5,0,5
3976,5,0,5
3977,6,0,6
3978,6,0,6
3979,6,0,6
3980,6,0,6
3981,6,0,6
3982,6,0,6
3983,6,0,6
3984,6,0,6
3985,6,0,6
3986,6,0,6
3987,6,0,6
3988,6,0,6
3989,6,0,6
3990,5,0,5
3991,5,0,5
3992,5,0,5
3993,5,0,5
3994,5,0,5
3995,5,0,5
3996,5,0,5
3997,5,0,5
3998,4,0,4
3999,4,0,4
4000,4,0,4
4001,4,0,4
4002,4,0,4
4003,4,0,4
4004,4,0,4
4005,4,0,4
4006,4,0,4
4007,4,0,4
4008,4,0,4
4009,4,0,4
4010,4,0,4
4011,4,0,4
4012,4,0,4
4013,3,0,3
4014,3,0,3
4015,3,0,3
4016,3,0,3
4017,3,0,3
4018,3,0,3
4019,3,0,3
4020,3,0,3
4021,3,0,3
4022,3,0,3
4023,3,0,3
4024,3,0,3
4025,3,0,3
4026,3,0,3
4027,3,0,3
4028,3,0,3
4029,3,0,3
4030,3,0,3
4031,3,0,3
4032,3,0,3
4033,3,0,3
4034,3,0,3
4035,3,0,3
4036,3,0,3
4037,2,0,2
4038,2,0,2
4039,2,0,2
4040,2,0,2
4041,2,0,2
4042,2,0,2
4043,2,0,2
4044,2,0,2
4045,2,0,2
4046,3,0,3
4047,3,0,3
4048,3,0,3
4049,3,0,3
4050,3,0,3
4051,3,0,3
4052,3,0,3
4053,3,0,3
4054,3,0,3
4055,3,0,3
4056,3,0,3
4057,3,0,3
4058,3,0,3
4059,3,0,3
4060,3,0,3
4061,4,0,4
4062,4,0,4
4063,4,0,4
4064,4,0,4
4065,4,0,4
4066,4,0,4
4067,4,0,4
4068,4,0,4
4069,4,0,4
4070,4,0,4
4071,4,0,4
4072,4,0,4
4073,4,0,4
4074,4,0,4
4075,4,0,4
4076,4,0,4
4077,4,0,4
4078,4,0,4
4079,4,0,4
4080,4,0,4
4081,4,0,4
4082,4,0,4
4083,4,0,4
4084,4,0,4
4085,4,0,4
4086,4,0,4
4087,4,0,4
4088,4,0,4
4089,4,0,4
4090,4,0,4
4091,3,0,3
4092,3,0,3
4093,3,0,3
4094,3,0,3
4095,3,0,3
4096,3,0,3
4097,3,0,3
4098,3,0,3
4099,3,0,3
4100,3,0,3
4101,3,0,3
4102,3,0,3
4103,3,0,3
4104,3,0,3
4105,3,0,3
4106,3,0,3
4107,3,0,3
4108,3,0,3
4109,3,0,3
4110,3,0,3
4111,3,0,3
4112,3,0,3
4113,3,0,3
4114,3,0,3
4115,3,0,3
4116,3,0,3
4117,3,0,3
4118,3,0,3
4119,3,0,3
4120,3,0,3
4121,3,0,3
4122,3,0,3
4123,3,0,3
4124,3,0,3
4125,3,0,3
4126,3,0,3
4127,3,0,3
4128,3,0,3
4129,3,0,3
4130,3,0,3
4131,3,0,3
4132,3,0,3
4133,3,0,3
4134,3,0,3
4135,3,0,3
4136,3,0,3
4137,3,0,3
4138,3,0,3
4139,3,0,3
4140,3,0,3
4141,3,0,3
4142,3,0,3
4143,3,0,3
4144,3,0,3
4145,3,0,3
4146,3,0,3
4147,3,0,3
4148,3,0,3
4149,3,0,3
4150,3,0,3
4151,3,0,3
4152,2,0,2
4153,2,0,2
4154,2,0,2
4155,2,0,2
4156,2,0,2
4157,2,0,2
4158,2,0,2
4159,2,0,2
4160,2,0,2
4161,2,0,2
4162,2,0,2
4163,2,0,2
4164,2,0,2
4165,2,0,2
4166,2,0,2
4167,2,0,2
4168,2,0,2
4169,3,0,3
4170,3,0,3
4171,3,0,3
4172,3,0,3
4173,3,0,3
4174,3,0,3
4175,3,0,3
4176,3,0,3
4177,3,0,3
4178,3,0,3
4179,3,0,3
4180,3,0,3
4181,3,0,3
4182,3,0,3
4183,3,0,3
4184,3,0,3
4185,2,0,2
4186,2,0,2
4187,2,0,2
4188,2,0,2
4189,2,0,2
4190,2,0,2
4191,2,0,2
4192,2,0,2
4193,2,0,2
4194,2,0,2
4195,2,0,2
4196,2,0,2
4197,2,0,2
4198,2,0,2
4199,2,0,2
4200,2,0,2
4201,2,0,2
4202,2,0,2
4203,2,0,2
4204,2,0,2
4205,2,0,2
4206,2,0,2
4207,2,0,2
4208,2,0,2
4209,2,0,2
4210,2,0,2
4211,2,0,2
4212,2,0,2
4213,2,0,2
4214,2,0,2
4215,2,0,2
4216,2,0,2
4217,2,0,2
4218,2,0,2
4219,2,0,2
4220,2,0,2
4221,2,0,2
4222,2,0,2
4223,2,0,2
4224,2,0,2
4225,2,0,2
4226,2,0,2
4227,2,0,2
4228,2,0,2
4229,2,0,2
4230,2,0,2
4231,2,0,2
4232,2,0,2
4233,2,0,2
4234,2,0,2
4235,2,0,2
4236,2,0,2
4237,2,0,2
4238,2,0,2
4239,2,0,2
4240,2,0,2
4241,2,0,2
4242,1,0,1
4243,0,0,0
4244,0,0,0
4245,0,0,0
4246,0,0,0
4247,0,0,0
4248,0,0,0
4249,0,0,0
4250,0,0,0
4251,0,0,0
4252,0,0,0
4253,0,0,0
4254,0,0,0
4255,0,0,0
4256,0,0,0
4257,0,0,0
4258,0,0,0
4259,0,0,0
4260,0,0,0
4261,0,0,0
4262,0,0,0
4263,0,0,0
4264,0,0,0
4265,0,0,0
4266,0,0,0
4267,0,0,0
4268,0,0,0
4269,0,0,0
4270,0,0,0
4271,0,0,0
4272,0,0,0
4273,0,0,0
4274,0,0,0
4275,0,0,0
4276,0,0,0
4277,0,0,0
4278,0,0,0
4279,0,0,0
4280,0,0,0
4281,0,0,0
4282,0,0,0
4283,0,0,0
4284,0,0,0
4285,0,0,0
4286,0,0,0
4287,0,0,0
4288,0,0,0
4289,0,0,0
4290,0,0,0
4291,0,0,0
4292,0,0,0
4293,0,0,0
4294,0,0,0
4295,0,0,0
4296,0,0,0
4297,0,0,0
4298,0,0,0
4299,0,0,0
4300,0,0,0
4301,0,0,0
4302,0,0,0
4303,0,0,0
4304,0,0,0
4305,0,0,0
4306,0,0,0
4307,0,0,0
4308,0,0,0
4309,0,0,0
4310,0,0,0
4311,0,0,0
4312,0,0,0
4313,0,0,0
4314,0,0,0
4315,0,0,0
4316,0,0,0
4317,0,0,0
4318,0,0,0
4319,0,0,0
4320,0,0,0
4321,0,0,0
4322,0,0,0
4323,0,0,0
4324,0,0,0
4325,0,0,0
4326,0,0,0
4327,0,0,0
4328,0,0,0
4329,0,0,0
4330,0,0,0
4331,0,0,0
4332,1,0,1
4333,1,0,1
4334,1,0,1
4335,1,0,1
4336,1,0,1
4337,1,0,1
4338,1,0,1
4339,1,0,1
4340,1,0,1
4341,1,0,1
4342,1,0,1
4343,1,0,1
4344,1,0,1
4345,1,0,1
4346,1,0,1
4347,1,0,1
4348,1,0,1
4349,1,0,1
4350,1,0,1
4351,1,0,1
4352,1,0,1
4353,1,0,1
4354,1,0,1
4355,1,0,1
4356,1,0,1
4357,1,0,1
4358,1,0,1
4359,1,0,1
4360,1,0,1
4361,1,0,1
4362,1,0,1
4363,1,0,1
4364,1,0,1
4365,1,0,1
4366,1,0,1
4367,1,0,1
4368,1,0,1
4369,1,0,1
4370,1,0,1
4371,1,0,1
4372,1,0,1
4373,1,0,1
4374,1,0,1
4375,1,0,1
4376,1,0,1
4377,1,0,1
4378,1,0,1
4379,1,0,1
4380,1,0,1
4381,1,0,1
4382,1,0,1
4383,1,0,1
4384,1,0,1
4385,1,0,1
4386,1,0,1
4387,1,0,1
4388,1,0,1
4389,1,0,1
4390,1,0,1
4391,1,0,1
4392,1,0,1
4393,1,0,1
4394,1,0,1
4395,1,0,1
4396,1,0,1
4397,1,0,1
4398,2,0,2
4399,2,0,2
4400,2,0,2
4401,2,0,2
4402,2,0,2
4403,2,0,2
4404,2,0,2
4405,2,0,2
4406,2,0,2
4407,2,0,2
4408,2,0,2
4409,2,0,2
4410,2,0,2
4411,2,0,2
4412,2,0,2
4413,2,0,2
4414,2,0,2
4415,2,0,2
4416,2,0,2
4417,2,0,2
4418,2,0,2
4419,1,0,1
4420,1,0,1
4421,1,0,1
4422,1,0,1
4423,1,0,1
4424,1,0,1
4425,1,0,1
4426,1,0,1
4427,1,0,1
4428,1,0,1
4429,1,0,1
4430,1,0,1
4431,1,0,1
4432,1,0,1
4433,1,0,1
4434,1,0,1
4435,1,0,1
4436,1,0,1
4437,1,0,1
4438,1,0,1
4439,1,0,1
4440,1,0,1
4441,1,0,1
4442,1,0,1
4443,1,0,1
4444,1,0,1
4445,1,0,1
4446,1,0,1
4447,1,0,1
4448,1,0,1
4449,1,0,1
4450,1,0,1
4451,1,0,1
4452,1,0,1
4453,1,0,1
4454,1,0,1
4455,1,0,1
4456,1,0,1
4457,1,0,1
4458,1,0,1
4459,1,0,1
4460,1,0,1
4461,1,0,1
4462,1,0,1
4463,1,0,1
4464,1,0,1
4465,1,0,1
4466,1,0,1
4467,1,0,1
4468,1,0,1
4469,1,0,1
4470,1,0,1
4471,1,0,1
4472,1,0,1
4473,1,0,1
4474,1,0,1
4475,1,0,1
4476,1,0,1
4477,1,0,1
4478,1,0,1
4479,1,0,1
4480,1,0,1
4481,1,0,1
4482,1,0,1
4483,1,0,1
4484,1,0,1
4485,1,0,1
4486,1,0,1
4487,1,0,1
4488,1,0,1
4489,1,0,1
4490,1,0,1
4491,1,0,1
4492,1,0,1
4493,1,0,1
4494,1,0,1
4495,1,0,1
4496,1,0,1
4497,1,0,1
4498,1,0,1
4499,1,0,1
4500,1,0,1
4501,1,0,1
4502,1,0,1
4503,1,0,1
4504,1,0,1
4505,1,0,1
4506,1,0,1
4507,1,0,1
4508,0,0,0
4509,0,0,0
4510,0,0,0
4511,0,0,0
4512,0,0,0
4513,0,0,0
4514,0,0,0
4515,0,0,0
4516,0,0,0
4517,0,0,0
4518,0,0,0
4519,0,0,0
4520,0,0,0
4521,0,0,0
4522,0,0,0
4523,0,0,0
4524,0,0,0
4525,0,0,0
4526,0,0,0
4527,0,0,0
4528,0,0,0
4529,0,0,0
4530,0,0,0
4531,0,0,0
4532,0,0,0
4533,0,0,0
4534,0,0,0
4535,0,0,0
4536,0,0,0
4537,0,0,0
4538,0,0,0
4539,0,0,0
4540,0,0,0
4541,0,0,0
4542,0,0,0
4543,0,0,0
4544,0,0,0
4545,0,0,0
4546,0,0,0
4547,0,0,0
4548,0,0,0
4549,0,0,0
4550,0,0,0
4551,0,0,0
4552,0,0,0
4553,0,0,0
4554,0,0,0
4555,0,0,0
4556,0,0,0
4557,0,0,0
4558,0,0,0
4559,0,0,0
4560,0,0,0
4561,1,0,1
4562,1,0,1
4563,1,0,1
4564,1,0,1
4565,1,0,1
4566,1,0,1
4567,1,0,1
4568,1,0,1
4569,1,0,1
4570,1,0,1
4571,1,0,1
4572,1,0,1
4573,1,0,1
4574,1,0,1
4575,1,0,1
4576,1,0,1
4577,1,0,1
4578,1,0,1
4579,1,0,1
4580,1,0,1
4581,1,0,1
4582,1,0,1
4583,1,0,1
4584,1,0,1
4585,2,0,2
4586,2,0,2
4587,2,0,2
4588,2,0,2
4589,2,0,2
4590,2,0,2
4591,2,0,2
4592,2,0,2
4593,2,0,2
4594,2,0,2
4595,2,0,2
4596,2,0,2
4597,2,0,2
4598,2,0,2
4599,2,0,2
4600,2,0,2
4601,2,0,2
4602,2,0,2
4603,1,1,2
4604,1,1,2
4605,1,1,2
4606,1,1,2
4607,1,1,2
4608,2,1,3
4609,2,1,3
4610,2,1,3
4611,2,1,3
4612,2,1,3
4613,2,1,3
4614,2,1,3
4615,2,1,3
4616,2,1,3
4617,2,1,3
4618,2,1,3
4619,2,1,3
4620,2,1,3
4621,1,1,2
4622,1,1,2
4623,1,1,2
4624,1,1,2
4625,1,1,2
4626,1,1,2
4627,2,1,3
4628,2,1,3
4629,2,1,3
4630,2,1,3
4631,2,1,3
4632,2,1,3
4633,2,1,3
4634,2,1,3
4635,2,1,3
4636,2,1,3
4637,2,1,3
4638,2,1,3
4639,2,1,3
4640,2,1,3
4641,2,1,3
4642,2,1,3
4643,2,1,3
4644,2,1,3
4645,2,1,3
4646,2,1,3
4647,2,1,3
4648,2,1,3
4649,2,1,3
4650,2,1,3
4651,2,1,3
4652,2,1,3
4653,2,1,3
4654,3,0,3
4655,2,0,2
4656,2,0,2
4657,2,0,2
4658,2,0,2
4659,2,0,2
4660,2,0,2
4661,2,0,2
4662,2,0,2
4663,3,0,3
4664,3,0,3
4665,4,0,4
4666,4,0,4
4667,3,1,4
4668,3,1,4
4669,3,1,4
4670,3,1,4
4671,3,1,4
4672,3,1,4
4673,4,1,5
4674,4,1,5
4675,4,1,5
4676,4,1,5
4677,4,1,5
4678,5,1,6
4679,5,1,6
4680,4,2,6
4681,4,2,6
4682,4,2,6
4683,4,2,6
4684,4,2,6
4685,3,2,5
4686,3,2,5
4687,3,2,5
4688,4,1,5
4689,4,1,5
4690,4,1,5
4691,4,1,5
4692,4,1,5
4693,4,1,5
4694,4,1,5
4695,4,1,5
4696,4,1,5
4697,4,1,5
4698,4,1,5
4699,4,1,5
4700,5,0,5
4701,5,0,5
4702,5,0,5
4703,5,0,5
4704,5,0,5
4705,5,0,5
4706,4,0,4
4707,4,0,4
4708,5,0,5
4709,5,0,5
4710,5,0,5
4711,5,0,5
4712,5,0,5
4713,5,0,5
4714,5,0,5
4715,5,0,5
4716,5,0,5
4717,5,0,5
4718,5,0,5
4719,5,0,5
4720,5,0,5
4721,5,0,5
4722,5,0,5
4723,5,0,5
4724,5,0,5
4725,5,0,5
4726,5,0,5
4727,5,0,5
4728,5,0,5
4729,4,0,4
4730,3,0,3
4731,3,0,3
4732,3,0,3
4733,3,0,3
4734,3,0,3
4735,3,0,3
4736,3,0,3
4737,4,0,4
4738,4,0,4
4739,4,0,4
4740,4,0,4
4741,4,0,4
4742,4,0,4
4743,4,0,4
4744,3,0,3
4745,3,0,3
4746,3,0,3
4747,3,0,3
4748,3,0,3
4749,3,0,3
4750,3,0,3
4751,3,0,3
4752,3,0,3
4753,3,0,3
4754,3,0,3
4755,3,0,3
4756,3,0,3
4757,3,0,3
4758,3,0,3
4759,2,0,2
4760,2,0,2
4761,2,0,2
4762,2,0,2
4763,2,0,2
4764,2,0,2
4765,2,0,2
4766,2,0,2
4767,2,0,2
4768,2,0,2
4769,1,0,1
4770,1,0,1
4771,1,0,1
4772,1,0,1
4773,1,0,1
4774,1,0,1
4775,1,0,1
4776,1,0,1
4777,1,0,1
4778,1,0,1
4779,1,0,1
4780,1,0,1
4781,1,0,1
4782,1,0,1
4783,1,0,1
4784,1,0,1
4785,1,0,1
4786,1,0,1
4787,0,0,0
4788,0,0,0
4789,0,0,0
4790,0,0,0
4791,0,0,0
4792,0,0,0
4793,0,0,0
4794,0,0,0
4795,0,0,0
4796,0,0,0
4797,0,0,0
4798,0,0,0
4799,0,0,0
4800,0,0,0
4801,0,0,0
4802,0,0,0
4803,0,0,0
4804,0,0,0
4805,0,0,0
4806,0,0,0
4807,0,0,0
4808,0,0,0
4809,0,0,0
4810,0,0,0
4811,0,0,0
4812,0,0,0
4813,0,0,0
4814,0,0,0
4815,0,0,0
4816,0,0,0
4817,0,0,0
4818,0,0,0
4819,0,0,0
4820,0,0,0
4821,0,0,0
4822,0,0,0
4823,0,0,0
4824,0,0,0
4825,0,0,0
4826,0,0,0
4827,0,0,0
4828,0,0,0
4829,0,0,0
4830,0,0,0
4831,0,0,0
4832,0,0,0
4833,0,0,0
4834,0,0,0
4835,0,0,0
4836,0,0,0
4837,0,0,0
4838,0,0,0
4839,0,0,0
4840,0,0,0
4841,0,0,0
4842,0,0,0
4843,0,0,0
4844,0,0,0
4845,0,0,0
4846,0,0,0
4847,0,0,0
4848,0,0,0
4849,0,0,0
4850,0,0,0
4851,0,0,0
4852,0,0,0
4853,0,0,0
4854,0,0,0
4855,0,0,0
4856,0,0,0
4857,0,0,0
4858,0,0,0
4859,0,0,0
4860,0,0,0
4861,0,0,0
4862,0,0,0
4863,0,0,0
4864,0,0,0
4865,0,0,0
4866,0,0,0
4867,0,0,0
4868,0,0,0
4869,0,0,0
4870,0,0,0
4871,0,0,0
4872,0,0,0
4873,0,0,0
4874,0,0,0
4875,0,0,0
4876,0,0,0
4877,0,0,0
4878,0,0,0
4879,0,0,0
4880,0,0,0
4881,0,0,0
4882,0,0,0
4883,0,0,0
4884,0,0,0
4885,0,0,0
4886,0,0,0
4887,0,0,0
4888,0,0,0
4889,0,0,0
4890,0,0,0
4891,0,0,0
4892,0,0,0
4893,0,0,0
4894,0,0,0
4895,0,0,0
4896,0,0,0
4897,0,0,0
4898,0,0,0
4899,0,0,0
4900,0,0,0
4901,0,0,0
4902,0,0,0
4903,0,0,0
4904,0,0,0
4905,0,0,0
4906,0,0,0
4907,0,0,0
4908,0,0,0
4909,0,0,0
4910,0,0,0
4911,0,0,0
4912,1,0,1
4913,1,0,1
4914,1,0,1
4915,1,0,1
4916,1,0,1
4917,1,0,1
4918,1,0,1
4919,1,0,1
4920,1,0,1
4921,1,0,1
4922,1,0,1
4923,1,0,1
4924,1,0,1
4925,1,0,1
4926,1,0,1
4927,1,0,1
4928,1,0,1
4929,1,0,1
4930,1,0,1
4931,1,0,1
4932,1,0,1
4933,1,0,1
4934,1,0,1
4935,1,0,1
4936,1,0,1
4937,1,0,1
4938,1,0,1
4939,1,0,1
4940,1,0,1
4941,1,0,1
4942,1,0,1
4943,1,0,1
4944,1,0,1
4945,0,1,1
4946,0,1,1
4947,0,1,1
4948,0,1,1
4949,0,1,1
4950,0,1,1
4951,0,1,1
4952,0,1,1
4953,0,1,1
4954,0,1,1
4955,0,1,1
4956,0,1,1
4957,0,1,1
4958,0,1,1
4959,0,1,1
4960,0,1,1
4961,0,1,1
4962,0,1,1
4963,0,1,1
4964,0,1,1
4965,0,1,1
4966,0,1,1
4967,0,1,1
4968,0,1,1
4969,0,1,1
4970,0,1,1
4971,0,1,1
4972,0,1,1
4973,0,1,1
4974,0,1,1
4975,0,1,1
4976,1,0,1
4977,1,0,1
4978,1,0,1
4979,1,0,1
4980,1,0,1
4981,1,0,1
4982,1,0,1
4983,1,0,1
4984,1,0,1
4985,1,0,1
4986,1,0,1
4987,1,0,1
4988,1,0,1
4989,2,0,2
4990,2,0,2
4991,2,0,2
4992,2,0,2
4993,2,0,2
4994,2,0,2
4995,2,0,2
4996,2,0,2
4997,2,0,2
4998,2,0,2
4999,2,0,2
5000,2,0,2
5001,2,0,2
5002,2,0,2
5003,2,0,2
5004,2,0,2
5005,2,0,2
5006,2,0,2
5007,2,0,2
5008,2,0,2
5009,2,0,2
5010,2,0,2
5011,2,0,2
5012,2,0,2
5013,2,0,2
5014,2,0,2
5015,2,0,2
5016,2,0,2
5017,2,0,2
5018,2,0,2
5019,3,0,3
5020,3,0,3
5021,3,0,3
5022,3,0,3
5023,3,0,3
5024,3,0,3
5025,3,0,3
5026,3,0,3
5027,4,0,4
5028,5,0,5
5029,5,0,5
5030,5,0,5
5031,5,0,5
5032,5,0,5
5033,5,0,5
5034,5,0,5
5035,5,0,5
5036,6,0,6
5037,6,0,6
5038,6,0,6
5039,6,0,6
5040,6,0,6
5041,6,0,6
5042,6,0,6
5043,6,0,6
5044,6,0,6
5045,6,0,6
5046,6,0,6
5047,6,0,6
5048,6,0,6
5049,6,0,6
5050,6,0,6
5051,6,0,6
5052,6,0,6
5053,6,0,6
5054,6,0,6
5055,6,0,6
5056,7,0,7
5057,7,0,7
5058,7,0,7
5059,7,0,7
5060,7,0,7
5061,7,0,7
5062,7,0,7
5063,7,0,7
5064,7,0,7
5065,7,0,7
5066,7,0,7
5067,7,0,7
5068,7,0,7
5069,7,0,7
5070,7,0,7
5071,7,0,7
5072,7,0,7
5073,7,0,7
5074,7,0,7
5075,7,0,7
5076,7,0,7
5077,8,0,8
5078,8,0,8
5079,8,0,8
5080,8,0,8
5081,8,0,8
5082,8,0,8
5083,7,0,7
5084,7,0,7
5085,7,0,7
5086,7,0,7
5087,7,0,7
5088,7,0,7
5089,6,0,6
5090,6,0,6
5091,6,0,6
5092,6,0,6
5093,7,0,7
5094,7,0,7
5095,7,0,7
5096,7,0,7
5097,7,0,7
5098,7,0,7
5099,7,0,7
5100,7,0,7
5101,7,0,7
5102,7,0,7
5103,7,0,7
5104,7,0,7
5105,7,0,7
5106,7,0,7
5107,7,0,7
5108,7,0,7
5109,7,0,7
5110,7,0,7
5111,7,0,7
5112,7,0,7
5113,7,0,7
5114,7,0,7
5115,8,0,8
5116,8,0,8
5117,8,0,8
5118,8,0,8
5119,8,0,8
5120,8,0,8
5121,7,0,7
5122,7,0,7
5123,7,0,7
5124,7,0,7
5125,7,0,7
5126,7,0,7
5127,7,0,7
5128,7,0,7
5129,7,0,7
5130,7,0,7
5131,7,0,7
5132,7,0,7
5133,7,0,7
5134,7,0,7
5135,7,0,7
5136,7,0,7
5137,7,0,7
5138,7,0,7
5139,7,0,7
5140,7,0,7
5141,7,0,7
5142,7,0,7
5143,7,0,7
5144,7,0,7
5145,7,0,7
5146,7,0,7
5147,7,0,7
5148,7,0,7
5149,7,0,7
5150,7,0,7
5151,7,0,7
5152,7,0,7
5153,7,0,7
5154,7,0,7
5155,7,0,7
5156,7,0,7
5157,7,0,7
5158,7,0,7
5159,7,0,7
5160,7,0,7
5161,7,0,7
5162,7,0,7
5163,7,0,7
5164,7,0,7
5165,6,0,6
5166,6,0,6
5167,6,0,6
5168,6,0,6
5169,6,0,6
5170,6,0,6
5171,7,0,7
5172,7,0,7
5173,7,0,7
5174,7,0,7
5175,7,0,7
5176,7,0,7
5177,7,0,7
5178,7,0,7
5179,7,0,7
5180,7,0,7
5181,7,0,7
5182,7,0,7
5183,7,0,7
5184,8,0,8
5185,9,0,9
5186,9,0,9
5187,10,0,10
5188,10,0,10
5189,10,0,10
5190,10,0,10
5191,10,0,10
5192,10,0,10
5193,9,0,9
5194,9,0,9
5195,9,0,9
5196,9,0,9
5197,10,0,10
5198,10,0,10
5199,10,0,10
5200,10,0,10
5201,10,0,10
5202,10,0,10
5203,10,0,10
5204,9,0,9
5205,9,0,9
5206,9,0,9
5207,9,0,9
5208,9,0,9
5209,9,0,9
5210,9,0,9
5211,9,0,9
5212,10,0,10
5213,10,0,10
5214,10,0,10
5215,10,0,10
5216,10,0,10
5217,9,0,9
5218,10,0,10
5219,10,0,10
5220,10,0,10
5221,10,0,10
5222,9,0,9
5223,9,0,9
5224,9,0,9
5225,10,0,10
5226,10,0,10
5227,9,0,9
5228,9,0,9
5229,9,0,9
5230,9,0,9
5231,9,0,9
5232,9,0,9
5233,8,0,8
5234,8,0,8
5235,8,0,8
5236,8,0,8
5237,8,0,8
5238,8,0,8
5239,8,0,8
5240,8,0,8
5241,8,0,8
5242,8,0,8
5243,8,0,8
5244,8,0,8
5245,8,0,8
5246,8,0,8
5247,8,0,8
5248,8,0,8
5249,8,0,8
5250,8,0,8
5251,8,0,8
5252,8,0,8
5253,8,0,8
5254,7,0,7
5255,7,0,7
5256,7,0,7
5257,8,0,8
5258,8,0,8
5259,8,0,8
5260,8,0,8
5261,8,0,8
5262,8,0,8
5263,8,0,8
5264,8,0,8
5265,8,0,8
5266,8,0,8
5267,8,0,8
5268,8,0,8
5269,8,0,8
5270,9,0,9
5271,9,0,9
5272,9,0,9
5273,10,0,10
5274,10,0,10
5275,10,0,10
5276,10,0,10
5277,10,0,10
5278,10,0,10
5279,9,0,9
5280,10,0,10
5281,10,0,10
5282,10,0,10
5283,10,0,10
5284,10,0,10
5285,10,0,10
5286,10,0,10
5287,10,0,10
5288,10,0,10
5289,10,0,10
5290,10,0,10
5291,10,0,10
5292,10,0,10
5293,10,0,10
5294,10,0,10
5295,10,0,10
5296,11,0,11
5297,11,0,11
5298,11,0,11
5299,11,0,11
5300,11,0,11
5301,11,0,11
5302,11,0,11
5303,11,0,11
5304,11,0,11
5305,11,0,11
5306,11,0,11
5307,10,0,10
5308,10,0,10
5309,10,0,10
5310,10,0,10
5311,10,0,10
5312,10,0,10
5313,10,0,10
5314,10,0,10
5315,10,0,10
5316,10,0,10
5317,10,0,10
5318,10,0,10
5319,10,0,10
5320,10,0,10
5321,10,0,10
5322,10,0,10
5323,9,0,9
5324,9,0,9
5325,9,0,9
5326,9,0,9
5327,9,0,9
5328,9,0,9
5329,9,0,9
5330,9,0,9
5331,9,0,9
5332,9,0,9
5333,9,0,9
5334,9,0,9
5335,9,0,9
5336,9,0,9
5337,7,0,7
5338,7,0,7
5339,7,0,7
5340,6,1,7
5341,6,1,7
5342,6,1,7
5343,6,1,7
5344,6,1,7
5345,6,1,7
5346,6,1,7
5347,6,1,7
5348,6,1,7
5349,6,1,7
5350,6,1,7
5351,6,1,7
5352,6,1,7
5353,6,1,7
5354,7,0,7
5355,7,0,7
5356,7,0,7
5357,7,0,7
5358,7,0,7
5359,7,0,7
5360,7,0,7
5361,7,0,7
5362,6,0,6
5363,6,0,6
5364,6,0,6
5365,6,0,6
5366,7,0,7
5367,7,0,7
5368,7,0,7
5369,7,0,7
5370,7,0,7
5371,6,0,6
5372,6,0,6
5373,6,0,6
5374,6,0,6
5375,5,0,5
5376,5,0,5
5377,5,0,5
5378,5,0,5
5379,5,0,5
5380,5,0,5
5381,5,0,5
5382,5,0,5
5383,5,0,5
5384,5,0,5
5385,5,0,5
5386,5,0,5
5387,5,0,5
5388,5,0,5
5389,5,0,5
5390,5,0,5
5391,5,0,5
5392,5,0,5
5393,5,0,5
5394,5,0,5
5395,5,0,5
5396,5,0,5
5397,5,0,5
5398,5,0,5
5399,5,0,5
5400,5,0,5
5401,5,0,5
5402,5,0,5
5403,5,0,5
5404,5,0,5
5405,5,0,5
5406,5,0,5
5407,5,0,5
5408,4,0,4
5409,4,0,4
5410,4,0,4
5411,4,0,4
5412,4,0,4
5413,4,0,4
5414,4,0,4
5415,4,0,4
5416,4,0,4
5417,4,0,4
5418,4,0,4
5419,4,0,4
5420,4,0,4
5421,4,0,4
5422,4,0,4
5423,4,0,4
5424,4,0,4
5425,4,0,4
5426,3,0,3
5427,3,0,3
5428,3,0,3
5429,3,0,3
5430,3,0,3
5431,3,0,3
5432,3,0,3
5433,4,0,4
5434,4,0,4
5435,4,0,4
5436,4,0,4
5437,3,0,3
5438,3,0,3
5439,3,0,3
5440,3,0,3
5441,3,0,3
5442,2,0,2
5443,2,0,2
5444,2,0,2
5445,2,0,2
5446,2,0,2
5447,2,0,2
5448,2,0,2
5449,2,0,2
5450,2,0,2
5451,2,0,2
5452,2,0,2
5453,2,0,2
5454,2,0,2
5455,2,0,2
5456,2,0,2
5457,2,0,2
5458,1,1,2
5459,1,1,2
5460,1,1,2
5461,1,1,2
5462,1,1,2
5463,1,1,2
5464,1,1,2
5465,1,1,2
5466,1,1,2
5467,1,1,2
5468,1,1,2
5469,1,1,2
5470,1,1,2
5471,1,1,2
5472,1,1,2
5473,1,1,2
5474,0,1,1
5475,0,1,1
5476,0,1,1
5477,0,1,1
5478,0,1,1
5479,0,1,1
5480,0,1,1
5481,0,1,1
5482,0,1,1
5483,0,1,1
5484,0,1,1
5485,0,1,1
5486,0,1,1
5487,0,1,1
5488,0,1,1
5489,0,1,1
5490,0,1,1
5491,0,1,1
5492,0,1,1
5493,0,1,1
5494,0,1,1
5495,1,0,1
5496,1,0,1
5497,1,0,1
5498,1,0,1
5499,1,0,1
5500,1,0,1
5501,1,0,1
5502,1,0,1
5503,1,0,1
5504,1,0,1
5505,1,0,1
5506,1,0,1
5507,1,0,1
5508,1,0,1
5509,1,0,1
5510,1,0,1
5511,1,0,1
5512,1,0,1
5513,1,0,1
5514,1,0,1
5515,1,0,1
5516,1,0,1
5517,1,0,1
5518,1,0,1
5519,1,0,1
5520,1,0,1
5521,1,0,1
5522,1,0,1
5523,1,0,1
5524,1,0,1
5525,1,0,1
5526,1,0,1
5527,1,0,1
5528,1,0,1
5529,1,0,1
5530,1,0,1
5531,1,0,1
5532,1,0,1
5533,1,0,1
5534,1,0,1
5535,1,0,1
5536,1,0,1
5537,1,0,1
5538,1,0,1
5539,1,0,1
5540,1,0,1
5541,1,0,1
5542,1,0,1
5543,1,0,1
5544,1,0,1
5545,1,0,1
5546,1,0,1
5547,1,0,1
5548,1,0,1
5549,1,0,1
5550,1,0,1
5551,1,0,1
5552,1,0,1
5553,1,0,1
5554,1,0,1
5555,1,0,1
5556,1,0,1
5557,0,0,0
5558,0,0,0
5559,0,0,0
5560,0,0,0
5561,0,0,0
5562,0,0,0
5563,0,0,0
5564,0,0,0
5565,0,0,0
5566,0,0,0
5567,0,0,0
5568,0,0,0
5569,0,0,0
5570,0,0,0
5571,0,0,0
5572,0,0,0
5573,0,0,0
5574,0,0,0
5575,0,0,0
5576,0,0,0
5577,0,0,0
5578,0,0,0
5579,0,0,0
5580,0,0,0
5581,0,0,0
5582,0,0,0
5583,0,0,0
5584,0,0,0
5585,0,0,0
5586,0,0,0
5587,0,0,0
5588,0,0,0
5589,0,0,0
5590,0,0,0
5591,0,0,0
5592,0,0,0
5593,0,0,0
5594,0,0,0
5595,0,0,0
5596,0,0,0
5597,0,0,0
5598,0,0,0
5599,1,0,1
5600,1,0,1
5601,1,0,1
5602,1,0,1
5603,1,0,1
5604,1,0,1
5605,1,0,1
5606,2,0,2
5607,2,0,2
5608,2,0,2
5609,2,0,2
5610,2,0,2
5611,2,0,2
5612,2,0,2
5613,2,0,2
5614,2,0,2
5615,2,0,2
5616,2,0,2
5617,2,0,2
5618,2,0,2
5619,2,0,2
5620,2,0,2
5621,2,0,2
5622,2,0,2
5623,2,0,2
5624,2,0,2
5625,2,0,2
5626,2,0,2
5627,2,0,2
5628,2,0,2
5629,2,0,2
5630,2,0,2
5631,2,0,2
5632,2,0,2
5633,2,0,2
5634,1,1,2
5635,1,1,2
5636,1,1,2
5637,1,1,2
5638,1,1,2
5639,1,1,2
5640,1,1,2
5641,1,1,2
5642,1,1,2
5643,1,1,2
5644,1,1,2
5645,1,1,2
5646,2,1,3
5647,2,1,3
5648,2,1,3
5649,2,1,3
5650,2,1,3
5651,2,1,3
5652,2,1,3
5653,2,1,3
5654,2,1,3
5655,2,1,3
5656,1,2,3
5657,1,2,3
5658,1,2,3
5659,1,2,3
5660,1,2,3
5661,1,2,3
5662,1,2,3
5663,1,2,3
5664,1,2,3
5665,1,2,3
5666,1,2,3
5667,1,2,3
5668,1,2,3
5669,1,2,3
5670,1,2,3
5671,1,2,3
5672,1,2,3
5673,2,1,3
5674,2,1,3
5675,1,1,2
5676,1,1,2
5677,1,1,2
5678,1,1,2
5679,1,1,2
5680,1,1,2
5681,1,1,2
5682,1,1,2
5683,1,1,2
5684,1,1,2
5685,1,1,2
5686,1,1,2
5687,1,1,2
5688,1,1,2
5689,1,1,2
5690,1,1,2
5691,1,1,2
5692,2,0,2
5693,2,0,2
5694,2,0,2
5695,2,0,2
5696,2,0,2
5697,2,0,2
5698,2,0,2
5699,2,0,2
5700,2,0,2
5701,2,0,2
5702,2,0,2
5703,2,0,2
5704,2,0,2
5705,2,0,2
5706,1,0,1
5707,1,0,1
5708,1,0,1
5709,1,0,1
5710,1,0,1
5711,1,0,1
5712,1,0,1
5713,1,0,1
5714,1,0,1
5715,2,0,2
5716,2,0,2
5717,2,0,2
5718,2,0,2
5719,2,0,2
5720,2,0,2
5721,2,0,2
5722,2,0,2
5723,2,0,2
5724,1,1,2
5725,1,1,2
5726,1,1,2
5727,1,1,2
5728,1,1,2
5729,1,1,2
5730,1,1,2
5731,1,1,2
5732,1,1,2
5733,1,1,2
5734,0,1,1
5735,0,1,1
5736,0,1,1
5737,0,1,1
5738,0,1,1
5739,0,1,1
5740,0,1,1
5741,0,1,1
5742,0,1,1
5743,0,1,1
5744,0,1,1
5745,0,1,1
5746,0,1,1
5747,0,1,1
5748,0,1,1
5749,0,1,1
5750,0,1,1
5751,0,1,1
5752,1,1,2
5753,1,1,2
5754,1,1,2
5755,1,1,2
5756,1,1,2
5757,1,1,2
5758,1,1,2
5759,1,1,2
5760,1,1,2
5761,1,1,2
5762,1,1,2
5763,0,2,2
5764,1,1,2
5765,1,1,2
5766,1,1,2
5767,1,1,2
5768,1,1,2
5769,1,1,2
5770,1,1,2
5771,1,1,2
5772,1,1,2
5773,1,1,2
5774,1,1,2
5775,1,1,2
5776,1,1,2
5777,1,1,2
5778,1,1,2
5779,1,1,2
5780,1,1,2
5781,1,1,2
5782,1,1,2
5783,1,1,2
5784,1,1,2
5785,1,1,2
5786,1,1,2
5787,1,1,2
5788,1,1,2
5789,1,1,2
5790,2,0,2
5791,2,0,2
5792,2,0,2
5793,2,0,2
5794,2,0,2
5795,2,0,2
5796,2,0,2
5797,2,0,2
5798,2,0,2
5799,2,0,2
5800,2,0,2
5801,2,0,2
5802,2,0,2
5803,2,0,2
5804,1,0,1
5805,1,0,1
5806,1,0,1
5807,1,0,1
5808,1,0,1
5809,0,0,0
5810,0,0,0
5811,0,0,0
5812,0,0,0
5813,0,0,0
5814,0,0,0
5815,0,0,0
5816,0,0,0
5817,0,0,0
5818,0,0,0
5819,0,0,0
5820,0,0,0
5821,0,0,0
5822,0,0,0
5823,0,0,0
5824,0,0,0
5825,0,0,0
5826,0,0,0
5827,0,0,0
5828,0,0,0
5829,0,0,0
5830,0,0,0
5831,0,0,0
5832,0,0,0
5833,0,0,0
5834,1,0,1
5835,1,0,1
5836,1,0,1
5837,1,0,1
5838,1,0,1
5839,1,0,1
5840,1,0,1
5841,1,0,1
5842,1,0,1
5843,1,0,1
5844,1,0,1
5845,1,0,1
5846,1,0,1
5847,1,0,1
5848,1,0,1
5849,1,0,1
5850,1,0,1
5851,1,0,1
5852,1,0,1
5853,1,0,1
5854,1,0,1
5855,1,0,1
5856,1,0,1
5857,1,0,1
5858,1,0,1
5859,1,0,1
5860,1,0,1
5861,1,0,1
5862,1,0,1
5863,1,0,1
5864,1,0,1
5865,1,0,1
5866,1,0,1
5867,1,0,1
5868,1,0,1
5869,1,0,1
5870,1,0,1
5871,1,0,1
5872,1,0,1
5873,1,0,1
5874,1,0,1
5875,1,0,1
5876,1,0,1
5877,1,0,1
5878,1,0,1
5879,1,0,1
5880,1,0,1
5881,1,0,1
5882,1,0,1
5883,1,0,1
5884,1,0,1
5885,1,0,1
5886,1,0,1
5887,1,0,1
5888,1,0,1
5889,1,0,1
5890,1,0,1
5891,1,0,1
5892,1,0,1
5893,1,0,1
5894,1,0,1
5895,1,0,1
5896,1,0,1
5897,1,0,1
5898,1,0,1
5899,1,0,1
5900,1,0,1
5901,1,0,1
5902,1,0,1
5903,1,0,1
5904,1,0,1
5905,1,0,1
5906,1,0,1
5907,1,0,1
5908,1,0,1
5909,1,0,1
5910,1,0,1
5911,1,0,1
5912,1,0,1
5913,1,0,1
5914,1,0,1
5915,1,0,1
5916,1,0,1
5917,1,0,1
5918,1,0,1
5919,1,0,1
5920,1,0,1
5921,1,0,1
5922,1,0,1
5923,1,0,1
5924,1,0,1
5925,1,0,1
5926,1,0,1
5927,1,0,1
5928,1,0,1
5929,2,0,2
5930,2,0,2
5931,2,0,2
5932,2,0,2
5933,1,0,1
5934,1,0,1
5935,1,0,1
5936,1,0,1
5937,1,0,1
5938,1,0,1
5939,1,0,1
5940,1,0,1
5941,1,0,1
5942,1,0,1
5943,1,0,1
5944,1,0,1
5945,1,0,1
5946,1,0,1
5947,1,0,1
5948,1,0,1
5949,1,0,1
5950,1,0,1
5951,1,0,1
5952,1,0,1
5953,1,0,1
5954,1,0,1
5955,1,0,1
5956,1,0,1
5957,1,0,1
5958,1,0,1
5959,1,0,1
5960,1,0,1
5961,1,0,1
5962,1,0,1
5963,1,0,1
5964,1,0,1
5965,1,0,1
5966,1,0,1
5967,1,0,1
5968,1,0,1
5969,1,0,1
5970,1,0,1
5971,1,0,1
5972,1,0,1
5973,1,0,1
5974,1,0,1
5975,1,0,1
5976,1,0,1
5977,1,0,1
5978,1,0,1
5979,1,0,1
5980,1,0,1
5981,1,0,1
5982,1,0,1
5983,1,0,1
5984,1,0,1
5985,1,0,1
5986,1,0,1
5987,1,0,1
5988,1,0,1
5989,1,0,1
5990,1,0,1
5991,0,0,0
5992,0,0,0
5993,0,0,0
5994,0,0,0
5995,0,0,0
5996,0,0,0
5997,0,0,0
5998,0,0,0
5999,0,0,0
6000,0,0,0
6001,0,0,0
6002,0,0,0
6003,1,0,1
6004,1,0,1
6005,1,0,1
6006,1,0,1
6007,1,0,1
6008,1,0,1
6009,1,0,1
6010,1,0,1
6011,1,0,1
6012,1,0,1
6013,1,0,1
6014,1,0,1
6015,1,0,1
6016,1,0,1
6017,1,0,1
6018,1,0,1
6019,1,0,1
6020,1,0,1
6021,1,0,1
6022,1,0,1
6023,1,0,1
6024,1,0,1
6025,1,0,1
6026,1,0,1
6027,1,0,1
6028,1,0,1
6029,1,0,1
6030,1,0,1
6031,1,0,1
6032,1,0,1
6033,1,0,1
6034,1,0,1
6035,1,0,1
6036,1,0,1
6037,1,0,1
6038,1,0,1
6039,1,0,1
6040,1,0,1
6041,1,0,1
6042,1,0,1
6043,1,0,1
6044,1,0,1
6045,1,0,1
6046,1,0,1
6047,1,0,1
6048,1,0,1
6049,1,0,1
6050,1,0,1
6051,1,0,1
6052,1,0,1
6053,1,0,1
6054,1,0,1
6055,1,0,1
6056,1,0,1
6057,1,0,1
6058,1,0,1
6059,1,0,1
6060,1,0,1
6061,1,0,1
6062,1,0,1
6063,1,0,1
6064,1,0,1
6065,1,0,1
6066,1,0,1
6067,1,0,1
6068,1,0,1
6069,1,0,1
6070,1,0,1
6071,1,0,1
6072,1,0,1
6073,1,0,1
6074,1,0,1
6075,1,0,1
6076,1,0,1
6077,1,0,1
6078,1,0,1
6079,1,0,1
6080,1,0,1
6081,1,0,1
6082,2,0,2
6083,2,0,2
6084,2,0,2
6085,2,0,2
6086,2,0,2
6087,2,0,2
6088,3,0,3
6089,3,0,3
6090,3,0,3
6091,3,0,3
6092,3,0,3
6093,3,0,3
6094,3,0,3
6095,3,0,3
6096,3,0,3
6097,3,0,3
6098,3,0,3
6099,3,0,3
6100,3,0,3
6101,3,0,3
6102,2,0,2
6103,2,0,2
6104,2,0,2
6105,2,0,2
6106,2,0,2
6107,2,0,2
6108,2,0,2
6109,2,0,2
6110,2,0,2
6111,2,0,2
6112,2,0,2
6113,2,0,2
6114,2,0,2
6115,2,0,2
6116,2,0,2
6117,2,0,2
6118,2,0,2
6119,2,0,2
6120,2,0,2
6121,2,0,2
6122,2,0,2
6123,2,0,2
6124,2,0,2
6125,2,0,2
6126,2,0,2
6127,2,0,2
6128,2,0,2
6129,2,0,2
6130,2,0,2
6131,2,0,2
6132,2,0,2
6133,3,0,3
6134,3,0,3
6135,3,0,3
6136,3,0,3
6137,3,0,3
6138,3,0,3
6139,3,0,3
6140,3,0,3
6141,3,0,3
6142,3,0,3
6143,3,0,3
6144,4,0,4
6145,4,0,4
6146,4,0,4
6147,4,0,4
6148,4,0,4
6149,4,0,4
6150,4,0,4
6151,4,0,4
6152,4,0,4
6153,4,0,4
6154,4,0,4
6155,4,0,4
6156,4,0,4
6157,4,0,4
6158,4,0,4
6159,4,0,4
6160,4,0,4
6161,4,0,4
6162,4,0,4
6163,4,0,4
6164,4,0,4
6165,4,0,4
6166,4,0,4
6167,4,0,4
6168,4,0,4
6169,4,0,4
6170,4,0,4
6171,4,0,4
6172,4,0,4
6173,4,0,4
6174,4,0,4
6175,4,0,4
6176,4,0,4
6177,4,0,4
6178,4,0,4
6179,4,0,4
6180,4,0,4
6181,4,0,4
6182,4,0,4
6183,4,0,4
6184,4,0,4
6185,4,0,4
6186,4,0,4
6187,4,0,4
6188,4,0,4
6189,4,0,4
6190,4,0,4
6191,4,0,4
6192,4,0,4
6193,4,0,4
6194,4,0,4
6195,4,0,4
6196,4,0,4
6197,4,0,4
6198,4,0,4
6199,4,0,4
6200,4,0,4
6201,4,0,4
6202,4,0,4
6203,4,0,4
6204,4,0,4
6205,4,0,4
6206,5,0,5
6207,5,0,5
6208,5,0,5
6209,5,0,5
6210,6,0,6
6211,6,0,6
6212,6,0,6
6213,6,0,6
6214,6,0,6
6215,6,0,6
6216,6,0,6
6217,6,0,6
6218,6,0,6
6219,5,0,5
6220,5,0,5
6221,5,0,5
6222,5,0,5
6223,5,0,5
6224,5,0,5
6225,5,0,5
6226,5,0,5
6227,5,0,5
6228,5,0,5
6229,5,0,5
6230,5,0,5
6231,5,0,5
6232,5,0,5
6233,5,0,5
6234,5,0,5
6235,5,0,5
6236,5,0,5
6237,5,0,5
6238,5,0,5
6239,5,0,5
6240,5,0,5
6241,5,0,5
6242,5,0,5
6243,5,0,5
6244,5,0,5
6245,4,0,4
6246,4,0,4
6247,4,0,4
6248,4,0,4
6249,4,0,4
6250,4,0,4
6251,4,0,4
6252,4,0,4
6253,4,0,4
6254,4,0,4
6255,5,0,5
6256,5,0,5
6257,5,0,5
6258,5,0,5
6259,5,0,5
6260,5,0,5
6261,5,0,5
6262,5,0,5
6263,5,0,5
6264,5,0,5
6265,4,0,4
6266,4,0,4
6267,4,0,4
6268,4,0,4
6269,4,0,4
6270,4,0,4
6271,4,0,4
6272,4,0,4
6273,4,0,4
6274,4,0,4
6275,4,0,4
6276,4,0,4
6277,4,0,4
6278,4,0,4
6279,4,0,4
6280,4,0,4
6281,4,0,4
6282,4,0,4
6283,4,0,4
6284,4,0,4
6285,4,0,4
6286,4,0,4
6287,4,0,4
6288,4,0,4
6289,4,0,4
6290,4,0,4
6291,4,0,4
6292,4,0,4
6293,4,0,4
6294,4,0,4
6295,5,0,5
6296,5,0,5
6297,5,0,5
6298,5,0,5
6299,4,0,4
6300,4,0,4
6301,4,0,4
6302,4,0,4
6303,4,0,4
6304,4,0,4
6305,3,0,3
6306,3,0,3
6307,3,0,3
6308,3,0,3
6309,3,0,3
6310,3,0,3
6311,3,0,3
6312,4,0,4
6313,4,0,4
6314,4,0,4
6315,4,0,4
6316,4,0,4
6317,4,0,4
6318,4,0,4
6319,4,0,4
6320,4,0,4
6321,4,0,4
6322,4,0,4
6323,4,0,4
6324,4,0,4
6325,4,0,4
6326,4,0,4
6327,4,0,4
6328,6,0,6
6329,6,0,6
6330,6,0,6
6331,6,0,6
6332,6,0,6
6333,6,0,6
6334,6,0,6
6335,6,0,6
6336,6,0,6
6337,6,0,6
6338,6,0,6
6339,6,0,6
6340,6,0,6
6341,6,0,6
6342,6,0,6
6343,6,0,6
6344,6,0,6
6345,6,0,6
6346,6,0,6
6347,6,0,6
6348,6,0,6
6349,7,0,7
6350,7,0,7
6351,7,0,7
6352,7,0,7
6353,7,0,7
6354,7,0,7
6355,7,0,7
6356,7,0,7
6357,7,0,7
6358,7,0,7
6359,7,0,7
6360,7,0,7
6361,8,0,8
6362,8,0,8
6363,8,0,8
6364,8,0,8
6365,8,0,8
6366,8,0,8
6367,8,0,8
6368,8,0,8
6369,8,0,8
6370,8,0,8
6371,8,0,8
6372,8,0,8
6373,9,0,9
6374,9,0,9
6375,9,0,9
6376,9,0,9
6377,9,0,9
6378,9,0,9
6379,9,0,9
6380,9,0,9
6381,9,0,9
6382,9,0,9
6383,9,0,9
6384,9,0,9
6385,9,0,9
6386,9,0,9
6387,9,0,9
6388,9,0,9
6389,9,0,9
6390,9,0,9
6391,9,0,9
6392,10,0,10
6393,9,0,9
6394,9,0,9
6395,9,0,9
6396,9,0,9
6397,7,0,7
6398,8,0,8
6399,8,0,8
6400,8,0,8
6401,8,0,8
6402,8,0,8
6403,7,0,7
6404,7,0,7
6405,7,0,7
6406,7,0,7
6407,7,0,7
6408,7,0,7
6409,7,0,7
6410,6,1,7
6411,6,1,7
6412,5,1,6
6413,5,1,6
6414,5,1,6
6415,5,1,6
6416,5,1,6
6417,5,1,6
6418,5,1,6
6419,4,1,5
6420,4,1,5
6421,4,1,5
6422,4,1,5
6423,4,1,5
6424,4,1,5
6425,4,1,5
6426,4,1,5
6427,4,1,5
6428,4,1,5
6429,4,1,5
6430,4,1,5
6431,4,1,5
6432,4,1,5
6433,4,1,5
6434,2,1,3
6435,2,1,3
6436,2,1,3
6437,2,1,3
6438,3,0,3
6439,3,0,3
6440,3,0,3
6441,3,0,3
6442,3,0,3
6443,3,0,3
6444,3,0,3
6445,3,0,3
6446,3,0,3
6447,3,0,3
6448,3,0,3
6449,3,0,3
6450,3,0,3
6451,3,0,3
6452,2,0,2
6453,2,0,2
6454,2,0,2
6455,2,0,2
6456,2,0,2
6457,2,0,2
6458,2,0,2
6459,2,0,2
6460,2,0,2
6461,2,0,2
6462,2,0,2
6463,2,0,2
6464,2,0,2
6465,2,0,2
6466,2,0,2
6467,2,0,2
6468,3,0,3
6469,3,0,3
6470,3,0,3
6471,3,0,3
6472,4,0,4
6473,4,0,4
6474,4,0,4
6475,4,0,4
6476,4,0,4
6477,4,0,4
6478,4,0,4
6479,4,0,4
6480,4,0,4
6481,4,0,4
6482,4,0,4
6483,4,0,4
6484,4,0,4
6485,4,0,4
6486,4,0,4
6487,4,0,4
6488,4,0,4
6489,4,0,4
6490,3,0,3
6491,3,0,3
6492,3,0,3
6493,3,0,3
6494,3,0,3
6495,3,0,3
6496,3,0,3
6497,3,0,3
6498,3,0,3
6499,3,0,3
6500,3,0,3
6501,3,0,3
6502,3,0,3
6503,3,0,3
6504,3,0,3
6505,3,0,3
6506,3,0,3
6507,3,0,3
6508,3,0,3
6509,3,0,3
6510,3,0,3
6511,3,0,3
6512,3,0,3
6513,3,0,3
6514,3,0,3
6515,3,0,3
6516,3,0,3
6517,3,0,3
6518,3,0,3
6519,3,0,3
6520,3,0,3
6521,3,0,3
6522,3,0,3
6523,3,0,3
6524,3,0,3
6525,3,0,3
6526,3,0,3
6527,3,0,3
6528,3,0,3
6529,3,0,3
6530,3,0,3
6531,3,0,3
6532,3,0,3
6533,3,0,3
6534,3,0,3
6535,3,0,3
6536,3,0,3
6537,3,0,3
6538,3,0,3
6539,2,0,2
6540,2,0,2
6541,2,0,2
6542,2,0,2
6543,2,0,2
6544,2,0,2
6545,2,0,2
6546,2,0,2
6547,2,0,2
6548,2,0,2
6549,2,0,2
6550,2,0,2
6551,2,0,2
6552,2,0,2
6553,2,0,2
6554,2,0,2
6555,1,0,1
6556,1,0,1
6557,2,0,2
6558,2,0,2
6559,2,0,2
6560,2,0,2
6561,2,0,2
6562,2,0,2
6563,2,0,2
6564,2,0,2
6565,2,0,2
6566,2,0,2
6567,2,0,2
6568,2,0,2
6569,2,0,2
6570,2,0,2
6571,2,0,2
6572,2,0,2
6573,2,0,2
6574,2,0,2
6575,2,0,2
6576,2,0,2
6577,2,0,2
6578,2,0,2
6579,2,0,2
6580,2,0,2
6581,2,0,2
6582,2,0,2
6583,2,0,2
6584,2,0,2
6585,2,0,2
6586,2,0,2
6587,2,0,2
6588,2,0,2
6589,2,0,2
6590,2,0,2
6591,2,0,2
6592,2,0,2
6593,2,0,2
6594,2,0,2
6595,2,0,2
6596,2,0,2
6597,2,0,2
6598,2,0,2
6599,2,0,2
6600,2,0,2
6601,2,0,2
6602,2,0,2
6603,2,0,2
6604,2,0,2
6605,2,0,2
6606,1,0,1
6607,1,0,1
6608,1,0,1
6609,1,0,1
6610,1,0,1
6611,1,0,1
6612,1,0,1
6613,1,0,1
6614,1,0,1
6615,1,0,1
6616,1,0,1
6617,1,0,1
6618,0,0,0
6619,1,0,1
6620,1,0,1
6621,1,0,1
6622,1,0,1
6623,1,0,1
6624,1,0,1
6625,1,0,1
6626,1,0,1
6627,1,0,1
6628,1,0,1
6629,1,0,1
6630,1,0,1
6631,1,0,1
6632,1,0,1
6633,1,0,1
6634,1,0,1
6635,1,0,1
6636,1,0,1
6637,1,0,1
6638,1,0,1
6639,1,0,1
6640,1,0,1
6641,1,0,1
6642,1,0,1
6643,1,0,1
6644,1,0,1
6645,1,0,1
6646,1,0,1
6647,1,0,1
6648,1,0,1
6649,1,0,1
6650,1,0,1
6651,1,0,1
6652,1,0,1
6653,1,0,1
6654,1,0,1
6655,1,0,1
6656,1,0,1
6657,1,0,1
6658,1,0,1
6659,0,0,0
6660,0,0,0
6661,0,0,0
6662,0,0,0
6663,0,0,0
6664,0,0,0
6665,1,0,1
6666,1,0,1
6667,1,0,1
6668,1,0,1
6669,1,0,1
6670,1,0,1
6671,1,0,1
6672,1,0,1
6673,1,0,1
6674,1,0,1
6675,1,0,1
6676,1,0,1
6677,1,0,1
6678,1,0,1
6679,1,0,1
6680,1,0,1
6681,1,0,1
6682,1,0,1
6683,1,0,1
6684,1,0,1
6685,1,0,1
6686,1,0,1
6687,1,0,1
6688,1,0,1
6689,1,0,1
6690,1,0,1
6691,1,0,1
6692,1,0,1
6693,1,0,1
6694,1,0,1
6695,1,0,1
6696,1,0,1
6697,1,0,1
6698,1,0,1
6699,1,0,1
6700,1,0,1
6701,1,0,1
6702,1,0,1
6703,1,0,1
6704,1,0,1
6705,1,0,1
6706,1,0,1
6707,1,0,1
6708,1,0,1
6709,1,0,1
6710,1,0,1
6711,1,0,1
6712,1,0,1
6713,1,0,1
6714,1,0,1
6715,1,0,1
6716,1,0,1
6717,1,0,1
6718,1,0,1
6719,1,0,1
6720,1,0,1
6721,1,0,1
6722,1,0,1
6723,1,0,1
6724,1,0,1
6725,1,0,1
6726,1,0,1
6727,1,0,1
6728,1,0,1
6729,1,0,1
6730,1,0,1
6731,1,0,1
6732,1,0,1
6733,1,0,1
6734,1,0,1
6735,1,0,1
6736,1,0,1
6737,1,0,1
6738,1,0,1
6739,1,0,1
6740,1,0,1
6741,1,0,1
6742,1,0,1
6743,1,0,1
6744,1,0,1
6745,1,0,1
6746,1,0,1
6747,1,0,1
6748,1,0,1
6749,1,0,1
6750,1,0,1
6751,1,0,1
6752,1,0,1
6753,1,0,1
6754,1,0,1
6755,1,0,1
6756,1,0,1
6757,1,0,1
6758,1,0,1
6759,1,0,1
6760,1,0,1
6761,1,0,1
6762,1,0,1
6763,1,0,1
6764,1,0,1
6765,1,0,1
6766,1,0,1
6767,1,0,1
6768,1,0,1
6769,1,0,1
6770,1,0,1
6771,1,0,1
6772,1,0,1
6773,1,0,1
6774,1,0,1
6775,1,0,1
6776,1,0,1
6777,1,0,1
6778,1,0,1
6779,1,0,1
6780,1,0,1
6781,1,0,1
6782,1,0,1
6783,1,0,1
6784,1,0,1
6785,1,0,1
6786,1,0,1
6787,1,0,1
6788,1,0,1
6789,1,0,1
6790,1,0,1
6791,1,0,1
6792,1,0,1
6793,1,0,1
6794,1,0,1
6795,1,0,1
6796,1,0,1
6797,1,0,1
6798,1,0,1
6799,1,0,1
6800,1,0,1
6801,1,0,1
6802,1,0,1
6803,1,0,1
6804,1,0,1
6805,1,0,1
6806,1,0,1
6807,1,0,1
6808,1,0,1
6809,1,0,1
6810,1,0,1
6811,1,0,1
6812,1,0,1
6813,1,0,1
6814,1,0,1
6815,1,0,1
6816,1,0,1
6817,1,0,1
6818,1,0,1
6819,1,0,1
6820,1,0,1
6821,1,0,1
6822,1,0,1
6823,1,0,1
6824,1,0,1
6825,1,0,1
6826,1,0,1
6827,1,0,1
6828,1,0,1
6829,1,0,1
6830,1,0,1
6831,1,0,1
6832,1,0,1
6833,1,0,1
6834,1,0,1
6835,1,0,1
6836,1,0,1
6837,1,0,1
6838,1,0,1
6839,1,0,1
6840,1,0,1
6841,1,0,1
6842,1,0,1
6843,1,0,1
6844,1,0,1
6845,1,0,1
6846,1,0,1
6847,1,0,1
6848,1,0,1
6849,1,0,1
6850,1,0,1
6851,1,0,1
6852,1,0,1
6853,1,0,1
6854,1,0,1
6855,1,0,1
6856,1,0,1
6857,1,0,1
6858,1,0,1
6859,1,0,1
6860,1,0,1
6861,1,0,1
6862,1,0,1
6863,1,0,1
6864,1,0,1
6865,1,0,1
6866,1,0,1
6867,1,0,1
6868,1,0,1
6869,1,0,1
6870,1,0,1
6871,1,0,1
6872,1,0,1
6873,1,0,1
6874,0,0,0
6875,0,0,0
6876,0,0,0
6877,0,0,0
6878,0,0,0
6879,0,0,0
6880,0,0,0
6881,0,0,0
6882,0,0,0
6883,0,0,0
6884,0,0,0
6885,0,0,0
6886,0,0,0
6887,0,0,0
6888,0,0,0
6889,0,0,0
6890,0,0,0
6891,0,0,0
6892,0,0,0
6893,0,0,0
6894,0,0,0
6895,0,0,0
6896,0,0,0
6897,0,0,0
6898,0,0,0
6899,0,0,0
6900,0,0,0
6901,0,0,0
6902,0,0,0
6903,0,0,0
6904,0,0,0
6905,0,0,0
6906,0,0,0
6907,0,0,0
6908,0,0,0
6909,0,0,0
6910,0,0,0
6911,0,0,0
6912,0,0,0
6913,0,0,0
6914,0,0,0
6915,0,0,0
6916,0,0,0
6917,0,0,0
6918,0,0,0
6919,0,0,0
6920,0,0,0
6921,0,0,0
6922,0,0,0
6923,0,0,0
6924,0,0,0
6925,0,0,0
6926,0,0,0
6927,0,0,0
6928,0,0,0
6929,0,0,0
6930,0,0,0
6931,0,0,0
6932,0,0,0
6933,0,0,0
6934,0,0,0
6935,0,0,0
6936,0,0,0
6937,0,0,0
6938,0,0,0
6939,0,0,0
6940,0,0,0
6941,0,0,0
6942,0,0,0
6943,0,0,0
6944,0,0,0
6945,0,0,0
6946,0,0,0
6947,0,0,0
6948,0,0,0
6949,0,0,0
6950,0,0,0
6951,0,0,0
6952,0,0,0
6953,0,0,0
6954,0,0,0
6955,0,0,0
6956,0,0,0
6957,0,0,0
6958,0,0,0
6959,0,0,0
6960,0,0,0
6961,0,0,0
6962,0,0,0
6963,0,0,0
6964,0,0,0
6965,0,0,0
6966,0,0,0
6967,0,0,0
6968,0,0,0
6969,0,0,0
6970,0,0,0
6971,0,0,0
6972,0,0,0
6973,0,0,0
6974,0,0,0
6975,0,0,0
6976,0,0,0
6977,0,0,0
6978,0,0,0
6979,0,0,0
6980,0,0,0
6981,0,0,0
6982,0,0,0
6983,0,0,0
6984,0,0,0
6985,0,0,0
6986,0,0,0
6987,0,0,0
6988,0,0,0
6989,0,0,0
6990,0,0,0
6991,0,0,0
6992,0,0,0
6993,0,0,0
6994,0,0,0
6995,0,0,0
6996,0,0,0
6997,0,0,0
6998,0,0,0
6999,0,0,0
7000,0,0,0
7001,0,0,0
7002,0,0,0
7003,0,0,0
7004,0,0,0
7005,0,0,0
7006,0,0,0
7007,0,0,0
7008,0,0,0
7009,0,0,0
7010,0,0,0
7011,0,0,0
7012,0,0,0
7013,0,0,0
7014,0,0,0
7015,0,0,0
7016,0,0,0
7017,0,0,0
7018,0,0,0
7019,0,0,0
7020,0,0,0
7021,0,0,0
7022,0,0,0
7023,0,0,0
7024,0,0,0
7025,0,0,0
7026,0,0,0
7027,0,0,0
7028,0,0,0
7029,0,0,0
7030,0,0,0
7031,0,0,0
7032,0,0,0
7033,0,0,0
7034,0,0,0
7035,0,0,0
7036,0,0,0
7037,0,0,0
7038,0,0,0
7039,0,0,0
7040,0,0,0
7041,0,0,0
7042,0,0,0
7043,0,0,0
7044,0,0,0
7045,0,0,0
7046,0,0,0
7047,0,0,0
7048,0,0,0
7049,0,0,0
7050,0,0,0
7051,0,0,0
7052,0,0,0
7053,0,0,0
7054,0,0,0
7055,0,0,0
7056,0,0,0
7057,0,0,0
7058,0,0,0
7059,0,0,0
7060,0,0,0
7061,0,0,0
7062,0,0,0
7063,0,0,0
7064,0,0,0
7065,0,0,0
7066,0,0,0
7067,0,0,0
7068,0,0,0
7069,0,0,0
7070,0,0,0
7071,0,0,0
7072,0,0,0
7073,0,0,0
7074,0,0,0
7075,0,0,0
7076,0,0,0
7077,0,0,0
7078,0,0,0
7079,0,0,0
7080,0,0,0
7081,0,0,0
7082,0,0,0
7083,0,0,0
7084,0,0,0
7085,0,0,0
7086,0,0,0
7087,0,0,0
7088,0,0,0
7089,0,0,0
7090,0,0,0
7091,0,0,0
7092,0,0,0
7093,0,0,0
7094,0,0,0
7095,0,0,0
7096,0,0,0
7097,0,0,0
7098,0,0,0
7099,0,0,0
7100,0,0,0
7101,0,0,0
7102,0,0,0
7103,0,0,0
7104,0,0,0
7105,0,0,0
7106,0,0,0
7107,0,0,0
7108,0,0,0
7109,0,0,0
7110,0,0,0
7111,0,0,0
7112,0,0,0
7113,0,0,0
7114,0,0,0
7115,0,0,0
7116,0,0,0
7117,0,0,0
7118,0,0,0
7119,0,0,0
7120,0,0,0
7121,0,0,0
7122,0,0,0
7123,0,0,0
7124,0,0,0
7125,0,0,0
7126,0,0,0
7127,0,0,0
7128,0,0,0
7129,0,0,0
7130,0,0,0
7131,0,0,0
7132,0,0,0
7133,0,0,0
7134,0,0,0
7135,0,0,0
7136,0,0,0
7137,0,0,0
7138,0,0,0
7139,0,0,0
7140,0,0,0
7141,0,0,0
7142,0,0,0
7143,0,0,0
7144,0,0,0
7145,0,0,0
7146,0,0,0
7147,0,0,0
7148,0,0,0
7149,0,0,0
7150,0,0,0
7151,0,0,0
7152,0,0,0
7153,0,0,0
7154,0,0,0
7155,0,0,0
7156,0,0,0
7157,0,0,0
7158,0,0,0
7159,0,0,0
7160,0,0,0
7161,0,0,0
7162,0,0,0
7163,0,0,0
7164,0,0,0
7165,0,0,0
7166,0,0,0
7167,0,0,0
7168,0,0,0
7169,0,0,0
7170,0,0,0
7171,0,0,0
7172,0,0,0
7173,0,0,0
7174,0,0,0
7175,0,0,0
7176,0,0,0
7177,0,0,0
7178,0,0,0
7179,0,0,0
7180,0,0,0
7181,0,0,0
7182,0,0,0
7183,0,0,0
7184,0,0,0
7185,0,0,0
7186,0,0,0
7187,0,0,0
7188,0,0,0
7189,0,0,0
7190,0,0,0
7191,0,0,0
7192,0,0,0
7193,0,0,0
7194,0,0,0
7195,0,0,0
7196,0,0,0
7197,0,0,0
7198,0,0,0
7199,0,0,0
7200,0,0,0
7201,0,0,0
7202,0,0,0
7203,0,0,0
7204,0,0,0
7205,0,0,0
7206,0,0,0
7207,0,0,0
7208,0,0,0
7209,0,0,0
7210,0,0,0
7211,0,0,0
7212,0,0,0
7213,0,0,0
7214,0,0,0
7215,0,0,0
7216,0,0,0
7217,0,0,0
7218,0,0,0
7219,0,0,0
7220,0,0,0
7221,0,0,0
7222,0,0,0
7223,0,0,0
7224,0,0,0
7225,0,0,0
7226,0,0,0
7227,0,0,0
7228,0,0,0
7229,0,0,0
7230,0,0,0
7231,0,0,0
7232,0,0,0
7233,0,0,0
7234,0,0,0
7235,0,0,0
7236,0,0,0
7237,0,0,0
7238,0,0,0
7239,0,0,0
7240,0,0,0
7241,0,0,0
7242,0,0,0
7243,0,0,0
7244,0,0,0
7245,0,0,0
7246,0,0,0
7247,0,0,0
7248,1,0,1
7249,1,0,1
7250,1,0,1
7251,1,0,1
7252,1,0,1
7253,1,0,1
7254,1,0,1
7255,1,0,1
7256,1,0,1
7257,1,0,1
7258,1,0,1
7259,1,0,1
7260,1,0,1
7261,1,0,1
7262,1,0,1
7263,1,0,1
7264,1,0,1
7265,1,0,1
7266,1,0,1
7267,1,0,1
7268,1,0,1
7269,1,0,1
7270,1,0,1
7271,1,0,1
7272,1,0,1
7273,1,0,1
7274,1,0,1
7275,1,0,1
7276,1,0,1
7277,1,0,1
7278,1,0,1
7279,1,0,1
7280,1,0,1
7281,1,0,1
7282,1,0,1
7283,1,0,1
7284,1,0,1
7285,1,0,1
7286,1,0,1
7287,1,0,1
7288,1,0,1
7289,1,0,1
7290,1,0,1
7291,1,0,1
7292,1,0,1
7293,1,0,1
7294,1,0,1
7295,1,0,1
7296,1,0,1
7297,1,0,1
7298,1,0,1
7299,1,0,1
7300,1,0,1
7301,1,0,1
7302,1,0,1
7303,1,0,1
7304,1,0,1
7305,1,0,1
7306,1,0,1
7307,1,0,1
7308,1,0,1
7309,1,0,1
7310,1,0,1
7311,1,0,1
7312,1,0,1
7313,1,0,1
7314,1,0,1
7315,1,0,1
7316,1,0,1
7317,1,0,1
7318,1,0,1
7319,1,0,1
7320,1,0,1
7321,1,0,1
7322,1,0,1
7323,1,0,1
7324,1,0,1
7325,1,0,1
7326,1,0,1
7327,1,0,1
7328,1,0,1
7329,0,0,0
7330,0,0,0
7331,0,0,0
7332,0,0,0
7333,0,0,0
7334,0,0,0
7335,0,0,0
7336,0,0,0
7337,0,0,0
7338,0,0,0
7339,0,0,0
7340,0,0,0
7341,0,0,0
7342,0,0,0
7343,0,0,0
7344,0,0,0
7345,0,0,0
7346,0,0,0
7347,0,0,0
7348,0,0,0
7349,0,0,0
7350,0,0,0
7351,0,0,0
7352,0,0,0
7353,0,0,0
7354,0,0,0
7355,0,0,0
7356,0,0,0
7357,0,0,0
7358,0,0,0
7359,0,0,0
7360,0,0,0
7361,0,0,0
7362,0,0,0
7363,0,0,0
7364,0,0,0
7365,0,0,0
7366,0,0,0
7367,0,0,0
7368,0,0,0
7369,0,0,0
7370,0,0,0
7371,0,0,0
7372,0,0,0
7373,0,0,0
7374,0,0,0
7375,0,0,0
7376,0,0,0
7377,0,0,0
7378,0,0,0
7379,0,0,0
7380,0,0,0
7381,0,0,0
7382,0,0,0
7383,0,0,0
7384,0,0,0
7385,0,0,0
7386,0,0,0
7387,0,0,0
7388,0,0,0
7389,0,0,0
7390,0,0,0
7391,0,0,0
7392,0,0,0
7393,0,0,0
7394,0,0,0
7395,0,0,0
7396,0,0,0
7397,0,0,0
7398,0,0,0
7399,0,0,0
7400,0,0,0
7401,0,0,0
7402,0,0,0
7403,0,0,0
7404,0,0,0
7405,0,0,0
7406,0,0,0
7407,0,0,0
7408,0,0,0
7409,0,0,0
7410,0,0,0
7411,0,0,0
7412,0,0,0
7413,0,0,0
7414,0,0,0
7415,0,0,0
7416,0,0,0
7417,1,0,1
7418,1,0,1
7419,1,0,1
7420,1,0,1
7421,1,0,1
7422,1,0,1
7423,1,0,1
7424,1,0,1
7425,1,0,1
7426,1,0,1
7427,1,0,1
7428,1,0,1
7429,1,0,1
7430,1,0,1
7431,1,0,1
7432,1,0,1
7433,1,0,1
7434,1,0,1
7435,1,0,1
7436,1,0,1
7437,1,0,1
7438,1,0,1
7439,1,0,1
7440,1,0,1
7441,1,0,1
7442,2,0,2
7443,2,0,2
7444,3,0,3
7445,3,0,3
7446,3,0,3
7447,3,0,3
7448,3,0,3
7449,3,0,3
7450,3,0,3
7451,3,0,3
7452,3,0,3
7453,3,0,3
7454,3,0,3
7455,3,0,3
7456,3,0,3
7457,3,0,3
7458,3,0,3
7459,3,0,3
7460,3,0,3
7461,3,0,3
7462,3,0,3
7463,3,0,3
7464,3,0,3
7465,3,0,3
7466,3,0,3
7467,3,0,3
7468,3,0,3
7469,3,0,3
7470,3,0,3
7471,3,0,3
7472,3,0,3
7473,3,0,3
7474,3,0,3
7475,3,0,3
7476,3,0,3
7477,3,0,3
7478,3,0,3
7479,3,0,3
7480,3,0,3
7481,3,0,3
7482,3,0,3
7483,3,0,3
7484,3,0,3
7485,3,0,3
7486,3,0,3
7487,3,0,3
7488,3,0,3
7489,3,0,3
7490,3,0,3
7491,3,0,3
7492,3,0,3
7493,3,0,3
7494,3,0,3
7495,3,0,3
7496,3,0,3
7497,3,0,3
7498,3,0,3
7499,2,0,2
7500,2,0,2
7501,2,0,2
7502,1,0,1
7503,1,0,1
7504,1,0,1
7505,1,0,1
7506,1,0,1
7507,1,0,1
7508,1,0,1
7509,1,0,1
7510,1,0,1
7511,1,0,1
7512,1,0,1
7513,0,0,0
7514,0,0,0
7515,0,0,0
7516,0,0,0
7517,0,0,0
7518,0,0,0
7519,0,0,0
7520,0,0,0
7521,0,0,0
7522,0,0,0
7523,0,0,0
7524,0,0,0
7525,0,0,0
7526,0,0,0
7527,0,0,0
7528,0,0,0
7529,0,0,0
7530,0,0,0
7531,0,0,0
7532,0,0,0
7533,0,0,0
7534,0,0,0
7535,0,0,0
7536,0,0,0
7537,0,0,0
7538,0,0,0
7539,1,0,1
7540,1,0,1
7541,1,0,1
7542,1,0,1
7543,1,0,1
7544,1,0,1
7545,1,0,1
7546,1,0,1
7547,1,0,1
7548,1,0,1
7549,1,0,1
7550,1,0,1
7551,1,0,1
7552,1,0,1
7553,1,0,1
7554,1,0,1
7555,1,0,1
7556,1,0,1
7557,1,0,1
7558,1,0,1
7559,1,0,1
7560,1,0,1
7561,1,0,1
7562,1,0,1
7563,1,0,1
7564,1,0,1
7565,1,0,1
7566,1,0,1
7567,1,0,1
7568,1,0,1
7569,1,0,1
7570,1,0,1
7571,1,0,1
7572,1,0,1
7573,1,0,1
7574,1,0,1
7575,1,0,1
7576,1,0,1
7577,1,0,1
7578,1,0,1
7579,1,0,1
7580,1,0,1
7581,1,0,1
7582,1,0,1
7583,1,0,1
7584,1,0,1
7585,1,0,1
7586,1,0,1
7587,1,0,1
7588,1,0,1
7589,1,0,1
7590,1,0,1
7591,1,0,1
7592,1,0,1
7593,1,0,1
7594,1,0,1
7595,1,0,1
7596,1,0,1
7597,1,0,1
7598,1,0,1
7599,1,0,1
7600,1,0,1
7601,1,0,1
7602,1,0,1
7603,1,0,1
7604,1,0,1
7605,1,0,1
7606,1,0,1
7607,1,0,1
7608,1,0,1
7609,1,0,1
7610,1,0,1
7611,1,0,1
7612,1,0,1
7613,1,0,1
7614,1,0,1
7615,1,0,1
7616,1,0,1
7617,1,0,1
7618,1,0,1
7619,1,0,1
7620,1,0,1
7621,1,0,1
7622,1,0,1
7623,1,0,1
7624,0,0,0
7625,0,0,0
7626,0,0,0
7627,0,0,0
7628,0,0,0
7629,0,0,0
7630,0,0,0
7631,0,0,0
7632,0,0,0
7633,0,0,0
7634,0,0,0
7635,0,0,0
7636,0,0,0
7637,0,0,0
7638,0,0,0
7639,0,0,0
7640,0,0,0
7641,0,0,0
7642,0,0,0
7643,0,0,0
7644,0,0,0
7645,0,0,0
7646,0,0,0
7647,0,0,0
7648,0,0,0
7649,0,0,0
7650,0,0,0
7651,0,0,0
7652,0,0,0
7653,0,0,0
7654,0,0,0
7655,0,0,0
7656,0,0,0
7657,0,0,0
7658,0,0,0
7659,0,0,0
7660,0,0,0
7661,0,0,0
7662,0,0,0
7663,0,0,0
7664,0,0,0
7665,0,0,0
7666,0,0,0
7667,0,0,0
7668,0,0,0
7669,0,0,0
7670,0,0,0
7671,0,0,0
7672,0,0,0
7673,0,0,0
7674,0,0,0
7675,0,0,0
7676,0,0,0
7677,0,0,0
7678,0,0,0
7679,0,0,0
7680,0,0,0
7681,0,0,0
7682,0,0,0
7683,0,0,0
7684,0,0,0
7685,0,0,0
7686,0,0,0
7687,0,0,0
7688,0,0,0
7689,0,0,0
7690,0,0,0
7691,0,0,0
7692,0,0,0
7693,0,0,0
7694,0,0,0
7695,0,0,0
7696,0,0,0
7697,0,0,0
7698,1,0,1
7699,1,0,1
7700,0,1,1
7701,0,1,1
7702,0,1,1
7703,0,1,1
7704,0,1,1
7705,0,1,1
7706,0,1,1
7707,0,1,1
7708,0,1,1
7709,0,1,1
7710,0,1,1
7711,0,1,1
7712,0,1,1
7713,0,1,1
7714,0,1,1
7715,0,1,1
7716,0,1,1
7717,0,1,1
7718,0,1,1
7719,0,1,1
7720,0,1,1
7721,0,1,1
7722,0,1,1
7723,0,1,1
7724,0,1,1
7725,0,1,1
7726,0,1,1
7727,0,1,1
7728,0,1,1
7729,0,1,1
7730,1,0,1
7731,1,0,1
7732,1,0,1
7733,1,0,1
7734,1,0,1
7735,1,0,1
7736,1,0,1
7737,1,0,1
7738,1,0,1
7739,1,0,1
7740,1,0,1
7741,1,0,1
7742,1,0,1
7743,1,0,1
7744,1,0,1
7745,1,0,1
7746,1,0,1
7747,1,0,1
7748,1,0,1
7749,1,0,1
7750,1,0,1
7751,1,0,1
7752,1,0,1
7753,1,0,1
7754,1,0,1
7755,1,0,1
7756,1,0,1
7757,1,0,1
7758,1,0,1
7759,1,0,1
7760,1,0,1
7761,1,0,1
7762,1,0,1
7763,1,0,1
7764,1,0,1
7765,1,0,1
7766,1,0,1
7767,1,0,1
7768,1,0,1
7769,1,0,1
7770,1,0,1
7771,1,0,1
7772,1,0,1
7773,1,0,1
7774,1,0,1
7775,1,0,1
7776,1,0,1
7777,1,0,1
7778,0,0,0
7779,0,0,0
7780,0,0,0
7781,0,0,0
7782,0,0,0
7783,0,0,0
7784,0,0,0
7785,0,0,0
7786,0,0,0
7787,0,0,0
7788,0,0,0
7789,0,0,0
7790,0,0,0
7791,0,0,0
7792,0,0,0
7793,0,0,0
7794,0,0,0
7795,0,0,0
7796,0,0,0
7797,0,0,0
7798,0,0,0
7799,0,0,0
7800,0,0,0
7801,0,0,0
7802,0,0,0
7803,0,0,0
7804,0,0,0
7805,0,0,0
7806,0,0,0
7807,0,0,0
7808,0,0,0
7809,0,0,0
7810,0,0,0
7811,0,0,0
7812,0,0,0
7813,0,0,0
7814,0,0,0
7815,0,0,0
7816,0,0,0
7817,0,0,0
7818,0,0,0
7819,0,0,0
7820,0,0,0
7821,0,0,0
7822,0,0,0
7823,0,0,0
7824,0,0,0
7825,0,0,0
7826,0,0,0
7827,0,0,0
7828,0,0,0
7829,0,0,0
7830,0,0,0
7831,0,0,0
7832,0,0,0
7833,0,0,0
7834,0,0,0
7835,0,0,0
7836,0,0,0
7837,0,0,0
7838,0,0,0
7839,0,0,0
7840,0,0,0
7841,0,0,0
7842,0,0,0
7843,0,0,0
7844,0,0,0
7845,0,0,0
7846,0,0,0
7847,0,0,0
7848,0,0,0
7849,0,0,0
7850,0,0,0
7851,0,0,0
7852,0,0,0
7853,0,0,0
7854,0,0,0
7855,0,0,0
7856,0,0,0
7857,0,0,0
7858,0,0,0
7859,0,0,0
7860,0,0,0
7861,0,0,0
7862,0,0,0
7863,0,0,0
7864,0,0,0
7865,0,0,0
7866,0,0,0
7867,0,0,0
7868,0,0,0
7869,0,0,0
7870,0,0,0
7871,0,0,0
7872,0,0,0
7873,0,0,0
7874,0,0,0
7875,0,0,0
7876,0,0,0
7877,0,0,0
7878,0,0,0
7879,0,0,0
7880,0,0,0
7881,0,0,0
7882,0,0,0
7883,0,0,0
7884,0,0,0
7885,0,0,0
7886,0,0,0
7887,0,0,0
7888,0,0,0
7889,0,0,0
7890,0,0,0
7891,0,0,0
7892,0,0,0
7893,0,0,0
7894,0,0,0
7895,0,0,0
7896,0,0,0
7897,0,0,0
7898,1,0,1
7899,1,0,1
7900,1,0,1
7901,1,0,1
7902,1,0,1
7903,1,0,1
7904,1,0,1
7905,1,0,1
7906,1,0,1
7907,1,0,1
7908,1,0,1
7909,1,0,1
7910,1,0,1
7911,1,0,1
7912,1,0,1
7913,1,0,1
7914,1,0,1
7915,1,0,1
7916,1,0,1
7917,1,0,1
7918,1,0,1
7919,1,0,1
7920,1,0,1
7921,1,0,1
7922,1,0,1
7923,1,0,1
7924,1,0,1
7925,1,0,1
7926,1,0,1
7927,1,0,1
7928,1,0,1
7929,1,0,1
7930,1,0,1
7931,1,0,1
7932,1,0,1
7933,1,0,1
7934,1,0,1
7935,1,0,1
7936,1,0,1
7937,1,0,1
7938,1,0,1
7939,1,0,1
7940,1,0,1
7941,1,0,1
7942,1,0,1
7943,1,0,1
7944,1,0,1
7945,1,0,1
7946,1,0,1
7947,1,0,1
7948,1,0,1
7949,1,0,1
7950,1,0,1
7951,1,0,1
7952,1,0,1
7953,0,0,0
7954,0,0,0
7955,0,0,0
7956,0,0,0
7957,0,0,0
7958,0,0,0
7959,0,0,0
7960,0,0,0
7961,0,0,0
7962,0,0,0
7963,0,0,0
7964,0,0,0
7965,0,0,0
7966,0,0,0
7967,0,0,0
7968,0,0,0
7969,0,0,0
7970,0,0,0
7971,0,0,0
7972,0,0,0
7973,0,0,0
7974,0,0,0
7975,0,0,0
7976,0,0,0
7977,0,0,0
7978,0,0,0
7979,0,0,0
7980,0,0,0
7981,0,0,0
7982,0,0,0
7983,0,0,0
7984,0,0,0
7985,0,0,0
7986,0,0,0
7987,0,0,0
7988,0,0,0
7989,0,0,0
7990,0,0,0
7991,0,0,0
7992,0,0,0
7993,0,0,0
7994,0,0,0
7995,0,0,0
7996,0,0,0
7997,0,0,0
7998,0,0,0
7999,0,0,0
8000,0,0,0
8001,0,0,0
8002,0,0,0
8003,0,0,0
8004,0,0,0
8005,0,0,0
8006,0,0,0
8007,0,0,0
8008,0,0,0
8009,0,0,0
8010,0,0,0
8011,0,0,0
8012,0,0,0
8013,0,0,0
8014,0,0,0
8015,0,0,0
8016,0,0,0
8017,0,0,0
8018,0,0,0
8019,0,0,0
8020,0,0,0
8021,0,0,0
8022,0,0,0
8023,0,0,0
8024,0,0,0
8025,0,0,0
8026,0,0,0
8027,0,0,0
8028,0,0,0
8029,0,0,0
8030,0,0,0
8031,0,0,0
8032,0,0,0
8033,0,0,0
8034,0,0,0
8035,0,0,0
8036,0,0,0
8037,0,0,0
8038,0,0,0
8039,0,0,0
8040,0,0,0
8041,0,0,0
8042,0,0,0
8043,0,0,0
8044,0,0,0
8045,0,0,0
8046,0,0,0
8047,0,0,0
8048,0,0,0
8049,0,0,0
8050,0,0,0
8051,0,0,0
8052,0,0,0
8053,0,0,0
8054,0,0,0
8055,0,0,0
8056,0,0,0
8057,0,0,0
8058,0,0,0
8059,0,0,0
8060,0,0,0
8061,0,0,0
8062,0,0,0
8063,0,0,0
8064,0,0,0
8065,0,0,0
8066,0,0,0
8067,0,0,0
8068,0,0,0
8069,0,0,0
8070,0,0,0
8071,0,0,0
8072,0,0,0
8073,0,0,0
8074,0,0,0
8075,0,0,0
8076,0,0,0
8077,0,0,0
8078,0,0,0
8079,0,0,0
8080,0,0,0
8081,0,0,0
8082,0,0,0
8083,0,0,0
8084,0,0,0
8085,0,0,0
8086,0,0,0
8087,0,0,0
8088,0,0,0
8089,0,0,0
8090,0,0,0
8091,0,0,0
8092,0,0,0
8093,0,0,0
8094,0,0,0
8095,0,0,0
8096,0,0,0
8097,0,0,0
8098,0,0,0
8099,0,0,0
8100,0,0,0
8101,0,0,0
8102,0,0,0
8103,0,0,0
8104,0,0,0
8105,0,0,0
8106,0,0,0
8107,0,0,0
8108,0,0,0
8109,0,0,0
8110,0,0,0
8111,0,0,0
8112,0,0,0
8113,0,0,0
8114,0,0,0
8115,0,0,0
8116,0,0,0
8117,0,0,0
8118,0,0,0
8119,0,0,0
8120,0,0,0
8121,0,0,0
8122,0,0,0
8123,0,0,0
8124,0,0,0
8125,0,0,0
8126,0,0,0
8127,0,0,0
8128,0,0,0
8129,0,0,0
8130,0,0,0
8131,0,0,0
8132,0,0,0
8133,0,0,0
8134,0,0,0
8135,0,0,0
8136,0,0,0
8137,0,0,0
8138,0,0,0
8139,0,0,0
8140,0,0,0
8141,0,0,0
8142,0,0,0
8143,0,0,0
8144,0,0,0
8145,0,0,0
8146,0,0,0
8147,0,0,0
8148,0,0,0
8149,0,0,0
8150,0,0,0
8151,0,0,0
8152,0,0,0
8153,0,0,0
8154,0,0,0
8155,0,0,0
8156,0,0,0
8157,0,0,0
8158,0,0,0
8159,0,0,0
8160,0,0,0
8161,0,0,0
8162,0,0,0
8163,0,0,0
8164,0,0,0
8165,0,0,0
8166,0,0,0
8167,0,0,0
8168,0,0,0
8169,0,0,0
8170,0,0,0
8171,0,0,0
8172,0,0,0
8173,0,0,0
8174,0,0,0
8175,0,0,0
8176,0,0,0
8177,0,0,0
8178,0,0,0
8179,0,0,0
8180,0,0,0
8181,0,0,0
8182,0,0,0
8183,0,0,0
8184,0,0,0
8185,0,0,0
8186,0,0,0
8187,0,0,0
8188,0,0,0
8189,0,0,0
8190,0,0,0
8191,0,0,0
8192,0,0,0
8193,0,0,0
8194,0,0,0
8195,0,0,0
8196,0,0,0
8197,0,0,0
8198,0,0,0
8199,0,0,0
8200,0,0,0
8201,0,0,0
8202,0,0,0
8203,0,0,0
8204,0,0,0
8205,0,0,0
8206,0,0,0
8207,0,0,0
8208,0,0,0
8209,0,0,0
8210,0,0,0
8211,0,0,0
8212,0,0,0
8213,0,0,0
8214,0,0,0
8215,0,0,0
8216,0,0,0
8217,0,0,0
8218,0,0,0
8219,0,0,0
8220,0,0,0
8221,0,0,0
8222,0,0,0
8223,0,0,0
8224,0,0,0
8225,0,0,0
8226,0,0,0
8227,0,0,0
8228,0,0,0
8229,0,0,0
8230,0,0,0
8231,0,0,0
8232,0,0,0
8233,0,0,0
8234,0,0,0
8235,0,0,0
8236,0,0,0
8237,0,0,0
8238,0,0,0
8239,0,0,0
8240,0,0,0
8241,0,0,0
8242,0,0,0
8243,0,0,0
8244,0,0,0
8245,0,0,0
8246,0,0,0
8247,0,0,0
8248,0,0,0
8249,0,0,0
8250,0,0,0
8251,0,0,0
8252,0,0,0
8253,0,0,0
8254,0,0,0
8255,0,0,0
8256,0,0,0
8257,0,0,0
8258,0,0,0
8259,0,0,0
8260,0,0,0
8261,0,0,0
8262,0,0,0
8263,0,0,0
8264,0,0,0
8265,0,0,0
8266,0,0,0
8267,0,0,0
8268,0,0,0
8269,0,0,0
8270,0,0,0
8271,0,0,0
8272,0,0,0
8273,0,0,0
8274,0,0,0
8275,0,0,0
8276,0,0,0
8277,0,0,0
8278,0,0,0
8279,0,0,0
8280,0,0,0
8281,0,0,0
8282,0,0,0
8283,0,0,0
8284,0,0,0
8285,0,0,0
8286,0,0,0
8287,0,0,0
8288,0,0,0
8289,0,0,0
8290,0,0,0
8291,0,0,0
8292,0,0,0
8293,0,0,0
8294,0,0,0
8295,0,0,0
8296,0,0,0
8297,0,0,0
8298,0,0,0
8299,0,0,0
8300,0,0,0
8301,0,0,0
8302,0,0,0
8303,0,0,0
8304,0,0,0
8305,0,0,0
8306,0,0,0
8307,0,0,0
8308,0,0,0
8309,0,0,0
8310,0,0,0
8311,0,0,0
8312,0,0,0
8313,0,0,0
8314,0,0,0
8315,0,0,0
8316,0,0,0
8317,0,0,0
8318,0,0,0
8319,0,0,0
8320,0,0,0
8321,0,0,0
8322,0,0,0
8323,0,0,0
8324,0,0,0
8325,0,0,0
8326,0,0,0
8327,0,0,0
8328,0,0,0
8329,0,0,0
8330,0,0,0
8331,0,0,0
8332,0,0,0
8333,0,0,0
8334,0,0,0
8335,0,0,0
8336,0,0,0
8337,0,0,0
8338,0,0,0
8339,0,0,0
8340,0,0,0
8341,0,0,0
8342,0,0,0
8343,0,0,0
8344,0,0,0
8345,0,0,0
8346,0,0,0
8347,0,0,0
8348,0,0,0
8349,0,0,0
8350,0,0,0
8351,0,0,0
8352,0,0,0
8353,0,0,0
8354,0,0,0
8355,0,0,0
8356,0,0,0
8357,0,0,0
8358,0,0,0
8359,0,0,0
8360,0,0,0
8361,0,0,0
8362,0,0,0
8363,0,0,0
8364,0,0,0
8365,0,0,0
8366,0,0,0
8367,0,0,0
8368,0,0,0
8369,0,0,0
8370,0,0,0
8371,0,0,0
8372,0,0,0
8373,0,0,0
8374,0,0,0
8375,0,0,0
8376,0,0,0
8377,0,0,0
8378,0,0,0
8379,0,0,0
8380,0,0,0
8381,0,0,0
8382,0,0,0
8383,0,0,0
8384,0,0,0
8385,0,0,0
8386,0,0,0
8387,0,0,0
8388,0,0,0
8389,0,0,0
8390,0,0,0
8391,0,0,0
8392,0,0,0
8393,0,0,0
8394,0,0,0
8395,0,0,0
8396,0,0,0
8397,0,0,0
8398,0,0,0
8399,0,0,0
8400,0,0,0
8401,0,0,0
8402,0,0,0
8403,0,0,0
8404,0,0,0
8405,0,0,0
8406,0,0,0
8407,0,0,0
8408,0,0,0
8409,0,0,0
8410,0,0,0
8411,0,0,0
8412,0,0,0
8413,0,0,0
8414,0,0,0
8415,0,0,0
8416,0,0,0
8417,0,0,0
8418,0,0,0
8419,0,0,0
8420,0,0,0
8421,0,0,0
8422,0,0,0
8423,0,0,0
8424,0,0,0
8425,0,0,0
8426,0,0,0
8427,0,0,0
8428,0,0,0
8429,0,0,0
8430,0,0,0
8431,0,0,0
8432,0,0,0
8433,0,0,0
8434,0,0,0
8435,0,0,0
8436,0,0,0
8437,0,0,0
8438,0,0,0
8439,0,0,0
8440,0,0,0
8441,0,0,0
8442,0,0,0
8443,0,0,0
8444,0,0,0
8445,0,0,0
8446,0,0,0
8447,0,0,0
8448,0,0,0
8449,0,0,0
8450,0,0,0
8451,0,0,0
8452,0,0,0
8453,0,0,0
8454,0,0,0
8455,0,0,0
8456,0,0,0
8457,0,0,0
8458,0,0,0
8459,0,0,0
8460,0,0,0
8461,0,0,0
8462,0,0,0
8463,0,0,0
8464,0,0,0
8465,0,0,0
8466,0,0,0
8467,0,0,0
8468,0,0,0
8469,0,0,0
8470,0,0,0
8471,0,0,0
8472,0,0,0
8473,0,0,0
8474,0,0,0
8475,0,0,0
8476,0,0,0
8477,0,0,0
8478,0,0,0
8479,0,0,0
8480,0,0,0
8481,0,0,0
8482,0,0,0
8483,0,0,0
8484,0,0,0
8485,0,0,0
8486,0,0,0
8487,0,0,0
8488,0,0,0
8489,0,0,0
8490,0,0,0
8491,0,0,0
8492,0,0,0
8493,0,0,0
8494,0,0,0
8495,0,0,0
8496,0,0,0
8497,0,0,0
8498,0,0,0
8499,0,0,0
8500,0,0,0
8501,0,0,0
8502,0,0,0
8503,0,0,0
8504,0,0,0
8505,0,0,0
8506,0,0,0
8507,0,0,0
8508,0,0,0
8509,0,0,0
8510,0,0,0
8511,0,0,0
8512,0,0,0
8513,0,0,0
8514,0,0,0
8515,0,0,0
8516,0,0,0
8517,0,0,0
8518,0,0,0
8519,0,0,0
8520,0,0,0
8521,0,0,0
8522,0,0,0
8523,0,0,0
8524,0,0,0
8525,0,0,0
8526,0,0,0
8527,0,0,0
8528,0,0,0
8529,0,0,0
8530,0,0,0
8531,0,0,0
8532,0,0,0
8533,0,0,0
8534,0,0,0
8535,0,0,0
8536,0,0,0
8537,0,0,0
8538,0,0,0
8539,0,0,0
8540,0,0,0
8541,0,0,0
8542,0,0,0
8543,0,0,0
8544,0,0,0
8545,0,0,0
8546,0,0,0
8547,0,0,0
8548,0,0,0
8549,0,0,0
8550,0,0,0
8551,0,0,0
8552,0,0,0
8553,0,0,0
8554,0,0,0
8555,0,0,0
8556,0,0,0
8557,0,0,0
8558,0,0,0
8559,0,0,0
8560,0,0,0
8561,0,0,0
8562,0,0,0
8563,0,0,0
8564,0,0,0
8565,0,0,0
8566,0,0,0
8567,0,0,0
8568,0,0,0
8569,0,0,0
8570,0,0,0
8571,0,0,0
8572,0,0,0
8573,0,0,0
8574,0,0,0
8575,0,0,0
8576,0,0,0
8577,0,0,0
8578,0,0,0
8579,0,0,0
8580,0,0,0
8581,0,0,0
8582,0,0,0
8583,0,0,0
8584,0,0,0
8585,0,0,0
8586,1,0,1
8587,1,0,1
8588,1,0,1
8589,1,0,1
8590,1,0,1
8591,1,0,1
8592,1,0,1
8593,1,0,1
8594,1,0,1
8595,1,0,1
8596,1,0,1
8597,1,0,1
8598,1,0,1
8599,1,0,1
8600,1,0,1
8601,1,0,1
8602,1,0,1
8603,1,0,1
8604,1,0,1
8605,1,0,1
8606,1,0,1
8607,1,0,1
8608,1,0,1
8609,1,0,1
8610,1,0,1
8611,1,0,1
8612,1,0,1
8613,1,0,1
8614,1,0,1
8615,1,0,1
8616,1,0,1
8617,1,0,1
8618,1,0,1
8619,1,0,1
8620,1,0,1
8621,1,0,1
8622,1,0,1
8623,1,0,1
8624,1,0,1
8625,1,0,1
8626,1,0,1
8627,1,0,1
8628,1,0,1
8629,1,0,1
8630,1,0,1
8631,1,0,1
8632,1,0,1
8633,1,0,1
8634,1,0,1
8635,1,0,1
8636,1,0,1
8637,1,0,1
8638,1,0,1
8639,1,0,1
8640,1,0,1
8641,1,0,1
8642,1,0,1
8643,1,0,1
8644,1,0,1
8645,1,0,1
8646,1,0,1
8647,1,0,1
8648,1,0,1
8649,1,0,1
8650,1,0,1
8651,1,0,1
8652,1,0,1
8653,1,0,1
8654,1,0,1
8655,1,0,1
8656,1,0,1
8657,1,0,1
8658,1,0,1
8659,1,0,1
8660,1,0,1
8661,1,0,1
8662,1,0,1
8663,1,0,1
8664,1,0,1
8665,1,0,1
8666,0,1,1
8667,0,1,1
8668,0,1,1
8669,0,1,1
8670,0,1,1
8671,0,1,1
8672,0,1,1
8673,0,1,1
8674,0,1,1
8675,0,1,1
8676,0,1,1
8677,0,1,1
8678,0,1,1
8679,1,0,1
8680,1,0,1
8681,1,0,1
8682,1,0,1
8683,1,0,1
8684,1,0,1
8685,1,0,1
8686,1,0,1
8687,1,0,1
8688,1,0,1
8689,1,0,1
8690,1,0,1
8691,1,0,1
8692,1,0,1
8693,1,0,1
8694,1,0,1
8695,1,0,1
8696,1,0,1
8697,1,0,1
8698,2,0,2
8699,2,0,2
8700,2,0,2
8701,2,0,2
8702,2,0,2
8703,2,0,2
8704,2,0,2
8705,2,0,2
8706,2,0,2
8707,2,0,2
8708,2,0,2
8709,2,0,2
8710,2,0,2
8711,2,0,2
8712,2,0,2
8713,2,0,2
8714,2,0,2
8715,2,0,2
8716,2,0,2
8717,2,0,2
8718,2,0,2
8719,2,0,2
8720,2,0,2
8721,2,0,2
8722,2,0,2
8723,2,0,2
8724,2,0,2
8725,2,0,2
8726,2,0,2
8727,2,0,2
8728,2,0,2
8729,2,0,2
8730,2,0,2
8731,2,0,2
8732,2,0,2
8733,2,0,2
8734,2,0,2
8735,1,0,1
8736,1,0,1
8737,1,0,1
8738,1,0,1
8739,1,0,1
8740,1,0,1
8741,1,0,1
8742,1,0,1
8743,1,0,1
8744,1,0,1
8745,1,0,1
8746,1,0,1
8747,1,0,1
8748,1,0,1
8749,1,0,1
8750,1,0,1
8751,1,0,1
8752,1,0,1
8753,1,0,1
8754,1,0,1
8755,1,0,1
8756,1,0,1
8757,1,0,1
8758,1,0,1
8759,1,0,1
8760,1,0,1
8761,1,0,1
8762,1,0,1
8763,1,0,1
8764,1,0,1
8765,1,0,1
8766,1,0,1
8767,1,0,1
8768,1,0,1
8769,1,0,1
8770,1,0,1
8771,1,0,1
8772,1,0,1
8773,1,0,1
8774,1,0,1
8775,1,0,1
8776,1,0,1
8777,1,0,1
8778,1,0,1
8779,1,0,1
8780,1,0,1
8781,1,0,1
8782,1,0,1
8783,1,0,1
8784,1,0,1
8785,1,0,1
8786,1,0,1
8787,1,0,1
8788,1,0,1
8789,1,0,1
8790,1,0,1
8791,1,0,1
8792,1,0,1
8793,1,0,1
8794,1,0,1
8795,1,0,1
8796,1,0,1
8797,1,0,1
8798,1,0,1
8799,1,0,1
8800,1,0,1
8801,1,0,1
8802,1,0,1
8803,1,0,1
8804,1,0,1
8805,1,0,1
8806,0,0,0
8807,0,0,0
8808,0,0,0
8809,0,0,0
8810,0,0,0
8811,0,0,0
8812,0,0,0
8813,0,0,0
8814,0,0,0
8815,0,0,0
8816,0,0,0
8817,0,0,0
8818,0,0,0
8819,0,0,0
8820,0,0,0
8821,0,0,0
8822,0,0,0
8823,0,0,0
8824,0,0,0
8825,0,0,0
8826,0,0,0
8827,0,0,0
8828,0,0,0
8829,0,0,0
8830,0,0,0
8831,0,0,0
8832,0,0,0
8833,0,0,0
8834,0,0,0
8835,0,0,0
8836,0,0,0
8837,0,0,0
8838,0,0,0
8839,0,0,0
8840,0,0,0
8841,0,0,0
8842,0,0,0
8843,0,0,0
8844,0,0,0
8845,0,0,0
8846,0,0,0
8847,0,0,0
8848,0,0,0
8849,0,0,0
8850,0,0,0
8851,0,0,0
8852,0,0,0
8853,0,0,0
8854,0,0,0
8855,0,0,0
8856,0,0,0
8857,0,0,0
8858,0,0,0
8859,0,0,0
8860,0,0,0
8861,0,0,0
8862,0,0,0
8863,0,0,0
8864,0,0,0
8865,0,0,0
8866,0,0,0
8867,0,0,0
8868,0,0,0
8869,0,0,0
8870,0,0,0
8871,0,0,0
8872,0,0,0
8873,0,0,0
8874,0,0,0
8875,0,0,0
8876,0,0,0
8877,0,0,0
8878,0,0,0
8879,0,0,0
8880,0,0,0
8881,0,0,0
8882,0,0,0
8883,0,0,0
8884,0,0,0
8885,0,0,0
8886,0,0,0
8887,0,0,0
8888,0,0,0
8889,0,0,0
8890,0,0,0
8891,0,0,0
8892,0,0,0
8893,0,0,0
8894,0,0,0
8895,0,0,0
8896,0,0,0
8897,0,0,0
8898,0,0,0
8899,0,0,0
8900,0,0,0
8901,0,0,0
8902,0,0,0
8903,0,0,0
8904,0,0,0
8905,0,0,0
8906,0,0,0
8907,0,0,0
8908,0,0,0
8909,0,0,0
8910,0,0,0
8911,0,0,0
8912,0,0,0
8913,0,0,0
8914,0,0,0
8915,0,0,0
8916,0,0,0
8917,0,0,0
8918,0,0,0
8919,0,0,0
8920,0,0,0
8921,0,0,0
8922,0,0,0
8923,0,0,0
8924,0,0,0
8925,0,0,0
8926,0,0,0
8927,0,0,0
8928,0,0,0
8929,0,0,0
8930,0,0,0
8931,0,0,0
8932,0,0,0
8933,0,0,0
8934,0,0,0
8935,0,0,0
8936,0,0,0
8937,0,0,0
8938,0,0,0
8939,0,0,0
8940,0,0,0
8941,0,0,0
8942,0,0,0
8943,0,0,0
8944,0,0,0
8945,0,0,0
8946,0,0,0
8947,0,0,0
8948,0,0,0
8949,0,0,0
8950,0,0,0
8951,0,0,0
8952,0,0,0
8953,0,0,0
8954,0,0,0
8955,0,0,0
8956,0,0,0
8957,0,0,0
8958,0,0,0
8959,0,0,0
8960,0,0,0
8961,0,0,0
8962,0,0,0
8963,0,0,0
8964,0,0,0
8965,0,0,0
8966,0,0,0
8967,0,0,0
8968,0,0,0
8969,0,0,0
8970,0,0,0
8971,0,0,0
8972,0,0,0
8973,0,0,0
8974,0,0,0
8975,0,0,0
8976,0,0,0
8977,0,0,0
8978,0,0,0
8979,0,0,0
8980,0,0,0
8981,0,0,0
8982,0,0,0
8983,0,0,0
8984,0,0,0
8985,0,0,0
8986,0,0,0
8987,0,0,0
8988,0,0,0
8989,0,0,0
8990,0,0,0
8991,0,0,0
8992,0,0,0
8993,0,0,0
8994,0,0,0
8995,0,0,0
8996,0,0,0
8997,0,0,0
8998,0,0,0
8999,0,0,0
9000,0,0,0
9001,0,0,0
9002,0,0,0
9003,0,0,0
9004,0,0,0
9005,0,0,0
9006,0,0,0
9007,0,0,0
9008,0,0,0
9009,0,0,0
9010,0,0,0
9011,0,0,0
9012,0,0,0
9013,0,0,0
9014,0,0,0
9015,0,0,0
9016,0,0,0
9017,0,0,0
9018,0,0,0
9019,0,0,0
9020,0,0,0
9021,0,0,0
9022,0,0,0
9023,0,0,0
9024,0,0,0
9025,0,0,0
9026,0,0,0
9027,0,0,0
9028,0,0,0
9029,0,0,0
9030,0,0,0
9031,0,0,0
9032,0,0,0
9033,0,0,0
9034,0,0,0
9035,0,0,0
9036,0,0,0
9037,0,0,0
9038,0,0,0
9039,0,0,0
9040,0,0,0
9041,0,0,0
9042,0,0,0
9043,0,0,0
9044,0,0,0
9045,0,0,0
9046,0,0,0
9047,0,0,0
9048,0,0,0
9049,0,0,0
9050,0,0,0
9051,0,0,0
9052,0,0,0
9053,0,0,0
9054,0,0,0
9055,0,0,0
9056,0,0,0
9057,0,0,0
9058,0,0,0
9059,0,0,0
9060,0,0,0
9061,0,0,0
9062,0,0,0
9063,0,0,0
9064,0,0,0
9065,0,0,0
9066,0,0,0
9067,0,0,0
9068,0,0,0
9069,0,0,0
9070,0,0,0
9071,0,0,0
9072,0,0,0
9073,0,0,0
9074,0,0,0
9075,0,0,0
9076,0,0,0
9077,0,0,0
9078,0,0,0
9079,0,0,0
9080,0,0,0
9081,0,0,0
9082,0,0,0
9083,0,0,0
9084,0,0,0
9085,0,0,0
9086,0,0,0
9087,0,0,0
9088,0,0,0
9089,0,0,0
9090,0,0,0
9091,0,0,0
9092,0,0,0
9093,0,0,0
9094,0,0,0
9095,0,0,0
9096,0,0,0
9097,0,0,0
9098,0,0,0
9099,0,0,0
9100,0,0,0
9101,0,0,0
9102,0,0,0
9103,0,0,0
9104,0,0,0
9105,0,0,0
9106,0,0,0
9107,0,0,0
9108,0,0,0
9109,0,0,0
9110,0,0,0
9111,0,0,0
9112,0,0,0
9113,0,0,0
9114,0,0,0
9115,0,0,0
9116,0,0,0
9117,0,0,0
9118,0,0,0
9119,0,0,0
9120,0,0,0
9121,0,0,0
9122,0,0,0
9123,0,0,0
9124,0,0,0
9125,0,0,0
9126,0,0,0
9127,0,0,0
9128,0,0,0
9129,0,0,0
9130,0,0,0
9131,0,0,0
9132,0,0,0
9133,0,0,0
9134,0,0,0
9135,0,0,0
9136,0,0,0
9137,0,0,0
9138,0,0,0
9139,0,0,0
9140,0,0,0
9141,0,0,0
9142,0,0,0
9143,0,0,0
9144,0,0,0
9145,0,0,0
9146,0,0,0
9147,0,0,0
9148,0,0,0
9149,0,0,0
9150,0,0,0
9151,0,0,0
9152,0,0,0
9153,0,0,0
9154,0,0,0
9155,0,0,0
9156,0,0,0
9157,0,0,0
9158,0,0,0
9159,0,0,0
9160,0,0,0
9161,0,0,0
9162,0,0,0
9163,0,0,0
9164,0,0,0
9165,0,0,0
9166,0,0,0
9167,0,0,0
9168,0,0,0
9169,1,0,1
9170,1,0,1
9171,0,1,1
9172,0,1,1
9173,0,1,1
9174,0,1,1
9175,0,1,1
9176,0,1,1
9177,0,1,1
9178,0,1,1
9179,0,1,1
9180,0,1,1
9181,0,1,1
9182,0,1,1
9183,0,1,1
9184,0,1,1
9185,0,1,1
9186,0,1,1
9187,0,1,1
9188,0,1,1
9189,0,1,1
9190,0,1,1
9191,0,1,1
9192,0,1,1
9193,0,1,1
9194,0,1,1
9195,0,1,1
9196,0,1,1
9197,0,1,1
9198,0,1,1
9199,0,1,1
9200,0,1,1
9201,0,1,1
9202,0,1,1
9203,1,1,2
9204,1,1,2
9205,1,1,2
9206,1,1,2
9207,1,1,2
9208,1,1,2
9209,1,1,2
9210,1,1,2
9211,1,1,2
9212,1,1,2
9213,1,1,2
9214,1,1,2
9215,1,1,2
9216,1,1,2
9217,1,1,2
9218,1,1,2
9219,1,1,2
9220,1,1,2
9221,1,1,2
9222,1,1,2
9223,1,1,2
9224,1,1,2
9225,1,1,2
9226,1,1,2
9227,1,1,2
9228,1,0,1
9229,1,0,1
9230,1,0,1
9231,1,0,1
9232,1,0,1
9233,1,0,1
9234,1,0,1
9235,1,0,1
9236,1,0,1
9237,1,0,1
9238,1,0,1
9239,1,0,1
9240,1,0,1
9241,1,0,1
9242,1,0,1
9243,1,0,1
9244,1,0,1
9245,1,0,1
9246,1,0,1
9247,1,0,1
9248,1,0,1
9249,1,0,1
9250,1,0,1
9251,1,0,1
9252,1,0,1
9253,1,0,1
9254,1,0,1
9255,1,0,1
9256,1,0,1
9257,1,0,1
9258,1,0,1
9259,1,0,1
9260,1,0,1
9261,1,0,1
9262,1,0,1
9263,1,0,1
9264,1,0,1
9265,1,0,1
9266,1,0,1
9267,1,0,1
9268,1,0,1
9269,0,0,0
9270,0,0,0
9271,0,0,0
9272,0,0,0
9273,0,0,0
9274,0,0,0
9275,0,0,0
9276,0,0,0
9277,0,0,0
9278,0,0,0
9279,0,0,0
9280,0,0,0
9281,0,0,0
9282,0,0,0
9283,0,0,0
9284,0,0,0
9285,0,0,0
9286,0,0,0
9287,0,0,0
9288,0,0,0
9289,0,0,0
9290,0,0,0
9291,0,0,0
9292,0,0,0
9293,0,0,0
9294,0,0,0
9295,0,0,0
9296,0,0,0
9297,0,0,0
9298,0,0,0
9299,0,0,0
9300,0,0,0
9301,0,0,0
9302,0,0,0
9303,0,0,0
9304,0,0,0
9305,0,0,0
9306,0,0,0
9307,0,0,0
9308,0,0,0
9309,0,0,0
9310,0,0,0
9311,0,0,0
9312,0,0,0
9313,0,0,0
9314,0,0,0
9315,0,0,0
9316,0,0,0
9317,0,0,0
9318,0,0,0
9319,0,0,0
9320,0,0,0
9321,0,0,0
9322,0,0,0
9323,0,0,0
9324,0,0,0
9325,0,0,0
9326,0,0,0
9327,0,0,0
9328,0,0,0
9329,0,0,0
9330,0,0,0
9331,0,0,0
9332,0,0,0
9333,0,0,0
9334,0,0,0
9335,0,0,0
9336,0,0,0
9337,0,0,0
9338,0,0,0
9339,0,0,0
9340,0,0,0
9341,0,0,0
9342,0,0,0
9343,0,0,0
9344,0,0,0
9345,0,0,0
9346,0,0,0
9347,0,0,0
9348,0,0,0
9349,0,0,0
9350,0,0,0
9351,0,0,0
9352,0,0,0
9353,0,0,0
9354,0,0,0
9355,0,0,0
9356,0,0,0
9357,0,0,0
9358,0,0,0
9359,0,0,0
9360,0,0,0
9361,0,0,0
9362,0,0,0
9363,0,0,0
9364,0,0,0
9365,0,0,0
9366,0,0,0
9367,0,0,0
9368,0,0,0
9369,0,0,0
9370,0,0,0
9371,0,0,0
9372,0,0,0
9373,0,0,0
9374,0,0,0
9375,0,0,0
9376,0,0,0
9377,0,0,0
9378,0,0,0
9379,0,0,0
9380,0,0,0
9381,0,0,0
9382,0,0,0
9383,0,0,0
9384,0,0,0
9385,0,0,0
9386,0,0,0
9387,0,0,0
9388,0,0,0
9389,0,0,0
9390,0,0,0
9391,0,0,0
9392,0,0,0
9393,0,0,0
9394,0,0,0
9395,0,0,0
9396,0,0,0
9397,0,0,0
9398,0,0,0
9399,0,0,0
9400,0,0,0
9401,0,0,0
9402,0,0,0
9403,0,0,0
9404,0,0,0
9405,0,0,0
9406,0,0,0
9407,0,0,0
9408,0,0,0
9409,0,0,0
9410,0,0,0
9411,0,0,0
9412,0,0,0
9413,0,0,0
9414,0,0,0
9415,0,0,0
9416,0,0,0
9417,0,0,0
9418,0,0,0
9419,0,0,0
9420,0,0,0
9421,0,0,0
9422,0,0,0
9423,0,0,0
9424,0,0,0
9425,0,0,0
9426,0,0,0
9427,0,0,0
9428,0,0,0
9429,0,0,0
9430,0,0,0
9431,0,0,0
9432,0,0,0
9433,0,0,0
9434,0,0,0
9435,0,0,0
9436,0,0,0
9437,0,0,0
9438,0,0,0
9439,0,0,0
9440,0,0,0
9441,0,0,0
9442,0,0,0
9443,0,0,0
9444,0,0,0
9445,0,0,0
9446,0,0,0
9447,0,0,0
9448,0,0,0
9449,0,0,0
9450,0,0,0
9451,0,0,0
9452,0,0,0
9453,0,0,0
9454,0,0,0
9455,0,0,0
9456,0,0,0
9457,0,0,0
9458,0,0,0
9459,0,0,0
9460,0,0,0
9461,0,0,0
9462,0,0,0
9463,0,0,0
9464,0,0,0
9465,0,0,0
9466,0,0,0
9467,0,0,0
9468,0,0,0
9469,0,0,0
9470,0,0,0
9471,0,0,0
9472,0,0,0
9473,0,0,0
9474,0,0,0
9475,0,0,0
9476,1,0,1
9477,1,0,1
9478,1,0,1
9479,1,0,1
9480,1,0,1
9481,1,0,1
9482,1,0,1
9483,1,0,1
9484,1,0,1
9485,1,0,1
9486,1,0,1
9487,1,0,1
9488,1,0,1
9489,1,0,1
9490,1,0,1
9491,1,0,1
9492,1,0,1
9493,1,0,1
9494,1,0,1
9495,1,0,1
9496,1,0,1
9497,1,0,1
9498,1,0,1
9499,1,0,1
9500,1,0,1
9501,1,0,1
9502,1,0,1
9503,1,0,1
9504,1,0,1
9505,1,0,1
9506,1,0,1
9507,1,0,1
9508,1,0,1
9509,1,0,1
9510,1,0,1
9511,1,0,1
9512,1,0,1
9513,1,0,1
9514,1,0,1
9515,1,0,1
9516,1,0,1
9517,1,0,1
9518,1,0,1
9519,1,0,1
9520,1,0,1
9521,1,0,1
9522,1,0,1
9523,1,0,1
9524,1,0,1
9525,1,0,1
9526,1,0,1
9527,1,0,1
9528,1,0,1
9529,1,0,1
9530,1,0,1
9531,1,0,1
9532,1,0,1
9533,1,0,1
9534,1,0,1
9535,1,0,1
9536,1,0,1
9537,1,0,1
9538,1,0,1
9539,1,0,1
9540,1,0,1
9541,1,0,1
9542,1,0,1
9543,1,0,1
9544,1,0,1
9545,1,0,1
9546,1,0,1
9547,1,0,1
9548,1,0,1
9549,1,0,1
9550,1,0,1
9551,1,0,1
9552,1,0,1
9553,1,0,1
9554,1,0,1
9555,1,0,1
9556,1,0,1
9557,1,0,1
9558,1,0,1
9559,1,0,1
9560,1,0,1
9561,1,0,1
9562,1,0,1
9563,1,0,1
9564,1,0,1
9565,1,0,1
9566,1,0,1
9567,1,0,1
9568,1,0,1
9569,1,0,1
9570,1,0,1
9571,1,0,1
9572,1,0,1
9573,1,0,1
9574,1,0,1
9575,1,0,1
9576,1,0,1
9577,1,0,1
9578,1,0,1
9579,1,0,1
9580,1,0,1
9581,1,0,1
9582,1,0,1
9583,2,0,2
9584,2,0,2
9585,2,0,2
9586,2,0,2
9587,2,0,2
9588,2,0,2
9589,2,0,2
9590,2,0,2
9591,2,0,2
9592,2,0,2
9593,2,0,2
9594,2,0,2
9595,2,0,2
9596,2,0,2
9597,2,0,2
9598,2,0,2
9599,2,0,2
9600,2,0,2
9601,2,0,2
9602,2,0,2
9603,2,0,2
9604,2,0,2
9605,2,0,2
9606,2,0,2
9607,2,0,2
9608,2,0,2
9609,2,0,2
9610,2,0,2
9611,2,0,2
9612,2,0,2
9613,2,0,2
9614,2,0,2
9615,2,0,2
9616,2,0,2
9617,2,0,2
9618,2,0,2
9619,2,0,2
9620,2,0,2
9621,2,0,2
9622,2,0,2
9623,2,0,2
9624,2,0,2
9625,2,0,2
9626,2,0,2
9627,2,0,2
9628,2,0,2
9629,2,0,2
9630,2,0,2
9631,2,0,2
9632,2,0,2
9633,2,0,2
9634,2,0,2
9635,2,0,2
9636,2,0,2
9637,2,0,2
9638,2,0,2
9639,2,0,2
9640,2,0,2
9641,2,0,2
9642,2,0,2
9643,2,0,2
9644,2,0,2
9645,2,0,2
9646,2,0,2
9647,2,0,2
9648,2,0,2
9649,2,0,2
9650,2,0,2
9651,2,0,2
9652,2,0,2
9653,2,0,2
9654,2,0,2
9655,2,0,2
9656,2,0,2
9657,2,0,2
9658,2,0,2
9659,2,0,2
9660,2,0,2
9661,2,0,2
9662,2,0,2
9663,2,0,2
9664,2,0,2
9665,2,0,2
9666,2,0,2
9667,2,0,2
9668,2,0,2
9669,2,0,2
9670,2,0,2
9671,2,0,2
9672,2,0,2
9673,2,0,2
9674,2,0,2
9675,2,0,2
9676,2,0,2
9677,2,0,2
9678,2,0,2
9679,2,0,2
9680,2,0,2
9681,2,0,2
9682,2,0,2
9683,2,0,2
9684,2,0,2
9685,2,0,2
9686,2,0,2
9687,2,0,2
9688,2,0,2
9689,2,0,2
9690,2,0,2
9691,2,0,2
9692,2,0,2
9693,2,0,2
9694,2,0,2
9695,2,0,2
9696,2,0,2
9697,2,0,2
9698,2,0,2
9699,2,0,2
9700,2,0,2
9701,2,0,2
9702,2,0,2
9703,2,0,2
9704,2,0,2
9705,2,0,2
9706,2,0,2
9707,2,0,2
9708,2,0,2
9709,2,0,2
9710,2,0,2
9711,2,0,2
9712,2,0,2
9713,2,0,2
9714,2,0,2
9715,2,0,2
9716,2,0,2
9717,2,0,2
9718,2,0,2
9719,2,0,2
9720,2,0,2
9721,2,0,2
9722,2,0,2
9723,2,0,2
9724,2,0,2
9725,2,0,2
9726,2,0,2
9727,2,0,2
9728,2,0,2
9729,2,0,2
9730,2,0,2
9731,2,0,2
9732,2,0,2
9733,2,0,2
9734,2,0,2
9735,2,0,2
9736,2,0,2
9737,2,0,2
9738,2,0,2
9739,2,0,2
9740,2,0,2
9741,2,0,2
9742,2,0,2
9743,2,0,2
9744,2,0,2
9745,2,0,2
9746,2,0,2
9747,2,0,2
9748,2,0,2
9749,2,0,2
9750,2,0,2
9751,2,0,2
9752,2,0,2
9753,2,0,2
9754,2,0,2
9755,2,0,2
9756,2,0,2
9757,2,0,2
9758,2,0,2
9759,2,0,2
9760,2,0,2
9761,2,0,2
9762,2,0,2
9763,2,0,2
9764,2,0,2
9765,2,0,2
9766,2,0,2
9767,2,0,2
9768,2,0,2
9769,2,0,2
9770,2,0,2
9771,2,0,2
9772,2,0,2
9773,2,0,2
9774,2,0,2
9775,2,0,2
9776,2,0,2
9777,2,0,2
9778,2,0,2
9779,2,0,2
9780,2,0,2
9781,2,0,2
9782,2,0,2
9783,2,0,2
9784,2,0,2
9785,2,0,2
9786,2,0,2
9787,2,0,2
9788,2,0,2
9789,2,0,2
9790,2,0,2
9791,2,0,2
9792,2,0,2
9793,2,0,2
9794,2,0,2
9795,2,0,2
9796,2,0,2
9797,2,0,2
9798,2,0,2
9799,2,0,2
9800,2,0,2
9801,2,0,2
9802,2,0,2
9803,2,0,2
9804,2,0,2
9805,2,0,2
9806,2,0,2
9807,2,0,2
9808,2,0,2
9809,2,0,2
9810,2,0,2
9811,2,0,2
9812,2,0,2
9813,2,0,2
9814,2,0,2
9815,2,0,2
9816,2,0,2
9817,2,0,2
9818,2,0,2
9819,2,0,2
9820,2,0,2
9821,2,0,2
9822,2,0,2
9823,2,0,2
9824,2,0,2
9825,2,0,2
9826,2,0,2
9827,2,0,2
9828,2,0,2
9829,2,0,2
9830,2,0,2
9831,2,0,2
9832,2,0,2
9833,2,0,2
9834,2,0,2
9835,2,0,2
9836,2,0,2
9837,2,0,2
9838,2,0,2
9839,2,0,2
9840,2,0,2
9841,2,0,2
9842,2,0,2
9843,2,0,2
9844,2,0,2
9845,2,0,2
9846,2,0,2
9847,2,0,2
9848,2,0,2
9849,2,0,2
9850,2,0,2
9851,2,0,2
9852,2,0,2
9853,2,0,2
9854,2,0,2
9855,2,0,2
9856,2,0,2
9857,2,0,2
9858,2,0,2
9859,2,0,2
9860,2,0,2
9861,2,0,2
9862,2,0,2
9863,2,0,2
9864,2,0,2
9865,2,0,2
9866,2,0,2
9867,2,0,2
9868,2,0,2
9869,2,0,2
9870,2,0,2
9871,2,0,2
9872,2,0,2
9873,2,0,2
9874,2,0,2
9875,2,0,2
9876,2,0,2
9877,2,0,2
9878,3,0,3
9879,3,0,3
9880,2,0,2
9881,2,0,2
9882,2,0,2
9883,2,0,2
9884,2,0,2
9885,2,0,2
9886,2,0,2
9887,2,0,2
9888,2,0,2
9889,2,0,2
9890,2,0,2
9891,2,0,2
9892,2,0,2
9893,2,0,2
9894,2,0,2
9895,2,0,2
9896,2,0,2
9897,2,0,2
9898,2,0,2
9899,2,0,2
9900,2,0,2
9901,2,0,2
9902,2,0,2
9903,2,0,2
9904,2,0,2
9905,2,0,2
9906,2,0,2
9907,2,0,2
9908,2,0,2
9909,2,0,2
9910,2,0,2
9911,2,0,2
9912,2,0,2
9913,2,0,2
9914,1,0,1
9915,1,0,1
9916,1,0,1
9917,1,0,1
9918,1,0,1
9919,1,0,1
9920,1,0,1
9921,1,0,1
9922,1,0,1
9923,1,0,1
9924,1,0,1
9925,1,0,1
9926,1,0,1
9927,1,0,1
9928,1,0,1
9929,1,0,1
9930,1,0,1
9931,1,0,1
9932,1,0,1
9933,1,0,1
9934,1,0,1
9935,1,0,1
9936,1,0,1
9937,1,0,1
9938,1,0,1
9939,1,0,1
9940,1,0,1
9941,1,0,1
9942,1,0,1
9943,1,0,1
9944,1,0,1
9945,1,0,1
9946,1,0,1
9947,1,0,1
9948,1,0,1
9949,1,0,1
9950,1,0,1
9951,1,0,1
9952,1,0,1
9953,1,0,1
9954,1,0,1
9955,1,0,1
9956,1,0,1
9957,1,0,1
9958,1,0,1
9959,1,0,1
9960,1,0,1
9961,1,0,1
9962,1,0,1
9963,1,0,1
9964,1,0,1
9965,1,0,1
9966,1,0,1
9967,1,0,1
9968,0,0,0
9969,0,0,0
9970,0,0,0
9971,0,0,0
9972,0,0,0
9973,0,0,0
9974,0,0,0
9975,0,0,0
9976,0,0,0
9977,0,0,0
9978,0,0,0
9979,0,0,0
9980,0,0,0
9981,0,0,0
9982,0,0,0
9983,0,0,0
9984,0,0,0
9985,0,0,0
9986,0,0,0
9987,0,0,0
9988,0,0,0
9989,0,0,0
9990,0,0,0
9991,0,0,0
9992,0,0,0
9993,0,0,0
9994,0,0,0
9995,0,0,0
9996,0,0,0
9997,0,0,0
9998,0,0,0
9999,0,0,0
10000,0,0,0
10001,0,0,0
10002,0,0,0
10003,0,0,0
10004,0,0,0
10005,0,0,0
10006,0,0,0
10007,0,0,0
10008,0,0,0
10009,0,0,0
10010,0,0,0
10011,0,0,0
10012,0,0,0
10013,0,0,0
10014,0,0,0
10015,0,0,0
10016,0,0,0
10017,0,0,0
10018,0,0,0
10019,0,0,0
10020,0,0,0
10021,0,0,0
10022,0,0,0
10023,0,0,0
10024,0,0,0
10025,0,0,0
10026,0,0,0
10027,0,0,0
10028,0,0,0
10029,0,0,0
10030,0,0,0
10031,0,0,0
10032,0,0,0
10033,0,0,0
10034,0,0,0
10035,0,0,0
10036,0,0,0
10037,0,0,0
10038,0,0,0
10039,0,0,0
10040,0,0,0
10041,0,0,0
10042,0,0,0
10043,0,0,0
10044,0,0,0
10045,0,0,0
10046,0,0,0
10047,0,0,0
10048,0,0,0
10049,0,0,0
10050,0,0,0
10051,0,0,0
10052,0,0,0
10053,0,0,0
10054,0,0,0
10055,0,0,0
10056,0,0,0
10057,0,0,0
10058,0,0,0
10059,0,0,0
10060,0,0,0
10061,0,0,0
10062,0,0,0
10063,0,0,0
10064,0,0,0
10065,0,0,0
10066,0,0,0
10067,0,0,0
10068,0,0,0
10069,0,0,0
10070,0,0,0
10071,0,0,0
10072,0,0,0
10073,0,0,0
10074,0,0,0
10075,0,0,0
10076,0,0,0
10077,0,0,0
10078,0,0,0
10079,0,0,0
10080,0,0,0
10081,0,0,0
10082,0,0,0
10083,0,0,0
10084,0,0,0
10085,0,0,0
10086,0,0,0
10087,0,0,0
10088,0,0,0
10089,0,0,0
10090,0,0,0
10091,0,0,0
10092,0,0,0
10093,0,0,0
10094,0,0,0
10095,0,0,0
10096,0,0,0
10097,0,0,0
10098,0,0,0
10099,0,0,0
10100,0,0,0
10101,0,0,0
10102,0,0,0
10103,0,0,0
10104,0,0,0
10105,0,0,0
10106,0,0,0
10107,0,0,0
10108,0,0,0
10109,0,0,0
10110,0,0,0
10111,0,0,0
10112,0,0,0
10113,0,0,0
10114,0,0,0
10115,0,0,0
10116,0,0,0
10117,0,0,0
10118,0,0,0
10119,0,0,0
10120,0,0,0
10121,0,0,0
10122,0,0,0
10123,0,0,0
10124,0,0,0
10125,0,0,0
10126,0,0,0
10127,0,0,0
10128,0,0,0
10129,0,0,0
10130,0,0,0
10131,0,0,0
10132,0,0,0
10133,0,0,0
10134,0,0,0
10135,0,0,0
10136,0,0,0
10137,0,0,0
10138,0,0,0
10139,0,0,0
10140,0,0,0
10141,0,0,0
10142,0,0,0
10143,0,0,0
10144,0,0,0
10145,0,0,0
10146,0,0,0
10147,0,0,0
10148,0,0,0
10149,0,0,0
10150,0,0,0
10151,0,0,0
10152,0,0,0
10153,0,0,0
10154,0,0,0
10155,0,0,0
10156,0,0,0
10157,0,0,0
10158,0,0,0
10159,0,0,0
10160,0,0,0
10161,0,0,0
10162,0,0,0
10163,0,0,0
10164,0,0,0
10165,0,0,0
10166,0,0,0
10167,0,0,0
10168,0,0,0
10169,0,0,0
10170,0,0,0
10171,0,0,0
10172,0,0,0
10173,0,0,0
10174,0,0,0
10175,0,0,0
10176,0,0,0
10177,0,0,0
10178,0,0,0
10179,0,0,0
10180,0,0,0
10181,0,0,0
10182,0,0,0
10183,0,0,0
10184,0,0,0
10185,0,0,0
10186,0,0,0
10187,0,0,0
10188,0,0,0
10189,0,0,0
10190,0,0,0
10191,0,0,0
10192,0,0,0
10193,0,0,0
10194,0,0,0
10195,0,0,0
10196,0,0,0
10197,0,0,0
10198,0,0,0
10199,0,0,0
10200,0,0,0
10201,0,0,0
10202,0,0,0
10203,0,0,0
10204,0,0,0
10205,0,0,0
10206,0,0,0
10207,0,0,0
10208,0,0,0
10209,0,0,0
10210,0,0,0
10211,0,0,0
10212,0,0,0
10213,0,0,0
10214,0,0,0
10215,0,0,0
10216,0,0,0
10217,0,0,0
10218,0,0,0
10219,0,0,0
10220,0,0,0
10221,0,0,0
10222,0,0,0
10223,0,0,0
10224,0,0,0
10225,0,0,0
10226,0,0,0
10227,0,0,0
10228,0,0,0
10229,0,0,0
10230,0,0,0
10231,0,0,0
10232,0,0,0
10233,0,0,0
10234,0,0,0
10235,0,0,0
10236,0,0,0
10237,0,0,0
10238,0,0,0
10239,0,0,0
10240,0,0,0
10241,0,0,0
10242,0,0,0
10243,0,0,0
10244,0,0,0
10245,0,0,0
10246,0,0,0
10247,0,0,0
10248,0,0,0
10249,0,0,0
10250,0,0,0
10251,0,0,0
10252,0,0,0
10253,0,0,0
10254,0,0,0
10255,0,0,0
10256,0,0,0
10257,0,0,0
10258,0,0,0
10259,0,0,0
10260,0,0,0
10261,0,0,0
10262,0,0,0
10263,0,0,0
10264,0,0,0
10265,0,0,0
10266,0,0,0
10267,0,0,0
10268,0,0,0
10269,0,0,0
10270,0,0,0
10271,0,0,0
10272,0,0,0
10273,0,0,0
10274,0,0,0
10275,0,0,0
10276,0,0,0
10277,0,0,0
10278,0,0,0
10279,0,0,0
10280,0,0,0
10281,0,0,0
10282,0,0,0
10283,0,0,0
10284,0,0,0
10285,0,0,0
10286,0,0,0
10287,0,0,0
10288,0,0,0
10289,0,0,0
10290,0,0,0
10291,0,0,0
10292,0,0,0
10293,0,0,0
10294,0,0,0
10295,0,0,0
10296,0,0,0
10297,0,0,0
10298,0,0,0
10299,0,0,0
10300,0,0,0
10301,0,0,0
10302,0,0,0
10303,0,0,0
10304,0,0,0
10305,0,0,0
10306,0,0,0
10307,0,0,0
10308,0,0,0
10309,0,0,0
10310,0,0,0
10311,0,0,0
10312,0,0,0
10313,0,0,0
10314,0,0,0
10315,0,0,0
10316,0,0,0
10317,0,0,0
10318,0,0,0
10319,0,0,0
10320,0,0,0
10321,0,0,0
10322,0,0,0
10323,0,0,0
10324,0,0,0
10325,0,0,0
10326,0,0,0
10327,0,0,0
10328,0,0,0
10329,0,0,0
10330,0,0,0
10331,0,0,0
10332,0,0,0
10333,0,0,0
10334,0,0,0
10335,0,0,0
10336,0,0,0
10337,0,0,0
10338,0,0,0
10339,0,0,0
10340,0,0,0
10341,0,0,0
10342,0,0,0
10343,0,0,0
10344,0,0,0
10345,0,0,0
10346,0,0,0
10347,0,0,0
10348,0,0,0
10349,0,0,0
10350,0,0,0
10351,0,0,0
10352,0,0,0
10353,0,0,0
10354,0,0,0
10355,0,0,0
10356,0,0,0
10357,0,0,0
10358,0,0,0
10359,0,0,0
10360,0,0,0
10361,0,0,0
10362,0,0,0
10363,0,0,0
10364,0,0,0
10365,0,0,0
10366,0,0,0
10367,0,0,0
10368,0,0,0
10369,0,0,0
10370,0,0,0
10371,0,0,0
10372,0,0,0
10373,0,0,0
10374,0,0,0
10375,0,0,0
10376,0,0,0
10377,0,0,0
10378,0,0,0
10379,0,0,0
10380,0,0,0
10381,0,0,0
10382,0,0,0
10383,0,0,0
10384,0,0,0
10385,0,0,0
10386,0,0,0
10387,0,0,0
10388,0,0,0
10389,0,0,0
10390,0,0,0
10391,0,0,0
10392,0,0,0
10393,0,0,0
10394,0,0,0
10395,0,0,0
10396,0,0,0
10397,0,0,0
10398,0,0,0
10399,0,0,0
10400,0,0,0
10401,0,0,0
10402,1,0,1
10403,1,0,1
10404,1,0,1
10405,1,0,1
10406,1,0,1
10407,1,0,1
10408,1,0,1
10409,1,0,1
10410,1,0,1
10411,1,0,1
10412,1,0,1
10413,1,0,1
10414,1,0,1
10415,0,1,1
10416,0,1,1
10417,0,1,1
10418,0,1,1
10419,0,1,1
10420,0,1,1
10421,1,1,2
10422,1,1,2
10423,1,1,2
10424,1,1,2
10425,1,1,2
10426,1,1,2
10427,1,1,2
10428,1,1,2
10429,1,1,2
10430,1,1,2
10431,1,1,2
10432,1,1,2
10433,1,1,2
10434,1,1,2
10435,1,1,2
10436,1,1,2
10437,1,1,2
10438,1,1,2
10439,1,1,2
10440,1,1,2
10441,1,1,2
10442,1,1,2
10443,1,1,2
10444,1,1,2
10445,1,1,2
10446,1,1,2
10447,1,1,2
10448,1,1,2
10449,1,1,2
10450,1,1,2
10451,1,1,2
10452,2,0,2
10453,2,0,2
10454,2,0,2
10455,2,0,2
10456,2,0,2
10457,2,0,2
10458,2,0,2
10459,2,0,2
10460,2,0,2
10461,2,0,2
10462,2,0,2
10463,2,0,2
10464,2,0,2
10465,2,0,2
10466,2,0,2
10467,2,0,2
10468,2,0,2
10469,2,0,2
10470,2,0,2
10471,2,0,2
10472,2,0,2
10473,2,0,2
10474,2,0,2
10475,2,0,2
10476,2,0,2
10477,2,0,2
10478,2,0,2
10479,2,0,2
10480,2,0,2
10481,2,0,2
10482,2,0,2
10483,2,0,2
10484,2,0,2
10485,2,0,2
10486,2,0,2
10487,2,0,2
10488,2,0,2
10489,2,0,2
10490,2,0,2
10491,2,0,2
10492,2,0,2
10493,1,0,1
10494,1,0,1
10495,1,0,1
10496,1,0,1
10497,1,0,1
10498,1,0,1
10499,1,0,1
10500,1,0,1
10501,1,0,1
10502,1,0,1
10503,1,0,1
10504,1,0,1
10505,1,0,1
10506,1,0,1
10507,1,0,1
10508,1,0,1
10509,1,0,1
10510,1,0,1
10511,1,0,1
10512,1,0,1
10513,1,0,1
10514,1,0,1
10515,1,0,1
10516,1,0,1
10517,1,0,1
10518,1,0,1
10519,1,0,1
10520,0,0,0
10521,0,0,0
10522,0,0,0
10523,0,0,0
10524,0,0,0
10525,0,0,0
10526,0,0,0
10527,0,0,0
10528,0,0,0
10529,0,0,0
10530,0,0,0
10531,0,0,0
10532,0,0,0
10533,0,0,0
10534,0,0,0
10535,0,0,0
10536,0,0,0
10537,0,0,0
10538,0,0,0
10539,0,0,0
10540,0,0,0
10541,0,0,0
10542,0,0,0
10543,0,0,0
10544,0,0,0
10545,0,0,0
10546,0,0,0
10547,0,0,0
10548,0,0,0
10549,0,0,0
10550,0,0,0
10551,0,0,0
10552,0,0,0
10553,0,0,0
10554,0,0,0
10555,0,0,0
10556,0,0,0
10557,0,0,0
10558,0,0,0
10559,0,0,0
10560,0,0,0
10561,0,0,0
10562,0,0,0
10563,0,0,0
10564,0,0,0
10565,0,0,0
10566,0,0,0
10567,0,0,0
10568,0,0,0
10569,0,0,0
10570,0,0,0
10571,0,0,0
10572,0,0,0
10573,0,0,0
10574,0,0,0
10575,0,0,0
10576,0,0,0
10577,0,0,0
10578,0,0,0
10579,0,0,0
10580,0,0,0
10581,0,0,0
10582,0,0,0
10583,0,0,0
10584,0,0,0
10585,0,0,0
10586,0,0,0
10587,0,0,0
10588,0,0,0
10589,0,0,0
10590,0,0,0
10591,0,0,0
10592,0,0,0
10593,0,0,0
10594,0,0,0
10595,0,0,0
10596,0,0,0
10597,0,0,0
10598,0,0,0
10599,0,0,0
10600,0,0,0
10601,0,0,0
10602,0,0,0
10603,0,0,0
10604,0,0,0
10605,0,0,0
10606,0,0,0
10607,0,0,0
10608,0,0,0
10609,0,0,0
10610,0,0,0
10611,0,0,0
10612,0,0,0
10613,0,0,0
10614,0,0,0
10615,0,0,0
10616,0,0,0
10617,0,0,0
10618,0,0,0
10619,0,0,0
10620,0,0,0
10621,0,0,0
10622,0,0,0
10623,0,0,0
10624,0,0,0
10625,0,0,0
10626,0,0,0
10627,0,0,0
10628,0,0,0
10629,0,0,0
10630,0,0,0
10631,0,0,0
10632,0,0,0
10633,0,0,0
10634,0,0,0
10635,0,0,0
10636,0,0,0
10637,0,0,0
10638,0,0,0
10639,0,0,0
10640,0,0,0
10641,0,0,0
10642,0,0,0
10643,0,0,0
10644,0,0,0
10645,0,0,0
10646,0,0,0
10647,0,0,0
10648,0,0,0
10649,0,0,0
10650,0,0,0
10651,0,0,0
10652,0,0,0
10653,0,0,0
10654,0,0,0
10655,0,0,0
10656,0,0,0
10657,0,0,0
10658,0,0,0
10659,0,0,0
10660,0,0,0
10661,0,0,0
10662,0,0,0
10663,0,0,0
10664,0,0,0
10665,0,0,0
10666,0,0,0
10667,0,0,0
10668,0,0,0
10669,0,0,0
10670,0,0,0
10671,0,0,0
10672,0,0,0
10673,0,0,0
10674,0,0,0
10675,0,0,0
10676,0,0,0
10677,0,0,0
10678,0,0,0
10679,0,0,0
10680,0,0,0
10681,0,0,0
10682,0,0,0
10683,0,0,0
10684,0,0,0
10685,0,0,0
10686,0,0,0
10687,0,0,0
10688,0,0,0
10689,0,0,0
10690,0,0,0
10691,0,0,0
10692,0,0,0
10693,0,0,0
10694,0,0,0
10695,0,0,0
10696,0,0,0
10697,0,0,0
10698,0,0,0
10699,0,0,0
10700,0,0,0
10701,0,0,0
10702,0,0,0
10703,0,0,0
10704,0,0,0
10705,0,0,0
10706,0,0,0
10707,0,0,0
10708,0,0,0
10709,0,0,0
10710,0,0,0
10711,0,0,0
10712,0,0,0
10713,0,0,0
10714,0,0,0
10715,0,0,0
10716,0,0,0
10717,0,0,0
10718,0,0,0
10719,0,0,0
10720,0,0,0
10721,0,0,0
10722,0,0,0
10723,0,0,0
10724,0,0,0
10725,0,0,0
10726,0,0,0
10727,0,0,0
10728,0,0,0
10729,0,0,0
10730,0,0,0
10731,0,0,0
10732,0,0,0
10733,0,0,0
10734,0,0,0
10735,0,0,0
10736,0,0,0
10737,0,0,0
10738,0,0,0
10739,0,0,0
10740,0,0,0
10741,0,0,0
10742,0,0,0
10743,0,0,0
10744,0,0,0
10745,0,0,0
10746,0,0,0
10747,0,0,0
10748,0,0,0
10749,0,0,0
10750,0,0,0
10751,0,0,0
10752,0,0,0
10753,0,0,0
10754,0,0,0
10755,0,0,0
10756,0,0,0
10757,0,0,0
10758,0,0,0
10759,0,0,0
10760,0,0,0
10761,0,0,0
10762,0,0,0
10763,0,0,0
10764,0,0,0
10765,0,0,0
10766,0,0,0
10767,0,0,0
10768,0,0,0
10769,0,0,0
10770,0,0,0
10771,0,0,0
10772,0,0,0
10773,0,0,0
10774,0,0,0
10775,0,0,0
10776,0,0,0
10777,0,0,0
10778,0,0,0
10779,0,0,0
10780,0,0,0
10781,0,0,0
10782,0,0,0
10783,0,0,0
10784,0,0,0
10785,0,0,0
10786,0,0,0
10787,0,0,0
10788,0,0,0
10789,0,0,0
10790,0,0,0
10791,0,0,0
10792,0,0,0
10793,0,0,0
10794,0,0,0
10795,0,0,0
10796,0,0,0
10797,0,0,0
10798,0,0,0
10799,0,0,0
10800,0,0,0
10801,0,0,0
10802,0,0,0
10803,0,0,0
10804,0,0,0
10805,0,0,0
10806,0,0,0
10807,0,0,0
10808,0,0,0
10809,0,0,0
10810,0,0,0
10811,0,0,0
10812,0,0,0
10813,0,0,0
10814,0,0,0
10815,0,0,0
10816,0,0,0
10817,0,0,0
10818,0,0,0
10819,0,0,0
10820,0,0,0
10821,0,0,0
10822,0,0,0
10823,0,0,0
10824,0,0,0
10825,0,0,0
10826,0,0,0
10827,0,0,0
10828,0,0,0
10829,0,0,0
10830,0,0,0
10831,0,0,0
10832,0,0,0
10833,0,0,0
10834,0,0,0
10835,0,0,0
10836,0,0,0
10837,0,0,0
10838,0,0,0
10839,0,0,0
10840,0,0,0
10841,0,0,0
10842,0,0,0
10843,0,0,0
10844,0,0,0
10845,0,0,0
10846,0,0,0
10847,0,0,0
10848,0,0,0
10849,0,0,0
10850,0,0,0
10851,0,0,0
10852,0,0,0
10853,0,0,0
10854,0,0,0
10855,0,0,0
10856,0,0,0
10857,0,0,0
10858,0,0,0
10859,0,0,0
10860,0,0,0
10861,0,0,0
10862,0,0,0
10863,0,0,0
10864,0,0,0
10865,0,0,0
10866,0,0,0
10867,0,0,0
10868,0,0,0
10869,0,0,0
10870,0,0,0
10871,0,0,0
10872,0,0,0
10873,0,0,0
10874,0,0,0
10875,0,0,0
10876,0,0,0
10877,0,0,0
10878,0,0,0
10879,0,0,0
10880,0,0,0
10881,0,0,0
10882,0,0,0
10883,0,0,0
10884,0,0,0
10885,0,0,0
10886,0,0,0
10887,0,0,0
10888,0,0,0
10889,0,0,0
10890,0,0,0
10891,0,0,0
10892,0,0,0
10893,0,0,0
10894,0,0,0
10895,0,0,0
10896,0,0,0
10897,0,0,0
10898,0,0,0
10899,0,0,0
10900,0,0,0
10901,0,0,0
10902,0,0,0
10903,0,0,0
10904,0,0,0
10905,0,0,0
10906,0,0,0
10907,0,0,0
10908,0,0,0
10909,0,0,0
10910,0,0,0
10911,0,0,0
10912,0,0,0
10913,0,0,0
10914,0,0,0
10915,0,0,0
10916,0,0,0
10917,0,0,0
10918,0,0,0
10919,0,0,0
10920,0,0,0
10921,0,0,0
10922,0,0,0
10923,0,0,0
10924,0,0,0
10925,0,0,0
10926,0,0,0
10927,0,0,0
10928,0,0,0
10929,0,0,0
10930,0,0,0
10931,0,0,0
10932,0,0,0
10933,0,0,0
10934,0,0,0
10935,0,0,0
10936,0,0,0
10937,0,0,0
10938,0,0,0
10939,0,0,0
10940,0,0,0
10941,0,0,0
10942,0,0,0
10943,0,0,0
10944,0,0,0
10945,0,0,0
10946,0,0,0
10947,0,0,0
10948,0,0,0
10949,0,0,0
10950,0,0,0
10951,0,0,0
10952,0,0,0
10953,0,0,0
10954,0,0,0
10955,0,0,0
10956,0,0,0
10957,0,0,0
10958,0,0,0
10959,0,0,0
10960,0,0,0
10961,0,0,0
10962,0,0,0
10963,0,0,0
10964,0,0,0
10965,0,0,0
10966,0,0,0
10967,0,0,0
10968,0,0,0
10969,0,0,0
10970,0,0,0
10971,0,0,0
10972,0,0,0
10973,0,0,0
10974,0,0,0
10975,0,0,0
10976,0,0,0
10977,0,0,0
10978,0,0,0
10979,0,0,0
10980,0,0,0
10981,0,0,0
10982,0,0,0
10983,0,0,0
10984,0,0,0
10985,0,0,0
10986,0,0,0
10987,0,0,0
10988,0,0,0
10989,0,0,0
10990,0,0,0
10991,0,0,0
10992,0,0,0
10993,0,0,0
10994,0,0,0
10995,0,0,0
10996,0,0,0
10997,0,0,0
10998,0,0,0
10999,0,0,0
11000,0,0,0
11001,0,0,0
11002,0,0,0
11003,0,0,0
11004,0,0,0
11005,0,0,0
11006,0,0,0
11007,0,0,0
11008,0,0,0
11009,0,0,0
11010,0,0,0
11011,0,0,0
11012,0,0,0
11013,1,0,1
11014,1,0,1
11015,1,0,1
11016,1,0,1
11017,1,0,1
11018,1,0,1
11019,1,0,1
11020,1,0,1
11021,1,0,1
11022,1,0,1
11023,1,0,1
11024,1,0,1
11025,1,0,1
11026,1,0,1
11027,1,0,1
11028,1,0,1
11029,1,0,1
11030,1,0,1
11031,1,0,1
11032,1,0,1
11033,1,0,1
11034,1,0,1
11035,1,0,1
11036,1,0,1
11037,1,0,1
11038,1,0,1
11039,1,0,1
11040,1,0,1
11041,1,0,1
11042,1,0,1
11043,1,0,1
11044,1,0,1
11045,1,0,1
11046,1,0,1
11047,1,0,1
11048,1,0,1
11049,1,0,1
11050,1,0,1
11051,1,0,1
11052,1,0,1
11053,1,0,1
11054,1,0,1
11055,1,0,1
11056,1,0,1
11057,1,0,1
11058,1,0,1
11059,1,0,1
11060,1,0,1
11061,1,0,1
11062,1,0,1
11063,1,0,1
11064,1,0,1
11065,1,0,1
11066,1,0,1
11067,1,0,1
11068,1,0,1
11069,1,0,1
11070,1,0,1
11071,1,0,1
11072,1,0,1
11073,1,0,1
11074,1,0,1
11075,1,0,1
11076,1,0,1
11077,1,0,1
11078,1,0,1
11079,1,0,1
11080,1,0,1
11081,1,0,1
11082,1,0,1
11083,1,0,1
11084,1,0,1
11085,1,0,1
11086,1,0,1
11087,1,0,1
11088,1,0,1
11089,1,0,1
11090,1,0,1
11091,1,0,1
11092,1,0,1
11093,1,0,1
11094,1,0,1
11095,1,0,1
11096,1,0,1
11097,1,0,1
11098,1,0,1
11099,1,0,1
11100,1,0,1
11101,1,0,1
11102,1,0,1
11103,1,0,1
11104,1,0,1
11105,1,0,1
11106,1,0,1
11107,1,0,1
11108,1,0,1
11109,1,0,1
11110,1,0,1
11111,1,0,1
11112,1,0,1
11113,1,0,1
11114,1,0,1
11115,1,0,1
11116,1,0,1
11117,0,0,0
11118,0,0,0
11119,0,0,0
11120,0,0,0
11121,0,0,0
11122,0,0,0
11123,0,0,0
11124,0,0,0
11125,0,0,0
11126,0,0,0
11127,0,0,0
11128,0,0,0
11129,0,0,0
11130,0,0,0
11131,0,0,0
11132,0,0,0
11133,0,0,0
11134,0,0,0
11135,0,0,0
11136,0,0,0
11137,0,0,0
11138,0,0,0
11139,0,0,0
11140,0,0,0
11141,0,0,0
11142,0,0,0
11143,0,0,0
11144,0,0,0
11145,0,0,0
11146,0,0,0
11147,0,0,0
11148,0,0,0
11149,0,0,0
11150,0,0,0
11151,0,0,0
11152,0,0,0
11153,0,0,0
11154,0,0,0
11155,0,0,0
11156,0,0,0
11157,0,0,0
11158,0,0,0
11159,0,0,0
11160,0,0,0
11161,0,0,0
11162,0,0,0
11163,0,0,0
11164,0,0,0
11165,0,0,0
11166,0,0,0
11167,0,0,0
11168,0,0,0
11169,0,0,0
11170,0,0,0
11171,0,0,0
11172,0,0,0
11173,0,0,0
11174,0,0,0
11175,0,0,0
11176,0,0,0
11177,0,0,0
11178,0,0,0
11179,0,0,0
11180,0,0,0
11181,0,0,0
11182,0,0,0
11183,0,0,0
11184,0,0,0
11185,0,0,0
11186,0,0,0
11187,0,0,0
11188,0,0,0
11189,0,0,0
11190,0,0,0
11191,0,0,0
11192,0,0,0
11193,0,0,0
11194,0,0,0
11195,0,0,0
11196,0,0,0
11197,0,0,0
11198,0,0,0
11199,0,0,0
11200,0,0,0
11201,0,0,0
11202,0,0,0
11203,0,0,0
11204,0,0,0
11205,0,0,0
11206,0,0,0
11207,0,0,0
11208,0,0,0
11209,0,0,0
11210,0,0,0
11211,0,0,0
11212,0,0,0
11213,0,0,0
11214,0,0,0
11215,0,0,0
11216,0,0,0
11217,0,0,0
11218,0,0,0
11219,0,0,0
11220,0,0,0
11221,0,0,0
11222,0,0,0
11223,0,0,0
11224,0,0,0
11225,0,0,0
11226,0,0,0
11227,0,0,0
11228,0,0,0
11229,0,0,0
11230,0,0,0
11231,0,0,0
11232,0,0,0
11233,0,0,0
11234,0,0,0
11235,0,0,0
11236,0,0,0
11237,0,0,0
11238,0,0,0
11239,0,0,0
11240,0,0,0
11241,0,0,0
11242,0,0,0
11243,0,0,0
11244,0,0,0
11245,0,0,0
11246,0,0,0
11247,0,0,0
11248,0,0,0
11249,0,0,0
11250,0,0,0
11251,0,0,0
11252,0,0,0
11253,0,0,0
11254,0,0,0
11255,0,0,0
11256,0,0,0
11257,0,0,0
11258,0,0,0
11259,0,0,0
11260,0,0,0
11261,0,0,0
11262,0,0,0
11263,0,0,0
11264,0,0,0
11265,0,0,0
11266,0,0,0
11267,0,0,0
11268,0,0,0
11269,0,0,0
11270,0,0,0
11271,0,0,0
11272,0,0,0
11273,0,0,0
11274,0,0,0
11275,0,0,0
11276,0,0,0
11277,0,0,0
11278,0,0,0
11279,0,0,0
11280,0,0,0
11281,0,0,0
11282,0,0,0
11283,0,0,0
11284,0,0,0
11285,0,0,0
11286,0,0,0
11287,0,0,0
11288,0,0,0
11289,0,0,0
11290,0,0,0
11291,0,0,0
11292,0,0,0
11293,0,0,0
11294,0,0,0
11295,0,0,0
11296,0,0,0
11297,0,0,0
11298,0,0,0
11299,0,0,0
11300,0,0,0
11301,0,0,0
11302,0,0,0
11303,0,0,0
11304,0,0,0
11305,0,0,0
11306,0,0,0
11307,0,0,0
11308,0,0,0
11309,0,0,0
11310,0,0,0
11311,0,0,0
11312,0,0,0
11313,0,0,0
11314,0,0,0
11315,0,0,0
11316,0,0,0
11317,0,0,0
11318,0,0,0
11319,0,0,0
11320,0,0,0
11321,0,0,0
11322,0,0,0
11323,0,0,0
11324,0,0,0
11325,0,0,0
11326,0,0,0
11327,0,0,0
11328,0,0,0
11329,0,0,0
11330,0,0,0
11331,0,0,0
11332,0,0,0
11333,0,0,0
11334,0,0,0
11335,0,0,0
11336,0,0,0
11337,0,0,0
11338,0,0,0
11339,0,0,0
11340,0,0,0
11341,0,0,0
11342,0,0,0
11343,0,0,0
11344,0,0,0
11345,0,0,0
11346,0,0,0
11347,0,0,0
11348,0,0,0
11349,0,0,0
11350,0,0,0
11351,0,0,0
11352,0,0,0
11353,0,0,0
11354,0,0,0
11355,0,0,0
11356,0,0,0
11357,0,0,0
11358,0,0,0
11359,0,0,0
11360,0,0,0
11361,0,0,0
11362,0,0,0
11363,0,0,0
11364,0,0,0
11365,0,0,0
11366,0,0,0
11367,0,0,0
11368,0,0,0
11369,0,0,0
11370,0,0,0
11371,0,0,0
11372,0,0,0
11373,0,0,0
11374,0,0,0
11375,0,0,0
11376,0,0,0
11377,0,0,0
11378,0,0,0
11379,0,0,0
11380,0,0,0
11381,0,0,0
11382,0,0,0
11383,0,0,0
11384,0,0,0
11385,0,0,0
11386,0,0,0
11387,0,0,0
11388,0,0,0
11389,0,0,0
11390,0,0,0
11391,0,0,0
11392,0,0,0
11393,0,0,0
11394,0,0,0
11395,0,0,0
11396,0,0,0
11397,0,0,0
11398,0,0,0
11399,0,0,0
11400,0,0,0
11401,0,0,0
11402,0,0,0
11403,0,0,0
11404,0,0,0
11405,0,0,0
11406,0,0,0
11407,0,0,0
11408,0,0,0
11409,0,0,0
11410,0,0,0
11411,0,0,0
11412,0,0,0
11413,0,0,0
11414,0,0,0
11415,0,0,0
11416,0,0,0
11417,0,0,0
11418,0,0,0
11419,0,0,0
11420,0,0,0
11421,0,0,0
11422,0,0,0
11423,0,0,0
11424,0,0,0
11425,0,0,0
11426,0,0,0
11427,0,0,0
11428,0,0,0
11429,0,0,0
11430,0,0,0
11431,0,0,0
11432,0,0,0
11433,0,0,0
11434,0,0,0
11435,0,0,0
11436,0,0,0
11437,0,0,0
11438,0,0,0
11439,0,0,0
11440,0,0,0
11441,0,0,0
11442,0,0,0
11443,0,0,0
11444,0,0,0
11445,0,0,0
11446,0,0,0
11447,0,0,0
11448,0,0,0
11449,0,0,0
11450,0,0,0
11451,0,0,0
11452,0,0,0
11453,0,0,0
11454,0,0,0
11455,0,0,0
11456,0,0,0
11457,0,0,0
11458,0,0,0
11459,0,0,0
11460,0,0,0
11461,0,0,0
11462,0,0,0
11463,0,0,0
11464,0,0,0
11465,0,0,0
11466,0,0,0
11467,0,0,0
11468,0,0,0
11469,0,0,0
11470,0,0,0
11471,0,0,0
11472,0,0,0
11473,0,0,0
11474,0,0,0
11475,0,0,0
11476,0,0,0
11477,0,0,0
11478,0,0,0
11479,0,0,0
11480,0,0,0
11481,0,0,0
11482,0,0,0
11483,0,0,0
11484,0,0,0
11485,0,0,0
11486,0,0,0
11487,0,0,0
11488,0,0,0
11489,0,0,0
11490,0,0,0
11491,0,0,0
11492,0,0,0
11493,0,0,0
11494,0,0,0
11495,0,0,0
11496,0,0,0
11497,0,0,0
11498,0,0,0
11499,0,0,0
11500,0,0,0
11501,0,0,0
11502,0,0,0
11503,0,0,0
11504,0,0,0
11505,0,0,0
11506,0,0,0
11507,0,0,0
11508,0,0,0
11509,0,0,0
11510,0,0,0
11511,0,0,0
11512,0,0,0
11513,0,0,0
11514,0,0,0
11515,0,0,0
11516,0,0,0
11517,0,0,0
11518,0,0,0
11519,0,0,0
11520,0,0,0
11521,0,0,0
11522,0,0,0
11523,0,0,0
11524,0,0,0
11525,0,0,0
11526,0,0,0
11527,0,0,0
11528,0,0,0
11529,0,0,0
11530,0,0,0
11531,0,0,0
11532,0,0,0
11533,0,0,0
11534,0,0,0
11535,0,0,0
11536,0,0,0
11537,0,0,0
11538,0,0,0
11539,0,0,0
11540,0,0,0
11541,0,0,0
11542,0,0,0
11543,0,0,0
11544,0,0,0
11545,0,0,0
11546,0,0,0
11547,0,0,0
11548,0,0,0
11549,0,0,0
11550,0,0,0
11551,0,0,0
11552,0,0,0
11553,0,0,0
11554,0,0,0
11555,0,0,0
11556,0,0,0
11557,0,0,0
11558,0,0,0
11559,0,0,0
11560,0,0,0
11561,0,0,0
11562,0,0,0
11563,0,0,0
11564,0,0,0
11565,0,0,0
11566,0,0,0
11567,0,0,0
11568,0,0,0
11569,0,0,0
11570,0,0,0
11571,0,0,0
11572,0,0,0
11573,0,0,0
11574,0,0,0
11575,0,0,0
11576,0,0,0
11577,0,0,0
11578,0,0,0
11579,0,0,0
11580,0,0,0
11581,0,0,0
11582,0,0,0
11583,0,0,0
11584,0,0,0
11585,0,0,0
11586,0,0,0
11587,0,0,0
11588,0,0,0
11589,0,0,0
11590,0,0,0
11591,0,0,0
11592,0,0,0
11593,0,0,0
11594,0,0,0
11595,0,0,0
11596,0,0,0
11597,0,0,0
11598,0,0,0
11599,0,0,0
11600,0,0,0
11601,0,0,0
11602,0,0,0
11603,0,0,0
11604,0,0,0
11605,0,0,0
11606,0,0,0
11607,0,0,0
11608,0,0,0
11609,0,0,0
11610,0,0,0
11611,0,0,0
11612,0,0,0
11613,0,0,0
11614,0,0,0
11615,0,0,0
11616,0,0,0
11617,0,0,0
11618,0,0,0
11619,0,0,0
11620,0,0,0
11621,0,0,0
11622,0,0,0
11623,0,0,0
11624,0,0,0
11625,0,0,0
11626,0,0,0
11627,0,0,0
11628,0,0,0
11629,0,0,0
11630,0,0,0
11631,0,0,0
11632,0,0,0
11633,0,0,0
11634,0,0,0
11635,0,0,0
11636,0,0,0
11637,0,0,0
11638,0,0,0
11639,0,0,0
11640,0,0,0
11641,0,0,0
11642,0,0,0
11643,0,0,0
11644,0,0,0
11645,0,0,0
11646,0,0,0
11647,0,0,0
11648,0,0,0
11649,0,0,0
11650,0,0,0
11651,0,0,0
11652,0,0,0
11653,0,0,0
11654,0,0,0
11655,0,0,0
11656,0,0,0
11657,0,0,0
11658,0,0,0
11659,0,0,0
11660,0,0,0
11661,0,0,0
11662,0,0,0
11663,0,0,0
11664,0,0,0
11665,0,0,0
11666,0,0,0
11667,0,0,0
11668,0,0,0
11669,0,0,0
11670,0,0,0
11671,0,0,0
11672,0,0,0
11673,0,0,0
11674,0,0,0
11675,0,0,0
11676,0,0,0
11677,0,0,0
11678,0,0,0
11679,0,0,0
11680,0,0,0
11681,0,0,0
11682,0,0,0
11683,0,0,0
11684,0,0,0
11685,0,0,0
11686,0,0,0
11687,0,0,0
11688,0,0,0
11689,0,0,0
11690,0,0,0
11691,0,0,0
11692,0,0,0
11693,0,0,0
11694,0,0,0
11695,0,0,0
11696,0,0,0
11697,0,0,0
11698,0,0,0
11699,0,0,0
11700,0,0,0
11701,0,0,0
11702,0,0,0
11703,0,0,0
11704,0,0,0
11705,0,0,0
11706,0,0,0
11707,0,0,0
11708,0,0,0
11709,0,0,0
11710,0,0,0
11711,0,0,0
11712,0,0,0
11713,0,0,0
11714,0,0,0
11715,0,0,0
11716,0,0,0
11717,0,0,0
11718,0,0,0
11719,0,0,0
11720,0,0,0
11721,0,0,0
11722,0,0,0
11723,0,0,0
11724,0,0,0
11725,0,0,0
11726,0,0,0
11727,0,0,0
11728,0,0,0
11729,0,0,0
11730,0,0,0
11731,0,0,0
11732,0,0,0
11733,0,0,0
11734,0,0,0
11735,0,0,0
11736,0,0,0
11737,0,0,0
11738,0,0,0
11739,0,0,0
11740,0,0,0
11741,0,0,0
11742,0,0,0
11743,0,0,0
11744,0,0,0
11745,0,0,0
11746,0,0,0
11747,0,0,0
11748,0,0,0
11749,0,0,0
11750,0,0,0
11751,0,0,0
11752,0,0,0
11753,0,0,0
11754,0,0,0
11755,0,0,0
11756,0,0,0
11757,0,0,0
11758,0,0,0
11759,0,0,0
11760,0,0,0
11761,0,0,0
11762,0,0,0
11763,0,0,0
11764,0,0,0
11765,0,0,0
11766,0,0,0
11767,0,0,0
11768,0,0,0
11769,0,0,0
11770,0,0,0
11771,0,0,0
11772,0,0,0
11773,0,0,0
11774,0,0,0
11775,0,0,0
11776,0,0,0
11777,0,0,0
11778,0,0,0
11779,0,0,0
11780,0,0,0
11781,0,0,0
11782,0,0,0
11783,0,0,0
11784,0,0,0
11785,0,0,0
11786,0,0,0
11787,0,0,0
11788,0,0,0
11789,0,0,0
11790,0,0,0
11791,0,0,0
11792,0,0,0
11793,0,0,0
11794,0,0,0
11795,0,0,0
11796,0,0,0
11797,0,0,0
11798,0,0,0
11799,0,0,0
11800,0,0,0
11801,0,0,0
11802,0,0,0
11803,0,0,0
11804,0,0,0
11805,0,0,0
11806,0,0,0
11807,0,0,0
11808,0,0,0
11809,0,0,0
11810,0,0,0
11811,0,0,0
11812,0,0,0
11813,0,0,0
11814,0,0,0
11815,0,0,0
11816,0,0,0
11817,0,0,0
11818,0,0,0
11819,0,0,0
11820,0,0,0
11821,0,0,0
11822,0,0,0
11823,0,0,0
11824,0,0,0
11825,0,0,0
11826,0,0,0
11827,0,0,0
11828,0,0,0
11829,0,0,0
11830,0,0,0
11831,0,0,0
11832,0,0,0
11833,0,0,0
11834,0,0,0
11835,0,0,0
11836,0,0,0
11837,0,0,0
11838,0,0,0
11839,0,0,0
11840,0,0,0
11841,0,0,0
11842,0,0,0
11843,0,0,0
11844,0,0,0
11845,0,0,0
11846,0,0,0
11847,0,0,0
11848,0,0,0
11849,0,0,0
11850,0,0,0
11851,0,0,0
11852,0,0,0
11853,0,0,0
11854,0,0,0
11855,0,0,0
11856,0,0,0
11857,0,0,0
11858,0,0,0
11859,0,0,0
11860,0,0,0
11861,0,0,0
11862,0,0,0
11863,0,0,0
11864,0,0,0
11865,0,0,0
11866,0,0,0
11867,0,0,0
11868,0,0,0
11869,0,0,0
11870,0,0,0
11871,0,0,0
11872,0,0,0
11873,0,0,0
11874,0,0,0
11875,0,0,0
11876,0,0,0
11877,0,0,0
11878,0,0,0
11879,0,0,0
11880,0,0,0
11881,0,0,0
11882,0,0,0
11883,0,0,0
11884,0,0,0
11885,0,0,0
11886,0,0,0
11887,0,0,0
11888,0,0,0
11889,0,0,0
11890,0,0,0
11891,0,0,0
11892,0,0,0
11893,0,0,0
11894,0,0,0
11895,0,0,0
11896,0,0,0
11897,0,0,0
11898,0,0,0
11899,0,0,0
11900,0,0,0
11901,0,0,0
11902,0,0,0
11903,0,0,0
11904,0,0,0
11905,0,0,0
11906,0,0,0
11907,0,0,0
11908,0,0,0
11909,0,0,0
11910,0,0,0
11911,0,0,0
11912,0,0,0
11913,0,0,0
11914,0,0,0
11915,0,0,0
11916,0,0,0
11917,0,0,0
11918,0,0,0
11919,0,0,0
11920,0,0,0
11921,0,0,0
11922,0,0,0
11923,0,0,0
11924,0,0,0
11925,0,0,0
11926,0,0,0
11927,0,0,0
11928,0,0,0
11929,0,0,0
11930,0,0,0
11931,0,0,0
11932,0,0,0
11933,0,0,0
11934,0,0,0
11935,0,0,0
11936,0,0,0
11937,0,0,0
11938,0,0,0
11939,0,0,0
11940,0,0,0
11941,0,0,0
11942,0,0,0
11943,0,0,0
11944,0,0,0
11945,0,0,0
11946,0,0,0
11947,0,0,0
11948,0,0,0
11949,0,0,0
11950,0,0,0
11951,0,0,0
11952,0,0,0
11953,0,0,0
11954,0,0,0
11955,0,0,0
11956,0,0,0
11957,0,0,0
11958,0,0,0
11959,0,0,0
11960,0,0,0
11961,0,0,0
11962,0,0,0
11963,0,0,0
11964,0,0,0
11965,0,0,0
11966,0,0,0
11967,0,0,0
11968,0,0,0
11969,0,0,0
11970,0,0,0
11971,0,0,0
11972,0,0,0
11973,0,0,0
11974,0,0,0
11975,0,0,0
11976,1,0,1
11977,1,0,1
11978,1,0,1
11979,2,0,2
11980,2,0,2
11981,2,0,2
11982,2,0,2
11983,2,0,2
11984,2,0,2
11985,2,0,2
11986,2,0,2
11987,2,0,2
11988,1,1,2
11989,1,1,2
11990,1,1,2
11991,1,1,2
11992,1,1,2
11993,1,1,2
11994,1,1,2
11995,1,1,2
11996,1,1,2
11997,1,1,2
11998,1,1,2
11999,1,1,2
12000,1,1,2
12001,1,1,2
12002,1,1,2
12003,0,2,2
12004,0,2,2
12005,0,2,2
12006,0,2,2
12007,0,2,2
12008,0,2,2
12009,0,2,2
12010,0,2,2
12011,0,2,2
12012,0,2,2
12013,0,2,2
12014,0,2,2
12015,0,2,2
12016,1,2,3
12017,1,2,3
12018,2,2,4
12019,2,2,4
12020,2,2,4
12021,2,2,4
12022,2,2,4
12023,2,2,4
12024,2,2,4
12025,2,2,4
12026,2,2,4
12027,2,2,4
12028,2,2,4
12029,2,2,4
12030,2,2,4
12031,2,2,4
12032,2,2,4
12033,4,0,4
12034,4,0,4
12035,2,0,2
12036,2,0,2
12037,2,0,2
12038,2,0,2
12039,2,0,2
12040,2,0,2
12041,2,0,2
12042,2,0,2
12043,2,0,2
12044,2,0,2
12045,2,0,2
12046,2,0,2
12047,2,0,2
12048,2,0,2
12049,2,0,2
12050,2,0,2
12051,2,0,2
12052,2,0,2
12053,2,0,2
12054,2,0,2
12055,2,0,2
12056,2,0,2
12057,2,0,2
12058,2,0,2
12059,2,0,2
12060,2,0,2
12061,2,0,2
12062,2,0,2
12063,2,0,2
12064,2,0,2
12065,2,0,2
12066,2,0,2
12067,2,0,2
12068,2,0,2
12069,2,0,2
12070,2,0,2
12071,2,0,2
12072,2,0,2
12073,2,0,2
12074,2,0,2
12075,2,0,2
12076,1,0,1
12077,1,0,1
12078,1,0,1
12079,1,0,1
12080,0,0,0
12081,0,0,0
12082,0,0,0
12083,0,0,0
12084,0,0,0
12085,0,0,0
12086,0,0,0
12087,0,0,0
12088,0,0,0
12089,0,0,0
12090,0,0,0
12091,0,0,0
12092,0,0,0
12093,0,0,0
12094,0,0,0
12095,0,0,0
12096,0,0,0
12097,0,0,0
12098,0,0,0
12099,0,0,0
12100,0,0,0
12101,0,0,0
12102,0,0,0
12103,0,0,0
12104,0,0,0
12105,0,0,0
12106,0,0,0
12107,0,0,0
12108,0,0,0
12109,0,0,0
12110,0,0,0
12111,0,0,0
12112,0,0,0
12113,0,0,0
12114,0,0,0
12115,0,0,0
12116,0,0,0
12117,0,0,0
12118,0,0,0
12119,0,0,0
12120,0,0,0
12121,0,0,0
12122,0,0,0
12123,0,0,0
12124,0,0,0
12125,0,0,0
12126,0,0,0
12127,0,0,0
12128,0,0,0
12129,0,0,0
12130,0,0,0
12131,0,0,0
12132,0,0,0
12133,0,0,0
12134,0,0,0
12135,0,0,0
12136,0,0,0
12137,0,0,0
12138,0,0,0
12139,0,0,0
12140,0,0,0
12141,0,0,0
12142,0,0,0
12143,0,0,0
12144,0,0,0
12145,0,0,0
12146,0,0,0
12147,0,0,0
12148,0,0,0
12149,0,0,0
12150,0,0,0
12151,0,0,0
12152,0,0,0
12153,0,0,0
12154,0,0,0
12155,0,0,0
12156,0,0,0
12157,0,0,0
12158,0,0,0
12159,0,0,0
12160,0,0,0
12161,0,0,0
12162,0,0,0
12163,0,0,0
12164,0,0,0
12165,0,0,0
12166,0,0,0
12167,0,0,0
12168,0,0,0
12169,0,0,0
12170,0,0,0
12171,0,0,0
12172,0,0,0
12173,0,0,0
12174,0,0,0
12175,0,0,0
12176,0,0,0
12177,0,0,0
12178,0,0,0
12179,0,0,0
12180,0,0,0
12181,0,0,0
12182,0,0,0
12183,0,0,0
12184,0,0,0
12185,0,0,0
12186,0,0,0
12187,0,0,0
12188,0,0,0
12189,0,0,0
12190,0,0,0
12191,0,0,0
12192,0,0,0
12193,0,0,0
12194,0,0,0
12195,0,0,0
12196,0,0,0
12197,0,0,0
12198,0,0,0
12199,0,0,0
12200,0,0,0
12201,0,0,0
12202,0,0,0
12203,0,0,0
12204,0,0,0
12205,0,0,0
12206,0,0,0
12207,0,0,0
12208,0,0,0
12209,0,0,0
12210,0,0,0
12211,0,0,0
12212,0,0,0
12213,0,0,0
12214,0,0,0
12215,0,0,0
12216,0,0,0
12217,0,0,0
12218,0,0,0
12219,0,0,0
12220,0,0,0
12221,0,0,0
12222,0,0,0
12223,0,0,0
12224,0,0,0
12225,0,0,0
12226,0,0,0
12227,0,0,0
12228,0,0,0
12229,0,0,0
12230,0,0,0
12231,0,0,0
12232,0,0,0
12233,0,0,0
12234,0,0,0
12235,0,0,0
12236,0,0,0
12237,0,0,0
12238,0,0,0
12239,0,0,0
12240,0,0,0
12241,0,0,0
12242,0,0,0
12243,0,0,0
12244,0,0,0
12245,0,0,0
12246,0,0,0
12247,0,0,0
12248,0,0,0
12249,0,0,0
12250,0,0,0
12251,0,0,0
12252,0,0,0
12253,0,0,0
12254,0,0,0
12255,0,0,0
12256,0,0,0
12257,0,0,0
12258,0,0,0
12259,0,0,0
12260,0,0,0
12261,0,0,0
12262,0,0,0
12263,0,0,0
12264,0,0,0
12265,0,0,0
12266,0,0,0
12267,0,0,0
12268,0,0,0
12269,0,0,0
12270,0,0,0
12271,0,0,0
12272,0,0,0
12273,0,0,0
12274,0,0,0
12275,0,0,0
12276,0,0,0
12277,0,0,0
12278,0,0,0
12279,0,0,0
12280,0,0,0
12281,0,0,0
12282,0,0,0
12283,0,0,0
12284,0,0,0
12285,0,0,0
12286,0,0,0
12287,0,0,0
12288,0,0,0
12289,0,0,0
12290,0,0,0
12291,0,0,0
12292,0,0,0
12293,0,0,0
12294,0,0,0
12295,0,0,0
12296,0,0,0
12297,0,0,0
12298,0,0,0
12299,0,0,0
12300,0,0,0
12301,0,0,0
12302,0,0,0
12303,0,0,0
12304,0,0,0
12305,0,0,0
12306,0,0,0
12307,0,0,0
12308,0,0,0
12309,0,0,0
12310,0,0,0
12311,0,0,0
12312,0,0,0
12313,0,0,0
12314,0,0,0
12315,0,0,0
12316,0,0,0
12317,0,0,0
12318,0,0,0
12319,0,0,0
12320,0,0,0
12321,0,0,0
12322,0,0,0
12323,0,0,0
12324,0,0,0
12325,0,0,0
12326,0,0,0
12327,0,0,0
12328,0,0,0
12329,0,0,0
12330,0,0,0
12331,0,0,0
12332,0,0,0
12333,0,0,0
12334,0,0,0
12335,0,0,0
12336,0,0,0
12337,0,0,0
12338,0,0,0
12339,0,0,0
12340,0,0,0
12341,0,0,0
12342,0,0,0
12343,0,0,0
12344,0,0,0
12345,0,0,0
12346,0,0,0
12347,0,0,0
12348,0,0,0
12349,0,0,0
12350,0,0,0
12351,0,0,0
12352,0,0,0
12353,0,0,0
12354,0,0,0
12355,0,0,0
12356,0,0,0
12357,0,0,0
12358,0,0,0
12359,0,0,0
12360,0,0,0
12361,0,0,0
12362,0,0,0
12363,0,0,0
12364,0,0,0
12365,0,0,0
12366,0,0,0
12367,0,0,0
12368,0,0,0
12369,0,0,0
12370,0,0,0
12371,0,0,0
12372,0,0,0
12373,0,0,0
12374,0,0,0
12375,0,0,0
12376,0,0,0
12377,0,0,0
12378,0,0,0
12379,0,0,0
12380,0,0,0
12381,0,0,0
12382,0,0,0
12383,0,0,0
12384,0,0,0
12385,0,0,0
12386,0,0,0
12387,0,0,0
12388,0,0,0
12389,0,0,0
12390,0,0,0
12391,0,0,0
12392,0,0,0
12393,0,0,0
12394,0,0,0
12395,0,0,0
12396,0,0,0
12397,0,0,0
12398,0,0,0
12399,0,0,0
12400,0,0,0
12401,0,0,0
12402,0,0,0
12403,0,0,0
12404,0,0,0
12405,0,0,0
12406,0,0,0
12407,0,0,0
12408,0,0,0
12409,0,0,0
12410,0,0,0
12411,0,0,0
12412,0,0,0
12413,0,0,0
12414,0,0,0
12415,0,0,0
12416,0,0,0
12417,0,0,0
12418,0,0,0
12419,0,0,0
12420,0,0,0
12421,0,0,0
12422,0,0,0
12423,0,0,0
12424,0,0,0
12425,0,0,0
12426,0,0,0
12427,0,0,0
12428,0,0,0
12429,0,0,0
12430,0,0,0
12431,0,0,0
12432,0,0,0
12433,0,0,0
12434,0,0,0
12435,0,0,0
12436,0,0,0
12437,0,0,0
12438,0,0,0
12439,0,0,0
12440,0,0,0
12441,0,0,0
12442,0,0,0
12443,0,0,0
12444,0,0,0
12445,0,0,0
12446,0,0,0
12447,0,0,0
12448,0,0,0
12449,0,0,0
12450,0,0,0
12451,0,0,0
12452,0,0,0
12453,0,0,0
12454,0,0,0
12455,0,0,0
12456,0,0,0
12457,0,0,0
12458,0,0,0
12459,0,0,0
12460,0,0,0
12461,0,0,0
12462,0,0,0
12463,0,0,0
12464,0,0,0
12465,0,0,0
12466,0,0,0
12467,0,0,0
12468,0,0,0
12469,0,0,0
12470,0,0,0
12471,0,0,0
12472,0,0,0
12473,0,0,0
12474,0,0,0
12475,0,0,0
12476,0,0,0
12477,0,0,0
12478,0,0,0
12479,0,0,0
12480,0,0,0
12481,0,0,0
12482,0,0,0
12483,0,0,0
12484,0,0,0
12485,0,0,0
12486,0,0,0
12487,0,0,0
12488,0,0,0
12489,0,0,0
12490,0,0,0
12491,0,0,0
12492,0,0,0
12493,0,0,0
12494,0,0,0
12495,0,0,0
12496,0,0,0
12497,0,0,0
12498,0,0,0
12499,0,0,0
12500,0,0,0
12501,0,0,0
12502,0,0,0
12503,0,0,0
12504,0,0,0
12505,0,0,0
12506,0,0,0
12507,0,0,0
12508,0,0,0
12509,0,0,0
12510,0,0,0
12511,0,0,0
12512,0,0,0
12513,0,0,0
12514,0,0,0
12515,0,0,0
12516,0,0,0
12517,0,0,0
12518,0,0,0
12519,0,0,0
12520,0,0,0
12521,0,0,0
12522,0,0,0
12523,0,0,0
12524,0,0,0
12525,0,0,0
12526,0,0,0
12527,0,0,0
12528,0,0,0
12529,0,0,0
12530,0,0,0
12531,0,0,0
12532,0,0,0
12533,0,0,0
12534,0,0,0
12535,0,0,0
12536,0,0,0
12537,0,0,0
12538,0,0,0
12539,0,0,0
12540,0,0,0
12541,0,0,0
12542,0,0,0
12543,0,0,0
12544,0,0,0
12545,0,0,0
12546,0,0,0
12547,0,0,0
12548,0,0,0
12549,0,0,0
12550,0,0,0
12551,0,0,0
12552,0,0,0
12553,0,0,0
12554,0,0,0
12555,0,0,0
12556,0,0,0
12557,0,0,0
12558,0,0,0
12559,0,0,0
12560,0,0,0
12561,0,0,0
12562,0,0,0
12563,0,0,0
12564,0,0,0
12565,0,0,0
12566,0,0,0
12567,0,0,0
12568,0,0,0
12569,0,0,0
12570,0,0,0
12571,0,0,0
12572,0,0,0
12573,0,0,0
12574,0,0,0
12575,0,0,0
12576,0,0,0
12577,0,0,0
12578,0,0,0
12579,0,0,0
12580,0,0,0
12581,0,0,0
12582,0,0,0
12583,0,0,0
12584,0,0,0
12585,0,0,0
12586,0,0,0
12587,0,0,0
12588,0,0,0
12589,0,0,0
12590,0,0,0
12591,0,0,0
12592,0,0,0
12593,0,0,0
12594,0,0,0
12595,0,0,0
12596,0,0,0
12597,0,0,0
12598,0,0,0
12599,0,0,0
12600,0,0,0
12601,0,0,0
12602,0,0,0
12603,0,0,0
12604,0,0,0
12605,0,0,0
12606,0,0,0
12607,0,0,0
12608,0,0,0
12609,0,0,0
12610,0,0,0
12611,0,0,0
12612,0,0,0
12613,0,0,0
12614,0,0,0
12615,0,0,0
12616,0,0,0
12617,0,0,0
12618,0,0,0
12619,0,0,0
12620,0,0,0
12621,0,0,0
12622,0,0,0
12623,0,0,0
12624,0,0,0
12625,0,0,0
12626,0,0,0
12627,0,0,0
12628,0,0,0
12629,0,0,0
12630,0,0,0
12631,0,0,0
12632,0,0,0
12633,0,0,0
12634,0,0,0
12635,0,0,0
12636,0,0,0
12637,0,0,0
12638,0,0,0
12639,0,0,0
12640,0,0,0
12641,0,0,0
12642,0,0,0
12643,0,0,0
12644,0,0,0
12645,0,0,0
12646,0,0,0
12647,0,0,0
12648,0,0,0
12649,0,0,0
12650,0,0,0
12651,0,0,0
12652,0,0,0
12653,0,0,0
12654,0,0,0
12655,0,0,0
12656,0,0,0
12657,0,0,0
12658,0,0,0
12659,0,0,0
12660,0,0,0
12661,0,0,0
12662,0,0,0
12663,0,0,0
12664,0,0,0
12665,0,0,0
12666,0,0,0
12667,0,0,0
12668,0,0,0
12669,0,0,0
12670,0,0,0
12671,0,0,0
12672,0,0,0
12673,0,0,0
12674,0,0,0
12675,0,0,0
12676,0,0,0
12677,0,0,0
12678,0,0,0
12679,0,0,0
12680,0,0,0
12681,0,0,0
12682,0,0,0
12683,0,0,0
12684,0,0,0
12685,0,0,0
12686,0,0,0
12687,0,0,0
12688,0,0,0
12689,0,0,0
12690,0,0,0
12691,0,0,0
12692,0,0,0
12693,0,0,0
12694,0,0,0
12695,0,0,0
12696,0,0,0
12697,0,0,0
12698,0,0,0
12699,0,0,0
12700,0,0,0
12701,0,0,0
12702,0,0,0
12703,0,0,0
12704,0,0,0
12705,0,0,0
12706,0,0,0
12707,0,0,0
12708,0,0,0
12709,0,0,0
12710,0,0,0
12711,0,0,0
12712,0,0,0
12713,0,0,0
12714,0,0,0
12715,0,0,0
12716,0,0,0
12717,0,0,0
12718,0,0,0
12719,0,0,0
12720,0,0,0
12721,0,0,0
12722,0,0,0
12723,0,0,0
12724,0,0,0
12725,0,0,0
12726,0,0,0
12727,0,0,0
12728,0,0,0
12729,0,0,0
12730,0,0,0
12731,0,0,0
12732,0,0,0
12733,0,0,0
12734,0,0,0
12735,0,0,0
12736,0,0,0
12737,0,0,0
12738,0,0,0
12739,0,0,0
12740,0,0,0
12741,0,0,0
12742,0,0,0
12743,0,0,0
12744,0,0,0
12745,0,0,0
12746,0,0,0
12747,0,0,0
12748,0,0,0
12749,0,0,0
12750,0,0,0
12751,0,0,0
12752,0,0,0
12753,0,0,0
12754,0,0,0
12755,0,0,0
12756,0,0,0
12757,0,0,0
12758,0,0,0
12759,0,0,0
12760,0,0,0
12761,0,0,0
12762,0,0,0
12763,0,0,0
12764,0,0,0
12765,0,0,0
12766,0,0,0
12767,0,0,0
12768,0,0,0
12769,0,0,0
12770,0,0,0
12771,0,0,0
12772,0,0,0
12773,0,0,0
12774,0,0,0
12775,0,0,0
12776,0,0,0
12777,0,0,0
12778,0,0,0
12779,0,0,0
12780,0,0,0
12781,0,0,0
12782,0,0,0
12783,0,0,0
12784,0,0,0
12785,0,0,0
12786,0,0,0
12787,0,0,0
12788,0,0,0
12789,0,0,0
12790,0,0,0
12791,0,0,0
12792,0,0,0
12793,0,0,0
12794,0,0,0
12795,0,0,0
12796,0,0,0
12797,0,0,0
12798,0,0,0
12799,0,0,0
12800,0,0,0
12801,0,0,0
12802,0,0,0
12803,0,0,0
12804,0,0,0
12805,0,0,0
12806,0,0,0
12807,0,0,0
12808,0,0,0
12809,0,0,0
12810,0,0,0
12811,0,0,0
12812,0,0,0
12813,0,0,0
12814,0,0,0
12815,0,0,0
12816,0,0,0
12817,0,0,0
12818,0,0,0
12819,0,0,0
12820,0,0,0
12821,0,0,0
12822,0,0,0
12823,0,0,0
12824,0,0,0
12825,0,0,0
12826,0,0,0
12827,0,0,0
12828,0,0,0
12829,0,0,0
12830,0,0,0
12831,0,0,0
12832,0,0,0
12833,0,0,0
12834,0,0,0
12835,0,0,0
12836,0,0,0
12837,0,0,0
12838,0,0,0
12839,0,0,0
12840,0,0,0
12841,0,0,0
12842,0,0,0
12843,0,0,0
12844,0,0,0
12845,0,0,0
12846,0,0,0
12847,0,0,0
12848,0,0,0
12849,0,0,0
12850,0,0,0
12851,0,0,0
12852,0,0,0
12853,0,0,0
12854,0,0,0
12855,0,0,0
12856,0,0,0
12857,0,0,0
12858,0,0,0
12859,0,0,0
12860,0,0,0
12861,0,0,0
12862,0,0,0
12863,0,0,0
12864,0,0,0
12865,0,0,0
12866,0,0,0
12867,0,0,0
12868,0,0,0
12869,0,0,0
12870,0,0,0
12871,0,0,0
12872,0,0,0
12873,0,0,0
12874,0,0,0
12875,0,0,0
12876,0,0,0
12877,0,0,0
12878,0,0,0
12879,0,0,0
12880,0,0,0
12881,0,0,0
12882,0,0,0
12883,0,0,0
12884,0,0,0
12885,0,0,0
12886,0,0,0
12887,0,0,0
12888,0,0,0
12889,0,0,0
12890,0,0,0
12891,0,0,0
12892,0,0,0
12893,0,0,0
12894,0,0,0
12895,0,0,0
12896,0,0,0
12897,0,0,0
12898,0,0,0
12899,0,0,0
12900,0,0,0
12901,0,0,0
12902,0,0,0
12903,0,0,0
12904,0,0,0
12905,0,0,0
12906,0,0,0
12907,0,0,0
12908,0,0,0
12909,0,0,0
12910,0,0,0
12911,0,0,0
12912,0,0,0
12913,0,0,0
12914,0,0,0
12915,0,0,0
12916,0,0,0
12917,0,0,0
12918,0,0,0
12919,0,0,0
12920,0,0,0
12921,0,0,0
12922,0,0,0
12923,0,0,0
12924,0,0,0
12925,0,0,0
12926,0,0,0
12927,0,0,0
12928,0,0,0
12929,0,0,0
12930,0,0,0
12931,0,0,0
12932,0,0,0
12933,0,0,0
12934,0,0,0
12935,0,0,0
12936,0,0,0
12937,0,0,0
12938,0,0,0
12939,0,0,0
12940,0,0,0
12941,0,0,0
12942,0,0,0
12943,0,0,0
12944,0,0,0
12945,0,0,0
12946,0,0,0
12947,0,0,0
12948,0,0,0
12949,0,0,0
12950,0,0,0
12951,0,0,0
12952,0,0,0
12953,0,0,0
12954,0,0,0
12955,0,0,0
12956,0,0,0
12957,0,0,0
12958,0,0,0
12959,0,0,0
12960,0,0,0
12961,0,0,0
12962,0,0,0
12963,0,0,0
12964,0,0,0
12965,0,0,0
12966,0,0,0
12967,0,0,0
12968,0,0,0
12969,0,0,0
12970,0,0,0
12971,0,0,0
12972,0,0,0
12973,0,0,0
12974,0,0,0
12975,0,0,0
12976,0,0,0
12977,0,0,0
12978,0,0,0
12979,0,0,0
12980,0,0,0
12981,0,0,0
12982,0,0,0
12983,0,0,0
12984,0,0,0
12985,0,0,0
12986,0,0,0
12987,0,0,0
12988,0,0,0
12989,0,0,0
12990,0,0,0
12991,0,0,0
12992,0,0,0
12993,0,0,0
12994,0,0,0
12995,0,0,0
12996,0,0,0
12997,0,0,0
12998,0,0,0
12999,0,0,0
13000,0,0,0
13001,0,0,0
13002,0,0,0
13003,0,0,0
13004,0,0,0
13005,0,0,0
13006,0,0,0
13007,0,0,0
13008,0,0,0
13009,0,0,0
13010,0,0,0
13011,0,0,0
13012,0,0,0
13013,0,0,0
13014,0,0,0
13015,0,0,0
13016,0,0,0
13017,0,0,0
13018,0,0,0
13019,0,0,0
13020,0,0,0
13021,0,0,0
13022,0,0,0
13023,0,0,0
13024,0,0,0
13025,0,0,0
13026,0,0,0
13027,0,0,0
13028,0,0,0
13029,0,0,0
13030,0,0,0
13031,0,0,0
13032,0,0,0
13033,0,0,0
13034,0,0,0
13035,0,0,0
13036,0,0,0
13037,0,0,0
13038,0,0,0
13039,0,0,0
13040,0,0,0
13041,0,0,0
13042,0,0,0
13043,0,0,0
13044,0,0,0
13045,0,0,0
13046,0,0,0
13047,0,0,0
13048,0,0,0
13049,0,0,0
13050,0,0,0
13051,0,0,0
13052,0,0,0
13053,0,0,0
13054,0,0,0
13055,0,0,0
13056,0,0,0
13057,0,0,0
13058,0,0,0
13059,0,0,0
13060,0,0,0
13061,0,0,0
13062,0,0,0
13063,0,0,0
13064,0,0,0
13065,0,0,0
13066,0,0,0
13067,0,0,0
13068,0,0,0
13069,0,0,0
13070,0,0,0
13071,0,0,0
13072,0,0,0
13073,0,0,0
13074,0,0,0
13075,0,0,0
13076,0,0,0
13077,0,0,0
13078,0,0,0
13079,0,0,0
13080,0,0,0
13081,0,0,0
13082,0,0,0
13083,0,0,0
13084,0,0,0
13085,0,0,0
13086,0,0,0
13087,0,0,0
13088,0,0,0
13089,0,0,0
13090,0,0,0
13091,0,0,0
13092,0,0,0
13093,0,0,0
13094,0,0,0
13095,0,0,0
13096,0,0,0
13097,0,0,0
13098,0,0,0
13099,0,0,0
13100,0,0,0
13101,0,0,0
13102,0,0,0
13103,0,0,0
13104,0,0,0
13105,0,0,0
13106,0,0,0
13107,0,0,0
13108,0,0,0
13109,0,0,0
13110,0,0,0
13111,0,0,0
13112,0,0,0
13113,0,0,0
13114,0,0,0
13115,0,0,0
13116,0,0,0
13117,0,0,0
13118,0,0,0
13119,0,0,0
13120,0,0,0
13121,0,0,0
13122,0,0,0
13123,0,0,0
13124,0,0,0
13125,0,0,0
13126,0,0,0
13127,0,0,0
13128,0,0,0
13129,0,0,0
13130,0,0,0
13131,0,0,0
13132,0,0,0
13133,0,0,0
13134,0,0,0
13135,0,0,0
13136,0,0,0
13137,0,0,0
13138,0,0,0
13139,0,0,0
13140,0,0,0
13141,0,0,0
13142,0,0,0
13143,0,0,0
13144,0,0,0
13145,0,0,0
13146,0,0,0
13147,0,0,0
13148,0,0,0
13149,0,0,0
13150,0,0,0
13151,0,0,0
13152,0,0,0
13153,0,0,0
13154,0,0,0
13155,0,0,0
13156,0,0,0
13157,0,0,0
13158,0,0,0
13159,0,0,0
13160,0,0,0
13161,0,0,0
13162,0,0,0
13163,0,0,0
13164,0,0,0
13165,0,0,0
13166,0,0,0
13167,0,0,0
13168,0,0,0
13169,0,0,0
13170,0,0,0
13171,0,0,0
13172,0,0,0
13173,0,0,0
13174,0,0,0
13175,0,0,0
13176,0,0,0
13177,0,0,0
13178,0,0,0
13179,0,0,0
13180,0,0,0
13181,0,0,0
13182,0,0,0
13183,0,0,0
13184,0,0,0
13185,0,0,0
13186,0,0,0
13187,0,0,0
13188,0,0,0
13189,0,0,0
13190,0,0,0
13191,0,0,0
13192,0,0,0
13193,0,0,0
13194,0,0,0
13195,0,0,0
13196,0,0,0
13197,0,0,0
13198,0,0,0
13199,0,0,0
13200,0,0,0
13201,0,0,0
13202,0,0,0
13203,0,0,0
13204,0,0,0
13205,0,0,0
13206,0,0,0
13207,0,0,0
13208,0,0,0
13209,0,0,0
13210,0,0,0
13211,0,0,0
13212,0,0,0
13213,0,0,0
13214,0,0,0
13215,0,0,0
13216,0,0,0
13217,0,0,0
13218,0,0,0
13219,0,0,0
13220,0,0,0
13221,0,0,0
13222,0,0,0
13223,0,0,0
13224,0,0,0
13225,0,0,0
13226,0,0,0
13227,0,0,0
13228,0,0,0
13229,0,0,0
13230,0,0,0
13231,0,0,0
13232,0,0,0
13233,0,0,0
13234,0,0,0
13235,0,0,0
13236,0,0,0
13237,0,0,0
13238,0,0,0
13239,0,0,0
13240,0,0,0
13241,0,0,0
13242,0,0,0
13243,0,0,0
13244,0,0,0
13245,0,0,0
13246,0,0,0
13247,0,0,0
13248,0,0,0
13249,0,0,0
13250,0,0,0
13251,0,0,0
13252,0,0,0
13253,0,0,0
13254,0,0,0
13255,0,0,0
13256,0,0,0
13257,0,0,0
13258,0,0,0
13259,0,0,0
13260,0,0,0
13261,0,0,0
13262,0,0,0
13263,0,0,0
13264,0,0,0
13265,0,0,0
13266,0,0,0
13267,0,0,0
13268,0,0,0
13269,0,0,0
13270,0,0,0
13271,0,0,0
13272,0,0,0
13273,0,0,0
13274,0,0,0
13275,0,0,0
13276,0,0,0
13277,0,0,0
13278,0,0,0
13279,0,0,0
13280,0,0,0
13281,0,0,0
13282,0,0,0
13283,0,0,0
13284,0,0,0
13285,0,0,0
13286,0,0,0
13287,0,0,0
13288,0,0,0
13289,0,0,0
13290,0,0,0
13291,0,0,0
13292,0,0,0
13293,0,0,0
13294,0,0,0
13295,0,0,0
13296,0,0,0
13297,0,0,0
13298,0,0,0
13299,0,0,0
13300,0,0,0
13301,0,0,0
13302,0,0,0
13303,0,0,0
13304,0,0,0
13305,0,0,0
13306,0,0,0
13307,0,0,0
13308,0,0,0
13309,0,0,0
13310,0,0,0
13311,0,0,0
13312,0,0,0
13313,0,0,0
13314,0,0,0
13315,0,0,0
13316,0,0,0
13317,0,0,0
13318,0,0,0
13319,0,0,0
13320,0,0,0
13321,0,0,0
13322,0,0,0
13323,0,0,0
13324,0,0,0
13325,0,0,0
13326,0,0,0
13327,0,0,0
13328,0,0,0
13329,0,0,0
13330,0,0,0
13331,0,0,0
13332,0,0,0
13333,0,0,0
13334,0,0,0
13335,0,0,0
13336,0,0,0
13337,0,0,0
13338,0,0,0
13339,0,0,0
13340,0,0,0
13341,0,0,0
13342,0,0,0
13343,0,0,0
13344,0,0,0
13345,0,0,0
13346,0,0,0
13347,0,0,0
13348,0,0,0
13349,0,0,0
13350,0,0,0
13351,0,0,0
13352,0,0,0
13353,0,0,0
13354,0,0,0
13355,0,0,0
13356,0,0,0
13357,0,0,0
13358,0,0,0
13359,0,0,0
13360,0,0,0
13361,0,0,0
13362,0,0,0
13363,0,0,0
13364,0,0,0
13365,0,0,0
13366,0,0,0
13367,0,0,0
13368,0,0,0
13369,0,0,0
13370,0,0,0
13371,0,0,0
13372,0,0,0
13373,0,0,0
13374,0,0,0
13375,0,0,0
13376,0,0,0
13377,0,0,0
13378,0,0,0
13379,0,0,0
13380,0,0,0
13381,0,0,0
13382,0,0,0
13383,0,0,0
13384,0,0,0
13385,0,0,0
13386,0,0,0
13387,0,0,0
13388,0,0,0
13389,0,0,0
13390,0,0,0
13391,0,0,0
13392,0,0,0
13393,0,0,0
13394,0,0,0
13395,0,0,0
13396,0,0,0
13397,0,0,0
13398,0,0,0
13399,0,0,0
13400,0,0,0
13401,0,0,0
13402,0,0,0
13403,0,0,0
13404,0,0,0
13405,0,0,0
13406,0,0,0
13407,0,0,0
13408,0,0,0
13409,0,0,0
13410,0,0,0
13411,0,0,0
13412,0,0,0
13413,0,0,0
13414,0,0,0
13415,0,0,0
13416,0,0,0
13417,0,0,0
13418,0,0,0
13419,1,0,1
13420,1,0,1
13421,1,0,1
13422,1,0,1
13423,1,0,1
13424,1,0,1
13425,1,0,1
13426,1,0,1
13427,1,0,1
13428,1,0,1
13429,1,0,1
13430,1,0,1
13431,1,0,1
13432,1,0,1
13433,1,0,1
13434,1,0,1
13435,1,0,1
13436,1,0,1
13437,1,0,1
13438,1,0,1
13439,1,0,1
13440,1,0,1
13441,1,0,1
13442,1,0,1
13443,0,1,1
13444,0,1,1
13445,0,1,1
13446,0,1,1
13447,0,1,1
13448,0,1,1
13449,0,1,1
13450,0,1,1
13451,0,1,1
13452,0,1,1
13453,0,1,1
13454,0,1,1
13455,0,1,1
13456,0,1,1
13457,0,1,1
13458,0,1,1
13459,0,1,1
13460,0,1,1
13461,0,1,1
13462,0,1,1
13463,0,1,1
13464,0,1,1
13465,0,1,1
13466,0,1,1
13467,0,1,1
13468,0,1,1
13469,0,1,1
13470,0,1,1
13471,1,1,2
13472,1,1,2
13473,1,1,2
13474,1,1,2
13475,1,1,2
13476,1,1,2
13477,1,1,2
13478,1,1,2
13479,1,1,2
13480,1,1,2
13481,1,1,2
13482,1,1,2
13483,1,1,2
13484,1,1,2
13485,1,1,2
13486,1,1,2
13487,1,1,2
13488,1,1,2
13489,1,1,2
13490,1,1,2
13491,1,1,2
13492,1,1,2
13493,1,1,2
13494,1,1,2
13495,1,1,2
13496,1,1,2
13497,1,1,2
13498,1,1,2
13499,1,1,2
13500,1,1,2
13501,2,0,2
13502,1,0,1
13503,1,0,1
13504,2,0,2
13505,2,0,2
13506,2,0,2
13507,2,0,2
13508,2,0,2
13509,2,0,2
13510,2,0,2
13511,2,0,2
13512,2,0,2
13513,2,0,2
13514,2,0,2
13515,2,0,2
13516,2,0,2
13517,2,0,2
13518,2,0,2
13519,2,0,2
13520,2,0,2
13521,2,0,2
13522,2,0,2
13523,2,0,2
13524,2,0,2
13525,2,0,2
13526,2,0,2
13527,2,0,2
13528,2,0,2
13529,2,0,2
13530,2,0,2
13531,1,0,1
13532,1,0,1
13533,1,0,1
13534,1,0,1
13535,1,0,1
13536,1,0,1
13537,1,0,1
13538,1,0,1
13539,1,0,1
13540,1,0,1
13541,1,0,1
13542,1,0,1
13543,1,0,1
13544,1,0,1
13545,1,0,1
13546,1,0,1
13547,1,0,1
13548,1,0,1
13549,1,0,1
13550,1,0,1
13551,1,0,1
13552,1,0,1
13553,1,0,1
13554,1,0,1
13555,1,0,1
13556,0,0,0
13557,0,0,0
13558,0,0,0
13559,0,0,0
13560,0,0,0
13561,0,0,0
13562,0,0,0
13563,0,0,0
13564,0,0,0
13565,0,0,0
13566,0,0,0
13567,0,0,0
13568,0,0,0
13569,0,0,0
13570,0,0,0
13571,0,0,0
13572,0,0,0
13573,0,0,0
13574,0,0,0
13575,0,0,0
13576,0,0,0
13577,0,0,0
13578,0,0,0
13579,0,0,0
13580,0,0,0
13581,0,0,0
13582,0,0,0
13583,0,0,0
13584,0,0,0
13585,0,0,0
13586,0,0,0
13587,0,0,0
13588,0,0,0
13589,0,0,0
13590,0,0,0
13591,0,0,0
13592,0,0,0
13593,0,0,0
13594,0,0,0
13595,0,0,0
13596,0,0,0
13597,0,0,0
13598,0,0,0
13599,0,0,0
13600,0,0,0
13601,0,0,0
13602,0,0,0
13603,0,0,0
13604,0,0,0
13605,0,0,0
13606,0,0,0
13607,0,0,0
13608,0,0,0
13609,0,0,0
13610,0,0,0
13611,0,0,0
13612,0,0,0
13613,0,0,0
13614,0,0,0
13615,0,0,0
13616,0,0,0
13617,0,0,0
13618,0,0,0
13619,0,0,0
13620,0,0,0
13621,0,0,0
13622,0,0,0
13623,0,0,0
13624,0,0,0
13625,0,0,0
13626,0,0,0
13627,0,0,0
13628,0,0,0
13629,0,0,0
13630,0,0,0
13631,0,0,0
13632,0,0,0
13633,0,0,0
13634,0,0,0
13635,0,0,0
13636,0,0,0
13637,0,0,0
13638,0,0,0
13639,0,0,0
13640,0,0,0
13641,0,0,0
13642,0,0,0
13643,0,0,0
13644,0,0,0
13645,0,0,0
13646,0,0,0
13647,0,0,0
13648,0,0,0
13649,0,0,0
13650,0,0,0
13651,0,0,0
13652,0,0,0
13653,0,0,0
13654,0,0,0
13655,0,0,0
13656,0,0,0
13657,0,0,0
13658,0,0,0
13659,0,0,0
13660,0,0,0
13661,0,0,0
13662,0,0,0
13663,0,0,0
13664,0,0,0
13665,0,0,0
13666,0,0,0
13667,0,0,0
13668,0,0,0
13669,0,0,0
13670,0,0,0
13671,0,0,0
13672,0,0,0
13673,0,0,0
13674,0,0,0
13675,0,0,0
13676,0,0,0
13677,0,0,0
13678,0,0,0
13679,0,0,0
13680,0,0,0
13681,0,0,0
13682,0,0,0
13683,0,0,0
13684,0,0,0
13685,0,0,0
13686,0,0,0
13687,0,0,0
13688,0,0,0
13689,0,0,0
13690,0,0,0
13691,0,0,0
13692,0,0,0
13693,0,0,0
13694,0,0,0
13695,0,0,0
13696,0,0,0
13697,0,0,0
13698,0,0,0
13699,0,0,0
13700,0,0,0
13701,0,0,0
13702,0,0,0
13703,0,0,0
13704,0,0,0
13705,0,0,0
13706,0,0,0
13707,0,0,0
13708,0,0,0
13709,0,0,0
13710,0,0,0
13711,0,0,0
13712,0,0,0
13713,0,0,0
13714,0,0,0
13715,0,0,0
13716,0,0,0
13717,0,0,0
13718,0,0,0
13719,0,0,0
13720,0,0,0
13721,0,0,0
13722,0,0,0
13723,0,0,0
13724,0,0,0
13725,0,0,0
13726,0,0,0
13727,0,0,0
13728,0,0,0
13729,0,0,0
13730,0,0,0
13731,0,0,0
13732,0,0,0
13733,0,0,0
13734,0,0,0
13735,0,0,0
13736,0,0,0
13737,0,0,0
13738,0,0,0
13739,0,0,0
13740,0,0,0
13741,0,0,0
13742,0,0,0
13743,0,0,0
13744,0,0,0
13745,0,0,0
13746,0,0,0
13747,0,0,0
13748,0,0,0
13749,0,0,0
13750,0,0,0
13751,0,0,0
13752,0,0,0
13753,0,0,0
13754,0,0,0
13755,0,0,0
13756,0,0,0
13757,0,0,0
13758,0,0,0
13759,0,0,0
13760,0,0,0
13761,0,0,0
13762,0,0,0
13763,0,0,0
13764,0,0,0
13765,0,0,0
13766,0,0,0
13767,0,0,0
13768,0,0,0
13769,0,0,0
13770,0,0,0
13771,0,0,0
13772,0,0,0
13773,0,0,0
13774,0,0,0
13775,0,0,0
13776,0,0,0
13777,0,0,0
13778,0,0,0
13779,0,0,0
13780,0,0,0
13781,0,0,0
13782,0,0,0
13783,0,0,0
13784,0,0,0
13785,0,0,0
13786,0,0,0
13787,0,0,0
13788,0,0,0
13789,0,0,0
13790,0,0,0
13791,0,0,0
13792,0,0,0
13793,0,0,0
13794,0,0,0
13795,0,0,0
13796,0,0,0
13797,0,0,0
13798,0,0,0
13799,0,0,0
13800,0,0,0
13801,0,0,0
13802,0,0,0
13803,0,0,0
13804,0,0,0
13805,0,0,0
13806,0,0,0
13807,0,0,0
13808,0,0,0
13809,0,0,0
13810,0,0,0
13811,0,0,0
13812,0,0,0
13813,0,0,0
13814,0,0,0
13815,0,0,0
13816,0,0,0
13817,0,0,0
13818,0,0,0
13819,0,0,0
13820,0,0,0
13821,0,0,0
13822,0,0,0
13823,0,0,0
13824,0,0,0
13825,0,0,0
13826,0,0,0
13827,0,0,0
13828,0,0,0
13829,0,0,0
13830,0,0,0
13831,0,0,0
13832,0,0,0
13833,0,0,0
13834,0,0,0
13835,0,0,0
13836,0,0,0
13837,0,0,0
13838,0,0,0
13839,0,0,0
13840,0,0,0
13841,0,0,0
13842,0,0,0
13843,0,0,0
13844,0,0,0
13845,0,0,0
13846,0,0,0
13847,0,0,0
13848,0,0,0
13849,0,0,0
13850,0,0,0
13851,0,0,0
13852,0,0,0
13853,0,0,0
13854,0,0,0
13855,0,0,0
13856,0,0,0
13857,0,0,0
13858,0,0,0
13859,0,0,0
13860,0,0,0
13861,0,0,0
13862,0,0,0
13863,0,0,0
13864,0,0,0
13865,0,0,0
13866,0,0,0
13867,0,0,0
13868,0,0,0
13869,0,0,0
13870,0,0,0
13871,0,0,0
13872,0,0,0
13873,0,0,0
13874,0,0,0
13875,0,0,0
13876,0,0,0
13877,0,0,0
13878,0,0,0
13879,0,0,0
13880,0,0,0
13881,0,0,0
13882,0,0,0
13883,0,0,0
13884,0,0,0
13885,0,0,0
13886,0,0,0
13887,0,0,0
13888,0,0,0
13889,0,0,0
13890,0,0,0
13891,0,0,0
13892,0,0,0
13893,0,0,0
13894,0,0,0
13895,0,0,0
13896,0,0,0
13897,0,0,0
13898,0,0,0
13899,0,0,0
13900,0,0,0
13901,0,0,0
13902,0,0,0
13903,0,0,0
13904,0,0,0
13905,0,0,0
13906,0,0,0
13907,0,0,0
13908,0,0,0
13909,0,0,0
13910,0,0,0
13911,0,0,0
13912,0,0,0
13913,0,0,0
13914,0,0,0
13915,0,0,0
13916,0,0,0
13917,0,0,0
13918,0,0,0
13919,0,0,0
13920,0,0,0
13921,0,0,0
13922,0,0,0
13923,0,0,0
13924,0,0,0
13925,0,0,0
13926,0,0,0
13927,0,0,0
13928,0,0,0
13929,0,0,0
13930,0,0,0
13931,0,0,0
13932,0,0,0
13933,0,0,0
13934,0,0,0
13935,0,0,0
13936,0,0,0
13937,0,0,0
13938,0,0,0
13939,0,0,0
13940,0,0,0
13941,0,0,0
13942,0,0,0
13943,0,0,0
13944,0,0,0
13945,0,0,0
13946,0,0,0
13947,0,0,0
13948,0,0,0
13949,0,0,0
13950,0,0,0
13951,0,0,0
13952,0,0,0
13953,0,0,0
13954,0,0,0
13955,0,0,0
13956,0,0,0
13957,0,0,0
13958,0,0,0
13959,0,0,0
13960,0,0,0
13961,0,0,0
13962,0,0,0
13963,0,0,0
13964,0,0,0
13965,0,0,0
13966,0,0,0
13967,0,0,0
13968,0,0,0
13969,0,0,0
13970,0,0,0
13971,0,0,0
13972,0,0,0
13973,0,0,0
13974,0,0,0
13975,0,0,0
13976,0,0,0
13977,0,0,0
13978,0,0,0
13979,0,0,0
13980,0,0,0
13981,0,0,0
13982,0,0,0
13983,0,0,0
13984,0,0,0
13985,0,0,0
13986,0,0,0
13987,0,0,0
13988,0,0,0
13989,0,0,0
13990,0,0,0
13991,0,0,0
13992,0,0,0
13993,0,0,0
13994,0,0,0
13995,0,0,0
13996,0,0,0
13997,0,0,0
13998,0,0,0
13999,1,0,1
14000,1,0,1
14001,1,0,1
14002,1,0,1
14003,1,0,1
14004,1,0,1
14005,1,0,1
14006,1,0,1
14007,1,0,1
14008,1,0,1
14009,1,0,1
14010,1,0,1
14011,1,0,1
14012,1,0,1
14013,1,0,1
14014,1,0,1
14015,1,0,1
14016,1,0,1
14017,1,0,1
14018,1,0,1
14019,1,0,1
14020,1,0,1
14021,1,0,1
14022,1,0,1
14023,1,0,1
14024,1,0,1
14025,1,0,1
14026,1,0,1
14027,1,0,1
14028,1,0,1
14029,1,0,1
14030,1,0,1
14031,2,0,2
14032,2,0,2
14033,2,0,2
14034,2,0,2
14035,2,0,2
14036,2,0,2
14037,2,0,2
14038,2,0,2
14039,2,0,2
14040,2,0,2
14041,1,0,1
14042,1,0,1
14043,1,0,1
14044,1,0,1
14045,1,0,1
14046,1,0,1
14047,1,0,1
14048,1,0,1
14049,1,0,1
14050,1,0,1
14051,1,0,1
14052,1,0,1
14053,1,0,1
14054,1,0,1
14055,1,0,1
14056,1,0,1
14057,1,0,1
14058,1,0,1
14059,1,0,1
14060,1,0,1
14061,1,0,1
14062,1,0,1
14063,1,0,1
14064,1,0,1
14065,1,0,1
14066,1,0,1
14067,1,0,1
14068,1,0,1
14069,1,0,1
14070,1,0,1
14071,1,0,1
14072,1,0,1
14073,1,0,1
14074,1,0,1
14075,1,0,1
14076,1,0,1
14077,1,0,1
14078,1,0,1
14079,1,0,1
14080,1,0,1
14081,1,0,1
14082,1,0,1
14083,1,0,1
14084,1,0,1
14085,1,0,1
14086,1,0,1
14087,1,0,1
14088,1,0,1
14089,1,0,1
14090,1,0,1
14091,1,0,1
14092,1,0,1
14093,1,0,1
14094,1,0,1
14095,1,0,1
14096,1,0,1
14097,1,0,1
14098,1,0,1
14099,0,0,0
14100,0,0,0
14101,0,0,0
14102,0,0,0
14103,0,0,0
14104,0,0,0
14105,0,0,0
14106,0,0,0
14107,0,0,0
14108,0,0,0
14109,0,0,0
14110,0,0,0
14111,0,0,0
14112,0,0,0
14113,0,0,0
14114,0,0,0
14115,0,0,0
14116,0,0,0
14117,0,0,0
14118,0,0,0
14119,0,0,0
14120,0,0,0
14121,0,0,0
14122,0,0,0
14123,0,0,0
14124,0,0,0
14125,0,0,0
14126,0,0,0
14127,0,0,0
14128,0,0,0
14129,0,0,0
14130,0,0,0
14131,0,0,0
14132,0,0,0
14133,0,0,0
14134,0,0,0
14135,0,0,0
14136,0,0,0
14137,0,0,0
14138,0,0,0
14139,0,0,0
14140,0,0,0
14141,0,0,0
14142,0,0,0
14143,0,0,0
14144,0,0,0
14145,0,0,0
14146,0,0,0
14147,0,0,0
14148,0,0,0
14149,0,0,0
14150,0,0,0
14151,0,0,0
14152,0,0,0
14153,0,0,0
14154,0,0,0
14155,0,0,0
14156,0,0,0
14157,0,0,0
14158,0,0,0
14159,0,0,0
14160,0,0,0
14161,0,0,0
14162,0,0,0
14163,0,0,0
14164,0,0,0
14165,0,0,0
14166,0,0,0
14167,0,0,0
14168,0,0,0
14169,0,0,0
14170,0,0,0
14171,0,0,0
14172,0,0,0
14173,0,0,0
14174,0,0,0
14175,0,0,0
14176,0,0,0
14177,0,0,0
14178,0,0,0
14179,0,0,0
14180,0,0,0
14181,0,0,0
14182,0,0,0
14183,0,0,0
14184,0,0,0
14185,0,0,0
14186,0,0,0
14187,0,0,0
14188,0,0,0
14189,0,0,0
14190,0,0,0
14191,0,0,0
14192,0,0,0
14193,0,0,0
14194,0,0,0
14195,0,0,0
14196,0,0,0
14197,0,0,0
14198,0,0,0
14199,0,0,0
14200,0,0,0
14201,0,0,0
14202,0,0,0
14203,0,0,0
14204,0,0,0
14205,0,0,0
14206,0,0,0
14207,0,0,0
14208,0,0,0
14209,0,0,0
14210,0,0,0
14211,0,0,0
14212,0,0,0
14213,0,0,0
14214,0,0,0
14215,0,0,0
14216,0,0,0
14217,0,0,0
14218,0,0,0
14219,0,0,0
14220,0,0,0
14221,0,0,0
14222,0,0,0
14223,0,0,0
14224,0,0,0
14225,0,0,0
14226,0,0,0
14227,0,0,0
14228,0,0,0
14229,0,0,0
14230,0,0,0
14231,0,0,0
14232,0,0,0
14233,0,0,0
14234,0,0,0
14235,0,0,0
14236,0,0,0
14237,0,0,0
14238,0,0,0
14239,0,0,0
14240,0,0,0
14241,0,0,0
14242,0,0,0
14243,0,0,0
14244,0,0,0
14245,0,0,0
14246,0,0,0
14247,0,0,0
14248,0,0,0
14249,0,0,0
14250,0,0,0
14251,0,0,0
14252,0,0,0
14253,0,0,0
14254,0,0,0
14255,0,0,0
14256,0,0,0
14257,0,0,0
14258,0,0,0
14259,0,0,0
14260,0,0,0
14261,0,0,0
14262,0,0,0
14263,0,0,0
14264,0,0,0
14265,0,0,0
14266,0,0,0
14267,0,0,0
14268,0,0,0
14269,0,0,0
14270,0,0,0
14271,0,0,0
14272,0,0,0
14273,0,0,0
14274,0,0,0
14275,0,0,0
14276,0,0,0
14277,0,0,0
14278,0,0,0
14279,0,0,0
14280,0,0,0
14281,0,0,0
14282,0,0,0
14283,0,0,0
14284,1,0,1
14285,1,0,1
14286,1,0,1
14287,1,0,1
14288,1,0,1
14289,1,0,1
14290,1,0,1
14291,1,0,1
14292,1,0,1
14293,1,0,1
14294,1,0,1
14295,1,0,1
14296,1,0,1
14297,1,0,1
14298,1,0,1
14299,1,0,1
14300,2,0,2
14301,2,0,2
14302,2,0,2
14303,2,0,2
14304,2,0,2
14305,2,0,2
14306,2,0,2
14307,2,0,2
14308,2,0,2
14309,2,0,2
14310,2,0,2
14311,2,0,2
14312,2,0,2
14313,2,0,2
14314,2,0,2
14315,2,0,2
14316,2,0,2
14317,2,0,2
14318,2,0,2
14319,2,0,2
14320,2,0,2
14321,2,0,2
14322,2,0,2
14323,2,0,2
14324,2,0,2
14325,2,0,2
14326,2,0,2
14327,2,0,2
14328,2,0,2
14329,2,0,2
14330,2,0,2
14331,2,0,2
14332,2,0,2
14333,2,0,2
14334,2,0,2
14335,1,0,1
14336,1,0,1
14337,1,0,1
14338,1,0,1
14339,1,0,1
14340,1,0,1
14341,1,0,1
14342,1,0,1
14343,1,0,1
14344,1,0,1
14345,1,0,1
14346,1,0,1
14347,1,0,1
14348,1,0,1
14349,1,0,1
14350,1,0,1
14351,1,0,1
14352,1,0,1
14353,1,0,1
14354,1,0,1
14355,1,0,1
14356,1,0,1
14357,1,0,1
14358,1,0,1
14359,1,0,1
14360,1,0,1
14361,1,0,1
14362,1,0,1
