second,idle_count,walking_count,total_count
0,0,0,0
1,0,0,0
2,0,0,0
3,0,0,0
4,0,0,0
5,0,0,0
6,0,0,0
7,0,0,0
8,2,0,2
9,2,0,2
10,2,0,2
11,2,0,2
12,2,0,2
13,2,0,2
14,2,0,2
15,2,0,2
16,2,0,2
17,2,0,2
18,2,0,2
19,2,0,2
20,2,0,2
21,2,0,2
22,2,0,2
23,2,0,2
24,2,0,2
25,2,0,2
26,2,0,2
27,2,0,2
28,2,0,2
29,2,0,2
30,2,0,2
31,2,0,2
32,2,0,2
33,2,0,2
34,2,0,2
35,2,0,2
36,2,0,2
37,2,0,2
38,2,0,2
39,2,0,2
40,2,0,2
41,2,0,2
42,2,0,2
43,2,0,2
44,2,0,2
45,2,0,2
46,2,0,2
47,2,0,2
48,2,0,2
49,2,0,2
50,2,0,2
51,2,0,2
52,2,0,2
53,2,0,2
54,2,0,2
55,2,0,2
56,3,0,3
57,3,0,3
58,3,0,3
59,3,0,3
60,3,0,3
61,3,0,3
62,2,0,2
63,2,0,2
64,4,0,4
65,4,0,4
66,4,0,4
67,4,0,4
68,4,0,4
69,4,0,4
70,4,0,4
71,4,0,4
72,4,0,4
73,4,0,4
74,4,0,4
75,4,0,4
76,4,0,4
77,4,0,4
78,4,0,4
79,4,0,4
80,4,0,4
81,4,0,4
82,4,0,4
83,4,0,4
84,4,0,4
85,4,0,4
86,4,0,4
87,4,0,4
88,4,0,4
89,4,0,4
90,4,0,4
91,4,0,4
92,3,0,3
93,3,0,3
94,3,0,3
95,3,0,3
96,3,0,3
97,3,0,3
98,3,0,3
99,3,0,3
100,3,0,3
101,3,0,3
102,3,0,3
103,3,0,3
104,3,0,3
105,3,0,3
106,2,0,2
107,2,0,2
108,2,0,2
109,2,0,2
110,2,0,2
111,2,0,2
112,2,0,2
113,2,0,2
114,2,0,2
115,2,0,2
116,1,0,1
117,1,0,1
118,1,0,1
119,1,0,1
120,1,0,1
121,1,0,1
122,1,0,1
123,1,0,1
124,1,0,1
125,1,0,1
126,1,0,1
127,1,0,1
128,1,0,1
129,1,0,1
130,1,0,1
131,1,0,1
132,1,0,1
133,1,0,1
134,1,0,1
135,1,0,1
136,1,0,1
137,1,0,1
138,1,0,1
139,2,0,2
140,2,0,2
141,2,0,2
142,2,0,2
143,2,0,2
144,2,0,2
145,3,0,3
146,3,0,3
147,3,0,3
148,3,0,3
149,3,0,3
150,3,0,3
151,3,0,3
152,3,0,3
153,3,0,3
154,3,0,3
155,3,0,3
156,3,0,3
157,3,0,3
158,3,0,3
159,3,0,3
160,3,0,3
161,3,0,3
162,3,0,3
163,3,0,3
164,3,0,3
165,3,0,3
166,3,0,3
167,3,0,3
168,3,0,3
169,3,0,3
170,3,0,3
171,3,0,3
172,3,0,3
173,3,0,3
174,3,0,3
175,3,0,3
176,3,0,3
177,3,0,3
178,3,0,3
179,3,0,3
180,3,0,3
181,1,0,1
182,1,0,1
183,1,0,1
184,1,0,1
185,1,0,1
186,1,0,1
187,1,0,1
188,1,0,1
189,1,0,1
190,1,0,1
191,1,0,1
192,1,0,1
193,1,0,1
194,1,0,1
195,1,0,1
196,1,0,1
197,1,0,1
198,1,0,1
199,1,0,1
200,1,0,1
201,1,0,1
202,1,0,1
203,1,0,1
204,1,0,1
205,1,0,1
206,1,0,1
207,1,0,1
208,1,0,1
209,1,0,1
210,1,0,1
211,1,0,1
212,1,0,1
213,1,0,1
214,1,0,1
215,1,0,1
216,1,0,1
217,1,0,1
218,1,0,1
219,1,0,1
220,1,0,1
221,1,0,1
222,1,0,1
223,1,0,1
224,1,0,1
225,1,0,1
226,1,0,1
227,1,0,1
228,1,0,1
229,1,0,1
230,1,0,1
231,1,0,1
232,1,0,1
233,1,0,1
234,1,0,1
235,1,0,1
236,1,0,1
237,1,0,1
238,1,0,1
239,1,0,1
240,1,0,1
241,1,0,1
242,1,0,1
243,1,0,1
244,1,0,1
245,1,0,1
246,1,0,1
247,1,0,1
248,1,0,1
249,1,0,1
250,1,0,1
251,1,0,1
252,1,0,1
253,1,0,1
254,1,0,1
255,1,0,1
256,1,0,1
257,1,0,1
258,1,0,1
259,1,0,1
260,1,0,1
261,1,0,1
262,1,0,1
263,1,0,1
264,1,0,1
265,1,0,1
266,1,0,1
267,1,0,1
268,1,0,1
269,1,0,1
270,1,0,1
271,1,0,1
272,1,0,1
273,1,0,1
274,1,0,1
275,1,0,1
276,1,0,1
277,1,0,1
278,1,0,1
279,1,0,1
280,1,0,1
281,1,0,1
282,1,0,1
283,1,0,1
284,1,0,1
285,1,0,1
286,1,0,1
287,1,0,1
288,1,0,1
289,1,0,1
290,1,0,1
291,1,0,1
292,1,0,1
293,1,0,1
294,1,0,1
295,1,0,1
296,1,0,1
297,1,0,1
298,1,0,1
299,1,0,1
300,1,0,1
301,1,0,1
302,1,0,1
303,1,0,1
304,1,0,1
305,1,0,1
306,1,0,1
307,1,0,1
308,1,0,1
309,1,0,1
310,1,0,1
311,1,0,1
312,1,0,1
313,1,0,1
314,1,0,1
315,1,0,1
316,1,0,1
317,1,0,1
318,1,0,1
319,1,0,1
320,1,0,1
321,1,0,1
322,1,0,1
323,1,0,1
324,1,0,1
325,1,0,1
326,1,0,1
327,1,0,1
328,1,0,1
329,1,0,1
330,1,0,1
331,1,0,1
332,1,0,1
333,1,0,1
334,1,0,1
335,1,0,1
336,1,0,1
337,1,0,1
338,1,0,1
339,1,0,1
340,1,0,1
341,1,0,1
342,1,0,1
343,1,0,1
344,1,0,1
345,1,0,1
346,1,0,1
347,1,0,1
348,1,0,1
349,1,0,1
350,1,0,1
351,1,0,1
352,1,0,1
353,1,0,1
354,1,0,1
355,1,0,1
356,1,0,1
357,1,0,1
358,1,0,1
359,1,0,1
360,1,0,1
361,1,0,1
362,1,0,1
363,1,0,1
364,1,0,1
365,1,0,1
366,1,0,1
367,1,0,1
368,1,0,1
369,1,0,1
370,1,0,1
371,1,0,1
372,1,0,1
373,1,0,1
374,1,0,1
375,1,0,1
376,1,0,1
377,1,0,1
378,1,0,1
379,1,0,1
380,1,0,1
381,1,0,1
382,1,0,1
383,1,0,1
384,1,0,1
385,1,0,1
386,1,0,1
387,1,0,1
388,1,0,1
389,1,0,1
390,1,0,1
391,1,0,1
392,1,0,1
393,1,0,1
394,1,0,1
395,1,0,1
396,1,0,1
397,1,0,1
398,1,0,1
399,1,0,1
400,1,0,1
401,1,0,1
402,1,0,1
403,1,0,1
404,1,0,1
405,1,0,1
406,1,0,1
407,1,0,1
408,1,0,1
409,1,0,1
410,1,0,1
411,1,0,1
412,1,0,1
413,1,0,1
414,1,0,1
415,1,0,1
416,1,0,1
417,1,0,1
418,1,0,1
419,1,0,1
420,1,0,1
421,1,0,1
422,1,0,1
423,1,0,1
424,1,0,1
425,1,0,1
426,1,0,1
427,1,0,1
428,1,0,1
429,1,0,1
430,1,0,1
431,1,0,1
432,1,0,1
433,1,0,1
434,1,0,1
435,1,0,1
436,1,0,1
437,1,0,1
438,1,0,1
439,1,0,1
440,1,0,1
441,1,0,1
442,1,0,1
443,1,0,1
444,1,0,1
445,1,0,1
446,1,0,1
447,1,0,1
448,1,0,1
449,1,0,1
450,1,0,1
451,1,0,1
452,1,0,1
453,1,0,1
454,1,0,1
455,1,0,1
456,1,0,1
457,1,0,1
458,1,0,1
459,2,0,2
460,2,0,2
461,2,0,2
462,2,0,2
463,2,0,2
464,2,0,2
465,2,0,2
466,2,0,2
467,2,0,2
468,2,0,2
469,2,0,2
470,2,0,2
471,2,0,2
472,2,0,2
473,2,0,2
474,2,0,2
475,2,0,2
476,2,0,2
477,2,0,2
478,2,0,2
479,2,0,2
480,2,0,2
481,2,0,2
482,2,0,2
483,2,0,2
484,2,0,2
485,2,0,2
486,2,0,2
487,2,0,2
488,2,0,2
489,2,0,2
490,2,0,2
491,2,0,2
492,2,0,2
493,2,0,2
494,2,0,2
495,2,0,2
496,2,0,2
497,2,0,2
498,2,0,2
499,2,0,2
500,2,0,2
501,2,0,2
502,2,0,2
503,2,0,2
504,2,0,2
505,1,0,1
506,1,0,1
507,1,0,1
508,1,0,1
509,1,0,1
510,1,0,1
511,1,0,1
512,1,0,1
513,1,0,1
514,1,0,1
515,1,0,1
516,1,0,1
517,1,0,1
518,1,0,1
519,1,0,1
520,1,0,1
521,1,0,1
522,1,0,1
523,1,0,1
524,1,0,1
525,1,0,1
526,1,0,1
527,1,0,1
528,1,0,1
529,1,0,1
530,1,0,1
531,1,0,1
532,1,0,1
533,1,0,1
534,1,0,1
535,1,0,1
536,1,0,1
537,1,0,1
538,1,0,1
539,1,0,1
540,1,0,1
541,1,0,1
542,1,0,1
543,1,0,1
544,1,0,1
545,1,0,1
546,1,0,1
547,1,0,1
548,1,0,1
549,1,0,1
550,1,0,1
551,1,0,1
552,1,0,1
553,1,0,1
554,1,0,1
555,1,0,1
556,1,0,1
557,1,0,1
558,1,0,1
559,1,0,1
560,1,0,1
561,1,0,1
562,1,0,1
563,1,0,1
564,1,0,1
565,1,0,1
566,1,0,1
567,1,0,1
568,1,0,1
569,1,0,1
570,1,0,1
571,1,0,1
572,1,0,1
573,1,0,1
574,1,0,1
575,1,0,1
576,1,0,1
577,1,0,1
578,1,0,1
579,1,0,1
580,1,0,1
581,1,0,1
582,1,0,1
583,1,0,1
584,1,0,1
585,1,0,1
586,1,0,1
587,1,0,1
588,1,0,1
589,1,0,1
590,1,0,1
591,1,0,1
592,1,0,1
593,1,0,1
594,1,0,1
595,1,0,1
596,1,0,1
597,1,0,1
598,1,0,1
599,1,0,1
600,1,0,1
601,1,0,1
602,1,0,1
603,1,0,1
604,1,0,1
605,1,0,1
606,1,0,1
607,1,0,1
608,1,0,1
609,1,0,1
610,1,0,1
611,1,0,1
612,1,0,1
613,1,0,1
614,1,0,1
615,1,0,1
616,1,0,1
617,1,0,1
618,1,0,1
619,1,0,1
620,1,0,1
621,1,0,1
622,1,0,1
623,1,0,1
624,1,0,1
625,1,0,1
626,1,0,1
627,1,0,1
628,1,0,1
629,1,0,1
630,1,0,1
631,1,0,1
632,1,0,1
633,1,0,1
634,1,0,1
635,1,0,1
636,0,0,0
637,0,0,0
638,0,0,0
639,0,0,0
640,0,0,0
641,0,0,0
642,0,0,0
643,0,0,0
644,0,0,0
645,0,0,0
646,0,0,0
647,0,0,0
648,0,0,0
649,0,0,0
650,0,0,0
651,0,0,0
652,0,0,0
653,0,0,0
654,0,0,0
655,0,0,0
656,0,0,0
657,0,0,0
658,0,0,0
659,0,0,0
660,0,0,0
661,0,0,0
662,0,0,0
663,0,0,0
664,0,0,0
665,0,0,0
666,0,0,0
667,0,0,0
668,0,0,0
669,0,0,0
670,0,0,0
671,0,0,0
672,0,0,0
673,0,0,0
674,0,0,0
675,0,0,0
676,0,0,0
677,0,0,0
678,0,0,0
679,0,0,0
680,0,0,0
681,0,0,0
682,0,0,0
683,0,0,0
684,0,0,0
685,0,0,0
686,0,0,0
687,0,0,0
688,0,0,0
689,0,0,0
690,0,0,0
691,0,0,0
692,0,0,0
693,0,0,0
694,0,0,0
695,0,0,0
696,0,0,0
697,0,0,0
698,0,0,0
699,0,0,0
700,0,0,0
701,0,0,0
702,0,0,0
703,0,0,0
704,0,0,0
705,0,0,0
706,0,0,0
707,0,0,0
708,0,0,0
709,0,0,0
710,0,0,0
711,0,0,0
712,0,0,0
713,0,0,0
714,0,0,0
715,0,0,0
716,0,0,0
717,0,0,0
718,0,0,0
719,0,0,0
720,0,0,0
721,0,0,0
722,0,0,0
723,0,0,0
724,0,0,0
725,0,0,0
726,0,0,0
727,0,0,0
728,0,0,0
729,0,0,0
730,0,0,0
731,0,0,0
732,0,0,0
733,0,0,0
734,0,0,0
735,0,0,0
736,0,0,0
737,0,0,0
738,0,0,0
739,0,0,0
740,0,0,0
741,0,0,0
742,0,0,0
743,0,0,0
744,0,0,0
745,0,0,0
746,0,0,0
747,0,0,0
748,0,0,0
749,0,0,0
750,0,0,0
751,0,0,0
752,0,0,0
753,0,0,0
754,0,0,0
755,0,0,0
756,0,0,0
757,0,0,0
758,0,0,0
759,0,0,0
760,0,0,0
761,0,0,0
762,0,0,0
763,0,0,0
764,0,0,0
765,0,0,0
766,0,0,0
767,0,0,0
768,0,0,0
769,0,0,0
770,0,0,0
771,0,0,0
772,0,0,0
773,0,0,0
774,0,0,0
775,0,0,0
776,0,0,0
777,0,0,0
778,0,0,0
779,0,0,0
780,0,0,0
781,0,0,0
782,0,0,0
783,0,0,0
784,0,0,0
785,0,0,0
786,0,0,0
787,0,0,0
788,0,0,0
789,0,0,0
790,0,0,0
791,0,0,0
792,0,0,0
793,0,0,0
794,0,0,0
795,0,0,0
796,0,0,0
797,0,0,0
798,0,0,0
799,0,0,0
800,0,0,0
801,0,0,0
802,0,0,0
803,0,0,0
804,0,0,0
805,0,0,0
806,0,0,0
807,0,0,0
808,0,0,0
809,0,0,0
810,0,0,0
811,0,0,0
812,0,0,0
813,0,0,0
814,0,0,0
815,0,0,0
816,0,0,0
817,0,0,0
818,0,0,0
819,0,0,0
820,0,0,0
821,0,0,0
822,0,0,0
823,0,0,0
824,0,0,0
825,0,0,0
826,0,0,0
827,0,0,0
828,0,0,0
829,0,0,0
830,0,0,0
831,0,0,0
832,0,0,0
833,0,0,0
834,0,0,0
835,0,0,0
836,0,0,0
837,0,0,0
838,0,0,0
839,0,0,0
840,0,0,0
841,0,0,0
842,0,0,0
843,0,0,0
844,0,0,0
845,0,0,0
846,0,0,0
847,0,0,0
848,0,0,0
849,0,0,0
850,0,0,0
851,0,0,0
852,0,0,0
853,0,0,0
854,0,0,0
855,0,0,0
856,0,0,0
857,0,0,0
858,0,0,0
859,0,0,0
860,0,0,0
861,0,0,0
862,0,0,0
863,0,0,0
864,0,0,0
865,0,0,0
866,0,0,0
867,0,0,0
868,0,0,0
869,0,0,0
870,0,0,0
871,0,0,0
872,0,0,0
873,0,0,0
874,0,0,0
875,0,0,0
876,0,0,0
877,0,0,0
878,0,0,0
879,0,0,0
880,0,0,0
881,0,0,0
882,0,0,0
883,0,0,0
884,0,0,0
885,0,0,0
886,0,0,0
887,0,0,0
888,0,0,0
889,0,0,0
890,0,0,0
891,0,0,0
892,0,0,0
893,0,0,0
894,0,0,0
895,0,0,0
896,0,0,0
897,0,0,0
898,0,0,0
899,0,0,0
900,0,0,0
901,0,0,0
902,0,0,0
903,0,0,0
904,0,0,0
905,0,0,0
906,0,0,0
907,0,0,0
908,0,0,0
909,0,0,0
910,0,0,0
911,0,0,0
912,0,0,0
913,0,0,0
914,0,0,0
915,0,0,0
916,0,0,0
917,0,0,0
918,0,0,0
919,0,0,0
920,0,0,0
921,0,0,0
922,0,0,0
923,0,0,0
924,0,0,0
925,0,0,0
926,0,0,0
927,0,0,0
928,0,0,0
929,0,0,0
930,0,0,0
931,0,0,0
932,0,0,0
933,0,0,0
934,0,0,0
935,0,0,0
936,0,0,0
937,0,0,0
938,0,0,0
939,0,0,0
940,0,0,0
941,0,0,0
942,0,0,0
943,0,0,0
944,0,0,0
945,0,0,0
946,0,0,0
947,0,0,0
948,0,0,0
949,0,0,0
950,0,0,0
951,0,0,0
952,0,0,0
953,0,0,0
954,0,0,0
955,0,0,0
956,0,0,0
957,0,0,0
958,0,0,0
959,0,0,0
960,0,0,0
961,0,0,0
962,0,0,0
963,0,0,0
964,0,0,0
965,0,0,0
966,0,0,0
967,0,0,0
968,0,0,0
969,0,0,0
970,0,0,0
971,0,0,0
972,0,0,0
973,0,0,0
974,0,0,0
975,0,0,0
976,0,0,0
977,0,0,0
978,0,0,0
979,0,0,0
980,0,0,0
981,0,0,0
982,0,0,0
983,0,0,0
984,0,0,0
985,0,0,0
986,0,0,0
987,0,0,0
988,0,0,0
989,0,0,0
990,0,0,0
991,0,0,0
992,0,0,0
993,0,0,0
994,0,0,0
995,0,0,0
996,0,0,0
997,0,0,0
998,0,0,0
999,0,0,0
1000,0,0,0
1001,0,0,0
1002,0,0,0
1003,0,0,0
1004,0,0,0
1005,0,0,0
1006,0,0,0
1007,0,0,0
1008,0,0,0
1009,0,0,0
1010,0,0,0
1011,0,0,0
1012,0,0,0
1013,0,0,0
1014,0,0,0
1015,0,0,0
1016,0,0,0
1017,0,0,0
1018,0,0,0
1019,0,0,0
1020,0,0,0
1021,0,0,0
1022,0,0,0
1023,0,0,0
1024,0,0,0
1025,0,0,0
1026,0,0,0
1027,0,0,0
1028,0,0,0
1029,0,0,0
1030,0,0,0
1031,0,0,0
1032,0,0,0
1033,0,0,0
1034,0,0,0
1035,0,0,0
1036,0,0,0
1037,0,0,0
1038,0,0,0
1039,0,0,0
1040,0,0,0
1041,0,0,0
1042,0,0,0
1043,0,0,0
1044,0,0,0
1045,0,0,0
1046,0,0,0
1047,0,0,0
1048,0,0,0
1049,0,0,0
1050,0,0,0
1051,0,0,0
1052,0,0,0
1053,0,0,0
1054,0,0,0
1055,0,0,0
1056,0,0,0
1057,0,0,0
1058,0,0,0
1059,0,0,0
1060,0,0,0
1061,0,0,0
1062,0,0,0
1063,0,0,0
1064,0,0,0
1065,0,0,0
1066,0,0,0
1067,0,0,0
1068,0,0,0
1069,0,0,0
1070,0,0,0
1071,0,0,0
1072,0,0,0
1073,0,0,0
1074,0,0,0
1075,0,0,0
1076,0,0,0
1077,0,0,0
1078,0,0,0
1079,0,0,0
1080,0,0,0
1081,0,0,0
1082,0,0,0
1083,0,0,0
1084,0,0,0
1085,0,0,0
1086,0,0,0
1087,0,0,0
1088,0,0,0
1089,0,0,0
1090,0,0,0
1091,0,0,0
1092,0,0,0
1093,0,0,0
1094,0,0,0
1095,0,0,0
1096,0,0,0
1097,0,0,0
1098,0,0,0
1099,0,0,0
1100,0,0,0
1101,0,0,0
1102,0,0,0
1103,0,0,0
1104,0,0,0
1105,0,0,0
1106,0,0,0
1107,0,0,0
1108,0,0,0
1109,0,0,0
1110,0,0,0
1111,0,0,0
1112,0,0,0
1113,0,0,0
1114,0,0,0
1115,0,0,0
1116,0,0,0
1117,0,0,0
1118,0,0,0
1119,0,0,0
1120,0,0,0
1121,0,0,0
1122,0,0,0
1123,0,0,0
1124,0,0,0
1125,0,0,0
1126,0,0,0
1127,0,0,0
1128,0,0,0
1129,0,0,0
1130,0,0,0
1131,0,0,0
1132,0,0,0
1133,0,0,0
1134,0,0,0
1135,0,0,0
1136,0,0,0
1137,0,0,0
1138,0,0,0
1139,0,0,0
1140,0,0,0
1141,0,0,0
1142,0,0,0
1143,0,0,0
1144,0,0,0
1145,0,0,0
1146,0,0,0
1147,0,0,0
1148,0,0,0
1149,0,0,0
1150,0,0,0
1151,0,0,0
1152,0,0,0
1153,0,0,0
1154,0,0,0
1155,0,0,0
1156,0,0,0
1157,0,0,0
1158,0,0,0
1159,0,0,0
1160,0,0,0
1161,0,0,0
1162,0,0,0
1163,0,0,0
1164,0,0,0
1165,0,0,0
1166,0,0,0
1167,0,0,0
1168,0,0,0
1169,0,0,0
1170,0,0,0
1171,0,0,0
1172,0,0,0
1173,0,0,0
1174,0,0,0
1175,0,0,0
1176,0,0,0
1177,0,0,0
1178,0,0,0
1179,0,0,0
1180,0,0,0
1181,0,0,0
1182,0,0,0
1183,0,0,0
1184,0,0,0
1185,0,0,0
1186,0,0,0
1187,0,0,0
1188,0,0,0
1189,0,0,0
1190,0,0,0
1191,0,0,0
1192,0,0,0
1193,0,0,0
1194,0,0,0
1195,0,0,0
1196,0,0,0
1197,0,0,0
1198,0,0,0
1199,0,0,0
1200,0,0,0
1201,0,0,0
1202,0,0,0
1203,0,0,0
1204,0,0,0
1205,0,0,0
1206,0,0,0
1207,0,0,0
1208,0,0,0
1209,0,0,0
1210,0,0,0
1211,0,0,0
1212,0,0,0
1213,0,0,0
1214,0,0,0
1215,0,0,0
1216,0,0,0
1217,0,0,0
1218,0,0,0
1219,0,0,0
1220,0,0,0
1221,0,0,0
1222,0,0,0
1223,0,0,0
1224,0,0,0
1225,0,0,0
1226,0,0,0
1227,0,0,0
1228,0,0,0
1229,0,0,0
1230,0,0,0
1231,0,0,0
1232,0,0,0
1233,0,0,0
1234,0,0,0
1235,0,0,0
1236,0,0,0
1237,0,0,0
1238,0,0,0
1239,0,0,0
1240,0,0,0
1241,0,0,0
1242,0,0,0
1243,0,0,0
1244,0,0,0
1245,0,0,0
1246,0,0,0
1247,0,0,0
1248,0,0,0
1249,0,0,0
1250,0,0,0
1251,0,0,0
1252,0,0,0
1253,0,0,0
1254,0,0,0
1255,0,0,0
1256,0,0,0
1257,0,0,0
1258,0,0,0
1259,0,0,0
1260,0,0,0
1261,0,0,0
1262,0,0,0
1263,0,0,0
1264,0,0,0
1265,0,0,0
1266,0,0,0
1267,0,0,0
1268,0,0,0
1269,0,0,0
1270,0,0,0
1271,0,0,0
1272,0,0,0
1273,0,0,0
1274,0,0,0
1275,0,0,0
1276,0,0,0
1277,0,0,0
1278,0,0,0
1279,0,0,0
1280,0,0,0
1281,0,0,0
1282,0,0,0
1283,0,0,0
1284,0,0,0
1285,0,0,0
1286,0,0,0
1287,0,0,0
1288,0,0,0
1289,0,0,0
1290,0,0,0
1291,0,0,0
1292,0,0,0
1293,0,0,0
1294,0,0,0
1295,0,0,0
1296,0,0,0
1297,0,0,0
1298,0,0,0
1299,0,0,0
1300,0,0,0
1301,0,0,0
1302,0,0,0
1303,0,0,0
1304,0,0,0
1305,0,0,0
1306,0,0,0
1307,0,0,0
1308,0,0,0
1309,0,0,0
1310,0,0,0
1311,0,0,0
1312,0,0,0
1313,0,0,0
1314,0,0,0
1315,0,0,0
1316,0,0,0
1317,0,0,0
1318,0,0,0
1319,0,0,0
1320,0,0,0
1321,0,0,0
1322,0,0,0
1323,0,0,0
1324,0,0,0
1325,0,0,0
1326,0,0,0
1327,0,0,0
1328,0,0,0
1329,0,0,0
1330,0,0,0
1331,0,0,0
1332,0,0,0
1333,0,0,0
1334,0,0,0
1335,0,0,0
1336,0,0,0
1337,0,0,0
1338,0,0,0
1339,0,0,0
1340,0,0,0
1341,0,0,0
1342,0,0,0
1343,0,0,0
1344,0,0,0
1345,0,0,0
1346,0,0,0
1347,0,0,0
1348,0,0,0
1349,0,0,0
1350,0,0,0
1351,0,0,0
1352,0,0,0
1353,0,0,0
1354,0,0,0
1355,0,0,0
1356,0,0,0
1357,0,0,0
1358,0,0,0
1359,0,0,0
1360,0,0,0
1361,0,0,0
1362,0,0,0
1363,0,0,0
1364,0,0,0
1365,0,0,0
1366,0,0,0
1367,0,0,0
1368,0,0,0
1369,0,0,0
1370,0,0,0
1371,0,0,0
1372,0,0,0
1373,0,0,0
1374,0,0,0
1375,0,0,0
1376,0,0,0
1377,0,0,0
1378,0,0,0
1379,0,0,0
1380,0,0,0
1381,0,0,0
1382,0,0,0
1383,0,0,0
1384,0,0,0
1385,0,0,0
1386,0,0,0
1387,0,0,0
1388,0,0,0
1389,0,0,0
1390,0,0,0
1391,0,0,0
1392,0,0,0
1393,0,0,0
1394,0,0,0
1395,0,0,0
1396,0,0,0
1397,0,0,0
1398,0,0,0
1399,0,0,0
1400,0,0,0
1401,0,0,0
1402,0,0,0
1403,0,0,0
1404,0,0,0
1405,0,0,0
1406,0,0,0
1407,0,0,0
1408,0,0,0
1409,0,0,0
1410,0,0,0
1411,0,0,0
1412,0,0,0
1413,0,0,0
1414,0,0,0
1415,0,0,0
1416,0,0,0
1417,0,0,0
1418,0,0,0
1419,0,0,0
1420,0,0,0
1421,0,0,0
1422,0,0,0
1423,0,0,0
1424,0,0,0
1425,0,0,0
1426,0,0,0
1427,0,0,0
1428,0,0,0
1429,0,0,0
1430,0,0,0
1431,0,0,0
1432,0,0,0
1433,0,0,0
1434,0,0,0
1435,0,0,0
1436,0,0,0
1437,0,0,0
1438,0,0,0
1439,0,0,0
1440,0,0,0
1441,0,0,0
1442,0,0,0
1443,0,0,0
1444,0,0,0
1445,0,0,0
1446,0,0,0
1447,0,0,0
1448,0,0,0
1449,0,0,0
1450,0,0,0
1451,0,0,0
1452,0,0,0
1453,0,0,0
1454,0,0,0
1455,0,0,0
1456,0,0,0
1457,0,0,0
1458,0,0,0
1459,0,0,0
1460,0,0,0
1461,0,0,0
1462,0,0,0
1463,0,0,0
1464,0,0,0
1465,0,0,0
1466,0,0,0
1467,0,0,0
1468,0,0,0
1469,0,0,0
1470,0,0,0
1471,0,0,0
1472,0,0,0
1473,0,0,0
1474,0,0,0
1475,0,0,0
1476,0,0,0
1477,0,0,0
1478,0,0,0
1479,0,0,0
1480,0,0,0
1481,0,0,0
1482,0,0,0
1483,0,0,0
1484,0,0,0
1485,0,0,0
1486,0,0,0
1487,0,0,0
1488,0,0,0
1489,0,0,0
1490,0,0,0
1491,0,0,0
1492,0,0,0
1493,0,0,0
1494,0,0,0
1495,0,0,0
1496,0,0,0
1497,0,0,0
1498,0,0,0
1499,0,0,0
1500,0,0,0
1501,0,0,0
1502,0,0,0
1503,0,0,0
1504,0,0,0
1505,0,0,0
1506,0,0,0
1507,0,0,0
1508,0,0,0
1509,0,0,0
1510,0,0,0
1511,0,0,0
1512,0,0,0
1513,0,0,0
1514,0,0,0
1515,0,0,0
1516,0,0,0
1517,0,0,0
1518,0,0,0
1519,0,0,0
1520,0,0,0
1521,0,0,0
1522,0,0,0
1523,0,0,0
1524,0,0,0
1525,0,0,0
1526,0,0,0
1527,0,0,0
1528,0,0,0
1529,0,0,0
1530,0,0,0
1531,0,0,0
1532,0,0,0
1533,0,0,0
1534,0,0,0
1535,0,0,0
1536,0,0,0
1537,0,0,0
1538,0,0,0
1539,0,0,0
1540,0,0,0
1541,0,0,0
1542,0,0,0
1543,0,0,0
1544,0,0,0
1545,0,0,0
1546,0,0,0
1547,0,0,0
1548,0,0,0
1549,0,0,0
1550,0,0,0
1551,0,0,0
1552,0,0,0
1553,0,0,0
1554,0,0,0
1555,0,0,0
1556,0,0,0
1557,0,0,0
1558,0,0,0
1559,0,0,0
1560,0,0,0
1561,0,0,0
1562,0,0,0
1563,0,0,0
1564,0,0,0
1565,0,0,0
1566,0,0,0
1567,0,0,0
1568,0,0,0
1569,0,0,0
1570,0,0,0
1571,0,0,0
1572,0,0,0
1573,0,0,0
1574,0,0,0
1575,0,0,0
1576,0,0,0
1577,0,0,0
1578,0,0,0
1579,0,0,0
1580,0,0,0
1581,0,0,0
1582,0,0,0
1583,0,0,0
1584,0,0,0
1585,0,0,0
1586,0,0,0
1587,0,0,0
1588,0,0,0
1589,0,0,0
1590,0,0,0
1591,0,0,0
1592,0,0,0
1593,0,0,0
1594,0,0,0
1595,0,0,0
1596,0,0,0
1597,0,0,0
1598,0,0,0
1599,0,0,0
1600,0,0,0
1601,0,0,0
1602,0,0,0
1603,0,0,0
1604,0,0,0
1605,0,0,0
1606,0,0,0
1607,0,0,0
1608,0,0,0
1609,0,0,0
1610,0,0,0
1611,0,0,0
1612,0,0,0
1613,0,0,0
1614,0,0,0
1615,0,0,0
1616,0,0,0
1617,0,0,0
1618,0,0,0
1619,0,0,0
1620,0,0,0
1621,0,0,0
1622,0,0,0
1623,0,0,0
1624,0,0,0
1625,0,0,0
1626,0,0,0
1627,0,0,0
1628,0,0,0
1629,0,0,0
1630,0,0,0
1631,0,0,0
1632,0,0,0
1633,0,0,0
1634,0,0,0
1635,0,0,0
1636,0,0,0
1637,0,0,0
1638,0,0,0
1639,0,0,0
1640,0,0,0
1641,0,0,0
1642,0,0,0
1643,0,0,0
1644,0,0,0
1645,0,0,0
1646,0,0,0
1647,0,0,0
1648,0,0,0
1649,0,0,0
1650,0,0,0
1651,0,0,0
1652,0,0,0
1653,0,0,0
1654,0,0,0
1655,0,0,0
1656,0,0,0
1657,0,0,0
1658,0,0,0
1659,0,0,0
1660,0,0,0
1661,0,0,0
1662,0,0,0
1663,0,0,0
1664,0,0,0
1665,0,0,0
1666,0,0,0
1667,0,0,0
1668,0,0,0
1669,0,0,0
1670,0,0,0
1671,0,0,0
1672,0,0,0
1673,0,0,0
1674,0,0,0
1675,0,0,0
1676,0,0,0
1677,0,0,0
1678,0,0,0
1679,0,0,0
1680,0,0,0
1681,0,0,0
1682,0,0,0
1683,0,0,0
1684,0,0,0
1685,0,0,0
1686,0,0,0
1687,0,0,0
1688,0,0,0
1689,0,0,0
1690,0,0,0
1691,0,0,0
1692,0,0,0
1693,0,0,0
1694,0,0,0
1695,0,0,0
1696,0,0,0
1697,0,0,0
1698,0,0,0
1699,0,0,0
1700,0,0,0
1701,0,0,0
1702,0,0,0
1703,0,0,0
1704,0,0,0
1705,0,0,0
1706,0,0,0
1707,0,0,0
1708,0,0,0
1709,0,0,0
1710,0,0,0
1711,0,0,0
1712,0,0,0
1713,0,0,0
1714,0,0,0
1715,0,0,0
1716,0,0,0
1717,0,0,0
1718,0,0,0
1719,0,0,0
1720,0,0,0
1721,0,0,0
1722,0,0,0
1723,0,0,0
1724,0,0,0
1725,0,0,0
1726,0,0,0
1727,0,0,0
1728,0,0,0
1729,0,0,0
1730,0,0,0
1731,0,0,0
1732,0,0,0
1733,0,0,0
1734,0,0,0
1735,0,0,0
1736,0,0,0
1737,0,0,0
1738,0,0,0
1739,0,0,0
1740,0,0,0
1741,0,0,0
1742,0,0,0
1743,0,0,0
1744,0,0,0
1745,0,0,0
1746,0,0,0
1747,0,0,0
1748,0,0,0
1749,0,0,0
1750,0,0,0
1751,0,0,0
1752,0,0,0
1753,0,0,0
1754,0,0,0
1755,0,0,0
1756,0,0,0
1757,0,0,0
1758,0,0,0
1759,0,0,0
1760,0,0,0
1761,0,0,0
1762,0,0,0
1763,0,0,0
1764,0,0,0
1765,0,0,0
1766,0,0,0
1767,0,0,0
1768,0,0,0
1769,0,0,0
1770,0,0,0
1771,0,0,0
1772,0,0,0
1773,0,0,0
1774,0,0,0
1775,0,0,0
1776,0,0,0
1777,0,0,0
1778,0,0,0
1779,0,0,0
1780,0,0,0
1781,0,0,0
1782,0,0,0
1783,0,0,0
1784,0,0,0
1785,0,0,0
1786,0,0,0
1787,0,0,0
1788,0,0,0
1789,0,0,0
1790,0,0,0
1791,0,0,0
1792,0,0,0
1793,0,0,0
1794,0,0,0
1795,0,0,0
1796,0,0,0
1797,0,0,0
1798,0,0,0
1799,0,0,0
1800,0,0,0
1801,0,0,0
1802,0,0,0
1803,0,0,0
1804,0,0,0
1805,0,0,0
1806,0,0,0
1807,0,0,0
1808,0,0,0
1809,0,0,0
1810,0,0,0
1811,0,0,0
1812,0,0,0
1813,0,0,0
1814,0,0,0
1815,0,0,0
1816,0,0,0
1817,0,0,0
1818,0,0,0
1819,0,0,0
1820,0,0,0
1821,0,0,0
1822,0,0,0
1823,0,0,0
1824,0,0,0
1825,0,0,0
1826,0,0,0
1827,0,0,0
1828,0,0,0
1829,0,0,0
1830,0,0,0
1831,0,0,0
1832,0,0,0
1833,0,0,0
1834,0,0,0
1835,0,0,0
1836,0,0,0
1837,0,0,0
1838,0,0,0
1839,0,0,0
1840,0,0,0
1841,0,0,0
1842,0,0,0
1843,0,0,0
1844,0,0,0
1845,0,0,0
1846,0,0,0
1847,0,0,0
1848,0,0,0
1849,0,0,0
1850,0,0,0
1851,0,0,0
1852,0,0,0
1853,0,0,0
1854,0,0,0
1855,0,0,0
1856,0,0,0
1857,0,0,0
1858,0,0,0
1859,0,0,0
1860,0,0,0
1861,0,0,0
1862,0,0,0
1863,0,0,0
1864,0,0,0
1865,0,0,0
1866,0,0,0
1867,0,0,0
1868,0,0,0
1869,0,0,0
1870,0,0,0
1871,0,0,0
1872,0,0,0
1873,1,0,1
1874,1,0,1
1875,1,0,1
1876,1,0,1
1877,1,0,1
1878,1,0,1
1879,1,0,1
1880,1,0,1
1881,1,0,1
1882,1,0,1
1883,1,0,1
1884,1,0,1
1885,1,0,1
1886,1,0,1
1887,1,0,1
1888,1,0,1
1889,1,0,1
1890,1,0,1
1891,1,0,1
1892,1,0,1
1893,1,0,1
1894,1,0,1
1895,1,0,1
1896,1,0,1
1897,1,0,1
1898,1,0,1
1899,1,0,1
1900,1,0,1
1901,1,0,1
1902,1,0,1
1903,1,0,1
1904,1,0,1
1905,1,0,1
1906,1,0,1
1907,1,0,1
1908,1,0,1
1909,1,0,1
1910,1,0,1
1911,1,0,1
1912,1,0,1
1913,1,0,1
1914,1,0,1
1915,1,0,1
1916,1,0,1
1917,1,0,1
1918,1,0,1
1919,1,0,1
1920,1,0,1
1921,1,0,1
1922,1,0,1
1923,1,0,1
1924,1,0,1
1925,1,0,1
1926,1,0,1
1927,1,0,1
1928,1,0,1
1929,1,0,1
1930,1,0,1
1931,1,0,1
1932,1,0,1
1933,1,0,1
1934,1,0,1
1935,1,0,1
1936,1,0,1
1937,1,0,1
1938,1,0,1
1939,1,0,1
1940,1,0,1
1941,1,0,1
1942,1,0,1
1943,1,0,1
1944,1,0,1
1945,1,0,1
1946,1,0,1
1947,1,0,1
1948,1,0,1
1949,1,0,1
1950,1,0,1
1951,1,0,1
1952,1,0,1
1953,1,0,1
1954,2,0,2
1955,2,0,2
1956,2,0,2
1957,2,0,2
1958,2,0,2
1959,2,0,2
1960,2,0,2
1961,2,0,2
1962,2,0,2
1963,2,0,2
1964,2,0,2
1965,2,0,2
1966,2,0,2
1967,2,0,2
1968,2,0,2
1969,2,0,2
1970,3,0,3
1971,3,0,3
1972,3,0,3
1973,3,0,3
1974,3,0,3
1975,3,0,3
1976,3,0,3
1977,3,0,3
1978,3,0,3
1979,3,0,3
1980,3,0,3
1981,3,0,3
1982,3,0,3
1983,3,0,3
1984,3,0,3
1985,3,0,3
1986,4,0,4
1987,4,0,4
1988,4,0,4
1989,4,0,4
1990,4,0,4
1991,4,0,4
1992,4,0,4
1993,4,0,4
1994,4,0,4
1995,4,0,4
1996,4,0,4
1997,4,0,4
1998,4,0,4
1999,4,0,4
2000,4,0,4
2001,4,0,4
2002,4,0,4
2003,4,0,4
2004,4,0,4
2005,4,0,4
2006,4,0,4
2007,4,0,4
2008,4,0,4
2009,4,0,4
2010,4,0,4
2011,4,0,4
2012,4,0,4
2013,4,0,4
2014,4,0,4
2015,4,0,4
2016,4,0,4
2017,4,0,4
2018,4,0,4
2019,4,0,4
2020,4,0,4
2021,4,0,4
2022,3,0,3
2023,3,0,3
2024,3,0,3
2025,3,0,3
2026,3,0,3
2027,3,0,3
2028,3,0,3
2029,3,0,3
2030,3,0,3
2031,3,0,3
2032,4,0,4
2033,4,0,4
2034,4,0,4
2035,4,0,4
2036,4,0,4
2037,5,0,5
2038,5,0,5
2039,5,0,5
2040,5,0,5
2041,5,0,5
2042,5,0,5
2043,5,0,5
2044,5,0,5
2045,5,0,5
2046,5,0,5
2047,5,0,5
2048,5,0,5
2049,4,0,4
2050,4,0,4
2051,5,0,5
2052,5,0,5
2053,5,0,5
2054,5,0,5
2055,5,0,5
2056,5,0,5
2057,5,0,5
2058,5,0,5
2059,5,0,5
2060,5,0,5
2061,5,0,5
2062,5,0,5
2063,5,0,5
2064,5,0,5
2065,5,0,5
2066,5,0,5
2067,4,0,4
2068,4,0,4
2069,4,0,4
2070,4,0,4
2071,3,0,3
2072,3,0,3
2073,3,0,3
2074,3,0,3
2075,3,0,3
2076,3,0,3
2077,3,0,3
2078,3,0,3
2079,3,0,3
2080,3,0,3
2081,3,0,3
2082,3,0,3
2083,3,0,3
2084,3,0,3
2085,3,0,3
2086,3,0,3
2087,3,0,3
2088,3,0,3
2089,3,0,3
2090,3,0,3
2091,3,0,3
2092,3,0,3
2093,3,0,3
2094,3,0,3
2095,3,0,3
2096,3,0,3
2097,3,0,3
2098,3,0,3
2099,3,0,3
2100,3,0,3
2101,2,0,2
2102,2,0,2
2103,1,0,1
2104,1,0,1
2105,1,0,1
2106,1,0,1
2107,1,0,1
2108,1,0,1
2109,1,0,1
2110,1,0,1
2111,0,0,0
2112,0,0,0
2113,0,0,0
2114,0,0,0
2115,0,0,0
2116,0,0,0
2117,0,0,0
2118,0,0,0
2119,0,0,0
2120,0,0,0
2121,0,0,0
2122,0,0,0
2123,0,0,0
2124,0,0,0
2125,0,0,0
2126,0,0,0
2127,0,0,0
2128,0,0,0
2129,0,0,0
2130,0,0,0
2131,0,0,0
2132,0,0,0
2133,0,0,0
2134,0,0,0
2135,0,0,0
2136,0,0,0
2137,0,0,0
2138,0,0,0
2139,0,0,0
2140,0,0,0
2141,0,0,0
2142,0,0,0
2143,0,0,0
2144,0,0,0
2145,0,0,0
2146,0,0,0
2147,0,0,0
2148,0,0,0
2149,0,0,0
2150,0,0,0
2151,0,0,0
2152,0,0,0
2153,0,0,0
2154,0,0,0
2155,0,0,0
2156,0,0,0
2157,0,0,0
2158,0,0,0
2159,0,0,0
2160,0,0,0
2161,0,0,0
2162,0,0,0
2163,0,0,0
2164,0,0,0
2165,0,0,0
2166,0,0,0
2167,0,0,0
2168,0,0,0
2169,0,0,0
2170,0,0,0
2171,0,0,0
2172,0,0,0
2173,0,0,0
2174,0,0,0
2175,0,0,0
2176,0,0,0
2177,0,0,0
2178,0,0,0
2179,0,0,0
2180,0,0,0
2181,0,0,0
2182,0,0,0
2183,0,0,0
2184,0,0,0
2185,0,0,0
2186,0,0,0
2187,0,0,0
2188,0,0,0
2189,0,0,0
2190,0,0,0
2191,0,0,0
2192,0,0,0
2193,0,0,0
2194,0,0,0
2195,0,0,0
2196,0,0,0
2197,0,0,0
2198,0,0,0
2199,0,0,0
2200,0,0,0
2201,0,0,0
2202,0,0,0
2203,0,0,0
2204,0,0,0
2205,0,0,0
2206,0,0,0
2207,0,0,0
2208,0,0,0
2209,0,0,0
2210,0,0,0
2211,0,0,0
2212,0,0,0
2213,0,0,0
2214,0,0,0
2215,0,0,0
2216,0,0,0
2217,0,0,0
2218,0,0,0
2219,0,0,0
2220,0,0,0
2221,0,0,0
2222,0,0,0
2223,0,0,0
2224,0,0,0
2225,0,0,0
2226,0,0,0
2227,0,0,0
2228,0,0,0
2229,0,0,0
2230,0,0,0
2231,0,0,0
2232,0,0,0
2233,0,0,0
2234,0,0,0
2235,0,0,0
2236,0,0,0
2237,0,0,0
2238,0,0,0
2239,0,0,0
2240,0,0,0
2241,0,0,0
2242,0,0,0
2243,0,0,0
2244,0,0,0
2245,0,0,0
2246,0,0,0
2247,0,0,0
2248,0,0,0
2249,0,0,0
2250,0,0,0
2251,0,0,0
2252,0,0,0
2253,0,0,0
2254,0,0,0
2255,0,0,0
2256,0,0,0
2257,0,0,0
2258,0,0,0
2259,0,0,0
2260,0,0,0
2261,0,0,0
2262,0,0,0
2263,0,0,0
2264,0,0,0
2265,0,0,0
2266,0,0,0
2267,0,0,0
2268,0,0,0
2269,0,0,0
2270,0,0,0
2271,0,0,0
2272,0,0,0
2273,0,0,0
2274,0,0,0
2275,0,0,0
2276,0,0,0
2277,0,0,0
2278,0,0,0
2279,0,0,0
2280,0,0,0
2281,0,0,0
2282,0,0,0
2283,0,0,0
2284,0,0,0
2285,0,0,0
2286,0,0,0
2287,0,0,0
2288,0,0,0
2289,0,0,0
2290,0,0,0
2291,0,0,0
2292,0,0,0
2293,0,0,0
2294,0,0,0
2295,0,0,0
2296,0,0,0
2297,0,0,0
2298,0,0,0
2299,0,0,0
2300,0,0,0
2301,0,0,0
2302,0,0,0
2303,0,0,0
2304,0,0,0
2305,0,0,0
2306,0,0,0
2307,0,0,0
2308,0,0,0
2309,0,0,0
2310,0,0,0
2311,0,0,0
2312,0,0,0
2313,0,0,0
2314,0,0,0
2315,0,0,0
2316,0,0,0
2317,0,0,0
2318,0,0,0
2319,0,0,0
2320,0,0,0
2321,0,0,0
2322,0,0,0
2323,0,0,0
2324,0,0,0
2325,0,0,0
2326,0,0,0
2327,0,0,0
2328,0,0,0
2329,0,0,0
2330,0,0,0
2331,0,0,0
2332,0,0,0
2333,0,0,0
2334,0,0,0
2335,0,0,0
2336,0,0,0
2337,0,0,0
2338,0,0,0
2339,0,0,0
2340,0,0,0
2341,0,0,0
2342,0,0,0
2343,0,0,0
2344,0,0,0
2345,0,0,0
2346,0,0,0
2347,0,0,0
2348,0,0,0
2349,0,0,0
2350,0,0,0
2351,0,0,0
2352,0,0,0
2353,0,0,0
2354,0,0,0
2355,0,0,0
2356,0,0,0
2357,0,0,0
2358,0,0,0
2359,0,0,0
2360,0,0,0
2361,0,0,0
2362,0,0,0
2363,0,0,0
2364,0,0,0
2365,0,0,0
2366,0,0,0
2367,0,0,0
2368,0,0,0
2369,0,0,0
2370,0,0,0
2371,0,0,0
2372,0,0,0
2373,0,0,0
2374,0,0,0
2375,0,0,0
2376,0,0,0
2377,0,0,0
2378,0,0,0
2379,0,0,0
2380,0,0,0
2381,0,0,0
2382,0,0,0
2383,0,0,0
2384,0,0,0
2385,0,0,0
2386,0,0,0
2387,0,0,0
2388,0,0,0
2389,0,0,0
2390,0,0,0
2391,0,0,0
2392,0,0,0
2393,0,0,0
2394,0,0,0
2395,0,0,0
2396,0,0,0
2397,0,0,0
2398,0,0,0
2399,0,0,0
2400,0,0,0
2401,0,0,0
2402,0,0,0
2403,0,0,0
2404,0,0,0
2405,0,0,0
2406,0,0,0
2407,0,0,0
2408,0,0,0
2409,0,0,0
2410,0,0,0
2411,0,0,0
2412,0,0,0
2413,0,0,0
2414,0,0,0
2415,0,0,0
2416,0,0,0
2417,0,0,0
2418,0,0,0
2419,0,0,0
2420,0,0,0
2421,0,0,0
2422,0,0,0
2423,0,0,0
2424,0,0,0
2425,0,0,0
2426,0,0,0
2427,0,0,0
2428,0,0,0
2429,0,0,0
2430,0,0,0
2431,0,0,0
2432,0,0,0
2433,0,0,0
2434,0,0,0
2435,0,0,0
2436,0,0,0
2437,0,0,0
2438,0,0,0
2439,0,0,0
2440,0,0,0
2441,0,0,0
2442,0,0,0
2443,0,0,0
2444,0,0,0
2445,0,0,0
2446,0,0,0
2447,0,0,0
2448,0,0,0
2449,0,0,0
2450,0,0,0
2451,0,0,0
2452,0,0,0
2453,0,0,0
2454,0,0,0
2455,0,0,0
2456,0,0,0
2457,0,0,0
2458,0,0,0
2459,0,0,0
2460,0,0,0
2461,0,0,0
2462,0,0,0
2463,0,0,0
2464,0,0,0
2465,0,0,0
2466,0,0,0
2467,0,0,0
2468,0,0,0
2469,0,0,0
2470,0,0,0
2471,0,0,0
2472,0,0,0
2473,0,0,0
2474,0,0,0
2475,0,0,0
2476,0,0,0
2477,0,0,0
2478,0,0,0
2479,0,0,0
2480,0,0,0
2481,0,0,0
2482,0,0,0
2483,0,0,0
2484,0,0,0
2485,0,0,0
2486,0,0,0
2487,0,0,0
2488,0,0,0
2489,0,0,0
2490,0,0,0
2491,0,0,0
2492,0,0,0
2493,0,0,0
2494,0,0,0
2495,0,0,0
2496,0,0,0
2497,0,0,0
2498,0,0,0
2499,0,0,0
2500,0,0,0
2501,0,0,0
2502,0,0,0
2503,0,0,0
2504,0,0,0
2505,0,0,0
2506,0,0,0
2507,0,0,0
2508,0,0,0
2509,0,0,0
2510,0,0,0
2511,0,0,0
2512,0,0,0
2513,0,0,0
2514,0,0,0
2515,0,0,0
2516,0,0,0
2517,0,0,0
2518,0,0,0
2519,0,0,0
2520,0,0,0
2521,0,0,0
2522,0,0,0
2523,0,0,0
2524,0,0,0
2525,0,0,0
2526,0,0,0
2527,0,0,0
2528,0,0,0
2529,0,0,0
2530,0,0,0
2531,0,0,0
2532,0,0,0
2533,0,0,0
2534,0,0,0
2535,0,0,0
2536,0,0,0
2537,0,0,0
2538,0,0,0
2539,0,0,0
2540,0,0,0
2541,0,0,0
2542,0,0,0
2543,0,0,0
2544,0,0,0
2545,0,0,0
2546,0,0,0
2547,0,0,0
2548,0,0,0
2549,0,0,0
2550,0,0,0
2551,0,0,0
2552,0,0,0
2553,0,0,0
2554,0,0,0
2555,0,0,0
2556,0,0,0
2557,0,0,0
2558,0,0,0
2559,0,0,0
2560,0,0,0
2561,0,0,0
2562,0,0,0
2563,0,0,0
2564,0,0,0
2565,0,0,0
2566,0,0,0
2567,0,0,0
2568,0,0,0
2569,0,0,0
2570,0,0,0
2571,0,0,0
2572,0,0,0
2573,0,0,0
2574,0,0,0
2575,0,0,0
2576,0,0,0
2577,0,0,0
2578,0,0,0
2579,0,0,0
2580,0,0,0
2581,0,0,0
2582,0,0,0
2583,0,0,0
2584,0,0,0
2585,0,0,0
2586,0,0,0
2587,0,0,0
2588,0,0,0
2589,0,0,0
2590,0,0,0
2591,0,0,0
2592,0,0,0
2593,0,0,0
2594,0,0,0
2595,0,0,0
2596,0,0,0
2597,0,0,0
2598,0,0,0
2599,0,0,0
2600,0,0,0
2601,0,0,0
2602,0,0,0
2603,0,0,0
2604,0,0,0
2605,0,0,0
2606,0,0,0
2607,0,0,0
2608,0,0,0
2609,0,0,0
2610,0,0,0
2611,0,0,0
2612,0,0,0
2613,0,0,0
2614,0,0,0
2615,0,0,0
2616,0,0,0
2617,0,0,0
2618,0,0,0
2619,0,0,0
2620,0,0,0
2621,0,0,0
2622,0,0,0
2623,0,0,0
2624,0,0,0
2625,0,0,0
2626,0,0,0
2627,0,0,0
2628,0,0,0
2629,0,0,0
2630,0,0,0
2631,0,0,0
2632,0,0,0
2633,0,0,0
2634,0,0,0
2635,0,0,0
2636,0,0,0
2637,0,0,0
2638,0,0,0
2639,0,0,0
2640,0,0,0
2641,0,0,0
2642,0,0,0
2643,0,0,0
2644,0,0,0
2645,0,0,0
2646,0,0,0
2647,0,0,0
2648,0,0,0
2649,0,0,0
2650,0,0,0
2651,0,0,0
2652,0,0,0
2653,0,0,0
2654,0,0,0
2655,0,0,0
2656,0,0,0
2657,0,0,0
2658,0,0,0
2659,0,0,0
2660,0,0,0
2661,0,0,0
2662,0,0,0
2663,0,0,0
2664,0,0,0
2665,0,0,0
2666,0,0,0
2667,0,0,0
2668,0,0,0
2669,0,0,0
2670,0,0,0
2671,0,0,0
2672,0,0,0
2673,0,0,0
2674,0,0,0
2675,0,0,0
2676,0,0,0
2677,0,0,0
2678,0,0,0
2679,0,0,0
2680,0,0,0
2681,0,0,0
2682,0,0,0
2683,0,0,0
2684,0,0,0
2685,0,0,0
2686,0,0,0
2687,0,0,0
2688,0,0,0
2689,0,0,0
2690,0,0,0
2691,0,0,0
2692,0,0,0
2693,0,0,0
2694,0,0,0
2695,0,0,0
2696,0,0,0
2697,0,0,0
2698,0,0,0
2699,0,0,0
2700,0,0,0
2701,0,0,0
2702,0,0,0
2703,0,0,0
2704,0,0,0
2705,0,0,0
2706,0,0,0
2707,0,0,0
2708,0,0,0
2709,0,0,0
2710,0,0,0
2711,0,0,0
2712,0,0,0
2713,0,0,0
2714,0,0,0
2715,0,0,0
2716,0,0,0
2717,0,0,0
2718,0,0,0
2719,0,0,0
2720,0,0,0
2721,0,0,0
2722,0,0,0
2723,0,0,0
2724,0,0,0
2725,0,0,0
2726,0,0,0
2727,0,0,0
2728,0,0,0
2729,0,0,0
2730,0,0,0
2731,0,0,0
2732,0,0,0
2733,0,0,0
2734,0,0,0
2735,0,0,0
2736,0,0,0
2737,0,0,0
2738,0,0,0
2739,0,0,0
2740,0,0,0
2741,0,0,0
2742,0,0,0
2743,0,0,0
2744,0,0,0
2745,0,0,0
2746,0,0,0
2747,0,0,0
2748,0,0,0
2749,0,0,0
2750,0,0,0
2751,0,0,0
2752,0,0,0
2753,0,0,0
2754,0,0,0
2755,0,0,0
2756,0,0,0
2757,0,0,0
2758,0,0,0
2759,0,0,0
2760,0,0,0
2761,0,0,0
2762,0,0,0
2763,0,0,0
2764,0,0,0
2765,0,0,0
2766,0,0,0
2767,0,0,0
2768,0,0,0
2769,0,0,0
2770,0,0,0
2771,0,0,0
2772,0,0,0
2773,0,0,0
2774,0,0,0
2775,0,0,0
2776,0,0,0
2777,0,0,0
2778,0,0,0
2779,0,0,0
2780,0,0,0
2781,0,0,0
2782,0,0,0
2783,0,0,0
2784,0,0,0
2785,0,0,0
2786,0,0,0
2787,0,0,0
2788,0,0,0
2789,0,0,0
2790,0,0,0
2791,0,0,0
2792,0,0,0
2793,0,0,0
2794,0,0,0
2795,0,0,0
2796,0,0,0
2797,0,0,0
2798,0,0,0
2799,0,0,0
2800,0,0,0
2801,0,0,0
2802,0,0,0
2803,0,0,0
2804,0,0,0
2805,0,0,0
2806,0,0,0
2807,0,0,0
2808,0,0,0
2809,0,0,0
2810,0,0,0
2811,0,0,0
2812,0,0,0
2813,0,0,0
2814,0,0,0
2815,0,0,0
2816,0,0,0
2817,0,0,0
2818,0,0,0
2819,0,0,0
2820,0,0,0
2821,0,0,0
2822,0,0,0
2823,0,0,0
2824,0,0,0
2825,0,0,0
2826,0,0,0
2827,0,0,0
2828,0,0,0
2829,0,0,0
2830,0,0,0
2831,0,0,0
2832,0,0,0
2833,0,0,0
2834,0,0,0
2835,0,0,0
2836,0,0,0
2837,0,0,0
2838,0,0,0
2839,0,0,0
2840,0,0,0
2841,0,0,0
2842,0,0,0
2843,0,0,0
2844,0,0,0
2845,0,0,0
2846,0,0,0
2847,0,0,0
2848,0,0,0
2849,0,0,0
2850,0,0,0
2851,0,0,0
2852,0,0,0
2853,0,0,0
2854,0,0,0
2855,0,0,0
2856,0,0,0
2857,0,0,0
2858,0,0,0
2859,0,0,0
2860,0,0,0
2861,0,0,0
2862,0,0,0
2863,0,0,0
2864,0,0,0
2865,0,0,0
2866,0,0,0
2867,0,0,0
2868,0,0,0
2869,0,0,0
2870,0,0,0
2871,0,0,0
2872,0,0,0
2873,0,0,0
2874,0,0,0
2875,0,0,0
2876,0,0,0
2877,0,0,0
2878,0,0,0
2879,0,0,0
2880,0,0,0
2881,0,0,0
2882,0,0,0
2883,0,0,0
2884,0,0,0
2885,0,0,0
2886,0,0,0
2887,0,0,0
2888,1,0,1
2889,1,0,1
2890,1,0,1
2891,1,0,1
2892,1,0,1
2893,1,0,1
2894,1,0,1
2895,1,0,1
2896,1,0,1
2897,1,0,1
2898,1,0,1
2899,1,0,1
2900,1,0,1
2901,1,0,1
2902,1,0,1
2903,1,0,1
2904,1,0,1
2905,1,0,1
2906,1,0,1
2907,1,0,1
2908,1,0,1
2909,1,0,1
2910,1,0,1
2911,1,0,1
2912,1,0,1
2913,1,0,1
2914,1,0,1
2915,1,0,1
2916,1,0,1
2917,1,0,1
2918,1,0,1
2919,1,0,1
2920,1,0,1
2921,1,0,1
2922,1,0,1
2923,1,0,1
2924,1,0,1
2925,1,0,1
2926,1,0,1
2927,1,0,1
2928,0,0,0
2929,0,0,0
2930,0,0,0
2931,0,0,0
2932,0,0,0
2933,0,0,0
2934,0,0,0
2935,0,0,0
2936,0,0,0
2937,0,0,0
2938,0,0,0
2939,0,0,0
2940,0,0,0
2941,0,0,0
2942,0,0,0
2943,0,0,0
2944,0,0,0
2945,0,0,0
2946,0,0,0
2947,0,0,0
2948,0,0,0
2949,0,0,0
2950,0,0,0
2951,0,0,0
2952,0,0,0
2953,0,0,0
2954,0,0,0
2955,0,0,0
2956,0,0,0
2957,0,0,0
2958,0,0,0
2959,0,0,0
2960,0,0,0
2961,0,0,0
2962,0,0,0
2963,0,0,0
2964,0,0,0
2965,0,0,0
2966,0,0,0
2967,0,0,0
2968,0,0,0
2969,0,0,0
2970,0,0,0
2971,0,0,0
2972,0,0,0
2973,0,0,0
2974,0,0,0
2975,0,0,0
2976,0,0,0
2977,0,0,0
2978,0,0,0
2979,0,0,0
2980,0,0,0
2981,0,0,0
2982,0,0,0
2983,0,0,0
2984,0,0,0
2985,0,0,0
2986,0,0,0
2987,0,0,0
2988,0,0,0
2989,0,0,0
2990,0,0,0
2991,0,0,0
2992,0,0,0
2993,0,0,0
2994,0,0,0
2995,0,0,0
2996,0,0,0
2997,0,0,0
2998,0,0,0
2999,1,0,1
3000,1,0,1
3001,1,0,1
3002,1,0,1
3003,1,0,1
3004,1,0,1
3005,1,0,1
3006,1,0,1
3007,1,0,1
3008,1,0,1
3009,1,0,1
3010,1,0,1
3011,1,0,1
3012,1,0,1
3013,1,0,1
3014,1,0,1
3015,1,0,1
3016,1,0,1
3017,1,0,1
3018,1,0,1
3019,1,0,1
3020,1,0,1
3021,1,0,1
3022,1,0,1
3023,1,0,1
3024,1,0,1
3025,1,0,1
3026,1,0,1
3027,1,0,1
3028,1,0,1
3029,1,0,1
3030,1,0,1
3031,1,0,1
3032,1,0,1
3033,1,0,1
3034,1,0,1
3035,1,0,1
3036,1,0,1
3037,0,0,0
3038,0,0,0
3039,0,0,0
3040,0,0,0
3041,0,0,0
3042,0,0,0
3043,0,0,0
3044,0,0,0
3045,0,0,0
3046,0,0,0
3047,0,0,0
3048,0,0,0
3049,0,0,0
3050,0,0,0
3051,0,0,0
3052,0,0,0
3053,0,0,0
3054,0,0,0
3055,0,0,0
3056,0,0,0
3057,1,0,1
3058,1,0,1
3059,1,0,1
3060,1,0,1
3061,1,0,1
3062,1,0,1
3063,1,0,1
3064,1,0,1
3065,1,0,1
3066,1,0,1
3067,1,0,1
3068,1,0,1
3069,1,0,1
3070,1,0,1
3071,1,0,1
3072,1,0,1
3073,1,0,1
3074,1,0,1
3075,1,0,1
3076,1,0,1
3077,1,0,1
3078,1,0,1
3079,1,0,1
3080,1,0,1
3081,1,0,1
3082,1,0,1
3083,1,0,1
3084,1,0,1
3085,1,0,1
3086,1,0,1
3087,1,0,1
3088,1,0,1
3089,1,0,1
3090,1,0,1
3091,1,0,1
3092,1,0,1
3093,1,0,1
3094,1,0,1
3095,1,0,1
3096,1,0,1
3097,1,0,1
3098,1,0,1
3099,1,0,1
3100,1,0,1
3101,1,0,1
3102,1,0,1
3103,1,0,1
3104,1,0,1
3105,1,0,1
3106,1,0,1
3107,1,0,1
3108,1,0,1
3109,1,0,1
3110,1,0,1
3111,1,0,1
3112,1,0,1
3113,1,0,1
3114,1,0,1
3115,1,0,1
3116,1,0,1
3117,1,0,1
3118,1,0,1
3119,1,0,1
3120,1,0,1
3121,1,0,1
3122,1,0,1
3123,1,0,1
3124,1,0,1
3125,1,0,1
3126,1,0,1
3127,1,0,1
3128,1,0,1
3129,1,0,1
3130,1,0,1
3131,1,0,1
3132,1,0,1
3133,1,0,1
3134,1,0,1
3135,1,0,1
3136,1,0,1
3137,1,0,1
3138,1,0,1
3139,1,0,1
3140,1,0,1
3141,1,0,1
3142,1,0,1
3143,1,0,1
3144,1,0,1
3145,1,0,1
3146,1,0,1
3147,1,0,1
3148,1,0,1
3149,1,0,1
3150,1,0,1
3151,1,0,1
3152,1,0,1
3153,1,0,1
3154,1,0,1
3155,1,0,1
3156,1,0,1
3157,1,0,1
3158,1,0,1
3159,1,0,1
3160,1,0,1
3161,1,0,1
3162,1,0,1
3163,1,0,1
3164,1,0,1
3165,1,0,1
3166,1,0,1
3167,1,0,1
3168,1,0,1
3169,1,0,1
3170,1,0,1
3171,1,0,1
3172,1,0,1
3173,1,0,1
3174,1,0,1
3175,1,0,1
3176,1,0,1
3177,1,0,1
3178,1,0,1
3179,1,0,1
3180,1,0,1
3181,1,0,1
3182,1,0,1
3183,1,0,1
3184,0,0,0
3185,0,0,0
3186,0,0,0
3187,0,0,0
3188,0,0,0
3189,0,0,0
3190,0,0,0
3191,0,0,0
3192,0,0,0
3193,0,0,0
3194,0,0,0
3195,0,0,0
3196,0,0,0
3197,0,0,0
3198,0,0,0
3199,0,0,0
3200,0,0,0
3201,0,0,0
3202,0,0,0
3203,0,0,0
3204,0,0,0
3205,0,0,0
3206,0,0,0
3207,0,0,0
3208,0,0,0
3209,0,0,0
3210,0,0,0
3211,0,0,0
3212,0,0,0
3213,0,0,0
3214,0,0,0
3215,0,0,0
3216,0,0,0
3217,0,0,0
3218,0,0,0
3219,0,0,0
3220,0,0,0
3221,0,0,0
3222,0,0,0
3223,0,0,0
3224,0,0,0
3225,0,0,0
3226,0,0,0
3227,0,0,0
3228,0,0,0
3229,0,0,0
3230,0,0,0
3231,0,0,0
3232,0,0,0
3233,0,0,0
3234,0,0,0
3235,0,0,0
3236,0,0,0
3237,0,0,0
3238,0,0,0
3239,0,0,0
3240,0,0,0
3241,0,0,0
3242,0,0,0
3243,0,0,0
3244,0,0,0
3245,0,0,0
3246,0,0,0
3247,0,0,0
3248,0,0,0
3249,0,0,0
3250,0,0,0
3251,0,0,0
3252,0,0,0
3253,0,0,0
3254,0,0,0
3255,0,0,0
3256,0,0,0
3257,0,0,0
3258,0,0,0
3259,0,0,0
3260,0,0,0
3261,0,0,0
3262,0,0,0
3263,0,0,0
3264,0,0,0
3265,0,0,0
3266,0,0,0
3267,0,0,0
3268,0,0,0
3269,0,0,0
3270,0,0,0
3271,0,0,0
3272,0,0,0
3273,0,0,0
3274,0,0,0
3275,0,0,0
3276,0,0,0
3277,0,0,0
3278,0,0,0
3279,0,0,0
3280,0,0,0
3281,0,0,0
3282,0,0,0
3283,0,0,0
3284,0,0,0
3285,0,0,0
3286,0,0,0
3287,0,0,0
3288,0,0,0
3289,0,0,0
3290,0,0,0
3291,0,0,0
3292,0,0,0
3293,0,0,0
3294,0,0,0
3295,0,0,0
3296,0,0,0
3297,0,0,0
3298,0,0,0
3299,0,0,0
3300,0,0,0
3301,0,0,0
3302,0,0,0
3303,0,0,0
3304,0,0,0
3305,0,0,0
3306,0,0,0
3307,0,0,0
3308,0,0,0
3309,0,0,0
3310,0,0,0
3311,0,0,0
3312,0,0,0
3313,0,0,0
3314,0,0,0
3315,0,0,0
3316,0,0,0
3317,0,0,0
3318,0,0,0
3319,0,0,0
3320,0,0,0
3321,0,0,0
3322,0,0,0
3323,0,0,0
3324,0,0,0
3325,0,0,0
3326,0,0,0
3327,0,0,0
3328,0,0,0
3329,0,0,0
3330,0,0,0
3331,0,0,0
3332,0,0,0
3333,0,0,0
3334,0,0,0
3335,0,0,0
3336,0,0,0
3337,0,0,0
3338,0,0,0
3339,0,0,0
3340,0,0,0
3341,0,0,0
3342,0,0,0
3343,0,0,0
3344,0,0,0
3345,0,0,0
3346,0,0,0
3347,0,0,0
3348,0,0,0
3349,0,0,0
3350,0,0,0
3351,0,0,0
3352,0,0,0
3353,0,0,0
3354,0,0,0
3355,0,0,0
3356,0,0,0
3357,0,0,0
3358,0,0,0
3359,0,0,0
3360,0,0,0
3361,0,0,0
3362,0,0,0
3363,0,0,0
3364,0,0,0
3365,0,0,0
3366,0,0,0
3367,0,0,0
3368,0,0,0
3369,0,0,0
3370,0,0,0
3371,0,0,0
3372,0,0,0
3373,0,0,0
3374,0,0,0
3375,0,0,0
3376,0,0,0
3377,0,0,0
3378,0,0,0
3379,0,0,0
3380,0,0,0
3381,0,0,0
3382,0,0,0
3383,0,0,0
3384,0,0,0
3385,0,0,0
3386,0,0,0
3387,0,0,0
3388,0,0,0
3389,0,0,0
3390,0,0,0
3391,0,0,0
3392,0,0,0
3393,0,0,0
3394,0,0,0
3395,0,0,0
3396,0,0,0
3397,0,0,0
3398,0,0,0
3399,0,0,0
3400,0,0,0
3401,0,0,0
3402,0,0,0
3403,0,0,0
3404,0,0,0
3405,0,0,0
3406,0,0,0
3407,0,0,0
3408,0,0,0
3409,0,0,0
3410,0,0,0
3411,0,0,0
3412,0,0,0
3413,0,0,0
3414,0,0,0
3415,0,0,0
3416,0,0,0
3417,0,0,0
3418,0,0,0
3419,0,0,0
3420,0,0,0
3421,0,0,0
3422,0,0,0
3423,0,0,0
3424,0,0,0
3425,0,0,0
3426,0,0,0
3427,0,0,0
3428,0,0,0
3429,0,0,0
3430,0,0,0
3431,0,0,0
3432,0,0,0
3433,0,0,0
3434,0,0,0
3435,0,0,0
3436,0,0,0
3437,0,0,0
3438,0,0,0
3439,0,0,0
3440,0,0,0
3441,0,0,0
3442,0,0,0
3443,0,0,0
3444,0,0,0
3445,0,0,0
3446,0,0,0
3447,0,0,0
3448,0,0,0
3449,0,0,0
3450,0,0,0
3451,0,0,0
3452,0,0,0
3453,0,0,0
3454,0,0,0
3455,0,0,0
3456,0,0,0
3457,0,0,0
3458,0,0,0
3459,0,0,0
3460,0,0,0
3461,0,0,0
3462,0,0,0
3463,0,0,0
3464,0,0,0
3465,0,0,0
3466,0,0,0
3467,0,0,0
3468,0,0,0
3469,0,0,0
3470,0,0,0
3471,0,0,0
3472,0,0,0
3473,0,0,0
3474,0,0,0
3475,0,0,0
3476,0,0,0
3477,0,0,0
3478,0,0,0
3479,0,0,0
3480,0,0,0
3481,0,0,0
3482,0,0,0
3483,0,0,0
3484,0,0,0
3485,0,0,0
3486,0,0,0
3487,0,0,0
3488,0,0,0
3489,0,0,0
3490,0,0,0
3491,0,0,0
3492,0,0,0
3493,0,0,0
3494,0,0,0
3495,0,0,0
3496,0,0,0
3497,0,0,0
3498,0,0,0
3499,0,0,0
3500,0,0,0
3501,0,0,0
3502,0,0,0
3503,0,0,0
3504,0,0,0
3505,0,0,0
3506,0,0,0
3507,0,0,0
3508,0,0,0
3509,0,0,0
3510,0,0,0
3511,0,0,0
3512,0,0,0
3513,0,0,0
3514,0,0,0
3515,0,0,0
3516,0,0,0
3517,0,0,0
3518,0,0,0
3519,0,0,0
3520,0,0,0
3521,0,0,0
3522,0,0,0
3523,0,0,0
3524,0,0,0
3525,0,0,0
3526,0,0,0
3527,0,0,0
3528,0,0,0
3529,0,0,0
3530,0,0,0
3531,0,0,0
3532,0,0,0
3533,0,0,0
3534,0,0,0
3535,0,0,0
3536,0,0,0
3537,0,0,0
3538,0,0,0
3539,0,0,0
3540,0,0,0
3541,0,0,0
3542,0,0,0
3543,0,0,0
3544,0,0,0
3545,0,0,0
3546,0,0,0
3547,0,0,0
3548,0,0,0
3549,0,0,0
3550,0,0,0
3551,0,0,0
3552,0,0,0
3553,0,0,0
3554,0,0,0
3555,0,0,0
3556,0,0,0
3557,0,0,0
3558,0,0,0
3559,0,0,0
3560,0,0,0
3561,0,0,0
3562,0,0,0
3563,0,0,0
3564,0,0,0
3565,0,0,0
3566,0,0,0
3567,0,0,0
3568,0,0,0
3569,0,0,0
3570,0,0,0
3571,0,0,0
3572,0,0,0
3573,0,0,0
3574,0,0,0
3575,0,0,0
3576,0,0,0
3577,0,0,0
3578,0,0,0
3579,0,0,0
3580,0,0,0
3581,0,0,0
3582,0,0,0
3583,0,0,0
3584,0,0,0
3585,0,0,0
3586,0,0,0
3587,0,0,0
3588,0,0,0
3589,0,0,0
3590,0,0,0
3591,0,0,0
3592,0,0,0
3593,0,0,0
3594,0,0,0
3595,0,0,0
3596,0,0,0
3597,0,0,0
3598,0,0,0
3599,0,0,0
3600,0,0,0
3601,0,0,0
3602,0,0,0
3603,0,0,0
3604,0,0,0
3605,0,0,0
3606,0,0,0
3607,0,0,0
3608,0,0,0
3609,0,0,0
3610,0,0,0
3611,0,0,0
3612,0,0,0
3613,0,0,0
3614,0,0,0
3615,0,0,0
3616,0,0,0
3617,0,0,0
3618,0,0,0
3619,0,0,0
3620,0,0,0
3621,0,0,0
3622,0,0,0
3623,0,0,0
3624,0,0,0
3625,0,0,0
3626,0,0,0
3627,0,0,0
3628,0,0,0
3629,0,0,0
3630,0,0,0
3631,0,0,0
3632,0,0,0
3633,0,0,0
3634,0,0,0
3635,0,0,0
3636,0,0,0
3637,0,0,0
3638,0,0,0
3639,0,0,0
3640,0,0,0
3641,0,0,0
3642,0,0,0
3643,0,0,0
3644,0,0,0
3645,0,0,0
3646,0,0,0
3647,0,0,0
3648,0,0,0
3649,0,0,0
3650,0,0,0
3651,0,0,0
3652,0,0,0
3653,0,0,0
3654,0,0,0
3655,0,0,0
3656,0,0,0
3657,0,0,0
3658,0,0,0
3659,0,0,0
3660,0,0,0
3661,0,0,0
3662,0,0,0
3663,0,0,0
3664,0,0,0
3665,0,0,0
3666,0,0,0
3667,0,0,0
3668,0,0,0
3669,0,0,0
3670,0,0,0
3671,0,0,0
3672,0,0,0
3673,0,0,0
3674,0,0,0
3675,0,0,0
3676,0,0,0
3677,0,0,0
3678,0,0,0
3679,0,0,0
3680,0,0,0
3681,0,0,0
3682,0,0,0
3683,0,0,0
3684,0,0,0
3685,0,0,0
3686,0,0,0
3687,0,0,0
3688,0,0,0
3689,0,0,0
3690,0,0,0
3691,0,0,0
3692,0,0,0
3693,0,0,0
3694,0,0,0
3695,0,0,0
3696,0,0,0
3697,0,0,0
3698,0,0,0
3699,0,0,0
3700,0,0,0
3701,0,0,0
3702,0,0,0
3703,0,0,0
3704,0,0,0
3705,0,0,0
3706,0,0,0
3707,0,0,0
3708,0,0,0
3709,0,0,0
3710,0,0,0
3711,0,0,0
3712,0,0,0
3713,0,0,0
3714,0,0,0
3715,0,0,0
3716,0,0,0
3717,0,0,0
3718,0,0,0
3719,0,0,0
3720,0,0,0
3721,0,0,0
3722,0,0,0
3723,0,0,0
3724,0,0,0
3725,0,0,0
3726,0,0,0
3727,0,0,0
3728,0,0,0
3729,0,0,0
3730,0,0,0
3731,0,0,0
3732,0,0,0
3733,0,0,0
3734,0,0,0
3735,0,0,0
3736,0,0,0
3737,0,0,0
3738,0,0,0
3739,0,0,0
3740,0,0,0
3741,0,0,0
3742,0,0,0
3743,0,0,0
3744,0,0,0
3745,0,0,0
3746,0,0,0
3747,0,0,0
3748,0,0,0
3749,0,0,0
3750,0,0,0
3751,0,0,0
3752,0,0,0
3753,0,0,0
3754,0,0,0
3755,0,0,0
3756,0,0,0
3757,0,0,0
3758,0,0,0
3759,0,0,0
3760,0,0,0
3761,0,0,0
3762,0,0,0
3763,0,0,0
3764,0,0,0
3765,0,0,0
3766,0,0,0
3767,0,0,0
3768,0,0,0
3769,0,0,0
3770,0,0,0
3771,0,0,0
3772,0,0,0
3773,0,0,0
3774,0,0,0
3775,0,0,0
3776,0,0,0
3777,0,0,0
3778,0,0,0
3779,0,0,0
3780,0,0,0
3781,0,0,0
3782,0,0,0
3783,0,0,0
3784,0,0,0
3785,0,0,0
3786,0,0,0
3787,0,0,0
3788,0,0,0
3789,0,0,0
3790,0,0,0
3791,0,0,0
3792,0,0,0
3793,0,0,0
3794,0,0,0
3795,0,0,0
3796,0,0,0
3797,0,0,0
3798,0,0,0
3799,0,0,0
3800,0,0,0
3801,0,0,0
3802,0,0,0
3803,0,0,0
3804,0,0,0
3805,0,0,0
3806,0,0,0
3807,0,0,0
3808,0,0,0
3809,0,0,0
3810,0,0,0
3811,0,0,0
3812,0,0,0
3813,0,0,0
3814,0,0,0
3815,0,0,0
3816,0,0,0
3817,0,0,0
3818,0,0,0
3819,0,0,0
3820,0,0,0
3821,0,0,0
3822,0,0,0
3823,0,0,0
3824,0,0,0
3825,0,0,0
3826,0,0,0
3827,0,0,0
3828,0,0,0
3829,0,0,0
3830,0,0,0
3831,0,0,0
3832,0,0,0
3833,0,0,0
3834,0,0,0
3835,0,0,0
3836,0,0,0
3837,0,0,0
3838,0,0,0
3839,0,0,0
3840,0,0,0
3841,0,0,0
3842,0,0,0
3843,0,0,0
3844,0,0,0
3845,0,0,0
3846,0,0,0
3847,0,0,0
3848,0,0,0
3849,0,0,0
3850,0,0,0
3851,0,0,0
3852,0,0,0
3853,0,0,0
3854,0,0,0
3855,0,0,0
3856,0,0,0
3857,0,0,0
3858,0,0,0
3859,0,0,0
3860,0,0,0
3861,0,0,0
3862,0,0,0
3863,0,0,0
3864,0,0,0
3865,0,0,0
3866,0,0,0
3867,0,0,0
3868,0,0,0
3869,0,0,0
3870,0,0,0
3871,0,0,0
3872,0,0,0
3873,0,0,0
3874,0,0,0
3875,0,0,0
3876,0,0,0
3877,0,0,0
3878,0,0,0
3879,0,0,0
3880,0,0,0
3881,0,0,0
3882,0,0,0
3883,0,0,0
3884,0,0,0
3885,0,0,0
3886,0,0,0
3887,0,0,0
3888,0,0,0
3889,0,0,0
3890,0,0,0
3891,0,0,0
3892,0,0,0
3893,0,0,0
3894,0,0,0
3895,0,0,0
3896,0,0,0
3897,0,0,0
3898,0,0,0
3899,0,0,0
3900,0,0,0
3901,0,0,0
3902,0,0,0
3903,0,0,0
3904,0,0,0
3905,0,0,0
3906,0,0,0
3907,0,0,0
3908,0,0,0
3909,0,0,0
3910,0,0,0
3911,0,0,0
3912,0,0,0
3913,0,0,0
3914,0,0,0
3915,1,0,1
3916,1,0,1
3917,1,0,1
3918,1,0,1
3919,1,0,1
3920,1,0,1
3921,1,0,1
3922,0,1,1
3923,0,1,1
3924,0,1,1
3925,0,1,1
3926,0,1,1
3927,0,1,1
3928,0,1,1
3929,0,1,1
3930,0,1,1
3931,0,1,1
3932,0,1,1
3933,0,1,1
3934,0,1,1
3935,0,1,1
3936,0,1,1
3937,0,1,1
3938,0,1,1
3939,0,1,1
3940,0,1,1
3941,0,1,1
3942,0,1,1
3943,0,1,1
3944,0,1,1
3945,0,1,1
3946,0,1,1
3947,0,1,1
3948,0,1,1
3949,0,1,1
3950,0,1,1
3951,0,1,1
3952,0,1,1
3953,1,0,1
3954,1,0,1
3955,1,0,1
3956,1,0,1
3957,1,0,1
3958,1,0,1
3959,1,0,1
3960,1,0,1
3961,1,0,1
3962,1,0,1
3963,1,0,1
3964,1,0,1
3965,1,0,1
3966,1,0,1
3967,1,0,1
3968,1,0,1
3969,1,0,1
3970,1,0,1
3971,1,0,1
3972,1,0,1
3973,1,0,1
3974,1,0,1
3975,1,0,1
3976,1,0,1
3977,1,0,1
3978,1,0,1
3979,1,0,1
3980,1,0,1
3981,1,0,1
3982,1,0,1
3983,1,0,1
3984,1,0,1
3985,1,0,1
3986,1,0,1
3987,1,0,1
3988,1,0,1
3989,1,0,1
3990,1,0,1
3991,1,0,1
3992,1,0,1
3993,1,0,1
3994,1,0,1
3995,1,0,1
3996,1,0,1
3997,1,0,1
3998,1,0,1
3999,1,0,1
4000,1,0,1
4001,1,0,1
4002,1,0,1
4003,1,0,1
4004,1,0,1
4005,1,0,1
4006,1,0,1
4007,1,0,1
4008,1,0,1
4009,1,0,1
4010,1,0,1
4011,1,0,1
4012,2,0,2
4013,2,0,2
4014,2,0,2
4015,1,0,1
4016,1,0,1
4017,1,0,1
4018,1,0,1
4019,1,0,1
4020,1,0,1
4021,1,0,1
4022,1,0,1
4023,1,0,1
4024,1,0,1
4025,1,0,1
4026,1,0,1
4027,1,0,1
4028,1,0,1
4029,1,0,1
4030,1,0,1
4031,1,0,1
4032,1,0,1
4033,1,0,1
4034,1,0,1
4035,1,0,1
4036,1,0,1
4037,1,0,1
4038,1,0,1
4039,1,0,1
4040,1,0,1
4041,1,0,1
4042,1,0,1
4043,1,0,1
4044,1,0,1
4045,1,0,1
4046,2,0,2
4047,2,0,2
4048,2,0,2
4049,2,0,2
4050,2,0,2
4051,2,0,2
4052,2,0,2
4053,2,0,2
4054,2,0,2
4055,2,0,2
4056,2,0,2
4057,2,0,2
4058,2,0,2
4059,3,0,3
4060,3,0,3
4061,3,0,3
4062,3,0,3
4063,3,0,3
4064,3,0,3
4065,3,0,3
4066,3,0,3
4067,3,0,3
4068,3,0,3
4069,3,0,3
4070,3,0,3
4071,3,0,3
4072,3,0,3
4073,3,0,3
4074,3,0,3
4075,3,0,3
4076,3,0,3
4077,3,0,3
4078,3,0,3
4079,3,0,3
4080,3,0,3
4081,3,0,3
4082,3,0,3
4083,3,0,3
4084,3,0,3
4085,3,0,3
4086,3,0,3
4087,3,0,3
4088,3,0,3
4089,3,0,3
4090,3,0,3
4091,3,0,3
4092,3,0,3
4093,3,0,3
4094,3,0,3
4095,3,0,3
4096,3,0,3
4097,3,0,3
4098,3,0,3
4099,3,0,3
4100,3,0,3
4101,3,0,3
4102,3,0,3
4103,3,0,3
4104,3,0,3
4105,3,0,3
4106,3,0,3
4107,3,0,3
4108,3,0,3
4109,3,0,3
4110,3,0,3
4111,3,0,3
4112,3,0,3
4113,3,0,3
4114,3,0,3
4115,3,0,3
4116,3,0,3
4117,3,0,3
4118,3,0,3
4119,3,0,3
4120,3,0,3
4121,3,0,3
4122,3,0,3
4123,3,0,3
4124,3,0,3
4125,3,0,3
4126,3,0,3
4127,3,0,3
4128,3,0,3
4129,3,0,3
4130,3,0,3
4131,3,0,3
4132,3,0,3
4133,3,0,3
4134,3,0,3
4135,3,0,3
4136,3,0,3
4137,3,0,3
4138,3,0,3
4139,3,0,3
4140,3,0,3
4141,3,0,3
4142,3,0,3
4143,3,0,3
4144,3,0,3
4145,3,0,3
4146,3,0,3
4147,2,0,2
4148,2,0,2
4149,2,0,2
4150,2,0,2
4151,2,0,2
4152,2,0,2
4153,2,0,2
4154,2,0,2
4155,2,0,2
4156,2,0,2
4157,2,0,2
4158,2,0,2
4159,2,0,2
4160,2,0,2
4161,2,0,2
4162,2,0,2
4163,2,0,2
4164,2,0,2
4165,2,0,2
4166,2,0,2
4167,2,0,2
4168,2,0,2
4169,1,0,1
4170,1,0,1
4171,1,0,1
4172,1,0,1
4173,2,0,2
4174,2,0,2
4175,2,0,2
4176,2,0,2
4177,2,0,2
4178,2,0,2
4179,2,0,2
4180,2,0,2
4181,2,0,2
4182,2,0,2
4183,2,0,2
4184,1,0,1
4185,1,0,1
4186,1,0,1
4187,1,0,1
4188,1,0,1
4189,1,0,1
4190,1,0,1
4191,1,0,1
4192,1,0,1
4193,1,0,1
4194,1,0,1
4195,1,0,1
4196,1,0,1
4197,1,0,1
4198,1,0,1
4199,1,0,1
4200,1,0,1
4201,1,0,1
4202,2,0,2
4203,2,0,2
4204,3,0,3
4205,3,0,3
4206,3,0,3
4207,3,0,3
4208,3,0,3
4209,4,0,4
4210,4,0,4
4211,4,0,4
4212,4,0,4
4213,4,0,4
4214,4,0,4
4215,4,0,4
4216,5,0,5
4217,5,0,5
4218,5,0,5
4219,5,0,5
4220,6,0,6
4221,6,0,6
4222,6,0,6
4223,6,0,6
4224,6,0,6
4225,6,0,6
4226,6,0,6
4227,6,0,6
4228,6,0,6
4229,6,0,6
4230,6,0,6
4231,6,0,6
4232,6,0,6
4233,4,2,6
4234,4,2,6
4235,4,2,6
4236,4,2,6
4237,4,2,6
4238,4,2,6
4239,4,2,6
4240,4,2,6
4241,4,2,6
4242,4,2,6
4243,4,2,6
4244,4,2,6
4245,4,2,6
4246,4,2,6
4247,4,2,6
4248,4,2,6
4249,4,2,6
4250,4,2,6
4251,4,2,6
4252,4,2,6
4253,4,2,6
4254,4,2,6
4255,4,2,6
4256,4,2,6
4257,4,2,6
4258,4,2,6
4259,4,2,6
4260,4,2,6
4261,4,2,6
4262,4,2,6
4263,3,2,5
4264,3,2,5
4265,3,2,5
4266,3,2,5
4267,5,0,5
4268,5,0,5
4269,5,0,5
4270,5,0,5
4271,5,0,5
4272,5,0,5
4273,5,0,5
4274,5,0,5
4275,5,0,5
4276,5,0,5
4277,5,0,5
4278,5,0,5
4279,5,0,5
4280,5,0,5
4281,5,0,5
4282,5,0,5
4283,5,0,5
4284,5,0,5
4285,4,0,4
4286,4,0,4
4287,4,0,4
4288,4,0,4
4289,4,0,4
4290,4,0,4
4291,4,0,4
4292,4,0,4
4293,4,0,4
4294,4,0,4
4295,4,0,4
4296,4,0,4
4297,4,0,4
4298,4,0,4
4299,3,0,3
4300,3,0,3
4301,3,0,3
4302,3,0,3
4303,3,0,3
4304,3,0,3
4305,3,0,3
4306,3,0,3
4307,3,0,3
4308,3,0,3
4309,3,0,3
4310,3,0,3
4311,2,0,2
4312,2,0,2
4313,2,0,2
4314,2,0,2
4315,2,0,2
4316,2,0,2
4317,2,0,2
4318,2,0,2
4319,0,0,0
4320,0,0,0
4321,0,0,0
4322,0,0,0
4323,0,0,0
4324,0,0,0
4325,0,0,0
4326,0,0,0
4327,0,0,0
4328,0,0,0
4329,0,0,0
4330,0,0,0
4331,0,0,0
4332,0,0,0
4333,0,0,0
4334,0,0,0
4335,0,0,0
4336,0,0,0
4337,0,0,0
4338,0,0,0
4339,0,0,0
4340,0,0,0
4341,0,0,0
4342,0,0,0
4343,0,0,0
4344,0,0,0
4345,0,0,0
4346,0,0,0
4347,0,0,0
4348,0,0,0
4349,0,0,0
4350,0,0,0
4351,0,0,0
4352,0,0,0
4353,0,0,0
4354,0,0,0
4355,0,0,0
4356,0,0,0
4357,0,0,0
4358,0,0,0
4359,0,0,0
4360,0,0,0
4361,0,0,0
4362,0,0,0
4363,0,0,0
4364,0,0,0
4365,0,0,0
4366,0,0,0
4367,0,0,0
4368,0,0,0
4369,0,0,0
4370,0,0,0
4371,0,0,0
4372,0,0,0
4373,0,0,0
4374,0,0,0
4375,0,0,0
4376,0,0,0
4377,0,0,0
4378,0,0,0
4379,0,0,0
4380,0,0,0
4381,0,0,0
4382,0,0,0
4383,0,0,0
4384,0,0,0
4385,0,0,0
4386,0,0,0
4387,0,0,0
4388,0,0,0
4389,0,0,0
4390,0,0,0
4391,0,0,0
4392,0,0,0
4393,0,0,0
4394,0,0,0
4395,0,0,0
4396,0,0,0
4397,0,0,0
4398,0,0,0
4399,0,0,0
4400,0,0,0
4401,0,0,0
4402,0,0,0
4403,0,0,0
4404,0,0,0
4405,0,0,0
4406,0,0,0
4407,0,0,0
4408,0,0,0
4409,0,0,0
4410,0,0,0
4411,0,0,0
4412,0,0,0
4413,0,0,0
4414,0,0,0
4415,0,0,0
4416,0,0,0
4417,0,0,0
4418,0,0,0
4419,0,0,0
4420,0,0,0
4421,0,0,0
4422,0,0,0
4423,0,0,0
4424,0,0,0
4425,0,0,0
4426,0,0,0
4427,0,0,0
4428,0,0,0
4429,0,0,0
4430,0,0,0
4431,0,0,0
4432,0,0,0
4433,0,0,0
4434,0,0,0
4435,0,0,0
4436,0,0,0
4437,0,0,0
4438,0,0,0
4439,0,0,0
4440,0,0,0
4441,0,0,0
4442,0,0,0
4443,0,0,0
4444,0,0,0
4445,0,0,0
4446,0,0,0
4447,0,0,0
4448,0,0,0
4449,0,0,0
4450,0,0,0
4451,0,0,0
4452,0,0,0
4453,0,0,0
4454,0,0,0
4455,0,0,0
4456,0,0,0
4457,0,0,0
4458,0,0,0
4459,0,0,0
4460,0,0,0
4461,0,0,0
4462,0,0,0
4463,0,0,0
4464,0,0,0
4465,0,0,0
4466,0,0,0
4467,0,0,0
4468,0,0,0
4469,0,0,0
4470,0,0,0
4471,0,0,0
4472,0,0,0
4473,0,0,0
4474,0,0,0
4475,0,0,0
4476,0,0,0
4477,0,0,0
4478,0,0,0
4479,0,0,0
4480,0,0,0
4481,0,0,0
4482,0,0,0
4483,0,0,0
4484,0,0,0
4485,0,0,0
4486,0,0,0
4487,0,0,0
4488,1,0,1
4489,1,0,1
4490,1,0,1
4491,1,0,1
4492,1,0,1
4493,1,0,1
4494,1,0,1
4495,1,0,1
4496,1,0,1
4497,1,0,1
4498,1,0,1
4499,1,0,1
4500,1,0,1
4501,1,0,1
4502,1,0,1
4503,1,0,1
4504,1,0,1
4505,1,0,1
4506,1,0,1
4507,1,0,1
4508,1,0,1
4509,1,0,1
4510,1,0,1
4511,1,0,1
4512,1,0,1
4513,1,0,1
4514,1,0,1
4515,1,0,1
4516,1,0,1
4517,1,0,1
4518,1,0,1
4519,1,0,1
4520,1,0,1
4521,1,0,1
4522,1,0,1
4523,1,0,1
4524,1,0,1
4525,1,0,1
4526,1,0,1
4527,1,0,1
4528,1,0,1
4529,1,0,1
4530,1,0,1
4531,1,0,1
4532,1,0,1
4533,1,0,1
4534,0,0,0
4535,0,0,0
4536,0,0,0
4537,1,0,1
4538,1,0,1
4539,1,0,1
4540,1,0,1
4541,1,0,1
4542,1,0,1
4543,1,0,1
4544,1,0,1
4545,1,0,1
4546,1,0,1
4547,1,0,1
4548,1,0,1
4549,1,0,1
4550,1,0,1
4551,1,0,1
4552,1,0,1
4553,1,0,1
4554,1,0,1
4555,1,0,1
4556,1,0,1
4557,1,0,1
4558,1,0,1
4559,1,0,1
4560,1,0,1
4561,1,0,1
4562,1,0,1
4563,1,0,1
4564,1,0,1
4565,1,0,1
4566,1,0,1
4567,1,0,1
4568,1,0,1
4569,1,0,1
4570,1,0,1
4571,1,0,1
4572,1,0,1
4573,1,0,1
4574,1,0,1
4575,1,0,1
4576,1,0,1
4577,1,0,1
4578,1,0,1
4579,1,0,1
4580,1,0,1
4581,1,0,1
4582,1,0,1
4583,1,0,1
4584,1,0,1
4585,1,0,1
4586,1,0,1
4587,1,0,1
4588,1,0,1
4589,1,0,1
4590,1,0,1
4591,1,0,1
4592,1,0,1
4593,1,0,1
4594,1,0,1
4595,1,0,1
4596,1,0,1
4597,1,0,1
4598,1,0,1
4599,1,0,1
4600,1,0,1
4601,1,0,1
4602,1,0,1
4603,1,0,1
4604,1,0,1
4605,1,0,1
4606,1,0,1
4607,1,0,1
4608,1,0,1
4609,1,0,1
4610,1,0,1
4611,1,0,1
4612,1,0,1
4613,1,0,1
4614,1,0,1
4615,1,0,1
4616,1,0,1
4617,1,0,1
4618,1,0,1
4619,1,0,1
4620,1,0,1
4621,1,0,1
4622,1,0,1
4623,1,0,1
4624,1,0,1
4625,1,0,1
4626,1,0,1
4627,1,0,1
4628,1,0,1
4629,1,0,1
4630,1,0,1
4631,1,0,1
4632,1,0,1
4633,1,0,1
4634,1,0,1
4635,1,0,1
4636,1,0,1
4637,1,0,1
4638,1,0,1
4639,1,0,1
4640,1,0,1
4641,1,0,1
4642,1,0,1
4643,1,0,1
4644,1,0,1
4645,1,0,1
4646,1,0,1
4647,1,0,1
4648,1,0,1
4649,2,0,2
4650,2,0,2
4651,3,0,3
4652,3,0,3
4653,3,0,3
4654,3,0,3
4655,3,0,3
4656,3,0,3
4657,3,0,3
4658,3,0,3
4659,2,0,2
4660,2,0,2
4661,2,0,2
4662,2,0,2
4663,2,0,2
4664,2,0,2
4665,2,0,2
4666,2,0,2
4667,2,0,2
4668,2,0,2
4669,2,0,2
4670,2,0,2
4671,2,0,2
4672,2,0,2
4673,2,0,2
4674,2,0,2
4675,2,0,2
4676,2,0,2
4677,2,0,2
4678,2,0,2
4679,2,0,2
4680,2,0,2
4681,2,0,2
4682,2,0,2
4683,2,0,2
4684,2,0,2
4685,2,0,2
4686,2,0,2
4687,2,0,2
4688,2,0,2
4689,2,0,2
4690,2,0,2
4691,2,0,2
4692,2,0,2
4693,1,0,1
4694,1,0,1
4695,1,0,1
4696,1,0,1
4697,1,0,1
4698,1,0,1
4699,1,0,1
4700,1,0,1
4701,1,0,1
4702,1,0,1
4703,1,0,1
4704,1,0,1
4705,1,0,1
4706,1,0,1
4707,1,0,1
4708,1,0,1
4709,1,0,1
4710,1,0,1
4711,1,0,1
4712,1,0,1
4713,1,0,1
4714,1,0,1
4715,1,0,1
4716,1,0,1
4717,1,0,1
4718,2,0,2
4719,2,0,2
4720,2,0,2
4721,2,0,2
4722,2,0,2
4723,2,0,2
4724,2,0,2
4725,2,0,2
4726,2,0,2
4727,2,0,2
4728,2,0,2
4729,2,0,2
4730,2,0,2
4731,2,0,2
4732,2,0,2
4733,1,0,1
4734,1,0,1
4735,1,0,1
4736,1,0,1
4737,1,0,1
4738,1,0,1
4739,1,0,1
4740,1,0,1
4741,1,0,1
4742,1,0,1
4743,1,0,1
4744,1,0,1
4745,1,0,1
4746,1,0,1
4747,1,0,1
4748,1,0,1
4749,1,0,1
4750,1,0,1
4751,1,0,1
4752,1,0,1
4753,1,0,1
4754,1,0,1
4755,1,0,1
4756,1,0,1
4757,2,0,2
4758,2,0,2
4759,2,0,2
4760,2,0,2
4761,2,0,2
4762,2,0,2
4763,2,0,2
4764,2,0,2
4765,2,0,2
4766,2,0,2
4767,2,0,2
4768,2,0,2
4769,2,0,2
4770,2,0,2
4771,2,0,2
4772,2,0,2
4773,2,0,2
4774,2,0,2
4775,2,0,2
4776,1,0,1
4777,1,0,1
4778,1,0,1
4779,1,0,1
4780,1,0,1
4781,1,0,1
4782,1,0,1
4783,1,0,1
4784,1,0,1
4785,1,0,1
4786,1,0,1
4787,1,0,1
4788,1,0,1
4789,1,0,1
4790,1,0,1
4791,1,0,1
4792,1,0,1
4793,1,0,1
4794,1,0,1
4795,1,0,1
4796,1,0,1
4797,1,0,1
4798,1,0,1
4799,0,0,0
4800,0,0,0
4801,0,0,0
4802,0,0,0
4803,0,0,0
4804,0,0,0
4805,0,0,0
4806,0,0,0
4807,0,0,0
4808,0,0,0
4809,0,0,0
4810,0,0,0
4811,1,0,1
4812,1,0,1
4813,1,0,1
4814,1,0,1
4815,2,0,2
4816,2,0,2
4817,2,0,2
4818,2,0,2
4819,2,0,2
4820,2,0,2
4821,2,0,2
4822,2,0,2
4823,2,0,2
4824,2,0,2
4825,2,0,2
4826,2,0,2
4827,2,0,2
4828,2,0,2
4829,2,0,2
4830,2,0,2
4831,2,0,2
4832,2,0,2
4833,2,0,2
4834,2,0,2
4835,2,0,2
4836,2,0,2
4837,2,0,2
4838,2,0,2
4839,2,0,2
4840,2,0,2
4841,2,0,2
4842,3,0,3
4843,3,0,3
4844,3,0,3
4845,3,0,3
4846,3,0,3
4847,3,0,3
4848,3,0,3
4849,3,0,3
4850,3,0,3
4851,3,0,3
4852,3,0,3
4853,3,0,3
4854,3,0,3
4855,3,0,3
4856,3,0,3
4857,3,0,3
4858,3,0,3
4859,2,0,2
4860,2,0,2
4861,2,0,2
4862,2,0,2
4863,2,0,2
4864,2,0,2
4865,2,0,2
4866,2,0,2
4867,2,0,2
4868,2,0,2
4869,2,0,2
4870,2,0,2
4871,2,0,2
4872,2,0,2
4873,2,0,2
4874,2,0,2
4875,2,0,2
4876,3,0,3
4877,3,0,3
4878,3,0,3
4879,3,0,3
4880,2,0,2
4881,2,0,2
4882,2,0,2
4883,2,0,2
4884,2,0,2
4885,2,0,2
4886,2,0,2
4887,2,0,2
4888,2,0,2
4889,2,0,2
4890,2,0,2
4891,2,0,2
4892,2,0,2
4893,2,0,2
4894,2,0,2
4895,2,0,2
4896,2,0,2
4897,2,0,2
4898,2,0,2
4899,2,0,2
4900,2,0,2
4901,2,0,2
4902,2,0,2
4903,2,0,2
4904,2,0,2
4905,2,0,2
4906,2,0,2
4907,2,0,2
4908,2,0,2
4909,2,0,2
4910,2,0,2
4911,2,0,2
4912,2,0,2
4913,2,0,2
4914,2,0,2
4915,2,0,2
4916,2,0,2
4917,2,0,2
4918,2,0,2
4919,2,0,2
4920,2,0,2
4921,2,0,2
4922,2,0,2
4923,2,0,2
4924,2,0,2
4925,2,0,2
4926,2,0,2
4927,2,0,2
4928,2,0,2
4929,2,0,2
4930,2,0,2
4931,2,0,2
4932,2,0,2
4933,2,0,2
4934,2,0,2
4935,2,0,2
4936,2,0,2
4937,2,0,2
4938,2,0,2
4939,2,0,2
4940,2,0,2
4941,2,0,2
4942,2,0,2
4943,2,0,2
4944,2,0,2
4945,2,0,2
4946,2,0,2
4947,2,0,2
4948,2,0,2
4949,2,0,2
4950,2,0,2
4951,2,0,2
4952,2,0,2
4953,2,0,2
4954,2,0,2
4955,1,0,1
4956,1,0,1
4957,1,0,1
4958,1,0,1
4959,1,0,1
4960,1,0,1
4961,1,0,1
4962,1,0,1
4963,1,0,1
4964,1,0,1
4965,1,0,1
4966,1,0,1
4967,1,0,1
4968,1,0,1
4969,1,0,1
4970,1,0,1
4971,1,0,1
4972,1,0,1
4973,1,0,1
4974,1,0,1
4975,1,0,1
4976,1,0,1
4977,1,0,1
4978,1,0,1
4979,1,0,1
4980,1,0,1
4981,1,0,1
4982,1,0,1
4983,1,0,1
4984,1,0,1
4985,1,0,1
4986,1,0,1
4987,1,0,1
4988,1,0,1
4989,1,0,1
4990,1,0,1
4991,1,0,1
4992,1,0,1
4993,1,0,1
4994,1,0,1
4995,1,0,1
4996,1,0,1
4997,1,0,1
4998,1,0,1
4999,1,0,1
5000,1,0,1
5001,1,0,1
5002,1,0,1
5003,1,0,1
5004,1,0,1
5005,1,0,1
5006,1,0,1
5007,1,0,1
5008,1,0,1
5009,1,0,1
5010,1,0,1
5011,1,0,1
5012,1,0,1
5013,1,0,1
5014,1,0,1
5015,1,0,1
5016,1,0,1
5017,1,0,1
5018,1,0,1
5019,1,0,1
5020,1,0,1
5021,1,0,1
5022,1,0,1
5023,1,0,1
5024,1,0,1
5025,1,0,1
5026,1,0,1
5027,1,0,1
5028,1,0,1
5029,1,0,1
5030,1,0,1
5031,1,0,1
5032,1,0,1
5033,1,0,1
5034,1,0,1
5035,1,0,1
5036,1,0,1
5037,1,0,1
5038,1,0,1
5039,0,0,0
5040,0,0,0
5041,0,0,0
5042,0,0,0
5043,0,0,0
5044,0,0,0
5045,0,0,0
5046,0,0,0
5047,0,0,0
5048,1,0,1
5049,1,0,1
5050,1,0,1
5051,1,0,1
5052,1,0,1
5053,1,0,1
5054,1,0,1
5055,1,0,1
5056,1,0,1
5057,1,0,1
5058,1,0,1
5059,1,0,1
5060,1,0,1
5061,1,0,1
5062,1,0,1
5063,1,0,1
5064,1,0,1
5065,1,0,1
5066,1,0,1
5067,1,0,1
5068,1,0,1
5069,1,0,1
5070,1,0,1
5071,1,0,1
5072,1,0,1
5073,1,0,1
5074,1,0,1
5075,1,0,1
5076,1,0,1
5077,1,0,1
5078,1,0,1
5079,1,0,1
5080,1,0,1
5081,1,0,1
5082,1,0,1
5083,1,0,1
5084,1,0,1
5085,1,0,1
5086,1,0,1
5087,2,0,2
5088,2,0,2
5089,2,0,2
5090,2,0,2
5091,2,0,2
5092,2,0,2
5093,2,0,2
5094,1,0,1
5095,1,0,1
5096,1,0,1
5097,1,0,1
5098,1,0,1
5099,1,0,1
5100,1,0,1
5101,1,0,1
5102,1,0,1
5103,1,0,1
5104,1,0,1
5105,1,0,1
5106,1,0,1
5107,1,0,1
5108,1,0,1
5109,1,0,1
5110,1,0,1
5111,1,0,1
5112,1,0,1
5113,1,0,1
5114,1,0,1
5115,1,0,1
5116,1,0,1
5117,1,0,1
5118,1,0,1
5119,1,0,1
5120,1,0,1
5121,1,0,1
5122,1,0,1
5123,1,0,1
5124,1,0,1
5125,1,0,1
5126,1,0,1
5127,1,0,1
5128,1,0,1
5129,1,0,1
5130,1,0,1
5131,0,0,0
5132,0,0,0
5133,0,0,0
5134,0,0,0
5135,0,0,0
5136,0,0,0
5137,0,0,0
5138,0,0,0
5139,0,0,0
5140,0,0,0
5141,0,0,0
5142,0,0,0
5143,0,0,0
5144,0,0,0
5145,0,0,0
5146,0,0,0
5147,0,0,0
5148,0,0,0
5149,0,0,0
5150,0,0,0
5151,0,0,0
5152,0,0,0
5153,0,0,0
5154,0,0,0
5155,0,0,0
5156,0,0,0
5157,0,0,0
5158,0,0,0
5159,0,0,0
5160,0,0,0
5161,0,0,0
5162,0,0,0
5163,0,0,0
5164,0,0,0
5165,0,0,0
5166,0,0,0
5167,0,0,0
5168,0,0,0
5169,0,0,0
5170,0,0,0
5171,0,0,0
5172,0,0,0
5173,0,0,0
5174,0,0,0
5175,0,0,0
5176,0,0,0
5177,0,0,0
5178,0,0,0
5179,0,0,0
5180,0,0,0
5181,0,0,0
5182,0,0,0
5183,0,0,0
5184,0,0,0
5185,0,0,0
5186,0,0,0
5187,0,0,0
5188,0,0,0
5189,0,0,0
5190,0,0,0
5191,0,0,0
5192,0,0,0
5193,0,0,0
5194,0,0,0
5195,0,0,0
5196,0,0,0
5197,0,0,0
5198,0,0,0
5199,0,0,0
5200,0,0,0
5201,0,0,0
5202,0,0,0
5203,0,0,0
5204,0,0,0
5205,0,0,0
5206,0,0,0
5207,0,0,0
5208,0,0,0
5209,0,0,0
5210,0,0,0
5211,0,0,0
5212,0,0,0
5213,0,0,0
5214,0,0,0
5215,0,0,0
5216,0,0,0
5217,0,0,0
5218,0,0,0
5219,0,0,0
5220,0,0,0
5221,0,0,0
5222,0,0,0
5223,0,0,0
5224,0,0,0
5225,0,0,0
5226,0,0,0
5227,0,0,0
5228,0,0,0
5229,0,0,0
5230,0,0,0
5231,0,0,0
5232,0,0,0
5233,0,0,0
5234,0,0,0
5235,0,0,0
5236,0,0,0
5237,0,0,0
5238,0,0,0
5239,0,0,0
5240,0,0,0
5241,0,0,0
5242,0,0,0
5243,0,0,0
5244,0,0,0
5245,0,0,0
5246,0,0,0
5247,0,0,0
5248,0,0,0
5249,0,0,0
5250,0,0,0
5251,0,0,0
5252,0,0,0
5253,0,0,0
5254,0,0,0
5255,0,0,0
5256,0,0,0
5257,0,0,0
5258,0,0,0
5259,0,0,0
5260,0,0,0
5261,0,0,0
5262,0,0,0
5263,0,0,0
5264,0,0,0
5265,0,0,0
5266,0,0,0
5267,0,0,0
5268,0,0,0
5269,0,0,0
5270,0,0,0
5271,0,0,0
5272,0,0,0
5273,0,0,0
5274,0,0,0
5275,0,0,0
5276,0,0,0
5277,0,0,0
5278,0,0,0
5279,0,0,0
5280,0,0,0
5281,0,0,0
5282,0,0,0
5283,0,0,0
5284,0,0,0
5285,0,0,0
5286,0,0,0
5287,0,0,0
5288,0,0,0
5289,0,0,0
5290,0,0,0
5291,0,0,0
5292,0,0,0
5293,0,0,0
5294,0,0,0
5295,0,0,0
5296,0,0,0
5297,0,0,0
5298,0,0,0
5299,0,0,0
5300,0,0,0
5301,0,0,0
5302,0,0,0
5303,0,0,0
5304,0,0,0
5305,0,0,0
5306,0,0,0
5307,0,0,0
5308,0,0,0
5309,0,0,0
5310,0,0,0
5311,0,0,0
5312,0,0,0
5313,0,0,0
5314,0,0,0
5315,0,0,0
5316,0,0,0
5317,0,0,0
5318,0,0,0
5319,0,0,0
5320,0,0,0
5321,0,0,0
5322,0,0,0
5323,0,0,0
5324,0,0,0
5325,0,0,0
5326,0,0,0
5327,0,0,0
5328,0,0,0
5329,0,0,0
5330,0,0,0
5331,0,0,0
5332,0,0,0
5333,0,0,0
5334,0,0,0
5335,0,0,0
5336,0,0,0
5337,0,0,0
5338,0,0,0
5339,0,0,0
5340,0,0,0
5341,0,0,0
5342,0,0,0
5343,0,0,0
5344,0,0,0
5345,0,0,0
5346,0,0,0
5347,0,0,0
5348,0,0,0
5349,0,0,0
5350,0,0,0
5351,0,0,0
5352,0,0,0
5353,0,0,0
5354,0,0,0
5355,0,0,0
5356,0,0,0
5357,0,0,0
5358,0,0,0
5359,0,0,0
5360,0,0,0
5361,0,0,0
5362,0,0,0
5363,0,0,0
5364,0,0,0
5365,0,0,0
5366,0,0,0
5367,0,0,0
5368,0,0,0
5369,0,0,0
5370,0,0,0
5371,0,0,0
5372,0,0,0
5373,0,0,0
5374,0,0,0
5375,0,0,0
5376,0,0,0
5377,0,0,0
5378,0,0,0
5379,0,0,0
5380,0,0,0
5381,0,0,0
5382,0,0,0
5383,0,0,0
5384,0,0,0
5385,0,0,0
5386,0,0,0
5387,0,0,0
5388,0,0,0
5389,0,0,0
5390,0,0,0
5391,0,0,0
5392,0,0,0
5393,0,0,0
5394,0,0,0
5395,0,0,0
5396,0,0,0
5397,1,0,1
5398,1,0,1
5399,1,0,1
5400,1,0,1
5401,1,0,1
5402,1,0,1
5403,1,0,1
5404,1,0,1
5405,1,0,1
5406,1,0,1
5407,1,0,1
5408,1,0,1
5409,1,0,1
5410,1,0,1
5411,1,0,1
5412,1,0,1
5413,1,0,1
5414,1,0,1
5415,1,0,1
5416,1,0,1
5417,1,0,1
5418,1,0,1
5419,1,0,1
5420,1,0,1
5421,1,0,1
5422,1,0,1
5423,1,0,1
5424,1,0,1
5425,1,0,1
5426,1,0,1
5427,1,0,1
5428,1,0,1
5429,1,0,1
5430,1,0,1
5431,1,0,1
5432,1,0,1
5433,1,0,1
5434,1,0,1
5435,1,0,1
5436,1,0,1
5437,1,0,1
5438,1,0,1
5439,2,0,2
5440,2,0,2
5441,2,0,2
5442,2,0,2
5443,2,0,2
5444,2,0,2
5445,2,0,2
5446,2,0,2
5447,2,0,2
5448,2,0,2
5449,2,0,2
5450,2,0,2
5451,2,0,2
5452,2,0,2
5453,2,0,2
5454,2,0,2
5455,2,0,2
5456,2,0,2
5457,2,0,2
5458,2,0,2
5459,1,0,1
5460,1,0,1
5461,1,0,1
5462,1,0,1
5463,1,0,1
5464,1,0,1
5465,1,0,1
5466,1,0,1
5467,1,0,1
5468,1,0,1
5469,1,0,1
5470,1,0,1
5471,1,0,1
5472,1,0,1
5473,1,0,1
5474,1,0,1
5475,1,0,1
5476,1,0,1
5477,1,0,1
5478,1,0,1
5479,0,0,0
5480,0,0,0
5481,0,0,0
5482,0,0,0
5483,0,0,0
5484,0,0,0
5485,0,0,0
5486,0,0,0
5487,0,0,0
5488,0,0,0
5489,0,0,0
5490,0,0,0
5491,0,0,0
5492,0,0,0
5493,0,0,0
5494,0,0,0
5495,0,0,0
5496,0,0,0
5497,0,0,0
5498,0,0,0
5499,0,0,0
5500,0,0,0
5501,0,0,0
5502,0,0,0
5503,0,0,0
5504,0,0,0
5505,0,0,0
5506,0,0,0
5507,0,0,0
5508,0,0,0
5509,0,0,0
5510,0,0,0
5511,0,0,0
5512,0,0,0
5513,0,0,0
5514,0,0,0
5515,0,0,0
5516,0,0,0
5517,0,0,0
5518,0,0,0
5519,0,0,0
5520,0,0,0
5521,0,0,0
5522,0,0,0
5523,0,0,0
5524,0,0,0
5525,0,0,0
5526,0,0,0
5527,0,0,0
5528,0,0,0
5529,0,0,0
5530,0,0,0
5531,0,0,0
5532,0,0,0
5533,0,0,0
5534,0,0,0
5535,0,0,0
5536,0,0,0
5537,0,0,0
5538,0,0,0
5539,0,0,0
5540,0,0,0
5541,0,0,0
5542,0,0,0
5543,0,0,0
5544,0,0,0
5545,0,0,0
5546,0,0,0
5547,0,0,0
5548,0,0,0
5549,0,0,0
5550,0,0,0
5551,0,0,0
5552,0,0,0
5553,0,0,0
5554,0,0,0
5555,0,0,0
5556,0,0,0
5557,0,0,0
5558,0,0,0
5559,0,0,0
5560,0,0,0
5561,0,0,0
5562,0,0,0
5563,0,0,0
5564,0,0,0
5565,0,0,0
5566,0,0,0
5567,0,0,0
5568,0,0,0
5569,0,0,0
5570,0,0,0
5571,0,0,0
5572,0,0,0
5573,0,0,0
5574,0,0,0
5575,0,0,0
5576,0,0,0
5577,0,0,0
5578,0,0,0
5579,0,0,0
5580,0,0,0
5581,0,0,0
5582,0,0,0
5583,0,0,0
5584,0,0,0
5585,0,0,0
5586,0,0,0
5587,0,0,0
5588,0,0,0
5589,0,0,0
5590,0,0,0
5591,0,0,0
5592,0,0,0
5593,0,0,0
5594,0,0,0
5595,0,0,0
5596,0,0,0
5597,0,0,0
5598,0,0,0
5599,0,0,0
5600,0,0,0
5601,0,0,0
5602,0,0,0
5603,0,0,0
5604,0,0,0
5605,0,0,0
5606,0,0,0
5607,0,0,0
5608,0,0,0
5609,0,0,0
5610,0,0,0
5611,0,0,0
5612,0,0,0
5613,0,0,0
5614,0,0,0
5615,0,0,0
5616,0,0,0
5617,0,0,0
5618,0,0,0
5619,0,0,0
5620,0,0,0
5621,0,0,0
5622,0,0,0
5623,0,0,0
5624,0,0,0
5625,0,0,0
5626,0,0,0
5627,0,0,0
5628,0,0,0
5629,0,0,0
5630,0,0,0
5631,0,0,0
5632,0,0,0
5633,0,0,0
5634,0,0,0
5635,0,0,0
5636,0,0,0
5637,0,0,0
5638,0,0,0
5639,0,0,0
5640,1,0,1
5641,1,0,1
5642,1,0,1
5643,1,0,1
5644,1,0,1
5645,1,0,1
5646,1,0,1
5647,1,0,1
5648,1,0,1
5649,1,0,1
5650,0,1,1
5651,0,1,1
5652,0,1,1
5653,0,1,1
5654,0,1,1
5655,0,1,1
5656,1,0,1
5657,1,0,1
5658,1,0,1
5659,1,0,1
5660,1,0,1
5661,1,0,1
5662,1,0,1
5663,1,0,1
5664,1,0,1
5665,1,0,1
5666,1,0,1
5667,1,0,1
5668,1,0,1
5669,1,0,1
5670,1,0,1
5671,1,0,1
5672,1,0,1
5673,1,0,1
5674,1,0,1
5675,1,0,1
5676,1,0,1
5677,1,0,1
5678,1,0,1
5679,1,0,1
5680,1,0,1
5681,1,0,1
5682,1,0,1
5683,1,0,1
5684,1,0,1
5685,1,0,1
5686,1,0,1
5687,1,0,1
5688,1,0,1
5689,1,0,1
5690,1,0,1
5691,1,0,1
5692,1,0,1
5693,1,0,1
5694,1,0,1
5695,1,0,1
5696,1,0,1
5697,1,0,1
5698,1,0,1
5699,1,0,1
5700,1,0,1
5701,1,0,1
5702,1,0,1
5703,1,0,1
5704,1,0,1
5705,1,0,1
5706,1,0,1
5707,1,0,1
5708,1,0,1
5709,1,0,1
5710,1,0,1
5711,1,0,1
5712,1,0,1
5713,1,0,1
5714,1,0,1
5715,1,0,1
5716,1,0,1
5717,1,0,1
5718,1,0,1
5719,1,0,1
5720,1,0,1
5721,1,0,1
5722,1,0,1
5723,1,0,1
5724,1,0,1
5725,1,0,1
5726,1,0,1
5727,1,0,1
5728,1,0,1
5729,1,0,1
5730,1,0,1
5731,0,0,0
5732,0,0,0
5733,0,0,0
5734,0,0,0
5735,0,0,0
5736,0,0,0
5737,0,0,0
5738,0,0,0
5739,0,0,0
5740,0,0,0
5741,0,0,0
5742,0,0,0
5743,0,0,0
5744,0,0,0
5745,0,0,0
5746,0,0,0
5747,0,0,0
5748,0,0,0
5749,0,0,0
5750,0,0,0
5751,0,0,0
5752,1,0,1
5753,1,0,1
5754,1,0,1
5755,0,1,1
5756,0,1,1
5757,0,1,1
5758,0,1,1
5759,0,1,1
5760,0,1,1
5761,0,1,1
5762,0,1,1
5763,0,1,1
5764,0,1,1
5765,0,1,1
5766,0,1,1
5767,0,1,1
5768,0,1,1
5769,0,1,1
5770,0,1,1
5771,0,1,1
5772,0,1,1
5773,0,1,1
5774,0,1,1
5775,0,1,1
5776,0,1,1
5777,0,1,1
5778,0,1,1
5779,0,1,1
5780,0,1,1
5781,0,1,1
5782,0,1,1
5783,0,1,1
5784,0,1,1
5785,0,1,1
5786,0,1,1
5787,0,1,1
5788,0,1,1
5789,0,1,1
5790,0,1,1
5791,0,1,1
5792,1,0,1
5793,1,0,1
5794,1,0,1
5795,1,0,1
5796,1,0,1
5797,1,0,1
5798,1,0,1
5799,1,0,1
5800,1,0,1
5801,1,0,1
5802,1,0,1
5803,1,0,1
5804,1,0,1
5805,1,0,1
5806,1,0,1
5807,1,0,1
5808,1,0,1
5809,1,0,1
5810,1,0,1
5811,1,0,1
5812,1,0,1
5813,1,0,1
5814,1,0,1
5815,1,0,1
5816,1,0,1
5817,1,0,1
5818,1,0,1
5819,1,0,1
5820,1,0,1
5821,1,0,1
5822,1,0,1
5823,1,0,1
5824,1,0,1
5825,1,0,1
5826,1,0,1
5827,1,0,1
5828,1,0,1
5829,1,0,1
5830,1,0,1
5831,1,0,1
5832,1,0,1
5833,1,0,1
5834,1,0,1
5835,1,0,1
5836,1,0,1
5837,1,0,1
5838,1,0,1
5839,1,0,1
5840,1,0,1
5841,1,0,1
5842,1,0,1
5843,1,0,1
5844,1,0,1
5845,1,0,1
5846,1,0,1
5847,1,0,1
5848,1,0,1
5849,1,0,1
5850,1,0,1
5851,1,0,1
5852,1,0,1
5853,1,0,1
5854,1,0,1
5855,1,0,1
5856,1,0,1
5857,1,0,1
5858,1,0,1
5859,1,0,1
5860,1,0,1
5861,1,0,1
5862,1,0,1
5863,0,0,0
5864,0,0,0
5865,0,0,0
5866,1,0,1
5867,1,0,1
5868,1,0,1
5869,1,0,1
5870,1,0,1
5871,1,0,1
5872,1,0,1
5873,1,0,1
5874,1,0,1
5875,1,0,1
5876,1,0,1
5877,1,0,1
5878,1,0,1
5879,1,0,1
5880,1,0,1
5881,1,0,1
5882,1,0,1
5883,1,0,1
5884,1,0,1
5885,1,0,1
5886,1,0,1
5887,1,0,1
5888,1,0,1
5889,1,0,1
5890,1,0,1
5891,1,0,1
5892,1,0,1
5893,1,0,1
5894,1,0,1
5895,1,0,1
5896,1,0,1
5897,1,0,1
5898,1,0,1
5899,1,0,1
5900,1,0,1
5901,1,0,1
5902,1,0,1
5903,1,0,1
5904,1,0,1
5905,1,0,1
5906,0,0,0
5907,0,0,0
5908,0,0,0
5909,0,0,0
5910,0,0,0
5911,0,0,0
5912,0,0,0
5913,0,0,0
5914,0,0,0
5915,0,0,0
5916,0,0,0
5917,0,0,0
5918,0,0,0
5919,0,0,0
5920,0,0,0
5921,0,0,0
5922,0,0,0
5923,0,0,0
5924,0,0,0
5925,0,0,0
5926,0,0,0
5927,0,0,0
5928,0,0,0
5929,0,0,0
5930,0,0,0
5931,0,0,0
5932,0,0,0
5933,0,0,0
5934,0,0,0
5935,0,0,0
5936,0,0,0
5937,0,0,0
5938,0,0,0
5939,0,0,0
5940,0,0,0
5941,0,0,0
5942,0,0,0
5943,0,0,0
5944,0,0,0
5945,0,0,0
5946,0,0,0
5947,0,0,0
5948,0,0,0
5949,0,0,0
5950,0,0,0
5951,0,0,0
5952,0,0,0
5953,0,0,0
5954,0,0,0
5955,0,0,0
5956,0,0,0
5957,0,0,0
5958,0,0,0
5959,0,0,0
5960,0,0,0
5961,0,0,0
5962,0,0,0
5963,0,0,0
5964,0,0,0
5965,0,0,0
5966,0,0,0
5967,0,0,0
5968,0,0,0
5969,0,0,0
5970,0,0,0
5971,0,0,0
5972,0,0,0
5973,0,0,0
5974,0,0,0
5975,0,0,0
5976,0,0,0
5977,0,0,0
5978,0,0,0
5979,0,0,0
5980,0,0,0
5981,0,0,0
5982,0,0,0
5983,0,0,0
5984,0,0,0
5985,0,0,0
5986,0,0,0
5987,0,0,0
5988,0,0,0
5989,0,0,0
5990,0,0,0
5991,0,0,0
5992,0,0,0
5993,0,0,0
5994,0,0,0
5995,0,0,0
5996,0,0,0
5997,0,0,0
5998,0,0,0
5999,0,0,0
6000,0,0,0
6001,0,0,0
6002,0,0,0
6003,0,0,0
6004,0,0,0
6005,0,0,0
6006,0,0,0
6007,0,0,0
6008,0,0,0
6009,0,0,0
6010,0,0,0
6011,0,0,0
6012,0,0,0
6013,0,0,0
6014,0,0,0
6015,0,0,0
6016,0,0,0
6017,0,0,0
6018,0,0,0
6019,0,0,0
6020,0,0,0
6021,0,0,0
6022,0,0,0
6023,1,0,1
6024,1,0,1
6025,1,0,1
6026,1,0,1
6027,1,0,1
6028,1,0,1
6029,1,0,1
6030,1,0,1
6031,1,0,1
6032,1,0,1
6033,1,0,1
6034,1,0,1
6035,1,0,1
6036,1,0,1
6037,1,0,1
6038,1,0,1
6039,1,0,1
6040,1,0,1
6041,1,0,1
6042,1,0,1
6043,1,0,1
6044,1,0,1
6045,1,0,1
6046,1,0,1
6047,1,0,1
6048,1,0,1
6049,1,0,1
6050,2,0,2
6051,2,0,2
6052,1,1,2
6053,1,1,2
6054,1,1,2
6055,1,1,2
6056,1,1,2
6057,1,1,2
6058,0,2,2
6059,0,2,2
6060,0,2,2
6061,0,2,2
6062,1,1,2
6063,0,2,2
6064,0,2,2
6065,0,2,2
6066,1,1,2
6067,1,1,2
6068,2,0,2
6069,2,0,2
6070,2,0,2
6071,2,0,2
6072,2,0,2
6073,2,0,2
6074,2,0,2
6075,2,0,2
6076,2,0,2
6077,2,0,2
6078,2,0,2
6079,2,0,2
6080,2,0,2
6081,2,0,2
6082,2,0,2
6083,2,0,2
6084,2,0,2
6085,2,0,2
6086,2,0,2
6087,2,0,2
6088,2,0,2
6089,2,0,2
6090,2,0,2
6091,2,0,2
6092,2,0,2
6093,2,0,2
6094,2,0,2
6095,2,0,2
6096,2,0,2
6097,2,0,2
6098,2,0,2
6099,2,0,2
6100,2,0,2
6101,2,0,2
6102,2,0,2
6103,2,0,2
6104,2,0,2
6105,2,0,2
6106,2,0,2
6107,2,0,2
6108,2,0,2
6109,2,0,2
6110,2,0,2
6111,2,0,2
6112,2,0,2
6113,2,0,2
6114,2,0,2
6115,2,0,2
6116,2,0,2
6117,1,0,1
6118,1,0,1
6119,1,0,1
6120,1,0,1
6121,1,0,1
6122,1,0,1
6123,1,0,1
6124,1,0,1
6125,1,0,1
6126,1,0,1
6127,1,0,1
6128,1,0,1
6129,1,0,1
6130,1,0,1
6131,1,0,1
6132,1,0,1
6133,1,0,1
6134,1,0,1
6135,1,0,1
6136,1,0,1
6137,1,0,1
6138,1,0,1
6139,1,0,1
6140,1,0,1
6141,1,0,1
6142,1,0,1
6143,1,0,1
6144,2,0,2
6145,2,0,2
6146,2,0,2
6147,2,0,2
6148,2,0,2
6149,2,0,2
6150,2,0,2
6151,2,0,2
6152,2,0,2
6153,2,0,2
6154,2,0,2
6155,2,0,2
6156,2,0,2
6157,2,0,2
6158,2,0,2
6159,2,0,2
6160,2,0,2
6161,2,0,2
6162,2,0,2
6163,2,0,2
6164,1,1,2
6165,1,1,2
6166,1,1,2
6167,1,1,2
6168,1,1,2
6169,1,1,2
6170,1,1,2
6171,1,1,2
6172,1,1,2
6173,1,1,2
6174,1,1,2
6175,1,1,2
6176,1,1,2
6177,1,1,2
6178,1,1,2
6179,0,1,1
6180,0,1,1
6181,0,1,1
6182,0,1,1
6183,0,1,1
6184,0,1,1
6185,0,1,1
6186,0,1,1
6187,1,0,1
6188,1,0,1
6189,1,0,1
6190,1,0,1
6191,1,0,1
6192,1,0,1
6193,1,0,1
6194,1,0,1
6195,1,0,1
6196,1,0,1
6197,1,0,1
6198,1,0,1
6199,1,0,1
6200,1,0,1
6201,1,0,1
6202,1,0,1
6203,1,0,1
6204,1,0,1
6205,1,0,1
6206,1,0,1
6207,1,0,1
6208,1,0,1
6209,1,0,1
6210,1,0,1
6211,1,0,1
6212,1,0,1
6213,1,0,1
6214,1,0,1
6215,1,0,1
6216,1,0,1
6217,1,0,1
6218,1,0,1
6219,1,0,1
6220,1,0,1
6221,1,0,1
6222,1,0,1
6223,1,0,1
6224,1,0,1
6225,1,0,1
6226,1,0,1
6227,1,0,1
6228,1,0,1
6229,1,0,1
6230,1,0,1
6231,1,0,1
6232,1,0,1
6233,1,0,1
6234,1,0,1
6235,1,0,1
6236,1,0,1
6237,1,0,1
6238,1,0,1
6239,1,0,1
6240,1,0,1
6241,1,0,1
6242,1,0,1
6243,1,0,1
6244,1,0,1
6245,1,0,1
6246,1,0,1
6247,1,0,1
6248,0,0,0
6249,0,0,0
6250,0,0,0
6251,0,0,0
6252,0,0,0
6253,0,0,0
6254,0,0,0
6255,0,0,0
6256,0,0,0
6257,0,0,0
6258,0,0,0
6259,0,0,0
6260,0,0,0
6261,0,0,0
6262,0,0,0
6263,0,0,0
6264,0,0,0
6265,0,0,0
6266,0,0,0
6267,0,0,0
6268,0,0,0
6269,0,0,0
6270,0,0,0
6271,0,0,0
6272,0,0,0
6273,0,0,0
6274,0,0,0
6275,0,0,0
6276,0,0,0
6277,0,0,0
6278,0,0,0
6279,0,0,0
6280,0,0,0
6281,0,0,0
6282,0,0,0
6283,0,0,0
6284,0,0,0
6285,0,0,0
6286,0,0,0
6287,0,0,0
6288,0,0,0
6289,0,0,0
6290,0,0,0
6291,0,0,0
6292,0,0,0
6293,0,0,0
6294,0,0,0
6295,0,0,0
6296,0,0,0
6297,0,0,0
6298,0,0,0
6299,0,0,0
6300,0,0,0
6301,0,0,0
6302,0,0,0
6303,0,0,0
6304,0,0,0
6305,0,0,0
6306,0,0,0
6307,0,0,0
6308,0,0,0
6309,0,0,0
6310,0,0,0
6311,0,0,0
6312,0,0,0
6313,0,0,0
6314,0,0,0
6315,0,0,0
6316,0,0,0
6317,0,0,0
6318,0,0,0
6319,0,0,0
6320,0,0,0
6321,0,0,0
6322,0,0,0
6323,0,0,0
6324,0,0,0
6325,0,0,0
6326,0,0,0
6327,0,0,0
6328,0,0,0
6329,0,0,0
6330,0,0,0
6331,0,0,0
6332,0,0,0
6333,0,0,0
6334,0,0,0
6335,0,0,0
6336,0,0,0
6337,0,0,0
6338,0,0,0
6339,0,0,0
6340,0,0,0
6341,0,0,0
6342,0,0,0
6343,0,0,0
6344,0,0,0
6345,0,0,0
6346,0,0,0
6347,0,0,0
6348,0,0,0
6349,0,0,0
6350,0,0,0
6351,0,0,0
6352,0,0,0
6353,0,0,0
6354,0,0,0
6355,0,0,0
6356,0,0,0
6357,0,0,0
6358,0,0,0
6359,0,0,0
6360,0,0,0
6361,0,0,0
6362,0,0,0
6363,0,0,0
6364,0,0,0
6365,0,0,0
6366,0,0,0
6367,0,0,0
6368,0,0,0
6369,0,0,0
6370,0,0,0
6371,0,0,0
6372,0,0,0
6373,0,0,0
6374,0,0,0
6375,0,0,0
6376,0,0,0
6377,0,0,0
6378,0,0,0
6379,0,0,0
6380,0,0,0
6381,0,0,0
6382,0,0,0
6383,0,0,0
6384,0,0,0
6385,0,0,0
6386,0,0,0
6387,0,0,0
6388,0,0,0
6389,0,0,0
6390,0,0,0
6391,0,0,0
6392,0,0,0
6393,0,0,0
6394,0,0,0
6395,0,0,0
6396,0,0,0
6397,0,0,0
6398,0,0,0
6399,0,0,0
6400,0,0,0
6401,0,0,0
6402,0,0,0
6403,0,0,0
6404,0,0,0
6405,0,0,0
6406,0,0,0
6407,0,0,0
6408,0,0,0
6409,0,0,0
6410,0,0,0
6411,0,0,0
6412,0,0,0
6413,0,0,0
6414,0,0,0
6415,0,0,0
6416,0,0,0
6417,0,0,0
6418,0,0,0
6419,0,0,0
6420,0,0,0
6421,0,0,0
6422,0,0,0
6423,0,0,0
6424,0,0,0
6425,0,0,0
6426,0,0,0
6427,0,0,0
6428,0,0,0
6429,0,0,0
6430,0,0,0
6431,0,0,0
6432,0,0,0
6433,0,0,0
6434,0,0,0
6435,0,0,0
6436,0,0,0
6437,0,0,0
6438,0,0,0
6439,0,0,0
6440,0,0,0
6441,0,0,0
6442,0,0,0
6443,0,0,0
6444,0,0,0
6445,0,0,0
6446,0,0,0
6447,0,0,0
6448,0,0,0
6449,0,0,0
6450,0,0,0
6451,0,0,0
6452,0,0,0
6453,0,0,0
6454,0,0,0
6455,0,0,0
6456,0,0,0
6457,0,0,0
6458,0,0,0
6459,0,0,0
6460,0,0,0
6461,0,0,0
6462,0,0,0
6463,0,0,0
6464,0,0,0
6465,0,0,0
6466,0,0,0
6467,0,0,0
6468,0,0,0
6469,0,0,0
6470,0,0,0
6471,0,0,0
6472,0,0,0
6473,0,0,0
6474,0,0,0
6475,0,0,0
6476,0,0,0
6477,0,0,0
6478,0,0,0
6479,0,0,0
6480,0,0,0
6481,0,0,0
6482,0,0,0
6483,0,0,0
6484,0,0,0
6485,0,0,0
6486,0,0,0
6487,0,0,0
6488,0,0,0
6489,0,0,0
6490,0,0,0
6491,0,0,0
6492,0,0,0
6493,0,0,0
6494,0,0,0
6495,0,0,0
6496,0,0,0
6497,0,0,0
6498,0,0,0
6499,0,0,0
6500,0,0,0
6501,0,0,0
6502,0,0,0
6503,0,0,0
6504,0,0,0
6505,0,0,0
6506,0,0,0
6507,0,0,0
6508,0,0,0
6509,0,0,0
6510,0,0,0
6511,0,0,0
6512,0,0,0
6513,0,0,0
6514,0,0,0
6515,0,0,0
6516,0,0,0
6517,0,0,0
6518,0,0,0
6519,0,0,0
6520,0,0,0
6521,0,0,0
6522,0,0,0
6523,0,0,0
6524,0,0,0
6525,0,0,0
6526,0,0,0
6527,0,0,0
6528,0,0,0
6529,0,0,0
6530,0,0,0
6531,0,0,0
6532,0,0,0
6533,0,0,0
6534,0,0,0
6535,0,0,0
6536,0,0,0
6537,0,0,0
6538,0,0,0
6539,0,0,0
6540,0,0,0
6541,0,0,0
6542,0,0,0
6543,0,0,0
6544,0,0,0
6545,0,0,0
6546,0,0,0
6547,0,0,0
6548,0,0,0
6549,0,0,0
6550,0,0,0
6551,0,0,0
6552,0,0,0
6553,0,0,0
6554,0,0,0
6555,0,0,0
6556,0,0,0
6557,0,0,0
6558,0,0,0
6559,0,0,0
6560,0,0,0
6561,0,0,0
6562,0,0,0
6563,0,0,0
6564,0,0,0
6565,0,0,0
6566,0,0,0
6567,0,0,0
6568,0,0,0
6569,0,0,0
6570,0,0,0
6571,0,0,0
6572,0,0,0
6573,0,0,0
6574,0,0,0
6575,0,0,0
6576,0,0,0
6577,0,0,0
6578,0,0,0
6579,0,0,0
6580,0,0,0
6581,0,0,0
6582,0,0,0
6583,0,0,0
6584,0,0,0
6585,0,0,0
6586,0,0,0
6587,0,0,0
6588,0,0,0
6589,0,0,0
6590,0,0,0
6591,0,0,0
6592,0,0,0
6593,0,0,0
6594,0,0,0
6595,0,0,0
6596,0,0,0
6597,0,0,0
6598,0,0,0
6599,0,0,0
6600,0,0,0
6601,0,0,0
6602,0,0,0
6603,0,0,0
6604,0,0,0
6605,0,0,0
6606,1,0,1
6607,1,0,1
6608,1,0,1
6609,1,0,1
6610,1,0,1
6611,1,0,1
6612,1,0,1
6613,1,0,1
6614,1,0,1
6615,1,0,1
6616,1,0,1
6617,1,0,1
6618,1,0,1
6619,1,0,1
6620,1,0,1
6621,1,0,1
6622,1,0,1
6623,1,0,1
6624,1,0,1
6625,1,0,1
6626,1,0,1
6627,1,0,1
6628,1,0,1
6629,1,0,1
6630,1,0,1
6631,1,0,1
6632,1,0,1
6633,1,0,1
6634,1,0,1
6635,1,0,1
6636,2,0,2
6637,2,0,2
6638,2,0,2
6639,2,0,2
6640,3,0,3
6641,3,0,3
6642,3,0,3
6643,3,0,3
6644,3,0,3
6645,3,0,3
6646,3,0,3
6647,3,0,3
6648,3,0,3
6649,3,0,3
6650,3,0,3
6651,3,0,3
6652,3,0,3
6653,3,0,3
6654,3,0,3
6655,3,0,3
6656,3,0,3
6657,3,0,3
6658,3,0,3
6659,3,0,3
6660,3,0,3
6661,3,0,3
6662,3,0,3
6663,3,0,3
6664,3,0,3
6665,3,0,3
6666,3,0,3
6667,3,0,3
6668,3,0,3
6669,3,0,3
6670,3,0,3
6671,3,0,3
6672,3,0,3
6673,3,0,3
6674,3,0,3
6675,3,0,3
6676,3,0,3
6677,3,0,3
6678,2,0,2
6679,1,0,1
6680,1,0,1
6681,1,0,1
6682,1,0,1
6683,1,0,1
6684,1,0,1
6685,1,0,1
6686,1,0,1
6687,1,0,1
6688,1,0,1
6689,1,0,1
6690,1,0,1
6691,1,0,1
6692,1,0,1
6693,1,0,1
6694,1,0,1
6695,1,0,1
6696,1,0,1
6697,1,0,1
6698,1,0,1
6699,1,0,1
6700,1,0,1
6701,1,0,1
6702,1,0,1
6703,1,0,1
6704,1,0,1
6705,1,0,1
6706,1,0,1
6707,1,0,1
6708,1,0,1
6709,1,0,1
6710,1,0,1
6711,0,0,0
6712,0,0,0
6713,0,0,0
6714,0,0,0
6715,0,0,0
6716,0,0,0
6717,1,0,1
6718,1,0,1
6719,1,0,1
6720,1,0,1
6721,1,0,1
6722,1,0,1
6723,1,0,1
6724,1,0,1
6725,1,0,1
6726,1,0,1
6727,1,0,1
6728,1,0,1
6729,1,0,1
6730,1,0,1
6731,1,0,1
6732,1,0,1
6733,1,0,1
6734,1,0,1
6735,1,0,1
6736,1,0,1
6737,1,0,1
6738,1,0,1
6739,1,0,1
6740,1,0,1
6741,1,0,1
6742,1,0,1
6743,1,0,1
6744,1,0,1
6745,1,0,1
6746,1,0,1
6747,1,0,1
6748,1,0,1
6749,1,0,1
6750,1,0,1
6751,1,0,1
6752,1,0,1
6753,1,0,1
6754,1,0,1
6755,1,0,1
6756,1,0,1
6757,1,0,1
6758,1,0,1
6759,1,0,1
6760,1,0,1
6761,1,0,1
6762,1,0,1
6763,1,0,1
6764,1,0,1
6765,1,0,1
6766,1,0,1
6767,1,0,1
6768,1,0,1
6769,1,0,1
6770,1,0,1
6771,1,0,1
6772,1,0,1
6773,1,0,1
6774,1,0,1
6775,1,0,1
6776,1,0,1
6777,1,0,1
6778,1,0,1
6779,1,0,1
6780,1,0,1
6781,1,0,1
6782,1,0,1
6783,1,0,1
6784,1,0,1
6785,1,0,1
6786,1,0,1
6787,1,0,1
6788,1,0,1
6789,1,0,1
6790,1,0,1
6791,1,0,1
6792,1,0,1
6793,1,0,1
6794,1,0,1
6795,1,0,1
6796,1,0,1
6797,1,0,1
6798,1,0,1
6799,1,0,1
6800,1,0,1
6801,0,0,0
6802,0,0,0
6803,0,0,0
6804,0,0,0
6805,0,0,0
6806,0,0,0
6807,0,0,0
6808,0,0,0
6809,0,0,0
6810,0,0,0
6811,0,0,0
6812,0,0,0
6813,0,0,0
6814,0,0,0
6815,0,0,0
6816,0,0,0
6817,0,0,0
6818,0,0,0
6819,0,0,0
6820,0,0,0
6821,0,0,0
6822,0,0,0
6823,0,0,0
6824,0,0,0
6825,0,0,0
6826,0,0,0
6827,0,0,0
6828,0,0,0
6829,0,0,0
6830,0,0,0
6831,0,0,0
6832,0,0,0
6833,0,0,0
6834,0,0,0
6835,0,0,0
6836,0,0,0
6837,0,0,0
6838,0,0,0
6839,0,0,0
6840,0,0,0
6841,0,0,0
6842,1,0,1
6843,1,0,1
6844,1,0,1
6845,1,0,1
6846,1,0,1
6847,1,0,1
6848,1,0,1
6849,1,0,1
6850,1,0,1
6851,2,0,2
6852,2,0,2
6853,2,0,2
6854,2,0,2
6855,2,0,2
6856,2,0,2
6857,2,0,2
6858,2,0,2
6859,2,0,2
6860,2,0,2
6861,2,0,2
6862,2,0,2
6863,2,0,2
6864,2,0,2
6865,2,0,2
6866,2,0,2
6867,2,0,2
6868,2,0,2
6869,2,0,2
6870,2,0,2
6871,2,0,2
6872,2,0,2
6873,2,0,2
6874,2,0,2
6875,2,0,2
6876,2,0,2
6877,2,0,2
6878,1,0,1
6879,1,0,1
6880,1,0,1
6881,1,0,1
6882,1,0,1
6883,1,0,1
6884,1,0,1
6885,1,0,1
6886,1,0,1
6887,1,0,1
6888,1,0,1
6889,1,0,1
6890,1,0,1
6891,1,0,1
6892,1,0,1
6893,1,0,1
6894,1,0,1
6895,1,0,1
6896,1,0,1
6897,1,0,1
6898,1,0,1
6899,1,0,1
6900,1,0,1
6901,1,0,1
6902,1,0,1
6903,1,0,1
6904,1,0,1
6905,1,0,1
6906,1,0,1
6907,1,0,1
6908,1,0,1
6909,1,0,1
6910,1,0,1
6911,1,0,1
6912,1,0,1
6913,1,0,1
6914,1,0,1
6915,1,0,1
6916,1,0,1
6917,1,0,1
6918,1,0,1
6919,0,0,0
6920,0,0,0
6921,0,0,0
6922,0,0,0
6923,0,0,0
6924,0,0,0
6925,0,0,0
6926,0,0,0
6927,0,0,0
6928,0,0,0
6929,0,0,0
6930,0,0,0
6931,0,0,0
6932,0,0,0
6933,1,0,1
6934,1,0,1
6935,1,0,1
6936,1,0,1
6937,1,0,1
6938,1,0,1
6939,1,0,1
6940,1,0,1
6941,1,0,1
6942,1,0,1
6943,1,0,1
6944,1,0,1
6945,1,0,1
6946,1,0,1
6947,1,0,1
6948,1,0,1
6949,1,0,1
6950,1,0,1
6951,1,0,1
6952,1,0,1
6953,2,0,2
6954,2,0,2
6955,2,0,2
6956,2,0,2
6957,2,0,2
6958,2,0,2
6959,2,0,2
6960,2,0,2
6961,2,0,2
6962,2,0,2
6963,2,0,2
6964,2,0,2
6965,2,0,2
6966,2,0,2
6967,2,0,2
6968,2,0,2
6969,2,0,2
6970,2,0,2
6971,2,0,2
6972,2,0,2
6973,2,0,2
6974,2,0,2
6975,2,0,2
6976,2,0,2
6977,2,0,2
6978,2,0,2
6979,2,0,2
6980,2,0,2
6981,2,0,2
6982,2,0,2
6983,2,0,2
6984,2,0,2
6985,2,0,2
6986,2,0,2
6987,2,0,2
6988,2,0,2
6989,2,0,2
6990,2,0,2
6991,2,0,2
6992,2,0,2
6993,2,0,2
6994,2,0,2
6995,2,0,2
6996,2,0,2
6997,2,0,2
6998,2,0,2
6999,2,0,2
7000,2,0,2
7001,2,0,2
7002,2,0,2
7003,2,0,2
7004,2,0,2
7005,2,0,2
7006,2,0,2
7007,2,0,2
7008,2,0,2
7009,3,0,3
7010,3,0,3
7011,3,0,3
7012,3,0,3
7013,3,0,3
7014,3,0,3
7015,3,0,3
7016,3,0,3
7017,4,0,4
7018,4,0,4
7019,4,0,4
7020,4,0,4
7021,4,0,4
7022,5,0,5
7023,5,0,5
7024,5,0,5
7025,5,0,5
7026,5,0,5
7027,5,0,5
7028,5,0,5
7029,5,0,5
7030,5,0,5
7031,5,0,5
7032,5,0,5
7033,5,0,5
7034,5,0,5
7035,5,0,5
7036,5,0,5
7037,5,0,5
7038,5,0,5
7039,5,0,5
7040,5,0,5
7041,5,0,5
7042,5,0,5
7043,5,0,5
7044,5,0,5
7045,5,0,5
7046,5,0,5
7047,5,0,5
7048,5,0,5
7049,5,0,5
7050,5,0,5
7051,5,0,5
7052,5,0,5
7053,4,0,4
7054,5,0,5
7055,5,0,5
7056,5,0,5
7057,4,0,4
7058,4,0,4
7059,4,0,4
7060,4,0,4
7061,5,0,5
7062,5,0,5
7063,5,0,5
7064,5,0,5
7065,5,0,5
7066,5,0,5
7067,5,0,5
7068,4,0,4
7069,4,0,4
7070,4,0,4
7071,4,0,4
7072,4,0,4
7073,4,0,4
7074,4,0,4
7075,4,0,4
7076,4,0,4
7077,4,0,4
7078,4,0,4
7079,4,0,4
7080,4,0,4
7081,4,0,4
7082,4,0,4
7083,4,0,4
7084,4,0,4
7085,4,0,4
7086,4,0,4
7087,4,0,4
7088,4,0,4
7089,4,0,4
7090,4,0,4
7091,4,0,4
7092,4,0,4
7093,4,0,4
7094,4,0,4
7095,4,0,4
7096,4,0,4
7097,4,0,4
7098,4,0,4
7099,4,0,4
7100,4,0,4
7101,4,0,4
7102,4,0,4
7103,4,0,4
7104,4,0,4
7105,4,0,4
7106,4,0,4
7107,4,0,4
7108,4,0,4
7109,4,0,4
7110,4,0,4
7111,4,0,4
7112,4,0,4
7113,4,0,4
7114,4,0,4
7115,3,0,3
7116,3,0,3
7117,2,0,2
7118,2,0,2
7119,2,0,2
7120,2,0,2
7121,2,0,2
7122,2,0,2
7123,2,0,2
7124,2,0,2
7125,2,0,2
7126,2,0,2
7127,2,0,2
7128,2,0,2
7129,2,0,2
7130,2,0,2
7131,2,0,2
7132,2,0,2
7133,2,0,2
7134,2,0,2
7135,2,0,2
7136,2,0,2
7137,2,0,2
7138,2,0,2
7139,2,0,2
7140,1,0,1
7141,1,0,1
7142,1,0,1
7143,1,0,1
7144,1,0,1
7145,1,0,1
7146,0,0,0
7147,0,0,0
7148,0,0,0
7149,0,0,0
7150,0,0,0
7151,1,0,1
7152,1,0,1
7153,1,0,1
7154,1,0,1
7155,1,0,1
7156,1,0,1
7157,1,0,1
7158,1,0,1
7159,1,0,1
7160,1,0,1
7161,1,0,1
7162,1,0,1
7163,1,0,1
7164,2,0,2
7165,2,0,2
7166,2,0,2
7167,2,0,2
7168,2,0,2
7169,2,0,2
7170,2,0,2
7171,2,0,2
7172,2,0,2
7173,2,0,2
7174,3,0,3
7175,3,0,3
7176,3,0,3
7177,3,0,3
7178,3,0,3
7179,3,0,3
7180,3,0,3
7181,3,0,3
7182,3,0,3
7183,3,0,3
7184,3,0,3
7185,3,0,3
7186,3,0,3
7187,3,0,3
7188,3,0,3
7189,3,0,3
7190,3,0,3
7191,3,0,3
7192,3,0,3
7193,3,0,3
7194,3,0,3
7195,3,0,3
7196,3,0,3
7197,3,0,3
7198,3,0,3
7199,3,0,3
7200,3,0,3
7201,3,0,3
7202,3,0,3
7203,3,0,3
7204,3,0,3
7205,3,0,3
7206,3,0,3
7207,3,0,3
7208,3,0,3
7209,3,0,3
7210,3,0,3
7211,3,0,3
7212,3,0,3
7213,3,0,3
7214,3,0,3
7215,3,0,3
7216,3,0,3
7217,3,0,3
7218,2,0,2
7219,2,0,2
7220,2,0,2
7221,2,0,2
7222,2,0,2
7223,2,0,2
7224,2,0,2
7225,2,0,2
7226,2,0,2
7227,2,0,2
7228,2,0,2
7229,2,0,2
7230,1,0,1
7231,1,0,1
7232,2,0,2
7233,2,0,2
7234,2,0,2
7235,2,0,2
7236,2,0,2
7237,2,0,2
7238,2,0,2
7239,2,0,2
7240,2,0,2
7241,2,0,2
7242,2,0,2
7243,2,0,2
7244,2,0,2
7245,2,0,2
7246,2,0,2
7247,2,0,2
7248,2,0,2
7249,2,0,2
7250,3,0,3
7251,3,0,3
7252,3,0,3
7253,3,0,3
7254,3,0,3
7255,3,0,3
7256,3,0,3
7257,3,0,3
7258,3,0,3
7259,3,0,3
7260,3,0,3
7261,3,0,3
7262,3,0,3
7263,3,0,3
7264,3,0,3
7265,3,0,3
7266,3,0,3
7267,4,0,4
7268,4,0,4
7269,4,0,4
7270,4,0,4
7271,4,0,4
7272,4,0,4
7273,4,0,4
7274,4,0,4
7275,4,0,4
7276,4,0,4
7277,4,0,4
7278,4,0,4
7279,4,0,4
7280,4,0,4
7281,4,0,4
7282,4,0,4
7283,4,0,4
7284,4,0,4
7285,4,0,4
7286,3,0,3
7287,3,0,3
7288,3,0,3
7289,3,0,3
7290,3,0,3
7291,3,0,3
7292,2,0,2
7293,2,0,2
7294,2,0,2
7295,2,0,2
7296,2,0,2
7297,2,0,2
7298,2,0,2
7299,2,0,2
7300,2,0,2
7301,2,0,2
7302,2,0,2
7303,2,0,2
7304,2,0,2
7305,2,0,2
7306,2,0,2
7307,2,0,2
7308,2,0,2
7309,2,0,2
7310,3,0,3
7311,3,0,3
7312,2,0,2
7313,2,0,2
7314,2,0,2
7315,2,0,2
7316,2,0,2
7317,2,0,2
7318,2,0,2
7319,2,0,2
7320,3,0,3
7321,3,0,3
7322,3,0,3
7323,3,0,3
7324,3,0,3
7325,3,0,3
7326,3,0,3
7327,3,0,3
7328,3,0,3
7329,3,0,3
7330,3,0,3
7331,3,0,3
7332,3,0,3
7333,3,0,3
7334,3,0,3
7335,3,0,3
7336,3,0,3
7337,3,0,3
7338,3,0,3
7339,3,0,3
7340,3,0,3
7341,3,0,3
7342,3,0,3
7343,3,0,3
7344,3,0,3
7345,3,0,3
7346,3,0,3
7347,3,0,3
7348,4,0,4
7349,4,0,4
7350,4,0,4
7351,4,0,4
7352,4,0,4
7353,4,0,4
7354,4,0,4
7355,4,0,4
7356,4,0,4
7357,4,0,4
7358,4,0,4
7359,4,0,4
7360,4,0,4
7361,4,0,4
7362,4,0,4
7363,4,0,4
7364,4,0,4
7365,5,0,5
7366,5,0,5
7367,4,0,4
7368,4,0,4
7369,4,0,4
7370,4,0,4
7371,3,0,3
7372,3,0,3
7373,3,0,3
7374,3,0,3
7375,3,0,3
7376,3,0,3
7377,3,0,3
7378,3,0,3
7379,3,0,3
7380,3,0,3
7381,3,0,3
7382,3,0,3
7383,3,0,3
7384,3,0,3
7385,3,0,3
7386,3,0,3
7387,3,0,3
7388,3,0,3
7389,3,0,3
7390,2,0,2
7391,2,0,2
7392,2,0,2
7393,2,0,2
7394,2,0,2
7395,2,0,2
7396,2,0,2
7397,2,0,2
7398,2,0,2
7399,2,0,2
7400,2,0,2
7401,2,0,2
7402,2,0,2
7403,2,0,2
7404,2,0,2
7405,2,0,2
7406,2,0,2
7407,2,0,2
7408,2,0,2
7409,2,0,2
7410,2,0,2
7411,2,0,2
7412,2,0,2
7413,2,0,2
7414,3,0,3
7415,3,0,3
7416,4,0,4
7417,4,0,4
7418,4,0,4
7419,4,0,4
7420,4,0,4
7421,4,0,4
7422,4,0,4
7423,4,0,4
7424,4,0,4
7425,4,0,4
7426,4,0,4
7427,4,0,4
7428,4,0,4
7429,4,0,4
7430,3,0,3
7431,3,0,3
7432,3,0,3
7433,3,0,3
7434,3,0,3
7435,4,0,4
7436,4,0,4
7437,4,0,4
7438,4,0,4
7439,4,0,4
7440,4,0,4
7441,4,0,4
7442,4,0,4
7443,4,0,4
7444,5,0,5
7445,5,0,5
7446,5,0,5
7447,5,0,5
7448,5,0,5
7449,5,0,5
7450,5,0,5
7451,5,0,5
7452,5,0,5
7453,5,0,5
7454,6,0,6
7455,6,0,6
7456,6,0,6
7457,6,0,6
7458,6,0,6
7459,6,0,6
7460,6,0,6
7461,6,0,6
7462,6,0,6
7463,6,0,6
7464,6,0,6
7465,6,0,6
7466,6,0,6
7467,6,0,6
7468,6,0,6
7469,6,0,6
7470,6,0,6
7471,6,0,6
7472,6,0,6
7473,6,0,6
7474,6,0,6
7475,6,0,6
7476,6,0,6
7477,6,0,6
7478,6,0,6
7479,6,0,6
7480,6,0,6
7481,6,0,6
7482,6,0,6
7483,6,0,6
7484,7,0,7
7485,7,0,7
7486,7,0,7
7487,7,0,7
7488,7,0,7
7489,7,0,7
7490,6,1,7
7491,6,1,7
7492,6,1,7
7493,6,1,7
7494,6,1,7
7495,5,1,6
7496,5,1,6
7497,5,1,6
7498,5,1,6
7499,5,1,6
7500,5,1,6
7501,5,1,6
7502,6,1,7
7503,6,1,7
7504,6,1,7
7505,6,1,7
7506,6,1,7
7507,6,1,7
7508,6,1,7
7509,6,1,7
7510,6,1,7
7511,7,1,8
7512,7,1,8
7513,7,1,8
7514,7,1,8
7515,7,1,8
7516,6,1,7
7517,6,1,7
7518,6,1,7
7519,6,1,7
7520,6,1,7
7521,6,1,7
7522,6,1,7
7523,6,1,7
7524,6,1,7
7525,6,1,7
7526,7,0,7
7527,7,0,7
7528,6,0,6
7529,6,0,6
7530,6,0,6
7531,6,0,6
7532,6,0,6
7533,6,0,6
7534,6,0,6
7535,6,0,6
7536,6,0,6
7537,6,0,6
7538,6,0,6
7539,7,0,7
7540,7,0,7
7541,7,0,7
7542,7,0,7
7543,7,0,7
7544,7,0,7
7545,7,0,7
7546,7,0,7
7547,7,0,7
7548,7,0,7
7549,7,0,7
7550,7,0,7
7551,7,0,7
7552,7,0,7
7553,7,0,7
7554,7,0,7
7555,7,0,7
7556,7,0,7
7557,6,0,6
7558,6,0,6
7559,6,0,6
7560,6,0,6
7561,6,0,6
7562,6,0,6
7563,6,0,6
7564,6,0,6
7565,6,0,6
7566,6,0,6
7567,6,0,6
7568,6,0,6
7569,6,0,6
7570,6,0,6
7571,6,0,6
7572,6,0,6
7573,6,0,6
7574,6,0,6
7575,6,0,6
7576,6,0,6
7577,6,0,6
7578,5,0,5
7579,5,0,5
7580,5,0,5
7581,5,0,5
7582,5,0,5
7583,5,0,5
7584,5,0,5
7585,5,0,5
7586,4,1,5
7587,4,1,5
7588,4,1,5
7589,4,1,5
7590,3,1,4
7591,3,1,4
7592,3,1,4
7593,3,1,4
7594,3,1,4
7595,3,1,4
7596,3,1,4
7597,3,1,4
7598,3,1,4
7599,3,1,4
7600,3,1,4
7601,3,1,4
7602,3,1,4
7603,4,1,5
7604,4,1,5
7605,4,1,5
7606,4,1,5
7607,4,1,5
7608,4,1,5
7609,4,1,5
7610,4,1,5
7611,4,1,5
7612,4,1,5
7613,4,1,5
7614,5,0,5
7615,5,0,5
7616,5,0,5
7617,4,0,4
7618,3,0,3
7619,3,0,3
7620,3,0,3
7621,3,0,3
7622,3,0,3
7623,3,0,3
7624,3,0,3
7625,3,0,3
7626,3,0,3
7627,3,0,3
7628,3,0,3
7629,3,0,3
7630,3,0,3
7631,3,0,3
7632,3,0,3
7633,3,0,3
7634,3,0,3
7635,3,0,3
7636,3,0,3
7637,3,0,3
7638,3,0,3
7639,3,0,3
7640,4,0,4
7641,4,0,4
7642,4,0,4
7643,4,0,4
7644,4,0,4
7645,4,0,4
7646,4,0,4
7647,4,0,4
7648,4,0,4
7649,4,0,4
7650,4,0,4
7651,4,0,4
7652,4,0,4
7653,4,0,4
7654,4,0,4
7655,4,0,4
7656,4,0,4
7657,4,0,4
7658,4,0,4
7659,4,0,4
7660,4,0,4
7661,5,0,5
7662,5,0,5
7663,5,0,5
7664,5,0,5
7665,5,0,5
7666,5,0,5
7667,5,0,5
7668,5,0,5
7669,5,0,5
7670,5,0,5
7671,5,0,5
7672,5,0,5
7673,5,0,5
7674,5,0,5
7675,5,0,5
7676,5,0,5
7677,5,0,5
7678,5,0,5
7679,5,0,5
7680,5,0,5
7681,5,0,5
7682,5,0,5
7683,5,0,5
7684,5,0,5
7685,5,0,5
7686,4,0,4
7687,3,1,4
7688,3,1,4
7689,3,1,4
7690,3,1,4
7691,3,1,4
7692,3,1,4
7693,3,1,4
7694,2,2,4
7695,2,2,4
7696,2,2,4
7697,2,2,4
7698,2,2,4
7699,2,2,4
7700,2,2,4
7701,2,2,4
7702,2,2,4
7703,2,2,4
7704,2,2,4
7705,2,2,4
7706,2,2,4
7707,2,2,4
7708,2,2,4
7709,2,2,4
7710,2,2,4
7711,1,2,3
7712,1,2,3
7713,1,2,3
7714,1,2,3
7715,1,2,3
7716,1,2,3
7717,1,2,3
7718,1,2,3
7719,1,2,3
7720,1,2,3
7721,1,2,3
7722,2,1,3
7723,2,1,3
7724,3,1,4
7725,3,1,4
7726,3,1,4
7727,4,1,5
7728,4,1,5
7729,5,0,5
7730,5,0,5
7731,5,0,5
7732,5,0,5
7733,5,0,5
7734,5,0,5
7735,6,0,6
7736,6,0,6
7737,6,0,6
7738,6,0,6
7739,6,0,6
7740,6,0,6
7741,5,0,5
7742,5,0,5
7743,5,0,5
7744,5,0,5
7745,5,0,5
7746,5,0,5
7747,5,0,5
7748,5,0,5
7749,5,0,5
7750,5,0,5
7751,5,0,5
7752,5,0,5
7753,5,0,5
7754,5,0,5
7755,5,0,5
7756,4,1,5
7757,4,1,5
7758,4,1,5
7759,5,0,5
7760,5,0,5
7761,5,0,5
7762,4,1,5
7763,3,1,4
7764,3,1,4
7765,3,1,4
7766,3,1,4
7767,3,1,4
7768,3,1,4
7769,3,1,4
7770,3,1,4
7771,3,1,4
7772,3,1,4
7773,3,1,4
7774,3,1,4
7775,4,0,4
7776,4,0,4
7777,4,0,4
7778,4,0,4
7779,4,0,4
7780,4,0,4
7781,3,0,3
7782,3,0,3
7783,3,0,3
7784,3,0,3
7785,3,0,3
7786,3,0,3
7787,3,0,3
7788,3,0,3
7789,3,0,3
7790,3,0,3
7791,3,0,3
7792,3,0,3
7793,3,0,3
7794,3,0,3
7795,4,0,4
7796,4,0,4
7797,4,0,4
7798,4,0,4
7799,4,0,4
7800,4,0,4
7801,4,0,4
7802,4,0,4
7803,4,0,4
7804,4,0,4
7805,4,0,4
7806,4,0,4
7807,4,0,4
7808,4,0,4
7809,4,0,4
7810,4,0,4
7811,4,0,4
7812,4,0,4
7813,4,0,4
7814,4,0,4
7815,4,0,4
7816,4,0,4
7817,4,0,4
7818,4,0,4
7819,4,0,4
7820,4,0,4
7821,3,0,3
7822,3,0,3
7823,3,0,3
7824,3,0,3
7825,3,0,3
7826,4,0,4
7827,4,0,4
7828,4,0,4
7829,4,0,4
7830,4,0,4
7831,4,0,4
7832,4,0,4
7833,4,0,4
7834,4,0,4
7835,4,0,4
7836,4,0,4
7837,4,0,4
7838,4,0,4
7839,4,0,4
7840,4,0,4
7841,4,0,4
7842,4,0,4
7843,4,0,4
7844,4,0,4
7845,4,0,4
7846,4,0,4
7847,4,0,4
7848,4,0,4
7849,3,0,3
7850,3,0,3
7851,2,0,2
7852,2,0,2
7853,2,0,2
7854,2,0,2
7855,2,0,2
7856,2,0,2
7857,2,0,2
7858,2,0,2
7859,2,0,2
7860,2,0,2
7861,1,0,1
7862,1,0,1
7863,1,0,1
7864,1,0,1
7865,1,0,1
7866,1,0,1
7867,1,0,1
7868,1,0,1
7869,1,0,1
7870,1,0,1
7871,1,0,1
7872,1,0,1
7873,1,0,1
7874,1,0,1
7875,1,0,1
7876,1,0,1
7877,1,0,1
7878,1,0,1
7879,1,0,1
7880,1,0,1
7881,1,0,1
7882,1,0,1
7883,1,0,1
7884,1,0,1
7885,1,0,1
7886,1,0,1
7887,1,0,1
7888,1,0,1
7889,1,0,1
7890,1,0,1
7891,1,0,1
7892,1,0,1
7893,1,0,1
7894,1,0,1
7895,1,0,1
7896,1,0,1
7897,1,0,1
7898,1,0,1
7899,1,0,1
7900,1,0,1
7901,1,0,1
7902,1,0,1
7903,1,0,1
7904,1,0,1
7905,1,0,1
7906,1,0,1
7907,1,0,1
7908,1,0,1
7909,1,0,1
7910,1,0,1
7911,1,0,1
7912,1,0,1
7913,1,0,1
7914,1,0,1
7915,1,0,1
7916,1,0,1
7917,1,0,1
7918,1,0,1
7919,1,0,1
7920,1,0,1
7921,1,0,1
7922,1,0,1
7923,1,0,1
7924,1,0,1
7925,1,0,1
7926,1,0,1
7927,1,0,1
7928,1,0,1
7929,1,0,1
7930,1,0,1
7931,1,0,1
7932,1,0,1
7933,1,0,1
7934,1,0,1
7935,1,0,1
7936,1,0,1
7937,1,0,1
7938,1,0,1
7939,1,0,1
7940,1,0,1
7941,1,0,1
7942,1,0,1
7943,1,0,1
7944,1,0,1
7945,1,0,1
7946,1,0,1
7947,1,0,1
7948,1,0,1
7949,1,0,1
7950,1,0,1
7951,1,0,1
7952,1,0,1
7953,1,0,1
7954,1,0,1
7955,1,0,1
7956,1,0,1
7957,1,0,1
7958,1,0,1
7959,1,0,1
7960,1,0,1
7961,1,0,1
7962,1,0,1
7963,1,0,1
7964,1,0,1
7965,1,0,1
7966,1,0,1
7967,1,0,1
7968,1,0,1
7969,1,0,1
7970,1,0,1
7971,1,0,1
7972,1,0,1
7973,1,0,1
7974,1,0,1
7975,1,0,1
7976,1,0,1
7977,1,0,1
7978,1,0,1
7979,1,0,1
7980,1,0,1
7981,1,0,1
7982,1,0,1
7983,1,0,1
7984,1,0,1
7985,1,0,1
7986,1,0,1
7987,1,0,1
7988,1,0,1
7989,1,0,1
7990,1,0,1
7991,1,0,1
7992,1,0,1
7993,1,0,1
7994,1,0,1
7995,1,0,1
7996,1,0,1
7997,1,0,1
7998,1,0,1
7999,1,0,1
8000,1,0,1
8001,1,0,1
8002,1,0,1
8003,1,0,1
8004,1,0,1
8005,1,0,1
8006,1,0,1
8007,1,0,1
8008,1,0,1
8009,1,0,1
8010,1,0,1
8011,1,0,1
8012,1,0,1
8013,1,0,1
8014,1,0,1
8015,1,0,1
8016,1,0,1
8017,1,0,1
8018,1,0,1
8019,1,0,1
8020,1,0,1
8021,1,0,1
8022,1,0,1
8023,1,0,1
8024,1,0,1
8025,1,0,1
8026,1,0,1
8027,1,0,1
8028,1,0,1
8029,1,0,1
8030,1,0,1
8031,1,0,1
8032,1,0,1
8033,1,0,1
8034,1,0,1
8035,1,0,1
8036,1,0,1
8037,1,0,1
8038,1,0,1
8039,1,0,1
8040,1,0,1
8041,1,0,1
8042,1,0,1
8043,1,0,1
8044,1,0,1
8045,1,0,1
8046,1,0,1
8047,1,0,1
8048,1,0,1
8049,1,0,1
8050,1,0,1
8051,1,0,1
8052,1,0,1
8053,1,0,1
8054,1,0,1
8055,1,0,1
8056,1,0,1
8057,1,0,1
8058,1,0,1
8059,1,0,1
8060,1,0,1
8061,1,0,1
8062,1,0,1
8063,1,0,1
8064,1,0,1
8065,1,0,1
8066,1,0,1
8067,1,0,1
8068,1,0,1
8069,1,0,1
8070,1,0,1
8071,1,0,1
8072,1,0,1
8073,1,0,1
8074,1,0,1
8075,1,0,1
8076,1,0,1
8077,1,0,1
8078,1,0,1
8079,1,0,1
8080,1,0,1
8081,1,0,1
8082,1,0,1
8083,1,0,1
8084,1,0,1
8085,1,0,1
8086,1,0,1
8087,1,0,1
8088,1,0,1
8089,1,0,1
8090,1,0,1
8091,1,0,1
8092,1,0,1
8093,1,0,1
8094,1,0,1
8095,1,0,1
8096,1,0,1
8097,1,0,1
8098,1,0,1
8099,1,0,1
8100,1,0,1
8101,1,0,1
8102,1,0,1
8103,1,0,1
8104,1,0,1
8105,1,0,1
8106,1,0,1
8107,1,0,1
8108,1,0,1
8109,1,0,1
8110,1,0,1
8111,1,0,1
8112,1,0,1
8113,1,0,1
8114,1,0,1
8115,1,0,1
8116,1,0,1
8117,1,0,1
8118,1,0,1
8119,1,0,1
8120,1,0,1
8121,1,0,1
8122,1,0,1
8123,1,0,1
8124,1,0,1
8125,1,0,1
8126,1,0,1
8127,1,0,1
8128,1,0,1
8129,1,0,1
8130,1,0,1
8131,1,0,1
8132,1,0,1
8133,1,0,1
8134,1,0,1
8135,1,0,1
8136,1,0,1
8137,1,0,1
8138,1,0,1
8139,1,0,1
8140,1,0,1
8141,1,0,1
8142,1,0,1
8143,1,0,1
8144,1,0,1
8145,1,0,1
8146,1,0,1
8147,1,0,1
8148,1,0,1
8149,1,0,1
8150,1,0,1
8151,1,0,1
8152,1,0,1
8153,1,0,1
8154,1,0,1
8155,1,0,1
8156,1,0,1
8157,1,0,1
8158,1,0,1
8159,1,0,1
8160,1,0,1
8161,1,0,1
8162,1,0,1
8163,1,0,1
8164,1,0,1
8165,1,0,1
8166,1,0,1
8167,1,0,1
8168,1,0,1
8169,1,0,1
8170,1,0,1
8171,2,0,2
8172,2,0,2
8173,2,0,2
8174,2,0,2
8175,2,0,2
8176,2,0,2
8177,2,0,2
8178,2,0,2
8179,2,0,2
8180,2,0,2
8181,3,0,3
8182,3,0,3
8183,3,0,3
8184,3,0,3
8185,3,0,3
8186,3,0,3
8187,3,0,3
8188,3,0,3
8189,3,0,3
8190,3,0,3
8191,3,0,3
8192,3,0,3
8193,2,0,2
8194,2,0,2
8195,2,0,2
8196,2,0,2
8197,2,0,2
8198,2,0,2
8199,2,0,2
8200,2,0,2
8201,2,0,2
8202,2,0,2
8203,2,0,2
8204,2,0,2
8205,2,0,2
8206,2,0,2
8207,2,0,2
8208,2,0,2
8209,1,0,1
8210,1,0,1
8211,1,0,1
8212,1,0,1
8213,1,0,1
8214,1,0,1
8215,1,0,1
8216,1,0,1
8217,1,0,1
8218,1,0,1
8219,1,0,1
8220,1,0,1
8221,1,0,1
8222,1,0,1
8223,1,0,1
8224,1,0,1
8225,1,0,1
8226,1,0,1
8227,1,0,1
8228,1,0,1
8229,1,0,1
8230,1,0,1
8231,1,0,1
8232,1,0,1
8233,1,0,1
8234,1,0,1
8235,1,0,1
8236,1,0,1
8237,1,0,1
8238,1,0,1
8239,1,0,1
8240,1,0,1
8241,1,0,1
8242,1,0,1
8243,1,0,1
8244,1,0,1
8245,1,0,1
8246,1,0,1
8247,1,0,1
8248,1,0,1
8249,1,0,1
8250,1,0,1
8251,1,0,1
8252,1,0,1
8253,1,0,1
8254,1,0,1
8255,1,0,1
8256,1,0,1
8257,1,0,1
8258,1,0,1
8259,1,0,1
8260,1,0,1
8261,1,0,1
8262,1,0,1
8263,1,0,1
8264,1,0,1
8265,1,0,1
8266,1,0,1
8267,1,0,1
8268,1,0,1
8269,1,0,1
8270,1,0,1
8271,1,0,1
8272,1,0,1
8273,1,0,1
8274,1,0,1
8275,1,0,1
8276,1,0,1
8277,1,0,1
8278,1,0,1
8279,1,0,1
8280,1,0,1
8281,1,0,1
8282,1,0,1
8283,1,0,1
8284,1,0,1
8285,1,0,1
8286,1,0,1
8287,1,0,1
8288,1,0,1
8289,1,0,1
8290,1,0,1
8291,1,0,1
8292,1,0,1
8293,1,0,1
8294,1,0,1
8295,1,0,1
8296,1,0,1
8297,1,0,1
8298,1,0,1
8299,1,0,1
8300,1,0,1
8301,1,0,1
8302,1,0,1
8303,1,0,1
8304,1,0,1
8305,1,0,1
8306,1,0,1
8307,0,0,0
8308,0,0,0
8309,0,0,0
8310,0,0,0
8311,0,0,0
8312,0,0,0
8313,0,0,0
8314,0,0,0
8315,0,0,0
8316,0,0,0
8317,0,0,0
8318,0,0,0
8319,0,0,0
8320,0,0,0
8321,0,0,0
8322,0,0,0
8323,0,0,0
8324,0,0,0
8325,0,0,0
8326,0,0,0
8327,0,0,0
8328,0,0,0
8329,0,0,0
8330,0,0,0
8331,0,0,0
8332,0,0,0
8333,0,0,0
8334,0,0,0
8335,0,0,0
8336,0,0,0
8337,0,0,0
8338,0,0,0
8339,0,0,0
8340,0,0,0
8341,0,0,0
8342,0,0,0
8343,0,0,0
8344,0,0,0
8345,0,0,0
8346,0,0,0
8347,0,0,0
8348,0,0,0
8349,0,0,0
8350,0,0,0
8351,0,0,0
8352,0,0,0
8353,0,0,0
8354,0,0,0
8355,0,0,0
8356,0,0,0
8357,0,0,0
8358,0,0,0
8359,0,0,0
8360,0,0,0
8361,0,0,0
8362,0,0,0
8363,0,0,0
8364,0,0,0
8365,0,0,0
8366,0,0,0
8367,0,0,0
8368,0,0,0
8369,0,0,0
8370,0,0,0
8371,0,0,0
8372,0,0,0
8373,0,0,0
8374,0,0,0
8375,0,0,0
8376,0,0,0
8377,0,0,0
8378,0,0,0
8379,0,0,0
8380,0,0,0
8381,0,0,0
8382,0,0,0
8383,0,0,0
8384,0,0,0
8385,0,0,0
8386,0,0,0
8387,0,0,0
8388,0,0,0
8389,0,0,0
8390,0,0,0
8391,0,0,0
8392,0,0,0
8393,0,0,0
8394,0,0,0
8395,0,0,0
8396,0,0,0
8397,0,0,0
8398,0,0,0
8399,0,0,0
8400,0,0,0
8401,0,0,0
8402,0,0,0
8403,0,0,0
8404,0,0,0
8405,0,0,0
8406,0,0,0
8407,0,0,0
8408,0,0,0
8409,0,0,0
8410,0,0,0
8411,0,0,0
8412,0,0,0
8413,0,0,0
8414,0,0,0
8415,0,0,0
8416,0,0,0
8417,0,0,0
8418,0,0,0
8419,0,0,0
8420,0,0,0
8421,0,0,0
8422,0,0,0
8423,0,0,0
8424,0,0,0
8425,0,0,0
8426,0,0,0
8427,0,0,0
8428,0,0,0
8429,0,0,0
8430,0,0,0
8431,0,0,0
8432,0,0,0
8433,0,0,0
8434,0,0,0
8435,0,0,0
8436,0,0,0
8437,0,0,0
8438,0,0,0
8439,0,0,0
8440,0,0,0
8441,0,0,0
8442,0,0,0
8443,0,0,0
8444,0,0,0
8445,0,0,0
8446,0,0,0
8447,0,0,0
8448,0,0,0
8449,0,0,0
8450,0,0,0
8451,0,0,0
8452,0,0,0
8453,0,0,0
8454,0,0,0
8455,0,0,0
8456,0,0,0
8457,0,0,0
8458,0,0,0
8459,0,0,0
8460,0,0,0
8461,0,0,0
8462,0,0,0
8463,0,0,0
8464,0,0,0
8465,0,0,0
8466,0,0,0
8467,0,0,0
8468,0,0,0
8469,0,0,0
8470,0,0,0
8471,0,0,0
8472,0,0,0
8473,0,0,0
8474,0,0,0
8475,0,0,0
8476,0,0,0
8477,0,0,0
8478,0,0,0
8479,0,0,0
8480,0,0,0
8481,0,0,0
8482,0,0,0
8483,0,0,0
8484,0,0,0
8485,0,0,0
8486,0,0,0
8487,0,0,0
8488,0,0,0
8489,0,0,0
8490,0,0,0
8491,0,0,0
8492,0,0,0
8493,0,0,0
8494,0,0,0
8495,0,0,0
8496,0,0,0
8497,0,0,0
8498,0,0,0
8499,0,0,0
8500,0,0,0
8501,0,0,0
8502,0,0,0
8503,0,0,0
8504,0,0,0
8505,0,0,0
8506,0,0,0
8507,0,0,0
8508,0,0,0
8509,0,0,0
8510,0,0,0
8511,0,0,0
8512,0,0,0
8513,0,0,0
8514,0,0,0
8515,0,0,0
8516,0,0,0
8517,0,0,0
8518,0,0,0
8519,0,0,0
8520,0,0,0
8521,0,0,0
8522,0,0,0
8523,0,0,0
8524,0,0,0
8525,0,0,0
8526,0,0,0
8527,0,0,0
8528,0,0,0
8529,0,0,0
8530,0,0,0
8531,0,0,0
8532,0,0,0
8533,0,0,0
8534,0,0,0
8535,0,0,0
8536,0,0,0
8537,0,0,0
8538,0,0,0
8539,0,0,0
8540,0,0,0
8541,0,0,0
8542,0,0,0
8543,0,0,0
8544,0,0,0
8545,0,0,0
8546,0,0,0
8547,0,0,0
8548,0,0,0
8549,0,0,0
8550,0,0,0
8551,0,0,0
8552,0,0,0
8553,0,0,0
8554,0,0,0
8555,0,0,0
8556,0,0,0
8557,0,0,0
8558,0,0,0
8559,0,0,0
8560,0,0,0
8561,0,0,0
8562,0,0,0
8563,0,0,0
8564,0,0,0
8565,0,0,0
8566,0,0,0
8567,0,0,0
8568,0,0,0
8569,0,0,0
8570,0,0,0
8571,0,0,0
8572,0,0,0
8573,0,0,0
8574,0,0,0
8575,0,0,0
8576,0,0,0
8577,0,0,0
8578,0,0,0
8579,0,0,0
8580,0,0,0
8581,0,0,0
8582,0,0,0
8583,0,0,0
8584,0,0,0
8585,0,0,0
8586,0,0,0
8587,0,0,0
8588,0,0,0
8589,0,0,0
8590,0,0,0
8591,0,0,0
8592,0,0,0
8593,0,0,0
8594,0,0,0
8595,0,0,0
8596,0,0,0
8597,0,0,0
8598,0,0,0
8599,0,0,0
8600,0,0,0
8601,0,0,0
8602,0,0,0
8603,0,0,0
8604,0,0,0
8605,0,0,0
8606,0,0,0
8607,0,0,0
8608,0,0,0
8609,0,0,0
8610,0,0,0
8611,0,0,0
8612,0,0,0
8613,0,0,0
8614,0,0,0
8615,0,0,0
8616,0,0,0
8617,0,0,0
8618,0,0,0
8619,0,0,0
8620,0,0,0
8621,0,0,0
8622,0,0,0
8623,0,0,0
8624,0,0,0
8625,0,0,0
8626,0,0,0
8627,0,0,0
8628,0,0,0
8629,0,0,0
8630,0,0,0
8631,0,0,0
8632,0,0,0
8633,0,0,0
8634,0,0,0
8635,0,0,0
8636,0,0,0
8637,0,0,0
8638,0,0,0
8639,0,0,0
8640,0,0,0
8641,0,0,0
8642,0,0,0
8643,0,0,0
8644,0,0,0
8645,0,0,0
8646,0,0,0
8647,0,0,0
8648,0,0,0
8649,0,0,0
8650,0,0,0
8651,0,0,0
8652,0,0,0
8653,0,0,0
8654,0,0,0
8655,0,0,0
8656,0,0,0
8657,0,0,0
8658,0,0,0
8659,0,0,0
8660,0,0,0
8661,0,0,0
8662,0,0,0
8663,0,0,0
8664,0,0,0
8665,0,0,0
8666,0,0,0
8667,0,0,0
8668,0,0,0
8669,0,0,0
8670,0,0,0
8671,0,0,0
8672,0,0,0
8673,0,0,0
8674,0,0,0
8675,0,0,0
8676,0,0,0
8677,0,0,0
8678,0,0,0
8679,0,0,0
8680,0,0,0
8681,0,0,0
8682,0,0,0
8683,0,0,0
8684,0,0,0
8685,0,0,0
8686,0,0,0
8687,0,0,0
8688,0,0,0
8689,0,0,0
8690,0,0,0
8691,0,0,0
8692,0,0,0
8693,0,0,0
8694,0,0,0
8695,0,0,0
8696,0,0,0
8697,0,0,0
8698,0,0,0
8699,0,0,0
8700,0,0,0
8701,0,0,0
8702,0,0,0
8703,0,0,0
8704,0,0,0
8705,0,0,0
8706,0,0,0
8707,0,0,0
8708,0,0,0
8709,0,0,0
8710,0,0,0
8711,0,0,0
8712,0,0,0
8713,0,0,0
8714,0,0,0
8715,0,0,0
8716,0,0,0
8717,0,0,0
8718,0,0,0
8719,0,0,0
8720,0,0,0
8721,0,0,0
8722,0,0,0
8723,0,0,0
8724,0,0,0
8725,0,0,0
8726,0,0,0
8727,0,0,0
8728,0,0,0
8729,0,0,0
8730,0,0,0
8731,0,0,0
8732,0,0,0
8733,0,0,0
8734,0,0,0
8735,0,0,0
8736,0,0,0
8737,0,0,0
8738,0,0,0
8739,0,0,0
8740,0,0,0
8741,0,0,0
8742,1,0,1
8743,1,0,1
8744,1,0,1
8745,1,0,1
8746,1,0,1
8747,1,0,1
8748,1,0,1
8749,1,0,1
8750,1,0,1
8751,1,0,1
8752,1,0,1
8753,1,0,1
8754,1,0,1
8755,1,0,1
8756,1,0,1
8757,1,0,1
8758,1,0,1
8759,1,0,1
8760,1,0,1
8761,1,0,1
8762,1,0,1
8763,1,0,1
8764,1,0,1
8765,1,0,1
8766,1,0,1
8767,1,0,1
8768,1,0,1
8769,1,0,1
8770,1,0,1
8771,1,0,1
8772,1,0,1
8773,1,0,1
8774,1,0,1
8775,1,0,1
8776,1,0,1
8777,1,0,1
8778,1,0,1
8779,1,0,1
8780,1,0,1
8781,1,0,1
8782,1,0,1
8783,1,0,1
8784,1,0,1
8785,1,0,1
8786,1,0,1
8787,1,0,1
8788,1,0,1
8789,1,0,1
8790,1,0,1
8791,1,0,1
8792,1,0,1
8793,1,0,1
8794,1,0,1
8795,1,0,1
8796,1,0,1
8797,1,0,1
8798,1,0,1
8799,1,0,1
8800,1,0,1
8801,1,0,1
8802,1,0,1
8803,1,0,1
8804,1,0,1
8805,1,0,1
8806,1,0,1
8807,1,0,1
8808,1,0,1
8809,1,0,1
8810,1,0,1
8811,1,0,1
8812,1,0,1
8813,1,0,1
8814,0,0,0
8815,0,0,0
8816,0,0,0
8817,0,0,0
8818,0,0,0
8819,0,0,0
8820,0,0,0
8821,0,0,0
8822,0,0,0
8823,0,0,0
8824,0,0,0
8825,0,0,0
8826,0,0,0
8827,0,0,0
8828,0,0,0
8829,0,0,0
8830,0,0,0
8831,0,0,0
8832,0,0,0
8833,0,0,0
8834,0,0,0
8835,0,0,0
8836,0,0,0
8837,0,0,0
8838,0,0,0
8839,0,0,0
8840,0,0,0
8841,0,0,0
8842,0,0,0
8843,0,0,0
8844,0,0,0
8845,0,0,0
8846,0,0,0
8847,0,0,0
8848,0,0,0
8849,0,0,0
8850,0,0,0
8851,0,0,0
8852,0,0,0
8853,0,0,0
8854,0,0,0
8855,0,0,0
8856,0,0,0
8857,0,0,0
8858,0,0,0
8859,0,0,0
8860,0,0,0
8861,0,0,0
8862,0,0,0
8863,0,0,0
8864,0,0,0
8865,0,0,0
8866,0,0,0
8867,0,0,0
8868,0,0,0
8869,0,0,0
8870,0,0,0
8871,0,0,0
8872,0,0,0
8873,0,0,0
8874,0,0,0
8875,0,0,0
8876,0,0,0
8877,0,0,0
8878,0,0,0
8879,0,0,0
8880,0,0,0
8881,0,0,0
8882,0,0,0
8883,0,0,0
8884,0,0,0
8885,0,0,0
8886,0,0,0
8887,0,0,0
8888,0,0,0
8889,0,0,0
8890,0,0,0
8891,0,0,0
8892,0,0,0
8893,0,0,0
8894,0,0,0
8895,0,0,0
8896,0,0,0
8897,0,0,0
8898,0,0,0
8899,0,0,0
8900,0,0,0
8901,0,0,0
8902,0,0,0
8903,0,0,0
8904,0,0,0
8905,0,0,0
8906,0,0,0
8907,0,0,0
8908,0,0,0
8909,0,0,0
8910,0,0,0
8911,0,0,0
8912,0,0,0
8913,0,0,0
8914,0,0,0
8915,0,0,0
8916,0,0,0
8917,0,0,0
8918,0,0,0
8919,0,0,0
8920,0,0,0
8921,0,0,0
8922,0,0,0
8923,0,0,0
8924,0,0,0
8925,0,0,0
8926,0,0,0
8927,0,0,0
8928,0,0,0
8929,0,0,0
8930,0,0,0
8931,0,0,0
8932,0,0,0
8933,0,0,0
8934,0,0,0
8935,0,0,0
8936,0,0,0
8937,0,0,0
8938,0,0,0
8939,0,0,0
8940,0,0,0
8941,0,0,0
8942,0,0,0
8943,0,0,0
8944,0,0,0
8945,0,0,0
8946,0,0,0
8947,0,0,0
8948,0,0,0
8949,0,0,0
8950,0,0,0
8951,0,0,0
8952,0,0,0
8953,0,0,0
8954,0,0,0
8955,0,0,0
8956,0,0,0
8957,0,0,0
8958,0,0,0
8959,0,0,0
8960,0,0,0
8961,0,0,0
8962,0,0,0
8963,0,0,0
8964,0,0,0
8965,0,0,0
8966,0,0,0
8967,0,0,0
8968,0,0,0
8969,0,0,0
8970,0,0,0
8971,0,0,0
8972,0,0,0
8973,0,0,0
8974,0,0,0
8975,0,0,0
8976,0,0,0
8977,0,0,0
8978,0,0,0
8979,0,0,0
8980,0,0,0
8981,0,0,0
8982,0,0,0
8983,0,0,0
8984,0,0,0
8985,0,0,0
8986,0,0,0
8987,0,0,0
8988,0,0,0
8989,0,0,0
8990,0,0,0
8991,0,0,0
8992,0,0,0
8993,0,0,0
8994,0,0,0
8995,0,0,0
8996,0,0,0
8997,0,0,0
8998,0,0,0
8999,0,0,0
9000,0,0,0
9001,0,0,0
9002,0,0,0
9003,0,0,0
9004,0,0,0
9005,0,0,0
9006,0,0,0
9007,0,0,0
9008,0,0,0
9009,0,0,0
9010,0,0,0
9011,0,0,0
9012,0,0,0
9013,0,0,0
9014,0,0,0
9015,0,0,0
9016,0,0,0
9017,0,0,0
9018,0,0,0
9019,0,0,0
9020,0,0,0
9021,0,0,0
9022,0,0,0
9023,0,0,0
9024,0,0,0
9025,0,0,0
9026,0,0,0
9027,0,0,0
9028,0,0,0
9029,0,0,0
9030,0,0,0
9031,0,0,0
9032,0,0,0
9033,0,0,0
9034,0,0,0
9035,0,0,0
9036,0,0,0
9037,0,0,0
9038,0,0,0
9039,0,0,0
9040,0,0,0
9041,0,0,0
9042,0,0,0
9043,0,0,0
9044,0,0,0
9045,0,0,0
9046,0,0,0
9047,0,0,0
9048,0,0,0
9049,0,0,0
9050,0,0,0
9051,0,0,0
9052,0,0,0
9053,0,0,0
9054,0,0,0
9055,0,0,0
9056,0,0,0
9057,0,0,0
9058,0,0,0
9059,0,0,0
9060,0,0,0
9061,0,0,0
9062,0,0,0
9063,0,0,0
9064,0,0,0
9065,0,0,0
9066,0,0,0
9067,0,0,0
9068,0,0,0
9069,0,0,0
9070,0,0,0
9071,0,0,0
9072,0,0,0
9073,0,0,0
9074,0,0,0
9075,0,0,0
9076,0,0,0
9077,0,0,0
9078,0,0,0
9079,0,0,0
9080,0,0,0
9081,0,0,0
9082,0,0,0
9083,0,0,0
9084,0,0,0
9085,0,0,0
9086,0,0,0
9087,0,0,0
9088,0,0,0
9089,0,0,0
9090,0,0,0
9091,0,0,0
9092,0,0,0
9093,0,0,0
9094,0,0,0
9095,0,0,0
9096,0,0,0
9097,0,0,0
9098,0,0,0
9099,0,0,0
9100,0,0,0
9101,0,0,0
9102,0,0,0
9103,0,0,0
9104,0,0,0
9105,0,0,0
9106,0,0,0
9107,0,0,0
9108,0,0,0
9109,0,0,0
9110,0,0,0
9111,0,0,0
9112,0,0,0
9113,0,0,0
9114,0,0,0
9115,0,0,0
9116,0,0,0
9117,0,0,0
9118,0,0,0
9119,0,0,0
9120,0,0,0
9121,0,0,0
9122,0,0,0
9123,0,0,0
9124,0,0,0
9125,0,0,0
9126,0,0,0
9127,0,0,0
9128,0,0,0
9129,0,0,0
9130,0,0,0
9131,0,0,0
9132,0,0,0
9133,0,0,0
9134,0,0,0
9135,0,0,0
9136,0,0,0
9137,0,0,0
9138,0,0,0
9139,0,0,0
9140,0,0,0
9141,0,0,0
9142,0,0,0
9143,0,0,0
9144,0,0,0
9145,0,0,0
9146,0,0,0
9147,0,0,0
9148,0,0,0
9149,0,0,0
9150,0,0,0
9151,0,0,0
9152,0,0,0
9153,0,0,0
9154,0,0,0
9155,0,0,0
9156,0,0,0
9157,0,0,0
9158,0,0,0
9159,0,0,0
9160,0,0,0
9161,0,0,0
9162,0,0,0
9163,0,0,0
9164,0,0,0
9165,0,0,0
9166,0,0,0
9167,0,0,0
9168,0,0,0
9169,0,0,0
9170,0,0,0
9171,0,0,0
9172,0,0,0
9173,0,0,0
9174,0,0,0
9175,0,0,0
9176,0,0,0
9177,0,0,0
9178,0,0,0
9179,0,0,0
9180,0,0,0
9181,0,0,0
9182,0,0,0
9183,0,0,0
9184,0,0,0
9185,0,0,0
9186,0,0,0
9187,0,0,0
9188,0,0,0
9189,0,0,0
9190,0,0,0
9191,0,0,0
9192,0,0,0
9193,0,0,0
9194,0,0,0
9195,0,0,0
9196,0,0,0
9197,0,0,0
9198,0,0,0
9199,0,0,0
9200,0,0,0
9201,0,0,0
9202,0,0,0
9203,0,0,0
9204,0,0,0
9205,0,0,0
9206,0,0,0
9207,0,0,0
9208,0,0,0
9209,0,0,0
9210,0,0,0
9211,0,0,0
9212,0,0,0
9213,0,0,0
9214,0,0,0
9215,0,0,0
9216,0,0,0
9217,0,0,0
9218,0,0,0
9219,0,0,0
9220,0,0,0
9221,0,0,0
9222,0,0,0
9223,0,0,0
9224,0,0,0
9225,0,0,0
9226,0,0,0
9227,0,0,0
9228,0,0,0
9229,0,0,0
9230,0,0,0
9231,0,0,0
9232,0,0,0
9233,0,0,0
9234,0,0,0
9235,0,0,0
9236,0,0,0
9237,0,0,0
9238,0,0,0
9239,0,0,0
9240,0,0,0
9241,0,0,0
9242,0,0,0
9243,1,0,1
9244,1,0,1
9245,1,0,1
9246,1,0,1
9247,1,0,1
9248,1,0,1
9249,1,0,1
9250,1,0,1
9251,1,0,1
9252,1,0,1
9253,1,0,1
9254,1,0,1
9255,1,0,1
9256,1,0,1
9257,1,0,1
9258,1,0,1
9259,1,0,1
9260,1,0,1
9261,2,0,2
9262,2,0,2
9263,2,0,2
9264,2,0,2
9265,2,0,2
9266,2,0,2
9267,2,0,2
9268,2,0,2
9269,2,0,2
9270,2,0,2
9271,3,0,3
9272,3,0,3
9273,3,0,3
9274,3,0,3
9275,3,0,3
9276,3,0,3
9277,3,0,3
9278,3,0,3
9279,3,0,3
9280,3,0,3
9281,3,0,3
9282,3,0,3
9283,3,0,3
9284,3,0,3
9285,3,0,3
9286,3,0,3
9287,3,0,3
9288,3,0,3
9289,3,0,3
9290,3,0,3
9291,3,0,3
9292,4,0,4
9293,4,0,4
9294,4,0,4
9295,4,0,4
9296,4,0,4
9297,3,0,3
9298,3,0,3
9299,3,0,3
9300,3,0,3
9301,3,0,3
9302,3,0,3
9303,3,0,3
9304,3,0,3
9305,3,0,3
9306,2,0,2
9307,2,0,2
9308,2,0,2
9309,2,0,2
9310,2,0,2
9311,2,0,2
9312,2,0,2
9313,2,0,2
9314,2,0,2
9315,2,0,2
9316,2,0,2
9317,2,0,2
9318,3,0,3
9319,3,0,3
9320,3,0,3
9321,3,0,3
9322,3,0,3
9323,3,0,3
9324,3,0,3
9325,3,0,3
9326,3,0,3
9327,2,0,2
9328,2,0,2
9329,2,0,2
9330,2,0,2
9331,2,0,2
9332,2,0,2
9333,2,0,2
9334,2,0,2
9335,2,0,2
9336,2,0,2
9337,2,0,2
9338,2,0,2
9339,2,0,2
9340,2,0,2
9341,2,0,2
9342,2,0,2
9343,2,0,2
9344,2,0,2
9345,2,0,2
