second,idle_count,walking_count,total_count
0,0,0,0
1,0,0,0
2,0,0,0
3,0,0,0
4,0,0,0
5,0,0,0
6,0,0,0
7,0,0,0
8,0,0,0
9,0,0,0
10,0,0,0
11,0,0,0
12,0,0,0
13,0,0,0
14,0,0,0
15,0,0,0
16,0,0,0
17,0,0,0
18,0,0,0
19,0,0,0
20,0,0,0
21,0,0,0
22,0,0,0
23,0,0,0
24,0,0,0
25,0,0,0
26,0,0,0
27,0,0,0
28,0,0,0
29,0,0,0
30,0,0,0
31,0,0,0
32,0,0,0
33,0,0,0
34,0,0,0
35,0,0,0
36,0,0,0
37,0,0,0
38,0,0,0
39,0,0,0
40,0,0,0
41,0,0,0
42,0,0,0
43,0,0,0
44,0,0,0
45,0,0,0
46,0,0,0
47,0,0,0
48,0,0,0
49,0,0,0
50,0,0,0
51,0,0,0
52,0,0,0
53,0,0,0
54,0,0,0
55,0,0,0
56,0,0,0
57,0,0,0
58,1,0,1
59,1,0,1
60,1,0,1
61,1,0,1
62,1,0,1
63,1,0,1
64,1,0,1
65,1,0,1
66,1,0,1
67,1,0,1
68,1,0,1
69,1,0,1
70,1,0,1
71,1,0,1
72,1,0,1
73,1,0,1
74,1,0,1
75,1,0,1
76,1,0,1
77,1,0,1
78,1,0,1
79,1,0,1
80,1,0,1
81,1,0,1
82,1,0,1
83,1,0,1
84,1,0,1
85,1,0,1
86,1,0,1
87,1,0,1
88,1,0,1
89,1,0,1
90,1,0,1
91,1,0,1
92,1,0,1
93,1,0,1
94,0,0,0
95,0,0,0
96,0,0,0
97,0,0,0
98,0,0,0
99,0,0,0
100,0,0,0
101,0,0,0
102,0,0,0
103,0,0,0
104,0,0,0
105,0,0,0
106,0,0,0
107,0,0,0
108,0,0,0
109,0,0,0
110,0,0,0
111,0,0,0
112,0,0,0
113,0,0,0
114,0,0,0
115,0,0,0
116,0,0,0
117,0,0,0
118,0,0,0
119,0,0,0
120,0,0,0
121,0,0,0
122,0,0,0
123,0,0,0
124,0,0,0
125,0,0,0
126,0,0,0
127,0,0,0
128,0,0,0
129,0,0,0
130,0,0,0
131,0,0,0
132,0,0,0
133,0,0,0
134,0,0,0
135,0,0,0
136,0,0,0
137,0,0,0
138,0,0,0
139,0,0,0
140,0,0,0
141,0,0,0
142,0,0,0
143,0,0,0
144,0,0,0
145,0,0,0
146,0,0,0
147,0,0,0
148,0,0,0
149,0,0,0
150,0,0,0
151,0,0,0
152,0,0,0
153,0,0,0
154,0,0,0
155,0,0,0
156,0,0,0
157,0,0,0
158,0,0,0
159,0,0,0
160,0,0,0
161,0,0,0
162,0,0,0
163,0,0,0
164,0,0,0
165,0,0,0
166,0,0,0
167,0,0,0
168,0,0,0
169,0,0,0
170,0,0,0
171,0,0,0
172,0,0,0
173,0,0,0
174,0,0,0
175,0,0,0
176,0,0,0
177,0,0,0
178,0,0,0
179,0,0,0
180,0,0,0
181,0,0,0
182,0,0,0
183,0,0,0
184,0,0,0
185,0,0,0
186,0,0,0
187,0,0,0
188,0,0,0
189,0,0,0
190,0,0,0
191,0,0,0
192,0,0,0
193,0,0,0
194,0,0,0
195,0,0,0
196,0,0,0
197,0,0,0
198,1,0,1
199,1,0,1
200,1,0,1
201,1,0,1
202,1,0,1
203,1,0,1
204,1,0,1
205,1,0,1
206,1,0,1
207,1,0,1
208,1,0,1
209,1,0,1
210,1,0,1
211,1,0,1
212,1,0,1
213,1,0,1
214,1,0,1
215,1,0,1
216,1,0,1
217,1,0,1
218,1,0,1
219,1,0,1
220,1,0,1
221,1,0,1
222,1,0,1
223,1,0,1
224,1,0,1
225,1,0,1
226,1,0,1
227,1,0,1
228,1,0,1
229,1,0,1
230,1,0,1
231,1,0,1
232,1,0,1
233,1,0,1
234,1,0,1
235,1,0,1
236,1,0,1
237,1,0,1
238,1,0,1
239,1,0,1
240,1,0,1
241,1,0,1
242,1,0,1
243,1,0,1
244,1,0,1
245,1,0,1
246,1,0,1
247,1,0,1
248,1,0,1
249,1,0,1
250,1,0,1
251,1,0,1
252,1,0,1
253,0,0,0
254,0,0,0
255,0,0,0
256,0,0,0
257,0,0,0
258,0,0,0
259,0,0,0
260,0,0,0
261,0,0,0
262,0,0,0
263,0,0,0
264,0,0,0
265,0,0,0
266,0,0,0
267,0,0,0
268,0,0,0
269,0,0,0
270,0,0,0
271,0,0,0
272,0,0,0
273,0,0,0
274,0,0,0
275,0,0,0
276,0,0,0
277,0,0,0
278,0,0,0
279,0,0,0
280,0,0,0
281,0,0,0
282,0,0,0
283,0,0,0
284,0,0,0
285,0,0,0
286,0,0,0
287,0,0,0
288,0,0,0
289,0,0,0
290,0,0,0
291,0,0,0
292,0,0,0
293,0,0,0
294,0,0,0
295,0,0,0
296,0,0,0
297,0,0,0
298,0,0,0
299,0,0,0
300,0,0,0
301,0,0,0
302,0,0,0
303,0,0,0
304,0,0,0
305,0,0,0
306,0,0,0
307,0,0,0
308,0,0,0
309,0,0,0
310,0,0,0
311,0,0,0
312,0,0,0
313,0,0,0
314,0,0,0
315,0,0,0
316,0,0,0
317,0,0,0
318,0,0,0
319,0,0,0
320,0,0,0
321,0,0,0
322,0,0,0
323,0,0,0
324,0,0,0
325,0,0,0
326,0,0,0
327,0,0,0
328,0,0,0
329,0,0,0
330,0,0,0
331,0,0,0
332,0,0,0
333,0,0,0
334,0,0,0
335,0,0,0
336,0,0,0
337,0,0,0
338,0,0,0
339,0,0,0
340,0,0,0
341,0,0,0
342,0,0,0
343,0,0,0
344,0,0,0
345,0,0,0
346,0,0,0
347,0,0,0
348,0,0,0
349,0,0,0
350,0,0,0
351,0,0,0
352,0,0,0
353,0,0,0
354,0,0,0
355,0,0,0
356,0,0,0
357,0,0,0
358,0,0,0
359,0,0,0
360,0,0,0
361,0,0,0
362,0,0,0
363,0,0,0
364,0,0,0
365,0,0,0
366,0,0,0
367,0,0,0
368,0,0,0
369,0,0,0
370,1,0,1
371,1,0,1
372,1,0,1
373,1,0,1
374,1,0,1
375,1,0,1
376,1,0,1
377,1,0,1
378,1,0,1
379,1,0,1
380,1,0,1
381,1,0,1
382,1,0,1
383,1,0,1
384,1,0,1
385,1,0,1
386,1,0,1
387,1,0,1
388,1,0,1
389,1,0,1
390,1,0,1
391,1,0,1
392,1,0,1
393,1,0,1
394,1,0,1
395,1,0,1
396,1,0,1
397,1,0,1
398,1,0,1
399,1,0,1
400,1,0,1
401,1,0,1
402,1,0,1
403,1,0,1
404,1,0,1
405,1,0,1
406,1,0,1
407,1,0,1
408,1,0,1
409,1,0,1
410,1,0,1
411,1,0,1
412,1,0,1
413,1,0,1
414,1,0,1
415,1,0,1
416,1,0,1
417,1,0,1
418,1,0,1
419,1,0,1
420,1,0,1
421,1,0,1
422,1,0,1
423,1,0,1
424,1,0,1
425,1,0,1
426,1,0,1
427,1,0,1
428,1,0,1
429,1,0,1
430,1,0,1
431,1,0,1
432,1,0,1
433,1,0,1
434,1,0,1
435,1,0,1
436,1,0,1
437,1,0,1
438,1,0,1
439,1,0,1
440,1,0,1
441,1,0,1
442,1,0,1
443,1,0,1
444,1,0,1
445,1,0,1
446,1,0,1
447,1,0,1
448,1,0,1
449,1,0,1
450,1,0,1
451,1,0,1
452,1,0,1
453,1,0,1
454,1,0,1
455,1,0,1
456,1,0,1
457,1,0,1
458,1,0,1
459,1,0,1
460,1,0,1
461,1,0,1
462,1,0,1
463,1,0,1
464,1,0,1
465,1,0,1
466,1,0,1
467,1,0,1
468,1,0,1
469,1,0,1
470,0,0,0
471,0,0,0
472,0,0,0
473,0,0,0
474,0,0,0
475,0,0,0
476,0,0,0
477,0,0,0
478,0,0,0
479,0,0,0
480,0,0,0
481,0,0,0
482,0,0,0
483,0,0,0
484,0,0,0
485,0,0,0
486,0,0,0
487,0,0,0
488,0,0,0
489,0,0,0
490,0,0,0
491,0,0,0
492,0,0,0
493,0,0,0
494,0,0,0
495,0,0,0
496,0,0,0
497,0,0,0
498,0,0,0
499,0,0,0
500,0,0,0
501,0,0,0
502,0,0,0
503,0,0,0
504,0,0,0
505,0,0,0
506,0,0,0
507,0,0,0
508,0,0,0
509,0,0,0
510,0,0,0
511,0,0,0
512,0,0,0
513,0,0,0
514,0,0,0
515,0,0,0
516,0,0,0
517,0,0,0
518,0,0,0
519,0,0,0
520,0,0,0
521,0,0,0
522,0,0,0
523,0,0,0
524,0,0,0
525,0,0,0
526,0,0,0
527,0,0,0
528,0,0,0
529,0,0,0
530,0,0,0
531,0,0,0
532,0,0,0
533,0,0,0
534,0,0,0
535,0,0,0
536,0,0,0
537,0,0,0
538,0,0,0
539,0,0,0
540,0,0,0
541,0,0,0
542,0,0,0
543,0,0,0
544,0,0,0
545,0,0,0
546,0,0,0
547,0,0,0
548,0,0,0
549,0,0,0
550,0,0,0
551,0,0,0
552,0,0,0
553,0,0,0
554,0,0,0
555,0,0,0
556,0,0,0
557,0,0,0
558,0,0,0
559,0,0,0
560,0,0,0
561,0,0,0
562,0,0,0
563,0,0,0
564,0,0,0
565,0,0,0
566,0,0,0
567,0,0,0
568,0,0,0
569,0,0,0
570,0,0,0
571,0,0,0
572,0,0,0
573,0,0,0
574,0,0,0
575,0,0,0
576,0,0,0
577,0,0,0
578,0,0,0
579,0,0,0
580,0,0,0
581,0,0,0
582,0,0,0
583,0,0,0
584,0,0,0
585,0,0,0
586,0,0,0
587,0,0,0
588,0,0,0
589,0,0,0
590,0,0,0
591,0,0,0
592,0,0,0
593,0,0,0
594,0,0,0
595,0,0,0
596,0,0,0
597,0,0,0
598,0,0,0
599,0,0,0
600,0,0,0
601,0,0,0
602,0,0,0
603,0,0,0
604,0,0,0
605,0,0,0
606,0,0,0
607,0,0,0
608,0,0,0
609,0,0,0
610,0,0,0
611,0,0,0
612,0,0,0
613,0,0,0
614,0,0,0
615,0,0,0
616,0,0,0
617,0,0,0
618,0,0,0
619,0,0,0
620,0,0,0
621,0,0,0
622,0,0,0
623,0,0,0
624,0,0,0
625,0,0,0
626,0,0,0
627,0,0,0
628,0,0,0
629,0,0,0
630,0,0,0
631,0,0,0
632,0,0,0
633,0,0,0
634,0,0,0
635,0,0,0
636,0,0,0
637,0,0,0
638,0,0,0
639,0,0,0
640,0,0,0
641,0,0,0
642,0,0,0
643,0,0,0
644,0,0,0
645,0,0,0
646,0,0,0
647,0,0,0
648,0,0,0
649,0,0,0
650,0,0,0
651,0,0,0
652,0,0,0
653,0,0,0
654,0,0,0
655,0,0,0
656,0,0,0
657,0,0,0
658,0,0,0
659,0,0,0
660,0,0,0
661,0,0,0
662,0,0,0
663,0,0,0
664,0,0,0
665,0,0,0
666,0,0,0
667,0,0,0
668,0,0,0
669,0,0,0
670,0,0,0
671,0,0,0
672,0,0,0
673,0,0,0
674,0,0,0
675,0,0,0
676,0,0,0
677,0,0,0
678,0,0,0
679,0,0,0
680,0,0,0
681,0,0,0
682,0,0,0
683,0,0,0
684,0,0,0
685,0,0,0
686,0,0,0
687,0,0,0
688,0,0,0
689,0,0,0
690,0,0,0
691,0,0,0
692,0,0,0
693,0,0,0
694,0,0,0
695,0,0,0
696,0,0,0
697,0,0,0
698,0,0,0
699,0,0,0
700,0,0,0
701,0,0,0
702,0,0,0
703,0,0,0
704,0,0,0
705,0,0,0
706,0,0,0
707,0,0,0
708,0,0,0
709,0,0,0
710,0,0,0
711,0,0,0
712,0,0,0
713,0,0,0
714,0,0,0
715,0,0,0
716,0,0,0
717,0,0,0
718,0,0,0
719,0,0,0
720,0,0,0
721,0,0,0
722,0,0,0
723,0,0,0
724,0,0,0
725,0,0,0
726,0,0,0
727,0,0,0
728,0,0,0
729,0,0,0
730,0,0,0
731,0,0,0
732,0,0,0
733,0,0,0
734,0,0,0
735,0,0,0
736,0,0,0
737,0,0,0
738,0,0,0
739,0,0,0
740,0,0,0
741,0,0,0
742,0,0,0
743,0,0,0
744,0,0,0
745,0,0,0
746,0,0,0
747,0,0,0
748,0,0,0
749,0,0,0
750,0,0,0
751,0,0,0
752,0,0,0
753,0,0,0
754,0,0,0
755,0,0,0
756,0,0,0
757,0,0,0
758,0,0,0
759,0,0,0
760,0,0,0
761,0,0,0
762,0,0,0
763,0,0,0
764,0,0,0
765,0,0,0
766,0,0,0
767,0,0,0
768,0,0,0
769,0,0,0
770,0,0,0
771,0,0,0
772,0,0,0
773,0,0,0
774,0,0,0
775,0,0,0
776,0,0,0
777,0,0,0
778,0,0,0
779,0,0,0
780,0,0,0
781,0,0,0
782,0,0,0
783,0,0,0
784,0,0,0
785,0,0,0
786,0,0,0
787,0,0,0
788,0,0,0
789,0,0,0
790,0,0,0
791,0,0,0
792,0,0,0
793,0,0,0
794,0,0,0
795,0,0,0
796,0,0,0
797,0,0,0
798,0,0,0
799,0,0,0
800,0,0,0
801,0,0,0
802,0,0,0
803,0,0,0
804,0,0,0
805,0,0,0
806,0,0,0
807,0,0,0
808,0,0,0
809,0,0,0
810,0,0,0
811,0,0,0
812,0,0,0
813,0,0,0
814,0,0,0
815,0,0,0
816,0,0,0
817,0,0,0
818,0,0,0
819,0,0,0
820,0,0,0
821,0,0,0
822,0,0,0
823,0,0,0
824,0,0,0
825,0,0,0
826,0,0,0
827,0,0,0
828,0,0,0
829,0,0,0
830,0,0,0
831,0,0,0
832,0,0,0
833,0,0,0
834,0,0,0
835,0,0,0
836,0,0,0
837,0,0,0
838,0,0,0
839,0,0,0
840,0,0,0
841,0,0,0
842,0,0,0
843,0,0,0
844,0,0,0
845,0,0,0
846,0,0,0
847,0,0,0
848,0,0,0
849,0,0,0
850,0,0,0
851,0,0,0
852,0,0,0
853,0,0,0
854,0,0,0
855,0,0,0
856,0,0,0
857,0,0,0
858,0,0,0
859,0,0,0
860,0,0,0
861,0,0,0
862,0,0,0
863,0,0,0
864,0,0,0
865,0,0,0
866,0,0,0
867,0,0,0
868,0,0,0
869,0,0,0
870,0,0,0
871,0,0,0
872,0,0,0
873,0,0,0
874,0,0,0
875,0,0,0
876,0,0,0
877,0,0,0
878,0,0,0
879,0,0,0
880,0,0,0
881,0,0,0
882,0,0,0
883,0,0,0
884,0,0,0
885,0,0,0
886,0,0,0
887,0,0,0
888,0,0,0
889,0,0,0
890,0,0,0
891,0,0,0
892,0,0,0
893,0,0,0
894,0,0,0
895,0,0,0
896,0,0,0
897,0,0,0
898,0,0,0
899,0,0,0
900,0,0,0
901,0,0,0
902,0,0,0
903,0,0,0
904,0,0,0
905,0,0,0
906,0,0,0
907,0,0,0
908,0,0,0
909,0,0,0
910,0,0,0
911,0,0,0
912,0,0,0
913,0,0,0
914,0,0,0
915,0,0,0
916,0,0,0
917,0,0,0
918,0,0,0
919,0,0,0
920,0,0,0
921,0,0,0
922,0,0,0
923,0,0,0
924,0,0,0
925,0,0,0
926,0,0,0
927,0,0,0
928,0,0,0
929,0,0,0
930,0,0,0
931,0,0,0
932,0,0,0
933,0,0,0
934,0,0,0
935,0,0,0
936,0,0,0
937,0,0,0
938,0,0,0
939,0,0,0
940,0,0,0
941,0,0,0
942,0,0,0
943,0,0,0
944,0,0,0
945,0,0,0
946,0,0,0
947,0,0,0
948,0,0,0
949,0,0,0
950,0,0,0
951,0,0,0
952,0,0,0
953,0,0,0
954,0,0,0
955,0,0,0
956,0,0,0
957,0,0,0
958,0,0,0
959,0,0,0
960,0,0,0
961,0,0,0
962,0,0,0
963,0,0,0
964,0,0,0
965,0,0,0
966,0,0,0
967,0,0,0
968,0,0,0
969,0,0,0
970,0,0,0
971,0,0,0
972,0,0,0
973,0,0,0
974,0,0,0
975,0,0,0
976,0,0,0
977,0,0,0
978,0,0,0
979,0,0,0
980,0,0,0
981,0,0,0
982,0,0,0
983,0,0,0
984,0,0,0
985,0,0,0
986,0,0,0
987,0,0,0
988,0,0,0
989,0,0,0
990,0,0,0
991,0,0,0
992,0,0,0
993,0,0,0
994,0,0,0
995,0,0,0
996,0,0,0
997,0,0,0
998,0,0,0
999,0,0,0
1000,0,0,0
1001,0,0,0
1002,0,0,0
1003,0,0,0
1004,0,0,0
1005,0,0,0
1006,0,0,0
1007,0,0,0
1008,0,0,0
1009,0,0,0
1010,0,0,0
1011,0,0,0
1012,0,0,0
1013,0,0,0
1014,0,0,0
1015,0,0,0
1016,0,0,0
1017,0,0,0
1018,0,0,0
1019,0,0,0
1020,0,0,0
1021,0,0,0
1022,0,0,0
1023,0,0,0
1024,0,0,0
1025,0,0,0
1026,0,0,0
1027,0,0,0
1028,0,0,0
1029,0,0,0
1030,0,0,0
1031,0,0,0
1032,0,0,0
1033,0,0,0
1034,0,0,0
1035,0,0,0
1036,0,0,0
1037,0,0,0
1038,0,0,0
1039,0,0,0
1040,0,0,0
1041,0,0,0
1042,0,0,0
1043,0,0,0
1044,0,0,0
1045,0,0,0
1046,0,0,0
1047,0,0,0
1048,0,0,0
1049,0,0,0
1050,0,0,0
1051,0,0,0
1052,0,0,0
1053,0,0,0
1054,0,0,0
1055,0,0,0
1056,0,0,0
1057,0,0,0
1058,0,0,0
1059,0,0,0
1060,0,0,0
1061,0,0,0
1062,0,0,0
1063,0,0,0
1064,0,0,0
1065,0,0,0
1066,0,0,0
1067,0,0,0
1068,0,0,0
1069,0,0,0
1070,0,0,0
1071,0,0,0
1072,0,0,0
1073,0,0,0
1074,0,0,0
1075,0,0,0
1076,0,0,0
1077,0,0,0
1078,0,0,0
1079,0,0,0
1080,0,0,0
1081,0,0,0
1082,0,0,0
1083,0,0,0
1084,0,0,0
1085,0,0,0
1086,0,0,0
1087,0,0,0
1088,0,0,0
1089,0,0,0
1090,0,0,0
1091,0,0,0
1092,0,0,0
1093,0,0,0
1094,0,0,0
1095,0,0,0
1096,0,0,0
1097,0,0,0
1098,0,0,0
1099,0,0,0
1100,0,0,0
1101,0,0,0
1102,0,0,0
1103,0,0,0
1104,0,0,0
1105,0,0,0
1106,0,0,0
1107,0,0,0
1108,0,0,0
1109,0,0,0
1110,0,0,0
1111,0,0,0
1112,0,0,0
1113,0,0,0
1114,0,0,0
1115,0,0,0
1116,0,0,0
1117,0,0,0
1118,0,0,0
1119,0,0,0
1120,0,0,0
1121,0,0,0
1122,0,0,0
1123,0,0,0
1124,0,0,0
1125,0,0,0
1126,0,0,0
1127,0,0,0
1128,0,0,0
1129,0,0,0
1130,0,0,0
1131,0,0,0
1132,0,0,0
1133,0,0,0
1134,0,0,0
1135,0,0,0
1136,0,0,0
1137,0,0,0
1138,0,0,0
1139,0,0,0
1140,0,0,0
1141,0,0,0
1142,0,0,0
1143,0,0,0
1144,0,0,0
1145,0,0,0
1146,0,0,0
1147,0,0,0
1148,0,0,0
1149,0,0,0
1150,0,0,0
1151,0,0,0
1152,0,0,0
1153,0,0,0
1154,0,0,0
1155,0,0,0
1156,0,0,0
1157,0,0,0
1158,0,0,0
1159,0,0,0
1160,0,0,0
1161,0,0,0
1162,0,0,0
1163,0,0,0
1164,0,0,0
1165,0,0,0
1166,0,0,0
1167,0,0,0
1168,0,0,0
1169,0,0,0
1170,0,0,0
1171,0,0,0
1172,0,0,0
1173,0,0,0
1174,0,0,0
1175,0,0,0
1176,0,0,0
1177,0,0,0
1178,0,0,0
1179,0,0,0
1180,0,0,0
1181,0,0,0
1182,0,0,0
1183,0,0,0
1184,0,0,0
1185,0,0,0
1186,0,0,0
1187,0,0,0
1188,0,0,0
1189,0,0,0
1190,0,0,0
1191,0,0,0
1192,0,0,0
1193,0,0,0
1194,0,0,0
1195,0,0,0
1196,0,0,0
1197,0,0,0
1198,0,0,0
1199,0,0,0
1200,0,0,0
1201,0,0,0
1202,0,0,0
1203,0,0,0
1204,0,0,0
1205,0,0,0
1206,0,0,0
1207,0,0,0
1208,0,0,0
1209,0,0,0
1210,0,0,0
1211,0,0,0
1212,0,0,0
1213,0,0,0
1214,0,0,0
1215,0,0,0
1216,0,0,0
1217,0,0,0
1218,0,0,0
1219,0,0,0
1220,0,0,0
1221,0,0,0
1222,0,0,0
1223,0,0,0
1224,0,0,0
1225,0,0,0
1226,0,0,0
1227,0,0,0
1228,0,0,0
1229,0,0,0
1230,0,0,0
1231,0,0,0
1232,0,0,0
1233,0,0,0
1234,0,0,0
1235,0,0,0
1236,0,0,0
1237,0,0,0
1238,0,0,0
1239,0,0,0
1240,0,0,0
1241,0,0,0
1242,0,0,0
1243,0,0,0
1244,0,0,0
1245,0,0,0
1246,0,0,0
1247,0,0,0
1248,0,0,0
1249,0,0,0
1250,0,0,0
1251,0,0,0
1252,0,0,0
1253,0,0,0
1254,1,0,1
1255,1,0,1
1256,1,0,1
1257,1,0,1
1258,1,0,1
1259,1,0,1
1260,1,0,1
1261,2,0,2
1262,2,0,2
1263,2,0,2
1264,2,0,2
1265,2,0,2
1266,2,0,2
1267,2,0,2
1268,2,0,2
1269,2,0,2
1270,3,0,3
1271,3,0,3
1272,3,0,3
1273,3,0,3
1274,3,0,3
1275,3,0,3
1276,3,0,3
1277,3,0,3
1278,3,0,3
1279,3,0,3
1280,4,0,4
1281,4,0,4
1282,4,0,4
1283,4,0,4
1284,4,0,4
1285,4,0,4
1286,4,0,4
1287,4,0,4
1288,4,0,4
1289,4,0,4
1290,4,0,4
1291,4,0,4
1292,4,0,4
1293,4,0,4
1294,4,0,4
1295,4,0,4
1296,4,0,4
1297,4,0,4
1298,4,0,4
1299,4,0,4
1300,4,0,4
1301,4,0,4
1302,4,0,4
1303,4,0,4
1304,4,0,4
1305,4,0,4
1306,4,0,4
1307,4,0,4
1308,4,0,4
1309,5,0,5
1310,5,0,5
1311,5,0,5
1312,5,0,5
1313,5,0,5
1314,5,0,5
1315,5,0,5
1316,5,0,5
1317,5,0,5
1318,5,0,5
1319,5,0,5
1320,5,0,5
1321,5,0,5
1322,5,0,5
1323,5,0,5
1324,5,0,5
1325,5,0,5
1326,5,0,5
1327,5,0,5
1328,5,0,5
1329,5,0,5
1330,5,0,5
1331,5,0,5
1332,5,0,5
1333,5,0,5
1334,5,0,5
1335,5,0,5
1336,5,0,5
1337,5,0,5
1338,5,0,5
1339,5,0,5
1340,5,0,5
1341,5,0,5
1342,5,0,5
1343,5,0,5
1344,5,0,5
1345,5,0,5
1346,5,0,5
1347,5,0,5
1348,5,0,5
1349,5,0,5
1350,5,0,5
1351,5,0,5
1352,5,0,5
1353,5,0,5
1354,5,0,5
1355,5,0,5
1356,5,0,5
1357,5,0,5
1358,5,0,5
1359,5,0,5
1360,5,0,5
1361,5,0,5
1362,5,0,5
1363,5,0,5
1364,5,0,5
1365,5,0,5
1366,5,0,5
1367,5,0,5
1368,5,0,5
1369,5,0,5
1370,5,0,5
1371,5,0,5
1372,5,0,5
1373,5,0,5
1374,5,0,5
1375,5,0,5
1376,5,0,5
1377,5,0,5
1378,5,0,5
1379,5,0,5
1380,5,0,5
1381,5,0,5
1382,5,0,5
1383,5,0,5
1384,5,0,5
1385,5,0,5
1386,5,0,5
1387,5,0,5
1388,5,0,5
1389,5,0,5
1390,5,0,5
1391,5,0,5
1392,5,0,5
1393,5,0,5
1394,5,0,5
1395,5,0,5
1396,5,0,5
1397,5,0,5
1398,5,0,5
1399,5,0,5
1400,5,0,5
1401,5,0,5
1402,4,0,4
1403,4,0,4
1404,4,0,4
1405,4,0,4
1406,4,0,4
1407,4,0,4
1408,4,0,4
1409,4,0,4
1410,4,0,4
1411,4,0,4
1412,4,0,4
1413,4,0,4
1414,4,0,4
1415,4,0,4
1416,4,0,4
1417,4,0,4
1418,4,0,4
1419,4,0,4
1420,4,0,4
1421,4,0,4
1422,4,0,4
1423,4,0,4
1424,4,0,4
1425,4,0,4
1426,4,0,4
1427,4,0,4
1428,4,0,4
1429,4,0,4
1430,4,0,4
1431,4,0,4
1432,4,0,4
1433,4,0,4
1434,4,0,4
1435,4,0,4
1436,4,0,4
1437,4,0,4
1438,4,0,4
1439,4,0,4
1440,4,0,4
1441,4,0,4
1442,4,0,4
1443,4,0,4
1444,4,0,4
1445,4,0,4
1446,4,0,4
1447,4,0,4
1448,4,0,4
1449,3,0,3
1450,3,0,3
1451,3,0,3
1452,3,0,3
1453,3,0,3
1454,2,0,2
1455,2,0,2
1456,2,0,2
1457,2,0,2
1458,2,0,2
1459,2,0,2
1460,2,0,2
1461,2,0,2
1462,2,0,2
1463,2,0,2
1464,2,0,2
1465,2,0,2
1466,0,0,0
1467,0,0,0
1468,0,0,0
1469,0,0,0
1470,0,0,0
1471,0,0,0
1472,0,0,0
1473,0,0,0
1474,0,0,0
1475,0,0,0
1476,0,0,0
1477,0,0,0
1478,0,0,0
1479,0,0,0
1480,0,0,0
1481,0,0,0
1482,0,0,0
1483,0,0,0
1484,0,0,0
1485,0,0,0
1486,0,0,0
1487,0,0,0
1488,0,0,0
1489,0,0,0
1490,0,0,0
1491,0,0,0
1492,0,0,0
1493,0,0,0
1494,0,0,0
1495,0,0,0
1496,0,0,0
1497,0,0,0
1498,0,0,0
1499,0,0,0
1500,0,0,0
1501,0,0,0
1502,0,0,0
1503,0,0,0
1504,0,0,0
1505,0,0,0
1506,0,0,0
1507,0,0,0
1508,0,0,0
1509,0,0,0
1510,0,0,0
1511,0,0,0
1512,0,0,0
1513,0,0,0
1514,0,0,0
1515,0,0,0
1516,0,0,0
1517,0,0,0
1518,0,0,0
1519,0,0,0
1520,0,0,0
1521,0,0,0
1522,0,0,0
1523,0,0,0
1524,0,0,0
1525,0,0,0
1526,0,0,0
1527,0,0,0
1528,0,0,0
1529,0,0,0
1530,0,0,0
1531,0,0,0
1532,0,0,0
1533,0,0,0
1534,0,0,0
1535,0,0,0
1536,0,0,0
1537,0,0,0
1538,0,0,0
1539,0,0,0
1540,0,0,0
1541,0,0,0
1542,0,0,0
1543,0,0,0
1544,0,0,0
1545,0,0,0
1546,0,0,0
1547,0,0,0
1548,0,0,0
1549,0,0,0
1550,0,0,0
1551,0,0,0
1552,0,0,0
1553,0,0,0
1554,0,0,0
1555,0,0,0
1556,0,0,0
1557,0,0,0
1558,0,0,0
1559,0,0,0
1560,0,0,0
1561,0,0,0
1562,0,0,0
1563,0,0,0
1564,0,0,0
1565,0,0,0
1566,0,0,0
1567,0,0,0
1568,0,0,0
1569,0,0,0
1570,0,0,0
1571,0,0,0
1572,0,0,0
1573,0,0,0
1574,0,0,0
1575,0,0,0
1576,0,0,0
1577,0,0,0
1578,0,0,0
1579,0,0,0
1580,0,0,0
1581,0,0,0
1582,0,0,0
1583,0,0,0
1584,0,0,0
1585,0,0,0
1586,0,0,0
1587,0,0,0
1588,0,0,0
1589,0,0,0
1590,0,0,0
1591,0,0,0
1592,0,0,0
1593,0,0,0
1594,0,0,0
1595,0,0,0
1596,0,0,0
1597,0,0,0
1598,0,0,0
1599,0,0,0
1600,0,0,0
1601,0,0,0
1602,0,0,0
1603,0,0,0
1604,0,0,0
1605,0,0,0
1606,0,0,0
1607,0,0,0
1608,0,0,0
1609,0,0,0
1610,0,0,0
1611,0,0,0
1612,0,0,0
1613,0,0,0
1614,0,0,0
1615,0,0,0
1616,0,0,0
1617,0,0,0
1618,0,0,0
1619,0,0,0
1620,0,0,0
1621,0,0,0
1622,0,0,0
1623,0,0,0
1624,0,0,0
1625,0,0,0
1626,0,0,0
1627,0,0,0
1628,0,0,0
1629,0,0,0
1630,0,0,0
1631,0,0,0
1632,0,0,0
1633,0,0,0
1634,0,0,0
1635,0,0,0
1636,0,0,0
1637,0,0,0
1638,0,0,0
1639,0,0,0
1640,0,0,0
1641,0,0,0
1642,0,0,0
1643,0,0,0
1644,0,0,0
1645,0,0,0
1646,0,0,0
1647,0,0,0
1648,0,0,0
1649,0,0,0
1650,0,0,0
1651,0,0,0
1652,0,0,0
1653,0,0,0
1654,0,0,0
1655,0,0,0
1656,0,0,0
1657,0,0,0
1658,0,0,0
1659,0,0,0
1660,0,0,0
1661,0,0,0
1662,0,0,0
1663,0,0,0
1664,0,0,0
1665,0,0,0
1666,0,0,0
1667,0,0,0
1668,0,0,0
1669,0,0,0
1670,0,0,0
1671,0,0,0
1672,0,0,0
1673,0,0,0
1674,0,0,0
1675,0,0,0
1676,0,0,0
1677,0,0,0
1678,0,0,0
1679,0,0,0
1680,0,0,0
1681,0,0,0
1682,0,0,0
1683,0,0,0
1684,0,0,0
1685,0,0,0
1686,0,0,0
1687,0,0,0
1688,0,0,0
1689,0,0,0
1690,0,0,0
1691,0,0,0
1692,0,0,0
1693,0,0,0
1694,0,0,0
1695,0,0,0
1696,0,0,0
1697,0,0,0
1698,0,0,0
1699,0,0,0
1700,0,0,0
1701,0,0,0
1702,0,0,0
1703,0,0,0
1704,0,0,0
1705,0,0,0
1706,0,0,0
1707,0,0,0
1708,0,0,0
1709,0,0,0
1710,0,0,0
1711,0,0,0
1712,0,0,0
1713,0,0,0
1714,0,0,0
1715,0,0,0
1716,0,0,0
1717,0,0,0
1718,0,0,0
1719,0,0,0
1720,0,0,0
1721,0,0,0
1722,0,0,0
1723,0,0,0
1724,0,0,0
1725,0,0,0
1726,0,0,0
1727,0,0,0
1728,0,0,0
1729,0,0,0
1730,0,0,0
1731,0,0,0
1732,0,0,0
1733,0,0,0
1734,0,0,0
1735,0,0,0
1736,0,0,0
1737,0,0,0
1738,0,0,0
1739,0,0,0
1740,0,0,0
1741,0,0,0
1742,0,0,0
1743,0,0,0
1744,0,0,0
1745,0,0,0
1746,0,0,0
1747,0,0,0
1748,0,0,0
1749,0,0,0
1750,0,0,0
1751,0,0,0
1752,0,0,0
1753,0,0,0
1754,0,0,0
1755,0,0,0
1756,0,0,0
1757,0,0,0
1758,0,0,0
1759,0,0,0
1760,0,0,0
1761,0,0,0
1762,0,0,0
1763,0,0,0
1764,0,0,0
1765,0,0,0
1766,0,0,0
1767,0,0,0
1768,0,0,0
1769,0,0,0
1770,0,0,0
1771,0,0,0
1772,0,0,0
1773,0,0,0
1774,0,0,0
1775,0,0,0
1776,0,0,0
1777,0,0,0
1778,0,0,0
1779,0,0,0
1780,0,0,0
1781,0,0,0
1782,0,0,0
1783,0,0,0
1784,0,0,0
1785,0,0,0
1786,0,0,0
1787,0,0,0
1788,0,0,0
1789,0,0,0
1790,0,0,0
1791,0,0,0
1792,0,0,0
1793,0,0,0
1794,0,0,0
1795,0,0,0
1796,0,0,0
1797,0,0,0
1798,0,0,0
1799,0,0,0
1800,0,0,0
1801,0,0,0
1802,0,0,0
1803,0,0,0
1804,0,0,0
1805,0,0,0
1806,0,0,0
1807,0,0,0
1808,0,0,0
1809,0,0,0
1810,0,0,0
1811,0,0,0
1812,0,0,0
1813,0,0,0
1814,0,0,0
1815,0,0,0
1816,0,0,0
1817,0,0,0
1818,0,0,0
1819,0,0,0
1820,0,0,0
1821,0,0,0
1822,0,0,0
1823,0,0,0
1824,0,0,0
1825,0,0,0
1826,0,0,0
1827,0,0,0
1828,0,0,0
1829,0,0,0
1830,0,0,0
1831,0,0,0
1832,0,0,0
1833,0,0,0
1834,0,0,0
1835,0,0,0
1836,0,0,0
1837,0,0,0
1838,0,0,0
1839,0,0,0
1840,0,0,0
1841,0,0,0
1842,0,0,0
1843,0,0,0
1844,0,0,0
1845,0,0,0
1846,0,0,0
1847,0,0,0
1848,0,0,0
1849,0,0,0
1850,0,0,0
1851,0,0,0
1852,0,0,0
1853,0,0,0
1854,0,0,0
1855,0,0,0
1856,0,0,0
1857,0,0,0
1858,0,0,0
1859,0,0,0
1860,0,0,0
1861,0,0,0
1862,0,0,0
1863,0,0,0
1864,0,0,0
1865,0,0,0
1866,0,0,0
1867,0,0,0
1868,0,0,0
1869,0,0,0
1870,0,0,0
1871,0,0,0
1872,0,0,0
1873,0,0,0
1874,0,0,0
1875,0,0,0
1876,0,0,0
1877,0,0,0
1878,0,0,0
1879,0,0,0
1880,0,0,0
1881,0,0,0
1882,0,0,0
1883,0,0,0
1884,0,0,0
1885,0,0,0
1886,0,0,0
1887,0,0,0
1888,0,0,0
1889,0,0,0
1890,0,0,0
1891,0,0,0
1892,0,0,0
1893,0,0,0
1894,0,0,0
1895,0,0,0
1896,0,0,0
1897,0,0,0
1898,0,0,0
1899,0,0,0
1900,0,0,0
1901,0,0,0
1902,0,0,0
1903,0,0,0
1904,0,0,0
1905,0,0,0
1906,0,0,0
1907,0,0,0
1908,0,0,0
1909,0,0,0
1910,0,0,0
1911,0,0,0
1912,0,0,0
1913,0,0,0
1914,0,0,0
1915,0,0,0
1916,0,0,0
1917,0,0,0
1918,0,0,0
1919,0,0,0
1920,0,0,0
1921,0,0,0
1922,0,0,0
1923,0,0,0
1924,0,0,0
1925,0,0,0
1926,0,0,0
1927,0,0,0
1928,0,0,0
1929,0,0,0
1930,0,0,0
1931,0,0,0
1932,0,0,0
1933,0,0,0
1934,0,0,0
1935,0,0,0
1936,0,0,0
1937,0,0,0
1938,0,0,0
1939,0,0,0
1940,0,0,0
1941,0,0,0
1942,0,0,0
1943,0,0,0
1944,0,0,0
1945,0,0,0
1946,0,0,0
1947,0,0,0
1948,0,0,0
1949,0,0,0
1950,0,0,0
1951,0,0,0
1952,0,0,0
1953,0,0,0
1954,0,0,0
1955,0,0,0
1956,0,0,0
1957,0,0,0
1958,0,0,0
1959,0,0,0
1960,0,0,0
1961,0,0,0
1962,0,0,0
1963,0,0,0
1964,0,0,0
1965,0,0,0
1966,0,0,0
1967,0,0,0
1968,0,0,0
1969,0,0,0
1970,0,0,0
1971,0,0,0
1972,0,0,0
1973,0,0,0
1974,0,0,0
1975,0,0,0
1976,0,0,0
1977,0,0,0
1978,0,0,0
1979,0,0,0
1980,0,0,0
1981,0,0,0
1982,0,0,0
1983,0,0,0
1984,0,0,0
1985,0,0,0
1986,0,0,0
1987,0,0,0
1988,0,0,0
1989,0,0,0
1990,0,0,0
1991,0,0,0
1992,0,0,0
1993,0,0,0
1994,0,0,0
1995,0,0,0
1996,0,0,0
1997,0,0,0
1998,0,0,0
1999,0,0,0
2000,0,0,0
2001,0,0,0
2002,0,0,0
2003,0,0,0
2004,0,0,0
2005,0,0,0
2006,0,0,0
2007,0,0,0
2008,0,0,0
2009,0,0,0
2010,1,0,1
2011,1,0,1
2012,1,0,1
2013,1,0,1
2014,1,0,1
2015,1,0,1
2016,1,0,1
2017,1,0,1
2018,1,0,1
2019,1,0,1
2020,1,0,1
2021,1,0,1
2022,1,0,1
2023,1,0,1
2024,1,0,1
2025,1,0,1
2026,1,0,1
2027,1,0,1
2028,1,0,1
2029,1,0,1
2030,1,0,1
2031,1,0,1
2032,1,0,1
2033,1,0,1
2034,1,0,1
2035,1,0,1
2036,1,0,1
2037,1,0,1
2038,1,0,1
2039,1,0,1
2040,1,0,1
2041,1,0,1
2042,1,0,1
2043,1,0,1
2044,1,0,1
2045,1,0,1
2046,1,0,1
2047,1,0,1
2048,1,0,1
2049,1,0,1
2050,1,0,1
2051,1,0,1
2052,0,0,0
2053,0,0,0
2054,0,0,0
2055,0,0,0
2056,0,0,0
2057,0,0,0
2058,0,0,0
2059,0,0,0
2060,0,0,0
2061,0,0,0
2062,0,0,0
2063,0,0,0
2064,0,0,0
2065,0,0,0
2066,0,0,0
2067,0,0,0
2068,0,0,0
2069,0,0,0
2070,0,0,0
2071,0,0,0
2072,0,0,0
2073,0,0,0
2074,0,0,0
2075,0,0,0
2076,0,0,0
2077,0,0,0
2078,0,0,0
2079,0,0,0
2080,0,0,0
2081,0,0,0
2082,0,0,0
2083,0,0,0
2084,0,0,0
2085,0,0,0
2086,0,0,0
2087,0,0,0
2088,0,0,0
2089,0,0,0
2090,0,0,0
2091,0,0,0
2092,0,0,0
2093,0,0,0
2094,0,0,0
2095,0,0,0
2096,0,0,0
2097,0,0,0
2098,0,0,0
2099,0,0,0
2100,0,0,0
2101,0,0,0
2102,0,0,0
2103,0,0,0
2104,0,0,0
2105,0,0,0
2106,0,0,0
2107,0,0,0
2108,0,0,0
2109,0,0,0
2110,0,0,0
2111,0,0,0
2112,0,0,0
2113,0,0,0
2114,0,0,0
2115,0,0,0
2116,0,0,0
2117,0,0,0
2118,0,0,0
2119,0,0,0
2120,0,0,0
2121,0,0,0
2122,0,0,0
2123,0,0,0
2124,0,0,0
2125,0,0,0
2126,0,0,0
2127,0,0,0
2128,0,0,0
2129,0,0,0
2130,0,0,0
2131,0,0,0
2132,0,0,0
2133,0,0,0
2134,0,0,0
2135,0,0,0
2136,0,0,0
2137,0,0,0
2138,0,0,0
2139,0,0,0
2140,0,0,0
2141,0,0,0
2142,0,0,0
2143,0,0,0
2144,0,0,0
2145,0,0,0
2146,0,0,0
2147,0,0,0
2148,0,0,0
2149,0,0,0
2150,0,0,0
2151,0,0,0
2152,0,0,0
2153,0,0,0
2154,0,0,0
2155,0,0,0
2156,0,0,0
2157,0,0,0
2158,0,0,0
2159,0,0,0
2160,0,0,0
2161,0,0,0
2162,0,0,0
2163,0,0,0
2164,0,0,0
2165,0,0,0
2166,0,0,0
2167,0,0,0
2168,0,0,0
2169,0,0,0
2170,0,0,0
2171,0,0,0
2172,0,0,0
2173,0,0,0
2174,0,0,0
2175,0,0,0
2176,0,0,0
2177,0,0,0
2178,0,0,0
2179,0,0,0
2180,0,0,0
2181,0,0,0
2182,0,0,0
2183,0,0,0
2184,0,0,0
2185,0,0,0
2186,0,0,0
2187,0,0,0
2188,0,0,0
2189,0,0,0
2190,0,0,0
2191,0,0,0
2192,0,0,0
2193,0,0,0
2194,0,0,0
2195,0,0,0
2196,0,0,0
2197,0,0,0
2198,0,0,0
2199,0,0,0
2200,0,0,0
2201,0,0,0
2202,0,0,0
2203,0,0,0
2204,0,0,0
2205,0,0,0
2206,0,0,0
2207,0,0,0
2208,0,0,0
2209,0,0,0
2210,0,0,0
2211,0,0,0
2212,0,0,0
2213,0,0,0
2214,0,0,0
2215,0,0,0
2216,0,0,0
2217,0,0,0
2218,0,0,0
2219,0,0,0
2220,0,0,0
2221,0,0,0
2222,0,0,0
2223,0,0,0
2224,0,0,0
2225,0,0,0
2226,0,0,0
2227,0,0,0
2228,0,0,0
2229,0,0,0
2230,0,0,0
2231,0,0,0
2232,0,0,0
2233,0,0,0
2234,0,0,0
2235,0,0,0
2236,0,0,0
2237,0,0,0
2238,0,0,0
2239,0,0,0
2240,0,0,0
2241,0,0,0
2242,0,0,0
2243,0,0,0
2244,0,0,0
2245,0,0,0
2246,0,0,0
2247,0,0,0
2248,0,0,0
2249,0,0,0
2250,0,0,0
2251,0,0,0
2252,0,0,0
2253,0,0,0
2254,0,0,0
2255,0,0,0
2256,0,0,0
2257,0,0,0
2258,0,0,0
2259,0,0,0
2260,0,0,0
2261,0,0,0
2262,0,0,0
2263,0,0,0
2264,0,0,0
2265,0,0,0
2266,0,0,0
2267,0,0,0
2268,0,0,0
2269,0,0,0
2270,0,0,0
2271,0,0,0
2272,0,0,0
2273,0,0,0
2274,0,0,0
2275,0,0,0
2276,0,0,0
2277,0,0,0
2278,0,0,0
2279,0,0,0
2280,0,0,0
2281,0,0,0
2282,0,0,0
2283,0,0,0
2284,0,0,0
2285,0,0,0
2286,0,0,0
2287,0,0,0
2288,0,0,0
2289,0,0,0
2290,0,0,0
2291,0,0,0
2292,0,0,0
2293,0,0,0
2294,0,0,0
2295,0,0,0
2296,0,0,0
2297,0,0,0
2298,0,0,0
2299,0,0,0
2300,0,0,0
2301,0,0,0
2302,0,0,0
2303,0,0,0
2304,0,0,0
2305,0,0,0
2306,0,0,0
2307,0,0,0
2308,0,0,0
2309,0,0,0
2310,0,0,0
2311,0,0,0
2312,0,0,0
2313,0,0,0
2314,0,0,0
2315,0,0,0
2316,0,0,0
2317,0,0,0
2318,0,0,0
2319,0,0,0
2320,0,0,0
2321,0,0,0
2322,0,0,0
2323,0,0,0
2324,0,0,0
2325,0,0,0
2326,0,0,0
2327,0,0,0
2328,0,0,0
2329,0,0,0
2330,0,0,0
2331,0,0,0
2332,0,0,0
2333,0,0,0
2334,0,0,0
2335,0,0,0
2336,0,0,0
2337,0,0,0
2338,0,0,0
2339,0,0,0
2340,0,0,0
2341,0,0,0
2342,0,0,0
2343,0,0,0
2344,0,0,0
2345,0,0,0
2346,0,0,0
2347,0,0,0
2348,0,0,0
2349,0,0,0
2350,0,0,0
2351,0,0,0
2352,0,0,0
2353,0,0,0
2354,0,0,0
2355,0,0,0
2356,0,0,0
2357,0,0,0
2358,0,0,0
2359,0,0,0
2360,0,0,0
2361,0,0,0
2362,0,0,0
2363,0,0,0
2364,1,0,1
2365,2,0,2
2366,2,0,2
2367,2,0,2
2368,2,0,2
2369,2,0,2
2370,2,0,2
2371,2,0,2
2372,2,0,2
2373,2,0,2
2374,2,0,2
2375,2,0,2
2376,2,0,2
2377,2,0,2
2378,2,0,2
2379,2,0,2
2380,2,0,2
2381,2,0,2
2382,2,0,2
2383,2,0,2
2384,2,0,2
2385,2,0,2
2386,2,0,2
2387,2,0,2
2388,2,0,2
2389,2,0,2
2390,2,0,2
2391,2,0,2
2392,2,0,2
2393,2,0,2
2394,2,0,2
2395,2,0,2
2396,2,0,2
2397,2,0,2
2398,2,0,2
2399,2,0,2
2400,2,0,2
2401,2,0,2
2402,2,0,2
2403,2,0,2
2404,2,0,2
2405,1,0,1
2406,1,0,1
2407,1,0,1
2408,1,0,1
2409,1,0,1
2410,1,0,1
2411,1,0,1
2412,1,0,1
2413,1,0,1
2414,0,0,0
2415,0,0,0
2416,0,0,0
2417,0,0,0
2418,0,0,0
2419,0,0,0
2420,0,0,0
2421,0,0,0
2422,0,0,0
2423,1,0,1
2424,1,0,1
2425,1,0,1
2426,1,0,1
2427,1,0,1
2428,1,0,1
2429,1,0,1
2430,1,0,1
2431,1,0,1
2432,1,0,1
2433,1,0,1
2434,1,0,1
2435,1,0,1
2436,1,0,1
2437,1,0,1
2438,1,0,1
2439,1,0,1
2440,1,0,1
2441,1,0,1
2442,1,0,1
2443,1,0,1
2444,1,0,1
2445,1,0,1
2446,1,0,1
2447,1,0,1
2448,1,0,1
2449,1,0,1
2450,1,0,1
2451,1,0,1
2452,1,0,1
2453,1,0,1
2454,1,0,1
2455,1,0,1
2456,1,0,1
2457,1,0,1
2458,1,0,1
2459,1,0,1
2460,1,0,1
2461,1,0,1
2462,1,0,1
2463,1,0,1
2464,1,0,1
2465,1,0,1
2466,1,0,1
2467,1,0,1
2468,1,0,1
2469,1,0,1
2470,1,0,1
2471,1,0,1
2472,1,0,1
2473,1,0,1
2474,1,0,1
2475,1,0,1
2476,1,0,1
2477,1,0,1
2478,0,0,0
2479,0,0,0
2480,0,0,0
2481,0,0,0
2482,0,0,0
2483,0,0,0
2484,1,0,1
2485,1,0,1
2486,1,0,1
2487,1,0,1
2488,1,0,1
2489,1,0,1
2490,1,0,1
2491,1,0,1
2492,1,0,1
2493,1,0,1
2494,1,0,1
2495,1,0,1
2496,1,0,1
2497,1,0,1
2498,1,0,1
2499,1,0,1
2500,1,0,1
2501,1,0,1
2502,1,0,1
2503,1,0,1
2504,1,0,1
2505,1,0,1
2506,1,0,1
2507,1,0,1
2508,1,0,1
2509,1,0,1
2510,1,0,1
2511,1,0,1
2512,1,0,1
2513,1,0,1
2514,1,0,1
2515,1,0,1
2516,1,0,1
2517,1,0,1
2518,1,0,1
2519,1,0,1
2520,1,0,1
2521,1,0,1
2522,1,0,1
2523,1,0,1
2524,1,0,1
2525,1,0,1
2526,1,0,1
2527,1,0,1
2528,1,0,1
2529,1,0,1
2530,1,0,1
2531,1,0,1
2532,1,0,1
2533,1,0,1
2534,1,0,1
2535,1,0,1
2536,1,0,1
2537,1,0,1
2538,1,0,1
2539,1,0,1
2540,1,0,1
2541,1,0,1
2542,1,0,1
2543,1,0,1
2544,1,0,1
2545,1,0,1
2546,1,0,1
2547,1,0,1
2548,1,0,1
2549,1,0,1
2550,1,0,1
2551,1,0,1
2552,1,0,1
2553,1,0,1
2554,1,0,1
2555,1,0,1
2556,1,0,1
2557,1,0,1
2558,1,0,1
2559,1,0,1
2560,1,0,1
2561,1,0,1
2562,1,0,1
2563,1,0,1
2564,1,0,1
2565,2,0,2
2566,2,0,2
2567,2,0,2
2568,2,0,2
2569,2,0,2
2570,2,0,2
2571,2,0,2
2572,2,0,2
2573,2,0,2
2574,2,0,2
2575,2,0,2
2576,2,0,2
2577,2,0,2
2578,2,0,2
2579,2,0,2
2580,2,0,2
2581,2,0,2
2582,2,0,2
2583,2,0,2
2584,2,0,2
2585,2,0,2
2586,2,0,2
2587,2,0,2
2588,2,0,2
2589,2,0,2
2590,2,0,2
2591,2,0,2
2592,2,0,2
2593,2,0,2
2594,2,0,2
2595,2,0,2
2596,1,0,1
2597,1,0,1
2598,1,0,1
2599,1,0,1
2600,1,0,1
2601,1,0,1
2602,1,0,1
2603,1,0,1
2604,1,0,1
2605,1,0,1
2606,2,0,2
2607,2,0,2
2608,2,0,2
2609,2,0,2
2610,2,0,2
2611,2,0,2
2612,2,0,2
2613,2,0,2
2614,2,0,2
2615,2,0,2
2616,2,0,2
2617,2,0,2
2618,2,0,2
2619,2,0,2
2620,2,0,2
2621,2,0,2
2622,2,0,2
2623,2,0,2
2624,2,0,2
2625,2,0,2
2626,2,0,2
2627,2,0,2
2628,2,0,2
2629,2,0,2
2630,2,0,2
2631,2,0,2
2632,2,0,2
2633,2,0,2
2634,2,0,2
2635,2,0,2
2636,1,0,1
2637,1,0,1
2638,1,0,1
2639,1,0,1
2640,1,0,1
2641,1,0,1
2642,1,0,1
2643,1,0,1
2644,1,0,1
2645,1,0,1
2646,1,0,1
2647,1,0,1
2648,1,0,1
2649,1,0,1
2650,1,0,1
2651,1,0,1
2652,1,0,1
2653,1,0,1
2654,1,0,1
2655,1,0,1
2656,1,0,1
2657,1,0,1
2658,1,0,1
2659,1,0,1
2660,1,0,1
2661,1,0,1
2662,1,0,1
2663,0,0,0
2664,0,0,0
2665,0,0,0
2666,0,0,0
2667,0,0,0
2668,0,0,0
2669,0,0,0
2670,0,0,0
2671,0,0,0
2672,0,0,0
2673,0,0,0
2674,0,0,0
2675,0,0,0
2676,0,0,0
2677,0,0,0
2678,0,0,0
2679,0,0,0
2680,0,0,0
2681,0,0,0
2682,0,0,0
2683,0,0,0
2684,0,0,0
2685,0,0,0
2686,1,0,1
2687,1,0,1
2688,1,0,1
2689,1,0,1
2690,1,0,1
2691,1,0,1
2692,1,0,1
2693,1,0,1
2694,1,0,1
2695,1,0,1
2696,1,0,1
2697,1,0,1
2698,1,0,1
2699,1,0,1
2700,1,0,1
2701,1,0,1
2702,1,0,1
2703,1,0,1
2704,1,0,1
2705,1,0,1
2706,1,0,1
2707,1,0,1
2708,1,0,1
2709,1,0,1
2710,1,0,1
2711,1,0,1
2712,1,0,1
2713,1,0,1
2714,1,0,1
2715,1,0,1
2716,1,0,1
2717,1,0,1
2718,1,0,1
2719,1,0,1
2720,1,0,1
2721,1,0,1
2722,1,0,1
2723,1,0,1
2724,1,0,1
2725,1,0,1
2726,1,0,1
2727,1,0,1
2728,1,0,1
2729,1,0,1
2730,1,0,1
2731,1,0,1
2732,0,0,0
2733,0,0,0
2734,0,0,0
2735,0,0,0
2736,0,0,0
2737,0,0,0
2738,0,0,0
2739,0,0,0
2740,0,0,0
2741,0,0,0
2742,0,0,0
2743,0,0,0
2744,0,0,0
2745,0,0,0
2746,0,0,0
2747,0,0,0
2748,0,0,0
2749,0,0,0
2750,0,0,0
2751,0,0,0
2752,0,0,0
2753,0,0,0
2754,0,0,0
2755,0,0,0
2756,0,0,0
2757,0,0,0
2758,0,0,0
2759,0,0,0
2760,0,0,0
2761,0,0,0
2762,0,0,0
2763,0,0,0
2764,0,0,0
2765,0,0,0
2766,0,0,0
2767,0,0,0
2768,0,0,0
2769,0,0,0
2770,0,0,0
2771,0,0,0
2772,0,0,0
2773,0,0,0
2774,0,0,0
2775,0,0,0
2776,0,0,0
2777,0,0,0
2778,0,0,0
2779,0,0,0
2780,0,0,0
2781,0,0,0
2782,0,0,0
2783,0,0,0
2784,0,0,0
2785,0,0,0
2786,0,0,0
2787,0,0,0
2788,0,0,0
2789,0,0,0
2790,0,0,0
2791,0,0,0
2792,0,0,0
2793,0,0,0
2794,0,0,0
2795,0,0,0
2796,0,0,0
2797,0,0,0
2798,0,0,0
2799,0,0,0
2800,0,0,0
2801,0,0,0
2802,0,0,0
2803,0,0,0
2804,0,0,0
2805,0,0,0
2806,0,0,0
2807,0,0,0
2808,0,0,0
2809,0,0,0
2810,0,0,0
2811,0,0,0
2812,0,0,0
2813,0,0,0
2814,0,0,0
2815,0,0,0
2816,0,0,0
2817,0,0,0
2818,0,0,0
2819,0,0,0
2820,0,0,0
2821,0,0,0
2822,0,0,0
2823,0,0,0
2824,0,0,0
2825,0,0,0
2826,0,0,0
2827,0,0,0
2828,0,0,0
2829,0,0,0
2830,0,0,0
2831,0,0,0
2832,0,0,0
2833,0,0,0
2834,1,0,1
2835,1,0,1
2836,1,0,1
2837,1,0,1
2838,1,0,1
2839,1,0,1
2840,1,0,1
2841,1,0,1
2842,1,0,1
2843,1,0,1
2844,1,0,1
2845,1,0,1
2846,1,0,1
2847,1,0,1
2848,1,0,1
2849,1,0,1
2850,1,0,1
2851,1,0,1
2852,1,0,1
2853,1,0,1
2854,1,0,1
2855,1,0,1
2856,1,0,1
2857,1,0,1
2858,1,0,1
2859,1,0,1
2860,1,0,1
2861,1,0,1
2862,1,0,1
2863,1,0,1
2864,1,0,1
2865,1,0,1
2866,1,0,1
2867,1,0,1
2868,1,0,1
2869,1,0,1
2870,1,0,1
2871,1,0,1
2872,1,0,1
2873,1,0,1
2874,1,0,1
2875,1,0,1
2876,1,0,1
2877,1,0,1
2878,1,0,1
2879,1,0,1
2880,1,0,1
2881,1,0,1
2882,1,0,1
2883,1,0,1
2884,1,0,1
2885,1,0,1
2886,1,0,1
2887,1,0,1
2888,1,0,1
2889,1,0,1
2890,1,0,1
2891,1,0,1
2892,1,0,1
2893,1,0,1
2894,1,0,1
2895,1,0,1
2896,1,0,1
2897,1,0,1
2898,1,0,1
2899,1,0,1
2900,1,0,1
2901,1,0,1
2902,1,0,1
2903,1,0,1
2904,1,0,1
2905,1,0,1
2906,1,0,1
2907,1,0,1
2908,1,0,1
2909,1,0,1
2910,1,0,1
2911,1,0,1
2912,0,0,0
2913,0,0,0
2914,0,0,0
2915,0,0,0
2916,0,0,0
2917,0,0,0
2918,0,0,0
2919,0,0,0
2920,0,0,0
2921,0,0,0
2922,0,0,0
2923,0,0,0
2924,0,0,0
2925,0,0,0
2926,0,0,0
2927,0,0,0
2928,0,0,0
2929,0,0,0
2930,0,0,0
2931,0,0,0
2932,0,0,0
2933,0,0,0
2934,0,0,0
2935,0,0,0
2936,0,0,0
2937,0,0,0
2938,0,0,0
2939,0,0,0
2940,0,0,0
2941,0,0,0
2942,0,0,0
2943,0,0,0
2944,0,0,0
2945,0,0,0
2946,0,0,0
2947,0,0,0
2948,0,0,0
2949,0,0,0
2950,0,0,0
2951,0,0,0
2952,0,0,0
2953,0,0,0
2954,0,0,0
2955,0,0,0
2956,0,0,0
2957,0,0,0
2958,0,0,0
2959,0,0,0
2960,0,0,0
2961,0,0,0
2962,0,0,0
2963,0,0,0
2964,0,0,0
2965,0,0,0
2966,0,0,0
2967,0,0,0
2968,0,0,0
2969,0,0,0
2970,0,0,0
2971,0,0,0
2972,0,0,0
2973,0,0,0
2974,0,0,0
2975,0,0,0
2976,0,0,0
2977,0,0,0
2978,0,0,0
2979,0,0,0
2980,0,0,0
2981,0,0,0
2982,0,0,0
2983,0,0,0
2984,0,0,0
2985,0,0,0
2986,0,0,0
2987,0,0,0
2988,0,0,0
2989,0,0,0
2990,0,0,0
2991,0,0,0
2992,0,0,0
2993,0,0,0
2994,0,0,0
2995,0,0,0
2996,0,0,0
2997,0,0,0
2998,0,0,0
2999,0,0,0
3000,0,0,0
3001,0,0,0
3002,0,0,0
3003,0,0,0
3004,0,0,0
3005,0,0,0
3006,0,0,0
3007,0,0,0
3008,0,0,0
3009,0,0,0
3010,0,0,0
3011,0,0,0
3012,0,0,0
3013,0,0,0
3014,0,0,0
3015,0,0,0
3016,0,0,0
3017,0,0,0
3018,0,0,0
3019,0,0,0
3020,0,0,0
3021,0,0,0
3022,0,0,0
3023,0,0,0
3024,0,0,0
3025,0,0,0
3026,0,0,0
3027,0,0,0
3028,0,0,0
3029,0,0,0
3030,0,0,0
3031,0,0,0
3032,0,0,0
3033,0,0,0
3034,0,0,0
3035,0,0,0
3036,0,0,0
3037,0,0,0
3038,1,0,1
3039,1,0,1
3040,1,0,1
3041,1,0,1
3042,1,0,1
3043,1,0,1
3044,1,0,1
3045,2,0,2
3046,2,0,2
3047,2,0,2
3048,2,0,2
3049,2,0,2
3050,2,0,2
3051,2,0,2
3052,2,0,2
3053,2,0,2
3054,2,0,2
3055,2,0,2
3056,2,0,2
3057,2,0,2
3058,2,0,2
3059,2,0,2
3060,2,0,2
3061,2,0,2
3062,2,0,2
3063,2,0,2
3064,2,0,2
3065,2,0,2
3066,2,0,2
3067,2,0,2
3068,2,0,2
3069,2,0,2
3070,2,0,2
3071,2,0,2
3072,2,0,2
3073,2,0,2
3074,2,0,2
3075,2,0,2
3076,2,0,2
3077,2,0,2
3078,2,0,2
3079,2,0,2
3080,2,0,2
3081,2,0,2
3082,2,0,2
3083,2,0,2
3084,1,0,1
3085,1,0,1
3086,1,0,1
3087,1,0,1
3088,1,0,1
3089,1,0,1
3090,1,0,1
3091,1,0,1
3092,1,0,1
3093,1,0,1
3094,1,0,1
3095,1,0,1
3096,1,0,1
3097,1,0,1
3098,1,0,1
3099,1,0,1
3100,1,0,1
3101,1,0,1
3102,1,0,1
3103,1,0,1
3104,1,0,1
3105,1,0,1
3106,1,0,1
3107,1,0,1
3108,1,0,1
3109,1,0,1
3110,1,0,1
3111,1,0,1
3112,2,0,2
3113,2,0,2
3114,2,0,2
3115,2,0,2
3116,2,0,2
3117,2,0,2
3118,2,0,2
3119,2,0,2
3120,2,0,2
3121,2,0,2
3122,2,0,2
3123,2,0,2
3124,2,0,2
3125,2,0,2
3126,2,0,2
3127,2,0,2
3128,2,0,2
3129,2,0,2
3130,2,0,2
3131,2,0,2
3132,2,0,2
3133,2,0,2
3134,2,0,2
3135,2,0,2
3136,2,0,2
3137,2,0,2
3138,2,0,2
3139,2,0,2
3140,2,0,2
3141,2,0,2
3142,2,0,2
3143,2,0,2
3144,2,0,2
3145,2,0,2
3146,2,0,2
3147,2,0,2
3148,2,0,2
3149,2,0,2
3150,2,0,2
3151,2,0,2
3152,2,0,2
3153,2,0,2
3154,2,0,2
3155,2,0,2
3156,2,0,2
3157,2,0,2
3158,2,0,2
3159,2,0,2
3160,2,0,2
3161,2,0,2
3162,2,0,2
3163,2,0,2
3164,2,0,2
3165,2,0,2
3166,2,0,2
3167,2,0,2
3168,2,0,2
3169,2,0,2
3170,2,0,2
3171,3,0,3
3172,3,0,3
3173,3,0,3
3174,3,0,3
3175,3,0,3
3176,3,0,3
3177,3,0,3
3178,3,0,3
3179,3,0,3
3180,3,0,3
3181,3,0,3
3182,3,0,3
3183,3,0,3
3184,3,0,3
3185,3,0,3
3186,3,0,3
3187,3,0,3
3188,3,0,3
3189,3,0,3
3190,3,0,3
3191,3,0,3
3192,3,0,3
3193,3,0,3
3194,3,0,3
3195,3,0,3
3196,3,0,3
3197,3,0,3
3198,3,0,3
3199,3,0,3
3200,3,0,3
3201,3,0,3
3202,3,0,3
3203,3,0,3
3204,3,0,3
3205,3,0,3
3206,3,0,3
3207,3,0,3
3208,3,0,3
3209,3,0,3
3210,3,0,3
3211,3,0,3
3212,3,0,3
3213,3,0,3
3214,3,0,3
3215,3,0,3
3216,3,0,3
3217,3,0,3
3218,3,0,3
3219,3,0,3
3220,3,0,3
3221,3,0,3
3222,3,0,3
3223,3,0,3
3224,3,0,3
3225,3,0,3
3226,3,0,3
3227,3,0,3
3228,3,0,3
3229,3,0,3
3230,3,0,3
3231,3,0,3
3232,3,0,3
3233,3,0,3
3234,3,0,3
3235,3,0,3
3236,3,0,3
3237,3,0,3
3238,3,0,3
3239,3,0,3
3240,3,0,3
3241,3,0,3
3242,2,1,3
3243,2,1,3
3244,2,1,3
3245,2,1,3
3246,2,1,3
3247,2,1,3
3248,2,1,3
3249,2,1,3
3250,2,1,3
3251,2,1,3
3252,2,1,3
3253,2,1,3
3254,2,1,3
3255,2,1,3
3256,2,1,3
3257,2,1,3
3258,2,1,3
3259,2,1,3
3260,2,1,3
3261,2,1,3
3262,2,1,3
3263,2,1,3
3264,2,1,3
3265,2,1,3
3266,2,1,3
3267,2,1,3
3268,2,1,3
3269,2,1,3
3270,2,1,3
3271,2,1,3
3272,2,1,3
3273,2,1,3
3274,2,1,3
3275,2,1,3
3276,3,0,3
3277,3,0,3
3278,3,0,3
3279,3,0,3
3280,3,0,3
3281,3,0,3
3282,3,0,3
3283,3,0,3
3284,3,0,3
3285,3,0,3
3286,3,0,3
3287,3,0,3
3288,4,0,4
3289,4,0,4
3290,4,0,4
3291,4,0,4
3292,4,0,4
3293,4,0,4
3294,4,0,4
3295,4,0,4
3296,4,0,4
3297,4,0,4
3298,4,0,4
3299,4,0,4
3300,4,0,4
3301,4,0,4
3302,4,0,4
3303,4,0,4
3304,5,0,5
3305,5,0,5
3306,5,0,5
3307,5,0,5
3308,5,0,5
3309,5,0,5
3310,5,0,5
3311,5,0,5
3312,5,0,5
3313,5,0,5
3314,5,0,5
3315,4,0,4
3316,4,0,4
3317,4,0,4
3318,4,0,4
3319,4,0,4
3320,4,0,4
3321,4,0,4
3322,4,0,4
3323,4,0,4
3324,4,0,4
3325,4,0,4
3326,4,0,4
3327,4,0,4
3328,4,0,4
3329,4,0,4
3330,4,0,4
3331,4,0,4
3332,4,0,4
3333,4,0,4
3334,4,0,4
3335,4,0,4
3336,3,0,3
3337,3,0,3
3338,3,0,3
3339,3,0,3
3340,3,0,3
3341,3,0,3
3342,3,0,3
3343,3,0,3
3344,3,0,3
3345,3,0,3
3346,3,0,3
3347,3,0,3
3348,3,0,3
3349,3,0,3
3350,3,0,3
3351,3,0,3
3352,3,0,3
3353,3,0,3
3354,3,0,3
3355,3,0,3
3356,3,0,3
3357,3,0,3
3358,3,0,3
3359,3,0,3
3360,3,0,3
3361,3,0,3
3362,2,0,2
3363,2,0,2
3364,2,0,2
3365,2,0,2
3366,2,0,2
3367,2,0,2
3368,2,0,2
3369,2,0,2
3370,2,0,2
3371,2,0,2
3372,2,0,2
3373,2,0,2
3374,2,0,2
3375,2,0,2
3376,2,0,2
3377,2,0,2
3378,2,0,2
3379,2,0,2
3380,2,0,2
3381,2,0,2
3382,2,0,2
3383,2,0,2
3384,2,0,2
3385,2,0,2
3386,2,0,2
3387,2,0,2
3388,2,0,2
3389,2,0,2
3390,2,0,2
3391,2,0,2
3392,2,0,2
3393,2,0,2
3394,2,0,2
3395,2,0,2
3396,1,0,1
3397,1,0,1
3398,1,0,1
3399,1,0,1
3400,1,0,1
3401,1,0,1
3402,1,0,1
3403,1,0,1
3404,1,0,1
3405,1,0,1
3406,1,0,1
3407,1,0,1
3408,1,0,1
3409,1,0,1
3410,1,0,1
3411,1,0,1
3412,1,0,1
3413,1,0,1
3414,1,0,1
3415,1,0,1
3416,1,0,1
3417,1,0,1
3418,1,0,1
3419,1,0,1
3420,1,0,1
3421,1,0,1
3422,1,0,1
3423,1,0,1
3424,1,0,1
3425,1,0,1
3426,1,0,1
3427,1,0,1
3428,1,0,1
3429,1,0,1
3430,1,0,1
3431,1,0,1
3432,1,0,1
3433,1,0,1
3434,1,0,1
3435,1,0,1
3436,1,0,1
3437,1,0,1
3438,1,0,1
3439,1,0,1
3440,1,0,1
3441,1,0,1
3442,1,0,1
3443,1,0,1
3444,1,0,1
3445,1,0,1
3446,1,0,1
3447,1,0,1
3448,1,0,1
3449,1,0,1
3450,1,0,1
3451,1,0,1
3452,1,0,1
3453,1,0,1
3454,1,0,1
3455,1,0,1
3456,1,0,1
3457,1,0,1
3458,1,0,1
3459,1,0,1
3460,1,0,1
3461,1,0,1
3462,1,0,1
3463,1,0,1
3464,1,0,1
3465,1,0,1
3466,1,0,1
3467,1,0,1
3468,1,0,1
3469,1,0,1
3470,1,0,1
3471,1,0,1
3472,1,0,1
3473,1,0,1
3474,1,0,1
3475,1,0,1
3476,1,0,1
3477,1,0,1
3478,1,0,1
3479,1,0,1
3480,1,0,1
3481,1,0,1
3482,1,0,1
3483,1,0,1
3484,1,0,1
3485,1,0,1
3486,1,0,1
3487,1,0,1
3488,1,0,1
3489,2,0,2
3490,2,0,2
3491,2,0,2
3492,2,0,2
3493,2,0,2
3494,2,0,2
3495,2,0,2
3496,2,0,2
3497,2,0,2
3498,2,0,2
3499,2,0,2
3500,2,0,2
3501,2,0,2
3502,2,0,2
3503,2,0,2
3504,2,0,2
3505,2,0,2
3506,2,0,2
3507,2,0,2
3508,2,0,2
3509,2,0,2
3510,2,0,2
3511,2,0,2
3512,2,0,2
3513,2,0,2
3514,2,0,2
3515,2,0,2
3516,2,0,2
3517,2,0,2
3518,2,0,2
3519,2,0,2
3520,2,0,2
3521,2,0,2
3522,2,0,2
3523,2,0,2
3524,2,0,2
3525,2,0,2
3526,2,0,2
3527,1,0,1
3528,1,0,1
3529,1,0,1
3530,1,0,1
3531,1,0,1
3532,1,0,1
3533,1,0,1
3534,1,0,1
3535,1,0,1
3536,1,0,1
3537,1,0,1
3538,1,0,1
3539,0,0,0
3540,0,0,0
3541,0,0,0
3542,0,0,0
3543,0,0,0
3544,0,0,0
3545,0,0,0
3546,0,0,0
3547,0,0,0
3548,0,0,0
3549,0,0,0
3550,0,0,0
3551,0,0,0
3552,0,0,0
3553,0,0,0
3554,0,0,0
3555,0,0,0
3556,0,0,0
3557,0,0,0
3558,0,0,0
3559,0,0,0
3560,0,0,0
3561,0,0,0
3562,0,0,0
3563,0,0,0
3564,0,0,0
3565,0,0,0
3566,0,0,0
3567,0,0,0
3568,0,0,0
3569,0,0,0
3570,0,0,0
3571,0,0,0
3572,0,0,0
3573,0,0,0
3574,0,0,0
3575,0,0,0
3576,0,0,0
3577,0,0,0
3578,0,0,0
3579,0,0,0
3580,0,0,0
3581,0,0,0
3582,0,0,0
3583,0,0,0
3584,0,0,0
3585,0,0,0
3586,0,0,0
3587,0,0,0
3588,0,0,0
3589,0,0,0
3590,0,0,0
3591,0,0,0
3592,0,0,0
3593,0,0,0
3594,0,0,0
3595,0,0,0
3596,0,0,0
3597,0,0,0
3598,0,0,0
3599,0,0,0
3600,0,0,0
3601,0,0,0
3602,0,0,0
3603,0,0,0
3604,0,0,0
3605,0,0,0
3606,0,0,0
3607,0,0,0
3608,0,0,0
3609,0,0,0
3610,0,0,0
3611,0,0,0
3612,0,0,0
3613,0,0,0
3614,0,0,0
3615,0,0,0
3616,0,0,0
3617,0,0,0
3618,0,0,0
3619,0,0,0
3620,0,0,0
3621,0,0,0
3622,0,0,0
3623,0,0,0
3624,0,0,0
3625,0,0,0
3626,0,0,0
3627,0,0,0
3628,0,0,0
3629,0,0,0
3630,0,0,0
3631,0,0,0
3632,0,0,0
3633,0,0,0
3634,0,0,0
3635,0,0,0
3636,0,0,0
3637,0,0,0
3638,0,0,0
3639,0,0,0
3640,0,0,0
3641,0,0,0
3642,0,0,0
3643,0,0,0
3644,0,0,0
3645,0,0,0
3646,0,0,0
3647,0,0,0
3648,0,0,0
3649,0,0,0
3650,0,0,0
3651,0,0,0
3652,0,0,0
3653,0,0,0
3654,0,0,0
3655,0,0,0
3656,0,0,0
3657,0,0,0
3658,0,0,0
3659,0,0,0
3660,0,0,0
3661,0,0,0
3662,0,0,0
3663,0,0,0
3664,0,0,0
3665,0,0,0
3666,0,0,0
3667,0,0,0
3668,0,0,0
3669,0,0,0
3670,0,0,0
3671,0,0,0
3672,0,0,0
3673,0,0,0
3674,0,0,0
3675,0,0,0
3676,0,0,0
3677,0,0,0
3678,0,0,0
3679,0,0,0
3680,0,0,0
3681,0,0,0
3682,0,0,0
3683,0,0,0
3684,0,0,0
3685,0,0,0
3686,0,0,0
3687,0,0,0
3688,0,0,0
3689,0,0,0
3690,0,0,0
3691,0,0,0
3692,0,0,0
3693,0,0,0
3694,0,0,0
3695,0,0,0
3696,0,0,0
3697,0,0,0
3698,0,0,0
3699,0,0,0
3700,0,0,0
3701,0,0,0
3702,0,0,0
3703,0,0,0
3704,0,0,0
3705,0,0,0
3706,0,0,0
3707,0,0,0
3708,0,0,0
3709,0,0,0
3710,0,0,0
3711,0,0,0
3712,0,0,0
3713,0,0,0
3714,0,0,0
3715,0,0,0
3716,0,0,0
3717,0,0,0
3718,0,0,0
3719,0,0,0
3720,0,0,0
3721,0,0,0
3722,0,0,0
3723,0,0,0
3724,0,0,0
3725,0,0,0
3726,0,0,0
3727,0,0,0
3728,0,0,0
3729,0,0,0
3730,0,0,0
3731,0,0,0
3732,0,0,0
3733,0,0,0
3734,0,0,0
3735,0,0,0
3736,0,0,0
3737,0,0,0
3738,0,0,0
3739,0,0,0
3740,0,0,0
3741,0,0,0
3742,0,0,0
3743,0,0,0
3744,0,0,0
3745,0,0,0
3746,0,0,0
3747,0,0,0
3748,0,0,0
3749,0,0,0
3750,0,0,0
3751,0,0,0
3752,0,0,0
3753,0,0,0
3754,0,0,0
3755,0,0,0
3756,0,0,0
3757,0,0,0
3758,0,0,0
3759,0,0,0
3760,0,0,0
3761,0,0,0
3762,0,0,0
3763,0,0,0
3764,0,0,0
3765,0,0,0
3766,0,0,0
3767,0,0,0
3768,0,0,0
3769,0,0,0
3770,0,0,0
3771,0,0,0
3772,0,0,0
3773,0,0,0
3774,0,0,0
3775,0,0,0
3776,0,0,0
3777,0,0,0
3778,0,0,0
3779,0,0,0
3780,0,0,0
3781,0,0,0
3782,0,0,0
3783,0,0,0
3784,0,0,0
3785,0,0,0
3786,0,0,0
3787,0,0,0
3788,0,0,0
3789,0,0,0
3790,0,0,0
3791,0,0,0
3792,0,0,0
3793,0,0,0
3794,0,0,0
3795,0,0,0
3796,0,0,0
3797,0,0,0
3798,0,0,0
3799,0,0,0
3800,0,0,0
3801,0,0,0
3802,0,0,0
3803,0,0,0
3804,0,0,0
3805,0,0,0
3806,0,0,0
3807,0,0,0
3808,0,0,0
3809,0,0,0
3810,0,0,0
3811,0,0,0
3812,0,0,0
3813,0,0,0
3814,0,0,0
3815,0,0,0
3816,0,0,0
3817,0,0,0
3818,0,0,0
3819,0,0,0
3820,0,0,0
3821,0,0,0
3822,0,0,0
3823,0,0,0
3824,0,0,0
3825,0,0,0
3826,0,0,0
3827,0,0,0
3828,0,0,0
3829,0,0,0
3830,0,0,0
3831,0,0,0
3832,0,0,0
3833,0,0,0
3834,0,0,0
3835,0,0,0
3836,0,0,0
3837,0,0,0
3838,0,0,0
3839,0,0,0
3840,0,0,0
3841,0,0,0
3842,0,0,0
3843,0,0,0
3844,0,0,0
3845,0,0,0
3846,0,0,0
3847,0,0,0
3848,0,0,0
3849,0,0,0
3850,0,0,0
3851,0,0,0
3852,0,0,0
3853,0,0,0
3854,0,0,0
3855,0,0,0
3856,0,0,0
3857,0,0,0
3858,0,0,0
3859,0,0,0
3860,0,0,0
3861,0,0,0
3862,0,0,0
3863,0,0,0
3864,0,0,0
3865,0,0,0
3866,0,0,0
3867,0,0,0
3868,0,0,0
3869,0,0,0
3870,0,0,0
3871,0,0,0
3872,0,0,0
3873,0,0,0
3874,0,0,0
3875,0,0,0
3876,0,0,0
3877,0,0,0
3878,0,0,0
3879,0,0,0
3880,0,0,0
3881,0,0,0
3882,0,0,0
3883,1,0,1
3884,1,0,1
3885,1,0,1
3886,1,0,1
3887,1,0,1
3888,1,0,1
3889,1,0,1
3890,1,0,1
3891,1,0,1
3892,1,0,1
3893,1,0,1
3894,1,0,1
3895,1,0,1
3896,1,0,1
3897,1,0,1
3898,1,0,1
3899,1,0,1
3900,1,0,1
3901,1,0,1
3902,1,0,1
3903,1,0,1
3904,1,0,1
3905,1,0,1
3906,1,0,1
3907,1,0,1
3908,1,0,1
3909,1,0,1
3910,1,0,1
3911,1,0,1
3912,1,0,1
3913,1,0,1
3914,1,0,1
3915,1,0,1
3916,1,0,1
3917,1,0,1
3918,1,0,1
3919,1,0,1
3920,1,0,1
3921,1,0,1
3922,1,0,1
3923,1,0,1
3924,1,0,1
3925,1,0,1
3926,1,0,1
3927,1,0,1
3928,1,0,1
3929,1,0,1
3930,1,0,1
3931,1,0,1
3932,1,0,1
3933,1,0,1
3934,1,0,1
3935,1,0,1
3936,1,0,1
3937,1,0,1
3938,1,0,1
3939,1,0,1
3940,1,0,1
3941,1,0,1
3942,1,0,1
3943,1,0,1
3944,1,0,1
3945,1,0,1
3946,1,0,1
3947,1,0,1
3948,1,0,1
3949,1,0,1
3950,1,0,1
3951,1,0,1
3952,1,0,1
3953,1,0,1
3954,1,0,1
3955,1,0,1
3956,1,0,1
3957,2,0,2
3958,2,0,2
3959,2,0,2
3960,2,0,2
3961,2,0,2
3962,2,0,2
3963,2,0,2
3964,2,0,2
3965,2,0,2
3966,1,0,1
3967,1,0,1
3968,1,0,1
3969,1,0,1
3970,1,0,1
3971,1,0,1
3972,1,0,1
3973,1,0,1
3974,1,0,1
3975,1,0,1
3976,1,0,1
3977,1,0,1
3978,1,0,1
3979,1,0,1
3980,1,0,1
3981,1,0,1
3982,1,0,1
3983,1,0,1
3984,1,0,1
3985,1,0,1
3986,1,0,1
3987,1,0,1
3988,1,0,1
3989,1,0,1
3990,1,0,1
3991,1,0,1
3992,1,0,1
3993,1,0,1
3994,1,0,1
3995,1,0,1
3996,1,0,1
3997,1,0,1
3998,1,0,1
3999,1,0,1
4000,1,0,1
4001,1,0,1
4002,1,0,1
4003,0,0,0
4004,0,0,0
4005,0,0,0
4006,0,0,0
4007,0,0,0
4008,0,0,0
4009,0,0,0
4010,0,0,0
4011,0,0,0
4012,0,0,0
4013,0,0,0
4014,0,0,0
4015,0,0,0
4016,0,0,0
4017,0,0,0
4018,0,0,0
4019,0,0,0
4020,0,0,0
4021,0,0,0
4022,0,0,0
4023,0,0,0
4024,0,0,0
4025,0,0,0
4026,0,0,0
4027,0,0,0
4028,0,0,0
4029,0,0,0
4030,0,0,0
4031,0,0,0
4032,0,0,0
4033,0,0,0
4034,0,0,0
4035,0,0,0
4036,0,0,0
4037,0,0,0
4038,0,0,0
4039,0,0,0
4040,0,0,0
4041,0,0,0
4042,0,0,0
4043,0,0,0
4044,0,0,0
4045,0,0,0
4046,0,0,0
4047,0,0,0
4048,0,0,0
4049,0,0,0
4050,0,0,0
4051,0,0,0
4052,0,0,0
4053,0,0,0
4054,0,0,0
4055,0,0,0
4056,0,0,0
4057,0,0,0
4058,0,0,0
4059,0,0,0
4060,0,0,0
4061,0,0,0
4062,0,0,0
4063,0,0,0
4064,0,0,0
4065,0,0,0
4066,0,0,0
4067,0,0,0
4068,0,0,0
4069,0,0,0
4070,0,0,0
4071,0,0,0
4072,0,0,0
4073,0,0,0
4074,0,0,0
4075,0,0,0
4076,0,0,0
4077,0,0,0
4078,0,0,0
4079,0,0,0
4080,0,0,0
4081,0,0,0
4082,0,0,0
4083,0,0,0
4084,0,0,0
4085,0,0,0
4086,0,0,0
4087,0,0,0
4088,0,0,0
4089,0,0,0
4090,0,0,0
4091,0,0,0
4092,0,0,0
4093,0,0,0
4094,0,0,0
4095,0,0,0
4096,0,0,0
4097,0,0,0
4098,0,0,0
4099,0,0,0
4100,0,0,0
4101,0,0,0
4102,0,0,0
4103,0,0,0
4104,0,0,0
4105,0,0,0
4106,0,0,0
4107,0,0,0
4108,0,0,0
4109,0,0,0
4110,0,0,0
4111,0,0,0
4112,0,0,0
4113,0,0,0
4114,0,0,0
4115,0,0,0
4116,0,0,0
4117,0,0,0
4118,0,0,0
4119,0,0,0
4120,0,0,0
4121,0,0,0
4122,0,0,0
4123,0,0,0
4124,0,0,0
4125,0,0,0
4126,0,0,0
4127,0,0,0
4128,0,0,0
4129,0,0,0
4130,0,0,0
4131,0,0,0
4132,0,0,0
4133,0,0,0
4134,0,0,0
4135,0,0,0
4136,0,0,0
4137,0,0,0
4138,0,0,0
4139,0,0,0
4140,0,0,0
4141,0,0,0
4142,0,0,0
4143,0,0,0
4144,0,0,0
4145,0,0,0
4146,0,0,0
4147,0,0,0
4148,0,0,0
4149,0,0,0
4150,0,0,0
4151,0,0,0
4152,0,0,0
4153,0,0,0
4154,0,0,0
4155,0,0,0
4156,0,0,0
4157,0,0,0
4158,0,0,0
4159,0,0,0
4160,0,0,0
4161,0,0,0
4162,0,0,0
4163,0,0,0
4164,0,0,0
4165,0,0,0
4166,0,0,0
4167,0,0,0
4168,0,0,0
4169,0,0,0
4170,0,0,0
4171,0,0,0
4172,0,0,0
4173,0,0,0
4174,0,0,0
4175,0,0,0
4176,0,0,0
4177,0,0,0
4178,0,0,0
4179,0,0,0
4180,0,0,0
4181,0,0,0
4182,0,0,0
4183,0,0,0
4184,0,0,0
4185,0,0,0
4186,0,0,0
4187,0,0,0
4188,0,0,0
4189,0,0,0
4190,0,0,0
4191,0,0,0
4192,0,0,0
4193,0,0,0
4194,0,0,0
4195,0,0,0
4196,0,0,0
4197,0,0,0
4198,0,0,0
4199,0,0,0
4200,0,0,0
4201,0,0,0
4202,0,0,0
4203,0,0,0
4204,0,0,0
4205,0,0,0
4206,0,0,0
4207,0,0,0
4208,0,0,0
4209,0,0,0
4210,0,0,0
4211,0,0,0
4212,0,0,0
4213,0,0,0
4214,0,0,0
4215,0,0,0
4216,0,0,0
4217,0,0,0
4218,0,0,0
4219,0,0,0
4220,0,0,0
4221,0,0,0
4222,0,0,0
4223,0,0,0
4224,0,0,0
4225,0,0,0
4226,0,0,0
4227,0,0,0
4228,0,0,0
4229,0,0,0
4230,0,0,0
4231,0,0,0
4232,0,0,0
4233,0,0,0
4234,0,0,0
4235,0,0,0
4236,0,0,0
4237,0,0,0
4238,0,0,0
4239,0,0,0
4240,0,0,0
4241,0,0,0
4242,0,0,0
4243,0,0,0
4244,0,0,0
4245,0,0,0
4246,0,0,0
4247,0,0,0
4248,0,0,0
4249,0,0,0
4250,0,0,0
4251,0,0,0
4252,0,0,0
4253,0,0,0
4254,0,0,0
4255,0,0,0
4256,0,0,0
4257,0,0,0
4258,0,0,0
4259,0,0,0
4260,0,0,0
4261,0,0,0
4262,0,0,0
4263,0,0,0
4264,0,0,0
4265,0,0,0
4266,0,0,0
4267,0,0,0
4268,0,0,0
4269,0,0,0
4270,0,0,0
4271,0,0,0
4272,0,0,0
4273,0,0,0
4274,0,0,0
4275,0,0,0
4276,0,0,0
4277,0,0,0
4278,0,0,0
4279,0,0,0
4280,0,0,0
4281,0,0,0
4282,0,0,0
4283,0,0,0
4284,0,0,0
4285,0,0,0
4286,0,0,0
4287,0,0,0
4288,0,0,0
4289,0,0,0
4290,0,0,0
4291,0,0,0
4292,0,0,0
4293,0,0,0
4294,0,0,0
4295,0,0,0
4296,0,0,0
4297,0,0,0
4298,0,0,0
4299,0,0,0
4300,0,0,0
4301,0,0,0
4302,0,0,0
4303,0,0,0
4304,0,0,0
4305,0,0,0
4306,0,0,0
4307,0,0,0
4308,0,0,0
4309,0,0,0
4310,0,0,0
4311,0,0,0
4312,0,0,0
4313,0,0,0
4314,0,0,0
4315,0,0,0
4316,0,0,0
4317,0,0,0
4318,0,0,0
4319,0,0,0
4320,0,0,0
4321,0,0,0
4322,0,0,0
4323,0,0,0
4324,0,0,0
4325,0,0,0
4326,0,0,0
4327,0,0,0
4328,0,0,0
4329,0,0,0
4330,0,0,0
4331,0,0,0
4332,0,0,0
4333,0,0,0
4334,0,0,0
4335,0,0,0
4336,0,0,0
4337,0,0,0
4338,0,0,0
4339,0,0,0
4340,0,0,0
4341,0,0,0
4342,0,0,0
4343,0,0,0
4344,0,0,0
4345,0,0,0
4346,0,0,0
4347,0,0,0
4348,0,0,0
4349,0,0,0
4350,0,0,0
4351,0,0,0
4352,0,0,0
4353,0,0,0
4354,0,0,0
4355,0,0,0
4356,0,0,0
4357,0,0,0
4358,0,0,0
4359,0,0,0
4360,0,0,0
4361,0,0,0
4362,0,0,0
4363,0,0,0
4364,0,0,0
4365,0,0,0
4366,0,0,0
4367,0,0,0
4368,0,0,0
4369,0,0,0
4370,0,0,0
4371,0,0,0
4372,0,0,0
4373,0,0,0
4374,0,0,0
4375,0,0,0
4376,0,0,0
4377,0,0,0
4378,0,0,0
4379,0,0,0
4380,0,0,0
4381,0,0,0
4382,0,0,0
4383,0,0,0
4384,0,0,0
4385,0,0,0
4386,0,0,0
4387,0,0,0
4388,0,0,0
4389,0,0,0
4390,0,0,0
4391,0,0,0
4392,0,0,0
4393,0,0,0
4394,0,0,0
4395,0,0,0
4396,0,0,0
4397,0,0,0
4398,0,0,0
4399,0,0,0
4400,0,0,0
4401,0,0,0
4402,0,0,0
4403,0,0,0
4404,0,0,0
4405,0,0,0
4406,0,0,0
4407,0,0,0
4408,0,0,0
4409,0,0,0
4410,0,0,0
4411,0,0,0
4412,0,0,0
4413,0,0,0
4414,0,0,0
4415,0,0,0
4416,0,0,0
4417,0,0,0
4418,0,0,0
4419,0,0,0
4420,0,0,0
4421,0,0,0
4422,0,0,0
4423,0,0,0
4424,0,0,0
4425,0,0,0
4426,0,0,0
4427,0,0,0
4428,0,0,0
4429,0,0,0
4430,0,0,0
4431,0,0,0
4432,0,0,0
4433,0,0,0
4434,0,0,0
4435,0,0,0
4436,0,0,0
4437,0,0,0
4438,0,0,0
4439,0,0,0
4440,0,0,0
4441,0,0,0
4442,0,0,0
4443,0,0,0
4444,0,0,0
4445,0,0,0
4446,0,0,0
4447,0,0,0
4448,0,0,0
4449,0,0,0
4450,0,0,0
4451,0,0,0
4452,0,0,0
4453,0,0,0
4454,0,0,0
4455,0,0,0
4456,0,0,0
4457,0,0,0
4458,0,0,0
4459,0,0,0
4460,0,0,0
4461,0,0,0
4462,0,0,0
4463,0,0,0
4464,0,0,0
4465,0,0,0
4466,0,0,0
4467,0,0,0
4468,0,0,0
4469,0,0,0
4470,0,0,0
4471,0,0,0
4472,0,0,0
4473,0,0,0
4474,0,0,0
4475,0,0,0
4476,0,0,0
4477,0,0,0
4478,0,0,0
4479,0,0,0
4480,0,0,0
4481,0,0,0
4482,0,0,0
4483,0,0,0
4484,0,0,0
4485,0,0,0
4486,0,0,0
4487,0,0,0
4488,0,0,0
4489,0,0,0
4490,0,0,0
4491,0,0,0
4492,0,0,0
4493,0,0,0
4494,0,0,0
4495,0,0,0
4496,0,0,0
4497,0,0,0
4498,0,0,0
4499,0,0,0
4500,0,0,0
4501,0,0,0
4502,0,0,0
4503,0,0,0
4504,0,0,0
4505,0,0,0
4506,0,0,0
4507,0,0,0
4508,0,0,0
4509,0,0,0
4510,0,0,0
4511,0,0,0
4512,0,0,0
4513,0,0,0
4514,0,0,0
4515,0,0,0
4516,0,0,0
4517,0,0,0
4518,0,0,0
4519,0,0,0
4520,0,0,0
4521,0,0,0
4522,0,0,0
4523,0,0,0
4524,0,0,0
4525,0,0,0
4526,0,0,0
4527,0,0,0
4528,0,0,0
4529,0,0,0
4530,0,0,0
4531,0,0,0
4532,0,0,0
4533,0,0,0
4534,0,0,0
4535,0,0,0
4536,0,0,0
4537,0,0,0
4538,0,0,0
4539,0,0,0
4540,0,0,0
4541,0,0,0
4542,0,0,0
4543,0,0,0
4544,0,0,0
4545,0,0,0
4546,0,0,0
4547,0,0,0
4548,0,0,0
4549,0,0,0
4550,0,0,0
4551,0,0,0
4552,0,0,0
4553,0,0,0
4554,0,0,0
4555,0,0,0
4556,0,0,0
4557,0,0,0
4558,0,0,0
4559,0,0,0
4560,0,0,0
4561,0,0,0
4562,1,0,1
4563,1,0,1
4564,1,0,1
4565,1,0,1
4566,1,0,1
4567,1,0,1
4568,1,0,1
4569,1,0,1
4570,1,0,1
4571,1,0,1
4572,1,0,1
4573,1,0,1
4574,1,0,1
4575,3,0,3
4576,3,0,3
4577,3,0,3
4578,3,0,3
4579,3,0,3
4580,3,0,3
4581,3,0,3
4582,3,0,3
4583,3,0,3
4584,3,0,3
4585,3,0,3
4586,3,0,3
4587,3,0,3
4588,3,0,3
4589,3,0,3
4590,3,0,3
4591,3,0,3
4592,3,0,3
4593,3,0,3
4594,3,0,3
4595,3,0,3
4596,3,0,3
4597,3,0,3
4598,3,0,3
4599,3,0,3
4600,3,0,3
4601,3,0,3
4602,3,0,3
4603,3,0,3
4604,3,0,3
4605,4,0,4
4606,4,0,4
4607,5,0,5
4608,5,0,5
4609,5,0,5
4610,5,0,5
4611,5,0,5
4612,5,0,5
4613,5,0,5
4614,5,0,5
4615,5,0,5
4616,5,0,5
4617,5,0,5
4618,5,0,5
4619,6,0,6
4620,6,0,6
4621,6,0,6
4622,7,0,7
4623,8,0,8
4624,8,0,8
4625,8,0,8
4626,8,0,8
4627,8,0,8
4628,8,0,8
4629,8,0,8
4630,8,0,8
4631,9,0,9
4632,9,0,9
4633,9,0,9
4634,9,0,9
4635,10,0,10
4636,10,0,10
4637,10,0,10
4638,10,0,10
4639,10,0,10
4640,11,0,11
4641,11,0,11
4642,11,0,11
4643,11,0,11
4644,11,0,11
4645,10,0,10
4646,10,0,10
4647,9,0,9
4648,8,0,8
4649,8,0,8
4650,8,0,8
4651,8,0,8
4652,8,0,8
4653,8,0,8
4654,8,0,8
4655,8,0,8
4656,8,0,8
4657,8,0,8
4658,8,0,8
4659,8,0,8
4660,8,0,8
4661,8,0,8
4662,8,0,8
4663,8,0,8
4664,8,0,8
4665,8,0,8
4666,8,0,8
4667,8,0,8
4668,8,0,8
4669,8,0,8
4670,8,0,8
4671,8,0,8
4672,8,0,8
4673,8,0,8
4674,8,0,8
4675,8,0,8
4676,8,0,8
4677,8,0,8
4678,8,0,8
4679,8,0,8
4680,8,0,8
4681,8,0,8
4682,8,0,8
4683,8,0,8
4684,8,0,8
4685,8,0,8
4686,8,0,8
4687,8,0,8
4688,8,0,8
4689,8,0,8
4690,8,0,8
4691,8,0,8
4692,8,0,8
4693,7,0,7
4694,6,0,6
4695,5,0,5
4696,5,0,5
4697,5,0,5
4698,5,0,5
4699,5,0,5
4700,5,0,5
4701,5,0,5
4702,5,0,5
4703,5,0,5
4704,5,0,5
4705,5,0,5
4706,5,0,5
4707,5,0,5
4708,5,0,5
4709,5,0,5
4710,5,0,5
4711,5,0,5
4712,5,0,5
4713,5,0,5
4714,5,0,5
4715,5,0,5
4716,4,0,4
4717,4,0,4
4718,4,0,4
4719,4,0,4
4720,4,0,4
4721,4,0,4
4722,3,0,3
4723,3,0,3
4724,3,0,3
4725,4,0,4
4726,4,0,4
4727,4,0,4
4728,4,0,4
4729,4,0,4
4730,4,0,4
4731,4,0,4
4732,4,0,4
4733,4,0,4
4734,4,0,4
4735,4,0,4
4736,4,0,4
4737,4,0,4
4738,4,0,4
4739,4,0,4
4740,4,0,4
4741,4,0,4
4742,4,0,4
4743,4,0,4
4744,3,0,3
4745,3,0,3
4746,3,0,3
4747,3,0,3
4748,3,0,3
4749,3,0,3
4750,3,0,3
4751,3,0,3
4752,3,0,3
4753,3,0,3
4754,3,0,3
4755,3,0,3
4756,3,0,3
4757,3,0,3
4758,3,0,3
4759,3,0,3
4760,3,0,3
4761,3,0,3
4762,3,0,3
4763,3,0,3
4764,3,0,3
4765,3,0,3
4766,3,0,3
4767,3,0,3
4768,3,0,3
4769,2,0,2
4770,2,0,2
4771,2,0,2
4772,2,0,2
4773,2,0,2
4774,2,0,2
4775,2,0,2
4776,3,0,3
4777,3,0,3
4778,4,0,4
4779,4,0,4
4780,4,0,4
4781,4,0,4
4782,4,0,4
4783,4,0,4
4784,4,0,4
4785,4,0,4
4786,3,0,3
4787,3,0,3
4788,3,0,3
4789,3,0,3
4790,4,0,4
4791,4,0,4
4792,4,0,4
4793,4,0,4
4794,4,0,4
4795,4,0,4
4796,4,0,4
4797,4,0,4
4798,4,0,4
4799,4,0,4
4800,4,0,4
4801,4,0,4
4802,4,0,4
4803,3,1,4
4804,3,1,4
4805,3,1,4
4806,3,1,4
4807,3,1,4
4808,3,1,4
4809,3,1,4
4810,3,1,4
4811,3,1,4
4812,4,1,5
4813,4,1,5
4814,4,1,5
4815,4,1,5
4816,4,1,5
4817,4,1,5
4818,4,1,5
4819,4,1,5
4820,4,1,5
4821,4,1,5
4822,4,1,5
4823,4,1,5
4824,4,1,5
4825,4,1,5
4826,4,1,5
4827,4,1,5
4828,4,1,5
4829,4,1,5
4830,4,1,5
4831,4,1,5
4832,4,1,5
4833,4,1,5
4834,4,1,5
4835,4,1,5
4836,3,1,4
4837,3,1,4
4838,3,1,4
4839,3,1,4
4840,4,0,4
4841,4,0,4
4842,4,0,4
4843,4,0,4
4844,4,0,4
4845,5,0,5
4846,5,0,5
4847,5,0,5
4848,5,0,5
4849,5,0,5
4850,5,0,5
4851,5,0,5
4852,5,0,5
4853,5,0,5
4854,5,0,5
4855,5,0,5
4856,5,0,5
4857,5,0,5
4858,5,0,5
4859,5,0,5
4860,5,0,5
4861,5,0,5
4862,5,0,5
4863,5,0,5
4864,5,0,5
4865,5,0,5
4866,5,0,5
4867,5,0,5
4868,5,0,5
4869,5,0,5
4870,4,0,4
4871,4,0,4
4872,4,0,4
4873,4,0,4
4874,4,0,4
4875,4,0,4
4876,4,0,4
4877,4,0,4
4878,4,0,4
4879,4,0,4
4880,4,0,4
4881,4,0,4
4882,4,0,4
4883,4,0,4
4884,4,0,4
4885,4,0,4
4886,4,0,4
4887,4,0,4
4888,4,0,4
4889,4,0,4
4890,4,0,4
4891,4,0,4
4892,4,0,4
4893,4,0,4
4894,4,0,4
4895,4,0,4
4896,4,0,4
4897,4,0,4
4898,4,0,4
4899,4,0,4
4900,4,0,4
4901,4,0,4
4902,4,0,4
4903,4,0,4
4904,4,0,4
4905,4,0,4
4906,4,0,4
4907,4,0,4
4908,4,0,4
4909,4,0,4
4910,4,0,4
4911,4,0,4
4912,4,0,4
4913,3,0,3
4914,3,0,3
4915,3,0,3
4916,3,0,3
4917,3,0,3
4918,3,0,3
4919,3,0,3
4920,3,0,3
4921,3,0,3
4922,3,0,3
4923,3,0,3
4924,3,0,3
4925,3,0,3
4926,3,0,3
4927,3,0,3
4928,3,0,3
4929,3,0,3
4930,3,0,3
4931,3,0,3
4932,3,0,3
4933,3,0,3
4934,3,0,3
4935,3,0,3
4936,3,0,3
4937,3,0,3
4938,3,0,3
4939,3,0,3
4940,3,0,3
4941,3,0,3
4942,3,0,3
4943,3,0,3
4944,3,0,3
4945,3,0,3
4946,3,0,3
4947,3,0,3
4948,3,0,3
4949,3,0,3
4950,3,0,3
4951,3,0,3
4952,3,0,3
4953,3,0,3
4954,3,0,3
4955,3,0,3
4956,4,0,4
4957,4,0,4
4958,2,0,2
4959,2,0,2
4960,2,0,2
4961,2,0,2
4962,2,0,2
4963,2,0,2
4964,2,0,2
4965,2,0,2
4966,2,0,2
4967,2,0,2
4968,2,0,2
4969,2,0,2
4970,2,0,2
4971,2,0,2
4972,2,0,2
4973,2,0,2
4974,2,0,2
4975,2,0,2
4976,1,0,1
4977,1,0,1
4978,1,0,1
4979,1,0,1
4980,1,0,1
4981,1,0,1
4982,0,1,1
4983,0,1,1
4984,0,1,1
4985,0,1,1
4986,0,1,1
4987,0,1,1
4988,0,1,1
4989,0,1,1
4990,0,1,1
4991,0,1,1
4992,0,1,1
4993,1,1,2
4994,1,1,2
4995,1,1,2
4996,1,1,2
4997,1,1,2
4998,1,1,2
4999,1,1,2
5000,1,1,2
5001,1,1,2
5002,1,1,2
5003,1,1,2
5004,2,1,3
5005,2,1,3
5006,2,1,3
5007,2,1,3
5008,2,1,3
5009,2,1,3
5010,2,1,3
5011,2,1,3
5012,2,1,3
5013,2,1,3
5014,2,1,3
5015,2,1,3
5016,2,1,3
5017,2,1,3
5018,2,1,3
5019,2,1,3
5020,3,0,3
5021,2,0,2
5022,2,0,2
5023,2,0,2
5024,2,0,2
5025,2,0,2
5026,2,0,2
5027,2,0,2
5028,2,0,2
5029,2,0,2
5030,2,0,2
5031,2,0,2
5032,2,0,2
5033,2,0,2
5034,2,0,2
5035,2,0,2
5036,2,0,2
5037,2,0,2
5038,2,0,2
5039,2,0,2
5040,2,0,2
5041,2,0,2
5042,2,0,2
5043,2,0,2
5044,2,0,2
5045,2,0,2
5046,2,0,2
5047,1,0,1
5048,1,0,1
5049,1,0,1
5050,1,0,1
5051,1,0,1
5052,1,0,1
5053,1,0,1
5054,1,0,1
5055,1,0,1
5056,1,0,1
5057,1,0,1
5058,1,0,1
5059,1,0,1
5060,1,0,1
5061,1,0,1
5062,1,0,1
5063,1,0,1
5064,1,0,1
5065,1,0,1
5066,1,0,1
5067,1,0,1
5068,1,0,1
5069,1,0,1
5070,1,0,1
5071,1,0,1
5072,1,0,1
5073,1,0,1
5074,1,0,1
5075,1,0,1
5076,1,0,1
5077,1,0,1
5078,1,0,1
5079,1,0,1
5080,1,0,1
5081,1,0,1
5082,1,0,1
5083,1,0,1
5084,0,0,0
5085,0,0,0
5086,0,0,0
5087,0,0,0
5088,0,0,0
5089,0,0,0
5090,0,0,0
5091,0,0,0
5092,0,0,0
5093,0,0,0
5094,0,0,0
5095,0,0,0
5096,0,0,0
5097,0,0,0
5098,0,0,0
5099,0,0,0
5100,0,0,0
5101,0,0,0
5102,0,0,0
5103,0,0,0
5104,0,0,0
5105,0,0,0
5106,0,0,0
5107,0,0,0
5108,0,0,0
5109,0,0,0
5110,0,0,0
5111,0,0,0
5112,0,0,0
5113,0,0,0
5114,0,0,0
5115,0,0,0
5116,0,0,0
5117,0,0,0
5118,0,0,0
5119,0,0,0
5120,0,0,0
5121,0,0,0
5122,0,0,0
5123,0,0,0
5124,0,0,0
5125,0,0,0
5126,0,0,0
5127,0,0,0
5128,0,0,0
5129,0,0,0
5130,0,0,0
5131,0,0,0
5132,0,0,0
5133,0,0,0
5134,0,0,0
5135,0,0,0
5136,0,0,0
5137,0,0,0
5138,0,0,0
5139,0,0,0
5140,0,0,0
5141,0,0,0
5142,1,0,1
5143,1,0,1
5144,1,0,1
5145,1,0,1
5146,1,0,1
5147,1,0,1
5148,1,0,1
5149,1,0,1
5150,1,0,1
5151,1,0,1
5152,1,0,1
5153,1,0,1
5154,1,0,1
5155,1,0,1
5156,1,0,1
5157,1,0,1
5158,1,0,1
5159,1,0,1
5160,1,0,1
5161,1,0,1
5162,1,0,1
5163,1,0,1
5164,1,0,1
5165,1,0,1
5166,0,1,1
5167,0,1,1
5168,1,1,2
5169,1,1,2
5170,1,1,2
5171,1,1,2
5172,1,1,2
5173,1,1,2
5174,1,1,2
5175,1,1,2
5176,1,1,2
5177,1,1,2
5178,1,1,2
5179,1,1,2
5180,1,1,2
5181,1,1,2
5182,1,1,2
5183,1,1,2
5184,1,1,2
5185,1,1,2
5186,1,1,2
5187,1,1,2
5188,1,1,2
5189,1,1,2
5190,1,1,2
5191,1,1,2
5192,1,1,2
5193,2,1,3
5194,2,1,3
5195,2,1,3
5196,2,1,3
5197,2,1,3
5198,2,1,3
5199,2,1,3
5200,2,1,3
5201,2,1,3
5202,2,1,3
5203,3,1,4
5204,3,1,4
5205,3,1,4
5206,3,1,4
5207,3,1,4
5208,3,1,4
5209,3,1,4
5210,3,1,4
5211,3,1,4
5212,3,1,4
5213,3,1,4
5214,3,1,4
5215,3,1,4
5216,3,1,4
5217,3,0,3
5218,4,0,4
5219,4,0,4
5220,3,1,4
5221,3,1,4
5222,3,1,4
5223,3,1,4
5224,3,1,4
5225,3,1,4
5226,3,1,4
5227,3,1,4
5228,3,1,4
5229,3,1,4
5230,3,1,4
5231,3,1,4
5232,3,1,4
5233,3,1,4
5234,3,1,4
5235,3,1,4
5236,3,1,4
5237,3,1,4
5238,3,1,4
5239,3,1,4
5240,3,1,4
5241,3,1,4
5242,2,1,3
5243,2,1,3
5244,2,1,3
5245,2,1,3
5246,2,1,3
5247,2,1,3
5248,2,1,3
5249,2,1,3
5250,2,1,3
5251,2,1,3
5252,2,1,3
5253,1,1,2
5254,2,0,2
5255,2,0,2
5256,2,0,2
5257,2,0,2
5258,2,0,2
5259,2,0,2
5260,2,0,2
5261,2,0,2
5262,2,0,2
5263,2,0,2
5264,2,0,2
5265,2,0,2
5266,2,0,2
5267,2,0,2
5268,2,0,2
5269,2,0,2
5270,2,0,2
5271,2,0,2
5272,2,0,2
5273,2,0,2
5274,2,0,2
5275,2,0,2
5276,2,0,2
5277,2,0,2
5278,2,0,2
5279,2,0,2
5280,2,0,2
5281,2,0,2
5282,2,0,2
5283,2,0,2
5284,2,0,2
5285,2,0,2
5286,2,0,2
5287,2,0,2
5288,2,0,2
5289,2,0,2
5290,2,0,2
5291,2,0,2
5292,2,0,2
5293,2,0,2
5294,2,0,2
5295,1,0,1
5296,1,0,1
5297,1,0,1
5298,1,0,1
5299,1,0,1
5300,1,0,1
5301,1,0,1
5302,1,0,1
5303,1,0,1
5304,1,0,1
5305,1,0,1
5306,1,0,1
5307,1,0,1
5308,1,0,1
5309,0,0,0
5310,0,0,0
5311,0,0,0
5312,0,0,0
5313,0,0,0
5314,0,0,0
5315,0,0,0
5316,0,0,0
5317,0,0,0
5318,0,0,0
5319,0,0,0
5320,0,0,0
5321,0,0,0
5322,0,0,0
5323,0,0,0
5324,0,0,0
5325,0,0,0
5326,0,0,0
5327,0,0,0
5328,0,0,0
5329,1,0,1
5330,1,0,1
5331,1,0,1
5332,1,0,1
5333,1,0,1
5334,1,0,1
5335,1,0,1
5336,1,0,1
5337,1,0,1
5338,1,0,1
5339,2,0,2
5340,2,0,2
5341,2,0,2
5342,2,0,2
5343,2,0,2
5344,2,0,2
5345,2,0,2
5346,2,0,2
5347,2,0,2
5348,2,0,2
5349,2,0,2
5350,2,0,2
5351,2,0,2
5352,2,0,2
5353,2,0,2
5354,2,0,2
5355,2,0,2
5356,2,0,2
5357,2,0,2
5358,2,0,2
5359,2,0,2
5360,2,0,2
5361,2,0,2
5362,2,0,2
5363,2,0,2
5364,2,0,2
5365,2,0,2
5366,2,0,2
5367,2,0,2
5368,2,0,2
5369,2,0,2
5370,2,0,2
5371,2,0,2
5372,2,0,2
5373,1,1,2
5374,1,1,2
5375,1,1,2
5376,1,1,2
5377,1,1,2
5378,1,1,2
5379,1,1,2
5380,1,1,2
5381,1,1,2
5382,1,1,2
5383,1,1,2
5384,2,1,3
5385,2,1,3
5386,2,1,3
5387,2,1,3
5388,2,1,3
5389,2,1,3
5390,2,1,3
5391,1,2,3
5392,1,2,3
5393,1,2,3
5394,1,2,3
5395,2,1,3
5396,2,1,3
5397,2,1,3
5398,2,1,3
5399,2,1,3
5400,1,1,2
5401,1,1,2
5402,1,1,2
5403,1,1,2
5404,1,1,2
5405,1,1,2
5406,1,1,2
5407,1,1,2
5408,1,1,2
5409,1,1,2
5410,1,1,2
5411,1,1,2
5412,1,1,2
5413,1,1,2
5414,1,1,2
5415,1,1,2
5416,1,1,2
5417,1,1,2
5418,1,1,2
5419,1,1,2
5420,2,0,2
5421,2,0,2
5422,2,0,2
5423,2,0,2
5424,2,0,2
5425,2,0,2
5426,2,0,2
5427,2,0,2
5428,2,0,2
5429,2,0,2
5430,2,0,2
5431,2,0,2
5432,2,0,2
5433,2,0,2
5434,2,0,2
5435,2,0,2
5436,2,0,2
5437,2,0,2
5438,2,0,2
5439,2,0,2
5440,2,0,2
5441,2,0,2
5442,2,0,2
5443,2,0,2
5444,2,0,2
5445,2,0,2
5446,2,0,2
5447,2,0,2
5448,2,0,2
5449,2,0,2
5450,2,0,2
5451,2,0,2
5452,2,0,2
5453,2,0,2
5454,2,0,2
5455,2,0,2
5456,2,0,2
5457,2,0,2
5458,2,0,2
5459,1,0,1
5460,1,0,1
5461,1,0,1
5462,1,0,1
5463,1,0,1
5464,1,0,1
5465,1,0,1
5466,1,0,1
5467,1,0,1
5468,1,0,1
5469,1,0,1
5470,1,0,1
5471,1,0,1
5472,1,0,1
5473,1,0,1
5474,1,0,1
5475,1,0,1
5476,1,0,1
5477,0,0,0
5478,0,0,0
5479,0,0,0
5480,0,0,0
5481,0,0,0
5482,0,0,0
5483,0,0,0
5484,0,0,0
5485,0,0,0
5486,0,0,0
5487,0,0,0
5488,0,0,0
5489,0,0,0
5490,0,0,0
5491,0,0,0
5492,0,0,0
5493,0,0,0
5494,0,0,0
5495,0,0,0
5496,0,0,0
5497,1,0,1
5498,1,0,1
5499,1,0,1
5500,2,0,2
5501,2,0,2
5502,2,0,2
5503,2,0,2
5504,3,0,3
5505,3,0,3
5506,3,0,3
5507,3,0,3
5508,3,0,3
5509,3,0,3
5510,3,0,3
5511,3,0,3
5512,3,0,3
5513,3,0,3
5514,3,0,3
5515,3,0,3
5516,3,0,3
5517,3,0,3
5518,3,0,3
5519,3,0,3
5520,3,0,3
5521,3,0,3
5522,4,0,4
5523,4,0,4
5524,4,0,4
5525,4,0,4
5526,4,0,4
5527,4,0,4
5528,4,0,4
5529,4,0,4
5530,4,0,4
5531,4,0,4
5532,4,0,4
5533,4,0,4
5534,4,0,4
5535,3,0,3
5536,3,0,3
5537,3,0,3
5538,3,0,3
5539,3,0,3
5540,3,0,3
5541,3,0,3
5542,3,0,3
5543,3,0,3
5544,3,0,3
5545,3,0,3
5546,3,0,3
5547,3,0,3
5548,3,0,3
5549,3,0,3
5550,3,0,3
5551,3,0,3
5552,3,0,3
5553,3,0,3
5554,3,0,3
5555,3,0,3
5556,3,0,3
5557,3,0,3
5558,3,0,3
5559,3,0,3
5560,3,0,3
5561,3,0,3
5562,3,0,3
5563,3,0,3
5564,3,0,3
5565,3,0,3
5566,3,0,3
5567,3,0,3
5568,3,0,3
5569,3,0,3
5570,3,0,3
5571,3,0,3
5572,3,0,3
5573,3,0,3
5574,3,0,3
5575,3,0,3
5576,3,0,3
5577,3,0,3
5578,3,0,3
5579,3,0,3
5580,3,0,3
5581,3,0,3
5582,3,0,3
5583,3,0,3
5584,3,0,3
5585,3,0,3
5586,3,0,3
5587,3,0,3
5588,3,0,3
5589,3,0,3
5590,3,0,3
5591,3,0,3
5592,3,0,3
5593,3,0,3
5594,3,0,3
5595,3,0,3
5596,3,0,3
5597,3,0,3
5598,3,0,3
5599,3,0,3
5600,3,0,3
5601,3,0,3
5602,3,0,3
5603,3,0,3
5604,3,0,3
5605,3,0,3
5606,3,0,3
5607,3,0,3
5608,3,0,3
5609,3,0,3
5610,3,0,3
5611,3,0,3
5612,3,0,3
5613,3,0,3
5614,3,0,3
5615,3,0,3
5616,3,0,3
5617,3,0,3
5618,3,0,3
5619,3,0,3
5620,3,0,3
5621,3,0,3
5622,3,0,3
5623,3,0,3
5624,3,0,3
5625,2,0,2
5626,2,0,2
5627,2,0,2
5628,2,0,2
5629,2,0,2
5630,2,0,2
5631,2,0,2
5632,2,0,2
5633,2,0,2
5634,2,0,2
5635,2,0,2
5636,2,0,2
5637,2,0,2
5638,2,0,2
5639,2,0,2
5640,2,0,2
5641,2,0,2
5642,2,0,2
5643,2,0,2
5644,2,0,2
5645,2,0,2
5646,2,0,2
5647,2,0,2
5648,2,0,2
5649,2,0,2
5650,2,0,2
5651,2,0,2
5652,1,0,1
5653,1,0,1
5654,1,0,1
5655,1,0,1
5656,1,0,1
5657,1,0,1
5658,1,0,1
5659,1,0,1
5660,1,0,1
5661,1,0,1
5662,1,0,1
5663,1,0,1
5664,1,0,1
5665,1,0,1
5666,1,0,1
5667,1,0,1
5668,1,0,1
5669,1,0,1
5670,1,0,1
5671,1,0,1
5672,1,0,1
5673,1,0,1
5674,1,0,1
5675,1,0,1
5676,1,0,1
5677,1,0,1
5678,1,0,1
5679,1,0,1
5680,1,0,1
5681,1,0,1
5682,1,0,1
5683,1,0,1
5684,1,0,1
5685,1,0,1
5686,1,0,1
5687,1,0,1
5688,1,0,1
5689,1,0,1
5690,1,0,1
5691,1,0,1
5692,1,0,1
5693,1,0,1
5694,1,0,1
5695,1,0,1
5696,1,0,1
5697,1,0,1
5698,1,0,1
5699,1,0,1
5700,1,0,1
5701,2,0,2
5702,2,0,2
5703,2,0,2
5704,2,0,2
5705,2,0,2
5706,2,0,2
5707,2,0,2
5708,2,0,2
5709,2,0,2
5710,2,0,2
5711,2,0,2
5712,2,0,2
5713,2,0,2
5714,2,0,2
5715,2,0,2
5716,2,0,2
5717,1,1,2
5718,1,1,2
5719,1,1,2
5720,1,1,2
5721,1,1,2
5722,1,1,2
5723,1,1,2
5724,1,1,2
5725,1,1,2
5726,1,1,2
5727,1,1,2
5728,1,1,2
5729,1,1,2
5730,1,1,2
5731,1,1,2
5732,1,1,2
5733,1,1,2
5734,1,1,2
5735,1,1,2
5736,1,1,2
5737,1,1,2
5738,1,1,2
5739,1,1,2
5740,1,1,2
5741,1,1,2
5742,1,1,2
5743,1,1,2
5744,1,1,2
5745,1,1,2
5746,1,1,2
5747,1,1,2
5748,1,1,2
5749,2,1,3
5750,2,1,3
5751,2,1,3
5752,2,1,3
5753,2,1,3
5754,2,1,3
5755,2,1,3
5756,2,1,3
5757,2,1,3
5758,2,1,3
5759,2,1,3
5760,2,1,3
5761,2,1,3
5762,2,1,3
5763,2,1,3
5764,2,1,3
5765,2,1,3
5766,3,0,3
5767,3,0,3
5768,3,0,3
5769,3,0,3
5770,3,0,3
5771,3,0,3
5772,3,0,3
5773,3,0,3
5774,3,0,3
5775,3,0,3
5776,3,0,3
5777,3,0,3
5778,3,0,3
5779,3,0,3
5780,3,0,3
5781,3,0,3
5782,3,0,3
5783,3,0,3
5784,3,0,3
5785,3,0,3
5786,3,0,3
5787,2,0,2
5788,3,0,3
5789,3,0,3
5790,3,0,3
5791,3,0,3
5792,3,0,3
5793,3,0,3
5794,3,0,3
5795,3,0,3
5796,3,0,3
5797,3,0,3
5798,3,0,3
5799,3,0,3
5800,3,0,3
5801,3,0,3
5802,3,0,3
5803,3,0,3
5804,3,0,3
5805,3,0,3
5806,3,0,3
5807,3,0,3
5808,2,0,2
5809,2,0,2
5810,2,0,2
5811,2,0,2
5812,1,0,1
5813,1,0,1
5814,1,0,1
5815,1,0,1
5816,1,0,1
5817,1,0,1
5818,1,0,1
5819,1,0,1
5820,1,0,1
5821,1,0,1
5822,1,0,1
5823,1,0,1
5824,1,0,1
5825,1,0,1
5826,1,0,1
5827,1,0,1
5828,1,0,1
5829,2,0,2
5830,2,0,2
5831,2,0,2
5832,2,0,2
5833,2,0,2
5834,2,0,2
5835,2,0,2
5836,2,0,2
5837,2,0,2
5838,2,0,2
5839,2,0,2
5840,2,0,2
5841,2,0,2
5842,2,0,2
5843,2,0,2
5844,2,0,2
5845,3,0,3
5846,3,0,3
5847,3,0,3
5848,3,0,3
5849,3,0,3
5850,4,0,4
5851,4,0,4
5852,4,0,4
5853,3,0,3
5854,3,0,3
5855,3,0,3
5856,3,0,3
5857,3,0,3
5858,3,0,3
5859,3,0,3
5860,3,0,3
5861,3,0,3
5862,3,0,3
5863,3,0,3
5864,3,0,3
5865,3,0,3
5866,3,0,3
5867,3,0,3
5868,3,0,3
5869,3,0,3
5870,3,0,3
5871,3,0,3
5872,3,0,3
5873,3,0,3
5874,4,0,4
5875,4,0,4
5876,5,0,5
5877,4,0,4
5878,4,0,4
5879,4,0,4
5880,4,0,4
5881,4,0,4
5882,4,0,4
5883,4,0,4
5884,4,0,4
5885,4,0,4
5886,4,0,4
5887,4,0,4
5888,4,0,4
5889,4,0,4
5890,4,0,4
5891,4,0,4
5892,4,0,4
5893,4,0,4
5894,4,0,4
5895,4,0,4
5896,4,0,4
5897,4,0,4
5898,4,0,4
5899,4,0,4
5900,4,0,4
5901,4,0,4
5902,4,0,4
5903,4,0,4
5904,4,0,4
5905,4,0,4
5906,4,0,4
5907,3,0,3
5908,3,0,3
5909,3,0,3
5910,3,0,3
5911,3,0,3
5912,3,0,3
5913,3,0,3
5914,3,0,3
5915,3,0,3
5916,3,0,3
5917,3,0,3
5918,4,0,4
5919,4,0,4
5920,4,0,4
5921,4,0,4
5922,4,0,4
5923,4,0,4
5924,4,0,4
5925,4,0,4
5926,5,0,5
5927,5,0,5
5928,5,0,5
5929,5,0,5
5930,5,0,5
5931,5,0,5
5932,4,1,5
5933,4,1,5
5934,4,1,5
5935,4,1,5
5936,4,1,5
5937,4,1,5
5938,4,1,5
5939,4,1,5
5940,4,1,5
5941,4,1,5
5942,4,1,5
5943,4,1,5
5944,4,1,5
5945,4,1,5
5946,4,1,5
5947,4,1,5
5948,4,1,5
5949,4,1,5
5950,4,1,5
5951,4,1,5
5952,5,0,5
5953,5,0,5
5954,5,0,5
5955,5,0,5
5956,4,1,5
5957,4,1,5
5958,4,1,5
5959,4,1,5
5960,4,1,5
5961,4,1,5
5962,4,1,5
5963,4,1,5
5964,4,1,5
5965,4,1,5
5966,4,1,5
5967,4,1,5
5968,5,1,6
5969,6,1,7
5970,6,1,7
5971,6,1,7
5972,6,1,7
5973,6,1,7
5974,6,1,7
5975,6,1,7
5976,6,1,7
5977,6,1,7
5978,6,1,7
5979,6,1,7
5980,6,1,7
5981,6,1,7
5982,6,1,7
5983,6,1,7
5984,5,1,6
5985,5,1,6
5986,5,1,6
5987,5,1,6
5988,6,0,6
5989,6,0,6
5990,6,0,6
5991,6,0,6
5992,6,0,6
5993,6,0,6
5994,5,0,5
5995,5,0,5
5996,5,0,5
5997,5,0,5
5998,5,0,5
5999,5,0,5
6000,5,0,5
6001,6,0,6
6002,6,0,6
6003,6,0,6
6004,6,0,6
6005,6,0,6
6006,6,0,6
6007,6,0,6
6008,6,0,6
6009,6,0,6
6010,6,0,6
6011,6,0,6
6012,6,0,6
6013,6,0,6
6014,6,0,6
6015,6,0,6
6016,6,0,6
6017,5,1,6
6018,5,1,6
6019,4,1,5
6020,4,1,5
6021,4,1,5
6022,4,1,5
6023,4,1,5
6024,4,1,5
6025,4,1,5
6026,4,1,5
6027,4,1,5
6028,5,0,5
6029,5,0,5
6030,5,0,5
6031,5,0,5
6032,4,1,5
6033,4,1,5
6034,4,1,5
6035,4,1,5
6036,4,1,5
6037,4,1,5
6038,4,1,5
6039,3,1,4
6040,3,1,4
6041,3,1,4
6042,3,1,4
6043,3,1,4
6044,3,1,4
6045,3,1,4
6046,3,1,4
6047,3,1,4
6048,3,1,4
6049,3,1,4
6050,3,1,4
6051,3,1,4
6052,3,1,4
6053,2,1,3
6054,2,1,3
6055,3,0,3
6056,3,0,3
6057,3,0,3
6058,3,0,3
6059,3,0,3
6060,3,0,3
6061,3,0,3
6062,3,0,3
6063,3,0,3
6064,3,0,3
6065,3,0,3
6066,3,0,3
6067,3,0,3
6068,3,0,3
6069,3,0,3
6070,3,0,3
6071,3,0,3
6072,3,0,3
6073,3,0,3
6074,3,0,3
6075,3,0,3
6076,3,0,3
6077,3,0,3
6078,3,0,3
6079,3,0,3
6080,3,0,3
6081,3,0,3
6082,3,0,3
6083,3,0,3
6084,3,0,3
6085,3,0,3
6086,3,0,3
6087,3,0,3
6088,3,0,3
6089,3,0,3
6090,3,0,3
6091,3,0,3
6092,3,0,3
6093,3,0,3
6094,3,0,3
6095,3,0,3
6096,3,0,3
6097,3,0,3
6098,3,0,3
6099,3,0,3
6100,3,0,3
6101,3,0,3
6102,3,0,3
6103,3,0,3
6104,3,0,3
6105,3,0,3
6106,3,0,3
6107,3,0,3
6108,3,0,3
6109,3,0,3
6110,3,0,3
6111,3,0,3
6112,3,0,3
6113,3,0,3
6114,3,0,3
6115,3,0,3
6116,2,0,2
6117,1,0,1
6118,1,0,1
6119,1,0,1
6120,1,0,1
6121,1,0,1
6122,1,0,1
6123,1,0,1
6124,1,0,1
6125,1,0,1
6126,1,0,1
6127,1,0,1
6128,1,0,1
6129,1,0,1
6130,0,0,0
6131,0,0,0
6132,0,0,0
6133,0,0,0
6134,0,0,0
6135,0,0,0
6136,0,0,0
6137,0,0,0
6138,0,0,0
6139,0,0,0
6140,0,0,0
6141,0,0,0
6142,0,0,0
6143,0,0,0
6144,0,0,0
6145,0,0,0
6146,0,0,0
6147,0,0,0
6148,0,0,0
6149,0,0,0
6150,0,0,0
6151,0,0,0
6152,0,0,0
6153,0,0,0
6154,0,0,0
6155,0,0,0
6156,0,0,0
6157,0,0,0
6158,0,0,0
6159,0,0,0
6160,0,0,0
6161,0,0,0
6162,0,0,0
6163,0,0,0
6164,0,0,0
6165,0,0,0
6166,0,0,0
6167,0,0,0
6168,0,0,0
6169,0,0,0
6170,0,0,0
6171,0,0,0
6172,0,0,0
6173,0,0,0
6174,0,0,0
6175,0,0,0
6176,0,0,0
6177,0,0,0
6178,0,0,0
6179,0,0,0
6180,0,0,0
6181,0,0,0
6182,0,0,0
6183,0,0,0
6184,0,0,0
6185,0,0,0
6186,0,0,0
6187,0,0,0
6188,0,0,0
6189,0,0,0
6190,0,0,0
6191,0,0,0
6192,0,0,0
6193,0,0,0
6194,0,0,0
6195,0,0,0
6196,0,0,0
6197,0,0,0
6198,0,0,0
6199,0,0,0
6200,0,0,0
6201,0,0,0
6202,0,0,0
6203,0,0,0
6204,0,0,0
6205,0,0,0
6206,0,0,0
6207,0,0,0
6208,0,0,0
6209,0,0,0
6210,0,0,0
6211,0,0,0
6212,0,0,0
6213,0,0,0
6214,0,0,0
6215,0,0,0
6216,0,0,0
6217,0,0,0
6218,0,0,0
6219,0,0,0
6220,0,0,0
6221,0,0,0
6222,0,0,0
6223,0,0,0
6224,0,0,0
6225,0,0,0
6226,0,0,0
6227,0,0,0
6228,0,0,0
6229,0,0,0
6230,0,0,0
6231,0,0,0
6232,0,0,0
6233,0,0,0
6234,0,0,0
6235,0,0,0
6236,0,0,0
6237,0,0,0
6238,0,0,0
6239,0,0,0
6240,0,0,0
6241,0,0,0
6242,0,0,0
6243,0,0,0
6244,0,0,0
6245,0,0,0
6246,0,0,0
6247,0,0,0
6248,0,0,0
6249,0,0,0
6250,0,0,0
6251,0,0,0
6252,0,0,0
6253,0,0,0
6254,0,0,0
6255,0,0,0
6256,0,0,0
6257,0,0,0
6258,0,0,0
6259,0,0,0
6260,0,0,0
6261,0,0,0
6262,0,0,0
6263,0,0,0
6264,0,0,0
6265,0,0,0
6266,0,0,0
6267,0,0,0
6268,0,0,0
6269,0,0,0
6270,0,0,0
6271,0,0,0
6272,0,0,0
6273,0,0,0
6274,0,0,0
6275,0,0,0
6276,0,0,0
6277,0,0,0
6278,0,0,0
6279,0,0,0
6280,0,0,0
6281,0,0,0
6282,0,0,0
6283,0,0,0
6284,0,0,0
6285,0,0,0
6286,0,0,0
6287,0,0,0
6288,0,0,0
6289,0,0,0
6290,0,0,0
6291,0,0,0
6292,0,0,0
6293,0,0,0
6294,0,0,0
6295,0,0,0
6296,0,0,0
6297,0,0,0
6298,0,0,0
6299,0,0,0
6300,0,0,0
6301,0,0,0
6302,0,0,0
6303,0,0,0
6304,0,0,0
6305,0,0,0
6306,0,0,0
6307,0,0,0
6308,0,0,0
6309,0,0,0
6310,0,0,0
6311,0,0,0
6312,0,0,0
6313,0,0,0
6314,0,0,0
6315,0,0,0
6316,0,0,0
6317,0,0,0
6318,0,0,0
6319,0,0,0
6320,0,0,0
6321,0,0,0
6322,0,0,0
6323,0,0,0
6324,0,0,0
6325,0,0,0
6326,0,0,0
6327,0,0,0
6328,0,0,0
6329,0,0,0
6330,0,0,0
6331,0,0,0
6332,0,0,0
6333,0,0,0
6334,0,0,0
6335,0,0,0
6336,0,0,0
6337,0,0,0
6338,0,0,0
6339,0,0,0
6340,0,0,0
6341,0,0,0
6342,0,0,0
6343,0,0,0
6344,0,0,0
6345,0,0,0
6346,0,0,0
6347,0,0,0
6348,0,0,0
6349,0,0,0
6350,0,0,0
6351,0,0,0
6352,0,0,0
6353,0,0,0
6354,0,0,0
6355,0,0,0
6356,0,0,0
6357,0,0,0
6358,0,0,0
6359,0,0,0
6360,0,0,0
6361,0,0,0
6362,0,0,0
6363,0,0,0
6364,0,0,0
6365,0,0,0
6366,0,0,0
6367,0,0,0
6368,0,0,0
6369,0,0,0
6370,0,0,0
6371,0,0,0
6372,0,0,0
6373,0,0,0
6374,0,0,0
6375,0,0,0
6376,0,0,0
6377,0,0,0
6378,0,0,0
6379,0,0,0
6380,0,0,0
6381,0,0,0
6382,0,0,0
6383,0,0,0
6384,0,0,0
6385,0,0,0
6386,0,0,0
6387,0,0,0
6388,0,0,0
6389,1,0,1
6390,1,0,1
6391,1,0,1
6392,1,0,1
6393,1,0,1
6394,2,0,2
6395,2,0,2
6396,2,0,2
6397,2,0,2
6398,2,0,2
6399,2,0,2
6400,2,0,2
6401,2,0,2
6402,2,0,2
6403,2,0,2
6404,2,0,2
6405,2,0,2
6406,1,1,2
6407,1,1,2
6408,1,1,2
6409,1,1,2
6410,1,1,2
6411,1,1,2
6412,1,1,2
6413,1,1,2
6414,1,1,2
6415,1,1,2
6416,1,1,2
6417,1,1,2
6418,1,1,2
6419,1,1,2
6420,1,1,2
6421,1,1,2
6422,1,1,2
6423,1,1,2
6424,1,1,2
6425,1,1,2
6426,1,1,2
6427,1,1,2
6428,2,0,2
6429,3,0,3
6430,3,0,3
6431,3,0,3
6432,3,0,3
6433,3,0,3
6434,3,0,3
6435,3,0,3
6436,3,0,3
6437,3,0,3
6438,3,0,3
6439,3,0,3
6440,3,0,3
6441,3,0,3
6442,3,0,3
6443,3,0,3
6444,3,0,3
6445,3,0,3
6446,3,0,3
6447,3,0,3
6448,3,0,3
6449,3,0,3
6450,3,0,3
6451,3,0,3
6452,3,0,3
6453,3,0,3
6454,3,0,3
6455,3,0,3
6456,3,0,3
6457,3,0,3
6458,3,0,3
6459,3,0,3
6460,3,0,3
6461,3,0,3
6462,3,0,3
6463,3,0,3
6464,3,0,3
6465,3,0,3
6466,3,0,3
6467,3,0,3
6468,3,0,3
6469,3,0,3
6470,3,0,3
6471,3,0,3
6472,3,0,3
6473,3,0,3
6474,3,0,3
6475,3,0,3
6476,3,0,3
6477,3,0,3
6478,3,0,3
6479,2,0,2
6480,2,0,2
6481,2,0,2
6482,2,0,2
6483,2,0,2
6484,2,0,2
6485,2,0,2
6486,2,0,2
6487,2,0,2
6488,1,0,1
6489,1,0,1
6490,1,0,1
6491,0,0,0
6492,0,0,0
6493,0,0,0
6494,0,0,0
6495,0,0,0
6496,0,0,0
6497,0,0,0
6498,0,0,0
6499,0,0,0
6500,0,0,0
6501,0,0,0
6502,0,0,0
6503,0,0,0
6504,0,0,0
6505,0,0,0
6506,0,0,0
6507,0,0,0
6508,0,0,0
6509,0,0,0
6510,0,0,0
6511,0,0,0
6512,0,0,0
6513,0,0,0
6514,0,0,0
6515,0,0,0
6516,0,0,0
6517,0,0,0
6518,0,0,0
6519,0,0,0
6520,0,0,0
6521,0,0,0
6522,0,0,0
6523,0,0,0
6524,0,0,0
6525,0,0,0
6526,0,0,0
6527,0,0,0
6528,0,0,0
6529,0,0,0
6530,0,0,0
6531,0,0,0
6532,0,0,0
6533,0,0,0
6534,0,0,0
6535,0,0,0
6536,0,0,0
6537,0,0,0
6538,0,0,0
6539,0,0,0
6540,0,0,0
6541,0,0,0
6542,0,0,0
6543,0,0,0
6544,0,0,0
6545,0,0,0
6546,0,0,0
6547,0,0,0
6548,0,0,0
6549,0,0,0
6550,0,0,0
6551,0,0,0
6552,0,0,0
6553,0,0,0
6554,0,0,0
6555,0,0,0
6556,0,0,0
6557,0,0,0
6558,0,0,0
6559,0,0,0
6560,0,0,0
6561,0,0,0
6562,0,0,0
6563,0,0,0
6564,0,0,0
6565,0,0,0
6566,0,0,0
6567,0,0,0
6568,0,0,0
6569,0,0,0
6570,0,0,0
6571,0,0,0
6572,0,0,0
6573,0,0,0
6574,0,0,0
6575,0,0,0
6576,0,0,0
6577,0,0,0
6578,0,0,0
6579,0,0,0
6580,0,0,0
6581,0,0,0
6582,0,0,0
6583,0,0,0
6584,0,0,0
6585,0,0,0
6586,0,0,0
6587,0,0,0
6588,0,0,0
6589,0,0,0
6590,0,0,0
6591,0,0,0
6592,0,0,0
6593,0,0,0
6594,0,0,0
6595,0,0,0
6596,0,0,0
6597,0,0,0
6598,0,0,0
6599,0,0,0
6600,0,0,0
6601,0,0,0
6602,0,0,0
6603,0,0,0
6604,0,0,0
6605,0,0,0
6606,0,0,0
6607,0,0,0
6608,0,0,0
6609,0,0,0
6610,0,0,0
6611,0,0,0
6612,0,0,0
6613,0,0,0
6614,0,0,0
6615,0,0,0
6616,0,0,0
6617,0,0,0
6618,0,0,0
6619,0,0,0
6620,0,0,0
6621,0,0,0
6622,0,0,0
6623,0,0,0
6624,0,0,0
6625,0,0,0
6626,0,0,0
6627,0,0,0
6628,0,0,0
6629,0,0,0
6630,0,0,0
6631,0,0,0
6632,0,0,0
6633,0,0,0
6634,0,0,0
6635,0,0,0
6636,0,0,0
6637,0,0,0
6638,0,0,0
6639,0,0,0
6640,0,0,0
6641,0,0,0
6642,0,0,0
6643,0,0,0
6644,0,0,0
6645,0,0,0
6646,0,0,0
6647,0,0,0
6648,0,0,0
6649,0,0,0
6650,0,0,0
6651,0,0,0
6652,0,0,0
6653,0,0,0
6654,0,0,0
6655,0,0,0
6656,0,0,0
6657,0,0,0
6658,0,0,0
6659,0,0,0
6660,0,0,0
6661,0,0,0
6662,0,0,0
6663,0,0,0
6664,0,0,0
6665,0,0,0
6666,0,0,0
6667,0,0,0
6668,0,0,0
6669,0,0,0
6670,0,0,0
6671,0,0,0
6672,0,0,0
6673,0,0,0
6674,0,0,0
6675,1,0,1
6676,1,0,1
6677,1,0,1
6678,1,0,1
6679,1,0,1
6680,1,0,1
6681,1,0,1
6682,1,0,1
6683,2,0,2
6684,2,0,2
6685,2,0,2
6686,2,0,2
6687,2,0,2
6688,2,0,2
6689,2,0,2
6690,3,0,3
6691,3,0,3
6692,3,0,3
6693,3,0,3
6694,3,0,3
6695,3,0,3
6696,3,0,3
6697,3,0,3
6698,3,0,3
6699,3,0,3
6700,3,0,3
6701,3,0,3
6702,3,0,3
6703,3,0,3
6704,3,0,3
6705,3,0,3
6706,3,0,3
6707,2,1,3
6708,2,1,3
6709,2,1,3
6710,2,1,3
6711,2,1,3
6712,2,1,3
6713,2,1,3
6714,2,1,3
6715,2,1,3
6716,2,1,3
6717,2,1,3
6718,2,1,3
6719,2,1,3
6720,2,1,3
6721,2,1,3
6722,2,1,3
6723,2,1,3
6724,2,1,3
6725,2,1,3
6726,2,1,3
6727,3,1,4
6728,4,1,5
6729,4,1,5
6730,4,1,5
6731,5,0,5
6732,5,0,5
6733,5,0,5
6734,5,0,5
6735,5,0,5
6736,4,0,4
6737,4,0,4
6738,4,0,4
6739,4,0,4
6740,4,0,4
6741,4,0,4
6742,4,0,4
6743,4,0,4
6744,4,0,4
6745,4,0,4
6746,4,0,4
6747,4,0,4
6748,4,0,4
6749,4,0,4
6750,4,0,4
6751,4,0,4
6752,4,0,4
6753,4,0,4
6754,4,0,4
6755,4,0,4
6756,4,0,4
6757,4,0,4
6758,3,1,4
6759,3,1,4
6760,3,1,4
6761,3,1,4
6762,3,1,4
6763,3,1,4
6764,3,1,4
6765,3,1,4
6766,3,1,4
6767,3,1,4
6768,3,1,4
6769,3,1,4
6770,3,1,4
6771,3,1,4
6772,3,1,4
6773,3,1,4
6774,3,1,4
6775,3,1,4
6776,3,1,4
6777,3,1,4
6778,3,1,4
6779,3,1,4
6780,3,1,4
6781,2,1,3
6782,2,1,3
6783,2,1,3
6784,2,1,3
6785,1,1,2
6786,0,1,1
6787,0,1,1
6788,1,1,2
6789,1,1,2
6790,1,1,2
6791,1,1,2
6792,1,1,2
6793,1,1,2
6794,1,1,2
6795,2,0,2
6796,2,0,2
6797,2,0,2
6798,2,0,2
6799,2,0,2
6800,2,0,2
6801,2,0,2
6802,2,0,2
6803,2,0,2
6804,2,0,2
6805,2,0,2
6806,2,0,2
6807,2,0,2
6808,2,0,2
6809,2,0,2
6810,2,0,2
6811,2,0,2
6812,2,0,2
6813,2,0,2
6814,2,0,2
6815,2,0,2
6816,2,0,2
6817,2,0,2
6818,2,0,2
6819,2,0,2
6820,2,0,2
6821,2,0,2
6822,2,0,2
6823,2,0,2
6824,2,0,2
6825,2,0,2
6826,2,0,2
6827,2,0,2
6828,2,0,2
6829,2,0,2
6830,2,0,2
6831,2,0,2
6832,2,0,2
6833,2,0,2
6834,2,0,2
6835,2,0,2
6836,2,0,2
6837,2,0,2
6838,2,0,2
6839,2,0,2
6840,2,0,2
6841,2,0,2
6842,1,0,1
6843,1,0,1
6844,1,0,1
6845,1,0,1
6846,1,0,1
6847,1,0,1
6848,1,0,1
6849,1,0,1
6850,1,0,1
6851,1,0,1
6852,1,0,1
6853,1,0,1
6854,1,0,1
6855,1,0,1
6856,1,0,1
6857,1,0,1
6858,1,0,1
6859,1,0,1
6860,1,0,1
6861,1,0,1
6862,1,0,1
6863,1,0,1
6864,1,0,1
6865,1,0,1
6866,0,0,0
6867,0,0,0
6868,0,0,0
6869,0,0,0
6870,0,0,0
6871,0,0,0
6872,0,0,0
6873,0,0,0
6874,0,0,0
6875,0,0,0
6876,0,0,0
6877,0,0,0
6878,0,0,0
6879,0,0,0
6880,0,0,0
6881,1,0,1
6882,1,0,1
6883,1,0,1
6884,1,0,1
6885,1,0,1
6886,1,0,1
6887,1,0,1
6888,1,0,1
6889,1,0,1
6890,1,0,1
6891,1,0,1
6892,1,0,1
6893,1,0,1
6894,1,0,1
6895,1,0,1
6896,1,0,1
6897,1,0,1
6898,2,0,2
6899,2,0,2
6900,2,0,2
6901,2,0,2
6902,2,0,2
6903,2,0,2
6904,2,0,2
6905,2,0,2
6906,2,0,2
6907,2,0,2
6908,2,0,2
6909,2,0,2
6910,2,0,2
6911,2,0,2
6912,2,0,2
6913,2,0,2
6914,2,0,2
6915,2,0,2
6916,2,0,2
6917,2,0,2
6918,2,0,2
6919,2,0,2
6920,2,0,2
6921,2,0,2
6922,2,0,2
6923,2,0,2
6924,2,0,2
6925,2,0,2
6926,2,0,2
6927,2,0,2
6928,2,0,2
6929,2,0,2
6930,1,1,2
6931,1,1,2
6932,1,1,2
6933,1,1,2
6934,1,1,2
6935,1,1,2
6936,1,1,2
6937,1,1,2
6938,1,1,2
6939,1,1,2
6940,1,1,2
6941,1,1,2
6942,1,1,2
6943,1,1,2
6944,1,1,2
6945,1,1,2
6946,1,1,2
6947,1,1,2
6948,1,1,2
6949,1,1,2
6950,1,1,2
6951,1,1,2
6952,1,1,2
6953,1,1,2
6954,1,1,2
6955,1,1,2
6956,1,1,2
6957,1,1,2
6958,1,1,2
6959,1,1,2
6960,1,1,2
6961,1,1,2
6962,1,1,2
6963,2,0,2
6964,2,0,2
6965,2,0,2
6966,2,0,2
6967,2,0,2
6968,2,0,2
6969,2,0,2
6970,2,0,2
6971,1,0,1
6972,1,0,1
6973,1,0,1
6974,1,0,1
6975,1,0,1
6976,1,0,1
6977,1,0,1
6978,1,0,1
6979,1,0,1
6980,1,0,1
6981,1,0,1
6982,1,0,1
6983,1,0,1
6984,1,0,1
6985,1,0,1
6986,1,0,1
6987,1,0,1
6988,1,0,1
6989,1,0,1
6990,1,0,1
6991,1,0,1
6992,1,0,1
6993,1,0,1
6994,1,0,1
6995,1,0,1
6996,1,0,1
6997,1,0,1
6998,1,0,1
6999,1,0,1
7000,1,0,1
7001,1,0,1
7002,1,0,1
7003,1,0,1
7004,1,0,1
7005,1,0,1
7006,1,0,1
7007,1,0,1
7008,1,0,1
7009,1,0,1
7010,1,0,1
7011,1,0,1
7012,1,0,1
7013,1,0,1
7014,1,0,1
7015,1,0,1
7016,1,0,1
7017,1,0,1
7018,1,0,1
7019,1,0,1
7020,1,0,1
7021,1,0,1
7022,1,0,1
7023,1,0,1
7024,1,0,1
7025,1,0,1
7026,1,0,1
7027,1,0,1
7028,1,0,1
7029,1,0,1
7030,1,0,1
7031,1,0,1
7032,1,0,1
7033,1,0,1
7034,1,0,1
7035,1,0,1
7036,1,0,1
7037,1,0,1
7038,1,0,1
7039,1,0,1
7040,1,0,1
7041,1,0,1
7042,1,0,1
7043,1,0,1
7044,1,0,1
7045,1,0,1
7046,1,0,1
7047,1,0,1
7048,1,0,1
7049,1,0,1
7050,1,0,1
7051,1,0,1
7052,1,0,1
7053,0,0,0
7054,0,0,0
7055,0,0,0
7056,0,0,0
7057,0,0,0
7058,0,0,0
7059,0,0,0
7060,0,0,0
7061,0,0,0
7062,0,0,0
7063,0,0,0
7064,0,0,0
7065,0,0,0
7066,0,0,0
7067,0,0,0
7068,0,0,0
7069,0,0,0
7070,0,0,0
7071,0,0,0
7072,0,0,0
7073,0,0,0
7074,0,0,0
7075,0,0,0
7076,0,0,0
7077,0,0,0
7078,0,0,0
7079,0,0,0
7080,0,0,0
7081,0,0,0
7082,0,0,0
7083,0,0,0
7084,0,0,0
7085,0,0,0
7086,0,0,0
7087,0,0,0
7088,0,0,0
7089,0,0,0
7090,0,0,0
7091,0,0,0
7092,0,0,0
7093,0,0,0
7094,0,0,0
7095,0,0,0
7096,0,0,0
7097,0,0,0
7098,0,0,0
7099,0,0,0
7100,0,0,0
7101,0,0,0
7102,0,0,0
7103,0,0,0
7104,0,0,0
7105,0,0,0
7106,0,0,0
7107,0,0,0
7108,0,0,0
7109,0,0,0
7110,0,0,0
7111,0,0,0
7112,0,0,0
7113,0,0,0
7114,0,0,0
7115,0,0,0
7116,0,0,0
7117,0,0,0
7118,0,0,0
7119,0,0,0
7120,0,0,0
7121,0,0,0
7122,0,0,0
7123,0,0,0
7124,0,0,0
7125,0,0,0
7126,0,0,0
7127,0,0,0
7128,0,0,0
7129,0,0,0
7130,0,0,0
7131,0,0,0
7132,0,0,0
7133,0,0,0
7134,0,0,0
7135,0,0,0
7136,0,0,0
7137,0,0,0
7138,0,0,0
7139,0,0,0
7140,0,0,0
7141,0,0,0
7142,0,0,0
7143,0,0,0
7144,0,0,0
7145,0,0,0
7146,0,0,0
7147,0,0,0
7148,0,0,0
7149,0,0,0
7150,0,0,0
7151,0,0,0
7152,0,0,0
7153,0,0,0
7154,0,0,0
7155,0,0,0
7156,0,0,0
7157,0,0,0
7158,0,0,0
7159,0,0,0
7160,0,0,0
7161,0,0,0
7162,0,0,0
7163,0,0,0
7164,0,0,0
7165,0,0,0
7166,0,0,0
7167,0,0,0
7168,0,0,0
7169,0,0,0
7170,0,0,0
7171,0,0,0
7172,0,0,0
7173,0,0,0
7174,0,0,0
7175,0,0,0
7176,0,0,0
7177,0,0,0
7178,0,0,0
7179,0,0,0
7180,0,0,0
7181,0,0,0
7182,0,0,0
7183,0,0,0
7184,0,0,0
7185,0,0,0
7186,0,0,0
7187,0,0,0
7188,0,0,0
7189,0,0,0
7190,0,0,0
7191,0,0,0
7192,0,0,0
7193,0,0,0
7194,0,0,0
7195,0,0,0
7196,0,0,0
7197,0,0,0
7198,0,0,0
7199,0,0,0
7200,0,0,0
7201,0,0,0
7202,0,0,0
7203,0,0,0
7204,0,0,0
7205,0,0,0
7206,0,0,0
7207,0,0,0
7208,0,0,0
7209,0,0,0
7210,1,0,1
7211,1,0,1
7212,1,0,1
7213,1,0,1
7214,1,0,1
7215,1,0,1
7216,1,0,1
7217,1,0,1
7218,1,0,1
7219,1,0,1
7220,1,0,1
7221,1,0,1
7222,1,0,1
7223,1,0,1
7224,1,0,1
7225,1,0,1
7226,1,0,1
7227,1,0,1
7228,1,0,1
7229,1,0,1
7230,1,0,1
7231,1,0,1
7232,1,0,1
7233,1,0,1
7234,1,0,1
7235,1,0,1
7236,1,0,1
7237,1,0,1
7238,1,0,1
7239,1,0,1
7240,1,0,1
7241,1,0,1
7242,1,0,1
7243,1,0,1
7244,1,0,1
7245,1,0,1
7246,1,0,1
7247,1,0,1
7248,1,0,1
7249,1,0,1
7250,1,0,1
7251,1,0,1
7252,1,0,1
7253,1,0,1
7254,1,0,1
7255,1,0,1
7256,1,0,1
7257,1,0,1
7258,1,0,1
7259,1,0,1
7260,1,0,1
7261,1,0,1
7262,1,0,1
7263,1,0,1
7264,1,0,1
7265,1,0,1
7266,1,0,1
7267,1,0,1
7268,1,0,1
7269,1,0,1
7270,1,0,1
7271,1,0,1
7272,1,0,1
7273,1,0,1
7274,1,0,1
7275,1,0,1
7276,1,0,1
7277,1,0,1
7278,1,0,1
7279,1,0,1
7280,1,0,1
7281,1,0,1
7282,1,0,1
7283,1,0,1
7284,1,0,1
7285,1,0,1
7286,1,0,1
7287,1,0,1
7288,1,0,1
7289,1,0,1
7290,1,0,1
7291,1,0,1
7292,1,0,1
7293,1,0,1
7294,1,0,1
7295,1,0,1
7296,1,0,1
7297,1,0,1
7298,1,0,1
7299,1,0,1
7300,1,0,1
7301,1,0,1
7302,1,0,1
7303,1,0,1
7304,1,0,1
7305,1,0,1
7306,1,0,1
7307,1,0,1
7308,1,0,1
7309,1,0,1
7310,1,0,1
7311,1,0,1
7312,1,0,1
7313,1,0,1
7314,1,0,1
7315,1,0,1
7316,1,0,1
7317,1,0,1
7318,1,0,1
7319,1,0,1
7320,1,0,1
7321,1,0,1
7322,1,0,1
7323,1,0,1
7324,1,0,1
7325,1,0,1
7326,1,0,1
7327,1,0,1
7328,1,0,1
7329,1,0,1
7330,1,0,1
7331,1,0,1
7332,1,0,1
7333,1,0,1
7334,1,0,1
7335,1,0,1
7336,1,0,1
7337,1,0,1
7338,1,0,1
7339,1,0,1
7340,1,0,1
7341,1,0,1
7342,1,0,1
7343,1,0,1
7344,1,0,1
7345,1,0,1
7346,1,0,1
7347,1,0,1
7348,1,0,1
7349,1,0,1
7350,1,0,1
7351,1,0,1
7352,1,0,1
7353,1,0,1
7354,1,0,1
7355,1,0,1
7356,1,0,1
7357,1,0,1
7358,1,0,1
7359,1,0,1
7360,1,0,1
7361,1,0,1
7362,1,0,1
7363,1,0,1
7364,1,0,1
7365,1,0,1
7366,1,0,1
7367,1,0,1
7368,1,0,1
7369,1,0,1
7370,1,0,1
7371,1,0,1
7372,1,0,1
7373,1,0,1
7374,1,0,1
7375,1,0,1
7376,1,0,1
7377,1,0,1
7378,1,0,1
7379,1,0,1
7380,1,0,1
7381,1,0,1
7382,1,0,1
7383,1,0,1
7384,1,0,1
7385,2,0,2
7386,2,0,2
7387,2,0,2
7388,2,0,2
7389,2,0,2
7390,2,0,2
7391,2,0,2
7392,2,0,2
7393,2,0,2
7394,2,0,2
7395,2,0,2
7396,2,0,2
7397,1,0,1
7398,1,0,1
7399,1,0,1
7400,1,0,1
7401,1,0,1
7402,2,0,2
7403,2,0,2
7404,2,0,2
7405,2,0,2
7406,2,0,2
7407,2,0,2
7408,2,0,2
7409,2,0,2
7410,2,0,2
7411,2,0,2
7412,2,0,2
7413,2,0,2
7414,2,0,2
7415,2,0,2
7416,2,0,2
7417,2,0,2
7418,3,0,3
7419,3,0,3
7420,3,0,3
7421,3,0,3
7422,3,0,3
7423,3,0,3
7424,3,0,3
7425,3,0,3
7426,3,0,3
7427,3,0,3
7428,3,0,3
7429,3,0,3
7430,3,0,3
7431,3,0,3
7432,3,0,3
7433,3,0,3
7434,3,0,3
7435,3,0,3
7436,3,0,3
7437,3,0,3
7438,3,0,3
7439,3,0,3
7440,3,0,3
7441,3,0,3
7442,3,0,3
7443,3,0,3
7444,3,0,3
7445,3,0,3
7446,3,0,3
7447,3,0,3
7448,3,0,3
7449,3,0,3
7450,3,0,3
7451,2,0,2
7452,2,0,2
7453,2,0,2
7454,2,0,2
7455,2,0,2
7456,2,0,2
7457,2,0,2
7458,2,0,2
7459,2,0,2
7460,2,0,2
7461,2,0,2
7462,2,0,2
7463,2,0,2
7464,2,0,2
7465,2,0,2
7466,2,0,2
7467,2,0,2
7468,2,0,2
7469,2,0,2
7470,2,0,2
7471,2,0,2
7472,2,0,2
7473,3,0,3
7474,3,0,3
7475,2,1,3
7476,2,1,3
7477,2,1,3
7478,2,1,3
7479,2,1,3
7480,1,2,3
7481,1,2,3
7482,1,2,3
7483,1,2,3
7484,1,2,3
7485,1,2,3
7486,1,2,3
7487,1,2,3
7488,1,2,3
7489,1,2,3
7490,1,2,3
7491,1,2,3
7492,1,2,3
7493,1,2,3
7494,1,2,3
7495,1,2,3
7496,1,2,3
7497,1,2,3
7498,1,2,3
7499,0,3,3
7500,0,3,3
7501,1,2,3
7502,2,2,4
7503,2,2,4
7504,2,2,4
7505,2,2,4
7506,2,2,4
7507,2,2,4
7508,2,2,4
7509,2,2,4
7510,2,2,4
7511,3,2,5
7512,3,2,5
7513,3,2,5
7514,3,2,5
7515,3,2,5
7516,3,2,5
7517,3,2,5
7518,3,2,5
7519,3,2,5
7520,3,2,5
7521,3,2,5
7522,3,2,5
7523,3,2,5
7524,4,1,5
7525,4,1,5
7526,4,1,5
7527,3,1,4
7528,3,1,4
7529,3,1,4
7530,4,0,4
7531,3,0,3
7532,3,0,3
7533,3,0,3
7534,3,0,3
7535,3,0,3
7536,3,0,3
7537,3,0,3
7538,3,0,3
7539,3,0,3
7540,3,0,3
7541,3,0,3
7542,2,0,2
7543,2,0,2
7544,2,0,2
7545,2,0,2
7546,2,0,2
7547,2,0,2
7548,2,0,2
7549,2,0,2
7550,2,0,2
7551,2,0,2
7552,2,0,2
7553,2,0,2
7554,2,0,2
7555,2,0,2
7556,2,0,2
7557,2,0,2
7558,2,0,2
7559,2,0,2
7560,2,0,2
7561,2,0,2
7562,2,0,2
7563,2,0,2
7564,2,0,2
7565,2,0,2
7566,2,0,2
7567,2,0,2
7568,2,0,2
7569,2,0,2
7570,2,0,2
7571,2,0,2
7572,2,0,2
7573,2,0,2
7574,2,0,2
7575,2,0,2
7576,2,0,2
7577,2,0,2
7578,2,0,2
7579,2,0,2
7580,2,0,2
7581,2,0,2
7582,2,0,2
7583,2,0,2
7584,2,0,2
7585,2,0,2
7586,2,0,2
7587,2,0,2
7588,2,0,2
7589,2,0,2
7590,2,0,2
7591,2,0,2
7592,2,0,2
7593,2,0,2
7594,2,0,2
7595,1,0,1
7596,0,0,0
7597,0,0,0
7598,0,0,0
7599,0,0,0
7600,0,0,0
7601,0,0,0
7602,0,0,0
7603,0,0,0
7604,0,0,0
7605,0,0,0
7606,0,0,0
7607,0,0,0
7608,0,0,0
7609,0,0,0
7610,0,0,0
7611,0,0,0
7612,0,0,0
7613,0,0,0
7614,0,0,0
7615,0,0,0
7616,0,0,0
7617,0,0,0
7618,0,0,0
7619,0,0,0
7620,0,0,0
7621,0,0,0
7622,0,0,0
7623,0,0,0
7624,0,0,0
7625,0,0,0
7626,0,0,0
7627,0,0,0
7628,0,0,0
7629,0,0,0
7630,0,0,0
7631,0,0,0
7632,0,0,0
7633,0,0,0
7634,0,0,0
7635,0,0,0
7636,0,0,0
7637,0,0,0
7638,0,0,0
7639,0,0,0
7640,0,0,0
7641,0,0,0
7642,0,0,0
7643,0,0,0
7644,0,0,0
7645,0,0,0
7646,0,0,0
7647,0,0,0
7648,0,0,0
7649,0,0,0
7650,0,0,0
7651,0,0,0
7652,0,0,0
7653,0,0,0
7654,0,0,0
7655,0,0,0
7656,0,0,0
7657,0,0,0
7658,0,0,0
7659,0,0,0
7660,0,0,0
7661,0,0,0
7662,0,0,0
7663,0,0,0
7664,0,0,0
7665,0,0,0
7666,0,0,0
7667,0,0,0
7668,0,0,0
7669,0,0,0
7670,0,0,0
7671,0,0,0
7672,0,0,0
7673,0,0,0
7674,0,0,0
7675,0,0,0
7676,0,0,0
7677,0,0,0
7678,0,0,0
7679,0,0,0
7680,0,0,0
7681,0,0,0
7682,0,0,0
7683,0,0,0
7684,0,0,0
7685,0,0,0
7686,0,0,0
7687,0,0,0
7688,0,0,0
7689,0,0,0
7690,0,0,0
7691,0,0,0
7692,0,0,0
7693,0,0,0
7694,0,0,0
7695,0,0,0
7696,0,0,0
7697,0,0,0
7698,0,0,0
7699,1,0,1
7700,1,0,1
7701,1,0,1
7702,1,0,1
7703,1,0,1
7704,1,0,1
7705,1,0,1
7706,2,0,2
7707,2,0,2
7708,2,0,2
7709,2,0,2
7710,2,0,2
7711,2,0,2
7712,2,0,2
7713,2,0,2
7714,2,0,2
7715,2,0,2
7716,2,0,2
7717,2,0,2
7718,2,0,2
7719,2,0,2
7720,2,0,2
7721,2,0,2
7722,2,0,2
7723,2,0,2
7724,2,0,2
7725,2,0,2
7726,2,0,2
7727,2,0,2
7728,2,0,2
7729,2,0,2
7730,2,0,2
7731,2,0,2
7732,2,0,2
7733,2,0,2
7734,2,0,2
7735,2,0,2
7736,2,0,2
7737,2,0,2
7738,2,0,2
7739,2,0,2
7740,2,0,2
7741,2,0,2
7742,2,0,2
7743,1,1,2
7744,1,1,2
7745,1,1,2
7746,1,1,2
7747,1,1,2
7748,1,1,2
7749,1,1,2
7750,1,1,2
7751,1,1,2
7752,1,1,2
7753,1,1,2
7754,1,1,2
7755,1,1,2
7756,1,1,2
7757,1,1,2
7758,1,1,2
7759,1,1,2
7760,1,1,2
7761,1,1,2
7762,1,1,2
7763,1,1,2
7764,1,1,2
7765,1,1,2
7766,1,1,2
7767,1,1,2
7768,1,1,2
7769,1,1,2
7770,1,1,2
7771,1,1,2
7772,1,1,2
7773,1,1,2
7774,1,1,2
7775,1,1,2
7776,1,1,2
7777,1,1,2
7778,1,1,2
7779,2,0,2
7780,2,0,2
7781,2,0,2
7782,2,0,2
7783,1,0,1
7784,1,0,1
7785,1,0,1
7786,1,0,1
7787,1,0,1
7788,1,0,1
7789,1,0,1
7790,1,0,1
7791,1,0,1
7792,1,0,1
7793,1,0,1
7794,1,0,1
7795,1,0,1
7796,1,0,1
7797,1,0,1
7798,1,0,1
7799,1,0,1
7800,1,0,1
7801,1,0,1
7802,1,0,1
7803,1,0,1
7804,1,0,1
7805,1,0,1
7806,1,0,1
7807,1,0,1
7808,1,0,1
7809,0,0,0
7810,0,0,0
7811,0,0,0
7812,0,0,0
7813,0,0,0
7814,0,0,0
7815,0,0,0
7816,0,0,0
7817,0,0,0
7818,0,0,0
7819,0,0,0
7820,0,0,0
7821,0,0,0
7822,0,0,0
7823,0,0,0
7824,0,0,0
7825,0,0,0
7826,0,0,0
7827,0,0,0
7828,0,0,0
7829,0,0,0
7830,0,0,0
7831,0,0,0
7832,0,0,0
7833,0,0,0
7834,0,0,0
7835,0,0,0
7836,0,0,0
7837,0,0,0
7838,0,0,0
7839,0,0,0
7840,0,0,0
7841,0,0,0
7842,0,0,0
7843,0,0,0
7844,0,0,0
7845,0,0,0
7846,0,0,0
7847,0,0,0
7848,0,0,0
7849,0,0,0
7850,0,0,0
7851,0,0,0
7852,0,0,0
7853,0,0,0
7854,0,0,0
7855,0,0,0
7856,0,0,0
7857,0,0,0
7858,0,0,0
7859,0,0,0
7860,0,0,0
7861,0,0,0
7862,0,0,0
7863,0,0,0
7864,0,0,0
7865,0,0,0
7866,0,0,0
7867,0,0,0
7868,0,0,0
7869,0,0,0
7870,0,0,0
7871,0,0,0
7872,0,0,0
7873,0,0,0
7874,0,0,0
7875,0,0,0
7876,0,0,0
7877,0,0,0
7878,0,0,0
7879,0,0,0
7880,0,0,0
7881,0,0,0
7882,0,0,0
7883,0,0,0
7884,0,0,0
7885,0,0,0
7886,0,0,0
7887,0,0,0
7888,0,0,0
7889,0,0,0
7890,0,0,0
7891,0,0,0
7892,0,0,0
7893,0,0,0
7894,0,0,0
7895,0,0,0
7896,0,0,0
7897,0,0,0
7898,0,0,0
7899,0,0,0
7900,0,0,0
7901,0,0,0
7902,0,0,0
7903,0,0,0
7904,0,0,0
7905,0,0,0
7906,0,0,0
7907,0,0,0
7908,0,0,0
7909,0,0,0
7910,0,0,0
7911,0,0,0
7912,0,0,0
7913,0,0,0
7914,0,0,0
7915,0,0,0
7916,0,0,0
7917,0,0,0
7918,0,0,0
7919,0,0,0
7920,0,0,0
7921,0,0,0
7922,0,0,0
7923,0,0,0
7924,0,0,0
7925,0,0,0
7926,0,0,0
7927,0,0,0
7928,0,0,0
7929,0,0,0
7930,0,0,0
7931,0,0,0
7932,0,0,0
7933,0,0,0
7934,0,0,0
7935,0,0,0
7936,0,0,0
7937,0,0,0
7938,0,0,0
7939,0,0,0
7940,0,0,0
7941,0,0,0
7942,0,0,0
7943,0,0,0
7944,0,0,0
7945,0,0,0
7946,0,0,0
7947,0,0,0
7948,0,0,0
7949,0,0,0
7950,0,0,0
7951,0,0,0
7952,0,0,0
7953,0,0,0
7954,0,0,0
7955,0,0,0
7956,0,0,0
7957,0,0,0
7958,0,0,0
7959,0,0,0
7960,0,0,0
7961,0,0,0
7962,0,0,0
7963,0,0,0
7964,0,0,0
7965,0,0,0
7966,0,0,0
7967,0,0,0
7968,0,0,0
7969,0,0,0
7970,0,0,0
7971,0,0,0
7972,0,0,0
7973,0,0,0
7974,0,0,0
7975,1,0,1
7976,1,0,1
7977,1,0,1
7978,1,0,1
7979,1,0,1
7980,1,0,1
7981,1,0,1
7982,1,0,1
7983,1,0,1
7984,1,0,1
7985,1,0,1
7986,1,0,1
7987,1,0,1
7988,1,0,1
7989,1,0,1
7990,1,0,1
7991,1,0,1
7992,1,0,1
7993,1,0,1
7994,1,0,1
7995,1,0,1
7996,1,0,1
7997,1,0,1
7998,1,0,1
7999,1,0,1
8000,1,0,1
8001,1,0,1
8002,1,0,1
8003,1,0,1
8004,1,0,1
8005,1,0,1
8006,1,0,1
8007,1,0,1
8008,1,0,1
8009,1,0,1
8010,1,0,1
8011,1,0,1
8012,1,0,1
8013,1,0,1
8014,1,0,1
8015,1,0,1
8016,1,0,1
8017,1,0,1
8018,1,0,1
8019,1,0,1
8020,1,0,1
8021,1,0,1
8022,1,0,1
8023,1,0,1
8024,1,0,1
8025,1,0,1
8026,1,0,1
8027,1,0,1
8028,1,0,1
8029,0,0,0
8030,0,0,0
8031,0,0,0
8032,0,0,0
8033,0,0,0
8034,0,0,0
8035,0,0,0
8036,0,0,0
8037,0,0,0
8038,0,0,0
8039,0,0,0
8040,0,0,0
8041,0,0,0
8042,0,0,0
8043,0,0,0
8044,0,0,0
8045,0,0,0
8046,0,0,0
8047,0,0,0
8048,0,0,0
8049,0,0,0
8050,0,0,0
8051,0,0,0
8052,0,0,0
8053,0,0,0
8054,0,0,0
8055,0,0,0
8056,0,0,0
8057,0,0,0
8058,0,0,0
8059,0,0,0
8060,0,0,0
8061,0,0,0
8062,0,0,0
8063,0,0,0
8064,0,0,0
8065,0,0,0
8066,0,0,0
8067,0,0,0
8068,0,0,0
8069,0,0,0
8070,0,0,0
8071,0,0,0
8072,0,0,0
8073,0,0,0
8074,0,0,0
8075,0,0,0
8076,0,0,0
8077,0,0,0
8078,0,0,0
8079,0,0,0
8080,0,0,0
8081,0,0,0
8082,0,0,0
8083,0,0,0
8084,0,0,0
8085,0,0,0
8086,0,0,0
8087,0,0,0
8088,0,0,0
8089,0,0,0
8090,0,0,0
8091,0,0,0
8092,0,0,0
8093,0,0,0
8094,0,0,0
8095,0,0,0
8096,0,0,0
8097,0,0,0
8098,0,0,0
8099,0,0,0
8100,0,0,0
8101,0,0,0
8102,0,0,0
8103,0,0,0
8104,0,0,0
8105,0,0,0
8106,0,0,0
8107,0,0,0
8108,0,0,0
8109,0,0,0
8110,0,0,0
8111,0,0,0
8112,0,0,0
8113,0,0,0
8114,0,0,0
8115,0,0,0
8116,0,0,0
8117,0,0,0
8118,0,0,0
8119,0,0,0
8120,0,0,0
8121,0,0,0
8122,0,0,0
8123,0,0,0
8124,0,0,0
8125,0,0,0
8126,0,0,0
8127,0,0,0
8128,0,0,0
8129,0,0,0
8130,0,0,0
8131,0,0,0
8132,0,0,0
8133,0,0,0
8134,0,0,0
8135,0,0,0
8136,0,0,0
8137,0,0,0
8138,0,0,0
8139,0,0,0
8140,0,0,0
8141,0,0,0
8142,0,0,0
8143,0,0,0
8144,0,0,0
8145,0,0,0
8146,0,0,0
8147,0,0,0
8148,0,0,0
8149,0,0,0
8150,0,0,0
8151,0,0,0
8152,0,0,0
8153,0,0,0
8154,0,0,0
8155,0,0,0
8156,0,0,0
8157,0,0,0
8158,0,0,0
8159,0,0,0
8160,0,0,0
8161,0,0,0
8162,0,0,0
8163,0,0,0
8164,0,0,0
8165,0,0,0
8166,0,0,0
8167,0,0,0
8168,0,0,0
8169,0,0,0
8170,0,0,0
8171,0,0,0
8172,0,0,0
8173,0,0,0
8174,0,0,0
8175,0,0,0
8176,0,0,0
8177,0,0,0
8178,0,0,0
8179,0,0,0
8180,0,0,0
8181,0,0,0
8182,0,0,0
8183,0,0,0
8184,0,0,0
8185,0,0,0
8186,0,0,0
8187,0,0,0
8188,0,0,0
8189,0,0,0
8190,0,0,0
8191,0,0,0
8192,0,0,0
8193,0,0,0
8194,0,0,0
8195,0,0,0
8196,0,0,0
8197,0,0,0
8198,0,0,0
8199,0,0,0
8200,0,0,0
8201,0,0,0
8202,0,0,0
8203,0,0,0
8204,0,0,0
8205,0,0,0
8206,0,0,0
8207,0,0,0
8208,0,0,0
8209,0,0,0
8210,0,0,0
8211,0,0,0
8212,0,0,0
8213,0,0,0
8214,0,0,0
8215,0,0,0
8216,0,0,0
8217,0,0,0
8218,0,0,0
8219,0,0,0
8220,0,0,0
8221,0,0,0
8222,0,0,0
8223,0,0,0
8224,0,0,0
8225,0,0,0
8226,0,0,0
8227,0,0,0
8228,0,0,0
8229,0,0,0
8230,0,0,0
8231,0,0,0
8232,0,0,0
8233,0,0,0
8234,0,0,0
8235,0,0,0
8236,0,0,0
8237,0,0,0
8238,0,0,0
8239,0,0,0
8240,0,0,0
8241,0,0,0
8242,0,0,0
8243,0,0,0
8244,0,0,0
8245,0,0,0
8246,0,0,0
8247,0,0,0
8248,0,0,0
8249,0,0,0
8250,0,0,0
8251,0,0,0
8252,0,0,0
8253,0,0,0
8254,0,0,0
8255,0,0,0
8256,0,0,0
8257,0,0,0
8258,0,0,0
8259,0,0,0
8260,0,0,0
8261,0,0,0
8262,0,0,0
8263,0,0,0
8264,0,0,0
8265,0,0,0
8266,0,0,0
8267,0,0,0
8268,0,0,0
8269,0,0,0
8270,0,0,0
8271,0,0,0
8272,0,0,0
8273,0,0,0
8274,0,0,0
8275,0,0,0
8276,0,0,0
8277,0,0,0
8278,0,0,0
8279,0,0,0
8280,0,0,0
8281,0,0,0
8282,0,0,0
8283,0,0,0
8284,0,0,0
8285,0,0,0
8286,0,0,0
8287,0,0,0
8288,0,0,0
8289,0,0,0
8290,0,0,0
8291,0,0,0
8292,0,0,0
8293,0,0,0
8294,0,0,0
8295,0,0,0
8296,0,0,0
8297,0,0,0
8298,0,0,0
8299,0,0,0
8300,0,0,0
8301,0,0,0
8302,0,0,0
8303,0,0,0
8304,0,0,0
8305,1,0,1
8306,2,0,2
8307,2,0,2
8308,2,0,2
8309,2,0,2
8310,2,0,2
8311,2,0,2
8312,2,0,2
8313,2,0,2
8314,2,0,2
8315,2,0,2
8316,2,0,2
8317,2,0,2
8318,2,0,2
8319,2,0,2
8320,2,0,2
8321,2,0,2
8322,2,0,2
8323,2,0,2
8324,2,0,2
8325,2,0,2
8326,2,0,2
8327,2,0,2
8328,2,0,2
8329,2,0,2
8330,2,0,2
8331,2,0,2
8332,2,0,2
8333,2,0,2
8334,2,0,2
8335,2,0,2
8336,2,0,2
8337,2,0,2
8338,2,0,2
8339,2,0,2
8340,2,0,2
8341,2,0,2
8342,2,0,2
8343,2,0,2
8344,2,0,2
8345,2,0,2
8346,2,0,2
8347,2,0,2
8348,2,0,2
8349,2,0,2
8350,2,0,2
8351,2,0,2
8352,2,0,2
8353,2,0,2
8354,2,0,2
8355,2,0,2
8356,2,0,2
8357,2,0,2
8358,2,0,2
8359,2,0,2
8360,2,0,2
8361,2,0,2
8362,2,0,2
8363,2,0,2
8364,2,0,2
8365,2,0,2
8366,1,0,1
8367,0,0,0
8368,0,0,0
8369,0,0,0
8370,0,0,0
8371,0,0,0
8372,0,0,0
8373,0,0,0
8374,0,0,0
8375,0,0,0
8376,0,0,0
8377,0,0,0
8378,0,0,0
8379,0,0,0
8380,0,0,0
8381,0,0,0
8382,0,0,0
8383,0,0,0
8384,0,0,0
8385,0,0,0
8386,0,0,0
8387,0,0,0
8388,0,0,0
8389,0,0,0
8390,0,0,0
8391,0,0,0
8392,0,0,0
8393,0,0,0
8394,0,0,0
8395,0,0,0
8396,0,0,0
8397,0,0,0
8398,0,0,0
8399,0,0,0
8400,0,0,0
8401,0,0,0
8402,0,0,0
8403,0,0,0
8404,0,0,0
8405,0,0,0
8406,0,0,0
8407,0,0,0
8408,0,0,0
8409,0,0,0
8410,0,0,0
8411,0,0,0
8412,0,0,0
8413,0,0,0
8414,0,0,0
8415,0,0,0
8416,0,0,0
8417,0,0,0
8418,0,0,0
8419,0,0,0
8420,0,0,0
8421,0,0,0
8422,0,0,0
8423,0,0,0
8424,0,0,0
8425,0,0,0
8426,0,0,0
8427,0,0,0
8428,0,0,0
8429,0,0,0
8430,0,0,0
8431,0,0,0
8432,0,0,0
8433,0,0,0
8434,0,0,0
8435,0,0,0
8436,0,0,0
8437,0,0,0
8438,0,0,0
8439,0,0,0
8440,0,0,0
8441,0,0,0
8442,0,0,0
8443,0,0,0
8444,0,0,0
8445,0,0,0
8446,0,0,0
8447,0,0,0
8448,0,0,0
8449,0,0,0
8450,0,0,0
8451,0,0,0
8452,0,0,0
8453,0,0,0
8454,0,0,0
8455,0,0,0
8456,0,0,0
8457,0,0,0
8458,0,0,0
8459,0,0,0
8460,0,0,0
8461,0,0,0
8462,0,0,0
8463,0,0,0
8464,0,0,0
8465,0,0,0
8466,0,0,0
8467,0,0,0
8468,0,0,0
8469,0,0,0
8470,0,0,0
8471,0,0,0
8472,0,0,0
8473,0,0,0
8474,0,0,0
8475,0,0,0
8476,0,0,0
8477,0,0,0
8478,0,0,0
8479,0,0,0
8480,0,0,0
8481,0,0,0
8482,0,0,0
8483,0,0,0
8484,0,0,0
8485,0,0,0
8486,0,0,0
8487,0,0,0
8488,0,0,0
8489,0,0,0
8490,0,0,0
8491,0,0,0
8492,0,0,0
8493,0,0,0
8494,0,0,0
8495,0,0,0
8496,0,0,0
8497,0,0,0
8498,0,0,0
8499,0,0,0
8500,0,0,0
8501,0,0,0
8502,0,0,0
8503,0,0,0
8504,0,0,0
8505,0,0,0
8506,0,0,0
8507,0,0,0
8508,0,0,0
8509,0,0,0
8510,0,0,0
8511,0,0,0
8512,0,0,0
8513,0,0,0
8514,0,0,0
8515,0,0,0
8516,0,0,0
8517,0,0,0
8518,0,0,0
8519,0,0,0
8520,0,0,0
8521,0,0,0
8522,0,0,0
8523,0,0,0
8524,0,0,0
8525,0,0,0
8526,0,0,0
8527,0,0,0
8528,0,0,0
8529,0,0,0
8530,0,0,0
8531,0,0,0
8532,0,0,0
8533,0,0,0
8534,0,0,0
8535,0,0,0
8536,0,0,0
8537,0,0,0
8538,0,0,0
8539,0,0,0
8540,0,0,0
8541,0,0,0
8542,0,0,0
8543,0,0,0
8544,0,0,0
8545,0,0,0
8546,0,0,0
8547,0,0,0
8548,0,0,0
8549,0,0,0
8550,0,0,0
8551,0,0,0
8552,0,0,0
8553,0,0,0
8554,0,0,0
8555,0,0,0
8556,0,0,0
8557,0,0,0
8558,0,0,0
8559,0,0,0
8560,0,0,0
8561,0,0,0
8562,0,0,0
8563,0,0,0
8564,0,0,0
8565,0,0,0
8566,0,0,0
8567,0,0,0
8568,0,0,0
8569,0,0,0
8570,0,0,0
8571,0,0,0
8572,0,0,0
8573,0,0,0
8574,0,0,0
8575,0,0,0
8576,0,0,0
8577,0,0,0
8578,0,0,0
8579,0,0,0
8580,0,0,0
8581,0,0,0
8582,0,0,0
8583,0,0,0
8584,0,0,0
8585,0,0,0
8586,0,0,0
8587,0,0,0
8588,0,0,0
8589,0,0,0
8590,0,0,0
8591,0,0,0
8592,0,0,0
8593,0,0,0
8594,0,0,0
8595,0,0,0
8596,0,0,0
8597,0,0,0
8598,0,0,0
8599,0,0,0
8600,0,0,0
8601,0,0,0
8602,0,0,0
8603,0,0,0
8604,0,0,0
8605,0,0,0
8606,0,0,0
8607,0,0,0
8608,0,0,0
8609,0,0,0
8610,0,0,0
8611,0,0,0
8612,0,0,0
8613,0,0,0
8614,0,0,0
8615,0,0,0
8616,0,0,0
8617,0,0,0
8618,0,0,0
8619,0,0,0
8620,0,0,0
8621,0,0,0
8622,0,0,0
8623,0,0,0
8624,0,0,0
8625,0,0,0
8626,0,0,0
8627,0,0,0
8628,0,0,0
8629,0,0,0
8630,0,0,0
8631,0,0,0
8632,0,0,0
8633,0,0,0
8634,0,0,0
8635,0,0,0
8636,0,0,0
8637,0,0,0
8638,0,0,0
8639,0,0,0
8640,0,0,0
8641,0,0,0
8642,0,0,0
8643,0,0,0
8644,0,0,0
8645,0,0,0
8646,0,0,0
8647,0,0,0
8648,0,0,0
8649,0,0,0
8650,0,0,0
8651,0,0,0
8652,0,0,0
8653,0,0,0
8654,0,0,0
8655,0,0,0
8656,0,0,0
8657,0,0,0
8658,0,0,0
8659,0,0,0
8660,0,0,0
8661,0,0,0
8662,0,0,0
8663,0,0,0
8664,0,0,0
8665,0,0,0
8666,0,0,0
8667,0,0,0
8668,0,0,0
8669,0,0,0
8670,0,0,0
8671,0,0,0
8672,0,0,0
8673,0,0,0
8674,0,0,0
8675,0,0,0
8676,0,0,0
8677,0,0,0
8678,0,0,0
8679,0,0,0
8680,0,0,0
8681,0,0,0
8682,0,0,0
8683,0,0,0
8684,0,0,0
8685,0,0,0
8686,0,0,0
8687,0,0,0
8688,0,0,0
8689,0,0,0
8690,0,0,0
8691,0,0,0
8692,0,0,0
8693,0,0,0
8694,0,0,0
8695,0,0,0
8696,0,0,0
8697,0,0,0
8698,0,0,0
8699,0,0,0
8700,0,0,0
8701,0,0,0
8702,0,0,0
8703,0,0,0
8704,0,0,0
8705,0,0,0
8706,0,0,0
8707,0,0,0
8708,0,0,0
8709,0,0,0
8710,0,0,0
8711,0,0,0
8712,0,0,0
8713,0,0,0
8714,1,0,1
8715,1,0,1
8716,1,0,1
8717,1,0,1
8718,1,0,1
8719,1,0,1
8720,1,0,1
8721,1,0,1
8722,1,0,1
8723,1,0,1
8724,1,0,1
8725,1,0,1
8726,1,0,1
8727,1,0,1
8728,1,0,1
8729,1,0,1
8730,1,0,1
8731,1,0,1
8732,1,0,1
8733,1,0,1
8734,1,0,1
8735,1,0,1
8736,1,0,1
8737,1,0,1
8738,1,0,1
8739,1,0,1
8740,1,0,1
8741,1,0,1
8742,1,0,1
8743,1,0,1
8744,1,0,1
8745,1,0,1
8746,1,0,1
8747,1,0,1
8748,1,0,1
8749,1,0,1
8750,1,0,1
8751,1,0,1
8752,1,0,1
8753,1,0,1
8754,1,0,1
8755,1,0,1
8756,1,0,1
8757,1,0,1
8758,1,0,1
8759,1,0,1
8760,1,0,1
8761,1,0,1
8762,1,0,1
8763,1,0,1
8764,1,0,1
8765,1,0,1
8766,1,0,1
8767,1,0,1
8768,1,0,1
8769,1,0,1
8770,1,0,1
8771,1,0,1
8772,1,0,1
8773,1,0,1
8774,1,0,1
8775,1,0,1
8776,1,0,1
8777,1,0,1
8778,1,0,1
8779,1,0,1
8780,1,0,1
8781,1,0,1
8782,1,0,1
8783,1,0,1
8784,1,0,1
8785,1,0,1
8786,0,0,0
8787,0,0,0
8788,0,0,0
8789,0,0,0
8790,0,0,0
8791,0,0,0
8792,0,0,0
8793,0,0,0
8794,0,0,0
8795,0,0,0
8796,0,0,0
8797,0,0,0
8798,0,0,0
8799,0,0,0
8800,0,0,0
8801,0,0,0
8802,0,0,0
8803,0,0,0
8804,0,0,0
8805,0,0,0
8806,0,0,0
8807,0,0,0
8808,0,0,0
8809,0,0,0
8810,0,0,0
8811,0,0,0
8812,0,0,0
8813,0,0,0
8814,0,0,0
8815,0,0,0
8816,0,0,0
8817,0,0,0
8818,0,0,0
8819,0,0,0
8820,0,0,0
8821,0,0,0
8822,0,0,0
8823,0,0,0
8824,0,0,0
8825,0,0,0
8826,0,0,0
8827,0,0,0
8828,0,0,0
8829,0,0,0
8830,0,0,0
8831,0,0,0
8832,0,0,0
8833,0,0,0
8834,0,0,0
8835,0,0,0
8836,0,0,0
8837,0,0,0
8838,0,0,0
8839,0,0,0
8840,0,0,0
8841,0,0,0
8842,0,0,0
8843,0,0,0
8844,0,0,0
8845,0,0,0
8846,0,0,0
8847,0,0,0
8848,0,0,0
8849,0,0,0
8850,0,0,0
8851,0,0,0
8852,0,0,0
8853,0,0,0
8854,0,0,0
8855,0,0,0
8856,0,0,0
8857,0,0,0
8858,0,0,0
8859,0,0,0
8860,0,0,0
8861,0,0,0
8862,0,0,0
8863,0,0,0
8864,0,0,0
8865,0,0,0
8866,0,0,0
8867,0,0,0
8868,0,0,0
8869,0,0,0
8870,0,0,0
8871,0,0,0
8872,0,0,0
8873,0,0,0
8874,0,0,0
8875,0,0,0
8876,0,0,0
8877,0,0,0
8878,0,0,0
8879,0,0,0
8880,0,0,0
8881,0,0,0
8882,0,0,0
8883,0,0,0
8884,0,0,0
8885,0,0,0
8886,0,0,0
8887,0,0,0
8888,0,0,0
8889,0,0,0
8890,0,0,0
8891,2,0,2
8892,2,0,2
8893,2,0,2
8894,2,0,2
8895,2,0,2
8896,2,0,2
8897,2,0,2
8898,2,0,2
8899,2,0,2
8900,2,0,2
8901,2,0,2
8902,2,0,2
8903,1,1,2
8904,1,1,2
8905,1,1,2
8906,1,1,2
8907,1,1,2
8908,1,1,2
8909,1,1,2
8910,1,1,2
8911,1,1,2
8912,1,1,2
8913,1,1,2
8914,1,1,2
8915,1,1,2
8916,1,1,2
8917,1,1,2
8918,1,1,2
8919,1,1,2
8920,1,1,2
8921,1,1,2
8922,1,1,2
8923,1,1,2
8924,1,1,2
8925,1,1,2
8926,1,1,2
8927,1,1,2
8928,1,1,2
8929,1,1,2
8930,1,1,2
8931,1,1,2
8932,1,1,2
8933,0,1,1
8934,0,1,1
8935,0,1,1
8936,0,1,1
8937,0,1,1
8938,0,1,1
8939,0,1,1
8940,0,1,1
8941,0,1,1
8942,0,1,1
8943,0,1,1
8944,0,1,1
8945,0,1,1
8946,0,1,1
8947,0,1,1
8948,1,0,1
8949,1,0,1
8950,1,0,1
8951,1,0,1
8952,1,0,1
8953,1,0,1
8954,1,0,1
8955,1,0,1
8956,1,0,1
8957,1,0,1
8958,1,0,1
8959,1,0,1
8960,1,0,1
8961,1,0,1
8962,1,0,1
8963,1,0,1
8964,1,0,1
8965,1,0,1
8966,1,0,1
8967,1,0,1
8968,1,0,1
8969,1,0,1
8970,1,0,1
8971,1,0,1
8972,1,0,1
8973,1,0,1
8974,1,0,1
8975,1,0,1
8976,0,0,0
8977,0,0,0
8978,0,0,0
8979,0,0,0
8980,0,0,0
8981,0,0,0
8982,0,0,0
8983,0,0,0
8984,0,0,0
8985,0,0,0
8986,0,0,0
8987,0,0,0
8988,0,0,0
8989,0,0,0
8990,0,0,0
8991,0,0,0
8992,0,0,0
8993,0,0,0
8994,0,0,0
8995,0,0,0
8996,0,0,0
8997,0,0,0
8998,0,0,0
8999,0,0,0
9000,0,0,0
9001,0,0,0
9002,0,0,0
9003,0,0,0
9004,0,0,0
9005,0,0,0
9006,0,0,0
9007,0,0,0
9008,0,0,0
9009,0,0,0
9010,0,0,0
9011,0,0,0
9012,0,0,0
9013,0,0,0
9014,0,0,0
9015,0,0,0
9016,0,0,0
9017,0,0,0
9018,0,0,0
9019,0,0,0
9020,0,0,0
9021,0,0,0
9022,0,0,0
9023,0,0,0
9024,0,0,0
9025,0,0,0
9026,0,0,0
9027,0,0,0
9028,0,0,0
9029,0,0,0
9030,0,0,0
9031,0,0,0
9032,0,0,0
9033,0,0,0
9034,0,0,0
9035,0,0,0
9036,0,0,0
9037,0,0,0
9038,0,0,0
9039,0,0,0
9040,0,0,0
9041,0,0,0
9042,0,0,0
9043,0,0,0
9044,0,0,0
9045,0,0,0
9046,0,0,0
9047,0,0,0
9048,0,0,0
9049,0,0,0
9050,0,0,0
9051,0,0,0
9052,1,0,1
9053,1,0,1
9054,1,0,1
9055,1,0,1
9056,1,0,1
9057,1,0,1
9058,1,0,1
9059,1,0,1
9060,1,0,1
9061,1,0,1
9062,1,0,1
9063,1,0,1
9064,1,0,1
9065,1,0,1
9066,1,0,1
9067,1,0,1
9068,1,0,1
9069,1,0,1
9070,1,0,1
9071,1,0,1
9072,1,0,1
9073,1,0,1
9074,1,0,1
9075,1,0,1
9076,1,0,1
9077,1,0,1
9078,1,0,1
9079,1,0,1
9080,1,0,1
9081,1,0,1
9082,1,0,1
9083,1,0,1
9084,1,0,1
9085,1,0,1
9086,1,0,1
9087,1,0,1
9088,1,0,1
9089,1,0,1
9090,1,0,1
9091,1,0,1
9092,1,0,1
9093,1,0,1
9094,1,0,1
9095,1,0,1
9096,1,0,1
9097,1,0,1
9098,1,0,1
9099,1,0,1
9100,1,0,1
9101,1,0,1
9102,1,0,1
9103,1,0,1
9104,1,0,1
9105,1,0,1
9106,1,0,1
9107,1,0,1
9108,1,0,1
9109,1,0,1
9110,1,0,1
9111,1,0,1
9112,1,0,1
9113,1,0,1
9114,1,0,1
9115,1,0,1
9116,1,0,1
9117,1,0,1
9118,1,0,1
9119,1,0,1
9120,1,0,1
9121,1,0,1
9122,1,0,1
9123,1,0,1
9124,1,0,1
9125,1,0,1
9126,1,0,1
9127,1,0,1
9128,1,0,1
9129,1,0,1
9130,1,0,1
9131,1,0,1
9132,1,0,1
9133,1,0,1
9134,1,0,1
9135,1,0,1
9136,1,0,1
9137,1,0,1
9138,1,0,1
9139,1,0,1
9140,1,0,1
9141,1,0,1
9142,1,0,1
9143,1,0,1
9144,1,0,1
9145,1,0,1
9146,1,0,1
9147,1,0,1
9148,1,0,1
9149,1,0,1
9150,1,0,1
9151,1,0,1
9152,1,0,1
9153,1,0,1
9154,1,0,1
9155,1,0,1
9156,1,0,1
9157,1,0,1
9158,1,0,1
9159,1,0,1
9160,1,0,1
9161,1,0,1
9162,1,0,1
9163,1,0,1
9164,1,0,1
9165,1,0,1
9166,1,0,1
9167,1,0,1
9168,1,0,1
9169,1,0,1
9170,1,0,1
9171,1,0,1
9172,1,0,1
9173,1,0,1
9174,1,0,1
9175,1,0,1
9176,1,0,1
9177,1,0,1
9178,1,0,1
9179,1,0,1
9180,1,0,1
9181,1,0,1
9182,1,0,1
9183,1,0,1
9184,1,0,1
9185,1,0,1
9186,1,0,1
9187,1,0,1
9188,1,0,1
9189,1,0,1
9190,1,0,1
9191,1,0,1
9192,1,0,1
9193,1,0,1
9194,1,0,1
9195,1,0,1
9196,1,0,1
9197,1,0,1
9198,1,0,1
9199,1,0,1
9200,1,0,1
9201,1,0,1
9202,1,0,1
9203,1,0,1
9204,1,0,1
9205,1,0,1
9206,1,0,1
9207,1,0,1
9208,1,0,1
9209,1,0,1
9210,1,0,1
9211,1,0,1
9212,1,0,1
9213,1,0,1
9214,1,0,1
9215,1,0,1
9216,1,0,1
9217,1,0,1
9218,1,0,1
9219,1,0,1
9220,1,0,1
9221,1,0,1
9222,1,0,1
9223,1,0,1
9224,1,0,1
9225,1,0,1
9226,1,0,1
9227,1,0,1
9228,1,0,1
9229,1,0,1
9230,1,0,1
9231,1,0,1
9232,1,0,1
9233,1,0,1
9234,1,0,1
9235,1,0,1
9236,1,0,1
9237,1,0,1
9238,1,0,1
9239,1,0,1
9240,1,0,1
9241,1,0,1
9242,1,0,1
9243,1,0,1
9244,1,0,1
9245,1,0,1
9246,1,0,1
9247,1,0,1
9248,1,0,1
9249,1,0,1
9250,1,0,1
9251,1,0,1
9252,1,0,1
9253,1,0,1
9254,1,0,1
9255,1,0,1
9256,1,0,1
9257,1,0,1
9258,1,0,1
9259,1,0,1
9260,1,0,1
9261,1,0,1
9262,1,0,1
9263,1,0,1
9264,1,0,1
9265,1,0,1
9266,1,0,1
9267,1,0,1
9268,1,0,1
9269,1,0,1
9270,1,0,1
9271,0,0,0
9272,0,0,0
9273,0,0,0
9274,0,0,0
9275,0,0,0
9276,0,0,0
9277,0,0,0
9278,0,0,0
9279,0,0,0
9280,0,0,0
9281,0,0,0
9282,0,0,0
9283,0,0,0
9284,0,0,0
9285,0,0,0
9286,0,0,0
9287,0,0,0
9288,0,0,0
9289,0,0,0
9290,0,0,0
9291,0,0,0
9292,0,0,0
9293,0,0,0
9294,0,0,0
9295,0,0,0
9296,0,0,0
9297,0,0,0
9298,0,0,0
9299,0,0,0
9300,0,0,0
9301,0,0,0
9302,0,0,0
9303,0,0,0
9304,0,0,0
9305,0,0,0
9306,0,0,0
9307,0,0,0
9308,0,0,0
9309,0,0,0
9310,0,0,0
9311,0,0,0
9312,0,0,0
9313,0,0,0
9314,0,0,0
9315,0,0,0
9316,0,0,0
9317,0,0,0
9318,0,0,0
9319,0,0,0
9320,0,0,0
9321,0,0,0
9322,0,0,0
9323,0,0,0
9324,0,0,0
9325,0,0,0
9326,0,0,0
9327,0,0,0
9328,0,0,0
9329,0,0,0
9330,0,0,0
9331,0,0,0
9332,0,0,0
9333,0,0,0
9334,0,0,0
9335,0,0,0
9336,0,0,0
9337,0,0,0
9338,0,0,0
9339,0,0,0
9340,0,0,0
9341,0,0,0
9342,0,0,0
9343,0,0,0
9344,0,0,0
9345,0,0,0
9346,0,0,0
9347,0,0,0
9348,0,0,0
9349,0,0,0
9350,0,0,0
9351,0,0,0
9352,0,0,0
9353,0,0,0
9354,0,0,0
9355,0,0,0
9356,0,0,0
9357,0,0,0
9358,0,0,0
9359,0,0,0
9360,0,0,0
9361,0,0,0
9362,0,0,0
9363,0,0,0
9364,0,0,0
9365,0,0,0
9366,0,0,0
9367,0,0,0
9368,0,0,0
9369,0,0,0
9370,0,0,0
9371,0,0,0
9372,0,0,0
9373,0,0,0
9374,0,0,0
9375,0,0,0
9376,0,0,0
9377,0,0,0
9378,0,0,0
9379,0,0,0
9380,0,0,0
9381,0,0,0
9382,0,0,0
9383,0,0,0
9384,0,0,0
9385,0,0,0
9386,0,0,0
9387,0,0,0
9388,0,0,0
9389,0,0,0
9390,0,0,0
9391,0,0,0
9392,0,0,0
9393,0,0,0
9394,0,0,0
9395,0,0,0
9396,0,0,0
9397,0,0,0
9398,0,0,0
9399,0,0,0
9400,0,0,0
9401,0,0,0
9402,0,0,0
9403,0,0,0
9404,0,0,0
9405,0,0,0
9406,0,0,0
9407,0,0,0
9408,0,0,0
9409,0,0,0
9410,0,0,0
9411,0,0,0
9412,0,0,0
9413,0,0,0
9414,0,0,0
9415,0,0,0
9416,0,0,0
9417,0,0,0
9418,0,0,0
9419,0,0,0
9420,0,0,0
9421,0,0,0
9422,0,0,0
9423,0,0,0
9424,0,0,0
9425,0,0,0
9426,0,0,0
9427,0,0,0
9428,0,0,0
9429,0,0,0
9430,0,0,0
9431,0,0,0
9432,0,0,0
9433,0,0,0
9434,0,0,0
9435,0,0,0
9436,0,0,0
9437,0,0,0
9438,0,0,0
9439,0,0,0
9440,0,0,0
9441,0,0,0
9442,0,0,0
9443,0,0,0
9444,0,0,0
9445,0,0,0
9446,0,0,0
9447,0,0,0
9448,0,0,0
9449,0,0,0
9450,0,0,0
9451,0,0,0
9452,0,0,0
9453,0,0,0
9454,0,0,0
9455,0,0,0
9456,0,0,0
9457,0,0,0
9458,0,0,0
9459,0,0,0
9460,0,0,0
9461,0,0,0
9462,0,0,0
9463,0,0,0
9464,0,0,0
9465,0,0,0
9466,0,0,0
9467,0,0,0
9468,0,0,0
9469,0,0,0
9470,0,0,0
9471,0,0,0
9472,0,0,0
9473,0,0,0
9474,0,0,0
9475,0,0,0
9476,0,0,0
9477,0,0,0
9478,0,0,0
9479,0,0,0
9480,0,0,0
9481,0,0,0
9482,0,0,0
9483,0,0,0
9484,0,0,0
9485,0,0,0
9486,0,0,0
9487,0,0,0
9488,0,0,0
9489,0,0,0
9490,0,0,0
9491,0,0,0
9492,0,0,0
9493,0,0,0
9494,0,0,0
9495,0,0,0
9496,0,0,0
9497,0,0,0
9498,0,0,0
9499,0,0,0
9500,0,0,0
9501,0,0,0
9502,0,0,0
9503,0,0,0
9504,0,0,0
9505,0,0,0
9506,0,0,0
9507,0,0,0
9508,0,0,0
9509,0,0,0
9510,0,0,0
9511,0,0,0
9512,0,0,0
9513,0,0,0
9514,0,0,0
9515,0,0,0
9516,0,0,0
9517,0,0,0
9518,0,0,0
9519,0,0,0
9520,0,0,0
9521,0,0,0
9522,0,0,0
9523,0,0,0
9524,0,0,0
9525,0,0,0
9526,0,0,0
9527,0,0,0
9528,0,0,0
9529,0,0,0
9530,0,0,0
9531,0,0,0
9532,0,0,0
9533,0,0,0
9534,0,0,0
9535,0,0,0
9536,0,0,0
9537,0,0,0
9538,0,0,0
9539,0,0,0
9540,0,0,0
9541,0,0,0
9542,0,0,0
9543,0,0,0
9544,0,0,0
9545,0,0,0
9546,0,0,0
9547,0,0,0
9548,0,0,0
9549,0,0,0
9550,0,0,0
9551,0,0,0
9552,0,0,0
9553,0,0,0
9554,0,0,0
9555,0,0,0
9556,0,0,0
9557,0,0,0
9558,0,0,0
9559,0,0,0
9560,0,0,0
9561,0,0,0
9562,0,0,0
9563,0,0,0
9564,0,0,0
9565,0,0,0
9566,0,0,0
9567,0,0,0
9568,0,0,0
9569,0,0,0
9570,0,0,0
9571,0,0,0
9572,0,0,0
9573,0,0,0
9574,0,0,0
9575,0,0,0
9576,0,0,0
9577,0,0,0
9578,0,0,0
9579,0,0,0
9580,0,0,0
9581,0,0,0
9582,0,0,0
9583,0,0,0
9584,1,0,1
9585,1,0,1
9586,1,0,1
9587,1,0,1
9588,1,0,1
9589,1,0,1
9590,1,0,1
9591,1,0,1
9592,1,0,1
9593,1,0,1
9594,1,0,1
9595,1,0,1
9596,1,0,1
9597,1,0,1
9598,1,0,1
9599,1,0,1
9600,1,0,1
9601,1,0,1
9602,1,0,1
9603,1,0,1
9604,1,0,1
9605,1,0,1
9606,1,0,1
9607,1,0,1
9608,1,0,1
9609,1,0,1
9610,1,0,1
9611,1,0,1
9612,1,0,1
9613,1,0,1
9614,1,0,1
9615,1,0,1
9616,1,0,1
9617,1,0,1
9618,1,0,1
9619,1,0,1
9620,1,0,1
9621,1,0,1
9622,1,0,1
9623,1,0,1
9624,1,0,1
9625,1,0,1
9626,1,0,1
9627,1,0,1
9628,1,0,1
9629,1,0,1
9630,1,0,1
9631,1,0,1
9632,1,0,1
9633,1,0,1
9634,1,0,1
9635,1,0,1
9636,1,0,1
9637,1,0,1
9638,1,0,1
9639,1,0,1
9640,1,0,1
9641,1,0,1
9642,1,0,1
9643,1,0,1
9644,1,0,1
9645,1,0,1
9646,1,0,1
9647,1,0,1
9648,1,0,1
9649,1,0,1
9650,1,0,1
9651,1,0,1
9652,1,0,1
9653,1,0,1
9654,0,0,0
9655,0,0,0
9656,0,0,0
9657,0,0,0
9658,0,0,0
9659,0,0,0
9660,0,0,0
9661,0,0,0
9662,0,0,0
9663,0,0,0
9664,0,0,0
9665,0,0,0
9666,0,0,0
9667,0,0,0
9668,0,0,0
9669,0,0,0
9670,0,0,0
9671,0,0,0
9672,0,0,0
9673,0,0,0
9674,0,0,0
9675,0,0,0
9676,0,0,0
9677,0,0,0
9678,0,0,0
9679,0,0,0
9680,0,0,0
9681,0,0,0
9682,0,0,0
9683,0,0,0
9684,0,0,0
9685,0,0,0
9686,0,0,0
9687,0,0,0
9688,0,0,0
9689,0,0,0
9690,0,0,0
9691,0,0,0
9692,0,0,0
9693,0,0,0
9694,0,0,0
9695,0,0,0
9696,0,0,0
9697,0,0,0
9698,0,0,0
9699,0,0,0
9700,0,0,0
9701,0,0,0
9702,0,0,0
9703,0,0,0
9704,0,0,0
9705,0,0,0
9706,0,0,0
9707,0,0,0
9708,0,0,0
9709,0,0,0
9710,0,0,0
9711,0,0,0
9712,0,0,0
9713,0,0,0
9714,0,0,0
9715,0,0,0
9716,0,0,0
9717,0,0,0
9718,0,0,0
9719,0,0,0
9720,0,0,0
9721,0,0,0
9722,0,0,0
9723,0,0,0
9724,0,0,0
9725,0,0,0
9726,0,0,0
9727,0,0,0
9728,0,0,0
9729,0,0,0
9730,0,0,0
9731,0,0,0
9732,0,0,0
9733,0,0,0
9734,0,0,0
9735,0,0,0
9736,0,0,0
9737,0,0,0
9738,0,0,0
9739,0,0,0
9740,0,0,0
9741,0,0,0
9742,0,0,0
9743,0,0,0
9744,0,0,0
9745,0,0,0
9746,0,0,0
9747,0,0,0
9748,0,0,0
9749,0,0,0
9750,0,0,0
9751,0,0,0
9752,0,0,0
9753,0,0,0
9754,0,0,0
9755,0,0,0
9756,0,0,0
9757,0,0,0
9758,0,0,0
9759,0,0,0
9760,0,0,0
9761,0,0,0
9762,0,0,0
9763,0,0,0
9764,0,0,0
9765,0,0,0
9766,0,0,0
9767,0,0,0
9768,0,0,0
9769,0,0,0
9770,0,0,0
9771,0,0,0
9772,0,0,0
9773,0,0,0
9774,0,0,0
9775,0,0,0
9776,0,0,0
9777,0,0,0
9778,0,0,0
9779,0,0,0
9780,0,0,0
9781,0,0,0
9782,0,0,0
9783,0,0,0
9784,0,0,0
9785,0,0,0
9786,0,0,0
9787,0,0,0
9788,0,0,0
9789,0,0,0
9790,0,0,0
9791,0,0,0
9792,0,0,0
9793,0,0,0
9794,0,0,0
9795,0,0,0
9796,0,0,0
9797,0,0,0
9798,0,0,0
9799,0,0,0
9800,0,0,0
9801,0,0,0
9802,0,0,0
9803,0,0,0
9804,0,0,0
9805,0,0,0
9806,0,0,0
9807,0,0,0
9808,0,0,0
9809,0,0,0
9810,0,0,0
9811,0,0,0
9812,0,0,0
9813,0,0,0
9814,0,0,0
9815,0,0,0
9816,0,0,0
9817,0,0,0
9818,0,0,0
9819,0,0,0
9820,0,0,0
9821,0,0,0
9822,0,0,0
9823,0,0,0
9824,0,0,0
9825,0,0,0
9826,0,0,0
9827,0,0,0
9828,0,0,0
9829,0,0,0
9830,0,0,0
9831,0,0,0
9832,0,0,0
9833,0,0,0
9834,0,0,0
9835,0,0,0
9836,0,0,0
9837,0,0,0
9838,0,0,0
9839,0,0,0
9840,0,0,0
9841,0,0,0
9842,0,0,0
9843,0,0,0
9844,0,0,0
9845,0,0,0
9846,0,0,0
9847,0,0,0
9848,0,0,0
9849,0,0,0
9850,0,0,0
9851,0,0,0
9852,0,0,0
9853,0,0,0
9854,0,0,0
9855,0,0,0
9856,0,0,0
9857,0,0,0
9858,0,0,0
9859,0,0,0
9860,0,0,0
9861,0,0,0
9862,0,0,0
9863,0,0,0
9864,0,0,0
9865,0,0,0
9866,0,0,0
9867,0,0,0
9868,0,0,0
9869,0,0,0
9870,0,0,0
9871,0,0,0
9872,0,0,0
9873,0,0,0
9874,0,0,0
9875,0,0,0
9876,0,0,0
9877,0,0,0
9878,0,0,0
9879,0,0,0
9880,0,0,0
9881,0,0,0
9882,0,0,0
9883,0,0,0
9884,0,0,0
9885,0,0,0
9886,0,0,0
9887,0,0,0
9888,0,0,0
9889,0,0,0
9890,0,0,0
9891,0,0,0
9892,0,0,0
9893,0,0,0
9894,0,0,0
9895,0,0,0
9896,0,0,0
9897,0,0,0
9898,0,0,0
9899,0,0,0
9900,0,0,0
9901,0,0,0
9902,0,0,0
9903,0,0,0
9904,0,0,0
9905,0,0,0
9906,0,0,0
9907,0,0,0
9908,0,0,0
9909,0,0,0
9910,0,0,0
9911,0,0,0
9912,0,0,0
9913,0,0,0
9914,0,0,0
9915,0,0,0
9916,0,0,0
9917,0,0,0
9918,0,0,0
9919,0,0,0
9920,0,0,0
9921,0,0,0
9922,0,0,0
9923,0,0,0
9924,0,0,0
9925,0,0,0
9926,0,0,0
9927,0,0,0
9928,0,0,0
9929,0,0,0
9930,0,0,0
9931,0,0,0
9932,0,0,0
9933,0,0,0
9934,0,0,0
9935,0,0,0
9936,0,0,0
9937,0,0,0
9938,0,0,0
9939,0,0,0
9940,0,0,0
9941,0,0,0
9942,0,0,0
9943,0,0,0
9944,0,0,0
9945,0,0,0
9946,0,0,0
9947,0,0,0
9948,0,0,0
9949,0,0,0
9950,0,0,0
9951,0,0,0
9952,0,0,0
9953,0,0,0
9954,0,0,0
9955,0,0,0
9956,0,0,0
9957,0,0,0
9958,0,0,0
9959,0,0,0
9960,0,0,0
9961,0,0,0
9962,0,0,0
9963,0,0,0
9964,0,0,0
9965,0,0,0
9966,0,0,0
9967,0,0,0
9968,0,0,0
9969,0,0,0
9970,0,0,0
9971,0,0,0
9972,0,0,0
9973,0,0,0
9974,0,0,0
9975,0,0,0
9976,0,0,0
9977,0,0,0
9978,0,0,0
9979,0,0,0
9980,0,0,0
9981,0,0,0
9982,0,0,0
9983,0,0,0
9984,0,0,0
9985,0,0,0
9986,0,0,0
9987,0,0,0
9988,0,0,0
9989,0,0,0
9990,0,0,0
9991,0,0,0
9992,0,0,0
9993,0,0,0
9994,0,0,0
9995,0,0,0
9996,0,0,0
9997,0,0,0
9998,0,0,0
9999,0,0,0
10000,0,0,0
10001,0,0,0
10002,0,0,0
10003,0,0,0
10004,0,0,0
10005,0,0,0
10006,0,0,0
10007,0,0,0
10008,0,0,0
10009,0,0,0
10010,0,0,0
10011,0,0,0
10012,0,0,0
10013,0,0,0
10014,0,0,0
10015,0,0,0
10016,0,0,0
10017,0,0,0
10018,0,0,0
10019,0,0,0
10020,0,0,0
10021,0,0,0
10022,0,0,0
10023,0,0,0
10024,0,0,0
10025,0,0,0
10026,0,0,0
10027,0,0,0
10028,0,0,0
10029,0,0,0
10030,0,0,0
10031,0,0,0
10032,0,0,0
10033,0,0,0
10034,0,0,0
10035,0,0,0
10036,0,0,0
10037,0,0,0
10038,0,0,0
10039,0,0,0
10040,0,0,0
10041,0,0,0
10042,0,0,0
10043,0,0,0
10044,0,0,0
10045,0,0,0
10046,0,0,0
10047,0,0,0
10048,0,0,0
10049,0,0,0
10050,0,0,0
10051,0,0,0
10052,0,0,0
10053,0,0,0
10054,0,0,0
10055,0,0,0
10056,0,0,0
10057,0,0,0
10058,0,0,0
10059,0,0,0
10060,0,0,0
10061,0,0,0
10062,0,0,0
10063,0,0,0
10064,0,0,0
10065,0,0,0
10066,0,0,0
10067,0,0,0
10068,0,0,0
10069,0,0,0
10070,0,0,0
10071,0,0,0
10072,0,0,0
10073,0,0,0
10074,0,0,0
10075,0,0,0
10076,0,0,0
10077,0,0,0
10078,0,0,0
10079,0,0,0
10080,0,0,0
10081,0,0,0
10082,0,0,0
10083,0,0,0
10084,0,0,0
10085,0,0,0
10086,0,0,0
10087,0,0,0
10088,0,0,0
10089,0,0,0
10090,0,0,0
10091,0,0,0
10092,0,0,0
10093,0,0,0
10094,0,0,0
10095,0,0,0
10096,0,0,0
10097,0,0,0
10098,0,0,0
10099,0,0,0
10100,0,0,0
10101,0,0,0
10102,0,0,0
10103,0,0,0
10104,0,0,0
10105,0,0,0
10106,0,0,0
10107,0,0,0
10108,0,0,0
10109,0,0,0
10110,0,0,0
10111,0,0,0
10112,0,0,0
10113,0,0,0
10114,0,0,0
10115,0,0,0
10116,0,0,0
10117,0,0,0
10118,0,0,0
10119,0,0,0
10120,0,0,0
10121,0,0,0
10122,0,0,0
10123,0,0,0
10124,0,0,0
10125,0,0,0
10126,0,0,0
10127,0,0,0
10128,0,0,0
10129,0,0,0
10130,0,0,0
10131,0,0,0
10132,0,0,0
10133,0,0,0
10134,0,0,0
10135,0,0,0
10136,0,0,0
10137,0,0,0
10138,0,0,0
10139,0,0,0
10140,0,0,0
10141,0,0,0
10142,0,0,0
10143,0,0,0
10144,0,0,0
10145,0,0,0
10146,0,0,0
10147,0,0,0
10148,0,0,0
10149,0,0,0
10150,0,0,0
10151,0,0,0
10152,0,0,0
10153,0,0,0
10154,0,0,0
10155,0,0,0
10156,0,0,0
10157,0,0,0
10158,0,0,0
10159,0,0,0
10160,0,0,0
10161,0,0,0
10162,0,0,0
10163,0,0,0
10164,0,0,0
10165,0,0,0
10166,0,0,0
10167,0,0,0
10168,0,0,0
10169,0,0,0
10170,0,0,0
10171,0,0,0
10172,0,0,0
10173,0,0,0
10174,0,0,0
10175,0,0,0
10176,0,0,0
10177,0,0,0
10178,0,0,0
10179,0,0,0
10180,0,0,0
10181,0,0,0
10182,0,0,0
10183,0,0,0
10184,0,0,0
10185,0,0,0
10186,0,0,0
10187,0,0,0
10188,0,0,0
10189,0,0,0
10190,0,0,0
10191,0,0,0
10192,0,0,0
10193,0,0,0
10194,0,0,0
10195,0,0,0
10196,0,0,0
10197,0,0,0
10198,0,0,0
10199,0,0,0
10200,0,0,0
10201,0,0,0
10202,0,0,0
10203,0,0,0
10204,0,0,0
10205,0,0,0
10206,0,0,0
10207,0,0,0
10208,0,0,0
10209,0,0,0
10210,0,0,0
10211,0,0,0
10212,0,0,0
10213,0,0,0
10214,0,0,0
10215,0,0,0
10216,0,0,0
10217,0,0,0
10218,0,0,0
10219,0,0,0
10220,0,0,0
10221,0,0,0
10222,0,0,0
10223,0,0,0
10224,0,0,0
10225,0,0,0
10226,0,0,0
10227,0,0,0
10228,0,0,0
10229,0,0,0
10230,0,0,0
10231,0,0,0
10232,0,0,0
10233,0,0,0
10234,0,0,0
10235,0,0,0
10236,0,0,0
10237,0,0,0
10238,0,0,0
10239,0,0,0
10240,0,0,0
10241,0,0,0
10242,0,0,0
10243,0,0,0
10244,0,0,0
10245,0,0,0
10246,0,0,0
10247,0,0,0
10248,0,0,0
10249,0,0,0
10250,0,0,0
10251,0,0,0
10252,0,0,0
10253,0,0,0
10254,0,0,0
10255,0,0,0
10256,0,0,0
10257,0,0,0
10258,0,0,0
10259,0,0,0
10260,0,0,0
10261,0,0,0
10262,0,0,0
10263,0,0,0
10264,0,0,0
10265,0,0,0
10266,0,0,0
10267,0,0,0
10268,0,0,0
10269,0,0,0
10270,0,0,0
10271,0,0,0
10272,0,0,0
10273,0,0,0
10274,0,0,0
10275,0,0,0
10276,0,0,0
10277,0,0,0
10278,0,0,0
10279,0,0,0
10280,0,0,0
10281,0,0,0
10282,0,0,0
10283,0,0,0
10284,0,0,0
10285,0,0,0
10286,0,0,0
10287,0,0,0
10288,0,0,0
10289,0,0,0
10290,0,0,0
10291,0,0,0
10292,0,0,0
10293,0,0,0
10294,0,0,0
10295,0,0,0
10296,0,0,0
10297,0,0,0
10298,0,0,0
10299,0,0,0
10300,0,0,0
10301,0,0,0
10302,0,0,0
10303,0,0,0
10304,0,0,0
10305,0,0,0
10306,0,0,0
10307,0,0,0
10308,0,0,0
10309,0,0,0
10310,0,0,0
10311,0,0,0
10312,0,0,0
10313,0,0,0
10314,0,0,0
10315,0,0,0
10316,0,0,0
10317,0,0,0
10318,0,0,0
10319,0,0,0
10320,0,0,0
10321,0,0,0
10322,0,0,0
10323,0,0,0
10324,0,0,0
10325,0,0,0
10326,0,0,0
10327,0,0,0
10328,0,0,0
10329,0,0,0
10330,0,0,0
10331,0,0,0
10332,0,0,0
10333,0,0,0
10334,0,0,0
10335,0,0,0
10336,0,0,0
10337,0,0,0
10338,0,0,0
10339,0,0,0
10340,0,0,0
10341,0,0,0
10342,0,0,0
10343,0,0,0
10344,0,0,0
10345,0,0,0
10346,0,0,0
10347,0,0,0
10348,0,0,0
10349,0,0,0
10350,0,0,0
10351,0,0,0
10352,0,0,0
10353,0,0,0
10354,0,0,0
10355,0,0,0
10356,0,0,0
10357,0,0,0
10358,0,0,0
10359,0,0,0
10360,0,0,0
10361,0,0,0
10362,0,0,0
10363,0,0,0
10364,0,0,0
10365,0,0,0
10366,0,0,0
10367,0,0,0
10368,0,0,0
10369,0,0,0
10370,0,0,0
10371,0,0,0
10372,0,0,0
10373,0,0,0
10374,0,0,0
10375,0,0,0
10376,0,0,0
10377,0,0,0
10378,0,0,0
10379,0,0,0
10380,0,0,0
10381,0,0,0
10382,0,0,0
10383,0,0,0
10384,0,0,0
10385,0,0,0
10386,0,0,0
10387,0,0,0
10388,0,0,0
10389,0,0,0
10390,0,0,0
10391,0,0,0
10392,0,0,0
10393,0,0,0
10394,0,0,0
10395,0,0,0
10396,0,0,0
10397,0,0,0
10398,0,0,0
10399,0,0,0
10400,0,0,0
10401,0,0,0
10402,0,0,0
10403,0,0,0
10404,0,0,0
10405,0,0,0
10406,0,0,0
10407,0,0,0
10408,0,0,0
10409,0,0,0
10410,0,0,0
10411,0,0,0
10412,0,0,0
10413,0,0,0
10414,0,0,0
10415,0,0,0
10416,0,0,0
10417,0,0,0
10418,0,0,0
10419,0,0,0
10420,0,0,0
10421,0,0,0
10422,0,0,0
10423,0,0,0
10424,0,0,0
10425,0,0,0
10426,0,0,0
10427,0,0,0
10428,0,0,0
10429,0,0,0
10430,0,0,0
10431,0,0,0
10432,0,0,0
10433,0,0,0
10434,0,0,0
10435,0,0,0
10436,0,0,0
10437,0,0,0
10438,0,0,0
10439,0,0,0
10440,0,0,0
10441,0,0,0
10442,0,0,0
10443,0,0,0
10444,0,0,0
10445,0,0,0
10446,0,0,0
10447,0,0,0
10448,0,0,0
10449,0,0,0
10450,0,0,0
10451,0,0,0
10452,0,0,0
10453,0,0,0
10454,0,0,0
10455,0,0,0
10456,0,0,0
10457,0,0,0
10458,0,0,0
10459,0,0,0
10460,0,0,0
10461,0,0,0
10462,0,0,0
10463,0,0,0
10464,0,0,0
10465,0,0,0
10466,0,0,0
10467,0,0,0
10468,0,0,0
10469,0,0,0
10470,0,0,0
10471,0,0,0
10472,0,0,0
10473,0,0,0
10474,0,0,0
10475,0,0,0
10476,0,0,0
10477,0,0,0
10478,0,0,0
10479,0,0,0
10480,0,0,0
10481,0,0,0
10482,0,0,0
10483,0,0,0
10484,0,0,0
10485,0,0,0
10486,0,0,0
10487,0,0,0
10488,0,0,0
10489,0,0,0
10490,0,0,0
10491,0,0,0
10492,0,0,0
10493,0,0,0
10494,0,0,0
10495,0,0,0
10496,0,0,0
10497,0,0,0
10498,0,0,0
10499,0,0,0
10500,0,0,0
10501,0,0,0
10502,0,0,0
10503,0,0,0
10504,0,0,0
10505,0,0,0
10506,0,0,0
10507,0,0,0
10508,0,0,0
10509,0,0,0
10510,0,0,0
10511,0,0,0
10512,0,0,0
10513,0,0,0
10514,0,0,0
10515,0,0,0
10516,0,0,0
10517,0,0,0
10518,0,0,0
10519,0,0,0
10520,0,0,0
10521,0,0,0
10522,0,0,0
10523,0,0,0
10524,0,0,0
10525,0,0,0
10526,0,0,0
10527,0,0,0
10528,0,0,0
10529,0,0,0
10530,0,0,0
10531,0,0,0
10532,0,0,0
10533,0,0,0
10534,0,0,0
10535,0,0,0
10536,0,0,0
10537,0,0,0
10538,0,0,0
10539,0,0,0
10540,0,0,0
10541,0,0,0
10542,0,0,0
10543,0,0,0
10544,0,0,0
10545,0,0,0
10546,0,0,0
10547,0,0,0
10548,0,0,0
10549,0,0,0
10550,0,0,0
10551,0,0,0
10552,0,0,0
10553,0,0,0
10554,0,0,0
10555,0,0,0
10556,0,0,0
10557,0,0,0
10558,0,0,0
10559,0,0,0
10560,0,0,0
10561,0,0,0
10562,0,0,0
10563,0,0,0
10564,0,0,0
10565,0,0,0
10566,0,0,0
10567,0,0,0
10568,0,0,0
10569,0,0,0
10570,0,0,0
10571,0,0,0
10572,0,0,0
10573,0,0,0
10574,0,0,0
10575,0,0,0
10576,0,0,0
10577,0,0,0
10578,0,0,0
10579,0,0,0
10580,0,0,0
10581,0,0,0
10582,0,0,0
10583,0,0,0
10584,0,0,0
10585,0,0,0
10586,0,0,0
10587,0,0,0
10588,0,0,0
10589,0,0,0
10590,0,0,0
10591,0,0,0
10592,0,0,0
10593,0,0,0
10594,0,0,0
10595,0,0,0
10596,0,0,0
10597,0,0,0
10598,0,0,0
10599,0,0,0
10600,0,0,0
10601,0,0,0
10602,0,0,0
10603,0,0,0
10604,0,0,0
10605,0,0,0
10606,0,0,0
10607,0,0,0
10608,0,0,0
10609,0,0,0
10610,0,0,0
10611,0,0,0
10612,0,0,0
10613,0,0,0
10614,0,0,0
10615,0,0,0
10616,0,0,0
10617,0,0,0
10618,0,0,0
10619,0,0,0
10620,0,0,0
10621,0,0,0
10622,0,0,0
10623,0,0,0
10624,0,0,0
10625,0,0,0
10626,0,0,0
10627,0,0,0
10628,0,0,0
10629,0,0,0
10630,0,0,0
10631,0,0,0
10632,0,0,0
10633,0,0,0
10634,0,0,0
10635,0,0,0
10636,0,0,0
10637,0,0,0
10638,0,0,0
10639,0,0,0
10640,0,0,0
10641,0,0,0
10642,0,0,0
10643,0,0,0
10644,0,0,0
10645,0,0,0
10646,0,0,0
10647,0,0,0
10648,0,0,0
10649,0,0,0
10650,0,0,0
10651,0,0,0
10652,0,0,0
10653,0,0,0
10654,0,0,0
10655,0,0,0
10656,0,0,0
10657,0,0,0
10658,0,0,0
10659,0,0,0
10660,0,0,0
10661,0,0,0
10662,0,0,0
10663,0,0,0
10664,0,0,0
10665,0,0,0
10666,0,0,0
10667,0,0,0
10668,0,0,0
10669,0,0,0
10670,0,0,0
10671,0,0,0
10672,0,0,0
10673,0,0,0
10674,0,0,0
10675,0,0,0
10676,0,0,0
10677,0,0,0
10678,0,0,0
10679,0,0,0
10680,0,0,0
10681,0,0,0
10682,0,0,0
10683,0,0,0
10684,0,0,0
10685,0,0,0
10686,0,0,0
10687,0,0,0
10688,0,0,0
10689,0,0,0
10690,0,0,0
10691,0,0,0
10692,0,0,0
10693,0,0,0
10694,0,0,0
10695,0,0,0
10696,0,0,0
10697,0,0,0
10698,0,0,0
10699,0,0,0
10700,0,0,0
10701,0,0,0
10702,0,0,0
10703,0,0,0
10704,0,0,0
10705,0,0,0
10706,0,0,0
10707,0,0,0
10708,0,0,0
10709,0,0,0
10710,0,0,0
10711,0,0,0
10712,0,0,0
10713,0,0,0
10714,0,0,0
10715,0,0,0
10716,0,0,0
10717,0,0,0
10718,0,0,0
10719,0,0,0
10720,0,0,0
10721,0,0,0
10722,0,0,0
10723,0,0,0
10724,0,0,0
10725,0,0,0
10726,0,0,0
10727,0,0,0
10728,0,0,0
10729,0,0,0
10730,0,0,0
10731,0,0,0
10732,0,0,0
10733,0,0,0
10734,0,0,0
10735,0,0,0
10736,0,0,0
10737,0,0,0
10738,0,0,0
10739,0,0,0
10740,0,0,0
10741,0,0,0
10742,0,0,0
10743,0,0,0
10744,0,0,0
10745,0,0,0
10746,0,0,0
10747,0,0,0
10748,0,0,0
10749,0,0,0
10750,0,0,0
10751,0,0,0
10752,0,0,0
10753,0,0,0
10754,0,0,0
10755,0,0,0
10756,0,0,0
10757,0,0,0
10758,0,0,0
10759,0,0,0
10760,0,0,0
10761,0,0,0
10762,0,0,0
10763,0,0,0
10764,0,0,0
10765,0,0,0
10766,0,0,0
10767,0,0,0
10768,0,0,0
10769,0,0,0
10770,0,0,0
10771,0,0,0
10772,0,0,0
10773,0,0,0
10774,0,0,0
10775,0,0,0
10776,0,0,0
10777,0,0,0
10778,0,0,0
10779,0,0,0
10780,0,0,0
10781,0,0,0
10782,0,0,0
10783,0,0,0
10784,0,0,0
10785,0,0,0
10786,0,0,0
10787,0,0,0
10788,0,0,0
10789,0,0,0
10790,0,0,0
10791,0,0,0
10792,0,0,0
10793,0,0,0
10794,0,0,0
10795,0,0,0
10796,0,0,0
10797,0,0,0
10798,0,0,0
10799,0,0,0
10800,0,0,0
10801,0,0,0
10802,0,0,0
10803,0,0,0
10804,0,0,0
10805,0,0,0
10806,0,0,0
10807,0,0,0
10808,0,0,0
10809,0,0,0
10810,0,0,0
10811,0,0,0
10812,0,0,0
10813,0,0,0
10814,0,0,0
10815,0,0,0
10816,0,0,0
10817,0,0,0
10818,0,0,0
10819,0,0,0
10820,0,0,0
10821,0,0,0
10822,0,0,0
10823,0,0,0
10824,0,0,0
10825,0,0,0
10826,0,0,0
10827,0,0,0
10828,0,0,0
10829,0,0,0
10830,0,0,0
10831,0,0,0
10832,0,0,0
10833,0,0,0
10834,0,0,0
10835,0,0,0
10836,0,0,0
10837,0,0,0
10838,0,0,0
10839,0,0,0
10840,0,0,0
10841,0,0,0
10842,0,0,0
10843,0,0,0
10844,0,0,0
10845,0,0,0
10846,0,0,0
10847,0,0,0
10848,0,0,0
10849,0,0,0
10850,0,0,0
10851,0,0,0
10852,0,0,0
10853,0,0,0
10854,0,0,0
10855,0,0,0
10856,0,0,0
10857,0,0,0
10858,0,0,0
10859,0,0,0
10860,0,0,0
10861,0,0,0
10862,0,0,0
10863,0,0,0
10864,0,0,0
10865,0,0,0
10866,0,0,0
10867,0,0,0
10868,0,0,0
10869,0,0,0
10870,0,0,0
10871,0,0,0
10872,0,0,0
10873,0,0,0
10874,0,0,0
10875,0,0,0
10876,0,0,0
10877,0,0,0
10878,0,0,0
10879,0,0,0
10880,0,0,0
10881,0,0,0
10882,0,0,0
10883,0,0,0
10884,0,0,0
10885,0,0,0
10886,0,0,0
10887,0,0,0
10888,0,0,0
10889,0,0,0
10890,0,0,0
10891,0,0,0
10892,0,0,0
10893,0,0,0
10894,0,0,0
10895,0,0,0
10896,0,0,0
10897,0,0,0
10898,0,0,0
10899,0,0,0
10900,0,0,0
10901,0,0,0
10902,0,0,0
10903,0,0,0
10904,0,0,0
10905,0,0,0
10906,0,0,0
10907,0,0,0
10908,0,0,0
10909,0,0,0
10910,0,0,0
10911,0,0,0
10912,0,0,0
10913,0,0,0
10914,0,0,0
10915,0,0,0
10916,0,0,0
10917,0,0,0
10918,0,0,0
10919,0,0,0
10920,0,0,0
10921,0,0,0
10922,0,0,0
10923,0,0,0
10924,0,0,0
10925,0,0,0
10926,0,0,0
10927,0,0,0
10928,0,0,0
10929,0,0,0
10930,0,0,0
10931,0,0,0
10932,0,0,0
10933,0,0,0
10934,1,0,1
10935,1,0,1
10936,1,0,1
10937,1,0,1
10938,1,0,1
10939,1,0,1
10940,1,0,1
10941,1,0,1
10942,1,0,1
10943,1,0,1
10944,1,0,1
10945,1,0,1
10946,1,0,1
10947,1,0,1
10948,1,0,1
10949,1,0,1
10950,1,0,1
10951,1,0,1
10952,1,0,1
10953,1,0,1
10954,1,0,1
10955,1,0,1
10956,1,0,1
10957,1,0,1
10958,1,0,1
10959,1,0,1
10960,1,0,1
10961,1,0,1
10962,1,0,1
10963,1,0,1
10964,1,0,1
10965,1,0,1
10966,1,0,1
10967,1,0,1
10968,1,0,1
10969,1,0,1
10970,1,0,1
10971,1,0,1
10972,1,0,1
10973,1,0,1
10974,1,0,1
10975,1,0,1
10976,1,0,1
10977,1,0,1
10978,1,0,1
10979,1,0,1
10980,1,0,1
10981,1,0,1
10982,1,0,1
10983,1,0,1
10984,1,0,1
10985,1,0,1
10986,1,0,1
10987,1,0,1
10988,1,0,1
10989,1,0,1
10990,1,0,1
10991,1,0,1
10992,1,0,1
10993,1,0,1
10994,1,0,1
10995,1,0,1
10996,1,0,1
10997,1,0,1
10998,1,0,1
10999,1,0,1
11000,1,0,1
11001,1,0,1
11002,1,0,1
11003,1,0,1
11004,1,0,1
11005,1,0,1
11006,1,0,1
