second,idle_count,walking_count,total_count,car_speed_mph,light,red_violation,bus_waiting,humans,buses,cars,bikes
0,5,0,5,1.722783462420221,red,True,False,5,0,3,1
1,5,0,5,1.2065279146900847,green,False,False,3,0,2,1
2,5,0,5,0.3460735077317974,green,False,False,4,0,2,1
3,5,0,5,0.23653316745338718,green,False,False,3,0,4,1
4,4,0,4,0.3507802531033665,green,False,False,7,0,4,1
5,6,0,6,1.0052749856831928,green,False,False,3,0,4,1
6,7,0,7,0.9401608797132882,green,True,False,4,0,5,1
7,5,0,5,1.1091353523704663,red,True,False,5,0,7,1
8,6,0,6,0.7639825348020279,green,True,False,5,0,5,1
9,5,0,5,0.5932162782187221,green,True,False,4,0,6,1
10,4,0,4,0.42692914140229654,red,False,False,4,0,4,1
11,3,0,3,0.5567199323791181,red,False,False,4,0,6,1
12,4,0,4,0.39329428986475173,red,False,False,2,0,4,1
13,3,0,3,0.30591480200277327,red,False,False,2,0,3,1
14,3,0,3,0.5976691016302016,green,False,False,2,0,5,1
15,2,0,2,0.5465304427363359,green,False,False,1,0,6,1
16,2,0,2,0.5877707602151367,green,False,False,1,0,6,1
17,2,0,2,0.8454782420116377,green,False,False,1,0,5,1
18,1,0,1,0.8756553471722857,green,False,False,1,0,5,1
19,1,0,1,0.9063838410404159,green,False,False,1,0,7,1
20,1,0,1,0.6987259056159403,green,False,False,1,0,5,1
21,1,0,1,0.6379500189351591,green,False,False,2,0,6,1
22,3,0,3,0.5358573554220827,green,False,False,1,0,4,1
23,2,0,2,1.3899030738523308,green,False,False,1,0,6,1
24,1,0,1,1.1530302727404222,green,False,False,1,0,7,1
25,2,0,2,0.6058616855455504,red,False,False,1,0,6,0
26,1,0,1,0.7328907212963204,green,False,False,1,0,5,1
27,1,0,1,0.6387651604429047,green,False,False,3,0,6,1
28,3,0,3,0.5785564169001176,red,False,False,1,0,6,1
29,1,0,1,0.5117760273955729,red,False,False,1,0,6,1
30,1,0,1,0.7547274549889529,green,False,False,1,0,7,1
31,1,0,1,0.7006263560813053,green,False,False,1,0,4,1
32,1,0,1,0.6832840419660028,red,False,False,1,0,3,2
33,1,0,1,0.4508996884484141,red,False,False,1,0,5,2
34,1,0,1,0.7257262372603491,red,False,False,2,0,6,1
35,3,0,3,0.9190045437026358,yellow,False,False,1,0,5,2
36,2,0,2,1.2868560696830051,unknown,False,False,1,0,6,1
37,1,0,1,0.9312074438384738,unknown,False,False,1,0,5,0
38,1,0,1,0.8535084576031131,red,False,False,1,0,5,0
39,1,0,1,0.5219074825546396,unknown,False,False,1,0,4,0
40,1,0,1,0.5014848666795318,red,False,True,0,0,3,0
41,1,0,1,0.4845791342274991,red,False,False,1,0,2,0
42,0,0,0,0.7502139415686035,unknown,False,False,3,0,0,0
43,0,0,0,1.445826954041751,unknown,False,False,0,0,0,0
44,0,0,0,0.0,unknown,False,False,0,0,0,0
45,0,0,0,0.0,unknown,False,False,0,0,0,0
46,0,0,0,0.0,unknown,False,False,0,1,0,0
47,0,0,0,0.0,unknown,False,False,0,1,0,0
48,0,0,0,0.10794233686276242,unknown,False,False,0,1,1,0
49,0,0,0,0.134665042174122,unknown,False,False,0,1,2,0
50,0,0,0,0.3143259552476864,unknown,False,False,1,1,0,0
51,0,0,0,0.5275606420318054,unknown,False,False,1,0,1,0
52,1,0,1,0.6977752165085609,unknown,False,False,0,0,1,0
53,0,0,0,0.4594670510209038,unknown,False,False,1,0,0,0
54,1,0,1,0.6233935230438341,green,False,False,1,0,2,0
55,1,0,1,0.6879280573165298,red,False,False,0,0,6,0
56,1,0,1,0.7726155794166825,unknown,False,False,0,0,5,0
57,0,0,0,0.6612741489620234,unknown,False,False,0,0,1,0
58,0,0,0,0.6479843346648761,unknown,False,False,0,0,0,0
59,0,0,0,0.3930591917356738,unknown,False,False,1,0,0,0
60,0,1,1,0.0,unknown,False,False,2,0,1,0
61,1,0,1,0.0,unknown,False,False,0,0,0,0
62,0,0,0,0.0,unknown,False,False,0,0,0,0
63,0,0,0,0.0,unknown,False,False,0,0,0,0
64,0,0,0,0.0,unknown,False,False,0,0,0,0
65,0,0,0,0.0,unknown,False,False,1,0,0,1
66,0,1,1,0.0,unknown,False,False,1,0,1,2
67,1,1,2,0.8589966402637779,unknown,False,False,1,0,1,0
68,1,1,2,1.4061003200506816,unknown,False,False,1,0,0,0
69,1,0,1,1.5857220182367289,unknown,False,False,0,0,1,0
70,1,0,1,0.0,unknown,False,False,1,0,0,0
71,0,0,0,1.133513085624706,unknown,False,False,0,0,3,0
72,0,1,1,1.1969672114292034,unknown,False,False,1,0,4,1
73,1,1,2,1.2437771659579047,unknown,False,False,2,0,3,1
74,1,0,1,0.8386560746542244,unknown,False,False,0,0,2,0
75,0,0,0,0.7212851120738709,unknown,False,False,0,0,2,0
76,0,0,0,0.7854120230095462,unknown,False,False,0,0,2,0
77,0,0,0,1.7768394310100588,unknown,False,False,1,0,3,0
78,2,0,2,0.9334958186250095,unknown,False,False,1,0,3,0
79,2,0,2,1.1013118060874252,unknown,False,False,0,0,5,0
80,0,0,0,1.2588840490193849,unknown,False,False,0,0,3,0
81,0,0,0,1.2271212597161716,unknown,False,False,1,0,2,0
82,1,0,1,0.750410142754757,unknown,False,False,1,0,6,0
83,1,0,1,0.4688019484634776,unknown,False,False,0,0,7,0
84,1,0,1,0.3131888522467546,unknown,False,False,2,0,6,0
85,0,0,0,0.3071499891977265,unknown,False,False,0,0,5,0
86,0,0,0,0.36636807648996306,red,False,False,0,0,5,0
87,1,0,1,1.3753213011455243,unknown,False,False,1,0,8,0
88,0,1,1,1.7292639938913403,unknown,False,False,0,0,7,0
89,1,0,1,1.129992650920622,unknown,False,False,0,0,9,0
90,0,0,0,0.9193667824557719,unknown,False,False,0,0,12,0
91,0,0,0,1.008535253268347,unknown,False,False,0,0,7,0
92,0,0,0,0.9935481802323967,unknown,False,False,0,0,7,0
93,0,0,0,1.4841405696764367,unknown,False,False,0,0,7,0
94,0,0,0,1.7906533177519923,unknown,False,False,0,0,8,0
95,0,0,0,0.5025226614947966,unknown,False,False,0,0,5,0
96,0,0,0,0.7519686118225064,unknown,False,False,0,0,4,0
97,0,0,0,0.48827007030398406,yellow,False,False,0,0,5,0
98,0,0,0,0.5050461176007235,green,False,False,0,0,9,0
99,0,0,0,0.570885164586083,red,False,False,0,0,6,0
100,2,0,2,0.6638463326571672,unknown,False,False,2,0,7,0
101,3,1,4,0.6420313818017896,unknown,False,False,2,0,3,0
102,3,1,4,0.9705511720678363,unknown,False,False,1,0,4,0
103,0,0,0,1.6951938556865636,unknown,False,False,0,0,4,0
104,0,0,0,1.0761573373612765,unknown,False,False,0,0,5,0
105,0,0,0,1.253926932797535,unknown,False,False,0,0,6,0
106,0,0,0,1.3810356822831165,unknown,False,False,0,0,4,0
107,0,0,0,1.6402416921913037,unknown,False,False,0,0,3,0
108,0,0,0,0.9398362031483034,unknown,False,False,0,0,2,0
109,0,0,0,0.7876724177713372,unknown,False,False,0,0,1,0
110,0,0,0,0.6982577793126924,unknown,False,False,0,0,2,0
111,0,0,0,1.1667132688753725,unknown,False,False,0,0,1,0
112,0,0,0,0.8252621057600449,unknown,False,False,1,0,0,0
113,0,0,0,0.9976859370480294,unknown,False,False,0,0,2,0
114,0,0,0,0.8926970625554459,unknown,False,False,0,0,2,0
115,0,0,0,0.37466706995353316,unknown,False,False,0,0,0,0
116,0,0,0,0.0,unknown,False,False,0,0,0,0
117,1,0,1,0.0,unknown,False,False,2,0,0,0
118,2,0,2,0.0,unknown,False,False,1,0,0,0
119,2,0,2,0.15070420713863494,unknown,False,False,2,0,0,0
120,2,0,2,0.18153795150765947,unknown,False,False,2,0,4,0
121,1,1,2,0.3145135751645499,unknown,False,False,2,0,0,0
122,0,2,2,0.0,unknown,False,False,2,0,2,0
123,2,0,2,0.26915146628038866,unknown,False,False,1,0,1,0
124,1,0,1,0.15301564831101017,unknown,False,False,2,0,0,0
125,2,0,2,0.17667701941922404,unknown,False,False,2,0,2,0
126,2,0,2,0.2931358563845507,unknown,False,False,0,0,4,0
127,2,0,2,0.39309846145878097,unknown,False,False,0,0,7,0
128,0,0,0,0.9650245997481813,unknown,False,False,2,0,7,0
129,0,0,0,1.1357288607221891,unknown,False,False,0,0,9,0
130,0,0,0,1.0202897176645798,unknown,False,False,0,0,11,0
131,0,0,0,1.0948775749024557,unknown,False,False,0,0,12,0
132,0,0,0,1.2789308531313852,unknown,False,False,1,0,12,0
133,0,1,1,1.2257171648659562,unknown,False,False,3,0,12,0
134,1,0,1,0.9797722513253273,unknown,False,False,1,0,14,0
135,1,0,1,1.2642555133085704,red,False,False,0,0,8,0
136,0,0,0,1.1924369994747035,unknown,False,False,0,0,9,0
137,0,0,0,0.7973956037143365,unknown,False,False,0,0,6,0
138,0,0,0,0.5442918593627543,unknown,False,False,0,0,8,0
139,0,0,0,0.39770151917776075,unknown,False,False,0,0,6,0
140,0,0,0,0.538959945878072,unknown,False,False,0,0,6,0
141,0,0,0,1.2999263259256133,unknown,False,False,0,0,6,0
142,0,0,0,1.638714049261281,unknown,False,False,0,0,9,0
143,0,0,0,1.7514236241185817,unknown,False,False,0,0,11,0
144,0,0,0,1.4169504506835686,unknown,False,False,0,0,13,0
145,0,0,0,1.2452546775943798,unknown,False,False,0,0,13,0
146,0,0,0,1.168897544613162,unknown,False,False,0,0,10,0
147,0,0,0,1.1720957966256582,unknown,False,False,0,0,7,0
148,0,0,0,0.9623350884337287,unknown,False,False,0,0,6,0
149,0,0,0,0.595864632631957,unknown,False,False,0,1,3,0
150,0,0,0,0.5639158000218781,unknown,False,False,0,1,5,0
151,0,0,0,0.5068375993525899,unknown,False,True,0,1,8,0
152,0,0,0,0.5365948495241152,green,False,True,0,1,5,0
153,0,0,0,0.6096508980110502,green,False,True,0,1,9,0
154,0,0,0,0.5042704422357087,unknown,False,True,0,1,6,0
155,0,0,0,0.37303141654734234,yellow,False,True,0,0,7,0
156,0,0,0,0.3855193618954745,yellow,False,True,0,1,7,0
157,0,0,0,0.46969415244463447,yellow,False,False,0,1,9,0
158,0,0,0,0.7898681214507812,yellow,False,False,0,0,11,0
159,0,0,0,1.221120821612945,unknown,False,False,0,0,13,0
160,0,0,0,1.1538283558069609,green,False,False,0,0,11,0
161,0,0,0,1.466517815875746,unknown,False,False,0,0,10,0
162,0,0,0,1.0567531892227124,unknown,False,False,0,0,9,0
163,0,0,0,1.0459313435307809,unknown,False,False,0,0,11,0
164,0,0,0,1.172041337235449,unknown,False,False,0,0,12,0
165,0,0,0,1.4052464907447983,unknown,False,False,0,0,13,0
166,0,0,0,1.3674980282598004,unknown,False,False,0,0,12,0
167,0,0,0,1.336268814704506,unknown,False,False,0,0,11,0
168,0,0,0,1.4141156418420668,unknown,False,False,0,0,13,0
169,0,0,0,1.5852071589011651,unknown,False,False,0,0,13,0
170,0,0,0,1.4884983772350893,unknown,False,False,0,0,12,0
171,0,0,0,0.9793723925791596,unknown,False,False,0,0,13,0
172,0,0,0,1.6384880154643604,unknown,False,False,0,0,13,0
173,0,0,0,1.5320517474555446,unknown,False,False,0,0,14,0
174,0,0,0,1.6746355683618888,unknown,False,False,0,0,14,0
175,0,0,0,1.6006808539481145,unknown,False,False,0,0,15,0
176,0,0,0,1.9585261197745654,unknown,False,False,0,0,20,0
177,0,0,0,2.0096162205650767,unknown,False,False,0,0,19,0
178,0,0,0,1.5908272471908058,unknown,False,False,0,0,14,0
179,0,1,1,1.618456443583603,unknown,False,False,1,0,16,0
180,1,1,2,1.4013451619712338,unknown,False,False,0,0,14,0
181,1,0,1,1.9999808936464722,green,False,False,0,0,11,0
182,0,0,0,1.3812266879988597,unknown,False,False,0,0,11,0
183,0,0,0,1.4083565331330852,unknown,False,False,0,1,9,0
184,0,0,0,1.0007172026854794,unknown,False,False,0,1,8,0
185,0,0,0,0.9595845908210294,unknown,False,False,0,0,9,0
186,0,0,0,1.0412317875412536,unknown,False,False,0,0,10,0
187,0,0,0,1.6048283440399083,unknown,False,False,0,0,12,0
188,0,0,0,1.8944803348995642,unknown,False,False,0,0,10,0
189,0,0,0,1.2396336173879563,unknown,False,False,0,0,6,0
190,0,0,0,1.081753770720819,unknown,False,False,2,0,6,0
191,2,0,2,0.863937557873502,unknown,False,False,3,0,7,0
192,4,0,4,0.625551198876749,unknown,False,False,4,0,7,0
193,4,0,4,0.4080469640432097,unknown,False,False,3,0,8,0
194,3,0,3,0.18007508647249854,unknown,False,False,3,0,8,0
195,4,0,4,0.14766269059231368,green,False,False,3,0,7,0
196,4,0,4,0.23443117962866497,unknown,False,False,4,0,6,0
197,4,0,4,0.21007364870627013,unknown,False,False,3,0,5,0
198,3,0,3,0.31936340788568995,unknown,False,False,2,0,5,0
199,3,1,4,0.816000634415805,unknown,False,False,2,0,5,0
200,2,1,3,0.693500532056696,unknown,False,False,1,0,6,0
201,1,0,1,0.9585386608190111,unknown,False,False,0,0,3,0
202,0,0,0,1.4005006835923477,unknown,False,False,0,0,5,0
203,0,0,0,1.3618332945607312,unknown,False,False,0,0,7,0
204,0,0,0,1.515251547146649,unknown,False,False,0,0,6,0
205,0,0,0,1.3594863557899426,unknown,False,False,0,0,5,0
206,0,0,0,1.7114497673469327,unknown,False,False,0,0,6,0
207,0,0,0,1.2998508799767374,unknown,False,False,0,0,6,0
208,0,0,0,1.4049935598598067,unknown,False,False,0,0,5,0
209,0,0,0,1.64391505108226,unknown,False,False,0,0,5,0
210,0,0,0,1.4243733423885747,unknown,False,False,0,0,6,0
211,0,0,0,1.4526464994757162,unknown,False,False,0,0,7,0
212,0,0,0,1.3648485423979044,unknown,False,False,0,0,6,0
213,0,0,0,1.3286509190448943,unknown,False,False,0,0,6,0
214,0,0,0,1.054157965903782,unknown,False,False,0,0,8,0
215,0,0,0,1.030819885942608,unknown,False,False,0,0,7,0
216,0,0,0,0.9708618411106439,unknown,False,False,0,0,5,0
217,0,0,0,0.9902000021703479,unknown,False,False,0,0,5,0
218,0,0,0,0.9825309293901473,unknown,False,False,0,0,8,0
219,0,0,0,1.0896778501560727,unknown,False,False,0,0,11,0
220,0,0,0,1.0359865809335425,unknown,False,False,0,1,8,0
221,0,0,0,1.3090529907335382,unknown,False,False,0,0,9,0
222,0,0,0,1.1244234300567857,unknown,False,False,0,0,10,0
223,0,0,0,1.301959840398592,unknown,False,False,0,1,9,0
224,1,0,1,1.6578132392101157,unknown,False,False,1,0,4,0
225,0,1,1,1.5005321199689143,unknown,False,False,1,0,6,0
226,1,0,1,1.757773238408388,unknown,False,False,1,0,6,0
227,1,0,1,2.0009079092265867,unknown,False,False,0,0,6,0
228,1,0,1,2.119039618850137,unknown,False,False,0,0,5,0
229,1,0,1,1.484486803842358,unknown,False,False,0,0,7,0
230,0,0,0,1.3855810345974955,unknown,False,False,0,0,7,0
231,0,0,0,1.3324640030476225,unknown,False,False,0,0,3,0
232,0,0,0,1.59640217421215,unknown,False,False,0,0,4,0
233,0,0,0,1.502810705539428,unknown,False,False,0,0,6,0
234,0,0,0,1.6801976170483854,unknown,False,False,0,0,6,0
235,0,0,0,1.917625041850462,unknown,False,False,0,0,3,0
236,0,0,0,1.6649068007867136,unknown,False,False,0,0,3,0
237,0,0,0,2.3128770962299185,unknown,False,False,0,0,2,0
238,0,0,0,2.2220080262398936,unknown,False,False,0,0,3,0
239,0,0,0,1.7779323328306165,unknown,False,False,0,0,1,0
240,0,0,0,1.3962996285816958,unknown,False,False,1,1,3,0
241,1,0,1,1.0119879473150932,unknown,False,False,0,0,5,0
242,1,0,1,0.6331045285950763,unknown,False,False,1,0,4,0
243,1,0,1,0.6589063140037996,unknown,False,False,1,0,5,1
244,0,1,1,1.5067993060020544,yellow,False,False,1,0,3,1
245,1,0,1,2.130282822565758,unknown,False,False,1,0,5,0
246,1,0,1,1.4184483246676112,yellow,False,False,0,0,5,0
247,0,0,0,0.8253530741343843,red,False,False,2,0,5,0
248,2,0,2,0.5364430657219311,unknown,False,False,2,0,6,0
249,2,1,3,0.28952502041113426,unknown,False,False,4,0,5,0
250,3,0,3,0.11715519300422077,unknown,False,False,2,1,4,0
251,2,1,3,0.3991076472042825,unknown,False,False,3,1,3,1
252,3,0,3,0.5863195412137981,unknown,False,False,2,1,2,0
253,2,0,2,0.6798565160031066,unknown,False,False,1,1,3,0
254,2,0,2,1.045857721622305,unknown,False,False,0,0,2,0
255,1,0,1,0.8793139117936117,unknown,False,False,0,0,4,0
256,0,0,0,0.9230779904544975,unknown,False,False,0,0,2,0
257,0,0,0,1.1535835151947886,unknown,False,False,0,0,1,0
258,0,0,0,0.5912404344914877,unknown,False,False,0,0,1,0
259,0,0,0,0.5024880809383915,unknown,False,False,0,0,0,0
260,0,0,0,0.0,unknown,False,False,0,0,0,0
261,0,0,0,0.0,unknown,False,False,0,0,0,0
262,0,0,0,0.0,unknown,False,False,0,0,0,0
263,0,0,0,0.0,unknown,False,False,1,0,0,0
264,0,0,0,0.0,unknown,False,False,0,0,0,0
265,0,0,0,0.0,yellow,False,False,0,0,0,0
266,0,0,0,0.0,unknown,False,False,0,0,0,0
267,0,0,0,0.0,unknown,False,False,0,0,0,0
268,0,0,0,0.1744853978607968,unknown,False,False,0,0,2,0
269,0,0,0,0.42260403820728226,unknown,False,False,0,0,3,0
270,0,0,0,0.5848068545227048,unknown,False,False,0,0,6,0
271,0,0,0,0.23466028735641586,unknown,False,False,0,0,6,0
272,0,0,0,0.29555041920536557,unknown,False,False,0,0,6,0
273,0,0,0,0.712701231418105,unknown,False,False,0,0,4,0
274,0,0,0,0.34565949798878537,unknown,False,False,0,0,6,0
275,0,0,0,0.6536561347031887,unknown,False,False,0,0,6,0
276,0,0,0,0.6462260907525291,unknown,False,False,0,0,4,0
277,0,0,0,0.3568561228439374,red,False,False,0,0,5,0
278,0,0,0,0.5016292071677132,yellow,False,False,0,0,6,0
279,0,0,0,0.46063785353372844,unknown,False,False,0,0,7,0
280,0,0,0,0.4639760989217595,unknown,False,False,0,0,6,0
281,0,0,0,0.8668259093418494,unknown,False,False,0,0,5,0
282,0,0,0,1.3163419478837568,unknown,False,False,0,0,4,0
283,0,0,0,1.4345075223448411,unknown,False,False,0,0,5,0
284,0,0,0,1.332970126447115,unknown,False,False,0,1,2,0
285,0,0,0,0.7706332296275189,unknown,False,False,0,0,2,0
286,0,0,0,0.49835912656871934,unknown,False,False,0,0,3,0
287,0,0,0,0.48102183569458057,unknown,False,False,0,0,2,0
288,0,0,0,0.3400171328102694,unknown,False,False,0,0,0,0
289,0,0,0,0.0,unknown,False,False,0,0,0,0
290,0,0,0,2.6307252624559037,unknown,False,False,0,0,1,0
291,0,0,0,3.766133377356084,unknown,False,False,0,0,1,0
292,0,0,0,1.134940422747928,unknown,False,False,0,0,1,0
293,0,0,0,0.32357305599591496,unknown,False,False,0,0,2,0
294,0,0,0,1.7168884356327634,unknown,False,False,0,0,4,0
295,0,0,0,1.4417390190210917,unknown,False,False,0,0,5,0
296,0,0,0,0.7082088017294277,unknown,False,False,0,0,5,0
297,0,0,0,1.13395841014373,unknown,False,False,0,0,5,0
298,0,0,0,1.3865249946233644,unknown,False,False,0,0,3,0
299,0,0,0,1.3893371537400419,unknown,False,False,0,0,1,0
300,0,0,0,0.7105996283982651,unknown,False,False,0,0,4,0
301,0,0,0,0.6069374292063112,unknown,False,False,0,0,2,0
302,0,0,0,0.4706693914666549,unknown,False,False,0,0,3,0
303,0,0,0,0.6662745489478049,unknown,False,False,0,0,3,0
304,0,0,0,0.5193759794397363,unknown,False,False,0,0,4,0
305,0,0,0,0.659865353339485,unknown,False,False,0,0,1,0
306,0,0,0,0.5337416692358941,unknown,False,False,0,0,1,0
307,0,0,0,1.0104035473750062,unknown,False,False,0,0,0,0
308,0,0,0,0.0,unknown,False,False,0,0,0,0
309,0,0,0,0.0,unknown,False,False,0,0,0,0
310,0,0,0,0.0,unknown,False,False,0,0,0,0
311,0,0,0,0.0,unknown,False,False,0,0,1,0
312,0,0,0,1.9691415409095137,unknown,False,False,0,0,0,0
313,0,0,0,2.3426808610178727,unknown,False,False,0,0,0,0
314,0,0,0,0.0,unknown,False,False,0,0,0,0
315,0,0,0,0.0,unknown,False,False,0,0,0,0
316,0,0,0,0.0,unknown,False,False,0,0,0,0
317,0,0,0,2.4148484237739027,unknown,False,False,0,0,1,0
318,0,0,0,2.6327670186762573,unknown,False,False,0,0,0,0
319,0,0,0,0.0,unknown,False,False,0,0,0,0
320,0,0,0,0.0,unknown,False,False,0,0,0,0
321,0,0,0,0.0,unknown,False,False,0,0,0,0
322,0,0,0,0.0,unknown,False,False,1,0,1,0
323,0,1,1,0.0,unknown,False,False,1,0,0,1
324,2,0,2,0.0,unknown,False,False,1,0,0,0
325,1,0,1,0.0,unknown,False,False,0,0,0,0
326,0,0,0,0.0,unknown,False,False,0,0,0,0
327,0,0,0,0.0,unknown,False,False,0,0,0,0
328,0,0,0,0.0,unknown,False,False,0,0,0,0
329,0,0,0,0.0,unknown,False,False,0,0,0,0
330,0,0,0,0.0,unknown,False,False,0,0,0,0
331,0,0,0,0.0,unknown,False,False,0,0,0,0
332,0,0,0,0.0,unknown,False,False,0,0,0,0
333,0,0,0,0.0,unknown,False,False,0,0,3,0
334,0,0,0,0.9512917227567376,unknown,False,False,0,0,0,0
335,0,0,0,0.39422938298644683,unknown,False,False,0,0,2,0
336,0,0,0,0.14908771082262018,unknown,False,False,0,0,2,0
337,0,0,0,0.18960756730506828,unknown,False,False,0,0,4,0
338,0,0,0,0.46675099244289514,unknown,False,False,0,0,5,0
339,0,0,0,0.5781726721461965,unknown,False,False,0,0,3,0
340,0,0,0,1.2476826877966753,unknown,False,False,0,0,5,0
341,0,0,0,0.6723369648360576,unknown,False,False,0,0,5,0
342,0,0,0,0.41309527456049144,unknown,False,False,0,0,6,0
343,0,0,0,0.9044638518967575,unknown,False,False,0,0,8,0
344,0,0,0,1.204964726841482,unknown,False,False,0,0,10,0
345,0,0,0,0.949156853127079,unknown,False,False,0,0,9,0
346,0,0,0,1.1490153884631806,unknown,False,False,0,0,11,0
347,0,0,0,1.0426131090122726,unknown,False,False,0,0,12,0
348,0,0,0,1.1380002259157496,unknown,False,False,0,0,9,0
349,0,0,0,1.0647644866181851,unknown,False,False,0,0,13,0
350,0,0,0,1.068248267503404,unknown,False,False,0,0,15,0
351,0,0,0,0.6894727218253638,unknown,False,False,0,0,14,0
352,0,0,0,0.7572251453619023,unknown,False,False,0,0,13,0
353,0,0,0,0.8718999188112311,unknown,False,False,0,0,16,0
354,0,0,0,1.0861558500512454,unknown,False,False,0,0,14,0
355,0,0,0,1.0680455773523394,unknown,False,False,0,0,13,0
356,0,0,0,1.0607470647411903,unknown,False,False,0,0,17,0
357,0,0,0,0.9409635565990575,unknown,False,False,0,0,15,0
358,0,0,0,1.222525606792817,unknown,False,False,0,0,11,0
359,0,0,0,0.9419253744924942,unknown,False,False,0,0,11,0
360,0,0,0,0.7723658806983537,unknown,False,False,0,0,9,0
361,0,0,0,0.2630283858539421,unknown,False,False,0,0,6,0
362,0,0,0,0.13242437589564815,unknown,False,False,0,0,6,0
363,0,0,0,0.2079513106503914,unknown,False,False,0,0,9,0
364,0,0,0,0.15044910439406567,unknown,False,False,0,0,9,0
365,0,0,0,0.39183447498866397,unknown,False,False,0,0,8,0
366,0,0,0,0.3881134955230108,unknown,False,False,0,0,8,0
367,0,0,0,0.33988675854626144,unknown,False,False,0,0,8,0
368,0,0,0,0.33187470888331816,unknown,False,False,0,0,9,0
369,0,0,0,0.3819798477998357,unknown,False,False,0,0,10,0
370,0,0,0,0.25631076584670454,unknown,False,False,0,0,9,0
371,0,0,0,0.24002063680381447,unknown,False,False,0,0,9,0
372,0,0,0,0.18752149897667666,unknown,False,False,0,0,11,0
373,0,0,0,0.16562178633938404,unknown,False,False,0,0,12,0
374,0,0,0,0.30589461764573367,unknown,False,False,0,0,12,0
375,0,0,0,0.40399636012289936,unknown,False,False,0,0,9,0
376,0,0,0,0.5829741053761075,unknown,False,False,0,0,8,0
377,0,0,0,0.6600618281433533,yellow,False,False,0,0,7,0
378,0,0,0,0.8142617863373444,unknown,False,False,0,0,11,0
379,0,0,0,0.49229910099874435,unknown,False,False,0,0,12,0
380,0,0,0,0.5974079693478432,unknown,False,False,0,0,14,0
381,0,0,0,0.5579204009954651,unknown,False,False,0,0,15,0
382,0,0,0,1.1273727261522828,red,False,False,0,0,15,0
383,0,0,0,1.229042515014389,unknown,False,False,0,0,12,0
384,0,0,0,1.4099010778971444,unknown,False,False,0,0,12,0
385,0,0,0,1.1619166910623002,unknown,False,False,0,0,9,0
386,0,0,0,0.9423934752655745,unknown,False,False,0,0,13,0
387,0,0,0,1.2747110300893862,unknown,False,False,0,0,15,0
388,0,0,0,1.6353227631691305,unknown,False,False,0,0,13,0
389,1,0,1,1.2238945752996984,unknown,False,False,0,0,18,0
390,1,0,1,1.1247845184902572,unknown,False,False,0,0,15,0
391,0,0,0,1.5122418961891395,unknown,False,False,0,0,13,0
392,0,0,0,1.097117271108988,unknown,False,False,0,0,13,0
393,0,0,0,1.0858472376664199,unknown,False,False,0,0,13,0
394,0,0,0,0.9140542929762867,unknown,False,False,1,0,10,0
395,0,0,0,1.0872059071676623,unknown,False,False,0,0,9,0
396,1,0,1,1.1115767360715745,unknown,False,False,0,0,10,0
397,1,0,1,0.9028616151018032,unknown,False,False,0,0,9,0
398,0,0,0,1.0508104371496498,unknown,False,False,0,0,9,0
399,0,0,0,0.7454695681927167,unknown,False,False,0,0,12,0
400,0,0,0,0.5170246991044705,unknown,False,False,0,0,14,0
401,0,0,0,1.0016981954929027,unknown,False,False,1,0,12,0
402,1,0,1,1.2303409999942947,unknown,False,False,0,0,13,0
403,0,0,0,1.208189507639621,unknown,False,False,0,0,17,0
404,0,0,0,1.2929950067969287,unknown,False,False,0,0,12,0
405,0,0,0,1.1954691160204038,yellow,False,False,0,0,12,0
406,0,0,0,1.3038261613716629,unknown,False,False,0,0,10,0
407,0,0,0,1.284302749769746,unknown,False,False,0,0,8,0
408,0,0,0,1.130144775127631,unknown,False,False,0,0,10,0
409,0,0,0,1.3078659966892574,unknown,False,False,0,0,10,0
410,0,0,0,1.473766629249069,unknown,False,False,0,0,9,0
411,0,0,0,1.343649152044923,unknown,False,False,0,0,9,0
412,0,0,0,1.1746091579296871,unknown,False,False,0,0,11,0
413,0,0,0,1.1976169167044108,unknown,False,False,0,0,8,0
414,0,0,0,1.4458484094006152,unknown,False,False,0,0,9,0
415,0,0,0,1.2247359533758646,unknown,False,False,0,0,10,0
416,0,0,0,1.2747510318312332,unknown,False,False,0,0,8,0
417,0,0,0,1.8445639551586628,unknown,False,False,0,0,8,0
418,0,0,0,1.2548184418964359,unknown,False,False,0,0,5,0
419,0,0,0,0.8235664119941523,unknown,False,False,0,0,6,0
420,1,0,1,0.26444170182157817,unknown,False,False,3,0,2,0
421,3,0,3,0.2104060013346701,unknown,False,False,3,0,2,1
422,3,0,3,0.2978498746494161,unknown,False,False,3,0,4,0
423,3,0,3,0.24785684154891047,unknown,False,False,3,0,5,0
424,3,0,3,0.29108778516005834,unknown,False,False,1,0,6,0
425,2,0,2,0.34690851138856643,unknown,False,False,3,0,6,0
426,2,0,2,0.7496609156954134,unknown,False,False,2,0,6,0
427,3,0,3,1.808754967418082,unknown,False,False,0,0,8,0
428,1,0,1,1.3951903845932667,unknown,False,False,0,0,9,0
429,0,0,0,1.1394569618267048,unknown,False,False,0,0,11,0
430,0,0,0,1.3789339614931968,unknown,False,False,0,0,11,0
431,0,0,0,0.8943816590481654,unknown,False,False,0,0,12,0
432,0,0,0,0.6502424307695716,unknown,False,False,0,0,8,0
433,0,0,0,1.4997466586339523,unknown,False,False,0,0,8,0
434,0,0,0,1.1544492203450532,unknown,False,False,0,0,7,0
435,0,0,0,0.866758273574526,unknown,False,False,0,0,8,0
436,0,0,0,1.092835240443446,unknown,False,False,0,0,6,0
437,0,0,0,1.4138598582079143,unknown,False,False,0,0,10,0
438,0,0,0,0.737672570032571,unknown,False,False,0,0,6,0
439,0,0,0,1.062043208965617,unknown,False,False,0,0,9,0
440,0,0,0,1.1068460598866474,unknown,False,False,1,0,8,0
441,0,0,0,1.9608678535782191,unknown,False,False,0,0,7,0
442,0,0,0,1.3950129153864996,unknown,False,False,0,0,9,0
443,0,0,0,1.8910905004782232,unknown,False,False,0,0,7,0
444,0,0,0,1.2080150016480613,unknown,False,False,0,0,6,0
445,0,0,0,0.5236035798943192,unknown,False,False,0,0,8,0
446,0,0,0,0.520254269146777,unknown,False,False,0,0,7,0
447,0,0,0,0.5139288998380835,unknown,False,False,0,0,7,0
448,0,0,0,1.0415652228463244,unknown,False,False,0,0,9,0
449,0,0,0,2.012522529638855,unknown,False,False,0,0,7,0
450,0,0,0,1.2154089871170932,unknown,False,False,0,0,8,0
451,0,0,0,1.378243652522767,unknown,False,False,0,0,11,0
452,0,0,0,1.2422008247086362,unknown,False,False,0,0,9,0
453,0,0,0,1.6514464223891998,unknown,False,False,0,0,12,0
454,0,0,0,1.2801300541859122,unknown,False,False,0,0,10,0
455,0,0,0,0.9557012696181071,unknown,False,False,0,0,10,0
456,0,0,0,1.0738248481169885,unknown,False,False,0,0,8,0
457,0,0,0,0.794610973146959,unknown,False,False,0,0,7,0
458,0,0,0,0.655592641441876,unknown,False,False,0,0,7,0
459,0,0,0,0.9243741171897109,unknown,False,False,0,0,7,0
460,0,0,0,0.3678492208793991,unknown,False,False,0,0,7,0
461,0,0,0,1.5425111855537943,unknown,False,False,0,0,10,0
462,0,0,0,1.3696687252477222,unknown,False,False,0,0,10,0
463,0,0,0,1.403163045378111,unknown,False,False,0,0,7,0
464,0,0,0,1.100783025001382,unknown,False,False,0,0,8,0
465,0,0,0,1.0516885386761194,unknown,False,False,0,0,12,0
466,0,0,0,0.47400364124730526,unknown,False,False,0,0,8,0
467,0,0,0,0.44578607850312024,unknown,False,False,0,0,9,0
468,0,0,0,0.4121066966010187,unknown,False,False,0,0,8,0
469,0,0,0,0.34232735938141373,unknown,False,False,0,0,10,0
470,0,0,0,0.2513384737091144,unknown,False,False,0,0,10,0
471,0,0,0,0.4568141786032573,unknown,False,False,0,0,9,0
472,0,0,0,0.4221665154385647,unknown,False,False,0,0,7,0
473,0,0,0,0.41458283272519014,unknown,False,False,0,0,6,0
474,0,0,0,0.37236433051669127,unknown,False,False,0,0,6,0
475,0,0,0,0.47321613473338137,unknown,False,False,0,0,10,0
476,0,0,0,0.9234111076299987,unknown,False,False,0,1,6,0
477,0,0,0,1.5269161089321024,unknown,False,False,0,0,6,0
478,0,0,0,1.408279183646879,unknown,False,False,0,0,6,0
479,0,0,0,0.8927154891169715,unknown,False,False,0,0,7,0
480,0,0,0,0.8467363991957353,unknown,False,False,0,0,10,0
481,0,0,0,1.2416437565759344,unknown,False,False,0,0,9,0
482,0,0,0,1.192374439273789,unknown,False,False,0,0,9,0
483,0,0,0,0.9993727761875543,unknown,False,False,0,0,10,0
484,0,0,0,1.0749462619730654,unknown,False,False,0,0,10,0
485,0,0,0,0.9760879823921494,unknown,False,False,0,0,9,0
486,0,0,0,1.0709498921462204,unknown,False,False,0,0,11,0
487,0,0,0,0.6019225382463235,unknown,False,False,0,0,12,0
488,0,0,0,0.8044069047542486,unknown,False,False,0,0,8,0
489,0,0,0,1.309793792450137,unknown,False,False,0,0,10,0
490,0,0,0,1.0136881437879364,unknown,False,False,0,0,7,0
491,0,0,0,0.9345418125643482,unknown,False,False,0,0,7,0
492,0,0,0,0.928857852786557,unknown,False,False,0,0,6,0
493,0,0,0,1.3974513114292109,unknown,False,False,0,0,5,0
494,0,0,0,0.3306338340753,unknown,False,False,0,0,3,0
495,0,0,0,0.250627476252809,unknown,False,False,0,0,2,0
496,0,0,0,0.1655075414138964,unknown,False,False,0,0,3,0
497,0,0,0,0.1307334953891872,unknown,False,False,0,0,0,0
498,0,0,0,0.22085344340518037,unknown,False,False,0,0,1,0
499,0,0,0,2.2947154446775992,unknown,False,False,0,0,1,0
500,0,0,0,2.615735174636218,unknown,False,False,0,0,2,0
501,0,0,0,0.4352677185423315,unknown,False,False,0,0,2,0
502,0,0,0,0.29200961612964554,yellow,False,False,0,0,3,0
503,0,0,0,0.9118432350246871,unknown,False,False,0,0,3,0
504,0,0,0,3.336508821195982,unknown,False,False,0,0,3,0
505,0,0,0,1.9435047645942822,unknown,False,False,0,0,6,0
506,0,0,0,1.7693797029804181,unknown,False,False,0,0,4,0
507,0,0,0,1.1996519956100653,unknown,False,False,0,0,3,0
508,0,0,0,1.625459810480081,unknown,False,False,0,0,3,0
509,0,0,0,0.7450399410901085,unknown,False,False,0,0,4,0
510,0,0,0,1.3929185434053162,unknown,False,False,0,0,3,0
511,0,0,0,0.6848610581344632,unknown,False,False,0,0,3,0
512,0,0,0,0.5000561439239783,unknown,False,False,1,0,4,0
513,0,1,1,0.7199701171851034,unknown,False,False,0,0,2,0
514,0,0,0,1.3078676284598183,unknown,False,False,0,0,3,0
515,0,0,0,1.0467093765969313,unknown,False,False,0,0,2,0
516,0,0,0,0.3350186447439582,unknown,False,False,0,0,3,0
517,0,0,0,0.33262308920719635,unknown,False,False,0,0,3,0
518,0,0,0,0.19191152508374215,unknown,False,False,0,0,5,0
519,0,0,0,0.2181525542890454,unknown,False,False,0,0,4,0
520,0,0,0,0.33888965365348533,unknown,False,False,0,0,8,0
521,0,0,0,0.5052041939261284,unknown,False,False,0,0,5,0
522,0,0,0,0.5700326543918203,unknown,False,False,0,0,6,0
523,0,0,0,0.38613712832828095,unknown,False,False,0,0,8,0
524,0,0,0,0.6116349002830996,unknown,False,False,0,0,8,0
525,0,0,0,0.2849330542689431,unknown,False,False,0,0,7,0
526,0,0,0,0.4083664520136073,unknown,False,False,0,0,4,0
527,0,0,0,0.35270085761636755,unknown,False,False,0,0,7,0
528,0,0,0,0.2322736227332936,unknown,False,False,0,0,8,0
529,0,0,0,0.23995171358553366,unknown,False,False,0,0,8,0
530,0,0,0,0.44704943771974837,unknown,False,False,0,0,5,0
531,0,0,0,0.5263941674742205,unknown,False,False,0,0,7,0
532,0,0,0,0.35136938151000086,unknown,False,False,0,0,8,0
533,0,0,0,0.5599838511479024,unknown,False,False,0,0,8,0
534,0,0,0,0.20483048666017054,unknown,False,False,0,0,7,0
535,0,0,0,0.18843929409446286,unknown,False,False,0,0,5,0
536,0,0,0,0.5614616366620194,unknown,False,False,0,0,5,0
537,0,0,0,0.5543606718453754,unknown,False,False,1,0,8,0
538,1,0,1,0.25346643250914347,unknown,False,False,1,0,6,0
539,1,0,1,0.2139653567532908,unknown,False,False,1,0,5,0
540,1,0,1,0.2661047884561279,unknown,False,False,1,0,5,0
541,1,0,1,0.646817344456615,unknown,False,False,0,0,9,0
542,1,0,1,0.3566410158000429,unknown,False,False,1,0,7,0
543,1,0,1,0.47190708549286153,red,False,False,1,0,8,0
544,1,0,1,0.6781876685446042,unknown,False,False,0,0,6,0
545,0,0,0,0.4796901408316612,unknown,False,False,0,0,8,0
546,0,0,0,0.9046631364629983,unknown,False,False,0,0,6,0
547,0,1,1,1.3513230270790406,unknown,False,False,1,0,8,0
548,1,1,2,1.4270352070182506,unknown,False,False,0,0,9,0
549,1,0,1,1.1932332041839866,unknown,False,False,0,0,8,0
550,0,0,0,1.1458122131296287,unknown,False,False,0,0,11,0
551,0,0,0,0.9624413768317516,unknown,False,False,0,0,10,0
552,0,0,0,0.846126081172223,unknown,False,False,0,0,9,0
553,0,0,0,0.5725360249094706,unknown,False,False,0,0,9,0
554,0,0,0,1.002733301672435,unknown,False,False,0,0,11,0
555,0,0,0,1.3357340847939048,unknown,False,False,0,0,10,0
556,0,0,0,1.234564987380551,unknown,False,False,0,0,10,0
557,0,0,0,0.7639938166177778,unknown,False,False,0,0,8,0
558,1,0,1,0.6753330090449159,unknown,False,False,0,0,9,0
559,1,0,1,0.8926407043846215,unknown,False,False,1,0,7,0
560,0,0,0,1.2631010951940371,unknown,False,False,0,0,8,0
561,0,0,0,1.3547523317143895,unknown,False,False,0,0,6,0
562,0,0,0,0.8520700268872197,unknown,False,False,0,0,6,0
563,0,0,0,0.32760096709845593,unknown,False,False,0,0,7,0
564,0,0,0,0.31649015082472026,unknown,False,False,0,0,1,0
565,0,0,0,0.331839805608112,unknown,False,False,0,0,1,0
566,0,0,0,0.5279657690538511,unknown,False,False,0,0,0,0
567,0,0,0,0.0,unknown,False,False,0,0,0,0
568,0,0,0,0.0,unknown,False,False,0,0,0,0
569,0,0,0,0.0,unknown,False,False,0,0,0,0
570,0,0,0,0.0,unknown,False,False,0,0,0,0
571,0,0,0,0.0,unknown,False,False,0,0,0,0
572,0,0,0,0.0,unknown,False,False,0,0,0,0
573,0,0,0,0.0,unknown,False,False,0,0,0,0
574,0,0,0,0.0,unknown,False,False,0,0,0,0
575,0,0,0,0.0,unknown,False,False,1,0,0,1
576,1,0,1,0.0,unknown,False,False,0,0,0,0
577,1,0,1,0.0,unknown,False,False,0,0,0,0
578,0,0,0,0.0,unknown,False,False,0,0,0,0
579,0,0,0,0.0,unknown,False,False,0,0,0,0
580,0,0,0,0.0,unknown,False,False,0,0,0,0
581,0,0,0,0.0,unknown,False,False,0,0,0,0
582,0,0,0,0.0,unknown,False,False,0,0,0,0
583,0,0,0,0.0,unknown,False,False,1,0,0,0
584,1,0,1,0.0,unknown,False,False,1,0,0,0
585,1,0,1,0.0,unknown,False,False,0,0,0,0
586,0,0,0,0.0,unknown,False,False,0,0,0,0
587,0,0,0,0.0,unknown,False,False,0,0,0,0
588,0,0,0,0.0,unknown,False,False,0,0,0,0
589,0,0,0,0.0,unknown,False,False,1,0,0,1
590,1,0,1,0.0,unknown,False,False,1,0,0,0
591,2,0,2,0.0,unknown,False,False,1,0,0,1
592,1,1,2,0.0,unknown,False,False,1,0,0,0
593,1,0,1,0.0,unknown,False,False,0,0,0,0
594,1,0,1,0.0,unknown,False,False,1,0,0,0
595,2,0,2,0.0,unknown,False,False,1,0,0,0
596,1,0,1,0.0,unknown,False,False,0,0,0,0
597,0,0,0,0.0,unknown,False,False,0,0,0,0
598,0,0,0,0.0,unknown,False,False,0,0,0,0
599,0,0,0,0.0,unknown,False,False,0,0,0,0
600,0,0,0,0.0,unknown,False,False,0,0,0,0
601,0,0,0,0.0,unknown,False,False,0,0,0,0
602,0,0,0,0.0,unknown,False,False,0,0,0,0
603,1,0,1,0.0,unknown,False,False,1,0,0,0
604,2,0,2,0.0,unknown,False,False,3,0,0,0
605,1,1,2,0.0,unknown,False,False,3,0,0,0
606,3,0,3,0.1385467335063717,unknown,False,False,1,0,0,0
607,3,0,3,0.11649890374835899,unknown,False,False,2,0,0,1
608,3,0,3,0.0,unknown,False,False,2,0,0,0
609,1,1,2,0.0,unknown,False,False,2,0,0,0
610,2,0,2,0.0,unknown,False,False,1,0,0,1
611,2,0,2,0.0,unknown,False,False,1,0,0,1
612,3,0,3,0.0,unknown,False,False,3,0,0,0
613,1,2,3,0.0,unknown,False,False,1,0,0,0
614,3,1,4,0.0,unknown,False,False,2,0,0,0
615,2,0,2,0.0,unknown,False,False,1,0,0,1
616,3,0,3,0.0,unknown,False,False,1,0,0,0
617,1,0,1,0.0,unknown,False,False,0,0,0,0
618,0,0,0,0.0,unknown,False,False,0,0,0,0
619,0,0,0,0.0,unknown,False,False,0,0,0,0
620,0,0,0,0.0,unknown,False,False,0,0,0,0
621,0,0,0,0.0,unknown,False,False,0,0,0,0
622,0,0,0,0.0,unknown,False,False,0,0,0,0
623,0,0,0,0.0,unknown,False,False,0,0,0,0
624,0,0,0,0.0,unknown,False,False,0,0,0,0
625,1,0,1,0.0,unknown,False,False,1,0,0,0
626,0,1,1,0.0,unknown,False,False,1,0,0,0
627,1,0,1,0.0,unknown,False,False,1,0,0,0
628,1,0,1,0.0,unknown,False,False,0,0,0,0
629,0,0,0,0.0,unknown,False,False,0,0,0,0
630,0,0,0,0.0,unknown,False,False,0,0,0,0
631,0,0,0,0.0,unknown,False,False,1,0,0,1
632,1,0,1,0.0,unknown,False,False,0,0,0,0
633,1,0,1,0.0,unknown,False,False,2,0,0,0
634,2,0,2,0.0,unknown,False,False,2,0,0,1
635,2,0,2,0.0,unknown,False,False,0,0,0,0
636,1,0,1,0.0,unknown,False,False,0,0,0,0
637,0,0,0,0.0,unknown,False,False,0,0,0,0
638,0,0,0,1.077421434933394,unknown,False,False,0,0,0,0
639,0,0,0,0.8183140291377146,unknown,False,False,0,0,0,0
640,0,0,0,0.0,unknown,False,False,0,0,0,0
641,0,0,0,0.0,unknown,False,False,0,0,0,0
642,0,1,1,0.0,unknown,False,False,1,0,0,0
643,1,1,2,0.0,unknown,False,False,2,0,0,0
644,2,1,3,0.0,unknown,False,False,1,0,0,0
645,2,0,2,0.0,unknown,False,False,0,0,2,0
646,2,0,2,0.0,unknown,False,False,1,0,1,0
647,1,0,1,0.0,unknown,False,False,2,0,0,0
648,0,2,2,0.5063503920095851,unknown,False,False,2,0,1,0
649,2,0,2,0.5100922892652368,unknown,False,False,2,0,1,0
650,2,0,2,0.5565185669644594,unknown,False,False,0,0,1,0
651,0,0,0,0.5292703654154977,unknown,False,False,0,0,2,0
652,0,0,0,0.7099870717400064,unknown,False,False,0,0,6,0
653,0,0,0,0.8695449991524568,unknown,False,False,0,0,6,0
654,0,0,0,0.6710201678235683,unknown,False,False,0,0,4,0
655,0,0,0,0.7258032297706669,unknown,False,False,0,0,4,0
656,0,0,0,0.8524389968729772,unknown,False,False,1,0,5,0
657,0,1,1,0.845191801603117,unknown,False,False,1,0,4,0
658,2,1,3,0.8038873189681333,unknown,False,False,3,0,3,0
659,1,2,3,0.6808751992988916,unknown,False,False,4,0,5,0
660,4,1,5,0.5323860915028976,unknown,False,False,3,0,6,0
661,4,0,4,0.6764508421736013,unknown,False,False,3,0,6,0
662,3,0,3,0.7074836222815317,unknown,False,False,1,0,6,0
663,3,0,3,0.5539678161970688,unknown,False,False,1,0,4,0
664,1,0,1,0.6268330673244051,yellow,False,False,1,0,6,0
665,1,0,1,0.7242861048518852,unknown,False,False,1,0,4,0
666,2,0,2,0.5849314957216343,unknown,False,False,1,0,7,0
667,1,0,1,0.5147605044377062,unknown,False,False,1,0,7,0
668,1,0,1,0.5648857851319523,unknown,False,False,1,0,6,0
669,1,0,1,0.656391147186154,unknown,False,False,0,0,6,0
670,1,0,1,0.7079248655395128,unknown,False,False,3,0,6,0
671,1,1,2,0.6801691567001591,unknown,False,False,2,0,4,1
672,4,0,4,0.6372182660698008,unknown,False,False,2,0,3,0
673,2,0,2,0.713462239742918,unknown,False,False,0,0,3,0
674,1,0,1,0.6513609710991523,unknown,False,False,0,0,4,0
675,0,0,0,0.43964093986038466,unknown,False,False,0,0,1,0
676,0,0,0,0.6400104899815057,unknown,False,False,0,0,1,0
677,0,0,0,0.7588673652580241,unknown,False,False,0,0,1,0
678,1,0,1,0.7200342995258229,unknown,False,False,1,0,0,0
679,0,1,1,0.0,unknown,False,False,1,0,1,0
680,1,0,1,0.0,unknown,False,False,1,0,0,0
681,2,0,2,0.0,unknown,False,False,1,0,0,1
682,2,0,2,0.0,unknown,False,False,0,0,0,0
683,1,0,1,0.0,unknown,False,False,0,0,0,0
684,0,0,0,0.0,unknown,False,False,0,0,0,0
685,0,0,0,0.0,unknown,False,False,0,0,0,0
686,0,0,0,0.0,unknown,False,False,0,0,0,0
687,0,0,0,0.0,unknown,False,False,1,0,0,0
688,1,0,1,0.0,unknown,False,False,0,0,0,0
689,0,0,0,0.0,unknown,False,False,0,0,0,0
690,0,0,0,0.0,unknown,False,False,0,0,0,0
691,0,0,0,0.0,unknown,False,False,1,0,0,0
692,0,1,1,0.0,unknown,False,False,1,0,0,0
693,2,0,2,0.0,unknown,False,False,1,0,0,0
694,1,0,1,0.0,unknown,False,False,0,0,0,0
695,1,0,1,0.0,unknown,False,False,1,0,0,0
696,1,0,1,0.0,unknown,False,False,1,0,0,1
697,1,1,2,0.0,unknown,False,False,1,0,0,0
698,1,0,1,0.0,unknown,False,False,1,0,0,0
699,1,0,1,0.0,unknown,False,False,0,0,0,0
700,0,0,0,0.0,unknown,False,False,0,0,0,0
701,0,0,0,0.0,unknown,False,False,0,0,0,0
702,0,0,0,0.0,unknown,False,False,0,0,0,0
703,0,0,0,0.0,unknown,False,False,0,0,0,0
704,0,0,0,0.0,unknown,False,False,1,0,0,0
705,2,0,2,0.0,unknown,False,False,1,0,0,0
706,2,1,3,0.0,unknown,False,False,2,0,0,0
707,2,0,2,0.0,unknown,False,False,0,0,0,0
708,2,0,2,0.0,unknown,False,False,0,0,0,0
709,0,0,0,0.0,unknown,False,False,0,0,0,0
710,0,0,0,0.0,unknown,False,False,0,0,0,0
711,1,0,1,0.0,unknown,False,False,1,0,0,0
712,0,1,1,0.0,unknown,False,False,1,0,0,0
713,1,0,1,0.0,unknown,False,False,0,0,0,0
714,1,0,1,0.0,unknown,False,False,0,0,0,0
715,0,0,0,0.0,unknown,False,False,0,0,0,0
716,0,0,0,0.0,unknown,False,False,0,0,0,0
717,0,0,0,0.0,unknown,False,False,0,0,0,0
718,0,0,0,0.0,unknown,False,False,0,0,0,0
719,0,0,0,0.0,unknown,False,False,0,0,0,0
720,0,0,0,0.0,unknown,False,False,0,0,0,0
721,0,0,0,0.0,unknown,False,False,0,0,0,0
722,0,0,0,0.0,unknown,False,False,1,0,0,0
723,1,0,1,0.0,unknown,False,False,1,0,0,0
724,1,0,1,0.0,unknown,False,False,0,0,0,0
725,0,0,0,0.0,unknown,False,False,0,0,0,0
726,0,0,0,0.0,unknown,False,False,0,0,0,0
727,0,0,0,0.0,unknown,False,False,0,0,0,0
728,0,0,0,0.0,unknown,False,False,0,0,0,0
729,0,0,0,0.0,unknown,False,False,0,0,0,0
730,0,0,0,0.0,unknown,False,False,0,0,0,0
731,0,0,0,0.0,unknown,False,False,0,0,0,0
732,0,0,0,0.0,unknown,False,False,0,0,0,0
733,0,0,0,0.0,unknown,False,False,0,0,0,0
734,0,0,0,0.0,unknown,False,False,0,0,0,0
735,0,0,0,0.0,unknown,False,False,0,0,0,0
736,0,0,0,0.0,unknown,False,False,0,0,0,0
737,0,0,0,0.0,unknown,False,False,0,0,0,0
738,0,0,0,0.0,unknown,False,False,0,0,0,0
739,0,0,0,0.0,unknown,False,False,0,0,0,0
740,0,0,0,0.0,unknown,False,False,0,0,0,0
741,0,0,0,0.0,unknown,False,False,0,0,0,0
742,0,0,0,0.0,unknown,False,False,1,0,0,0
743,0,0,0,0.0,unknown,False,False,1,0,0,0
744,1,1,2,0.0,red,False,False,1,0,0,0
745,0,1,1,0.0,unknown,False,False,4,0,0,0
746,2,2,4,0.0,unknown,False,False,3,0,0,0
747,6,1,7,0.0,unknown,False,False,2,0,0,0
748,4,0,4,0.0,unknown,False,False,0,0,1,0
749,0,0,0,0.0,unknown,False,False,0,0,0,0
750,0,0,0,0.0,unknown,False,False,0,0,0,0
751,0,0,0,0.0,unknown,False,False,0,0,0,0
752,0,0,0,0.0,unknown,False,False,0,0,0,0
753,0,0,0,0.0,unknown,False,False,0,0,0,0
754,0,0,0,0.0,unknown,False,False,0,0,0,0
755,2,0,2,0.0,unknown,False,False,3,0,0,1
756,3,0,3,0.0,unknown,False,False,2,0,0,0
757,3,0,3,0.0,unknown,False,False,0,0,0,0
758,1,0,1,0.0,unknown,False,False,1,0,0,0
759,2,1,3,0.0,unknown,False,False,2,0,0,0
760,4,0,4,0.0,unknown,False,False,2,0,0,0
761,2,0,2,0.0,unknown,False,False,1,0,0,0
762,1,0,1,0.0,unknown,False,False,0,0,0,0
763,0,0,0,0.0,unknown,False,False,0,0,0,0
764,0,0,0,0.0,unknown,False,False,1,0,0,0
765,1,0,1,0.0,unknown,False,False,0,0,0,0
766,0,0,0,0.0,unknown,False,False,0,0,0,0
767,0,0,0,0.0,unknown,False,False,0,0,0,0
768,0,0,0,0.0,unknown,False,False,0,0,0,0
769,0,0,0,0.0,unknown,False,False,0,0,0,0
770,0,0,0,0.0,unknown,False,False,0,0,0,0
771,0,0,0,0.0,unknown,False,False,1,0,0,0
772,1,0,1,0.0,unknown,False,False,0,0,0,0
773,1,0,1,0.0,unknown,False,False,1,0,0,0
774,0,0,0,0.0,unknown,False,False,1,0,0,1
775,1,0,1,0.0,unknown,False,False,0,0,0,0
776,1,0,1,0.0,unknown,False,False,0,0,0,0
777,0,0,0,0.0,unknown,False,False,0,0,0,0
778,0,0,0,0.0,unknown,False,False,0,0,0,0
779,0,0,0,0.0,unknown,False,False,0,0,0,0
780,0,0,0,0.0,unknown,False,False,0,0,0,0
781,0,0,0,0.0,unknown,False,False,0,0,0,0
782,0,0,0,0.0,unknown,False,False,0,0,0,0
783,0,0,0,0.0,unknown,False,False,0,0,0,0
784,0,0,0,0.0,unknown,False,False,0,0,0,0
785,1,0,1,0.0,unknown,False,False,1,0,0,0
786,1,0,1,0.0,unknown,False,False,1,0,0,0
787,0,1,1,0.0,unknown,False,False,1,0,0,0
788,1,0,1,0.0,unknown,False,False,1,0,0,0
789,1,0,1,0.0,yellow,False,False,0,0,0,0
790,0,0,0,0.0,unknown,False,False,0,0,0,0
791,0,0,0,0.0,unknown,False,False,1,0,0,0
792,0,1,1,0.0,unknown,False,False,1,0,0,1
793,1,0,1,0.0,unknown,False,False,0,0,0,0
794,1,0,1,0.0,unknown,False,False,0,0,0,0
795,0,0,0,0.0,unknown,False,False,0,0,0,0
796,0,0,0,0.0,unknown,False,False,0,0,0,0
797,0,0,0,0.0,unknown,False,False,0,0,0,0
798,0,0,0,0.0,unknown,False,False,1,0,0,0
799,0,1,1,0.0,unknown,False,False,1,0,0,0
800,2,0,2,0.0,unknown,False,False,1,0,0,0
801,1,0,1,0.0,unknown,False,False,0,0,0,0
802,0,0,0,0.0,unknown,False,False,0,0,0,0
803,0,0,0,0.0,unknown,False,False,0,0,0,0
804,0,0,0,0.0,unknown,False,False,0,0,0,0
805,0,0,0,0.0,unknown,False,False,0,0,0,0
806,0,0,0,0.0,unknown,False,False,0,0,0,0
807,0,0,0,0.0,unknown,False,False,0,0,0,0
808,0,0,0,0.0,unknown,False,False,0,0,0,0
809,0,0,0,0.0,unknown,False,False,1,0,0,0
810,1,0,1,0.0,unknown,False,False,1,0,0,0
811,1,0,1,0.0,unknown,False,False,1,0,0,0
812,1,1,2,0.9430088523838217,unknown,False,False,2,0,0,0
813,2,1,3,0.0,unknown,False,False,2,0,1,1
814,2,0,2,0.0,unknown,False,False,1,0,0,1
815,1,0,1,0.0,unknown,False,False,1,0,0,1
816,1,0,1,0.0,unknown,False,False,1,0,0,1
817,2,0,2,0.0,unknown,False,False,2,0,0,1
818,2,0,2,0.0,unknown,False,False,3,0,1,2
819,2,1,3,0.0,unknown,False,False,1,0,1,0
820,2,0,2,0.0,unknown,False,False,1,0,0,1
821,1,0,1,0.0,unknown,False,False,1,0,2,1
822,1,0,1,0.4063685664805178,unknown,False,False,1,0,2,0
823,1,0,1,0.8610154970873161,unknown,False,False,1,0,0,0
824,1,0,1,0.3683966241049865,unknown,False,False,1,0,5,0
825,1,0,1,0.34899435514950194,unknown,False,False,1,0,2,0
826,2,0,2,0.37542064661873714,unknown,False,False,1,0,1,0
827,2,0,2,0.3545613625113394,unknown,False,False,2,0,2,0
828,2,1,3,0.39982178052265843,unknown,False,False,2,0,3,0
829,3,0,3,0.4046685671379602,unknown,False,False,2,0,1,1
830,2,1,3,0.33800057234975484,unknown,False,False,2,0,1,0
831,2,0,2,0.4454953546517048,unknown,False,False,1,0,0,0
832,2,0,2,0.48081107887973484,unknown,False,False,2,0,2,1
833,1,0,1,0.830140834883,unknown,False,False,3,0,2,1
834,2,0,2,0.9326064780249322,unknown,False,False,1,0,3,0
835,3,0,3,0.3272153481253926,unknown,False,False,1,0,3,0
836,1,0,1,0.2713847472260156,unknown,False,False,1,0,2,0
837,1,0,1,0.23197167909374994,unknown,False,False,1,0,3,0
838,2,0,2,0.17244189029809417,unknown,False,False,2,0,0,0
839,2,0,2,0.1170475622757158,unknown,False,False,2,0,2,1
840,3,0,3,0.11177870690501937,unknown,False,False,2,0,0,0
841,2,0,2,0.0,unknown,False,False,1,0,0,0
842,1,0,1,0.0,unknown,False,False,1,0,0,0
843,1,0,1,0.0,unknown,False,False,3,0,0,0
844,1,0,1,0.0,unknown,False,False,1,0,0,0
845,1,0,1,0.0,unknown,False,False,1,0,0,0
846,1,0,1,0.0,unknown,False,False,1,0,0,0
847,1,0,1,0.0,unknown,False,False,1,0,0,0
848,1,0,1,0.0,unknown,False,False,2,0,0,0
849,1,0,1,0.0,unknown,False,False,2,0,0,0
850,1,0,1,0.0,unknown,False,False,1,0,0,0
851,1,0,1,0.0,unknown,False,False,1,0,0,0
852,1,0,1,0.0,unknown,False,False,1,0,0,0
853,1,0,1,0.02499317517617558,unknown,False,False,0,0,0,0
854,1,0,1,0.008433595035463952,unknown,False,False,0,0,0,0
855,0,0,0,0.0,unknown,False,False,1,0,0,0
856,1,0,1,0.0,unknown,False,False,1,0,2,0
857,1,0,1,0.08549757894205245,unknown,False,False,1,0,0,0
858,1,0,1,0.15134085208143977,unknown,False,False,1,0,2,0
859,1,0,1,0.18560693481380838,unknown,False,False,1,0,1,0
860,1,0,1,0.5733948076365138,unknown,False,False,0,0,1,0
861,1,0,1,0.6957440053817363,green,False,False,1,0,2,0
862,1,0,1,1.229043661838594,unknown,False,False,0,0,1,0
863,1,0,1,1.0147224436810318,unknown,False,False,0,0,1,0
864,1,0,1,0.10594345318296745,unknown,False,False,0,0,0,0
865,1,0,1,0.18163012640713805,unknown,False,False,1,0,2,0
866,1,0,1,0.1562132945430727,unknown,False,False,0,0,1,0
867,0,0,0,0.2048280255816919,unknown,False,False,0,0,0,0
868,0,0,0,0.0,unknown,False,False,0,0,0,0
869,0,0,0,0.22076403384027013,unknown,False,False,1,0,1,0
870,1,0,1,0.04229635259722654,unknown,False,False,1,0,0,0
871,1,0,1,0.0,unknown,False,False,1,0,0,0
872,1,0,1,0.0,unknown,False,False,0,0,0,0
873,0,0,0,0.10130088138456206,unknown,False,False,1,0,0,0
874,2,0,2,0.042962816848510464,unknown,False,False,2,0,0,0
875,2,0,2,0.0,unknown,False,False,2,0,0,1
876,1,1,2,0.0,unknown,False,False,2,0,0,1
877,2,0,2,0.0,unknown,False,False,2,0,0,0
878,2,0,2,0.0,unknown,False,False,1,0,0,0
879,1,0,1,0.0,unknown,False,False,0,0,0,0
880,1,0,1,0.0,unknown,False,False,1,0,0,0
881,1,0,1,0.0,unknown,False,False,1,0,0,0
882,1,0,1,0.0,unknown,False,False,0,0,0,0
883,1,0,1,0.0,unknown,False,False,1,0,0,0
884,1,0,1,0.0,unknown,False,False,1,0,0,0
885,1,0,1,0.0,unknown,False,False,1,0,0,0
886,1,0,1,0.0,unknown,False,False,1,0,0,0
887,1,0,1,0.0,unknown,False,False,1,0,0,0
888,1,0,1,0.6053880274662307,unknown,False,False,1,0,2,0
889,1,0,1,0.736079159763129,unknown,False,False,1,0,0,0
890,1,0,1,0.8742485657777013,unknown,False,False,1,0,1,0
891,1,0,1,0.0,unknown,False,False,1,0,0,0
892,1,0,1,1.4054932851874464,unknown,False,False,1,0,1,0
893,1,0,1,0.06664517639983654,unknown,False,False,0,0,0,0
894,1,0,1,0.009546476354145168,unknown,False,False,1,0,1,0
895,1,0,1,0.0,unknown,False,False,0,0,0,0
896,0,0,0,0.0,unknown,False,False,0,0,1,0
897,0,0,0,0.0,unknown,False,False,0,0,2,0
898,0,0,0,0.0,unknown,False,False,0,0,0,0
899,0,0,0,0.0,unknown,False,False,0,0,0,0
900,1,0,1,0.0,unknown,False,False,1,0,0,0
901,2,0,2,0.16132977656850764,unknown,False,False,1,0,0,0
902,1,1,2,0.15777551049416308,unknown,False,False,1,0,0,0
903,2,1,3,0.13939292991873334,unknown,False,False,2,0,1,0
904,2,0,2,0.1710660763865441,unknown,False,False,2,0,4,0
905,2,0,2,0.24479284953560204,unknown,False,False,1,0,4,0
906,2,0,2,0.29841550056703725,unknown,False,False,1,0,3,0
907,1,0,1,0.27424262377495856,unknown,False,False,1,0,3,0
908,1,0,1,0.3246406456585603,unknown,False,False,1,0,3,0
909,1,0,1,0.5194216419555309,unknown,False,False,0,0,2,0
910,1,0,1,0.8100054694162987,unknown,False,False,1,0,2,0
911,1,0,1,0.7714914285034175,unknown,False,False,0,0,2,0
912,1,0,1,0.6124917008766289,unknown,False,False,1,0,3,0
913,1,0,1,0.7106307831895048,unknown,False,False,0,0,5,0
914,2,0,2,0.7831298882063128,unknown,False,False,1,0,0,0
915,1,0,1,0.0,unknown,False,False,1,0,0,0
916,1,0,1,0.21025223310290156,unknown,False,False,1,0,0,0
917,1,0,1,0.08995897118589549,unknown,False,False,0,0,0,0
918,1,0,1,0.0,unknown,False,False,0,0,0,0
919,1,0,1,0.0,unknown,False,False,1,0,0,0
920,1,0,1,0.13410209627439112,unknown,False,False,1,0,1,0
921,1,0,1,0.0,unknown,False,False,1,0,0,0
922,1,0,1,0.0,unknown,False,False,1,0,0,0
923,1,0,1,0.9220631171039547,unknown,False,False,1,0,0,0
924,2,0,2,0.0,unknown,False,False,1,0,0,0
925,2,0,2,0.0,unknown,False,False,1,0,0,0
926,1,0,1,0.07446034597739482,unknown,False,False,1,0,1,0
927,1,0,1,0.11709847850228366,unknown,False,False,1,0,0,0
928,1,0,1,0.0,unknown,False,False,1,0,0,0
929,1,0,1,0.0,unknown,False,False,1,0,0,0
930,1,0,1,0.0,unknown,False,False,1,0,0,0
931,1,0,1,0.0,unknown,False,False,1,0,0,0
932,1,0,1,0.0,unknown,False,False,1,0,0,0
933,1,0,1,0.0,unknown,False,False,1,0,0,1
934,2,0,2,0.0,unknown,False,False,2,0,0,3
935,2,0,2,0.0,unknown,False,False,2,0,1,2
936,2,1,3,0.0,unknown,False,False,2,0,1,2
937,3,0,3,0.13803430667076189,unknown,False,False,2,0,0,2
938,2,0,2,0.09768798595462712,unknown,False,False,2,0,0,3
939,2,0,2,0.0,unknown,False,False,2,0,0,1
940,1,0,1,0.0,unknown,False,False,1,0,0,1
941,1,0,1,0.0,unknown,False,False,1,0,0,1
942,1,0,1,0.0,unknown,False,False,1,0,0,1
943,1,0,1,0.0,unknown,False,False,0,0,0,0
944,1,0,1,0.0,unknown,False,False,0,0,0,0
945,0,0,0,0.0,unknown,False,False,0,0,0,0
946,0,0,0,0.0,unknown,False,False,0,0,0,0
947,1,0,1,0.0,unknown,False,False,1,0,0,1
948,1,0,1,0.0,unknown,False,False,1,0,0,0
949,0,0,0,0.0,unknown,False,False,0,0,0,0
950,0,0,0,0.0,unknown,False,False,0,0,0,0
951,0,0,0,0.0,unknown,False,False,0,0,0,0
952,0,0,0,0.0,unknown,False,False,0,0,0,0
953,0,0,0,0.0,unknown,False,False,0,0,0,0
954,0,0,0,0.0,unknown,False,False,0,0,0,0
955,0,0,0,0.0,unknown,False,False,0,0,0,0
956,0,0,0,0.0,unknown,False,False,0,0,0,0
957,0,0,0,0.0,unknown,False,False,0,0,0,0
958,0,0,0,0.0,unknown,False,False,1,0,0,0
959,0,1,1,0.0,unknown,False,False,1,0,0,0
960,1,0,1,0.0,unknown,False,False,1,0,0,0
961,1,0,1,0.0,unknown,False,False,0,0,0,0
962,0,0,0,0.0,unknown,False,False,0,0,0,0
963,0,0,0,0.0,unknown,False,False,0,0,0,0
964,0,0,0,0.0,unknown,False,False,0,0,0,0
965,0,0,0,0.0,unknown,False,False,0,0,0,0
966,0,0,0,0.0,unknown,False,False,0,0,0,0
967,0,0,0,0.0,unknown,False,False,0,0,0,0
968,0,0,0,0.0,unknown,False,False,0,0,0,0
969,0,0,0,0.0,unknown,False,False,0,0,0,0
970,0,0,0,0.0,unknown,False,False,0,0,0,0
971,0,0,0,0.0,unknown,False,False,0,0,0,0
972,0,0,0,0.0,unknown,False,False,0,0,0,0
973,0,0,0,0.0,unknown,False,False,0,0,0,0
974,0,0,0,0.0,unknown,False,False,0,0,0,0
975,0,0,0,0.0,unknown,False,False,0,0,0,0
976,0,0,0,0.0,unknown,False,False,0,0,0,0
977,0,0,0,0.0,unknown,False,False,0,0,0,0
978,0,0,0,0.0,unknown,False,False,0,0,0,0
979,0,0,0,0.0,unknown,False,False,0,0,0,0
980,0,0,0,0.0,unknown,False,False,0,0,0,0
981,0,0,0,0.0,unknown,False,False,0,0,0,0
982,0,0,0,0.0,unknown,False,False,0,0,0,0
983,0,0,0,0.0,unknown,False,False,0,0,0,0
984,0,0,0,0.0,unknown,False,False,0,0,0,0
985,0,0,0,0.0,unknown,False,False,0,0,0,0
986,0,0,0,0.0,unknown,False,False,0,0,0,0
987,0,0,0,0.0,unknown,False,False,0,0,0,0
988,0,0,0,0.0,unknown,False,False,0,0,0,0
989,1,0,1,0.0,unknown,False,False,2,0,0,0
990,1,0,1,0.0,unknown,False,False,1,0,0,0
991,1,0,1,0.0,unknown,False,False,0,0,0,0
992,0,0,0,0.0,unknown,False,False,0,0,0,0
993,0,0,0,0.0,unknown,False,False,0,0,0,0
994,0,0,0,0.0,unknown,False,False,1,0,0,0
995,1,0,1,0.0,unknown,False,False,2,0,0,1
996,2,0,2,0.0,unknown,False,False,2,0,0,2
997,3,0,3,0.0,unknown,False,False,0,0,0,0
998,1,0,1,0.0,unknown,False,False,0,0,0,0
999,0,0,0,0.0,unknown,False,False,0,0,2,0
1000,0,0,0,0.9609899429805936,unknown,False,False,0,0,1,0
1001,0,0,0,1.5061850897865239,unknown,False,False,0,0,1,0
1002,0,0,0,0.9971810179065104,unknown,False,False,0,0,1,0
1003,0,0,0,0.8605725591554267,unknown,False,False,0,0,0,0
1004,0,0,0,0.0,unknown,False,False,0,0,0,0
1005,0,0,0,0.0,unknown,False,False,1,0,0,1
1006,0,0,0,0.0,unknown,False,False,0,0,0,0
1007,0,0,0,0.0,unknown,False,False,0,0,0,0
1008,0,0,0,0.0,unknown,False,False,0,0,0,0
1009,0,0,0,0.0,unknown,False,False,0,0,0,0
1010,0,0,0,0.0,unknown,False,False,0,0,0,0
1011,0,1,1,0.0,unknown,False,False,1,0,0,0
1012,1,1,2,0.0,unknown,False,False,1,0,0,0
1013,1,0,1,0.0,unknown,False,False,0,0,0,0
1014,1,0,1,0.0,unknown,False,False,0,0,0,0
1015,0,0,0,0.0,unknown,False,False,0,0,0,0
1016,0,0,0,0.0,unknown,False,False,0,0,0,0
1017,0,0,0,0.0,unknown,False,False,0,0,0,0
1018,0,0,0,0.0,unknown,False,False,0,0,0,0
1019,0,0,0,0.0,unknown,False,False,0,0,0,0
1020,0,0,0,0.0,unknown,False,False,1,0,0,0
1021,0,0,0,0.0,unknown,False,False,0,0,1,0
1022,0,0,0,0.5431552112623689,unknown,False,False,0,0,2,0
1023,0,0,0,0.6938129701911568,unknown,False,False,0,0,1,0
1024,0,0,0,0.6594366567629006,unknown,False,False,0,0,0,0
1025,0,0,0,0.7574010841398537,unknown,False,False,0,0,0,0
1026,0,0,0,0.8261183403096198,unknown,False,False,0,0,0,0
1027,0,0,0,0.0,unknown,False,False,0,0,0,0
1028,0,0,0,0.0,unknown,False,False,0,0,0,0
1029,0,0,0,0.0,unknown,False,False,0,0,0,0
1030,0,0,0,0.0,unknown,False,False,0,0,0,0
1031,0,0,0,0.0,unknown,False,False,0,0,0,0
1032,0,0,0,0.0,unknown,False,False,0,0,0,0
1033,0,0,0,0.0,unknown,False,False,0,0,0,0
1034,0,0,0,0.0,unknown,False,False,0,0,0,0
1035,0,0,0,0.0,unknown,False,False,0,0,0,0
1036,0,0,0,0.0,unknown,False,False,0,0,0,0
1037,0,0,0,0.0,unknown,False,False,0,0,0,0
1038,0,0,0,0.0,unknown,False,False,0,0,0,0
1039,0,0,0,0.0,unknown,False,False,0,0,0,0
1040,1,0,1,0.0,unknown,False,False,1,0,0,1
1041,2,0,2,0.0,unknown,False,False,1,0,0,0
1042,1,0,1,0.0,unknown,False,False,0,0,0,0
1043,1,0,1,0.0,unknown,False,False,1,0,0,1
1044,2,0,2,0.0,unknown,False,False,1,0,0,0
1045,1,0,1,0.0,unknown,False,False,0,0,0,0
1046,0,0,0,0.0,unknown,False,False,0,0,0,0
1047,0,0,0,0.0,unknown,False,False,0,0,0,0
1048,0,0,0,0.0,unknown,False,False,0,0,0,0
1049,0,0,0,0.0,unknown,False,False,0,0,0,0
1050,1,0,1,0.0,unknown,False,False,1,0,0,0
1051,1,0,1,0.0,unknown,False,False,0,0,0,0
1052,0,0,0,0.0,unknown,False,False,0,0,0,0
1053,0,0,0,0.0,unknown,False,False,0,0,0,0
1054,0,0,0,0.0,unknown,False,False,0,0,0,0
1055,0,0,0,0.0,unknown,False,False,0,0,0,0
1056,0,0,0,0.7039364881851425,unknown,False,False,0,0,0,0
1057,0,0,0,0.6208433826502733,unknown,False,False,0,0,0,0
1058,0,0,0,0.0,unknown,False,False,0,0,0,0
1059,0,0,0,0.0,unknown,False,False,0,0,0,0
1060,0,0,0,0.0,unknown,False,False,0,0,0,0
1061,0,0,0,0.0,unknown,False,False,0,0,0,0
1062,0,0,0,0.0,unknown,False,False,0,0,0,0
1063,0,0,0,0.0,unknown,False,False,0,0,0,0
1064,0,0,0,0.0,unknown,False,False,0,0,0,0
1065,0,0,0,0.0,unknown,False,False,0,0,0,0
1066,0,0,0,0.0,unknown,False,False,0,0,0,0
1067,0,0,0,0.0,unknown,False,False,0,0,0,0
1068,0,0,0,0.0,unknown,False,False,0,1,3,0
1069,0,0,0,0.0,unknown,False,False,0,0,2,0
1070,0,0,0,0.707397310612329,unknown,False,False,0,0,0,0
1071,0,0,0,0.43045262513682225,unknown,False,False,0,0,6,0
1072,0,0,0,0.6318193944930929,unknown,False,False,0,0,3,0
1073,0,0,0,0.6767977506681848,unknown,False,False,0,0,7,0
1074,0,0,0,0.7108650750287432,unknown,False,False,0,0,8,0
1075,0,0,0,0.683808079031562,unknown,False,False,0,0,0,0
1076,0,0,0,0.5138884272523634,unknown,False,False,0,0,0,0
1077,0,0,0,0.0,unknown,False,False,0,0,0,0
1078,0,0,0,0.0,unknown,False,False,0,0,0,0
1079,0,0,0,0.0,unknown,False,False,0,0,0,0
1080,0,0,0,0.0,unknown,False,False,0,0,0,0
1081,0,0,0,0.0,unknown,False,False,0,0,0,0
1082,0,0,0,0.0,unknown,False,False,0,0,0,0
1083,0,0,0,0.0,unknown,False,False,0,0,0,0
1084,0,0,0,0.0,unknown,False,False,0,0,0,0
1085,0,0,0,0.0,unknown,False,False,0,0,0,0
1086,0,0,0,0.0,unknown,False,False,0,0,0,0
1087,0,0,0,0.0,unknown,False,False,0,0,0,0
1088,0,0,0,0.0,unknown,False,False,0,0,0,0
1089,0,0,0,0.0,unknown,False,False,0,0,0,0
1090,0,0,0,0.0,unknown,False,False,0,0,0,0
1091,0,0,0,0.0,unknown,False,False,1,0,0,1
1092,0,0,0,0.0,unknown,False,False,0,0,0,0
1093,0,0,0,0.0,unknown,False,False,0,0,0,0
1094,0,0,0,0.0,unknown,False,False,0,0,0,0
1095,0,0,0,0.0,unknown,False,False,0,0,0,0
1096,0,0,0,0.0,unknown,False,False,0,0,0,0
1097,1,0,1,0.0,unknown,False,False,1,0,0,0
1098,1,0,1,0.08368504881379583,unknown,False,False,1,0,0,1
1099,1,0,1,0.02934370274095756,unknown,False,False,1,0,0,0
1100,1,0,1,0.0,unknown,False,False,1,0,0,0
1101,0,0,0,0.0,unknown,False,False,0,0,0,0
1102,0,0,0,0.0,unknown,False,False,0,0,1,0
1103,0,0,0,0.0,unknown,False,False,0,0,0,0
1104,0,0,0,0.0,unknown,False,False,0,0,1,0
1105,0,0,0,0.0,unknown,False,False,0,0,0,0
1106,0,0,0,0.3751702488313528,unknown,False,False,0,0,0,0
1107,0,0,0,0.19406988343778822,unknown,False,False,0,0,0,0
1108,0,0,0,0.0,unknown,False,False,0,0,1,0
1109,0,0,0,0.0,unknown,False,False,0,0,1,0
1110,0,0,0,0.31610395312377026,unknown,False,False,0,0,0,0
1111,0,0,0,0.3047145690682508,unknown,False,False,0,0,0,0
1112,0,0,0,0.0,unknown,False,False,0,0,0,0
1113,0,0,0,0.0,unknown,False,False,0,0,0,0
1114,0,0,0,0.0,unknown,False,False,0,0,0,0
1115,0,0,0,0.0,unknown,False,False,0,0,0,0
1116,0,0,0,0.0,unknown,False,False,0,0,0,0
1117,0,0,0,0.0,unknown,False,False,0,0,0,0
1118,2,0,2,0.0,unknown,False,False,1,0,0,0
1119,2,0,2,0.0,unknown,False,False,1,0,0,0
1120,1,0,1,0.0,unknown,False,False,0,0,0,0
1121,0,0,0,0.0,unknown,False,False,0,0,0,0
1122,0,0,0,0.0,unknown,False,False,1,0,0,0
1123,1,0,1,0.0,unknown,False,False,1,0,0,0
1124,0,1,1,0.0,unknown,False,False,1,0,0,0
1125,1,0,1,0.0,unknown,False,False,1,0,0,0
1126,2,0,2,0.0,unknown,False,False,1,0,0,0
1127,2,0,2,0.0,unknown,False,False,1,0,0,0
1128,0,1,1,0.0,unknown,False,False,1,0,0,0
1129,1,0,1,0.0,unknown,False,False,0,0,0,0
1130,1,0,1,0.0,unknown,False,False,0,0,0,0
1131,1,0,1,0.0,unknown,False,False,0,0,0,0
1132,0,0,0,0.0,unknown,False,False,0,0,0,0
1133,0,0,0,0.0,unknown,False,False,0,0,0,0
1134,1,0,1,0.0,unknown,False,False,1,0,0,1
1135,2,0,2,0.0,unknown,False,False,1,0,0,0
1136,1,0,1,0.0,unknown,False,False,0,0,0,0
1137,1,0,1,0.0,unknown,False,False,0,0,0,0
1138,0,0,0,0.0,unknown,False,False,1,0,0,1
1139,1,1,2,0.0,unknown,False,False,1,0,0,0
1140,1,0,1,0.0,unknown,False,False,0,0,0,0
1141,0,0,0,0.0,unknown,False,False,0,0,0,0
1142,0,0,0,0.0,unknown,False,False,0,0,0,0
1143,0,0,0,0.0,unknown,False,False,0,0,0,0
1144,0,0,0,0.0,unknown,False,False,0,0,0,0
1145,0,0,0,0.0,unknown,False,False,0,0,0,0
1146,0,0,0,0.0,unknown,False,False,0,0,0,0
1147,1,0,1,0.0,unknown,False,False,1,0,0,0
1148,0,1,1,0.0,unknown,False,False,1,0,0,0
1149,1,0,1,1.039987191277321,unknown,False,False,0,0,1,0
1150,1,0,1,0.9943106812225463,unknown,False,False,0,0,1,0
1151,0,0,0,0.9188484912075932,unknown,False,False,0,0,0,0
1152,0,0,0,0.0,unknown,False,False,0,0,0,0
1153,0,0,0,0.0,unknown,False,False,0,0,0,0
1154,0,0,0,0.0,unknown,False,False,0,0,0,0
1155,0,0,0,0.0,unknown,False,False,0,0,0,0
1156,0,0,0,0.0,unknown,False,False,0,0,0,0
1157,0,0,0,0.0,unknown,False,False,0,0,0,0
1158,0,0,0,0.0,unknown,False,False,0,0,0,0
1159,0,0,0,0.0,unknown,False,False,0,0,0,0
1160,0,0,0,0.0,unknown,False,False,0,0,0,0
1161,0,0,0,0.0,unknown,False,False,0,0,0,0
1162,0,0,0,0.0,unknown,False,False,0,0,0,0
1163,0,0,0,0.0,unknown,False,False,0,0,0,0
1164,0,0,0,0.0,unknown,False,False,0,0,0,0
1165,0,0,0,0.0,unknown,False,False,0,0,0,0
1166,0,0,0,0.0,unknown,False,False,0,0,0,0
1167,0,0,0,0.0,unknown,False,False,0,0,0,0
1168,0,0,0,0.0,unknown,False,False,0,0,0,0
1169,0,0,0,0.0,unknown,False,False,0,0,1,0
1170,0,0,0,0.0632285223623655,unknown,False,False,0,0,0,0
1171,0,0,0,0.0,unknown,False,False,0,0,0,0
1172,0,0,0,0.0,unknown,False,False,0,0,0,0
1173,0,0,0,0.0,unknown,False,False,0,0,0,0
1174,0,0,0,0.0,unknown,False,False,0,0,0,0
1175,0,0,0,0.0,unknown,False,False,0,0,0,0
1176,0,0,0,0.0,unknown,False,False,0,0,0,0
1177,0,0,0,1.2624548670777376,unknown,False,False,0,0,2,0
1178,0,0,0,1.226461941946268,unknown,False,False,1,0,0,0
1179,2,0,2,0.0,unknown,False,False,2,0,2,1
1180,4,1,5,1.6449561435348288,unknown,False,False,3,0,5,0
1181,3,0,3,0.8453090140919722,unknown,False,False,2,0,6,0
1182,1,1,2,0.5728076772258686,unknown,False,False,2,0,2,0
1183,1,0,1,0.4606562417281914,unknown,False,False,1,0,0,0
1184,1,0,1,0.0,unknown,False,False,1,0,0,0
1185,1,0,1,0.0,unknown,False,False,0,0,0,0
1186,2,0,2,0.0,unknown,False,False,1,0,0,0
1187,1,0,1,0.0,unknown,False,False,1,0,0,0
1188,0,1,1,0.0,unknown,False,False,1,0,0,0
1189,1,0,1,0.0,unknown,False,False,1,0,0,0
1190,1,0,1,0.0,unknown,False,False,0,0,0,0
1191,1,0,1,0.0,unknown,False,False,1,0,0,0
1192,0,1,1,0.0,unknown,False,False,1,1,0,0
1193,1,0,1,0.0,unknown,False,False,1,0,0,0
1194,1,0,1,0.0,unknown,False,False,0,0,0,0
1195,1,0,1,0.0,unknown,False,False,0,0,0,0
1196,0,0,0,0.0,unknown,False,False,0,0,0,0
1197,0,0,0,0.0,unknown,False,False,0,0,0,0
1198,0,0,0,0.0,unknown,False,False,0,0,0,0
1199,0,0,0,0.0,unknown,False,False,0,0,0,0
1200,0,0,0,0.0,unknown,False,False,0,0,0,0
1201,0,0,0,0.0,unknown,False,False,0,0,0,0
1202,0,0,0,0.0,unknown,False,False,0,0,0,0
1203,0,0,0,0.0,unknown,False,False,0,0,0,0
1204,0,0,0,0.0,unknown,False,False,0,0,0,0
1205,1,1,2,0.0,unknown,False,False,2,0,0,0
1206,2,1,3,0.0,unknown,False,False,2,0,0,0
1207,2,0,2,0.0,unknown,False,False,1,0,0,0
1208,1,0,1,0.19203474162896958,unknown,False,False,0,0,1,0
1209,0,0,0,0.38261412875687356,unknown,False,False,0,0,1,0
1210,0,0,0,0.19404952861716174,unknown,False,False,0,0,0,0
1211,0,0,0,0.0,unknown,False,False,0,0,0,0
1212,0,0,0,0.0,unknown,False,False,0,0,0,0
1213,0,0,0,0.0,unknown,False,False,0,0,0,0
1214,0,0,0,0.0,unknown,False,False,0,0,0,0
1215,0,0,0,0.0,unknown,False,False,0,0,0,0
1216,0,0,0,0.0,unknown,False,False,0,0,0,0
1217,0,0,0,0.0,unknown,False,False,0,0,0,0
1218,0,0,0,0.0,unknown,False,False,0,0,0,0
1219,0,0,0,0.7422213851250427,unknown,False,False,0,0,0,0
1220,0,0,0,0.8634571758977315,unknown,False,False,0,0,5,0
1221,0,0,0,1.4646243229705274,unknown,False,False,0,0,5,0
1222,0,1,1,1.3257751555613506,unknown,False,False,1,0,6,0
1223,1,1,2,1.3714625359313357,unknown,False,False,1,0,0,0
1224,1,0,1,0.8227251957949493,unknown,False,False,0,0,0,0
1225,0,0,0,1.4495820213703212,unknown,False,False,1,0,0,0
1226,1,0,1,1.387387372418257,unknown,False,False,1,0,0,1
1227,1,0,1,0.0,unknown,False,False,1,0,0,0
1228,1,0,1,0.0,unknown,False,False,1,0,1,0
1229,0,0,0,0.0,unknown,False,False,0,0,0,0
1230,0,0,0,0.0,unknown,False,False,0,0,0,0
1231,0,0,0,0.0,unknown,False,False,0,0,0,0
1232,0,0,0,0.0,unknown,False,False,0,0,0,0
1233,0,0,0,0.0,unknown,False,False,0,0,0,0
1234,0,0,0,0.0,unknown,False,False,0,0,0,0
1235,0,0,0,0.0,unknown,False,False,0,0,0,0
1236,0,0,0,0.0,unknown,False,False,0,0,0,0
1237,0,0,0,0.0,unknown,False,False,0,0,0,0
1238,0,0,0,0.0,unknown,False,False,0,0,0,0
1239,0,0,0,0.0,unknown,False,False,0,0,0,0
1240,0,0,0,0.0,unknown,False,False,1,0,0,0
1241,1,0,1,0.0,unknown,False,False,0,0,0,0
1242,1,1,2,0.0,unknown,False,False,2,0,0,0
1243,1,2,3,0.0,unknown,False,False,2,0,0,0
1244,2,0,2,0.0,unknown,False,False,1,0,0,0
1245,2,0,2,0.0,unknown,False,False,0,0,0,0
1246,0,0,0,0.0,unknown,False,False,0,0,0,0
1247,0,0,0,0.0,unknown,False,False,0,0,0,0
1248,0,0,0,0.0,unknown,False,False,0,0,0,0
1249,0,0,0,0.42254883219537964,unknown,False,False,0,0,7,0
1250,0,0,0,0.7117910574530304,unknown,False,False,0,0,7,0
1251,1,0,1,0.7944926138196662,unknown,False,False,1,0,7,0
1252,1,0,1,0.6877779665771852,unknown,False,False,1,0,8,0
1253,0,1,1,0.7418498325444735,unknown,False,False,1,0,9,0
1254,1,1,2,0.7710741096030175,unknown,False,False,1,0,12,0
1255,1,0,1,0.6632025988637238,unknown,False,False,1,0,13,0
1256,1,0,1,0.6742171490146849,unknown,False,False,1,0,12,0
1257,1,0,1,0.6959228769558192,unknown,False,False,1,0,7,0
1258,1,0,1,0.7637213940871049,unknown,False,False,0,0,12,0
1259,0,0,0,0.7960752611380036,unknown,False,False,0,0,11,0
1260,0,0,0,0.7799610181245054,unknown,False,False,0,0,14,0
1261,0,0,0,0.6100558820489662,unknown,False,False,0,0,9,0
1262,0,0,0,0.6760821342047526,unknown,False,False,0,0,12,0
1263,0,0,0,0.6155722318580347,unknown,False,False,1,0,8,0
1264,0,0,0,0.5242632959011625,unknown,False,False,0,0,4,0
1265,0,0,0,0.7930417384865943,unknown,False,False,0,0,4,0
1266,0,0,0,0.7580793597954071,unknown,False,False,0,0,0,0
1267,0,0,0,0.4137332796042525,unknown,False,False,0,0,2,0
1268,0,0,0,0.42478835411360183,unknown,False,False,0,0,4,0
1269,0,0,0,0.5822018855528824,unknown,False,False,0,0,2,0
1270,0,0,0,0.539885623787597,unknown,False,False,0,0,4,0
1271,0,0,0,0.8734046433818143,unknown,False,False,0,0,3,0
1272,0,0,0,1.0814416847492216,unknown,False,False,0,0,4,0
1273,1,0,1,0.9958907693140453,unknown,False,False,1,0,4,0
1274,0,1,1,0.44637727534863963,unknown,False,False,1,0,4,0
1275,2,0,2,1.0062708791949235,unknown,False,False,1,0,5,0
1276,1,0,1,0.9103137347153566,unknown,False,False,0,0,5,0
1277,1,0,1,0.5963074162366803,unknown,False,False,0,0,4,0
1278,1,0,1,0.36000594885794207,unknown,False,False,0,0,6,0
1279,0,0,0,0.29809466860154715,unknown,False,False,0,0,5,0
1280,0,0,0,0.410244215436658,unknown,False,False,0,0,3,0
1281,0,0,0,0.4995814203061735,unknown,False,False,0,0,4,0
1282,0,0,0,0.4459986749013085,unknown,False,False,0,0,6,0
1283,0,0,0,0.7264611056064969,unknown,False,False,0,0,7,0
1284,0,0,0,0.5660678457135725,unknown,False,False,0,0,6,0
1285,0,0,0,0.7866962584034698,unknown,False,False,0,0,6,0
1286,0,0,0,0.742137458262809,unknown,False,False,0,0,7,0
1287,0,0,0,0.5881224627443,unknown,False,False,0,0,6,0
1288,0,0,0,0.48372401449427743,unknown,False,False,0,0,5,0
1289,0,0,0,0.3913366117593503,unknown,False,False,0,0,3,0
1290,0,0,0,0.29324395777945983,unknown,False,False,0,0,4,0
1291,0,0,0,0.39438805655179754,unknown,False,False,0,0,3,0
1292,0,0,0,0.17487975038984793,unknown,False,False,0,0,3,0
1293,0,0,0,0.10092329382114686,unknown,False,False,0,0,2,0
1294,0,0,0,0.2647598754435324,unknown,False,False,0,0,3,0
1295,0,0,0,0.30984792293945507,red,False,False,0,0,4,0
1296,0,0,0,0.20611008601813322,unknown,False,False,0,0,4,0
1297,0,0,0,0.37708226725176075,unknown,False,False,0,0,5,0
1298,0,0,0,0.3223398839276935,unknown,False,False,0,0,5,0
1299,0,0,0,0.470095671420984,unknown,False,False,0,0,6,0
1300,1,0,1,0.4958142771630634,unknown,False,False,0,0,7,0
1301,1,0,1,0.5108845576622087,unknown,False,False,0,0,6,0
1302,1,0,1,0.5009102115027484,unknown,False,False,0,0,7,0
1303,0,0,0,0.5659661503214651,unknown,False,False,0,0,7,0
1304,0,0,0,0.6301588674599562,unknown,False,False,0,0,6,0
1305,0,0,0,1.2062151134757781,unknown,False,False,0,0,6,0
1306,0,0,0,0.963279132056935,unknown,False,False,0,0,5,0
1307,0,0,0,0.6461327137144686,unknown,False,False,0,0,7,0
1308,0,0,0,0.6223885447036651,unknown,False,False,0,0,7,0
1309,0,0,0,0.6458567964867755,unknown,False,False,0,0,10,0
1310,0,0,0,0.8141876974677487,unknown,False,False,1,0,7,0
1311,0,0,0,0.9167353061845499,unknown,False,False,0,0,10,0
1312,0,0,0,0.6591973041699163,unknown,False,False,0,0,8,0
1313,0,0,0,0.7058063725245326,unknown,False,False,0,0,7,0
1314,0,0,0,0.942149590306558,unknown,False,False,0,0,7,0
1315,0,0,0,0.9220667376932712,unknown,False,False,0,0,7,0
1316,0,0,0,0.48036555995364616,unknown,False,False,0,0,7,0
1317,0,0,0,0.5006573881042539,unknown,False,False,0,0,7,0
1318,0,0,0,0.39783672957286215,unknown,False,False,0,0,7,0
1319,0,0,0,0.26478069604117116,unknown,False,False,0,0,7,0
1320,0,0,0,0.17136321918902855,unknown,False,False,0,0,4,0
1321,0,0,0,0.1996204289870458,unknown,False,False,0,0,7,0
1322,0,0,0,0.2861245757811376,unknown,False,False,0,0,7,0
1323,0,0,0,0.5810871125882119,unknown,False,False,0,0,5,0
1324,0,0,0,0.6467843154275469,unknown,False,False,0,0,8,0
1325,0,0,0,0.6366237366687306,unknown,False,False,0,0,7,0
1326,0,0,0,0.4320039531109923,unknown,False,False,0,0,6,0
1327,0,0,0,0.4935680850137567,unknown,False,False,0,0,7,0
1328,0,0,0,0.6391150666360479,red,False,False,0,0,5,0
1329,0,0,0,0.6681401124154077,red,False,False,0,0,8,0
1330,0,0,0,0.6876195213711396,unknown,False,False,1,0,6,0
1331,1,0,1,0.6538924165688198,green,False,False,1,0,9,0
1332,1,0,1,0.5154747731258551,unknown,False,False,1,0,4,0
1333,0,1,1,0.6016047041890349,unknown,False,False,1,0,4,0
1334,2,0,2,0.8767964265104253,unknown,False,False,1,0,4,0
1335,1,0,1,0.7930536126107206,unknown,False,False,1,0,3,0
1336,1,0,1,0.7156050171526145,unknown,False,False,1,0,3,0
1337,1,0,1,0.4243247352796243,unknown,False,False,0,0,2,0
1338,0,0,0,0.33391932167331734,green,False,False,0,0,2,0
1339,0,0,0,0.7167284816398277,unknown,False,False,0,0,2,0
1340,0,0,0,1.880380679961586,unknown,False,False,0,0,3,0
1341,0,0,0,0.7495251127918404,unknown,False,False,0,0,4,0
1342,0,0,0,0.47399573083255725,unknown,False,False,0,0,6,0
1343,0,0,0,1.1976323335557697,unknown,False,False,0,0,5,0
1344,0,0,0,1.7429935974476054,unknown,False,False,0,0,4,0
1345,0,0,0,1.4549261491383345,unknown,False,False,0,0,4,0
1346,0,0,0,0.8642695697793038,unknown,False,False,0,0,4,0
1347,0,0,0,0.775687182007391,unknown,False,False,0,0,3,0
1348,1,0,1,0.8559314265202517,unknown,False,False,3,0,2,1
1349,0,1,1,1.4157312580763555,unknown,False,False,1,0,1,0
1350,1,0,1,0.8394933997251719,unknown,False,False,0,0,6,0
1351,0,0,0,1.5120326373538355,unknown,False,False,0,0,4,0
1352,0,0,0,1.6029582025909859,unknown,False,False,0,0,8,0
1353,0,0,0,1.1412066315782212,unknown,False,False,0,0,5,0
1354,0,0,0,1.3120524586893745,unknown,False,False,0,0,3,0
1355,0,0,0,1.316235307842597,unknown,False,False,0,0,7,0
1356,0,0,0,0.9611949713200932,unknown,False,False,0,0,5,0
1357,0,0,0,0.6399857975465918,unknown,False,False,0,0,6,0
1358,0,0,0,1.16005681722318,unknown,False,False,0,0,5,0
1359,0,0,0,1.7017880611847016,unknown,False,False,0,0,6,0
1360,0,0,0,0.9749269393192708,unknown,False,False,0,0,5,0
1361,0,0,0,0.6600499211677933,unknown,False,False,0,0,2,0
1362,0,0,0,0.38227825411170074,unknown,False,False,0,0,3,0
1363,0,0,0,0.2044360966660984,red,False,False,0,0,1,0
1364,0,0,0,0.20711452822175053,unknown,False,False,0,0,2,0
1365,0,0,0,0.23803174437328578,unknown,False,False,0,0,3,0
1366,0,0,0,0.399184603670726,unknown,False,False,0,0,2,0
1367,0,0,0,0.4845531185737292,unknown,False,False,0,0,2,0
1368,0,0,0,1.2462861950558808,unknown,False,False,0,0,1,0
1369,0,0,0,2.0866735720219913,unknown,False,False,0,0,1,0
1370,0,0,0,0.7229158384943292,unknown,False,False,0,0,4,0
1371,0,0,0,0.6005225976931603,unknown,False,False,0,0,3,0
1372,0,0,0,0.4624005910875768,unknown,False,False,0,0,3,0
1373,0,0,0,0.852894272630542,unknown,False,False,0,0,0,0
1374,0,0,0,0.48416150744630526,unknown,False,False,0,0,0,0
1375,0,0,0,0.0,unknown,False,False,0,0,0,0
1376,0,0,0,0.0,unknown,False,False,0,0,0,0
1377,0,0,0,0.0,unknown,False,False,0,0,0,0
1378,0,0,0,0.4148595092137909,unknown,False,False,0,0,3,0
1379,0,0,0,0.47133585741326517,unknown,False,False,0,0,3,0
1380,0,0,0,0.45894995042163766,unknown,False,False,0,0,6,0
1381,0,0,0,0.505965904565875,unknown,False,False,0,0,7,0
1382,0,0,0,0.5629659346972657,unknown,False,False,0,0,10,0
1383,1,0,1,0.6789966807678787,unknown,False,False,1,0,13,0
1384,0,1,1,0.6730445936605659,unknown,False,False,1,0,11,0
1385,1,1,2,0.7243109664045229,unknown,False,False,0,0,13,0
1386,1,0,1,0.6735679715619938,unknown,False,False,0,0,11,0
1387,0,0,0,0.5707817028482456,unknown,False,False,0,0,12,0
1388,0,0,0,0.5913490111129031,unknown,False,False,1,0,13,0
1389,1,0,1,0.652152251033193,unknown,False,False,1,0,9,0
1390,2,0,2,0.6670590112444458,unknown,False,False,1,0,11,0
1391,2,0,2,0.6939252690552511,unknown,False,False,2,0,13,1
1392,2,1,3,0.8493799042549226,unknown,False,False,3,0,14,0
1393,4,0,4,0.6148738005198833,unknown,False,False,3,0,12,0
1394,4,2,6,0.6641072625592419,unknown,False,False,6,0,12,0
1395,5,4,9,0.47293488688365015,unknown,False,False,6,0,16,0
1396,7,0,7,0.440854424749553,unknown,False,False,3,0,13,0
1397,5,0,5,0.2930190946866717,unknown,False,False,3,0,16,1
1398,4,0,4,0.27340581076453757,unknown,False,False,2,0,16,1
1399,2,0,2,0.27636306362606766,unknown,False,False,4,0,15,1
1400,3,0,3,0.2182798845914893,unknown,False,False,2,0,13,1
1401,3,0,3,0.2942476471113402,unknown,False,False,2,0,14,0
1402,3,0,3,0.3724789771379518,unknown,False,False,4,0,11,0
1403,3,0,3,0.2753258335952167,unknown,False,False,2,0,11,0
1404,3,0,3,0.2119264898073821,unknown,False,False,2,0,14,0
1405,3,0,3,0.26722920327160876,unknown,False,False,3,0,10,0
1406,3,0,3,0.1935250837769021,unknown,False,False,1,0,14,0
1407,3,0,3,0.1666557331891545,unknown,False,False,1,0,15,0
1408,3,0,3,0.12463300273316766,unknown,False,False,3,0,16,0
1409,3,0,3,0.17977177189696572,unknown,False,False,1,0,15,0
1410,3,0,3,0.19081630736616784,unknown,False,False,3,0,11,0
1411,2,0,2,0.16365301804202725,unknown,False,False,1,0,11,0
1412,1,0,1,0.15656939877318996,unknown,False,False,1,0,15,0
1413,1,0,1,0.10551280815201941,unknown,False,False,1,0,16,0
1414,1,0,1,0.10476731052102892,unknown,False,False,2,0,15,0
1415,1,0,1,0.11219188369010699,unknown,False,False,1,0,13,0
1416,3,0,3,0.14405432383155273,unknown,False,False,2,0,13,0
1417,3,0,3,0.15806937081455288,unknown,False,False,2,0,17,0
1418,5,0,5,0.1655907598760999,unknown,False,False,3,0,17,0
1419,4,0,4,0.2266279797544392,unknown,False,False,2,0,12,1
1420,4,0,4,0.15547605898411546,unknown,False,False,2,0,11,0
1421,3,0,3,0.08849110950742964,unknown,False,False,1,0,13,0
1422,1,0,1,0.09237579960238325,unknown,False,False,1,0,15,0
1423,2,0,2,0.08004355202642044,unknown,False,False,1,0,13,0
1424,1,0,1,0.09138547678637085,unknown,False,False,1,0,12,0
1425,3,0,3,0.17752920809031403,unknown,False,False,2,0,11,0
1426,2,0,2,0.2633860979225243,unknown,False,False,1,0,6,0
1427,2,0,2,0.27080435376319845,unknown,False,False,1,0,4,0
1428,1,0,1,0.2053093729512256,unknown,False,False,1,0,6,0
1429,1,0,1,0.12203113901811898,unknown,False,False,1,0,3,0
1430,1,0,1,0.08768038108327932,unknown,False,False,1,0,3,0
1431,1,0,1,0.09490412229384317,unknown,False,False,1,0,6,0
1432,1,0,1,0.25084080887881227,unknown,False,False,1,0,8,0
1433,1,0,1,0.18004966225545063,unknown,False,False,1,0,7,0
1434,1,0,1,0.2013940372324349,unknown,False,False,1,0,7,0
1435,1,0,1,0.2256569436786883,unknown,False,False,1,0,4,0
1436,1,0,1,0.20838674651951106,unknown,False,False,1,0,4,0
1437,1,0,1,0.2593244592483259,unknown,False,False,1,0,8,0
1438,1,0,1,0.23153460143453217,unknown,False,False,0,0,7,0
1439,0,0,0,0.14004989704215387,unknown,False,False,0,0,8,1
1440,0,0,0,0.0926969278262736,unknown,False,False,0,0,9,1
1441,0,0,0,0.3389165546303604,unknown,False,False,2,0,12,0
1442,3,0,3,0.2725097746380839,unknown,False,False,3,0,10,0
1443,3,0,3,0.2899672547693102,unknown,False,False,3,0,11,0
1444,4,0,4,0.20545726641861348,unknown,False,False,2,0,12,0
1445,3,0,3,0.2741748795972651,unknown,False,False,2,0,14,0
1446,3,0,3,0.3079921398789236,unknown,False,False,3,0,12,0
1447,2,0,2,0.24774721369889327,unknown,False,False,3,0,13,0
1448,3,0,3,0.14730284523752862,unknown,False,False,1,0,8,1
1449,2,0,2,0.09434196868061569,unknown,False,False,1,0,12,0
1450,3,0,3,0.10568885717575438,unknown,False,False,3,0,14,1
1451,3,0,3,0.14510359358680297,unknown,False,False,1,0,12,1
1452,1,0,1,0.15014761792731374,unknown,False,False,1,0,13,0
1453,1,0,1,0.12832599437331238,unknown,False,False,1,0,14,1
1454,2,0,2,0.10554734071150466,unknown,False,False,1,0,12,1
1455,2,0,2,0.09871276310347767,unknown,False,False,1,0,12,1
1456,2,0,2,0.11525707431287194,unknown,False,False,2,0,11,1
1457,2,0,2,0.09599647235778068,unknown,False,False,1,0,9,1
1458,1,0,1,0.08145192478973065,unknown,False,False,1,0,10,1
1459,1,0,1,0.12730422170477373,unknown,False,False,1,0,8,1
1460,2,0,2,0.20324073209624735,unknown,False,False,3,0,13,1
1461,3,0,3,0.24266108291186167,unknown,False,False,2,0,11,0
1462,5,0,5,0.21822624025853196,unknown,False,False,3,0,15,0
1463,3,0,3,0.19455351089946793,unknown,False,False,3,0,16,1
1464,4,0,4,0.19333169278989612,unknown,False,False,6,0,15,1
1465,5,0,5,0.26350435149868207,unknown,False,False,4,0,10,1
1466,4,0,4,0.3995306403929514,unknown,False,False,4,0,13,1
1467,6,0,6,0.334578309501281,unknown,False,False,4,0,11,1
1468,5,0,5,0.26743683942569757,unknown,False,False,3,0,12,0
1469,3,0,3,0.21835168173465272,unknown,False,False,4,0,12,0
1470,4,0,4,0.25647021642811096,unknown,False,False,4,0,14,0
1471,4,0,4,0.3224422062498896,unknown,False,False,3,0,11,0
1472,3,0,3,0.5154879895809031,unknown,False,False,3,0,13,0
1473,4,0,4,0.21962278030756138,unknown,False,False,3,0,13,0
1474,2,0,2,0.30715450169005354,unknown,False,False,1,0,10,0
1475,2,0,2,0.3493302833694481,unknown,False,False,2,0,12,0
1476,2,0,2,0.2554187853711926,unknown,False,False,1,0,9,0
1477,2,0,2,0.4687393075179481,unknown,False,False,1,0,11,0
1478,1,0,1,0.443863523917914,unknown,False,False,1,0,9,0
1479,1,0,1,0.44291224836075344,unknown,False,False,0,0,6,0
1480,1,0,1,0.24209754788665822,unknown,False,False,0,0,9,0
1481,1,0,1,0.3958433458131368,unknown,False,False,0,0,9,0
1482,0,0,0,0.27149890615075445,unknown,False,False,0,0,9,0
1483,0,0,0,0.23681610801509337,unknown,False,False,0,0,7,0
1484,0,0,0,0.26200363231223567,unknown,False,False,2,0,7,0
1485,1,0,1,0.21634808054812038,unknown,False,False,1,0,9,0
1486,2,0,2,0.2683652082671488,unknown,False,False,1,0,5,0
1487,1,0,1,0.2232045826362946,unknown,False,False,0,0,4,0
1488,2,0,2,0.25952937682374316,unknown,False,False,1,0,0,0
1489,2,0,2,0.18123786638582812,unknown,False,False,1,0,0,0
1490,2,0,2,0.0,unknown,False,False,2,0,0,0
1491,3,0,3,0.0,unknown,False,False,3,0,0,0
1492,4,0,4,0.0,unknown,False,False,3,0,0,0
1493,5,0,5,0.0,unknown,False,False,4,0,0,0
1494,5,0,5,0.0,unknown,False,False,3,0,0,0
1495,5,0,5,0.0,unknown,False,False,3,0,0,0
1496,7,0,7,0.0,unknown,False,False,7,0,0,0
1497,9,0,9,0.0,unknown,False,False,5,0,0,0
1498,10,0,10,0.0,unknown,False,False,4,0,0,0
1499,9,0,9,0.0,unknown,False,False,2,0,0,0
1500,4,0,4,0.0,unknown,False,False,2,0,0,0
1501,2,0,2,0.0,unknown,False,False,3,0,0,0
1502,3,0,3,0.0,unknown,False,False,2,0,1,0
1503,4,0,4,0.3195094597341852,unknown,False,False,3,0,1,0
1504,6,0,6,0.24533021111036102,unknown,False,False,4,0,0,0
1505,8,0,8,0.06547456482126471,unknown,False,False,4,0,0,0
1506,5,0,5,0.0,unknown,False,False,1,0,0,0
1507,3,0,3,0.0,unknown,False,False,1,0,0,0
1508,1,0,1,0.0,unknown,False,False,1,0,0,0
1509,2,0,2,0.0,unknown,False,False,2,0,0,0
1510,2,0,2,0.0,unknown,False,False,2,0,0,0
1511,2,0,2,0.0,unknown,False,False,2,0,0,0
1512,3,0,3,0.0,unknown,False,False,5,0,0,0
1513,4,0,4,0.0,unknown,False,False,4,0,0,0
1514,6,0,6,0.0,unknown,False,False,6,0,0,0
1515,8,0,8,0.0,unknown,False,False,4,0,0,0
1516,6,0,6,0.0,unknown,False,False,3,0,0,0
1517,4,0,4,0.0,unknown,False,False,3,0,0,0
1518,4,0,4,0.0,unknown,False,False,1,0,0,0
1519,3,0,3,0.0,unknown,False,False,3,0,0,0
1520,3,0,3,0.0,unknown,False,False,1,0,0,0
1521,2,0,2,0.0,unknown,False,False,2,0,0,0
1522,2,0,2,0.0,unknown,False,False,1,0,0,0
1523,3,0,3,0.0,unknown,False,False,3,0,0,0
1524,4,0,4,0.0,unknown,False,False,4,0,0,0
1525,4,0,4,0.0,unknown,False,False,3,0,0,0
1526,4,0,4,0.0,unknown,False,False,3,0,0,0
1527,4,0,4,0.0,unknown,False,False,2,0,0,0
1528,3,0,3,0.0,unknown,False,False,1,0,0,0
1529,2,0,2,0.0,unknown,False,False,1,0,0,0
1530,3,0,3,0.0,unknown,False,False,2,0,0,0
1531,3,0,3,0.0,unknown,False,False,1,0,0,0
1532,1,0,1,0.0,unknown,False,False,1,0,0,0
1533,1,0,1,0.0,unknown,False,False,1,0,0,0
1534,1,0,1,0.0,unknown,False,False,1,0,0,0
1535,1,0,1,0.0,unknown,False,False,2,0,0,0
1536,1,0,1,0.0,unknown,False,False,2,0,0,0
1537,2,0,2,0.0,unknown,False,False,3,0,0,0
1538,3,0,3,0.0,unknown,False,False,0,0,0,0
1539,0,0,0,0.0,unknown,False,False,0,0,0,0
1540,0,0,0,0.0,unknown,False,False,0,0,0,0
1541,0,0,0,0.0,unknown,False,False,0,0,0,0
1542,0,0,0,0.0,unknown,False,False,0,0,0,0
1543,0,0,0,0.0,unknown,False,False,0,0,0,0
1544,0,0,0,0.0,unknown,False,False,0,0,0,0
1545,0,0,0,0.0,unknown,False,False,0,0,0,0
1546,0,0,0,0.0,unknown,False,False,0,0,0,0
1547,0,0,0,0.0,unknown,False,False,0,0,0,0
1548,0,0,0,0.0,unknown,False,False,0,0,0,0
1549,0,0,0,0.0,unknown,False,False,0,0,0,0
1550,0,0,0,0.0,unknown,False,False,0,0,0,0
1551,0,0,0,0.0,unknown,False,False,0,0,0,0
1552,0,0,0,0.0,unknown,False,False,0,0,0,0
1553,0,0,0,0.0,unknown,False,False,0,0,1,0
1554,0,0,0,0.0,unknown,False,False,0,0,0,0
1555,0,0,0,0.0,unknown,False,False,0,0,0,0
1556,0,0,0,0.0,unknown,False,False,0,0,0,0
1557,0,0,0,0.0,unknown,False,False,0,0,0,0
1558,0,0,0,0.0,unknown,False,False,0,0,0,0
1559,0,0,0,0.03662370484161272,unknown,False,False,0,0,1,0
1560,0,0,0,0.3783132574294241,unknown,False,False,0,0,0,0
1561,0,0,0,0.0,unknown,False,False,0,0,0,0
1562,0,0,0,0.0,unknown,False,False,0,0,0,0
1563,0,0,0,0.0,unknown,False,False,0,0,0,0
1564,0,0,0,0.0,unknown,False,False,0,0,0,0
1565,0,0,0,0.0,unknown,False,False,0,0,0,0
1566,1,0,1,0.0,unknown,False,False,0,0,0,0
1567,0,0,0,0.0,unknown,False,False,0,0,0,0
1568,0,0,0,0.0,unknown,False,False,0,0,0,0
1569,0,0,0,0.0,unknown,False,False,0,0,0,0
1570,0,0,0,0.0,unknown,False,False,0,0,0,0
1571,0,0,0,0.0,unknown,False,False,0,0,0,0
1572,0,0,0,0.0,unknown,False,False,0,0,0,0
1573,0,0,0,0.0,unknown,False,False,0,0,0,0
1574,0,0,0,0.0,unknown,False,False,0,0,0,0
1575,0,0,0,0.0,unknown,False,False,0,0,0,0
1576,0,0,0,0.0,unknown,False,False,0,0,0,0
1577,0,0,0,0.0,unknown,False,False,0,0,0,0
1578,0,0,0,0.0,unknown,False,False,0,0,0,0
1579,0,0,0,0.0,unknown,False,False,0,0,0,0
1580,0,0,0,0.0,unknown,False,False,0,0,0,0
1581,0,0,0,0.0,unknown,False,False,0,0,0,0
1582,0,0,0,0.0,unknown,False,False,0,0,0,0
1583,0,0,0,0.0,unknown,False,False,0,0,0,0
1584,0,0,0,0.0,unknown,False,False,0,0,0,0
1585,0,0,0,0.0,unknown,False,False,0,0,0,0
1586,0,0,0,0.011346943957535443,unknown,False,False,0,0,0,0
1587,0,0,0,0.0332316216795598,unknown,False,False,0,0,0,0
1588,0,0,0,0.0,unknown,False,False,0,0,0,0
1589,0,0,0,0.0,unknown,False,False,0,0,0,0
1590,0,0,0,0.0,unknown,False,False,0,0,0,0
1591,0,0,0,0.0,unknown,False,False,0,0,0,0
1592,0,0,0,0.0,unknown,False,False,0,0,0,0
1593,0,0,0,0.0,unknown,False,False,0,0,0,0
1594,0,0,0,0.0,unknown,False,False,1,0,0,0
1595,1,0,1,0.0,unknown,False,False,1,0,0,0
1596,1,0,1,0.0,unknown,False,False,0,0,0,0
1597,0,0,0,0.0,unknown,False,False,0,0,0,0
1598,0,0,0,0.0,unknown,False,False,0,0,0,0
1599,0,0,0,0.0,unknown,False,False,0,0,0,0
1600,0,0,0,0.0,unknown,False,False,0,0,0,0
1601,0,0,0,0.0,unknown,False,False,0,0,0,0
1602,0,0,0,0.0,unknown,False,False,0,0,0,0
1603,0,0,0,0.0,unknown,False,False,0,0,0,0
1604,0,0,0,0.0,unknown,False,False,0,0,0,0
1605,0,0,0,0.0,unknown,False,False,0,0,0,0
1606,0,0,0,0.0,unknown,False,False,0,0,0,0
1607,0,0,0,0.0,unknown,False,False,0,0,0,0
1608,0,0,0,0.0,unknown,False,False,0,0,0,0
1609,0,0,0,0.0,unknown,False,False,0,0,0,0
1610,0,0,0,0.0,unknown,False,False,0,0,0,0
1611,0,0,0,0.0,unknown,False,False,0,0,0,0
1612,0,0,0,0.0,unknown,False,False,0,0,0,0
1613,0,0,0,0.0,unknown,False,False,0,0,0,0
1614,0,0,0,0.0,unknown,False,False,0,0,0,0
1615,0,0,0,0.0,unknown,False,False,0,0,0,0
1616,0,0,0,0.0,unknown,False,False,0,0,0,0
1617,0,0,0,0.0,unknown,False,False,0,0,0,0
1618,0,0,0,0.0,unknown,False,False,0,0,0,0
1619,0,0,0,0.0,unknown,False,False,0,0,0,0
1620,0,0,0,0.0,unknown,False,False,0,0,0,0
1621,0,0,0,0.0,unknown,False,False,0,0,0,0
1622,0,0,0,0.0,unknown,False,False,0,0,0,0
1623,0,0,0,0.0,unknown,False,False,0,0,0,0
1624,0,0,0,0.0,unknown,False,False,0,0,0,0
1625,0,0,0,0.0,unknown,False,False,0,0,0,0
1626,0,0,0,0.0,unknown,False,False,0,0,0,0
1627,0,0,0,0.0,unknown,False,False,0,0,0,0
1628,0,0,0,0.0,unknown,False,False,0,0,0,0
1629,0,0,0,0.0,unknown,False,False,0,0,0,0
1630,0,0,0,0.0,unknown,False,False,0,0,0,0
1631,0,0,0,0.0,unknown,False,False,0,0,0,0
1632,0,0,0,0.0,unknown,False,False,0,0,0,0
1633,0,0,0,0.0,unknown,False,False,0,0,0,0
1634,0,0,0,0.0,unknown,False,False,0,0,0,0
1635,0,0,0,0.0,unknown,False,False,0,0,0,0
1636,0,0,0,0.0,unknown,False,False,0,0,0,0
1637,0,0,0,0.0,unknown,False,False,0,0,0,0
1638,0,0,0,0.0,unknown,False,False,0,0,0,0
1639,0,0,0,0.0,unknown,False,False,0,0,0,0
1640,0,0,0,0.0,unknown,False,False,0,0,0,0
1641,0,0,0,0.0,unknown,False,False,0,0,0,0
1642,0,0,0,0.0,unknown,False,False,0,0,0,0
1643,0,0,0,0.0,unknown,False,False,0,0,0,0
1644,0,0,0,0.0,unknown,False,False,0,0,0,0
1645,0,0,0,0.0,unknown,False,False,0,0,0,0
1646,0,0,0,0.0,unknown,False,False,0,0,0,0
1647,0,0,0,0.0,unknown,False,False,0,0,0,0
1648,0,0,0,0.0,unknown,False,False,0,0,0,0
1649,0,0,0,0.0,unknown,False,False,0,0,0,0
1650,0,0,0,0.0,unknown,False,False,0,0,0,0
1651,0,0,0,0.0,unknown,False,False,0,0,0,0
1652,0,0,0,0.0,unknown,False,False,0,0,0,0
1653,0,0,0,0.0,unknown,False,False,0,0,0,0
1654,0,0,0,0.0,unknown,False,False,0,0,0,0
1655,0,0,0,0.0,unknown,False,False,0,0,0,0
1656,0,0,0,0.0,unknown,False,False,0,0,0,0
1657,0,0,0,0.0,unknown,False,False,0,0,0,0
1658,0,0,0,0.0,unknown,False,False,0,0,0,0
1659,0,0,0,0.0,unknown,False,False,0,0,0,0
1660,0,0,0,0.0,unknown,False,False,0,0,0,0
1661,0,0,0,0.0,unknown,False,False,0,0,0,0
1662,0,0,0,0.0,unknown,False,False,0,0,0,0
1663,0,0,0,0.0,unknown,False,False,0,0,0,0
1664,0,0,0,0.0,unknown,False,False,0,0,0,0
1665,0,0,0,0.0,unknown,False,False,0,0,0,0
1666,0,0,0,0.0,unknown,False,False,0,0,0,0
1667,0,0,0,0.0,unknown,False,False,0,0,0,0
1668,0,0,0,0.0,unknown,False,False,0,0,0,0
1669,0,0,0,0.0,unknown,False,False,0,0,0,0
1670,0,0,0,0.0,unknown,False,False,0,0,0,0
1671,0,0,0,0.0,unknown,False,False,0,0,0,0
1672,0,0,0,0.0,unknown,False,False,0,0,0,0
1673,0,0,0,0.0,unknown,False,False,1,0,0,0
1674,1,0,1,0.0,unknown,False,False,1,0,0,0
1675,0,0,0,0.0,unknown,False,False,0,0,0,0
1676,0,0,0,0.0,unknown,False,False,0,0,0,0
1677,0,0,0,0.0,unknown,False,False,0,0,0,0
1678,0,0,0,0.0,unknown,False,False,0,0,0,0
1679,0,0,0,0.0,unknown,False,False,0,0,0,0
1680,0,0,0,0.0,unknown,False,False,0,0,0,0
1681,0,0,0,0.0,unknown,False,False,0,0,0,0
1682,0,0,0,0.0,unknown,False,False,0,0,0,0
1683,0,0,0,0.0,unknown,False,False,0,0,0,0
1684,0,0,0,0.0,unknown,False,False,0,0,0,0
1685,0,0,0,0.0,unknown,False,False,0,0,0,0
1686,0,0,0,0.0,unknown,False,False,0,0,0,0
1687,0,0,0,0.0,unknown,False,False,0,0,0,0
1688,0,0,0,0.0,unknown,False,False,0,0,0,0
1689,0,0,0,0.0,unknown,False,False,0,0,0,0
1690,0,0,0,0.0,unknown,False,False,1,0,1,0
1691,0,0,0,0.4854880776793514,unknown,False,False,0,0,0,0
1692,1,0,1,0.0,unknown,False,False,1,0,0,0
1693,1,0,1,0.0,unknown,False,False,0,0,0,0
1694,0,0,0,0.0,unknown,False,False,0,0,1,0
1695,2,0,2,0.0,unknown,False,False,2,0,0,0
1696,2,0,2,0.0,unknown,False,False,1,0,0,0
1697,2,0,2,0.0,unknown,False,False,1,0,0,0
1698,3,0,3,0.0,unknown,False,False,2,0,0,0
1699,2,0,2,0.0,unknown,False,False,2,0,0,0
1700,3,0,3,0.0,unknown,False,False,3,0,0,0
1701,7,0,7,0.0,unknown,False,False,7,0,0,0
1702,6,0,6,0.0,unknown,False,False,6,0,0,0
1703,7,0,7,0.0,unknown,False,False,4,0,0,0
1704,8,0,8,0.0,unknown,False,False,5,0,0,0
1705,8,0,8,0.0,unknown,False,False,1,0,0,0
1706,2,0,2,0.0,unknown,False,False,1,0,0,0
1707,3,0,3,0.0,unknown,False,False,2,0,0,0
1708,2,0,2,0.0,unknown,False,False,0,0,0,0
1709,0,0,0,0.0,unknown,False,False,0,0,1,0
1710,1,0,1,0.13216432688922922,unknown,False,False,3,0,0,0
1711,2,0,2,0.0,unknown,False,False,1,0,0,0
1712,2,0,2,0.0,unknown,False,False,0,0,0,0
1713,5,0,5,0.0,unknown,False,False,4,0,0,0
1714,5,0,5,0.0,unknown,False,False,3,0,0,0
1715,6,0,6,0.0,unknown,False,False,1,0,0,0
1716,3,0,3,0.0,unknown,False,False,0,0,0,0
1717,2,0,2,0.0,unknown,False,False,2,0,0,0
1718,3,0,3,0.0,unknown,False,False,3,0,0,0
1719,5,0,5,0.0,unknown,False,False,6,0,0,0
1720,6,0,6,0.0,unknown,False,False,5,0,0,0
1721,8,0,8,0.0,unknown,False,False,6,0,0,0
1722,8,0,8,0.0,unknown,False,False,4,0,0,0
1723,6,1,7,0.0,unknown,False,False,5,0,0,0
1724,7,0,7,0.0,unknown,False,False,4,0,0,0
1725,6,0,6,0.0,unknown,False,False,4,0,0,0
1726,4,1,5,0.0,unknown,False,False,3,0,0,0
1727,6,0,6,0.0,unknown,False,False,3,0,0,0
1728,4,0,4,0.0,unknown,False,False,2,0,0,0
1729,2,0,2,0.0,unknown,False,False,0,1,0,0
1730,1,0,1,0.0,unknown,False,False,0,0,0,0
1731,0,0,0,0.0,unknown,False,False,3,0,1,0
1732,2,0,2,0.41735768576854926,unknown,False,False,1,0,1,0
1733,2,0,2,0.13535986239764258,unknown,False,False,0,0,0,0
1734,1,0,1,0.0,unknown,False,False,1,0,0,0
1735,3,0,3,0.0,unknown,False,False,4,0,0,0
1736,3,0,3,0.0,unknown,False,False,2,0,0,0
1737,4,0,4,0.0,unknown,False,False,6,0,1,0
1738,4,0,4,0.1648529012461007,unknown,False,False,5,0,1,0
1739,4,0,4,0.4085443558839408,unknown,False,False,4,0,0,0
1740,5,0,5,0.6164462739840569,unknown,False,False,4,0,0,0
1741,5,0,5,0.0,unknown,False,False,4,0,0,0
1742,6,0,6,0.0,unknown,False,False,6,0,0,0
1743,6,0,6,0.0,unknown,False,False,5,0,0,0
1744,6,0,6,0.0,unknown,False,False,5,0,0,0
1745,5,0,5,0.0,unknown,False,False,5,0,0,0
1746,6,0,6,0.0,unknown,False,False,4,0,0,0
1747,7,0,7,0.0,unknown,False,False,6,0,0,0
1748,7,0,7,0.0,unknown,False,False,4,0,0,0
1749,6,0,6,0.0,unknown,False,False,3,0,0,0
1750,5,0,5,0.0,unknown,False,False,3,0,0,0
1751,6,0,6,0.0,unknown,False,False,5,0,0,0
1752,8,0,8,0.0,unknown,False,False,5,0,0,0
1753,10,0,10,0.0,unknown,False,False,5,0,0,0
1754,12,0,12,0.0,unknown,False,False,6,0,0,0
1755,9,0,9,0.0,unknown,False,False,5,0,0,0
1756,8,0,8,0.0,unknown,False,False,6,0,0,0
1757,8,0,8,0.0,unknown,False,False,9,0,0,0
1758,8,1,9,0.0,unknown,False,False,8,0,0,0
1759,7,2,9,0.0,unknown,False,False,7,0,0,0
1760,10,1,11,0.0,unknown,False,False,5,0,0,0
1761,7,0,7,0.0,unknown,False,False,5,0,0,0
1762,6,0,6,0.0,unknown,False,False,5,0,0,0
1763,6,0,6,0.0,unknown,False,False,5,0,0,0
1764,7,0,7,0.0,unknown,False,False,5,0,0,0
1765,5,0,5,0.0,unknown,False,False,4,0,0,0
1766,5,0,5,0.0,unknown,False,False,6,0,0,0
1767,6,0,6,0.18145267482639582,unknown,False,False,7,0,1,0
1768,6,0,6,0.17896994906908356,unknown,False,False,5,0,0,0
1769,6,0,6,0.0,unknown,False,False,6,0,0,0
1770,6,0,6,0.0,unknown,False,False,6,0,0,0
1771,8,0,8,0.0,unknown,False,False,7,0,0,0
1772,8,0,8,0.0,unknown,False,False,7,0,0,0
1773,7,0,7,0.0,unknown,False,False,6,0,1,0
1774,7,0,7,0.0,unknown,False,False,7,0,0,0
1775,7,0,7,0.0,unknown,False,False,6,0,0,0
1776,8,0,8,0.0,unknown,False,False,6,0,0,0
1777,11,0,11,0.0,unknown,False,False,8,0,0,0
1778,9,0,9,0.0,unknown,False,False,8,0,0,0
1779,8,1,9,0.0,unknown,False,False,8,0,0,0
1780,11,0,11,0.0,unknown,False,False,9,0,0,0
1781,11,0,11,0.0,unknown,False,False,9,0,0,0
1782,12,0,12,0.0,unknown,False,False,11,0,0,0
1783,13,0,13,0.0,unknown,False,False,9,0,0,0
1784,11,1,12,0.0,unknown,False,False,8,0,0,0
1785,12,0,12,0.0,unknown,False,False,9,0,0,0
1786,11,0,11,0.0,unknown,False,False,8,0,0,0
1787,12,0,12,0.0,unknown,False,False,10,0,0,0
1788,10,0,10,0.0,unknown,False,False,9,0,0,0
1789,9,0,9,0.0,unknown,False,False,10,0,0,0
1790,11,0,11,0.0,unknown,False,False,13,0,0,0
1791,13,0,13,0.0,unknown,False,False,10,0,0,0
1792,12,0,12,0.0,unknown,False,False,10,0,0,0
1793,10,0,10,0.0,unknown,False,False,7,0,0,0
1794,7,0,7,0.0,unknown,False,False,6,0,0,0
1795,7,0,7,0.0,unknown,False,False,10,0,0,0
1796,9,0,9,0.0,unknown,False,False,4,0,0,0
1797,9,0,9,0.0,unknown,False,False,9,0,0,0
1798,10,0,10,0.0,unknown,False,False,7,0,0,0
1799,9,0,9,0.0,unknown,False,False,8,0,0,0
1800,11,0,11,0.0,unknown,False,False,7,0,0,0
1801,10,0,10,0.0,unknown,False,False,6,0,0,0
1802,10,0,10,0.0,unknown,False,False,8,0,0,0
1803,9,0,9,0.5123901296748057,unknown,False,False,8,0,1,0
1804,11,0,11,0.6366075834510009,unknown,False,False,9,0,0,0
1805,10,0,10,0.27123534968899654,unknown,False,False,8,0,0,0
1806,11,0,11,0.0,unknown,False,False,10,0,0,0
1807,10,0,10,0.0,unknown,False,False,9,0,0,0
1808,10,0,10,0.0,unknown,False,False,9,0,1,0
1809,11,0,11,0.0,unknown,False,False,5,0,0,0
1810,6,1,7,0.0,unknown,False,False,4,0,0,0
1811,10,0,10,0.0,unknown,False,False,4,0,0,0
1812,7,0,7,0.0,unknown,False,False,5,0,0,0
1813,5,0,5,0.0,unknown,False,False,2,0,0,0
1814,4,0,4,0.0,unknown,False,False,2,0,0,0
1815,3,0,3,0.0,unknown,False,False,3,0,0,0
1816,4,0,4,0.0,unknown,False,False,4,0,0,0
1817,3,0,3,0.0,unknown,False,False,3,0,0,0
1818,3,0,3,0.0,unknown,False,False,1,0,0,0
1819,3,0,3,0.0,unknown,False,False,0,0,1,0
1820,1,0,1,0.05051535684530764,unknown,False,False,0,0,2,0
1821,1,0,1,0.127549537288824,unknown,False,False,0,0,4,0
1822,1,0,1,0.18367069032238156,unknown,False,False,0,0,6,0
1823,0,0,0,0.26816341745675226,unknown,False,False,0,0,9,0
1824,0,0,0,0.31411715578667926,unknown,False,False,0,0,10,0
1825,0,0,0,0.3404782409655717,unknown,False,False,0,0,10,0
1826,0,0,0,0.27684816283214025,unknown,False,False,0,0,11,0
1827,0,0,0,0.25481023440165035,unknown,False,False,0,0,11,0
1828,0,0,0,0.27372295615238346,unknown,False,False,0,0,13,0
1829,1,0,1,0.3555292851276052,unknown,False,False,2,0,9,0
1830,2,0,2,0.28528164187113403,unknown,False,False,2,0,11,0
1831,3,0,3,0.26045620012801024,unknown,False,False,2,0,12,0
1832,3,0,3,0.28920254713975097,unknown,False,False,4,0,9,0
1833,5,0,5,0.2743579193348921,unknown,False,False,3,0,10,0
1834,4,0,4,0.21649078137573252,unknown,False,False,3,0,19,0
1835,4,0,4,0.16440323233666007,unknown,False,False,3,0,17,1
1836,3,0,3,0.22795418810686094,unknown,False,False,2,0,15,1
1837,3,0,3,0.1995534402211711,unknown,False,False,3,0,16,1
1838,3,0,3,0.17197617067800036,unknown,False,False,1,0,17,0
1839,2,0,2,0.21836429354908815,unknown,False,False,1,0,16,1
1840,1,0,1,0.17796800310659502,unknown,False,False,1,0,17,0
1841,1,0,1,0.19254943297019145,unknown,False,False,2,0,16,0
1842,3,0,3,0.24215282502171184,unknown,False,False,2,0,13,0
1843,4,0,4,0.27869857783898,unknown,False,False,1,0,15,1
1844,2,0,2,0.23155740450548046,unknown,False,False,1,0,10,1
1845,2,0,2,0.16293799816684945,unknown,False,False,2,0,3,0
1846,2,0,2,0.20328695374191236,unknown,False,False,2,0,15,1
1847,3,0,3,0.19553023227568528,unknown,False,False,3,0,12,1
1848,3,0,3,0.208088815133545,unknown,False,False,3,0,3,1
1849,3,0,3,0.17568692186276827,unknown,False,False,2,0,7,1
1850,3,0,3,0.12276457466471291,unknown,False,False,3,0,10,0
1851,3,0,3,0.11719645604320937,unknown,False,False,3,0,8,0
1852,3,0,3,0.09350931458861926,unknown,False,False,2,0,9,0
1853,3,0,3,0.10807670822819933,unknown,False,False,2,0,10,0
1854,2,0,2,0.13223369335737667,unknown,False,False,2,0,8,1
1855,2,0,2,0.3714226949897659,unknown,False,False,2,0,11,0
1856,2,0,2,0.1996388372026354,unknown,False,False,2,0,10,0
1857,3,0,3,0.27559892321720164,unknown,False,False,3,0,5,0
1858,3,0,3,0.20968192669833988,unknown,False,False,4,0,13,0
1859,4,0,4,0.19682583021617936,unknown,False,False,1,0,15,0
1860,2,0,2,0.1857324039580445,unknown,False,False,1,0,13,1
1861,2,0,2,0.1801575215860488,unknown,False,False,1,0,11,0
1862,4,0,4,0.10382905412853807,unknown,False,False,3,0,13,0
1863,4,0,4,0.08597783906838785,unknown,False,False,3,0,16,1
1864,4,0,4,0.11647314075507773,unknown,False,False,3,0,15,1
1865,3,0,3,0.10873237944048493,unknown,False,False,3,0,13,1
1866,3,0,3,0.15132803141613665,unknown,False,False,2,0,12,0
1867,2,0,2,0.11335623701188068,unknown,False,False,2,0,13,0
1868,1,0,1,0.09597147060923243,unknown,False,False,2,0,15,0
1869,2,0,2,0.16740788021355296,unknown,False,False,1,0,10,0
1870,3,0,3,0.15637599872123298,unknown,False,False,3,0,9,0
1871,2,0,2,0.163112739913535,unknown,False,False,1,0,3,0
1872,4,0,4,0.15465902824526595,unknown,False,False,1,0,3,0
1873,2,0,2,0.1552493155435719,unknown,False,False,1,0,3,0
1874,2,0,2,0.14391339757834723,unknown,False,False,1,0,3,0
1875,4,0,4,0.28992170805213374,unknown,False,False,4,0,10,0
1876,5,0,5,0.1774224503729848,unknown,False,False,4,0,7,0
1877,6,0,6,0.1381952299949798,unknown,False,False,2,0,3,0
1878,5,0,5,0.048955386428165416,unknown,False,False,2,0,2,0
1879,5,0,5,0.10053600941110466,unknown,False,False,2,0,3,0
1880,5,0,5,0.21026830166689894,unknown,False,False,1,0,11,0
1881,2,0,2,0.18596899331214592,unknown,False,False,2,0,11,1
1882,3,0,3,0.1837347532078657,unknown,False,False,2,0,16,0
1883,2,0,2,0.16826803808123128,unknown,False,False,2,0,16,1
1884,3,0,3,0.2412158976688424,unknown,False,False,1,0,15,1
1885,3,0,3,0.20344154444355775,unknown,False,False,2,0,12,1
1886,4,0,4,0.15807653584872222,unknown,False,False,3,0,12,1
1887,3,0,3,0.14808412659597775,unknown,False,False,3,0,11,0
1888,3,0,3,0.16393659082799283,unknown,False,False,2,0,12,1
1889,3,0,3,0.21007961885710563,unknown,False,False,1,0,14,1
1890,2,0,2,0.10246232054748117,unknown,False,False,2,0,14,1
1891,2,0,2,0.07997009290358269,unknown,False,False,2,0,11,1
1892,1,0,1,0.24987372041417677,unknown,False,False,2,0,1,0
1893,2,0,2,0.13421846670853083,unknown,False,False,3,0,3,0
1894,3,0,3,0.05771433708781069,unknown,False,False,2,0,4,0
1895,2,0,2,0.37338364547915404,unknown,False,False,2,0,16,0
1896,3,0,3,0.22359389607538044,unknown,False,False,1,0,10,1
1897,2,0,2,0.16760207669109833,unknown,False,False,2,0,15,1
1898,2,0,2,0.27661154540896854,unknown,False,False,3,0,14,1
1899,4,0,4,0.24093695906202411,unknown,False,False,2,0,12,0
1900,2,0,2,0.22476716514664646,unknown,False,False,3,0,14,0
1901,3,0,3,0.19121768324587365,unknown,False,False,2,0,7,0
1902,3,0,3,0.14923425592136347,unknown,False,False,3,0,4,0
1903,3,0,3,0.09619125962518647,unknown,False,False,2,0,2,0
1904,2,0,2,0.044638956442816236,unknown,False,False,2,0,2,0
1905,3,0,3,0.23888640444540427,unknown,False,False,2,0,17,0
1906,3,0,3,0.21261904507723123,unknown,False,False,2,0,12,1
1907,3,0,3,0.18004969400616802,unknown,False,False,2,0,16,1
1908,2,0,2,0.11127131853237446,unknown,False,False,2,0,10,1
1909,3,0,3,0.22445739367665993,unknown,False,False,1,0,13,0
1910,3,0,3,0.27727215808010297,unknown,False,False,1,0,17,0
1911,1,0,1,0.2754150845996712,unknown,False,False,2,0,14,1
1912,1,0,1,0.21289801633421224,unknown,False,False,1,0,13,1
1913,1,0,1,0.22559512817814542,unknown,False,False,1,0,11,1
1914,1,0,1,0.2710912704412206,unknown,False,False,1,0,9,0
1915,1,0,1,0.178934297489982,unknown,False,False,1,0,11,2
1916,1,0,1,0.20079952467088272,unknown,False,False,1,0,16,1
1917,3,0,3,0.28309427660561537,unknown,False,False,2,0,11,1
1918,3,0,3,0.20099482115346895,unknown,False,False,1,0,11,0
1919,3,0,3,0.13371135916317659,unknown,False,False,3,0,10,0
1920,3,0,3,0.22366722969492273,unknown,False,False,3,0,12,0
1921,4,0,4,0.30101599583655153,unknown,False,False,2,0,12,0
1922,2,0,2,0.24776898100722497,unknown,False,False,2,0,12,0
1923,2,0,2,0.15613793276275498,unknown,False,False,1,0,18,0
1924,3,0,3,0.14739673777753867,unknown,False,False,3,0,16,0
1925,5,0,5,0.12962600901375568,unknown,False,False,4,0,15,0
1926,5,0,5,0.15543855763881345,unknown,False,False,3,0,18,1
1927,3,0,3,0.12044949846542767,unknown,False,False,2,0,19,0
1928,2,0,2,0.11805368149479915,unknown,False,False,2,0,17,0
1929,2,0,2,0.09290223613083422,unknown,False,False,1,0,17,1
1930,2,0,2,0.11948071584699288,unknown,False,False,2,0,20,0
1931,2,0,2,0.0896422000173613,unknown,False,False,1,0,20,0
1932,2,0,2,0.12907483697144603,unknown,False,False,2,0,18,0
1933,2,0,2,0.12776511749984779,unknown,False,False,1,0,18,0
1934,2,0,2,0.0548061185519537,unknown,False,False,2,0,16,1
1935,2,0,2,0.07851481941370837,unknown,False,False,2,0,19,0
1936,2,0,2,0.05988914616634898,unknown,False,False,1,0,16,0
1937,2,0,2,0.06286943615793136,unknown,False,False,1,0,19,1
1938,2,0,2,0.038341665591220354,unknown,False,False,2,0,18,0
1939,2,0,2,0.04405676844539157,unknown,False,False,2,0,20,0
1940,2,0,2,0.044566126184094806,unknown,False,False,1,0,17,0
1941,1,0,1,0.032975466568844425,unknown,False,False,1,0,16,0
1942,1,0,1,0.03388321200534597,unknown,False,False,1,0,15,1
1943,2,0,2,0.046383305755936334,unknown,False,False,1,0,16,0
1944,2,0,2,0.051960936156952076,unknown,False,False,1,0,17,0
1945,1,0,1,0.04115209660207116,unknown,False,False,1,0,15,0
1946,1,0,1,0.03323824376579143,unknown,False,False,1,0,16,0
1947,2,0,2,0.040529718057813045,unknown,False,False,1,0,18,0
1948,2,0,2,0.030649932523363305,unknown,False,False,2,0,18,0
1949,2,0,2,0.03860058405019584,unknown,False,False,2,0,17,0
1950,3,0,3,0.031298632850958075,unknown,False,False,3,0,16,0
1951,3,0,3,0.026175057439685265,unknown,False,False,3,0,15,0
1952,3,0,3,0.03927619284289516,unknown,False,False,3,0,16,0
1953,3,0,3,0.04021649298666841,unknown,False,False,3,0,17,0
1954,3,0,3,0.039181168115864785,unknown,False,False,3,0,16,0
1955,3,0,3,0.05429249432612375,unknown,False,False,3,0,17,0
1956,3,0,3,0.16453316516095828,unknown,False,False,1,0,18,0
1957,2,0,2,0.07989251138973333,unknown,False,False,2,0,18,0
1958,2,0,2,0.10695197617987647,unknown,False,False,1,0,19,0
1959,3,0,3,0.13625820867419178,unknown,False,False,1,0,18,0
1960,3,0,3,0.16334356605810463,unknown,False,False,1,0,15,1
1961,3,0,3,0.1804206606692823,unknown,False,False,1,0,16,1
1962,4,0,4,0.1281733032398918,unknown,False,False,2,0,13,0
1963,2,0,2,0.12923595179989045,unknown,False,False,2,0,14,0
1964,3,0,3,0.2169371326832489,unknown,False,False,2,0,15,0
1965,4,0,4,0.3471772274588162,unknown,False,False,3,0,19,0
1966,4,0,4,0.31407247376959213,unknown,False,False,3,0,12,0
1967,3,0,3,0.424069926050995,unknown,False,False,0,0,15,0
1968,2,0,2,0.5256240279270739,unknown,False,False,0,0,19,0
1969,1,0,1,0.8391175975299097,unknown,False,False,0,0,17,0
1970,0,0,0,1.0035192141245834,unknown,False,False,0,0,14,0
1971,0,0,0,0.8246807472760903,unknown,False,False,2,0,14,0
1972,0,0,0,0.7811543548606159,unknown,False,False,0,0,11,0
1973,0,0,0,0.8292172288121222,unknown,False,False,0,0,12,0
1974,0,0,0,0.7502838155071383,yellow,False,False,0,0,13,0
1975,0,0,0,0.7088375107859937,unknown,False,False,0,0,16,0
1976,0,0,0,0.6962759942199672,unknown,False,False,0,0,15,0
1977,1,0,1,0.6886069321227989,unknown,False,False,1,0,15,0
1978,1,0,1,0.9921027176831629,unknown,False,False,1,0,13,0
1979,1,0,1,0.9152555444836472,unknown,False,False,0,0,9,0
1980,0,0,0,0.6146926634258044,unknown,False,False,0,0,7,0
1981,0,0,0,0.5533542817814837,unknown,False,False,0,0,6,0
1982,0,0,0,0.3864673655208378,unknown,False,False,0,0,5,0
1983,0,0,0,0.37006802784143755,unknown,False,False,0,0,6,0
1984,0,0,0,1.5551207960625186,unknown,False,False,0,0,3,0
1985,0,0,0,1.1618439780661347,unknown,False,False,0,0,3,0
1986,0,0,0,1.1415726947805587,unknown,False,False,0,0,2,0
1987,0,0,0,1.6740962892473004,unknown,False,False,0,0,1,0
1988,0,0,0,0.8578227175372254,unknown,False,False,0,0,3,0
1989,0,0,0,0.6434088486156049,unknown,False,False,0,0,4,0
1990,0,0,0,0.641687510900813,unknown,False,False,0,0,5,0
1991,0,0,0,0.6464943600466206,unknown,False,False,0,0,3,0
1992,0,0,0,1.0357217640784717,unknown,False,False,0,0,5,0
1993,0,0,0,1.40274871137311,unknown,False,False,1,0,5,0
1994,0,0,0,1.2803191104841376,unknown,False,False,0,0,4,0
1995,0,0,0,0.6152290188038912,unknown,False,False,0,0,5,0
1996,0,0,0,0.3814729837567217,unknown,False,False,0,0,5,0
1997,0,0,0,0.37777441578081655,unknown,False,False,0,0,5,0
1998,0,0,0,0.4649813300356048,unknown,False,False,0,0,4,0
1999,0,0,0,0.4364295551043963,unknown,False,False,0,0,0,0
2000,1,0,1,0.42586679942455186,unknown,False,False,1,0,5,0
2001,2,0,2,0.32688073409379065,unknown,False,False,1,0,1,0
2002,1,0,1,0.4654593999819996,unknown,False,False,0,0,5,0
2003,0,0,0,0.5974758719006316,unknown,False,False,0,0,4,0
2004,0,0,0,0.9431342986061194,unknown,False,False,0,0,4,0
2005,0,0,0,1.4955292357970698,unknown,False,False,1,0,2,0
2006,1,0,1,0.7726180833589453,unknown,False,False,1,0,3,0
2007,1,0,1,1.457176693757395,unknown,False,False,1,0,4,0
2008,1,0,1,0.48386792643340654,unknown,False,False,0,0,4,0
2009,0,0,0,1.2243439128533664,unknown,False,False,0,1,5,0
2010,0,0,0,0.9524179070957143,unknown,False,False,0,0,3,0
2011,0,0,0,1.7164520876773257,unknown,False,False,0,0,2,0
2012,0,0,0,0.34077443375821853,unknown,False,False,0,0,4,0
2013,0,0,0,0.5328849256488989,unknown,False,False,0,0,3,0
2014,1,0,1,1.6006549893701605,unknown,False,False,0,0,1,0
2015,1,0,1,0.6430131018205015,unknown,False,False,2,0,2,1
2016,0,0,0,0.4234149830867382,unknown,False,False,1,0,3,0
2017,2,0,2,1.430226562068086,unknown,False,False,0,0,3,0
2018,0,0,0,1.322666525174534,unknown,False,False,0,0,6,0
2019,0,0,0,0.7587797793899564,unknown,False,False,0,0,4,0
2020,0,0,0,0.6525218408802265,unknown,False,False,0,0,4,0
2021,0,0,0,0.6341790800078912,unknown,False,False,0,0,4,0
2022,0,0,0,0.789981523459054,unknown,False,False,0,0,5,0
2023,0,0,0,1.0882509982964679,unknown,False,False,0,0,3,0
2024,0,0,0,0.5208641348046865,unknown,False,False,0,0,2,0
2025,0,0,0,0.49189454759960033,unknown,False,False,0,0,2,0
2026,0,0,0,0.5349390694823776,unknown,False,False,0,0,5,0
2027,0,0,0,1.1040659572612699,unknown,False,False,0,0,3,0
2028,0,0,0,0.5097604232491172,green,False,False,0,0,3,0
2029,0,0,0,0.22340946009841087,green,False,False,0,0,1,0
2030,0,0,0,0.21300197263290208,unknown,False,False,0,0,2,0
2031,0,0,0,0.12898935036093323,unknown,False,False,0,0,2,0
2032,0,0,0,0.3305742735942481,unknown,False,False,0,0,3,0
2033,0,0,0,0.3255731383130967,unknown,False,False,0,0,3,0
2034,0,0,0,0.32711469563377255,unknown,False,False,0,0,3,0
2035,0,0,0,0.18126576212228052,unknown,False,False,0,0,3,0
2036,0,0,0,0.18727290845384134,unknown,False,False,0,0,4,0
2037,0,0,0,0.34494352975327824,unknown,False,False,0,0,4,0
2038,0,0,0,0.5669675383772167,red,False,False,0,0,4,0
2039,0,0,0,0.5616420400799826,unknown,False,False,0,0,5,0
2040,0,0,0,0.3357709071205642,unknown,False,False,0,0,5,0
2041,0,0,0,0.22615685782182646,red,False,False,0,0,6,0
2042,0,0,0,0.2845689427537761,green,False,False,0,0,6,0
2043,0,0,0,0.21603651984388697,unknown,False,False,0,0,7,0
2044,0,0,0,0.2578397704240908,unknown,False,False,0,0,6,0
2045,0,0,0,0.5861231483719183,unknown,False,False,0,0,6,0
2046,0,0,0,0.9933936903382785,green,False,False,0,0,7,0
2047,0,0,0,1.2780425146754966,unknown,False,False,0,1,7,0
2048,0,0,0,1.2016142895610054,unknown,False,False,0,0,8,0
2049,0,0,0,0.9406296790267893,unknown,False,False,0,0,8,0
2050,0,0,0,0.8148005218226524,unknown,False,False,0,0,6,0
2051,0,0,0,0.8300209427141103,unknown,False,False,0,0,6,0
2052,0,0,0,1.1204123845166203,unknown,False,False,0,0,8,0
2053,0,0,0,1.0509187991935638,unknown,False,False,0,0,6,0
2054,0,0,0,1.3083381250425616,unknown,False,False,0,0,5,0
2055,0,0,0,1.390020915729339,unknown,False,False,0,0,5,0
2056,0,0,0,1.0354135579222317,unknown,False,False,0,0,4,0
2057,0,0,0,0.8465859107638039,unknown,False,False,0,0,3,0
2058,0,0,0,0.6702930668626287,unknown,False,False,0,0,4,0
2059,0,0,0,0.35129136259845994,unknown,False,False,0,0,6,0
2060,0,0,0,0.2915890320665664,unknown,False,False,0,0,2,0
2061,0,0,0,0.4301705760856932,unknown,False,False,0,0,4,0
2062,0,0,0,0.473144715458175,unknown,False,False,0,0,2,0
2063,0,0,0,0.5183512667430799,unknown,False,False,0,0,2,0
2064,0,0,0,0.4195507404947369,unknown,False,False,0,0,2,0
2065,0,0,0,0.7816629257730192,unknown,False,False,0,0,6,0
2066,0,0,0,0.6464817647387792,unknown,False,False,0,0,9,0
2067,0,0,0,0.7259601265602103,unknown,False,False,0,0,9,0
2068,0,0,0,0.7849812124527756,unknown,False,False,0,0,10,0
2069,0,0,0,0.9866232748505661,unknown,False,False,0,0,12,0
2070,0,0,0,1.2142232338427288,unknown,False,False,0,0,10,0
2071,0,1,1,0.8031102593864132,unknown,False,False,1,0,10,0
2072,0,1,1,0.7155039572234408,unknown,False,False,1,0,6,0
2073,1,0,1,0.5844657659870515,unknown,False,False,0,0,3,0
2074,0,0,0,0.5644681961414189,unknown,False,False,0,0,2,0
2075,0,0,0,0.5023828965399703,unknown,False,False,0,0,1,0
2076,0,0,0,0.6801728498732486,unknown,False,False,0,0,0,0
2077,0,0,0,0.0,unknown,False,False,0,0,0,0
2078,0,0,0,0.0,unknown,False,False,1,0,0,0
2079,0,0,0,0.0,unknown,False,False,0,0,1,0
2080,0,0,0,0.0,unknown,False,False,0,0,0,0
2081,0,0,0,0.0,unknown,False,False,1,0,0,0
2082,0,1,1,0.0,unknown,False,False,1,0,0,1
2083,3,0,3,0.0,unknown,False,False,2,0,0,0
2084,1,2,3,0.0,unknown,False,False,2,0,0,0
2085,1,1,2,0.0,unknown,False,False,0,0,0,0
2086,1,0,1,0.0,unknown,False,False,0,0,0,0
2087,0,0,0,0.0,unknown,False,False,0,0,0,0
2088,0,0,0,0.0,unknown,False,False,0,0,0,0
2089,0,0,0,0.0,unknown,False,False,0,0,0,0
2090,0,0,0,0.0,unknown,False,False,0,0,0,0
2091,0,0,0,0.288465652470959,unknown,False,False,0,0,0,0
2092,0,0,0,0.15328148241900805,unknown,False,False,0,0,0,0
2093,0,0,0,1.4392417491606255,unknown,False,False,0,0,0,0
2094,0,0,0,0.9716414883358238,unknown,False,False,0,0,6,0
2095,0,0,0,1.423493743421456,unknown,False,False,0,0,5,0
2096,0,0,0,1.324529573549256,unknown,False,False,0,0,7,0
2097,0,0,0,1.0031642007513812,unknown,False,False,0,0,0,0
2098,0,0,0,1.039908798511206,unknown,False,False,0,0,1,0
2099,0,0,0,0.0,unknown,False,False,0,0,0,0
2100,0,0,0,0.40458897006809236,unknown,False,False,0,0,1,0
2101,0,0,0,0.20180163917738309,unknown,False,False,0,0,1,0
2102,0,0,0,0.3329946489461948,unknown,False,False,0,0,1,0
2103,0,0,0,0.37334923818989946,unknown,False,False,0,0,0,0
2104,0,0,0,0.0,unknown,False,False,0,0,1,0
2105,0,0,0,0.4931062895865969,unknown,False,False,0,0,1,0
2106,0,0,0,0.08166012870389586,unknown,False,False,0,0,0,0
2107,0,0,0,0.07259753806992814,unknown,False,False,0,0,1,0
2108,0,0,0,0.14499455912475878,unknown,False,False,0,0,1,0
2109,0,0,0,0.18295224645798666,unknown,False,False,0,0,1,0
2110,0,0,0,0.1873747259257992,unknown,False,False,0,0,1,0
2111,0,0,0,0.09653914589445987,unknown,False,False,0,0,1,0
2112,0,0,0,0.12325494263980052,unknown,False,False,0,0,1,0
2113,0,0,0,0.13055773081808225,unknown,False,False,0,0,1,0
2114,1,0,1,0.11185328166089732,unknown,False,False,1,0,0,1
2115,2,0,2,0.19569605478248617,unknown,False,False,1,0,1,0
2116,1,0,1,0.10532209570468831,unknown,False,False,0,0,1,0
2117,0,0,0,0.2323079855686399,unknown,False,False,0,0,1,0
2118,0,0,0,0.08600573991825347,unknown,False,False,0,0,1,0
2119,0,0,0,0.0879618558729221,unknown,False,False,0,0,1,0
2120,0,0,0,0.0639806489011375,unknown,False,False,0,0,0,0
2121,0,0,0,0.0,unknown,False,False,0,0,0,0
2122,1,0,1,0.0,unknown,False,False,1,0,0,1
2123,2,0,2,0.10563893820404438,unknown,False,False,1,0,1,0
2124,1,0,1,0.0,unknown,False,False,0,0,0,0
2125,0,0,0,0.0,unknown,False,False,0,0,0,0
2126,0,0,0,0.45130441049217773,unknown,False,False,0,0,1,0
2127,0,0,0,0.5718590109049518,unknown,False,False,0,0,5,0
2128,0,0,0,0.36406801045115783,unknown,False,False,0,0,0,0
2129,0,0,0,0.2681890029357453,unknown,False,False,0,0,1,0
2130,0,0,0,0.12728688323609244,unknown,False,False,0,0,1,0
2131,0,1,1,0.12681378596505383,unknown,False,False,1,0,1,0
2132,1,1,2,0.18134054837271943,unknown,False,False,0,0,1,0
2133,1,0,1,0.14570244789163145,unknown,False,False,0,0,0,0
2134,0,0,0,0.09052034855415463,unknown,False,False,0,0,0,0
2135,0,0,0,0.08438828476688834,unknown,False,False,0,0,1,0
2136,1,0,1,0.16533677458987162,unknown,False,False,1,0,0,0
2137,0,1,1,0.1777825893207725,unknown,False,False,0,0,1,0
2138,0,0,0,0.07478740762351989,unknown,False,False,0,0,1,0
2139,0,0,0,0.08663671338068064,unknown,False,False,0,0,0,0
2140,0,0,0,0.07790788138443769,unknown,False,False,0,0,0,0
2141,0,0,0,0.1660742252831634,unknown,False,False,0,0,1,0
2142,0,0,0,0.12150454087740648,unknown,False,False,0,0,0,0
2143,0,0,0,0.0,unknown,False,False,0,0,0,0
2144,0,0,0,0.14121129406792066,unknown,False,False,0,0,1,0
2145,0,0,0,0.23642809331321327,unknown,False,False,0,0,0,0
2146,0,0,0,0.12433982098590037,unknown,False,False,0,0,1,0
2147,0,0,0,0.1486089976430503,unknown,False,False,0,0,1,0
2148,0,0,0,0.31469804525587913,unknown,False,False,0,0,1,0
2149,0,0,0,0.2565175962367489,unknown,False,False,0,0,1,0
2150,0,0,0,0.09330522233683484,unknown,False,False,0,0,1,0
2151,0,0,0,0.13150418402466224,unknown,False,False,0,0,1,0
2152,0,0,0,0.11422317358103908,unknown,False,False,0,0,1,0
2153,0,0,0,0.2182487472735721,unknown,False,False,0,0,1,0
2154,0,0,0,0.11476868210114322,unknown,False,False,0,0,1,0
2155,0,0,0,0.0909518142975018,unknown,False,False,0,0,1,0
2156,1,0,1,0.07545617751166538,unknown,False,False,1,0,1,0
2157,2,0,2,0.0984026567855671,unknown,False,False,2,0,1,2
2158,3,1,4,0.09604442120975724,unknown,False,False,3,0,1,1
2159,4,0,4,0.07817809905107544,unknown,False,False,1,0,1,0
2160,2,0,2,0.21458347520317622,unknown,False,False,0,0,0,0
2161,0,0,0,0.1303689446404297,unknown,False,False,0,0,1,0
2162,0,0,0,0.2728394842480868,unknown,False,False,0,0,1,0
2163,0,0,0,0.1251187974568751,unknown,False,False,0,0,1,0
2164,0,0,0,0.11270920109208238,unknown,False,False,0,0,1,0
2165,0,0,0,0.1354125019452566,unknown,False,False,0,0,0,0
2166,0,0,0,0.10706298517452527,unknown,False,False,0,0,1,0
2167,0,0,0,0.1293563402132254,unknown,False,False,0,0,1,0
2168,0,0,0,0.1113918691236826,unknown,False,False,0,0,1,0
2169,0,0,0,0.12465582303453673,unknown,False,False,0,0,1,0
2170,0,0,0,0.07350936474894301,unknown,False,False,0,0,1,0
2171,0,0,0,0.28326514857403257,unknown,False,False,0,0,0,0
2172,0,0,0,0.45193831140807833,unknown,False,False,0,0,1,0
2173,0,0,0,0.22927754794925861,unknown,False,False,1,0,1,0
2174,0,0,0,0.0763625787838824,unknown,False,False,0,0,1,0
2175,0,0,0,0.11176504150533392,unknown,False,False,0,0,1,0
2176,0,0,0,0.105440730247723,unknown,False,False,1,0,1,0
2177,1,0,1,0.10773167065238527,unknown,False,False,1,0,1,0
2178,1,0,1,0.055581172344382236,unknown,False,False,1,0,1,0
2179,1,0,1,0.13867952702503447,unknown,False,False,1,0,0,0
2180,1,0,1,0.38285370849626865,unknown,False,False,1,0,1,1
2181,1,0,1,0.07363632875417092,unknown,False,False,1,0,0,1
2182,1,0,1,0.03410648552408145,unknown,False,False,1,0,0,1
2183,0,1,1,0.0,unknown,False,False,1,0,0,1
2184,1,0,1,0.0,unknown,False,False,1,0,0,1
2185,1,0,1,0.0,unknown,False,False,1,0,0,0
2186,1,0,1,0.0,unknown,False,False,1,0,0,0
2187,1,0,1,0.0,unknown,False,False,1,0,0,0
2188,1,0,1,0.0,unknown,False,False,0,0,0,0
2189,0,0,0,0.0,unknown,False,False,0,0,0,0
2190,0,0,0,0.0,unknown,False,False,0,0,0,0
2191,0,0,0,0.0,unknown,False,False,0,0,0,0
2192,0,0,0,0.0,unknown,False,False,0,0,0,0
2193,0,0,0,0.0,unknown,False,False,0,0,0,0
2194,0,0,0,0.0,unknown,False,False,0,0,0,0
2195,1,0,1,0.0,unknown,False,False,1,0,0,1
2196,1,0,1,0.0,unknown,False,False,1,0,0,1
2197,1,0,1,0.0,unknown,False,False,0,0,0,0
2198,0,0,0,0.0,unknown,False,False,0,0,0,0
2199,0,0,0,0.0,unknown,False,False,0,0,1,0
2200,0,0,0,0.0,unknown,False,False,0,0,0,0
2201,0,0,0,0.0,unknown,False,False,0,0,0,0
2202,0,0,0,0.0,unknown,False,False,1,0,0,0
2203,1,0,1,0.0,unknown,False,False,2,0,1,2
2204,1,1,2,0.0,unknown,False,False,2,0,1,2
2205,2,0,2,0.7293311285280891,unknown,False,False,0,0,11,0
2206,0,0,0,0.6607866135094075,unknown,False,False,0,0,2,0
2207,0,0,0,0.7251506553255549,unknown,False,False,0,0,6,0
2208,0,0,0,1.163566728779107,unknown,False,False,0,0,8,0
2209,0,0,0,0.8886802457041448,unknown,False,False,0,0,6,0
2210,0,0,0,0.7410016698972098,unknown,False,False,0,0,2,0
2211,0,0,0,0.595646431967392,unknown,False,False,0,0,4,0
2212,0,0,0,0.465208777468169,unknown,False,False,0,0,0,0
2213,0,0,0,0.3645008277525589,unknown,False,False,1,0,1,1
2214,0,0,0,0.14958621330720373,unknown,False,False,0,0,0,0
2215,0,0,0,0.0,unknown,False,False,0,0,0,0
2216,0,0,0,0.0,unknown,False,False,0,0,0,0
2217,0,0,0,0.0,unknown,False,False,0,0,0,0
2218,0,0,0,0.0,unknown,False,False,0,0,1,0
2219,0,0,0,0.0,unknown,False,False,0,0,0,0
2220,0,0,0,0.0,unknown,False,False,0,0,0,0
2221,0,0,0,0.0,unknown,False,False,0,0,0,0
2222,0,0,0,0.0,unknown,False,False,0,0,0,0
2223,0,0,0,0.0,unknown,False,False,0,0,0,0
2224,0,0,0,0.0,unknown,False,False,0,0,0,0
2225,0,0,0,0.0,unknown,False,False,0,0,0,0
2226,0,0,0,0.0,unknown,False,False,0,0,0,0
2227,0,0,0,0.0,unknown,False,False,0,0,0,0
2228,0,0,0,0.0,unknown,False,False,0,0,0,0
2229,0,0,0,0.0,unknown,False,False,0,0,0,0
2230,0,0,0,0.0,unknown,False,False,0,0,0,0
2231,0,0,0,0.0,unknown,False,False,0,0,0,0
2232,0,0,0,0.0,unknown,False,False,0,0,0,0
2233,0,0,0,0.0,unknown,False,False,0,0,1,0
2234,0,0,0,0.0,unknown,False,False,1,0,0,0
2235,1,0,1,0.0,unknown,False,False,1,0,0,1
2236,0,1,1,0.0,unknown,False,False,0,0,0,0
2237,0,0,0,0.0,unknown,False,False,0,0,0,0
2238,0,0,0,0.0,unknown,False,False,0,0,0,0
2239,0,0,0,0.0,unknown,False,False,0,0,0,0
2240,0,0,0,0.0,unknown,False,False,0,0,0,0
2241,0,0,0,0.0,unknown,False,False,1,0,1,1
2242,1,0,1,0.8377331100274358,unknown,False,False,0,0,0,0
2243,1,0,1,0.0,unknown,False,False,0,0,1,0
2244,0,0,0,1.107972761413992,unknown,False,False,0,0,1,0
2245,0,0,0,0.0,unknown,False,False,0,0,0,0
2246,0,0,0,0.0,unknown,False,False,0,0,0,0
2247,0,0,0,0.0,unknown,False,False,0,0,0,0
2248,0,0,0,0.0,unknown,False,False,0,0,0,0
2249,0,0,0,0.0,unknown,False,False,0,0,0,0
2250,0,0,0,0.0,unknown,False,False,0,0,0,0
2251,0,0,0,0.0,unknown,False,False,0,0,0,0
2252,0,0,0,0.0,unknown,False,False,0,0,0,0
2253,0,0,0,0.0,unknown,False,False,0,0,0,0
2254,0,0,0,0.13394197379034314,unknown,False,False,0,0,1,0
2255,0,0,0,0.14890713553023985,unknown,False,False,0,0,0,0
2256,0,0,0,0.0,unknown,False,False,0,0,0,0
2257,0,0,0,0.0,unknown,False,False,0,0,0,0
2258,0,0,0,0.0,unknown,False,False,0,0,0,0
2259,0,0,0,0.0,unknown,False,False,0,0,1,0
2260,0,0,0,1.9743850941459613,unknown,False,False,0,0,1,0
2261,0,0,0,2.5061499021457365,unknown,False,False,0,0,1,0
2262,0,0,0,1.314773567948802,unknown,False,False,0,0,1,0
2263,0,0,0,0.6728924849982761,unknown,False,False,0,0,0,0
2264,1,0,1,0.0,unknown,False,False,1,0,0,1
2265,0,1,1,0.0,unknown,False,False,1,0,0,0
2266,1,0,1,0.0,unknown,False,False,0,0,0,0
2267,1,0,1,0.0,unknown,False,False,0,0,0,0
2268,0,0,0,0.0,unknown,False,False,0,0,0,0
2269,0,0,0,0.0,unknown,False,False,0,0,0,0
2270,0,0,0,0.0,unknown,False,False,0,0,0,0
2271,0,0,0,0.0,unknown,False,False,0,0,0,0
2272,0,0,0,0.0,unknown,False,False,0,0,0,0
2273,0,0,0,0.0,unknown,False,False,0,0,0,0
2274,0,0,0,0.0,unknown,False,False,0,0,0,0
2275,0,0,0,0.0,unknown,False,False,1,0,0,0
2276,1,0,1,0.0,unknown,False,False,1,0,0,0
2277,0,1,1,0.0,unknown,False,False,1,0,0,0
2278,1,0,1,0.0,unknown,False,False,0,0,0,0
2279,1,0,1,0.0,unknown,False,False,0,0,0,0
2280,0,0,0,0.0,unknown,False,False,0,0,0,0
2281,0,1,1,0.0,unknown,False,False,1,0,0,0
2282,1,1,2,0.0,unknown,False,False,0,0,0,0
2283,1,0,1,0.0,unknown,False,False,0,0,0,0
2284,1,0,1,0.0,unknown,False,False,1,0,0,1
2285,1,1,2,0.0,unknown,False,False,0,0,0,0
2286,1,0,1,0.0,unknown,False,False,0,0,0,0
2287,0,0,0,0.0,unknown,False,False,0,0,0,0
2288,0,0,0,0.0,unknown,False,False,1,0,0,1
2289,1,0,1,0.0,unknown,False,False,0,0,0,0
2290,0,0,0,0.0,unknown,False,False,0,0,0,0
2291,0,0,0,0.0,unknown,False,False,1,0,0,0
2292,1,0,1,0.0,unknown,False,False,3,0,0,0
2293,3,0,3,0.0,unknown,False,False,2,0,0,0
2294,3,0,3,0.0,unknown,False,False,2,0,0,0
2295,4,1,5,0.0,unknown,False,False,1,0,0,0
2296,2,0,2,0.0,unknown,False,False,0,0,0,0
2297,1,0,1,0.0,unknown,False,False,0,0,0,0
2298,0,0,0,0.0,unknown,False,False,0,0,0,0
2299,0,0,0,0.0,unknown,False,False,0,0,0,0
2300,0,0,0,0.0,unknown,False,False,0,0,0,0
2301,0,0,0,0.0,unknown,False,False,0,0,0,0
2302,1,0,1,0.0,unknown,False,False,1,0,0,0
2303,2,0,2,0.0,unknown,False,False,2,0,0,0
2304,0,2,2,0.0,unknown,False,False,2,0,0,0
2305,2,0,2,0.0,unknown,False,False,1,0,0,0
2306,2,0,2,0.0,unknown,False,False,0,0,0,0
2307,0,0,0,0.0,unknown,False,False,0,0,0,0
2308,0,0,0,0.0,unknown,False,False,0,0,0,0
2309,0,0,0,0.0,unknown,False,False,0,0,0,0
2310,0,0,0,0.0,unknown,False,False,0,0,1,0
2311,0,0,0,0.0,unknown,False,False,0,0,0,0
2312,0,0,0,0.0,unknown,False,False,0,0,0,0
2313,0,0,0,0.0,unknown,False,False,0,0,0,0
2314,0,0,0,0.0,unknown,False,False,0,0,0,0
2315,0,0,0,0.0,unknown,False,False,0,0,0,0
2316,0,0,0,0.0,unknown,False,False,0,0,0,0
2317,0,0,0,0.0,unknown,False,False,0,0,0,0
2318,0,0,0,0.0,unknown,False,False,0,0,0,0
2319,0,0,0,0.0,unknown,False,False,0,0,0,0
2320,0,0,0,0.0,unknown,False,False,0,0,0,0
2321,0,0,0,0.0,unknown,False,False,0,0,0,0
2322,0,0,0,0.0,unknown,False,False,0,0,0,0
2323,0,0,0,0.0,unknown,False,False,1,0,0,0
2324,1,0,1,0.0,unknown,False,False,1,0,0,0
2325,0,1,1,0.0,unknown,False,False,1,0,0,0
2326,1,0,1,0.0,unknown,False,False,2,0,1,0
2327,1,0,1,0.3991667108104879,unknown,False,False,1,0,0,0
2328,1,0,1,0.04293899099231179,unknown,False,False,0,0,0,0
2329,0,0,0,0.0,unknown,False,False,0,0,0,0
2330,0,0,0,0.0,unknown,False,False,0,0,0,0
2331,0,0,0,0.0,unknown,False,False,0,0,0,0
2332,0,0,0,0.0,unknown,False,False,0,0,0,0
2333,0,0,0,0.0,unknown,False,False,0,0,0,0
2334,0,0,0,0.0,unknown,False,False,0,0,0,0
2335,1,0,1,0.676636419821522,unknown,False,False,0,0,2,0
2336,0,0,0,1.7169180165667386,unknown,False,False,0,0,4,0
2337,0,0,0,1.8616146538261982,unknown,False,False,0,0,2,0
2338,0,0,0,1.6341941932703428,unknown,False,False,0,0,2,0
2339,0,0,0,0.5946339906473912,unknown,False,False,0,0,6,0
2340,0,0,0,0.45651082402761417,unknown,False,False,0,0,4,0
2341,1,0,1,0.40196957144373113,unknown,False,False,1,0,0,0
2342,1,0,1,0.4906729700920676,unknown,False,False,0,0,0,0
2343,0,0,0,0.14499362305371796,unknown,False,False,0,0,0,0
2344,0,0,0,0.0,unknown,False,False,0,0,0,0
2345,0,0,0,0.0,unknown,False,False,0,0,0,0
2346,0,0,0,0.0,unknown,False,False,0,0,0,0
2347,0,0,0,0.0,unknown,False,False,0,0,0,0
2348,0,0,0,0.0,unknown,False,False,0,0,0,0
2349,0,0,0,0.0,unknown,False,False,0,0,0,0
2350,0,0,0,0.0,unknown,False,False,0,0,2,0
2351,0,0,0,0.4331864813001594,unknown,False,False,0,0,0,0
2352,0,0,0,0.0,unknown,False,False,0,0,0,0
2353,0,0,0,0.0,unknown,False,False,0,0,1,0
2354,0,0,0,1.5936140812571407,unknown,False,False,0,0,1,0
2355,0,0,0,1.5015023114809636,unknown,False,False,0,0,1,0
2356,0,0,0,0.0,unknown,False,False,0,0,0,0
2357,0,0,0,0.0,unknown,False,False,0,0,0,0
2358,0,0,0,0.0,unknown,False,False,1,0,0,0
2359,0,0,0,0.0,unknown,False,False,0,0,0,0
2360,0,0,0,0.0,unknown,False,False,0,0,0,0
2361,0,0,0,0.0,unknown,False,False,0,0,0,0
2362,0,0,0,0.0,unknown,False,False,0,0,0,0
2363,0,0,0,0.0,unknown,False,False,0,0,0,0
2364,0,0,0,0.0,unknown,False,False,0,0,0,0
2365,0,0,0,0.0,unknown,False,False,0,0,0,0
2366,0,0,0,0.0,unknown,False,False,0,0,0,0
2367,0,0,0,0.0,unknown,False,False,0,0,0,0
2368,0,0,0,0.0,unknown,False,False,0,0,0,0
2369,0,0,0,0.0,unknown,False,False,0,0,0,0
2370,0,0,0,0.0,unknown,False,False,0,0,0,0
2371,0,0,0,0.0,unknown,False,False,0,0,0,0
2372,0,0,0,0.0,unknown,False,False,0,0,0,0
2373,0,0,0,0.0,unknown,False,False,0,0,0,0
2374,0,0,0,0.19212747435428107,unknown,False,False,0,0,0,0
2375,0,0,0,0.08629964291399947,unknown,False,False,0,0,0,0
2376,0,0,0,0.0,unknown,False,False,0,0,0,0
2377,0,0,0,0.0,unknown,False,False,0,0,0,0
2378,0,0,0,0.0,unknown,False,False,0,0,0,0
2379,0,0,0,0.0,unknown,False,False,0,0,0,0
2380,0,0,0,0.0,unknown,False,False,1,0,0,0
2381,0,0,0,0.0,unknown,False,False,0,0,0,0
2382,2,0,2,0.0,unknown,False,False,2,0,1,0
2383,2,0,2,0.0,unknown,False,False,4,1,0,0
2384,2,0,2,0.0,unknown,False,False,3,0,0,0
2385,1,2,3,0.0,unknown,False,False,5,0,0,0
2386,3,1,4,0.0,unknown,False,False,3,0,0,0
2387,2,0,2,0.0,unknown,False,False,1,0,0,0
2388,2,0,2,0.0,unknown,False,False,0,0,0,0
2389,0,0,0,0.0,unknown,False,False,1,0,0,0
2390,0,0,0,0.0,unknown,False,False,0,0,0,0
2391,0,0,0,0.0,unknown,False,False,0,0,0,0
2392,0,0,0,0.0,unknown,False,False,0,0,0,0
2393,0,0,0,0.2057297887521729,unknown,False,False,0,0,1,0
2394,0,0,0,0.1997624350831989,unknown,False,False,0,0,0,0
2395,0,0,0,0.0,unknown,False,False,0,0,0,0
2396,0,0,0,0.16846446407845506,unknown,False,False,0,0,2,0
2397,0,0,0,0.4649076024995997,unknown,False,False,1,0,3,0
2398,3,0,3,0.6104092969011434,unknown,False,False,2,0,1,0
2399,3,0,3,0.770183333215229,unknown,False,False,1,0,3,1
2400,1,1,2,0.7371714459390419,unknown,False,False,1,0,0,1
2401,1,0,1,0.0,unknown,False,False,0,0,0,0
2402,0,0,0,0.0,unknown,False,False,0,0,0,0
2403,0,0,0,0.0,unknown,False,False,0,0,2,0
2404,0,0,0,1.3149135590127645,unknown,False,False,0,0,1,0
2405,0,0,0,1.0728574438547562,unknown,False,False,0,0,2,0
2406,0,0,0,0.9462406366024307,unknown,False,False,0,0,0,0
2407,0,0,0,0.6542747448733207,unknown,False,False,0,0,0,0
2408,0,0,0,0.0,unknown,False,False,0,0,0,0
2409,0,0,0,0.0,unknown,False,False,0,0,0,0
2410,0,0,0,0.0,unknown,False,False,0,0,0,0
2411,0,0,0,0.0,unknown,False,False,0,0,0,0
2412,0,0,0,0.0,unknown,False,False,0,0,0,0
2413,0,0,0,0.0,unknown,False,False,0,0,0,0
2414,0,0,0,0.0,unknown,False,False,0,0,0,0
2415,0,0,0,0.0,unknown,False,False,0,0,0,0
2416,0,0,0,0.0,unknown,False,False,0,0,1,0
2417,2,0,2,0.0,unknown,False,False,1,0,0,0
2418,2,0,2,0.0,unknown,False,False,1,0,0,1
2419,1,0,1,0.0,unknown,False,False,0,0,0,0
2420,1,0,1,0.0,unknown,False,False,1,0,0,0
2421,1,0,1,0.0,unknown,False,False,1,0,0,0
2422,1,0,1,0.0,unknown,False,False,0,0,0,0
2423,0,0,0,0.0,unknown,False,False,0,0,0,0
2424,0,0,0,0.0,unknown,False,False,0,0,0,0
2425,0,0,0,0.0,unknown,False,False,1,0,0,0
2426,1,0,1,0.0,unknown,False,False,0,0,1,0
2427,1,0,1,0.0,unknown,False,False,1,0,0,0
2428,1,0,1,0.0,unknown,False,False,1,0,0,0
2429,1,0,1,0.0,unknown,False,False,1,0,0,1
2430,0,1,1,0.0,unknown,False,False,1,0,0,2
2431,1,1,2,0.0,unknown,False,False,1,0,0,1
2432,1,0,1,0.0,unknown,False,False,1,0,0,0
2433,1,0,1,0.05360569653598331,unknown,False,False,0,0,0,0
2434,1,0,1,0.042884557228786646,unknown,False,False,0,0,0,0
2435,0,0,0,0.0,unknown,False,False,0,0,0,0
2436,0,1,1,0.0,unknown,False,False,1,0,0,1
2437,2,0,2,0.0,unknown,False,False,1,0,0,0
2438,1,0,1,0.0,unknown,False,False,0,0,0,0
2439,0,0,0,0.0,unknown,False,False,0,0,0,0
2440,0,1,1,0.13287322464805393,unknown,False,False,1,0,0,0
2441,0,1,1,0.10683859609654238,unknown,False,False,0,0,0,0
2442,0,0,0,0.0,unknown,False,False,0,0,0,0
2443,0,0,0,0.0,unknown,False,False,0,0,0,0
2444,0,0,0,0.0,unknown,False,False,0,0,0,0
2445,0,0,0,0.0,unknown,False,False,0,0,0,0
2446,0,0,0,0.0,unknown,False,False,0,0,0,0
2447,0,0,0,0.0,unknown,False,False,0,0,0,0
2448,0,0,0,0.0,unknown,False,False,0,0,0,0
2449,0,0,0,0.0,unknown,False,False,0,0,0,0
2450,0,0,0,0.0,unknown,False,False,0,0,0,0
2451,1,0,1,0.0,unknown,False,False,2,0,0,0
2452,3,0,3,0.0,unknown,False,False,3,0,0,0
2453,4,1,5,0.0,unknown,False,False,3,0,0,0
2454,3,0,3,0.0,unknown,False,False,1,0,0,1
2455,2,0,2,0.0,unknown,False,False,1,0,0,1
2456,2,0,2,0.0,unknown,False,False,1,0,0,0
2457,1,0,1,0.0,unknown,False,False,1,0,0,0
2458,1,0,1,0.0,unknown,False,False,0,0,0,0
2459,1,0,1,0.0,unknown,False,False,0,0,0,0
2460,0,0,0,0.0,unknown,False,False,0,0,0,0
2461,0,0,0,0.0,unknown,False,False,0,0,0,0
2462,0,0,0,0.0,unknown,False,False,0,0,0,0
2463,0,0,0,0.0,unknown,False,False,0,0,0,0
2464,0,0,0,0.0,unknown,False,False,0,0,0,0
2465,1,0,1,0.0,unknown,False,False,1,0,0,1
2466,2,0,2,0.0,unknown,False,False,1,0,0,0
2467,1,0,1,0.0,unknown,False,False,0,0,0,0
2468,0,0,0,0.0,unknown,False,False,0,0,0,0
2469,0,0,0,0.0,unknown,False,False,0,0,0,0
2470,1,0,1,0.0,unknown,False,False,2,0,0,1
2471,2,1,3,0.0,unknown,False,False,1,0,0,0
2472,1,2,3,0.0,unknown,False,False,1,0,0,1
2473,1,1,2,0.0,unknown,False,False,1,0,0,0
2474,1,0,1,0.0,unknown,False,False,0,0,0,0
2475,0,0,0,0.0,unknown,False,False,1,0,0,0
2476,0,1,1,0.0,unknown,False,False,1,0,0,0
2477,1,1,2,0.0,unknown,False,False,1,0,0,0
2478,1,0,1,0.0,unknown,False,False,0,0,0,0
2479,1,0,1,0.0,unknown,False,False,1,0,0,0
2480,1,0,1,0.0,unknown,False,False,1,0,0,1
2481,1,0,1,0.0,unknown,False,False,1,0,0,1
2482,0,1,1,0.0,unknown,False,False,1,0,0,1
2483,1,0,1,0.0,unknown,False,False,1,0,0,0
2484,1,0,1,0.0,unknown,False,False,0,0,0,0
2485,1,0,1,0.0,unknown,False,False,0,0,0,0
2486,0,0,0,0.0,unknown,False,False,0,0,0,0
2487,0,0,0,0.0,unknown,False,False,0,0,1,0
2488,0,0,0,0.0,unknown,False,False,0,0,0,0
2489,0,0,0,0.0,unknown,False,False,1,0,0,0
2490,3,0,3,0.0,unknown,False,False,3,0,0,0
2491,4,2,6,0.0,unknown,False,False,6,0,0,0
2492,4,1,5,0.0,unknown,False,False,3,0,0,0
2493,4,0,4,0.0,unknown,False,False,2,0,0,1
2494,2,0,2,0.0,unknown,False,False,2,0,0,1
2495,2,0,2,0.0,unknown,False,False,2,0,0,2
2496,3,0,3,0.0,unknown,False,False,2,0,0,2
2497,3,0,3,0.0,unknown,False,False,2,0,0,2
2498,3,1,4,0.0,unknown,False,False,2,0,0,1
2499,3,0,3,0.0,unknown,False,False,2,0,0,1
2500,4,0,4,0.0,unknown,False,False,3,0,0,0
2501,4,2,6,0.0,unknown,False,False,3,0,0,0
2502,3,0,3,0.0,unknown,False,False,0,0,0,0
2503,0,0,0,0.0,unknown,False,False,0,0,0,0
2504,0,0,0,0.0,unknown,False,False,0,0,0,0
2505,0,0,0,0.0,unknown,False,False,0,0,0,0
2506,1,0,1,0.0,unknown,False,False,1,0,1,0
2507,0,1,1,0.0,unknown,False,False,1,0,0,0
2508,2,0,2,0.0,unknown,False,False,0,0,0,0
2509,1,0,1,0.0,unknown,False,False,1,0,0,0
2510,1,0,1,0.0,unknown,False,False,0,0,0,0
2511,0,0,0,0.0,unknown,False,False,0,0,1,0
2512,0,0,0,0.0,unknown,False,False,1,0,0,0
2513,1,0,1,0.0,unknown,False,False,1,0,0,0
2514,2,0,2,0.0,unknown,False,False,1,0,0,0
2515,1,0,1,0.0,unknown,False,False,0,0,0,0
2516,1,0,1,0.0,unknown,False,False,0,0,0,0
2517,1,0,1,0.0,unknown,False,False,1,0,0,0
2518,0,1,1,0.0,unknown,False,False,1,0,0,0
2519,1,0,1,0.0,unknown,False,False,1,0,0,0
2520,2,0,2,0.0,unknown,False,False,0,0,0,0
2521,0,0,0,0.0,unknown,False,False,0,0,0,0
2522,0,0,0,0.0,unknown,False,False,0,0,0,0
2523,0,0,0,0.0,unknown,False,False,0,0,0,0
2524,0,0,0,0.0,unknown,False,False,0,0,0,0
2525,0,0,0,0.0,unknown,False,False,0,0,0,0
2526,0,0,0,0.0,unknown,False,False,0,0,0,0
2527,0,0,0,0.0,unknown,False,False,0,0,0,0
2528,0,0,0,0.0,unknown,False,False,0,0,0,0
2529,0,0,0,0.0,unknown,False,False,1,0,0,0
2530,1,0,1,0.0,unknown,False,False,1,0,0,0
2531,1,1,2,0.0,unknown,False,False,1,0,0,0
2532,1,0,1,0.0,unknown,False,False,0,0,0,0
2533,0,0,0,0.0,unknown,False,False,0,0,0,0
2534,0,0,0,0.0,unknown,False,False,0,0,0,0
2535,1,0,1,0.0,unknown,False,False,1,0,0,1
2536,1,1,2,0.0,unknown,False,False,1,0,0,0
2537,1,0,1,0.0,unknown,False,False,0,0,0,0
2538,0,0,0,0.0,unknown,False,False,0,0,0,0
2539,0,0,0,0.0,unknown,False,False,0,0,0,0
2540,0,0,0,0.0,unknown,False,False,0,0,0,0
2541,0,0,0,0.0,unknown,False,False,0,0,0,0
2542,0,0,0,0.9928530694303794,unknown,False,False,0,0,3,0
2543,0,0,0,1.2501805201951282,unknown,False,False,0,0,0,0
2544,1,0,1,0.7483352138723217,unknown,False,False,1,0,4,0
2545,0,1,1,0.7672668169889375,unknown,False,False,1,0,1,0
2546,1,0,1,0.5359403737270693,unknown,False,False,1,0,5,0
2547,2,0,2,0.6817759187981812,unknown,False,False,1,0,3,1
2548,1,0,1,0.8228712557295547,unknown,False,False,0,0,5,0
2549,1,0,1,0.724510596993116,unknown,False,False,0,0,8,0
2550,0,0,0,0.6923649518584539,unknown,False,False,0,0,9,0
2551,0,0,0,0.6135138312108451,unknown,False,False,1,0,10,0
2552,1,0,1,0.6640287259340789,unknown,False,False,1,0,8,1
2553,1,0,1,0.7473231762561173,unknown,False,False,0,0,6,0
2554,0,0,0,0.675790843685013,unknown,False,False,0,0,8,0
2555,0,0,0,0.5995540719179526,unknown,False,False,0,0,8,0
2556,0,0,0,0.7037928854756408,unknown,False,False,0,0,4,0
2557,1,0,1,0.6920830628251899,unknown,False,False,1,0,5,0
2558,0,1,1,0.7310519743800674,unknown,False,False,1,0,6,0
2559,1,0,1,0.7186804871608861,unknown,False,False,0,0,6,0
2560,0,0,0,0.7032606798399307,unknown,False,False,0,0,5,0
2561,0,0,0,0.753323827934226,unknown,False,False,0,0,5,0
2562,0,0,0,0.7250452938558789,unknown,False,False,0,0,8,0
2563,1,0,1,0.740159605105638,unknown,False,False,1,0,7,0
2564,0,1,1,0.6597202421835601,unknown,False,False,1,0,7,0
2565,1,0,1,0.5263365931185743,unknown,False,False,0,0,4,0
2566,1,0,1,0.535313779119237,unknown,False,False,3,0,3,1
2567,3,0,3,0.5176897094061366,red,False,False,2,0,4,0
2568,2,0,2,0.35319891196691455,unknown,False,False,2,0,5,0
2569,1,1,2,0.4409322351099333,unknown,False,False,2,0,3,0
2570,1,1,2,0.5199821824123297,unknown,False,False,1,0,3,0
2571,2,0,2,0.7897953558527933,unknown,False,False,1,0,5,0
2572,1,0,1,0.6382553882679527,unknown,False,False,0,0,5,0
2573,0,0,0,0.5595977949907334,red,False,False,0,0,3,0
2574,0,0,0,0.6237453347725733,unknown,False,False,0,0,3,0
2575,0,0,0,0.8105131220115191,unknown,False,False,0,0,1,0
2576,0,0,0,0.47967447347075093,unknown,False,False,0,0,0,0
2577,0,0,0,0.0,unknown,False,False,0,0,1,0
2578,0,0,0,0.20231310174303277,unknown,False,False,0,0,0,0
2579,0,0,0,0.3941686699457085,unknown,False,False,0,0,1,0
2580,0,0,0,0.3994029488441873,unknown,False,False,0,0,0,0
2581,0,0,0,0.0,unknown,False,False,0,0,0,0
2582,0,0,0,0.0,unknown,False,False,0,0,1,0
2583,0,0,0,0.0,unknown,False,False,0,0,1,0
2584,0,0,0,1.1194214906824684,unknown,False,False,2,0,0,1
2585,1,0,1,0.0,unknown,False,False,0,0,0,0
2586,0,0,0,0.1864049626980809,unknown,False,False,0,0,1,0
2587,0,0,0,0.1862465929631447,unknown,False,False,0,0,1,0
2588,0,0,0,0.5060482928516566,unknown,False,False,0,0,1,0
2589,0,0,0,0.3195849239459023,unknown,False,False,0,0,0,0
2590,0,0,0,0.2050482999975806,unknown,False,False,1,0,0,0
2591,1,0,1,0.0,unknown,False,False,1,0,0,0
2592,1,0,1,0.0,unknown,False,False,0,0,0,0
2593,0,0,0,0.0,unknown,False,False,0,0,0,0
2594,0,0,0,0.0,unknown,False,False,0,0,0,0
2595,0,0,0,0.0,unknown,False,False,0,0,0,0
2596,0,0,0,0.0,unknown,False,False,1,0,0,0
2597,0,1,1,0.1709793816913609,unknown,False,False,1,0,1,0
2598,0,0,0,0.38430891016264174,unknown,False,False,0,0,1,0
2599,0,0,0,0.16477743373947634,unknown,False,False,0,0,0,0
2600,0,0,0,0.0,unknown,False,False,0,0,0,0
2601,1,0,1,0.0,unknown,False,False,2,0,0,0
2602,0,1,1,0.0,unknown,False,False,1,0,0,0
2603,1,0,1,0.0,unknown,False,False,0,0,0,0
2604,1,0,1,0.0,unknown,False,False,0,0,0,0
2605,0,0,0,0.0,unknown,False,False,0,0,0,0
2606,0,0,0,0.0,unknown,False,False,0,0,0,0
2607,0,0,0,0.0,unknown,False,False,0,0,1,0
2608,0,0,0,0.0,unknown,False,False,0,0,0,0
2609,0,0,0,0.0,unknown,False,False,0,0,0,0
2610,0,0,0,0.32388180565907254,unknown,False,False,0,0,0,0
2611,0,0,0,0.19184952781335948,unknown,False,False,0,0,0,0
2612,0,0,0,0.050604621363686035,unknown,False,False,0,0,0,0
2613,0,0,0,0.0,unknown,False,False,0,0,0,0
2614,0,0,0,0.0,unknown,False,False,0,0,0,0
2615,0,0,0,0.0,unknown,False,False,0,0,0,0
2616,0,0,0,0.0,unknown,False,False,0,0,0,0
2617,0,0,0,0.0,unknown,False,False,0,0,0,0
2618,0,0,0,0.0,unknown,False,False,0,0,0,0
2619,0,0,0,0.0,unknown,False,False,1,0,0,0
2620,1,0,1,0.0,unknown,False,False,0,0,0,0
2621,0,0,0,0.0,unknown,False,False,0,0,0,0
2622,1,0,1,0.0,unknown,False,False,1,0,0,0
2623,1,0,1,0.0,unknown,False,False,1,0,0,0
2624,1,0,1,0.0,unknown,False,False,0,0,0,0
2625,0,0,0,0.0,unknown,False,False,0,0,0,0
2626,0,0,0,0.0,unknown,False,False,0,0,0,0
2627,0,1,1,0.0,unknown,False,False,1,0,0,1
2628,1,0,1,0.0,unknown,False,False,0,0,0,0
2629,0,0,0,0.0,unknown,False,False,0,0,0,0
2630,0,0,0,0.0,unknown,False,False,0,0,0,0
2631,0,0,0,0.0,unknown,False,False,1,0,0,0
2632,0,0,0,0.0,unknown,False,False,1,0,0,0
2633,0,0,0,0.0,unknown,False,False,0,0,0,0
2634,0,0,0,0.0,unknown,False,False,0,0,0,0
2635,0,0,0,0.0,unknown,False,False,0,0,0,0
2636,0,0,0,0.0,unknown,False,False,0,0,0,0
2637,0,0,0,0.0,unknown,False,False,1,0,0,0
2638,0,1,1,0.0,unknown,False,False,1,0,0,1
2639,1,0,1,0.0,unknown,False,False,0,0,0,0
2640,1,0,1,0.0,unknown,False,False,1,0,0,0
2641,0,0,0,0.0,unknown,False,False,0,0,1,0
2642,0,0,0,0.41134124517301485,unknown,False,False,0,0,1,0
2643,0,0,0,0.1270556267143001,unknown,False,False,0,0,1,0
2644,0,0,0,0.42289331708943273,unknown,False,False,0,0,1,0
2645,0,0,0,0.2707335657230133,unknown,False,False,0,0,0,0
2646,0,0,0,0.4688255228528009,unknown,False,False,0,0,0,0
2647,0,0,0,0.0,unknown,False,False,0,0,0,0
2648,0,0,0,0.0,unknown,False,False,0,0,0,0
2649,0,0,0,0.0,unknown,False,False,0,0,0,0
2650,0,0,0,0.0,unknown,False,False,0,0,0,0
2651,1,0,1,0.0,unknown,False,False,2,0,0,0
2652,0,1,1,0.0,unknown,False,False,1,1,0,0
2653,2,0,2,0.6865874777859562,unknown,False,False,1,0,2,0
2654,2,0,2,0.3235988110266295,unknown,False,False,2,0,5,0
2655,2,0,2,0.2694349293964094,unknown,False,False,1,0,4,0
2656,1,0,1,0.32646733238901315,unknown,False,False,1,0,8,0
2657,1,0,1,0.6038400969061295,unknown,False,False,0,0,7,0
2658,0,0,0,1.192984975497383,unknown,False,False,0,0,8,0
2659,0,0,0,1.388701059003,unknown,False,False,0,0,10,0
2660,0,0,0,1.059803427875975,unknown,False,False,0,0,8,0
2661,1,0,1,1.43765760197813,unknown,False,False,1,0,11,0
2662,0,1,1,1.2753757027563106,unknown,False,False,1,0,11,0
2663,1,0,1,0.9516054530686788,unknown,False,False,0,0,14,0
2664,0,0,0,1.4789873556074757,unknown,False,False,0,0,14,0
2665,0,0,0,1.6779550377550905,unknown,False,False,0,0,12,0
2666,0,0,0,1.4659717905887366,unknown,False,False,0,0,11,0
2667,0,0,0,1.195147298737779,unknown,False,False,0,0,11,0
2668,0,0,0,1.44793486754664,unknown,False,False,0,0,14,0
2669,0,0,0,1.5311581274194763,unknown,False,False,0,0,12,0
2670,0,0,0,1.83111186544431,unknown,False,False,0,0,11,0
2671,0,0,0,1.6137543446300753,unknown,False,False,0,0,10,0
2672,0,0,0,1.3335054271524953,unknown,False,False,0,0,6,0
2673,0,0,0,0.30611174311743905,unknown,False,False,0,0,6,0
2674,0,0,0,0.4225686001264453,unknown,False,False,0,0,8,0
2675,0,0,0,0.40978231571395524,red,False,False,0,0,5,0
2676,0,0,0,0.4615696034964461,unknown,False,False,0,0,5,0
2677,0,0,0,0.4051836720421155,unknown,False,False,0,0,5,0
2678,0,0,0,0.45598470530480045,unknown,False,False,0,0,7,0
2679,0,0,0,1.01962733675845,unknown,False,False,0,0,4,0
2680,0,0,0,1.633440105452392,unknown,False,False,0,0,3,0
2681,0,0,0,0.7397390316361779,unknown,False,False,0,0,6,0
2682,0,0,0,0.7042677985139199,unknown,False,False,0,0,3,0
2683,0,0,0,0.6401929934096627,unknown,False,False,0,0,4,0
2684,0,0,0,1.05920312831685,unknown,False,False,0,0,4,0
2685,0,0,0,0.5455575227515413,unknown,False,False,0,0,4,0
2686,0,0,0,0.43451834450941723,unknown,False,False,1,0,5,0
2687,0,0,0,1.263234605879364,unknown,False,False,2,0,5,0
2688,0,0,0,1.5085811407005276,unknown,False,False,1,0,4,0
2689,1,0,1,1.6140599857215605,unknown,False,False,1,0,5,0
2690,1,0,1,1.7266088028985191,unknown,False,False,0,0,4,0
2691,0,0,0,1.2238073925768338,unknown,False,False,0,0,3,0
2692,0,0,0,0.4727199580048258,unknown,False,False,0,0,3,0
2693,0,0,0,0.5248605914424785,unknown,False,False,0,0,2,0
2694,0,0,0,1.8114161767215644,unknown,False,False,0,0,1,0
2695,0,0,0,1.4424309404273183,unknown,False,False,0,0,1,0
2696,0,0,0,0.5999942655872188,unknown,False,False,0,0,4,0
2697,0,0,0,0.39981950105847713,unknown,False,False,0,0,2,0
2698,0,0,0,0.4126097229421326,unknown,False,False,0,0,2,0
2699,0,0,0,0.3791606742833008,unknown,False,False,0,0,3,0
2700,0,0,0,1.9895926566933864,unknown,False,False,0,0,2,0
2701,0,1,1,2.52992017492009,unknown,False,False,1,0,6,1
2702,1,0,1,1.0310805223797426,unknown,False,False,0,0,7,0
2703,0,0,0,1.7395920580037834,unknown,False,False,2,0,4,1
2704,1,1,2,2.0035663791945795,unknown,False,False,3,0,7,2
2705,1,0,1,1.4053092957379745,unknown,False,False,1,0,9,0
2706,0,0,0,1.2632402798945648,unknown,False,False,0,0,9,0
2707,0,0,0,1.448631002537078,unknown,False,False,0,0,10,0
2708,0,0,0,1.4266355467397718,unknown,False,False,0,0,9,0
2709,0,0,0,1.4436267511601526,unknown,False,False,0,0,11,0
2710,0,0,0,1.528466290600299,unknown,False,False,0,0,13,0
2711,0,0,0,1.233687005825068,unknown,False,False,0,0,7,0
2712,0,0,0,1.588358194631738,unknown,False,False,0,0,8,0
2713,0,0,0,1.021860049776931,unknown,False,False,0,0,11,0
2714,0,0,0,0.7824295527433971,unknown,False,False,0,0,13,0
2715,0,0,0,0.6175048657694371,unknown,False,False,1,0,10,0
2716,1,0,1,0.6324599227003295,unknown,False,False,1,0,10,0
2717,1,0,1,0.5586220934994962,unknown,False,False,1,0,11,0
2718,1,0,1,0.26971687573974895,unknown,False,False,1,0,13,0
2719,1,0,1,0.2777763052545482,unknown,False,False,1,0,12,0
2720,1,0,1,0.4879250677208407,unknown,False,False,2,0,12,0
2721,2,0,2,0.37143664814370997,unknown,False,False,1,0,12,0
2722,1,0,1,0.34541957047759475,unknown,False,False,1,0,12,0
2723,1,0,1,0.41583219663710097,unknown,False,False,1,0,9,0
2724,1,0,1,0.5595523019718658,unknown,False,False,1,0,13,0
2725,1,0,1,0.5785411040214795,unknown,False,False,0,0,10,0
2726,1,0,1,0.393912630374942,unknown,False,False,1,0,10,0
2727,1,0,1,0.3731032458162233,unknown,False,False,1,0,12,0
2728,1,0,1,0.5421966532778845,unknown,False,False,0,0,14,0
2729,0,0,0,0.48475523615001603,unknown,False,False,0,0,10,0
2730,0,0,0,0.5901934980413446,unknown,False,False,0,0,12,0
2731,0,0,0,0.5109680281399253,unknown,False,True,0,0,11,0
2732,0,0,0,0.38534251699170985,unknown,False,False,0,0,14,0
2733,0,0,0,0.5654354275741978,unknown,False,False,0,1,8,0
2734,0,0,0,0.46998082538715097,unknown,False,False,1,0,12,0
2735,0,0,0,0.3693097402494897,unknown,False,False,0,0,12,0
2736,0,0,0,0.5174795486533874,unknown,False,False,0,0,11,0
2737,0,0,0,0.411125452530499,unknown,False,False,0,0,9,0
2738,0,0,0,0.485223926597878,unknown,False,False,0,0,12,0
2739,1,0,1,0.4153341896198406,unknown,False,False,1,0,11,0
2740,1,0,1,0.24168071307787864,unknown,False,False,0,0,11,0
2741,1,0,1,0.3243729330611641,unknown,False,False,0,0,12,0
2742,1,0,1,0.4513339619152659,unknown,False,False,0,0,11,0
2743,1,0,1,0.2472131428563542,unknown,False,False,2,0,11,0
2744,1,0,1,0.238802577678569,unknown,False,False,2,0,12,0
2745,2,0,2,0.09798342065952916,unknown,False,False,2,0,12,0
2746,2,0,2,0.1506322679753591,unknown,False,False,2,0,11,0
2747,2,0,2,0.1745425701719454,unknown,False,False,2,0,10,1
2748,2,0,2,0.2546528644434627,unknown,False,False,2,0,11,1
2749,1,1,2,0.4057896255971624,unknown,False,False,3,0,9,1
2750,3,0,3,0.39873459731811783,unknown,False,False,3,0,10,0
2751,1,2,3,0.48230652366190135,unknown,False,False,3,0,12,0
2752,2,1,3,0.5554340451057825,unknown,False,False,1,0,9,0
2753,2,0,2,1.1796570749765987,unknown,False,False,1,0,8,0
2754,1,0,1,1.218171644175976,unknown,False,False,0,0,8,0
2755,0,0,0,0.9491792749282492,unknown,False,False,0,0,10,0
2756,0,0,0,1.1170741404635478,unknown,False,False,0,0,9,0
2757,0,0,0,1.5820915411487881,unknown,False,False,0,0,12,0
2758,0,0,0,1.0982974641641134,unknown,False,False,0,0,11,0
2759,0,0,0,0.5211696528306082,unknown,False,False,0,0,9,0
2760,0,0,0,0.8551062807823985,unknown,False,False,0,0,8,0
2761,0,0,0,0.9515351982672728,unknown,False,False,0,0,7,0
2762,0,0,0,0.9012230201802548,unknown,False,False,0,0,6,0
2763,0,0,0,0.8016859800633367,unknown,False,False,0,0,9,0
2764,0,0,0,1.1564833177028597,unknown,False,False,0,0,10,0
2765,0,0,0,1.2123599504678138,unknown,False,False,0,0,10,0
2766,0,0,0,1.0120199058677255,unknown,False,False,0,0,13,0
2767,0,0,0,1.2296039578969562,unknown,False,False,0,0,11,0
2768,0,0,0,0.850494302938136,unknown,False,False,0,0,11,0
2769,0,0,0,1.250361404059374,unknown,False,False,0,0,12,0
2770,0,0,0,1.219345560406617,unknown,False,False,0,0,11,0
2771,0,0,0,1.2495887676412727,unknown,False,False,0,0,11,0
2772,1,0,1,1.6577318873411107,unknown,False,False,1,0,6,3
2773,0,1,1,0.9163897609532393,unknown,False,False,1,0,8,1
2774,1,0,1,0.49195830653924105,unknown,False,False,1,0,6,0
2775,1,0,1,0.48530997202064907,unknown,False,False,0,0,7,0
2776,0,0,0,0.514164973935801,unknown,False,False,0,1,6,0
2777,0,0,0,0.6138624344319301,unknown,False,False,0,0,5,0
2778,0,0,0,1.3351415739060841,unknown,False,False,0,0,7,0
2779,0,0,0,1.2560273233607415,unknown,False,False,0,0,6,0
2780,0,0,0,0.9535833029549838,unknown,False,False,0,0,5,0
2781,1,0,1,1.2503478588755101,unknown,False,False,1,0,5,1
2782,1,0,1,1.634177790586482,unknown,False,False,1,0,5,1
2783,1,1,2,0.6503395714382099,unknown,False,False,1,0,7,0
2784,0,1,1,0.21450608776296917,unknown,False,False,1,0,7,0
2785,1,0,1,0.3260477815950487,unknown,False,False,2,0,5,0
2786,1,0,1,1.2001543954767802,unknown,False,False,0,0,7,0
2787,0,0,0,1.3436585899369795,unknown,False,False,0,0,6,0
2788,0,0,0,0.866563712737521,unknown,False,False,0,0,5,0
2789,0,0,0,0.9018436115437932,unknown,False,False,0,0,5,0
2790,0,0,0,0.9639963179831056,unknown,False,False,0,0,6,0
2791,0,0,0,0.6892044807798084,unknown,False,False,0,0,5,0
2792,0,0,0,0.37857680966121154,unknown,False,False,0,0,5,0
2793,0,0,0,1.16110110131157,unknown,False,False,0,0,8,0
2794,0,0,0,1.2468321839975207,unknown,False,False,0,0,7,0
2795,0,0,0,1.2189515984263217,unknown,False,False,0,0,7,0
2796,0,0,0,1.2354148106490803,unknown,False,False,0,0,6,0
2797,0,0,0,1.9468376914215286,unknown,False,False,0,0,6,0
2798,0,0,0,1.3872861566378807,unknown,False,False,0,0,5,0
2799,0,0,0,0.27634583535796875,unknown,False,False,0,0,6,0
2800,0,0,0,0.18462119445098696,unknown,False,False,0,0,6,0
2801,0,0,0,0.2538123909505958,unknown,False,False,0,0,5,0
2802,0,0,0,0.518886058409944,unknown,False,False,0,0,7,0
2803,0,0,0,0.5484907324107849,unknown,False,False,0,0,5,0
2804,0,0,0,0.3077362220120253,unknown,False,False,0,0,5,0
2805,0,0,0,0.19483399981266158,unknown,False,False,0,0,6,0
2806,0,0,0,0.2865929312520031,unknown,False,False,0,0,6,0
2807,0,0,0,0.31800795455545755,unknown,False,False,0,0,3,0
2808,0,0,0,0.32388985075702037,unknown,False,False,0,0,4,0
2809,0,0,0,0.8725588209792301,unknown,False,False,0,0,7,0
2810,0,0,0,1.109529714817869,unknown,False,False,0,0,9,0
2811,0,0,0,1.2668736263923677,unknown,False,False,0,0,10,0
2812,0,0,0,1.0493777619160127,red,False,False,0,0,10,0
2813,0,0,0,0.8285769095356496,unknown,False,False,0,0,10,0
2814,0,0,0,0.9951938018337011,unknown,False,False,0,0,11,0
2815,0,0,0,0.8063666476371766,unknown,False,False,0,0,12,0
2816,0,0,0,1.107609922708483,unknown,False,False,0,0,12,0
2817,0,0,0,1.1897961866499207,unknown,False,False,0,0,11,0
2818,0,0,0,1.0188336379078442,unknown,False,False,0,0,12,0
2819,0,0,0,0.9415646881832723,unknown,False,False,0,0,14,0
2820,0,0,0,0.9126904969951779,unknown,False,False,0,0,10,0
2821,0,0,0,1.0723559248664492,unknown,False,False,0,0,11,0
2822,0,0,0,1.1839375528878926,unknown,False,False,0,0,11,0
2823,0,0,0,0.9800203284647493,unknown,False,False,0,0,12,0
2824,0,0,0,0.8582065393920092,unknown,False,False,0,1,10,0
2825,0,0,0,0.8741291651496417,unknown,False,False,0,0,11,0
2826,0,0,0,0.8667531635526361,unknown,False,False,0,0,9,0
2827,0,0,0,1.4529018716072135,unknown,False,False,0,0,10,0
2828,0,0,0,1.3093939617540111,unknown,False,False,0,0,9,0
2829,0,0,0,1.3313559115205986,unknown,False,False,0,0,13,0
2830,1,1,2,0.8207801174085634,unknown,False,False,2,1,9,0
2831,2,1,3,0.6880120401387284,unknown,False,False,1,0,9,0
2832,1,0,1,0.4904788395203844,unknown,False,False,0,0,10,0
2833,1,0,1,0.6432588183436138,unknown,False,False,0,0,8,0
2834,0,0,0,0.9179053036160315,unknown,False,False,0,0,13,0
2835,0,0,0,0.8093669822668638,unknown,False,False,0,0,8,0
2836,0,0,0,0.949321209250416,unknown,False,False,0,0,8,0
2837,0,0,0,0.9535864925404104,unknown,False,False,0,0,9,0
2838,0,0,0,1.1106843871743894,unknown,False,False,0,0,12,0
2839,0,0,0,0.8396542496834007,unknown,False,False,0,0,10,0
2840,0,0,0,1.0967799390203825,unknown,False,False,0,0,15,0
2841,0,0,0,0.9779313682139095,unknown,False,False,0,0,13,0
2842,0,0,0,1.0576609692368024,unknown,False,False,0,0,17,0
2843,0,0,0,1.2483485128188205,unknown,False,False,0,0,14,0
2844,0,0,0,1.1482069349761668,unknown,False,False,0,0,17,0
2845,0,0,0,0.8287442339723302,unknown,False,False,0,0,15,0
2846,0,0,0,1.1005727975506265,unknown,False,False,0,0,13,0
2847,0,0,0,1.1654881002197688,unknown,False,False,0,0,14,0
2848,0,0,0,0.7559277200128389,unknown,False,False,0,0,11,0
2849,0,0,0,0.8171318110259571,unknown,False,False,0,0,9,0
2850,0,0,0,1.0377944542078827,unknown,False,False,0,0,9,0
2851,0,0,0,1.091293998373782,unknown,False,False,0,0,11,0
2852,0,0,0,1.025496357531952,unknown,False,False,0,0,10,0
2853,0,0,0,1.293791491077956,unknown,False,False,0,0,10,0
2854,0,0,0,0.6785665343323858,unknown,False,False,0,0,12,0
2855,0,0,0,0.40536319712960545,unknown,False,False,0,0,8,0
2856,0,0,0,0.5603505224687775,unknown,False,False,0,0,10,0
2857,0,0,0,0.2803485539621595,unknown,False,False,0,0,11,0
2858,0,0,0,0.20549657576236852,unknown,False,False,0,0,9,0
2859,0,0,0,0.19764200016079678,unknown,False,False,0,0,12,0
2860,0,0,0,0.28375302566250604,unknown,False,False,0,0,9,0
2861,0,0,0,0.6206205391085812,unknown,False,False,0,0,10,0
2862,0,0,0,0.3910666687442412,yellow,False,False,0,0,10,0
2863,0,0,0,0.3989875384190026,unknown,False,False,0,0,10,0
2864,0,0,0,0.5626480548050364,unknown,False,False,0,0,7,0
2865,0,0,0,0.735050086595092,unknown,False,False,0,0,8,0
2866,0,0,0,0.6152304029681576,unknown,False,False,0,0,10,0
2867,0,0,0,0.7228635742198836,unknown,False,False,0,0,14,0
2868,0,0,0,0.8202837770554319,unknown,False,False,0,0,15,0
2869,0,0,0,0.7765396760119715,unknown,False,False,0,0,13,0
2870,0,0,0,0.8802906178395329,unknown,False,False,0,0,14,0
2871,0,0,0,1.0818915189708642,unknown,False,False,0,0,16,0
2872,0,0,0,1.0826107820646755,unknown,False,False,0,0,16,0
2873,0,0,0,0.8559814693929025,unknown,False,False,0,0,16,0
2874,0,0,0,0.863348199725816,unknown,False,False,0,0,20,0
2875,0,0,0,0.9993766575297831,unknown,False,False,0,0,17,0
2876,0,0,0,1.0455255027953907,unknown,False,False,0,0,15,0
2877,0,0,0,0.891797012653691,unknown,False,False,0,0,17,0
2878,0,0,0,0.9623325289880234,unknown,False,False,0,0,12,0
2879,0,0,0,0.8035770912471555,unknown,False,False,0,0,16,0
2880,0,0,0,0.9936596178098652,unknown,False,False,0,0,13,0
2881,0,0,0,0.7394430417394853,unknown,False,False,0,0,9,0
2882,0,0,0,0.775988885578916,unknown,False,False,2,0,8,1
2883,1,1,2,0.7983325980798757,unknown,False,False,1,0,8,0
2884,1,0,1,0.7529495951065808,unknown,False,False,0,0,5,0
2885,0,0,0,0.9509721702000442,unknown,False,False,1,0,4,0
2886,0,0,0,0.8023400928348997,unknown,False,False,0,0,7,0
2887,0,0,0,0.4280866954511984,unknown,False,False,0,0,6,0
2888,0,0,0,0.36498772401988666,unknown,False,False,0,1,5,0
2889,0,0,0,0.2511598400110949,unknown,False,False,0,0,1,0
2890,0,0,0,0.25868673689397015,unknown,False,False,0,0,4,0
2891,1,0,1,0.3465939888201374,unknown,False,False,2,0,1,0
2892,0,1,1,0.08206337556982314,unknown,False,False,1,0,1,0
2893,1,0,1,0.3200860627883122,unknown,False,False,0,0,0,0
2894,2,0,2,0.0,unknown,False,False,0,0,0,0
2895,0,0,0,0.0,unknown,False,False,0,0,1,0
2896,0,0,0,0.0,unknown,False,False,0,0,0,0
2897,0,0,0,0.0,unknown,False,False,0,0,0,0
2898,0,0,0,0.969484849772446,unknown,False,False,0,0,1,0
2899,1,0,1,1.3374296587917631,unknown,False,False,1,0,0,0
2900,0,1,1,0.0,unknown,False,False,1,0,0,0
2901,1,0,1,0.0,unknown,False,False,1,0,0,0
2902,1,0,1,0.0,unknown,False,False,0,0,2,0
2903,0,0,0,0.0,unknown,False,False,0,0,0,0
2904,0,0,0,0.0,unknown,False,False,0,0,0,0
2905,0,0,0,0.0,unknown,False,False,0,0,2,0
2906,0,0,0,0.2775172639126734,unknown,False,False,0,0,1,0
2907,0,0,0,0.5897426298011244,unknown,False,False,0,0,1,0
2908,0,0,0,0.5901028935673689,unknown,False,False,0,0,1,0
2909,0,0,0,0.6431463479263277,unknown,False,False,0,0,0,0
2910,0,0,0,0.1481391967415387,unknown,False,False,0,0,1,0
2911,0,0,0,0.1620770904532565,unknown,False,False,0,0,1,0
2912,0,0,0,0.12640432144429353,unknown,False,False,0,0,0,0
2913,0,0,0,0.0,unknown,False,False,0,0,0,0
2914,0,0,0,0.0,unknown,False,False,0,0,1,0
2915,0,0,0,0.0,unknown,False,False,0,0,0,0
2916,0,0,0,0.0,unknown,False,False,0,0,0,0
2917,0,0,0,0.0,unknown,False,False,0,0,0,0
2918,0,0,0,0.0,unknown,False,False,0,0,0,0
2919,0,0,0,0.0,unknown,False,False,0,0,0,0
2920,0,0,0,0.7425891330701683,unknown,False,False,0,0,1,0
2921,0,0,0,0.4241240148389536,unknown,False,False,0,0,3,0
2922,0,0,0,0.41690421076903617,unknown,False,False,0,0,4,0
2923,0,0,0,0.3397061606116909,unknown,False,False,0,0,1,0
2924,0,0,0,0.32015846286640487,unknown,False,False,0,0,6,0
2925,0,0,0,0.40749720809581375,unknown,False,False,0,0,8,0
2926,0,0,0,0.5711560117134793,unknown,False,False,0,0,9,0
2927,0,0,0,0.6474504897212733,unknown,False,False,0,0,8,0
2928,0,0,0,0.6109290439071098,unknown,False,False,0,0,10,0
2929,0,0,0,0.6499408070121152,unknown,False,False,0,0,9,0
2930,0,0,0,0.4574595626831413,unknown,False,False,1,0,10,0
2931,2,0,2,0.3380119738163659,unknown,False,False,2,0,7,0
2932,3,0,3,0.21799871498045445,unknown,False,False,1,0,9,1
2933,3,0,3,0.18677101898500023,unknown,False,False,1,0,6,0
2934,2,0,2,0.1908268775995658,unknown,False,False,1,0,3,2
2935,1,0,1,0.1439613277706665,unknown,False,False,0,0,4,0
2936,1,0,1,0.14977696269382906,unknown,False,False,0,0,4,0
2937,0,0,0,0.2121679450085825,unknown,False,False,0,0,4,0
2938,0,0,0,0.23417298108351017,unknown,False,False,0,0,4,0
2939,0,0,0,0.2218362286923238,unknown,False,False,1,0,5,0
2940,0,0,0,0.26816192035072245,unknown,False,False,0,0,5,0
2941,0,0,0,0.22350889647700392,unknown,False,False,0,0,8,0
2942,0,0,0,0.194682820973836,unknown,False,False,0,0,8,0
2943,0,0,0,0.20602610810710983,unknown,False,False,0,0,7,0
2944,0,0,0,0.1617376344572592,unknown,False,False,0,0,8,0
2945,0,0,0,0.3111883788007372,yellow,False,False,0,0,11,0
2946,0,0,0,0.43797212700669313,yellow,False,False,0,0,9,0
2947,0,0,0,0.3917160668697383,unknown,False,False,0,0,15,0
2948,1,0,1,0.38302929431589045,unknown,False,False,1,0,11,0
2949,1,0,1,0.3466589671433709,unknown,False,False,0,0,10,0
2950,0,0,0,0.39449870087300826,unknown,False,False,0,0,7,0
2951,0,0,0,0.42880556842560863,unknown,False,False,0,0,8,0
2952,0,0,0,0.4782850512252288,unknown,False,False,0,0,6,0
2953,0,0,0,0.5791317710260149,unknown,False,False,0,0,11,0
2954,0,0,0,0.7193494770032214,unknown,False,False,0,0,10,0
2955,0,0,0,0.7303674492854745,unknown,False,False,0,0,13,0
2956,0,0,0,0.6678899817650457,unknown,False,False,0,0,11,0
2957,0,0,0,0.6517867728126668,unknown,False,False,0,0,10,0
2958,0,0,0,0.5705796346919383,unknown,False,False,0,0,10,0
2959,0,0,0,0.5228415753475263,unknown,False,False,1,0,11,0
2960,0,0,0,0.40748434373536846,unknown,False,False,0,0,7,0
2961,0,0,0,0.41717560212140764,unknown,False,False,0,0,11,0
2962,0,0,0,0.34727983190676914,unknown,False,False,0,0,8,0
2963,0,0,0,0.3396649830793539,unknown,False,False,0,0,10,0
2964,0,0,0,0.48384269038202693,unknown,False,False,0,0,9,0
2965,1,0,1,0.5766003093548889,yellow,False,False,2,0,12,0
2966,0,1,1,0.7044172284293383,unknown,False,False,1,0,14,0
2967,2,1,3,0.9960722879873477,unknown,False,False,2,0,12,0
2968,2,1,3,0.9037007293932282,unknown,False,False,1,0,10,0
2969,3,0,3,1.0296665218240812,unknown,False,False,2,0,8,0
2970,2,0,2,0.8141080709287045,unknown,False,False,1,0,7,0
2971,2,0,2,0.35248763613920864,unknown,False,False,1,0,6,0
2972,1,0,1,0.4540897661237884,unknown,False,False,1,0,5,0
2973,1,0,1,0.3624168945742588,unknown,False,False,1,0,6,0
2974,1,0,1,0.492702424575111,unknown,False,False,1,0,7,0
2975,1,0,1,0.6130058526834274,unknown,False,False,1,0,7,0
2976,1,0,1,0.6371338982391883,unknown,False,False,2,0,7,0
2977,1,0,1,0.49743312543517504,unknown,False,False,1,0,5,0
2978,1,0,1,0.30536275688641223,unknown,False,False,1,0,6,0
2979,1,0,1,0.44758308815096093,unknown,False,False,0,0,5,0
2980,1,0,1,0.3569619114360877,unknown,False,False,1,0,7,0
2981,1,0,1,0.3540639781725396,unknown,False,False,1,0,4,0
2982,1,0,1,0.3520799685741359,unknown,False,False,1,0,5,0
2983,1,0,1,0.28241299735199893,unknown,False,False,2,0,7,0
2984,3,0,3,0.25580504665869136,unknown,False,False,3,0,8,0
2985,1,2,3,0.27533360043460703,unknown,False,False,3,0,8,0
2986,3,0,3,0.3022886938740703,unknown,False,False,2,0,6,0
2987,3,0,3,0.37590528419396774,unknown,False,False,2,0,9,0
2988,1,0,1,0.3943548164916213,unknown,False,False,1,0,6,0
2989,2,0,2,0.3507338984443334,unknown,False,False,1,0,8,0
2990,2,0,2,0.21527127169707416,unknown,False,False,1,0,8,0
2991,1,0,1,0.18034404227363435,unknown,False,False,1,0,7,0
2992,1,0,1,0.2768193971278801,unknown,False,False,0,0,8,0
2993,1,0,1,0.3581877122853847,unknown,False,False,0,1,12,0
2994,1,0,1,0.4392526787766453,unknown,False,False,1,0,11,0
2995,1,0,1,0.41341084228470276,unknown,False,False,1,0,11,0
2996,1,0,1,0.31685434339969304,unknown,False,True,0,0,9,0
2997,0,0,0,0.5220852049554959,red,False,False,0,0,12,0
2998,0,0,0,0.7010785994879737,unknown,False,False,0,0,10,0
2999,0,0,0,0.9825146311189114,unknown,False,False,0,0,12,0
3000,0,0,0,1.0364779242899518,unknown,False,False,0,0,10,0
3001,0,0,0,0.9060150801057804,unknown,False,False,0,0,9,0
3002,0,0,0,1.0182996080466928,unknown,False,False,0,0,9,0
3003,0,0,0,0.8647135251784092,unknown,False,False,0,0,9,0
3004,0,0,0,0.8680961619789768,unknown,False,False,0,0,8,0
3005,0,0,0,0.8610950643996614,unknown,False,False,0,0,7,0
3006,0,0,0,1.0213373741761727,unknown,False,False,0,0,7,0
3007,0,0,0,1.3492169564112397,unknown,False,False,0,0,7,0
3008,0,0,0,1.5438466041433634,unknown,False,False,0,0,8,0
3009,0,0,0,1.6990671973321927,unknown,False,False,1,0,7,0
3010,0,0,0,1.5421876676775639,unknown,False,False,1,0,8,0
3011,0,0,0,1.2293181800498962,unknown,False,False,0,0,12,0
3012,0,0,0,1.210832638700597,unknown,False,False,0,0,10,0
3013,0,0,0,1.6910901775222378,unknown,False,False,0,0,13,0
3014,0,0,0,1.753410045176358,unknown,False,False,0,0,15,0
3015,0,0,0,1.68242774806436,unknown,False,False,0,0,13,0
3016,0,0,0,1.7127976274749404,unknown,False,False,0,0,14,0
3017,0,0,0,1.5362546396848693,unknown,False,False,0,0,12,0
3018,0,0,0,1.3525314917780618,unknown,False,False,1,0,15,0
3019,0,0,0,1.6600196637546916,unknown,False,False,0,0,14,0
3020,0,0,0,1.8596095319924715,unknown,False,False,0,0,14,0
3021,0,0,0,1.833559021345249,unknown,False,False,1,0,15,0
3022,0,0,0,1.737172888235497,unknown,False,False,0,0,20,0
3023,0,0,0,1.9113233363399882,unknown,False,False,0,0,16,0
3024,0,0,0,1.9547712150849892,unknown,False,False,0,0,16,0
3025,1,0,1,1.515673644641077,unknown,False,False,1,0,14,0
3026,0,1,1,1.4276336177368552,unknown,False,False,1,0,14,1
3027,0,1,1,1.6224153084276671,unknown,False,False,0,0,11,0
3028,0,0,0,1.6890204620130862,unknown,False,False,0,0,16,0
3029,0,0,0,1.3729388723373084,unknown,False,False,0,0,15,0
3030,0,0,0,1.3890747895848765,unknown,False,False,0,0,16,0
3031,0,0,0,1.4995648102168944,unknown,False,False,0,0,15,0
3032,0,0,0,1.7846485479515304,unknown,False,False,0,0,14,0
3033,0,0,0,1.413903233724537,unknown,False,False,0,0,14,0
3034,0,0,0,1.4021590668863655,unknown,False,False,0,0,10,0
3035,0,0,0,1.7534925092282614,unknown,False,False,1,0,11,0
3036,0,0,0,1.580001694889413,unknown,False,False,2,0,9,0
3037,1,0,1,1.4757772558792877,yellow,False,False,1,0,9,1
3038,2,0,2,1.0702103675452126,yellow,False,False,2,0,9,1
3039,3,0,3,1.1153876655486537,unknown,False,False,1,0,8,1
3040,1,0,1,0.7563831654305077,red,False,False,0,0,12,0
3041,0,0,0,0.8095656471805049,red,False,False,0,0,16,0
3042,0,0,0,0.8979618095098643,green,False,False,0,0,16,0
3043,0,0,0,1.263701187771596,unknown,False,False,0,0,14,0
3044,0,0,0,1.5207813504717038,unknown,False,False,0,0,14,0
3045,0,0,0,1.3153440689413838,unknown,False,False,0,0,17,0
3046,0,0,0,1.202717007273036,unknown,False,False,0,0,16,0
3047,0,0,0,0.8883490947881166,unknown,False,False,0,0,16,0
3048,0,0,0,0.8505194395158855,unknown,False,False,0,0,16,0
3049,0,0,0,0.7938935454593786,unknown,False,False,0,0,13,0
3050,0,0,0,0.4997841414994344,unknown,False,False,0,0,14,0
3051,0,0,0,0.38172995886113725,unknown,False,False,0,0,11,0
3052,0,0,0,0.391682213504047,unknown,False,False,0,0,7,0
3053,0,0,0,0.31133934702083615,unknown,False,False,1,0,4,0
3054,0,0,0,0.26773433416844533,unknown,False,False,0,0,2,0
3055,1,0,1,0.26281801294306906,unknown,False,False,1,0,0,0
3056,1,0,1,0.0,unknown,False,False,1,0,0,0
3057,0,0,0,0.0,unknown,False,False,0,0,0,0
3058,0,0,0,0.0,unknown,False,False,0,0,0,0
3059,0,0,0,0.0,unknown,False,False,0,0,1,0
3060,0,0,0,0.0,unknown,False,False,0,0,0,0
3061,0,0,0,0.0,unknown,False,False,0,0,0,0
3062,0,0,0,0.0,unknown,False,False,0,0,0,0
3063,0,0,0,0.0,unknown,False,False,0,0,0,0
3064,0,0,0,0.2400330113154575,unknown,False,False,0,0,1,0
3065,0,0,0,0.20343269588418444,unknown,False,False,0,0,0,0
3066,0,0,0,0.345843241446373,unknown,False,False,0,0,1,0
3067,0,0,0,0.15616965251636636,unknown,False,False,0,0,1,0
3068,0,0,0,0.22221313380140154,unknown,False,False,0,0,1,0
3069,0,0,0,0.19435391504455138,unknown,False,False,0,0,1,0
3070,0,0,0,0.3555240084582361,unknown,False,False,0,0,0,0
3071,0,0,0,0.3667770524334783,unknown,False,False,0,0,0,0
3072,0,0,0,0.0,unknown,False,False,1,0,0,0
3073,1,0,1,0.0,unknown,False,False,1,0,0,0
3074,1,0,1,0.0,unknown,False,False,1,0,0,0
3075,2,0,2,0.0,unknown,False,False,2,0,0,0
3076,2,0,2,0.0,unknown,False,False,1,0,0,0
3077,2,0,2,0.19555876093820182,unknown,False,False,0,0,1,0
3078,3,0,3,0.19645113535841627,unknown,False,False,1,0,0,0
3079,1,0,1,0.0,unknown,False,True,1,1,0,0
3080,1,0,1,0.0,unknown,False,False,1,1,0,0
3081,1,0,1,0.0,unknown,False,False,2,0,0,0
3082,1,0,1,0.0,unknown,False,False,1,1,0,0
3083,2,0,2,0.0,unknown,False,False,1,0,1,0
3084,3,0,3,0.0,unknown,False,False,1,1,0,0
3085,2,0,2,0.0,unknown,False,False,1,0,0,0
3086,1,0,1,0.19035256761340202,unknown,False,False,1,0,0,0
3087,0,1,1,0.0,unknown,False,False,2,0,0,0
3088,1,0,1,0.0,unknown,False,False,1,0,1,0
3089,1,0,1,0.0,unknown,False,False,1,0,0,0
3090,1,0,1,0.0,unknown,False,False,0,0,0,0
3091,2,0,2,0.0,unknown,False,False,1,0,0,0
3092,0,0,0,0.0,unknown,False,False,0,0,0,0
3093,0,0,0,0.0,unknown,False,False,0,0,0,0
3094,0,0,0,0.0,unknown,False,False,0,0,0,0
3095,0,0,0,0.0,unknown,False,False,0,0,0,0
3096,0,0,0,0.0,unknown,False,False,0,0,0,0
3097,1,0,1,0.0,unknown,False,False,1,0,0,0
3098,1,0,1,0.0,unknown,False,False,2,0,0,0
3099,2,0,2,0.49315678959332987,unknown,False,False,2,0,1,0
3100,3,0,3,0.0,unknown,False,False,2,0,0,0
3101,2,0,2,0.20302513186895385,unknown,False,False,2,0,1,0
