second,idle_count,walking_count,total_count,car_speed_mph,light,red_violation,bus_waiting,humans,buses,cars,bikes
0,0,0,0,0.4982895589632379,unknown,False,False,0,0,11,0
1,0,0,0,0.4923902268172081,unknown,False,False,0,0,8,0
2,0,0,0,0.4957079554271919,unknown,False,False,0,0,10,0
3,0,0,0,0.374455163743964,unknown,False,False,0,1,7,0
4,0,0,0,0.38189620334638463,unknown,False,False,0,1,10,0
5,0,0,0,0.27459887234202873,unknown,False,False,0,1,7,0
6,0,0,0,0.20728202687512484,unknown,False,False,0,1,8,0
7,0,0,0,0.2986862482609571,unknown,False,False,0,1,7,0
8,0,0,0,0.33779735282671314,unknown,False,False,0,1,12,0
9,0,0,0,0.4159404978081362,unknown,False,False,0,1,9,0
10,0,0,0,0.5337590760556961,unknown,False,False,0,1,4,0
11,0,0,0,0.405379617360318,unknown,False,False,0,1,2,0
12,0,0,0,1.3184423528469114,unknown,False,False,0,1,4,0
13,0,0,0,1.2993598791785244,unknown,False,False,0,1,7,0
14,0,0,0,1.2649685855226551,unknown,False,False,0,1,5,0
15,0,0,0,2.5087231596457977,unknown,False,False,0,0,5,0
16,0,0,0,1.0312514815350282,unknown,False,False,0,0,7,0
17,0,0,0,1.000401873379312,unknown,False,False,0,0,9,0
18,0,0,0,1.598817332523068,unknown,False,False,0,0,18,0
19,0,0,0,2.0415027492745574,unknown,False,False,0,0,13,0
20,0,0,0,1.6123193721024858,unknown,False,False,0,0,12,0
21,0,0,0,1.3810719540300562,yellow,False,False,0,0,12,0
22,0,0,0,1.1438678415490613,red,False,False,0,0,12,0
23,0,0,0,1.0547322332168658,red,False,False,0,0,10,0
24,0,0,0,1.1815972766010556,yellow,False,False,0,0,10,0
25,0,0,0,1.7711022583215794,unknown,False,False,0,0,15,0
26,0,0,0,1.4231792459601214,unknown,False,False,1,0,18,0
27,0,0,0,1.194315530817892,unknown,False,False,0,0,18,0
28,0,0,0,1.6472071998311468,unknown,False,False,0,0,14,0
29,0,1,1,1.1040939874118203,unknown,False,False,1,0,13,0
30,1,0,1,0.9310311096254454,unknown,False,False,1,0,14,0
31,1,0,1,0.915850064933794,unknown,False,False,4,0,10,0
32,0,0,0,1.3142148608348305,unknown,False,False,0,0,9,0
33,0,0,0,1.1406462454652433,unknown,False,False,0,1,10,0
34,0,0,0,0.5235344988297149,yellow,False,True,0,1,8,0
35,0,0,0,0.3401280470686173,yellow,False,True,0,1,6,0
36,0,0,0,0.28768534618013675,red,False,True,0,1,7,0
37,0,0,0,0.25944589683531727,red,False,True,0,1,8,0
38,0,0,0,0.25106687762226276,red,False,True,0,1,8,0
39,0,0,0,0.23493479690281557,red,False,True,0,1,9,0
40,0,0,0,0.3090160910510302,red,False,True,0,0,11,0
41,0,0,0,0.26165875058022936,unknown,False,False,0,0,8,0
42,0,0,0,0.21465991386748937,unknown,False,False,0,0,8,0
43,0,0,0,0.1939243150591686,red,False,False,0,0,9,0
44,0,0,0,0.12211658932523378,unknown,False,False,0,0,8,0
45,0,0,0,0.2990626450886267,red,False,False,0,0,14,0
46,0,0,0,0.2032011780905093,red,False,False,0,0,15,0
47,0,0,0,0.46716367479559895,red,False,False,0,0,12,0
48,0,0,0,0.35570654004335567,red,False,False,0,0,12,0
49,0,0,0,0.2433525498749317,red,False,False,0,0,13,0
50,0,0,0,0.1523956095667685,red,False,False,0,0,14,0
51,0,0,0,0.2623163494422514,red,False,False,0,0,11,0
52,0,0,0,0.1944450326895555,red,False,False,0,0,11,0
53,0,0,0,0.2149946074164095,unknown,False,False,0,0,11,0
54,0,0,0,0.14044788061515528,unknown,False,False,0,0,14,0
55,0,0,0,0.24428749094985439,red,False,False,0,0,10,0
56,0,0,0,0.18067078347441312,red,False,False,0,0,13,0
57,0,0,0,0.18092613358761334,unknown,False,False,0,0,11,0
58,0,0,0,0.2844077984516634,unknown,False,False,0,0,12,0
59,0,0,0,0.37100163777168815,red,False,False,0,0,12,0
60,0,0,0,0.5923081872955643,unknown,False,False,0,0,10,0
61,0,0,0,0.4455757217391689,red,False,False,0,0,10,0
62,0,0,0,0.3467001288846088,red,False,False,0,0,10,0
63,0,0,0,0.3391549280443656,red,False,False,0,0,8,0
64,0,0,0,0.3040881727220899,red,False,False,0,0,8,0
65,0,0,0,0.33283713263865783,red,False,False,0,0,7,0
66,0,0,0,0.5078704571452551,yellow,False,False,0,0,5,0
67,0,0,0,0.6889960050837617,unknown,False,False,0,0,6,0
68,0,0,0,0.8657344247271799,yellow,False,False,0,0,6,0
69,0,0,0,0.7896478260930675,yellow,False,False,0,0,6,0
70,0,0,0,0.6335741213544105,unknown,False,False,0,0,10,0
71,0,0,0,0.7952466400198649,unknown,False,False,0,0,8,0
72,0,0,0,0.8164126756096294,unknown,False,False,0,0,12,0
73,0,0,0,0.8145151886552668,unknown,False,False,0,0,13,0
74,0,0,0,0.7498232626167332,unknown,False,False,0,0,10,0
75,0,0,0,0.7993536280919622,unknown,False,False,0,0,11,0
76,0,0,0,0.6156897129126881,yellow,False,False,0,0,16,0
77,0,0,0,0.8047175592298627,unknown,False,False,0,0,12,0
78,0,0,0,0.7964945909973993,yellow,False,False,0,0,7,0
79,0,0,0,0.821940973121288,unknown,False,False,0,0,10,0
80,0,0,0,0.6963325842138306,unknown,False,False,0,0,6,0
81,0,0,0,0.7243178532549268,unknown,False,False,0,0,5,0
82,0,0,0,0.7008305110589702,unknown,False,False,0,0,9,0
83,0,0,0,0.9652213404340633,unknown,False,False,0,0,7,0
84,0,0,0,0.9891708042923619,unknown,False,False,0,0,8,0
85,0,0,0,0.6858334700459798,unknown,False,False,0,0,6,0
86,0,0,0,0.5740548259575501,unknown,False,False,0,0,4,0
87,0,0,0,0.5101878472509106,unknown,False,False,0,0,4,0
88,0,0,0,0.4268804055245804,unknown,False,False,0,0,1,0
89,0,0,0,0.30586094531253466,unknown,False,False,0,0,2,0
90,0,0,0,0.19546952459809908,unknown,False,False,0,0,4,0
91,0,0,0,0.36428659028451466,unknown,False,False,0,0,5,0
92,0,0,0,1.4060541606161108,unknown,False,False,0,0,7,0
93,0,0,0,1.7927202894227687,unknown,False,False,0,0,8,0
94,0,0,0,1.6683139786579613,unknown,False,False,0,0,9,0
95,0,0,0,1.5003494700305207,unknown,False,False,0,0,11,0
96,0,0,0,1.365423485525009,unknown,False,False,0,0,10,0
97,0,0,0,0.9990689088899065,unknown,False,False,0,0,10,0
98,0,0,0,1.198736917950525,unknown,False,False,0,0,10,0
99,0,0,0,1.2097561349040769,unknown,False,False,0,0,9,0
100,0,0,0,1.050566116300434,unknown,False,False,0,0,8,0
101,0,0,0,0.7295882414822872,unknown,False,False,0,0,10,0
102,0,0,0,1.0000241494240085,unknown,False,False,0,0,5,0
103,0,0,0,1.0549937860937704,unknown,False,False,0,0,4,0
104,0,0,0,1.337163884291556,unknown,False,False,0,1,4,0
105,0,0,0,1.518277863168277,unknown,False,False,0,0,3,0
106,0,0,0,0.37302720410687334,unknown,False,False,0,1,2,0
107,0,0,0,0.46718751695278343,unknown,False,False,1,2,1,0
108,0,0,0,0.1344198667859932,unknown,False,False,0,1,0,0
109,0,0,0,0.0,unknown,False,False,0,0,0,0
110,0,0,0,0.0,unknown,False,False,0,0,0,0
111,0,0,0,0.0,unknown,False,False,0,0,0,0
112,0,0,0,0.0,unknown,False,False,0,0,1,0
113,0,0,0,0.098863688746446,unknown,False,False,0,0,1,0
114,0,0,0,0.10866898445341233,unknown,False,False,0,0,1,0
115,0,0,0,0.38854521264093556,yellow,False,False,0,0,1,0
116,0,0,0,0.279656814258094,green,False,False,0,0,1,0
117,0,0,0,0.36837857918409544,unknown,False,False,0,0,1,0
118,0,0,0,0.5852636180517562,yellow,False,False,0,0,1,0
119,0,0,0,0.29799958886865957,unknown,False,False,0,0,1,0
120,0,0,0,0.2799098999755795,red,False,False,0,0,2,0
121,0,0,0,0.1400498112229225,red,False,False,0,0,2,0
122,0,0,0,0.1882781371961847,red,False,False,0,0,2,0
123,0,0,0,0.15800135095374473,red,False,False,1,0,1,0
124,0,0,0,0.177639744448016,red,False,False,0,0,5,0
125,0,0,0,0.25732692867696666,red,False,False,0,0,5,0
126,0,0,0,0.41788596295296365,red,False,False,0,0,4,0
127,0,0,0,0.41006708727212277,red,False,False,0,0,4,0
128,0,0,0,0.30480613736054474,red,False,False,0,0,3,0
129,0,0,0,0.20750728332559315,unknown,False,False,0,0,5,0
130,0,0,0,0.52128821942017,red,False,False,0,0,3,0
131,0,0,0,0.8492374996129902,red,False,False,0,0,6,0
132,0,0,0,0.8545955935169511,red,False,False,0,0,6,0
133,0,0,0,0.6723742676759314,red,False,False,0,0,4,0
134,0,0,0,0.4957001883981408,red,False,False,0,0,4,0
135,0,0,0,0.23956499738305798,red,False,False,0,0,4,0
136,0,0,0,0.14664983834132203,red,False,False,0,0,6,0
137,0,0,0,0.13361191115208598,red,False,False,0,0,5,0
138,0,0,0,0.1449483179646926,red,False,False,0,0,4,0
139,0,0,0,0.10853700150049583,red,False,False,0,0,5,0
140,0,0,0,0.12288978701741889,red,False,False,0,0,4,0
141,0,0,0,0.18378345984763406,red,False,False,0,0,7,0
142,0,0,0,0.2700729527094156,red,False,False,0,0,6,0
143,0,0,0,0.3921131615932893,red,False,False,0,0,7,0
144,0,0,0,0.4831820017639038,red,False,False,0,0,6,0
145,0,0,0,0.48311417297072956,red,False,False,0,0,7,0
146,0,0,0,0.6983770513138094,red,False,False,0,0,7,0
147,0,0,0,0.7995556355073565,red,False,False,0,0,6,0
148,0,0,0,0.482814235630514,red,False,False,0,0,5,0
149,0,0,0,0.6506691379624424,red,False,False,0,0,8,0
150,0,0,0,0.7104334231216232,red,False,False,0,0,7,0
151,0,0,0,0.7257262756385368,red,False,False,0,0,6,0
152,0,0,0,0.8072492814307313,red,False,False,0,0,4,0
153,0,0,0,0.5853355917905648,red,False,False,0,0,4,0
154,0,0,0,0.4794060431642376,red,False,False,0,0,3,0
155,0,0,0,0.33840102925451526,red,False,False,0,0,3,0
156,0,0,0,0.2481694073133656,red,False,False,0,0,3,0
157,0,0,0,0.1377276115625182,red,False,False,0,0,3,0
158,0,0,0,0.23033512423966943,red,False,False,0,0,3,0
159,0,0,0,0.5809427575592406,red,False,False,0,0,5,0
160,0,0,0,0.7499075546632543,red,False,False,0,0,4,0
161,0,0,0,0.4606432434049922,red,False,False,0,0,5,0
162,0,0,0,0.39904317800597416,red,False,False,0,0,3,0
163,0,0,0,1.1038375866954053,unknown,False,False,0,0,5,0
164,0,0,0,1.2315930348261253,red,False,False,0,0,4,0
165,0,0,0,0.9188670121780043,red,False,False,0,0,6,0
166,0,0,0,1.0324132015710472,unknown,False,False,0,0,5,0
167,0,0,0,0.9721815211899322,unknown,False,False,0,0,3,0
168,0,0,0,0.5916515106217707,unknown,False,False,0,0,2,0
169,0,0,0,0.2856305533864749,unknown,False,False,0,0,0,0
170,0,0,0,0.3537538389132808,green,False,False,0,0,0,0
171,0,0,0,0.33924247546728514,yellow,False,False,0,0,1,0
172,0,0,0,0.20494763673662175,unknown,False,False,0,0,1,0
173,0,0,0,0.30827136400190114,unknown,False,False,0,0,1,0
174,0,0,0,0.22584298269042674,unknown,False,False,0,0,0,0
175,0,0,0,0.0,unknown,False,False,0,0,0,0
176,0,0,0,0.0,unknown,False,False,0,0,0,0
177,0,0,0,0.0,unknown,False,False,0,0,0,0
178,0,0,0,0.4563981522149469,unknown,False,False,0,0,1,0
179,0,0,0,2.7657319481557265,unknown,False,False,0,0,3,0
180,0,0,0,2.227068783412266,unknown,False,False,0,0,3,0
181,0,0,0,2.1358394069086453,unknown,False,False,0,0,3,0
182,0,0,0,1.2291265579926023,unknown,False,False,0,0,4,0
183,0,0,0,1.5969850946909165,unknown,False,False,0,0,2,0
184,0,0,0,0.5402133829835379,unknown,False,False,0,0,0,0
185,0,0,0,0.5768547653710885,unknown,False,False,0,0,0,0
186,0,0,0,0.0,unknown,False,False,0,0,0,0
187,0,0,0,0.0,unknown,False,False,0,0,1,0
188,0,0,0,0.036688527585156644,unknown,False,False,0,0,0,0
189,0,0,0,0.050451107523175595,unknown,False,False,0,0,0,0
190,0,0,0,0.07921230454310689,unknown,False,False,0,0,1,0
191,0,0,0,0.06283808714983741,unknown,False,False,0,0,1,0
192,0,0,0,0.04828932193295265,unknown,False,False,0,0,0,0
193,0,0,0,0.08322373259518424,green,False,False,2,0,0,0
194,0,0,0,0.0,unknown,False,False,0,0,0,0
195,0,0,0,0.0,unknown,False,False,0,0,0,0
196,0,0,0,0.0,unknown,False,False,0,0,0,0
197,0,0,0,0.12106128658404472,unknown,False,False,0,0,2,0
198,0,0,0,0.18212659896830116,unknown,False,False,0,0,1,0
199,0,0,0,0.13366650117419102,unknown,False,False,0,0,2,0
200,0,0,0,0.2113517238393879,unknown,False,False,0,0,2,0
201,0,0,0,0.843297844967483,unknown,False,False,0,0,3,0
202,0,0,0,1.4373921998238002,unknown,False,False,0,0,6,0
203,0,0,0,1.6361906330777731,unknown,False,False,0,0,5,0
204,0,0,0,1.0568753837978204,unknown,False,False,0,0,5,0
205,0,0,0,0.5475200495560045,unknown,False,False,0,0,4,0
206,0,0,0,0.3892726269720283,unknown,False,False,0,0,3,0
207,0,0,0,0.39469417963379366,unknown,False,False,0,0,4,0
208,0,0,0,0.5783359448788933,unknown,False,False,0,0,6,0
209,0,0,0,0.8947090318344102,red,False,False,0,0,7,0
210,0,0,0,1.0053360439429144,red,False,False,0,0,6,0
211,0,0,0,1.0928661770379826,red,False,False,0,0,3,0
212,0,0,0,0.8659911783753668,red,False,False,0,0,4,0
213,0,0,0,0.44937112073014623,red,False,False,0,0,4,0
214,0,0,0,0.6859525878570644,red,False,False,0,0,6,0
215,0,0,0,0.32157077785344745,red,False,False,0,0,6,0
216,0,0,0,0.48607900955819033,red,False,False,0,0,5,0
217,0,0,0,0.7979537089968549,red,False,True,0,0,8,0
218,0,0,0,0.6648170253083154,red,False,True,0,1,5,0
219,0,0,0,0.6073802577990819,red,False,True,0,1,3,0
220,0,0,0,0.4246264190371097,red,False,True,0,2,2,0
221,0,0,0,0.11487811401645676,red,False,True,0,2,0,0
222,0,0,0,0.026568140556092038,red,False,True,0,1,1,0
223,0,0,0,0.030317117283478575,red,False,True,1,1,2,0
224,1,0,1,0.08001624087476018,red,False,True,0,1,2,0
225,0,0,0,0.1162781461360481,unknown,False,True,0,1,3,0
226,0,0,0,0.27867511742631046,unknown,False,True,0,0,3,0
227,1,0,1,0.4405419426369604,unknown,False,False,1,0,4,0
228,0,0,0,0.5809857458284924,unknown,False,False,0,0,3,0
229,0,0,0,0.44808383090332654,unknown,False,False,0,0,6,0
230,0,0,0,0.3909855370583524,unknown,False,False,0,0,3,0
231,0,0,0,0.24968848532844068,unknown,False,False,0,0,4,0
232,0,0,0,0.17135793488004256,unknown,False,False,0,0,3,0
233,0,0,0,0.17500445440187,unknown,False,False,0,0,4,1
234,0,0,0,0.149177038969232,unknown,False,False,0,0,4,0
235,0,0,0,0.13431625406880196,unknown,False,False,0,0,2,0
236,0,0,0,0.0752517717589309,unknown,False,False,0,0,1,0
237,0,0,0,0.08070034335579966,unknown,False,False,0,0,2,0
238,0,0,0,0.06616904565300753,unknown,False,False,0,0,2,0
239,0,0,0,0.2613285062749406,unknown,False,False,0,0,1,0
240,0,0,0,0.38054807263413226,unknown,False,False,0,0,4,0
241,0,0,0,0.4133889671961306,unknown,False,False,0,0,3,0
242,0,0,0,0.2934188783951801,unknown,False,False,0,0,5,0
243,0,0,0,0.2661782636009388,unknown,False,False,0,0,4,0
244,0,0,0,0.3344604273029731,unknown,False,False,0,0,4,0
245,0,0,0,0.32728805121346394,unknown,False,False,0,0,6,0
246,0,0,0,0.3941386022955553,unknown,False,False,0,0,4,0
247,0,0,0,0.49445847977474505,unknown,False,False,0,0,5,0
248,0,0,0,0.6086669926575626,unknown,False,False,0,0,3,0
249,0,0,0,0.6991372972296566,unknown,False,False,0,0,6,0
250,0,0,0,0.7310141393101911,unknown,False,False,0,0,5,0
251,0,0,0,0.5953481296881976,unknown,False,False,0,0,5,0
252,0,0,0,0.533828257342865,unknown,False,False,0,0,3,0
253,0,0,0,0.4229899276186948,unknown,False,False,0,0,4,0
254,0,0,0,0.21296387773500103,unknown,False,False,0,0,3,0
255,0,0,0,0.16396531913000492,unknown,False,False,1,0,4,0
256,0,0,0,0.17443549820674703,unknown,False,False,0,0,3,0
257,0,0,0,0.20279384100529954,unknown,False,False,0,0,3,0
258,0,0,0,0.32779473143415694,unknown,False,False,0,0,2,0
259,0,0,0,0.7919676902780441,unknown,False,False,0,0,2,0
260,0,0,0,0.4384851684230074,unknown,False,False,0,0,2,0
261,1,0,1,0.46569142580365025,unknown,False,False,2,0,3,0
262,1,0,1,0.32705067243922126,unknown,False,False,1,0,1,0
263,1,0,1,0.23145209928082255,unknown,False,False,0,0,2,0
264,0,0,0,0.10468280857010914,unknown,False,False,0,0,2,0
265,0,0,0,0.1162781148378129,unknown,False,False,0,0,2,0
266,0,0,0,0.08849675393849277,unknown,False,False,0,0,2,0
267,0,0,0,0.048590883933001205,red,False,False,0,0,3,0
268,0,0,0,0.31220229530971505,red,False,False,0,0,6,0
269,0,0,0,0.361534507949085,red,False,False,0,0,5,0
270,0,0,0,0.9309682232051676,red,False,False,0,0,3,0
271,0,0,0,0.9685255671729426,unknown,False,False,0,0,3,0
272,0,0,0,0.7370102880408543,unknown,False,False,0,0,1,0
273,0,0,0,0.5256436722047737,yellow,False,False,1,0,3,0
274,0,0,0,0.5380953017557742,yellow,False,False,0,0,5,0
275,0,0,0,0.5909758282487491,unknown,False,False,0,0,3,0
276,0,0,0,0.5251135461302414,unknown,False,False,0,0,3,0
277,0,0,0,0.2506560366662316,unknown,False,False,0,0,3,0
278,0,0,0,0.4707419902195811,unknown,False,False,0,0,0,0
279,0,0,0,0.0,unknown,False,False,0,0,0,0
280,0,0,0,0.24341669408967648,unknown,False,False,0,0,1,0
281,0,0,0,0.14151330322289488,unknown,False,False,0,0,2,0
282,0,0,0,0.10664161427554848,unknown,False,False,0,0,1,0
283,0,0,0,0.07884239927514866,unknown,False,False,0,0,1,0
284,0,0,0,0.07377529152649888,unknown,False,False,0,0,1,0
285,0,0,0,0.17996463148806885,unknown,False,False,0,0,6,0
286,0,0,0,0.5252125489402004,unknown,False,False,0,0,4,0
287,0,0,0,0.30814466880850216,unknown,False,False,0,0,9,0
288,0,0,0,0.33565211029191505,unknown,False,False,0,0,8,0
289,0,0,0,0.38188734733640867,unknown,False,False,0,0,6,0
290,0,0,0,0.3803223682451285,yellow,False,False,0,0,9,0
291,0,0,0,0.402177012222037,red,False,False,0,0,9,0
292,0,0,0,0.37144314618347174,unknown,False,False,0,0,7,0
293,0,0,0,0.4782441479870971,unknown,False,False,0,0,5,0
294,0,0,0,0.5105303991005075,unknown,False,False,0,0,5,0
295,0,0,0,0.4152484701668489,unknown,False,False,0,0,8,0
296,0,0,0,0.43813462927418156,unknown,False,False,0,0,9,0
297,0,0,0,0.5618341610721067,unknown,False,False,0,0,12,0
298,0,0,0,0.42676771140028,unknown,False,False,0,0,11,0
299,0,0,0,0.499081629795418,unknown,False,False,0,0,12,0
300,0,0,0,0.5868033469164525,unknown,False,False,0,0,6,0
301,0,0,0,0.48919315045564876,red,False,False,0,0,8,0
302,0,0,0,0.48481246763678093,yellow,False,False,0,0,9,0
303,0,0,0,0.3894583952069034,red,False,False,0,0,11,0
304,0,0,0,0.3492914736754929,red,False,False,0,0,11,0
305,0,0,0,0.4943441588708254,unknown,False,False,0,0,8,0
306,0,0,0,0.49715488808448616,yellow,False,False,0,0,6,0
307,0,0,0,0.3828504718069342,red,False,True,1,0,5,0
308,1,0,1,0.2990934716480888,unknown,False,True,2,0,5,0
309,2,0,2,0.531962403548218,unknown,False,False,0,0,8,0
310,0,0,0,0.5379208374203491,unknown,False,False,0,0,9,0
311,0,0,0,0.3876006801494214,unknown,False,False,0,0,9,0
312,0,0,0,0.7932888997251153,red,False,False,0,0,9,0
313,0,0,0,0.5609606574268586,red,False,False,0,0,9,0
314,0,0,0,0.414102583177421,red,False,False,0,0,10,0
315,0,0,0,0.373247788497065,red,False,False,0,0,9,0
316,0,0,0,0.434472519591633,red,False,False,0,0,9,0
317,0,0,0,0.5059859508528644,red,False,False,0,0,7,0
318,0,0,0,0.5125394294853417,yellow,False,False,0,0,10,0
319,0,0,0,0.6564883182693904,unknown,False,False,0,0,9,0
320,0,0,0,0.5926443735205775,unknown,False,False,0,0,6,0
321,0,0,0,0.8609273361050154,red,False,False,0,0,10,0
322,0,0,0,0.5809925047558979,red,False,False,0,0,4,0
323,0,0,0,0.3439107984628649,red,False,False,0,0,4,0
324,0,0,0,0.28042497082927,unknown,False,False,0,0,6,0
325,0,0,0,0.3890327036476284,unknown,False,False,0,0,6,0
326,0,0,0,0.24125938486579113,unknown,False,False,0,0,4,0
327,0,0,0,0.392668834114963,unknown,False,False,0,0,4,0
328,0,0,0,0.4160779083164598,unknown,False,False,0,0,3,0
329,0,0,0,0.5446159100276728,unknown,False,False,0,0,5,0
330,0,0,0,0.6444247370126728,unknown,False,False,0,0,5,0
331,0,0,0,0.9172534723398753,unknown,False,False,0,0,5,0
332,0,0,0,0.8896514797745319,unknown,False,False,1,0,6,0
333,0,1,1,0.756604194322415,unknown,False,False,1,0,5,0
334,0,1,1,0.6082741860215952,unknown,False,False,0,0,4,0
335,0,0,0,0.44371236874790465,unknown,False,False,0,1,2,0
336,0,0,0,0.24898387752742587,unknown,False,True,0,0,2,0
337,0,0,0,0.4942946119617966,red,False,True,1,0,1,0
338,1,0,1,0.662157647838315,unknown,False,False,2,0,3,0
339,1,0,1,1.3293275824942892,red,False,False,0,0,4,0
340,0,0,0,1.2079903340491023,yellow,False,False,0,0,3,0
341,0,0,0,0.6214222855223425,unknown,False,False,0,0,3,0
342,0,0,0,0.6295606792744908,unknown,False,False,0,0,3,0
343,0,0,0,0.6172472502735358,unknown,False,False,0,0,6,0
344,0,0,0,1.3528871241648943,unknown,False,False,0,0,6,0
345,0,0,0,1.6451757919030159,unknown,False,False,0,0,5,0
346,0,0,0,1.6881474881977816,unknown,False,False,0,0,4,0
347,0,0,0,0.6482414640764684,unknown,False,False,0,1,4,0
348,0,0,0,0.5894594380595838,unknown,False,False,0,0,5,0
349,1,0,1,1.2282904493380524,unknown,False,False,1,0,4,0
350,2,0,2,1.2856021877974513,unknown,False,False,2,0,3,0
351,2,0,2,1.0139863358293764,unknown,False,False,4,0,4,0
352,4,0,4,0.5219101017598992,unknown,False,False,4,0,5,0
353,6,0,6,0.6304738339798407,unknown,False,False,6,0,9,0
354,7,0,7,0.6635654104810982,unknown,False,False,5,0,6,0
355,6,0,6,0.7755748545738325,unknown,True,False,6,0,9,0
356,6,0,6,0.38633694083153725,unknown,True,False,7,0,6,0
357,7,0,7,0.3538030851576649,unknown,True,False,7,0,6,0
358,7,0,7,0.3648477796478439,red,True,True,4,1,6,0
359,7,0,7,0.318717816535351,red,True,True,2,1,6,0
360,3,0,3,0.2895087855604733,yellow,False,False,1,0,7,0
361,1,0,1,0.3024681050666473,unknown,False,False,1,0,9,0
362,1,0,1,0.5339347422055699,unknown,False,False,0,0,7,0
363,0,0,0,0.6080428342244169,unknown,False,False,0,0,6,0
364,0,1,1,0.7892376119643222,unknown,False,False,1,0,8,0
365,0,1,1,0.8222393203090441,unknown,False,False,0,0,6,0
366,0,0,0,0.8575375586433649,unknown,False,False,0,0,7,0
367,0,0,0,0.7339946931553492,unknown,False,False,0,0,6,0
368,0,0,0,0.9704780300427692,unknown,False,False,0,0,6,0
369,0,0,0,0.8955333599429892,unknown,False,False,0,0,6,0
370,0,0,0,0.34471502178312574,unknown,False,False,0,0,5,0
371,0,0,0,0.5042076641386211,unknown,False,False,3,0,3,0
372,1,0,1,0.8103849829269106,unknown,False,False,1,0,3,0
373,0,1,1,0.555629036551161,red,False,False,1,0,4,0
374,1,0,1,0.4085494653602218,green,False,False,3,0,5,0
375,1,0,1,0.3542404964115958,unknown,False,False,0,0,7,0
376,0,0,0,0.9383652150273293,unknown,False,False,0,0,6,0
377,0,0,0,1.887851574888425,unknown,False,False,0,0,9,0
378,0,0,0,1.0267333061585395,unknown,False,False,0,0,11,0
379,0,0,0,1.2927612347769624,unknown,False,False,0,0,11,0
380,0,0,0,1.1941835731345987,unknown,False,False,0,0,8,0
381,0,1,1,1.116907152636841,unknown,False,False,1,0,7,0
382,1,0,1,0.8624658559173076,unknown,False,False,0,0,9,0
383,1,0,1,0.8691113338056802,unknown,False,False,0,0,6,0
384,0,0,0,0.9450526339965547,unknown,False,False,0,0,10,0
385,0,0,0,0.750311202347956,yellow,False,False,0,0,7,0
386,0,0,0,0.5652613162300208,yellow,False,False,0,0,5,0
387,0,0,0,0.46893745354761673,yellow,False,False,0,0,8,0
388,0,0,0,0.39605832862849827,yellow,False,False,0,0,10,0
389,0,0,0,0.388150653370602,unknown,False,False,0,0,7,0
390,0,0,0,0.30084636774602747,unknown,False,False,0,0,4,0
391,0,0,0,0.2976207788433304,unknown,False,False,0,0,11,0
392,0,0,0,0.3448329230389492,unknown,False,False,0,0,10,0
393,0,0,0,0.32941047665618733,unknown,False,False,0,0,7,0
394,0,0,0,0.32987130052188085,unknown,False,False,0,0,7,0
395,0,0,0,0.5558078241796032,yellow,False,False,0,0,6,0
396,0,0,0,0.37286756524935866,yellow,False,False,0,0,9,0
397,0,0,0,0.28990555522474615,unknown,False,False,0,0,7,0
398,0,0,0,0.3212565180859796,unknown,False,False,0,0,9,0
399,0,0,0,0.3666833126457626,red,False,False,0,0,8,0
400,0,0,0,0.8291237081643774,red,False,False,0,0,6,0
401,0,0,0,0.5365813157588445,unknown,False,False,0,0,5,0
402,0,0,0,0.31854872755919994,unknown,False,False,0,0,5,0
403,0,0,0,0.3756900363323472,unknown,False,False,0,0,7,0
404,0,0,0,0.41335544598758406,yellow,False,False,0,0,9,0
405,0,0,0,0.5875457344386428,unknown,False,False,0,0,10,0
406,0,0,0,1.016879029547952,unknown,False,False,0,0,8,0
407,0,0,0,0.7581864567302466,unknown,False,False,0,0,9,0
408,0,0,0,0.776798466135458,unknown,False,False,0,0,10,0
409,0,0,0,0.6990298523598278,unknown,False,False,0,0,12,0
410,0,0,0,0.7404181584118744,unknown,False,False,0,0,14,0
411,0,0,0,0.740068148503523,unknown,False,False,0,0,14,0
412,0,0,0,1.1686815377477837,unknown,False,False,0,0,15,0
413,0,0,0,1.223181114840899,unknown,False,False,0,0,14,0
414,0,0,0,0.7734560740347803,unknown,False,False,0,0,15,0
415,0,1,1,0.5525368771402233,unknown,False,False,1,0,12,0
416,0,1,1,0.7719119303851898,unknown,False,False,2,0,9,0
417,1,0,1,0.8628273452821038,unknown,False,False,0,0,3,0
418,1,0,1,0.3729023770859213,red,False,False,0,0,4,0
419,0,0,0,0.26926923456347757,yellow,False,False,0,0,4,0
420,0,0,0,0.34606040032920643,red,False,False,0,0,4,0
421,0,0,0,0.3564481618233329,unknown,False,False,0,0,4,0
422,0,0,0,0.3546421577880697,unknown,False,False,0,0,4,0
423,0,0,0,0.23165030485200613,unknown,False,False,0,0,4,0
424,0,0,0,0.23113231724556696,unknown,False,False,0,0,5,0
425,0,0,0,0.4296230410797866,unknown,False,False,0,0,8,0
426,0,0,0,0.5495695855046965,unknown,False,False,0,0,5,0
427,0,0,0,0.8115542526608313,unknown,False,False,0,0,9,0
428,0,0,0,0.7384465850554345,unknown,False,False,0,0,12,0
429,0,0,0,0.6581882489772715,unknown,False,False,0,0,11,0
430,0,0,0,0.5669687622161309,unknown,False,False,0,0,11,0
431,0,0,0,0.5486676649124993,unknown,False,False,0,0,11,0
432,0,0,0,0.40803233276283396,unknown,False,False,0,0,11,0
433,0,0,0,0.49069008051750945,unknown,False,True,0,0,14,0
434,0,0,0,0.5390191855362398,unknown,False,False,0,0,13,0
435,0,0,0,0.6097048874924205,unknown,False,False,0,0,11,0
436,0,0,0,0.49178902823933546,unknown,False,False,0,0,9,0
437,0,0,0,0.6789476684907231,unknown,False,False,0,0,12,0
438,0,0,0,0.7736613205968497,unknown,False,False,0,0,10,0
439,0,0,0,0.870900935452612,unknown,False,False,0,0,10,0
440,0,0,0,0.9909243587130282,unknown,False,False,0,0,10,0
441,0,0,0,1.1486060622179393,unknown,False,False,0,0,9,0
442,0,0,0,1.2864318505132197,unknown,False,False,0,0,12,0
443,0,0,0,1.2885330958646595,unknown,False,False,0,0,13,0
444,0,0,0,1.0921627954751125,unknown,False,False,0,0,12,0
445,0,0,0,0.8178488811113803,unknown,False,False,0,0,10,0
446,0,0,0,0.618505881672516,unknown,False,False,0,0,8,0
447,0,0,0,0.5775625150842731,unknown,False,False,0,0,8,0
448,0,0,0,0.42205764657500683,unknown,False,False,0,0,7,0
449,0,0,0,0.24859673087357365,unknown,False,False,0,0,9,0
450,0,0,0,0.25888419552460434,unknown,False,False,0,0,9,0
451,0,0,0,0.2926357208405149,unknown,False,False,0,0,13,0
452,0,0,0,0.25282803257333375,unknown,False,False,0,0,12,0
453,0,0,0,0.4270856650163595,yellow,False,False,0,0,11,0
454,0,0,0,0.3137122806223931,yellow,False,False,0,0,9,0
455,0,0,0,0.21772408946894173,red,False,False,0,0,8,0
456,0,0,0,0.21308366079772395,red,False,False,0,0,9,0
457,0,0,0,0.1648304105697869,red,False,False,0,0,7,0
458,0,0,0,0.29025164232056394,unknown,False,False,0,0,5,0
459,0,0,0,0.38671192249037956,unknown,False,False,0,0,7,0
460,0,0,0,0.3970878086031074,red,False,False,0,0,9,0
461,0,0,0,0.4239241732603067,unknown,False,False,0,0,12,0
462,0,0,0,0.6429952963903915,unknown,False,False,0,0,6,0
463,0,0,0,0.8364955277883876,unknown,False,False,0,0,6,0
464,0,0,0,0.7327669626139784,unknown,False,False,0,0,5,0
465,0,0,0,0.9641115889016493,unknown,False,False,0,0,5,0
466,0,0,0,0.984983583051228,unknown,False,False,0,0,6,0
467,0,0,0,1.2721695018312995,unknown,False,False,1,0,6,0
468,0,0,0,1.285070652881384,unknown,False,False,0,0,4,0
469,0,0,0,0.7848942311930495,unknown,False,False,0,0,6,0
470,0,0,0,0.6818939796842439,unknown,False,False,0,0,2,0
471,0,0,0,0.8609469092662202,unknown,False,False,0,0,5,0
472,0,0,0,0.6712064145202551,unknown,False,False,0,0,3,0
473,0,0,0,1.1445883220620634,green,False,False,0,0,2,0
474,0,0,0,1.4105908074268796,unknown,False,False,0,0,4,0
475,0,0,0,1.0843142293479278,unknown,False,False,0,0,3,0
476,0,0,0,0.6478244453065253,unknown,False,False,0,0,1,0
477,0,0,0,0.3787500816292829,unknown,False,False,0,0,0,0
478,0,0,0,0.0,unknown,False,False,1,0,0,0
479,3,0,3,0.0,unknown,False,False,3,0,0,0
480,1,2,3,0.0,unknown,False,False,4,0,0,0
481,2,1,3,0.5969930666588499,unknown,False,False,1,0,3,0
482,1,0,1,2.1580424900215975,unknown,False,False,0,0,2,0
483,0,0,0,1.8247415259085549,unknown,False,False,0,0,4,0
484,0,0,0,0.6351339357516103,unknown,False,False,0,0,6,0
485,0,0,0,1.137284093261091,unknown,False,False,0,0,3,0
486,0,0,0,1.701494392252238,unknown,False,False,0,0,3,0
487,0,0,0,0.9783637739450818,unknown,False,False,0,0,4,0
488,1,0,1,0.6923650482592401,yellow,False,False,1,0,4,0
489,1,0,1,0.43043486165248296,red,False,False,1,0,4,0
490,1,0,1,0.37487145106238645,red,False,False,1,0,8,0
491,1,0,1,0.3739212554582286,yellow,False,False,1,0,5,0
492,1,0,1,0.4082330470206289,green,False,False,1,0,7,0
493,0,1,1,0.5310311594054891,unknown,False,False,1,0,3,0
494,1,0,1,0.6645710025792793,unknown,False,False,1,0,3,0
495,1,0,1,1.1009521094090298,unknown,False,False,1,0,3,0
496,1,0,1,1.717205276798983,unknown,False,False,0,0,2,0
497,1,0,1,0.32931741530069236,unknown,False,False,0,0,1,0
498,0,0,0,0.35150704045771125,unknown,False,False,0,0,0,0
499,0,0,0,0.38214204741929636,unknown,False,False,0,0,2,0
500,0,0,0,0.2785373095687246,red,False,False,0,0,3,0
501,0,0,0,0.30286093215817383,unknown,False,False,0,0,4,0
502,0,0,0,0.7494925349760078,unknown,False,False,0,0,2,0
503,0,0,0,1.9779409646872033,unknown,False,False,0,0,5,0
504,0,0,0,1.256959159197055,unknown,False,False,0,0,5,0
505,0,0,0,0.969561156338766,unknown,False,False,0,0,5,0
506,0,0,0,1.2794703025825493,unknown,False,False,0,0,3,0
507,0,0,0,0.8231201704660223,red,False,False,0,0,7,0
508,1,0,1,0.7718324679791422,unknown,False,False,1,0,5,0
509,1,0,1,1.441759899549592,unknown,False,False,0,0,5,0
510,0,0,0,1.074984546218056,unknown,False,False,1,1,4,0
511,2,0,2,0.6824940990351821,unknown,False,False,2,0,3,0
512,1,1,2,1.11753742753712,unknown,False,False,2,0,3,0
513,3,0,3,1.2768412170509211,unknown,False,False,4,0,2,0
514,6,0,6,2.401555839338534,unknown,False,False,2,0,2,0
515,3,0,3,0.8358178891945897,unknown,False,False,2,0,1,0
516,3,0,3,0.27794300824557605,unknown,False,False,4,0,1,0
517,5,0,5,0.18876621789584797,unknown,False,False,4,0,1,0
518,4,1,5,0.0974943503682332,unknown,False,False,4,0,0,0
519,5,0,5,0.0,unknown,False,False,5,0,0,0
520,7,0,7,0.0,unknown,False,False,2,0,0,0
521,5,0,5,0.0,unknown,False,False,1,0,0,1
522,3,0,3,0.0,unknown,False,False,0,0,0,2
523,1,0,1,0.0,unknown,False,False,0,0,0,0
524,0,0,0,0.0,unknown,False,False,0,0,0,0
525,1,0,1,0.0,unknown,False,False,0,0,0,0
526,0,1,1,0.0,unknown,False,False,1,0,0,0
527,1,0,1,0.0,red,False,True,1,0,4,0
528,2,0,2,1.3602463617456015,red,False,False,0,0,7,0
529,1,0,1,1.2463903757736416,unknown,False,False,0,0,6,0
530,0,0,0,0.823796376592867,unknown,False,False,0,0,2,0
531,0,0,0,0.7265548121020458,unknown,False,False,1,0,2,1
532,1,0,1,0.971625606344501,unknown,False,False,1,0,1,1
533,1,0,1,0.9539317739072504,unknown,False,False,1,0,2,1
534,1,0,1,0.680205197949539,unknown,False,False,1,0,3,1
535,1,0,1,0.44132642001869754,unknown,False,False,1,1,2,0
536,2,0,2,0.5303470383949389,unknown,False,False,1,1,3,0
537,2,0,2,0.882397903192899,unknown,False,False,2,0,2,0
538,1,1,2,1.0222683970606197,unknown,False,False,2,1,10,0
539,2,2,4,0.8376675515036452,unknown,False,False,2,0,16,0
540,3,0,3,0.85443189866768,unknown,False,False,2,1,19,0
541,2,0,2,0.8657867541779611,unknown,False,False,3,0,16,0
542,5,0,5,1.147671305040785,red,False,False,5,0,7,0
543,4,0,4,0.6687569297384889,unknown,False,True,1,2,7,0
544,2,0,2,0.5300407746325706,unknown,False,False,0,1,6,0
545,2,0,2,0.37158067840884795,unknown,False,False,2,0,5,0
546,1,0,1,0.2262919300422643,red,False,False,1,0,4,0
547,1,0,1,0.10969066526402493,unknown,False,True,2,0,4,0
548,3,0,3,0.11475395096374987,unknown,False,False,4,0,8,0
549,3,0,3,0.22091260545143643,unknown,False,True,2,1,11,0
550,2,0,2,0.1686701384782729,unknown,False,False,1,0,8,0
551,1,0,1,0.16947234644362688,unknown,False,False,1,0,6,0
552,2,0,2,0.32055730901853097,red,False,False,1,0,6,0
553,3,0,3,0.202611951739862,red,False,False,0,0,7,0
554,2,0,2,0.22912735545411173,red,False,False,1,0,7,0
555,3,0,3,0.4195206941441512,unknown,False,True,2,0,5,0
556,3,0,3,0.46067206769555635,green,False,True,3,1,5,0
557,2,0,2,0.30678042387364785,yellow,False,False,1,1,4,0
558,3,0,3,0.2240670126391024,unknown,False,False,1,1,5,0
559,1,0,1,0.3739868408198855,unknown,False,False,1,0,4,0
560,0,0,0,0.532153626904242,unknown,False,False,1,0,2,0
561,1,0,1,0.8627150258429122,unknown,False,False,1,0,2,0
562,0,1,1,0.42855739406209054,unknown,False,False,1,0,3,0
563,1,0,1,0.36947621941883574,unknown,False,False,0,1,2,0
564,1,0,1,0.2932658164374557,unknown,False,False,1,1,2,0
565,0,1,1,0.41921175928833454,unknown,False,False,1,0,3,0
566,2,0,2,0.9523573058246596,unknown,False,False,1,0,0,0
567,1,0,1,0.7346052779282474,unknown,False,False,0,0,5,0
568,0,0,0,0.6382788302126231,unknown,False,False,1,0,6,0
569,0,0,0,0.8240470427766116,unknown,False,False,0,0,8,0
570,0,0,0,1.0871157254942867,unknown,False,False,0,0,7,0
571,0,0,0,1.626642504716225,yellow,False,False,0,0,8,0
572,1,0,1,0.9121150851268117,red,False,True,0,1,10,0
573,1,0,1,0.8309203447027166,red,False,True,0,1,8,0
574,0,0,0,0.8663322292310004,unknown,False,True,0,0,4,0
575,0,0,0,0.8113300504206203,red,False,True,1,0,5,0
576,0,1,1,0.8912693931805006,unknown,False,True,1,0,2,0
577,1,1,2,0.5527025094375365,unknown,False,False,1,0,1,0
578,2,1,3,0.0,unknown,False,False,3,0,0,0
579,4,2,6,0.08512793357971274,unknown,False,False,1,0,3,5
580,3,0,3,0.12174324264743774,unknown,False,False,1,0,2,2
581,1,1,2,0.14209641737281378,unknown,False,False,1,0,5,0
582,1,1,2,0.15584402002718617,unknown,False,False,1,1,3,0
583,1,0,1,0.1834651205649883,unknown,False,False,0,1,4,0
584,0,0,0,0.44369726408471133,unknown,False,False,0,1,3,0
585,0,0,0,0.39870983518951664,unknown,False,True,0,1,5,0
586,0,0,0,0.47734643354337386,unknown,False,True,1,1,7,0
587,1,0,1,0.7385959764083161,red,False,False,1,0,8,0
588,1,1,2,0.5917421758099558,unknown,False,False,2,1,9,0
589,2,0,2,0.4696758382637571,red,False,True,2,1,5,0
590,1,1,2,0.3228424086463018,yellow,False,False,1,1,4,0
591,1,0,1,0.257835034376539,unknown,False,False,0,1,4,0
592,0,0,0,0.1260552623685707,unknown,False,False,0,1,5,0
593,0,0,0,0.2950553487938074,unknown,False,False,0,1,5,0
594,0,0,0,0.6166366912868172,unknown,False,False,0,1,4,0
595,0,0,0,0.8526662118727797,unknown,False,False,0,1,5,0
596,0,0,0,1.1366310959941885,unknown,False,False,0,1,9,0
597,0,0,0,1.2543114144117644,unknown,False,False,0,1,7,0
598,0,0,0,1.02119138442329,unknown,False,False,0,1,6,0
599,0,0,0,0.6438784554768724,unknown,False,False,0,1,3,0
600,0,0,0,0.3130012972867724,unknown,False,False,1,1,4,0
601,1,0,1,0.4580670989410297,unknown,False,True,1,2,11,0
602,0,1,1,0.7612919545539296,unknown,False,False,1,1,6,0
603,1,0,1,1.047676690650869,unknown,False,False,1,1,5,0
604,1,0,1,1.003615853247571,unknown,False,False,0,2,5,0
605,1,0,1,0.6746150263988329,unknown,False,True,0,0,7,0
606,0,0,0,0.6855659036573525,unknown,False,False,0,0,8,0
607,0,0,0,0.7848556030754175,unknown,False,False,0,0,6,0
608,0,0,0,0.5431131828657625,unknown,False,False,0,0,6,0
609,0,0,0,0.36930801012220726,unknown,False,False,1,0,7,0
610,0,1,1,0.44619910851311706,unknown,False,False,1,0,5,0
611,0,0,0,0.579218561655149,unknown,False,False,0,0,5,0
612,0,0,0,1.23881462538238,unknown,False,False,0,0,5,0
613,0,0,0,1.2792247064729596,red,False,False,1,0,4,0
614,1,1,2,0.4646663717795713,red,False,False,3,0,5,0
615,0,2,2,0.5928847082457606,unknown,False,False,0,0,2,0
616,0,1,1,0.6141416411897366,unknown,False,False,0,0,1,0
617,0,0,0,0.5878952879272595,unknown,False,False,1,0,2,0
618,0,1,1,0.6323994473286505,unknown,False,False,0,0,0,0
619,0,0,0,0.4032008123778419,unknown,False,False,0,0,1,0
620,0,0,0,0.20726009633182624,unknown,False,False,0,0,1,0
621,0,0,0,0.22914674828157275,unknown,False,False,0,1,3,0
622,0,0,0,0.43953714314206804,unknown,False,False,0,0,5,0
623,0,0,0,0.5949016968934214,unknown,False,False,1,0,3,0
624,0,0,0,0.3560137480045375,yellow,False,False,0,0,4,0
625,0,0,0,0.307266146991804,unknown,False,False,0,0,4,0
626,0,0,0,0.6856203118261464,unknown,False,False,0,0,3,0
627,0,0,0,1.5069651442613736,unknown,False,False,0,0,3,0
628,0,0,0,0.38911872037676326,red,False,False,0,0,2,0
629,0,0,0,0.40740851969658876,red,False,False,0,0,4,0
630,0,0,0,0.7646403581869469,red,False,False,0,0,2,0
631,1,0,1,0.8501277127147389,yellow,False,False,1,0,6,1
632,2,0,2,0.7896208643758068,yellow,False,False,1,0,4,0
633,1,0,1,0.9926976239016326,unknown,False,False,0,0,1,0
634,1,0,1,0.5497099288031451,unknown,False,False,1,1,0,0
635,1,0,1,0.6666630512026471,unknown,False,False,0,0,0,0
636,1,0,1,0.0,unknown,False,False,0,0,0,0
637,0,0,0,0.02438556138560516,unknown,False,False,0,0,1,0
638,0,0,0,0.38913062602014553,unknown,False,False,0,1,4,0
639,0,0,0,1.24043207215823,unknown,False,False,0,1,5,0
640,0,0,0,1.5474562735486916,unknown,False,False,0,1,4,0
641,0,0,0,0.9629405400865158,unknown,False,False,0,1,7,0
642,0,0,0,1.5452514657029022,unknown,False,False,0,2,5,0
643,0,0,0,1.1486012410171957,unknown,False,False,1,1,4,0
644,2,0,2,1.3614325306927855,yellow,False,True,2,0,3,0
645,2,0,2,1.2039533999732832,unknown,False,True,2,0,5,0
646,2,0,2,1.395280083969391,unknown,False,False,1,1,4,0
647,2,0,2,1.2625822240991638,unknown,False,False,0,1,5,0
648,0,0,0,1.3807511377767814,unknown,False,False,0,0,4,0
649,0,1,1,1.3868710749890953,unknown,False,False,1,3,4,0
650,0,1,1,0.7002361446481443,unknown,False,False,1,2,3,0
651,2,0,2,1.2432921226700977,unknown,False,False,1,1,3,0
652,2,0,2,1.232002594686534,unknown,False,False,0,1,3,0
653,0,0,0,0.2506298314998554,unknown,False,False,0,0,2,0
654,0,0,0,0.33421329455649346,unknown,False,False,0,0,2,0
655,0,0,0,1.1121450127923584,unknown,False,False,0,0,1,0
656,0,0,0,1.1306844619911558,unknown,False,False,0,0,6,1
657,0,0,0,1.214431766659789,unknown,False,False,1,0,4,2
658,1,0,1,1.19001324847321,unknown,False,False,2,0,6,0
659,2,0,2,0.6682149377936799,unknown,False,False,2,0,8,0
660,4,0,4,0.4409324860703524,unknown,False,False,2,0,7,0
661,4,0,4,0.5322757907310688,unknown,False,False,3,0,5,0
662,3,0,3,0.3392380951148885,yellow,False,False,2,0,4,0
663,3,0,3,0.40856007261645044,yellow,False,False,3,0,5,0
664,3,0,3,0.41977984418343817,unknown,False,False,1,0,3,1
665,5,0,5,0.1856543369281523,unknown,False,False,5,0,5,0
666,5,0,5,0.20078795715778971,unknown,False,False,4,0,9,0
667,5,0,5,0.2504831233575155,unknown,False,False,5,0,9,0
668,6,0,6,0.2726839191222092,unknown,False,False,5,0,12,0
669,6,0,6,0.3907720250705268,unknown,False,False,3,0,11,0
670,7,0,7,0.43496298474819833,unknown,False,False,4,0,13,0
671,6,0,6,0.49176928336857323,unknown,False,False,6,0,13,1
672,7,0,7,0.46921887422235253,unknown,False,False,3,0,11,1
673,8,0,8,0.46963298818301247,unknown,False,False,7,0,9,0
674,7,0,7,0.5577826112754019,unknown,False,False,6,0,8,0
675,8,0,8,0.5098192418448511,unknown,False,False,7,0,9,0
676,7,0,7,0.34418437238412025,unknown,False,False,5,0,8,0
677,7,0,7,0.40099902563622225,unknown,False,False,4,0,8,0
678,8,0,8,0.33140795353698926,unknown,False,False,6,0,10,0
679,10,0,10,0.38416044614193007,unknown,False,False,8,0,9,0
680,11,0,11,0.3028951834255349,unknown,False,False,8,0,11,0
681,9,0,9,0.5062084059758989,unknown,False,False,7,0,11,0
682,10,0,10,0.4187322841481014,unknown,False,False,8,0,10,1
683,9,0,9,0.47470670447482854,yellow,False,False,6,0,12,0
684,9,0,9,0.7041791288550799,yellow,False,False,7,0,12,0
685,8,0,8,0.5780927636253174,yellow,False,False,8,0,6,0
686,8,0,8,0.5783947408271439,unknown,False,False,6,0,9,1
687,8,0,8,0.5818000406389771,unknown,False,False,8,0,10,0
688,8,0,8,0.510298431780975,yellow,False,False,8,0,8,1
689,8,0,8,0.3769627313065752,yellow,False,False,6,0,7,1
690,8,0,8,0.28595505622330686,yellow,False,False,5,0,8,0
691,6,0,6,0.20990641942810973,yellow,False,False,6,0,6,0
692,7,0,7,0.21079093052504128,yellow,False,False,7,0,7,0
693,7,0,7,0.42743019335699933,yellow,False,False,5,0,8,0
694,8,0,8,0.35422676179333057,unknown,False,False,5,0,6,0
695,5,0,5,0.3080327819697015,unknown,False,False,6,0,3,0
696,5,0,5,0.45712939776042805,unknown,False,False,5,0,3,0
697,6,0,6,0.3533994452873617,unknown,False,False,7,0,4,2
698,7,0,7,0.26835805312953714,unknown,False,False,7,0,3,0
699,7,0,7,0.08705630938938907,yellow,False,False,5,0,4,0
700,7,0,7,0.08751651161276114,yellow,True,False,8,0,4,1
701,7,0,7,0.1562243005973253,unknown,False,False,6,0,4,1
702,9,0,9,0.225922944524423,yellow,True,False,4,0,6,0
703,8,0,8,0.5756219893913035,unknown,True,False,5,0,8,0
704,7,0,7,0.8368733652804158,unknown,False,False,5,0,11,1
705,7,1,8,0.9624157393802487,red,True,False,7,0,12,0
706,7,0,7,0.9865327179416007,yellow,True,False,3,0,11,0
707,6,0,6,0.7933673720251364,unknown,False,False,0,0,15,0
708,4,0,4,0.8202811389004696,unknown,False,False,1,0,12,0
709,1,0,1,0.9404262605748803,red,False,False,1,0,12,0
710,1,0,1,0.8557018584249183,unknown,False,False,1,0,6,0
711,0,1,1,0.8261992709457552,yellow,False,False,0,0,4,4
712,0,0,0,1.0598750775420724,unknown,False,False,0,0,2,0
713,0,0,0,0.7219349223578416,unknown,False,False,0,0,2,0
714,0,0,0,0.6474990317473666,unknown,False,False,0,0,4,0
715,0,0,0,0.7429025023557493,unknown,False,False,0,0,4,0
716,0,0,0,0.7590075908805363,unknown,False,False,0,0,4,0
717,0,0,0,0.6256697868575272,unknown,False,False,0,0,2,0
718,0,0,0,0.4683902017108168,unknown,False,False,0,0,1,0
719,0,0,0,0.4689357205712955,unknown,False,False,0,0,0,0
720,0,0,0,0.0,unknown,False,False,0,0,0,0
721,1,0,1,0.0,unknown,False,False,1,0,0,0
722,1,0,1,0.0,yellow,False,False,1,0,1,0
723,3,0,3,0.0,red,False,False,2,0,0,0
724,3,0,3,0.2025159069160823,unknown,False,False,2,0,1,0
725,2,0,2,0.3330406226724575,unknown,False,False,2,1,3,0
726,1,1,2,0.3802104937884327,unknown,False,True,1,1,4,0
727,3,0,3,0.5150765479106763,red,False,True,2,1,4,0
728,2,0,2,0.4993899609082749,red,False,True,1,2,3,0
729,0,1,1,0.6834267045142234,unknown,False,True,1,1,1,0
730,2,0,2,0.6031000879919223,unknown,False,False,1,1,1,0
731,3,0,3,0.647968622094514,unknown,False,False,2,1,1,0
732,0,2,2,1.3694833724647382,unknown,False,False,2,1,0,0
733,2,0,2,1.3516263697734112,unknown,False,False,1,0,0,0
734,2,0,2,0.8003150064754325,unknown,False,False,2,0,1,0
735,0,0,0,1.0320882060012426,unknown,False,False,1,0,2,0
736,0,0,0,1.0881010406065093,unknown,False,False,0,0,8,0
737,0,0,0,1.0785260404630241,unknown,False,False,0,0,5,0
738,0,0,0,0.9482429833323958,unknown,False,False,1,0,7,0
739,0,0,0,0.8908024182592804,unknown,False,False,0,0,3,0
740,0,0,0,1.0342022358246108,unknown,False,False,0,0,6,0
741,0,0,0,1.125029689236828,red,False,False,0,0,9,0
742,0,0,0,1.266947830998324,unknown,False,False,0,0,7,0
743,0,0,0,1.1709471727565193,yellow,False,False,0,0,6,0
744,0,0,0,1.3403402739045205,red,False,False,0,0,4,0
745,0,0,0,1.1368397635437033,unknown,False,False,1,0,6,0
746,1,0,1,0.9289086721000378,red,False,False,1,0,3,0
747,1,1,2,1.3890604982033423,unknown,False,False,2,2,1,0
748,1,0,1,0.7402146503316037,unknown,False,False,2,3,3,1
749,1,1,2,0.8266609847814737,unknown,False,False,1,1,8,0
750,0,1,1,1.3217531544520458,unknown,False,False,0,1,9,0
751,1,0,1,1.3547795968943175,unknown,False,False,0,0,10,0
752,1,0,1,1.6747513753155865,unknown,False,False,0,1,5,0
753,0,0,0,1.147687038236571,unknown,False,False,0,0,3,0
754,0,0,0,0.7814281948220723,unknown,False,False,0,0,1,0
755,0,0,0,0.45125896470749877,green,False,False,0,0,0,0
756,0,0,0,0.18064269060922764,unknown,False,False,1,1,2,0
757,0,2,2,0.2846270652173589,unknown,False,False,2,0,0,0
758,1,2,3,0.7650378425865414,yellow,False,True,2,1,1,0
759,2,0,2,1.0900042088392023,unknown,False,False,1,1,5,0
760,2,0,2,1.0870260141332595,unknown,False,True,1,0,2,0
761,1,0,1,0.8556450767463093,unknown,False,False,0,0,6,0
762,0,0,0,0.8558331692957415,unknown,False,False,0,0,6,0
763,0,0,0,1.3477458230279529,unknown,False,False,0,0,7,0
764,0,0,0,1.1997211347345929,unknown,False,False,0,0,5,0
765,0,0,0,1.017243986444276,unknown,False,False,0,0,2,0
766,0,0,0,0.9178174571521763,unknown,False,False,0,0,3,0
767,0,0,0,0.6421192024513473,unknown,False,False,0,0,2,0
768,0,0,0,0.6050888306510714,unknown,False,False,0,0,3,0
769,0,0,0,1.1550475818529857,unknown,False,False,0,0,5,0
770,0,0,0,2.011901227099287,unknown,False,False,0,0,3,0
771,1,0,1,1.298692956824703,unknown,False,False,0,0,7,0
772,0,0,0,0.7123545486075182,unknown,False,False,1,0,6,0
773,1,0,1,1.6426788723990757,unknown,False,False,1,0,7,0
774,3,0,3,1.1978668493679767,unknown,False,True,2,0,8,0
775,2,0,2,1.2167783726794672,red,False,True,1,1,4,0
776,2,0,2,1.6742381949482177,unknown,False,True,1,1,2,0
777,2,0,2,1.3086560084073453,unknown,False,False,0,1,2,0
778,0,0,0,1.5674680064924666,unknown,False,True,0,0,1,0
779,0,0,0,2.609979966218902,unknown,False,False,0,0,1,0
780,0,0,0,0.738476256571293,unknown,False,False,0,0,1,0
781,1,0,1,0.3806560124603721,unknown,False,False,0,0,0,0
782,3,0,3,0.0,unknown,False,False,2,0,0,0
783,2,1,3,0.0,unknown,False,False,2,0,1,0
784,2,0,2,0.5791146499494886,unknown,False,False,0,0,3,0
785,2,0,2,1.3090290668127724,unknown,False,False,0,0,2,0
786,0,0,0,1.7057822564921674,unknown,False,False,1,0,2,0
787,1,0,1,1.2653908652521062,unknown,False,False,1,0,2,0
788,2,0,2,0.7270815988906421,unknown,False,False,1,0,2,0
789,1,0,1,0.619236640177581,unknown,False,False,1,0,2,0
790,1,0,1,0.5174993804094852,unknown,False,False,0,2,2,0
791,1,0,1,0.3111761338975555,green,False,True,1,1,2,0
792,1,0,1,0.24142211571095917,green,False,True,0,2,2,0
793,0,0,0,0.11785941813168364,red,False,True,0,1,2,0
794,0,0,0,0.19901091695811635,red,False,True,0,2,2,0
795,0,0,0,0.11739341128875419,red,False,True,0,1,1,0
796,0,0,0,0.25172612425529145,red,False,True,0,2,3,0
797,0,0,0,0.2902256402035041,red,False,True,0,2,0,0
798,0,0,0,0.0,red,False,True,0,1,3,0
799,0,0,0,0.4658007224769015,red,False,True,0,1,4,0
800,0,0,0,0.9090593209852167,yellow,False,True,0,3,5,0
801,0,0,0,1.487884420911482,unknown,False,True,0,1,4,0
802,0,0,0,1.2432499065290734,unknown,False,False,0,1,2,0
803,0,0,0,1.0320737865062382,unknown,False,False,0,1,2,0
804,0,0,0,0.6772234435361336,unknown,False,False,0,1,0,0
805,0,0,0,0.32095514281062204,unknown,False,False,0,1,0,0
806,0,0,0,0.0,unknown,False,False,0,0,1,0
807,0,0,0,1.3062638674628184,unknown,False,False,0,0,3,0
808,0,0,0,0.8512931684312779,unknown,False,False,0,0,5,0
809,0,0,0,0.7696391317230583,unknown,False,False,0,0,6,0
810,2,1,3,0.7389232304376472,unknown,False,False,4,0,5,0
811,3,3,6,0.6375196953217543,unknown,False,False,5,0,1,0
812,3,1,4,0.7735776087293911,yellow,False,False,2,1,3,0
813,3,1,4,1.001506462625254,red,False,True,1,1,4,0
814,1,0,1,0.8853798368122675,green,False,True,0,1,4,0
815,0,0,0,0.7654073053777101,unknown,False,True,0,0,6,0
816,0,0,0,0.7640450704035444,unknown,False,False,0,0,6,0
817,0,0,0,1.0795538075112587,unknown,False,False,0,0,7,0
818,0,0,0,1.2924085969926837,unknown,False,False,1,0,6,0
819,1,0,1,0.9399215069910248,unknown,False,False,1,0,3,0
820,1,0,1,0.8172636331111197,unknown,False,False,1,0,2,0
821,1,0,1,0.7378350672043709,unknown,False,False,1,0,3,1
822,1,1,2,0.5954137202345607,unknown,False,False,3,0,0,0
823,3,1,4,0.0,unknown,False,False,2,0,1,0
824,2,0,2,0.40083172060972616,unknown,False,False,2,0,3,0
825,2,0,2,0.9172884789485589,unknown,False,False,0,0,5,0
826,0,0,0,1.558878664968223,red,False,False,0,0,4,0
827,0,0,0,1.3175693885676418,red,False,False,1,0,8,0
828,0,0,0,0.9978949194782447,unknown,False,False,0,0,8,0
829,1,0,1,0.9185913823156362,unknown,False,False,0,0,7,0
830,1,0,1,1.0861659423386387,unknown,False,False,2,0,4,0
831,1,1,2,0.7486449711102626,unknown,False,False,2,0,2,0
832,2,0,2,0.5689771186498016,unknown,False,False,1,0,5,0
833,3,0,3,0.2563038023807842,unknown,False,False,2,0,4,0
834,2,1,3,0.9893446429714222,unknown,False,False,1,0,4,0
835,1,0,1,0.4462128919664695,unknown,False,False,0,0,3,0
836,1,0,1,0.5997927746814472,unknown,False,False,0,1,3,0
837,1,0,1,0.5258661247986847,unknown,False,False,0,1,4,0
838,0,0,0,0.5702937083039492,unknown,False,False,0,0,2,0
839,0,0,0,0.6209581342168781,unknown,False,False,0,0,5,0
840,0,0,0,0.5130880351436156,unknown,False,False,0,0,6,0
841,0,0,0,0.6438383862493213,unknown,False,False,0,0,6,0
842,0,0,0,0.6690647485827959,unknown,False,False,0,0,8,0
843,0,0,0,0.660095887461022,unknown,False,False,0,0,8,0
844,0,0,0,0.5794635182273594,yellow,False,False,0,0,15,0
845,0,0,0,0.4732327303616136,yellow,False,False,0,0,15,0
846,0,0,0,0.6193841373430873,yellow,False,False,0,0,11,0
847,0,0,0,0.5604890177539283,unknown,False,False,0,0,12,0
848,0,0,0,0.5748278960755574,red,False,False,0,0,8,0
849,0,0,0,0.40949774926551624,red,False,False,0,0,10,0
850,0,0,0,0.3936371036906384,unknown,False,False,0,0,8,0
851,0,0,0,0.5567082819033146,unknown,False,False,0,0,8,0
852,0,0,0,0.6760842455358235,unknown,False,False,0,0,8,0
853,1,0,1,0.9445825684178316,unknown,False,False,1,0,7,0
854,0,1,1,1.077866414432223,unknown,False,False,1,0,5,0
855,1,0,1,0.9784725711251474,unknown,False,False,0,0,8,0
856,1,0,1,0.6198211067467475,unknown,False,False,0,0,6,0
857,0,0,0,0.5508750991570212,unknown,False,False,0,0,4,0
858,0,0,0,0.5493861694026725,unknown,False,False,0,1,6,0
859,0,0,0,0.5809099036225006,unknown,False,False,0,1,2,0
860,0,0,0,0.9135259903542907,unknown,False,False,0,0,2,0
861,0,0,0,0.7146659347269669,unknown,False,False,0,2,4,0
862,0,0,0,0.5258317759355547,unknown,False,False,1,1,4,0
863,0,0,0,0.5535929933378763,unknown,False,True,0,1,3,0
864,0,0,0,0.3799179462914505,unknown,False,True,0,1,4,0
865,0,0,0,0.4271825318613099,unknown,False,False,0,1,4,0
866,0,0,0,0.6178137535453233,unknown,False,False,0,1,4,0
867,0,0,0,0.6602697356262658,unknown,False,False,0,1,2,0
868,0,0,0,0.5868102464957834,unknown,False,True,0,0,1,0
869,0,0,0,0.48358343934802545,red,False,True,0,0,2,0
870,0,0,0,0.3106535717474778,unknown,False,False,0,0,0,0
871,0,0,0,0.2169336766943917,yellow,False,False,0,0,0,0
872,0,0,0,0.0,unknown,False,False,0,0,0,0
873,0,0,0,0.0,unknown,False,False,0,0,0,0
874,0,0,0,0.0,unknown,False,False,0,0,0,0
875,0,0,0,0.31646169058459134,unknown,False,False,0,0,0,0
876,0,0,0,0.0,unknown,False,False,0,0,0,0
877,0,0,0,0.6988229622186559,unknown,False,False,0,0,2,0
878,0,0,0,1.8912991175971328,unknown,False,False,0,0,3,0
879,0,0,0,2.6467262526958564,unknown,False,False,0,0,3,0
880,0,0,0,1.1948866735247485,unknown,False,False,0,0,2,0
881,0,0,0,1.1809181899092533,unknown,False,False,0,0,2,0
882,0,0,0,0.8014226831651381,unknown,False,False,0,0,2,0
883,0,0,0,0.7328167156352213,unknown,False,False,0,0,1,0
884,0,0,0,0.6508151939488127,unknown,False,False,0,0,3,0
885,0,0,0,0.3250829888065866,unknown,False,False,0,0,3,0
886,0,0,0,0.4924013260833358,unknown,False,False,0,0,1,0
887,0,0,0,0.5084217292335048,unknown,False,False,0,0,3,0
888,0,0,0,0.6614812875196455,unknown,False,False,0,0,5,0
889,0,0,0,0.4540297158657142,unknown,False,False,0,0,5,0
890,0,0,0,0.33870946914934036,unknown,False,False,0,0,5,0
891,0,0,0,0.29211617711215393,unknown,False,False,0,0,7,0
892,0,0,0,0.3422449868056103,unknown,False,False,1,0,9,0
893,1,1,2,0.3911914871691698,unknown,False,False,2,0,7,0
894,1,1,2,0.5767736657902776,red,False,False,1,0,6,0
895,2,0,2,0.8343562606846747,unknown,False,False,0,0,7,0
896,0,0,0,0.9288074402701522,unknown,False,False,0,0,6,0
897,0,0,0,0.9256402821478507,unknown,False,False,0,0,9,0
898,0,0,0,0.7567584193577712,unknown,False,False,0,0,9,0
899,0,0,0,0.5936128073400281,unknown,False,True,0,0,14,0
900,0,0,0,1.0776150620438623,unknown,False,True,0,0,16,0
901,0,0,0,1.3926971262970282,unknown,False,False,0,0,13,0
902,0,0,0,1.4524497585867022,unknown,False,False,0,1,12,0
903,0,0,0,1.2635748869292578,unknown,False,False,0,0,13,0
904,0,0,0,0.9712000933629307,unknown,False,False,1,0,6,0
905,2,0,2,0.5413421310406086,red,False,True,0,0,6,0
906,1,0,1,0.42283917354726225,yellow,False,False,0,0,9,0
907,0,0,0,0.43702479745346245,yellow,False,False,1,0,10,0
908,0,0,0,0.372106096169111,red,False,False,0,0,8,0
909,0,0,0,0.4515636992605865,unknown,False,False,0,0,6,0
910,0,0,0,0.7959376232886223,unknown,False,False,0,0,6,0
911,0,0,0,1.3350969847517649,unknown,False,False,0,0,6,0
912,0,0,0,1.3352186377223365,unknown,False,False,0,0,6,0
913,0,0,0,0.9077711662699659,unknown,False,False,0,0,5,0
914,0,0,0,1.4285304986702294,unknown,False,False,0,0,7,0
915,0,0,0,1.0750261576523843,unknown,False,False,0,0,6,0
916,0,0,0,0.5851459603288074,unknown,False,False,0,0,1,0
917,0,0,0,0.12491328005371105,unknown,False,False,0,0,2,0
918,0,0,0,0.04389862607051055,unknown,False,False,0,0,0,0
919,0,0,0,0.8921571175247406,unknown,False,False,0,0,2,0
920,0,0,0,1.265932812455592,unknown,False,False,0,0,3,0
921,0,0,0,1.053644409742188,unknown,False,False,0,0,3,0
922,0,0,0,1.0381381385892352,unknown,False,False,0,0,3,0
923,0,0,0,1.0285327612373012,unknown,False,False,1,0,5,0
924,0,0,0,1.0188118572682652,unknown,False,False,0,0,5,0
925,0,0,0,0.686046993747966,unknown,False,False,0,0,11,0
926,0,0,0,0.9422984196906689,unknown,False,False,0,0,9,0
927,0,0,0,0.8695059684778242,unknown,False,False,0,0,9,0
928,0,0,0,0.6928041258244557,unknown,False,False,0,0,8,0
929,0,0,0,0.728858141819385,red,False,False,0,0,6,0
930,0,1,1,0.5457597585365465,red,False,False,1,0,4,1
931,1,1,2,0.5390659416321356,unknown,False,False,1,0,4,1
932,1,1,2,0.7061074045338244,unknown,False,False,0,0,2,0
933,1,0,1,0.8437949652777179,unknown,False,False,0,0,4,0
934,0,0,0,0.8369991617404544,unknown,False,False,0,0,5,0
935,0,0,0,1.6713482780083402,unknown,False,False,0,0,8,0
936,0,0,0,1.0766042930035469,unknown,False,False,0,0,7,0
937,0,0,0,0.7123224593654636,unknown,False,False,0,1,6,0
938,0,0,0,0.4192864768624827,unknown,False,False,0,0,6,0
939,0,0,0,1.1041416822540293,unknown,False,False,0,0,4,0
940,0,0,0,1.6186887762854874,unknown,False,False,1,0,5,0
941,1,0,1,1.7240556549442942,unknown,False,False,1,0,3,0
942,1,0,1,0.5275498663981417,red,False,False,0,0,4,0
943,0,0,0,0.30681479329518324,green,False,False,0,0,4,0
944,0,0,0,0.23236654988030087,unknown,False,False,0,0,3,0
945,0,0,0,0.1862102290432129,unknown,False,False,0,0,2,0
946,0,0,0,0.1435514735858638,unknown,False,False,0,0,2,0
947,0,0,0,0.1453476102685331,unknown,False,False,0,0,2,0
948,0,0,0,0.14695415004972695,unknown,False,False,0,0,2,0
949,0,0,0,0.12018879620089293,unknown,False,False,0,0,2,0
950,0,0,0,0.14817749095610983,unknown,False,False,0,0,2,0
951,0,0,0,0.20097666966876093,unknown,False,False,1,0,2,0
952,0,1,1,0.33472105171932803,unknown,False,False,1,0,3,0
953,0,1,1,0.6507908462663162,unknown,False,False,1,0,4,0
954,1,0,1,1.5482459649198965,unknown,False,False,0,0,7,0
955,0,0,0,1.2010590820074312,unknown,False,False,1,0,9,0
956,0,0,0,0.7771342698549831,unknown,False,False,0,0,9,0
957,0,0,0,0.7277394621712473,yellow,False,False,0,0,7,0
958,1,0,1,0.9124667749949836,yellow,False,False,0,0,8,0
959,0,0,0,2.080733775512139,unknown,False,False,0,0,8,0
960,0,0,0,1.7184116376698488,unknown,False,False,0,0,7,0
961,0,0,0,0.7702604678944905,unknown,False,False,0,0,5,0
962,0,0,0,0.5845538313321054,unknown,False,False,0,0,7,0
963,0,0,0,0.4874760238283877,unknown,False,False,0,0,10,0
964,0,0,0,0.6046334734821806,unknown,False,False,0,0,8,0
965,0,0,0,1.531284041161146,unknown,False,False,0,0,7,0
966,0,0,0,1.372228596577193,unknown,False,False,0,0,6,0
967,0,0,0,1.2277225022876408,unknown,False,False,3,0,6,0
968,4,0,4,0.6535704886256255,unknown,False,False,4,0,5,0
969,4,0,4,0.47685977329029405,unknown,False,False,4,0,5,0
970,1,3,4,0.26414111678634195,red,False,False,4,0,5,0
971,4,0,4,0.17090890985468846,unknown,False,False,0,0,3,0
972,3,0,3,0.14493924216458715,unknown,False,False,0,0,4,0
973,0,0,0,0.13867714334277426,unknown,False,False,0,0,2,0
974,0,0,0,0.13678050413649767,unknown,False,False,0,0,5,0
975,0,0,0,0.3364595087519084,unknown,False,False,0,0,4,0
976,0,0,0,0.3300273114288104,unknown,False,False,0,0,4,0
977,0,0,0,0.2530263313373753,unknown,False,False,0,0,1,0
978,0,0,0,0.11730315949086421,unknown,False,False,0,0,2,0
979,0,0,0,0.12181999708824214,unknown,False,False,0,0,3,0
980,0,0,0,0.18364391881112566,unknown,False,False,0,0,2,0
981,0,0,0,0.30194626249811873,unknown,False,False,0,0,3,0
982,0,0,0,0.31393698553741234,unknown,False,False,1,0,2,0
983,0,0,0,0.3063857556086853,unknown,False,False,1,0,4,0
984,0,0,0,0.48257362682243343,unknown,False,False,0,0,4,0
985,0,0,0,0.4814818809664147,unknown,False,False,0,0,5,0
986,0,0,0,0.3285844652430994,unknown,False,False,0,0,5,0
987,0,0,0,0.356497286897824,unknown,False,False,0,0,6,0
988,0,0,0,0.5367653483985553,unknown,False,False,0,0,5,0
989,0,0,0,0.4999044474516214,yellow,False,False,0,0,7,0
990,0,0,0,0.37644127281364875,unknown,False,False,0,0,6,0
991,0,0,0,0.2006327674668471,red,False,False,0,0,7,0
992,0,0,0,0.20026753644331255,unknown,False,False,1,0,3,0
993,0,0,0,0.19819728033518655,unknown,False,False,0,0,2,0
994,0,0,0,0.1799071145273324,unknown,False,False,0,0,2,0
995,0,0,0,0.21014324314539187,unknown,False,False,0,0,1,0
996,0,0,0,0.3936596101959873,unknown,False,False,0,0,1,0
997,0,0,0,0.23913879404829083,unknown,False,False,0,0,1,0
998,0,0,0,0.4941342296006561,unknown,False,False,0,0,3,0
999,0,0,0,1.215079322798334,unknown,False,False,0,0,3,3
1000,0,0,0,1.13133734248035,unknown,False,False,0,0,5,0
1001,0,0,0,1.0543797464346112,unknown,False,False,0,0,5,0
1002,0,0,0,1.3723578526204012,unknown,False,False,0,0,4,0
1003,0,0,0,0.9746207419217434,unknown,False,False,0,0,3,0
1004,0,0,0,0.4679145471141969,unknown,False,False,0,0,3,0
1005,0,0,0,0.34453098718940633,unknown,False,False,0,0,2,0
1006,0,0,0,0.8925427114603054,unknown,False,False,0,0,2,0
1007,0,0,0,1.1041447774927065,unknown,False,False,0,0,2,0
1008,0,0,0,0.4318791491184869,unknown,False,False,0,0,2,0
1009,0,0,0,0.21171528086493197,unknown,False,False,0,0,2,0
1010,0,0,0,0.11556910808828218,yellow,False,False,0,0,1,0
1011,0,0,0,0.04852716989598747,unknown,False,False,0,0,1,0
1012,0,0,0,0.0742542110388735,unknown,False,False,0,0,1,0
1013,0,0,0,0.06554525474720749,unknown,False,False,0,0,2,0
1014,0,0,0,1.2846523557495415,unknown,False,False,0,0,2,0
1015,0,0,0,2.0216102779460408,unknown,False,False,0,0,2,0
1016,0,0,0,0.619507013416033,unknown,False,False,0,0,1,0
1017,2,0,2,0.446921676451789,unknown,False,False,2,0,1,0
1018,1,0,1,0.6346451622438432,unknown,False,False,1,0,1,0
1019,1,0,1,0.8035027569233171,unknown,False,False,0,0,3,0
1020,1,0,1,0.692219031635805,unknown,False,False,1,0,1,0
1021,0,0,0,0.2758807403805483,unknown,False,False,0,0,2,0
1022,0,0,0,0.32643129647060853,unknown,False,False,0,0,1,0
1023,0,0,0,0.2978172614483159,unknown,False,False,0,0,1,0
1024,0,0,0,0.4027713288102807,unknown,False,False,0,0,2,0
1025,0,0,0,0.3649339330308231,unknown,False,False,0,0,2,0
1026,0,0,0,0.341695249594271,unknown,False,False,0,0,5,0
1027,0,1,1,0.2702533009586069,unknown,False,False,0,0,3,0
1028,0,1,1,0.4500724878722571,unknown,False,False,0,0,3,0
1029,0,0,0,0.4882176996725652,unknown,False,False,0,0,6,0
1030,0,0,0,1.0688951621197864,unknown,False,False,0,0,4,0
1031,0,0,0,0.7185543784670226,unknown,False,False,0,0,5,0
1032,0,0,0,1.3644270092193156,unknown,False,False,0,0,4,0
1033,0,0,0,0.4450138672411385,unknown,False,False,0,0,5,0
1034,0,0,0,0.45518850954386736,unknown,False,False,0,0,4,0
1035,0,0,0,0.665183196464781,yellow,False,False,0,0,3,0
1036,0,0,0,0.6507390862507435,unknown,False,False,0,0,4,0
1037,0,0,0,0.6712323450461027,unknown,False,False,0,0,5,0
1038,0,0,0,0.890441754697911,unknown,False,False,0,0,4,0
1039,0,0,0,1.532485148357095,unknown,False,False,0,0,3,0
1040,0,0,0,1.5273476467519054,unknown,False,False,0,0,3,0
1041,0,0,0,0.8732088612273995,unknown,False,False,0,0,4,0
1042,0,0,0,0.3525892489041795,unknown,False,False,0,0,0,0
1043,0,0,0,0.0,unknown,False,False,0,0,1,0
1044,0,0,0,0.23680292572297193,unknown,False,False,0,0,2,0
1045,0,0,0,1.2485700121599845,unknown,False,False,0,0,2,0
1046,0,0,0,2.466046416349842,unknown,False,False,0,0,2,0
1047,0,0,0,0.7522253782850381,unknown,False,False,0,0,1,0
1048,0,0,0,0.25637642337510647,unknown,False,False,0,0,0,0
1049,0,0,0,0.0,unknown,False,False,0,0,1,0
1050,0,0,0,0.0,unknown,False,False,0,0,0,0
1051,0,0,0,0.0,unknown,False,False,0,0,0,0
1052,0,0,0,0.0,unknown,False,False,0,0,0,0
1053,0,0,0,0.0,unknown,False,False,0,0,0,0
1054,0,0,0,0.0,yellow,False,False,0,0,0,0
1055,0,0,0,0.0,unknown,False,False,0,0,0,0
1056,0,0,0,0.0,red,False,False,0,0,0,0
1057,0,0,0,0.0,red,False,False,0,0,0,0
1058,0,0,0,0.0,red,False,False,0,0,0,0
1059,0,0,0,0.0,red,False,False,1,0,0,0
1060,1,0,1,0.0,red,False,False,1,0,0,0
1061,1,0,1,0.0,red,False,False,1,0,0,0
1062,2,0,2,0.0,yellow,False,False,1,0,0,0
1063,1,0,1,0.0,unknown,False,False,1,0,2,0
1064,1,0,1,0.0,unknown,False,False,1,0,0,0
1065,1,0,1,0.0,unknown,False,False,0,0,0,0
1066,0,0,0,0.0,unknown,False,False,0,0,1,0
1067,0,0,0,0.0,unknown,False,False,0,0,0,0
1068,0,0,0,0.0,unknown,False,False,0,0,0,0
1069,0,0,0,0.0,unknown,False,False,0,0,0,0
1070,0,0,0,0.0,unknown,False,False,0,0,1,0
1071,0,0,0,0.08891605685176489,unknown,False,False,0,0,1,0
1072,0,0,0,0.14089892116727643,unknown,False,False,0,0,2,0
1073,0,0,0,0.1752062045262458,unknown,False,False,0,0,3,0
1074,0,0,0,0.23997653909408861,unknown,False,False,0,0,3,0
1075,0,0,0,0.5451086763737107,unknown,False,False,0,0,5,0
1076,0,0,0,1.1121757479936072,unknown,False,False,0,0,5,0
1077,0,0,0,0.8963123094071459,red,False,False,0,0,4,0
1078,0,0,0,0.4542275648611569,red,False,True,0,0,6,0
1079,0,0,0,0.5192641791256108,yellow,False,False,0,0,6,0
1080,0,0,0,0.7229390303797448,red,False,False,0,0,4,0
1081,0,0,0,0.7621121519282644,unknown,False,False,0,0,7,0
1082,0,0,0,0.5799511506526509,unknown,False,False,0,0,3,0
1083,0,0,0,0.4747489803133054,unknown,False,False,0,0,4,0
1084,0,0,0,0.4218441405986689,unknown,False,False,0,0,1,0
1085,0,0,0,0.08447788206637585,unknown,False,False,0,0,1,0
1086,0,0,0,0.10396491878117688,unknown,False,False,0,0,1,0
1087,0,0,0,0.07650915470373824,unknown,False,False,0,0,1,0
1088,0,0,0,0.1070476749488558,unknown,False,False,0,0,1,0
1089,0,0,0,0.23368902854844048,unknown,False,False,0,0,2,0
1090,0,0,0,0.3917740081878189,unknown,False,False,0,0,3,0
1091,0,0,0,0.33591109509396844,unknown,False,False,0,1,5,0
1092,0,0,0,0.8457772611343,unknown,False,True,0,1,4,0
1093,0,0,0,0.6035762826070934,red,False,True,0,1,5,0
1094,0,0,0,0.277468949832247,yellow,False,True,0,0,3,0
1095,0,0,0,0.22528956758704127,yellow,False,False,0,0,2,0
1096,0,0,0,0.2887954931918868,unknown,False,False,0,0,3,0
1097,0,0,0,0.4812923200867521,unknown,False,False,0,0,3,0
1098,0,0,0,0.7349600729888337,unknown,False,False,0,0,6,0
1099,0,0,0,1.2131293242018886,unknown,False,False,0,0,5,0
1100,0,0,0,1.1331305023228995,unknown,False,False,0,0,6,0
1101,0,0,0,0.8707815456877562,unknown,False,False,0,0,5,0
1102,0,0,0,0.6012488877709029,unknown,False,False,0,0,6,0
1103,0,0,0,0.5349015114704123,unknown,False,False,0,0,4,0
1104,0,0,0,0.6657763244859366,unknown,False,False,0,1,3,0
1105,0,0,0,0.9291955554688869,unknown,False,False,0,1,3,0
1106,0,0,0,0.6245465418077496,yellow,False,False,0,0,3,0
1107,0,0,0,0.43467103190187073,red,False,False,0,0,5,0
1108,0,0,0,0.42356262878894224,green,False,False,0,0,5,0
1109,0,0,0,0.4072323867344614,unknown,False,False,0,0,7,0
1110,1,0,1,0.44714603239238765,red,False,False,0,0,5,0
1111,1,0,1,0.5253462274797279,red,False,False,1,0,6,1
1112,0,1,1,0.4709050028661149,yellow,False,False,1,0,4,1
1113,1,0,1,0.6210180393785035,unknown,False,False,2,0,4,0
1114,1,0,1,0.5045763624648502,unknown,False,False,0,0,3,0
1115,0,0,0,0.24967636288871942,unknown,False,False,0,0,3,0
1116,0,0,0,0.4938260429889158,unknown,False,False,0,0,5,0
1117,0,0,0,1.1798692434077318,unknown,False,False,0,0,6,0
1118,0,0,0,1.6300225558784034,unknown,False,False,0,0,8,0
1119,0,0,0,1.7849028081795637,unknown,False,False,0,0,6,0
1120,0,0,0,0.5409196616798804,unknown,False,False,0,0,3,0
1121,0,0,0,0.6135449216264053,unknown,False,False,0,0,3,0
1122,0,0,0,0.4737913705876943,unknown,False,False,1,0,3,0
1123,1,0,1,0.2682067522642593,red,False,True,2,1,3,0
1124,2,0,2,0.7609295223468004,unknown,False,True,0,1,2,0
1125,1,0,1,0.732181675969405,unknown,False,True,0,1,5,0
1126,0,0,0,0.6754257567816662,red,False,True,0,1,6,0
1127,0,0,0,0.7962857448622526,unknown,False,True,0,0,3,0
1128,0,0,0,0.8600747661815316,unknown,False,False,0,1,6,0
1129,0,0,0,0.7423498594725958,unknown,False,False,0,0,7,0
1130,0,0,0,0.4569273169007,unknown,False,False,0,0,8,0
1131,0,0,0,0.6124253256047747,unknown,False,False,0,0,11,0
1132,0,0,0,0.7048548270812696,unknown,False,False,0,0,10,0
1133,0,0,0,1.0368578983511452,unknown,False,False,0,0,11,0
1134,0,1,1,1.0162438530766236,unknown,False,False,1,0,9,0
1135,1,0,1,1.407070983129128,unknown,False,False,2,0,11,0
1136,1,0,1,1.3068107517137975,unknown,False,False,0,0,11,0
1137,0,0,0,1.8607670608226836,unknown,False,False,2,0,10,0
1138,0,0,0,1.3281793765399752,unknown,False,False,0,0,9,0
1139,2,0,2,0.42893424017969617,red,False,False,2,0,10,0
1140,3,0,3,0.27585299039381017,unknown,False,False,2,0,10,0
1141,3,0,3,0.48632310463881345,unknown,False,False,3,0,8,0
1142,3,1,4,1.3774744682188231,unknown,False,False,1,0,13,0
1143,2,1,3,1.6306988185409224,unknown,False,False,0,0,9,0
1144,0,0,0,1.547184065790042,unknown,False,False,0,0,13,0
1145,0,0,0,1.304180248804062,unknown,False,False,0,0,11,0
1146,0,0,0,0.9955096037302732,unknown,False,False,0,0,4,0
1147,0,0,0,0.6685029418246532,unknown,False,False,0,0,5,0
1148,0,0,0,0.8178785691583694,unknown,False,False,0,0,9,0
1149,0,0,0,0.853773376266237,unknown,False,False,0,0,8,0
1150,0,0,0,0.7527990325441887,unknown,False,False,0,0,11,0
1151,0,0,0,0.75302464133096,yellow,False,False,0,0,10,0
1152,0,0,0,0.4780464491039333,red,False,False,0,0,9,0
1153,0,0,0,0.39232738575357384,unknown,False,False,0,0,7,0
1154,0,0,0,0.27355892883323396,yellow,False,False,0,0,8,0
1155,0,0,0,0.17340951442247898,red,False,False,0,0,7,0
1156,0,0,0,0.18782945205726864,red,False,False,0,0,10,0
1157,0,0,0,0.22893881631906732,red,False,False,0,0,13,0
1158,0,0,0,0.21952756945535062,red,False,False,0,0,14,0
1159,0,0,0,0.3086689432711051,unknown,False,False,0,0,14,0
1160,0,0,0,0.37774110799177013,yellow,False,False,0,0,13,0
1161,0,0,0,0.35012469606946134,red,False,False,0,0,13,0
1162,0,0,0,0.6876398348045977,red,False,False,0,0,15,0
1163,0,0,0,0.6984430206312362,unknown,False,False,0,0,15,0
1164,0,0,0,0.6140615751584887,unknown,False,False,0,0,13,0
1165,0,0,0,0.6641844751410042,unknown,False,False,0,0,11,0
1166,0,0,0,0.6852711264940825,unknown,False,False,0,0,12,0
1167,0,0,0,0.7831302090190191,unknown,False,False,0,0,13,0
1168,0,0,0,0.8330799882831368,unknown,False,False,0,0,16,0
1169,0,0,0,1.2108642660935638,unknown,False,False,0,0,15,0
1170,0,0,0,1.1708188547335574,unknown,False,False,0,0,19,0
1171,0,0,0,0.7506047803590524,unknown,False,False,0,0,14,0
1172,0,0,0,0.6291057100105238,unknown,False,False,0,0,16,0
1173,0,0,0,0.5479776544484863,unknown,False,False,0,0,12,0
1174,0,0,0,0.43895479692406375,unknown,False,False,0,0,8,0
1175,0,0,0,0.38502614853356154,yellow,False,False,0,0,9,0
1176,0,0,0,0.46653301228937166,red,False,False,0,0,5,0
1177,0,0,0,0.45862976472486766,unknown,False,False,0,0,4,0
1178,0,0,0,0.18808577587403472,unknown,False,False,0,0,4,0
1179,0,0,0,0.15156457924143663,unknown,False,False,0,0,4,0
1180,0,0,0,0.1745283243669226,unknown,False,False,0,0,4,0
1181,0,0,0,0.3750572655220874,unknown,False,False,0,0,5,0
1182,0,0,0,0.6744277465287238,unknown,False,False,0,0,6,0
1183,0,0,0,1.0439205222071992,unknown,False,False,0,0,5,0
1184,0,0,0,0.9867926985729331,unknown,False,False,0,0,7,0
1185,0,0,0,0.8082420712777524,unknown,False,False,1,0,9,0
1186,0,0,0,0.5502695428902442,unknown,False,False,0,0,12,0
1187,1,0,1,0.49600795370261436,unknown,False,False,1,0,5,0
1188,1,0,1,0.4457545591982134,unknown,False,False,0,0,5,0
1189,1,0,1,0.42436730320507093,unknown,False,False,0,0,6,0
1190,1,0,1,0.43494371902646456,unknown,False,False,0,0,7,0
1191,0,0,0,0.5556358831385625,yellow,False,False,0,0,8,0
1192,0,0,0,0.7182631435806575,unknown,False,False,0,0,10,0
1193,0,0,0,0.9626457643762487,unknown,False,False,0,0,10,0
1194,0,0,0,1.0552014249224406,unknown,False,False,0,0,9,0
1195,0,0,0,0.9940585839675651,unknown,False,False,0,0,9,0
1196,0,0,0,1.28140377632956,unknown,False,False,0,0,10,0
1197,0,0,0,1.4002245500728556,unknown,False,False,0,0,11,0
1198,0,0,0,1.5393369355859772,unknown,False,False,0,0,8,0
1199,0,0,0,1.3975174989292471,unknown,False,False,1,0,10,0
1200,1,0,1,1.1195792157816704,unknown,False,False,3,0,10,0
1201,1,0,1,0.5831584877667996,unknown,False,False,1,0,11,0
1202,1,0,1,0.4398454253474291,red,False,False,1,0,12,0
1203,1,0,1,0.3643633085356726,unknown,False,False,0,0,4,0
1204,0,0,0,0.42079964567968065,unknown,False,False,0,0,5,0
1205,0,0,0,0.4383598693727861,red,False,False,0,0,6,0
1206,0,0,0,0.45408039606042666,unknown,False,False,0,0,7,0
1207,0,0,0,0.5748710019677049,unknown,False,False,0,0,5,0
1208,0,0,0,0.7894275239105503,unknown,False,False,0,0,7,0
1209,0,0,0,1.1895981836624974,unknown,False,False,0,0,2,0
1210,0,0,0,1.3440317027973907,unknown,False,False,0,0,4,0
1211,0,0,0,0.9044686041399546,unknown,False,False,0,0,2,0
1212,0,0,0,0.5355979143467513,unknown,False,False,0,0,1,0
1213,0,0,0,0.3198800293759396,unknown,False,False,0,0,0,0
1214,0,0,0,0.17361159146755267,unknown,False,False,0,0,0,0
1215,0,0,0,0.0,unknown,False,False,0,0,0,0
1216,0,0,0,0.0,unknown,False,False,0,0,1,0
1217,0,0,0,0.8050188830485213,unknown,False,False,0,0,1,0
1218,0,0,0,1.0359797584929524,green,False,False,0,0,1,0
1219,0,0,0,0.7512908629632774,unknown,False,False,0,0,3,0
1220,0,0,0,0.8835560002822855,unknown,False,False,0,0,1,0
1221,0,0,0,0.31192848716924454,unknown,False,False,0,0,2,0
1222,0,0,0,0.12501892832087816,unknown,False,False,1,0,1,0
1223,1,0,1,0.33336764499216015,unknown,False,False,0,0,1,0
1224,1,0,1,0.44251905521397283,unknown,False,False,1,0,3,0
1225,0,0,0,0.6585523707118471,unknown,False,False,0,0,3,0
1226,0,0,0,0.5044268593013967,unknown,False,False,1,0,3,0
1227,1,0,1,0.6711335056695167,unknown,False,False,1,0,3,0
1228,0,1,1,0.5114173716734417,unknown,False,False,0,0,5,0
1229,0,1,1,0.9343705981553185,unknown,False,False,0,0,4,0
1230,0,0,0,0.9882086446389412,unknown,False,False,0,2,3,0
1231,0,0,0,0.8883142987386915,yellow,False,False,0,0,5,0
1232,0,0,0,0.7773605793491115,unknown,False,False,0,0,8,0
1233,1,0,1,0.9689086810426881,unknown,False,False,1,0,8,0
1234,1,0,1,0.754101397813926,red,False,False,2,0,5,0
1235,2,0,2,0.734301271391727,unknown,False,True,2,0,9,0
1236,2,1,3,0.659193210227057,green,False,False,1,0,7,0
1237,3,0,3,0.5993505246804589,unknown,False,False,3,1,10,0
1238,1,2,3,0.6213393656409066,yellow,False,False,2,0,3,0
1239,3,0,3,1.0382834563271108,unknown,False,False,1,0,5,0
1240,2,0,2,1.3562115006084607,unknown,False,False,0,0,3,0
1241,0,0,0,1.1156036688062907,unknown,False,False,0,0,1,0
1242,0,0,0,0.9101967758740689,red,False,True,0,0,0,0
1243,0,0,0,1.4054292811332927,unknown,False,False,0,1,0,0
1244,0,0,0,1.1013486313239016,unknown,False,True,0,0,1,0
1245,0,0,0,0.6333673775403176,unknown,False,False,0,0,3,0
1246,0,0,0,0.1785338934254078,unknown,False,True,0,0,2,0
1247,0,0,0,0.16165428086878766,unknown,False,False,0,0,2,0
1248,0,0,0,0.24141222794662331,unknown,False,False,0,0,2,0
1249,0,0,0,0.2766297832820082,unknown,False,False,2,0,2,0
1250,2,0,2,0.30070568438312084,unknown,False,False,2,0,4,0
1251,2,0,2,0.5975608546708031,unknown,False,False,3,0,5,0
1252,2,0,2,0.8774429641289245,unknown,False,False,0,0,5,0
1253,2,0,2,1.098869813351675,unknown,False,False,0,0,5,0
1254,0,0,0,1.3801254851379552,unknown,False,False,0,0,4,0
1255,0,0,0,1.0099976680845715,unknown,False,False,0,0,2,0
1256,1,0,1,0.6610005244270852,unknown,False,False,1,0,1,0
1257,1,0,1,0.4275513397293692,unknown,False,False,1,0,1,0
1258,1,0,1,0.2776347065113989,unknown,False,False,1,0,1,0
1259,1,0,1,0.20133918433814735,unknown,False,False,1,0,1,0
1260,1,0,1,0.1444703224148418,unknown,False,False,1,0,0,0
1261,1,0,1,0.0,unknown,False,False,1,0,0,1
1262,1,0,1,0.0,unknown,False,False,2,0,1,0
1263,2,0,2,0.0,unknown,False,False,2,0,1,0
1264,2,0,2,0.5594276972372606,unknown,False,False,2,1,0,5
1265,2,0,2,1.3156669207137879,unknown,False,False,2,0,0,2
1266,2,0,2,0.0,unknown,False,False,2,0,1,2
1267,3,0,3,0.0,unknown,False,False,3,0,0,2
1268,2,1,3,0.9827241263940181,unknown,False,False,3,0,1,1
1269,3,0,3,1.5431059138256666,unknown,False,False,2,0,2,0
1270,3,0,3,1.5818484473698742,unknown,False,False,2,0,1,0
1271,2,0,2,0.6595882433976777,unknown,False,False,2,0,0,1
1272,2,0,2,0.42324599100813526,unknown,False,False,2,0,1,0
1273,2,0,2,1.0350229732154403,red,False,False,2,0,3,0
1274,1,0,1,1.3997127702555074,unknown,False,False,2,0,3,1
1275,1,0,1,0.792917450145177,red,False,False,1,0,4,1
1276,1,0,1,0.5816466921034282,unknown,False,False,1,0,1,0
1277,1,0,1,0.3614223510140899,unknown,False,False,1,0,1,0
1278,2,0,2,1.0427780103999684,unknown,False,False,0,0,0,0
1279,1,0,1,1.2121518412090728,unknown,False,False,1,0,1,0
1280,1,0,1,0.271729520771944,unknown,False,False,0,0,4,0
1281,2,0,2,0.44564255037669626,unknown,False,False,1,0,6,0
1282,1,1,2,1.0674118013893785,unknown,False,False,0,1,4,0
1283,1,0,1,0.55221385093943,unknown,False,False,1,0,3,0
1284,1,0,1,0.36118021953095153,unknown,False,False,0,0,3,0
1285,0,0,0,0.5985244798998836,unknown,False,False,0,0,10,0
1286,1,0,1,0.6872865182480158,unknown,False,False,1,0,10,0
1287,0,1,1,0.7212400306997147,unknown,False,False,2,0,13,0
1288,1,1,2,0.9882474721744086,unknown,False,False,1,0,14,0
1289,0,1,1,1.1412631169309482,unknown,False,False,1,0,11,0
1290,1,0,1,0.9555721414211502,yellow,False,False,1,0,5,0
1291,2,0,2,0.8900228983515968,red,False,False,0,0,8,0
1292,1,0,1,0.6263289460399931,red,False,False,0,0,2,0
1293,0,0,0,0.4802074232624363,red,False,False,0,0,4,0
1294,0,0,0,0.2507038143879627,red,False,False,0,0,4,0
1295,0,0,0,0.22532993953036762,unknown,False,False,0,0,2,0
1296,0,0,0,0.3038572878155976,unknown,False,False,0,0,4,0
1297,0,0,0,0.2982877535415106,unknown,False,False,0,0,4,0
1298,0,0,0,0.5190649074018023,unknown,False,False,0,0,1,0
1299,0,0,0,0.508973951020653,unknown,False,False,0,0,1,0
1300,0,0,0,0.5611614360447207,unknown,False,False,0,0,2,0
1301,0,0,0,0.6500525668371233,unknown,False,False,1,0,3,0
1302,1,0,1,0.6999207476739459,unknown,False,False,1,0,1,0
1303,2,0,2,0.5917545071510643,unknown,False,False,1,0,5,0
1304,1,0,1,0.7785168913698697,unknown,False,False,1,0,1,0
1305,0,1,1,0.5689697746921866,unknown,False,False,1,0,1,0
1306,1,1,2,0.4342886205772443,unknown,False,False,1,0,3,0
1307,2,0,2,0.4872130906475318,unknown,False,False,1,0,1,0
1308,1,0,1,0.4250004539896056,unknown,False,False,0,1,1,0
1309,0,0,0,0.46248698842305175,unknown,False,False,0,0,2,0
1310,0,0,0,0.6656997887429761,unknown,False,False,0,0,2,0
1311,0,0,0,0.45340451823184186,unknown,False,False,0,0,5,0
1312,0,0,0,0.3347693736174671,unknown,False,False,0,0,6,0
1313,0,0,0,0.2742984115813077,red,False,True,0,2,7,0
1314,0,0,0,0.3313501864168242,yellow,False,True,0,1,4,0
1315,0,0,0,0.5961286755983447,unknown,False,True,0,1,4,0
1316,0,0,0,0.9772917081967286,green,False,True,0,1,6,0
1317,0,0,0,0.9895185440781394,red,False,True,1,2,5,0
1318,0,1,1,0.6281612883153176,unknown,False,True,1,2,4,0
1319,1,0,1,0.675702983598419,unknown,False,True,0,2,3,0
1320,1,0,1,0.661325556127945,unknown,False,False,2,0,1,0
1321,1,0,1,0.7347251072734242,unknown,False,False,1,0,1,0
1322,1,1,2,0.819724819446486,unknown,False,False,1,0,1,0
1323,2,1,3,0.41774569025558295,unknown,False,False,1,0,2,3
1324,1,0,1,0.5819093500710827,unknown,False,False,1,0,1,4
1325,1,0,1,0.8089080341155785,unknown,False,False,0,0,1,0
1326,0,0,0,0.9048556310882724,unknown,False,False,0,0,3,0
1327,0,0,0,0.9820895189650287,unknown,False,False,0,0,3,0
1328,0,0,0,0.7326256832515743,unknown,False,False,0,0,4,0
1329,0,0,0,0.5034727679031109,unknown,False,False,0,0,4,0
1330,0,0,0,0.5714626290371715,red,False,False,0,0,7,0
1331,0,0,0,0.683787247548675,red,False,False,0,0,4,0
1332,0,0,0,0.7925408858196558,unknown,False,False,0,1,7,0
1333,0,0,0,0.8582848298432644,unknown,False,True,0,1,7,0
1334,0,0,0,1.301763141281415,unknown,False,False,0,0,6,0
1335,0,0,0,1.3512443950773252,unknown,False,False,0,1,5,0
1336,0,0,0,0.9468877882240876,unknown,False,False,0,1,2,0
1337,0,0,0,0.6330059474558625,unknown,False,False,0,1,4,0
1338,0,0,0,0.5254498843409443,unknown,False,False,0,0,4,0
1339,0,0,0,0.932032811373103,unknown,False,False,0,0,7,0
1340,0,0,0,1.2127954820715798,unknown,False,False,0,0,6,0
1341,0,0,0,1.3200077151542258,unknown,False,False,1,0,6,0
1342,0,0,0,1.057101660639675,unknown,False,False,1,0,4,0
1343,1,0,1,0.5953348264664811,unknown,False,False,0,0,3,0
1344,2,0,2,0.5021279534492844,unknown,False,False,2,0,1,0
1345,2,0,2,1.315891531050298,unknown,False,False,4,0,7,0
1346,4,2,6,0.9800344719219704,unknown,False,False,6,0,10,0
1347,6,1,7,0.9298407633486776,unknown,False,False,5,0,8,0
1348,6,0,6,1.0816172596907139,unknown,False,False,5,0,11,0
1349,4,4,8,0.9044140468891194,unknown,True,False,5,0,12,0
1350,6,2,8,0.7606028492728962,red,True,False,3,0,6,0
1351,4,0,4,0.5853800813461046,unknown,False,False,0,0,3,0
1352,1,0,1,0.3962972826976671,unknown,False,False,1,0,4,0
1353,1,0,1,0.3622216994755353,unknown,False,False,0,0,4,0
1354,1,0,1,0.4066851103014923,unknown,False,False,0,0,4,0
1355,0,0,0,0.4958537744571321,unknown,False,False,0,0,7,0
1356,0,0,0,0.5240165745860444,unknown,False,False,0,0,7,0
1357,0,0,0,0.8168264948826076,unknown,False,False,1,0,6,0
1358,0,0,0,1.0746340306109443,unknown,False,False,0,0,5,0
1359,0,0,0,1.5027972731090653,unknown,False,False,0,0,7,0
1360,0,0,0,1.445549922515378,red,False,False,0,0,6,0
1361,2,0,2,1.0468926991637566,unknown,False,False,3,0,5,0
1362,0,1,1,0.8157704409702341,unknown,False,False,4,0,5,0
1363,2,1,3,0.5379883463218846,unknown,False,False,1,0,2,0
1364,0,0,0,0.2131337724351465,unknown,False,False,0,0,1,0
1365,0,0,0,0.3031916361342362,unknown,False,False,0,0,1,0
1366,0,0,0,0.39484043275453634,unknown,False,False,0,0,1,0
1367,0,0,0,0.9431870780497313,unknown,False,False,0,0,2,0
1368,0,0,0,1.88436426373893,unknown,False,False,0,0,2,0
1369,0,0,0,1.1696779815415788,unknown,False,False,0,0,1,0
1370,0,0,0,0.6883428027215516,unknown,False,False,0,0,1,0
1371,0,0,0,0.11012686965733218,unknown,False,False,0,0,3,0
1372,0,0,0,0.2572162151206781,unknown,False,False,0,0,1,0
1373,0,0,0,0.24923619940363953,unknown,False,False,0,0,4,0
1374,0,0,0,0.3660532366242102,unknown,False,False,0,0,4,0
1375,2,0,2,0.5000903711736661,unknown,False,False,3,0,7,0
1376,3,0,3,0.35781016831089474,unknown,False,False,1,0,5,0
1377,4,0,4,0.33377636454947707,unknown,False,False,3,0,7,0
1378,3,0,3,0.4042826138933933,yellow,False,False,1,0,6,0
1379,1,0,1,0.6973678519818427,red,False,False,0,0,5,0
1380,1,0,1,0.5306377830858583,red,False,False,0,0,5,0
1381,0,0,0,0.7336003136443793,unknown,False,False,0,0,5,0
1382,0,0,0,0.7354456911457724,unknown,False,False,0,0,4,0
1383,0,0,0,0.5286388036057381,unknown,False,False,0,0,7,0
1384,0,0,0,0.21114486664284854,unknown,False,False,0,0,6,0
1385,0,0,0,0.22096934238505284,yellow,False,False,0,0,3,0
1386,0,0,0,0.19296284967562105,red,False,False,0,0,4,0
1387,0,0,0,0.28011414679604674,unknown,False,False,0,0,5,0
1388,0,0,0,0.3562428958399623,red,False,False,0,0,3,0
1389,0,0,0,0.4205289755601372,unknown,False,False,0,0,3,0
1390,0,0,0,0.3514486190174929,unknown,False,False,0,0,2,0
1391,0,0,0,0.20668801410520546,unknown,False,False,0,0,4,0
1392,0,0,0,0.16594560422633417,unknown,False,False,0,0,2,0
1393,0,0,0,0.11542890383742421,unknown,False,False,0,0,1,0
1394,0,0,0,0.08117599475826379,unknown,False,False,0,0,1,0
1395,0,0,0,0.1178487257218895,green,False,False,0,0,1,0
1396,0,0,0,0.24868636411522804,unknown,False,False,0,0,2,0
1397,0,0,0,0.16722918792487648,unknown,False,False,0,0,3,0
1398,0,0,0,0.23615893041326294,unknown,False,False,0,0,3,0
1399,0,0,0,0.6352296805946177,unknown,False,False,0,0,5,0
1400,0,0,0,1.0341695767136205,unknown,False,False,0,0,0,0
1401,0,0,0,0.7021590732498495,yellow,False,False,0,0,1,1
1402,1,0,1,0.7671042325571348,yellow,False,False,0,0,5,1
1403,0,1,1,0.5820121832643581,unknown,False,False,0,0,7,0
1404,0,1,1,0.8146913135905333,unknown,False,False,0,0,3,0
1405,0,0,0,1.0335069599116795,unknown,False,False,0,0,2,0
1406,0,0,0,1.251050730569193,unknown,False,False,0,0,1,0
1407,0,0,0,0.4059311670968196,unknown,False,False,0,0,1,0
1408,0,0,0,0.29801520028654643,unknown,False,False,0,0,0,0
1409,1,0,1,0.25798860095090986,unknown,False,False,1,0,0,0
1410,0,1,1,0.0,unknown,False,False,1,0,0,0
1411,1,0,1,0.0,unknown,False,False,1,0,0,0
1412,1,0,1,0.2784256235386975,unknown,False,False,1,0,2,0
1413,2,1,3,0.8544840585726868,unknown,False,False,2,0,3,0
1414,2,1,3,1.5306258885451662,unknown,False,True,2,1,2,0
1415,2,0,2,1.254692544448516,yellow,False,True,0,0,3,0
1416,2,0,2,0.9089530431605848,unknown,False,False,0,0,1,0
1417,0,0,0,0.31253835809360037,unknown,False,False,0,0,2,0
1418,0,0,0,0.5710077674008367,unknown,False,False,0,0,1,0
1419,0,0,0,0.6030917675724958,unknown,False,False,0,1,1,0
1420,0,0,0,0.4461803809032902,unknown,False,False,2,1,1,0
1421,1,0,1,0.45386345224547975,unknown,False,False,0,0,4,0
1422,0,0,0,0.8178961565045434,unknown,False,False,0,0,6,0
1423,1,0,1,0.4767028714490056,unknown,False,False,1,0,10,0
1424,0,1,1,0.7159926314838809,unknown,False,False,1,0,7,0
1425,1,0,1,1.0138225224851036,unknown,False,False,0,0,8,1
1426,1,0,1,1.057785026523895,unknown,False,False,2,0,7,0
1427,3,0,3,0.5661275158372283,unknown,False,False,3,0,9,0
1428,1,2,3,0.6448767951318266,unknown,False,False,5,0,10,0
1429,4,1,5,0.7197463428933165,unknown,True,False,7,0,12,0
1430,4,2,6,0.7199367338993111,unknown,True,False,3,0,11,0
1431,6,0,6,0.7633131880206151,red,False,False,2,0,10,0
1432,2,0,2,0.8367042887445563,unknown,False,False,0,0,12,4
1433,1,0,1,0.854053895994608,unknown,False,False,0,0,7,0
1434,0,0,0,0.6821367051468854,unknown,False,False,0,0,8,0
1435,0,0,0,0.8224494717428488,unknown,False,False,0,0,6,0
1436,0,0,0,0.6356064822319288,unknown,False,False,0,0,5,0
1437,0,0,0,0.4612312763986245,unknown,False,False,0,0,3,0
1438,0,0,0,0.5143372449105573,unknown,False,False,0,0,3,0
1439,0,0,0,0.4349237070460095,unknown,False,False,1,0,1,0
1440,0,0,0,0.40427469441739383,unknown,False,False,0,0,3,0
1441,0,0,0,0.8036289119682491,unknown,False,False,1,0,7,0
1442,1,0,1,1.2011229073302387,unknown,False,False,0,0,6,0
1443,1,0,1,0.9863074399593608,red,False,False,0,0,5,0
1444,1,0,1,0.661300513142693,unknown,False,False,1,1,5,0
1445,2,0,2,0.6385413805138261,red,False,False,2,0,9,1
1446,2,0,2,0.7496366429379285,red,False,False,1,0,8,0
1447,2,0,2,0.7957803907331321,unknown,False,False,1,0,2,0
1448,1,0,1,0.6502420037675369,unknown,False,False,0,0,0,0
1449,0,0,0,0.0,unknown,False,False,0,0,0,0
1450,0,0,0,0.0,unknown,False,False,0,0,0,0
1451,0,0,0,0.0,unknown,False,False,0,0,0,0
1452,0,0,0,0.0,unknown,False,False,0,0,0,0
1453,0,0,0,0.06583894599637864,unknown,False,False,0,0,3,0
1454,0,0,0,0.26811436704745756,unknown,False,False,0,0,5,0
1455,0,0,0,0.5432495073762501,unknown,False,False,0,0,6,0
1456,0,0,0,0.9713543587512393,unknown,False,False,0,0,6,0
1457,0,0,0,1.556116780875285,unknown,False,False,0,0,6,0
1458,1,0,1,1.5820745440684234,unknown,False,False,1,0,10,0
1459,1,0,1,1.0045843623350283,unknown,False,False,2,0,7,0
1460,2,0,2,0.7247720861753127,unknown,False,False,1,0,9,0
1461,1,0,1,0.6573205883829503,unknown,False,False,1,0,7,0
1462,1,0,1,0.4425190055160916,unknown,False,False,1,0,8,0
1463,1,0,1,0.38671544163732874,unknown,False,False,1,0,7,0
1464,1,0,1,0.9596557930359108,unknown,False,False,1,0,5,0
1465,2,0,2,0.9449922409059613,unknown,False,False,2,0,8,1
1466,2,0,2,0.5174730258576623,yellow,False,False,1,0,8,0
1467,1,0,1,0.45245102291390477,unknown,False,False,2,0,10,0
1468,2,0,2,0.3937944627655402,unknown,False,False,1,0,10,0
1469,2,0,2,0.3371027810140872,yellow,False,False,1,0,6,0
1470,1,0,1,0.37858949304210265,unknown,False,False,1,0,7,0
1471,1,0,1,0.5743908073013958,green,False,False,1,0,7,0
1472,1,0,1,0.4377926791899053,red,False,False,0,0,9,0
1473,1,0,1,0.5101713699108494,unknown,False,False,1,0,7,0
1474,1,0,1,0.4328784722186162,unknown,False,False,1,0,9,0
1475,1,0,1,0.42087717665467833,unknown,False,False,1,0,8,0
1476,1,0,1,0.7318423358012793,unknown,False,False,0,0,8,0
1477,2,0,2,0.4534599163507048,unknown,False,False,2,1,5,0
1478,2,0,2,0.442614550834855,unknown,False,False,0,0,8,0
1479,2,0,2,0.36312393315513736,red,False,False,0,0,10,0
1480,1,0,1,0.43069079886569,yellow,False,False,1,0,7,0
1481,1,0,1,0.6090015873956826,unknown,False,False,1,0,8,0
1482,0,1,1,0.6094425900891913,unknown,False,False,1,0,8,0
1483,1,0,1,0.8316267027001437,unknown,False,False,0,0,5,0
1484,0,0,0,0.9281693985136619,unknown,False,False,0,0,6,0
1485,0,0,0,0.9414317964700037,unknown,False,False,0,0,10,0
1486,0,0,0,1.0526070128607474,unknown,False,False,0,0,8,1
1487,0,0,0,0.8651625707597149,unknown,False,False,0,0,8,0
1488,0,0,0,1.0567439448932483,unknown,False,False,0,0,17,0
1489,0,0,0,1.3591393461739176,unknown,False,False,0,0,15,0
1490,0,0,0,1.2666937004069825,unknown,False,False,0,0,15,0
1491,0,0,0,1.2673014351797462,unknown,False,False,0,0,8,0
1492,0,0,0,0.9236781994289689,unknown,False,False,0,0,7,0
1493,0,0,0,0.7879374648360936,unknown,False,False,0,0,4,0
1494,0,0,0,0.41563744244322554,unknown,False,False,0,0,3,0
1495,0,0,0,0.6121952695128022,unknown,False,False,0,0,2,0
1496,0,0,0,0.929830655571727,unknown,False,False,1,0,5,0
1497,1,0,1,0.7932448829696899,red,False,False,2,0,7,0
1498,1,0,1,0.8018918050523941,red,False,False,3,0,8,0
1499,1,0,1,1.072677490125364,unknown,False,False,0,0,8,0
1500,0,0,0,1.0835226585714335,unknown,False,True,0,0,8,0
1501,0,0,0,1.2082282750067899,unknown,False,False,0,0,10,0
1502,0,0,0,1.1909956905407784,unknown,False,False,0,0,9,0
1503,0,0,0,0.9831729783865032,unknown,False,False,0,1,4,0
1504,0,0,0,0.9046009846627603,unknown,False,False,1,0,3,0
1505,0,0,0,0.8609679757244836,unknown,False,False,0,0,1,0
1506,0,0,0,0.6669007399785534,unknown,False,False,0,0,5,0
1507,0,0,0,0.46769363698725225,unknown,False,False,0,0,4,0
1508,0,1,1,0.3861849562764739,unknown,False,False,1,0,5,0
1509,0,1,1,0.43449090997552214,unknown,False,False,0,0,5,0
1510,0,0,0,0.6079558356362821,unknown,False,False,0,0,4,0
1511,1,0,1,0.40973329485625076,unknown,False,False,1,0,6,0
1512,0,1,1,0.6228757428280334,unknown,False,False,1,0,4,0
1513,1,1,2,0.6224286574923953,unknown,False,False,0,0,7,0
1514,1,0,1,0.9848377635923959,unknown,False,False,0,0,6,0
1515,0,0,0,1.197579162057891,green,False,False,0,0,7,0
1516,0,0,0,0.6310369697853383,unknown,False,False,1,0,3,0
1517,0,0,0,0.3537527763351706,unknown,False,False,0,0,2,0
1518,0,0,0,0.3072787003527397,unknown,False,False,0,0,0,0
1519,0,0,0,0.22479096651110902,unknown,False,False,0,0,2,0
1520,1,0,1,0.0,unknown,False,False,0,0,0,0
1521,1,0,1,0.09619269133571261,unknown,False,False,1,0,1,0
1522,0,1,1,0.15645550294780428,unknown,False,False,1,0,1,0
1523,1,0,1,0.1773541748262321,unknown,False,False,0,0,1,0
1524,1,0,1,0.2539245214918901,unknown,False,False,0,0,1,0
1525,0,0,0,0.46190078770176224,unknown,False,False,0,1,1,0
1526,0,0,0,1.6636457971568932,unknown,False,False,0,0,3,0
1527,0,0,0,2.5493863109762676,unknown,False,False,0,0,3,0
1528,0,0,0,0.7142151653450162,yellow,False,False,0,1,5,0
1529,0,0,0,0.6899570207687926,unknown,False,False,0,1,2,0
1530,1,0,1,0.7243172530330292,unknown,False,False,0,1,3,0
1531,1,0,1,0.5167943041848468,red,False,True,0,2,2,0
1532,0,0,0,0.6655954276627901,red,False,True,0,1,5,0
1533,0,0,0,0.8940894844386085,red,False,True,0,1,8,0
1534,0,0,0,0.5184876983347778,green,False,True,0,1,6,0
1535,0,0,0,0.6632528040943054,green,False,True,0,1,8,0
1536,0,0,0,0.5179271584758431,red,False,True,0,1,6,0
1537,0,0,0,0.33417828553356943,red,False,True,0,1,9,0
1538,2,0,2,0.3334661156638442,green,False,True,2,1,8,0
1539,2,0,2,0.31592406813813606,red,False,True,1,1,9,0
1540,2,0,2,0.5347147298651097,red,False,True,3,1,6,0
1541,4,0,4,0.6483763124596553,red,False,True,3,1,7,0
1542,5,0,5,0.47570403932501965,red,False,True,4,1,9,0
1543,4,0,4,0.5282237456985441,red,False,True,3,1,8,0
1544,5,0,5,0.6834069923774005,red,True,True,4,2,8,0
1545,4,0,4,0.6112928308930868,red,False,True,5,2,6,0
1546,6,0,6,0.6961302149419749,red,True,True,5,1,4,0
1547,6,0,6,0.8302766365757774,red,True,True,4,2,8,0
1548,6,0,6,0.6723417278210047,red,True,True,3,1,4,0
1549,4,0,4,0.4197011495402025,red,False,True,1,2,5,0
1550,4,0,4,0.3881763162276086,red,False,True,2,1,5,0
1551,2,0,2,0.48949535166857666,unknown,False,True,1,1,4,0
1552,0,0,0,0.6555828307191065,unknown,False,True,0,1,4,0
1553,0,0,0,0.743137414809943,yellow,False,False,0,0,5,0
1554,0,0,0,0.8075017891593843,unknown,False,False,2,0,4,0
1555,1,0,1,0.9069921606355068,unknown,False,False,2,0,1,0
1556,0,2,2,0.5346037947597831,unknown,False,False,3,0,1,0
1557,1,2,3,0.4109657124251389,unknown,False,False,1,0,4,0
1558,1,0,1,0.4646136786062984,unknown,False,False,0,0,4,0
1559,1,0,1,0.6866037446975851,unknown,False,False,0,0,6,0
1560,0,0,0,0.7591317098665225,unknown,False,False,0,0,4,0
1561,2,0,2,0.8595673909847589,unknown,False,False,3,0,5,0
1562,2,1,3,0.9497067792706888,unknown,False,False,2,0,5,0
1563,6,1,7,0.862209877960168,unknown,False,False,2,0,2,0
1564,4,0,4,0.6297415648708646,unknown,False,False,1,0,2,0
1565,1,1,2,0.4284431275786315,red,False,False,1,0,6,0
1566,1,0,1,0.48667828335546875,unknown,False,False,0,0,5,0
1567,0,0,0,1.2453394645790397,unknown,False,False,0,0,4,0
1568,0,0,0,1.2452841590757162,unknown,False,False,0,1,3,0
1569,0,0,0,0.8089007136491914,unknown,False,False,0,0,4,0
1570,0,0,0,0.946249459288546,unknown,False,False,0,0,4,0
1571,0,0,0,1.243657868275731,unknown,False,False,0,0,4,0
1572,0,0,0,1.267450297697806,unknown,False,False,0,0,6,0
1573,1,0,1,1.225902733657299,unknown,False,False,1,0,4,2
1574,1,0,1,1.8439226968513818,unknown,False,False,2,0,2,0
1575,0,2,2,1.1024864840185582,unknown,False,False,2,0,0,0
1576,2,1,3,0.36655789163199254,unknown,False,False,1,0,0,0
1577,3,0,3,0.31480807395466726,unknown,False,False,2,0,4,0
1578,2,0,2,0.4465933144248889,unknown,False,False,2,0,5,0
1579,1,1,2,0.6617547074081458,red,False,False,1,0,6,0
1580,1,0,1,0.5973329352785699,red,False,False,0,0,7,0
1581,1,1,2,0.6577476018655071,unknown,False,False,1,0,5,0
1582,1,1,2,0.6564017939413633,unknown,False,False,1,0,4,0
1583,1,0,1,0.6459969128814788,unknown,False,False,0,0,4,0
1584,0,0,0,0.8203179940777808,unknown,False,False,0,0,5,0
1585,0,0,0,0.44413520764755676,unknown,False,False,0,0,4,0
1586,0,0,0,0.4639587092353049,unknown,False,False,0,0,6,0
1587,0,0,0,0.5275175619928788,unknown,False,False,0,0,4,0
1588,0,0,0,0.6565245096751772,unknown,False,False,0,1,5,0
1589,0,0,0,0.8843935950541398,unknown,False,False,0,1,4,0
1590,0,0,0,1.029894623208684,unknown,False,False,0,1,2,0
1591,0,0,0,1.011785349443899,unknown,False,False,0,1,6,1
1592,0,0,0,0.5265314373036467,unknown,False,False,0,1,7,0
1593,0,0,0,0.5904986795099091,unknown,False,False,0,2,8,0
1594,0,0,0,0.5892395123632841,red,False,True,0,1,4,0
1595,0,0,0,0.4957316255833476,unknown,False,True,0,1,9,0
1596,0,0,0,0.41373743245432626,unknown,False,False,0,1,7,0
1597,0,0,0,0.8098485787096342,unknown,False,False,0,1,8,0
1598,0,0,0,0.49683094489921803,unknown,False,False,0,1,8,0
1599,0,0,0,0.4026973667972015,yellow,False,True,0,2,9,0
1600,0,0,0,0.5735481306472077,unknown,False,True,0,1,8,0
1601,0,0,0,0.6004815804717496,yellow,False,False,0,1,8,0
1602,0,0,0,0.5280305762295487,unknown,False,False,0,1,7,0
1603,0,0,0,0.9019516787422561,unknown,False,False,0,1,7,0
1604,0,0,0,1.0332794018029356,unknown,False,False,0,1,12,0
1605,0,0,0,0.5499735364377922,unknown,False,True,0,1,7,0
1606,0,0,0,0.4274237672295373,yellow,False,False,0,2,9,0
1607,0,0,0,0.475039994640717,yellow,False,False,0,1,5,0
1608,0,0,0,0.3895300743712026,unknown,False,True,0,1,9,0
1609,0,0,0,0.19079703023391698,unknown,False,False,0,1,7,0
1610,0,0,0,0.23048641882284032,unknown,False,False,0,1,6,0
1611,0,0,0,0.5324879747235539,red,False,True,0,1,6,0
1612,0,0,0,0.3011515807046049,unknown,False,True,0,1,7,0
1613,0,0,0,0.24369137746215985,unknown,False,True,0,1,9,0
1614,0,0,0,0.2405149170706214,unknown,False,True,0,1,6,0
1615,0,0,0,0.21119142277167197,unknown,False,True,0,1,6,0
1616,0,0,0,0.1526718311340271,yellow,False,False,0,1,8,0
1617,0,0,0,0.20008290299245646,red,False,True,0,2,7,0
1618,0,0,0,0.2961101878023304,unknown,False,True,0,1,8,0
1619,0,0,0,0.3945644958262497,red,False,True,0,1,7,0
1620,0,0,0,0.5350558606439876,red,False,True,0,0,11,0
1621,0,0,0,0.7199849271695594,unknown,False,False,0,1,11,0
1622,0,0,0,0.6237577552879213,unknown,False,False,0,0,11,0
1623,0,0,0,0.7133400328082231,unknown,False,False,0,1,9,0
1624,0,0,0,0.8079539114222197,unknown,False,False,0,1,8,0
1625,0,0,0,0.4988004429075709,unknown,False,False,0,2,4,0
1626,0,0,0,0.37393221671820337,unknown,False,False,0,0,5,0
1627,0,0,0,0.5139291478559865,unknown,False,False,0,0,5,0
1628,0,0,0,0.6534091204663498,unknown,False,False,0,0,5,0
1629,0,0,0,1.2386820123234383,unknown,False,False,0,0,2,0
1630,0,0,0,1.4955553472647332,unknown,False,False,0,0,3,0
1631,0,0,0,0.9537106535163486,unknown,False,False,0,0,3,0
1632,0,0,0,0.24654392055550017,unknown,False,False,0,0,5,0
1633,0,0,0,0.33926296756585855,unknown,False,True,1,0,6,0
1634,0,0,0,0.304935452348975,unknown,False,False,0,1,2,0
1635,0,0,0,0.2701561745386162,unknown,False,False,0,1,3,0
1636,0,0,0,0.3525052692358743,unknown,False,False,0,0,1,0
1637,0,0,0,0.4319166917770806,unknown,False,False,0,0,4,0
1638,0,0,0,0.6005123526395902,unknown,False,False,0,0,4,0
1639,0,0,0,0.9562758444723013,unknown,False,False,0,0,6,0
1640,0,0,0,0.6564659896287749,yellow,False,False,0,0,2,0
1641,0,0,0,0.6314190012870604,unknown,False,False,0,0,1,0
1642,0,0,0,0.15621064997252457,unknown,False,False,0,1,2,0
1643,0,0,0,0.13345628897510306,unknown,False,False,0,1,1,0
1644,0,0,0,0.13237631901413066,unknown,False,False,0,1,1,0
1645,0,0,0,0.18128330119722053,unknown,False,False,0,1,1,0
1646,0,0,0,0.2635267146996824,unknown,False,False,0,1,3,0
1647,0,0,0,0.6608234947902124,unknown,False,False,0,2,3,0
1648,0,0,0,1.6436116776140821,unknown,False,True,0,1,2,0
1649,0,0,0,1.3486130816923585,unknown,False,False,0,1,2,0
1650,0,0,0,0.8359701798953179,unknown,False,False,0,2,1,0
1651,0,0,0,0.9775569468305324,unknown,False,False,0,1,4,0
1652,0,0,0,0.7355589499063936,unknown,False,False,0,1,3,0
1653,0,0,0,0.8295389894530383,unknown,False,True,0,1,4,0
1654,0,0,0,1.227994599120171,unknown,False,True,0,1,6,0
1655,0,0,0,0.49423813952747,yellow,False,True,0,0,6,0
1656,0,0,0,0.19762750942540672,unknown,False,False,0,0,4,0
1657,0,0,0,0.1741283020754479,yellow,False,False,0,0,4,0
1658,0,0,0,0.13733158591525624,red,False,False,0,0,3,0
1659,0,0,0,0.17983942787669704,red,False,False,0,0,4,0
1660,0,0,0,0.297411984867391,red,False,False,0,0,5,0
1661,0,0,0,0.606111132302867,unknown,False,False,0,0,4,0
1662,0,0,0,0.4218564520405075,red,False,False,0,0,4,0
1663,0,0,0,0.3614035996651434,unknown,False,False,0,0,7,0
1664,0,0,0,0.335483655811414,unknown,False,False,0,0,7,0
1665,0,0,0,0.27025742408196723,unknown,False,False,0,0,7,0
1666,1,0,1,0.3505399056890417,green,False,False,1,0,11,0
1667,1,0,1,0.4947700897952046,unknown,False,True,0,0,9,0
1668,1,0,1,0.6578987076603998,unknown,False,False,0,0,8,0
1669,0,0,0,0.7260509372149166,unknown,False,False,0,1,9,0
1670,0,0,0,0.935734379748577,unknown,False,False,0,0,10,0
1671,0,0,0,0.8092509548634328,unknown,False,False,0,1,8,0
1672,0,0,0,0.8538503577461112,unknown,False,False,0,0,9,0
1673,0,0,0,0.701333195961971,unknown,False,False,0,0,10,0
1674,0,0,0,0.8449157142773936,unknown,False,False,0,1,13,0
1675,0,0,0,1.2360801608487497,unknown,False,True,0,0,14,0
1676,0,0,0,1.0530350859706523,unknown,False,False,0,0,11,0
1677,0,0,0,1.2399884413185092,unknown,False,False,0,0,11,0
1678,0,0,0,0.7330534933885258,unknown,False,False,0,0,11,0
1679,0,0,0,0.5278148254104166,red,False,True,0,1,10,0
1680,0,0,0,0.42544148968433154,red,False,True,0,0,10,0
1681,0,0,0,0.5040073449025895,red,False,False,0,0,8,0
1682,0,0,0,1.026812403341835,unknown,False,False,1,0,10,0
1683,1,0,1,1.2102605453540844,unknown,False,False,0,0,7,0
1684,1,0,1,0.6439375124739902,unknown,False,False,0,0,5,0
1685,0,0,0,0.8799795274996006,unknown,False,False,0,0,5,0
1686,0,0,0,1.4822649691394982,unknown,False,False,0,0,3,0
1687,0,0,0,0.9912289982616397,unknown,False,False,1,0,2,0
1688,0,1,1,0.5279614942354113,unknown,False,False,1,0,2,0
1689,1,0,1,0.1430427660449033,unknown,False,False,0,0,0,0
1690,0,0,0,0.10224105633012559,unknown,False,False,0,0,1,0
1691,0,0,0,0.7024432824595865,unknown,False,False,0,0,1,0
1692,0,0,0,0.6217595203942103,unknown,False,False,0,0,5,0
1693,0,0,0,0.8485759176495606,unknown,False,False,0,0,3,0
1694,0,0,0,1.0436074005441196,unknown,False,False,0,0,5,0
1695,0,0,0,0.87019640198003,unknown,False,False,0,0,6,0
1696,0,0,0,0.5991373052236465,unknown,False,False,0,0,8,0
1697,0,0,0,0.7726805540226502,unknown,False,False,0,0,8,0
1698,0,0,0,0.940425339846394,unknown,False,False,0,0,8,0
1699,0,0,0,1.3170124351477086,unknown,False,False,0,0,5,0
1700,0,0,0,0.43557108948522366,yellow,False,False,0,0,6,0
1701,0,0,0,0.48495751108621876,unknown,False,False,0,0,6,0
1702,0,0,0,0.37164138237187055,red,False,False,0,0,6,0
1703,0,0,0,0.2606076251507914,unknown,False,False,0,0,7,0
1704,0,0,0,0.5205773180411063,unknown,False,False,0,0,6,0
1705,0,0,0,0.7516350854027386,green,False,False,0,0,5,0
1706,0,0,0,0.2554357700792744,unknown,False,False,0,0,6,0
1707,0,0,0,0.2938338922959379,green,False,False,0,1,5,0
1708,0,0,0,0.3168048794790006,unknown,False,True,0,0,6,0
1709,0,0,0,0.4300164438914836,unknown,False,False,0,0,4,0
1710,0,0,0,0.6783695373134433,unknown,False,False,0,0,2,0
1711,0,0,0,0.7088916606616203,yellow,False,False,0,0,1,0
1712,0,0,0,0.5642418922048501,unknown,False,False,0,0,1,0
1713,0,0,0,0.3679643593506906,unknown,False,False,0,0,4,0
1714,0,0,0,0.8178424445482875,unknown,False,False,0,0,6,0
1715,0,0,0,1.444151588726044,unknown,False,False,0,0,6,0
1716,0,0,0,2.0352933734305467,unknown,False,False,0,0,4,0
1717,0,0,0,1.3147562203178738,unknown,False,False,0,0,5,0
1718,0,0,0,1.3446249188719086,unknown,False,False,0,0,6,0
1719,0,0,0,1.4818103909728533,unknown,False,False,0,0,4,0
1720,0,0,0,1.3163765357353074,unknown,False,False,0,0,4,0
1721,0,0,0,1.0151214647043225,unknown,False,False,0,0,1,0
1722,0,0,0,0.7061758082321452,unknown,False,False,0,0,3,0
1723,0,0,0,0.4454582227894961,red,False,False,0,0,3,0
1724,0,0,0,0.3011771120904544,unknown,False,False,0,0,1,0
1725,0,0,0,0.2932576656781395,unknown,False,False,0,0,1,0
1726,0,0,0,0.19240521675131084,unknown,False,False,0,0,0,0
1727,0,0,0,0.0,unknown,False,False,0,0,0,0
1728,0,0,0,0.0,unknown,False,False,0,0,0,0
1729,0,0,0,0.0,unknown,False,False,0,0,0,0
1730,0,0,0,0.0,unknown,False,False,0,0,0,0
1731,0,0,0,0.0,unknown,False,False,0,0,0,0
1732,0,0,0,0.0,unknown,False,False,0,0,3,0
1733,0,0,0,0.499462584132878,unknown,False,False,0,0,2,0
1734,0,0,0,0.9299024374142374,unknown,False,False,0,0,5,0
1735,0,0,0,1.4092422198665213,unknown,False,False,0,0,5,0
1736,1,0,1,1.2646832121471454,unknown,False,False,1,0,5,0
1737,1,0,1,0.4744747747054023,unknown,False,False,1,0,7,0
1738,1,0,1,0.305883412365716,unknown,False,False,1,0,8,0
1739,1,0,1,0.2320365883777997,unknown,False,False,1,0,9,0
1740,1,0,1,0.354276672062085,unknown,False,False,2,0,7,0
1741,1,0,1,0.30896697511222465,unknown,False,False,1,0,6,0
1742,1,0,1,0.32830446595161217,unknown,False,False,1,0,7,0
1743,1,0,1,0.3009530653879344,unknown,False,False,1,0,10,0
1744,1,0,1,0.35690409152545216,unknown,False,False,0,0,6,0
1745,1,0,1,0.3728249963563295,unknown,False,False,0,0,9,0
1746,1,0,1,0.6361270963772955,unknown,False,False,0,0,7,0
1747,0,0,0,0.6103438673797932,green,False,False,0,0,8,0
1748,0,0,0,1.2499102360291459,unknown,False,False,0,0,6,0
1749,0,0,0,1.6878963191988552,unknown,False,False,0,0,6,0
1750,0,0,0,1.8975533607752444,unknown,False,False,0,0,8,0
1751,0,0,0,0.8586797222783296,unknown,False,False,0,0,5,0
1752,0,0,0,0.5469817104024032,unknown,False,False,0,0,3,0
1753,0,0,0,0.40048003976845126,unknown,False,False,0,0,4,0
1754,0,0,0,0.461044672071636,unknown,False,False,0,0,5,0
1755,0,0,0,0.6624415581443088,unknown,False,False,0,0,3,0
1756,0,0,0,0.6233441870775368,unknown,False,False,0,0,5,0
1757,0,0,0,1.6433663376434637,unknown,False,False,0,0,4,0
1758,0,0,0,2.119413634908754,unknown,False,False,0,0,4,0
1759,0,0,0,0.7532881453524465,unknown,False,False,1,0,6,0
1760,1,0,1,0.45865709478196925,unknown,False,False,1,0,5,0
1761,1,0,1,0.5355155941162126,unknown,False,False,1,0,6,0
1762,1,0,1,0.6198267770723459,unknown,False,False,1,0,6,0
1763,1,0,1,0.792462948328919,unknown,False,False,1,0,5,0
1764,1,0,1,0.5752227298027447,green,False,False,1,0,4,0
1765,1,0,1,0.32279141108379084,red,False,False,1,0,3,0
1766,1,0,1,0.22639142587353875,unknown,False,False,1,0,1,0
1767,1,0,1,0.2032903352381146,red,False,False,1,0,1,0
1768,1,0,1,0.10171631925560196,red,False,False,1,0,0,0
1769,1,0,1,0.0,red,False,False,0,0,0,0
1770,0,0,0,0.0,unknown,False,False,0,0,0,0
1771,0,0,0,0.38957170595070506,unknown,False,False,0,0,0,0
1772,0,0,0,0.33768094512834385,unknown,False,False,0,0,0,0
1773,0,0,0,0.3193101189636596,unknown,False,False,1,0,1,0
1774,1,0,1,0.32643516080515905,unknown,False,False,0,0,3,0
1775,1,0,1,0.5564899265092894,unknown,False,False,0,0,0,0
1776,0,0,0,0.45618135491849376,unknown,False,False,0,0,1,0
1777,0,0,0,1.618051232155483,unknown,False,False,0,0,1,0
1778,0,0,0,2.156939824222241,unknown,False,False,0,0,0,0
1779,0,0,0,1.843692124090827,unknown,False,False,0,0,1,0
1780,0,0,0,0.6554325592516939,unknown,False,False,0,0,2,0
1781,0,0,0,0.2176479936104591,unknown,False,False,0,1,1,0
1782,0,0,0,0.256447964952208,unknown,False,False,0,2,3,0
1783,0,0,0,0.2919332465197206,unknown,False,False,0,1,2,0
1784,0,0,0,0.4174005251845267,unknown,False,False,0,0,2,0
1785,0,0,0,0.5159522716467432,unknown,False,False,1,0,2,1
1786,1,0,1,0.7019452917503767,unknown,False,False,2,0,0,0
1787,0,1,1,0.6060312338188713,unknown,False,False,1,0,0,0
1788,1,0,1,0.0,unknown,False,False,1,0,0,0
1789,1,0,1,0.0,unknown,False,False,0,0,0,0
1790,0,0,0,0.0,unknown,False,False,0,0,0,0
1791,0,0,0,0.0,unknown,False,False,0,0,0,0
1792,0,0,0,0.0,unknown,False,False,0,0,0,0
1793,0,0,0,0.0,unknown,False,False,0,0,0,0
1794,0,0,0,0.0,unknown,False,False,1,0,0,3
1795,0,0,0,0.0,unknown,False,False,0,0,0,0
1796,0,0,0,0.0,unknown,False,False,0,0,0,0
1797,0,0,0,0.0,unknown,False,False,0,0,0,0
1798,0,0,0,0.0,unknown,False,False,0,0,0,0
1799,0,0,0,0.0,unknown,False,False,0,0,0,0
1800,0,0,0,0.0,unknown,False,False,0,0,0,0
1801,1,0,1,0.0,unknown,False,False,1,0,0,0
1802,0,1,1,0.0,unknown,False,False,1,0,0,0
1803,1,1,2,0.21746606733927323,unknown,False,False,1,0,1,0
1804,2,0,2,0.3167159405773955,unknown,False,False,1,0,2,0
1805,2,0,2,0.7066338141202289,unknown,False,False,0,0,2,0
1806,0,0,0,1.2886781667315539,yellow,False,False,0,0,2,0
1807,0,0,0,1.7982040359084301,unknown,False,False,0,0,1,0
1808,0,0,0,1.798206180590728,unknown,False,False,0,0,1,0
1809,0,0,0,0.5766546394589538,unknown,False,False,0,0,3,0
1810,0,0,0,0.5238801237348136,unknown,False,False,0,0,3,0
1811,0,0,0,0.3695016739949545,unknown,False,False,0,0,2,0
1812,0,0,0,0.7714234012972386,unknown,False,False,0,0,1,0
1813,0,0,0,4.009455051100791,unknown,False,False,0,0,1,0
1814,0,0,0,1.8454741554259781,unknown,False,False,0,0,1,0
1815,0,0,0,0.8142147571946315,unknown,False,False,0,0,0,0
1816,0,0,0,0.0,unknown,False,False,0,0,0,0
1817,0,0,0,0.0,unknown,False,False,0,0,0,0
1818,0,0,0,0.0,unknown,False,False,0,0,0,0
1819,0,0,0,0.0,unknown,False,False,0,0,0,0
1820,0,0,0,0.0,unknown,False,False,0,0,0,0
1821,0,0,0,0.0,unknown,False,False,0,0,2,0
1822,0,0,0,1.0368536439092146,unknown,False,False,0,0,1,0
1823,0,0,0,5.073648625341145,unknown,False,False,0,0,1,0
1824,0,0,0,1.18101145640804,unknown,False,False,0,0,0,0
1825,0,0,0,0.6407089459473586,unknown,False,False,0,0,0,0
1826,0,0,0,0.0,unknown,False,False,0,0,0,0
1827,0,0,0,0.0,unknown,False,False,1,0,0,0
1828,2,0,2,0.0,unknown,False,False,1,0,0,0
1829,1,0,1,0.0,unknown,False,False,1,0,1,0
1830,0,0,0,1.6950389884453159,unknown,False,False,0,0,1,0
1831,0,0,0,2.2040003468888054,unknown,False,False,1,0,0,0
1832,1,0,1,0.11288550238480813,unknown,False,False,1,0,2,0
1833,1,0,1,0.570514763080143,unknown,False,False,1,0,1,0
1834,1,0,1,1.395877206277178,unknown,False,False,0,0,1,0
1835,1,0,1,1.2903922263792136,unknown,False,False,0,0,0,0
1836,0,0,0,0.9399334043944456,unknown,False,False,0,0,1,0
1837,0,0,0,0.5166604519808052,unknown,False,False,0,0,0,0
1838,1,0,1,0.4303566680770462,unknown,False,False,1,0,0,0
1839,1,0,1,0.0,unknown,False,False,1,0,0,0
1840,1,0,1,0.0,unknown,False,False,1,0,0,0
1841,1,0,1,0.0,unknown,False,False,1,0,0,0
1842,1,0,1,0.0,unknown,False,False,1,0,0,0
1843,1,0,1,0.2512704249860163,unknown,False,False,1,0,2,0
1844,1,0,1,0.2257635773355319,unknown,False,False,1,0,3,0
1845,1,0,1,0.47047529962954193,unknown,False,False,0,0,5,0
1846,2,0,2,0.9680217878515809,unknown,False,False,2,0,5,0
1847,2,0,2,1.214488047750656,unknown,False,False,1,0,5,0
1848,1,0,1,0.723079770163303,unknown,False,False,0,0,4,0
1849,0,0,0,1.007292888994507,unknown,False,False,0,0,3,0
1850,0,0,0,0.8229297024459657,unknown,False,False,0,0,5,0
1851,0,0,0,0.5537241283994575,unknown,False,False,0,0,4,0
1852,0,0,0,0.6522665439277652,unknown,False,False,0,0,5,0
1853,0,0,0,0.5195075974066418,unknown,False,False,0,0,6,0
1854,0,0,0,0.3631156703434271,unknown,False,False,0,0,7,0
1855,0,0,0,0.27532086821936447,unknown,False,False,0,0,5,0
1856,0,0,0,0.5013735487992994,unknown,False,False,0,0,6,0
1857,0,0,0,0.9569767435105042,unknown,False,False,0,0,6,0
1858,0,0,0,0.3314521370141504,unknown,False,False,0,0,7,0
1859,0,0,0,0.24736137154534524,unknown,False,False,0,0,8,0
1860,0,0,0,0.27050980591126933,unknown,False,False,0,0,8,0
1861,0,0,0,0.3327128638018278,unknown,False,False,0,0,10,0
1862,0,0,0,0.4006884540968463,unknown,False,False,0,0,11,0
1863,0,0,0,0.3633548369386598,unknown,False,False,0,0,8,0
1864,0,0,0,0.2818525905144479,unknown,False,False,0,0,9,0
1865,0,0,0,0.24963622179353462,unknown,False,False,0,0,7,0
1866,0,0,0,0.2701049120299565,yellow,False,False,0,0,6,0
1867,0,0,0,0.2563068753325823,unknown,False,False,0,0,7,0
1868,0,0,0,0.7316309497207857,unknown,False,False,0,0,9,0
1869,0,0,0,0.41238569071576753,unknown,False,False,0,0,7,0
1870,0,0,0,0.2711088164205276,unknown,False,False,0,0,9,0
1871,0,0,0,0.5899387390335062,unknown,False,False,0,0,9,0
1872,0,0,0,0.45525903436836507,unknown,False,False,0,0,5,0
1873,0,0,0,0.40129799194632443,yellow,False,False,0,0,9,0
1874,0,0,0,0.625588053922789,yellow,False,False,0,0,7,0
1875,0,0,0,0.5324283697996365,unknown,False,False,0,0,8,0
1876,1,0,1,0.5838598176527502,unknown,False,False,0,0,7,0
1877,1,0,1,0.31488549842904323,unknown,False,False,0,0,9,0
1878,1,0,1,0.27042808837291554,unknown,False,False,0,0,8,0
1879,1,0,1,0.2601176230855295,unknown,False,False,0,0,10,0
1880,0,0,0,0.334653722123213,unknown,False,False,0,0,9,0
1881,0,0,0,0.4647497373338499,unknown,False,False,0,0,6,0
1882,0,0,0,0.7718212925408203,unknown,False,False,0,0,8,0
1883,0,0,0,0.8099440333035259,unknown,False,False,0,0,9,0
1884,0,0,0,0.5461115335370946,unknown,False,False,0,0,9,0
1885,0,0,0,0.5564187242933379,unknown,False,False,0,0,7,0
1886,0,0,0,0.8113092530753023,unknown,False,False,0,0,7,0
1887,0,0,0,0.9561623547509731,unknown,False,False,0,0,6,0
1888,0,0,0,0.4442726753861466,unknown,False,False,0,0,5,0
1889,0,0,0,0.30387133557524476,unknown,False,False,0,0,4,0
1890,0,0,0,0.23759330617893895,unknown,False,False,0,0,4,0
1891,0,0,0,0.42426012724264933,unknown,False,False,0,0,2,0
1892,0,0,0,0.5836460727725721,yellow,False,False,0,0,2,0
1893,0,0,0,0.745751847200104,unknown,False,False,0,0,2,0
1894,0,0,0,0.4942306126196606,unknown,False,False,0,0,2,0
1895,0,0,0,0.335709431122712,unknown,False,False,1,0,3,0
1896,0,0,0,0.3042484634219548,unknown,False,False,0,0,1,0
1897,0,0,0,0.26411113164563477,unknown,False,False,0,0,1,0
1898,0,0,0,0.2829460620273771,unknown,False,False,0,0,2,0
1899,0,0,0,0.22482780391573096,unknown,False,False,0,0,1,0
1900,0,0,0,0.20721408902609156,unknown,False,False,0,0,1,0
1901,0,0,0,0.8738765133174873,unknown,False,False,0,0,1,0
1902,0,0,0,1.2555397627763245,unknown,False,False,0,0,1,0
1903,0,0,0,1.1700946790841362,unknown,False,False,0,0,1,0
1904,0,0,0,0.44049970927856075,unknown,False,False,0,0,1,0
1905,0,0,0,0.43623182338143257,unknown,False,False,0,0,1,0
1906,0,0,0,0.30952534836808265,unknown,False,False,1,0,0,0
1907,0,0,0,0.0,unknown,False,False,0,0,0,0
1908,0,0,0,0.0,yellow,False,False,0,0,1,0
1909,0,0,0,0.0,yellow,False,False,1,0,0,0
1910,1,0,1,0.0,yellow,False,False,0,0,0,0
1911,0,0,0,0.0,unknown,False,False,0,0,0,0
1912,0,0,0,0.0,unknown,False,False,0,0,0,0
1913,0,0,0,0.0,unknown,False,False,0,0,0,0
1914,0,0,0,0.0,unknown,False,False,0,0,1,0
1915,0,0,0,0.36416538023103606,unknown,False,False,0,0,2,0
1916,0,0,0,0.5806160496184117,unknown,False,False,0,0,1,0
1917,0,0,0,1.7927459579132492,red,False,False,0,0,1,0
1918,0,0,0,0.6626662984055706,red,False,False,0,0,2,0
1919,0,0,0,0.46233819554149563,unknown,False,False,0,0,2,0
1920,0,0,0,0.2640099949268799,unknown,False,False,0,0,1,0
1921,0,0,0,0.1232968464687441,unknown,False,False,0,0,2,0
1922,0,0,0,0.21744404385166496,green,False,False,0,0,1,0
1923,0,0,0,0.6776770302963132,unknown,False,False,0,0,1,0
1924,0,0,0,1.0921724720167922,unknown,False,False,0,0,3,0
1925,0,0,0,0.8990704575993583,unknown,False,False,0,0,2,0
1926,0,0,0,0.45536910475390374,unknown,False,False,0,0,1,0
1927,0,0,0,0.2865993264450137,unknown,False,False,0,0,1,0
1928,0,0,0,0.1691827185022696,unknown,False,False,0,0,2,0
1929,0,0,0,0.07488722298601257,unknown,False,False,0,0,1,0
1930,0,0,0,0.6678424704579238,unknown,False,False,0,0,2,0
1931,0,0,0,2.5751932381732425,unknown,False,False,0,0,2,0
1932,0,0,0,0.6829586863042336,unknown,False,False,0,0,4,0
1933,0,0,0,0.4004354703586092,unknown,False,False,0,0,5,0
1934,0,0,0,0.87420875907738,unknown,False,False,0,0,5,0
1935,0,0,0,1.3721395444439528,unknown,False,False,0,0,10,0
1936,0,0,0,1.1929693284720462,unknown,False,False,0,0,10,0
1937,0,0,0,1.2823841578277968,unknown,False,False,0,1,9,0
1938,0,0,0,0.9335550927587276,unknown,False,False,0,0,12,0
1939,0,0,0,0.95840044927079,unknown,False,False,0,0,13,0
1940,0,0,0,1.2797347510335642,unknown,False,False,0,1,11,0
1941,0,0,0,1.0861458743383212,unknown,False,False,0,1,15,0
1942,0,0,0,1.0784770788028077,unknown,False,False,0,0,12,0
1943,0,0,0,1.0443676530276684,unknown,False,False,0,0,12,0
1944,0,0,0,0.661363822811913,unknown,False,False,0,0,15,0
1945,0,0,0,0.6859803209051749,unknown,False,False,0,0,15,0
1946,0,0,0,0.6580705877463344,unknown,False,False,0,0,14,0
1947,0,0,0,0.7289420882751712,unknown,False,False,0,0,12,0
1948,0,0,0,0.7632021612402892,unknown,False,False,0,0,10,0
1949,0,0,0,0.5756131340543363,unknown,False,False,0,0,11,0
1950,0,0,0,0.5275978953140062,unknown,False,False,0,0,7,0
1951,0,0,0,0.4655631283517921,unknown,False,False,0,0,4,0
1952,0,0,0,0.4313111293842902,unknown,False,False,0,0,5,0
1953,0,0,0,0.5085359392521295,unknown,False,False,0,0,4,0
1954,0,0,0,0.6022223032890175,unknown,False,False,0,0,6,0
1955,0,0,0,0.884339236784019,unknown,False,False,0,0,7,0
1956,0,0,0,0.9349534204831746,unknown,False,False,0,0,9,0
1957,0,0,0,0.7928011234991306,unknown,False,False,0,0,7,0
1958,0,0,0,1.0328640166515477,unknown,False,False,0,0,3,0
1959,0,0,0,1.0385972095693108,unknown,False,False,0,0,5,0
1960,0,0,0,0.7719363567598465,unknown,False,False,0,0,4,0
1961,0,0,0,0.5026999971395544,unknown,False,False,0,0,1,0
1962,0,0,0,0.29773980351697743,yellow,False,False,0,0,1,0
1963,0,0,0,0.5831822517980828,yellow,False,False,0,0,8,0
1964,0,0,0,0.7233204055499926,yellow,False,False,0,0,11,0
1965,0,0,0,0.8498938154903767,yellow,False,False,0,0,11,0
1966,0,0,0,1.1937021353022728,unknown,False,False,0,0,16,0
1967,0,0,0,1.2461347820481472,unknown,False,False,0,0,16,0
1968,0,0,0,1.2662758708298336,unknown,False,False,0,0,15,0
1969,0,0,0,1.3704011715321698,unknown,False,False,0,1,12,0
1970,0,0,0,1.0888173523928772,red,False,True,0,0,6,0
1971,0,0,0,1.3450232089018213,unknown,False,False,0,0,10,0
1972,0,0,0,0.7220465248520526,unknown,False,False,0,0,7,0
1973,0,0,0,0.33867326473892984,red,False,False,0,0,11,0
1974,0,0,0,0.3266960975276832,red,False,False,0,0,15,0
1975,0,0,0,0.2893117056981404,yellow,False,False,0,0,18,0
1976,0,0,0,0.48750219584041876,red,False,False,0,0,13,0
1977,0,0,0,0.6854562691999666,red,False,False,0,0,13,0
1978,0,0,0,0.7012807665348942,unknown,False,False,0,0,12,0
1979,0,0,0,0.8020370826779717,yellow,False,False,0,0,15,0
1980,0,0,0,0.774745446997673,yellow,False,False,0,0,12,0
1981,0,0,0,1.448486656331244,unknown,False,False,0,0,11,1
1982,0,0,0,1.544234110374901,unknown,False,False,0,0,12,0
1983,1,0,1,1.5758852417378317,unknown,False,False,2,0,12,0
1984,0,2,2,1.0013031632357272,unknown,False,False,1,0,15,0
1985,0,1,1,0.7552159906521764,unknown,False,False,0,0,15,0
1986,0,0,0,0.9686746439998757,unknown,False,False,0,0,14,0
1987,0,0,0,0.8140526922471735,unknown,False,False,0,0,16,0
1988,0,0,0,0.7694334098676212,unknown,False,False,0,0,13,0
1989,0,0,0,0.9313629873625119,yellow,False,False,0,0,16,0
1990,0,0,0,1.2203880126635542,unknown,False,True,1,1,15,0
1991,1,0,1,1.0618883650955797,unknown,False,True,0,1,12,0
1992,1,0,1,1.1516334265442991,red,False,True,0,1,16,0
1993,0,0,0,1.1127623117742456,unknown,False,False,0,0,14,0
1994,0,0,0,1.4715876544914854,unknown,False,False,0,0,16,0
1995,0,0,0,1.3972169890122017,unknown,False,False,0,0,17,0
1996,1,0,1,1.5225847077920476,unknown,False,False,0,0,14,0
1997,0,0,0,0.9532992433462846,unknown,False,False,0,0,16,0
1998,0,0,0,0.6246285940215263,unknown,False,False,0,0,12,0
1999,0,0,0,0.5645120721250667,unknown,False,False,0,1,9,0
2000,0,0,0,0.7836604578799903,unknown,False,False,0,1,8,0
2001,0,0,0,0.9609765951078456,unknown,False,False,0,2,5,0
2002,0,0,0,0.9456831426332774,unknown,False,False,0,2,10,0
2003,0,0,0,0.5011981546972041,unknown,False,False,1,1,15,0
2004,0,0,0,0.4506119574763033,unknown,False,False,1,1,10,0
2005,0,0,0,0.5007792077573809,unknown,False,False,0,1,11,0
2006,0,0,0,0.42400245382654755,unknown,False,False,2,1,8,0
2007,0,0,0,0.6085903867387124,unknown,False,False,1,1,8,0
2008,1,0,1,0.8390224929499063,unknown,False,False,0,1,10,0
2009,0,0,0,0.7965908542114016,unknown,False,False,0,0,12,0
2010,0,0,0,0.7921595088792388,unknown,False,False,0,0,13,0
2011,0,0,0,1.124009636808539,unknown,False,False,0,1,12,0
2012,0,0,0,1.253924840597153,unknown,False,False,0,0,13,0
2013,0,0,0,1.2347360157778424,unknown,False,False,0,0,12,0
2014,0,0,0,0.8976951310598327,unknown,False,False,0,0,10,0
2015,0,0,0,0.4607595314752802,unknown,False,False,0,1,10,0
2016,1,0,1,0.29264348539720064,unknown,False,False,0,0,10,0
2017,1,0,1,0.3562173587561641,unknown,False,False,1,0,8,0
2018,1,0,1,0.23723022769456995,unknown,False,False,1,0,8,0
2019,1,0,1,0.2225563938305467,unknown,False,False,1,0,8,0
2020,1,0,1,0.16064564448716445,unknown,False,False,0,0,10,0
2021,1,0,1,0.29672480262411816,unknown,False,False,1,0,9,0
2022,1,0,1,0.22091146855046606,unknown,False,False,2,0,10,0
2023,1,0,1,0.174380561247498,unknown,False,False,0,0,9,0
2024,0,0,0,0.2168099190477738,unknown,False,False,0,0,10,0
2025,0,0,0,0.17899143520427963,unknown,False,False,0,0,9,0
2026,0,0,0,0.11318978676852254,unknown,False,False,0,0,9,0
2027,0,0,0,0.10339666664060318,unknown,False,False,0,0,9,0
2028,0,0,0,0.1740811758450263,unknown,False,False,0,0,10,0
2029,0,0,0,0.126942156866909,unknown,False,False,0,0,10,0
2030,0,0,0,0.11820705257225823,unknown,False,False,0,0,9,0
2031,0,0,0,0.10173207976205684,unknown,False,False,0,0,13,0
2032,0,0,0,0.08977885351144006,unknown,False,False,0,0,10,0
2033,0,0,0,0.08947676386925624,unknown,False,False,0,0,11,0
2034,0,0,0,0.1361464498635383,unknown,False,False,0,0,12,0
2035,0,0,0,0.1266732743648892,unknown,False,False,0,0,9,0
2036,0,0,0,0.3071203903633496,unknown,False,False,0,0,10,0
2037,0,0,0,0.2488542414716519,unknown,False,False,0,0,10,0
2038,0,0,0,0.2538651371689407,unknown,False,False,0,0,11,0
2039,0,0,0,0.26886431635471736,unknown,False,False,0,0,10,0
2040,0,0,0,0.13983489583288133,unknown,False,False,0,0,9,0
2041,0,0,0,0.13828268210217065,unknown,False,False,0,0,9,0
2042,0,0,0,0.15777289678373874,unknown,False,False,0,0,13,0
2043,0,0,0,0.18351747801512566,unknown,False,False,0,0,10,0
2044,0,0,0,0.13515453496966087,unknown,False,False,0,0,9,0
2045,0,0,0,0.0871669784815412,unknown,False,False,0,0,11,0
2046,0,0,0,0.1190486154187432,unknown,False,False,0,0,11,0
2047,0,0,0,0.07719544657408926,unknown,False,False,0,0,11,0
2048,0,0,0,0.10475116574218236,unknown,False,False,0,0,10,0
2049,0,0,0,0.09555705149726422,unknown,False,False,0,0,10,0
2050,0,0,0,0.21685977278965163,unknown,False,False,0,0,8,2
2051,0,0,0,0.1666058295838192,unknown,False,False,0,0,9,1
2052,0,0,0,0.14583525410516268,unknown,False,False,0,0,9,1
2053,0,0,0,0.10491894891311213,unknown,False,False,0,0,10,1
2054,0,0,0,0.10269541260561432,unknown,False,False,0,0,9,1
2055,0,0,0,0.08648681362149695,unknown,False,False,0,0,9,1
2056,0,0,0,0.22271480140350924,unknown,False,False,0,0,10,1
2057,0,0,0,0.4714320961289998,unknown,False,False,0,0,9,1
2058,0,0,0,0.4638139099491155,unknown,False,False,0,0,11,1
2059,0,0,0,0.28497839631667415,unknown,False,False,0,0,9,0
2060,0,0,0,0.3103194552830303,unknown,False,False,0,0,4,0
2061,0,0,0,0.20615776556663631,unknown,False,False,0,0,9,0
2062,0,0,0,0.14909798104845579,unknown,False,False,0,0,9,0
2063,0,0,0,0.20726521734078063,unknown,False,False,0,0,6,1
2064,0,0,0,0.12898735306841033,unknown,False,False,0,0,6,0
2065,0,0,0,0.21112665305001918,unknown,False,False,1,0,5,0
2066,0,0,0,0.11808370582694862,unknown,False,False,0,0,6,1
2067,0,0,0,0.07239152728368765,unknown,False,False,0,0,5,0
2068,0,0,0,0.11216121018394666,unknown,False,False,0,0,7,0
2069,0,0,0,0.17858013825205188,unknown,False,False,0,0,7,0
2070,0,0,0,0.15412983800400426,unknown,False,False,0,0,8,0
2071,0,0,0,0.16894091111488377,unknown,False,False,0,0,8,1
2072,0,0,0,0.28196249794006967,unknown,False,False,1,0,12,0
2073,1,0,1,0.2775364741208163,unknown,False,False,2,0,9,0
2074,2,0,2,0.22022382489838557,unknown,False,False,1,0,9,0
2075,2,0,2,0.11391269645587519,unknown,False,False,2,0,11,0
2076,2,0,2,0.10502542376020947,unknown,False,False,2,0,10,0
2077,2,0,2,0.1354334172664621,unknown,False,False,2,0,12,0
2078,4,0,4,0.1589058594932923,unknown,False,False,1,0,11,0
2079,2,0,2,0.1042224184154661,unknown,False,False,2,0,10,0
2080,2,0,2,0.1637975190045572,unknown,False,False,1,0,12,0
2081,2,0,2,0.19295379641307958,unknown,False,False,1,0,12,0
2082,3,0,3,0.17035066510610727,unknown,False,False,0,0,11,0
2083,1,0,1,0.3973457790619242,unknown,False,False,0,0,7,0
2084,0,0,0,0.5062921600130932,unknown,False,False,0,0,2,0
2085,1,0,1,0.7614594821324068,unknown,False,False,0,0,0,0
2086,1,0,1,0.6679733550154198,unknown,False,False,0,0,0,0
2087,0,0,0,0.0,unknown,False,False,0,0,0,0
2088,0,0,0,0.0,unknown,False,False,0,0,0,0
2089,0,0,0,0.0,unknown,False,False,0,0,0,0
2090,0,0,0,0.0,unknown,False,False,0,0,0,0
2091,0,0,0,0.0,unknown,False,False,0,0,0,0
2092,0,0,0,0.0,unknown,False,False,0,0,0,0
2093,0,0,0,0.0,unknown,False,False,0,0,0,0
2094,0,0,0,0.0,unknown,False,False,0,0,0,0
2095,0,0,0,0.0,unknown,False,False,0,0,0,0
2096,0,0,0,0.0,unknown,False,False,0,0,0,0
2097,0,0,0,0.0,unknown,False,False,0,0,0,0
2098,0,0,0,0.0,unknown,False,False,0,0,0,0
2099,0,0,0,0.0,unknown,False,False,0,0,0,0
2100,0,0,0,0.0,unknown,False,False,0,0,0,0
2101,0,0,0,0.0,unknown,False,False,0,0,0,0
2102,0,0,0,0.0,unknown,False,False,0,0,0,0
2103,0,0,0,0.0,unknown,False,False,0,0,0,0
2104,0,0,0,0.0,unknown,False,False,0,0,0,0
2105,0,0,0,0.0,unknown,False,False,0,0,0,0
2106,0,0,0,0.0,unknown,False,False,0,0,0,0
2107,0,0,0,0.0,unknown,False,False,0,0,0,0
2108,0,0,0,0.0,unknown,False,False,0,0,0,0
2109,0,0,0,0.0,unknown,False,False,0,0,0,0
2110,0,0,0,0.0,unknown,False,False,1,0,0,0
2111,0,0,0,0.0,unknown,False,False,0,0,0,0
2112,0,0,0,0.0,unknown,False,False,0,0,1,0
2113,0,0,0,0.0,unknown,False,False,0,0,0,0
2114,0,0,0,0.0,unknown,False,False,0,0,0,0
2115,0,0,0,0.0,unknown,False,False,0,0,0,0
2116,0,0,0,0.6158950874181058,unknown,False,False,0,0,2,0
2117,0,0,0,0.5895158614181535,unknown,False,False,0,0,5,0
2118,0,0,0,0.2729722213482089,unknown,False,False,0,0,8,0
2119,0,0,0,0.27162480077473494,unknown,False,False,1,0,9,0
2120,1,0,1,0.3265496021100504,unknown,False,False,1,0,10,1
2121,0,0,0,0.310524649170415,unknown,False,False,0,0,10,0
2122,0,0,0,0.28181631681705877,unknown,False,False,0,0,13,0
2123,0,0,0,0.23839369236027466,unknown,False,False,0,0,9,1
2124,0,0,0,0.37251157799817564,unknown,False,False,0,0,7,0
2125,0,0,0,0.31451011213036995,unknown,False,False,0,0,4,0
2126,0,0,0,0.20978107091372933,unknown,False,False,0,0,5,0
2127,0,0,0,0.21297561322622333,unknown,False,False,0,0,11,0
2128,0,0,0,0.2191721805379433,unknown,False,False,0,0,11,0
2129,0,0,0,0.20334027478003672,unknown,False,False,0,0,5,0
2130,0,0,0,0.23117171630085773,unknown,False,False,0,0,8,1
2131,0,0,0,0.12598232078490773,unknown,False,False,0,0,7,0
2132,0,0,0,0.13056758279953007,unknown,False,False,0,0,8,0
2133,0,0,0,0.1798523288589983,unknown,False,False,0,0,9,0
2134,0,0,0,0.1545907580363754,unknown,False,False,0,0,6,1
2135,1,0,1,0.1681617283193956,unknown,False,False,0,0,6,0
2136,1,0,1,0.15819189381495838,unknown,False,False,0,0,6,0
2137,1,0,1,0.13958717529972456,unknown,False,False,1,0,6,0
2138,0,0,0,0.43576805251186485,unknown,False,False,0,0,9,0
2139,0,0,0,0.23949582768396477,unknown,False,False,1,0,8,1
2140,0,0,0,0.19393749424562845,unknown,False,False,0,0,8,0
2141,0,0,0,0.1346660180375442,unknown,False,False,0,0,9,0
2142,0,0,0,0.11233506720522446,unknown,False,False,0,0,11,0
2143,0,0,0,0.13611222293623887,unknown,False,False,0,0,9,0
2144,0,0,0,0.1614681790336449,unknown,False,False,0,0,12,0
2145,0,0,0,0.13843325910838025,unknown,False,False,0,0,12,0
2146,0,0,0,0.1507434639162916,unknown,False,False,0,0,11,0
2147,0,0,0,0.18842240737588078,unknown,False,False,0,0,11,0
2148,0,0,0,0.07701185054242864,unknown,False,False,0,0,12,0
2149,0,0,0,0.1141545092869638,unknown,False,False,0,0,12,0
2150,0,0,0,0.15819942944631216,unknown,False,False,0,0,10,0
2151,0,0,0,0.1331073121480718,unknown,False,False,0,0,10,0
2152,0,0,0,0.13312256992305305,unknown,False,False,0,0,11,0
2153,0,0,0,0.11988734682947574,unknown,False,False,0,0,10,0
2154,0,0,0,0.1196904203096574,unknown,False,False,0,0,10,1
2155,0,0,0,0.14830995098268604,unknown,False,False,0,0,12,0
2156,0,0,0,0.20392529413675056,unknown,False,False,0,0,10,0
2157,0,0,0,0.1557205033808114,unknown,False,False,0,0,12,0
2158,0,0,0,0.15653389299135997,unknown,False,False,0,0,12,0
2159,0,0,0,0.2260358869942756,unknown,False,False,0,0,13,0
2160,0,0,0,0.3079981155360392,unknown,False,False,0,0,12,0
2161,0,0,0,0.4156140611843629,unknown,False,False,0,0,10,0
2162,0,0,0,0.22352720250646413,unknown,False,False,0,0,10,0
2163,0,0,0,0.1896730476514142,unknown,False,False,0,0,13,0
2164,0,0,0,0.2563444454062398,unknown,False,False,0,0,11,1
2165,0,0,0,0.3526024534596894,unknown,False,False,0,0,11,0
2166,0,0,0,0.27356758428688194,unknown,False,False,0,0,11,0
2167,0,0,0,0.20481876482538894,unknown,False,False,0,0,11,0
2168,0,0,0,0.22975736913746891,unknown,False,False,0,0,10,0
2169,0,0,0,0.1716808501998427,unknown,False,False,0,0,10,0
2170,0,0,0,0.18022856349327912,unknown,False,False,0,0,10,0
2171,0,0,0,0.2154810633459772,unknown,False,False,0,0,13,0
2172,0,0,0,0.2544805802953604,unknown,False,False,0,0,12,0
2173,0,0,0,0.20524071087578902,unknown,False,False,0,0,12,0
2174,0,0,0,0.18367213780228125,unknown,False,False,0,0,12,0
2175,0,0,0,0.18086319930229267,unknown,False,False,0,0,13,0
2176,0,0,0,0.20640561930813606,unknown,False,False,0,0,13,0
2177,0,0,0,0.1947194044968127,unknown,False,False,0,0,13,0
2178,0,0,0,0.18823456802178903,unknown,False,False,0,0,12,0
2179,0,0,0,0.178568074975235,unknown,False,False,0,0,13,0
2180,0,0,0,0.37388684109296794,unknown,False,False,0,0,9,0
2181,0,0,0,0.2155892434124144,unknown,False,False,0,0,9,0
2182,0,0,0,0.2497618365534673,unknown,False,False,0,0,9,0
2183,0,0,0,0.22470542102839858,unknown,False,False,0,0,11,0
2184,0,0,0,0.3190438825697336,unknown,False,False,0,0,10,0
2185,0,0,0,0.2027612448403575,unknown,False,False,0,0,10,0
2186,0,0,0,0.3609250655915237,unknown,False,False,0,0,13,0
2187,0,0,0,0.48913007952202375,unknown,False,False,0,0,11,0
2188,0,0,0,0.45566555734407904,unknown,False,False,0,0,9,0
2189,0,0,0,0.24786455995620432,unknown,False,False,0,0,8,0
2190,0,0,0,0.18500196658776927,unknown,False,False,0,0,8,0
2191,0,0,0,0.15200757426956762,unknown,False,False,0,0,8,0
2192,0,0,0,0.11621078805083726,unknown,False,False,0,0,8,0
2193,0,0,0,0.1365438094220761,unknown,False,False,0,0,9,0
2194,0,0,0,0.10927099839773842,unknown,False,False,0,0,8,0
2195,0,0,0,0.13249939058092347,unknown,False,False,0,0,10,0
2196,0,0,0,0.11500262651876733,unknown,False,False,0,0,8,0
2197,0,0,0,0.12315200170187361,unknown,False,False,1,0,9,0
2198,1,0,1,0.13439913510465734,unknown,False,False,0,0,9,0
2199,0,0,0,0.1252999717351516,unknown,False,False,0,0,8,0
2200,0,0,0,0.13771880709453208,unknown,False,False,0,0,10,0
2201,0,0,0,0.1628726209097135,unknown,False,False,0,0,9,0
2202,0,0,0,0.132769117184517,unknown,False,False,1,0,10,0
2203,0,0,0,0.12343812355618482,unknown,False,False,0,0,9,0
2204,0,0,0,0.1257045138228213,unknown,False,False,1,0,8,0
2205,1,0,1,0.1298803523505852,unknown,False,False,0,0,8,0
2206,0,0,0,0.11418682870552652,unknown,False,False,0,0,9,0
2207,0,0,0,0.12136233652820357,unknown,False,False,0,0,10,0
2208,0,0,0,0.13606677596052077,unknown,False,False,0,0,9,0
2209,0,0,0,0.15714325507548377,unknown,False,False,0,0,11,0
2210,0,0,0,0.14048866148124975,unknown,False,False,0,0,9,0
2211,0,0,0,0.11232955888682133,unknown,False,False,0,0,8,0
2212,0,0,0,0.10273172080553679,unknown,False,False,0,0,9,0
2213,0,0,0,0.12476723475288241,unknown,False,False,0,0,10,0
2214,0,0,0,0.18218917199150275,unknown,False,False,0,0,9,0
2215,0,0,0,0.1593251449990562,unknown,False,False,0,0,7,0
2216,0,0,0,0.29991712928571335,unknown,False,False,0,0,6,0
2217,0,0,0,0.2448811115733119,unknown,False,False,0,0,8,0
2218,0,0,0,0.20767922734334965,unknown,False,False,0,0,9,0
2219,0,0,0,0.21488908109616683,unknown,False,False,0,0,7,0
2220,0,0,0,0.33378484888676596,unknown,False,False,0,0,8,0
2221,0,0,0,0.13554899545572463,unknown,False,False,1,0,8,0
2222,0,0,0,0.12477770676286931,unknown,False,False,2,0,9,0
2223,1,0,1,0.1877803405514841,unknown,False,False,0,0,9,0
2224,1,0,1,0.29517122846940325,unknown,False,False,0,0,10,0
2225,0,0,0,0.27379141800533596,unknown,False,False,0,0,11,0
2226,0,0,0,0.313205756754351,unknown,False,False,0,1,8,0
2227,0,0,0,0.6106064944553906,unknown,False,False,0,1,8,0
2228,0,0,0,0.6249174881476436,unknown,False,False,0,0,12,0
2229,0,0,0,0.7119151026600375,unknown,False,False,0,0,11,0
2230,0,0,0,0.8145047320731713,unknown,False,False,0,0,14,0
2231,0,0,0,0.7317827783979826,unknown,False,False,0,0,12,0
2232,0,0,0,0.7427457774532692,unknown,False,False,0,0,11,0
2233,0,0,0,0.6813568028786915,unknown,False,False,0,0,12,0
2234,0,0,0,0.40750177937933113,unknown,False,False,0,0,11,0
2235,0,0,0,0.27788166012785476,unknown,False,False,0,0,9,0
2236,0,0,0,0.23411971189649297,unknown,False,False,0,0,9,0
2237,0,0,0,0.398597826630669,unknown,False,False,0,0,8,0
2238,0,0,0,0.3345658376184413,unknown,False,False,0,0,9,0
2239,0,0,0,0.24042227617871945,unknown,False,False,0,0,9,0
2240,0,0,0,0.2501737228738336,unknown,False,False,0,0,9,0
2241,0,0,0,0.33450872562226747,unknown,False,False,0,1,11,0
2242,0,0,0,0.4673160852743626,unknown,False,False,0,1,13,0
2243,0,0,0,0.5771139435892794,unknown,False,False,0,1,14,0
2244,2,0,2,0.7074233588366885,unknown,False,False,3,1,4,0
2245,1,1,2,0.9655934579327881,unknown,False,False,1,2,10,0
2246,1,0,1,1.3487931278457117,unknown,False,False,0,2,6,0
2247,1,0,1,1.2765282335910841,unknown,False,False,0,1,10,0
2248,0,0,0,0.8603466475124406,unknown,False,False,0,1,8,0
2249,0,0,0,0.8451013741089796,unknown,False,False,0,1,6,0
2250,0,0,0,0.692493734967039,unknown,False,False,0,0,7,0
2251,0,0,0,0.9065870469127416,unknown,False,False,0,0,7,0
2252,0,0,0,0.4737827261190276,unknown,False,False,0,1,7,0
2253,0,0,0,0.5279760649150045,unknown,False,False,0,1,11,0
2254,0,0,0,0.5033355295353878,unknown,False,False,0,0,8,0
2255,0,0,0,0.8614051590239624,unknown,False,False,0,0,9,0
2256,0,0,0,0.8901310474912306,unknown,False,False,0,0,7,0
2257,0,0,0,1.009811186046322,unknown,False,False,0,0,9,0
2258,0,0,0,1.1484231235328919,unknown,False,False,0,0,8,0
2259,0,0,0,1.158093823210576,unknown,False,False,0,0,11,0
2260,0,0,0,0.9861810685008704,unknown,False,False,0,0,8,0
2261,0,0,0,0.9850727447998604,unknown,False,False,0,0,11,0
2262,0,0,0,1.069322031110593,red,False,False,0,0,8,0
2263,1,0,1,0.8448143524659506,red,False,True,1,0,15,0
2264,1,0,1,0.6934659316368459,red,False,False,1,0,12,0
2265,1,0,1,0.7299253546134762,green,False,False,1,0,14,0
2266,1,0,1,0.9066115267553835,yellow,False,False,0,0,8,0
2267,0,0,0,1.0558866188486211,yellow,False,False,0,0,13,0
2268,0,0,0,0.9789691168031855,unknown,False,False,0,0,13,0
2269,0,0,0,1.2348619336784594,unknown,False,False,0,0,14,0
2270,0,0,0,1.1162351637211652,unknown,False,False,0,0,13,0
2271,0,0,0,0.7892671171927758,unknown,False,False,0,0,14,0
2272,0,0,0,0.787734917569329,unknown,False,False,0,0,12,0
2273,1,0,1,0.932357433834959,unknown,False,False,1,0,10,0
2274,0,1,1,0.8460888030074369,unknown,False,False,1,0,9,0
2275,1,0,1,0.9397239303784459,yellow,False,False,0,0,6,0
2276,1,0,1,1.044995461165381,yellow,False,False,0,0,6,0
2277,0,0,0,0.6007484970194744,red,False,False,0,0,13,0
2278,0,0,0,0.34897098307776614,red,False,False,0,0,9,0
2279,0,0,0,0.2580995294851715,unknown,False,False,0,0,9,0
2280,0,0,0,0.24630656600249312,unknown,False,False,0,0,10,0
2281,0,0,0,0.14919530463288494,unknown,False,False,0,0,11,0
2282,0,0,0,0.168724649873482,red,False,False,0,0,10,0
2283,0,0,0,0.29425885699751614,red,False,False,0,0,7,0
2284,0,0,0,0.411097766085179,red,False,False,0,0,9,0
2285,0,0,0,0.2292184769139931,unknown,False,False,2,0,10,0
2286,0,0,0,0.1634441444416836,red,False,False,0,0,10,0
2287,0,0,0,0.11781173042089078,red,False,False,0,0,9,0
2288,0,0,0,0.2276311075953612,unknown,False,False,0,0,9,0
2289,1,0,1,0.19939354679759072,red,False,False,0,0,9,0
2290,0,0,0,0.2281806661874338,unknown,False,False,1,0,9,0
2291,0,0,0,0.3388559652256832,red,False,False,1,0,9,0
2292,0,0,0,0.3808788794041001,unknown,False,False,0,0,9,0
2293,0,0,0,0.579965822515612,red,False,False,0,0,10,0
2294,1,0,1,0.4918138508349177,red,False,True,1,0,12,0
2295,1,0,1,0.47586792528163824,red,False,False,1,0,8,0
2296,1,1,2,0.5068101327889334,yellow,False,True,2,1,10,0
2297,1,1,2,0.5696445229447288,yellow,False,True,2,2,7,0
2298,2,0,2,0.7553594768217397,yellow,False,True,1,1,4,0
2299,1,0,1,0.6894699602641445,yellow,False,False,0,1,5,0
2300,0,0,0,0.8360702800244284,unknown,False,False,0,1,12,0
2301,0,0,0,0.732761433467146,unknown,False,False,0,2,11,0
2302,0,0,0,0.7529347574452661,unknown,False,False,1,0,15,0
2303,0,1,1,0.9046283850491307,unknown,False,False,1,0,13,0
2304,0,1,1,0.8265314777199809,unknown,False,False,0,0,11,0
2305,0,0,0,0.8543051947828197,yellow,False,False,0,0,12,0
2306,0,0,0,0.6656768179927391,unknown,False,False,0,0,7,0
2307,0,0,0,0.6457447272541197,unknown,False,False,0,0,5,0
2308,0,0,0,0.5833474478793013,unknown,False,False,0,0,6,0
2309,0,0,0,0.4751568239831414,unknown,False,False,0,0,8,0
2310,0,0,0,0.776403836946833,unknown,False,False,0,0,8,0
2311,0,0,0,0.5913164881253534,unknown,False,False,0,0,4,0
2312,0,0,0,0.3842274976381615,unknown,False,False,0,0,4,0
2313,0,0,0,0.4064589649877769,red,False,False,0,0,5,0
2314,0,0,0,0.4366672847340601,unknown,False,False,0,0,1,0
2315,0,0,0,0.7204310167464527,unknown,False,False,0,0,3,0
2316,0,0,0,0.4839476443088887,unknown,False,False,0,0,3,0
2317,0,0,0,0.30734881397402597,unknown,False,False,0,0,2,0
2318,0,0,0,0.3250630183239459,unknown,False,False,0,0,4,0
2319,0,0,0,0.5560308568881741,unknown,False,False,0,0,5,0
2320,0,0,0,0.5044282483523297,unknown,False,False,0,0,3,0
2321,0,0,0,0.4901774185515656,unknown,False,False,0,0,4,0
2322,0,0,0,0.5768368234501132,unknown,False,False,0,0,3,0
2323,0,0,0,0.37931738529288145,unknown,False,False,0,0,2,0
2324,0,0,0,0.3803505595487209,unknown,False,False,0,0,3,0
2325,0,0,0,0.3273556252215369,unknown,False,False,0,0,3,0
2326,0,0,0,0.39755170743325996,unknown,False,False,0,0,4,0
2327,0,0,0,1.2024664818129023,unknown,False,False,0,0,6,0
2328,0,0,0,1.487558893405101,unknown,False,False,0,0,9,0
2329,0,0,0,1.20344959439408,unknown,False,False,0,0,14,0
2330,0,0,0,1.3067335024087539,unknown,False,False,0,0,11,0
2331,0,0,0,1.0488779095983438,unknown,False,False,0,0,8,0
2332,0,0,0,1.0988140783800615,unknown,False,False,0,0,11,0
2333,0,0,0,1.0945745392911805,unknown,False,False,0,0,10,0
2334,0,0,0,1.1157156797808852,unknown,False,False,0,0,11,0
2335,0,0,0,1.0169083952316924,unknown,False,False,0,0,10,0
2336,0,0,0,0.704457698360345,unknown,False,False,0,0,9,0
2337,0,0,0,0.8570274324803038,unknown,False,False,0,0,9,0
2338,0,0,0,0.8556866303481815,unknown,False,False,0,0,9,0
2339,0,0,0,0.8517611564536368,unknown,False,False,0,0,9,0
2340,0,0,0,0.6509984957161705,unknown,False,False,0,0,10,0
2341,0,0,0,0.6632126091897116,unknown,False,False,0,1,7,0
2342,0,0,0,0.6268471155651206,unknown,False,False,0,0,7,0
2343,0,0,0,0.5647763318617809,unknown,False,False,0,0,7,0
2344,0,0,0,0.5461197885701268,unknown,False,False,0,0,7,0
2345,0,0,0,0.5350627077388918,unknown,False,False,0,0,7,0
2346,0,0,0,0.496535961110776,unknown,False,False,0,0,8,0
2347,0,0,0,1.0601153086143493,unknown,False,False,0,0,5,0
2348,0,0,0,0.7722534012114283,unknown,False,False,0,0,4,0
2349,0,0,0,0.2295423398014749,unknown,False,False,0,0,3,0
2350,0,0,0,0.14640202878301067,unknown,False,False,0,0,4,0
2351,0,0,0,0.2425607875256436,unknown,False,False,0,0,3,0
2352,0,0,0,0.18030443951158565,unknown,False,False,0,0,4,0
2353,0,0,0,0.22642872885346643,unknown,False,False,0,0,3,0
2354,0,0,0,1.2185478445327615,unknown,False,False,0,0,4,0
2355,0,0,0,2.4635354217285297,unknown,False,False,0,0,3,0
2356,0,0,0,0.6991545439508771,unknown,False,False,0,0,1,0
2357,0,0,0,0.303643957714187,unknown,False,False,0,0,4,0
2358,0,0,0,0.5172138026829636,unknown,False,False,0,1,5,0
2359,0,0,0,0.5048169848223462,unknown,False,False,0,0,8,0
2360,0,0,0,0.6042343800686476,unknown,False,False,0,0,6,0
2361,0,0,0,0.654123064594162,yellow,False,False,0,0,8,0
2362,0,0,0,0.7250754071095656,red,False,False,0,0,9,0
2363,0,0,0,0.9029978143607043,unknown,False,False,0,0,4,0
2364,0,0,0,0.7971411045479768,red,False,False,0,0,7,0
2365,0,0,0,0.6153763087480453,unknown,False,False,0,0,10,0
2366,0,0,0,0.4113269809129143,red,False,False,0,0,8,0
2367,0,0,0,0.37288984241210926,unknown,False,False,0,0,5,0
2368,0,0,0,0.5632393309976111,unknown,False,False,0,0,4,0
2369,0,0,0,0.5694575226654157,unknown,False,False,0,0,6,0
2370,0,0,0,0.3239439186093639,unknown,False,False,0,0,6,0
2371,0,0,0,0.22912376124475778,unknown,False,False,0,0,7,0
2372,0,0,0,0.1780261636357011,unknown,False,False,0,0,7,0
2373,0,0,0,0.32208639070412276,yellow,False,False,0,0,5,0
2374,0,0,0,0.4811860679462434,unknown,False,False,0,0,7,0
2375,0,0,0,0.6118475237523552,unknown,False,False,0,0,7,0
2376,0,0,0,0.5390777276850893,unknown,False,False,0,0,7,0
2377,0,0,0,0.5525094808782902,unknown,False,False,0,0,8,0
2378,0,0,0,0.5311203789993626,unknown,False,False,0,0,9,0
2379,0,0,0,0.6076247322215544,unknown,False,False,0,0,9,0
2380,0,0,0,0.9030412669768997,unknown,False,False,0,0,6,0
2381,0,0,0,0.4033518906703864,unknown,False,False,0,0,4,0
2382,0,0,0,0.6428937654827235,unknown,False,False,0,0,5,0
2383,0,0,0,1.1969619913016996,unknown,False,False,0,0,4,0
2384,0,0,0,0.350153606659385,unknown,False,False,0,0,3,0
2385,0,0,0,0.788779110723557,unknown,False,False,0,0,4,0
2386,0,0,0,1.4960792833168637,unknown,False,False,0,0,2,0
2387,0,0,0,0.4622003263749065,unknown,False,False,0,0,5,0
2388,0,0,0,1.1070531085428135,unknown,False,False,0,0,5,0
2389,0,0,0,1.7987751305837385,unknown,False,False,0,0,4,0
2390,0,0,0,0.6573700474235525,unknown,False,False,0,0,3,0
2391,0,0,0,0.4881664848393289,unknown,False,False,0,0,4,0
2392,0,0,0,1.1075707658060012,unknown,False,False,0,0,3,0
2393,0,0,0,2.027912522493249,unknown,False,False,0,0,3,0
2394,0,0,0,0.34873549384063735,unknown,False,False,0,0,2,0
2395,0,0,0,0.3072864114258887,unknown,False,False,0,0,0,0
2396,0,0,0,0.0,yellow,False,False,0,0,2,0
2397,0,0,0,0.45638311347430927,unknown,False,False,0,0,1,0
2398,0,0,0,0.21541456165062653,unknown,False,False,0,0,1,0
2399,0,0,0,0.3608999682718513,unknown,False,False,0,0,1,0
2400,0,0,0,0.714076643818919,unknown,False,False,0,0,2,0
2401,0,0,0,0.695228534612267,unknown,False,False,0,0,2,0
2402,0,0,0,0.7028582858540579,unknown,False,False,0,0,0,0
2403,0,0,0,0.6222341048368878,unknown,False,False,0,0,1,0
2404,0,0,0,0.15247782575785113,unknown,False,False,0,0,0,0
2405,0,0,0,0.07788487729109785,unknown,False,False,0,0,1,0
2406,0,0,0,0.11357380124598002,unknown,False,False,0,0,1,0
2407,0,0,0,0.6282687189549147,unknown,False,False,0,0,1,0
2408,0,0,0,1.3883487862850594,unknown,False,False,0,0,1,0
2409,0,0,0,0.8337879638398028,unknown,False,False,0,0,2,0
2410,0,0,0,0.49844807647978023,unknown,False,False,0,0,2,0
2411,0,0,0,0.358529819166926,unknown,False,False,0,0,3,0
2412,0,0,0,0.42618102016105003,unknown,False,False,0,0,2,0
2413,0,0,0,0.22048953228408177,unknown,False,False,0,0,0,0
2414,0,0,0,0.3928569340716298,unknown,False,False,0,0,1,0
2415,0,0,0,0.06065540369528336,unknown,False,False,0,0,0,0
2416,0,0,0,0.02510197750968143,unknown,False,False,0,0,1,0
2417,0,0,0,0.03255128884860384,unknown,False,False,0,0,1,0
2418,0,0,0,0.20501836419005845,unknown,False,False,0,0,1,0
2419,0,0,0,0.2044693461745724,unknown,False,False,0,0,3,0
2420,0,0,0,0.35912938082357376,unknown,False,False,0,0,2,0
2421,0,0,0,0.4394238703272618,unknown,False,False,0,0,4,0
2422,0,0,0,0.2942338854525989,unknown,False,False,0,0,5,0
2423,0,0,0,0.35641818225239635,unknown,False,False,0,0,5,0
2424,0,0,0,0.6977297798091885,unknown,False,False,0,0,5,0
2425,0,0,0,1.4064883070058345,yellow,False,False,0,0,6,0
2426,0,0,0,0.9854471838052599,unknown,False,False,0,0,8,0
2427,0,0,0,0.5682230172689541,unknown,False,False,0,0,9,0
2428,0,0,0,0.5656069388803409,unknown,False,False,0,0,7,0
2429,0,0,0,0.5553659118794231,yellow,False,False,0,0,5,0
2430,0,0,0,0.8663968748178088,green,False,False,0,0,5,0
2431,0,0,0,1.3124839577259917,red,False,False,0,0,4,0
2432,0,0,0,1.0477806058672332,unknown,False,False,0,0,6,0
2433,0,0,0,0.5739869128105954,unknown,False,False,0,0,3,0
2434,0,0,0,0.3992349067091657,unknown,False,False,0,0,2,0
2435,0,0,0,0.23155802151532365,unknown,False,False,0,0,1,0
2436,0,0,0,0.1785910634970867,unknown,False,False,0,0,1,0
2437,0,0,0,0.11793987040666973,unknown,False,False,0,0,1,0
2438,0,0,0,0.07283195168396336,unknown,False,False,0,0,0,0
2439,0,0,0,0.0,unknown,False,False,0,0,0,0
2440,0,0,0,0.09294116764162211,unknown,False,False,0,0,1,0
2441,0,0,0,0.20543377495035983,unknown,False,False,0,0,3,0
2442,0,0,0,0.3807841161333067,unknown,False,False,0,0,7,0
2443,0,0,0,0.601330001004373,unknown,False,False,0,0,6,0
2444,0,0,0,0.8457426053042649,unknown,False,False,0,0,7,0
2445,0,0,0,1.1406552234807141,unknown,False,False,0,0,9,0
2446,0,0,0,1.3800533128383021,unknown,False,False,0,1,13,0
2447,0,0,0,0.9872748783626095,unknown,False,False,0,0,12,0
2448,0,0,0,1.1506205187838898,unknown,False,False,0,0,16,0
2449,0,0,0,1.4072173679098317,unknown,False,False,0,0,12,0
2450,0,0,0,1.2943670289559428,unknown,False,False,0,0,14,0
2451,0,0,0,1.2381892348092567,unknown,False,False,0,0,12,0
2452,0,0,0,1.3851468592270477,unknown,False,False,0,0,16,0
2453,0,0,0,1.0508074797548883,unknown,False,False,0,0,15,0
2454,0,0,0,1.0250328606700811,unknown,False,False,0,0,12,0
2455,0,0,0,0.7709203885341864,unknown,False,False,0,0,13,0
2456,0,0,0,0.7906026319610857,unknown,False,False,0,0,12,0
2457,0,0,0,0.7180202390626104,unknown,False,False,0,0,7,0
2458,0,0,0,0.5992554363348112,unknown,False,False,0,0,5,0
2459,0,0,0,0.39892921490207306,unknown,False,False,0,0,2,0
2460,0,0,0,0.295530805137813,unknown,False,False,0,0,4,0
2461,0,0,0,0.873679172822279,unknown,False,False,0,0,3,0
2462,0,0,0,0.9612086744782715,unknown,False,False,0,0,4,0
2463,0,0,0,1.4124083767466946,unknown,False,False,0,0,5,0
2464,0,0,0,1.175335910142977,unknown,False,False,0,0,1,0
2465,0,0,0,1.0656214380260458,unknown,False,False,0,0,3,0
2466,0,0,0,1.2150478003129086,unknown,False,False,0,0,2,0
2467,0,0,0,0.7612512639771877,unknown,False,False,0,0,2,0
2468,0,0,0,0.37436496416564014,unknown,False,False,0,0,5,0
2469,0,0,0,0.2509005391292506,unknown,False,False,0,0,1,0
2470,0,0,0,0.48480955083948074,yellow,False,False,0,0,7,0
2471,0,0,0,0.6462238735274203,yellow,False,False,0,0,12,0
2472,0,0,0,0.8266002388758948,unknown,False,False,0,0,12,0
2473,0,0,0,1.289052416723034,unknown,False,False,0,0,15,0
2474,0,0,0,1.4292137757940915,unknown,False,False,0,0,13,0
2475,0,0,0,1.529364865205572,unknown,False,False,0,0,10,0
2476,0,0,0,1.2509702247807968,unknown,False,False,0,0,11,0
2477,0,0,0,1.1283917278668,unknown,False,False,0,0,5,0
2478,0,0,0,1.2101843621529174,unknown,False,False,0,0,9,0
2479,0,0,0,0.8970409767592626,unknown,False,False,1,0,11,0
2480,2,0,2,0.6255877261888544,red,False,False,1,0,12,0
2481,1,1,2,0.4026914202771743,unknown,False,False,1,0,9,0
2482,1,1,2,0.4959058424888885,unknown,False,False,1,0,4,0
2483,1,0,1,0.6132653293894935,unknown,False,False,0,0,4,0
2484,0,0,0,1.1329058108100576,unknown,False,False,0,0,5,0
2485,0,0,0,0.6513958005949408,unknown,False,False,0,0,8,0
2486,0,0,0,0.6365752343153261,unknown,False,False,1,0,11,0
2487,0,0,0,0.8092426495833648,unknown,False,False,0,0,11,0
2488,0,0,0,0.9523765564453032,unknown,False,False,0,0,11,0
2489,0,0,0,0.7313152015218619,unknown,False,False,0,0,14,0
2490,1,0,1,0.7850500222951701,unknown,False,False,0,0,14,0
2491,1,0,1,1.0219369322499856,unknown,False,False,0,1,10,0
2492,0,0,0,1.1318820771832756,unknown,False,False,0,1,14,0
2493,0,0,0,1.276959554651776,unknown,False,False,0,2,7,0
2494,0,0,0,1.2981793150643905,unknown,False,False,0,1,11,0
2495,0,0,0,0.8305890245964416,unknown,False,False,0,0,11,0
2496,0,0,0,0.5414386562573428,unknown,False,False,0,0,10,0
2497,0,0,0,0.7236921522124916,unknown,False,False,0,0,8,0
2498,0,0,0,0.8912386567057476,unknown,False,False,0,0,6,0
2499,0,0,0,1.007991507054813,unknown,False,False,0,0,3,0
2500,0,0,0,0.6381556680007034,unknown,False,False,1,0,4,0
2501,0,0,0,0.7971665287127363,unknown,False,False,0,0,2,0
2502,0,0,0,0.5896597934506402,unknown,False,False,0,0,0,0
2503,1,0,1,0.3111471336198765,unknown,False,False,1,0,0,1
2504,1,0,1,0.0,unknown,False,False,0,0,2,0
2505,1,0,1,0.17911919207612395,unknown,False,False,0,0,2,0
2506,0,0,0,0.21532804062307875,unknown,False,False,0,0,2,0
2507,0,0,0,0.2478948541874253,yellow,False,False,0,0,1,0
2508,0,0,0,0.2743719108347953,unknown,False,False,0,0,2,0
2509,0,0,0,0.5836104236115585,yellow,False,False,0,0,1,0
2510,1,0,1,0.41105121507905773,red,False,False,1,0,2,0
2511,1,0,1,0.7095644713781526,green,False,False,2,0,3,0
2512,1,0,1,0.4606736410157359,unknown,False,False,0,0,3,0
2513,0,0,0,0.5912686815214478,unknown,False,False,0,0,2,0
2514,0,0,0,1.7596197571433554,unknown,False,False,0,0,3,0
2515,0,0,0,1.538503742732701,unknown,False,False,0,0,3,0
2516,0,0,0,0.7041233807669744,unknown,False,False,0,0,1,0
2517,0,0,0,1.0076921745760858,unknown,False,False,0,0,3,0
2518,0,0,0,1.767466778479796,unknown,False,False,0,0,3,0
2519,0,0,0,1.9458023556526438,unknown,False,False,2,0,2,2
2520,0,0,0,0.46233800688942367,unknown,False,False,2,0,1,0
2521,2,0,2,0.2962230219342909,unknown,False,False,1,0,1,0
2522,3,0,3,0.2877284681988719,unknown,False,False,2,0,1,0
2523,2,0,2,0.3167466606065345,unknown,False,False,2,0,0,0
2524,3,0,3,0.46428837028917874,unknown,False,False,1,0,1,0
2525,0,0,0,0.0,unknown,False,False,0,0,0,0
2526,0,0,0,0.0,unknown,False,False,0,0,0,0
2527,0,0,0,0.0,unknown,False,False,0,0,0,0
2528,0,0,0,0.0,red,False,False,0,0,2,0
2529,0,0,0,0.8153762428871353,green,False,True,0,0,1,0
2530,0,0,0,0.7199897646648318,unknown,False,False,0,0,3,0
2531,1,0,1,0.6866250988917851,unknown,False,False,1,0,0,0
2532,2,0,2,0.4034238066391621,unknown,False,False,0,0,0,0
2533,1,0,1,0.0,unknown,False,False,1,0,0,0
2534,1,0,1,0.0,unknown,False,False,1,0,0,0
2535,1,0,1,0.0,unknown,False,False,0,0,0,0
2536,1,0,1,0.0,unknown,False,False,1,0,0,0
2537,1,0,1,0.0,unknown,False,False,1,0,0,0
2538,1,0,1,0.0,unknown,False,False,0,0,0,0
2539,0,0,0,0.0,unknown,False,False,0,0,0,0
2540,0,0,0,0.0,unknown,False,False,0,0,0,0
2541,0,0,0,0.0,unknown,False,False,0,0,0,0
2542,0,0,0,0.0,unknown,False,False,0,0,0,0
2543,0,0,0,0.0,unknown,False,False,0,0,0,0
2544,0,0,0,0.0,unknown,False,False,0,0,1,0
2545,0,0,0,0.0,unknown,False,False,0,0,0,0
2546,0,0,0,0.3078863364752246,unknown,False,False,0,0,0,0
2547,1,0,1,0.31278825189485593,unknown,False,False,0,0,1,0
2548,1,0,1,0.3603394777853998,unknown,False,False,1,0,1,0
2549,2,0,2,0.23426524884047897,unknown,False,False,1,0,0,0
2550,3,0,3,0.636911038905275,green,False,False,0,0,0,0
2551,4,0,4,0.0,unknown,False,False,2,0,0,0
2552,1,0,1,0.4073457290978827,unknown,False,False,0,0,1,0
2553,0,0,0,0.2941325507442522,unknown,False,False,0,0,0,0
2554,0,0,0,0.0,unknown,False,False,0,0,0,0
2555,0,0,0,0.0,unknown,False,False,0,0,0,0
2556,0,0,0,0.24708732367763264,unknown,False,False,0,0,1,0
2557,0,0,0,0.22021157599024793,unknown,False,False,0,0,1,0
2558,0,0,0,0.19081494865085022,unknown,False,False,0,0,0,0
2559,0,0,0,0.0,unknown,False,False,1,0,0,0
2560,1,0,1,0.0,unknown,False,False,1,0,0,0
2561,2,0,2,0.0,unknown,False,False,0,0,0,0
2562,3,0,3,0.4089945782363927,unknown,False,False,3,0,2,0
2563,2,0,2,0.6652202848816848,unknown,False,False,1,0,0,0
2564,2,0,2,0.6557532298176484,unknown,False,False,1,0,0,0
2565,2,0,2,0.7174881717085456,unknown,False,True,1,0,3,0
2566,1,0,1,0.5004154821135637,unknown,False,False,1,0,5,0
2567,1,0,1,0.44526346252330623,red,False,False,1,0,5,0
2568,1,0,1,0.35941857270423055,red,False,False,1,0,5,0
2569,1,0,1,0.48938609928709814,red,False,False,0,0,3,0
2570,1,0,1,0.7807428734410071,yellow,False,False,5,0,7,0
2571,5,0,5,0.6585579509818366,yellow,False,False,4,0,4,0
2572,4,0,4,0.42037709229589404,red,False,True,5,1,2,0
2573,5,0,5,0.4139842004256999,red,True,True,4,1,2,0
2574,5,0,5,0.3766208243383329,red,True,True,2,1,0,0
2575,6,0,6,0.5969527295343644,unknown,False,True,0,1,0,0
2576,3,0,3,0.0,unknown,False,False,2,2,0,0
2577,0,1,1,0.0,unknown,False,False,3,2,0,0
2578,0,1,1,0.0,unknown,False,False,2,1,0,0
2579,0,0,0,0.25668515513042867,unknown,False,False,0,1,1,0
2580,0,0,0,0.33671820130864744,unknown,False,False,0,0,1,0
2581,0,0,0,0.7454712627497,unknown,False,False,0,0,1,0
2582,0,0,0,4.020963536599313,unknown,False,False,0,0,1,0
2583,0,0,0,1.3669265615668533,unknown,False,False,0,0,1,0
2584,2,0,2,0.3530510284721557,unknown,False,False,3,0,2,0
2585,2,2,4,0.1450074130861561,unknown,False,False,3,0,1,0
2586,7,0,7,0.22757898192276912,unknown,False,False,4,0,0,0
2587,5,0,5,0.2473973308075966,unknown,False,False,5,0,2,0
2588,6,0,6,0.254239304376926,unknown,False,False,5,0,7,0
2589,6,0,6,0.5391638376037726,unknown,False,False,2,0,9,0
2590,3,0,3,0.7261394584586003,unknown,False,False,4,0,9,0
2591,3,0,3,0.7310192268758172,unknown,False,False,2,0,9,0
2592,2,0,2,0.7936740256498638,green,False,False,2,0,11,0
2593,2,0,2,0.757361981596877,green,False,False,1,0,13,0
2594,1,0,1,0.5342309376507354,green,False,False,2,0,6,0
2595,2,0,2,0.512218174906092,green,False,False,2,0,8,0
2596,3,0,3,0.536939563371203,green,False,False,3,0,10,0
2597,3,0,3,0.4528804720834607,green,False,False,2,0,8,0
2598,3,0,3,0.7047884550026606,unknown,False,False,4,0,9,0
2599,3,0,3,0.5622496537137526,unknown,False,False,3,0,8,0
2600,5,0,5,0.6591200469213513,unknown,False,False,4,0,5,0
2601,3,0,3,0.5673228142968678,green,False,False,2,0,9,0
2602,4,0,4,0.5690346056658991,green,False,False,1,0,7,0
2603,3,0,3,0.4860873830001465,green,False,False,2,1,5,0
2604,2,0,2,0.2926587455489037,green,False,False,0,1,4,0
2605,1,0,1,0.30521536825016027,green,False,False,0,2,5,0
2606,0,0,0,0.28927139042358374,green,False,False,1,2,3,0
2607,3,0,3,0.2697314487602958,green,False,False,0,2,5,0
2608,4,0,4,0.2792564750163865,green,False,False,1,2,5,0
2609,2,0,2,1.029268635563808,green,False,False,1,2,5,0
2610,2,0,2,0.6668824024571451,green,False,False,2,1,9,0
2611,3,0,3,0.4167315518258473,green,False,True,2,2,5,0
2612,4,0,4,0.8393586246672127,green,False,False,3,2,4,0
2613,2,0,2,0.6570437202842774,green,False,True,1,2,7,0
2614,1,0,1,0.6506465210695787,green,False,True,1,2,5,0
2615,1,0,1,1.0189214656512953,green,False,False,3,1,6,0
2616,1,0,1,1.5465713110177794,green,False,True,2,1,6,0
2617,2,0,2,1.2592052501436328,yellow,False,True,1,1,4,0
2618,3,0,3,1.1306012663993592,red,False,True,3,1,7,0
2619,5,0,5,0.947723207026902,red,True,True,3,1,4,0
2620,3,0,3,0.9047483154144621,red,False,True,2,1,3,0
2621,3,0,3,0.8157200258485011,unknown,False,True,1,1,1,0
2622,1,0,1,1.0410633960878912,unknown,False,True,5,1,0,0
2623,2,0,2,0.0,unknown,False,False,0,1,0,0
2624,0,0,0,0.0,unknown,False,True,0,1,0,0
2625,0,0,0,0.0,unknown,False,False,1,1,0,0
2626,1,0,1,0.2067748242488416,unknown,False,False,1,1,0,0
2627,1,0,1,0.3374730680167039,unknown,False,False,0,0,0,0
2628,1,0,1,0.0,unknown,False,False,1,0,0,0
2629,1,0,1,0.0,unknown,False,False,0,0,0,0
2630,1,0,1,0.0,unknown,False,False,1,0,1,0
2631,0,1,1,0.0,unknown,False,False,1,0,0,0
2632,1,1,2,0.3468407498315307,unknown,False,False,0,0,2,0
2633,3,0,3,0.774415529808558,unknown,False,False,5,1,1,0
2634,4,0,4,0.8078403019338077,unknown,False,False,6,0,4,0
2635,6,0,6,0.6631598606462952,unknown,False,False,3,0,4,0
2636,6,0,6,0.5032216160355872,unknown,False,False,3,0,5,0
2637,5,0,5,0.7229468896786365,unknown,False,False,5,0,5,0
2638,5,0,5,0.7627940710404458,green,True,False,2,0,4,0
2639,5,0,5,0.6239444497168095,red,False,False,2,0,9,0
2640,3,0,3,0.48235158242798304,red,False,False,1,0,9,0
2641,3,0,3,0.4056513057631535,red,False,True,1,0,8,0
2642,2,0,2,0.3741194766986359,unknown,False,True,3,0,7,0
2643,2,1,3,0.5164283180750381,unknown,False,False,4,0,5,0
2644,4,2,6,0.7317596256457704,unknown,False,False,4,0,1,0
2645,8,0,8,0.5669802019427981,unknown,False,False,5,0,0,0
2646,8,0,8,0.0,unknown,False,False,10,0,1,0
2647,9,0,9,0.0,unknown,True,True,5,0,1,0
2648,9,0,9,0.0,unknown,False,False,5,0,0,0
2649,7,0,7,0.0,unknown,False,False,2,0,0,0
2650,6,0,6,0.0,unknown,False,False,3,0,0,0
2651,3,0,3,0.0,unknown,False,False,0,0,0,0
2652,3,0,3,0.0,unknown,False,False,1,0,0,0
2653,2,1,3,0.0,unknown,False,False,2,0,0,0
2654,3,0,3,0.0,unknown,False,False,1,0,1,0
2655,2,0,2,0.0,unknown,False,False,0,0,0,0
2656,1,0,1,0.13761352605614874,unknown,False,False,0,0,1,0
2657,1,0,1,0.9005839665186803,unknown,False,False,2,0,3,0
2658,1,0,1,1.2073424287294237,unknown,False,False,2,0,4,0
2659,2,0,2,1.1639804468752737,red,False,False,3,0,2,0
2660,3,0,3,0.5868043860858452,green,False,False,2,0,2,0
2661,3,0,3,0.52756760885759,green,False,False,4,0,2,0
2662,3,0,3,0.48798275510199945,red,False,False,3,0,2,0
2663,4,0,4,0.5411294937128208,unknown,False,False,1,0,0,0
2664,3,0,3,0.24418987862888678,unknown,False,False,1,0,0,1
2665,1,0,1,0.35442908658144334,unknown,False,False,1,0,1,0
2666,3,0,3,0.3750596097065469,unknown,False,False,1,0,0,0
2667,2,0,2,0.31406623725269106,unknown,False,False,1,0,1,0
2668,3,0,3,0.39030901151116765,unknown,False,False,1,0,1,0
2669,1,0,1,0.13522087125181356,unknown,False,False,1,0,2,0
2670,0,0,0,0.17045509628982192,unknown,False,False,0,0,2,0
2671,2,0,2,0.18505547392374505,unknown,False,False,2,0,2,0
2672,2,1,3,0.19001396204417104,unknown,False,False,3,1,2,0
2673,3,1,4,0.32008713650694115,unknown,False,True,1,1,1,0
2674,2,0,2,0.25825407379826487,unknown,False,True,1,2,1,0
2675,1,0,1,0.2985261175784977,unknown,False,False,0,2,0,0
2676,1,0,1,0.5913759072926194,unknown,False,True,2,1,3,0
2677,2,0,2,0.43397121056186505,red,False,True,1,1,6,0
2678,2,0,2,0.5900326416716235,red,False,True,2,2,3,0
2679,5,0,5,0.6167484887006017,red,True,True,8,2,4,0
2680,11,0,11,0.6876945186869151,red,True,True,6,2,5,0
2681,10,0,10,0.5599495990985721,red,True,True,5,2,6,0
2682,7,0,7,0.6179161792567665,red,True,True,4,2,7,0
2683,6,0,6,0.6184919962056864,unknown,True,True,1,1,2,1
2684,5,0,5,0.7050997447188845,unknown,False,True,3,1,1,0
2685,2,0,2,0.2906507424019513,unknown,False,False,4,1,3,0
2686,5,0,5,0.22488279082346757,unknown,False,False,3,1,0,0
2687,7,0,7,0.36955046318182294,unknown,False,False,4,0,0,0
2688,5,0,5,0.0,unknown,False,False,5,0,0,0
2689,5,0,5,0.0,unknown,False,False,4,0,0,0
2690,4,0,4,0.0,unknown,False,False,0,0,0,0
2691,1,0,1,0.0,unknown,False,False,0,0,0,0
2692,1,0,1,0.0,unknown,False,False,2,0,1,0
2693,1,2,3,0.0,unknown,False,False,2,0,1,0
2694,5,1,6,0.3580770868191207,unknown,False,False,4,0,4,0
2695,6,0,6,0.4665999168123124,unknown,False,False,4,1,3,0
2696,6,0,6,0.8558982665076751,red,True,True,1,2,4,0
2697,1,0,1,1.1857542296960075,yellow,False,True,0,1,4,0
2698,0,0,0,0.9107259102481086,red,False,True,4,1,5,0
2699,5,0,5,0.7085989552676389,red,True,True,5,1,7,0
2700,7,0,7,0.79412871866824,unknown,True,True,4,1,7,0
2701,8,1,9,0.7466628009245883,unknown,True,True,5,0,3,0
2702,5,0,5,0.42351815019382866,unknown,False,False,3,0,0,1
2703,4,0,4,0.36831979551900335,unknown,False,False,0,0,0,0
2704,1,0,1,0.0,unknown,False,False,0,0,1,0
2705,0,0,0,0.5163875535235809,unknown,False,False,0,0,0,0
2706,0,0,0,0.33184433280993386,unknown,False,False,2,0,0,0
2707,0,0,0,0.0,unknown,False,False,0,0,0,0
2708,1,0,1,0.0,unknown,False,False,2,0,1,0
2709,4,0,4,0.0,unknown,False,False,5,0,0,0
2710,4,2,6,0.0,unknown,False,False,4,0,0,0
2711,8,0,8,0.0,yellow,False,False,3,1,0,0
2712,6,0,6,0.0,unknown,True,True,2,0,0,0
2713,3,0,3,0.0,yellow,False,True,1,0,0,0
2714,1,0,1,0.0,yellow,False,False,0,1,0,0
2715,0,0,0,0.0,yellow,False,True,0,0,0,0
2716,0,0,0,0.0,yellow,False,False,0,0,0,0
2717,0,0,0,0.0,red,False,True,0,0,0,0
2718,0,0,0,0.0,yellow,False,False,0,1,0,0
2719,1,0,1,0.0,red,False,True,0,0,0,0
2720,1,0,1,0.0,red,False,True,0,1,0,0
2721,0,0,0,0.0,yellow,False,True,0,0,0,0
2722,0,0,0,0.0,yellow,False,True,0,0,0,0
2723,0,0,0,0.3347137517941921,red,False,True,0,0,0,0
2724,0,0,0,0.35936975283118966,red,False,True,0,1,0,0
2725,0,0,0,0.176105618526139,red,False,True,0,0,1,0
2726,0,0,0,0.0,unknown,False,False,1,0,0,0
2727,1,0,1,0.0,yellow,False,False,1,0,0,0
2728,1,0,1,0.0,yellow,False,False,1,0,0,0
2729,1,0,1,0.0,unknown,False,False,1,0,0,0
2730,3,0,3,0.0,unknown,False,False,3,0,0,0
2731,4,1,5,0.2647820322271527,unknown,False,False,4,0,1,0
2732,4,0,4,0.2227668984675002,unknown,False,False,2,0,1,0
2733,3,0,3,0.08078474899155919,unknown,False,False,2,0,2,0
2734,4,0,4,0.19618854041607522,unknown,False,False,1,0,1,0
2735,2,0,2,0.12543535888994148,unknown,False,True,0,1,0,0
2736,1,0,1,0.03979991055065274,unknown,False,False,0,1,1,0
2737,1,0,1,0.06510316221445778,unknown,False,False,0,1,0,0
2738,0,0,0,0.056405091832803456,unknown,False,False,0,1,0,0
2739,0,0,0,0.0,unknown,False,False,0,1,0,0
2740,0,0,0,0.0,unknown,False,False,1,1,1,0
2741,0,0,0,0.13993692899795077,unknown,False,False,0,1,3,0
2742,0,0,0,0.28280732295921146,unknown,False,False,0,0,3,0
2743,0,0,0,0.7274355519434453,yellow,False,True,0,2,1,0
2744,0,0,0,1.0966909700146146,red,False,True,0,2,2,0
2745,0,0,0,0.7201927591913451,red,False,True,0,2,3,0
2746,0,0,0,0.6557671953384928,green,False,True,1,3,2,0
2747,0,0,0,0.655300539582373,red,False,True,1,3,1,0
2748,0,0,0,0.7540127906886674,unknown,False,True,0,3,1,0
2749,0,0,0,0.4832784210239729,unknown,False,True,0,2,1,0
2750,0,0,0,0.0,unknown,False,False,0,2,0,0
2751,0,0,0,0.0,unknown,False,False,1,3,0,0
2752,1,0,1,0.0,unknown,False,False,2,1,0,1
2753,2,1,3,0.1966840260895404,unknown,False,False,2,1,1,0
2754,2,0,2,0.7504494597902346,unknown,False,False,2,3,0,0
2755,3,0,3,0.0,unknown,False,False,0,2,0,0
2756,2,0,2,0.0,unknown,False,False,0,2,0,0
2757,1,0,1,0.0,unknown,False,False,0,2,0,0
2758,1,0,1,0.439291225941739,unknown,False,False,2,1,3,0
2759,2,0,2,0.6112320640533235,unknown,False,False,1,1,7,0
2760,2,0,2,0.7341607346394083,unknown,False,False,0,1,7,0
2761,2,0,2,0.7739412442981561,red,False,True,0,1,6,0
2762,0,0,0,0.8559708552676967,red,False,True,0,1,10,0
2763,0,0,0,0.6336915496304343,red,False,True,0,0,8,0
2764,1,0,1,0.4498350988255689,red,False,True,1,0,8,0
2765,2,0,2,0.455595666911001,red,False,True,1,1,7,0
2766,1,0,1,0.4096822173362879,unknown,False,True,1,0,3,0
2767,1,0,1,0.4360161464952808,unknown,False,False,0,0,0,0
2768,1,0,1,0.10893702311008316,unknown,False,False,0,0,1,0
2769,1,0,1,0.0976284423518144,unknown,False,False,0,0,1,0
2770,0,0,0,0.09232405786889121,unknown,False,False,0,0,0,0
2771,0,0,0,0.043269044847742175,unknown,False,False,0,1,2,0
2772,0,0,0,0.0,unknown,False,False,0,1,0,0
2773,0,0,0,0.0,unknown,False,False,0,1,1,0
2774,0,0,0,0.18087255131744426,unknown,False,False,0,1,1,0
2775,0,0,0,0.28958382311296815,unknown,False,False,0,1,2,2
2776,0,0,0,0.43970860882983187,unknown,False,False,0,0,1,2
2777,0,0,0,0.9023223918600416,unknown,False,False,0,1,4,0
2778,1,0,1,0.9256686584055396,unknown,False,False,1,2,3,1
2779,1,0,1,0.600985584876297,unknown,False,False,2,2,2,2
2780,2,0,2,0.13967462027700736,unknown,False,False,2,1,2,0
2781,2,0,2,0.1088926632988871,unknown,False,False,0,1,0,0
2782,1,0,1,0.05115663427620948,unknown,False,False,1,1,0,0
2783,1,0,1,0.14321660138082046,unknown,False,False,0,1,0,0
2784,0,0,0,0.7110124200234718,unknown,False,False,0,0,3,0
2785,1,0,1,0.6162314018975946,unknown,False,False,2,0,4,0
2786,3,0,3,0.8435348933126499,unknown,False,False,2,0,9,0
2787,2,0,2,0.8227812932270258,unknown,False,False,1,0,9,0
2788,1,0,1,0.8348258348940251,unknown,False,False,0,0,8,0
2789,0,0,0,0.5768985795428596,unknown,False,False,1,0,7,0
2790,0,0,0,0.42182829285180407,unknown,False,False,0,0,5,0
2791,0,0,0,0.3288464076561566,unknown,False,False,0,0,5,0
2792,0,0,0,0.30300895488186946,unknown,False,False,1,0,4,0
2793,0,0,0,0.29716069974641096,yellow,False,False,0,0,3,0
2794,0,0,0,0.4191491105032854,yellow,False,False,0,0,3,0
2795,0,0,0,0.23856089074475015,red,False,False,0,0,3,0
2796,0,0,0,0.5431043519041058,red,False,False,0,0,2,0
2797,0,0,0,0.3930122516427974,unknown,False,False,0,0,2,0
2798,0,0,0,0.5133427225213939,red,False,False,1,0,5,0
2799,0,0,0,0.3939225740713017,yellow,False,False,0,0,5,0
2800,0,0,0,0.32965719529858617,unknown,False,False,0,0,5,1
2801,0,0,0,0.21174001295185282,unknown,False,False,0,0,5,0
2802,0,0,0,0.3844137618766121,unknown,False,False,0,0,6,0
2803,0,0,0,0.5939164045926336,unknown,False,False,0,0,5,0
2804,0,0,0,0.8597108616209221,unknown,False,False,0,1,7,0
2805,0,0,0,1.008539624370616,unknown,False,False,0,1,9,0
2806,0,0,0,1.136757452078483,unknown,False,True,0,1,9,0
2807,0,0,0,0.9731686549556262,unknown,False,True,0,1,7,0
2808,0,0,0,0.8011026482008452,unknown,False,False,0,1,9,0
2809,0,0,0,0.4886970286221968,green,False,False,0,0,11,0
2810,0,0,0,0.41443306453597506,unknown,False,False,0,0,9,0
2811,0,0,0,0.3774641001713032,red,False,True,0,1,3,0
2812,0,0,0,0.5192271382933348,unknown,False,False,0,0,4,0
2813,0,0,0,0.36708662472245995,unknown,False,False,0,0,5,0
2814,0,0,0,0.5870886916219709,unknown,False,False,1,0,5,0
2815,2,0,2,0.9690148973585685,unknown,False,False,1,0,9,0
2816,0,1,1,1.7425131633437696,unknown,False,False,0,0,6,0
2817,0,1,1,1.7447049739938068,unknown,False,False,0,0,4,0
2818,0,0,0,0.7874363166919105,unknown,False,False,0,0,5,0
2819,0,0,0,0.48614236244422787,unknown,False,False,0,0,6,0
2820,0,0,0,0.859827419896233,unknown,False,False,0,0,5,0
2821,0,0,0,1.3194057162908022,unknown,False,False,0,1,6,0
2822,0,0,0,1.0994818882526345,unknown,False,False,0,0,8,0
2823,0,0,0,1.2407010562868779,red,False,False,1,0,7,0
2824,3,0,3,1.2500082797741916,green,False,False,4,0,7,0
2825,1,3,4,0.7883802677859835,unknown,False,True,3,2,3,0
2826,3,1,4,0.9439154314172269,unknown,False,False,1,1,3,0
2827,1,0,1,0.4891496667847893,unknown,False,False,0,1,3,0
2828,0,0,0,0.17914547641657905,unknown,False,False,0,0,2,0
2829,0,0,0,0.17513364736435777,unknown,False,False,0,0,2,0
2830,0,0,0,0.31812486860441325,unknown,False,False,0,0,2,0
2831,0,0,0,0.12678316157496336,unknown,False,False,0,0,1,0
2832,0,0,0,0.3069191294660113,unknown,False,False,1,0,2,0
2833,1,0,1,0.3906072296452777,unknown,False,False,1,0,2,0
2834,1,0,1,1.0741951222637707,unknown,False,False,1,0,2,0
2835,1,0,1,0.553917100906273,unknown,False,False,0,1,2,0
2836,1,0,1,0.37803188682242134,unknown,False,False,0,0,2,0
2837,0,0,0,0.3598294628272636,unknown,False,False,0,0,3,0
2838,0,0,0,0.3793320507506138,unknown,False,False,0,0,7,0
2839,0,0,0,1.4902922810103174,unknown,False,False,0,0,6,0
2840,0,0,0,0.5412162726245572,red,False,True,0,1,4,0
2841,0,0,0,0.4008901987502462,red,False,True,0,1,6,0
2842,0,0,0,0.6469229817818454,green,False,True,0,0,5,0
2843,0,0,0,0.6656043873034555,yellow,False,False,0,0,3,1
2844,0,0,0,0.7898069621234325,yellow,False,False,0,0,4,0
2845,0,0,0,0.7659422939663224,unknown,False,False,0,0,3,0
2846,0,0,0,1.070052382706246,unknown,False,False,0,0,2,0
2847,0,0,0,1.0207562949040712,unknown,False,False,0,0,0,0
2848,0,0,0,0.7522776129568345,unknown,False,False,0,0,0,0
2849,0,0,0,0.0,unknown,False,False,0,0,0,0
2850,1,1,2,0.0,unknown,False,False,2,0,0,0
2851,1,1,2,0.0,unknown,False,False,0,0,0,0
2852,2,0,2,0.0,unknown,False,False,0,0,0,0
2853,1,0,1,0.0,unknown,False,False,1,0,0,0
2854,1,0,1,0.0,unknown,False,False,2,0,0,0
2855,2,0,2,0.8366747933148113,red,False,False,3,0,2,0
2856,4,0,4,0.890670021283662,unknown,False,False,2,0,3,0
2857,3,0,3,0.8013301339231778,unknown,False,False,0,1,3,0
2858,1,0,1,0.7891324109211659,unknown,False,True,0,0,2,0
2859,0,0,0,0.6733385194078422,unknown,False,True,0,1,0,0
2860,0,0,0,0.2839855134945992,unknown,False,False,0,1,1,0
2861,0,0,0,0.488490624489344,unknown,False,False,0,1,3,0
2862,0,0,0,0.6434685603426161,unknown,False,False,0,1,6,0
2863,0,0,0,1.5896426653667455,unknown,False,False,0,1,8,0
2864,0,0,0,1.1896768987723965,unknown,False,False,0,1,9,0
2865,0,0,0,0.9120162899719398,unknown,False,False,0,0,7,0
2866,0,0,0,0.8156754977423887,unknown,False,False,0,0,6,0
2867,0,0,0,0.8941469416583077,unknown,False,False,0,0,9,0
2868,0,0,0,1.5004306226008404,unknown,False,False,0,0,10,0
2869,0,0,0,2.2090246444363326,unknown,False,False,0,0,10,0
2870,0,0,0,1.939681192788837,unknown,False,False,0,0,8,0
2871,0,0,0,0.9222716414475088,unknown,False,False,0,0,8,0
2872,0,0,0,0.36971511547812425,unknown,False,False,1,0,11,0
2873,0,0,0,0.3402536506052174,unknown,False,False,0,0,10,0
2874,2,0,2,0.4013081355554127,unknown,False,False,2,0,11,1
2875,2,0,2,0.5377842365382717,unknown,False,False,2,0,6,2
2876,1,1,2,0.6264403520622245,unknown,False,False,2,0,9,1
2877,1,1,2,0.6704266602708991,unknown,False,False,1,0,5,0
2878,2,0,2,0.4835491458628872,unknown,False,False,0,0,5,0
2879,0,0,0,0.2901481659420746,unknown,False,False,0,0,5,0
2880,0,0,0,0.3511896785847154,unknown,False,False,0,0,4,0
2881,0,0,0,0.6606298160341287,unknown,False,False,0,0,4,0
2882,0,0,0,0.7969308800293895,unknown,False,False,1,0,3,0
2883,0,0,0,0.5492747742911706,unknown,False,False,1,1,5,0
2884,0,0,0,0.5188926589867254,unknown,False,False,1,1,6,0
2885,1,0,1,0.7996191867849483,unknown,False,True,1,2,5,0
2886,1,0,1,0.6394168932035529,red,False,True,1,2,4,0
2887,1,0,1,0.6780293084718877,unknown,False,True,1,2,2,0
2888,1,0,1,0.7505500390702807,unknown,False,False,0,1,2,0
2889,1,0,1,0.837211554084332,unknown,False,False,0,0,0,0
2890,1,0,1,0.8310175270258265,unknown,False,False,0,0,0,0
2891,2,0,2,0.0,unknown,False,False,2,0,0,0
2892,3,0,3,0.0,unknown,False,False,2,0,1,2
2893,4,0,4,0.8754727662085519,unknown,False,False,3,0,0,2
2894,3,0,3,0.7364593414398891,unknown,False,False,2,0,0,0
2895,2,0,2,0.6177695317398114,unknown,False,False,0,0,0,0
2896,1,0,1,0.0,unknown,False,False,1,0,0,0
2897,1,0,1,0.0,unknown,False,False,0,0,0,0
2898,1,0,1,0.5001198585483091,unknown,False,False,0,0,1,0
2899,0,0,0,0.3685484787857251,unknown,False,False,0,0,3,0
2900,0,0,0,0.48582153635435876,unknown,False,False,0,0,5,0
2901,0,0,0,0.31398009590875714,unknown,False,False,0,0,6,0
2902,0,0,0,0.3757332021074755,red,False,False,0,0,7,0
2903,0,0,0,0.2282804227298076,green,False,False,0,0,9,0
2904,0,0,0,0.2736621153484574,green,False,False,0,0,10,0
2905,0,0,0,0.449827548123994,green,False,False,0,0,14,0
2906,0,0,0,0.6181379594784057,green,False,False,0,0,7,0
2907,0,0,0,0.8182745437852014,red,False,False,0,0,10,0
2908,0,0,0,0.8773117294808043,green,False,False,0,0,13,0
2909,0,0,0,0.8162005096210636,green,False,True,0,0,12,0
2910,0,0,0,0.7628972389560607,red,False,True,1,0,11,0
2911,1,0,1,0.810169598756026,green,False,False,0,1,7,0
2912,0,0,0,0.41381233740494017,green,False,False,1,1,8,0
2913,0,0,0,0.5575278163183734,green,False,True,0,1,8,0
2914,0,0,0,0.5767009345745185,red,False,True,0,1,9,0
2915,0,0,0,0.4144324293501606,green,False,True,0,1,7,0
2916,0,0,0,0.43408449012959555,red,False,True,0,1,8,0
2917,1,0,1,0.2981077300978313,red,False,True,1,1,4,0
2918,1,0,1,0.48869903741360154,red,False,True,1,1,3,0
2919,1,0,1,0.703903033691411,red,False,True,1,1,6,1
2920,4,0,4,0.6520774797435189,red,False,True,3,1,5,0
2921,4,0,4,0.8633746180003342,red,False,True,3,1,6,0
2922,2,1,3,0.5892953426562992,red,False,True,2,0,1,0
2923,3,0,3,0.4059068698680939,unknown,False,False,2,0,5,0
2924,4,0,4,0.4461350411632318,unknown,False,False,3,1,5,0
2925,2,1,3,0.4829838053385545,unknown,False,False,2,1,3,0
2926,3,0,3,0.6618358548818751,unknown,False,False,4,2,0,0
2927,2,1,3,0.8406758909763083,unknown,False,False,2,2,11,0
2928,3,1,4,0.9190548769019369,unknown,False,False,3,1,10,0
2929,2,0,2,0.6715558136678431,unknown,False,False,1,1,2,0
2930,2,0,2,0.6471793222550345,unknown,False,False,2,1,0,0
2931,2,0,2,0.12397403706060788,unknown,False,False,2,0,1,0
2932,2,0,2,0.13584698465728207,unknown,False,False,0,0,2,0
2933,2,0,2,0.04289265202679965,unknown,False,False,1,0,0,0
2934,0,0,0,0.0,unknown,False,False,1,0,0,0
2935,0,1,1,0.7459672272452479,red,False,False,4,0,3,0
2936,2,1,3,0.964971638153633,yellow,False,False,2,0,3,0
2937,2,0,2,0.9811558087675024,red,False,False,0,0,3,0
2938,2,0,2,0.9215583391946,red,False,False,0,0,0,0
2939,0,0,0,0.44105352587900815,unknown,False,False,1,0,2,0
2940,1,0,1,0.6426556436740009,unknown,False,False,0,0,0,0
2941,2,0,2,0.0,unknown,False,False,2,0,1,0
2942,2,0,2,0.0,unknown,False,False,1,0,0,0
2943,2,0,2,0.0,unknown,False,False,2,0,0,0
2944,1,0,1,0.0,unknown,False,False,0,0,0,0
2945,1,0,1,0.0,unknown,False,False,1,0,0,0
2946,1,0,1,0.0,unknown,False,False,1,0,0,0
2947,1,0,1,0.0,unknown,False,False,0,0,0,0
2948,1,1,2,0.0,unknown,False,False,1,0,0,0
2949,1,1,2,0.0,yellow,False,False,1,0,0,0
2950,1,0,1,0.5986186654881024,red,False,True,0,1,1,0
2951,0,0,0,0.8655144117565969,yellow,False,True,0,0,1,0
2952,0,0,0,1.110989182211563,yellow,False,False,1,0,1,0
2953,0,0,0,1.0650834129288984,yellow,False,False,0,0,0,0
2954,1,0,1,0.6631597546885107,unknown,False,False,1,1,1,0
2955,1,0,1,0.5552125303250187,unknown,False,False,0,0,0,0
2956,1,0,1,0.0,unknown,False,False,1,0,2,0
2957,2,0,2,0.28593012113566046,unknown,False,False,3,0,0,0
2958,2,0,2,0.0,unknown,False,False,1,1,0,0
2959,2,1,3,0.0,unknown,False,False,1,0,2,0
2960,2,0,2,0.0,unknown,False,False,0,0,0,1
2961,1,0,1,0.0,unknown,False,False,0,0,0,3
2962,0,0,0,0.0,unknown,False,False,1,0,0,3
2963,1,0,1,0.23017493396805497,unknown,False,False,2,0,4,1
2964,2,0,2,0.48148261156290423,unknown,False,False,1,0,6,0
2965,2,0,2,0.49829955874508647,red,False,False,3,0,7,0
2966,1,0,1,0.5779018573858323,red,False,False,1,0,7,0
2967,1,0,1,0.4707748481984461,unknown,False,False,1,0,7,0
2968,1,0,1,0.2507144572034519,yellow,False,False,1,0,8,0
2969,1,0,1,0.09665226425970137,yellow,False,False,1,0,6,0
2970,2,0,2,0.16767527703815904,yellow,False,False,1,0,7,0
2971,2,0,2,0.2519125982080659,yellow,False,False,1,0,5,0
2972,1,0,1,0.546589012841946,yellow,False,False,1,0,8,0
2973,1,0,1,0.6499137184906982,green,False,False,1,0,7,0
2974,1,0,1,0.5443790048001533,yellow,False,False,1,0,8,0
2975,1,0,1,0.5060346956854708,green,False,False,1,0,12,0
2976,2,0,2,0.4770211564127111,green,False,False,2,0,11,0
2977,1,0,1,0.46309720713931873,green,False,False,0,0,11,0
2978,1,0,1,0.4486605274730851,green,False,False,0,1,9,0
2979,0,0,0,0.5747159449760866,green,False,False,0,1,9,0
2980,0,0,0,0.5865651832942864,yellow,False,False,0,1,7,0
2981,0,0,0,0.4485548837506398,green,False,False,0,1,8,0
2982,1,0,1,0.48263791612737866,green,False,False,1,1,7,0
2983,1,0,1,0.4067230158264325,green,False,False,0,0,6,0
2984,1,0,1,0.525715567334516,green,False,False,5,1,7,0
2985,5,0,5,0.5779668093225577,green,False,False,3,1,4,0
2986,6,0,6,0.5467811381541781,green,False,False,2,1,6,0
2987,6,0,6,0.22543454275619465,green,False,False,4,1,5,0
2988,3,0,3,0.20374403928645068,green,False,True,0,1,5,0
2989,0,0,0,0.08189633414932143,red,False,True,1,2,4,0
2990,0,0,0,0.11479565275938101,red,False,True,0,1,5,0
2991,0,0,0,0.2277868630616625,red,False,True,1,1,5,0
2992,1,0,1,0.4648833438021331,red,False,True,0,1,6,0
2993,1,0,1,0.626720916981274,red,False,True,1,1,6,0
2994,1,0,1,0.7410302578057707,red,False,True,2,1,7,0
2995,1,0,1,0.742888485510966,red,False,True,2,2,6,0
2996,1,0,1,0.5258798445005414,yellow,False,True,2,0,3,0
2997,1,0,1,0.5530656153244436,unknown,False,False,2,0,2,0
2998,2,0,2,0.4894793676902524,unknown,False,False,0,0,0,0
2999,2,1,3,0.19375692937705044,unknown,False,False,4,0,1,0
3000,3,1,4,0.2874187377357613,unknown,False,False,2,0,1,0
3001,1,0,1,0.8974137558358025,unknown,False,False,0,1,1,0
3002,0,0,0,5.310816388376302,unknown,False,False,2,1,1,0
3003,2,0,2,2.0705175386243124,unknown,False,False,0,1,1,0
3004,2,0,2,0.33322059609600535,unknown,False,False,2,2,1,1
3005,2,0,2,0.15981951396357627,unknown,False,False,2,2,0,0
3006,2,0,2,0.09633668426714934,unknown,False,True,5,2,0,0
3007,3,0,3,0.0,red,False,True,3,1,1,0
3008,4,0,4,0.2363291082564034,red,False,True,5,1,1,0
3009,4,0,4,0.2689285267287955,red,False,True,4,2,4,0
3010,5,0,5,0.2148282311344373,red,False,True,5,2,3,0
3011,6,0,6,0.2543384960279693,red,True,True,5,2,3,0
3012,7,0,7,0.46975070171164796,unknown,True,True,6,1,5,0
3013,7,0,7,0.5712048629581095,green,False,False,6,1,3,0
3014,7,0,7,0.5302136421722656,red,True,True,4,1,3,0
3015,7,2,9,0.512643811826977,unknown,True,True,5,1,0,0
3016,5,2,7,0.49638103396280164,unknown,True,True,1,1,0,0
3017,2,1,3,0.19612148504706053,unknown,False,False,2,1,0,0
3018,3,0,3,0.0,unknown,False,True,1,1,1,0
3019,3,0,3,0.0,unknown,False,False,1,0,2,0
3020,3,0,3,0.1111828211580415,unknown,False,False,1,0,1,0
3021,3,0,3,0.08214035003491192,unknown,False,False,6,0,0,0
3022,5,0,5,0.0,unknown,False,False,2,0,0,0
3023,4,0,4,0.0,unknown,False,False,0,0,0,0
3024,3,0,3,0.0,unknown,False,False,5,0,0,0
3025,2,1,3,0.0,unknown,False,False,2,0,0,1
3026,4,0,4,0.0,unknown,False,False,3,0,2,1
3027,4,0,4,1.234467860115869,red,False,True,2,0,1,0
3028,6,0,6,1.3722393931522558,green,True,False,3,0,1,0
3029,6,0,6,0.9155339800700375,red,True,False,1,0,1,0
3030,3,0,3,0.6712734302999251,unknown,False,False,0,0,0,0
3031,2,0,2,0.0,unknown,False,False,2,0,0,0
3032,2,0,2,0.0,unknown,False,False,1,0,1,0
3033,2,0,2,0.0,unknown,False,False,3,0,0,0
3034,3,0,3,0.0,unknown,False,False,1,0,0,0
3035,4,0,4,0.0,unknown,False,False,2,0,0,0
3036,3,0,3,0.0,unknown,False,False,4,0,0,0
3037,2,2,4,0.0,unknown,False,False,5,0,0,0
3038,6,0,6,0.0,unknown,False,False,5,0,0,0
3039,5,0,5,0.0,unknown,False,False,3,0,1,0
3040,8,0,8,0.0,unknown,False,False,5,0,0,0
3041,8,0,8,0.0,unknown,False,False,6,0,0,0
3042,10,0,10,0.0,unknown,False,False,6,0,0,0
3043,9,0,9,0.0,unknown,False,False,6,0,1,0
3044,6,0,6,0.36240288621615857,unknown,False,False,4,0,4,0
3045,4,0,4,0.4462766210391654,unknown,False,False,4,0,3,0
3046,4,0,4,0.9289754894681778,unknown,False,False,4,0,6,0
3047,7,0,7,0.805612052990368,unknown,False,False,4,1,4,0
3048,5,0,5,0.7403812007730699,unknown,False,False,3,0,9,0
3049,5,0,5,0.3738409404912212,green,False,False,4,0,9,0
3050,5,0,5,0.38775060671321565,green,False,False,1,0,9,0
3051,4,0,4,0.2973608371451589,green,False,False,2,0,10,0
3052,3,0,3,0.4054186510726679,green,False,False,3,0,9,0
3053,3,0,3,0.4819608334108881,unknown,False,False,2,0,10,0
3054,1,0,1,0.48962714444300637,green,False,False,1,0,11,1
3055,1,0,1,0.42455526027254925,green,False,False,1,0,10,0
3056,1,0,1,0.4481519331690738,green,False,False,1,0,8,0
3057,1,0,1,0.3968059021057387,unknown,False,False,0,0,7,0
3058,2,0,2,0.2854254866349516,green,False,False,1,0,9,0
3059,1,0,1,0.28426375700611994,green,False,False,1,0,7,0
3060,1,0,1,0.43408976847197156,green,False,False,1,0,9,0
3061,1,0,1,0.5335945426682315,green,False,False,1,0,7,0
3062,1,0,1,0.46380281188317063,green,False,False,0,0,9,0
3063,1,0,1,0.6013558153406688,unknown,False,False,0,0,6,0
3064,1,0,1,0.32848759077919104,unknown,False,False,1,0,8,0
3065,1,0,1,0.2153469443129564,unknown,False,False,0,0,8,0
3066,1,0,1,0.43296837378249164,green,False,False,1,0,4,0
3067,1,0,1,0.4317394305637697,green,False,False,1,0,5,0
3068,2,0,2,0.2885124005451448,green,False,False,1,0,8,0
3069,1,0,1,0.17510363317056374,green,False,False,1,0,8,0
3070,1,0,1,0.1344516672108884,green,False,False,1,0,8,0
3071,2,0,2,0.11539022164664216,green,False,False,3,0,7,1
3072,2,0,2,0.19027898469443086,green,False,False,0,0,7,1
3073,1,0,1,0.25946525521013625,red,False,False,2,0,6,0
3074,1,0,1,0.555461697856763,yellow,False,False,1,0,7,0
3075,1,0,1,0.5150259834835894,yellow,False,True,1,0,7,0
3076,1,0,1,0.6199628487611665,yellow,False,False,0,0,7,0
3077,1,0,1,0.7232139316339203,red,False,True,2,2,8,0
3078,2,0,2,0.6103521098045351,red,False,True,2,1,6,0
3079,2,0,2,0.4993275567869434,red,False,True,2,1,4,0
3080,1,1,2,0.6045807390499559,red,False,True,4,1,1,0
3081,4,0,4,0.6644363644337249,unknown,False,True,2,1,1,0
3082,2,0,2,0.7695229225816929,unknown,False,False,2,1,0,0
3083,4,0,4,0.7769459269666438,unknown,False,False,3,1,0,0
3084,4,0,4,0.0,unknown,False,False,4,1,0,0
3085,4,1,5,0.0,unknown,False,False,3,1,0,0
3086,4,0,4,0.0,unknown,False,False,2,0,1,0
3087,3,0,3,0.08518450770923976,unknown,False,False,1,0,1,0
3088,1,0,1,0.11047595998587449,unknown,False,False,0,0,0,0
3089,0,0,0,0.055322550082205074,unknown,False,False,0,0,0,0
3090,0,0,0,0.0,unknown,False,False,0,0,0,0
3091,0,0,0,0.0,unknown,False,False,0,0,1,0
3092,0,0,0,0.543738193586502,unknown,False,False,1,0,1,0
3093,1,0,1,0.608028374635146,unknown,False,False,4,0,0,0
3094,4,0,4,0.6329889043073385,unknown,False,False,5,1,4,0
3095,5,0,5,1.0716358827959795,unknown,False,False,6,0,2,0
3096,5,0,5,1.0770781158304192,unknown,False,False,7,1,3,0
3097,8,0,8,1.0903167383488097,unknown,False,False,6,1,2,0
3098,7,0,7,1.0681757891972798,green,False,False,8,1,4,0
3099,7,0,7,0.5034474491856643,unknown,False,False,5,1,5,0
3100,8,0,8,0.2942398634325856,red,True,True,6,1,4,0
3101,10,0,10,0.2211656003212921,yellow,True,True,7,1,7,0
3102,9,0,9,0.2597026849890139,yellow,True,True,8,1,9,0
3103,9,0,9,0.4619142958848113,yellow,True,True,9,2,5,0
3104,9,0,9,0.40883457038836735,red,True,True,9,1,6,0
3105,8,0,8,0.5691885617329078,yellow,True,True,8,0,9,0
3106,10,0,10,0.4552505497765818,yellow,False,False,10,0,9,0
3107,12,0,12,0.3467029388198637,yellow,True,True,8,1,9,0
3108,12,0,12,0.3447079471220839,red,True,False,10,0,5,0
3109,8,0,8,0.29886682237277074,yellow,True,True,7,0,4,0
3110,8,0,8,0.44319724424438206,red,True,True,7,1,5,0
3111,6,0,6,0.7429985196438739,red,True,True,6,0,5,0
3112,7,0,7,0.9807512720416257,green,True,True,5,1,9,0
3113,5,0,5,1.3120764492540433,red,True,True,6,0,3,0
3114,7,0,7,0.9735312072942601,red,True,True,6,0,4,0
3115,7,0,7,0.9607798276556351,red,True,True,5,0,3,0
3116,8,0,8,0.5612870492395146,red,True,True,7,0,3,0
3117,9,0,9,0.57723853710267,red,True,True,7,0,4,0
3118,10,0,10,0.24146022908963757,red,True,True,6,1,4,0
3119,10,0,10,0.2719120885686885,red,True,True,6,2,6,0
3120,9,0,9,0.41708035940366595,red,True,True,9,1,5,0
3121,10,0,10,0.5760725509122074,unknown,True,True,8,1,5,0
3122,9,0,9,0.6791777537090045,red,True,True,7,1,4,0
3123,9,0,9,0.7095485053645675,red,True,True,3,2,4,0
3124,7,0,7,0.878271122327658,unknown,True,True,1,2,0,0
3125,2,0,2,0.3091989510186449,unknown,False,False,0,3,0,0
3126,0,0,0,0.5370401424670634,unknown,False,False,3,2,3,0
3127,1,0,1,0.9043027962554071,unknown,False,False,0,2,1,0
3128,2,0,2,1.9174731941552456,unknown,False,False,1,1,2,0
3129,1,0,1,1.3062167324288718,unknown,False,False,2,1,1,0
3130,1,0,1,0.6528899108289955,unknown,False,False,0,0,2,0
3131,1,0,1,0.3166379357036376,unknown,False,False,1,0,1,0
3132,1,0,1,0.15808440362235823,unknown,False,False,1,0,1,0
3133,1,0,1,0.1793934784935354,unknown,False,False,0,0,4,0
3134,3,0,3,0.7176227037819878,unknown,False,False,1,0,2,0
3135,2,1,3,0.6023589819438236,unknown,False,False,3,0,5,0
3136,2,1,3,0.701154963592358,unknown,False,False,1,0,7,0
3137,3,0,3,0.8268715392099053,unknown,False,False,2,0,7,0
3138,3,0,3,0.8555775928834181,unknown,False,False,1,0,10,0
3139,1,0,1,0.6666731914793333,yellow,False,False,0,0,8,0
3140,1,0,1,0.4632640981805832,green,False,False,0,0,8,0
3141,0,0,0,0.5571808483265275,green,False,False,1,0,11,0
3142,1,0,1,0.6847715377858745,green,False,False,5,0,6,0
3143,5,0,5,0.7954997582542046,green,False,False,1,0,9,0
3144,5,0,5,0.8694466708375934,red,False,False,2,0,12,0
3145,3,0,3,0.6116816630420837,yellow,False,False,1,0,9,0
3146,3,0,3,0.5959243819916272,green,False,False,1,0,8,0
3147,3,0,3,0.4921311243122304,yellow,False,False,3,0,7,0
3148,3,0,3,0.5841753627120355,yellow,False,False,1,0,5,0
3149,2,0,2,0.5998516350897607,yellow,False,False,0,0,6,0
3150,2,0,2,0.5781409353726865,red,False,False,1,0,4,0
3151,2,0,2,0.3472862694708196,red,False,False,2,0,4,0
3152,2,0,2,0.45809379453567245,red,False,False,3,0,5,0
3153,3,0,3,0.1880595274276604,red,False,False,2,0,3,0
3154,3,0,3,0.1781121935378362,red,False,False,4,0,4,0
3155,4,0,4,0.21577069914632627,red,False,False,4,0,3,1
3156,4,1,5,0.21008378239154676,red,False,False,4,0,1,1
3157,6,0,6,0.3244128461926476,yellow,True,False,2,0,2,0
3158,5,0,5,0.5650801711635961,green,False,False,4,0,3,0
3159,8,0,8,0.5811750371676873,red,True,False,6,0,5,0
3160,6,1,7,0.6089985681576953,red,True,False,4,0,4,0
3161,4,2,6,0.6730687596454556,unknown,True,True,4,0,4,0
3162,4,1,5,0.5688913031147337,unknown,True,False,5,1,1,0
3163,3,0,3,0.27372318217195274,unknown,False,False,2,1,0,0
3164,4,1,5,0.0,unknown,False,False,3,0,1,1
3165,4,0,4,0.37900128970129704,unknown,False,False,1,0,0,0
3166,2,1,3,0.0,unknown,False,False,1,0,0,0
3167,1,0,1,0.0,unknown,False,False,2,0,0,0
3168,2,0,2,0.0,unknown,False,False,1,0,0,0
3169,2,0,2,0.0,unknown,False,False,4,0,0,0
3170,1,0,1,0.27471927102158544,unknown,False,False,4,0,1,0
3171,5,0,5,0.4471408301535533,unknown,False,False,3,0,0,0
3172,5,0,5,0.0,unknown,False,False,5,0,0,0
3173,5,0,5,0.0,unknown,False,False,1,0,2,0
3174,5,0,5,0.44866229018370296,unknown,False,False,1,0,4,0
3175,1,0,1,0.6367351325221318,unknown,False,False,1,0,6,0
3176,1,0,1,0.7886058883267139,red,False,False,2,0,4,0
3177,1,0,1,0.9791921623647444,red,False,False,0,0,7,0
3178,0,0,0,1.284975791012355,red,False,False,0,0,9,0
3179,1,0,1,1.0507330219162572,red,False,False,1,0,8,0
3180,1,0,1,0.5023715396838073,red,False,False,0,0,4,0
3181,1,0,1,0.35753091439872964,red,False,False,0,0,6,0
3182,0,0,0,0.4179014189637097,red,False,False,1,0,5,0
3183,1,0,1,0.48118187863983264,red,False,False,0,0,5,0
3184,1,0,1,0.5577455968990366,red,False,False,1,0,4,0
3185,2,0,2,0.5975325439973677,red,False,False,2,0,8,0
3186,3,0,3,0.6097627063406866,red,False,False,4,0,3,0
3187,3,0,3,0.46129839569216846,red,False,True,3,0,1,0
3188,3,1,4,0.5037169221623709,unknown,False,False,2,0,1,0
3189,2,0,2,0.4814256816373022,unknown,False,False,0,0,2,0
3190,1,0,1,0.458972782032876,unknown,False,False,0,0,0,0
3191,1,0,1,0.0,unknown,False,False,0,0,0,0
3192,1,0,1,0.0,unknown,False,False,0,0,0,0
3193,0,0,0,0.0,unknown,False,False,0,0,0,0
3194,0,1,1,0.0,unknown,False,False,1,0,1,0
3195,0,1,1,0.1852629806646929,unknown,False,False,1,0,0,0
3196,1,0,1,0.12459646740499217,unknown,False,False,0,0,0,0
3197,1,0,1,0.0,unknown,False,False,0,0,0,0
3198,0,0,0,0.0,unknown,False,False,1,0,0,0
3199,0,0,0,0.0,unknown,False,False,0,0,2,0
3200,1,0,1,0.0,unknown,False,False,1,0,2,0
3201,1,0,1,0.0,red,False,False,0,0,0,0
3202,2,0,2,0.0,green,False,False,0,0,0,0
3203,0,0,0,0.0,red,False,False,0,0,1,0
3204,0,0,0,0.0,unknown,False,False,1,1,1,0
3205,0,0,0,0.18832555152997685,unknown,False,False,1,0,3,0
3206,1,0,1,0.755373043863659,unknown,False,False,0,0,1,0
3207,1,0,1,0.771980525793914,unknown,False,False,0,0,2,0
3208,0,0,0,0.8044030728299747,unknown,False,False,0,0,2,0
3209,0,0,0,0.29920790071302583,unknown,False,False,0,0,2,0
3210,0,0,0,0.5948821702742059,unknown,False,False,0,0,4,2
3211,0,0,0,1.1010499999539922,unknown,False,False,0,0,4,0
3212,0,0,0,2.0848682354267436,unknown,False,False,0,0,6,0
3213,0,0,0,0.7939424888525689,red,False,False,0,0,6,0
3214,0,0,0,1.1591652014977976,unknown,False,False,0,0,5,0
3215,0,0,0,1.72052993759686,unknown,False,False,0,0,6,0
3216,0,0,0,0.803708338579776,unknown,False,False,0,0,5,0
3217,0,0,0,0.3725415611915362,unknown,False,False,0,0,6,0
3218,0,0,0,0.3653351890932685,red,False,False,2,0,8,0
3219,1,0,1,0.5496699262889408,red,False,False,0,0,3,0
3220,1,0,1,0.5997023256743936,yellow,False,False,1,0,2,0
3221,1,0,1,0.5812006351902336,yellow,False,False,1,0,0,0
3222,0,1,1,0.3441834740502344,yellow,False,False,3,0,0,0
3223,2,1,3,0.07119061745293291,unknown,False,False,4,1,0,0
3224,4,0,4,0.07795809036948283,unknown,False,False,0,1,1,0
3225,2,1,3,0.13578993042196352,unknown,False,False,1,1,1,0
3226,1,0,1,0.16333921116700753,unknown,False,False,0,1,2,0
3227,1,0,1,0.6245170501928363,unknown,False,False,0,1,2,0
3228,0,0,0,3.022651963614915,unknown,False,False,0,1,3,0
3229,0,0,0,1.3090904830286272,unknown,False,False,0,0,5,0
3230,0,0,0,1.29185799066109,unknown,False,False,0,0,6,0
3231,1,0,1,0.5965390180313883,unknown,False,False,1,0,6,0
3232,1,0,1,0.7853741699928453,unknown,False,False,0,0,8,0
3233,1,0,1,0.9401815009847464,unknown,False,False,0,0,9,0
3234,0,0,0,1.4544184332772057,unknown,False,False,0,0,9,0
3235,0,0,0,1.6512992497071428,unknown,False,False,0,0,7,0
3236,0,0,0,1.3027716934127815,unknown,False,False,0,1,9,0
3237,0,0,0,1.0913150494669528,unknown,False,False,0,1,10,0
3238,0,0,0,0.8036304094480896,red,False,True,0,0,13,0
3239,0,0,0,1.0161325979045803,unknown,False,False,0,0,10,0
3240,0,0,0,1.0564761765842439,unknown,False,False,0,0,11,0
3241,0,0,0,0.8328720539274683,unknown,False,False,1,0,8,0
3242,1,0,1,0.6104149643670002,unknown,False,False,1,0,6,0
3243,1,0,1,0.5995599205671874,unknown,False,False,1,0,7,0
3244,1,0,1,0.551248436462913,unknown,False,False,0,0,8,0
3245,1,0,1,0.43266586639702176,unknown,False,False,0,0,8,0
3246,0,0,0,0.2759527176368153,red,False,False,0,0,11,0
3247,0,0,0,0.2042091547130213,red,False,False,0,0,9,0
3248,0,0,0,0.21571879603322794,red,False,False,0,0,12,0
3249,0,0,0,0.2698936460445361,red,False,False,0,0,10,0
3250,0,0,0,0.37073679868877346,unknown,False,False,0,0,12,0
3251,0,0,0,0.5155298209778648,unknown,False,False,0,0,12,0
3252,0,0,0,0.6230611893303172,green,False,False,0,0,12,0
3253,0,0,0,0.8435317787356263,unknown,False,False,0,0,8,0
3254,0,0,0,0.9832210922584947,yellow,False,False,0,0,10,0
3255,0,0,0,0.8640549989007374,unknown,False,False,0,0,7,0
3256,0,0,0,0.56628532385191,unknown,False,False,0,0,10,0
3257,0,0,0,0.5560817196388338,unknown,False,False,0,0,16,0
3258,0,0,0,0.7310027913941215,unknown,False,False,0,0,14,0
3259,0,0,0,0.7053999075204328,unknown,False,False,0,0,12,0
3260,0,0,0,0.8496256032007636,unknown,False,False,0,0,9,0
3261,0,0,0,0.7766675878724889,unknown,False,False,0,0,11,0
3262,0,0,0,0.8643466025602459,yellow,False,False,0,0,9,0
3263,0,0,0,0.861212793184213,unknown,False,False,0,0,9,0
3264,0,0,0,0.7058087912929737,unknown,False,False,0,0,4,0
3265,0,0,0,0.5637016088515026,unknown,False,False,0,0,0,0
3266,0,0,0,0.09251729271214947,unknown,False,False,0,0,1,0
3267,0,0,0,0.592884941740342,yellow,False,False,0,0,2,0
3268,0,0,0,0.4779207891285253,unknown,False,False,0,0,1,0
3269,0,0,0,0.6080910807129505,unknown,False,False,0,0,4,0
3270,0,0,0,0.9711007882544685,unknown,False,False,0,0,5,0
3271,0,0,0,1.4014352050479757,unknown,False,False,0,0,4,0
3272,0,0,0,0.613794411845686,unknown,False,False,0,0,2,0
3273,0,0,0,0.4518730541211052,unknown,False,False,0,0,1,0
3274,0,0,0,0.33485002437873734,unknown,False,False,1,0,5,0
3275,1,1,2,0.40534727013343924,unknown,False,False,1,0,2,0
3276,1,1,2,1.308684799044003,unknown,False,False,0,0,5,0
3277,0,0,0,1.8911404576041029,unknown,False,False,0,0,8,0
3278,0,0,0,1.3939888806719265,unknown,False,False,0,0,5,0
3279,0,0,0,1.2291833758212503,unknown,False,False,0,0,7,0
3280,0,0,0,1.0502958908468278,unknown,False,False,0,0,9,0
3281,0,0,0,1.0361119679747983,unknown,False,False,0,0,7,0
3282,0,0,0,1.1652678045542035,unknown,False,False,0,0,10,0
3283,0,0,0,1.5907549447250842,unknown,False,False,0,0,13,0
3284,0,0,0,1.2123646697300818,unknown,False,False,0,0,10,0
3285,0,0,0,1.0003688094681586,unknown,False,False,0,0,7,0
3286,0,0,0,1.0162274144933279,unknown,False,False,0,0,7,0
3287,0,0,0,1.3433784200318342,unknown,False,False,0,0,8,0
3288,0,0,0,1.4025147761860852,unknown,False,False,0,0,7,0
3289,0,0,0,1.6625871762991205,unknown,False,False,0,0,6,0
3290,0,0,0,1.6761475890475903,unknown,False,False,0,0,4,0
3291,0,0,0,0.9356106885259325,unknown,False,False,0,0,1,0
3292,0,0,0,0.8704985832171951,unknown,False,False,0,0,2,0
3293,0,0,0,0.5527426926304505,unknown,False,False,0,0,2,0
3294,0,0,0,1.6198769827953756,unknown,False,False,0,0,1,0
3295,0,0,0,1.1821854810890382,unknown,False,False,0,0,4,0
3296,0,0,0,1.2373881451764186,unknown,False,False,0,0,4,0
3297,0,0,0,1.0721994362641185,unknown,False,False,0,0,0,0
3298,0,0,0,0.0,unknown,False,False,0,1,0,0
3299,0,0,0,0.0,unknown,False,False,0,0,0,0
3300,0,0,0,0.0,unknown,False,False,0,1,0,0
3301,0,0,0,0.0,yellow,False,False,0,2,1,0
3302,0,0,0,0.5493236020286136,unknown,False,True,0,2,0,0
3303,0,0,0,0.3401311866817404,unknown,False,True,0,1,1,0
3304,0,0,0,0.1713683444433902,unknown,False,True,0,1,1,0
3305,0,0,0,0.0,yellow,False,False,0,1,0,0
3306,0,0,0,0.0,unknown,False,False,0,0,0,0
3307,0,0,0,0.0,unknown,False,False,0,0,0,0
3308,0,0,0,0.0,unknown,False,False,0,0,1,0
3309,0,0,0,0.0,unknown,False,False,0,0,1,0
3310,0,0,0,0.7734711119345461,unknown,False,False,0,0,1,0
3311,0,0,0,0.66351540393476,unknown,False,False,0,0,0,0
3312,0,0,0,0.0,unknown,False,False,0,0,0,0
3313,0,0,0,0.0,unknown,False,False,0,0,0,0
3314,0,0,0,0.0,unknown,False,False,0,0,0,0
3315,0,0,0,0.0,unknown,False,False,0,0,0,0
3316,1,0,1,0.0,unknown,False,False,1,0,0,0
3317,2,0,2,0.0,unknown,False,False,1,0,0,0
3318,2,0,2,0.0,unknown,False,False,1,0,0,0
3319,1,0,1,0.0,unknown,False,False,1,0,0,0
3320,0,0,0,0.0,unknown,False,False,1,0,0,0
3321,0,0,0,0.0,unknown,False,False,0,0,0,0
3322,0,0,0,0.0,unknown,False,False,1,0,0,0
3323,1,0,1,0.0,unknown,False,False,0,0,0,0
3324,0,0,0,0.03301832236176994,unknown,False,False,0,0,0,0
3325,0,0,0,0.0,unknown,False,False,0,0,0,0
3326,0,0,0,0.0,unknown,False,False,0,0,0,0
3327,0,0,0,0.0,unknown,False,False,0,0,0,0
3328,0,0,0,0.0,unknown,False,False,0,0,0,0
3329,0,0,0,0.0,unknown,False,False,0,0,0,0
3330,0,0,0,0.0,unknown,False,False,0,0,0,0
3331,0,0,0,0.0,unknown,False,False,0,0,0,0
3332,0,0,0,0.0,unknown,False,False,0,0,1,0
3333,0,0,0,0.911701227273341,unknown,False,False,0,0,4,0
3334,0,0,0,1.415794540589246,unknown,False,False,0,0,1,0
3335,0,0,0,2.359939304179387,unknown,False,False,0,0,2,0
3336,0,0,0,0.46636674497784253,unknown,False,False,0,0,2,0
3337,0,0,0,0.3535311175419874,unknown,False,False,0,0,2,0
3338,0,0,0,3.4413590346826486,unknown,False,False,0,0,1,0
3339,0,0,0,3.1618911560034393,unknown,False,False,0,0,1,0
3340,0,0,0,0.4992472835415582,unknown,False,False,0,0,0,0
3341,0,0,0,0.3617926489425624,unknown,False,False,0,0,0,0
3342,0,0,0,0.13520893712936566,unknown,False,False,0,0,0,0
3343,0,0,0,0.3647122891782426,unknown,False,False,0,0,1,0
3344,0,0,0,0.32733471022440436,unknown,False,False,0,0,3,0
3345,0,0,0,0.5338053183097986,unknown,False,False,0,0,5,0
3346,0,0,0,1.0472827405798564,unknown,False,False,0,0,5,0
3347,0,0,0,1.1670469383223467,unknown,False,False,0,0,7,0
3348,0,0,0,1.2503970980404362,unknown,False,False,1,0,7,0
3349,0,0,0,1.0598891789298404,unknown,False,False,0,0,8,0
3350,0,0,0,0.9508317630332753,unknown,False,False,0,0,9,0
3351,0,0,0,0.758202644245598,unknown,False,False,0,0,13,0
3352,0,0,0,0.7419726507235098,unknown,False,False,0,0,12,0
3353,0,0,0,0.7798667051597081,unknown,False,False,0,0,13,0
3354,0,0,0,0.7331766743529076,unknown,False,False,0,0,13,0
3355,0,0,0,0.7000919611412781,unknown,False,False,0,0,12,0
3356,0,0,0,0.752819094213614,unknown,False,False,0,0,12,0
3357,0,0,0,0.7966295118173413,unknown,False,False,0,0,12,0
3358,0,0,0,0.769733004883006,unknown,False,False,0,0,11,0
3359,0,0,0,0.7655499480836975,unknown,False,False,0,0,10,0
3360,0,0,0,0.7179855974602315,unknown,False,False,0,0,7,0
3361,0,0,0,0.6726046184892285,unknown,False,False,0,0,4,0
3362,0,0,0,0.48362732078221465,unknown,False,False,0,0,3,0
3363,0,0,0,0.45295444740887625,unknown,False,False,0,0,5,0
3364,0,0,0,0.7393251660011171,unknown,False,False,0,0,3,0
3365,0,0,0,0.925097249934896,unknown,False,False,0,0,2,0
3366,0,0,0,1.3022048276160216,unknown,False,False,0,0,3,0
3367,0,0,0,1.108696814457705,unknown,False,False,0,0,5,0
3368,0,0,0,0.9235695071924853,unknown,False,False,0,0,4,0
3369,0,0,0,0.8302390969655135,unknown,False,False,0,0,3,0
3370,0,0,0,0.8905293992847707,unknown,False,False,0,0,3,0
3371,0,0,0,0.5859712782907781,unknown,False,False,0,0,6,0
3372,0,0,0,0.44171731766352046,yellow,False,False,0,0,5,0
3373,0,0,0,0.5580805876308891,unknown,False,False,0,0,8,0
3374,0,0,0,0.78217457827332,yellow,False,False,0,0,12,0
3375,0,0,0,0.8578451945923021,unknown,False,False,0,0,14,0
3376,0,0,0,1.0851421970065103,unknown,False,False,0,0,13,0
3377,0,0,0,1.1838038548432603,unknown,False,False,0,0,18,0
3378,0,0,0,1.0665198172205113,unknown,False,False,0,0,16,0
3379,0,0,0,1.0719624462486426,unknown,False,False,0,0,13,0
3380,0,0,0,1.191190418886887,unknown,False,False,0,0,11,0
3381,0,0,0,1.0654414153885534,unknown,False,False,0,0,9,0
3382,0,0,0,0.9967667727095336,unknown,False,False,0,0,7,0
3383,0,0,0,0.7911787615204394,yellow,False,False,0,0,9,0
3384,0,0,0,0.44647504636124774,unknown,False,False,0,0,8,0
3385,0,0,0,0.5126610992501094,unknown,False,False,0,0,3,0
3386,0,0,0,0.5182130539772798,unknown,False,False,0,0,3,0
3387,0,0,0,0.5393952735117348,unknown,False,False,0,0,4,0
3388,0,0,0,0.6703875085032802,unknown,False,False,0,0,9,0
3389,0,0,0,0.6222680544725284,unknown,False,False,0,0,7,0
3390,0,0,0,0.8249849625935005,unknown,False,False,1,0,9,0
3391,0,0,0,1.0490303179513187,unknown,False,False,0,0,10,0
3392,0,0,0,1.1655068169321168,unknown,False,False,0,0,12,0
3393,0,0,0,0.9312246017014763,unknown,False,False,0,0,13,0
3394,0,0,0,0.8402801248385127,unknown,False,False,0,0,13,0
3395,0,0,0,1.0106446782086143,unknown,False,False,0,0,9,0
3396,0,0,0,0.8652158396155135,unknown,False,False,0,0,8,0
3397,0,0,0,0.9628302902557893,unknown,False,False,0,0,8,0
3398,0,0,0,0.9564541603089187,unknown,False,False,0,0,8,0
3399,0,0,0,0.7505382149560479,unknown,False,False,0,0,8,0
3400,0,0,0,0.5570941806210012,unknown,False,False,0,0,6,0
3401,0,0,0,0.47201590733104914,unknown,False,False,0,0,6,0
3402,0,0,0,0.6965205237183119,unknown,False,False,0,0,4,0
3403,0,0,0,0.7007115158199339,unknown,False,False,0,0,4,0
3404,0,0,0,0.7478442546323407,unknown,False,False,0,1,2,0
3405,0,0,0,0.6712941350659066,unknown,False,False,0,1,2,0
3406,0,0,0,0.3908253037283351,unknown,False,False,1,3,1,0
3407,1,0,1,0.20676810266042617,unknown,False,False,1,3,0,0
3408,1,0,1,0.13671733413596898,unknown,False,False,0,2,0,0
3409,2,0,2,0.5963833588669967,unknown,False,False,1,2,1,0
3410,2,0,2,0.8249220956655778,unknown,False,False,1,2,0,0
3411,2,0,2,0.0,unknown,False,True,1,4,1,0
3412,1,0,1,0.6298047841831081,red,False,True,1,3,1,0
3413,1,0,1,0.7516577026842289,red,False,True,0,1,4,0
3414,0,0,0,0.904604419036304,red,False,True,0,0,4,0
3415,0,0,0,0.6619806188823082,red,False,False,0,0,5,0
3416,0,0,0,0.7064338238536736,unknown,False,False,0,0,4,0
3417,0,0,0,1.0461327931371045,unknown,False,False,0,0,5,0
3418,0,0,0,1.5589748698426793,unknown,False,False,0,0,4,0
3419,0,0,0,1.1988832153539235,unknown,False,False,0,0,2,0
3420,0,0,0,1.0229973274484003,unknown,False,False,0,0,2,0
3421,0,0,0,1.4011096726379924,unknown,False,False,0,0,2,0
3422,0,0,0,1.1153453114912353,unknown,False,False,1,0,2,0
3423,2,0,2,0.5621204963645521,unknown,False,False,1,0,1,0
3424,1,1,2,0.4581613988071355,unknown,False,False,2,0,5,0
3425,1,1,2,0.26086885096983015,unknown,False,False,1,0,4,0
3426,1,0,1,0.267957610194004,unknown,False,False,0,1,3,0
3427,1,0,1,1.1053193005088238,unknown,False,False,1,0,4,0
3428,1,0,1,1.8029000721537856,unknown,False,False,2,1,1,0
3429,1,0,1,0.44792392077573595,unknown,False,False,0,1,2,0
3430,2,0,2,0.20733203176356513,unknown,False,False,1,1,1,0
3431,1,0,1,0.14236372769809252,unknown,False,False,1,1,0,0
3432,0,1,1,0.12143901489561275,red,False,True,1,1,0,0
3433,1,0,1,0.0,red,False,True,0,1,0,0
3434,2,0,2,0.7732394932219662,unknown,False,True,1,0,5,0
3435,2,0,2,0.7431013282030244,unknown,False,False,1,0,2,1
3436,1,0,1,0.6411125820992902,unknown,False,False,2,0,1,1
3437,2,0,2,1.0081601540079952,unknown,False,False,0,0,0,0
3438,2,0,2,0.0,unknown,False,False,1,0,0,0
3439,1,0,1,0.0,unknown,False,False,0,0,0,0
3440,1,0,1,0.0,unknown,False,False,0,0,0,0
3441,0,0,0,0.0,unknown,False,False,0,0,2,0
3442,0,0,0,0.0,unknown,False,False,0,0,0,0
3443,0,0,0,0.0,unknown,False,False,0,0,0,0
3444,0,0,0,0.0,unknown,False,False,0,0,0,0
3445,0,0,0,0.0,unknown,False,False,0,0,0,0
3446,0,0,0,0.0,unknown,False,False,0,0,0,0
3447,1,0,1,0.0,unknown,False,False,1,0,1,0
3448,1,0,1,0.3484526874535708,unknown,False,True,1,1,0,0
3449,2,0,2,0.3516077802364181,red,False,True,4,1,1,0
3450,4,0,4,0.4770203487002477,red,False,True,4,1,1,0
3451,5,0,5,0.36948327262894465,red,False,True,4,2,0,0
3452,4,0,4,0.3516861278961119,red,False,True,4,1,0,0
3453,4,0,4,0.0,unknown,False,True,1,2,0,0
3454,2,0,2,0.0,unknown,False,False,0,2,0,0
3455,1,0,1,0.0,unknown,False,False,0,1,0,0
3456,0,0,0,0.0,unknown,False,False,0,1,0,0
3457,0,0,0,0.2973833863371394,unknown,False,False,0,1,0,0
3458,0,0,0,0.20642999599000758,unknown,False,False,0,1,1,0
3459,0,0,0,0.0776793882762225,unknown,False,False,1,0,1,0
3460,1,0,1,0.1260212965300124,unknown,False,False,1,1,1,0
3461,1,0,1,0.2399227321064701,unknown,False,False,1,0,1,0
3462,1,0,1,0.06623780208672467,unknown,False,False,0,0,0,0
3463,0,0,0,0.5017683163046909,unknown,False,False,0,0,1,0
3464,0,0,0,0.4266751621804967,unknown,False,False,0,0,1,0
3465,0,0,0,0.4759417352452981,unknown,False,False,1,0,3,0
3466,1,0,1,0.6214739244999158,unknown,False,False,1,0,5,0
3467,0,1,1,0.7583402449746712,unknown,False,False,2,1,5,0
3468,1,0,1,0.7480085661153543,unknown,False,False,0,0,6,0
3469,1,0,1,0.7143205590608822,unknown,False,False,1,0,6,0
3470,2,0,2,0.6662419283452383,unknown,False,False,2,0,6,0
3471,3,0,3,0.38570247327390356,unknown,False,False,0,0,7,0
3472,1,0,1,0.4362110931574987,unknown,False,False,0,0,6,0
3473,0,0,0,0.4811497925254374,unknown,False,False,0,0,9,0
3474,1,0,1,0.49654815179868944,unknown,False,False,1,0,4,0
3475,1,0,1,0.7323852039860272,unknown,False,True,0,0,5,0
3476,0,0,0,0.4444010181458319,unknown,False,False,0,0,7,0
3477,0,0,0,0.5186351914944469,green,False,False,2,0,6,0
3478,1,0,1,0.6099612060051662,red,False,True,1,1,7,0
3479,3,0,3,0.5997410364981909,red,False,False,1,0,5,0
3480,2,0,2,0.47569581799945365,red,False,False,2,0,5,0
3481,4,0,4,0.5539590958940384,red,False,False,3,0,2,0
3482,6,0,6,0.6066225739295612,unknown,False,False,5,0,1,0
3483,8,0,8,0.8240405756404574,unknown,False,False,2,0,1,0
3484,7,0,7,0.7332396971766809,unknown,False,False,0,0,0,0
3485,3,0,3,0.0,unknown,False,False,0,0,1,0
3486,2,0,2,0.0,unknown,False,False,1,0,1,0
3487,0,1,1,0.20618374583002053,unknown,False,False,0,0,1,2
3488,1,1,2,0.4223806766583102,unknown,False,False,1,0,1,0
3489,1,0,1,2.010482531006862,unknown,False,False,1,0,1,0
3490,4,0,4,3.5419595676746773,unknown,False,False,6,0,1,0
3491,3,1,4,0.6718195212527983,unknown,False,False,5,0,2,0
3492,4,0,4,0.29109252743885305,unknown,False,False,3,0,1,0
3493,2,1,3,0.25444744536970293,unknown,False,False,2,0,1,0
3494,2,0,2,0.596192305059069,unknown,False,False,2,0,1,0
3495,3,0,3,0.33857658363244,unknown,False,False,3,0,4,1
3496,3,0,3,0.20377133304817538,unknown,False,False,3,0,3,1
3497,3,1,4,0.49458835714857197,unknown,False,False,4,0,4,1
3498,6,1,7,0.268698558014421,unknown,False,False,4,0,6,1
3499,5,0,5,0.3493769730484336,unknown,False,False,5,0,5,0
3500,5,0,5,0.6279302500089998,unknown,False,False,3,0,7,0
3501,4,0,4,0.5774935752349325,unknown,False,False,2,0,7,0
3502,3,0,3,0.5653431946083377,green,False,False,2,0,8,0
3503,2,0,2,0.6511053687172705,green,False,False,2,0,7,0
3504,2,0,2,0.7542359482374478,unknown,False,False,2,0,8,0
3505,2,0,2,0.5266217060496985,unknown,False,False,1,0,10,0
3506,1,0,1,0.7279718266008204,unknown,False,False,1,0,7,0
3507,2,0,2,0.5819906225194639,unknown,False,False,2,0,5,0
3508,2,0,2,0.5386027172963772,green,False,False,2,0,7,0
3509,1,0,1,0.33895131300771647,green,False,False,1,0,6,0
3510,1,0,1,0.22227077113582192,green,False,False,2,0,8,0
3511,3,0,3,0.17902455748218804,green,False,False,1,0,6,0
3512,2,0,2,0.27599748120532147,red,False,False,2,0,4,0
3513,2,0,2,0.31285788535081566,red,False,False,1,0,5,0
3514,2,0,2,0.34821657814386,red,False,True,1,1,2,0
3515,2,0,2,0.48235181391918847,red,False,True,2,1,1,0
3516,1,0,1,0.4710791410274905,unknown,False,False,2,0,0,0
3517,5,0,5,0.0,unknown,False,False,1,0,0,0
3518,6,0,6,0.26004487084012956,unknown,False,False,1,0,1,0
3519,1,0,1,0.10616602486901237,unknown,False,False,1,1,1,0
3520,2,0,2,0.03428497958970746,unknown,False,False,0,0,0,0
3521,4,0,4,0.4738794212575358,unknown,False,False,5,0,0,0
3522,7,0,7,0.2872543838240708,unknown,False,False,8,1,0,1
3523,6,2,8,0.0,unknown,False,False,9,1,0,0
3524,6,1,7,0.0,unknown,True,True,6,1,0,1
3525,9,1,10,0.0,unknown,False,False,6,2,0,0
3526,5,1,6,0.0,unknown,False,False,3,1,0,0
3527,4,3,7,0.0,unknown,False,False,6,2,0,0
3528,6,0,6,0.7060931238922294,unknown,False,False,5,1,1,0
3529,7,2,9,0.8604701104353425,unknown,False,False,3,1,1,0
3530,5,1,6,1.1371091611360442,red,True,True,5,1,2,0
3531,5,1,6,0.9464265474977406,red,True,True,5,2,7,0
3532,7,0,7,0.9520944350141974,unknown,True,True,2,1,9,0
3533,3,0,3,0.8767353905973312,unknown,False,True,1,0,6,0
3534,4,0,4,0.8030548388275246,unknown,False,False,3,0,3,0
3535,3,0,3,0.2794785221467276,unknown,False,False,5,0,0,0
3536,5,0,5,0.6662625900395491,unknown,False,False,3,0,0,0
3537,3,1,4,0.6074982464100072,unknown,False,False,3,0,0,0
3538,3,0,3,0.0,unknown,False,False,2,0,0,0
3539,2,0,2,0.21683042806015868,unknown,False,False,5,0,0,0
3540,2,0,2,0.0,unknown,False,False,2,0,0,0
3541,2,0,2,0.0,unknown,False,False,2,0,0,0
3542,2,0,2,0.0,unknown,False,False,5,0,0,0
3543,3,0,3,0.0,unknown,False,False,3,0,0,0
3544,3,0,3,0.0,unknown,False,False,0,0,0,0
3545,3,0,3,0.0,unknown,False,False,1,0,0,0
3546,1,0,1,0.7630679191303354,unknown,False,False,4,0,2,0
3547,2,0,2,0.9289069355783944,unknown,False,False,2,0,4,0
3548,2,0,2,1.4136471942935045,unknown,False,False,0,0,2,0
3549,2,0,2,1.0141478295370623,red,False,False,1,0,5,0
3550,1,0,1,0.6372558214356143,red,False,False,1,0,6,0
3551,2,0,2,0.47899706163249967,green,False,False,2,0,5,0
3552,4,0,4,0.8184829903853431,red,False,False,2,0,4,0
3553,3,0,3,0.7534664757641589,red,False,False,1,0,7,0
3554,2,0,2,0.38654654785906717,green,False,False,1,0,6,0
3555,3,0,3,0.7474174351260486,red,False,True,1,0,5,0
3556,4,0,4,0.6197215963799708,green,False,False,0,0,5,0
3557,3,0,3,0.7278364356650399,green,False,True,3,0,6,0
3558,3,0,3,0.4347384853315877,red,False,False,4,0,2,0
3559,6,0,6,0.27284928544109316,green,False,False,4,0,4,0
3560,5,0,5,0.250344590973819,green,True,False,3,0,3,0
3561,4,0,4,0.521202443510606,red,False,False,2,0,4,0
3562,4,0,4,0.8149672346713132,green,False,False,2,0,3,0
3563,5,0,5,0.38961415618182504,green,True,False,5,0,2,0
3564,5,0,5,0.32560425176967006,red,True,False,6,0,3,0
3565,6,0,6,0.3095186177931264,red,True,False,4,0,3,0
3566,5,0,5,0.8966835294511188,red,True,False,4,0,4,0
3567,6,0,6,0.6725437878442609,red,True,False,4,0,2,0
3568,4,0,4,0.2510396821390491,red,False,False,3,0,3,0
3569,4,0,4,0.17224291154266314,red,False,False,3,0,3,0
3570,4,0,4,0.03787030013304129,red,False,False,3,0,2,0
3571,5,0,5,0.05100412887763878,red,False,False,5,0,0,0
3572,5,0,5,0.3412616903170215,red,True,False,6,0,5,0
3573,6,0,6,0.2380802088933218,green,True,False,4,0,3,0
3574,6,0,6,0.2803240281455585,green,False,False,4,0,2,0
3575,6,1,7,0.49380491309009694,red,True,False,3,0,2,0
3576,6,0,6,0.5234080861886959,red,True,True,6,0,0,1
3577,4,0,4,0.5937924047212787,unknown,False,False,0,1,0,1
3578,0,0,0,0.5593107957970237,unknown,False,False,0,0,0,0
3579,0,0,0,0.21326315131695917,unknown,False,False,0,0,0,0
3580,1,0,1,0.08280850115589986,unknown,False,False,0,0,0,0
3581,1,0,1,0.0,red,False,False,1,0,0,0
3582,1,0,1,0.0,red,False,False,1,0,0,0
3583,3,0,3,0.0,unknown,False,False,2,0,0,0
3584,2,0,2,0.08483892697461397,unknown,False,False,2,0,1,0
3585,4,0,4,0.249443535465137,unknown,False,False,3,0,0,0
3586,4,1,5,0.4353858262134543,unknown,False,False,3,0,1,0
3587,6,0,6,0.3119798378560434,unknown,False,False,5,0,0,0
3588,7,0,7,0.0,unknown,False,False,8,0,0,0
3589,9,1,10,0.0,unknown,False,False,9,0,1,0
3590,15,1,16,0.3210030375594695,red,True,True,10,0,1,0
3591,15,0,15,0.7090981242628567,red,True,True,11,1,3,0
3592,12,0,12,0.5847827597683745,red,True,True,7,3,2,0
3593,12,0,12,0.6090753147738353,red,True,True,8,2,3,0
3594,11,0,11,0.6579795270861589,red,True,True,10,1,3,0
3595,13,0,13,0.6431596790488366,green,True,True,8,1,2,1
3596,11,0,11,1.0879582944032946,unknown,False,False,3,1,0,2
3597,5,0,5,0.0,unknown,False,False,5,1,0,3
3598,3,3,6,0.0,unknown,False,False,5,1,0,2
3599,6,0,6,0.0,unknown,False,False,4,1,0,0
3600,6,0,6,0.0,unknown,True,True,2,1,0,0
3601,3,0,3,0.0,unknown,False,True,1,1,0,0
3602,1,0,1,0.0,unknown,False,False,1,0,0,0
3603,1,0,1,0.0,unknown,False,False,3,0,0,0
3604,4,0,4,0.0,unknown,False,False,2,0,0,0
3605,3,1,4,0.0,unknown,False,False,3,0,0,0
3606,3,3,6,0.0,unknown,False,False,7,1,3,0
3607,5,1,6,0.4975259349104964,unknown,False,False,3,1,1,0
3608,3,0,3,0.8177788162779326,red,False,True,0,1,2,0
3609,1,0,1,0.9299312087558401,red,False,True,0,1,2,0
3610,0,0,0,0.8880700681412643,red,False,True,1,1,7,0
3611,0,0,0,0.8185725220827403,red,False,True,0,0,6,0
3612,0,0,0,0.6344024132019594,unknown,False,False,1,0,5,0
3613,2,0,2,0.45473498735026185,unknown,False,False,2,0,2,0
3614,5,0,5,0.38744483417230785,unknown,False,False,3,0,0,2
3615,5,0,5,0.27392745303106397,unknown,False,False,3,0,1,2
3616,7,0,7,0.28632251873268444,unknown,False,False,3,0,2,0
3617,6,0,6,0.21974800585195542,unknown,True,False,5,0,0,0
3618,6,0,6,0.23044543071312032,unknown,True,False,4,0,0,0
3619,5,0,5,0.0,unknown,False,False,6,0,0,0
3620,5,0,5,0.0,unknown,True,False,5,0,3,0
3621,5,0,5,0.0,unknown,False,False,3,0,0,0
3622,6,0,6,0.0,unknown,False,False,11,0,0,0
3623,10,0,10,0.0,unknown,False,False,12,1,0,0
3624,8,1,9,0.0,unknown,True,True,6,0,0,0
3625,8,0,8,0.0,unknown,True,True,5,0,1,0
3626,5,0,5,0.0,yellow,True,False,4,0,1,0
3627,6,0,6,0.39890706760651545,red,True,False,3,0,0,0
3628,4,0,4,0.4577869867619142,red,False,False,2,0,0,0
3629,3,0,3,0.3562821342162086,red,False,True,4,0,0,0
3630,7,0,7,0.0,red,True,False,7,0,0,0
3631,7,1,8,0.11474741603402344,yellow,True,True,7,1,1,0
3632,7,1,8,0.08407578398565932,red,True,False,4,0,1,1
3633,6,0,6,0.0,yellow,True,False,2,0,0,0
3634,6,0,6,0.0,unknown,False,False,3,0,0,0
3635,4,0,4,0.0,unknown,False,False,1,0,1,0
3636,3,0,3,0.0,unknown,False,False,0,0,0,0
3637,0,0,0,0.0,unknown,False,False,0,0,0,0
3638,0,0,0,0.56889408527786,unknown,False,False,0,0,0,1
3639,0,0,0,0.3679415591336767,unknown,False,False,0,0,1,0
3640,0,0,0,0.16098459097982754,unknown,False,False,0,0,0,1
3641,0,0,0,0.10438356629942208,unknown,False,False,1,0,0,0
3642,2,0,2,0.0,unknown,False,False,1,0,0,0
3643,1,0,1,0.0,unknown,False,False,0,0,0,0
3644,1,0,1,0.0,red,False,False,0,0,1,0
3645,0,0,0,0.34149570979685606,red,False,False,0,0,2,0
3646,0,0,0,0.41667121695357495,red,False,False,0,0,4,0
3647,0,0,0,0.38653528410195437,red,False,False,0,0,2,0
3648,1,0,1,0.5151553068947771,red,False,False,1,0,2,0
3649,0,1,1,0.7036500772002635,red,False,False,2,0,1,0
3650,1,0,1,0.6446153016990601,unknown,False,False,0,0,1,0
3651,1,0,1,0.42270972692605785,unknown,False,False,0,0,0,0
3652,0,0,0,0.0,unknown,False,False,1,0,0,0
3653,0,0,0,0.0,unknown,False,False,0,0,0,0
3654,2,0,2,0.0,unknown,False,False,2,0,1,0
3655,2,0,2,0.42704133265497835,unknown,False,False,1,0,8,0
3656,1,0,1,0.6291477416749304,unknown,False,False,1,0,10,0
3657,1,0,1,0.7128928864494315,unknown,False,False,2,0,9,0
3658,2,0,2,0.6907075472029996,unknown,False,False,0,0,3,0
3659,0,0,0,0.6899974463262107,unknown,False,False,0,0,10,0
3660,0,0,0,0.49671722093745363,unknown,False,False,0,0,11,0
3661,0,0,0,0.4781893454812153,unknown,False,False,0,1,6,0
3662,0,0,0,0.5207188796786456,red,False,False,0,0,10,0
3663,0,0,0,0.5247295408139001,unknown,False,False,0,0,7,0
3664,0,0,0,0.516813959467595,red,False,False,0,0,3,0
3665,1,0,1,0.5927469201278184,red,False,False,0,0,4,0
3666,1,0,1,0.44734750225515213,red,False,False,0,0,5,0
3667,1,0,1,0.1741855417012386,green,False,False,0,0,7,0
3668,1,0,1,0.16257273907068454,red,False,False,0,0,7,0
3669,2,0,2,0.12204318103330832,yellow,False,False,1,0,7,0
3670,1,0,1,0.2627428331926783,red,False,False,2,0,7,0
3671,1,0,1,0.462892613297995,unknown,False,False,2,0,7,0
3672,3,0,3,0.3343383896728175,red,False,False,3,0,6,0
3673,3,0,3,0.3231425818602647,red,False,False,3,0,6,0
3674,3,0,3,0.3865096142759876,red,False,True,3,1,3,0
3675,3,0,3,0.5290805079197333,red,False,True,1,1,9,0
3676,4,0,4,0.3242586223883734,red,False,True,2,0,0,0
3677,2,0,2,0.3993028258937101,unknown,False,False,0,0,1,0
3678,2,0,2,0.35841907995480204,unknown,False,False,0,0,0,0
3679,0,0,0,0.0,unknown,False,False,1,0,0,0
3680,1,0,1,0.0,unknown,False,False,0,0,0,0
3681,1,0,1,0.0,unknown,False,False,0,0,0,0
3682,1,0,1,0.0,unknown,False,False,0,0,0,0
3683,0,0,0,0.0,unknown,False,False,0,0,0,1
3684,0,0,0,0.5311773671583412,unknown,False,False,1,0,0,1
3685,0,0,0,0.3983207368229275,unknown,False,False,0,0,0,0
3686,0,0,0,0.0,unknown,False,False,0,0,1,0
3687,0,0,0,1.467370393431238,unknown,False,False,0,0,0,0
3688,0,0,0,0.0,unknown,False,False,1,0,1,0
3689,2,0,2,0.5748408342908841,unknown,False,False,2,0,1,0
3690,2,0,2,0.9591624487242131,unknown,False,False,1,0,1,0
3691,1,0,1,0.8221313067412046,green,False,False,1,0,3,0
3692,1,0,1,0.5572688123294739,unknown,False,False,1,0,3,0
3693,1,0,1,0.3943477827479205,yellow,False,False,2,0,3,0
3694,1,0,1,0.5166007986209307,unknown,False,False,2,0,3,0
3695,2,0,2,0.6609175410843925,unknown,False,False,2,0,4,0
3696,2,0,2,0.9125724182286146,unknown,False,False,1,0,3,0
3697,2,0,2,1.4534845897111177,unknown,False,False,2,0,3,0
3698,2,0,2,1.0391525354197655,unknown,False,False,1,0,5,0
3699,2,0,2,0.8014537538483889,unknown,False,False,2,0,6,0
3700,2,0,2,0.6719325792820198,unknown,False,False,1,0,4,0
3701,1,0,1,0.6561808203580636,unknown,False,False,1,0,5,0
3702,1,0,1,0.7767383611035112,unknown,False,False,2,0,3,0
3703,2,0,2,0.8676645190645591,unknown,False,False,1,0,3,0
3704,1,0,1,0.7443434278237253,unknown,False,False,1,0,5,0
3705,1,0,1,0.6625849137012313,unknown,False,False,1,0,3,0
3706,1,0,1,1.232089547771389,unknown,False,False,0,0,3,0
3707,1,0,1,1.6185278384085708,unknown,False,False,1,0,4,0
3708,1,0,1,0.7252578633932446,red,False,False,1,0,6,0
3709,2,0,2,0.7634754173195833,unknown,False,False,2,0,2,0
3710,2,0,2,1.8731124601799767,unknown,False,False,3,0,2,0
3711,2,0,2,1.9453117458213152,unknown,False,False,0,0,3,0
3712,3,0,3,0.5190357471730334,unknown,False,False,2,0,2,0
3713,2,0,2,0.3593584820577145,unknown,False,False,1,0,3,0
3714,1,0,1,0.268255956080315,unknown,False,False,1,0,2,0
3715,1,0,1,0.184355460891845,unknown,False,False,2,0,1,0
3716,1,0,1,0.45759306964371216,unknown,False,False,0,0,1,0
3717,1,0,1,0.5550780470469205,unknown,False,False,1,0,1,0
3718,1,0,1,0.9372492742626302,green,False,False,2,0,1,0
3719,1,0,1,0.14471917648535884,unknown,False,False,2,0,0,0
3720,3,0,3,0.0,yellow,False,False,0,0,1,0
3721,2,0,2,0.0,green,False,False,3,0,0,0
3722,1,0,1,0.6493688875642959,unknown,False,False,1,0,1,0
3723,2,0,2,0.5091688646631043,unknown,False,False,3,0,1,0
3724,2,0,2,0.3835999605668334,red,False,False,2,0,1,0
3725,1,1,2,0.2799767149903483,yellow,False,False,2,0,2,0
3726,2,0,2,0.3364206047689066,unknown,False,False,2,0,1,0
3727,2,0,2,0.37566890285908006,red,False,False,2,0,3,0
3728,2,0,2,0.26844127625052294,unknown,False,False,1,0,2,1
3729,1,0,1,0.39814270496723725,unknown,False,False,1,0,2,0
3730,1,0,1,0.6912760938653374,unknown,False,False,0,0,3,0
3731,0,0,0,0.890328470443564,unknown,False,False,0,0,5,0
3732,0,0,0,1.3117824414108552,unknown,False,False,0,0,6,0
3733,0,0,0,1.2508026016072125,unknown,False,False,1,0,6,0
3734,1,0,1,0.7362224581305238,unknown,False,False,1,0,6,0
3735,1,0,1,0.5267267350960738,unknown,False,False,1,0,6,0
3736,2,0,2,0.4079152573186353,unknown,False,False,2,0,4,0
3737,2,0,2,0.4155183572116497,unknown,False,False,2,0,5,0
3738,3,0,3,0.3763997409591016,unknown,False,False,3,0,7,0
3739,3,0,3,0.596748031819386,unknown,False,False,2,0,8,0
3740,3,0,3,0.508910324235563,yellow,False,False,2,0,7,0
3741,4,0,4,0.36565090275634254,unknown,False,False,2,0,11,0
3742,3,0,3,0.47797490409100707,unknown,False,False,2,0,4,0
3743,2,0,2,0.46670216766456996,unknown,False,False,1,0,4,0
3744,4,0,4,0.6265057497967912,unknown,False,False,2,0,4,0
3745,3,0,3,1.4711744654721959,unknown,False,False,3,0,4,0
3746,2,1,3,2.308830828071127,unknown,False,False,2,0,3,0
3747,3,0,3,1.568126447227371,unknown,False,False,0,0,5,0
3748,1,0,1,1.1582964030660232,unknown,False,False,1,0,5,0
3749,0,0,0,1.1450240282892277,unknown,False,False,0,0,3,0
3750,0,0,0,1.087557632005506,unknown,False,False,0,0,2,0
3751,0,0,0,0.5723029877575881,unknown,False,False,0,0,1,0
3752,0,0,0,0.09850461690553698,unknown,False,False,0,0,0,0
3753,0,0,0,0.0,red,False,False,0,0,0,0
3754,0,0,0,1.0584828097561638,green,False,False,1,0,1,0
3755,2,0,2,1.343386336158756,red,False,False,2,0,1,0
3756,1,1,2,0.8022301890586649,unknown,False,False,2,0,1,0
3757,2,0,2,1.94030578457447,unknown,False,False,0,0,1,0
3758,0,0,0,2.193579276885488,unknown,False,False,0,0,1,0
3759,0,0,0,0.586651182150318,unknown,False,False,0,0,1,0
3760,0,0,0,2.4421891397699196,unknown,False,False,0,0,1,0
3761,0,0,0,2.431359686729906,unknown,False,False,0,0,1,0
3762,0,0,0,1.2142874303460733,unknown,False,False,0,0,0,0
3763,0,0,0,0.0,unknown,False,False,0,0,0,0
3764,0,0,0,0.0,unknown,False,False,0,0,0,0
3765,0,0,0,0.0,unknown,False,False,0,0,0,0
3766,0,0,0,0.0,unknown,False,False,0,1,0,0
3767,0,0,0,0.5986651832321197,unknown,False,False,0,1,0,0
3768,0,0,0,0.6478020688809651,unknown,False,False,0,1,0,0
3769,0,0,0,0.16409425234310196,unknown,False,False,0,1,3,0
3770,0,0,0,0.15996796339769617,unknown,False,True,0,1,3,0
3771,0,0,0,0.40403889532993675,red,False,True,0,1,4,0
3772,0,0,0,0.44834155575653933,green,False,True,0,0,2,0
3773,0,0,0,0.8532642640054291,unknown,False,False,0,0,2,1
3774,0,0,0,0.5749056982692982,yellow,False,False,0,0,4,1
3775,0,0,0,0.6999496869437589,yellow,False,False,0,0,2,0
3776,0,0,0,0.7494923573175566,unknown,False,False,0,0,3,0
3777,0,0,0,0.42333821533490923,unknown,False,False,0,0,0,0
3778,0,0,0,0.31855414873190274,unknown,False,False,0,0,1,0
3779,0,0,0,0.686664513610292,unknown,False,False,0,0,2,0
3780,0,0,0,1.3276426276795608,unknown,False,False,0,0,1,0
3781,0,0,0,0.7145089383468191,unknown,False,False,0,0,2,0
3782,0,0,0,0.22384294074081199,unknown,False,False,0,0,2,0
3783,0,0,0,0.14356816526279353,unknown,False,False,0,0,1,0
3784,0,0,0,0.0538741023438224,unknown,False,False,0,0,2,0
3785,0,0,0,0.05031814403024452,unknown,False,False,0,0,2,0
3786,0,0,0,0.05069263915267201,unknown,False,False,0,0,1,0
3787,0,0,0,0.07923323680306123,red,False,False,0,0,0,0
3788,0,0,0,0.0,red,False,False,0,0,1,0
3789,0,0,0,0.22361711216867605,unknown,False,True,0,0,0,0
3790,0,0,0,0.14994009173969755,unknown,False,True,0,0,1,0
3791,0,0,0,0.0,unknown,False,False,0,1,1,0
3792,0,0,0,0.19751943767822852,unknown,False,False,0,1,2,0
3793,0,0,0,0.5914981587322349,unknown,False,False,1,1,4,0
3794,0,0,0,2.5784521498753556,unknown,False,False,0,1,4,0
3795,0,0,0,1.3022539933494814,unknown,False,False,0,1,6,0
3796,0,0,0,1.1692964481437331,unknown,False,False,0,1,8,0
3797,0,0,0,1.7579723168972272,unknown,False,False,0,1,9,0
3798,0,0,0,1.6831104916783057,unknown,False,False,0,0,6,0
3799,0,0,0,0.9728042570832629,unknown,False,False,0,0,8,0
3800,0,0,0,0.3483579856833827,unknown,False,False,0,0,8,0
3801,0,0,0,0.21227022118842476,unknown,False,False,0,0,7,0
3802,0,0,0,0.17029485300641123,red,False,False,0,0,9,0
3803,0,0,0,0.24016704262706978,red,False,False,0,0,10,0
3804,0,0,0,0.2825647528536549,unknown,False,False,0,0,11,0
3805,0,0,0,0.3632132217207439,unknown,False,False,0,0,11,0
3806,0,0,0,0.47112113495854774,unknown,False,False,0,0,12,0
3807,0,0,0,0.5020831978478747,unknown,False,False,0,0,12,0
3808,1,0,1,0.4945076181355408,unknown,False,False,0,0,12,0
3809,1,0,1,0.5751167679877148,unknown,False,False,0,0,11,0
3810,0,0,0,0.6205122097907337,unknown,False,False,0,0,10,0
3811,0,0,0,0.6383758123638797,unknown,False,False,0,0,6,0
3812,0,0,0,0.7090523317778965,unknown,False,False,1,0,5,0
3813,0,0,0,0.8267178027199278,unknown,False,False,0,0,7,0
3814,0,0,0,0.9468479235968619,unknown,False,False,1,0,7,0
3815,0,0,0,0.7795913758157409,unknown,False,False,1,0,7,0
3816,1,0,1,0.5413475531593587,unknown,False,False,0,0,4,0
3817,0,0,0,0.5598737584463762,unknown,False,False,0,0,4,0
3818,0,0,0,0.34530457924955915,unknown,False,False,0,0,4,0
3819,0,0,0,0.21607643696506904,red,False,False,0,0,2,0
3820,0,0,0,0.22651178255476814,unknown,False,False,0,0,1,0
3821,0,0,0,0.2872586745822104,unknown,False,False,1,0,0,0
3822,1,0,1,0.0,unknown,False,False,0,0,1,0
3823,1,0,1,0.0,unknown,False,False,0,0,0,0
3824,1,0,1,0.0,unknown,False,False,1,0,0,0
3825,1,0,1,0.0,unknown,False,False,1,0,0,2
3826,3,0,3,0.38484589796426993,unknown,False,False,2,0,2,2
3827,1,1,2,0.23075727429882284,unknown,False,False,1,0,1,1
3828,2,0,2,0.0,unknown,False,False,0,0,0,0
3829,0,0,0,0.0,unknown,False,False,0,0,0,0
3830,0,0,0,0.0,unknown,False,False,0,0,0,0
3831,0,0,0,0.0,unknown,False,False,0,0,0,0
3832,0,0,0,0.0,unknown,False,False,0,1,1,0
3833,0,0,0,0.0,unknown,False,False,0,1,1,0
3834,0,0,0,0.3481062869446716,unknown,False,False,1,1,4,0
3835,1,0,1,0.2636122450014939,unknown,False,False,0,1,4,0
3836,1,0,1,0.5508995627920925,red,False,True,1,1,3,0
3837,1,0,1,0.20091514996900348,red,False,True,3,1,2,0
3838,1,0,1,0.22824136326190167,red,False,True,1,1,3,0
3839,1,0,1,0.3903120631598072,red,False,True,1,1,5,0
3840,2,0,2,0.3118854567137001,red,False,True,1,1,4,0
3841,2,0,2,0.3750704294072709,green,False,True,1,1,6,0
3842,2,0,2,0.3682995652735543,green,False,False,2,1,5,0
3843,2,0,2,0.43052217096647843,red,False,True,2,1,5,0
3844,2,0,2,0.33023299909029696,red,False,True,1,1,1,0
3845,1,0,1,0.23571696424333566,unknown,False,True,2,1,0,0
3846,2,0,2,0.3664367894757621,unknown,False,True,0,1,4,0
3847,1,0,1,0.40332134489539856,unknown,False,False,2,1,3,0
3848,2,1,3,0.3694099843485422,unknown,False,False,4,1,4,1
3849,4,2,6,0.47566098669090234,unknown,False,False,2,1,5,0
3850,6,0,6,0.9021410263857402,unknown,False,False,4,1,1,0
3851,4,1,5,0.6848380634101632,unknown,False,False,2,1,6,1
3852,2,1,3,0.6880381353440606,unknown,False,False,3,1,11,0
3853,2,0,2,0.5442153516589446,unknown,False,False,0,1,7,0
3854,1,0,1,0.4600640565809169,unknown,False,False,1,1,8,0
3855,1,0,1,0.37623022013830976,unknown,False,False,0,1,3,0
3856,1,0,1,0.39378396854296516,unknown,False,False,1,1,1,0
3857,1,0,1,0.22716130640917898,unknown,False,False,0,1,0,0
3858,0,0,0,0.0,unknown,False,False,0,1,0,0
3859,0,0,0,0.0,unknown,False,False,0,1,0,0
3860,1,0,1,0.0,unknown,False,False,1,1,0,0
3861,1,0,1,0.5451025022016355,unknown,False,True,1,1,2,0
3862,2,0,2,0.382440392710682,unknown,False,False,2,1,2,0
3863,3,0,3,0.6108197714111296,red,False,True,3,0,7,0
3864,3,0,3,0.7969246753504157,unknown,False,False,2,0,9,0
3865,3,0,3,0.7492413335316107,green,False,False,4,0,7,0
3866,3,0,3,0.6646893496207804,red,False,True,3,0,7,0
3867,3,0,3,0.542105142961509,red,False,True,3,1,6,0
3868,3,0,3,0.5147306894465913,red,False,True,3,1,6,0
3869,4,0,4,0.4432381719978054,green,False,True,2,1,6,0
3870,4,0,4,0.3993231706376998,green,False,True,3,1,5,0
3871,3,0,3,0.5231003623875723,green,False,True,3,1,5,0
3872,3,0,3,0.49993434724655617,unknown,False,False,3,1,4,0
3873,3,0,3,0.3162503496139725,red,False,True,2,1,4,0
3874,2,0,2,0.44648855306756496,red,False,True,2,1,4,0
3875,2,0,2,0.8464378878038202,unknown,False,True,2,1,5,0
3876,2,0,2,0.7955573193214602,red,False,True,4,1,3,0
3877,3,0,3,0.4609351829849449,red,False,True,4,1,3,0
3878,3,0,3,0.43770378678904664,red,False,True,3,1,4,0
3879,4,0,4,0.3419384384881609,green,False,True,0,1,5,0
3880,0,0,0,0.6653913625981503,unknown,False,True,0,0,2,0
3881,0,0,0,0.42934405044126633,unknown,False,False,0,0,1,0
3882,0,0,0,0.08898211669712032,unknown,False,False,0,0,0,0
3883,0,0,0,0.044315298484983785,unknown,False,False,0,0,1,0
3884,0,0,0,0.1300672453406516,unknown,False,False,0,0,0,0
3885,0,0,0,0.0,unknown,False,False,0,0,0,0
3886,0,0,0,0.0,unknown,False,False,0,0,0,0
3887,0,0,0,0.33771833243189797,unknown,False,False,0,0,1,0
3888,0,0,0,0.22629124611750212,unknown,False,False,1,0,1,0
3889,1,0,1,0.22770846375428444,unknown,False,False,1,1,0,0
3890,2,0,2,0.1736231691004108,unknown,False,False,2,1,1,0
3891,2,0,2,0.21937136183077732,unknown,False,False,0,1,1,0
3892,0,0,0,0.26289550764481695,unknown,False,False,0,1,0,0
3893,0,0,0,0.2030568314345833,unknown,False,True,0,1,0,0
3894,0,0,0,0.0,unknown,False,True,0,1,2,0
3895,0,0,0,0.8650162982449421,red,False,True,2,1,1,0
3896,0,0,0,0.7590892300585316,red,False,True,0,1,1,0
3897,0,0,0,0.6126437004489429,yellow,False,True,0,1,0,0
3898,0,0,0,0.47152770879709055,red,False,True,0,1,1,0
3899,0,0,0,0.0,red,False,True,0,1,0,0
3900,0,0,0,0.0,red,False,True,1,0,1,0
3901,0,0,0,0.15635810065542655,yellow,False,False,1,0,2,0
3902,2,0,2,0.1228696713211305,yellow,False,False,4,0,1,0
3903,3,0,3,0.07285572616451665,unknown,False,False,6,0,1,0
3904,3,0,3,0.06405281331043004,unknown,False,False,4,0,0,0
3905,4,0,4,0.05021430847969226,unknown,False,False,2,0,0,0
3906,4,0,4,0.0,unknown,False,False,1,0,0,0
3907,1,0,1,0.0,unknown,False,False,0,0,0,0
3908,0,0,0,0.0,unknown,False,False,0,0,1,0
3909,0,0,0,0.42898525342533617,unknown,False,False,0,0,0,0
3910,0,0,0,0.7759417726911001,unknown,False,False,1,0,0,1
3911,1,0,1,0.0,unknown,False,False,2,0,0,1
3912,1,0,1,0.0,unknown,False,False,2,0,1,2
3913,1,0,1,0.575147334100867,unknown,False,False,0,0,2,0
3914,0,0,0,0.6980590769566148,unknown,False,False,1,0,6,0
3915,1,0,1,0.895497754483672,red,False,True,1,2,2,0
3916,1,0,1,0.9402650979665623,red,False,True,0,1,4,0
3917,2,0,2,1.0118137257808835,red,False,True,1,1,4,1
3918,1,1,2,0.8625862863567629,unknown,False,True,2,1,3,1
3919,2,0,2,0.6152062913448305,unknown,False,False,0,1,2,0
3920,1,0,1,0.4877624424008918,unknown,False,False,1,1,1,0
3921,1,0,1,0.27411502957497,unknown,False,False,4,0,0,0
3922,2,1,3,0.07996857530499453,unknown,False,False,2,0,0,0
3923,1,0,1,0.05446936452431822,unknown,False,False,1,0,0,0
3924,2,0,2,0.0,unknown,False,False,1,0,0,0
3925,1,1,2,0.0,unknown,False,False,2,0,0,0
3926,2,0,2,0.0,unknown,False,False,3,0,0,0
3927,4,0,4,0.0,unknown,False,False,2,0,0,0
3928,4,0,4,0.0,unknown,False,False,3,0,0,0
3929,6,1,7,0.13571109945339768,unknown,False,False,5,0,2,0
3930,5,4,9,0.24347768103100473,unknown,True,False,5,0,0,0
3931,9,1,10,0.6602043993401827,red,True,True,8,1,3,0
3932,6,0,6,0.6895589629543775,green,True,True,3,2,6,0
3933,6,0,6,0.7667071579179143,green,False,False,3,1,4,0
3934,5,0,5,1.0026371752395515,red,True,True,1,1,6,0
3935,5,0,5,0.9413148607812275,unknown,True,True,2,1,0,0
3936,1,0,1,1.4148578426410148,unknown,False,False,2,2,0,0
3937,1,1,2,0.0,unknown,False,False,1,3,2,0
3938,2,1,3,0.2920237094892014,unknown,False,False,3,3,0,0
3939,2,1,3,0.0,unknown,False,False,3,2,0,0
3940,2,1,3,0.0,unknown,False,False,3,2,1,0
3941,3,2,5,0.18284174246883494,unknown,False,False,4,1,1,0
3942,6,0,6,0.0,unknown,False,False,5,1,0,0
3943,7,0,7,0.0,unknown,False,False,1,0,2,0
3944,2,0,2,0.0,unknown,False,False,1,0,2,0
3945,1,0,1,0.36613912692753176,unknown,False,False,0,0,0,1
3946,1,0,1,0.24071288037413788,unknown,False,False,0,0,0,2
3947,0,0,0,0.0,unknown,False,False,0,0,1,2
3948,1,0,1,0.4671647382219664,red,False,False,1,0,0,0
3949,1,0,1,0.5073975382961765,red,False,False,1,0,1,0
3950,2,0,2,0.39560641275440783,red,False,True,3,0,2,0
3951,2,0,2,0.45727223577732773,red,False,False,3,0,1,0
3952,3,0,3,0.5262929785223277,red,False,False,3,0,1,0
3953,3,0,3,0.4611387519223949,red,False,False,0,0,2,0
3954,3,0,3,0.5369281661719075,unknown,False,False,1,0,0,0
3955,2,0,2,0.38263224696175363,unknown,False,False,2,0,0,0
3956,2,0,2,0.0,unknown,False,False,1,0,0,0
3957,3,0,3,0.0,unknown,False,False,2,0,0,0
3958,5,0,5,0.0,unknown,False,False,2,0,0,0
3959,9,0,9,0.0,unknown,False,False,6,0,0,0
3960,8,0,8,0.0,unknown,False,False,6,0,0,0
3961,7,1,8,0.0,unknown,False,False,5,0,0,0
3962,8,2,10,0.0,unknown,False,False,6,0,0,0
3963,7,2,9,0.0,unknown,False,False,4,0,0,0
3964,8,0,8,0.0,unknown,False,False,4,0,0,0
3965,4,2,6,0.0,unknown,False,False,5,0,1,0
3966,4,0,4,0.8023272924827051,unknown,False,False,3,0,1,0
3967,7,0,7,0.6266431735411939,unknown,False,False,4,1,5,0
3968,5,0,5,0.48101735686468877,unknown,True,False,2,0,4,0
3969,6,0,6,0.7017853574770375,green,False,False,4,0,3,0
3970,3,0,3,1.1776632371071163,green,False,False,3,0,5,0
3971,2,0,2,0.39775742386656676,green,False,False,2,0,7,0
3972,3,0,3,0.279447049078453,green,False,True,5,0,8,0
3973,5,0,5,0.32879971874361585,green,False,False,3,0,6,0
3974,4,0,4,0.6804525230888313,green,False,False,3,0,9,0
3975,5,0,5,0.6470154200179516,green,False,False,4,0,9,0
3976,4,0,4,0.46799383541380224,green,False,False,4,0,7,0
3977,4,0,4,0.62668726392605,green,False,False,3,0,6,0
3978,3,0,3,0.5108697573950658,red,False,True,3,0,7,0
3979,2,0,2,0.3332783764583424,unknown,False,True,2,1,9,0
3980,2,0,2,0.42920043512256334,red,False,True,0,0,3,0
3981,4,0,4,0.5030092704789384,unknown,False,True,2,1,3,0
3982,4,0,4,0.6245852792562495,unknown,False,True,1,1,1,0
3983,1,1,2,0.4277469656485818,unknown,False,True,2,1,2,0
3984,4,0,4,0.5792134301616211,unknown,False,False,3,2,2,0
3985,2,1,3,0.37362041560492487,unknown,False,False,2,1,3,0
3986,5,0,5,0.4617761090825482,unknown,False,False,2,1,0,0
3987,3,0,3,0.5005287345294142,unknown,False,False,2,1,0,0
3988,2,0,2,0.0,unknown,False,False,1,0,0,0
3989,2,0,2,0.0,unknown,False,False,4,0,0,0
3990,3,2,5,0.0,unknown,False,False,5,0,0,0
3991,3,3,6,0.0,unknown,False,False,7,0,0,0
3992,3,1,4,0.0,unknown,False,False,2,0,0,0
3993,0,0,0,0.0,red,False,False,0,0,0,0
3994,0,1,1,0.0,unknown,False,False,3,0,2,0
3995,3,1,4,0.7886158904555418,red,False,False,2,0,2,0
3996,3,0,3,0.6209471127678649,unknown,False,False,2,0,4,0
3997,2,0,2,0.876958189291757,unknown,False,False,1,0,5,0
3998,1,0,1,1.0710261673980155,green,False,False,0,0,6,0
3999,2,0,2,0.9000160757353032,unknown,False,False,3,0,4,0
4000,3,0,3,0.516379059232937,unknown,False,False,2,0,9,0
4001,2,1,3,0.3409938244899953,red,False,False,2,0,9,1
4002,3,0,3,0.4117848600948109,unknown,False,False,3,0,7,0
4003,4,0,4,0.45591377795374105,unknown,False,False,2,0,9,0
4004,2,0,2,0.5540995678517872,unknown,False,False,0,0,6,0
4005,0,0,0,0.5189587701566065,unknown,False,False,1,0,9,0
4006,2,0,2,0.45302101436458675,yellow,False,False,0,0,6,0
4007,2,0,2,0.8324252751167726,unknown,False,False,1,0,5,0
4008,0,0,0,0.7857798962814171,unknown,False,False,1,0,7,0
4009,1,0,1,0.5537973869752911,unknown,False,False,1,0,5,0
4010,3,0,3,0.407243691087774,unknown,False,False,2,0,7,0
4011,3,0,3,0.4658680411228537,red,False,False,1,0,5,0
4012,5,0,5,0.47659427363101725,unknown,False,False,4,0,4,0
4013,5,0,5,0.5456670383594641,unknown,False,False,1,0,1,0
4014,5,0,5,0.44691998374278075,unknown,False,False,1,0,0,0
4015,2,0,2,0.2586861290659567,unknown,False,False,1,0,2,0
4016,1,0,1,0.3557340310273599,unknown,False,False,0,0,1,0
4017,1,0,1,0.8994014393852169,unknown,False,False,2,0,1,0
4018,0,0,0,1.9055231071281356,unknown,False,False,0,0,1,0
4019,0,0,0,2.6720897321872,unknown,False,False,0,0,1,0
4020,0,1,1,1.1788769841646467,unknown,False,False,1,0,1,2
4021,2,1,3,0.42021054881180087,unknown,False,False,5,0,1,0
4022,3,1,4,0.19905990490570075,unknown,False,False,3,0,0,0
4023,3,2,5,0.12949413830021284,unknown,False,False,3,0,0,0
4024,3,0,3,0.013074049991658721,unknown,False,False,2,0,0,0
4025,3,0,3,0.4899792817670224,unknown,False,False,0,0,0,0
4026,0,0,0,0.7047142070108294,red,False,False,0,0,7,0
4027,0,0,0,0.8606063926982578,red,False,False,0,0,8,0
4028,1,0,1,0.8745933266220561,red,False,False,0,0,9,0
4029,1,0,1,0.7170740009746809,red,False,True,0,0,4,0
4030,0,0,0,0.7963229210776517,unknown,False,False,1,0,3,0
4031,1,0,1,0.6589044631165487,unknown,False,False,2,1,0,0
4032,0,1,1,0.3209616057673868,unknown,False,False,1,0,1,0
4033,2,0,2,0.3924674898231207,unknown,False,False,1,0,0,0
4034,1,0,1,0.0,unknown,False,False,0,0,0,0
4035,1,0,1,0.0,unknown,False,False,0,0,0,0
4036,0,0,0,0.0,unknown,False,False,0,0,0,0
4037,0,0,0,0.0,unknown,False,False,0,0,0,0
4038,2,0,2,0.0,unknown,False,False,2,0,0,0
4039,3,0,3,0.0,unknown,False,False,3,0,1,0
4040,3,0,3,0.0,unknown,False,False,3,0,0,0
4041,6,0,6,0.0,unknown,False,False,3,0,1,0
4042,3,0,3,0.0,unknown,False,False,0,0,1,0
4043,2,0,2,0.0,unknown,False,False,1,0,0,0
4044,2,0,2,0.0,unknown,False,False,3,0,0,0
4045,3,0,3,0.0,unknown,False,False,5,0,0,0
4046,4,0,4,0.0,red,False,False,4,0,0,0
4047,4,0,4,0.0,red,False,False,1,0,1,0
4048,1,0,1,0.9143124914109276,unknown,False,False,0,0,2,0
4049,0,0,0,0.7443770745622983,unknown,False,False,0,0,0,0
4050,0,0,0,0.3977410465826841,unknown,False,False,0,0,1,0
4051,0,0,0,0.0,unknown,False,False,0,0,0,0
4052,0,0,0,0.0,unknown,False,False,0,0,0,0
4053,0,0,0,0.06468210546700462,unknown,False,False,0,0,0,0
4054,0,0,0,0.14138778568480642,unknown,False,False,0,0,0,0
4055,0,0,0,0.0,unknown,False,False,0,1,1,0
4056,0,0,0,0.0,unknown,False,False,2,1,0,0
4057,1,0,1,0.0,unknown,False,False,0,1,0,0
4058,1,0,1,0.0,unknown,False,False,0,2,0,0
4059,1,0,1,0.0,unknown,False,False,1,0,0,0
4060,1,0,1,0.0,red,False,False,1,0,3,0
4061,1,0,1,1.0252968121959236,red,False,False,0,0,1,0
4062,1,0,1,1.3015287227282828,red,False,False,0,0,1,0
4063,0,0,0,0.9985544411876656,unknown,False,True,0,1,0,0
4064,0,0,0,0.0,unknown,False,False,1,1,0,0
4065,0,0,0,0.0,unknown,False,False,0,1,2,0
4066,0,0,0,1.3240576057785134,unknown,False,False,0,1,0,0
4067,0,0,0,0.5889605175676941,unknown,False,False,0,0,1,0
4068,0,0,0,0.30390506401939116,unknown,False,False,0,0,1,0
4069,0,0,0,0.40381204079574085,unknown,False,False,0,0,2,0
4070,0,0,0,0.46986435104769475,unknown,False,False,0,0,4,2
4071,0,0,0,0.5876295054415819,unknown,False,False,1,0,4,0
4072,0,0,0,1.1260251055321926,unknown,False,False,0,0,1,0
4073,0,0,0,0.8531731057228885,unknown,False,False,0,0,4,0
4074,0,0,0,0.7499673449270815,unknown,False,False,0,0,3,0
4075,0,0,0,0.7359963703962659,unknown,False,False,0,0,6,0
4076,0,0,0,0.8739013645436204,unknown,False,False,0,0,3,0
4077,0,0,0,0.7686972557067564,unknown,False,False,0,0,4,0
4078,0,0,0,0.5937976935106367,unknown,False,False,0,0,5,0
4079,0,0,0,0.3487750584243442,green,False,False,0,0,3,0
4080,0,0,0,0.222327514376228,red,False,False,0,0,3,0
4081,0,0,0,0.2340344019323251,red,False,False,0,0,5,0
4082,0,0,0,0.21815459476950597,red,False,False,0,0,4,0
4083,0,0,0,0.2091658011344408,red,False,False,0,0,6,0
4084,0,0,0,0.38027856856751563,green,False,False,0,0,4,0
4085,0,0,0,0.9235010901845565,yellow,False,False,1,0,2,0
4086,0,1,1,1.1222896893687324,unknown,False,True,2,1,2,0
4087,1,0,1,0.8696466899748192,unknown,False,False,0,1,3,0
4088,1,0,1,0.4713259873702598,unknown,False,False,0,1,2,0
4089,0,0,0,0.4008122727053555,unknown,False,False,0,1,3,0
4090,0,0,0,0.22786722394474515,unknown,False,False,0,1,3,0
4091,0,0,0,0.4120615683186049,unknown,False,False,0,1,3,0
4092,0,0,0,1.2677077246346624,unknown,False,False,0,1,4,0
4093,0,0,0,1.3020969239509612,unknown,False,False,0,0,7,0
4094,0,0,0,0.780673288689019,unknown,False,False,0,0,6,0
4095,0,0,0,0.9365414792607971,unknown,False,False,0,0,9,0
4096,0,0,0,0.6921365745754999,unknown,False,False,0,0,9,0
4097,0,0,0,0.707117407331419,unknown,False,False,0,0,10,0
4098,0,0,0,0.9843176900036626,unknown,False,False,0,0,14,0
4099,0,0,0,0.9924431501520187,unknown,False,False,0,0,11,0
4100,0,0,0,1.1461256379984017,unknown,False,False,1,0,10,0
4101,1,0,1,1.2459282329858195,unknown,False,False,2,0,11,0
4102,1,0,1,1.3383672164990568,unknown,False,False,0,1,9,0
4103,1,0,1,0.7244596651480193,red,False,True,0,1,14,0
4104,0,0,0,0.8785656287921211,unknown,False,False,0,0,14,0
4105,0,0,0,0.9991110902081486,unknown,False,False,0,0,11,0
4106,0,0,0,0.8898098039982426,unknown,False,False,0,0,10,0
4107,0,0,0,0.863679078420316,unknown,False,False,0,0,9,0
4108,0,0,0,0.9975969706922825,unknown,False,False,1,0,7,0
4109,0,0,0,0.5352775868114115,unknown,False,False,0,0,6,0
4110,0,0,0,0.44250621774914534,unknown,False,False,0,0,3,0
4111,0,0,0,0.4951148223024765,red,False,False,0,0,4,0
4112,0,0,0,0.9979153247715749,yellow,False,False,0,0,9,0
4113,0,0,0,0.516234948775623,red,False,False,0,0,12,0
4114,0,0,0,0.7617344183105157,red,False,False,0,0,11,0
4115,0,0,0,0.6837333886476126,red,False,False,0,0,13,0
4116,1,0,1,0.4561726084810671,yellow,False,False,1,0,6,0
4117,1,0,1,0.6726709722467723,unknown,False,False,1,0,7,0
4118,1,0,1,0.7271609466903234,yellow,False,False,0,0,3,0
4119,0,0,0,0.6954594433274555,unknown,False,False,0,0,8,0
4120,0,0,0,0.5972263146876274,unknown,False,False,0,0,8,0
4121,0,0,0,0.6004798796369614,unknown,False,False,0,0,11,0
4122,0,0,0,0.6625578603938929,unknown,False,False,0,0,13,0
4123,0,0,0,0.8356377316529098,yellow,False,False,0,0,15,0
4124,0,0,0,0.6780095785742606,unknown,False,False,0,0,12,0
4125,0,0,0,0.7752667722704828,yellow,False,False,0,0,7,0
4126,1,0,1,0.8197404061966732,yellow,False,False,1,0,12,0
4127,1,0,1,0.6894179938375596,unknown,False,False,1,0,11,0
4128,0,1,1,1.0009598241936806,red,False,False,1,0,10,0
4129,1,0,1,1.002804657036043,unknown,False,False,0,0,4,0
4130,0,0,0,1.3686386174815575,unknown,False,False,0,0,4,0
4131,0,0,0,1.03679846945465,unknown,False,False,0,0,6,0
4132,0,0,0,1.073519961544606,unknown,False,False,0,0,5,0
4133,0,0,0,1.0671534274572432,unknown,False,False,0,0,8,0
4134,0,0,0,1.0319481052529622,unknown,False,False,0,0,4,0
4135,0,0,0,0.5133540715326417,unknown,False,False,0,0,3,0
4136,0,0,0,0.48821950249186574,unknown,False,False,0,0,1,0
4137,0,0,0,0.7827801309267154,unknown,False,False,0,0,0,0
4138,0,0,0,0.3876537516405843,unknown,False,False,0,0,1,0
4139,0,0,0,0.2917858550778025,unknown,False,False,0,0,2,0
4140,0,0,0,0.21986420532726905,unknown,False,False,0,0,3,0
4141,0,0,0,0.6296354694623962,unknown,False,False,0,0,4,0
4142,0,0,0,1.7151170421458928,unknown,False,False,0,0,6,0
4143,0,0,0,1.4826435659144492,unknown,False,False,0,0,7,0
4144,0,0,0,1.491865413438473,unknown,False,False,0,0,8,0
4145,0,0,0,1.2739091149323778,unknown,False,False,0,0,7,0
4146,0,0,0,1.4645789132107527,unknown,False,False,0,0,8,0
4147,0,0,0,1.1458178870609366,unknown,False,False,0,0,10,0
4148,0,0,0,1.261344224246911,unknown,False,False,0,0,10,0
4149,0,0,0,1.2298143272313056,unknown,False,False,0,0,9,0
4150,0,0,0,1.0926180066129556,unknown,False,False,0,0,10,0
4151,0,0,0,1.0265574209847386,unknown,False,False,0,0,9,0
4152,0,0,0,1.2396004039817952,unknown,False,False,0,0,9,0
4153,0,0,0,1.1517703580758885,unknown,False,False,0,0,8,0
4154,0,0,0,1.2956453944122053,unknown,False,False,0,0,8,0
4155,0,0,0,1.3715710796599447,unknown,False,False,0,0,6,0
4156,0,0,0,1.001126692848288,unknown,False,False,0,0,4,0
4157,0,0,0,0.31856932090322404,unknown,False,False,0,0,1,0
4158,0,0,0,0.389391446280513,unknown,False,False,0,0,1,0
4159,0,0,0,0.14926852533995055,unknown,False,False,0,0,0,0
4160,0,0,0,0.13165065844843957,unknown,False,False,0,0,0,0
4161,0,0,0,0.0,unknown,False,False,0,0,0,0
4162,0,0,0,0.0,unknown,False,False,0,0,2,0
4163,0,0,0,0.0,unknown,False,False,0,0,1,0
4164,0,0,0,0.6089293031296501,unknown,False,False,0,0,0,0
4165,0,0,0,0.7315000354768711,yellow,False,False,0,0,2,0
4166,0,0,0,0.8790405494314095,unknown,False,False,0,0,3,0
4167,0,0,0,0.8040634442405747,unknown,False,False,0,0,3,0
4168,0,0,0,0.9570595400509756,unknown,False,False,1,0,2,0
4169,0,0,0,0.6284222738205483,yellow,False,False,0,0,3,0
4170,0,0,0,0.3650686102949439,red,False,False,0,0,6,0
4171,0,0,0,0.3032248797234554,unknown,False,False,0,0,3,0
4172,0,0,0,0.39828467926342404,red,False,False,0,0,4,0
4173,0,0,0,0.4321377561264835,unknown,False,False,0,0,5,0
4174,0,0,0,0.3437421874059134,unknown,False,False,0,0,4,0
4175,0,0,0,0.49369502558354394,unknown,False,False,0,0,6,0
4176,0,0,0,0.7320353195366209,unknown,False,False,0,0,4,0
4177,0,0,0,0.9454404821985268,unknown,False,False,0,0,4,0
4178,0,0,0,0.669479774645572,unknown,False,False,0,0,4,0
4179,0,0,0,0.5885259489936344,unknown,False,False,0,0,3,0
4180,0,0,0,0.36203398307493306,unknown,False,False,0,0,3,0
4181,0,0,0,0.315868372586741,unknown,False,False,0,0,3,0
4182,0,0,0,0.18495944356270355,unknown,False,False,0,0,1,0
4183,0,0,0,0.33640545253806037,unknown,False,False,0,0,4,0
4184,1,0,1,0.2283876408375114,unknown,False,False,0,0,6,0
4185,0,0,0,0.3331083656942434,unknown,False,False,1,0,6,0
4186,0,0,0,0.45365077486242333,unknown,False,False,0,0,7,0
4187,0,0,0,0.47617127793230035,unknown,False,False,0,0,6,0
4188,0,0,0,0.4988182614684413,unknown,False,False,0,0,7,0
4189,0,0,0,0.48678609138900164,unknown,False,False,0,0,6,0
4190,0,0,0,0.304329903836002,unknown,False,False,0,0,5,0
4191,0,0,0,0.3643945303362341,unknown,False,False,0,0,4,0
4192,0,0,0,0.27535486092990963,unknown,False,False,0,0,6,0
4193,1,0,1,0.1690688526966259,unknown,False,False,1,0,3,0
4194,1,0,1,0.20844344601278272,unknown,False,False,1,0,4,0
4195,1,0,1,0.24689545854001627,unknown,False,False,0,0,5,0
4196,0,0,0,0.3629899227607595,unknown,False,False,0,0,5,0
4197,0,0,0,0.7140151516692368,unknown,False,False,1,0,7,0
4198,1,0,1,0.7867777067413184,unknown,False,False,1,0,7,0
4199,1,0,1,0.5082697622107786,unknown,False,False,1,0,7,0
4200,1,0,1,0.39062714081446404,unknown,False,False,1,0,8,0
4201,1,0,1,0.34930026342551723,unknown,False,False,1,0,6,0
4202,1,0,1,0.34295603437423694,unknown,False,False,1,0,6,0
4203,1,0,1,0.5183556252691743,unknown,False,False,1,0,7,0
4204,1,0,1,0.9659722902925076,unknown,False,False,1,0,6,0
4205,1,0,1,0.6082440031408686,unknown,False,False,0,0,4,0
4206,1,0,1,1.021861502439363,unknown,False,False,0,0,4,0
4207,0,0,0,0.2907318260778911,unknown,False,False,0,0,4,0
4208,0,0,0,0.1336699834909098,unknown,False,False,0,0,3,0
4209,0,0,0,0.09640559303955576,unknown,False,False,0,0,2,0
4210,0,0,0,0.12727641547399512,unknown,False,False,0,0,4,0
4211,0,0,0,0.2774705775300661,unknown,False,False,0,0,2,0
4212,0,0,0,0.405714121333897,unknown,False,False,0,0,3,0
4213,0,0,0,0.8726208496917358,unknown,False,False,0,0,2,0
4214,0,0,0,1.1633722147484986,unknown,False,False,0,0,2,0
4215,0,0,0,1.1967646301649355,unknown,False,False,0,0,2,0
4216,0,0,0,0.7063961794909382,unknown,False,False,0,0,0,0
4217,0,0,0,0.45844011626539555,unknown,False,False,0,0,1,0
4218,0,0,0,0.3733954186474184,unknown,False,False,0,0,0,0
4219,0,0,0,0.18760286208564847,unknown,False,False,0,0,1,0
4220,0,0,0,0.5826381059072295,unknown,False,False,0,0,1,0
4221,0,0,0,2.074618374247543,unknown,False,False,0,0,1,0
4222,0,0,0,3.3064579424638345,unknown,False,False,0,0,1,0
4223,0,0,0,0.9310780856366933,unknown,False,False,0,0,2,0
4224,0,0,0,0.36022123769744163,unknown,False,False,0,0,1,0
4225,0,0,0,0.23640852401596302,unknown,False,False,0,0,0,0
4226,0,0,0,0.0,unknown,False,False,0,0,0,0
4227,0,0,0,0.0,unknown,False,False,0,0,0,0
4228,0,0,0,0.18485276017423233,unknown,False,False,0,0,1,0
4229,0,0,0,0.30609649098212965,unknown,False,False,0,0,1,0
4230,0,0,0,0.46231250702593074,unknown,False,False,0,0,2,0
4231,0,0,0,0.3558248472932105,unknown,False,False,0,0,1,0
4232,1,0,1,0.21944010468056005,unknown,False,False,1,0,0,0
4233,1,0,1,0.0,unknown,False,False,1,0,0,0
4234,1,0,1,0.0,unknown,False,False,1,0,0,0
4235,1,0,1,0.1108309106860777,unknown,False,False,1,0,1,0
4236,1,0,1,0.07461664971169035,unknown,False,False,1,0,1,0
4237,1,0,1,0.049859547614846914,unknown,False,False,1,0,2,0
4238,1,0,1,0.21200400921723994,unknown,False,False,1,0,3,0
4239,1,0,1,0.35457624618345873,unknown,False,False,1,0,3,0
4240,1,0,1,0.6755916144959974,unknown,False,False,1,0,4,0
4241,1,0,1,0.806908543668958,unknown,False,False,1,0,4,0
4242,1,0,1,0.6049955107486841,unknown,False,False,3,0,3,0
4243,1,0,1,0.4548453099416091,unknown,False,False,1,0,4,0
4244,2,0,2,0.4044827500200327,unknown,False,False,1,0,3,0
4245,1,0,1,0.4398773663685483,unknown,False,False,1,0,4,0
4246,1,0,1,0.4186233882050107,unknown,False,False,1,0,4,0
4247,1,0,1,0.28598783399667027,unknown,False,False,1,0,4,0
4248,1,0,1,0.22062941583271614,unknown,False,False,2,0,3,0
4249,2,0,2,0.14271774269015086,unknown,False,False,1,0,4,0
4250,1,0,1,0.10666197610895485,unknown,False,False,1,0,3,0
4251,1,0,1,0.17343406233389808,unknown,False,False,1,0,4,0
4252,1,0,1,0.2510804954790617,unknown,False,False,1,0,4,0
4253,1,0,1,0.2860626711466142,unknown,False,False,0,0,5,0
4254,0,0,0,0.4524628393203531,unknown,False,False,0,0,5,0
4255,0,0,0,0.6061750088910622,unknown,False,False,0,0,4,0
4256,0,0,0,0.4624765522807132,unknown,False,False,0,0,5,0
4257,0,0,0,0.3418868903266976,unknown,False,False,0,0,6,0
4258,0,0,0,0.3038595066987081,unknown,False,False,0,0,5,0
4259,0,0,0,0.4035832748488746,unknown,False,False,0,0,6,0
4260,0,0,0,0.5205857262107275,unknown,False,False,0,0,6,0
4261,0,0,0,0.4828873540933933,unknown,False,False,0,0,5,0
4262,0,0,0,0.5612471518333296,unknown,False,False,0,0,4,0
4263,0,0,0,0.4527856502692257,unknown,False,False,0,0,4,0
4264,0,0,0,0.21305154110167737,unknown,False,False,0,0,2,0
4265,0,0,0,0.13458941368228436,unknown,False,False,0,0,2,0
4266,0,0,0,0.011003734184133527,unknown,False,False,0,0,2,0
4267,0,0,0,0.009552412589087315,unknown,False,False,0,0,2,0
4268,0,0,0,0.019452497259334733,unknown,False,False,0,0,3,0
4269,0,0,0,0.02152537908242852,unknown,False,False,0,0,3,0
4270,0,0,0,0.017616435650766416,unknown,False,False,0,0,3,0
4271,0,0,0,0.030134371676080737,unknown,False,False,0,0,4,0
4272,0,0,0,0.05605897856392283,unknown,False,False,0,0,5,0
4273,0,0,0,0.14668818264984393,unknown,False,False,0,0,5,0
4274,0,0,0,0.19525472542071684,unknown,False,False,0,0,5,0
4275,0,0,0,0.3281972453286775,unknown,False,False,0,0,5,0
4276,0,0,0,0.3978464992442392,unknown,False,False,0,0,5,0
4277,0,0,0,0.5166616672527623,unknown,False,False,0,0,5,0
4278,0,0,0,0.6181685865495009,unknown,False,False,0,0,7,0
4279,0,0,0,0.5842871138317802,unknown,False,False,0,0,7,0
4280,0,0,0,0.3804563185042093,unknown,False,False,0,0,6,0
4281,0,0,0,0.4420170819928768,unknown,False,False,0,0,5,0
4282,0,0,0,0.744270666023341,unknown,False,False,0,0,5,0
4283,0,0,0,0.6444315447121906,unknown,False,False,0,0,4,0
4284,0,0,0,0.6646409969207133,unknown,False,False,0,0,5,0
4285,0,0,0,0.40138490381282327,unknown,False,False,0,0,6,0
4286,0,0,0,0.31254221600959414,unknown,False,False,0,0,5,0
4287,0,0,0,0.3935474206633047,unknown,False,False,0,0,3,0
4288,0,0,0,0.8326035787239208,unknown,False,False,0,1,4,0
4289,0,0,0,0.25444028940708224,unknown,False,False,0,0,5,0
4290,0,0,0,0.23667146277435197,unknown,False,False,0,1,4,0
4291,0,0,0,0.34818142089160076,unknown,False,False,0,1,3,0
4292,0,0,0,0.42267601413546296,unknown,False,False,0,1,2,0
4293,0,0,0,0.49050246765435646,unknown,False,False,0,0,5,0
4294,0,0,0,0.44133793240890457,unknown,False,False,0,0,4,0
4295,0,0,0,0.4871646630699785,unknown,False,False,0,0,4,0
4296,0,0,0,0.6772674836401114,unknown,False,False,0,0,3,0
4297,0,0,0,1.1726408824420795,unknown,False,False,0,0,4,0
4298,0,0,0,0.8039876285544534,unknown,False,False,0,0,2,0
4299,0,0,0,0.5364518807154646,unknown,False,False,0,0,2,0
4300,0,0,0,0.7778230294785206,unknown,False,False,0,0,1,0
4301,0,0,0,0.6430105850376885,unknown,False,False,0,0,1,0
4302,0,0,0,0.8078972058680741,unknown,False,False,0,0,0,0
4303,0,0,0,0.4314537687255758,unknown,False,False,0,1,0,0
4304,0,0,0,0.0,unknown,False,False,0,1,0,0
4305,0,0,0,0.0,unknown,False,False,0,1,0,0
4306,0,0,0,0.0,unknown,False,False,0,1,0,0
4307,0,0,0,0.0,unknown,False,False,0,1,0,0
4308,0,0,0,0.038953085668098644,unknown,False,False,0,1,0,0
4309,0,0,0,0.2920331000933818,unknown,False,False,0,1,2,0
4310,0,0,0,0.43276128454860435,unknown,False,False,0,1,3,0
4311,0,0,0,0.4805459909635914,unknown,False,False,0,1,4,0
4312,0,0,0,0.8149955625759527,unknown,False,False,0,1,4,0
4313,0,0,0,1.6047655777549246,unknown,False,False,0,1,3,0
4314,0,0,0,1.130127229662109,unknown,False,False,0,1,3,0
4315,0,0,0,1.4064532301215766,unknown,False,False,0,1,4,0
4316,0,0,0,0.5607987407698578,unknown,False,False,0,1,3,0
4317,0,0,0,0.5331019164054897,unknown,False,False,0,1,3,0
4318,0,0,0,0.40635248630553594,unknown,False,False,0,1,1,0
4319,0,0,0,0.42957386391768204,unknown,False,False,0,1,1,0
4320,0,0,0,0.3871315959065543,unknown,False,False,0,1,1,0
4321,0,0,0,0.27630868009608744,unknown,False,False,0,2,1,0
4322,0,0,0,0.14363356821933526,unknown,False,False,0,2,1,0
4323,0,0,0,0.09407766178878901,unknown,False,False,0,2,2,0
4324,0,0,0,0.19782849932308866,unknown,False,False,0,1,4,0
4325,0,0,0,0.38754000832228186,unknown,False,False,0,0,4,0
4326,0,0,0,0.3932816750724419,unknown,False,False,0,0,4,0
4327,0,0,0,0.6731652179829934,unknown,False,False,0,0,3,0
4328,0,0,0,0.6539133245212735,unknown,False,False,0,0,3,0
4329,0,0,0,0.3838880106080825,unknown,False,False,0,0,3,0
4330,0,0,0,0.28254027552685296,unknown,False,False,0,0,3,0
4331,0,0,0,0.314536388092705,unknown,False,False,0,0,5,0
4332,0,0,0,0.4231928684597245,unknown,False,False,0,0,5,0
4333,0,0,0,0.4322797712300141,unknown,False,False,0,0,7,0
4334,0,0,0,0.3570554933420396,unknown,False,False,0,0,4,0
4335,0,0,0,0.29669066618784007,unknown,False,False,0,0,3,0
4336,0,0,0,0.48091929126160743,unknown,False,False,0,0,2,0
4337,0,0,0,0.1103878801706088,unknown,False,False,0,0,2,0
4338,0,0,0,0.46377235044366527,unknown,False,False,0,0,2,0
4339,0,0,0,0.8384760334335423,unknown,False,False,0,0,3,0
4340,0,0,0,0.8784563534978936,unknown,False,False,0,0,5,0
4341,0,0,0,0.9817661640522658,unknown,False,False,0,0,8,0
4342,0,0,0,0.4076468828385528,unknown,False,False,0,0,7,0
4343,0,0,0,0.2518142716951924,unknown,False,False,0,0,7,0
4344,0,0,0,0.22301702069230978,yellow,False,False,0,0,8,0
4345,0,0,0,0.4282214806809901,unknown,False,False,0,0,9,0
4346,0,0,0,0.5868926089652543,unknown,False,False,0,0,8,0
4347,0,0,0,0.6147492947131952,unknown,False,False,1,0,4,0
4348,0,0,0,0.5405930359354075,unknown,False,False,0,0,3,0
4349,0,0,0,0.7071490287157932,yellow,False,False,0,0,4,0
4350,0,0,0,1.1612478231480134,green,False,False,0,0,6,0
4351,0,0,0,1.0271748578502649,unknown,False,False,0,0,5,0
4352,0,0,0,0.7875228487482078,unknown,False,False,0,0,3,0
4353,0,0,0,0.8278410587538128,unknown,False,False,0,0,4,0
4354,0,0,0,1.1527757161377246,unknown,False,False,0,0,2,0
4355,0,0,0,1.87415669312915,unknown,False,False,0,0,1,0
4356,0,0,0,1.2498662393820223,unknown,False,False,0,0,1,0
4357,0,0,0,0.7069446508717157,unknown,False,False,0,0,0,0
4358,0,0,0,0.704057033104308,unknown,False,False,0,0,0,0
4359,0,0,0,0.0,unknown,False,False,0,0,0,0
4360,0,0,0,1.100752105255495,unknown,False,False,0,0,1,0
4361,0,0,0,1.2008745619143049,unknown,False,False,0,0,4,0
4362,0,0,0,1.3226117917303946,unknown,False,False,0,0,4,0
4363,0,0,0,1.4416831155058356,unknown,False,False,0,0,7,0
4364,0,0,0,1.493937858705106,unknown,False,False,0,0,7,0
4365,0,0,0,1.2211770095500114,unknown,False,False,0,0,9,0
4366,0,0,0,1.0705025877024512,unknown,False,False,0,0,10,0
4367,0,0,0,0.9267463572728933,unknown,False,False,0,0,12,0
4368,0,0,0,0.8603286612854771,unknown,False,False,0,0,12,0
4369,0,0,0,0.7889752741591304,unknown,False,False,0,0,12,0
4370,0,0,0,0.7919093504802129,unknown,False,False,0,0,14,0
4371,0,0,0,0.8456394778968943,unknown,False,False,0,0,11,0
4372,0,0,0,0.8248269889839199,unknown,False,False,0,0,12,0
4373,0,0,0,0.823532790202145,unknown,False,False,0,0,12,0
4374,0,0,0,0.8508151700411098,unknown,False,False,0,0,11,0
4375,0,0,0,0.8586732937054703,unknown,False,False,0,0,9,0
4376,0,0,0,0.8011565109641355,unknown,False,False,0,0,7,0
4377,0,0,0,0.6103043159915605,unknown,False,False,0,0,6,0
4378,0,0,0,0.5054463684401125,unknown,False,False,0,0,3,0
4379,0,0,0,0.4695132053409107,unknown,False,False,0,0,2,0
4380,0,0,0,0.7577358356821003,unknown,False,False,0,0,5,0
4381,0,0,0,0.8910945144882186,unknown,False,False,0,0,3,0
4382,0,0,0,1.6376779335786367,unknown,False,False,0,0,5,0
4383,0,0,0,1.409196871335299,unknown,False,False,0,0,7,0
4384,0,0,0,1.362916127619565,unknown,False,False,0,0,11,0
4385,0,0,0,1.3057614572447294,unknown,False,False,0,0,8,0
4386,0,0,0,1.257760835550785,unknown,False,False,0,0,7,0
4387,0,0,0,0.9575740563730899,unknown,False,False,0,0,7,0
4388,0,0,0,0.9215794147198153,red,False,False,0,0,3,0
4389,0,0,0,0.8211503366822333,yellow,False,False,0,0,6,0
4390,0,0,0,0.9553404923629232,red,False,False,0,0,7,0
4391,0,0,0,0.8997630511802082,yellow,False,False,0,0,9,0
4392,0,0,0,0.8475081110822268,yellow,False,False,0,0,13,0
4393,0,0,0,1.1914682457873065,unknown,False,False,0,0,17,0
4394,0,0,0,1.077957135973882,yellow,False,False,0,0,18,0
4395,0,0,0,0.9106481715347987,unknown,False,False,0,0,16,0
4396,0,0,0,0.9317530955188318,unknown,False,False,0,0,13,0
4397,0,0,0,0.7742542483559249,unknown,False,False,0,0,12,0
4398,0,0,0,0.7921000808309171,red,False,True,0,1,13,0
4399,0,0,0,0.7826667569336246,yellow,False,True,0,1,7,0
4400,0,0,0,0.6882337459302185,unknown,False,False,0,1,9,0
4401,0,0,0,0.7626903071196233,red,False,True,0,0,14,0
4402,0,0,0,0.8901784337174325,unknown,False,True,0,0,9,0
4403,0,0,0,0.6759405144590647,red,False,True,0,0,8,0
4404,0,0,0,0.6196256691019896,yellow,False,False,0,0,9,0
4405,0,0,0,0.5650687401386131,yellow,False,False,0,0,12,0
4406,0,0,0,0.9393814121674178,unknown,False,False,0,0,11,0
4407,0,0,0,1.301723389064183,yellow,False,False,0,0,12,1
4408,0,0,0,1.1846414563508698,unknown,False,False,0,0,13,0
4409,0,0,0,1.5162926961068401,unknown,False,False,0,0,14,0
4410,0,0,0,0.9917633483833546,unknown,False,False,0,0,14,0
4411,0,0,0,0.8390101590284053,unknown,False,False,0,0,13,0
4412,0,0,0,0.7705848371390293,unknown,False,False,0,0,10,0
4413,0,0,0,0.7853645458015481,unknown,False,False,0,0,12,0
4414,0,0,0,0.8901207110807631,unknown,False,False,1,0,14,0
4415,3,0,3,0.8044392296079563,unknown,False,False,2,0,12,0
4416,3,0,3,0.87729616869011,unknown,False,False,1,0,11,0
4417,2,0,2,1.0932392322696454,unknown,False,False,0,0,8,0
4418,0,0,0,1.238771804091713,yellow,False,False,0,0,11,0
4419,0,0,0,0.8605550482892667,yellow,False,True,0,0,13,0
4420,0,0,0,0.39649274435600357,green,False,False,0,0,14,0
4421,0,0,0,0.30034920101652723,yellow,False,False,0,0,10,0
4422,0,0,0,0.3640073143150721,yellow,False,False,0,0,13,0
4423,0,0,0,0.3564616105895281,unknown,False,False,0,0,16,0
4424,0,0,0,0.2596575793506851,yellow,False,False,0,0,13,0
4425,0,0,0,0.2539098216031183,red,False,False,0,0,14,0
4426,0,0,0,0.27964204658144987,red,False,False,0,0,16,0
4427,0,0,0,0.3255181243740731,red,False,True,0,0,17,0
4428,0,0,0,0.2345544082313042,red,False,False,0,0,16,0
4429,0,0,0,0.14958745042795427,yellow,False,False,0,0,15,0
4430,0,0,0,0.30163014724535603,yellow,False,False,0,0,17,0
4431,0,0,0,0.40154096644496745,red,False,False,0,0,14,0
4432,0,0,0,0.2551181056465094,green,False,False,0,0,14,0
4433,0,0,0,0.21818841934244043,red,False,False,0,0,15,0
4434,0,0,0,0.16424450634220444,red,False,False,0,0,13,0
4435,0,0,0,0.2136891419320912,red,False,False,0,0,14,0
4436,0,0,0,0.13930696055382144,red,False,True,0,1,14,0
4437,0,0,0,0.1472807125033798,red,False,True,0,1,14,0
4438,0,0,0,0.1351387919108827,red,False,True,0,1,14,0
4439,0,0,0,0.12943602866110354,red,False,True,0,1,15,0
4440,0,0,0,0.14456949770521021,red,False,True,0,1,14,0
4441,0,0,0,0.17657618392199004,red,False,True,0,0,13,0
4442,0,0,0,0.2822658589708134,red,False,True,0,1,14,0
4443,0,0,0,0.19854544696526308,red,False,True,0,1,15,0
4444,0,0,0,0.2356014127697805,red,False,True,0,1,17,0
4445,0,0,0,0.3265596786158361,red,False,True,0,0,15,0
4446,0,0,0,0.3699589189264508,yellow,False,True,0,1,12,0
4447,0,0,0,0.32466021487779845,unknown,False,True,0,1,14,0
4448,0,0,0,0.3683937954473287,unknown,False,False,0,1,13,0
4449,0,0,0,0.42678546657264377,red,False,True,1,1,12,0
4450,0,0,0,0.57796575274044,red,False,True,1,0,13,0
4451,1,0,1,0.6348363907245574,yellow,False,True,0,0,13,0
4452,0,0,0,0.9419995829575628,unknown,False,False,1,1,17,0
4453,1,0,1,1.2037414055663558,unknown,False,False,0,0,18,0
4454,1,0,1,1.2331238111706564,unknown,False,False,0,0,18,0
4455,1,0,1,1.295191377772966,unknown,False,False,0,0,20,0
4456,0,0,0,1.2686315419029472,unknown,False,False,0,0,14,0
4457,0,0,0,0.8773442945857332,unknown,False,False,0,0,14,0
4458,0,0,0,1.2048959227336276,unknown,False,False,0,1,11,0
4459,0,0,0,0.9317388866717414,unknown,False,False,0,1,10,0
4460,0,0,0,1.0346953814043842,unknown,False,False,0,1,7,0
4461,0,0,0,1.0696781908581374,unknown,False,False,0,1,8,0
4462,0,0,0,0.6124514352427993,unknown,False,False,0,1,8,0
4463,0,0,0,0.4625053522788744,unknown,False,False,0,1,10,0
4464,0,0,0,0.4831011779749916,unknown,False,False,0,2,12,0
4465,0,0,0,0.6263559498603782,unknown,False,False,0,1,10,0
4466,0,0,0,0.6167371702817753,unknown,False,False,0,1,10,0
4467,0,0,0,0.7049291655289731,unknown,False,False,0,1,6,0
4468,0,0,0,0.7001739610888655,unknown,False,False,0,0,11,0
4469,0,0,0,0.4964012265230405,unknown,False,False,0,0,11,0
4470,0,0,0,0.6149529650055403,unknown,False,False,0,0,9,0
4471,0,0,0,0.9952520528904885,unknown,False,False,0,0,12,0
4472,0,0,0,1.0026539161244636,unknown,False,False,0,0,10,0
4473,0,0,0,0.6933636649608333,unknown,False,False,0,0,10,0
4474,0,0,0,0.45600682814770765,unknown,False,False,0,0,12,0
4475,0,0,0,0.45073964007773276,unknown,False,False,0,0,12,0
4476,0,0,0,0.6648283916164572,unknown,False,False,0,0,3,0
4477,0,0,0,0.43614952342458396,unknown,False,False,0,0,1,0
4478,0,0,0,0.6310028200315547,unknown,False,False,0,0,2,0
4479,0,0,0,0.29935149705834746,unknown,False,False,0,0,1,0
4480,0,0,0,0.04363744631038095,unknown,False,False,0,0,0,0
4481,0,0,0,0.4046838678412585,unknown,False,False,0,0,1,0
4482,0,0,0,0.3841710315062237,unknown,False,False,0,0,1,0
4483,0,0,0,0.29370678990850396,unknown,False,False,0,0,1,0
4484,0,0,0,0.23062057242341832,unknown,False,False,0,0,1,0
4485,0,0,0,0.36078615569668143,unknown,False,False,1,0,2,0
4486,0,0,0,0.4140947534280116,unknown,False,False,1,1,2,1
4487,0,0,0,0.15757317466114934,unknown,False,False,0,0,2,0
4488,1,0,1,0.18551087230763835,unknown,False,False,1,0,3,1
4489,1,0,1,0.16255413911314096,unknown,False,False,0,0,2,0
4490,0,0,0,0.1419729504022248,unknown,False,False,0,0,3,0
4491,0,0,0,0.21837661952806187,unknown,False,False,0,1,3,0
4492,0,0,0,0.13614111663103662,unknown,False,False,1,0,2,0
4493,1,0,1,0.11931313174489688,unknown,False,False,1,0,2,0
4494,1,0,1,0.09061600839994904,unknown,False,False,1,0,2,0
4495,1,0,1,0.28254964987393966,unknown,False,False,0,0,3,0
4496,0,0,0,0.3462138274991871,unknown,False,False,0,0,2,0
4497,1,0,1,0.11050751144215942,unknown,False,False,1,0,2,0
4498,1,0,1,0.07376802218210499,unknown,False,False,0,0,2,0
4499,1,0,1,0.04476642074171051,unknown,False,False,1,0,2,0
4500,1,0,1,0.06137896199468917,unknown,False,False,0,0,2,0
4501,1,0,1,0.043701557526147586,unknown,False,False,0,0,2,0
4502,1,0,1,0.04847659292766553,unknown,False,False,1,0,3,0
4503,1,0,1,0.19506429286251506,unknown,False,False,0,0,2,0
4504,1,0,1,0.1450981295232025,unknown,False,False,0,0,2,0
4505,0,0,0,0.08825093377402701,unknown,False,False,0,0,2,0
4506,1,0,1,0.12119560383017061,unknown,False,False,0,0,2,0
4507,0,0,0,0.11854994906390479,unknown,False,False,1,0,2,0
4508,0,0,0,0.10677545395099694,unknown,False,False,0,0,2,0
4509,1,0,1,0.1505979800419632,unknown,False,False,1,0,3,0
4510,1,0,1,0.24987403756375975,unknown,False,False,1,0,2,0
4511,1,0,1,0.21435908364009407,unknown,False,False,1,1,3,0
4512,3,0,3,0.24762306598494085,unknown,False,False,0,1,3,0
4513,1,0,1,0.4058127423697621,unknown,False,False,0,1,2,1
4514,0,0,0,0.31280960196440594,unknown,False,False,0,0,2,0
4515,0,0,0,0.1895729150987849,unknown,False,False,0,1,3,1
4516,0,0,0,0.09677162259579775,unknown,False,False,0,0,2,0
4517,0,0,0,0.15399937093003407,unknown,False,False,0,0,2,0
4518,0,0,0,0.11043459924852128,unknown,False,False,1,0,3,0
4519,1,0,1,0.09957026991538379,unknown,False,False,0,0,1,0
4520,1,0,1,0.11234849145089844,unknown,False,False,1,0,2,0
4521,1,0,1,0.08192948223053292,unknown,False,False,1,0,2,0
4522,1,0,1,0.11116633644126271,unknown,False,False,0,0,2,0
4523,0,0,0,0.15363887167451556,unknown,False,False,0,0,2,0
4524,0,0,0,0.27361459594669446,unknown,False,False,1,0,2,0
4525,1,0,1,0.5111012123591084,unknown,False,False,0,0,0,0
4526,0,0,0,0.5384399378106378,unknown,False,False,0,0,0,0
4527,1,0,1,0.0,unknown,False,False,1,0,0,0
4528,2,0,2,0.0,unknown,False,False,0,0,0,0
4529,2,0,2,0.0,unknown,False,False,1,0,0,0
4530,2,0,2,0.0,unknown,False,False,1,0,0,0
4531,1,0,1,0.0,unknown,False,False,0,0,0,0
4532,0,0,0,0.0,unknown,False,False,0,0,0,0
4533,0,0,0,0.0,unknown,False,False,1,0,0,0
4534,0,0,0,0.0,unknown,False,False,0,0,0,0
4535,1,0,1,0.0,unknown,False,False,1,0,0,0
4536,1,0,1,0.0,unknown,False,False,0,0,0,0
4537,1,0,1,0.0,unknown,False,False,0,0,0,0
4538,0,0,0,0.0,unknown,False,False,0,0,0,0
4539,0,0,0,0.0,unknown,False,False,0,0,0,0
4540,1,0,1,0.0,unknown,False,False,1,0,0,0
4541,1,0,1,0.0,unknown,False,False,0,0,0,0
4542,0,0,0,0.0,unknown,False,False,0,0,0,0
4543,1,0,1,0.0,unknown,False,False,1,0,0,0
4544,1,0,1,0.0,unknown,False,False,0,0,0,0
4545,0,0,0,0.0,unknown,False,False,0,0,0,0
4546,0,0,0,0.0,unknown,False,False,0,0,0,0
4547,0,0,0,0.0,unknown,False,False,0,0,0,0
4548,1,0,1,0.0,unknown,False,False,0,0,0,0
4549,1,0,1,0.0,unknown,False,False,0,0,0,0
4550,0,0,0,0.0,unknown,False,False,0,0,0,0
4551,0,0,0,0.0,unknown,False,False,0,0,0,0
4552,0,0,0,0.0,unknown,False,False,0,0,0,0
4553,0,0,0,0.0,unknown,False,False,1,0,0,0
4554,1,0,1,0.0,unknown,False,False,0,0,0,0
4555,0,0,0,0.0,unknown,False,False,0,0,0,0
4556,0,0,0,0.0,unknown,False,False,0,0,0,0
4557,0,0,0,0.0,unknown,False,False,1,0,0,0
4558,1,0,1,0.0,unknown,False,False,1,0,0,0
4559,1,0,1,0.0,unknown,False,False,1,0,0,0
