second,idle_count,walking_count,total_count,car_speed_mph,light,red_violation,bus_waiting,humans,buses,cars,bikes
0,1,0,1,0.08772804146089383,unknown,False,False,1,0,10,0
1,1,0,1,0.14268094993869174,unknown,False,False,0,0,13,0
2,0,0,0,0.12459154918464242,unknown,False,False,0,0,11,0
3,0,0,0,0.13061691704766087,unknown,False,False,0,0,11,0
4,0,0,0,0.15729157557114334,unknown,False,False,0,0,10,0
5,0,0,0,0.10359228061619408,unknown,False,False,0,0,11,0
6,0,0,0,0.12246509978009466,unknown,False,False,0,0,11,0
7,0,0,0,0.16306053984562704,unknown,False,False,0,0,10,0
8,0,0,0,0.11577781112647177,unknown,False,False,0,0,11,0
9,0,0,0,0.10540742573080071,unknown,False,False,0,0,10,0
10,0,0,0,0.17282030415832242,unknown,False,False,0,0,10,0
11,0,0,0,0.1393019659056395,unknown,False,False,0,0,11,0
12,0,0,0,0.09427527880351119,unknown,False,False,0,0,10,0
13,0,0,0,0.12961190824628063,unknown,False,False,0,0,11,0
14,0,0,0,0.1318990174894354,unknown,False,False,0,0,12,0
15,0,0,0,0.2887014727222313,unknown,False,False,1,0,10,0
16,1,0,1,0.27720176936525104,unknown,False,False,1,0,14,0
17,1,0,1,0.1062359079423262,unknown,False,False,1,0,13,0
18,1,0,1,0.06769568879886054,unknown,False,False,1,0,10,0
19,1,0,1,0.2334938468381101,unknown,False,False,1,0,10,0
20,1,0,1,0.24864493678714894,unknown,False,False,1,0,9,0
21,1,0,1,0.3248410950094826,unknown,False,False,1,0,11,0
22,0,1,1,0.46749994140492784,unknown,False,False,1,0,8,0
23,1,0,1,0.6180062998698771,unknown,False,False,0,0,7,0
24,0,0,0,0.9673389348444992,unknown,False,False,0,0,7,0
25,0,0,0,1.4609890561880066,unknown,False,False,0,0,15,0
26,0,0,0,1.3003767267036417,unknown,False,False,0,0,12,0
27,0,0,0,0.9739109082332961,unknown,False,False,0,0,11,0
28,0,0,0,0.6787441811180592,unknown,False,False,0,0,10,0
29,0,0,0,0.4637350447865376,unknown,False,False,0,1,8,0
30,0,0,0,0.24295507063347013,unknown,False,False,0,1,8,0
31,0,0,0,0.4279789288207374,unknown,False,False,1,2,6,0
32,2,0,2,0.2986331400827317,unknown,False,False,1,2,7,0
33,0,1,1,0.4284485870283594,unknown,False,False,0,2,4,0
34,1,0,1,0.47599260543556515,unknown,False,False,1,3,5,0
35,1,0,1,0.7529226384047274,unknown,False,False,0,3,5,0
36,0,0,0,1.661297433165875,unknown,False,False,0,2,6,0
37,0,0,0,1.6494505520520735,unknown,False,False,0,2,7,0
38,0,0,0,1.4187739672537367,unknown,False,False,1,3,7,0
39,2,0,2,1.1502921613473638,unknown,False,False,1,4,6,0
40,2,0,2,0.8986203689043883,unknown,False,False,3,4,8,1
41,0,3,3,0.6823711250306015,unknown,False,False,3,2,8,0
42,2,2,4,1.0838163049559022,unknown,False,False,1,3,7,0
43,1,0,1,1.3258261526077797,unknown,False,False,1,4,7,0
44,0,0,0,1.1077658912797759,unknown,False,False,0,4,8,0
45,1,0,1,1.1667642960121458,unknown,False,True,2,2,8,0
46,2,0,2,0.9371186579293638,unknown,False,False,2,2,13,0
47,3,0,3,0.6941703143776923,red,False,True,3,0,13,0
48,3,0,3,0.38322398439905064,unknown,False,True,2,1,13,0
49,4,0,4,0.3267500758461357,red,False,True,2,2,15,0
50,4,0,4,0.38593424087631817,red,False,True,2,2,14,0
51,2,0,2,0.39825954124746454,red,False,True,3,3,16,0
52,3,0,3,0.5013343976874555,green,False,True,2,1,12,0
53,3,0,3,0.5360489828008596,unknown,False,True,0,1,11,0
54,1,0,1,0.7063609681153676,red,False,True,1,1,9,0
55,2,0,2,0.8975347306293078,unknown,False,True,1,2,7,0
56,1,0,1,1.317178129553436,unknown,False,False,1,1,9,0
57,1,0,1,1.591945520549702,unknown,False,False,2,1,10,0
58,1,1,2,1.1374711258864583,unknown,False,False,0,0,12,0
59,0,1,1,1.0703015358557189,unknown,False,False,0,0,13,0
60,0,1,1,0.8171389951731974,unknown,False,False,1,0,13,0
61,1,1,2,0.8896936642385002,unknown,False,False,0,1,12,0
62,1,0,1,0.9344038960931207,unknown,False,False,1,1,11,0
63,3,0,3,0.960846896499275,unknown,False,True,2,0,11,1
64,4,0,4,0.5933445842696086,unknown,False,False,1,0,8,0
65,1,0,1,0.7886142472282838,yellow,False,False,1,0,7,0
66,1,0,1,0.8315387036252153,yellow,False,False,2,0,10,0
67,2,0,2,0.5983322434242969,yellow,False,False,1,0,9,0
68,2,0,2,0.5281026700708602,unknown,False,False,0,0,11,0
69,1,0,1,0.5968635418044512,green,False,False,0,0,11,0
70,0,0,0,0.5363076821103043,yellow,False,False,0,0,7,0
71,0,0,0,0.5033185042490873,unknown,False,False,0,0,10,0
72,0,0,0,0.5586523003659353,yellow,False,False,0,0,11,0
73,0,0,0,0.30954618609552,unknown,False,False,1,0,14,0
74,1,0,1,0.1537307429829866,unknown,False,False,1,0,13,0
75,1,0,1,0.10221537242542642,yellow,False,False,0,0,14,0
76,1,0,1,0.1362601201692995,unknown,False,False,0,0,14,0
77,0,0,0,0.1236176115800478,unknown,False,False,0,0,14,0
78,0,0,0,0.08316294482619355,unknown,False,False,0,0,12,0
79,0,0,0,0.1418403048197195,unknown,False,False,0,0,10,0
80,0,0,0,0.061831271373547686,unknown,False,False,0,0,11,0
81,0,0,0,0.06075165656851339,yellow,False,False,0,0,11,0
82,0,0,0,0.11447669160420103,yellow,False,False,0,0,14,0
83,0,0,0,0.16160742338052775,yellow,False,False,0,0,10,0
84,0,0,0,0.07126293714752885,yellow,False,False,0,0,11,0
85,0,0,0,0.12829516295219057,yellow,False,False,0,0,12,0
86,0,0,0,0.12317517061949466,yellow,False,False,0,0,14,0
87,0,0,0,0.14111124095294889,yellow,False,False,1,0,8,0
88,0,0,0,0.09880974148087386,yellow,False,False,1,0,9,0
89,1,0,1,0.1355840862330994,unknown,False,False,1,0,9,0
90,1,0,1,0.1707774413527667,unknown,False,False,1,0,9,2
91,1,1,2,0.16822489153064432,yellow,False,False,1,0,6,1
92,1,0,1,0.18998596794476297,unknown,False,False,1,0,11,0
93,1,0,1,0.20742460165755872,unknown,False,False,0,0,12,0
94,2,0,2,0.13190815588814112,yellow,False,False,0,0,13,0
95,1,0,1,0.1534724497073844,unknown,False,False,1,0,13,0
96,0,0,0,0.2158988026520381,unknown,False,False,0,0,12,0
97,0,0,0,0.2901953883231409,yellow,False,False,0,0,13,0
98,0,0,0,0.29087628820588457,unknown,False,False,0,0,17,0
99,0,0,0,0.3580623981303526,unknown,False,False,0,0,14,0
100,0,0,0,0.31814544259178207,unknown,False,False,0,0,14,0
101,0,0,0,0.23915112885736656,unknown,False,False,0,0,14,0
102,0,0,0,0.19287563332840424,unknown,False,False,0,0,13,0
103,0,0,0,0.30874369383711536,unknown,False,False,0,0,13,0
104,0,0,0,0.3163657260857122,unknown,False,False,0,0,14,0
105,0,0,0,0.21745919662915594,unknown,False,False,0,0,16,0
106,0,0,0,0.1812499658437662,unknown,False,False,0,0,11,0
107,0,0,0,0.1670505468189939,unknown,False,False,0,0,15,0
108,0,0,0,0.22218730388402255,unknown,False,False,0,0,13,0
109,0,0,0,0.21443371924085428,unknown,False,False,0,0,13,0
110,0,0,0,0.2116097864123628,unknown,False,False,0,0,12,0
111,0,0,0,0.3331087027300864,unknown,False,False,0,0,9,0
112,0,0,0,0.34653512863478725,unknown,False,False,0,0,14,0
113,0,0,0,0.4723942408480738,unknown,False,False,0,0,14,0
114,0,0,0,0.49518368921834727,unknown,False,False,0,0,15,0
115,0,0,0,0.5659133083823762,unknown,False,False,0,0,13,0
116,0,0,0,0.6758448230821894,unknown,False,False,0,0,15,0
117,0,0,0,0.8003600233563359,unknown,False,False,0,0,16,0
118,0,0,0,0.895578801624119,yellow,False,False,0,0,15,0
119,0,0,0,0.921769999693219,unknown,False,False,0,0,16,0
120,0,0,0,1.1315353783342406,unknown,False,False,0,0,16,0
121,0,0,0,1.16872471683474,unknown,False,False,0,0,12,0
122,0,0,0,0.8469777043951132,unknown,False,False,0,0,10,0
123,0,0,0,0.7394625725037239,unknown,False,False,0,0,13,0
124,0,0,0,0.7940137566596083,unknown,False,False,1,0,10,0
125,0,0,0,0.7445792773142409,unknown,False,False,0,0,11,0
126,0,0,0,0.6549806407924567,unknown,False,False,0,0,8,0
127,0,0,0,0.7510045932388859,unknown,False,False,1,0,11,0
128,0,0,0,0.7307400268138621,unknown,False,False,0,0,10,0
129,0,0,0,0.6044987451748226,unknown,False,False,0,0,12,0
130,0,0,0,0.6418638448654653,unknown,False,False,0,0,9,0
131,0,0,0,0.7845436338023668,unknown,False,False,0,0,8,0
132,0,0,0,0.7273306680964872,unknown,False,False,0,1,4,0
133,0,0,0,0.5360464643686602,unknown,False,False,1,1,3,0
134,1,0,1,0.40599996919274695,unknown,False,False,1,1,4,0
135,1,0,1,0.4266817538971706,unknown,False,False,1,1,0,0
136,1,0,1,0.44602028176688985,unknown,False,False,0,3,2,0
137,0,0,0,0.29646867228487755,yellow,False,False,0,2,3,0
138,0,0,0,1.021037765433391,unknown,False,False,0,1,2,0
139,0,0,0,1.0709052229364784,red,False,True,0,1,3,0
140,0,0,0,1.152609846921025,red,False,True,0,1,3,0
141,0,0,0,0.6461380107186819,unknown,False,True,0,1,4,0
142,0,0,0,0.814367620600248,yellow,False,False,0,0,5,0
143,0,0,0,0.739247166240878,yellow,False,False,0,0,4,0
144,0,0,0,1.196091617257251,unknown,False,False,1,0,3,0
145,1,0,1,0.8686907792267194,unknown,False,False,2,0,5,0
146,1,0,1,0.7737260541425566,unknown,False,False,0,0,7,0
147,1,0,1,1.0554216635091769,unknown,False,False,1,0,7,0
148,1,0,1,1.049653397726539,unknown,False,False,0,0,8,0
149,0,0,0,1.0186375698046135,unknown,False,False,0,0,8,0
150,0,0,0,1.244573308411854,unknown,False,False,0,0,8,0
151,0,0,0,1.3537814868082316,unknown,False,False,0,0,8,1
152,0,0,0,1.0665229633830264,unknown,False,False,0,0,7,0
153,0,0,0,0.6676238315400838,unknown,False,False,1,0,5,0
154,1,0,1,0.37601161611573003,yellow,False,False,1,0,5,0
155,1,0,1,0.4097052736105125,unknown,False,False,0,0,5,0
156,1,0,1,0.4767575634586743,unknown,False,False,0,0,3,0
157,0,0,0,0.5621718918864916,red,False,False,0,0,2,0
158,0,0,0,0.5076333368400475,red,False,False,0,0,3,0
159,0,0,0,0.5113851065784054,yellow,False,False,0,0,2,0
160,0,0,0,0.3931012709552964,yellow,False,False,0,0,2,0
161,0,0,0,0.5931200180409171,unknown,False,False,0,0,2,0
162,0,0,0,0.91297882658996,yellow,False,False,0,0,2,0
163,0,0,0,1.126969632749992,unknown,False,False,0,0,1,0
164,0,0,0,1.5044125628514096,unknown,False,False,0,0,1,0
165,0,0,0,0.8174188995573558,unknown,False,False,0,0,1,0
166,0,0,0,0.3752848170513777,unknown,False,False,0,0,1,0
167,0,0,0,0.25347615138212803,unknown,False,False,0,0,0,0
168,0,0,0,0.198065803387541,unknown,False,False,0,0,0,0
169,0,0,0,0.0,red,False,False,0,0,0,0
170,0,0,0,0.0,red,False,False,0,0,1,0
171,0,0,0,0.2988469373506332,unknown,False,False,0,0,1,0
172,0,0,0,0.9881369564430356,unknown,False,False,0,0,2,0
173,0,0,0,2.5869903033924624,unknown,False,False,1,0,2,0
174,0,0,0,2.4334341310299417,unknown,False,False,0,0,1,0
175,0,0,0,0.6441735931283629,unknown,False,False,0,0,2,0
176,0,0,0,0.642078759345793,unknown,False,False,1,0,2,0
177,0,1,1,1.331507819960851,unknown,False,False,1,0,1,0
178,1,1,2,1.9187274170821826,unknown,False,False,0,0,0,0
179,0,0,0,1.2337953495332512,unknown,False,False,0,0,0,0
180,0,0,0,1.046613390367008,unknown,False,False,1,0,0,0
181,1,0,1,1.8809854286834715,unknown,False,False,1,0,1,0
182,1,0,1,2.004306846100518,unknown,False,False,0,0,1,0
183,0,0,0,1.4642279274541907,yellow,False,False,0,0,0,0
184,0,0,0,0.0,unknown,False,False,0,0,0,0
185,0,0,0,0.0,unknown,False,False,0,0,0,0
186,0,0,0,0.0,unknown,False,False,0,0,1,0
187,0,0,0,2.3573811482099685,unknown,False,False,0,0,1,0
188,0,0,0,2.4061172304052003,unknown,False,False,0,0,0,0
189,0,0,0,1.9135784616343516,unknown,False,False,0,0,1,0
190,0,0,0,3.0875919153198303,unknown,False,False,0,0,1,0
191,0,0,0,1.4908219641016656,unknown,False,False,0,0,0,0
192,0,0,0,0.6054753463422295,unknown,False,False,0,0,1,0
193,0,0,0,0.1553141371757894,red,False,False,0,0,2,0
194,0,0,0,0.7272729530958939,unknown,False,False,0,0,3,0
195,0,0,0,0.9043387234498019,red,False,False,0,0,3,0
196,0,0,0,0.7434053385468248,unknown,False,True,0,0,5,0
197,0,0,0,0.60383199291841,unknown,False,False,0,0,11,0
198,0,0,0,1.0207872823241264,unknown,False,False,0,0,9,0
199,0,0,0,1.2838338732712482,unknown,False,False,1,0,10,0
200,0,0,0,1.066691930591364,unknown,False,False,0,0,5,0
201,0,0,0,0.8832630883549252,unknown,False,False,0,0,7,0
202,0,0,0,0.9167546863257221,unknown,False,False,0,0,5,0
203,0,0,0,0.9077193238219421,unknown,False,False,0,0,6,0
204,0,0,0,1.0585486270082431,unknown,False,False,0,0,6,0
205,0,0,0,0.9057788128752221,unknown,False,False,0,0,6,0
206,0,0,0,0.5655785658739532,red,False,False,0,0,7,0
207,0,0,0,0.4553593612599701,unknown,False,False,0,0,4,0
208,0,0,0,0.37283407425329373,yellow,False,False,0,0,7,0
209,1,0,1,0.28188170019291553,unknown,False,False,1,0,6,0
210,1,0,1,0.27763187696384634,red,False,False,0,0,5,0
211,0,0,0,0.5685204253555446,red,False,False,1,0,6,0
212,1,0,1,0.4921167315879144,red,False,False,0,0,7,0
213,1,0,1,0.4380704576676813,unknown,False,False,0,0,7,0
214,2,0,2,0.5176588005316927,unknown,False,False,2,0,8,0
215,1,0,1,0.7150300601485383,red,False,False,0,0,6,0
216,1,0,1,0.5725977072597803,red,False,False,0,0,8,0
217,1,0,1,0.37426400255317543,red,False,False,0,0,7,0
218,1,0,1,0.27603219848214533,red,False,False,1,0,5,0
219,1,0,1,0.46686710264048503,red,False,False,0,0,3,0
220,0,0,0,0.38574247937757433,red,False,False,0,0,8,0
221,1,0,1,0.30822133640825505,red,False,False,1,0,5,0
222,3,0,3,0.3140165402060392,red,False,False,4,0,8,0
223,3,0,3,0.5550079345916211,red,False,False,0,0,8,0
224,1,0,1,0.7354933462977337,red,False,False,1,0,9,0
225,2,0,2,1.1576469989174936,red,False,False,1,0,7,0
226,2,0,2,0.8460061702700453,unknown,False,False,2,0,5,0
227,3,0,3,0.5520970956004534,unknown,False,False,1,0,8,0
228,3,0,3,0.3107538247604594,red,False,False,1,0,8,0
229,3,0,3,0.22526194823462817,unknown,False,False,1,0,7,0
230,3,0,3,0.22551551166273576,red,False,False,0,0,6,0
231,1,0,1,0.4602287278999249,red,False,False,1,0,7,0
232,1,0,1,0.4755351548562174,red,False,False,1,0,3,0
233,2,0,2,0.3778506670987101,red,False,False,2,0,3,0
234,2,0,2,0.1508706951474597,red,False,False,1,0,2,0
235,1,0,1,0.0813933819254229,yellow,False,True,1,1,3,0
236,1,0,1,0.06127046420719681,unknown,False,True,1,1,2,0
237,2,0,2,0.05508802536328772,red,False,True,2,1,3,0
238,2,0,2,0.044897797061010485,red,False,True,1,1,2,0
239,2,0,2,0.06273556240587132,red,False,True,1,1,2,0
240,1,0,1,0.15821251761275326,red,False,True,1,1,3,0
241,1,0,1,0.1512307505371278,green,False,True,1,1,4,0
242,1,0,1,0.26922371941188533,unknown,False,False,1,1,4,0
243,3,0,3,0.31601227561037876,unknown,False,True,2,1,3,0
244,2,0,2,0.5646289047674513,red,False,True,2,1,5,0
245,3,1,4,0.5983645559359116,yellow,False,False,2,0,10,0
246,2,1,3,0.9033142181305281,red,False,False,2,0,7,0
247,3,0,3,1.1630682197616555,unknown,False,False,2,0,6,0
248,4,0,4,1.0843245128374948,unknown,False,False,2,0,4,0
249,2,0,2,1.153827222593536,unknown,False,False,0,0,3,0
250,0,0,0,0.7260850658638025,unknown,False,False,0,0,3,0
251,0,0,0,0.8798138190413466,unknown,False,False,0,0,2,0
252,0,0,0,2.5442693186164824,unknown,False,False,0,0,3,0
253,0,0,0,0.8468859946156941,unknown,False,False,0,0,3,0
254,0,0,0,0.22574524475158445,unknown,False,False,1,0,0,0
255,1,0,1,0.42829029788034717,unknown,False,False,1,0,2,0
256,1,0,1,0.8222040817854938,red,False,False,1,0,2,0
257,1,0,1,0.5494129831557222,unknown,False,False,0,0,1,0
258,2,0,2,0.7441990702391104,yellow,False,False,0,0,2,0
259,0,0,0,0.40741953617063714,unknown,False,False,0,0,3,0
260,0,0,0,0.44674990884476207,unknown,False,False,0,0,2,0
261,0,0,0,0.547828532259661,unknown,False,False,0,0,3,0
262,0,0,0,0.692532636348569,unknown,False,False,0,0,2,0
263,0,0,0,0.24421523177872576,unknown,False,False,0,0,2,0
264,0,0,0,0.38953387483613805,red,False,True,0,0,3,0
265,0,0,0,0.41249302193617016,red,False,True,0,0,9,0
266,0,0,0,0.712421498222756,unknown,False,False,0,0,7,0
267,0,0,0,1.1220515031076013,unknown,False,False,0,0,11,0
268,0,0,0,1.116486997299156,unknown,False,False,1,0,14,0
269,0,0,0,1.1782490467975846,unknown,False,False,0,0,18,0
270,0,0,0,1.2972415264256576,unknown,False,False,0,0,18,0
271,0,0,0,1.3400802823740718,unknown,False,False,0,0,16,0
272,0,0,0,1.2617254800810507,unknown,False,False,0,0,13,0
273,0,0,0,1.0941792635014662,unknown,False,False,0,0,15,0
274,0,0,0,0.9196078658294881,unknown,False,False,0,0,13,0
275,0,0,0,0.8540322891787282,unknown,False,False,0,0,14,0
276,0,0,0,0.9248686290496214,unknown,False,False,0,0,16,0
277,0,0,0,0.9386170783891735,unknown,False,False,0,0,11,0
278,0,0,0,0.9267874809771692,unknown,False,False,0,0,12,0
279,0,0,0,0.6637145592844942,unknown,False,False,0,0,9,0
280,0,0,0,0.5407357787138841,unknown,False,True,1,0,7,0
281,0,0,0,0.5114415906621668,unknown,False,False,0,0,11,0
282,0,0,0,0.48922514794960353,green,False,False,0,0,11,0
283,0,0,0,0.3095805264080177,unknown,False,False,0,0,9,0
284,0,0,0,0.25828873390259716,unknown,False,False,0,0,10,0
285,0,0,0,0.25133935955879966,unknown,False,False,0,0,11,0
286,0,0,0,0.16587172791144095,unknown,False,False,0,0,12,0
287,0,0,0,0.30006805961546185,unknown,False,False,1,0,9,0
288,1,0,1,0.24416264670996563,unknown,False,False,0,0,10,0
289,1,0,1,0.12339724582968882,green,False,False,0,0,11,0
290,0,0,0,0.18490207097791692,green,False,False,0,0,11,0
291,0,0,0,0.2745398658511885,green,False,False,0,0,9,0
292,0,0,0,0.2695604185829758,unknown,False,False,0,0,14,0
293,0,0,0,0.26713150000054575,unknown,False,False,0,0,11,0
294,0,0,0,0.3822713319966873,unknown,False,False,0,0,8,0
295,0,0,0,0.5441789211927488,green,False,False,0,0,11,0
296,0,0,0,0.37681732892771724,green,False,False,0,0,13,0
297,0,0,0,0.4903646040379,unknown,False,False,0,0,11,0
298,0,0,0,0.23595591741286934,unknown,False,False,0,0,15,0
299,1,0,1,0.26908904476598794,green,False,False,1,0,14,0
300,1,0,1,0.5484031304917333,unknown,False,False,1,0,11,0
301,1,0,1,0.6061674995132731,unknown,False,False,0,0,13,0
302,1,0,1,0.5689383931697891,unknown,False,False,2,0,8,0
303,3,0,3,0.47814764596101333,unknown,False,False,3,0,12,0
304,3,0,3,0.29497720864655746,yellow,False,False,4,0,12,0
305,3,0,3,0.267580725277872,red,False,False,3,0,12,0
306,4,0,4,0.28110324362292216,red,False,False,2,0,10,0
307,3,0,3,0.3738003405283102,unknown,False,False,0,0,11,0
308,1,0,1,0.45075262466188293,red,False,False,0,0,10,0
309,0,0,0,0.5495579007705667,red,False,False,0,0,8,0
310,0,0,0,0.8189734446678577,unknown,False,False,0,0,7,0
311,0,0,0,1.1671567388124777,unknown,False,False,0,0,8,0
312,0,1,1,1.4493611435151723,unknown,False,False,1,0,7,0
313,1,0,1,1.283880363600826,unknown,False,False,0,0,8,0
314,1,0,1,1.1738260162412981,unknown,False,False,0,0,11,0
315,0,0,0,0.994871864394046,unknown,False,False,0,0,10,0
316,0,0,0,0.9560976400588542,unknown,False,False,0,0,12,0
317,0,0,0,0.8600608195840572,unknown,False,False,0,0,11,0
318,0,0,0,0.7264948245407582,unknown,False,False,0,0,11,0
319,0,0,0,0.7351808608102107,unknown,False,False,1,0,7,0
320,0,0,0,0.8098608432682666,unknown,False,False,2,0,7,0
321,1,0,1,0.7258447493241743,unknown,False,False,3,0,7,0
322,3,0,3,0.5597614479897995,unknown,False,False,3,0,7,0
323,4,0,4,0.43113669715106706,green,False,False,3,0,11,0
324,4,0,4,0.34954054097856496,unknown,False,False,4,0,12,0
325,4,0,4,0.3973058894827462,red,False,False,0,0,10,0
326,0,0,0,0.4668595558847096,red,False,False,0,0,9,0
327,0,0,0,0.4163599030499627,red,False,False,0,0,6,0
328,0,0,0,0.5207380828651759,red,False,False,1,0,7,0
329,0,0,0,0.5429669332099718,unknown,False,False,0,0,6,0
330,0,0,0,0.698464433454895,unknown,False,False,0,0,6,0
331,0,0,0,1.0429143683052258,unknown,False,False,0,0,9,0
332,0,0,0,0.949018018948516,unknown,False,False,0,0,10,0
333,1,0,1,0.7741422426531862,unknown,False,False,1,0,10,0
334,1,0,1,0.8195456778961256,unknown,False,False,2,1,9,0
335,1,1,2,0.9529771596989745,unknown,False,False,2,1,8,0
336,2,0,2,1.0167052689368286,unknown,False,False,1,1,5,0
337,1,0,1,0.8522821910119088,unknown,False,False,2,1,8,0
338,2,0,2,0.7075990525711121,unknown,False,False,0,1,5,0
339,0,0,0,0.7962087763401456,unknown,False,False,0,2,1,0
340,1,0,1,0.11607485417736245,unknown,False,False,1,2,1,0
341,1,0,1,0.6265718976591153,unknown,False,False,1,2,3,0
342,1,0,1,0.4647150612802555,unknown,False,True,1,2,4,0
343,1,0,1,0.3192556489590534,red,False,True,1,2,4,0
344,1,0,1,0.3412397828808114,red,False,True,1,1,6,0
345,1,0,1,0.3926809465062912,red,False,True,1,1,5,0
346,1,0,1,0.47772171732962854,red,False,True,1,1,8,0
347,1,0,1,0.5624948141511052,red,False,True,0,0,9,0
348,1,0,1,0.5880791364114185,unknown,False,True,0,0,5,0
349,0,0,0,0.6960985934446073,unknown,False,False,1,0,6,0
350,0,1,1,0.7825400123889241,unknown,False,False,1,0,6,0
351,1,1,2,1.0168841996870397,unknown,False,False,0,0,4,0
352,0,0,0,0.8701450557325989,unknown,False,False,0,0,3,0
353,0,0,0,0.38457695794350905,unknown,False,False,0,0,4,0
354,0,0,0,0.5335883882059155,unknown,False,False,0,0,5,0
355,1,0,1,0.9571235848535888,unknown,False,False,1,0,8,0
356,0,1,1,0.9219747659558429,unknown,False,False,1,0,7,0
357,1,0,1,1.01445612535778,unknown,False,False,1,0,9,0
358,1,0,1,0.8165236476451557,unknown,False,False,0,0,8,0
359,0,0,0,0.6950542284663926,red,False,False,0,0,7,0
360,0,0,0,0.41757591838257235,red,False,True,0,0,10,0
361,0,0,0,0.32438570217035956,red,False,False,0,0,11,0
362,0,0,0,0.32722482659620855,red,False,False,0,0,15,0
363,0,0,0,0.4563294357742285,red,False,False,0,0,13,0
364,0,0,0,0.3592023086064338,red,False,True,0,0,13,0
365,0,0,0,0.2100419319301038,red,False,False,0,0,13,0
366,0,0,0,0.32814408798933076,red,False,False,0,0,18,0
367,0,0,0,0.36536398878470944,red,False,False,0,0,22,0
368,0,0,0,0.579698289175532,red,False,False,0,0,14,0
369,0,0,0,0.8130408956066977,red,False,False,2,0,13,0
370,1,0,1,0.8534154720317956,red,False,True,1,0,15,0
371,1,0,1,0.6875627139808642,yellow,False,True,5,0,10,0
372,2,0,2,0.7464903072476022,unknown,False,False,2,0,9,0
373,3,0,3,0.5519297269710809,unknown,False,False,1,0,8,0
374,3,0,3,0.8711254956428754,unknown,False,False,0,0,5,0
375,0,0,0,0.7191784681532268,unknown,False,False,0,0,9,0
376,0,0,0,0.7018144581481842,unknown,False,False,0,0,12,0
377,0,0,0,0.7900102805152635,unknown,False,False,0,0,8,0
378,0,0,0,0.8899505194722149,unknown,False,False,0,0,9,0
379,0,0,0,0.7967702196464451,unknown,False,False,0,0,9,0
380,0,0,0,0.7352238287566394,yellow,False,False,0,0,7,0
381,0,0,0,0.7763439528099672,red,False,False,0,0,6,0
382,0,0,0,0.5187816197680232,unknown,False,False,0,0,7,0
383,0,0,0,0.4060765833979971,yellow,False,False,0,0,6,0
384,0,0,0,0.3173388194702316,unknown,False,False,0,0,6,0
385,0,0,0,0.2602474292932958,yellow,False,False,0,0,7,0
386,0,0,0,0.2660718787325809,red,False,False,0,0,4,0
387,0,0,0,0.25966393818139577,red,False,False,0,0,7,0
388,0,0,0,0.34263276768870604,red,False,False,0,0,7,0
389,0,0,0,0.5313138731393696,red,False,False,0,0,6,0
390,0,0,0,0.6455902777335302,yellow,False,False,0,0,4,0
391,0,0,0,0.9532000304504239,red,False,False,0,0,5,0
392,0,0,0,1.5130466367251754,red,False,False,0,0,6,0
393,0,0,0,1.0790853180530813,unknown,False,False,0,0,8,0
394,0,0,0,0.7232026955360362,unknown,False,False,0,0,8,0
395,0,0,0,0.6503020159952843,unknown,False,False,0,0,6,0
396,0,0,0,0.40439254234464433,unknown,False,False,0,0,7,0
397,0,0,0,0.715635816874928,unknown,False,False,0,0,5,0
398,0,0,0,1.1833569719081118,unknown,False,False,0,0,7,0
399,0,0,0,1.1201270747566638,unknown,False,False,0,0,7,0
400,0,0,0,0.947587082426728,unknown,False,False,0,0,7,0
401,0,0,0,0.8044194412857734,unknown,False,False,0,0,5,0
402,0,0,0,0.3962015653343744,yellow,False,False,0,0,5,0
403,0,0,0,0.24545168525784952,green,False,False,0,0,6,0
404,0,0,0,0.3169273160053762,green,False,False,0,0,5,0
405,0,0,0,0.2402493400024438,unknown,False,False,0,0,2,0
406,0,0,0,0.20276515877027634,unknown,False,False,0,0,2,0
407,0,0,0,0.3082444715877893,unknown,False,False,0,0,4,0
408,0,0,0,0.5078702289342959,unknown,False,False,0,0,3,0
409,0,0,0,1.0276972236268638,unknown,False,False,0,0,4,0
410,0,0,0,0.3765342630586718,unknown,False,False,0,0,5,0
411,0,0,0,0.23420117811708938,unknown,False,False,0,0,8,0
412,0,0,0,0.3953843214039504,green,False,False,0,0,4,0
413,0,0,0,0.5110110410219463,green,False,False,0,0,9,0
414,0,0,0,0.6075288100785107,green,False,False,0,0,5,0
415,0,0,0,0.4645272242157551,unknown,False,False,0,0,4,0
416,0,0,0,0.1406641467403146,green,False,False,0,0,5,0
417,0,0,0,0.1511545864279533,green,False,False,0,0,3,0
418,0,0,0,0.12088932739933096,unknown,False,False,0,0,6,0
419,1,0,1,0.23575664697240048,unknown,False,False,0,0,3,0
420,0,0,0,1.3084482478610562,green,False,False,0,0,4,0
421,0,0,0,0.9457579300990526,red,False,False,0,0,4,0
422,0,0,0,0.4246153902011326,unknown,False,False,0,0,5,0
423,0,0,0,0.34636069688124294,red,False,False,0,0,3,0
424,0,0,0,0.7972336977334769,unknown,False,False,0,0,5,0
425,0,0,0,1.342803114598419,yellow,False,False,0,0,7,0
426,0,0,0,1.422043584544822,unknown,False,False,0,0,12,0
427,0,0,0,0.8826263123728932,unknown,False,False,0,0,11,0
428,0,0,0,0.6936865980914433,unknown,False,False,0,0,12,0
429,0,0,0,0.7386513462770152,unknown,False,False,0,0,9,0
430,0,0,0,0.798992951514376,unknown,False,False,0,0,10,0
431,1,0,1,1.0213720485381501,unknown,False,False,1,0,8,0
432,1,1,2,1.0582156895950936,unknown,False,False,3,0,7,0
433,1,1,2,0.9745703165642589,unknown,False,False,3,0,9,0
434,3,0,3,0.7825559396774768,yellow,False,False,2,0,8,0
435,1,2,3,0.8283015375486886,red,False,False,2,0,11,0
436,1,1,2,0.8359435321513858,unknown,False,False,2,0,13,0
437,2,0,2,0.9355142771965576,unknown,False,False,0,0,10,0
438,2,0,2,0.9287430155220905,unknown,False,False,0,0,9,0
439,0,0,0,0.8270494936444102,unknown,False,False,0,0,7,0
440,0,0,0,1.0539400459976678,unknown,False,False,0,0,7,0
441,0,0,0,1.07570712444214,unknown,False,False,0,0,11,0
442,0,0,0,1.0717858741266078,unknown,False,False,0,0,12,0
443,1,0,1,1.5237863804091032,unknown,False,False,1,0,9,0
444,0,1,1,0.7982829947503771,unknown,False,False,1,0,14,0
445,1,0,1,0.6856600588046737,unknown,False,False,1,0,10,0
446,1,0,1,0.610029014372032,unknown,False,False,0,0,7,0
447,0,0,0,0.5536435374244706,unknown,False,False,0,0,7,0
448,1,0,1,0.48121424126362544,unknown,False,False,1,0,6,0
449,1,0,1,0.4127466788829424,unknown,False,False,1,0,5,0
450,0,1,1,0.39851783774520777,unknown,False,False,1,0,7,0
451,0,1,1,0.37316298129055464,unknown,False,False,1,0,5,0
452,2,0,2,0.3547348050580081,yellow,False,False,1,0,7,0
453,1,0,1,0.41719298665661664,unknown,False,False,1,0,5,0
454,1,0,1,0.30547847031650804,unknown,False,False,0,0,5,0
455,1,0,1,0.17327287711557451,unknown,False,False,0,0,6,0
456,0,0,0,0.19329109650702833,unknown,False,False,0,0,5,0
457,0,0,0,0.1418677133188852,unknown,False,False,1,1,3,0
458,1,0,1,0.2469943006278058,unknown,False,False,1,1,4,0
459,1,0,1,0.6000558818873623,unknown,False,False,1,1,5,0
460,1,0,1,0.965201623247571,unknown,False,True,1,1,7,0
461,1,0,1,1.009562520953978,unknown,False,True,1,1,6,0
462,1,0,1,0.7390054967367281,unknown,False,False,1,1,5,0
463,0,1,1,0.6995528837824557,unknown,False,False,1,1,3,0
464,1,1,2,0.4736757745243558,unknown,False,False,1,1,4,0
465,1,0,1,0.16961562096340801,unknown,False,False,1,1,0,0
466,1,0,1,0.05864449675546468,unknown,False,False,1,1,1,1
467,2,0,2,0.5982259477186219,unknown,False,False,2,1,2,0
468,2,0,2,1.2630054779535604,unknown,False,False,1,1,4,0
469,2,0,2,1.247800046361524,unknown,False,False,1,1,4,0
470,1,0,1,1.259438236935447,red,False,True,0,1,3,0
471,1,0,1,1.2755638990767084,unknown,False,True,0,1,5,0
472,0,0,0,1.3927361700638414,unknown,False,False,1,1,5,0
473,0,0,0,0.9193431170022816,red,False,True,0,2,6,0
474,0,0,0,0.559569539588973,red,False,True,0,0,7,0
475,0,0,0,0.5085708617118885,red,False,True,0,1,8,0
476,0,0,0,0.4682879790301425,unknown,False,True,0,0,6,0
477,0,0,0,0.4174280926889779,unknown,False,False,0,1,9,0
478,0,0,0,0.5489338073390453,unknown,False,False,0,1,8,0
479,0,0,0,0.624903371984142,unknown,False,False,0,0,9,0
480,0,0,0,0.7363210041156222,unknown,False,True,0,0,9,0
481,0,0,0,0.981224202446406,unknown,False,False,0,0,10,0
482,0,0,0,0.7960820773438408,unknown,False,False,0,0,10,0
483,0,0,0,0.6805069125202345,unknown,False,False,0,0,9,0
484,0,0,0,0.739062387392862,unknown,False,False,0,0,10,0
485,0,0,0,0.709405620188703,unknown,False,False,0,0,4,0
486,0,0,0,0.6204670519684323,unknown,False,False,1,0,8,0
487,0,1,1,0.7806915405456074,unknown,False,False,1,0,11,0
488,1,1,2,0.8956112206778765,unknown,False,False,3,0,6,0
489,2,0,2,0.9192591735037304,red,False,False,0,0,9,0
490,1,0,1,0.9246441441144672,unknown,False,False,1,0,3,0
491,0,1,1,0.9110989344302148,unknown,False,False,1,0,5,0
492,1,1,2,0.9258923462554605,unknown,False,False,1,0,4,0
493,1,0,1,0.7088384771100505,unknown,False,False,0,0,5,2
494,0,0,0,0.591778130123908,unknown,False,False,0,0,2,0
495,2,0,2,0.4403309777629948,unknown,False,False,3,0,0,0
496,3,0,3,0.0,unknown,False,False,2,0,0,0
497,3,0,3,0.15220335976492644,unknown,False,False,3,0,1,0
498,2,1,3,0.19812575783798253,unknown,False,False,3,0,2,0
499,3,0,3,0.23046344589765094,unknown,False,False,0,0,2,0
500,2,0,2,0.3403601117433109,unknown,False,False,0,0,2,0
501,0,0,0,0.7761526154419822,unknown,False,False,0,0,3,0
502,0,0,0,0.6782066026618382,unknown,False,False,0,0,3,0
503,0,0,0,0.790932440287311,yellow,False,False,0,0,7,0
504,0,0,0,0.8732064043380965,unknown,False,False,0,0,4,0
505,0,0,0,0.8821631991836069,red,False,False,0,0,7,0
506,0,0,0,0.6848897618030424,yellow,False,False,0,0,6,0
507,0,0,0,0.5336276817724295,unknown,False,False,1,0,8,0
508,0,0,0,0.44599433641757585,red,False,False,0,0,5,0
509,0,0,0,0.3199130864347327,unknown,False,False,0,0,3,0
510,0,0,0,0.3273329694427751,unknown,False,False,0,1,2,0
511,0,0,0,0.39539368207464426,unknown,False,False,0,0,3,0
512,0,0,0,0.8086760249005541,red,False,False,0,0,3,0
513,1,0,1,1.10218414257788,unknown,False,False,1,0,7,0
514,0,1,1,1.1554332645336411,unknown,False,False,1,0,7,0
515,1,0,1,1.2275142254340499,unknown,False,False,0,0,8,0
516,1,0,1,1.4364040794699742,unknown,False,False,0,0,9,0
517,0,0,0,0.8626536456363415,unknown,False,False,0,0,7,0
518,0,0,0,0.7412389470178188,unknown,False,False,0,0,7,0
519,0,0,0,0.763487150602251,unknown,False,False,0,0,9,0
520,0,1,1,1.356866348908794,unknown,False,False,1,0,6,0
521,1,1,2,1.3526807647433492,unknown,False,False,1,0,6,0
522,1,0,1,1.6042627365309838,unknown,False,False,0,0,7,0
523,0,0,0,1.4880697285971503,unknown,False,False,0,0,12,0
524,0,0,0,0.9066925190350091,green,False,False,0,0,12,0
525,0,0,0,0.9363110890838481,red,False,False,1,0,13,0
526,0,0,0,1.1003102690987019,yellow,False,False,0,0,16,0
527,0,0,0,1.299108137811743,unknown,False,False,0,0,18,0
528,0,0,0,1.29578685597824,unknown,False,False,1,0,16,0
529,0,1,1,0.9953440053417638,unknown,False,False,2,0,16,0
530,0,1,1,0.8562384044123194,unknown,False,False,0,0,15,0
531,1,0,1,1.0151986663590675,unknown,False,False,0,0,13,0
532,1,0,1,0.8794124376964624,unknown,False,False,1,0,9,0
533,0,1,1,0.7815307055170906,unknown,False,False,1,0,7,0
534,1,0,1,0.6969250025201087,unknown,False,False,0,0,6,0
535,0,0,0,0.6572510770655049,unknown,False,False,0,0,6,0
536,0,0,0,0.5047882986774342,unknown,False,False,1,0,3,0
537,0,0,0,0.37997631981334734,unknown,False,False,0,0,4,0
538,0,0,0,0.4198320736796572,yellow,False,False,0,0,4,0
539,0,0,0,0.2862094768473914,unknown,False,False,0,0,5,0
540,0,0,0,0.3892811774979433,red,False,False,0,0,6,0
541,0,0,0,0.598525787542557,unknown,False,False,0,0,7,0
542,0,0,0,0.8823566339672463,red,False,False,0,0,7,0
543,0,0,0,0.8872611650540949,red,False,False,0,0,5,0
544,0,0,0,0.4874966617759802,red,False,False,0,0,5,0
545,0,0,0,0.23838539938668046,yellow,False,False,0,0,4,0
546,0,0,0,0.15914756613310327,red,False,False,0,0,2,0
547,0,0,0,0.15838751495289197,green,False,False,0,0,3,0
548,0,0,0,0.09381983661722999,red,False,False,0,0,2,0
549,0,0,0,0.1393645751747126,red,False,False,0,0,4,0
550,0,0,0,0.2721463518592689,red,False,False,0,0,4,0
551,0,0,0,0.42599202687229193,green,False,False,0,0,6,0
552,0,0,0,0.9565549623858888,red,False,False,0,0,6,0
553,0,0,0,1.2420460787190721,red,False,False,1,0,5,0
554,1,0,1,1.120882923008205,red,False,False,0,0,4,0
555,1,0,1,0.7448916400679069,red,False,False,0,0,6,0
556,0,0,0,0.6581447425976177,red,False,False,0,0,7,0
557,0,0,0,0.6130140609092607,red,False,False,0,0,6,0
558,0,0,0,0.4393166462000691,red,False,False,0,0,6,0
559,0,0,0,0.6887931057396811,red,False,True,0,0,8,0
560,0,0,0,0.4767558820449689,unknown,False,True,0,0,9,0
561,0,0,0,0.7518027477722761,red,False,False,0,0,7,0
562,0,0,0,0.6652836327179493,red,False,False,0,0,7,0
563,0,0,0,0.7998761644208795,red,False,False,0,0,8,0
564,0,0,0,0.7297182211288233,unknown,False,False,0,0,7,0
565,0,0,0,0.738256605633492,red,False,False,0,0,7,0
566,0,0,0,0.38100642326317485,red,False,False,0,0,8,0
567,0,0,0,0.5367971317281499,unknown,False,False,0,0,7,0
568,0,0,0,0.3178827992782876,green,False,False,0,0,7,0
569,0,0,0,0.29193852318344377,unknown,False,False,0,0,10,0
570,0,0,0,0.5422194604255102,unknown,False,False,0,0,6,0
571,0,0,0,0.7577298871352387,unknown,False,False,0,0,6,0
572,0,0,0,0.6878709558754212,yellow,False,False,0,0,6,0
573,0,0,0,0.8013664003000772,yellow,False,False,0,0,6,0
574,0,0,0,0.49795738130519934,yellow,False,False,0,0,9,0
575,0,0,0,0.6531583355068199,red,False,False,0,0,6,0
576,0,0,0,1.005250744318107,red,False,True,0,0,8,0
577,0,0,0,0.6237503932251668,red,False,False,0,0,8,0
578,0,0,0,0.43309525337063576,red,False,False,0,0,7,0
579,0,0,0,0.5100428193725082,red,False,False,0,0,8,0
580,0,0,0,0.7015726295524791,unknown,False,False,0,0,3,0
581,0,0,0,0.7897404534584266,unknown,False,False,0,0,3,0
582,0,0,0,0.9030104728396708,yellow,False,False,0,0,9,0
583,0,0,0,0.9161440065795784,unknown,False,False,0,0,9,0
584,0,0,0,0.8824836413392942,unknown,False,False,0,0,7,0
585,0,0,0,1.1468114722650307,unknown,False,False,0,0,5,0
586,0,0,0,1.2022057100567316,unknown,False,False,0,0,6,0
587,0,0,0,1.1661221163379782,unknown,False,False,0,0,4,0
588,0,0,0,0.8392545778477273,unknown,False,False,0,0,1,0
589,0,0,0,0.7697926487226158,unknown,False,False,0,0,3,0
590,0,0,0,0.7051488800328042,red,False,False,0,0,7,0
591,0,0,0,0.8350021291305842,unknown,False,False,0,0,4,0
592,0,0,0,1.045200684005073,yellow,False,False,0,0,3,0
593,0,0,0,0.7734669153387046,yellow,False,False,0,0,3,0
594,0,0,0,0.44660224522416003,yellow,False,False,0,0,4,0
595,0,0,0,0.2719456657560648,yellow,False,False,0,0,4,0
596,0,0,0,0.265957496586295,red,False,False,0,0,2,0
597,0,0,0,0.33677734341948756,red,False,False,0,0,2,0
598,0,0,0,0.27854694987458345,red,False,False,0,0,3,0
599,0,0,0,0.2796320232049269,red,False,False,0,0,0,0
600,0,0,0,0.3733682278380336,red,False,False,0,0,0,0
601,0,0,0,0.3006883889000773,red,False,False,0,0,1,0
602,0,0,0,0.5871547953812507,red,False,False,0,0,1,0
603,0,0,0,0.3004478218811579,yellow,False,False,1,0,1,0
604,0,1,1,0.5587149420524476,unknown,False,False,1,1,3,0
605,0,1,1,0.9911964777400127,unknown,False,False,1,0,5,0
606,1,0,1,1.2693963914717612,unknown,False,False,0,0,7,0
607,1,0,1,1.3697351427142734,unknown,False,False,0,0,7,0
608,0,0,0,1.284577467248138,unknown,False,False,0,0,7,0
609,0,0,0,1.1453499107336145,unknown,False,False,0,0,9,0
610,0,0,0,1.0174549877808083,yellow,False,False,0,0,8,0
611,0,0,0,0.8709108931366906,unknown,False,False,0,0,7,0
612,0,0,0,0.7271600763362082,unknown,False,False,0,0,8,0
613,0,0,0,0.9267595161514637,unknown,False,False,0,0,8,0
614,0,1,1,1.1669477760443383,unknown,False,False,2,0,8,0
615,1,1,2,1.6323333918525909,red,False,False,1,0,9,0
616,1,0,1,0.8223375894097927,green,False,False,0,0,10,0
617,0,0,0,0.6947295976483574,green,False,True,1,0,9,0
618,1,1,2,1.0813445214597235,red,False,True,2,0,8,0
619,2,0,2,1.2496808105028578,unknown,False,False,0,0,7,0
620,0,0,0,1.202900467151744,unknown,False,False,0,0,9,0
621,0,0,0,1.2406745224024605,unknown,False,False,2,0,13,0
622,2,1,3,0.9455782079496171,unknown,False,False,2,0,13,0
623,1,2,3,0.7252534637564986,unknown,False,False,2,0,9,0
624,4,0,4,1.2263746725966804,unknown,False,False,1,0,10,0
625,2,0,2,1.167250196414797,unknown,False,False,0,0,10,0
626,0,0,0,1.189767583815521,unknown,False,False,0,0,9,0
627,0,0,0,1.3510737738223153,unknown,False,False,2,0,8,0
628,1,1,2,1.0943215859855255,unknown,False,False,1,0,8,0
629,2,0,2,1.3900845332125358,unknown,False,False,1,0,4,0
630,0,0,0,0.9557351936160805,unknown,False,False,0,0,5,0
631,1,0,1,0.8086043941086075,unknown,False,False,1,1,4,0
632,0,1,1,1.1947073678938338,unknown,False,True,0,0,3,0
633,0,0,0,1.413064526243133,unknown,False,False,0,0,3,0
634,0,0,0,0.9886723073978998,unknown,False,False,0,0,9,1
635,1,0,1,0.9190313948275458,unknown,False,False,1,0,8,0
636,0,1,1,0.9411198481819537,unknown,False,False,1,0,7,0
637,1,0,1,0.9045900289735118,unknown,False,False,1,0,6,0
638,1,0,1,0.8505932731265323,unknown,False,False,0,0,8,0
639,0,0,0,0.8437305526463638,unknown,False,False,0,0,6,0
640,0,0,0,0.7672128674783028,unknown,False,False,0,0,4,0
641,0,0,0,0.6371891563127294,unknown,False,False,0,0,4,0
642,0,0,0,0.493175474864635,unknown,False,False,1,0,3,0
643,0,0,0,0.2946261673048681,unknown,False,False,0,0,2,0
644,0,0,0,0.4078362444559015,unknown,False,False,0,0,7,0
645,1,0,1,0.32963854279955823,unknown,False,False,1,0,4,0
646,3,0,3,0.5971943565852396,unknown,False,False,4,0,6,0
647,2,2,4,0.6496898150731619,red,False,True,3,0,5,0
648,4,0,4,0.28220294139345065,red,False,True,4,0,7,0
649,3,0,3,0.21056145339766275,unknown,False,False,3,0,5,0
650,3,0,3,0.1952059647598423,green,False,True,3,0,5,0
651,3,0,3,0.3077301893215049,red,False,True,2,1,6,0
652,3,0,3,0.6384479740925982,red,False,True,3,1,6,0
653,3,0,3,0.5445276681586837,unknown,False,True,1,0,5,0
654,2,0,2,0.1496157076427944,unknown,False,False,1,0,6,0
655,1,0,1,0.3431104930067548,red,False,True,1,0,9,0
656,1,0,1,0.4862434707485169,red,False,True,1,0,7,0
657,1,0,1,0.4216219561643828,red,False,False,1,0,8,0
658,2,0,2,0.6554980549801068,red,False,True,2,1,9,0
659,2,0,2,0.6558335186249086,red,False,True,2,0,6,0
660,2,0,2,0.430103866086493,red,False,True,2,1,8,0
661,2,0,2,0.5597638359915015,red,False,True,2,1,7,0
662,3,0,3,0.6474501674418551,red,False,True,3,1,6,0
663,3,0,3,0.3222907691870156,red,False,True,1,1,5,0
664,3,0,3,0.21015793462980742,red,False,True,2,0,2,0
665,3,0,3,0.20937941267577886,red,False,True,1,0,5,0
666,3,0,3,0.11465348531071598,red,False,True,2,0,4,0
667,3,0,3,0.08531196803938054,red,False,True,2,0,3,0
668,2,0,2,0.17622698484712682,red,False,False,2,0,2,0
669,2,0,2,0.2329842649500585,red,False,False,1,0,2,0
670,2,0,2,0.23831428176472072,red,False,True,2,0,4,0
671,2,0,2,0.3572190578506598,red,False,True,1,0,4,0
672,2,0,2,0.39182463639282145,green,False,True,1,0,4,0
673,0,0,0,0.6398212714070027,red,False,True,0,1,2,0
674,0,0,0,1.082950982066657,unknown,False,True,0,0,5,0
675,0,0,0,1.2533349687917705,unknown,False,False,0,0,8,0
676,0,0,0,1.2209578677141861,unknown,False,False,0,0,8,0
677,0,0,0,1.211096654006174,unknown,False,False,0,0,7,0
678,0,0,0,1.1408444257996093,unknown,False,False,0,0,6,0
679,0,0,0,0.7780191073323456,unknown,False,False,0,0,7,0
680,0,0,0,0.5658114991261816,unknown,False,False,0,0,6,0
681,0,0,0,0.6504633645165303,unknown,False,False,0,0,6,0
682,0,0,0,1.2330581088044514,unknown,False,False,0,0,7,0
683,0,0,0,1.0449774639568268,unknown,False,False,0,0,6,0
684,0,0,0,0.9425809777888612,unknown,False,False,0,0,6,0
685,0,1,1,0.92156371531657,unknown,False,False,3,0,4,0
686,3,0,3,0.8123663971633168,yellow,False,False,2,0,6,0
687,2,0,2,0.7165523916740467,unknown,False,False,0,0,8,0
688,1,0,1,0.8532979448915269,yellow,False,False,1,0,10,0
689,0,0,0,1.13191191316061,unknown,False,False,0,0,9,0
690,0,0,0,1.5947489959583114,unknown,False,False,0,0,11,0
691,0,0,0,1.511668114834868,unknown,False,False,1,0,8,0
692,0,1,1,1.21092077876301,unknown,False,False,1,0,12,0
693,0,1,1,1.2544167003417945,unknown,False,False,0,0,12,0
694,0,0,0,1.1647786131461169,unknown,False,False,0,0,15,0
695,0,0,0,1.2109252361158702,unknown,False,False,0,0,13,0
696,0,0,0,1.3326586518508285,unknown,False,False,0,0,12,0
697,0,0,0,1.4022596974856354,unknown,False,False,0,0,12,0
698,1,0,1,1.182195302240549,unknown,False,False,1,0,7,0
699,1,0,1,0.6761965664941568,red,False,False,1,0,8,0
700,1,0,1,0.5339405852072829,yellow,False,False,1,0,12,0
701,1,0,1,0.5718978813537815,red,False,False,1,0,7,0
702,1,0,1,0.7149660857180583,red,False,False,1,0,8,0
703,1,0,1,0.5097425555048822,red,False,False,0,0,7,0
704,1,0,1,0.2432298670068524,red,False,False,0,0,7,0
705,0,0,0,0.22985340458924036,red,False,False,1,0,4,0
706,0,0,0,0.4593061792843202,red,False,False,1,0,5,0
707,0,0,0,0.4643090334659632,red,False,False,0,0,6,0
708,0,0,0,0.6555185528442002,red,False,False,0,0,12,0
709,0,0,0,0.5030653418870262,red,False,True,0,0,11,0
710,0,0,0,0.49019114815189746,red,False,False,0,0,7,0
711,0,0,0,0.42116624077447773,red,False,False,0,0,14,0
712,0,0,0,0.3771219292176716,red,False,False,0,0,11,0
713,0,0,0,0.3338769331221276,red,False,False,0,0,8,0
714,0,0,0,0.38477200580517007,red,False,False,0,0,9,0
715,0,0,0,0.22316632569234926,red,False,False,0,0,13,0
716,0,0,0,0.3642559958527973,red,False,False,0,0,12,0
717,0,0,0,0.39782321356196026,red,False,False,0,0,10,0
718,0,0,0,0.5584934216181997,red,False,True,0,0,7,0
719,0,0,0,0.6544744199015315,red,False,True,0,0,7,0
720,0,0,0,0.5966593412806347,unknown,False,False,0,0,10,0
721,0,0,0,0.638819425670566,unknown,False,False,0,0,7,0
722,0,0,0,0.8658060106196943,unknown,False,False,0,0,6,0
723,0,0,0,1.1100388532570866,unknown,False,False,0,0,6,0
724,0,0,0,1.0515174521160726,unknown,False,False,0,0,10,0
725,0,0,0,0.9533782567223889,unknown,False,False,0,0,11,0
726,0,0,0,1.1963385064038548,unknown,False,False,0,0,6,0
727,0,0,0,1.3221131541388884,unknown,False,True,0,0,5,0
728,0,0,0,0.8351928564707688,unknown,False,False,0,0,7,0
729,0,0,0,0.5958656795518936,unknown,False,False,0,0,10,0
730,1,0,1,1.2739124994661009,red,False,True,1,0,7,0
731,4,0,4,1.2786564297381886,unknown,False,False,3,0,9,0
732,2,3,5,1.0831121071909882,unknown,False,False,5,0,10,0
733,4,0,4,0.8561351355560717,unknown,False,True,4,0,7,0
734,4,0,4,0.592398112193027,unknown,False,False,0,0,3,0
735,3,0,3,0.8488299586165439,unknown,False,True,0,0,3,0
736,0,0,0,0.5241765376319207,unknown,False,False,0,0,1,0
737,0,0,0,0.5377127628254097,unknown,False,False,0,0,2,0
738,0,0,0,0.7652932150090402,unknown,False,False,0,0,2,0
739,0,0,0,1.766078187791238,unknown,False,False,0,0,1,0
740,0,0,0,2.850588169825566,unknown,False,False,0,0,2,0
741,0,0,0,0.9194559761970609,unknown,False,False,0,0,3,0
742,0,0,0,0.36671142496600356,unknown,False,False,0,0,2,0
743,0,0,0,0.9529065747024926,unknown,False,False,0,0,4,0
744,0,0,0,1.3365106612504616,unknown,False,False,0,0,4,0
745,0,0,0,1.0067679079256835,red,False,False,0,0,5,0
746,0,0,0,0.8551753304711065,green,False,False,0,0,10,0
747,0,0,0,0.7736236521550305,unknown,False,False,0,0,10,0
748,0,0,0,0.8658919482840645,red,False,False,0,0,7,0
749,0,0,0,1.007235184882277,unknown,False,False,0,0,7,0
750,0,0,0,1.3150172649217349,unknown,False,False,0,0,8,0
751,0,0,0,1.3764639794398903,unknown,False,False,0,0,8,0
752,0,0,0,1.1675607664258316,unknown,False,False,0,0,5,0
753,0,0,0,0.6927745092727214,unknown,False,False,0,0,5,0
754,0,0,0,0.8255060488733309,unknown,False,False,0,0,1,0
755,0,0,0,0.5819257575992832,unknown,False,False,2,0,0,0
756,0,0,0,0.0,unknown,False,False,2,0,1,0
757,1,0,1,0.6957954392751404,unknown,False,False,1,0,1,0
758,1,0,1,1.5791442493787884,unknown,False,False,0,0,1,0
759,1,0,1,2.033979915477602,unknown,False,False,0,0,2,0
760,0,0,0,0.8510890060699959,unknown,False,False,0,0,2,0
761,0,0,0,0.4748112470562897,unknown,False,False,0,0,2,0
762,1,0,1,0.4849660921635865,unknown,False,False,1,0,4,0
763,1,0,1,0.7335762506098827,unknown,False,True,1,0,1,0
764,1,0,1,0.2919276352262647,unknown,False,False,1,0,4,0
765,1,0,1,0.30585706544762203,unknown,False,False,1,0,2,0
766,1,0,1,0.49601887266444017,red,False,False,3,0,3,0
767,1,0,1,1.1339760277874078,red,False,False,1,0,1,0
768,1,0,1,2.726061692279286,unknown,False,False,2,0,1,0
769,1,0,1,1.426389381056502,red,False,False,0,0,3,0
770,2,0,2,0.5622152665261126,red,False,False,2,0,1,0
771,1,0,1,0.26152422180211277,yellow,False,False,1,0,2,0
772,1,0,1,0.24323745031397848,unknown,False,False,1,0,1,0
773,2,0,2,0.2820589326052157,red,False,False,1,0,2,0
774,1,0,1,0.34504506867011203,red,False,False,1,0,2,0
775,1,0,1,0.7073330972439912,yellow,False,False,0,0,2,0
776,1,0,1,1.3404160181098927,unknown,False,False,0,0,2,0
777,1,0,1,1.8305382157344856,unknown,False,False,0,0,2,0
778,0,0,0,1.6583528141801374,unknown,False,False,0,0,2,0
779,0,0,0,0.8027242834967472,unknown,False,False,0,0,3,0
780,0,0,0,0.3318647730438638,unknown,False,False,0,1,2,0
781,0,0,0,0.33845802407681475,unknown,False,False,0,0,3,0
782,0,0,0,0.5189700483958023,unknown,False,False,0,0,3,0
783,0,0,0,0.8425505955442091,unknown,False,False,0,0,3,0
784,0,0,0,0.9628401471464455,unknown,False,False,0,0,2,0
785,0,0,0,0.8472851135339917,red,False,False,0,0,3,0
786,0,0,0,0.6642025073660732,yellow,False,False,0,0,2,0
787,0,0,0,0.7760396013917881,yellow,False,False,0,0,3,0
788,0,0,0,1.0200094587478892,yellow,False,False,0,0,8,0
789,0,0,0,0.6156077486060831,unknown,False,False,0,0,10,0
790,0,0,0,0.597341456784472,unknown,False,False,0,0,12,0
791,0,0,0,0.7146108339766734,unknown,False,False,0,0,11,0
792,0,0,0,1.1269921273657277,unknown,False,False,0,0,11,0
793,0,0,0,1.1205018880244602,unknown,False,False,0,0,13,0
794,0,0,0,1.0349388379090974,unknown,False,False,0,0,9,0
795,0,0,0,1.0466734139558629,unknown,False,False,0,0,8,0
796,0,0,0,0.9606921984784436,unknown,False,False,0,0,9,0
797,0,0,0,0.8910659253849763,yellow,False,False,0,0,5,0
798,0,0,0,0.8041449576458153,yellow,False,False,0,0,5,0
799,0,0,0,0.42781705784557134,unknown,False,False,0,0,5,0
800,0,0,0,0.35075620135538765,green,False,False,2,0,3,0
801,1,0,1,0.11716865433141532,green,False,False,2,0,4,0
802,1,0,1,0.30381279413842927,unknown,False,False,1,0,5,0
803,1,0,1,0.22828417967225728,green,False,False,2,0,6,0
804,1,0,1,0.23256360257229883,green,False,False,0,0,4,0
805,0,0,0,0.26054011103748753,unknown,False,False,1,0,5,0
806,2,0,2,0.30650423991758835,unknown,False,False,0,0,4,0
807,2,0,2,0.5329872121559052,green,False,False,0,0,6,0
808,1,0,1,0.35932620734786336,green,False,False,1,0,5,0
809,1,0,1,0.3972366000463059,unknown,False,False,0,0,6,0
810,0,0,0,0.2904512822589396,red,False,False,0,0,7,0
811,1,0,1,0.3030635790656886,green,False,False,1,0,7,0
812,1,0,1,0.3206275353664613,red,False,False,2,0,5,0
813,1,0,1,0.3640939334400084,unknown,False,False,1,0,3,0
814,1,0,1,0.7555529556868111,yellow,False,False,1,0,1,1
815,1,0,1,0.8333096066502739,unknown,False,True,1,1,1,0
816,1,0,1,0.6833735694364371,yellow,False,False,1,2,1,0
817,2,0,2,0.1795322175288728,yellow,False,False,1,2,1,0
818,1,0,1,0.1933251594103748,yellow,False,False,1,2,0,0
819,1,0,1,0.16527667044063815,unknown,False,False,0,2,0,0
820,0,0,0,0.0,unknown,False,False,0,2,0,0
821,0,0,0,0.0,unknown,False,False,0,2,0,0
822,0,0,0,0.2959783253606143,unknown,False,False,0,2,1,0
823,0,0,0,0.27517483620314676,unknown,False,False,0,0,0,0
824,0,0,0,0.13307505501987668,unknown,False,False,0,0,1,0
825,0,0,0,0.2765024356055677,unknown,False,False,0,0,2,0
826,0,0,0,0.4130540799693909,unknown,False,False,1,0,3,0
827,1,0,1,0.7796495950038871,unknown,False,False,0,0,5,0
828,1,0,1,1.1460090821395914,unknown,False,False,0,1,6,0
829,0,0,0,1.2463155941078459,unknown,False,False,0,0,6,0
830,0,0,0,1.069483413149315,unknown,False,False,0,0,9,0
831,0,0,0,1.1415809975985831,unknown,False,False,0,0,6,0
832,0,0,0,0.6741358033417784,unknown,False,False,0,0,10,0
833,0,0,0,0.5539043552786537,unknown,False,False,0,0,11,0
834,0,0,0,0.8624915231614257,unknown,False,False,0,0,9,0
835,0,0,0,1.1158517442266493,unknown,False,False,0,0,9,0
836,0,0,0,0.6131305267412254,unknown,False,False,1,0,6,0
837,0,0,0,1.3196471689530855,unknown,False,False,0,0,10,0
838,0,0,0,1.0758559105863272,unknown,False,False,0,1,12,0
839,0,0,0,1.0399885509854858,unknown,False,False,1,0,15,0
840,1,0,1,1.1313091479417139,unknown,False,False,1,0,13,0
841,1,0,1,1.0974756118655458,unknown,False,False,0,1,13,0
842,0,0,0,1.011389384757696,unknown,False,False,0,1,12,0
843,0,0,0,0.762174131613568,unknown,False,False,0,1,12,0
844,0,0,0,0.4858620807242845,yellow,False,False,0,1,10,0
845,0,0,0,0.32317844894555753,unknown,False,False,0,1,10,0
846,0,0,0,0.36390356180029954,unknown,False,False,0,1,11,0
847,0,0,0,0.38329621495077265,unknown,False,False,0,0,13,0
848,0,0,0,0.33184243525107965,unknown,False,False,0,0,12,0
849,0,0,0,0.4089546944441688,unknown,False,False,0,0,13,0
850,0,0,0,0.6222512868366182,unknown,False,False,0,0,15,0
851,0,0,0,0.6737704575365541,unknown,False,False,0,0,14,0
852,0,0,0,0.8092684828915064,unknown,False,False,0,0,15,0
853,0,0,0,0.8159928727204568,unknown,False,False,0,0,16,0
854,0,0,0,0.8102440442732163,unknown,False,False,0,0,14,0
855,0,0,0,0.8834053963416763,unknown,False,False,0,0,9,0
856,0,0,0,0.6010672677328314,unknown,False,False,0,0,6,0
857,0,0,0,0.6006618321563951,unknown,False,False,0,0,7,0
858,0,0,0,0.6959019949676545,unknown,False,False,1,0,9,0
859,0,0,0,0.6449171082817037,unknown,False,False,1,0,9,0
860,0,0,0,0.6677011866354093,unknown,False,False,1,0,9,0
861,0,0,0,0.8034688118755139,unknown,False,False,0,0,7,0
862,0,0,0,1.06981037653412,unknown,False,False,0,0,7,0
863,0,0,0,0.9653888411263714,unknown,False,False,0,0,6,0
864,0,1,1,0.8325100604127558,unknown,False,False,2,1,6,0
865,1,1,2,0.6864470455360842,unknown,False,False,3,2,7,0
866,1,1,2,1.3486799063510295,unknown,False,False,1,1,3,0
867,2,0,2,0.7106769121873504,unknown,False,False,1,1,4,0
868,1,0,1,0.5150359180271676,unknown,False,False,0,1,3,0
869,0,0,0,1.4521754377761138,red,False,False,0,0,2,0
870,0,0,0,0.6897273824672436,red,False,False,0,0,5,0
871,0,0,0,0.5601278424061813,red,False,False,0,0,9,0
872,0,0,0,0.364348288918707,red,False,False,0,0,7,0
873,0,0,0,0.2964230294367789,yellow,False,False,0,0,6,0
874,0,0,0,0.5068182355560775,yellow,False,False,0,0,7,0
875,1,0,1,0.6210848740205775,unknown,False,False,1,0,6,0
876,1,0,1,0.6429110965102072,unknown,False,False,1,0,7,0
877,1,0,1,0.6095561210870923,unknown,False,False,0,0,8,0
878,1,0,1,0.8023599076909999,unknown,False,False,0,0,10,0
879,0,0,0,1.0878114996346355,unknown,False,False,0,0,9,0
880,0,0,0,0.9960199469632318,unknown,False,False,0,0,12,0
881,0,0,0,1.0728773827637883,unknown,False,False,0,0,10,0
882,0,0,0,1.2136711408892555,unknown,False,False,0,0,11,1
883,1,0,1,1.074869529931204,unknown,False,False,1,0,8,0
884,2,0,2,0.7180778692438009,yellow,False,False,2,0,5,0
885,2,0,2,0.605640273080867,yellow,False,False,1,1,3,0
886,2,0,2,0.3285115551647805,red,False,False,0,0,2,0
887,0,0,0,0.4129219128981167,red,False,False,0,0,3,0
888,0,0,0,0.4154684342169328,yellow,False,False,0,0,2,0
889,0,0,0,0.42718455764590413,unknown,False,False,0,0,3,0
890,0,0,0,0.5326465972690995,unknown,False,False,0,0,3,0
891,0,0,0,0.65132255573498,yellow,False,False,0,0,3,0
892,0,0,0,0.7327049605869511,unknown,False,False,0,0,2,0
893,0,0,0,1.7225581188297472,unknown,False,False,0,0,2,0
894,2,0,2,0.7599323722276208,unknown,False,False,2,0,0,0
895,0,2,2,0.2902500470734955,unknown,False,False,1,0,0,0
896,3,1,4,0.2117729350703958,unknown,False,False,2,0,0,0
897,2,0,2,0.0,unknown,False,False,1,0,0,0
898,0,0,0,0.0,unknown,False,False,0,0,0,0
899,0,0,0,0.2282629774235364,unknown,False,False,0,0,1,0
900,0,0,0,0.3466798847081233,unknown,False,False,0,0,2,0
901,0,0,0,1.6126527066945195,unknown,False,False,0,0,3,0
902,0,0,0,1.609501391944561,unknown,False,False,0,0,2,0
903,0,0,0,0.91555461061818,unknown,False,False,0,0,2,0
904,0,0,0,1.4575473656605407,unknown,False,False,0,0,3,0
905,0,0,0,1.4455521674629173,unknown,False,False,0,0,1,0
906,0,0,0,0.7274387234288886,unknown,False,False,0,0,1,0
907,0,0,0,0.32036931670334867,unknown,False,False,0,0,2,0
908,0,0,0,0.30340702053305024,unknown,False,False,0,0,1,0
909,0,0,0,0.9458873461450223,unknown,False,False,1,0,1,0
910,0,0,0,1.4444979329277832,unknown,False,False,1,0,1,0
911,1,0,1,1.0902554252431418,unknown,False,False,2,0,2,0
912,2,0,2,0.4724288404492508,yellow,False,False,1,0,0,0
913,1,2,3,0.4098073277999046,unknown,False,False,2,0,0,1
914,2,0,2,0.17374297758434848,unknown,False,True,2,1,1,0
915,2,0,2,0.23039430017667875,unknown,False,True,0,1,0,0
916,2,0,2,1.059527592716606,unknown,False,False,0,0,1,0
917,0,0,0,2.643143931656276,unknown,False,False,0,0,1,0
918,0,0,0,1.6577514469646473,unknown,False,False,0,0,2,0
919,0,0,0,1.0343711530594397,unknown,False,False,0,0,1,0
920,0,0,0,1.5325542793008515,unknown,False,False,0,1,0,0
921,0,0,0,0.42416745464550454,unknown,False,False,0,0,3,0
922,0,0,0,0.9007789943361848,unknown,False,False,0,0,3,0
923,0,0,0,1.3797039535747277,unknown,False,False,0,0,4,0
924,0,0,0,1.5513123511672988,unknown,False,False,0,0,3,0
925,0,0,0,0.7906969288390063,unknown,False,False,0,0,3,0
926,0,0,0,0.8476455042909214,unknown,False,False,0,0,3,0
927,0,0,0,0.6951485712612695,red,False,True,0,1,3,0
928,1,0,1,0.6115979074247461,unknown,False,False,2,0,6,0
929,1,0,1,0.759091445437629,unknown,False,False,3,0,10,0
930,1,0,1,0.9824899670410396,unknown,False,False,0,0,11,0
931,0,0,0,0.9347970571090737,unknown,False,False,0,0,6,0
932,0,0,0,1.3767751782470328,unknown,False,False,0,0,6,0
933,0,0,0,1.1179193575768889,unknown,False,False,0,0,5,0
934,0,0,0,0.9678475469787158,unknown,False,False,0,0,4,0
935,0,0,0,0.94670763363371,unknown,False,False,0,0,4,0
936,0,0,0,0.9880681837184409,unknown,False,False,0,0,5,0
937,0,0,0,0.6920153193554134,unknown,False,False,0,0,5,0
938,1,0,1,0.5153170261453912,unknown,False,False,0,0,4,0
939,2,0,2,0.4385284881631886,green,False,False,1,0,4,0
940,2,0,2,0.34398497124158894,unknown,False,False,3,0,7,0
941,3,0,3,0.30697861291097545,yellow,False,True,2,0,6,0
942,3,0,3,0.29700613212906984,red,False,True,3,1,7,0
943,3,0,3,0.22813238454792747,red,False,True,3,1,8,0
944,2,0,2,0.4017912968636928,unknown,False,True,2,0,9,0
945,2,0,2,0.45073016983998065,red,False,True,1,1,7,0
946,2,0,2,0.5873490978669187,red,False,True,2,1,8,0
947,2,0,2,0.9813430767742736,red,False,True,2,1,8,0
948,2,0,2,0.3837210484605488,red,False,True,2,1,6,0
949,3,0,3,0.5016261144113092,red,False,True,2,1,7,0
950,4,0,4,0.4229439781099091,red,False,True,2,0,7,0
951,3,0,3,0.26835092728459287,red,False,True,2,2,8,0
952,2,0,2,0.34542827593470793,red,False,True,1,1,6,0
953,2,0,2,0.42647661055576375,red,False,True,1,1,10,0
954,2,0,2,0.5241908209336046,unknown,False,True,1,2,5,0
955,1,0,1,0.7243021890587614,red,False,True,3,2,8,0
956,1,0,1,1.00102170999229,red,False,True,1,1,8,0
957,1,0,1,0.9865107366177488,red,False,True,1,1,10,0
958,1,0,1,0.7586220501692545,unknown,False,True,1,1,13,0
959,1,0,1,0.7020508745257359,red,False,True,1,1,10,0
960,2,0,2,0.7110330494096653,red,False,True,1,1,9,0
961,1,0,1,0.5754140268802279,red,False,True,1,1,10,0
962,2,0,2,0.5484676297975356,red,False,True,3,1,11,0
963,2,0,2,0.7728030144716181,red,False,True,1,1,10,0
964,1,0,1,0.7445389467669804,red,False,True,1,1,7,0
965,1,0,1,0.8766038614918901,red,False,False,1,0,11,0
966,2,0,2,0.5793755553556652,red,False,False,1,0,10,0
967,1,0,1,0.7217778196646085,red,False,False,1,0,8,0
968,1,0,1,0.6136702850583436,red,False,False,1,0,8,0
969,1,0,1,0.49981982763848176,red,False,False,1,0,9,0
970,1,0,1,0.5201413150233141,red,False,False,1,0,6,0
971,1,0,1,0.8987381694952139,unknown,False,False,2,0,8,0
972,1,0,1,0.6039500285940604,red,False,False,1,0,8,0
973,1,0,1,0.7248884139893562,red,False,False,2,0,5,0
974,2,0,2,0.7693612403579315,red,False,False,1,0,5,0
975,2,0,2,0.4990116952081007,red,False,False,1,0,6,0
976,2,0,2,0.5277002567908669,red,False,False,0,0,6,0
977,1,0,1,0.5790424686035422,red,False,False,0,0,4,0
978,0,0,0,1.0726785371806031,unknown,False,False,0,0,5,0
979,0,0,0,1.3854705801515443,unknown,False,False,0,0,4,0
980,0,0,0,0.9643517496614115,unknown,False,False,0,0,6,0
981,0,0,0,1.177377317382389,unknown,False,False,0,0,6,0
982,0,0,0,1.0510167591762076,unknown,False,False,0,0,4,0
983,0,0,0,0.4651446228383545,unknown,False,False,0,0,6,0
984,0,0,0,0.5435891217422025,unknown,False,False,1,0,4,0
985,0,0,0,0.5480086474495707,red,False,True,0,1,5,0
986,2,0,2,0.30999997772712,unknown,False,False,3,1,4,0
987,3,0,3,0.3803298881136475,unknown,False,False,2,1,3,0
988,2,0,2,0.8649046214440793,unknown,False,False,0,1,2,0
989,1,0,1,1.1468135632846779,unknown,False,False,0,1,2,0
990,2,0,2,0.6950025716905485,unknown,False,True,2,1,4,0
991,2,0,2,0.36653668590766797,red,False,True,3,1,3,0
992,2,0,2,0.28114954018066546,red,False,True,3,1,3,0
993,1,0,1,0.22041301271529784,red,False,True,2,1,4,0
994,1,0,1,0.2687532482021852,red,False,True,2,1,8,0
995,1,0,1,0.29593769154475374,red,False,True,0,1,7,0
996,2,0,2,0.6434972433510043,red,False,True,1,1,8,0
997,1,0,1,1.1400991428555483,red,False,True,0,1,15,0
998,0,0,0,1.2135856033901637,unknown,False,True,0,1,18,0
999,0,0,0,1.3202494122751265,unknown,False,False,0,1,16,0
1000,0,0,0,1.3923150145154228,unknown,False,False,0,1,15,0
1001,0,0,0,1.1422854816441705,unknown,False,False,0,1,12,0
1002,0,0,0,1.098384208029753,unknown,False,False,0,0,17,0
1003,0,0,0,0.9895996098076951,unknown,False,False,0,0,19,0
1004,0,0,0,0.8719329594131667,unknown,False,False,0,0,13,0
1005,0,0,0,1.0032716754828872,unknown,False,False,0,0,14,0
1006,0,0,0,1.0420091435226795,unknown,False,False,0,0,14,0
1007,0,0,0,0.9140808502029983,unknown,False,False,0,0,9,0
1008,0,0,0,0.6404431883281315,unknown,False,False,0,0,8,0
1009,0,0,0,0.5175542418932572,red,False,False,0,0,8,0
1010,0,0,0,0.34022983745315044,red,False,True,0,0,11,0
1011,1,0,1,0.31263927431319416,unknown,False,True,1,0,9,0
1012,1,0,1,0.13960511560242442,unknown,False,False,2,0,8,0
1013,2,0,2,0.13218180891569853,green,False,False,2,0,8,0
1014,1,0,1,0.2494008639922841,unknown,False,False,1,1,9,0
1015,1,0,1,0.4687290337954497,green,False,False,1,1,9,0
1016,1,0,1,0.4864352653821617,unknown,False,False,1,1,14,0
1017,1,0,1,0.5081338112727973,unknown,False,False,1,1,10,0
1018,1,0,1,0.5359305634014256,green,False,False,1,1,7,0
1019,1,0,1,0.813160707200511,unknown,False,True,1,1,9,0
1020,1,0,1,0.7850638890362106,unknown,False,False,1,1,11,0
1021,1,0,1,0.63439913705485,unknown,False,False,1,1,13,0
1022,1,0,1,0.5933223328248165,unknown,False,False,1,1,10,0
1023,1,0,1,0.4593885211303448,unknown,False,False,2,1,9,0
1024,3,0,3,0.27224759766930995,unknown,False,False,2,1,14,0
1025,2,0,2,0.2580307368487069,yellow,False,True,1,2,11,0
1026,2,0,2,0.29094127445578294,unknown,False,True,1,1,10,0
1027,2,0,2,0.33985251205652767,unknown,False,False,1,1,8,0
1028,1,0,1,0.179634483110093,unknown,False,True,1,1,10,0
1029,1,0,1,0.2429120015350782,green,False,True,2,1,8,0
1030,2,0,2,0.2245439182283901,unknown,False,False,2,1,7,0
1031,2,0,2,0.23088106806328285,unknown,False,False,4,1,10,0
1032,5,0,5,0.2903167525530105,unknown,False,False,6,1,8,0
1033,5,0,5,0.28778977765720787,unknown,False,False,4,1,7,0
1034,4,0,4,0.2971521085200812,unknown,False,False,3,1,7,0
1035,5,0,5,0.2364792679878074,unknown,False,False,5,1,11,0
1036,4,0,4,0.3244962404467891,unknown,False,False,4,2,11,0
1037,5,0,5,0.5191978288346626,green,False,False,3,1,11,0
1038,3,0,3,0.4897840912472226,green,False,True,3,1,11,0
1039,3,0,3,0.3876200062144651,yellow,False,False,2,2,12,0
1040,2,0,2,0.4273263459109761,unknown,False,False,2,2,11,0
1041,2,0,2,0.3201765885820873,green,False,False,2,2,9,0
1042,2,0,2,0.4020628288467701,green,False,True,2,2,7,0
1043,2,0,2,0.680126337984025,green,False,True,2,2,8,0
1044,2,0,2,0.42318880402256837,unknown,False,False,1,2,9,0
1045,1,0,1,0.17674270249311272,unknown,False,True,1,2,7,0
1046,1,0,1,0.18610141687131995,red,False,True,4,2,7,0
1047,2,0,2,0.261917564782207,yellow,False,True,2,1,7,0
1048,2,0,2,0.33326194476248905,yellow,False,True,1,2,9,0
1049,1,0,1,0.5000186435310763,red,False,True,0,1,8,0
1050,1,0,1,0.3700114878090081,red,False,True,1,1,6,0
1051,1,0,1,0.3091459797234996,red,False,True,1,1,6,0
1052,1,0,1,0.1389652734588913,red,False,True,0,1,7,0
1053,0,0,0,0.28851915847195614,red,False,True,0,1,6,0
1054,0,0,0,0.3373480655995805,red,False,True,0,1,8,0
1055,0,0,0,0.38075531944574115,red,False,True,0,1,8,0
1056,0,0,0,0.39760871594744013,red,False,True,0,1,11,0
1057,0,0,0,0.3796166265013122,yellow,False,True,0,1,14,0
1058,0,0,0,0.48716423773721007,green,False,True,0,1,8,0
1059,0,0,0,0.6212044457210413,red,False,True,0,1,5,0
1060,0,0,0,0.9488158959639269,unknown,False,True,0,1,8,0
1061,0,0,0,1.1517927415863989,green,False,False,0,1,10,0
1062,0,0,0,1.245835057763626,unknown,False,False,0,1,7,0
1063,0,0,0,1.2515988390132915,unknown,False,False,0,1,10,0
1064,0,0,0,1.187433207690182,unknown,False,False,0,1,10,0
1065,0,0,0,1.1016276277038712,unknown,False,False,0,1,9,0
1066,0,0,0,0.8009968347110556,unknown,False,False,0,1,8,0
1067,0,0,0,0.7449773053466763,unknown,False,False,1,1,11,0
1068,0,0,0,0.6968468753689296,unknown,False,False,0,0,9,0
1069,0,0,0,0.7774824653998744,unknown,False,False,0,1,12,0
1070,0,0,0,0.8630801686568444,unknown,False,False,1,0,9,0
1071,1,0,1,0.5183877822560133,unknown,False,False,2,1,9,0
1072,2,0,2,0.3959944052272963,unknown,False,False,1,1,11,0
1073,1,0,1,0.3383422164834454,unknown,False,False,1,2,10,0
1074,1,0,1,0.2145854669803364,unknown,False,False,1,2,8,0
1075,1,0,1,0.2813883496719488,unknown,False,False,2,2,6,0
1076,1,0,1,0.31483493528952744,unknown,False,False,1,2,6,0
1077,1,0,1,0.2279278473586136,red,False,True,0,2,9,0
1078,1,0,1,0.1504212672073878,red,False,True,0,2,10,0
1079,0,0,0,0.09808187939224174,unknown,False,True,0,1,9,0
1080,0,0,0,0.17426339688842843,red,False,True,1,1,13,0
1081,0,0,0,0.26698072155557284,unknown,False,True,0,1,7,0
1082,0,0,0,0.46477890157232915,unknown,False,True,0,1,8,0
1083,0,0,0,0.7571652529723975,red,False,True,0,1,6,0
1084,0,0,0,0.5424104374855195,unknown,False,True,0,2,5,0
1085,0,0,0,0.3595172802778482,red,False,True,1,1,4,0
1086,0,0,0,0.4035899163181198,yellow,False,True,2,0,5,0
1087,1,0,1,0.6256152758913621,unknown,False,True,0,0,11,0
1088,1,0,1,1.0000675420329832,unknown,False,False,0,0,10,0
1089,0,0,0,1.2375256472929932,unknown,False,False,0,0,8,0
1090,0,0,0,1.1352135702290795,unknown,False,False,0,0,10,0
1091,0,0,0,1.042673115389301,unknown,False,False,0,0,9,0
1092,0,0,0,0.8878321108325009,unknown,False,False,0,0,10,0
1093,0,0,0,0.6533497872622787,unknown,False,False,0,0,12,0
1094,0,0,0,0.6406244256035928,unknown,False,False,0,0,11,0
1095,0,0,0,0.7737033431944307,unknown,False,False,0,0,8,0
1096,0,0,0,0.8538342114764472,unknown,False,False,0,0,6,0
1097,0,0,0,0.7047408713801216,unknown,False,False,0,0,6,0
1098,0,0,0,0.7178064344699121,red,False,False,0,0,7,0
1099,0,0,0,0.5935765341873173,yellow,False,False,0,0,9,0
1100,0,0,0,0.656818977548232,yellow,False,False,0,0,6,0
1101,0,0,0,0.869638963942761,yellow,False,False,0,0,7,0
1102,0,0,0,1.1957451532941024,unknown,False,False,0,0,6,0
1103,0,0,0,1.0432969506978496,unknown,False,False,0,0,7,0
1104,0,0,0,1.1723966260470025,unknown,False,False,0,0,8,0
1105,0,0,0,0.671671189770243,unknown,False,False,0,0,7,0
1106,0,0,0,0.9655177659499043,unknown,False,False,0,0,7,0
1107,0,0,0,1.4106242008209648,unknown,False,False,0,0,8,0
1108,0,0,0,1.0278389622984718,unknown,False,False,0,0,8,0
1109,1,0,1,1.007004965149398,unknown,False,False,0,0,5,0
1110,1,1,2,1.3732533611556064,unknown,False,False,3,0,7,0
1111,4,1,5,0.8862472735914351,unknown,False,False,4,0,5,0
1112,6,1,7,0.7765691526329438,unknown,False,False,6,0,8,0
1113,6,1,7,0.6194284472015357,yellow,True,False,3,0,13,0
1114,5,0,5,0.5923616593623385,red,True,False,1,0,12,0
1115,3,0,3,0.5655819302858064,yellow,False,False,1,0,9,0
1116,1,0,1,0.6084844330760381,red,False,False,0,0,9,0
1117,0,0,0,0.7716451302124822,yellow,False,True,0,0,8,0
1118,0,0,0,0.6776137768769441,unknown,False,False,1,0,7,0
1119,0,1,1,0.8816135170903275,unknown,False,False,2,0,5,0
1120,1,0,1,1.2748070249893888,unknown,False,False,0,0,6,0
1121,0,0,0,1.3921937041576284,unknown,False,False,0,0,7,0
1122,0,0,0,1.0572999100779477,unknown,False,False,0,0,7,0
1123,0,0,0,1.0134918099042591,unknown,False,False,0,0,8,0
1124,0,0,0,1.064219123579479,unknown,False,False,0,0,8,0
1125,0,0,0,0.9399346584506529,unknown,False,False,0,0,9,0
1126,0,0,0,0.8919310531797695,unknown,False,False,0,0,8,0
1127,0,0,0,0.9058217579080996,yellow,False,False,0,0,6,0
1128,0,0,0,0.6328709450095574,yellow,False,False,0,0,4,0
1129,0,0,0,0.4744739420391395,red,False,False,0,0,6,0
1130,0,0,0,0.30429202425235535,yellow,False,False,0,0,7,0
1131,0,0,0,0.14144514010850578,red,False,False,0,0,6,0
1132,0,0,0,0.2565502553269989,yellow,False,False,0,0,3,0
1133,0,0,0,0.2890219135244064,red,False,False,0,0,6,0
1134,0,0,0,0.23884036223107205,red,False,False,0,0,5,0
1135,0,0,0,0.5359238186431278,red,False,False,0,0,6,0
1136,0,0,0,0.5998528732112184,yellow,False,False,0,0,7,0
1137,0,0,0,0.8582205383771625,unknown,False,False,0,0,7,0
1138,0,0,0,0.9575070142071471,unknown,False,False,0,0,8,0
1139,0,0,0,0.9201748556296525,unknown,False,False,0,0,8,0
1140,0,0,0,0.9747149328414866,unknown,False,False,0,0,7,0
1141,0,0,0,0.7037852224939206,unknown,False,False,0,0,8,1
1142,0,0,0,0.6727803452648314,red,False,False,0,0,6,0
1143,0,0,0,1.0107159602078906,unknown,False,False,0,0,7,0
1144,0,0,0,0.9172614633732058,unknown,False,False,0,0,8,0
1145,0,0,0,0.811649092889317,unknown,False,False,1,0,7,0
1146,1,0,1,0.9016598595251918,unknown,False,False,1,0,9,0
1147,1,0,1,1.003937212103707,unknown,False,False,1,0,6,0
1148,2,0,2,0.7047918038134944,unknown,False,False,2,0,8,0
1149,1,1,2,0.5197524705267962,green,False,False,0,0,8,0
1150,0,0,0,0.5065390176792851,unknown,False,False,0,0,9,0
1151,0,0,0,0.6263150906816672,unknown,False,False,0,0,5,0
1152,0,0,0,0.5662191917733119,unknown,False,False,0,0,10,0
1153,0,0,0,0.4685756999475406,unknown,False,False,0,0,5,0
1154,0,0,0,0.5520862793733884,unknown,False,False,0,0,6,0
1155,0,0,0,0.6269021643442534,unknown,False,False,0,0,10,0
1156,0,0,0,0.5004559961314027,red,False,False,0,0,11,0
1157,0,0,0,0.2578895916959229,unknown,False,False,0,0,7,0
1158,0,0,0,0.24970468573311105,unknown,False,False,0,0,6,0
1159,0,0,0,0.1371516696228382,unknown,False,False,0,0,10,0
1160,0,0,0,0.17557028089531793,unknown,False,False,0,0,7,0
1161,0,0,0,0.429523894964812,unknown,False,False,0,0,6,0
1162,0,0,0,0.7646525601038804,unknown,False,False,0,0,7,0
1163,0,0,0,0.38735235618168873,unknown,False,False,0,0,3,0
1164,0,0,0,0.3581441468453884,red,False,False,0,0,2,0
1165,0,0,0,0.8064083670169361,unknown,False,False,0,0,5,0
1166,0,0,0,1.0962942174708832,unknown,False,False,0,0,5,0
1167,0,0,0,1.2245100289960924,unknown,False,False,0,0,7,0
1168,0,0,0,0.8208281947413747,unknown,False,False,0,0,10,0
1169,1,1,2,0.8507393116098365,unknown,False,False,2,0,9,0
1170,0,2,2,1.0423634839617395,unknown,False,False,0,0,10,0
1171,1,0,1,0.8233374913421176,unknown,False,False,0,0,12,0
1172,0,0,0,0.8520242319727395,unknown,False,False,0,0,11,0
1173,0,0,0,0.7906257918301463,unknown,False,False,0,0,10,0
1174,0,0,0,0.8248334180672735,unknown,False,False,0,0,9,0
1175,0,0,0,0.888922635403317,yellow,False,False,0,0,7,0
1176,0,0,0,0.8290612813589422,unknown,False,False,0,0,8,0
1177,0,0,0,0.8535906768332475,green,False,False,0,0,11,0
1178,0,0,0,0.9362332928204149,red,False,False,0,0,7,0
1179,0,0,0,0.8621945844444528,unknown,False,False,0,0,9,0
1180,0,0,0,0.7751518984158028,unknown,False,False,0,0,6,0
1181,0,0,0,0.9957696182267156,unknown,False,False,0,0,6,0
1182,0,0,0,0.9243870043672352,unknown,False,False,0,0,7,0
1183,0,0,0,1.0317967120169038,green,False,False,0,0,12,0
1184,0,0,0,0.9246771424147613,unknown,False,False,0,0,11,0
1185,0,0,0,0.989536778170657,unknown,False,False,0,0,14,0
1186,0,0,0,1.144854748730056,unknown,False,False,0,0,11,0
1187,0,0,0,0.9392953974697408,unknown,False,False,0,0,9,0
1188,0,0,0,0.7350477914828795,unknown,False,False,0,0,10,0
1189,0,0,0,0.7770116377155872,unknown,False,False,0,0,5,0
1190,0,0,0,0.802481911277321,unknown,False,False,0,1,3,0
1191,0,0,0,0.3723147260860869,unknown,False,False,0,1,4,0
1192,0,0,0,0.3353115637255758,unknown,False,True,0,2,6,0
1193,0,0,0,0.19336756714212797,unknown,False,True,0,2,4,0
1194,0,0,0,0.16981913974182436,unknown,False,True,0,2,2,0
1195,0,0,0,0.3546000791672106,yellow,False,False,0,2,4,0
1196,0,0,0,0.3667841219473635,unknown,False,True,0,3,0,0
1197,0,0,0,0.2971253896720603,unknown,False,False,0,3,1,0
1198,0,0,0,0.08374436518908097,unknown,False,False,0,3,0,0
1199,0,0,0,0.033889306850805496,unknown,False,False,0,2,1,0
1200,0,0,0,0.20503627474824818,unknown,False,False,0,2,0,0
1201,0,0,0,0.22741444556306034,unknown,False,False,0,2,1,0
1202,0,0,0,0.2269614400887468,unknown,False,False,0,2,2,0
1203,0,0,0,0.35027279347735496,unknown,False,False,0,2,1,0
1204,0,0,0,0.8576327774423644,unknown,False,False,0,2,4,0
1205,0,0,0,0.7293715751083142,unknown,False,False,0,1,4,0
1206,0,0,0,1.4581508662399059,unknown,False,False,0,1,5,0
1207,0,0,0,1.470414260355294,unknown,False,False,0,1,3,0
1208,0,0,0,0.8317175344429856,unknown,False,False,0,0,8,0
1209,0,0,0,0.3921993486780615,unknown,False,False,0,0,5,0
1210,0,0,0,0.30102821478087527,yellow,False,False,0,0,6,0
1211,0,0,0,0.1238585987455482,yellow,False,False,0,0,8,0
1212,0,0,0,0.42965398244602837,unknown,False,False,0,0,7,0
1213,0,0,0,0.2990981385134884,unknown,False,False,0,0,7,0
1214,0,0,0,0.24553581116302212,unknown,False,False,0,0,8,0
1215,0,0,0,0.32020918604042764,unknown,False,False,0,1,7,0
1216,0,0,0,0.2435219614125545,unknown,False,False,0,0,11,0
1217,0,0,0,0.3643483596743838,unknown,False,False,0,2,8,0
1218,0,0,0,0.34021471875092213,unknown,False,False,0,2,10,0
1219,0,0,0,0.662252075106095,yellow,False,False,0,2,9,0
1220,0,0,0,0.8751945812358641,unknown,False,False,0,2,8,0
1221,0,0,0,0.7967641523453325,unknown,False,False,0,2,7,0
1222,0,0,0,0.47269241132209827,unknown,False,False,0,2,8,0
1223,0,0,0,0.5112585710018902,unknown,False,False,0,2,5,0
1224,0,0,0,0.39737889830189455,unknown,False,False,0,1,6,0
1225,0,0,0,0.4858846799132522,unknown,False,False,0,2,5,1
1226,0,0,0,0.29639181138644,unknown,False,False,0,4,7,1
1227,0,0,0,0.4992007818737883,unknown,False,False,0,4,8,0
1228,0,0,0,0.6403126589476174,unknown,False,False,0,3,7,0
1229,0,0,0,0.3935449302451436,unknown,False,False,0,3,5,0
1230,0,0,0,0.12078380735616653,unknown,False,False,0,2,4,0
1231,0,0,0,0.25322687809507277,unknown,False,False,0,2,5,1
1232,0,0,0,0.23518333949736583,unknown,False,False,0,2,5,0
1233,0,0,0,0.21247770050821557,yellow,False,False,0,4,2,0
1234,0,0,0,0.2608968674994616,yellow,False,False,0,4,3,0
1235,0,0,0,0.16422491553559823,unknown,False,False,0,3,4,0
1236,0,0,0,0.12161284829991788,yellow,False,False,0,3,6,0
1237,0,0,0,0.25111096708315184,yellow,False,False,0,2,8,1
1238,0,0,0,0.20798961829593207,unknown,False,False,0,1,7,1
1239,0,0,0,0.18287618246847223,unknown,False,False,0,1,5,0
1240,0,0,0,0.24225198446201704,unknown,False,False,0,2,4,0
1241,0,0,0,0.6219785133423787,unknown,False,False,0,2,7,0
1242,0,0,0,0.4772326761536444,unknown,False,False,0,2,5,0
1243,0,0,0,0.629254552589693,yellow,False,False,0,3,6,0
1244,0,0,0,0.5597374177132046,unknown,False,False,0,3,8,0
1245,0,0,0,0.28894939941097725,unknown,False,False,0,2,7,0
1246,0,0,0,0.3534083119438233,unknown,False,False,0,1,8,0
1247,0,0,0,0.27288334544282256,unknown,False,False,0,1,8,0
1248,0,0,0,0.32145743833125917,unknown,False,False,0,1,9,0
1249,0,0,0,0.2625368535223735,unknown,False,True,0,1,8,0
1250,0,0,0,0.4959743725366631,unknown,False,True,0,1,6,0
1251,0,0,0,0.47975130987490044,red,False,True,1,1,9,0
1252,0,0,0,0.32936240536567474,red,False,True,0,1,5,0
1253,0,0,0,0.3031326720951246,red,False,True,0,1,5,0
1254,0,0,0,0.43880263282884757,red,False,True,0,1,7,0
1255,0,0,0,0.4242009634618275,unknown,False,True,0,0,4,0
1256,0,0,0,0.5610063712262107,unknown,False,False,0,0,5,0
1257,0,0,0,0.47679383967885797,unknown,False,False,0,0,4,0
1258,0,0,0,0.3038014522641986,unknown,False,False,0,0,2,0
1259,0,0,0,0.2097942906098806,unknown,False,False,0,0,3,0
1260,0,0,0,0.2651684903852172,unknown,False,False,0,0,2,0
1261,0,0,0,0.3498370001744089,unknown,False,False,0,0,1,0
1262,0,0,0,0.578532535422722,unknown,False,False,0,0,2,0
1263,1,0,1,1.0131637437061982,unknown,False,False,1,0,3,0
1264,0,1,1,1.019873863850009,unknown,False,False,1,0,4,0
1265,1,0,1,0.539909293981356,unknown,False,False,0,0,6,0
1266,0,0,0,0.6029097066465726,unknown,False,False,0,0,6,0
1267,0,0,0,0.6624172796248821,unknown,False,False,0,0,6,0
1268,0,0,0,0.6071815501006625,unknown,False,False,0,0,6,0
1269,0,0,0,0.729583301761578,unknown,False,False,0,0,6,0
1270,0,0,0,0.2697092159435179,green,False,False,0,0,6,0
1271,0,0,0,0.07603590372170314,green,False,False,0,0,6,0
1272,0,0,0,0.09653106913313562,yellow,False,False,0,0,2,0
1273,0,0,0,0.030638003634971756,yellow,False,False,0,0,5,0
1274,0,0,0,0.04060575694084038,yellow,False,False,0,0,4,0
1275,0,0,0,0.11406027954391448,unknown,False,False,0,0,4,0
1276,0,0,0,0.20600663236848968,green,False,False,0,0,4,0
1277,0,0,0,0.13058430761495016,green,False,False,0,0,3,0
1278,0,0,0,0.2385897663973613,green,False,False,0,0,2,0
1279,0,0,0,0.28742990381042055,unknown,False,False,0,0,8,0
1280,0,0,0,0.30086150588577554,unknown,False,False,0,0,8,0
1281,0,0,0,0.28271299257566557,yellow,False,False,0,1,6,0
1282,0,0,0,0.4023658571463461,yellow,False,False,0,0,8,0
1283,0,0,0,0.5931817232014003,red,False,False,0,0,9,0
1284,0,0,0,0.45586956993915945,red,False,False,0,0,10,0
1285,0,0,0,0.48508737998062185,red,False,False,0,0,7,0
1286,0,0,0,0.6088799227234785,unknown,False,False,1,0,8,0
1287,0,0,0,0.5249089303407524,unknown,False,False,1,0,12,0
1288,0,0,0,0.6675948143426597,unknown,False,False,0,0,13,0
1289,0,0,0,0.8078813617992241,unknown,False,False,0,0,9,3
1290,0,0,0,0.7430124417534849,unknown,False,False,0,1,3,3
1291,0,0,0,0.5980118351010052,unknown,False,False,0,1,2,0
1292,0,0,0,0.4078170248954036,unknown,False,False,0,1,5,0
1293,0,0,0,0.2923774788460522,unknown,False,False,0,2,2,0
1294,0,0,0,0.32422496695616565,unknown,False,False,0,2,2,0
1295,0,0,0,0.8391959789243498,unknown,False,False,0,3,3,0
1296,0,0,0,0.694171319691894,unknown,False,False,0,4,5,0
1297,0,0,0,0.9492502150634068,unknown,False,False,0,3,6,0
1298,0,0,0,1.1046390460276554,unknown,False,False,0,1,7,0
1299,0,0,0,1.0901687675806289,unknown,False,True,0,1,10,0
1300,0,0,0,0.819166480674471,red,False,True,0,1,6,0
1301,0,0,0,0.7262687817968719,red,False,True,0,0,9,0
1302,0,0,0,0.4742816424376831,yellow,False,False,0,1,9,0
1303,0,0,0,0.38532924032502514,unknown,False,True,0,1,6,0
1304,0,0,0,0.3074366043624068,unknown,False,True,0,2,8,0
1305,0,0,0,0.3294195742524352,red,False,True,0,1,4,0
1306,0,0,0,0.325470199452599,unknown,False,True,0,1,6,0
1307,0,0,0,0.49520296272389375,unknown,False,True,0,2,5,0
1308,0,0,0,0.5939600078115858,red,False,True,0,1,4,0
1309,0,0,0,0.47590964977727296,red,False,True,0,2,3,0
1310,0,0,0,0.2644749944735109,red,False,True,0,2,5,0
1311,0,0,0,0.24276216730440411,unknown,False,True,0,1,3,0
1312,0,0,0,0.16846612518124265,red,False,True,0,1,6,0
1313,0,0,0,0.23441036729075101,red,False,True,0,1,7,0
1314,0,0,0,0.2841285696066406,unknown,False,True,0,1,6,0
1315,0,0,0,0.5336808395141313,unknown,False,True,0,1,5,0
1316,0,0,0,0.4161948310033875,unknown,False,False,0,1,5,0
1317,0,0,0,0.6428202064220738,unknown,False,False,0,1,6,0
1318,0,0,0,0.716330327859388,unknown,False,False,0,1,8,0
1319,0,0,0,0.8398041300950873,unknown,False,False,0,1,8,0
1320,0,0,0,0.934577807823471,unknown,False,False,0,0,9,0
1321,0,0,0,0.7878328226818401,unknown,False,False,0,1,10,0
1322,0,0,0,0.5189112465227054,unknown,False,False,0,0,6,0
1323,0,0,0,0.43531397760153145,unknown,False,False,0,0,8,0
1324,0,0,0,0.43054278802943413,unknown,False,False,0,1,10,0
1325,0,0,0,0.4219303793628365,unknown,False,False,0,1,7,0
1326,0,0,0,0.5690365020507763,unknown,False,False,1,1,7,0
1327,2,0,2,0.6920523533759166,unknown,False,False,1,0,6,0
1328,2,0,2,0.8975848100580464,unknown,False,False,2,1,8,0
1329,2,0,2,0.8566655101129945,unknown,False,False,1,1,11,0
1330,2,0,2,0.6629736636038404,unknown,False,True,0,0,10,0
1331,0,0,0,0.5415157909500775,red,False,True,1,1,12,0
1332,0,0,0,0.4741958753198547,unknown,False,True,0,2,11,0
1333,0,0,0,0.5502814364514883,red,False,True,0,1,10,0
1334,0,0,0,0.5812713938698553,red,False,True,0,1,15,0
1335,0,0,0,0.8436558435036817,unknown,False,True,0,1,17,0
1336,0,0,0,0.9996235054288909,unknown,False,False,0,1,12,0
1337,0,0,0,1.1554865852100444,unknown,False,False,0,1,11,0
1338,0,0,0,1.1971908046441286,unknown,False,False,0,1,11,0
1339,0,0,0,0.8850418577955971,unknown,False,False,0,1,6,0
1340,0,0,0,0.8928533534239564,unknown,False,False,1,1,11,0
1341,0,0,0,1.053193444643661,unknown,False,False,0,1,8,0
1342,0,0,0,1.1651314152139085,unknown,False,False,0,1,11,0
1343,0,0,0,1.21446308025363,unknown,False,False,0,0,11,0
1344,0,0,0,0.9216472115841088,unknown,False,False,0,0,9,0
1345,0,0,0,0.8841656479143203,unknown,False,False,0,0,7,0
1346,1,0,1,0.6871363160554889,red,False,False,1,0,6,0
1347,2,0,2,0.8742437530550173,red,False,False,2,0,4,0
1348,2,0,2,0.7072741011197258,unknown,False,False,1,0,2,0
1349,1,0,1,0.47571266123860134,unknown,False,False,0,0,1,0
1350,1,0,1,0.553090383036018,unknown,False,False,0,0,6,0
1351,0,1,1,1.600828653900264,unknown,False,False,1,0,2,0
1352,1,0,1,2.532429509890318,unknown,False,False,1,0,2,0
1353,1,0,1,1.399294521083562,unknown,False,False,0,0,2,0
1354,0,0,0,0.5711327788064707,unknown,False,False,0,0,2,0
1355,0,0,0,0.2932174737718631,unknown,False,False,0,0,3,0
1356,0,0,0,0.5586386743076641,unknown,False,False,0,0,3,0
1357,0,0,0,1.111487214653175,red,False,False,0,0,2,0
1358,0,0,0,1.45386852909505,red,False,True,0,0,5,0
1359,0,0,0,1.2847308235438988,yellow,False,False,1,0,4,0
1360,0,0,0,0.8220965718313193,unknown,False,False,0,1,3,0
1361,0,0,0,0.3113511749357907,unknown,False,False,1,0,5,0
1362,1,0,1,0.27937949745657514,red,False,True,1,1,2,0
1363,1,0,1,0.1851453700306053,red,False,True,0,0,4,0
1364,1,0,1,0.2855366352684776,unknown,False,False,0,0,3,0
1365,0,0,0,0.17396596909517223,red,False,False,0,0,3,0
1366,0,0,0,0.33132130983837776,red,False,False,0,0,4,0
1367,0,0,0,0.504340680884924,red,False,False,0,0,3,0
1368,0,0,0,1.449004818253627,yellow,False,False,0,0,6,0
1369,0,0,0,1.5112954190283645,yellow,False,False,0,0,7,0
1370,0,0,0,1.7595294395847774,yellow,False,False,0,0,9,0
1371,1,0,1,1.5036638322916278,unknown,False,False,1,0,9,0
1372,2,2,4,1.1488829517364174,unknown,False,False,3,0,8,0
1373,2,1,3,0.9614837798818067,unknown,False,False,2,0,11,0
1374,2,0,2,1.300010700863526,unknown,False,False,0,0,7,0
1375,0,0,0,1.4692284387745782,unknown,False,False,0,0,6,0
1376,0,0,0,0.8485607546510054,unknown,False,False,0,0,9,0
1377,0,0,0,0.7434426398938179,unknown,False,False,0,1,12,0
1378,0,0,0,1.202212900010476,unknown,False,False,0,1,9,0
1379,0,0,0,1.3763493243313256,red,False,False,0,0,8,0
1380,0,0,0,1.3969419353495323,red,False,False,0,0,9,0
1381,0,0,0,1.2065885022534015,red,False,False,0,0,7,0
1382,0,0,0,0.719185155048521,yellow,False,False,0,0,10,0
1383,0,0,0,0.984535062806216,unknown,False,False,0,0,13,0
1384,0,0,0,1.1327777407127377,unknown,False,False,0,0,11,0
1385,1,0,1,1.6249546512324697,unknown,False,False,1,0,9,0
1386,1,0,1,1.2411622978527452,unknown,False,False,1,0,9,0
1387,0,0,0,0.8513022364384208,unknown,False,False,0,0,8,0
1388,0,0,0,0.9963339677185135,unknown,False,False,0,0,10,0
1389,1,0,1,1.0687194778008164,unknown,False,False,1,0,10,0
1390,0,1,1,1.0651894919075395,unknown,False,False,1,0,8,0
1391,1,0,1,0.88249041752948,unknown,False,False,1,0,7,0
1392,1,0,1,0.6895113668737214,unknown,False,False,1,0,6,0
1393,1,0,1,0.6667558076892265,unknown,False,False,0,0,5,0
1394,0,0,0,0.5987752790828956,unknown,False,False,0,0,5,0
1395,0,0,0,0.7094130467807291,unknown,False,False,0,0,5,0
1396,0,0,0,0.4409854400642335,unknown,False,False,1,0,5,0
1397,0,0,0,0.18822306375985984,unknown,False,False,0,1,4,0
1398,0,0,0,0.3499267065931305,unknown,False,False,0,0,3,0
1399,0,0,0,0.38971369131572203,unknown,False,False,0,1,5,0
1400,0,0,0,0.6039436163945634,unknown,False,False,0,0,4,0
1401,0,0,0,0.5184722164825477,unknown,False,False,0,0,1,0
1402,0,0,0,0.5939095824980969,unknown,False,False,0,1,3,0
1403,0,0,0,0.46613705258944016,unknown,False,False,0,1,4,0
1404,0,0,0,0.4282043511212425,unknown,False,False,0,0,7,0
1405,0,0,0,0.4012060623585648,unknown,False,False,0,0,7,0
1406,0,0,0,0.48745411852834625,unknown,False,False,0,0,6,0
1407,0,0,0,0.40869575038389827,unknown,False,False,0,0,4,0
1408,0,0,0,0.3369444104556221,unknown,False,False,0,0,6,0
1409,0,0,0,0.5704727088951013,unknown,False,False,0,1,5,0
1410,0,0,0,0.5139851115610417,unknown,False,False,0,0,7,0
1411,0,0,0,0.4535934890933002,unknown,False,False,0,0,6,0
1412,0,0,0,0.518064921661357,red,False,True,0,1,5,0
1413,0,0,0,0.6867320910335539,unknown,False,False,0,1,5,0
1414,0,0,0,0.5380442769193361,unknown,False,False,0,2,5,0
1415,0,0,0,0.24228426330424294,unknown,False,True,0,2,3,0
1416,0,0,0,0.20324598911222325,unknown,False,False,0,1,4,0
1417,0,0,0,0.12259491417197213,red,False,True,0,1,4,0
1418,0,0,0,0.15106125409518006,unknown,False,True,0,0,3,0
1419,0,0,0,0.15988823266213073,unknown,False,False,0,0,4,0
1420,0,0,0,0.18115607271137155,red,False,False,0,0,4,0
1421,1,0,1,0.18301076772551028,unknown,False,False,0,0,4,0
1422,1,0,1,0.30947302207692673,red,False,False,0,0,8,0
1423,0,0,0,0.3158835262397782,unknown,False,False,0,0,4,0
1424,0,0,0,0.4086034823056483,red,False,False,0,0,5,0
1425,0,0,0,0.6880256473798764,unknown,False,False,0,0,5,0
1426,0,0,0,0.6570058865451628,unknown,False,False,0,0,1,0
1427,0,0,0,1.2476472080370211,unknown,False,False,0,0,3,0
1428,0,0,0,1.116632408572042,unknown,False,False,0,0,4,1
1429,1,0,1,1.1158483656667435,unknown,False,False,2,0,5,0
1430,2,0,2,1.8839911141975236,unknown,False,False,1,0,8,0
1431,1,0,1,0.8224272693979178,unknown,False,False,0,0,8,0
1432,1,0,1,0.7771878714275235,unknown,False,False,0,0,9,0
1433,1,0,1,0.888406487353462,unknown,False,False,0,0,7,0
1434,0,0,0,1.2430248883030883,unknown,False,False,0,0,6,0
1435,0,0,0,1.0705344368273255,unknown,False,False,0,0,6,0
1436,0,0,0,0.8233886136986983,unknown,False,False,0,0,5,0
1437,0,0,0,0.3832077277062902,red,False,True,0,1,4,0
1438,0,0,0,0.7379809281177734,unknown,False,True,0,1,6,0
1439,1,0,1,1.3531187267652924,unknown,False,True,0,0,6,0
1440,1,0,1,0.6245744636882861,unknown,False,False,0,0,4,0
1441,0,0,0,1.2876745432879615,unknown,False,False,0,0,6,0
1442,0,0,0,1.669775848093306,unknown,False,False,0,0,9,0
1443,0,0,0,1.6336669149430023,unknown,False,False,0,0,8,0
1444,0,0,0,1.6365469332618459,unknown,False,False,0,0,9,0
1445,0,0,0,1.1535799300119887,unknown,False,False,0,0,10,0
1446,0,1,1,0.6626655277027743,unknown,False,False,1,0,9,0
1447,2,0,2,0.6205272801381497,unknown,False,False,1,0,8,0
1448,1,0,1,0.6441033256886641,unknown,False,False,0,0,9,0
1449,0,1,1,0.9482461352485329,unknown,False,False,1,0,4,0
1450,3,1,4,1.4349416797917227,unknown,False,False,3,0,6,0
1451,3,0,3,1.0861353459581222,unknown,False,False,1,0,8,0
1452,2,0,2,0.654947439291289,unknown,False,False,0,0,7,0
1453,0,0,0,0.45677582166919717,unknown,False,False,0,0,8,0
1454,0,0,0,0.4580736575029586,unknown,False,False,0,0,8,0
1455,0,0,0,0.36853634922116607,unknown,False,False,0,0,8,0
1456,0,0,0,0.18909060257965934,green,False,False,0,0,8,0
1457,0,0,0,0.15763261632124054,unknown,False,False,0,0,8,0
1458,1,0,1,0.21791014272974338,unknown,False,False,1,0,9,0
1459,1,0,1,0.2845877392559546,green,False,False,1,0,6,1
1460,0,1,1,0.29397439063420877,unknown,False,False,1,0,9,1
1461,1,1,2,0.30402882883286936,green,False,False,1,0,9,1
1462,1,0,1,0.335472889298939,unknown,False,False,0,0,9,0
1463,1,0,1,0.3540500452026429,unknown,False,False,0,0,13,0
1464,0,0,0,0.536612535499008,unknown,False,False,0,0,10,0
1465,0,0,0,0.701662944948218,red,False,False,0,0,9,0
1466,0,0,0,0.523142865235492,red,False,False,0,0,8,0
1467,0,0,0,0.589097668354765,red,False,False,0,0,9,0
1468,0,0,0,0.9042892373595651,green,False,False,0,0,9,0
1469,0,0,0,0.5982250446123131,green,False,False,0,0,7,0
1470,0,0,0,0.32091865662077934,yellow,False,False,0,0,10,0
1471,1,0,1,0.31057378803608715,red,False,False,3,0,7,0
1472,1,0,1,0.28898314455060514,unknown,False,False,1,0,7,0
1473,2,0,2,0.3001253678760455,red,False,False,1,0,6,0
1474,0,1,1,0.2700473030900238,green,False,False,1,0,5,0
1475,1,0,1,0.47548777663874386,unknown,False,False,1,0,5,0
1476,1,0,1,0.6549441537916822,unknown,False,False,1,0,10,0
1477,1,0,1,1.0822068900763773,unknown,False,False,0,0,10,0
1478,0,0,0,0.910288117545497,unknown,False,False,0,0,13,0
1479,0,0,0,0.8767556544332312,unknown,False,False,1,0,10,0
1480,1,1,2,1.0887016010311377,unknown,False,False,2,0,4,0
1481,0,2,2,1.1460718853385148,unknown,False,False,1,0,11,0
1482,1,1,2,1.1153321008640202,unknown,False,False,0,0,17,0
1483,0,0,0,1.1039784311381426,unknown,False,False,0,0,18,0
1484,0,0,0,1.1222570480591434,unknown,False,False,0,0,16,0
1485,0,0,0,1.136154530986103,unknown,False,False,0,0,17,0
1486,0,0,0,1.367920786431201,unknown,False,False,0,0,16,0
1487,0,0,0,1.3464335211685874,unknown,False,False,0,0,11,0
1488,0,0,0,1.1428097677700801,red,False,False,0,0,14,0
1489,0,0,0,1.3394297053822413,red,False,False,0,0,17,0
1490,0,0,0,0.9160159255388682,unknown,False,False,0,0,11,0
1491,0,0,0,0.757826072419426,unknown,False,False,0,0,6,0
1492,0,0,0,0.5311946690439343,unknown,False,False,1,0,7,0
1493,0,1,1,0.9856503392085042,unknown,False,False,1,0,6,0
1494,1,1,2,1.3851087878001824,unknown,False,False,1,0,5,0
1495,1,0,1,1.017085133387995,unknown,False,False,0,0,8,0
1496,1,0,1,0.7830473931000909,unknown,False,False,1,0,8,0
1497,0,0,0,0.9097389293776447,unknown,False,False,0,0,8,0
1498,0,0,0,1.323157174915965,unknown,False,False,0,0,8,0
1499,0,0,0,0.8640473755975251,red,False,False,0,0,7,0
1500,0,0,0,0.7453368882069222,red,False,False,0,0,8,0
1501,0,0,0,0.6617913343723041,unknown,False,False,0,0,3,0
1502,1,0,1,0.8458977453288169,unknown,False,False,1,0,7,0
1503,0,1,1,0.7658519321513271,unknown,False,False,1,0,5,0
1504,1,0,1,0.6495848617795411,red,False,True,1,0,8,0
1505,1,0,1,0.7356451220978883,red,False,False,1,0,6,0
1506,1,1,2,0.7941382250453923,red,False,True,2,1,5,0
1507,1,0,1,0.5900639926287438,unknown,False,True,2,2,1,1
1508,1,0,1,0.6339350016953352,unknown,False,False,1,2,1,1
1509,1,0,1,0.5764813551061803,unknown,False,False,0,2,1,0
1510,0,0,0,0.7001016766537368,unknown,False,False,0,2,1,0
1511,0,0,0,2.173703807032659,unknown,False,False,0,1,1,0
1512,0,0,0,1.3304094570198488,unknown,False,False,0,1,1,0
1513,0,0,0,0.460084919295444,unknown,False,False,0,1,1,0
1514,0,0,0,0.34353039426062937,unknown,False,False,0,1,1,0
1515,0,0,0,0.18424663975234848,yellow,False,False,0,0,0,0
1516,0,0,0,0.09017764988933216,unknown,False,False,0,0,1,0
1517,0,0,0,0.24443936912724307,unknown,False,False,1,0,4,0
1518,0,0,0,0.5656933853786166,unknown,False,False,0,0,4,0
1519,0,0,0,0.8446474743309237,red,False,False,0,0,7,0
1520,0,0,0,1.0581423699151151,red,False,False,0,0,6,0
1521,0,0,0,0.6373338918206112,red,False,False,0,0,6,0
1522,0,0,0,0.36067966839529936,red,False,True,0,0,6,0
1523,0,0,0,0.7299517397713648,red,False,True,0,1,7,0
1524,0,0,0,0.9610526967261439,red,False,True,0,1,5,0
1525,0,0,0,0.7104340876647048,red,False,True,0,1,5,0
1526,0,0,0,0.6679724366760633,red,False,True,0,1,6,0
1527,0,0,0,0.45291755771276176,red,False,True,0,1,7,0
1528,0,0,0,0.6597030789074658,red,False,True,0,1,6,0
1529,0,0,0,0.6228401818491396,red,False,True,0,1,4,0
1530,0,0,0,0.9156825922606847,red,False,True,0,1,3,0
1531,0,0,0,0.811319277085585,red,False,True,0,1,3,0
1532,0,0,0,0.1888472180684512,red,False,True,0,1,2,0
1533,0,0,0,0.15900640684032047,red,False,True,0,1,4,0
1534,0,0,0,0.18866377420089267,red,False,True,0,1,5,0
1535,0,0,0,0.20429303600329757,red,False,True,0,1,4,0
1536,0,0,0,0.6039433037094964,red,False,True,0,1,4,0
1537,0,0,0,0.7829762458158026,red,False,True,0,1,5,0
1538,0,0,0,0.6364494547981561,red,False,True,0,1,3,0
1539,0,0,0,0.5607055448913277,red,False,True,0,1,5,0
1540,0,0,0,0.98734104232185,red,False,True,0,1,3,0
1541,0,0,0,0.6362201480176966,red,False,True,0,1,2,0
1542,0,0,0,0.4196571456488426,unknown,False,True,0,1,5,0
1543,0,0,0,0.3725377595486628,unknown,False,True,0,1,5,0
1544,0,0,0,0.4941623237169357,red,False,True,0,1,4,0
1545,0,0,0,0.5704403010169533,red,False,True,0,0,7,0
1546,0,0,0,0.6595446939098579,unknown,False,True,0,1,7,0
1547,0,0,0,0.6929093446442584,unknown,False,False,0,0,8,0
1548,0,0,0,0.8556228653383777,unknown,False,False,0,1,6,0
1549,0,0,0,0.8585172932545933,unknown,False,True,0,0,4,0
1550,0,0,0,1.0924301554212048,unknown,False,False,0,1,4,0
1551,0,0,0,0.9525281650667707,unknown,False,False,0,0,4,0
1552,0,0,0,0.6574784768711508,unknown,False,False,0,0,4,0
1553,0,0,0,0.32868176205823496,unknown,False,False,0,0,4,0
1554,0,0,0,0.31154188332432375,unknown,False,False,0,0,2,0
1555,0,0,0,0.30007906431254405,unknown,False,False,0,0,1,0
1556,0,0,0,0.6888088369004874,unknown,False,False,0,0,2,0
1557,0,0,0,2.838576513853953,unknown,False,False,0,0,2,0
1558,0,0,0,1.1820237331788936,yellow,False,False,0,0,2,0
1559,0,0,0,0.706476658634279,green,False,False,0,0,0,0
1560,0,0,0,0.35943716203547676,red,False,False,0,0,0,0
1561,0,0,0,0.0,unknown,False,False,0,0,0,0
1562,0,0,0,0.0,unknown,False,False,0,0,0,0
1563,0,0,0,0.0,unknown,False,False,0,0,0,0
1564,0,0,0,0.0,unknown,False,False,0,0,1,0
1565,0,0,0,0.549696606381877,unknown,False,False,0,0,0,0
1566,0,0,0,0.8118051383507081,unknown,False,False,0,0,0,0
1567,0,0,0,0.9188716439815906,unknown,False,False,0,0,1,0
1568,0,0,0,0.8802822069080153,red,False,False,0,0,2,0
1569,0,0,0,0.46760784934693866,yellow,False,False,0,0,1,0
1570,0,0,0,0.4598681783653925,yellow,False,False,0,0,5,0
1571,0,0,0,0.6888084614513875,unknown,False,False,0,0,4,0
1572,0,0,0,0.9877742548794551,unknown,False,False,0,0,8,0
1573,0,0,0,0.9266407748437562,unknown,False,False,0,0,10,0
1574,0,0,0,0.7552529668689593,unknown,False,False,0,0,12,0
1575,0,0,0,0.8158650289554225,unknown,False,False,0,0,10,0
1576,0,0,0,0.8020202982937396,unknown,False,False,1,0,10,0
1577,2,0,2,0.829478947632266,unknown,False,False,1,0,7,0
1578,2,0,2,0.8895365982288597,unknown,False,False,1,0,7,0
1579,1,0,1,0.7665143819352176,unknown,False,False,1,0,6,0
1580,0,0,0,0.481274978324421,unknown,False,False,0,0,4,0
1581,0,0,0,0.4343575165846069,unknown,False,False,0,0,6,0
1582,0,0,0,0.19230615982262897,unknown,False,False,0,0,6,0
1583,0,0,0,0.22184031915523453,unknown,False,False,1,0,5,0
1584,2,0,2,0.08167966926240434,unknown,False,False,1,0,3,0
1585,2,0,2,0.1614356469149675,unknown,False,False,0,0,4,0
1586,0,0,0,0.17771319693788146,unknown,False,False,0,0,5,0
1587,0,0,0,0.22317874813614805,unknown,False,False,0,0,7,0
1588,0,0,0,0.44053492954520634,unknown,False,False,0,0,7,0
1589,1,0,1,0.4426053277327088,unknown,False,False,0,0,6,0
1590,1,0,1,0.3698655997089039,unknown,False,False,0,0,6,0
1591,0,0,0,0.4623605336502955,red,False,False,1,0,3,0
1592,0,0,0,0.3825198562137243,red,False,False,0,0,7,0
1593,0,0,0,0.7495505678486459,red,False,False,0,0,6,0
1594,0,0,0,0.9697906184300421,red,False,False,1,0,5,0
1595,0,0,0,0.3200872414996802,red,False,False,0,0,6,0
1596,0,0,0,0.21629402515108986,red,False,False,1,0,9,0
1597,0,0,0,0.2705665864178546,red,False,False,0,0,4,0
1598,2,0,2,0.3372136433703625,red,False,False,2,0,6,0
1599,2,0,2,0.34524858966312194,unknown,False,False,2,0,4,0
1600,2,0,2,0.371086962754765,yellow,False,False,3,0,3,0
1601,2,0,2,0.39424753265457996,yellow,False,False,2,0,2,0
1602,3,0,3,0.5740849938847025,yellow,False,False,1,0,2,0
1603,2,0,2,0.5708148394028667,unknown,False,False,3,0,4,0
1604,1,1,2,0.4800814946719624,unknown,False,False,1,0,4,0
1605,2,0,2,0.6600677793607458,unknown,False,False,1,0,2,0
1606,1,0,1,1.1362254243496697,unknown,False,False,1,0,3,0
1607,1,0,1,0.9791300911938983,unknown,False,False,0,0,5,0
1608,0,0,0,1.3400584861370006,unknown,False,False,2,0,5,0
1609,0,0,0,1.3182347034312443,unknown,False,False,2,0,4,0
1610,1,0,1,1.022716741380917,unknown,False,False,0,0,5,0
1611,1,0,1,1.2164701309839872,unknown,False,False,1,0,7,0
1612,0,0,0,1.3442295501893928,unknown,False,False,0,0,7,0
1613,0,0,0,0.7139617093161355,unknown,False,False,0,0,10,0
1614,0,0,0,0.741738756736925,unknown,False,False,0,0,10,0
1615,0,0,0,0.8151256023156462,unknown,False,False,0,0,5,0
1616,0,0,0,0.7735848528294518,unknown,False,False,2,0,5,0
1617,3,0,3,0.8561566857129644,unknown,False,False,2,0,8,0
1618,3,0,3,1.303219642689339,unknown,False,False,0,0,9,0
1619,0,0,0,1.215960154256611,unknown,False,False,0,0,11,0
1620,0,0,0,0.9257933119789205,unknown,False,False,0,0,14,0
1621,0,0,0,1.0866378476934926,unknown,False,False,0,0,11,0
1622,0,0,0,1.1410803422086748,unknown,False,False,0,0,11,0
1623,0,0,0,1.069828032314894,unknown,False,False,0,0,11,0
1624,0,0,0,1.1698011868965286,unknown,False,False,0,0,6,0
1625,0,0,0,0.74686580019611,unknown,False,False,0,0,8,0
1626,0,0,0,0.7156617216215732,unknown,False,False,0,0,11,0
1627,0,0,0,0.8083950461643497,unknown,False,False,0,0,5,0
1628,0,0,0,0.6237434062467456,red,False,False,0,0,7,0
1629,0,0,0,0.4613962459892799,unknown,False,False,0,0,10,0
1630,0,0,0,0.26475261758437063,unknown,False,False,0,0,9,0
1631,0,0,0,0.2597939981760497,unknown,False,False,0,0,11,0
1632,0,0,0,0.2644872587782387,unknown,False,False,0,0,8,0
1633,0,0,0,0.28547496179168663,unknown,False,False,0,0,8,0
1634,0,0,0,0.40688576510198055,unknown,False,False,0,0,7,0
1635,0,0,0,0.46485283715477527,unknown,False,False,0,0,10,0
1636,0,0,0,0.37901449964604306,unknown,False,False,0,0,8,0
1637,0,0,0,0.2715565586537522,yellow,False,False,0,0,9,0
1638,0,0,0,0.26202169270800063,unknown,False,False,0,0,8,0
1639,0,0,0,0.2544710788232891,red,False,False,0,0,10,1
1640,0,0,0,0.2491502372833304,unknown,False,False,0,0,9,0
1641,0,0,0,0.18075401934817717,unknown,False,False,0,0,9,0
1642,0,0,0,0.13938954604651632,unknown,False,False,0,0,8,1
1643,0,0,0,0.12142578165908276,unknown,False,False,0,0,5,0
1644,0,0,0,0.12768104673706523,unknown,False,False,0,0,10,0
1645,0,0,0,0.24951991100050205,unknown,False,False,0,0,10,1
1646,0,0,0,0.31144695748954104,unknown,False,False,0,0,10,0
1647,0,0,0,0.47251182004858994,unknown,False,False,0,0,11,1
1648,0,0,0,0.33127411716561955,unknown,False,False,0,0,12,1
1649,0,0,0,0.21791717167439326,unknown,False,False,0,0,10,0
1650,0,0,0,0.16906159171780472,unknown,False,True,0,1,9,0
1651,0,0,0,0.18958404779913293,unknown,False,False,0,1,11,0
1652,0,0,0,0.12964602264736869,unknown,False,True,0,1,10,0
1653,0,0,0,0.15648394874549634,unknown,False,True,0,1,8,0
1654,0,0,0,0.21779436473037342,red,False,True,0,1,9,0
1655,0,0,0,0.21974702969789908,red,False,True,0,1,9,0
1656,0,0,0,0.24826255381789786,unknown,False,True,0,1,12,0
1657,0,0,0,0.2091224382207698,unknown,False,False,0,1,12,0
1658,0,0,0,0.24613817231487237,red,False,True,0,1,12,1
1659,0,0,0,0.2063412774423586,red,False,False,0,0,11,1
1660,0,0,0,0.2461484531958633,unknown,False,False,0,0,12,1
1661,0,0,0,0.4329014106263344,red,False,False,0,0,13,1
1662,0,0,0,0.28535186846145744,green,False,False,0,0,11,1
1663,0,0,0,0.2558850842771182,unknown,False,False,0,0,12,1
1664,0,0,0,0.23679776585351817,unknown,False,False,0,0,12,1
1665,0,0,0,0.23357199638645817,unknown,False,False,0,0,11,0
1666,0,0,0,0.1897671685794357,unknown,False,False,0,0,12,1
1667,0,0,0,0.1606326997753585,unknown,False,False,0,0,12,1
1668,0,0,0,0.11001616773519023,red,False,False,0,0,9,0
1669,0,0,0,0.12354332259896365,unknown,False,False,0,0,10,0
1670,0,0,0,0.13947573759496407,unknown,False,False,0,0,9,0
1671,0,0,0,0.20631913043770772,red,False,False,0,0,8,0
1672,0,0,0,0.28400666735182756,red,False,False,0,0,9,1
1673,0,0,0,0.22325399695005663,red,False,False,0,0,9,0
1674,1,0,1,0.07069884512408262,red,False,False,1,0,9,0
1675,1,0,1,0.05280615447260526,unknown,False,False,1,0,8,1
1676,1,0,1,0.0559831735827751,unknown,False,False,1,0,9,0
1677,1,0,1,0.061047075153638386,unknown,False,False,1,0,8,0
1678,1,0,1,0.12798035774008015,unknown,False,False,1,0,11,0
1679,1,0,1,0.075317564921814,unknown,False,False,1,0,10,1
1680,1,0,1,0.13512534163468018,unknown,False,False,1,0,9,0
1681,1,0,1,0.13403797806746875,unknown,False,False,1,0,8,1
1682,2,0,2,0.18525106721746615,unknown,False,False,1,0,8,0
1683,2,0,2,0.18481952179485547,unknown,False,False,1,0,10,1
1684,1,0,1,0.2455635915655556,unknown,False,False,2,0,11,0
1685,1,0,1,0.10549917384348508,unknown,False,False,0,0,11,1
1686,1,0,1,0.08305601069718048,red,False,False,1,0,8,1
1687,1,0,1,0.07429364708929419,red,False,False,1,0,12,1
1688,1,0,1,0.07005451345595706,unknown,False,False,0,0,9,1
1689,1,0,1,0.06869042287034545,unknown,False,False,0,0,10,0
1690,1,0,1,0.05383190561052162,unknown,False,False,1,0,8,0
1691,1,0,1,0.05819233326708853,unknown,False,False,0,0,10,1
1692,1,0,1,0.05376198727374974,unknown,False,False,0,0,8,1
1693,0,0,0,0.04681038815717761,unknown,False,False,0,0,7,1
1694,0,0,0,0.11799528961283151,unknown,False,False,0,0,9,0
1695,0,0,0,0.12920248823648217,yellow,False,False,0,0,9,1
1696,0,0,0,0.15567400191339298,red,False,False,0,0,7,0
1697,0,0,0,0.13093462254242627,unknown,False,False,0,0,7,0
1698,0,0,0,0.13944285723062866,unknown,False,False,0,0,8,0
1699,0,0,0,0.08993076827609697,unknown,False,False,0,0,9,0
1700,0,0,0,0.05311089379495198,green,False,False,1,0,9,0
1701,0,0,0,0.09303653506666,unknown,False,False,0,0,11,0
1702,0,0,0,0.1309628920518413,unknown,False,False,0,0,11,0
1703,0,0,0,0.12920653245378752,yellow,False,False,0,0,9,0
1704,0,0,0,0.08870324253401941,unknown,False,False,0,0,7,0
1705,0,0,0,0.06851824535414114,red,False,False,0,0,9,0
1706,0,0,0,0.07155102727357528,unknown,False,False,0,0,10,0
1707,0,0,0,0.1062283355257281,red,False,False,0,0,6,0
1708,0,0,0,0.11932737323723408,red,False,False,0,0,8,0
1709,0,0,0,0.13702125146484598,unknown,False,False,0,0,11,0
1710,0,0,0,0.06768540843992502,red,False,False,0,0,10,0
1711,0,0,0,0.09145904651258878,unknown,False,False,0,0,9,1
1712,1,0,1,0.1497308770077174,unknown,False,False,1,0,8,0
1713,1,0,1,0.2433783958140702,red,False,False,0,0,9,0
1714,1,0,1,0.2638833200865072,unknown,False,False,0,0,10,0
1715,1,0,1,0.2504805534505063,red,False,False,0,0,11,0
1716,1,0,1,0.22031961958100643,red,False,False,0,0,10,0
1717,1,0,1,0.19354176648741755,unknown,False,False,1,0,9,0
1718,1,0,1,0.21993342398951907,red,False,False,1,0,9,0
1719,1,0,1,0.2565129194861984,red,False,False,1,0,9,0
1720,1,0,1,0.27669622071583644,unknown,False,False,0,0,10,0
1721,1,0,1,0.2912111493590128,unknown,False,False,2,0,9,0
1722,2,0,2,0.27412166947974437,unknown,False,False,3,0,8,0
1723,3,0,3,0.2947332500631298,red,False,True,4,1,9,0
1724,4,0,4,0.1754753536458557,unknown,False,True,3,1,11,0
1725,3,0,3,0.13951903409458144,red,False,True,3,1,8,0
1726,3,0,3,0.1521351767853247,unknown,False,True,4,1,9,0
1727,4,0,4,0.2138293397677281,red,False,True,4,1,9,0
1728,6,0,6,0.24954174641874943,unknown,True,True,5,1,9,0
1729,5,0,5,0.42849595844911814,yellow,True,True,4,1,10,0
1730,4,0,4,0.41922133655597044,red,False,True,4,1,8,0
1731,2,2,4,0.3759066329676577,red,False,True,4,2,13,0
1732,4,1,5,0.4125370448491983,unknown,False,True,5,1,11,0
1733,4,0,4,0.5503213695046947,yellow,False,True,2,1,10,0
1734,6,0,6,0.7367519442616961,unknown,False,True,2,0,11,0
1735,1,0,1,0.6970305805787376,unknown,False,False,0,0,12,0
1736,1,0,1,0.7651932441229488,unknown,False,False,0,0,13,0
1737,0,0,0,0.6429981485700563,unknown,False,False,0,0,14,0
1738,0,0,0,0.6734644956920184,unknown,False,False,0,0,13,0
1739,0,0,0,0.6831908661268684,unknown,False,False,0,0,17,0
1740,0,0,0,0.8898349878905644,yellow,False,False,0,0,19,0
1741,0,0,0,0.7789581597557284,unknown,False,False,0,0,19,0
1742,0,0,0,0.8022767190835974,unknown,False,False,1,0,13,0
1743,0,0,0,0.9103344368564816,unknown,False,False,0,0,10,0
1744,0,0,0,0.8577953666887763,unknown,False,False,0,0,6,0
1745,0,0,0,0.6372796324906214,unknown,False,False,0,0,7,0
1746,0,0,0,0.9477084237617723,unknown,False,False,0,0,11,0
1747,0,0,0,0.7736776684662942,unknown,False,False,0,0,6,0
1748,0,0,0,0.7262803758361192,unknown,False,False,0,0,8,0
1749,0,0,0,0.9423275870562855,unknown,False,False,0,0,11,0
1750,0,0,0,1.0352618254458748,unknown,False,False,0,0,7,0
1751,0,0,0,1.010030413966245,unknown,False,False,0,0,8,0
1752,0,1,1,1.1882927466742839,unknown,False,False,1,0,7,0
1753,1,0,1,1.1444833115391086,unknown,False,False,0,0,6,0
1754,1,0,1,0.7422397037414804,unknown,False,False,0,0,5,0
1755,0,0,0,0.5529155580012165,yellow,False,False,0,0,4,0
1756,0,0,0,0.7262881597548431,yellow,False,False,1,0,1,0
1757,0,0,0,0.6818076525144159,yellow,False,False,0,0,1,0
1758,0,0,0,0.3566230827794862,unknown,False,False,0,0,3,0
1759,0,0,0,0.2376104860311209,red,False,False,0,0,3,0
1760,0,0,0,0.4972537773298704,red,False,False,0,0,4,0
1761,0,0,0,0.44965922226691635,red,False,False,0,0,4,0
1762,0,0,0,0.5279129036613983,red,False,True,0,0,3,0
1763,0,0,0,0.6090855768278418,unknown,False,False,0,0,4,0
1764,0,0,0,0.8453414137002326,unknown,False,False,0,0,6,0
1765,0,0,0,1.0017063724910449,unknown,False,False,0,0,6,0
1766,0,0,0,0.9355492116333781,unknown,False,False,0,0,4,0
1767,0,0,0,1.1000427680739109,unknown,False,False,0,0,3,0
1768,0,0,0,0.6066051026758367,unknown,False,False,0,0,4,0
1769,0,0,0,0.8588344216389759,unknown,False,False,0,0,4,0
1770,0,0,0,1.6319782305155588,unknown,False,False,0,0,2,0
1771,0,0,0,1.330261171295589,unknown,False,False,0,0,3,0
1772,1,0,1,0.5988470383010691,unknown,False,False,1,0,1,0
1773,1,0,1,0.5276180511541622,unknown,False,False,0,0,3,0
1774,2,0,2,0.8029506842958348,unknown,False,False,1,0,1,0
1775,1,1,2,0.6316909644290782,unknown,False,False,3,0,0,0
1776,1,1,2,0.3480854901258007,unknown,False,False,2,0,3,0
1777,2,1,3,0.4771118951753912,unknown,False,False,0,0,0,0
1778,1,0,1,0.4850173399983149,unknown,False,False,0,0,0,0
1779,0,0,0,0.0,red,False,False,0,0,2,0
1780,0,0,0,0.4917219498308712,red,False,True,0,0,4,0
1781,0,0,0,0.3810461279687759,red,False,True,0,1,3,0
1782,0,0,0,0.545347304196022,unknown,False,True,0,1,4,0
1783,0,0,0,0.6029992891741793,unknown,False,False,0,2,1,0
1784,0,0,0,0.9224473130636472,unknown,False,False,1,2,0,0
1785,0,1,1,0.0,unknown,False,False,1,2,0,0
1786,1,0,1,0.0,unknown,False,False,0,1,0,0
1787,1,0,1,0.0,unknown,False,False,0,0,2,0
1788,0,0,0,0.21502576133123943,unknown,False,False,0,0,2,0
1789,0,0,0,0.10293237335109659,unknown,False,False,0,0,1,0
1790,0,0,0,0.11278182590893031,unknown,False,False,0,0,2,0
1791,0,0,0,0.10997139574980552,unknown,False,False,0,1,0,0
1792,0,0,0,0.0,unknown,False,False,0,1,1,0
1793,0,0,0,0.40797117650141007,unknown,False,False,1,1,2,0
1794,0,0,0,0.6858023586412538,red,False,True,0,1,3,0
1795,0,0,0,0.8691450094460764,red,False,True,1,1,3,0
1796,1,0,1,0.8247447110190663,red,False,True,0,1,1,0
1797,1,0,1,1.0716907998304137,unknown,False,True,2,1,3,0
1798,2,0,2,1.325974222759651,unknown,False,True,1,1,1,0
1799,1,0,1,0.39112648154912427,unknown,False,False,1,0,0,0
1800,2,0,2,0.0,unknown,False,False,0,0,1,0
1801,1,0,1,0.31671040217700275,unknown,False,False,0,1,0,0
1802,0,0,0,0.14835247903828938,unknown,False,False,0,0,1,0
1803,0,0,0,0.11593639078045694,unknown,False,False,0,0,2,0
1804,1,0,1,0.09576424301549828,unknown,False,False,4,0,0,0
1805,4,0,4,0.3533935982609225,unknown,False,False,3,0,1,0
1806,4,0,4,0.5298496108071422,unknown,False,False,3,1,2,0
1807,3,0,3,0.7909192064816599,unknown,False,False,5,0,6,0
1808,5,0,5,1.4372763546691945,yellow,False,False,2,0,6,0
1809,6,0,6,0.9664261942705537,green,True,True,1,0,8,0
1810,7,0,7,0.5117722615568476,red,True,False,6,0,5,0
1811,5,0,5,0.29257338792773424,unknown,True,True,6,1,5,0
1812,5,0,5,0.32254221881483847,yellow,True,True,5,0,7,0
1813,4,0,4,0.8788782748354684,red,False,True,5,1,3,0
1814,4,0,4,0.507489249148046,unknown,False,True,3,1,5,0
1815,3,0,3,0.43756057834149803,red,False,True,3,1,5,0
1816,4,0,4,0.537876867716534,red,False,True,2,1,2,0
1817,3,0,3,0.5065260597456335,unknown,False,True,2,1,1,0
1818,2,0,2,0.0,unknown,False,False,0,1,0,0
1819,0,0,0,0.0,unknown,False,False,0,2,0,0
1820,0,0,0,0.16472228531837943,unknown,False,False,0,2,0,0
1821,0,0,0,0.15383333049890316,unknown,False,False,0,1,1,0
1822,0,0,0,0.25502992278372016,unknown,False,False,0,0,1,2
1823,0,0,0,0.3255410389269774,unknown,False,False,0,0,1,0
1824,0,0,0,0.8413011981836999,unknown,False,False,0,0,1,0
1825,0,0,0,1.5033883243683341,unknown,False,False,1,0,3,0
1826,3,0,3,0.3950837304032482,unknown,False,False,6,0,2,0
1827,4,1,5,0.18232494658050882,unknown,False,False,5,0,1,0
1828,6,0,6,0.1870483354693578,unknown,False,False,6,0,4,0
1829,6,0,6,0.6202764515207774,unknown,False,False,2,0,6,0
1830,5,0,5,0.7178414101249287,unknown,False,False,3,0,5,0
1831,3,0,3,0.7601191243795747,unknown,False,False,3,0,9,0
1832,3,0,3,0.8912013008914327,green,False,False,3,0,8,0
1833,3,0,3,0.7675092057651826,green,False,False,3,0,9,0
1834,3,0,3,0.8277693572197743,green,False,False,2,0,11,0
1835,2,0,2,0.8868425900432808,unknown,False,False,2,0,8,0
1836,2,0,2,0.5711665144053748,unknown,False,False,2,0,8,0
1837,2,0,2,0.40057207773438197,green,False,False,2,0,7,0
1838,2,0,2,0.2575613847448762,green,False,False,3,0,7,0
1839,3,0,3,0.30095881439091077,green,False,True,2,0,7,0
1840,5,0,5,0.5649593171711829,red,False,False,7,0,7,0
1841,5,0,5,0.44816245433571505,red,True,True,0,0,8,0
1842,4,0,4,0.49620342478108126,unknown,False,False,3,0,3,0
1843,2,1,3,0.5895319509976057,unknown,False,False,1,0,1,0
1844,1,0,1,3.8675870280960503,unknown,False,False,1,0,1,0
1845,1,0,1,0.9515483814722454,unknown,False,False,0,0,5,0
1846,1,0,1,0.3342795242840112,unknown,False,False,0,0,2,0
1847,1,0,1,0.27265293665879814,unknown,False,False,1,0,2,0
1848,1,0,1,0.24545081884967082,unknown,False,False,1,1,2,1
1849,1,0,1,0.5961906215598106,unknown,False,False,2,1,1,4
1850,2,0,2,1.2716172622131359,red,False,True,2,1,1,0
1851,2,1,3,1.9257722962768302,unknown,False,True,1,2,1,0
1852,1,1,2,0.7110152647438076,unknown,False,False,2,0,0,0
1853,1,1,2,0.13978883062322808,unknown,False,False,3,0,1,0
1854,1,2,3,0.18605494344723925,unknown,False,False,4,0,1,0
1855,5,1,6,0.4975594644944329,red,True,False,1,0,2,0
1856,5,0,5,0.36060312851806087,unknown,True,False,1,0,6,0
1857,3,0,3,0.7723181276194707,green,False,False,2,0,5,0
1858,2,0,2,0.7227142845501635,unknown,False,False,1,0,4,0
1859,1,0,1,0.7659295076477842,unknown,False,False,2,0,2,0
1860,2,0,2,1.6524210214769024,unknown,False,False,2,0,2,0
1861,3,0,3,1.3235419009583695,unknown,False,False,4,0,3,0
1862,2,1,3,0.48105829634369385,unknown,False,False,2,0,2,0
1863,4,1,5,0.2903972659171087,unknown,False,False,0,0,2,0
1864,3,0,3,0.19960604125471043,unknown,False,False,3,0,2,0
1865,2,0,2,0.12770216717072072,unknown,False,False,0,0,1,0
1866,1,0,1,0.1679989278595535,unknown,False,False,0,0,2,0
1867,0,0,0,0.2937903051577137,unknown,False,False,0,0,1,0
1868,0,0,0,0.49321079564796994,unknown,False,False,2,0,0,0
1869,1,0,1,0.0,unknown,False,False,3,0,1,0
1870,3,0,3,0.0,unknown,False,False,3,0,0,0
1871,3,0,3,0.0,unknown,False,False,1,0,1,0
1872,2,0,2,0.0,green,False,False,1,0,0,0
1873,1,0,1,0.0,green,False,True,2,1,0,0
1874,2,0,2,0.0,green,False,True,1,0,0,0
1875,1,0,1,0.0,green,False,False,1,1,0,0
1876,1,0,1,0.0,green,False,False,0,1,0,0
1877,1,0,1,0.0,green,False,False,2,1,1,0
1878,2,0,2,0.05232265213230657,green,False,False,2,1,0,0
1879,2,0,2,0.0,green,False,False,1,1,1,0
1880,2,0,2,0.18516941587947588,green,False,False,2,1,1,0
1881,1,0,1,0.42649572804415736,green,False,True,1,1,2,0
1882,1,0,1,0.8357328134184798,green,False,False,1,1,3,0
1883,1,0,1,1.1454563718512258,green,False,True,1,0,3,0
1884,1,0,1,0.764193613777101,green,False,False,0,0,2,0
1885,1,0,1,0.3842606050383841,red,False,False,1,0,2,0
1886,1,0,1,0.7220866088409589,green,False,False,1,0,3,0
1887,1,0,1,0.9572163382191082,green,False,False,2,0,2,0
1888,2,0,2,1.5400569409928555,green,False,False,0,0,2,0
1889,0,0,0,1.650331220642365,green,False,False,0,0,3,0
1890,0,0,0,0.8079508503724595,green,False,False,0,0,2,0
1891,1,0,1,0.5020018347261894,green,False,False,1,0,2,0
1892,2,0,2,0.47695250107824566,red,False,False,1,0,2,0
1893,2,0,2,0.7677547649680083,green,False,False,1,0,1,0
1894,1,0,1,1.3163231754426397,green,False,False,3,0,1,0
1895,4,0,4,2.110567076936443,red,False,False,2,0,2,0
1896,4,0,4,1.0570180688435282,red,False,False,1,0,1,0
1897,3,0,3,0.565439165667036,red,False,False,1,0,1,0
1898,1,0,1,0.3838897801707488,red,False,False,0,0,2,0
1899,0,0,0,0.3427794151825107,red,False,False,1,0,0,0
1900,1,0,1,0.0,unknown,False,False,1,0,0,0
1901,3,0,3,0.0,unknown,False,False,3,0,0,0
1902,3,0,3,1.0664615858141806,unknown,False,False,2,0,1,0
1903,4,0,4,0.29983473589521215,unknown,False,False,3,0,1,0
1904,6,0,6,0.18952076023382344,unknown,False,False,7,0,0,0
1905,9,0,9,0.0,unknown,False,False,4,0,0,0
1906,9,0,9,0.0,unknown,False,False,5,0,0,0
1907,7,0,7,0.0,unknown,False,False,7,0,0,0
1908,7,0,7,0.0,unknown,True,False,5,0,0,0
1909,7,0,7,0.0,unknown,False,False,5,0,0,0
1910,6,1,7,0.0,unknown,False,False,1,0,0,0
1911,2,0,2,0.0,unknown,False,False,1,0,0,0
1912,3,0,3,0.0,unknown,False,False,3,0,1,0
1913,6,0,6,0.0,unknown,False,False,5,0,0,0
1914,9,0,9,0.43336472181853075,unknown,False,False,8,0,1,0
1915,10,1,11,0.7827031537272776,unknown,False,False,8,0,2,0
1916,12,0,12,1.0568644960837998,unknown,False,False,7,0,1,0
1917,9,0,9,0.5642848594040091,unknown,False,False,7,0,1,0
1918,11,0,11,0.31830540246849187,red,True,False,10,0,1,0
1919,11,0,11,0.37978677201051264,red,True,True,8,1,1,0
1920,10,0,10,0.4572151093707769,red,True,True,6,1,2,0
1921,12,0,12,0.3230242869835251,red,True,True,7,0,2,0
1922,11,0,11,0.3120301529800659,red,True,True,8,1,4,0
1923,10,0,10,0.6779005267307302,red,True,True,8,0,4,0
1924,10,0,10,0.6733095629618753,unknown,True,True,10,2,5,0
1925,10,0,10,0.6563221723381479,unknown,True,True,8,0,5,0
1926,9,0,9,0.5731585829228536,red,True,False,5,0,2,0
1927,8,0,8,0.6747903901556399,unknown,True,False,5,0,4,0
1928,8,1,9,0.36422524550505353,unknown,False,False,7,0,0,0
1929,8,0,8,0.2327059163272893,unknown,False,False,3,0,2,0
1930,8,0,8,0.3964564663072209,unknown,True,False,5,0,1,0
1931,5,1,6,0.413322119018769,unknown,True,True,3,1,1,0
1932,4,0,4,0.18657183910105593,unknown,False,False,0,1,0,0
1933,1,0,1,0.0,unknown,False,False,0,1,0,0
1934,0,0,0,0.0,unknown,False,False,3,0,0,0
1935,2,1,3,0.22025758403875964,unknown,False,False,7,0,0,1
1936,1,4,5,0.35138786225928986,unknown,False,False,5,0,1,0
1937,6,3,9,0.2573467065705217,unknown,False,False,3,0,0,0
1938,6,0,6,0.7299719079952792,red,False,False,2,0,2,0
1939,5,0,5,0.6990617474667782,unknown,False,True,1,0,7,0
1940,2,0,2,0.8980553514993177,red,False,True,1,2,4,0
1941,2,1,3,1.0023729572263267,red,False,True,2,1,2,0
1942,1,0,1,0.9513178155982871,unknown,False,True,1,0,3,0
1943,2,0,2,0.6107774961608842,unknown,False,False,1,0,2,0
1944,2,0,2,0.6849597122903937,unknown,False,False,2,0,1,1
1945,1,1,2,0.35248883700613626,unknown,False,False,3,0,1,0
1946,3,0,3,0.044477750113588885,unknown,False,False,1,0,0,0
1947,3,0,3,0.0,unknown,False,False,0,0,0,0
1948,2,0,2,0.0,unknown,False,False,0,0,1,0
1949,1,1,2,0.0,unknown,False,False,3,0,1,0
1950,3,1,4,0.236461519123336,unknown,False,False,5,0,1,0
1951,5,2,7,0.3442128262928624,unknown,False,False,9,1,1,0
1952,6,3,9,0.2843841384007096,yellow,True,False,6,0,0,0
1953,10,0,10,0.0,yellow,True,False,1,0,0,0
1954,8,0,8,0.0,yellow,False,False,2,0,0,0
1955,2,0,2,0.1174084968293482,yellow,False,False,0,1,0,0
1956,0,0,0,0.2304683029034393,yellow,False,True,0,0,1,0
1957,0,0,0,0.12257017708802836,red,False,False,0,0,2,0
1958,0,0,0,0.1271013735857964,red,False,False,1,0,2,0
1959,0,0,0,0.14253848930224378,red,False,False,0,0,2,0
1960,0,0,0,0.19195124686530507,yellow,False,False,0,0,2,0
1961,2,0,2,0.11281518566248601,yellow,False,False,2,0,1,0
1962,3,0,3,0.11032897866862136,red,False,False,5,0,1,0
1963,3,0,3,0.13309313442721873,yellow,False,True,2,1,1,0
1964,3,0,3,0.11174781021506508,yellow,False,True,2,1,2,0
1965,3,0,3,0.0796009554168094,yellow,False,True,2,0,0,1
1966,4,0,4,0.0403481103071054,yellow,False,True,4,0,0,0
1967,3,0,3,0.08427425213004931,yellow,False,True,3,0,1,0
1968,3,0,3,0.13333734885553195,yellow,False,True,2,0,0,0
1969,2,0,2,0.16916430404476035,yellow,False,True,2,0,2,0
1970,2,0,2,0.25384470560511896,yellow,False,False,2,0,0,0
1971,2,0,2,0.13474595305969472,red,False,False,2,0,0,0
1972,2,0,2,0.027686261100899466,red,False,False,2,0,0,0
1973,3,0,3,0.11808399787516062,red,False,False,2,0,0,0
1974,3,0,3,0.09238839396422613,yellow,False,False,3,0,0,0
1975,3,0,3,0.45823493681804267,yellow,False,False,4,1,0,0
1976,4,0,4,0.1893580687722848,red,False,True,2,1,0,0
1977,3,0,3,0.0,red,False,True,3,1,0,0
1978,4,0,4,0.0,red,False,True,4,0,0,0
1979,5,0,5,0.0,unknown,False,False,5,0,1,0
1980,5,0,5,0.0,red,False,False,6,0,0,0
1981,3,3,6,0.0,yellow,True,True,3,0,0,0
1982,5,1,6,0.0,unknown,False,False,4,0,0,0
1983,5,0,5,0.12801800139900202,unknown,False,False,3,0,0,0
1984,2,1,3,0.09516619097332811,unknown,False,False,2,0,0,0
1985,2,1,3,0.17336643757744086,unknown,False,False,1,0,1,0
1986,1,0,1,0.27889301164064006,unknown,False,False,2,0,1,0
1987,0,1,1,0.25725675336359954,unknown,False,False,1,0,2,0
1988,0,1,1,0.2784128544429863,unknown,False,False,0,0,0,0
1989,0,0,0,0.0,unknown,False,False,0,0,1,0
1990,0,0,0,0.7154628317371127,unknown,False,False,1,0,1,0
1991,0,0,0,0.6810418094599839,unknown,False,False,2,0,0,0
1992,1,0,1,0.9715007580655142,unknown,False,False,1,0,5,0
1993,1,0,1,0.7748458554001066,red,False,False,0,0,4,0
1994,2,0,2,0.6308166430778235,red,False,False,1,0,1,0
1995,1,0,1,0.5219919243640112,unknown,False,False,2,0,0,0
1996,3,0,3,0.15575407419827525,unknown,False,False,1,0,1,0
1997,2,0,2,0.23289976044108246,unknown,False,False,1,0,1,0
1998,1,0,1,0.5373568644330465,unknown,False,False,0,0,1,0
1999,1,0,1,2.4010424278671594,unknown,False,False,0,0,1,0
2000,1,0,1,1.2464109283344176,unknown,False,False,1,0,7,0
2001,3,0,3,0.7653818922399727,unknown,False,False,3,0,9,0
2002,5,0,5,0.6354856183067942,unknown,False,False,4,1,10,0
2003,4,0,4,0.649816571606249,unknown,False,False,5,1,4,0
2004,5,0,5,0.4873479545685458,unknown,False,False,1,2,1,0
2005,3,0,3,0.16558284226451908,unknown,False,False,1,1,4,0
2006,3,0,3,0.26900442160218374,unknown,False,False,0,1,6,0
2007,2,0,2,0.35434753773491096,yellow,False,False,0,2,3,0
2008,0,0,0,0.1863278873794886,unknown,False,False,0,1,3,0
2009,0,0,0,0.3104918991410766,unknown,False,False,0,2,3,0
2010,0,0,0,0.4640083836259672,unknown,False,False,0,4,2,0
2011,0,0,0,0.5667347001069852,red,False,True,0,3,5,0
2012,0,0,0,0.7154550117814149,red,False,True,0,1,4,0
2013,1,0,1,0.5601148367828428,red,False,True,1,1,7,0
2014,1,0,1,0.6068908205338734,red,False,True,1,0,8,0
2015,1,0,1,0.619315846793038,red,False,True,1,0,5,0
2016,0,0,0,0.6018997375296394,unknown,False,False,0,0,4,0
2017,0,0,0,0.4451271369015197,unknown,False,False,0,0,0,0
2018,0,0,0,0.2772344552795382,unknown,False,False,0,0,0,0
2019,0,0,0,0.0,unknown,False,False,0,1,0,0
2020,0,0,0,0.0,unknown,False,False,1,1,1,0
2021,1,0,1,0.4398066101537672,unknown,False,False,2,2,1,2
2022,1,0,1,0.11080579191409043,unknown,False,False,0,2,0,2
2023,1,0,1,0.0,unknown,False,False,0,2,0,0
2024,0,0,0,0.0,unknown,False,False,0,1,0,0
2025,0,0,0,0.7210224144822363,unknown,False,False,0,1,1,0
2026,0,0,0,1.1045886577192732,unknown,False,False,1,0,1,0
2027,1,0,1,0.6018673143886464,red,False,False,1,0,1,0
2028,2,0,2,0.45356360645316274,unknown,False,False,3,0,2,0
2029,2,0,2,0.9721855883510956,unknown,False,False,2,0,4,0
2030,1,1,2,0.9794886381032977,red,False,False,2,0,4,0
2031,2,1,3,1.0504156310695656,unknown,False,False,2,0,4,0
2032,2,0,2,1.0099339821449942,unknown,False,False,2,0,5,0
2033,2,0,2,0.8645013334156771,unknown,False,False,0,0,4,0
2034,1,0,1,0.9051451373776236,unknown,False,False,0,0,3,0
2035,0,0,0,1.2255695984777029,unknown,False,False,0,0,3,0
2036,0,0,0,1.2980801872267016,unknown,False,False,0,0,2,0
2037,0,0,0,1.0836537632063732,unknown,False,False,0,0,3,0
2038,0,0,0,0.5724357753143235,unknown,False,False,0,1,2,0
2039,0,0,0,0.3104068133416375,unknown,False,False,0,3,2,0
2040,0,0,0,0.6015972907228145,unknown,False,False,1,1,5,0
2041,1,0,1,0.9012905879409295,unknown,False,False,0,1,5,0
2042,1,0,1,1.4265553744053316,unknown,False,False,2,1,4,0
2043,3,0,3,1.6472813190530722,unknown,False,False,3,0,5,0
2044,2,0,2,1.3055141108070627,unknown,False,False,3,0,4,0
2045,1,0,1,1.2418142804650163,unknown,False,False,1,0,4,0
2046,1,0,1,0.6190808744043775,yellow,False,False,0,0,4,0
2047,2,0,2,0.35119899298239693,unknown,False,False,1,0,3,0
2048,2,0,2,0.12782100890562692,unknown,False,False,0,0,4,0
2049,0,0,0,0.13347350607224415,unknown,False,False,0,0,3,0
2050,0,0,0,0.2091689122870897,unknown,False,False,0,0,2,0
2051,0,0,0,0.2350107747713114,yellow,False,False,0,0,2,0
2052,0,0,0,0.10623279040207018,unknown,False,False,0,0,4,0
2053,0,0,0,0.15909439157178357,unknown,False,False,0,0,5,0
2054,0,0,0,0.24449905597369534,unknown,False,False,0,0,4,0
2055,0,0,0,0.34552237534813957,yellow,False,False,0,0,1,0
2056,0,0,0,0.466532270364842,unknown,False,False,0,0,3,0
2057,0,0,0,0.3773360927730761,yellow,False,False,0,0,6,0
2058,0,0,0,0.4239903289201194,yellow,False,False,0,0,8,0
2059,1,0,1,0.41636027356830063,yellow,False,False,1,0,6,0
2060,1,0,1,0.3015618379434077,yellow,False,False,1,0,7,0
2061,1,0,1,0.2202383361780214,yellow,False,False,1,0,4,0
2062,1,0,1,0.24102647059043092,yellow,False,False,1,0,6,0
2063,1,0,1,0.1964307030708457,yellow,False,False,1,0,3,0
2064,1,0,1,0.3744964631880391,yellow,False,False,1,0,3,0
2065,1,0,1,0.4678545570373805,yellow,False,False,1,0,5,0
2066,1,0,1,0.4460643377932588,yellow,False,False,1,0,3,0
2067,2,0,2,0.41918833357337915,yellow,False,False,1,0,3,0
2068,1,0,1,0.38069092520310227,red,False,False,1,0,4,0
2069,1,0,1,0.5951229455343824,yellow,False,False,1,0,4,0
2070,1,0,1,0.5759045424658732,red,False,False,0,0,6,0
2071,1,0,1,0.8023306008596877,red,False,False,0,0,4,0
2072,0,0,0,0.8005963300276039,red,False,False,1,0,4,0
2073,0,0,0,0.7525238579570127,green,False,False,0,0,9,0
2074,0,0,0,0.633606892529143,yellow,False,False,0,0,8,0
2075,0,0,0,0.7660861010992419,unknown,False,False,0,0,6,0
2076,0,0,0,0.7462344836490967,unknown,False,False,0,0,5,0
2077,0,0,0,1.1550339351212182,unknown,False,False,0,0,5,0
2078,0,0,0,1.061738318910179,unknown,False,False,0,0,5,0
2079,0,0,0,0.3796598923041398,unknown,False,False,0,0,3,0
2080,0,0,0,0.24925115864086353,unknown,False,False,0,0,4,0
2081,0,0,0,0.26096951520875034,unknown,False,False,0,0,5,0
2082,0,0,0,0.5106585462286785,unknown,False,False,0,0,6,0
2083,0,0,0,1.6326493504095696,unknown,False,False,0,0,4,0
2084,0,0,0,2.1321076762744435,unknown,False,False,0,0,7,0
2085,0,0,0,0.9709318674837368,red,False,False,0,0,8,0
2086,0,0,0,0.5528300815980718,unknown,False,False,0,0,7,0
2087,0,0,0,0.6279180484032181,unknown,False,False,0,0,8,0
2088,0,0,0,0.772116534407859,red,False,False,0,0,6,0
2089,0,0,0,0.8165796470202399,yellow,False,False,0,0,8,0
2090,0,0,0,0.6586231372134408,unknown,False,False,0,0,6,0
2091,0,0,0,0.698024212566765,unknown,False,False,0,0,6,0
2092,0,0,0,1.2410743153627153,unknown,False,False,0,0,8,0
2093,0,0,0,1.1480331650308666,unknown,False,False,0,0,9,0
2094,0,0,0,0.8789369482430948,unknown,False,False,0,0,10,0
2095,0,0,0,1.0056166617982603,unknown,False,False,0,0,12,0
2096,0,0,0,0.583682211335712,unknown,False,False,0,0,7,0
2097,0,0,0,0.35858906221448733,unknown,False,False,0,0,7,0
2098,0,0,0,0.29031454828438236,unknown,False,False,0,1,6,0
2099,0,0,0,0.42144567134248134,unknown,False,False,0,1,8,0
2100,0,0,0,0.6866890168164267,unknown,False,False,0,1,9,0
2101,0,0,0,0.7565337635424543,yellow,False,False,0,0,11,0
2102,0,0,0,0.9172551607948004,unknown,False,False,0,0,16,0
2103,0,0,0,0.8387093915222302,yellow,False,False,0,0,7,0
2104,0,0,0,0.8392562795169364,unknown,False,False,0,0,12,0
2105,0,0,0,0.7519117684609438,unknown,False,False,0,0,9,0
2106,0,0,0,0.7680750281862628,yellow,False,False,0,0,11,0
2107,0,0,0,1.0358606668796768,unknown,False,False,0,0,10,0
2108,0,0,0,0.859520796061552,unknown,False,False,0,0,10,0
2109,0,0,0,1.004069501413927,unknown,False,False,0,0,9,0
2110,0,0,0,0.7456180209495673,unknown,False,False,0,0,7,0
2111,0,0,0,0.42432863853237557,yellow,False,False,0,0,7,0
2112,0,0,0,0.3090399486410044,yellow,False,False,0,0,8,0
2113,0,0,0,0.1686219434215385,yellow,False,False,0,0,5,0
2114,0,0,0,0.19090108773824904,yellow,False,False,0,0,5,0
2115,0,0,0,0.20407894000833304,unknown,False,False,0,0,7,0
2116,1,0,1,0.15673320383558026,yellow,False,False,0,0,8,0
2117,1,0,1,0.23525462273629721,unknown,False,False,0,0,8,0
2118,0,0,0,0.34377066964183456,unknown,False,False,0,0,11,0
2119,0,0,0,0.3326435669449517,unknown,False,False,0,0,8,0
2120,0,0,0,0.3480024036494974,yellow,False,False,0,0,10,0
2121,0,0,0,0.37536254191014734,unknown,False,False,0,0,10,0
2122,0,0,0,0.3724953698656697,unknown,False,False,0,0,8,0
2123,0,0,0,0.5048755872504677,yellow,False,False,0,0,7,0
2124,0,0,0,0.39704191970399316,unknown,False,False,0,0,9,0
2125,0,0,0,0.5015721588929921,unknown,False,False,0,0,10,0
2126,0,0,0,0.34412017112234744,unknown,False,False,0,0,12,0
2127,0,0,0,0.4027688211093472,unknown,False,False,0,0,7,0
2128,1,0,1,0.4982513273576295,unknown,False,False,1,0,7,0
2129,1,0,1,0.33191173620056674,red,False,False,1,0,6,0
2130,1,0,1,0.38300815694224316,unknown,False,False,2,0,6,0
2131,2,0,2,0.5670200492850939,red,False,False,2,0,7,1
2132,1,1,2,0.6711333193861605,red,False,False,3,0,6,1
2133,3,1,4,0.9014557717990731,unknown,False,False,2,0,7,0
2134,2,0,2,0.8019162180764885,unknown,False,False,1,0,5,0
2135,1,0,1,0.8020013522720525,unknown,False,False,0,0,4,0
2136,0,0,0,0.705148765647534,red,False,False,0,0,2,0
2137,0,0,0,0.7127064091663348,unknown,False,False,0,0,4,0
2138,0,0,0,0.4765288149689413,unknown,False,False,0,0,4,0
2139,0,0,0,0.9783507635556544,unknown,False,False,0,0,1,0
2140,0,0,0,1.2861624844947015,unknown,False,False,0,0,5,0
2141,0,0,0,0.9798217980784896,unknown,False,False,0,0,2,0
2142,0,0,0,0.9453008523476392,unknown,False,False,0,1,2,0
2143,0,0,0,1.344044907467281,unknown,False,False,0,3,5,0
2144,0,0,0,1.608501833074148,red,False,True,0,2,3,0
2145,0,0,0,1.35936158761212,red,False,True,0,3,7,0
2146,0,0,0,1.3407751633724505,unknown,False,True,0,2,6,0
2147,0,0,0,1.1974681148572146,unknown,False,True,0,0,6,0
2148,0,0,0,0.8253269543989914,unknown,False,True,0,1,4,0
2149,0,0,0,0.4887875227274175,unknown,False,False,0,1,0,1
2150,0,0,0,0.42444619658456245,unknown,False,False,0,1,0,0
2151,0,0,0,0.0,unknown,False,False,0,0,1,0
2152,0,0,0,0.4680639548779464,unknown,False,False,0,0,1,0
2153,0,0,0,0.66415962118207,unknown,False,False,0,0,2,0
2154,0,0,0,0.551597471192564,unknown,False,False,0,0,2,0
2155,0,0,0,0.5517330244660179,unknown,False,False,0,0,2,0
2156,0,0,0,0.5838163389273966,unknown,False,False,0,0,3,0
2157,0,0,0,0.5910636214950248,unknown,False,False,0,0,4,0
2158,0,0,0,0.8186194099745128,unknown,False,False,0,0,5,0
2159,1,0,1,0.9706327948612335,unknown,False,False,1,0,5,0
2160,1,0,1,1.0484972490868762,yellow,False,False,0,0,8,0
2161,1,0,1,0.5954031621892111,unknown,False,False,0,0,7,0
2162,0,0,0,0.4934701143854099,unknown,False,False,0,0,6,0
2163,0,0,0,0.3951000973349207,yellow,False,False,0,0,7,0
2164,0,0,0,0.23194183211315744,green,False,False,0,0,6,0
2165,0,0,0,0.33761105849677114,unknown,False,False,1,0,5,0
2166,0,0,0,0.27625847870135284,red,False,False,1,0,7,0
2167,1,0,1,0.3611610684353436,red,False,False,1,0,5,0
2168,0,1,1,0.42887003236876925,red,False,False,1,0,5,0
2169,1,0,1,0.41161360479907355,yellow,False,False,1,0,1,0
2170,0,0,0,0.31711421905526466,yellow,False,False,0,0,2,0
2171,0,0,0,0.37851365213807486,unknown,False,False,1,0,1,0
2172,0,1,1,0.5361047170026912,unknown,False,False,1,0,0,0
2173,1,0,1,0.4516173439443544,unknown,False,False,1,0,0,0
2174,1,0,1,0.0,unknown,False,False,0,0,0,0
2175,0,0,0,0.5484808085679512,red,False,False,0,0,2,0
2176,0,0,0,0.24334559624444554,unknown,False,False,0,0,1,0
2177,0,0,0,0.26522013518626,unknown,False,False,0,0,2,0
2178,0,0,0,0.7744387404895612,unknown,False,False,2,0,2,0
2179,0,0,0,1.3953844560591375,unknown,False,False,1,0,4,0
2180,2,0,2,0.980558453125968,unknown,False,False,0,0,4,1
2181,2,0,2,0.8795805339983331,unknown,False,False,0,0,5,1
2182,0,0,0,0.6710665678067412,green,False,False,0,0,6,1
2183,0,0,0,0.6786158240042146,green,False,False,0,0,6,0
2184,0,0,0,0.5119627225564491,yellow,False,False,0,0,5,0
2185,0,0,0,0.7221933004181288,unknown,False,False,0,0,6,0
2186,0,0,0,0.7880092919453947,unknown,False,False,0,0,3,0
2187,0,0,0,0.44070457993915924,green,False,False,0,0,2,0
2188,0,0,0,0.7052815948892571,green,False,False,0,0,2,0
2189,3,0,3,0.6318991507906282,green,False,False,2,0,3,0
2190,4,0,4,0.6990089323294729,green,False,False,3,1,2,0
2191,4,0,4,0.7653800908773754,unknown,False,False,0,0,4,0
2192,2,0,2,0.9778543175693991,green,False,False,0,0,3,0
2193,0,0,0,0.8916933751652122,unknown,False,False,0,0,2,0
2194,0,0,0,0.7575853153659926,green,False,False,0,0,3,0
2195,0,0,0,0.7892315533588592,green,False,False,0,0,2,0
2196,0,0,0,0.7366308149769097,yellow,False,False,0,0,2,0
2197,0,0,0,1.1893092866990949,green,False,False,0,0,1,0
2198,0,0,0,0.9967969162044357,green,False,False,0,0,1,0
2199,0,0,0,0.8227665284289633,yellow,False,False,0,0,1,0
2200,0,0,0,0.5346727097857802,red,False,False,0,0,1,0
2201,0,0,0,0.688756079449266,green,False,False,0,0,1,0
2202,0,0,0,1.8287052334600693,green,False,False,0,0,1,0
2203,0,0,0,1.4940920900610746,unknown,False,False,0,0,1,0
2204,0,0,0,0.7663847581794425,green,False,False,0,0,1,0
2205,0,0,0,0.4608082503405718,green,False,False,0,0,0,0
2206,0,0,0,0.0,yellow,False,False,0,0,0,0
2207,0,0,0,0.0,unknown,False,False,0,0,0,0
2208,0,0,0,0.0,red,False,False,0,0,0,0
2209,0,0,0,0.0,red,False,False,0,0,0,0
2210,0,0,0,0.0,red,False,False,1,0,0,0
2211,0,0,0,0.0,unknown,False,False,0,0,0,0
2212,0,0,0,0.0,unknown,False,False,0,0,0,0
2213,1,0,1,1.1605397345339563,yellow,False,False,2,0,2,0
2214,1,0,1,1.44051206353479,unknown,False,False,0,0,1,0
2215,1,0,1,1.6153397463380441,unknown,False,False,0,0,0,0
2216,0,0,0,1.1246879218368904,unknown,False,False,0,0,0,0
2217,0,0,0,0.0,unknown,False,False,0,0,0,0
2218,0,0,0,0.0,unknown,False,False,1,0,0,2
2219,3,0,3,0.0,unknown,False,False,3,0,0,2
2220,4,1,5,0.0,unknown,False,False,3,0,0,0
2221,5,0,5,0.0,unknown,False,False,1,0,0,0
2222,3,0,3,0.0,unknown,False,False,0,0,0,0
2223,1,0,1,0.0,unknown,False,False,0,0,0,0
2224,0,0,0,0.0,unknown,False,False,0,0,0,0
2225,0,0,0,0.3617777001452406,unknown,False,False,0,0,0,0
2226,0,0,0,0.2610396443505578,unknown,False,False,0,0,6,0
2227,0,0,0,0.4565058540225021,unknown,False,False,0,0,8,0
2228,0,0,0,0.6948772983708567,red,False,False,0,0,10,0
2229,0,0,0,0.7815766405574026,red,False,False,0,0,6,0
2230,0,0,0,0.7475390496592322,red,False,False,0,0,12,0
2231,0,0,0,0.662036083793079,red,False,False,0,0,9,0
2232,0,0,0,0.7137434199807938,red,False,False,0,0,10,0
2233,0,0,0,1.01731495579532,green,False,False,0,0,7,0
2234,0,0,0,0.9482595533534887,green,False,False,0,0,12,0
2235,0,0,0,0.912786936795706,green,False,False,0,0,10,0
2236,0,0,0,0.7067737409065408,green,False,False,0,0,10,0
2237,0,0,0,0.6251105850731495,green,False,False,0,0,6,0
2238,0,0,0,0.5981788743221453,green,False,False,1,0,5,0
2239,1,0,1,0.7523131267772809,unknown,False,False,1,0,8,0
2240,1,0,1,0.6599618991141797,red,False,False,0,0,11,0
2241,1,0,1,0.6308498672715006,red,False,False,1,0,7,0
2242,1,0,1,0.5671111801714143,red,False,False,1,0,11,0
2243,1,0,1,0.49530030635188166,red,False,False,1,0,9,0
2244,1,0,1,0.4718387055833882,red,False,False,1,0,9,0
2245,1,0,1,0.44925803503457545,green,False,False,1,0,8,0
2246,2,0,2,0.3737427748842039,green,False,False,1,0,6,0
2247,1,0,1,0.5576510859294146,red,False,False,1,0,6,0
2248,1,0,1,0.4992988928451106,red,False,False,1,0,3,0
2249,1,0,1,0.630849045329431,red,False,False,1,0,2,0
2250,1,0,1,0.7126395320812856,red,False,False,1,0,4,0
2251,1,0,1,0.44041499896070563,red,False,False,0,0,4,0
2252,1,0,1,0.39366053830546827,red,False,False,0,0,6,0
2253,0,0,0,0.22914262520733739,red,False,False,0,0,10,0
2254,0,0,0,0.3070476166741698,red,False,False,0,0,5,0
2255,0,0,0,0.32703250005562073,unknown,False,False,0,0,8,0
2256,0,0,0,0.4146506375117747,green,False,False,0,0,5,0
2257,0,0,0,0.5685551926197097,green,False,False,0,0,6,0
2258,0,0,0,0.5322559817911623,red,False,False,0,0,3,0
2259,1,0,1,0.6978986469813414,unknown,False,False,1,0,1,0
2260,1,0,1,0.6453342203847835,unknown,False,False,0,0,1,0
2261,0,0,0,0.5155175376238532,unknown,False,False,1,0,2,0
2262,1,1,2,0.48711842181927684,unknown,False,False,1,0,2,0
2263,1,0,1,0.5903966199010464,unknown,False,False,1,0,5,0
2264,1,0,1,0.5038724055383494,unknown,False,False,0,0,11,0
2265,2,0,2,0.6275192126024832,unknown,False,False,1,0,3,0
2266,2,0,2,0.6282712233723805,unknown,False,False,1,0,5,0
2267,2,0,2,0.9831135968642348,unknown,False,False,2,0,1,0
2268,2,0,2,0.7908843807187389,unknown,False,False,0,0,2,0
2269,2,0,2,0.40018807879528573,unknown,False,False,1,0,2,0
2270,1,0,1,0.239028306320419,unknown,False,False,1,0,1,0
2271,1,0,1,0.3545861971209488,unknown,False,False,0,0,1,0
2272,0,0,0,0.2573456169742476,unknown,False,False,0,0,2,0
2273,0,0,0,0.39871592343314777,unknown,False,False,0,0,5,0
2274,0,0,0,0.4627064243087165,unknown,False,False,0,0,2,0
2275,0,0,0,0.51851126168404,unknown,False,False,0,0,3,0
2276,0,0,0,0.6292532332824912,unknown,False,False,0,0,3,0
2277,0,0,0,0.699124293954502,unknown,False,False,0,0,4,0
2278,0,0,0,0.7740422174606748,green,False,False,0,0,5,0
2279,0,0,0,0.6931893593340716,green,False,False,0,0,5,0
2280,0,0,0,0.634616597621694,red,False,False,0,0,6,0
2281,0,0,0,0.520767872078176,red,False,False,1,0,6,0
2282,0,0,0,0.5761162401611511,red,False,True,0,0,6,0
2283,0,0,0,0.6808748031566895,red,False,True,0,1,5,0
2284,0,0,0,0.5410334630748627,red,False,True,0,1,4,0
2285,0,0,0,0.8187065281546078,red,False,True,0,0,4,0
2286,0,0,0,0.8706556308768599,red,False,True,0,1,6,0
2287,0,0,0,0.754714117611571,red,False,True,0,1,3,0
2288,0,0,0,0.6373102565386454,red,False,True,0,1,3,0
2289,0,0,0,1.240366634223791,red,False,True,0,0,2,0
2290,0,0,0,0.5335197532544872,red,False,True,1,1,4,0
2291,1,0,1,0.36389373916723394,red,False,True,0,1,3,0
2292,0,0,0,0.9827391998677576,red,False,True,0,0,3,0
2293,0,0,0,1.359358040854251,red,False,True,0,1,3,0
2294,0,0,0,1.3267545642351648,red,False,True,0,0,3,0
2295,0,0,0,0.6615457434168008,red,False,True,0,1,4,0
2296,0,0,0,0.31871160544214333,red,False,True,0,1,2,0
2297,0,0,0,0.8979274980961235,red,False,True,0,0,2,0
2298,0,0,0,0.7181025415786876,red,False,True,0,1,3,0
2299,0,0,0,0.29802118684242274,red,False,True,0,1,2,0
2300,0,0,0,0.46889504132168885,red,False,True,0,1,2,0
2301,0,0,0,1.851183917750866,red,False,True,0,1,2,0
2302,1,0,1,1.4599153136494543,red,False,True,1,1,2,0
2303,2,0,2,0.4739609108746111,red,False,True,1,1,1,0
2304,2,0,2,0.4015524966339362,red,False,True,0,1,1,0
2305,1,0,1,0.6660978199043854,red,False,True,0,1,2,0
2306,1,0,1,0.6722947722392987,unknown,False,True,0,1,1,0
2307,0,0,0,0.2779082192221307,unknown,False,False,2,2,0,0
2308,0,0,0,0.0,unknown,False,False,0,2,0,0
2309,0,0,0,0.0,unknown,False,False,0,1,0,0
2310,0,0,0,0.0,unknown,False,False,0,1,0,0
2311,3,0,3,0.2922116198381416,unknown,False,False,2,0,1,0
2312,2,0,2,0.32426104632534025,unknown,False,False,0,0,1,0
2313,1,0,1,0.34765542979045283,unknown,False,False,0,0,0,0
2314,0,0,0,0.0,unknown,False,False,0,0,0,0
2315,0,0,0,0.0,unknown,False,False,0,0,0,0
2316,0,0,0,0.0,unknown,False,False,0,0,0,0
2317,0,0,0,0.0,unknown,False,False,0,0,0,0
2318,0,0,0,0.0,red,False,False,0,0,2,0
2319,0,0,0,0.13783196845985807,unknown,False,False,0,0,2,0
2320,0,0,0,0.14077994554631168,green,False,False,0,0,4,0
2321,0,0,0,0.39198025503893197,yellow,False,False,1,0,3,0
2322,0,0,0,0.36074406799773645,yellow,False,False,2,0,2,0
2323,3,0,3,0.7560882238561727,yellow,False,True,3,1,3,0
2324,3,0,3,0.6733222067592894,yellow,False,True,1,1,2,0
2325,0,1,1,0.8868775649445259,yellow,False,True,1,2,1,0
2326,2,0,2,1.0924284126505743,yellow,False,True,1,2,1,0
2327,2,0,2,0.8907012493400538,unknown,False,True,1,3,1,0
2328,1,0,1,0.5140308625959974,unknown,False,True,2,1,0,0
2329,1,0,1,1.2349008767872491,unknown,False,False,3,1,0,0
2330,3,0,3,0.0,unknown,False,False,2,1,0,0
2331,3,0,3,0.0,unknown,False,False,2,1,0,1
2332,2,1,3,0.28086742877977167,unknown,False,False,3,0,1,1
2333,4,0,4,0.20101275876441405,unknown,False,False,4,1,1,1
2334,4,1,5,0.15921609086214933,unknown,False,True,3,1,1,1
2335,4,0,4,0.14408147763242624,unknown,False,True,3,1,3,0
2336,4,0,4,0.5611209668842558,unknown,False,False,3,1,1,0
2337,5,0,5,0.3778565435491804,unknown,False,False,2,1,1,0
2338,4,0,4,0.5136114309167297,unknown,False,False,2,1,0,0
2339,2,0,2,0.0,unknown,False,False,1,1,0,1
2340,2,0,2,0.0,unknown,False,False,0,1,0,0
2341,1,0,1,0.0,unknown,False,False,1,1,0,0
2342,0,0,0,0.0,unknown,False,False,0,1,1,0
2343,0,0,0,0.3625804607538004,unknown,False,False,0,1,0,0
2344,0,0,0,0.1264916209670179,red,False,True,0,1,1,0
2345,0,0,0,0.22679324940659729,red,False,True,1,1,1,0
2346,2,0,2,0.5668406240544501,unknown,False,True,1,1,2,0
2347,2,1,3,0.5537148681912971,red,False,True,3,1,2,0
2348,3,0,3,0.5539632220755074,unknown,False,True,0,2,0,0
2349,2,0,2,0.050371538750745834,unknown,False,False,2,1,0,0
2350,3,2,5,0.0,unknown,False,False,6,2,0,1
2351,4,3,7,0.0,unknown,False,False,4,1,0,0
2352,4,1,5,0.0,unknown,False,False,1,2,0,0
2353,4,0,4,0.0,unknown,False,False,0,2,0,0
2354,2,0,2,0.0,unknown,False,False,0,2,0,0
2355,1,0,1,0.04906183698418394,unknown,False,False,0,1,0,0
2356,0,0,0,0.028619404907440627,unknown,False,False,0,1,0,0
2357,0,0,0,0.0,unknown,False,True,2,1,1,0
2358,6,0,6,0.0,unknown,True,True,5,1,1,0
2359,8,1,9,0.08258528291300309,unknown,False,False,11,1,1,0
2360,20,2,22,0.06366329845702463,red,True,True,11,2,1,0
2361,16,3,19,0.3755921924133474,unknown,True,True,9,2,1,0
2362,11,2,13,0.5311860227780502,red,True,True,5,1,0,0
2363,10,2,12,0.4764319366353232,unknown,True,True,5,2,1,0
2364,4,2,6,0.09873655954587865,unknown,False,False,0,3,1,0
2365,5,0,5,0.04926563904377891,unknown,False,False,1,2,0,0
2366,4,0,4,0.016214644000155064,unknown,False,False,1,3,1,0
2367,1,1,2,0.3204741384951058,unknown,False,False,1,1,1,0
2368,1,0,1,0.09093033819607975,unknown,False,False,0,1,0,0
2369,0,0,0,0.0,unknown,False,False,0,1,0,0
2370,0,0,0,0.12588879264136627,unknown,False,True,1,1,0,0
2371,1,0,1,0.11662988005037533,unknown,False,False,1,1,0,0
2372,1,0,1,0.0,unknown,False,False,1,1,0,0
2373,1,1,2,0.0,unknown,False,False,2,1,0,0
2374,4,0,4,0.0,unknown,False,False,4,2,0,0
2375,5,0,5,0.0,unknown,False,False,6,2,1,0
2376,6,0,6,0.0,unknown,False,False,5,1,0,0
2377,7,1,8,0.0,unknown,False,False,4,1,1,0
2378,7,0,7,0.08603325119452426,red,False,True,3,1,2,0
2379,4,0,4,0.281725948846196,red,False,True,3,1,1,0
2380,4,0,4,0.41214483384233797,red,False,True,3,1,1,0
2381,4,0,4,0.44141746167481866,green,False,True,2,2,1,0
2382,4,0,4,0.22949921745486182,red,False,True,4,2,0,0
2383,4,0,4,0.2618885253509632,green,False,True,5,2,2,0
2384,4,0,4,0.39697265592047204,red,False,True,3,2,1,0
2385,4,0,4,0.34280929404346977,red,False,True,2,1,3,0
2386,4,0,4,0.7015614649275534,green,False,True,2,1,4,0
2387,3,0,3,0.9627727415517078,red,False,True,2,2,1,0
2388,3,0,3,0.5807835600227454,red,False,True,3,1,6,0
2389,4,0,4,0.593973037183914,green,False,True,3,1,5,0
2390,4,0,4,0.9171544700102152,green,False,True,3,1,6,0
2391,4,0,4,0.419935910449648,red,False,True,2,2,3,0
2392,4,0,4,0.22554809501327497,red,False,True,4,2,3,0
2393,4,0,4,0.5001595208619377,red,False,True,3,1,5,0
2394,3,0,3,0.5096197797493971,red,False,True,3,1,4,0
2395,3,0,3,0.8050164428520933,red,False,True,3,1,3,0
2396,4,0,4,0.9754088231283768,unknown,False,True,4,2,3,0
2397,4,0,4,0.386006816867345,red,False,True,4,2,2,0
2398,4,0,4,0.35448145623283517,red,False,True,3,2,2,0
2399,4,0,4,0.31577217944052166,green,False,True,4,3,1,0
2400,5,0,5,0.3908167735786833,green,True,True,4,4,1,0
2401,4,0,4,0.2886621963070053,red,False,True,6,3,2,0
2402,5,0,5,0.46820288338934196,unknown,True,True,4,3,2,0
2403,5,0,5,1.031801765526318,red,True,True,1,2,0,0
2404,4,0,4,0.7802012086135763,unknown,False,True,3,2,0,0
2405,2,0,2,0.7558622112068631,yellow,False,False,2,2,0,0
2406,3,0,3,0.0,yellow,False,False,1,2,1,0
2407,2,0,2,0.0,unknown,False,False,1,1,1,0
2408,2,0,2,0.0764773238789874,unknown,False,False,0,1,1,0
2409,2,0,2,0.12147224302042246,unknown,False,False,0,0,3,0
2410,1,0,1,0.5940070432959746,unknown,False,False,3,0,3,0
2411,4,1,5,1.8691893451826713,unknown,False,False,8,0,3,0
2412,1,5,6,0.4167850551087156,unknown,False,False,9,0,2,0
2413,8,2,10,0.4790954504878256,unknown,True,False,3,0,3,0
2414,6,0,6,0.792291616559642,unknown,False,True,1,1,1,0
2415,4,0,4,0.8138608571007245,unknown,False,False,2,1,2,0
2416,0,2,2,0.7590133162560567,red,False,True,2,2,2,0
2417,3,0,3,0.8148226893011451,unknown,False,True,1,2,10,0
2418,2,0,2,1.069708766593718,unknown,False,False,1,2,5,0
2419,1,0,1,1.1393011750530722,unknown,False,True,2,1,2,0
2420,2,0,2,0.42639350129644266,unknown,False,False,3,1,3,0
2421,3,2,5,0.42126431577631035,unknown,False,False,3,1,1,0
2422,4,1,5,0.19206017390103963,unknown,False,False,1,0,1,0
2423,4,0,4,0.10365425730333808,unknown,False,False,1,1,0,0
2424,2,0,2,0.0,unknown,False,True,0,1,0,0
2425,0,0,0,0.0,unknown,False,False,0,1,0,0
2426,0,0,0,0.0,unknown,False,False,0,1,0,0
2427,0,0,0,0.0,unknown,False,False,0,1,0,0
2428,0,0,0,0.0,unknown,False,True,0,1,0,0
2429,0,0,0,0.0,unknown,False,False,0,0,0,0
2430,0,0,0,0.7460023083236401,unknown,False,False,1,0,5,0
2431,1,0,1,0.8798455988360758,unknown,False,False,1,0,3,0
2432,0,0,0,0.9312899674089982,red,False,False,1,0,2,0
2433,1,0,1,0.6129330169521232,red,False,True,1,0,3,0
2434,3,0,3,0.42533735785054444,red,False,True,2,1,5,0
2435,3,0,3,0.9393184429353889,red,False,True,3,0,4,0
2436,3,0,3,0.4993589573015445,yellow,False,True,2,0,4,0
2437,3,0,3,0.7189706096488966,red,False,False,3,0,5,0
2438,3,0,3,0.8458046694732358,red,False,True,4,0,3,0
2439,6,0,6,0.5377844192502472,red,True,True,5,1,3,0
2440,4,0,4,0.5344342497718618,red,False,True,3,1,3,0
2441,4,0,4,0.33058498793503144,red,False,True,2,1,2,0
2442,3,0,3,0.26119896437186363,unknown,False,True,2,1,1,0
2443,3,0,3,0.20550252344592626,unknown,False,False,0,1,1,0
2444,1,0,1,0.2300241899046969,unknown,False,False,0,1,1,0
2445,0,0,0,0.4683510379117829,unknown,False,False,0,1,1,0
2446,0,0,0,1.375067680696695,unknown,False,False,0,1,1,0
2447,0,0,0,2.800888383136543,unknown,False,False,0,0,1,0
2448,0,0,0,0.7711545938358263,unknown,False,False,0,0,1,0
2449,0,0,0,0.29801025223788,unknown,False,False,1,0,1,1
2450,0,0,0,0.1452739646632546,unknown,False,False,0,0,0,0
2451,1,0,1,0.09216779553696859,unknown,False,False,1,0,0,0
2452,1,0,1,0.0,unknown,False,False,1,0,1,0
2453,1,0,1,0.4829706578307471,unknown,False,False,1,0,6,0
2454,3,0,3,0.573637374771506,unknown,False,False,1,0,8,0
2455,2,0,2,0.7041046217698427,unknown,False,False,0,0,8,0
2456,0,0,0,0.7732358303748055,unknown,False,False,0,0,9,0
2457,0,0,0,0.782068696749639,green,False,False,0,0,8,0
2458,0,0,0,0.5767918710598517,green,False,False,2,0,14,0
2459,2,0,2,0.505578233155388,red,False,False,3,0,8,0
2460,2,0,2,0.6221611301146138,green,False,False,3,0,9,0
2461,2,0,2,0.6326733343401488,green,False,False,2,0,11,0
2462,3,0,3,0.748798047309565,green,False,False,2,0,11,0
2463,3,0,3,0.8300770296657064,green,False,False,2,0,10,0
2464,2,0,2,0.5838490187663795,green,False,False,2,0,12,0
2465,4,0,4,0.5323431050988043,green,False,False,2,0,9,0
2466,2,0,2,0.6692082658284081,green,False,False,1,0,9,0
2467,3,0,3,0.7144133113125666,green,False,False,2,0,11,0
2468,2,0,2,0.9270974408469419,green,False,False,2,0,9,0
2469,2,0,2,0.7526856126456262,green,False,False,2,0,8,0
2470,2,0,2,0.8397381650432172,green,False,False,2,0,9,0
2471,2,0,2,0.9106671555361345,green,False,False,2,0,10,0
2472,2,0,2,0.6104864617530892,red,False,False,3,0,7,0
2473,2,0,2,0.6337092289796865,red,False,False,4,0,10,0
2474,3,0,3,0.757399166224156,unknown,False,False,3,0,6,0
2475,3,0,3,0.7217245661086235,red,False,False,3,0,4,0
2476,3,0,3,0.7476243528145173,red,False,False,4,0,3,0
2477,3,0,3,0.7585994115375287,red,False,True,3,0,1,0
2478,3,0,3,0.37009471752183115,red,False,True,3,0,3,0
2479,2,0,2,0.3816905549967841,unknown,False,False,1,0,6,0
2480,2,0,2,0.4022585623929038,green,False,False,1,0,7,0
2481,1,0,1,0.43524296069600127,green,False,False,2,0,8,0
2482,2,0,2,0.36635499812769134,red,False,False,2,0,3,0
2483,4,0,4,0.5226217566440755,red,False,False,2,0,3,0
2484,2,0,2,0.5829639617736354,unknown,False,True,2,0,2,1
2485,1,0,1,1.4054699100275085,unknown,False,False,0,0,1,0
2486,0,0,0,3.7338624108850778,unknown,False,False,0,1,2,0
2487,1,0,1,0.3396198550424938,unknown,False,False,0,0,1,0
2488,1,0,1,0.36123272796011036,unknown,False,False,2,0,0,0
2489,1,0,1,0.0,unknown,False,False,0,0,0,0
2490,0,0,0,0.0,unknown,False,False,0,0,0,0
2491,0,0,0,0.0,unknown,False,False,0,0,0,0
2492,2,0,2,0.16489232975592677,unknown,False,False,2,0,1,0
2493,3,0,3,0.3792632286077883,unknown,False,False,1,0,0,0
2494,1,0,1,0.6753405280682022,unknown,False,False,0,0,0,0
2495,0,0,0,0.0,unknown,False,False,0,0,2,0
2496,0,0,0,0.0,unknown,False,False,1,0,1,0
2497,1,0,1,0.2533429054948724,unknown,False,False,1,0,2,0
2498,2,0,2,0.43320721329490297,unknown,False,False,2,0,3,0
2499,1,0,1,0.4332258721672462,unknown,False,False,0,0,3,0
2500,1,0,1,0.5947115822006013,unknown,False,False,1,0,4,0
2501,1,0,1,0.6319670248674902,unknown,False,False,1,0,7,0
2502,1,0,1,0.6726213889115495,red,False,False,0,0,4,0
2503,0,0,0,0.5916411477742674,red,False,False,0,0,6,0
2504,0,0,0,1.3097284227404216,red,False,False,0,0,6,0
2505,0,0,0,0.7936212512474452,red,False,False,0,0,8,0
2506,0,0,0,0.8299508015087922,green,False,False,1,0,8,0
2507,0,0,0,0.7087419764319095,red,False,False,1,0,4,0
2508,1,0,1,0.2889128273770221,red,False,False,1,0,3,0
2509,1,0,1,0.1465188557962451,red,False,False,1,0,4,0
2510,1,0,1,0.15437407772198097,green,False,False,0,0,2,0
2511,1,0,1,0.18289266096384274,red,False,True,0,1,1,0
2512,0,0,0,0.19549794644381796,red,False,True,1,1,1,0
2513,0,0,0,0.20343793066824803,green,False,True,0,1,1,0
2514,0,0,0,0.35452489053921366,red,False,True,1,1,2,0
2515,1,0,1,0.3748738934694287,red,False,True,1,1,2,1
2516,0,1,1,0.5375092257135694,red,False,True,1,0,3,1
2517,1,0,1,0.6270727532657524,red,False,False,1,0,2,0
2518,2,0,2,0.6907002685479877,unknown,False,False,0,0,0,0
2519,1,0,1,0.5284234669825337,unknown,False,False,1,0,0,1
2520,0,0,0,0.0,unknown,False,False,0,0,0,0
2521,0,0,0,0.0,unknown,False,False,0,0,0,0
2522,0,0,0,0.0,unknown,False,False,0,0,0,0
2523,0,0,0,0.23834382528936288,unknown,False,False,0,0,1,0
2524,0,0,0,0.1959486854587342,unknown,False,False,1,0,2,0
2525,1,0,1,0.22694363992447764,unknown,False,False,1,0,2,0
2526,1,0,1,0.0,unknown,False,False,1,0,0,0
2527,1,0,1,0.0,unknown,False,False,1,0,0,0
2528,1,0,1,0.0,unknown,False,False,1,0,0,0
2529,1,0,1,0.0,unknown,False,False,0,0,0,0
2530,1,0,1,0.0,unknown,False,False,1,0,0,0
2531,0,1,1,0.27328295163246047,red,False,False,2,0,3,0
2532,1,1,2,0.5596190463167955,red,False,False,1,0,3,0
2533,1,0,1,0.8540251371461239,unknown,False,False,0,0,1,0
2534,1,0,1,1.279989124095444,unknown,False,False,0,0,0,0
2535,0,0,0,0.0,unknown,False,False,0,0,0,0
2536,0,0,0,0.31424048433890633,unknown,False,False,0,0,5,0
2537,0,0,0,0.9275872405077651,unknown,False,False,0,0,2,0
2538,0,0,0,0.5085584178369319,unknown,False,False,1,0,1,0
2539,3,0,3,0.31892655479759285,unknown,False,False,1,0,2,0
2540,2,1,3,0.40481788835053806,unknown,False,False,2,0,1,0
2541,2,1,3,0.6555819734984588,unknown,False,False,2,0,3,0
2542,2,0,2,1.0472414728520227,unknown,False,False,1,0,2,0
2543,1,0,1,1.684928575913039,unknown,False,False,0,0,3,0
2544,1,0,1,0.9807721688828123,unknown,False,False,0,0,3,0
2545,0,0,0,0.7375514893793924,unknown,False,False,1,0,5,0
2546,0,0,0,1.0227984843458788,unknown,False,False,1,0,3,0
2547,0,0,0,0.9163626582158629,unknown,False,False,0,0,6,0
2548,0,0,0,0.6745768584477081,red,False,False,0,0,5,0
2549,0,0,0,0.6177123396469912,red,False,True,0,0,2,0
2550,0,0,0,0.6781281817116005,green,False,True,0,0,2,0
2551,0,0,0,0.7243433663363621,red,False,True,0,0,1,0
2552,0,0,0,0.6592649005121937,yellow,False,False,0,0,3,0
2553,0,0,0,0.33221846561472707,unknown,False,False,0,0,2,0
2554,0,0,0,1.0154519265046336,unknown,False,False,1,0,4,0
2555,1,0,1,2.0252460178181413,unknown,False,False,1,0,4,0
2556,0,1,1,0.9782009120553674,unknown,False,False,1,0,3,0
2557,1,0,1,1.5484934721491488,unknown,False,False,0,0,4,0
2558,1,0,1,1.189657458883164,unknown,False,False,1,0,7,0
2559,1,0,1,1.2853274412812619,unknown,False,False,0,0,6,0
2560,1,0,1,1.0825043676537958,unknown,False,False,0,0,9,0
2561,0,0,0,0.6291302300441031,unknown,False,False,0,0,9,0
2562,0,0,0,0.7483137997771477,unknown,False,False,0,0,7,0
2563,0,0,0,1.1362252359367828,unknown,False,False,0,0,6,0
2564,0,0,0,1.1117767743988973,unknown,False,False,0,0,6,0
2565,0,0,0,1.128684307599725,unknown,False,False,0,0,9,0
2566,0,0,0,0.933260206009003,unknown,False,False,0,0,11,0
2567,0,0,0,0.8089908006872543,unknown,False,False,0,0,14,0
2568,0,0,0,0.8469591954510146,unknown,False,False,0,1,15,0
2569,0,0,0,1.0503260620875499,unknown,False,False,0,1,10,0
2570,0,0,0,0.8165225571622975,unknown,False,False,0,1,15,0
2571,0,0,0,0.5778654296345034,unknown,False,False,0,1,16,0
2572,0,0,0,0.3647829667150358,unknown,False,False,0,0,17,0
2573,0,0,0,0.3015563928688555,unknown,False,False,0,0,12,0
2574,0,0,0,0.39806392150966924,unknown,False,False,0,0,14,0
2575,0,0,0,0.60957810609152,unknown,False,False,0,0,16,0
2576,0,0,0,0.6537664489082924,unknown,False,False,0,0,17,0
2577,0,0,0,0.7704851985733066,unknown,False,False,0,0,16,0
2578,0,0,0,0.670221667682804,unknown,False,False,0,0,16,0
2579,0,0,0,0.6297744027301057,unknown,False,False,0,0,13,0
2580,0,0,0,0.9705832322713572,unknown,False,False,0,0,6,0
2581,0,0,0,1.0165896584439265,unknown,False,False,0,0,8,0
2582,0,0,0,0.5833947203823512,unknown,False,False,0,0,7,0
2583,0,0,0,0.9141770747667075,unknown,False,False,0,1,9,0
2584,0,0,0,0.6091254572987461,unknown,False,False,2,0,12,0
2585,0,0,0,0.5180578514395257,unknown,False,False,0,0,10,0
2586,0,0,0,0.7561634239365234,unknown,False,False,0,0,9,0
2587,0,0,0,0.8882041708878693,unknown,False,False,0,1,6,0
2588,0,0,0,0.9474843555127883,unknown,False,False,0,1,5,0
2589,0,0,0,1.4632146590094712,unknown,False,False,0,2,2,0
2590,1,0,1,1.0677028668277924,unknown,False,False,1,1,3,0
2591,1,0,1,0.3601888934233932,unknown,False,False,0,1,3,0
2592,0,0,0,0.14339891915252675,unknown,False,False,0,1,2,0
2593,0,0,0,0.5331436349340399,yellow,False,False,0,0,1,0
2594,0,0,0,0.3672150748803604,yellow,False,False,0,0,2,0
2595,0,0,0,0.2884030071263478,yellow,False,False,0,0,4,0
2596,0,0,0,0.31398304200461763,unknown,False,False,0,0,5,0
2597,0,0,0,0.4333065293701597,unknown,False,False,0,0,4,0
2598,0,0,0,0.536132179848552,unknown,False,False,0,0,3,0
2599,0,0,0,0.5113412276415137,red,False,False,0,0,9,0
2600,0,0,0,0.4783629100367498,green,False,False,0,0,7,0
2601,0,0,0,0.3646086315035146,unknown,False,False,0,0,4,0
2602,0,0,0,0.3070223529602395,unknown,False,False,0,0,6,0
2603,0,0,0,0.2514167028664699,unknown,False,False,0,0,5,0
2604,0,0,0,0.31006284209942236,unknown,False,False,0,0,4,0
2605,0,0,0,0.3638001611694616,unknown,False,False,0,0,4,0
2606,0,0,0,0.2453938668963642,unknown,False,False,0,0,5,0
2607,0,0,0,0.2980678137745648,unknown,False,False,0,0,9,0
2608,0,0,0,0.39133579918803735,unknown,False,False,0,0,7,0
2609,0,0,0,0.45765141144334986,unknown,False,False,0,0,7,0
2610,0,0,0,0.38150993612847833,red,False,False,0,0,7,0
2611,0,0,0,0.3157416176077625,red,False,False,0,0,8,0
2612,0,0,0,0.2546993083549129,red,False,False,0,0,4,0
2613,0,0,0,0.17910937706798996,red,False,True,0,0,3,0
2614,0,0,0,0.26418045335950496,red,False,True,1,0,5,0
2615,1,0,1,0.2874429144950574,red,False,False,1,0,4,0
2616,2,0,2,0.3168799794003829,red,False,False,1,0,4,0
2617,2,0,2,0.3320489606599733,red,False,False,2,0,5,0
2618,2,0,2,0.35864934807156373,unknown,False,False,1,0,6,0
2619,2,0,2,0.5890372432041563,unknown,False,False,0,0,5,0
2620,1,0,1,0.9309662508840924,unknown,False,False,0,0,3,0
2621,0,0,0,0.6803690072744443,unknown,False,False,0,0,5,0
2622,0,0,0,0.7124404438790162,unknown,False,False,0,0,5,0
2623,0,0,0,0.4735756393737891,unknown,False,False,0,0,5,0
2624,0,0,0,0.5252742095929301,unknown,False,False,0,0,3,0
2625,0,0,0,0.8528900155250877,unknown,False,False,0,0,4,0
2626,0,0,0,0.9775915031246448,unknown,False,False,0,0,5,0
2627,0,0,0,0.5550826089159099,unknown,False,False,0,0,5,0
2628,0,0,0,0.41631672857997254,unknown,False,False,1,0,4,0
2629,0,0,0,0.3906120807588149,unknown,False,False,0,0,3,0
2630,0,0,0,0.5758725113769203,unknown,False,False,0,0,2,0
2631,0,0,0,0.3742859782147401,unknown,False,False,0,0,2,0
2632,0,0,0,0.32269210718631675,unknown,False,False,1,0,3,0
2633,1,0,1,0.3927612132233334,unknown,False,False,1,0,3,0
2634,0,1,1,0.4680325128323057,unknown,False,False,1,0,1,0
2635,2,0,2,0.5668594295462017,unknown,False,False,0,0,0,0
2636,1,0,1,0.6287512923745548,red,False,False,1,0,0,0
2637,0,0,0,0.43390051381550426,red,False,False,0,0,3,0
2638,1,0,1,1.0886096450484888,red,False,False,0,0,2,0
2639,0,0,0,0.5952223241316631,red,False,True,0,0,2,0
2640,0,0,0,0.4432778219093427,unknown,False,True,0,0,2,1
2641,0,0,0,0.23630364570142692,unknown,False,False,0,1,1,0
2642,1,0,1,0.3333046286516805,unknown,False,False,0,0,0,0
2643,0,0,0,0.0,unknown,False,False,0,0,0,0
2644,0,0,0,0.0,unknown,False,False,0,0,0,0
2645,0,0,0,0.0,unknown,False,False,1,0,0,0
2646,1,0,1,0.0,unknown,False,False,1,0,0,0
2647,3,0,3,0.0,unknown,False,False,1,0,0,0
2648,2,0,2,0.0,unknown,False,False,2,0,0,0
2649,2,0,2,0.0,unknown,False,False,2,0,0,0
2650,3,0,3,0.42398587397916515,unknown,False,False,2,0,3,0
2651,2,1,3,0.6753542050985619,unknown,False,False,2,0,5,0
2652,2,0,2,0.671377281704135,red,False,False,1,0,5,0
2653,2,0,2,0.8216746380960693,unknown,False,False,0,0,3,0
2654,1,0,1,0.9952030431060837,unknown,False,False,1,0,2,0
2655,0,0,0,0.5864113653048802,unknown,False,False,0,0,2,0
2656,0,0,0,0.4898062121162672,unknown,False,False,0,0,0,0
2657,0,0,0,0.36609710227842807,unknown,False,False,0,0,2,0
2658,0,0,0,0.14011510665149512,unknown,False,False,0,0,2,0
2659,0,0,0,0.13478727061758153,unknown,False,False,0,0,0,0
2660,0,0,0,0.0,unknown,False,False,0,0,1,0
2661,0,0,0,0.0,unknown,False,False,0,0,0,0
2662,2,0,2,0.5114628868122097,unknown,False,False,3,0,0,0
2663,4,0,4,0.27946230971574715,unknown,False,False,4,0,0,0
2664,2,0,2,1.1869670899358806,yellow,False,False,1,0,1,0
2665,3,0,3,0.8609532387038713,red,False,False,1,0,4,0
2666,1,0,1,0.913574164878897,red,False,False,0,0,4,0
2667,1,0,1,0.7355419251839834,unknown,False,False,0,0,3,0
2668,1,0,1,1.0579066779184203,unknown,False,False,1,0,1,0
2669,2,0,2,0.8565422331842234,unknown,False,False,1,0,1,0
2670,0,0,0,0.5406582201273374,unknown,False,False,1,0,0,0
2671,0,1,1,0.1818299080601536,unknown,False,False,1,0,1,1
2672,1,1,2,0.41147523079697074,unknown,False,False,0,0,1,0
2673,1,0,1,2.383743588308176,unknown,False,False,0,0,1,0
2674,0,0,0,1.4155039648290548,unknown,False,False,2,0,2,0
2675,3,0,3,0.39057896387310914,unknown,False,False,2,0,1,0
2676,2,1,3,0.21277891948255695,unknown,False,False,1,0,1,0
2677,3,1,4,0.11837722191997689,unknown,False,False,5,0,2,0
2678,3,1,4,0.09350714933269988,unknown,False,False,2,0,3,0
2679,4,1,5,0.3260098754854391,unknown,False,False,3,0,2,0
2680,2,0,2,0.7282096189477768,unknown,False,False,1,0,4,0
2681,2,0,2,0.7736948770754846,green,False,True,3,1,3,0
2682,2,0,2,0.36426978057701104,red,False,True,2,1,7,0
2683,2,0,2,0.4183778149213833,red,False,True,2,1,7,0
2684,1,0,1,0.6556063538845056,yellow,False,True,1,1,10,0
2685,1,0,1,0.7624978992279197,red,False,True,1,1,5,0
2686,2,0,2,0.8975269550250169,red,False,True,2,1,4,0
2687,2,0,2,1.4077858499793838,red,False,True,1,1,4,0
2688,2,0,2,0.8990859151034526,red,False,True,2,2,5,0
2689,2,0,2,0.7068644031043038,red,False,True,2,1,3,0
2690,2,0,2,0.9106740680250467,red,False,True,3,2,2,0
2691,3,0,3,0.32183570228228914,red,False,True,2,2,6,0
2692,2,0,2,0.2695212262343902,red,False,True,2,2,6,0
2693,4,0,4,0.2442205404486958,red,False,True,1,1,8,0
2694,5,0,5,0.2874876558861906,red,False,True,3,1,9,0
2695,3,0,3,0.3526014245816769,green,False,True,4,1,5,0
2696,4,0,4,0.44938132773706274,red,False,True,2,3,4,0
2697,4,1,5,0.4005497673597031,red,False,True,3,2,0,0
2698,3,1,4,0.5730247217851703,unknown,False,True,1,2,3,0
2699,3,0,3,0.7839242920204345,unknown,False,True,1,3,1,0
2700,2,0,2,0.55380310401142,unknown,False,False,3,2,2,0
2701,0,0,0,0.1497602782598943,unknown,False,True,0,3,1,0
2702,0,0,0,0.19486849470757242,unknown,False,True,0,2,2,0
2703,0,1,1,0.29155310730487266,unknown,False,True,1,1,3,4
2704,2,1,3,0.4666201367343547,unknown,False,False,2,0,3,2
2705,2,0,2,0.9664554996406204,unknown,False,False,1,0,3,0
2706,1,0,1,0.9751721001419242,unknown,False,False,1,0,2,0
2707,2,0,2,0.8018094324136024,unknown,False,False,2,0,1,0
2708,4,0,4,0.5406771007542296,unknown,False,False,3,0,0,0
2709,4,0,4,0.3587538756846303,unknown,False,False,2,0,1,0
2710,2,1,3,0.5998313914435546,unknown,False,False,2,1,1,0
2711,5,0,5,0.5318487106069447,red,False,False,1,0,5,0
2712,4,0,4,0.7696208686177491,unknown,False,False,4,0,4,0
2713,4,0,4,0.6403060404133984,unknown,False,False,2,0,5,0
2714,4,0,4,0.5910883193274432,red,False,True,3,1,8,0
2715,6,0,6,0.6275336421990844,red,True,True,4,0,6,0
2716,5,0,5,0.5688928095235793,unknown,False,True,5,1,7,0
2717,5,0,5,0.6471118552303325,red,True,True,4,0,3,0
2718,4,0,4,0.5002989693261474,yellow,False,True,3,1,5,0
2719,6,0,6,0.2952356258138213,red,True,True,6,1,6,0
2720,8,0,8,0.270590468200484,red,True,True,5,1,6,0
2721,8,0,8,0.3806732306771648,red,True,True,8,1,7,0
2722,7,0,7,0.45962669533300826,yellow,True,True,6,1,4,1
2723,7,0,7,0.45791722785080446,unknown,True,True,4,1,5,0
2724,6,0,6,0.5615942208629131,red,True,True,5,0,10,0
2725,7,0,7,0.4388770792462232,red,True,True,6,1,5,0
2726,9,0,9,0.3556867079287541,red,True,True,6,1,7,0
2727,9,0,9,0.26554064094553187,yellow,True,True,2,1,6,0
2728,6,0,6,0.4350824924465905,red,True,True,8,1,4,0
2729,7,0,7,0.46318815721576145,red,True,True,6,1,6,0
2730,5,0,5,0.6009812763543004,red,True,True,2,1,7,0
2731,7,0,7,0.6533476156034264,red,True,True,3,1,3,0
2732,6,0,6,0.9073121393957541,unknown,True,True,4,1,3,0
2733,3,0,3,0.6031068019401209,unknown,False,True,2,2,1,0
2734,2,0,2,0.24459228463506588,unknown,False,False,1,2,1,0
2735,1,0,1,0.16101946317353444,unknown,False,False,3,2,1,0
2736,3,0,3,0.15063547923271192,unknown,False,False,3,1,1,1
2737,2,1,3,0.15603567462427115,unknown,False,False,3,0,2,0
2738,4,0,4,0.20389420027656155,unknown,False,False,0,0,2,0
2739,4,0,4,0.18405677867691383,unknown,False,False,2,0,2,0
2740,1,1,2,0.10817527165808083,unknown,False,False,2,1,2,1
2741,2,0,2,0.14053110314451778,yellow,False,False,1,1,1,0
2742,1,0,1,0.14716691082315467,unknown,False,False,0,1,0,0
2743,0,0,0,0.28700450015803375,unknown,False,False,0,2,1,0
2744,0,0,0,0.30700513517483985,unknown,False,False,0,1,1,0
2745,1,0,1,0.5724774783038831,green,False,True,0,1,2,0
2746,0,0,0,0.6468463619703549,green,False,False,0,0,2,0
2747,1,0,1,0.6921216991509294,red,False,False,5,0,1,0
2748,5,0,5,0.6156466535371823,unknown,False,False,6,0,1,0
2749,6,0,6,0.16736064896848138,unknown,False,False,3,0,1,0
2750,4,0,4,0.24835831295487656,unknown,False,False,1,0,1,0
2751,1,0,1,0.2823776521685536,unknown,False,False,0,0,1,0
2752,0,0,0,0.14539179172438252,unknown,False,False,0,0,1,0
2753,0,0,0,0.20385040658958786,unknown,False,False,0,0,1,0
2754,0,0,0,0.2689396800868828,unknown,False,False,0,0,1,0
2755,1,0,1,0.232685358226289,unknown,False,False,1,0,1,0
2756,2,1,3,0.181307935104534,unknown,False,False,2,0,0,0
2757,2,1,3,0.19538780863779281,unknown,False,False,3,0,2,0
2758,2,0,2,0.6592087745404436,unknown,False,False,0,0,2,0
2759,3,0,3,0.8611487073885054,unknown,False,False,2,0,4,0
2760,5,0,5,1.2903845700032304,red,False,True,7,0,5,0
2761,8,1,9,1.0198098935444442,unknown,True,False,10,0,3,0
2762,6,3,9,0.79352263596707,red,True,False,6,0,3,0
2763,7,1,8,0.851575714062247,unknown,True,False,8,0,3,0
2764,8,0,8,0.3136153380800979,unknown,True,False,3,0,2,0
2765,4,3,7,0.4214352481891214,unknown,False,False,4,0,1,0
2766,2,4,6,0.3320884710416765,unknown,False,False,6,0,1,0
2767,4,2,6,0.14630356386878118,unknown,True,False,3,0,1,0
2768,2,1,3,0.20487460238705296,unknown,False,False,1,0,2,0
2769,2,0,2,0.1752839142045683,unknown,False,False,0,0,2,0
2770,0,0,0,0.27990955876165985,unknown,False,False,0,0,2,0
2771,1,0,1,0.5023263784308918,unknown,False,False,4,0,2,0
2772,3,1,4,0.779542203187137,unknown,False,False,5,0,2,1
2773,4,2,6,1.101059927280585,unknown,False,False,4,0,3,0
2774,2,0,2,0.8437126757053774,unknown,False,False,3,0,5,0
2775,3,0,3,0.9373308185356272,red,False,False,5,0,7,0
2776,3,0,3,0.6479867320475414,green,False,False,2,0,10,0
2777,3,0,3,0.8645984528155902,unknown,False,True,1,1,6,0
2778,1,0,1,0.7732493418098385,red,False,True,1,0,4,0
2779,2,0,2,0.551963460444147,unknown,False,False,0,0,5,0
2780,0,0,0,0.506670028463555,unknown,False,False,0,0,4,3
2781,1,1,2,0.46763437272579617,unknown,False,False,1,0,2,1
2782,2,0,2,0.1795061068535706,unknown,False,False,1,0,3,0
2783,0,0,0,0.22806394204697245,unknown,False,False,0,0,3,0
2784,0,0,0,0.20807260205249184,unknown,False,False,0,1,1,0
2785,0,0,0,0.16921896016405769,unknown,False,False,0,1,1,0
2786,0,0,0,0.15444447974131928,unknown,False,False,0,3,1,0
2787,1,0,1,0.5119604736134803,unknown,False,False,1,3,0,0
2788,0,1,1,0.30717586127563723,unknown,False,False,1,3,0,0
2789,1,0,1,0.0,yellow,False,False,3,2,0,0
2790,3,0,3,0.29206910777796713,unknown,False,True,2,1,1,0
2791,6,0,6,0.46151960909339396,yellow,False,True,2,1,0,0
2792,3,0,3,1.19328251625813,yellow,False,False,2,1,1,0
2793,3,0,3,0.5952720826211743,yellow,False,False,1,1,2,0
2794,2,0,2,0.6024074399094691,red,False,True,0,1,3,0
2795,2,0,2,0.4580298083733559,red,False,True,0,0,2,0
2796,1,0,1,0.21936870714243037,red,False,False,2,0,1,0
2797,1,0,1,0.19810205289192914,unknown,False,False,1,0,3,0
2798,1,1,2,0.23598799312116628,unknown,False,False,2,0,2,0
2799,3,1,4,0.21030411210554723,unknown,False,False,2,0,2,0
2800,2,0,2,0.28749370258164886,unknown,False,False,0,0,1,0
2801,1,0,1,0.20450465963767075,unknown,False,False,1,0,0,0
2802,0,0,0,0.16385673777226434,unknown,False,False,1,0,1,0
2803,0,0,0,0.3471323167241188,unknown,False,False,0,0,1,0
2804,2,0,2,0.3030767337991766,unknown,False,False,3,0,1,0
2805,2,0,2,0.3514835920743271,unknown,False,False,2,0,2,0
2806,1,0,1,0.2676476645864416,unknown,False,False,0,0,1,0
2807,0,0,0,0.21505771499902374,unknown,False,False,0,0,0,0
2808,0,0,0,0.1762587662987713,unknown,False,False,0,0,2,0
2809,0,0,0,0.5500746012767083,unknown,False,False,0,0,1,0
2810,0,0,0,0.5188464332723425,red,False,False,0,0,2,0
2811,0,1,1,0.7792777752275399,green,False,False,1,0,4,0
2812,2,1,3,0.8693149779885518,red,False,False,2,0,4,0
2813,2,0,2,0.6809590687772047,red,False,False,0,0,3,0
2814,1,0,1,0.4096911295018935,unknown,False,False,0,0,3,0
2815,0,0,0,0.21205556724353036,unknown,False,False,3,0,2,0
2816,0,2,2,0.25206231877832475,unknown,False,False,2,0,2,0
2817,0,0,0,0.40709113538052727,unknown,False,False,0,0,1,0
2818,1,0,1,0.8355324815648543,unknown,False,False,0,0,3,0
2819,1,0,1,0.7561604895005003,unknown,False,False,0,0,8,0
2820,0,0,0,0.748383579332964,unknown,False,False,0,0,7,0
2821,1,0,1,0.7956797061697958,unknown,False,False,2,1,9,0
2822,1,1,2,1.0330052051841285,unknown,False,False,1,1,2,0
2823,2,1,3,1.5338389722171086,unknown,False,False,2,2,1,0
2824,2,0,2,0.41843389048064755,unknown,False,False,4,2,5,0
2825,5,0,5,0.4729526878135172,unknown,False,False,5,1,3,0
2826,4,0,4,0.8773625681870477,unknown,False,False,1,1,10,0
2827,5,0,5,0.7215932981984712,unknown,False,True,1,1,7,0
2828,3,0,3,0.6560997605623065,red,False,True,1,1,7,0
2829,3,0,3,0.6748595555803264,red,False,True,1,1,10,0
2830,4,0,4,0.44192807098426196,yellow,False,True,3,1,13,0
2831,3,0,3,0.34343541871881444,red,False,True,2,1,9,0
2832,3,0,3,0.296428417029044,red,False,True,3,1,11,0
2833,3,0,3,0.45402259378907345,red,False,True,1,1,10,0
2834,4,0,4,0.7216646241866823,red,False,True,2,1,10,0
2835,4,0,4,0.5826621983089616,green,False,True,5,1,8,0
2836,6,0,6,0.5322123595589423,red,True,True,3,1,7,0
2837,6,0,6,0.49295808195842544,unknown,True,True,1,1,10,0
2838,4,0,4,0.37586034657135536,unknown,False,True,0,1,6,0
2839,2,0,2,0.2981211955449402,unknown,False,False,1,1,4,0
2840,1,0,1,0.30864106097946087,unknown,False,False,0,2,1,0
2841,0,0,0,0.17851425500338824,unknown,False,False,0,2,0,0
2842,0,0,0,0.20614491010447603,unknown,False,False,0,2,2,0
2843,0,0,0,0.05666739978233523,unknown,False,False,0,2,2,0
2844,0,0,0,0.06369342011620518,unknown,False,False,0,1,2,0
2845,0,0,0,0.12467050480029392,unknown,False,False,0,1,3,0
2846,0,0,0,0.05330598419577854,unknown,False,False,0,1,0,0
2847,0,0,0,0.05925073590726276,unknown,False,False,0,1,1,0
2848,0,0,0,0.09338580881426135,unknown,False,True,0,1,0,0
2849,0,0,0,0.09785902669272596,unknown,False,True,0,1,0,0
2850,0,0,0,0.048703878128889044,unknown,False,False,0,1,0,0
2851,0,0,0,0.08424021287650617,unknown,False,False,0,2,0,1
2852,0,0,0,0.05855722131050681,unknown,False,False,0,2,0,3
2853,0,0,0,0.2050607524273599,unknown,False,False,0,1,2,0
2854,0,0,0,0.32676016542006353,unknown,False,False,0,0,1,0
2855,0,0,0,0.2872902131671305,unknown,False,False,0,1,0,0
2856,0,0,0,0.0,unknown,False,False,0,2,1,0
2857,0,0,0,0.0,unknown,False,False,0,1,0,0
2858,0,0,0,0.0,unknown,False,False,0,2,2,0
2859,0,0,0,0.06004496771176702,unknown,False,False,0,2,1,0
2860,0,0,0,0.0,unknown,False,False,0,3,0,0
2861,0,0,0,0.0,unknown,False,False,0,3,1,0
2862,0,0,0,0.08731712914979477,unknown,False,False,0,3,0,0
2863,0,0,0,0.05567903882099819,unknown,False,True,0,3,2,0
2864,0,0,0,0.3556835344653687,red,False,True,0,3,1,0
2865,0,0,0,0.39569450147461543,unknown,False,True,0,2,1,0
2866,0,0,0,0.23552500334452797,red,False,True,0,2,2,0
2867,0,0,0,0.5553361523665723,red,False,True,0,2,0,0
2868,0,0,0,0.0,unknown,False,False,0,2,0,0
2869,0,0,0,0.0,unknown,False,False,0,4,0,0
2870,0,0,0,0.0,unknown,False,False,0,3,0,0
2871,0,0,0,0.0,unknown,False,True,0,2,0,0
2872,0,0,0,0.0,unknown,False,False,0,2,0,0
2873,0,0,0,0.36051748062697403,unknown,False,False,0,2,3,0
2874,0,0,0,0.6041995157670884,unknown,False,False,0,2,4,0
2875,0,0,0,1.5610915555193186,unknown,False,False,0,1,3,0
2876,0,0,0,1.628489988224959,unknown,False,False,0,2,7,0
2877,0,0,0,1.0053875815788254,unknown,False,False,0,1,10,0
2878,0,0,0,0.8009722174609032,unknown,False,False,1,0,8,0
2879,1,0,1,0.5360561180351107,unknown,False,False,0,0,8,0
2880,1,0,1,0.3939105270343116,yellow,False,False,1,0,9,0
2881,1,0,1,0.5050946875954606,red,False,True,1,2,12,0
2882,1,1,2,0.8081829932368085,yellow,False,True,2,3,17,0
2883,2,0,2,0.9320954375697882,yellow,False,True,1,1,18,0
2884,1,1,2,0.9495947366072284,unknown,False,False,1,0,17,0
2885,1,1,2,0.9228132976663113,unknown,False,True,0,1,14,0
2886,0,0,0,0.6710958336960855,unknown,False,True,0,1,15,0
2887,0,0,0,0.5506415618795387,unknown,False,False,1,1,7,0
2888,0,0,0,0.6638749981866326,red,False,True,0,2,7,0
2889,0,0,0,0.7771527280689975,unknown,False,False,0,0,10,0
2890,0,0,0,0.83041513460451,unknown,False,False,0,0,7,0
2891,0,0,0,0.7189400994490756,red,False,False,0,0,8,0
2892,0,0,0,0.5918834704748737,unknown,False,False,0,0,6,0
2893,0,0,0,0.4028914063636155,unknown,False,False,0,0,6,0
2894,0,0,0,0.3220864659104041,unknown,False,False,0,0,5,0
2895,0,0,0,0.29790085936112254,yellow,False,False,0,0,6,0
2896,0,0,0,0.6692187875189471,red,False,False,0,0,9,0
2897,0,0,0,1.1526795439985578,unknown,False,False,0,0,10,0
2898,0,0,0,1.0791903370699127,unknown,False,False,0,0,7,0
2899,0,0,0,0.651923141638798,green,False,False,0,0,6,0
2900,0,0,0,0.9904210690958097,unknown,False,True,0,0,5,0
2901,0,0,0,0.8928042754554577,unknown,False,False,0,0,6,0
2902,0,0,0,1.2184388431438606,unknown,False,False,0,1,9,0
2903,0,0,0,1.0533406252572646,unknown,False,False,0,0,5,0
2904,0,0,0,0.9244623233409549,unknown,False,False,0,1,8,0
2905,0,0,0,0.889146427430826,unknown,False,False,0,2,6,0
2906,0,0,0,0.8243079329050926,unknown,False,False,0,1,8,0
2907,0,0,0,0.8521748054131159,unknown,False,False,0,0,10,0
2908,0,0,0,1.0124408204072124,unknown,False,False,0,0,10,0
2909,0,0,0,0.6929019753511496,unknown,False,False,0,3,10,0
2910,0,0,0,0.4310747226147006,unknown,False,True,0,3,8,0
2911,0,0,0,0.5411613497120938,unknown,False,False,0,1,6,0
2912,0,0,0,0.7944185654778891,unknown,False,False,0,1,8,0
2913,1,0,1,0.7471522291869489,unknown,False,True,1,1,8,0
2914,1,0,1,0.5214214550167546,unknown,False,False,1,2,7,0
2915,1,0,1,0.3894893517823542,unknown,False,False,1,2,6,0
2916,1,0,1,0.43655320707078693,unknown,False,False,0,2,4,0
2917,0,0,0,0.2407495229851813,unknown,False,False,0,1,7,0
2918,1,0,1,0.41040056370316913,unknown,False,False,1,1,8,0
2919,1,0,1,0.39167038333267545,unknown,False,False,1,0,11,0
2920,1,0,1,0.35404338279818076,unknown,False,False,1,0,11,0
2921,1,0,1,0.4745665535085814,unknown,False,False,1,0,9,0
2922,1,0,1,0.4943991285561647,red,False,False,1,0,8,0
2923,1,0,1,0.35019153967045064,unknown,False,False,1,1,8,0
2924,1,0,1,0.362203668258542,unknown,False,True,1,1,6,0
2925,1,0,1,0.3284293591505987,unknown,False,False,0,1,5,0
2926,1,0,1,0.3859791435590924,unknown,False,True,0,1,5,0
2927,0,0,0,0.44460300457720936,red,False,True,1,1,6,0
2928,0,0,0,0.43129980146965285,unknown,False,True,0,1,6,0
2929,0,0,0,0.6561719334404723,unknown,False,True,0,1,5,0
2930,0,0,0,0.8094710377314445,red,False,True,0,1,5,0
2931,0,0,0,0.8551844210981475,yellow,False,True,0,1,7,0
2932,0,0,0,0.5442662532223632,unknown,False,True,0,1,6,0
2933,0,0,0,0.450448058006805,unknown,False,False,0,2,8,0
2934,1,0,1,0.3641105487169258,red,False,True,2,3,5,0
2935,0,1,1,0.6697115160283029,unknown,False,False,1,3,8,0
2936,1,0,1,0.773114645293167,unknown,False,False,0,1,6,0
2937,1,0,1,1.0271600244355161,unknown,False,True,0,0,6,0
2938,0,0,0,1.0115433085455328,unknown,False,False,0,1,7,0
2939,0,0,0,0.7064372507570508,unknown,False,False,0,1,9,0
2940,1,0,1,0.8828455758241038,unknown,False,True,2,1,5,0
2941,1,0,1,0.9080425364967231,unknown,False,False,1,3,8,0
2942,0,1,1,0.8875039738116888,unknown,False,False,1,1,8,0
2943,1,0,1,0.7226967362523884,unknown,False,False,0,1,8,0
2944,0,0,0,0.6463920997936625,unknown,False,False,0,1,6,0
2945,0,0,0,0.6994873667843483,unknown,False,True,0,1,8,0
2946,0,0,0,0.43388843742070743,green,False,True,0,2,7,0
2947,0,0,0,0.45380752717563133,red,False,True,1,2,7,0
2948,1,0,1,0.559897020299322,unknown,False,True,0,1,9,0
2949,1,0,1,0.4451969023141096,unknown,False,True,1,0,7,0
2950,2,0,2,0.4485192799905073,red,False,False,1,0,7,0
2951,2,0,2,0.39917377228411544,unknown,False,False,1,0,6,1
2952,1,0,1,0.5165330381547562,unknown,False,False,0,0,8,2
2953,0,0,0,0.5612660685284294,unknown,False,False,0,0,5,2
2954,0,0,0,0.6960426806676222,unknown,False,False,0,0,5,0
2955,0,0,0,0.6617324051290833,unknown,False,False,0,0,5,0
2956,0,0,0,0.5637164697727995,unknown,False,False,0,0,3,0
2957,0,0,0,0.4454324279916057,unknown,False,False,0,0,3,0
2958,0,0,0,1.146681053163141,unknown,False,False,0,1,2,0
2959,0,0,0,2.100267140875825,unknown,False,False,0,1,2,0
2960,0,0,0,1.2032865281802296,unknown,False,False,0,1,2,0
2961,0,0,0,0.5465016830913327,unknown,False,False,0,1,2,0
2962,0,0,0,0.228985101134792,unknown,False,False,0,1,3,0
2963,0,0,0,0.6460466556159995,unknown,False,False,1,1,2,0
2964,1,0,1,0.5504401146246843,unknown,False,True,0,2,3,0
2965,1,0,1,0.4511165763912544,red,False,True,1,1,7,0
2966,1,0,1,0.47881083489381304,red,False,True,0,1,6,0
2967,0,0,0,0.4452594213501023,unknown,False,True,0,1,7,0
2968,0,0,0,0.5369477884493444,yellow,False,True,0,1,7,0
2969,0,0,0,0.4897264258559813,unknown,False,True,0,1,8,0
2970,0,0,0,0.374678152130567,unknown,False,False,0,0,9,0
2971,0,0,0,0.6071620211701666,red,False,False,0,0,8,0
2972,0,0,0,0.7024307848356098,yellow,False,False,0,0,7,0
2973,0,0,0,0.7854445817022435,unknown,False,False,0,0,9,0
2974,0,0,0,0.7343280756266781,unknown,False,False,0,0,7,0
2975,0,0,0,0.7509497470001333,unknown,False,False,0,0,6,0
2976,0,0,0,0.7760728259908544,unknown,False,False,0,0,3,0
2977,0,0,0,0.6686938404958777,unknown,False,False,0,0,3,0
2978,0,0,0,0.41753526177624556,unknown,False,False,0,0,1,0
2979,0,0,0,0.422496982995362,unknown,False,False,0,0,2,0
2980,0,0,0,0.22325104499229273,unknown,False,False,0,0,1,0
2981,0,0,0,0.720340282902545,unknown,False,False,0,0,2,0
2982,0,0,0,1.7055787450680355,unknown,False,False,0,0,3,1
2983,0,0,0,1.6089464449323907,unknown,False,False,0,1,2,1
2984,0,0,0,0.44255745959434956,red,False,True,0,1,3,1
2985,0,0,0,0.340932548180123,red,False,True,0,1,3,0
2986,0,0,0,0.37154386778360604,unknown,False,True,0,1,4,0
2987,0,0,0,0.43312398611734454,unknown,False,True,0,0,5,0
2988,0,0,0,0.5253204855293028,unknown,False,False,0,0,3,0
2989,0,0,0,0.8463954959996759,unknown,False,False,0,0,4,0
2990,1,0,1,0.8401628946565385,red,False,True,0,0,4,0
2991,1,0,1,0.6651343838761841,red,False,False,0,0,3,0
2992,0,0,0,0.5432805242437206,unknown,False,False,0,0,1,0
2993,0,0,0,0.4661647885461713,unknown,False,False,0,0,2,0
2994,0,0,0,0.0,unknown,False,False,0,0,1,0
2995,0,0,0,0.0,unknown,False,False,0,0,0,0
2996,0,0,0,0.0,unknown,False,False,0,0,0,2
2997,0,0,0,0.0,unknown,False,False,0,0,1,2
2998,0,0,0,0.0,unknown,False,False,0,0,0,0
2999,0,0,0,0.0,unknown,False,False,1,0,0,0
3000,2,0,2,0.0,unknown,False,False,2,0,0,0
3001,2,0,2,0.7231989406028847,unknown,False,False,0,0,0,0
3002,1,0,1,0.2930353238826213,unknown,False,False,0,0,2,0
3003,0,0,0,0.5457326698766316,unknown,False,False,0,0,4,0
3004,1,0,1,0.7153461148031566,red,False,False,1,0,5,0
3005,1,1,2,0.560795733588929,green,False,False,2,1,5,0
3006,1,1,2,0.6643640700223183,red,False,True,2,1,5,0
3007,2,1,3,0.82397843869776,unknown,False,True,3,1,4,1
3008,6,0,6,0.517940238041903,unknown,False,False,3,2,0,0
3009,4,0,4,0.0,unknown,False,False,2,1,3,0
3010,2,0,2,0.25488580152840795,unknown,False,False,0,1,3,0
3011,1,0,1,0.32518197815969424,unknown,False,False,1,0,5,0
3012,0,0,0,0.5006239684155278,unknown,False,False,0,0,6,0
3013,0,0,0,0.646784663447681,unknown,False,False,1,0,4,0
3014,0,0,0,0.7677930328632452,unknown,False,False,0,0,2,0
3015,0,0,0,0.8880137459570209,unknown,False,False,1,0,1,0
3016,0,0,0,0.4724887415238114,unknown,False,False,0,0,2,0
3017,0,0,0,0.512757884640648,unknown,False,False,0,0,3,0
3018,0,0,0,0.6475113665475875,unknown,False,False,0,0,4,0
3019,0,0,0,0.6155355716465963,unknown,False,False,0,0,2,0
3020,0,0,0,0.6117333008844545,unknown,False,False,0,0,4,0
3021,0,0,0,0.8167379690753672,green,False,False,1,0,4,0
3022,1,0,1,0.9702005803946877,red,False,False,0,0,4,0
3023,0,0,0,0.687116570189328,green,False,False,0,0,4,0
3024,0,0,0,0.8697878847719304,red,False,False,0,0,6,0
3025,0,0,0,0.6491790583001605,green,False,False,0,0,5,0
3026,1,0,1,0.7128522531765789,unknown,False,False,0,0,5,0
3027,1,0,1,0.7276980282885704,green,False,False,0,0,5,0
3028,1,0,1,0.5821021666060219,green,False,False,0,0,4,0
3029,0,0,0,0.6872032717469716,unknown,False,False,1,0,4,0
3030,0,0,0,0.6871934664338193,unknown,False,False,0,0,3,0
3031,1,0,1,0.5781421836245155,red,False,False,1,0,4,0
3032,1,0,1,0.8328361806690887,green,False,False,1,0,4,0
3033,1,0,1,0.7257075782085263,red,False,False,1,0,3,0
3034,1,0,1,0.657384747658715,green,False,False,1,0,4,0
3035,1,0,1,0.6154723551435247,green,False,False,1,0,2,0
3036,2,0,2,0.5349479629222549,green,False,False,2,0,2,0
3037,1,0,1,0.2542696463173316,green,False,False,1,0,2,0
3038,1,0,1,0.15112846744403455,green,False,False,0,0,1,0
3039,3,0,3,0.13844226176555638,red,False,False,3,0,2,0
3040,3,0,3,0.09061179928902567,green,False,False,2,0,2,0
3041,3,0,3,0.22938303098381954,red,False,False,2,0,2,0
3042,3,0,3,0.620140605475342,unknown,False,False,3,0,2,0
3043,3,0,3,1.1652421538495585,yellow,False,False,3,0,3,0
3044,4,0,4,0.9425771909102354,red,False,False,4,0,1,0
3045,4,0,4,0.4369806784350512,unknown,False,False,4,0,1,0
3046,4,1,5,0.4229497421204901,red,True,False,4,0,1,0
3047,4,0,4,0.45678191520324996,yellow,False,False,1,0,0,0
3048,3,0,3,0.5004130149361145,unknown,False,False,2,0,2,0
3049,2,0,2,0.31457761387037925,unknown,False,False,1,0,2,0
3050,0,0,0,0.25839275213965646,unknown,False,False,0,0,1,0
3051,0,0,0,1.9246224968134762,unknown,False,False,0,0,1,0
3052,0,0,0,1.8297977174480973,unknown,False,False,0,0,2,0
3053,0,0,0,1.0733838447693527,unknown,False,False,1,0,2,0
3054,0,1,1,0.5327232047697666,unknown,False,False,1,0,1,0
3055,1,1,2,0.483879030902139,unknown,False,False,2,0,1,1
3056,4,0,4,0.1947678293721163,unknown,False,False,5,0,0,0
3057,5,0,5,0.15056582650073244,unknown,False,False,4,0,0,0
3058,5,0,5,0.0750912540052295,unknown,False,False,2,0,0,0
3059,4,0,4,0.0,red,False,False,2,0,0,0
3060,4,0,4,0.0,unknown,False,False,0,0,0,0
3061,2,0,2,0.03559443748456111,unknown,False,False,0,0,0,0
3062,0,0,0,0.2729096463949121,unknown,False,False,1,0,1,0
3063,0,0,0,0.4479270730570432,red,False,True,0,1,2,0
3064,2,0,2,0.7259960588252194,red,False,True,0,1,1,0
3065,1,1,2,1.1254722511690225,yellow,False,True,1,1,1,0
3066,2,1,3,1.3053766502576136,unknown,False,True,2,1,0,0
3067,1,1,2,0.9454641333428899,yellow,False,True,0,2,0,0
3068,1,0,1,0.0,unknown,False,True,0,2,0,0
3069,0,0,0,0.0,unknown,False,True,0,1,0,0
3070,0,0,0,0.0,unknown,False,False,0,0,0,0
3071,0,0,0,0.0,unknown,False,False,0,0,0,0
3072,0,0,0,0.08977708037458945,unknown,False,False,0,0,1,0
3073,0,0,0,0.09996477456290352,unknown,False,False,0,0,1,0
3074,0,0,0,0.14718992730222435,unknown,False,False,1,0,1,0
3075,2,1,3,0.8751833551994586,unknown,False,False,2,0,0,0
3076,2,1,3,0.0,unknown,False,False,2,0,0,1
3077,3,0,3,0.0,unknown,False,False,2,0,0,0
3078,3,0,3,0.68981800112091,unknown,False,False,1,0,3,0
3079,1,0,1,1.0831876661112416,red,False,False,0,0,2,0
3080,0,0,0,1.0035896444201968,red,False,False,0,0,2,0
3081,0,0,0,0.8922093154261385,red,False,False,1,0,5,0
3082,0,1,1,0.8195006545479048,red,False,False,0,0,4,0
3083,1,0,1,0.5092582707513914,unknown,False,False,1,0,1,0
3084,4,0,4,0.4826296241541874,unknown,False,False,6,0,0,0
3085,8,1,9,0.0,unknown,False,False,6,0,0,0
3086,8,1,9,0.0,unknown,False,False,3,0,0,0
3087,6,0,6,0.0,unknown,False,False,0,0,0,0
3088,2,0,2,0.4224655741465773,unknown,False,False,0,0,0,0
3089,0,0,0,0.36640998399652536,unknown,False,False,0,0,0,0
3090,1,0,1,0.0,unknown,False,False,1,0,0,0
3091,1,0,1,0.0,unknown,False,False,2,0,0,0
3092,5,1,6,0.0,yellow,False,False,2,1,0,0
3093,3,0,3,0.0,unknown,False,False,2,0,1,0
3094,1,2,3,0.0,unknown,False,True,7,1,0,0
3095,8,0,8,0.0,red,True,True,8,1,0,0
3096,8,2,10,1.0657799492576308,green,True,True,7,1,3,0
3097,9,1,10,0.934807878292683,red,True,True,6,1,3,0
3098,8,1,9,0.9693253317710665,unknown,True,True,2,1,3,0
3099,8,1,9,0.9039032614636135,unknown,False,False,4,1,1,0
3100,2,2,4,0.8869477869684641,unknown,False,False,2,1,0,0
3101,3,1,4,0.0,unknown,False,False,2,1,0,0
3102,2,0,2,0.0,unknown,False,False,1,1,0,0
3103,2,0,2,0.0,unknown,False,True,2,1,0,0
3104,2,0,2,0.0,unknown,False,False,1,1,0,0
3105,1,0,1,0.0,unknown,False,False,0,1,0,0
3106,2,0,2,0.0,unknown,False,False,1,1,0,0
3107,2,0,2,0.0,unknown,False,False,2,1,0,0
3108,2,0,2,0.0,unknown,False,True,1,1,0,0
3109,2,0,2,0.0,unknown,False,False,1,1,0,0
3110,2,0,2,0.0,unknown,False,False,1,1,0,0
3111,2,0,2,0.0,unknown,False,False,2,1,1,0
3112,2,0,2,0.0,unknown,False,False,1,1,1,0
3113,1,0,1,0.0,unknown,False,True,0,1,2,0
3114,1,0,1,0.09062398353420001,green,False,True,0,3,0,0
3115,0,0,0,0.6013158263027369,green,False,True,0,2,2,0
3116,0,0,0,0.38737375783232286,red,False,True,0,2,1,0
3117,0,0,0,0.17309473910951656,red,False,True,0,2,2,0
3118,0,0,0,0.23401292231605386,red,False,True,1,2,3,0
3119,0,0,0,0.4897631679317466,red,False,True,1,3,2,0
3120,0,0,0,0.7794485715991949,red,False,True,0,2,4,0
3121,0,0,0,0.8483027241280922,red,False,True,0,1,3,0
3122,0,0,0,0.5489823139177923,red,False,True,2,2,5,0
3123,1,0,1,0.6018989262694399,red,False,True,0,2,4,0
3124,1,0,1,0.8129337073183625,red,False,True,1,2,3,0
3125,2,0,2,0.8150908569583413,red,False,True,1,1,5,0
3126,4,0,4,0.8571016703402059,red,False,True,2,1,3,0
3127,2,0,2,0.54427754740031,red,False,True,1,2,5,0
3128,3,0,3,0.8414845733492156,red,False,True,2,1,4,0
3129,3,0,3,0.5958378133647501,red,False,True,2,2,3,1
3130,2,0,2,0.48280324649134726,red,False,True,1,1,3,0
3131,1,0,1,0.6400070728088368,red,False,True,1,1,2,0
3132,1,0,1,0.8859753248901444,red,False,True,1,2,4,0
3133,1,0,1,0.451898935604991,red,False,True,1,2,4,0
3134,2,0,2,0.6277478513322974,red,False,True,1,3,3,0
3135,2,0,2,0.733366383712648,red,False,True,2,2,3,0
3136,2,0,2,0.9003876416912743,red,False,True,1,2,5,0
3137,1,0,1,0.8830569684969687,red,False,True,1,2,4,0
3138,2,0,2,0.92117159293851,red,False,True,3,2,5,0
3139,3,0,3,1.1088347026421024,red,False,True,1,1,4,0
3140,3,0,3,1.1652558909752926,red,False,True,1,2,4,0
3141,3,0,3,0.3884276757899577,red,False,True,3,1,3,0
3142,4,0,4,0.24080501888282804,red,False,True,3,1,3,0
3143,3,0,3,0.3596551313197545,red,False,True,2,2,2,0
3144,5,0,5,0.46415695590594136,green,True,True,5,2,2,0
3145,5,0,5,0.5333063213643416,green,True,True,4,2,0,0
3146,7,0,7,0.7738449474765129,red,True,True,6,2,2,0
3147,8,0,8,0.0,unknown,True,True,2,1,0,0
3148,6,0,6,0.05492463470894746,unknown,False,False,2,1,0,0
3149,2,0,2,0.020531287099966513,unknown,False,False,0,1,1,0
3150,1,0,1,0.07437264460717634,unknown,False,False,1,1,1,0
3151,0,0,0,0.08021303242285036,unknown,False,False,0,0,1,0
3152,0,0,0,0.15773758945083802,unknown,False,False,0,0,1,0
3153,2,0,2,0.08029638414732639,unknown,False,False,3,0,1,0
3154,1,1,2,0.09060934986642928,unknown,False,False,3,0,0,0
3155,6,0,6,0.15943024730716274,unknown,False,False,5,0,0,0
3156,3,4,7,0.0,unknown,True,False,3,0,1,0
3157,6,2,8,0.0,unknown,False,False,2,1,1,0
3158,5,0,5,0.0,unknown,False,False,1,0,1,0
3159,3,0,3,0.1688187699526799,unknown,False,False,3,1,1,0
3160,3,1,4,0.5876379033720829,red,False,True,3,1,3,0
3161,3,1,4,0.8813556575399332,unknown,False,True,2,1,5,0
3162,3,0,3,0.9542456016277848,red,False,True,3,1,1,0
3163,3,0,3,0.6797096985756476,red,False,True,1,1,2,0
3164,2,0,2,0.443777798861258,unknown,False,True,0,2,1,0
3165,0,0,0,0.32893133817856357,unknown,False,False,2,0,0,0
3166,2,0,2,0.11732555381024701,unknown,False,False,4,0,0,0
3167,3,1,4,0.0,unknown,False,False,1,0,1,0
3168,5,0,5,1.8560829910348768,unknown,False,False,2,0,1,0
3169,3,0,3,2.312990426487725,unknown,False,False,0,0,0,0
3170,0,0,0,1.4399205501853636,unknown,False,False,0,0,1,0
3171,0,0,0,0.7604224486577418,unknown,False,False,0,0,0,0
3172,0,0,0,0.5273705512723845,unknown,False,False,0,0,0,0
3173,0,0,0,0.0,unknown,False,False,0,0,0,0
3174,0,0,0,0.0,unknown,False,False,1,0,0,0
3175,1,0,1,0.0,unknown,False,False,1,0,0,0
3176,2,0,2,0.8582831913441729,unknown,False,False,1,0,2,0
3177,1,0,1,1.6109277265863007,red,False,True,0,0,1,0
3178,1,0,1,1.3053903425054143,red,False,False,1,0,3,0
3179,1,0,1,0.7206901244839289,red,False,False,2,0,7,0
3180,1,0,1,0.7653718050105659,red,False,False,1,0,4,0
3181,1,0,1,0.3928328685099214,red,False,False,1,0,5,0
3182,1,0,1,0.26462941011490687,red,False,True,1,0,5,0
3183,1,0,1,0.5687391742791228,red,False,False,1,0,5,0
3184,1,0,1,0.8537045345455393,red,False,False,1,0,6,0
3185,1,0,1,1.6593965620753488,red,False,False,1,0,6,0
3186,1,0,1,1.2205188585826365,red,False,False,1,0,8,0
3187,2,0,2,0.6670501463775154,red,False,False,1,0,5,0
3188,1,0,1,0.2893376508038824,red,False,False,2,0,4,0
3189,2,0,2,0.4004390195034077,green,False,False,3,0,7,0
3190,3,0,3,0.5603369667715674,green,False,False,4,0,7,0
3191,4,0,4,0.6533411787196668,red,False,False,4,0,6,0
3192,4,0,4,0.5530817721379114,red,False,False,3,0,3,0
3193,4,0,4,0.5304713517637599,unknown,False,False,0,0,2,0
3194,0,0,0,0.2828047452499801,unknown,False,False,0,0,1,0
3195,0,0,0,0.23920637700201897,unknown,False,False,0,0,2,0
3196,0,0,0,0.5591193105673595,unknown,False,False,0,0,1,0
3197,0,0,0,1.3330647761429766,unknown,False,False,0,0,1,0
3198,0,0,0,2.656178710915038,unknown,False,False,0,0,1,0
3199,0,0,0,1.5926496509899863,unknown,False,False,1,1,1,0
3200,0,0,0,0.5788023856089185,unknown,False,False,0,0,1,1
3201,0,0,0,0.2532484713832836,unknown,False,False,0,0,2,0
3202,0,0,0,0.16268076001681622,unknown,False,False,1,0,0,0
3203,1,0,1,0.13379898113575514,unknown,False,False,1,0,0,0
3204,1,0,1,0.41116225228876774,unknown,False,False,0,0,3,0
3205,3,0,3,0.6232485179115921,unknown,False,False,1,0,2,0
3206,3,0,3,0.8217201433868812,unknown,False,False,1,0,7,0
3207,2,0,2,0.8164500697470353,unknown,False,False,0,0,9,0
3208,1,0,1,0.7471619857266163,unknown,False,False,0,0,10,0
3209,0,0,0,0.671149767695939,green,False,False,0,0,10,0
3210,0,0,0,1.1031751414289157,green,False,False,0,0,10,0
3211,1,0,1,0.7486713156570256,red,False,False,0,0,9,0
3212,2,0,2,0.7686444257781644,red,False,False,2,0,9,0
3213,2,0,2,0.9842303054166569,red,False,False,1,0,5,0
3214,1,0,1,0.46339193225267755,green,False,False,1,0,5,0
3215,2,0,2,0.35833967936050004,yellow,False,False,1,0,7,0
3216,1,0,1,0.38011912091971517,green,False,False,1,0,6,0
3217,2,0,2,0.4124565372805853,yellow,False,False,1,0,6,0
3218,2,0,2,0.5348897382637406,red,False,False,1,0,3,0
3219,1,0,1,0.5670467107431367,unknown,False,False,0,0,5,0
3220,1,0,1,0.5143448334459234,unknown,False,False,2,0,5,0
3221,2,0,2,0.5307584738898059,red,False,False,1,0,4,0
3222,1,0,1,0.4861774704333176,red,False,False,1,0,7,0
3223,1,0,1,0.36650052615162404,red,False,False,1,0,4,0
3224,1,0,1,0.36386365782655183,red,False,False,2,0,7,0
3225,2,0,2,0.4792844223772549,unknown,False,False,2,0,6,0
3226,3,0,3,0.4178279218175778,green,False,False,5,0,7,0
3227,6,0,6,0.5228524755720465,unknown,False,False,9,0,7,0
3228,7,0,7,0.5853393177971554,red,True,False,5,0,7,0
3229,7,1,8,0.5146457410515757,red,True,False,5,0,1,0
3230,8,1,9,0.6266254377477081,unknown,True,True,5,0,0,0
3231,4,1,5,0.557976224416658,unknown,False,False,1,0,0,0
3232,4,0,4,0.0,unknown,False,False,2,0,0,0
3233,2,0,2,0.44379327615715186,unknown,False,False,1,0,1,0
3234,1,0,1,0.6724185491054898,unknown,False,False,0,0,0,0
3235,1,0,1,0.0,unknown,False,False,0,0,0,0
3236,0,0,0,0.0,unknown,False,False,0,0,0,0
3237,0,0,0,0.0,unknown,False,False,0,0,0,0
3238,0,0,0,0.25171500319668894,unknown,False,False,0,0,0,0
3239,0,0,0,0.4701003609958948,unknown,False,False,1,0,0,0
3240,1,0,1,0.5905723506708471,unknown,False,False,0,0,0,0
3241,3,0,3,0.0,unknown,False,False,2,0,0,0
3242,3,0,3,0.29575371829096836,unknown,False,False,2,0,4,0
3243,3,0,3,0.7073907053240497,unknown,False,False,2,0,5,0
3244,2,0,2,0.7690395111015502,unknown,False,False,1,0,5,0
3245,2,0,2,0.6427769952367904,unknown,False,False,1,0,5,0
3246,2,0,2,1.0961600762642998,unknown,False,True,0,1,3,0
3247,1,0,1,1.4685075125117917,unknown,False,True,0,1,3,0
3248,0,0,0,0.8597187425369576,red,False,True,1,1,4,0
3249,1,0,1,0.6403240298859713,unknown,False,True,1,1,3,0
3250,1,0,1,0.3390268173081786,unknown,False,True,1,1,4,0
3251,1,0,1,0.43109780712440526,red,False,True,1,0,2,0
3252,1,0,1,0.1557494315747459,red,False,False,0,0,1,0
3253,0,0,0,0.20474688371461622,red,False,True,0,0,3,0
3254,1,0,1,0.5840465144352724,red,False,False,1,0,2,0
3255,1,0,1,0.9846043253078459,unknown,False,False,0,0,2,0
3256,2,0,2,1.3102509756520524,unknown,False,False,2,0,2,0
3257,2,0,2,2.1403700186613595,red,False,False,1,0,2,0
3258,2,0,2,0.7122451595541504,green,False,False,2,0,2,0
3259,2,0,2,0.364063220407476,red,False,False,1,0,1,0
3260,1,0,1,0.20466358729640355,red,False,False,2,0,1,1
3261,1,0,1,0.0,red,False,True,1,0,0,1
3262,1,0,1,0.0,green,False,False,1,0,0,1
3263,1,0,1,0.0,unknown,False,False,0,0,0,0
3264,1,0,1,0.0,unknown,False,False,1,0,0,0
3265,1,0,1,0.0,unknown,False,False,0,0,0,0
3266,0,0,0,0.0,unknown,False,False,0,0,1,0
3267,0,0,0,0.0,unknown,False,False,0,0,0,0
3268,2,0,2,0.31047505801731773,unknown,False,False,2,0,0,0
3269,1,1,2,0.3523497696936562,unknown,False,False,3,0,1,0
3270,6,1,7,0.31288369098461694,unknown,False,False,6,0,0,0
3271,6,2,8,0.0,unknown,False,False,2,0,0,0
3272,5,0,5,0.0,unknown,False,False,3,0,0,0
3273,2,1,3,0.41244295259217345,unknown,False,False,1,0,2,0
3274,2,1,3,0.9642455225464138,unknown,False,False,1,0,2,0
3275,1,1,2,1.1149557822071194,red,False,False,1,0,2,0
3276,1,1,2,1.0388189625958015,red,False,False,0,0,2,0
3277,0,0,0,1.1110872181409692,red,False,False,0,0,2,0
3278,0,0,0,1.3772859892283051,unknown,False,False,0,0,0,0
3279,0,0,0,0.9213978499214535,unknown,False,False,0,0,2,0
3280,0,0,0,0.3710282918260814,unknown,False,False,0,0,1,0
3281,0,0,0,0.391944627339871,unknown,False,False,0,0,4,0
3282,0,0,0,0.7720878360113866,unknown,False,False,1,0,2,1
3283,1,0,1,1.0371649387127362,unknown,False,False,1,0,3,0
3284,1,0,1,1.2366022353947015,unknown,False,False,0,0,3,0
3285,0,0,0,0.9466926071025503,unknown,False,False,0,0,4,0
3286,0,0,0,1.2001016987890918,unknown,False,False,0,0,5,0
3287,0,0,0,1.0299698082856794,unknown,False,False,0,0,4,0
3288,0,0,0,1.479159631250527,unknown,False,False,0,0,7,0
3289,0,0,0,1.2294116145190348,unknown,False,False,0,0,6,0
3290,0,0,0,1.115905360344826,unknown,False,False,0,0,7,0
3291,0,0,0,0.7383722356943343,red,False,False,0,0,6,0
3292,1,0,1,0.5636007383075852,red,False,False,1,0,8,0
3293,1,0,1,0.8113207397757813,red,False,False,1,0,7,0
3294,1,0,1,1.244961103531815,unknown,False,True,0,0,7,0
3295,1,0,1,1.5414704401526838,yellow,False,False,0,0,5,0
3296,0,1,1,1.2441442279422372,unknown,False,False,0,0,5,0
3297,1,0,1,0.5466978658204988,unknown,False,True,0,1,3,0
3298,0,0,0,0.37433330997012304,unknown,False,False,0,1,4,0
3299,0,0,0,0.41751734234407517,unknown,False,False,1,1,3,0
3300,1,0,1,1.5015010367954085,unknown,False,False,0,1,2,0
3301,0,0,0,1.8969803103612826,unknown,False,False,0,1,4,0
3302,0,0,0,1.1045797578915533,unknown,False,False,0,1,5,0
3303,0,0,0,1.3957244203617796,unknown,False,False,0,1,7,0
3304,1,0,1,1.1076690388177564,unknown,False,False,2,0,7,0
3305,2,0,2,0.656876770661324,unknown,False,False,1,0,7,0
3306,2,0,2,0.7762720173912079,unknown,False,False,0,0,10,0
3307,0,0,0,0.7439769915252185,unknown,False,False,0,0,10,0
3308,0,0,0,1.062370963135528,unknown,False,False,0,0,9,0
3309,0,0,0,1.5580455427079782,unknown,False,False,0,0,12,0
3310,0,0,0,1.3859255042713035,yellow,False,False,0,0,12,0
3311,0,0,0,0.9959170969070194,unknown,False,False,0,0,15,0
3312,0,0,0,1.03632791102624,unknown,False,False,0,0,17,0
3313,0,0,0,1.0786616267795195,unknown,False,False,0,0,16,0
3314,0,0,0,1.202827587240983,unknown,False,False,0,0,10,0
3315,0,0,0,1.0981825741062867,unknown,False,False,0,0,9,0
3316,0,0,0,0.7466163356555489,unknown,False,False,1,0,7,0
3317,0,0,0,1.240826266054752,unknown,False,False,0,0,6,0
3318,0,0,0,1.2219783459092606,unknown,False,False,0,0,7,0
3319,0,0,0,0.7373385776425958,unknown,False,False,0,0,8,0
3320,0,0,0,0.5731758229217022,red,False,False,0,0,9,0
3321,0,0,0,0.624823843256924,yellow,False,False,0,0,9,0
3322,0,0,0,0.4078222502124989,unknown,False,False,0,0,9,0
3323,0,0,0,0.2505586856494682,yellow,False,False,0,0,9,0
3324,0,0,0,0.26595515547882304,yellow,False,False,0,0,11,0
3325,0,0,0,0.33859495897066544,unknown,False,False,0,0,12,0
3326,0,0,0,0.6266281023358035,yellow,False,False,0,0,8,0
3327,0,0,0,0.3031927498462378,yellow,False,False,0,0,9,0
3328,0,0,0,0.23279787211297412,yellow,False,False,0,0,7,0
3329,0,0,0,0.45918325918722014,yellow,False,False,0,0,7,0
3330,0,0,0,0.23478124114265142,unknown,False,False,0,0,9,0
3331,0,0,0,0.4568021529949843,yellow,False,False,0,0,11,0
3332,0,0,0,0.33057843973304857,yellow,False,False,1,0,10,0
3333,0,0,0,0.34956489027340776,yellow,False,False,0,0,11,0
3334,0,0,0,0.34110011065195334,yellow,False,False,0,0,11,0
3335,0,0,0,0.451917371628855,yellow,False,False,0,0,12,0
3336,0,0,0,0.29554425609983087,yellow,False,False,0,0,10,0
3337,0,0,0,0.2570488561444336,yellow,False,False,0,0,10,0
3338,0,0,0,0.2356083606726864,yellow,False,False,0,0,13,0
3339,0,0,0,0.2894194226354635,yellow,False,False,0,0,8,0
3340,0,0,0,0.5751788557145577,yellow,False,False,0,0,9,0
3341,0,0,0,0.4810603858068178,yellow,False,False,0,0,10,0
3342,0,0,0,0.27569260580151905,red,False,False,0,0,11,0
3343,0,0,0,0.4205370989329674,yellow,False,False,0,0,11,0
3344,0,0,0,0.48824555702318617,yellow,False,False,0,0,8,0
3345,0,0,0,0.4798261276220483,yellow,False,False,0,0,9,0
3346,0,0,0,0.62482512764773,yellow,False,False,0,0,10,0
3347,0,0,0,0.472217639221422,yellow,False,False,0,0,11,0
3348,0,0,0,0.4684093882796593,yellow,False,False,0,0,10,0
3349,0,0,0,0.44604790844574976,yellow,False,False,0,0,11,0
3350,0,0,0,0.45611848840920566,yellow,False,False,0,0,11,0
3351,0,0,0,0.443267886660666,yellow,False,False,0,0,13,0
3352,0,0,0,0.5298956844027314,yellow,False,False,0,0,11,0
3353,0,0,0,0.44783220871119017,yellow,False,False,0,0,9,0
3354,0,0,0,0.24466591761802045,yellow,False,False,0,0,8,0
3355,0,0,0,0.16201790838353056,yellow,False,False,0,0,8,0
3356,0,0,0,0.2178575175339701,yellow,False,False,0,0,9,0
3357,0,0,0,0.17867681810563496,yellow,False,False,0,0,7,0
3358,0,0,0,0.4428494072733145,yellow,False,False,0,0,10,0
3359,0,0,0,0.49949878071454107,yellow,False,False,0,0,8,0
3360,0,0,0,0.25311553372818096,yellow,False,False,0,0,6,0
3361,0,0,0,0.2594695278495653,yellow,False,False,0,0,7,0
3362,0,0,0,0.27674076605030634,yellow,False,False,0,0,11,0
3363,0,0,0,0.314785213322285,yellow,False,False,0,0,8,0
3364,0,0,0,0.37791432130749497,yellow,False,False,0,0,8,0
3365,0,0,0,0.1927238998693572,yellow,False,False,0,0,7,0
3366,0,0,0,0.15247927254242488,yellow,False,False,0,0,7,0
3367,0,0,0,0.10647426825491339,yellow,False,False,0,0,6,0
3368,0,0,0,0.15047094562179072,yellow,False,False,0,0,4,0
3369,0,0,0,0.13952168259124917,yellow,False,False,0,0,9,0
3370,0,0,0,0.13227469873535863,yellow,False,False,0,0,6,0
3371,0,0,0,0.09723104078911249,red,False,False,0,0,7,0
3372,0,0,0,0.19946443285104964,yellow,False,False,0,0,7,0
3373,0,0,0,0.21514498562912804,yellow,False,False,0,0,8,0
3374,0,0,0,0.3081990519432894,yellow,False,False,0,0,7,0
3375,0,0,0,0.48984421569400316,yellow,False,False,0,0,9,0
3376,0,0,0,0.3019695594898724,yellow,False,False,0,0,8,0
3377,0,0,0,0.1689664558763278,yellow,False,False,0,0,7,0
3378,0,0,0,0.1547656670820173,red,False,False,0,0,7,0
3379,0,0,0,0.10022176513883314,yellow,False,False,0,0,7,0
3380,0,0,0,0.07757340853074277,yellow,False,False,1,0,6,0
3381,1,0,1,0.10238595509225804,yellow,False,False,1,0,7,0
3382,1,0,1,0.17978679502354675,yellow,False,False,1,0,7,0
3383,1,0,1,0.28579938403428606,yellow,False,False,0,0,6,0
3384,2,0,2,0.5883338501522513,yellow,False,False,1,0,5,0
3385,1,0,1,0.5125157211171693,yellow,False,False,1,0,6,0
3386,1,0,1,0.6969506734765553,yellow,False,False,1,1,5,0
3387,1,0,1,0.5208281448855778,yellow,False,False,1,1,6,0
3388,1,0,1,0.20901681497546046,yellow,False,False,1,1,5,0
3389,1,0,1,0.18708559759656926,yellow,False,False,0,1,5,0
3390,0,0,0,0.2159687792734906,yellow,False,False,0,1,3,0
3391,0,0,0,0.38860612063475586,yellow,False,True,0,1,7,0
3392,0,0,0,0.45600075963427666,yellow,False,True,0,0,8,0
3393,0,0,0,0.5144073570978702,yellow,False,False,0,1,10,0
3394,1,0,1,0.34560016359444146,yellow,False,False,1,0,7,0
3395,1,0,1,0.42461045636324257,yellow,False,False,1,0,10,0
3396,1,0,1,0.39238634543611434,yellow,False,False,0,0,8,0
3397,0,0,0,0.30112123646625777,yellow,False,False,0,0,7,0
3398,0,0,0,0.3665126300836057,yellow,False,False,0,0,5,0
3399,0,0,0,0.41407010148922446,yellow,False,False,0,0,5,0
3400,0,0,0,0.4677426547280493,yellow,False,False,0,0,6,0
3401,0,0,0,0.431755751971191,yellow,False,False,0,0,8,0
3402,0,0,0,0.1754120015002886,yellow,False,False,0,0,4,0
3403,0,0,0,0.16883613955800325,yellow,False,False,0,1,2,0
3404,0,0,0,0.11469464736982293,yellow,False,False,0,0,4,0
3405,0,0,0,0.2964842158249555,yellow,False,False,0,0,4,0
3406,0,0,0,0.10271303787963103,yellow,False,False,0,0,4,0
3407,0,0,0,0.1030106495968449,yellow,False,False,0,0,3,0
3408,0,0,0,0.10035836300160231,yellow,False,False,0,0,4,0
3409,0,0,0,0.16941363605801232,yellow,False,False,0,0,5,0
3410,0,0,0,0.30195399654751603,yellow,False,False,0,0,5,0
3411,0,0,0,0.397483054925237,red,False,False,0,0,6,0
3412,0,0,0,0.26306418195373377,yellow,False,False,0,0,8,0
3413,0,0,0,0.23738354233225226,yellow,False,False,0,0,7,0
3414,0,0,0,0.2709277814521598,yellow,False,False,0,0,7,0
3415,0,0,0,0.26990655952992065,yellow,False,False,0,0,4,0
3416,0,0,0,0.17024320563330705,yellow,False,False,0,0,6,0
3417,0,0,0,0.11209336535451582,yellow,False,False,0,0,4,0
3418,0,0,0,0.11082106430401105,yellow,False,False,0,0,5,0
3419,0,0,0,0.15929194996053292,yellow,False,False,0,0,8,0
3420,0,0,0,0.20010690571589573,yellow,False,False,0,0,7,0
3421,0,0,0,0.09319306785263215,yellow,False,False,0,0,8,0
3422,0,0,0,0.16295553557678288,yellow,False,False,0,0,5,0
3423,0,0,0,0.08622969087531406,yellow,False,False,0,0,5,0
3424,0,0,0,0.055486981495548184,yellow,False,False,0,0,6,0
3425,0,0,0,0.05241848313639742,yellow,False,False,0,0,4,0
3426,0,0,0,0.047085069242337005,yellow,False,False,0,0,2,0
3427,0,0,0,0.046022724845516096,yellow,False,False,0,0,2,0
3428,0,0,0,0.04938429159214692,yellow,False,False,0,0,3,0
3429,0,0,0,0.052828153282856206,yellow,False,False,0,0,2,0
3430,0,0,0,0.03373476650545568,yellow,False,False,0,0,6,0
3431,0,0,0,0.04790790679397756,yellow,False,False,0,0,5,0
3432,0,0,0,0.05822616016290443,yellow,False,False,0,0,4,0
3433,0,0,0,0.2223598092687799,yellow,False,False,0,0,4,0
3434,0,0,0,0.078096027653209,yellow,False,False,0,0,6,0
3435,0,0,0,0.10919072699544874,yellow,False,False,0,0,9,0
3436,0,0,0,0.20316738448022767,yellow,False,False,0,0,8,0
3437,0,0,0,0.5581822075235504,yellow,False,False,0,0,7,0
3438,0,0,0,0.32821531123678793,red,False,False,0,0,7,0
3439,0,0,0,0.1335690582302801,yellow,False,False,0,0,8,0
3440,0,0,0,0.0834172531244911,red,False,False,0,0,7,0
3441,0,0,0,0.11562960020966644,yellow,False,False,0,0,6,0
3442,0,0,0,0.13108950697762706,yellow,False,False,0,0,5,0
3443,0,0,0,0.14653027514563613,red,False,False,0,0,8,0
3444,0,0,0,0.5740713973091629,yellow,False,False,0,0,7,0
3445,0,0,0,0.28619831974090454,yellow,False,False,0,0,8,0
3446,0,0,0,0.12077683241511272,yellow,False,False,0,0,7,0
3447,0,0,0,0.18736868466751597,yellow,False,False,0,0,6,0
3448,0,0,0,0.31455038164560345,yellow,False,False,0,0,8,0
3449,0,0,0,0.3370402170645185,yellow,False,False,0,0,8,0
3450,0,0,0,0.30927042375865826,yellow,False,False,0,0,6,0
3451,0,0,0,0.24742589931914816,yellow,False,False,0,0,7,0
3452,0,0,0,0.4235188817493533,yellow,False,False,0,0,9,0
3453,0,0,0,0.47360753286209906,yellow,False,False,0,0,6,0
3454,0,0,0,0.5964180580716556,yellow,False,False,0,0,9,0
3455,0,0,0,0.5533117661712027,yellow,False,False,0,0,9,0
3456,0,0,0,0.7248369373207512,yellow,False,False,0,0,7,0
3457,0,0,0,0.6746002810363056,yellow,False,False,0,0,10,0
3458,0,0,0,0.8641204082749705,unknown,False,False,1,0,11,1
3459,0,0,0,0.9785768754464579,unknown,False,False,0,0,10,0
3460,0,0,0,0.707902535746865,unknown,False,False,0,0,11,0
3461,0,0,0,0.8135199081002626,unknown,False,False,0,0,12,0
3462,0,0,0,0.8911217332994619,unknown,False,False,0,0,13,0
3463,0,0,0,1.0092163482933978,unknown,False,False,0,0,11,0
3464,0,0,0,1.0795773585493211,unknown,False,False,0,0,15,0
3465,0,0,0,0.9008581306250105,unknown,False,False,0,0,16,0
3466,0,0,0,1.0287072297040454,unknown,False,False,0,0,13,0
3467,0,0,0,1.1366255154379528,unknown,False,False,0,0,11,0
3468,0,0,0,0.8874718517198513,yellow,False,False,0,0,15,0
3469,0,0,0,0.6170941741458638,red,False,False,0,0,16,0
3470,0,0,0,0.3461361361290104,red,False,False,0,0,18,0
3471,0,0,0,0.22237184877255958,red,False,False,0,0,18,0
3472,0,0,0,0.254019247420974,red,False,False,0,0,14,0
3473,0,0,0,0.2815323512882976,red,False,False,0,0,16,0
3474,0,0,0,0.33744665885994063,red,False,False,0,0,13,0
3475,0,0,0,0.34341179333349037,red,False,True,0,0,16,0
3476,0,0,0,0.40797765658761204,unknown,False,False,0,0,16,0
3477,0,0,0,0.5638898557648089,red,False,False,0,0,14,0
3478,0,0,0,0.6766767671667542,unknown,False,False,0,0,13,0
3479,0,0,0,0.816912378273626,yellow,False,False,0,0,17,0
3480,0,0,0,1.1759247461487725,unknown,False,False,0,0,14,0
3481,0,0,0,1.30228848997602,unknown,False,False,0,0,16,0
3482,0,0,0,1.437810063218812,unknown,False,False,0,0,15,0
3483,0,0,0,1.4043484238778627,unknown,False,False,0,0,15,0
3484,0,0,0,1.0515959415816427,unknown,False,False,0,0,16,0
3485,0,0,0,0.7139925459316313,unknown,False,False,0,0,11,0
3486,0,0,0,0.9494064245449245,unknown,False,False,0,0,7,0
3487,0,0,0,0.9755411681201233,unknown,False,False,0,0,8,0
3488,0,0,0,1.226222384492854,unknown,False,False,0,0,8,0
3489,0,0,0,1.1423460306351454,unknown,False,False,0,0,9,0
3490,0,0,0,0.7362049905057306,unknown,False,False,0,0,8,0
3491,0,0,0,0.5819086737716342,unknown,False,False,0,0,8,0
3492,0,0,0,0.6183265863483774,unknown,False,False,1,0,8,0
3493,0,0,0,0.748938494081263,unknown,False,False,0,0,9,0
3494,0,0,0,0.67456752135786,unknown,False,False,0,0,8,0
3495,0,0,0,0.632813109094623,unknown,False,False,0,0,5,0
3496,0,0,0,0.9069880824278496,unknown,False,False,0,0,9,0
3497,0,0,0,0.7765451742719658,unknown,False,False,0,0,12,0
3498,0,0,0,0.8379941048514189,unknown,False,False,0,0,12,0
3499,0,0,0,1.1225015892792878,unknown,False,False,0,0,12,0
3500,0,0,0,1.182921761053085,unknown,False,False,0,0,12,0
3501,0,0,0,0.9358294818137354,unknown,False,False,0,0,9,0
3502,0,0,0,0.67657029273313,unknown,False,False,0,0,8,0
3503,0,0,0,0.7811087779576755,unknown,False,False,0,0,3,0
3504,0,0,0,0.4999457215864135,unknown,False,False,0,1,1,0
3505,0,0,0,0.2581248774094388,unknown,False,False,0,0,0,0
3506,0,0,0,0.14737051264674828,unknown,False,False,0,0,0,0
3507,0,0,0,0.31468330466206745,unknown,False,False,0,0,3,0
3508,0,0,0,0.2503667300783875,unknown,False,False,0,0,0,0
3509,0,0,0,0.23411405394779258,unknown,False,False,0,0,0,0
3510,0,0,0,0.29928855090395495,unknown,False,False,0,0,1,0
3511,0,0,0,0.4696883761028774,unknown,False,False,0,0,3,0
3512,0,0,0,0.35166095958139926,unknown,False,False,0,0,1,0
3513,1,0,1,0.32025448925062044,unknown,False,False,0,0,3,0
3514,1,0,1,0.3026250799802984,unknown,False,False,1,0,2,1
3515,0,0,0,0.309650536095753,unknown,False,False,0,0,0,0
3516,0,0,0,0.43149818834298637,unknown,False,False,0,0,4,0
3517,0,0,0,0.24580515219226326,unknown,False,False,0,0,4,0
3518,0,0,0,0.18456479380090038,unknown,False,False,0,0,2,0
3519,0,0,0,0.33392497752853106,unknown,False,False,0,0,3,0
3520,0,0,0,0.5516547568467244,unknown,False,False,0,0,3,0
3521,0,0,0,0.27748469929710806,unknown,False,False,0,0,2,0
3522,0,0,0,0.5819666457082042,unknown,False,False,0,0,3,0
3523,0,0,0,0.4244741858788775,unknown,False,False,0,0,2,0
3524,0,0,0,0.2952239538560685,unknown,False,False,0,0,3,0
3525,0,0,0,0.362183265294765,unknown,False,False,0,0,3,0
3526,1,0,1,0.3732239384181027,unknown,False,False,2,0,1,0
3527,1,0,1,0.28240759185306485,unknown,False,False,1,0,1,0
3528,2,0,2,0.11576369915300573,unknown,False,False,1,0,3,0
