second,idle_count,walking_count,total_count
0,0,0,0
1,0,0,0
2,0,0,0
3,0,0,0
4,0,0,0
5,0,0,0
6,0,0,0
7,0,0,0
8,3,0,3
9,3,0,3
10,3,0,3
11,4,0,4
12,4,0,4
13,4,0,4
14,4,0,4
15,4,0,4
16,4,0,4
17,4,0,4
18,4,0,4
19,4,0,4
20,4,0,4
21,4,0,4
22,4,0,4
23,4,0,4
24,4,0,4
25,4,0,4
26,4,0,4
27,4,0,4
28,4,0,4
29,4,0,4
30,4,0,4
31,4,0,4
32,4,0,4
33,4,0,4
34,4,0,4
35,5,0,5
36,5,0,5
37,5,0,5
38,5,0,5
39,5,0,5
40,5,0,5
41,5,0,5
42,5,0,5
43,5,0,5
44,5,0,5
45,5,0,5
46,5,0,5
47,5,0,5
48,4,0,4
49,4,0,4
50,4,0,4
51,4,0,4
52,4,0,4
53,4,0,4
54,4,0,4
55,4,0,4
56,4,0,4
57,4,0,4
58,4,0,4
59,4,0,4
60,4,0,4
61,4,0,4
62,4,0,4
63,4,0,4
64,5,0,5
65,5,0,5
66,5,0,5
67,5,0,5
68,5,0,5
69,5,0,5
70,5,0,5
71,6,0,6
72,6,0,6
73,6,0,6
74,6,0,6
75,6,0,6
76,6,0,6
77,6,0,6
78,6,0,6
79,6,0,6
80,6,0,6
81,6,0,6
82,6,0,6
83,6,0,6
84,6,0,6
85,6,0,6
86,6,0,6
87,6,0,6
88,5,0,5
89,5,0,5
90,6,0,6
91,6,0,6
92,6,0,6
93,6,0,6
94,6,0,6
95,7,0,7
96,7,0,7
97,7,0,7
98,7,0,7
99,7,0,7
100,7,0,7
101,7,0,7
102,8,0,8
103,8,0,8
104,8,0,8
105,8,0,8
106,8,0,8
107,8,0,8
108,8,0,8
109,8,0,8
110,8,0,8
111,8,0,8
112,8,0,8
113,8,0,8
114,8,0,8
115,8,0,8
116,8,0,8
117,8,0,8
118,8,0,8
119,8,0,8
120,8,0,8
121,8,0,8
122,8,0,8
123,8,0,8
124,8,0,8
125,8,0,8
126,8,0,8
127,8,0,8
128,8,0,8
129,8,0,8
130,8,0,8
131,7,0,7
132,7,0,7
133,7,0,7
134,7,0,7
135,7,0,7
136,7,0,7
137,7,0,7
138,6,0,6
139,6,0,6
140,6,0,6
141,6,0,6
142,6,0,6
143,6,0,6
144,6,0,6
145,5,0,5
146,5,0,5
147,6,0,6
148,6,0,6
149,6,0,6
150,6,0,6
151,6,0,6
152,6,0,6
153,7,0,7
154,7,0,7
155,7,0,7
156,7,0,7
157,7,0,7
158,7,0,7
159,7,0,7
160,7,0,7
161,7,0,7
162,7,0,7
163,7,0,7
164,7,0,7
165,7,0,7
166,9,0,9
167,9,0,9
168,9,0,9
169,9,0,9
170,9,0,9
171,9,0,9
172,9,0,9
173,9,0,9
174,8,0,8
175,8,0,8
176,8,0,8
177,8,0,8
178,8,0,8
179,8,0,8
180,8,0,8
181,8,0,8
182,8,0,8
183,8,0,8
184,8,0,8
185,7,0,7
186,7,0,7
187,7,0,7
188,7,0,7
189,7,0,7
190,7,0,7
191,7,0,7
192,7,0,7
193,7,0,7
194,7,0,7
195,7,0,7
196,7,0,7
197,7,0,7
198,7,0,7
199,7,0,7
200,7,0,7
201,7,0,7
202,7,0,7
203,7,0,7
204,7,0,7
205,7,0,7
206,7,0,7
207,7,0,7
208,7,0,7
209,6,0,6
210,6,0,6
211,6,0,6
212,6,0,6
213,6,0,6
214,6,0,6
215,6,0,6
216,6,0,6
217,6,0,6
218,6,0,6
219,6,0,6
220,6,0,6
221,6,0,6
222,6,0,6
223,6,0,6
224,6,0,6
225,6,0,6
226,6,0,6
227,6,0,6
228,6,0,6
229,6,0,6
230,6,0,6
231,6,0,6
232,6,0,6
233,6,0,6
234,6,0,6
235,5,0,5
236,5,0,5
237,5,0,5
238,5,0,5
239,5,0,5
240,5,0,5
241,4,0,4
242,4,0,4
243,4,0,4
244,4,0,4
245,4,0,4
246,4,0,4
247,4,0,4
248,4,0,4
249,4,0,4
250,4,0,4
251,4,0,4
252,4,0,4
253,4,0,4
254,3,0,3
255,3,0,3
256,3,0,3
257,3,0,3
258,3,0,3
259,3,0,3
260,3,0,3
261,3,0,3
262,3,0,3
263,3,0,3
264,3,0,3
265,3,0,3
266,3,0,3
267,3,0,3
268,3,0,3
269,3,0,3
270,3,0,3
271,3,0,3
272,3,0,3
273,3,0,3
274,3,0,3
275,3,0,3
276,3,0,3
277,3,0,3
278,3,0,3
279,3,0,3
280,3,0,3
281,3,0,3
282,3,0,3
283,3,0,3
284,3,0,3
285,3,0,3
286,3,0,3
287,3,0,3
288,3,0,3
289,3,0,3
290,3,0,3
291,3,0,3
292,3,0,3
293,3,0,3
294,3,0,3
295,3,0,3
296,3,0,3
297,3,0,3
298,3,0,3
299,3,0,3
300,3,0,3
301,3,0,3
302,3,0,3
303,3,0,3
304,3,0,3
305,3,0,3
306,3,0,3
307,3,0,3
308,3,0,3
309,3,0,3
310,3,0,3
311,3,0,3
312,3,0,3
313,3,0,3
314,3,0,3
315,3,0,3
316,3,0,3
317,3,0,3
318,3,0,3
319,3,0,3
320,3,0,3
321,3,0,3
322,3,0,3
323,3,0,3
324,3,0,3
325,3,0,3
326,3,0,3
327,3,0,3
328,3,0,3
329,3,0,3
330,3,0,3
331,3,0,3
332,3,0,3
333,3,0,3
334,3,0,3
335,3,0,3
336,3,0,3
337,3,0,3
338,4,0,4
339,4,0,4
340,4,0,4
341,4,0,4
342,4,0,4
343,4,0,4
344,4,0,4
345,4,0,4
346,4,0,4
347,4,0,4
348,4,0,4
349,4,0,4
350,5,0,5
351,5,0,5
352,5,0,5
353,5,0,5
354,5,0,5
355,5,0,5
356,5,0,5
357,5,0,5
358,5,0,5
359,4,0,4
360,4,0,4
361,4,0,4
362,4,0,4
363,4,0,4
364,4,0,4
365,4,0,4
366,4,0,4
367,4,0,4
368,4,0,4
369,4,0,4
370,4,0,4
371,4,0,4
372,4,0,4
373,4,0,4
374,4,0,4
375,4,0,4
376,4,0,4
377,4,0,4
378,4,0,4
379,4,0,4
380,4,0,4
381,4,0,4
382,5,0,5
383,5,0,5
384,5,0,5
385,5,0,5
386,5,0,5
387,5,0,5
388,5,0,5
389,5,0,5
390,5,0,5
391,5,0,5
392,5,0,5
393,5,0,5
394,4,0,4
395,4,0,4
396,4,0,4
397,4,0,4
398,5,0,5
399,5,0,5
400,4,0,4
401,4,0,4
402,4,0,4
403,4,0,4
404,4,0,4
405,4,0,4
406,4,0,4
407,4,0,4
408,4,0,4
409,4,0,4
410,5,0,5
411,5,0,5
412,5,0,5
413,5,0,5
414,5,0,5
415,5,0,5
416,5,0,5
417,5,0,5
418,5,0,5
419,5,0,5
420,5,0,5
421,5,0,5
422,5,0,5
423,5,0,5
424,5,0,5
425,6,0,6
426,6,0,6
427,6,0,6
428,6,0,6
429,6,0,6
430,6,0,6
431,6,0,6
432,6,0,6
433,6,0,6
434,6,0,6
435,6,0,6
436,6,0,6
437,6,0,6
438,6,0,6
439,6,0,6
440,6,0,6
441,6,0,6
442,6,0,6
443,6,0,6
444,5,0,5
445,5,0,5
446,5,0,5
447,5,0,5
448,5,0,5
449,4,0,4
450,4,0,4
451,4,0,4
452,4,0,4
453,4,0,4
454,4,0,4
455,4,0,4
456,4,0,4
457,4,0,4
458,4,0,4
459,4,0,4
460,4,0,4
461,4,0,4
462,4,0,4
463,4,0,4
464,4,0,4
465,4,0,4
466,4,0,4
467,4,0,4
468,4,0,4
469,5,0,5
470,5,0,5
471,5,0,5
472,5,0,5
473,5,0,5
474,5,0,5
475,5,0,5
476,5,0,5
477,5,0,5
478,5,0,5
479,5,0,5
480,5,0,5
481,5,0,5
482,5,0,5
483,5,0,5
484,5,0,5
485,5,0,5
486,5,0,5
487,5,0,5
488,5,0,5
489,6,0,6
490,6,0,6
491,6,0,6
492,6,0,6
493,6,0,6
494,6,0,6
495,6,0,6
496,6,0,6
497,6,0,6
498,6,0,6
499,6,0,6
500,6,0,6
501,6,0,6
502,6,0,6
503,6,0,6
504,6,0,6
505,6,0,6
506,6,0,6
507,5,0,5
508,5,0,5
509,5,0,5
510,5,0,5
511,5,0,5
512,5,0,5
513,5,0,5
514,5,0,5
515,5,0,5
516,5,0,5
517,5,0,5
518,5,0,5
519,5,0,5
520,5,0,5
521,5,0,5
522,5,0,5
523,5,0,5
524,5,0,5
525,5,0,5
526,5,0,5
527,5,0,5
528,5,0,5
529,5,0,5
530,5,0,5
531,5,0,5
532,5,0,5
533,5,0,5
534,5,0,5
535,5,0,5
536,5,0,5
537,5,0,5
538,5,0,5
539,5,0,5
540,5,0,5
541,5,0,5
542,5,0,5
543,5,0,5
544,5,0,5
545,5,0,5
546,5,0,5
547,5,0,5
548,5,0,5
549,5,0,5
550,5,0,5
551,5,0,5
552,5,0,5
553,5,0,5
554,5,0,5
555,5,0,5
556,5,0,5
557,5,0,5
558,5,0,5
559,5,0,5
560,5,0,5
561,5,0,5
562,5,0,5
563,5,0,5
564,5,0,5
565,5,0,5
566,5,0,5
567,5,0,5
568,5,0,5
569,5,0,5
570,5,0,5
571,6,0,6
572,6,0,6
573,6,0,6
574,6,0,6
575,6,0,6
576,6,0,6
577,6,0,6
578,6,0,6
579,6,0,6
580,6,0,6
581,6,0,6
582,6,0,6
583,6,0,6
584,6,0,6
585,6,0,6
586,6,0,6
587,6,0,6
588,6,0,6
589,6,0,6
590,6,0,6
591,5,0,5
592,4,0,4
593,4,0,4
594,4,0,4
595,3,1,4
596,3,1,4
597,3,1,4
598,3,1,4
599,3,1,4
600,3,1,4
601,3,1,4
602,3,1,4
603,3,1,4
604,3,1,4
605,3,1,4
606,3,1,4
607,3,1,4
608,3,1,4
609,3,1,4
610,3,1,4
611,3,1,4
612,3,1,4
613,3,1,4
614,3,1,4
615,3,1,4
616,4,1,5
617,4,1,5
618,4,1,5
619,4,1,5
620,4,1,5
621,4,1,5
622,4,1,5
623,4,1,5
624,4,1,5
625,4,1,5
626,4,1,5
627,4,1,5
628,4,1,5
629,4,1,5
630,4,1,5
631,4,1,5
632,4,1,5
633,4,1,5
634,5,0,5
635,4,0,4
636,4,0,4
637,4,0,4
638,4,0,4
639,4,0,4
640,4,0,4
641,4,0,4
642,4,0,4
643,4,0,4
644,4,0,4
645,4,0,4
646,4,0,4
647,4,0,4
648,4,0,4
649,4,0,4
650,4,0,4
651,3,0,3
652,3,0,3
653,3,0,3
654,3,0,3
655,3,0,3
656,3,0,3
657,4,0,4
658,4,0,4
659,4,0,4
660,5,0,5
661,5,0,5
662,5,0,5
663,5,0,5
664,5,0,5
665,5,0,5
666,5,0,5
667,5,0,5
668,5,0,5
669,5,0,5
670,5,0,5
671,5,0,5
672,5,0,5
673,5,0,5
674,5,0,5
675,5,0,5
676,5,0,5
677,5,0,5
678,5,0,5
679,5,0,5
680,5,0,5
681,5,0,5
682,5,0,5
683,5,0,5
684,5,0,5
685,5,0,5
686,5,0,5
687,5,0,5
688,5,0,5
689,5,0,5
690,5,0,5
691,5,0,5
692,5,0,5
693,5,0,5
694,5,0,5
695,4,0,4
696,4,0,4
697,4,0,4
698,4,0,4
699,4,0,4
700,4,0,4
701,4,0,4
702,4,0,4
703,4,0,4
704,4,0,4
705,4,0,4
706,4,0,4
707,4,0,4
708,4,0,4
709,4,0,4
710,4,0,4
711,4,0,4
712,4,0,4
713,4,0,4
714,4,0,4
715,4,0,4
716,4,0,4
717,4,0,4
718,4,0,4
719,4,0,4
720,4,0,4
721,4,0,4
722,4,0,4
723,4,0,4
724,4,0,4
725,4,0,4
726,4,0,4
727,4,0,4
728,4,0,4
729,4,0,4
730,4,0,4
731,4,0,4
732,4,0,4
733,4,0,4
734,4,0,4
735,4,0,4
736,4,0,4
737,4,0,4
738,4,0,4
739,4,0,4
740,4,0,4
741,4,0,4
742,4,0,4
743,4,0,4
744,4,0,4
745,4,0,4
746,4,0,4
747,4,0,4
748,3,1,4
749,3,1,4
750,3,1,4
751,3,1,4
752,3,1,4
753,3,1,4
754,3,1,4
755,3,1,4
756,3,1,4
757,3,1,4
758,3,1,4
759,3,1,4
760,3,1,4
761,3,1,4
762,3,1,4
763,3,1,4
764,3,1,4
765,3,1,4
766,3,1,4
767,3,1,4
768,4,1,5
769,4,1,5
770,4,1,5
771,5,1,6
772,5,1,6
773,5,1,6
774,5,1,6
775,5,1,6
776,5,1,6
777,5,1,6
778,5,1,6
779,5,1,6
780,5,1,6
781,5,1,6
782,5,1,6
783,5,1,6
784,5,1,6
785,5,1,6
786,6,0,6
787,5,0,5
788,5,0,5
789,5,0,5
790,5,0,5
791,5,0,5
792,5,0,5
793,5,0,5
794,5,0,5
795,5,0,5
796,5,0,5
797,5,0,5
798,4,0,4
799,4,0,4
800,4,0,4
801,4,0,4
802,4,0,4
803,4,0,4
804,4,0,4
805,4,0,4
806,4,0,4
807,4,0,4
808,4,0,4
809,4,0,4
810,4,0,4
811,4,0,4
812,5,0,5
813,5,0,5
814,5,0,5
815,5,0,5
816,5,0,5
817,6,0,6
818,6,0,6
819,6,0,6
820,6,0,6
821,6,0,6
822,6,0,6
823,6,0,6
824,6,0,6
825,6,0,6
826,6,0,6
827,6,0,6
828,6,0,6
829,6,0,6
830,6,0,6
831,6,0,6
832,6,0,6
833,6,0,6
834,6,0,6
835,6,0,6
836,6,0,6
837,6,0,6
838,6,0,6
839,6,0,6
840,5,0,5
841,5,0,5
842,5,0,5
843,5,0,5
844,5,0,5
845,5,0,5
846,5,0,5
847,5,0,5
848,5,0,5
849,5,0,5
850,5,0,5
851,5,0,5
852,5,0,5
853,5,0,5
854,5,0,5
855,5,0,5
856,5,0,5
857,5,0,5
858,5,0,5
859,5,0,5
860,5,0,5
861,5,0,5
862,5,0,5
863,5,0,5
864,5,0,5
865,5,0,5
866,5,0,5
867,5,0,5
868,5,0,5
869,5,0,5
870,5,0,5
871,5,0,5
872,5,0,5
873,5,0,5
874,5,0,5
875,5,0,5
876,5,0,5
877,5,0,5
878,5,0,5
879,5,0,5
880,5,0,5
881,6,0,6
882,6,0,6
883,6,0,6
884,6,0,6
885,6,0,6
886,6,0,6
887,6,0,6
888,6,0,6
889,6,0,6
890,6,0,6
891,6,0,6
892,6,0,6
893,6,0,6
894,6,0,6
895,6,0,6
896,6,0,6
897,6,0,6
898,6,0,6
899,6,0,6
900,6,0,6
901,6,0,6
902,6,0,6
903,5,0,5
904,5,0,5
905,5,0,5
906,5,0,5
907,5,0,5
908,5,0,5
909,5,0,5
910,5,0,5
911,5,0,5
912,5,0,5
913,5,0,5
914,5,0,5
915,5,0,5
916,5,0,5
917,5,0,5
918,5,0,5
919,5,0,5
920,5,0,5
921,5,0,5
922,5,0,5
923,5,0,5
924,5,0,5
925,5,0,5
926,5,0,5
927,5,0,5
928,5,0,5
929,5,0,5
930,4,0,4
931,4,0,4
932,4,0,4
933,4,0,4
934,4,0,4
935,4,0,4
936,4,0,4
937,4,0,4
938,4,0,4
939,4,0,4
940,4,0,4
941,4,0,4
942,4,0,4
943,3,0,3
944,3,0,3
945,3,0,3
946,3,0,3
947,3,0,3
948,4,0,4
949,3,0,3
950,3,0,3
951,3,0,3
952,3,0,3
953,3,0,3
954,3,0,3
955,3,0,3
956,3,0,3
957,3,0,3
958,3,0,3
959,3,0,3
960,3,0,3
961,3,0,3
962,3,0,3
963,3,0,3
964,3,0,3
965,3,0,3
966,4,0,4
967,4,0,4
968,3,0,3
969,3,0,3
970,3,0,3
971,3,0,3
972,3,0,3
973,3,0,3
974,3,0,3
975,3,0,3
976,3,0,3
977,3,0,3
978,3,0,3
979,3,0,3
980,3,0,3
981,3,0,3
982,3,0,3
983,3,0,3
984,3,0,3
985,3,0,3
986,3,0,3
987,3,0,3
988,3,0,3
989,3,0,3
990,3,0,3
991,3,0,3
992,3,0,3
993,3,0,3
994,2,0,2
995,2,0,2
996,2,0,2
997,2,0,2
998,2,0,2
999,2,0,2
1000,2,0,2
1001,2,0,2
1002,2,0,2
1003,2,0,2
1004,2,0,2
1005,2,0,2
1006,2,0,2
1007,2,0,2
1008,2,0,2
1009,2,0,2
1010,2,0,2
1011,2,0,2
1012,2,0,2
1013,2,0,2
1014,2,0,2
1015,2,0,2
1016,2,0,2
1017,2,0,2
1018,2,0,2
1019,2,0,2
1020,2,0,2
1021,2,0,2
1022,2,0,2
1023,2,0,2
1024,2,0,2
1025,2,0,2
1026,2,0,2
1027,2,0,2
1028,2,0,2
1029,2,0,2
1030,2,0,2
1031,2,0,2
1032,2,0,2
1033,2,0,2
1034,2,0,2
1035,2,0,2
1036,2,0,2
1037,2,0,2
1038,2,0,2
1039,2,0,2
1040,2,0,2
1041,2,0,2
1042,2,0,2
1043,2,0,2
1044,2,0,2
1045,2,0,2
1046,2,0,2
1047,2,0,2
1048,2,0,2
1049,2,0,2
1050,2,0,2
1051,2,0,2
1052,2,0,2
1053,2,0,2
1054,2,0,2
1055,2,0,2
1056,2,0,2
1057,1,0,1
1058,1,0,1
1059,1,0,1
1060,1,0,1
1061,1,0,1
1062,1,0,1
1063,1,0,1
1064,1,0,1
1065,1,0,1
1066,1,0,1
1067,1,0,1
1068,1,0,1
1069,1,0,1
1070,1,0,1
1071,1,0,1
1072,1,0,1
1073,1,0,1
1074,1,0,1
1075,1,0,1
1076,1,0,1
1077,1,0,1
1078,1,0,1
1079,1,0,1
1080,1,0,1
1081,1,0,1
1082,1,0,1
1083,1,0,1
1084,1,0,1
1085,1,0,1
1086,1,0,1
1087,1,0,1
1088,1,0,1
1089,1,0,1
1090,1,0,1
1091,1,0,1
1092,1,0,1
1093,1,0,1
1094,1,0,1
1095,1,0,1
1096,1,0,1
1097,1,0,1
1098,1,0,1
1099,1,0,1
1100,1,0,1
1101,1,0,1
1102,1,0,1
1103,1,0,1
1104,1,0,1
1105,1,0,1
1106,1,0,1
1107,1,0,1
1108,1,0,1
1109,1,0,1
1110,1,0,1
1111,1,0,1
1112,1,0,1
1113,1,0,1
1114,1,0,1
1115,1,0,1
1116,1,0,1
1117,1,0,1
1118,1,0,1
1119,1,0,1
1120,1,0,1
1121,1,0,1
1122,1,0,1
1123,1,0,1
1124,1,0,1
1125,1,0,1
1126,1,0,1
1127,1,0,1
1128,1,0,1
1129,1,0,1
1130,1,0,1
1131,1,0,1
1132,1,0,1
1133,1,0,1
1134,1,0,1
1135,1,0,1
1136,1,0,1
1137,1,0,1
1138,1,0,1
1139,1,0,1
1140,1,0,1
1141,1,0,1
1142,1,0,1
1143,1,0,1
1144,1,0,1
1145,1,0,1
1146,1,0,1
1147,1,0,1
1148,1,0,1
1149,1,0,1
1150,1,0,1
1151,1,0,1
1152,1,0,1
1153,1,0,1
1154,1,0,1
1155,1,0,1
1156,1,0,1
1157,1,0,1
1158,1,0,1
1159,1,0,1
1160,1,0,1
1161,1,0,1
1162,1,0,1
1163,2,0,2
1164,2,0,2
1165,2,0,2
1166,3,0,3
1167,3,0,3
1168,3,0,3
1169,3,0,3
1170,3,0,3
1171,3,0,3
1172,3,0,3
1173,3,0,3
1174,3,0,3
1175,3,0,3
1176,3,0,3
1177,3,0,3
1178,3,0,3
1179,3,0,3
1180,3,0,3
1181,3,0,3
1182,3,0,3
1183,3,0,3
1184,3,0,3
1185,3,0,3
1186,3,0,3
1187,3,0,3
1188,3,0,3
1189,3,0,3
1190,3,0,3
1191,3,0,3
1192,3,0,3
1193,3,0,3
1194,3,0,3
1195,3,0,3
1196,3,0,3
1197,3,0,3
1198,3,0,3
1199,3,0,3
1200,3,0,3
1201,3,0,3
1202,3,0,3
1203,3,0,3
1204,3,0,3
1205,3,0,3
1206,3,0,3
1207,3,0,3
1208,3,0,3
1209,3,0,3
1210,3,0,3
1211,2,0,2
1212,2,0,2
1213,2,0,2
1214,1,0,1
1215,1,0,1
1216,1,0,1
1217,1,0,1
1218,1,0,1
1219,1,0,1
1220,1,0,1
1221,1,0,1
1222,1,0,1
1223,1,0,1
1224,1,0,1
1225,1,0,1
1226,1,0,1
1227,1,0,1
1228,1,0,1
1229,1,0,1
1230,1,0,1
1231,1,0,1
1232,1,0,1
1233,1,0,1
1234,1,0,1
1235,1,0,1
1236,1,0,1
1237,1,0,1
1238,1,0,1
1239,1,0,1
1240,1,0,1
1241,1,0,1
1242,1,0,1
1243,1,0,1
1244,1,0,1
1245,1,0,1
1246,1,0,1
1247,1,0,1
1248,1,0,1
1249,1,0,1
1250,1,0,1
1251,1,0,1
1252,1,0,1
1253,1,0,1
1254,1,0,1
1255,1,0,1
1256,1,0,1
1257,1,0,1
1258,1,0,1
1259,1,0,1
1260,1,0,1
1261,1,0,1
1262,1,0,1
1263,1,0,1
1264,1,0,1
1265,1,0,1
1266,1,0,1
1267,1,0,1
1268,1,0,1
1269,1,0,1
1270,1,0,1
1271,1,0,1
1272,1,0,1
1273,1,0,1
1274,1,0,1
1275,1,0,1
1276,1,0,1
1277,1,0,1
1278,1,0,1
1279,1,0,1
1280,1,0,1
1281,1,0,1
1282,1,0,1
1283,1,0,1
1284,1,0,1
1285,1,0,1
1286,1,0,1
1287,1,0,1
1288,1,0,1
1289,1,0,1
1290,1,0,1
1291,1,0,1
1292,1,0,1
1293,1,0,1
1294,1,0,1
1295,1,0,1
1296,1,0,1
1297,1,0,1
1298,1,0,1
1299,1,0,1
1300,1,0,1
1301,1,0,1
1302,1,0,1
1303,1,0,1
1304,1,0,1
1305,1,0,1
1306,1,0,1
1307,1,0,1
1308,1,0,1
1309,1,0,1
1310,1,0,1
1311,1,0,1
1312,1,0,1
1313,1,0,1
1314,1,0,1
1315,1,0,1
1316,1,0,1
1317,1,0,1
1318,1,0,1
1319,1,0,1
1320,1,0,1
1321,1,0,1
1322,1,0,1
1323,1,0,1
1324,2,0,2
1325,2,0,2
1326,2,0,2
1327,2,0,2
1328,2,0,2
1329,2,0,2
1330,2,0,2
1331,2,0,2
1332,2,0,2
1333,1,1,2
1334,1,1,2
1335,1,1,2
1336,1,1,2
1337,1,1,2
1338,1,1,2
1339,1,1,2
1340,1,1,2
1341,1,1,2
1342,1,1,2
1343,1,1,2
1344,1,1,2
1345,1,1,2
1346,1,1,2
1347,1,1,2
1348,1,1,2
1349,1,1,2
1350,0,2,2
1351,0,2,2
1352,0,2,2
1353,0,2,2
1354,0,2,2
1355,0,2,2
1356,0,2,2
1357,0,2,2
1358,1,1,2
1359,1,1,2
1360,1,1,2
1361,1,1,2
1362,2,0,2
1363,2,0,2
1364,2,0,2
1365,2,0,2
1366,2,0,2
1367,2,0,2
1368,2,0,2
1369,2,0,2
1370,2,0,2
1371,2,0,2
1372,2,0,2
1373,1,0,1
1374,1,0,1
1375,1,0,1
1376,1,0,1
1377,1,0,1
1378,1,0,1
1379,1,0,1
1380,1,0,1
1381,1,0,1
1382,0,0,0
1383,0,0,0
1384,0,0,0
1385,0,0,0
1386,0,0,0
1387,0,0,0
1388,0,0,0
1389,0,0,0
1390,0,0,0
1391,0,0,0
1392,0,0,0
1393,0,0,0
1394,0,0,0
1395,0,0,0
1396,0,0,0
1397,0,0,0
1398,0,0,0
1399,0,0,0
1400,0,0,0
1401,0,0,0
1402,0,0,0
1403,0,0,0
1404,0,0,0
1405,0,0,0
1406,0,0,0
1407,0,0,0
1408,0,0,0
1409,0,0,0
1410,0,0,0
1411,0,0,0
1412,0,0,0
1413,0,0,0
1414,0,0,0
1415,0,0,0
1416,0,0,0
1417,0,0,0
1418,0,0,0
1419,0,0,0
1420,0,0,0
1421,0,0,0
1422,0,0,0
1423,0,0,0
1424,0,0,0
1425,0,0,0
1426,0,0,0
1427,0,0,0
1428,0,0,0
1429,0,0,0
1430,0,0,0
1431,0,0,0
1432,0,0,0
1433,0,0,0
1434,0,0,0
1435,0,0,0
1436,0,0,0
1437,0,0,0
1438,0,0,0
1439,0,0,0
1440,0,0,0
1441,0,0,0
1442,0,0,0
1443,0,0,0
1444,0,0,0
1445,0,0,0
1446,0,0,0
1447,0,0,0
1448,0,0,0
1449,0,0,0
1450,0,0,0
1451,0,0,0
1452,0,0,0
1453,0,0,0
1454,0,0,0
1455,0,0,0
1456,0,0,0
1457,0,0,0
1458,0,0,0
1459,0,0,0
1460,0,0,0
1461,0,0,0
1462,0,0,0
1463,0,0,0
1464,0,0,0
1465,0,0,0
1466,1,0,1
1467,1,0,1
1468,1,0,1
1469,1,0,1
1470,1,0,1
1471,1,0,1
1472,1,0,1
1473,1,0,1
1474,1,0,1
1475,1,0,1
1476,1,0,1
1477,1,0,1
1478,1,0,1
1479,1,0,1
1480,1,0,1
1481,1,0,1
1482,1,0,1
1483,1,0,1
1484,1,0,1
1485,1,0,1
1486,1,0,1
1487,1,0,1
1488,1,0,1
1489,1,0,1
1490,1,0,1
1491,1,0,1
1492,1,0,1
1493,1,0,1
1494,1,0,1
1495,1,0,1
1496,1,0,1
1497,1,0,1
1498,1,0,1
1499,1,0,1
1500,1,0,1
1501,1,0,1
1502,1,0,1
1503,1,0,1
1504,1,0,1
1505,1,0,1
1506,1,0,1
1507,1,0,1
1508,1,0,1
1509,1,0,1
1510,1,0,1
1511,1,0,1
1512,1,0,1
1513,1,0,1
1514,1,0,1
1515,1,0,1
1516,1,0,1
1517,1,0,1
1518,1,0,1
1519,1,0,1
1520,1,0,1
1521,1,0,1
1522,1,0,1
1523,1,0,1
1524,1,0,1
1525,1,0,1
1526,1,0,1
1527,1,0,1
1528,1,0,1
1529,1,0,1
1530,1,0,1
1531,1,0,1
1532,1,0,1
1533,1,0,1
1534,1,0,1
1535,1,0,1
1536,1,0,1
1537,1,0,1
1538,1,0,1
1539,1,0,1
1540,1,0,1
1541,1,0,1
1542,1,0,1
1543,1,0,1
1544,1,0,1
1545,1,0,1
1546,1,0,1
1547,1,0,1
1548,1,0,1
1549,1,0,1
1550,1,0,1
1551,1,0,1
1552,1,0,1
1553,1,0,1
1554,1,0,1
1555,1,0,1
1556,1,0,1
1557,1,0,1
1558,1,0,1
1559,1,0,1
1560,1,0,1
1561,1,0,1
1562,1,0,1
1563,1,0,1
1564,1,0,1
1565,1,0,1
1566,1,0,1
1567,1,0,1
1568,1,0,1
1569,1,0,1
1570,1,0,1
1571,1,0,1
1572,1,0,1
1573,1,0,1
1574,1,0,1
1575,1,0,1
1576,1,0,1
1577,1,0,1
1578,1,0,1
1579,1,0,1
1580,1,0,1
1581,1,0,1
1582,1,0,1
1583,1,0,1
1584,1,0,1
1585,1,0,1
1586,1,0,1
1587,1,0,1
1588,1,0,1
1589,1,0,1
1590,1,0,1
1591,1,0,1
1592,1,0,1
1593,1,0,1
1594,1,0,1
1595,1,0,1
1596,1,0,1
1597,1,0,1
1598,1,0,1
1599,0,0,0
1600,0,0,0
1601,0,0,0
1602,0,0,0
1603,0,0,0
1604,0,0,0
1605,0,0,0
1606,0,0,0
1607,0,0,0
1608,0,0,0
1609,0,0,0
1610,0,0,0
1611,0,0,0
1612,0,0,0
1613,0,0,0
1614,0,0,0
1615,0,0,0
1616,0,0,0
1617,0,0,0
1618,0,0,0
1619,0,0,0
1620,0,0,0
1621,0,0,0
1622,0,0,0
1623,0,0,0
1624,0,0,0
1625,0,0,0
1626,0,0,0
1627,0,0,0
1628,0,0,0
1629,0,0,0
1630,0,0,0
1631,0,0,0
1632,0,0,0
1633,0,0,0
1634,0,0,0
1635,0,0,0
1636,0,0,0
1637,0,0,0
1638,0,0,0
1639,0,0,0
1640,0,0,0
1641,0,0,0
1642,0,0,0
1643,0,0,0
1644,0,0,0
1645,0,0,0
1646,0,0,0
1647,0,0,0
1648,0,0,0
1649,0,0,0
1650,0,0,0
1651,0,0,0
1652,0,0,0
1653,0,0,0
1654,0,0,0
1655,0,0,0
1656,0,0,0
1657,0,0,0
1658,0,0,0
1659,0,0,0
1660,0,0,0
1661,0,0,0
1662,0,0,0
1663,0,0,0
1664,0,0,0
1665,0,0,0
1666,0,0,0
1667,0,0,0
1668,0,0,0
1669,0,0,0
1670,0,0,0
1671,0,0,0
1672,0,0,0
1673,0,0,0
1674,0,0,0
1675,0,0,0
1676,0,0,0
1677,0,0,0
1678,1,0,1
1679,1,0,1
1680,1,0,1
1681,1,0,1
1682,1,0,1
1683,1,0,1
1684,1,0,1
1685,1,0,1
1686,1,0,1
1687,1,0,1
1688,1,0,1
1689,1,0,1
1690,1,0,1
1691,1,0,1
1692,1,0,1
1693,1,0,1
1694,1,0,1
1695,1,0,1
1696,1,0,1
1697,1,0,1
1698,1,0,1
1699,1,0,1
1700,1,0,1
1701,1,0,1
1702,1,0,1
1703,1,0,1
1704,1,0,1
1705,1,0,1
1706,1,0,1
1707,1,0,1
1708,1,0,1
1709,1,0,1
1710,1,0,1
1711,1,0,1
1712,1,0,1
1713,1,0,1
1714,1,0,1
1715,1,0,1
1716,0,0,0
1717,0,0,0
1718,0,0,0
1719,0,0,0
1720,0,0,0
1721,0,0,0
1722,0,0,0
1723,0,0,0
1724,0,0,0
1725,0,0,0
1726,0,0,0
1727,0,0,0
1728,0,0,0
1729,0,0,0
1730,0,0,0
1731,0,0,0
1732,0,0,0
1733,0,0,0
1734,0,0,0
1735,0,0,0
1736,0,0,0
1737,0,0,0
1738,0,0,0
1739,0,0,0
1740,0,0,0
1741,0,0,0
1742,0,0,0
1743,0,0,0
1744,0,0,0
1745,0,0,0
1746,0,0,0
1747,0,0,0
1748,0,0,0
1749,0,0,0
1750,0,0,0
1751,0,0,0
1752,0,0,0
1753,0,0,0
1754,0,0,0
1755,0,0,0
1756,0,0,0
1757,0,0,0
1758,0,0,0
1759,0,0,0
1760,0,0,0
1761,0,0,0
1762,0,0,0
1763,0,0,0
1764,0,0,0
1765,0,0,0
1766,0,0,0
1767,0,0,0
1768,0,0,0
1769,0,0,0
1770,0,0,0
1771,0,0,0
1772,0,0,0
1773,0,0,0
1774,0,0,0
1775,0,0,0
1776,0,0,0
1777,0,0,0
1778,0,0,0
1779,0,0,0
1780,0,0,0
1781,0,0,0
1782,1,0,1
1783,1,0,1
1784,1,0,1
1785,1,0,1
1786,1,0,1
1787,1,0,1
1788,1,0,1
1789,1,0,1
1790,1,0,1
1791,1,0,1
1792,1,0,1
1793,1,0,1
1794,1,0,1
1795,1,0,1
1796,1,0,1
1797,1,0,1
1798,1,0,1
1799,1,0,1
1800,1,0,1
1801,1,0,1
1802,1,0,1
1803,1,0,1
1804,1,0,1
1805,1,0,1
1806,1,0,1
1807,1,0,1
1808,1,0,1
1809,1,0,1
1810,1,0,1
1811,1,0,1
1812,1,0,1
1813,1,0,1
1814,1,0,1
1815,2,0,2
1816,2,0,2
1817,2,0,2
1818,2,0,2
1819,2,0,2
1820,2,0,2
1821,2,0,2
1822,2,0,2
1823,2,0,2
1824,1,0,1
1825,1,0,1
1826,1,0,1
1827,1,0,1
1828,1,0,1
1829,1,0,1
1830,1,0,1
1831,1,0,1
1832,1,0,1
1833,1,0,1
1834,1,0,1
1835,1,0,1
1836,1,0,1
1837,1,0,1
1838,1,0,1
1839,1,0,1
1840,1,0,1
1841,1,0,1
1842,1,0,1
1843,1,0,1
1844,1,0,1
1845,1,0,1
1846,1,0,1
1847,1,0,1
1848,1,0,1
1849,1,0,1
1850,1,0,1
1851,1,0,1
1852,1,0,1
1853,1,0,1
1854,1,0,1
1855,1,0,1
1856,1,0,1
1857,1,0,1
1858,1,0,1
1859,1,0,1
1860,1,0,1
1861,1,0,1
1862,1,0,1
1863,1,0,1
1864,1,0,1
1865,1,0,1
1866,1,0,1
1867,1,0,1
1868,1,0,1
1869,1,0,1
1870,1,0,1
1871,1,0,1
1872,1,0,1
1873,1,0,1
1874,1,0,1
1875,1,0,1
1876,1,0,1
1877,1,0,1
1878,1,0,1
1879,1,0,1
1880,1,0,1
1881,1,0,1
1882,1,0,1
1883,1,0,1
1884,1,0,1
1885,1,0,1
1886,1,0,1
1887,1,0,1
1888,1,0,1
1889,1,0,1
1890,1,0,1
1891,1,0,1
1892,1,0,1
1893,1,0,1
1894,1,0,1
1895,1,0,1
1896,1,0,1
1897,1,0,1
1898,1,0,1
1899,1,0,1
1900,1,0,1
1901,1,0,1
1902,1,0,1
1903,1,0,1
1904,1,0,1
1905,1,0,1
1906,1,0,1
1907,1,0,1
1908,1,0,1
1909,1,0,1
1910,1,0,1
1911,1,0,1
1912,1,0,1
1913,1,0,1
1914,1,0,1
1915,1,0,1
1916,1,0,1
1917,1,0,1
1918,1,0,1
1919,1,0,1
1920,1,0,1
1921,1,0,1
1922,1,0,1
1923,1,0,1
1924,1,0,1
1925,1,0,1
1926,1,0,1
1927,1,0,1
1928,1,0,1
1929,1,0,1
1930,1,0,1
1931,1,0,1
1932,1,0,1
1933,1,0,1
1934,1,0,1
1935,1,0,1
1936,1,0,1
1937,1,0,1
1938,1,0,1
1939,1,0,1
1940,1,0,1
1941,1,0,1
1942,1,0,1
1943,1,0,1
1944,1,0,1
1945,1,0,1
1946,1,0,1
1947,1,0,1
1948,1,0,1
1949,1,0,1
1950,1,0,1
1951,1,0,1
1952,1,0,1
1953,1,0,1
1954,1,0,1
1955,1,0,1
1956,1,0,1
1957,1,0,1
1958,1,0,1
1959,1,0,1
1960,1,0,1
1961,1,0,1
1962,1,0,1
1963,1,0,1
1964,1,0,1
1965,1,0,1
1966,1,0,1
1967,1,0,1
1968,1,0,1
1969,1,0,1
1970,1,0,1
1971,1,0,1
1972,1,0,1
1973,1,0,1
1974,1,0,1
1975,1,0,1
1976,1,0,1
1977,1,0,1
1978,1,0,1
1979,1,0,1
1980,1,0,1
1981,1,0,1
1982,1,0,1
1983,1,0,1
1984,1,0,1
1985,1,0,1
1986,1,0,1
1987,1,0,1
1988,1,0,1
1989,1,0,1
1990,1,0,1
1991,1,0,1
1992,1,0,1
1993,1,0,1
1994,1,0,1
1995,1,0,1
1996,1,0,1
1997,1,0,1
1998,1,0,1
1999,1,0,1
2000,1,0,1
2001,1,0,1
2002,1,0,1
2003,1,0,1
2004,1,0,1
2005,1,0,1
2006,1,0,1
2007,1,0,1
2008,1,0,1
2009,1,0,1
2010,1,0,1
2011,1,0,1
2012,1,0,1
2013,1,0,1
2014,1,0,1
2015,1,0,1
2016,1,0,1
2017,1,0,1
2018,1,0,1
2019,1,0,1
2020,1,0,1
2021,1,0,1
2022,1,0,1
2023,1,0,1
2024,1,0,1
2025,1,0,1
2026,1,0,1
2027,1,0,1
2028,1,0,1
2029,1,0,1
2030,1,0,1
2031,1,0,1
2032,1,0,1
2033,1,0,1
2034,1,0,1
2035,1,0,1
2036,1,0,1
2037,1,0,1
2038,1,0,1
2039,1,0,1
2040,1,0,1
2041,1,0,1
2042,1,0,1
2043,1,0,1
2044,1,0,1
2045,1,0,1
2046,1,0,1
2047,1,0,1
2048,1,0,1
2049,1,0,1
2050,1,0,1
2051,1,0,1
2052,1,0,1
2053,1,0,1
2054,1,0,1
2055,1,0,1
2056,2,0,2
2057,2,0,2
2058,2,0,2
2059,2,0,2
2060,2,0,2
2061,2,0,2
2062,2,0,2
2063,2,0,2
2064,2,0,2
2065,2,0,2
2066,2,0,2
2067,2,0,2
2068,2,0,2
2069,2,0,2
2070,2,0,2
2071,2,0,2
2072,2,0,2
2073,2,0,2
2074,2,0,2
2075,2,0,2
2076,2,0,2
2077,2,0,2
2078,2,0,2
2079,2,0,2
2080,2,0,2
2081,2,0,2
2082,2,0,2
2083,2,0,2
2084,2,0,2
2085,2,0,2
2086,2,0,2
2087,2,0,2
2088,2,0,2
2089,2,0,2
2090,2,0,2
2091,2,0,2
2092,2,0,2
2093,2,0,2
2094,2,0,2
2095,2,0,2
2096,2,0,2
2097,1,0,1
2098,1,0,1
2099,1,0,1
2100,1,0,1
2101,1,0,1
2102,1,0,1
2103,1,0,1
2104,1,0,1
2105,1,0,1
2106,1,0,1
2107,1,0,1
2108,1,0,1
2109,1,0,1
2110,1,0,1
2111,1,0,1
2112,1,0,1
2113,1,0,1
2114,1,0,1
2115,1,0,1
2116,1,0,1
2117,1,0,1
2118,1,0,1
2119,1,0,1
2120,1,0,1
2121,1,0,1
2122,1,0,1
2123,1,0,1
2124,1,0,1
2125,1,0,1
2126,1,0,1
2127,1,0,1
2128,1,0,1
2129,1,0,1
2130,1,0,1
2131,1,0,1
2132,1,0,1
2133,1,0,1
2134,1,0,1
2135,1,0,1
2136,1,0,1
2137,1,0,1
2138,1,0,1
2139,1,0,1
2140,1,0,1
2141,1,0,1
2142,1,0,1
2143,1,0,1
2144,1,0,1
2145,1,0,1
2146,1,0,1
2147,1,0,1
2148,1,0,1
2149,1,0,1
2150,1,0,1
2151,1,0,1
2152,1,0,1
2153,1,0,1
2154,1,0,1
2155,1,0,1
2156,1,0,1
2157,1,0,1
2158,1,0,1
2159,1,0,1
2160,1,0,1
2161,1,0,1
2162,1,0,1
2163,2,0,2
2164,2,0,2
2165,2,0,2
2166,2,0,2
2167,2,0,2
2168,2,0,2
2169,2,0,2
2170,2,0,2
2171,2,0,2
2172,2,0,2
2173,2,0,2
2174,2,0,2
2175,2,0,2
2176,2,0,2
2177,2,0,2
2178,2,0,2
2179,2,0,2
2180,2,0,2
2181,2,0,2
2182,2,0,2
2183,2,0,2
2184,2,0,2
2185,2,0,2
2186,2,0,2
2187,2,0,2
2188,2,0,2
2189,2,0,2
2190,2,0,2
2191,2,0,2
2192,2,0,2
2193,2,0,2
2194,2,0,2
2195,2,0,2
2196,2,0,2
2197,2,0,2
2198,2,0,2
2199,2,0,2
2200,2,0,2
2201,2,0,2
2202,2,0,2
2203,2,0,2
2204,2,0,2
2205,2,0,2
2206,2,0,2
2207,2,0,2
2208,2,0,2
2209,2,0,2
2210,2,0,2
2211,2,0,2
2212,2,0,2
2213,2,0,2
2214,2,0,2
2215,2,0,2
2216,2,0,2
2217,2,0,2
2218,2,0,2
2219,2,0,2
2220,2,0,2
2221,2,0,2
2222,2,0,2
2223,2,0,2
2224,2,0,2
2225,2,0,2
2226,2,0,2
2227,2,0,2
2228,2,0,2
2229,2,0,2
2230,2,0,2
2231,2,0,2
2232,2,0,2
2233,2,0,2
2234,2,0,2
2235,2,0,2
2236,2,0,2
2237,2,0,2
2238,2,0,2
2239,2,0,2
2240,2,0,2
2241,2,0,2
2242,2,0,2
2243,2,0,2
2244,2,0,2
2245,2,0,2
2246,2,0,2
2247,2,0,2
2248,2,0,2
2249,2,0,2
2250,2,0,2
2251,2,0,2
2252,2,0,2
2253,2,0,2
2254,2,0,2
2255,2,0,2
2256,2,0,2
2257,2,0,2
2258,2,0,2
2259,2,0,2
2260,2,0,2
2261,2,0,2
2262,2,0,2
2263,2,0,2
2264,2,0,2
2265,2,0,2
2266,2,0,2
2267,3,0,3
2268,3,0,3
2269,3,0,3
2270,3,0,3
2271,3,0,3
2272,3,0,3
2273,3,0,3
2274,3,0,3
2275,3,0,3
2276,3,0,3
2277,3,0,3
2278,3,0,3
2279,3,0,3
2280,3,0,3
2281,3,0,3
2282,3,0,3
2283,3,0,3
2284,3,0,3
2285,3,0,3
2286,3,0,3
2287,3,0,3
2288,3,0,3
2289,3,0,3
2290,3,0,3
2291,3,0,3
2292,3,0,3
2293,4,0,4
2294,4,0,4
2295,4,0,4
2296,4,0,4
2297,4,0,4
2298,4,0,4
2299,4,0,4
2300,4,0,4
2301,4,0,4
2302,4,0,4
2303,4,0,4
2304,4,0,4
2305,4,0,4
2306,4,0,4
2307,4,0,4
2308,4,0,4
2309,4,0,4
2310,4,0,4
2311,4,0,4
2312,4,0,4
2313,4,0,4
2314,4,0,4
2315,3,0,3
2316,4,0,4
2317,3,0,3
2318,3,0,3
2319,4,0,4
2320,4,0,4
2321,4,0,4
2322,4,0,4
2323,4,0,4
2324,4,0,4
2325,4,0,4
2326,4,0,4
2327,4,0,4
2328,4,0,4
2329,4,0,4
2330,4,0,4
2331,4,0,4
2332,4,0,4
2333,4,0,4
2334,4,0,4
2335,4,0,4
2336,4,0,4
2337,3,0,3
2338,3,0,3
2339,3,0,3
2340,3,0,3
2341,3,0,3
2342,3,0,3
2343,4,0,4
2344,4,0,4
2345,4,0,4
2346,4,0,4
2347,4,0,4
2348,4,0,4
2349,4,0,4
2350,4,0,4
2351,4,0,4
2352,4,0,4
2353,4,0,4
2354,4,0,4
2355,4,0,4
2356,4,0,4
2357,4,0,4
2358,4,0,4
2359,4,0,4
2360,4,0,4
2361,4,0,4
2362,4,0,4
2363,4,0,4
2364,4,0,4
2365,4,0,4
2366,4,0,4
2367,4,0,4
2368,4,0,4
2369,4,0,4
2370,4,0,4
2371,4,0,4
2372,4,0,4
2373,4,0,4
2374,4,0,4
2375,4,0,4
2376,4,0,4
2377,4,0,4
2378,4,0,4
2379,4,0,4
2380,4,0,4
2381,4,0,4
2382,4,0,4
2383,4,0,4
2384,4,0,4
2385,4,0,4
2386,4,0,4
2387,4,0,4
2388,4,0,4
2389,4,0,4
2390,4,0,4
2391,4,0,4
2392,4,0,4
2393,5,0,5
2394,5,0,5
2395,5,0,5
2396,5,0,5
2397,5,0,5
2398,5,0,5
2399,6,0,6
2400,6,0,6
2401,6,0,6
2402,6,0,6
2403,6,0,6
2404,5,0,5
2405,5,0,5
2406,5,0,5
2407,5,0,5
2408,5,0,5
2409,5,0,5
2410,5,0,5
2411,5,0,5
2412,4,0,4
2413,4,0,4
2414,4,0,4
2415,4,0,4
2416,4,0,4
2417,4,0,4
2418,4,0,4
2419,4,0,4
2420,4,0,4
2421,4,0,4
2422,4,0,4
2423,4,0,4
2424,4,0,4
2425,4,0,4
2426,4,0,4
2427,4,0,4
2428,4,0,4
2429,4,0,4
2430,4,0,4
2431,4,0,4
2432,4,0,4
2433,4,0,4
2434,4,0,4
2435,4,0,4
2436,4,0,4
2437,4,0,4
2438,4,0,4
2439,4,0,4
2440,4,0,4
2441,4,0,4
2442,4,0,4
2443,4,0,4
2444,4,0,4
2445,4,0,4
2446,4,0,4
2447,4,0,4
2448,4,0,4
2449,4,0,4
2450,4,0,4
2451,4,0,4
2452,4,0,4
2453,4,0,4
2454,4,0,4
2455,4,0,4
2456,4,0,4
2457,4,0,4
2458,4,0,4
2459,4,0,4
2460,4,0,4
2461,4,0,4
2462,4,0,4
2463,4,0,4
2464,4,0,4
2465,4,0,4
2466,4,0,4
2467,4,0,4
2468,4,0,4
2469,4,0,4
2470,4,0,4
2471,4,0,4
2472,4,0,4
2473,4,0,4
2474,4,0,4
2475,4,0,4
2476,4,0,4
2477,4,0,4
2478,4,0,4
2479,4,0,4
2480,4,0,4
2481,4,0,4
2482,4,0,4
2483,4,0,4
2484,4,0,4
2485,4,0,4
2486,4,0,4
2487,4,0,4
2488,4,0,4
2489,4,0,4
2490,4,0,4
2491,4,0,4
2492,4,0,4
2493,4,0,4
2494,4,0,4
2495,4,0,4
2496,4,0,4
2497,4,0,4
2498,4,0,4
2499,4,0,4
2500,4,0,4
2501,4,0,4
2502,4,0,4
2503,4,0,4
2504,4,0,4
2505,4,0,4
2506,4,0,4
2507,4,0,4
2508,4,0,4
2509,4,0,4
2510,4,0,4
2511,4,0,4
2512,4,0,4
2513,4,0,4
2514,4,0,4
2515,4,0,4
2516,4,0,4
2517,4,0,4
2518,4,0,4
2519,4,0,4
2520,4,0,4
2521,4,0,4
2522,4,0,4
2523,4,0,4
2524,4,0,4
2525,4,0,4
2526,4,0,4
2527,4,0,4
2528,4,0,4
2529,4,0,4
2530,4,0,4
2531,4,0,4
2532,4,0,4
2533,4,0,4
2534,4,0,4
2535,4,0,4
2536,4,0,4
2537,4,0,4
2538,4,0,4
2539,4,0,4
2540,4,0,4
2541,4,0,4
2542,4,0,4
2543,4,0,4
2544,4,0,4
2545,4,0,4
2546,4,0,4
2547,4,0,4
2548,4,0,4
2549,4,0,4
2550,4,0,4
2551,4,0,4
2552,3,0,3
2553,3,0,3
2554,3,0,3
2555,3,0,3
2556,3,0,3
2557,3,0,3
2558,3,0,3
2559,3,0,3
2560,3,0,3
2561,3,0,3
2562,3,0,3
2563,3,0,3
2564,3,0,3
2565,3,0,3
2566,3,0,3
2567,3,0,3
2568,3,0,3
2569,3,0,3
2570,3,0,3
2571,4,0,4
2572,4,0,4
2573,4,0,4
2574,4,0,4
2575,4,0,4
2576,4,0,4
2577,4,0,4
2578,4,0,4
2579,4,0,4
2580,4,0,4
2581,4,0,4
2582,4,0,4
2583,3,0,3
2584,3,0,3
2585,3,0,3
2586,3,0,3
2587,2,0,2
2588,2,0,2
2589,2,0,2
2590,3,0,3
2591,3,0,3
2592,3,0,3
2593,3,0,3
2594,3,0,3
2595,3,0,3
2596,3,0,3
2597,3,0,3
2598,3,0,3
2599,3,0,3
2600,3,0,3
2601,3,0,3
2602,3,0,3
2603,3,0,3
2604,3,0,3
2605,3,0,3
2606,3,0,3
2607,3,0,3
2608,3,0,3
2609,3,0,3
2610,3,0,3
2611,3,0,3
2612,3,0,3
2613,3,0,3
2614,3,0,3
2615,3,0,3
2616,3,0,3
2617,3,0,3
2618,3,0,3
2619,3,0,3
2620,3,0,3
2621,3,0,3
2622,3,0,3
2623,3,0,3
2624,3,0,3
2625,3,0,3
2626,3,0,3
2627,3,0,3
2628,3,0,3
2629,3,0,3
2630,3,0,3
2631,3,0,3
2632,3,0,3
2633,3,0,3
2634,3,0,3
2635,3,0,3
2636,3,0,3
2637,3,0,3
2638,3,0,3
2639,3,0,3
2640,3,0,3
2641,3,0,3
2642,3,0,3
2643,3,0,3
2644,3,0,3
2645,3,0,3
2646,3,0,3
2647,3,0,3
2648,3,0,3
2649,3,0,3
2650,3,0,3
2651,3,0,3
2652,3,0,3
2653,2,0,2
2654,2,0,2
2655,2,0,2
2656,2,0,2
2657,2,0,2
2658,2,0,2
2659,2,0,2
2660,2,0,2
2661,2,0,2
2662,2,0,2
2663,2,0,2
2664,2,0,2
2665,2,0,2
2666,2,0,2
2667,2,0,2
2668,2,0,2
2669,2,0,2
2670,2,0,2
2671,2,0,2
2672,2,0,2
2673,2,0,2
2674,2,0,2
2675,2,0,2
2676,2,0,2
2677,2,0,2
2678,2,0,2
2679,2,0,2
2680,2,0,2
2681,2,0,2
2682,2,0,2
2683,2,0,2
2684,2,0,2
2685,2,0,2
2686,2,0,2
2687,2,0,2
2688,2,0,2
2689,2,0,2
2690,2,0,2
2691,2,0,2
2692,2,0,2
2693,2,0,2
2694,2,0,2
2695,2,0,2
2696,2,0,2
2697,2,0,2
2698,2,0,2
2699,2,0,2
2700,2,0,2
2701,2,0,2
2702,2,0,2
2703,2,0,2
2704,2,0,2
2705,2,0,2
2706,2,0,2
2707,2,0,2
2708,2,0,2
2709,2,0,2
2710,2,0,2
2711,2,0,2
2712,2,0,2
2713,2,0,2
2714,2,0,2
2715,2,0,2
2716,2,0,2
2717,2,0,2
2718,2,0,2
2719,2,0,2
2720,2,0,2
2721,2,0,2
2722,2,0,2
2723,2,0,2
2724,2,0,2
2725,2,0,2
2726,2,0,2
2727,2,0,2
2728,2,0,2
2729,2,0,2
2730,2,0,2
2731,2,0,2
2732,2,0,2
2733,2,0,2
2734,2,0,2
2735,2,0,2
2736,2,0,2
2737,2,0,2
2738,2,0,2
2739,2,0,2
2740,2,0,2
2741,2,0,2
2742,2,0,2
2743,2,0,2
2744,2,0,2
2745,2,0,2
2746,2,0,2
2747,2,0,2
2748,2,0,2
2749,2,0,2
2750,2,0,2
2751,2,0,2
2752,2,0,2
2753,2,0,2
2754,2,0,2
2755,2,0,2
2756,2,0,2
2757,2,0,2
2758,2,0,2
2759,2,0,2
2760,2,0,2
2761,2,0,2
2762,2,0,2
2763,2,0,2
2764,2,0,2
2765,2,0,2
2766,2,0,2
2767,2,0,2
2768,2,0,2
2769,2,0,2
2770,2,0,2
2771,2,0,2
2772,2,0,2
2773,2,0,2
2774,3,0,3
2775,3,0,3
2776,3,0,3
2777,3,0,3
2778,3,0,3
2779,3,0,3
2780,3,0,3
2781,3,0,3
2782,3,0,3
2783,3,0,3
2784,3,0,3
2785,3,0,3
2786,3,0,3
2787,3,0,3
2788,3,0,3
2789,3,0,3
2790,3,0,3
2791,3,0,3
2792,4,0,4
2793,4,0,4
2794,4,0,4
2795,4,0,4
2796,4,0,4
2797,4,0,4
2798,4,0,4
2799,4,0,4
2800,4,0,4
2801,4,0,4
2802,4,0,4
2803,4,0,4
2804,4,0,4
2805,4,0,4
2806,4,0,4
2807,4,0,4
2808,4,0,4
2809,4,0,4
2810,4,0,4
2811,4,0,4
2812,4,0,4
2813,4,0,4
2814,4,0,4
2815,4,0,4
2816,4,0,4
2817,4,0,4
2818,4,0,4
2819,4,0,4
2820,4,0,4
2821,4,0,4
2822,4,0,4
2823,4,0,4
2824,4,0,4
2825,4,0,4
2826,4,0,4
2827,4,0,4
2828,4,0,4
2829,4,0,4
2830,4,0,4
2831,4,0,4
2832,4,0,4
2833,4,0,4
2834,4,0,4
2835,4,0,4
2836,4,0,4
2837,4,0,4
2838,4,0,4
2839,4,0,4
2840,4,0,4
2841,4,0,4
2842,3,0,3
2843,3,0,3
2844,3,0,3
2845,3,0,3
2846,3,0,3
2847,3,0,3
2848,3,0,3
2849,3,0,3
2850,3,0,3
2851,3,0,3
2852,3,0,3
2853,3,0,3
2854,3,0,3
2855,3,0,3
2856,3,0,3
2857,3,0,3
2858,3,0,3
2859,3,0,3
2860,3,0,3
2861,3,0,3
2862,3,0,3
2863,3,0,3
2864,3,0,3
2865,3,0,3
2866,3,0,3
2867,3,0,3
2868,3,0,3
2869,3,0,3
2870,3,0,3
2871,3,0,3
2872,3,0,3
2873,3,0,3
2874,3,0,3
2875,3,0,3
2876,3,0,3
2877,3,0,3
2878,3,0,3
2879,3,0,3
2880,3,0,3
2881,3,0,3
2882,3,0,3
2883,3,0,3
2884,2,0,2
2885,2,0,2
2886,2,0,2
2887,2,0,2
2888,2,0,2
2889,2,0,2
2890,2,0,2
2891,2,0,2
2892,2,0,2
2893,2,0,2
2894,2,0,2
2895,2,0,2
2896,2,0,2
2897,2,0,2
2898,2,0,2
2899,2,0,2
2900,2,0,2
2901,2,0,2
2902,2,0,2
2903,2,0,2
2904,2,0,2
2905,2,0,2
2906,2,0,2
2907,2,0,2
2908,2,0,2
2909,2,0,2
2910,2,0,2
2911,2,0,2
2912,2,0,2
2913,2,0,2
2914,2,0,2
2915,2,0,2
2916,2,0,2
2917,2,0,2
2918,2,0,2
2919,2,0,2
2920,2,0,2
2921,2,0,2
2922,2,0,2
2923,2,0,2
2924,2,0,2
2925,2,0,2
2926,2,0,2
2927,2,0,2
2928,2,0,2
2929,2,0,2
2930,2,0,2
2931,2,0,2
2932,2,0,2
2933,2,0,2
2934,2,0,2
2935,2,0,2
2936,2,0,2
2937,2,0,2
2938,2,0,2
2939,2,0,2
2940,2,0,2
2941,2,0,2
2942,2,0,2
2943,2,0,2
2944,3,0,3
2945,3,0,3
2946,3,0,3
2947,3,0,3
2948,3,0,3
2949,3,0,3
2950,3,0,3
2951,3,0,3
2952,3,0,3
2953,3,0,3
2954,3,0,3
2955,3,0,3
2956,3,0,3
2957,3,0,3
2958,3,0,3
2959,3,0,3
2960,3,0,3
2961,3,0,3
2962,3,0,3
2963,3,0,3
2964,3,0,3
2965,3,0,3
2966,3,0,3
2967,3,0,3
2968,3,0,3
2969,3,0,3
2970,3,0,3
2971,3,0,3
2972,3,0,3
2973,3,0,3
2974,3,0,3
2975,3,0,3
2976,3,0,3
2977,3,0,3
2978,3,0,3
2979,3,0,3
2980,3,0,3
2981,2,0,2
2982,2,0,2
2983,2,0,2
2984,2,0,2
2985,2,0,2
2986,2,0,2
2987,2,0,2
2988,2,0,2
2989,2,0,2
2990,2,0,2
2991,2,0,2
2992,2,0,2
2993,2,0,2
2994,2,0,2
2995,2,0,2
2996,2,0,2
2997,2,0,2
2998,2,0,2
2999,2,0,2
3000,2,0,2
3001,2,0,2
3002,2,0,2
3003,2,0,2
3004,2,0,2
3005,2,0,2
3006,2,0,2
3007,2,0,2
3008,2,0,2
3009,2,0,2
3010,2,0,2
3011,2,0,2
3012,2,0,2
3013,2,0,2
3014,2,0,2
3015,2,0,2
3016,2,0,2
3017,2,0,2
3018,2,0,2
3019,2,0,2
3020,2,0,2
3021,2,0,2
3022,2,0,2
3023,2,0,2
3024,2,0,2
3025,2,0,2
3026,2,0,2
3027,2,0,2
3028,2,0,2
3029,2,0,2
3030,2,0,2
3031,2,0,2
3032,2,0,2
3033,2,0,2
3034,2,0,2
3035,2,0,2
3036,2,0,2
3037,2,0,2
3038,2,0,2
3039,2,0,2
3040,2,0,2
3041,2,0,2
3042,2,0,2
3043,2,0,2
3044,2,0,2
3045,2,0,2
3046,2,0,2
3047,2,0,2
3048,2,0,2
3049,2,0,2
3050,2,0,2
3051,2,0,2
3052,2,0,2
3053,2,0,2
3054,2,0,2
3055,2,0,2
3056,2,0,2
3057,2,0,2
3058,2,0,2
3059,2,0,2
3060,2,0,2
3061,2,0,2
3062,2,0,2
3063,2,0,2
3064,2,0,2
3065,2,0,2
3066,2,0,2
3067,2,0,2
3068,2,0,2
3069,2,0,2
3070,2,0,2
3071,2,0,2
3072,2,0,2
3073,2,0,2
3074,2,0,2
3075,2,0,2
3076,2,0,2
3077,2,0,2
3078,2,0,2
3079,2,0,2
3080,2,0,2
3081,2,0,2
3082,2,0,2
3083,2,0,2
3084,1,0,1
3085,1,0,1
3086,1,0,1
3087,1,0,1
3088,1,0,1
3089,1,0,1
3090,1,0,1
3091,1,0,1
3092,1,0,1
3093,1,0,1
3094,1,0,1
3095,1,0,1
3096,1,0,1
3097,1,0,1
3098,1,0,1
3099,1,0,1
3100,1,0,1
3101,1,0,1
3102,1,0,1
3103,1,0,1
3104,1,0,1
3105,1,0,1
3106,1,0,1
3107,1,0,1
3108,1,0,1
3109,1,0,1
3110,1,0,1
3111,1,0,1
3112,1,0,1
3113,1,0,1
3114,1,0,1
3115,1,0,1
3116,2,0,2
3117,2,0,2
3118,2,0,2
3119,2,0,2
3120,2,0,2
3121,2,0,2
3122,2,0,2
3123,2,0,2
3124,2,0,2
3125,2,0,2
3126,2,0,2
3127,2,0,2
3128,3,0,3
3129,3,0,3
3130,3,0,3
3131,3,0,3
3132,3,0,3
3133,3,0,3
3134,3,0,3
3135,3,0,3
3136,3,0,3
3137,3,0,3
3138,3,0,3
3139,3,0,3
3140,4,0,4
3141,4,0,4
3142,4,0,4
3143,4,0,4
3144,4,0,4
3145,4,0,4
3146,4,0,4
3147,4,0,4
3148,4,0,4
3149,4,0,4
3150,4,0,4
3151,4,0,4
3152,4,0,4
3153,4,0,4
3154,4,0,4
3155,4,0,4
3156,4,0,4
3157,4,0,4
3158,4,0,4
3159,4,0,4
3160,4,0,4
3161,4,0,4
3162,4,0,4
3163,4,0,4
3164,3,0,3
3165,3,0,3
3166,3,0,3
3167,3,0,3
3168,3,0,3
3169,3,0,3
3170,3,0,3
3171,3,0,3
3172,3,0,3
3173,3,0,3
3174,3,0,3
3175,3,0,3
3176,3,0,3
3177,3,0,3
3178,3,0,3
3179,3,0,3
3180,3,0,3
3181,3,0,3
3182,3,0,3
3183,3,0,3
3184,3,0,3
3185,3,0,3
3186,3,0,3
3187,3,0,3
3188,3,0,3
3189,3,0,3
3190,3,0,3
3191,3,0,3
3192,3,0,3
3193,3,0,3
3194,3,0,3
3195,3,0,3
3196,3,0,3
3197,3,0,3
3198,3,0,3
3199,3,0,3
3200,3,0,3
3201,3,0,3
3202,3,0,3
3203,3,0,3
3204,3,0,3
3205,3,0,3
3206,3,0,3
3207,3,0,3
3208,3,0,3
3209,3,0,3
3210,3,0,3
3211,3,0,3
3212,3,0,3
3213,3,0,3
3214,3,0,3
3215,3,0,3
3216,3,0,3
3217,3,0,3
3218,2,0,2
3219,2,0,2
3220,2,0,2
3221,2,0,2
3222,2,0,2
3223,2,0,2
3224,3,0,3
3225,3,0,3
3226,3,0,3
3227,3,0,3
3228,3,0,3
3229,3,0,3
3230,2,0,2
3231,2,0,2
3232,2,0,2
3233,2,0,2
3234,2,0,2
3235,2,0,2
3236,2,0,2
3237,2,0,2
3238,2,0,2
3239,2,0,2
3240,2,0,2
3241,2,0,2
3242,2,0,2
3243,2,0,2
3244,2,0,2
3245,2,0,2
3246,2,0,2
3247,2,0,2
3248,2,0,2
3249,2,0,2
3250,2,0,2
3251,2,0,2
3252,2,0,2
3253,2,0,2
3254,2,0,2
3255,2,0,2
3256,3,0,3
3257,3,0,3
3258,3,0,3
3259,3,0,3
3260,4,0,4
3261,4,0,4
3262,4,0,4
3263,4,0,4
3264,4,0,4
3265,4,0,4
3266,3,0,3
3267,3,0,3
3268,3,0,3
3269,3,0,3
3270,3,0,3
3271,3,0,3
3272,3,0,3
3273,3,0,3
3274,3,0,3
3275,3,0,3
3276,3,0,3
3277,3,0,3
3278,3,0,3
3279,3,0,3
3280,3,0,3
3281,3,0,3
3282,3,0,3
3283,3,0,3
3284,3,0,3
3285,3,0,3
3286,3,0,3
3287,3,0,3
3288,3,0,3
3289,3,0,3
3290,3,0,3
3291,3,0,3
3292,3,0,3
3293,3,0,3
3294,3,0,3
3295,3,0,3
3296,3,0,3
3297,3,0,3
3298,3,0,3
3299,3,0,3
3300,3,0,3
3301,3,0,3
3302,3,0,3
3303,3,0,3
3304,3,0,3
3305,3,0,3
3306,3,0,3
3307,3,0,3
3308,2,0,2
3309,2,0,2
3310,2,0,2
3311,2,0,2
3312,2,0,2
3313,2,0,2
3314,2,0,2
3315,3,0,3
3316,3,0,3
3317,3,0,3
3318,3,0,3
3319,3,0,3
3320,3,0,3
3321,3,0,3
3322,3,0,3
3323,3,0,3
3324,3,0,3
3325,3,0,3
3326,3,0,3
3327,3,0,3
3328,3,0,3
3329,3,0,3
3330,3,0,3
3331,3,0,3
3332,3,0,3
3333,3,0,3
3334,3,0,3
3335,3,0,3
3336,3,0,3
3337,3,0,3
3338,3,0,3
3339,3,0,3
3340,3,0,3
3341,3,0,3
3342,3,0,3
3343,3,0,3
3344,3,0,3
3345,3,0,3
3346,3,0,3
3347,3,0,3
3348,3,0,3
3349,3,0,3
3350,3,0,3
3351,3,0,3
3352,3,0,3
3353,3,0,3
3354,3,0,3
3355,3,0,3
3356,3,0,3
3357,3,0,3
3358,3,0,3
3359,3,0,3
3360,3,0,3
3361,3,0,3
3362,3,0,3
3363,3,0,3
3364,3,0,3
3365,3,0,3
3366,3,0,3
3367,3,0,3
3368,3,0,3
3369,3,0,3
3370,3,0,3
3371,3,0,3
3372,3,0,3
3373,3,0,3
3374,3,0,3
3375,2,0,2
3376,2,0,2
3377,2,0,2
3378,2,0,2
3379,2,0,2
3380,2,0,2
3381,2,0,2
3382,2,0,2
3383,2,0,2
3384,2,0,2
3385,2,0,2
3386,2,0,2
3387,2,0,2
3388,2,0,2
3389,2,0,2
3390,1,0,1
3391,1,0,1
3392,2,0,2
3393,2,0,2
3394,2,0,2
3395,2,0,2
3396,2,0,2
3397,2,0,2
3398,2,0,2
3399,2,0,2
3400,2,0,2
3401,2,0,2
3402,2,0,2
3403,2,0,2
3404,2,0,2
3405,2,0,2
3406,2,0,2
3407,2,0,2
3408,2,0,2
3409,2,0,2
3410,2,0,2
3411,2,0,2
3412,2,0,2
3413,2,0,2
3414,2,0,2
3415,2,0,2
3416,2,0,2
3417,2,0,2
3418,2,0,2
3419,2,0,2
3420,3,0,3
3421,3,0,3
3422,3,0,3
3423,3,0,3
3424,3,0,3
3425,3,0,3
3426,3,0,3
3427,3,0,3
3428,2,0,2
3429,2,0,2
3430,2,0,2
3431,2,0,2
3432,2,0,2
3433,2,0,2
3434,2,0,2
3435,2,0,2
3436,2,0,2
3437,2,0,2
3438,2,0,2
3439,2,0,2
3440,2,0,2
3441,2,0,2
3442,2,0,2
3443,2,0,2
3444,2,0,2
3445,2,0,2
3446,2,0,2
3447,2,0,2
3448,2,0,2
3449,2,0,2
3450,2,0,2
3451,2,0,2
3452,2,0,2
3453,2,0,2
3454,2,0,2
3455,2,0,2
3456,2,0,2
3457,2,0,2
3458,2,0,2
3459,2,0,2
3460,2,0,2
3461,2,0,2
3462,2,0,2
3463,2,0,2
3464,2,0,2
3465,2,0,2
3466,2,0,2
3467,2,0,2
3468,2,0,2
3469,2,0,2
3470,2,0,2
3471,2,0,2
3472,2,0,2
3473,2,0,2
3474,2,0,2
3475,2,0,2
3476,2,0,2
3477,2,0,2
3478,2,0,2
3479,2,0,2
3480,2,0,2
3481,3,0,3
3482,3,0,3
3483,3,0,3
3484,3,0,3
3485,3,0,3
3486,3,0,3
3487,3,0,3
3488,3,0,3
3489,3,0,3
3490,3,0,3
3491,3,0,3
3492,3,0,3
3493,3,0,3
3494,3,0,3
3495,3,0,3
3496,3,0,3
3497,3,0,3
3498,3,0,3
3499,3,0,3
3500,3,0,3
3501,3,0,3
3502,3,0,3
3503,3,0,3
3504,3,0,3
3505,3,0,3
3506,3,0,3
3507,3,0,3
3508,3,0,3
3509,3,0,3
3510,3,0,3
3511,3,0,3
3512,3,0,3
3513,3,0,3
3514,3,0,3
3515,3,0,3
3516,3,0,3
3517,3,0,3
3518,3,0,3
3519,3,0,3
3520,3,0,3
3521,3,0,3
3522,3,0,3
3523,3,0,3
3524,3,0,3
3525,3,0,3
3526,3,0,3
3527,3,0,3
3528,3,0,3
3529,3,0,3
3530,3,0,3
3531,3,0,3
3532,3,0,3
3533,3,0,3
3534,3,0,3
3535,3,0,3
3536,3,0,3
3537,3,0,3
3538,3,0,3
3539,3,0,3
3540,3,0,3
3541,3,0,3
3542,3,0,3
3543,3,0,3
3544,3,0,3
3545,3,0,3
3546,3,0,3
3547,3,0,3
3548,3,0,3
3549,3,0,3
3550,3,0,3
3551,3,0,3
3552,3,0,3
3553,3,0,3
3554,3,0,3
3555,3,0,3
3556,3,0,3
3557,3,0,3
3558,3,0,3
3559,3,0,3
3560,3,0,3
3561,3,0,3
3562,3,0,3
3563,3,0,3
3564,3,0,3
3565,3,0,3
3566,3,0,3
3567,3,0,3
3568,3,0,3
3569,3,0,3
3570,3,0,3
3571,3,0,3
3572,3,0,3
3573,3,0,3
3574,3,0,3
3575,3,0,3
3576,3,0,3
3577,3,0,3
3578,3,0,3
3579,3,0,3
3580,3,0,3
3581,3,0,3
3582,4,0,4
3583,4,0,4
3584,3,0,3
3585,3,0,3
3586,3,0,3
3587,3,0,3
3588,3,0,3
3589,3,0,3
3590,3,0,3
3591,3,0,3
3592,3,0,3
3593,3,0,3
3594,3,0,3
3595,3,0,3
3596,3,0,3
3597,3,0,3
3598,3,0,3
3599,3,0,3
3600,3,0,3
3601,3,0,3
3602,3,0,3
3603,3,0,3
3604,4,0,4
3605,4,0,4
3606,4,0,4
3607,4,0,4
3608,4,0,4
3609,4,0,4
3610,5,0,5
3611,5,0,5
3612,5,0,5
3613,5,0,5
3614,5,0,5
3615,6,0,6
3616,6,0,6
3617,6,0,6
3618,6,0,6
3619,6,0,6
3620,6,0,6
3621,6,0,6
3622,6,0,6
3623,6,0,6
3624,6,0,6
3625,6,0,6
3626,5,0,5
3627,5,0,5
3628,5,0,5
3629,5,0,5
3630,5,0,5
3631,6,0,6
3632,6,0,6
3633,6,0,6
3634,6,0,6
3635,6,0,6
3636,6,0,6
3637,6,0,6
3638,6,0,6
3639,6,0,6
3640,6,0,6
3641,6,0,6
3642,6,0,6
3643,6,0,6
3644,6,0,6
3645,6,0,6
3646,6,0,6
3647,6,0,6
3648,6,0,6
3649,6,0,6
3650,6,0,6
3651,6,0,6
3652,6,0,6
3653,6,0,6
3654,6,0,6
3655,6,0,6
3656,5,0,5
3657,5,0,5
3658,5,0,5
3659,5,0,5
3660,5,0,5
3661,5,0,5
3662,5,0,5
3663,5,0,5
3664,5,0,5
3665,5,0,5
3666,5,0,5
3667,5,0,5
3668,5,0,5
3669,5,0,5
3670,5,0,5
3671,5,0,5
3672,5,0,5
3673,5,0,5
3674,5,0,5
3675,5,0,5
3676,5,0,5
3677,5,0,5
3678,6,0,6
3679,6,0,6
3680,6,0,6
3681,6,0,6
3682,6,0,6
3683,5,0,5
3684,6,0,6
3685,6,0,6
3686,6,0,6
3687,6,0,6
3688,6,0,6
3689,6,0,6
3690,6,0,6
3691,5,0,5
3692,5,0,5
3693,5,0,5
3694,5,0,5
3695,5,0,5
3696,6,0,6
3697,6,0,6
3698,6,0,6
3699,6,0,6
3700,6,0,6
3701,6,0,6
3702,6,0,6
3703,6,0,6
3704,6,0,6
3705,6,0,6
3706,6,0,6
3707,5,0,5
3708,5,0,5
3709,5,0,5
3710,5,0,5
3711,5,0,5
3712,5,0,5
3713,5,0,5
3714,5,0,5
3715,5,0,5
3716,5,0,5
3717,5,0,5
3718,5,0,5
3719,5,0,5
3720,5,0,5
3721,5,0,5
3722,5,0,5
3723,6,0,6
3724,6,0,6
3725,6,0,6
3726,6,0,6
3727,6,0,6
3728,6,0,6
3729,6,0,6
3730,6,0,6
3731,6,0,6
3732,7,0,7
3733,7,0,7
3734,7,0,7
3735,7,0,7
3736,7,0,7
3737,7,0,7
3738,7,0,7
3739,7,0,7
3740,7,0,7
3741,7,0,7
3742,7,0,7
3743,7,0,7
3744,6,0,6
3745,6,0,6
3746,6,0,6
3747,6,0,6
3748,6,0,6
3749,6,0,6
3750,6,0,6
3751,6,0,6
3752,6,0,6
3753,6,0,6
3754,6,0,6
3755,6,0,6
3756,6,0,6
3757,6,0,6
3758,6,0,6
3759,6,0,6
3760,6,0,6
3761,6,0,6
3762,6,0,6
3763,6,0,6
3764,6,0,6
3765,6,0,6
3766,6,0,6
3767,6,0,6
3768,6,0,6
3769,6,0,6
3770,6,0,6
3771,6,0,6
3772,5,0,5
3773,4,0,4
3774,4,0,4
3775,4,0,4
3776,4,0,4
3777,4,0,4
3778,4,0,4
3779,4,0,4
3780,4,0,4
3781,4,0,4
3782,4,0,4
3783,4,0,4
3784,4,0,4
3785,4,0,4
3786,4,0,4
3787,4,0,4
3788,4,0,4
3789,4,0,4
3790,4,0,4
3791,4,0,4
3792,4,0,4
3793,4,0,4
3794,4,0,4
3795,4,0,4
3796,4,0,4
3797,4,0,4
3798,4,0,4
3799,4,0,4
3800,4,0,4
3801,5,0,5
3802,5,0,5
3803,5,0,5
3804,5,0,5
3805,5,0,5
3806,5,0,5
3807,5,0,5
3808,5,0,5
3809,5,0,5
3810,5,0,5
3811,5,0,5
3812,5,0,5
3813,5,0,5
3814,5,0,5
3815,5,0,5
3816,5,0,5
3817,5,0,5
3818,5,0,5
3819,5,0,5
3820,5,0,5
3821,5,0,5
3822,5,0,5
3823,5,0,5
3824,5,0,5
3825,5,0,5
3826,5,0,5
3827,5,0,5
3828,5,0,5
3829,5,0,5
3830,4,0,4
3831,4,0,4
3832,4,0,4
3833,4,0,4
3834,4,0,4
3835,4,0,4
3836,3,0,3
3837,3,0,3
3838,3,0,3
3839,3,0,3
3840,3,0,3
3841,3,0,3
3842,3,0,3
3843,3,0,3
3844,4,0,4
3845,4,0,4
3846,4,0,4
3847,4,0,4
3848,4,0,4
3849,4,0,4
3850,4,0,4
3851,4,0,4
3852,4,0,4
3853,4,0,4
3854,4,0,4
3855,4,0,4
3856,4,0,4
3857,4,0,4
3858,4,0,4
3859,4,0,4
3860,4,0,4
3861,4,0,4
3862,4,0,4
3863,4,0,4
3864,4,0,4
3865,4,0,4
3866,4,0,4
3867,4,0,4
3868,4,0,4
3869,4,0,4
3870,5,0,5
3871,5,0,5
3872,5,0,5
3873,5,0,5
3874,5,0,5
3875,5,0,5
3876,5,0,5
3877,5,0,5
3878,5,0,5
3879,5,0,5
3880,5,0,5
3881,5,0,5
3882,5,0,5
3883,5,0,5
3884,5,0,5
3885,5,0,5
3886,5,0,5
3887,4,0,4
3888,4,0,4
3889,4,0,4
3890,4,0,4
3891,4,0,4
3892,4,0,4
3893,4,0,4
3894,4,0,4
3895,4,0,4
3896,4,0,4
3897,4,0,4
3898,4,0,4
3899,4,0,4
3900,4,0,4
3901,4,0,4
3902,4,0,4
3903,4,0,4
3904,4,0,4
3905,4,0,4
3906,4,0,4
3907,4,0,4
3908,4,0,4
3909,4,0,4
3910,4,0,4
3911,4,0,4
3912,4,0,4
3913,4,0,4
3914,4,0,4
3915,4,0,4
3916,4,0,4
3917,5,0,5
3918,5,0,5
3919,5,0,5
3920,5,0,5
3921,5,0,5
3922,5,0,5
3923,5,0,5
3924,5,0,5
3925,5,0,5
3926,5,0,5
3927,5,0,5
3928,5,0,5
3929,5,0,5
3930,5,0,5
3931,5,0,5
3932,5,0,5
3933,5,0,5
3934,4,0,4
3935,4,0,4
3936,4,0,4
3937,4,0,4
3938,4,0,4
3939,4,0,4
3940,4,0,4
3941,4,0,4
3942,4,0,4
3943,4,0,4
3944,4,0,4
3945,4,0,4
3946,4,0,4
3947,4,0,4
3948,4,0,4
3949,4,0,4
3950,4,0,4
3951,4,0,4
3952,4,0,4
3953,4,0,4
3954,4,0,4
3955,4,0,4
3956,4,0,4
3957,4,0,4
3958,4,0,4
3959,4,0,4
3960,4,0,4
3961,4,0,4
3962,4,0,4
3963,4,0,4
3964,4,0,4
3965,4,0,4
3966,4,0,4
3967,4,0,4
3968,4,0,4
3969,4,0,4
3970,4,0,4
3971,4,0,4
3972,4,0,4
3973,4,0,4
3974,4,0,4
3975,4,0,4
3976,4,0,4
3977,4,0,4
3978,4,0,4
3979,4,0,4
3980,4,0,4
3981,4,0,4
3982,4,0,4
3983,4,0,4
3984,4,0,4
3985,4,0,4
3986,4,0,4
3987,4,0,4
3988,4,0,4
3989,4,0,4
3990,4,0,4
3991,4,0,4
3992,4,0,4
3993,4,0,4
3994,4,0,4
3995,3,0,3
3996,3,0,3
3997,3,0,3
3998,3,0,3
3999,3,0,3
4000,3,0,3
4001,3,0,3
4002,3,0,3
4003,3,0,3
4004,3,0,3
4005,3,0,3
4006,3,0,3
4007,3,0,3
4008,3,0,3
4009,3,0,3
4010,3,0,3
4011,3,0,3
4012,3,0,3
4013,3,0,3
4014,3,0,3
4015,3,0,3
4016,3,0,3
4017,3,0,3
4018,3,0,3
4019,3,0,3
4020,3,0,3
4021,3,0,3
4022,3,0,3
4023,3,0,3
4024,3,0,3
4025,3,0,3
4026,3,0,3
4027,3,0,3
4028,3,0,3
4029,3,0,3
4030,3,0,3
4031,3,0,3
4032,3,0,3
4033,3,0,3
4034,3,0,3
4035,3,0,3
4036,3,0,3
4037,3,0,3
4038,3,0,3
4039,3,0,3
4040,3,0,3
4041,3,0,3
4042,3,0,3
4043,3,0,3
4044,3,0,3
4045,3,0,3
4046,3,0,3
4047,3,0,3
4048,3,0,3
4049,3,0,3
4050,3,0,3
4051,3,0,3
4052,3,0,3
4053,3,0,3
4054,3,0,3
4055,3,0,3
4056,3,0,3
4057,3,0,3
4058,3,0,3
4059,3,0,3
4060,3,0,3
4061,3,0,3
4062,3,0,3
4063,3,0,3
4064,3,0,3
4065,3,0,3
4066,4,0,4
4067,4,0,4
4068,3,1,4
4069,3,1,4
4070,3,1,4
4071,3,1,4
4072,3,1,4
4073,3,1,4
4074,3,1,4
4075,3,1,4
4076,3,1,4
4077,3,1,4
4078,3,1,4
4079,4,1,5
4080,4,1,5
4081,4,1,5
4082,4,1,5
4083,4,1,5
4084,4,1,5
4085,4,1,5
4086,4,1,5
4087,4,1,5
4088,4,1,5
4089,4,1,5
4090,4,1,5
4091,4,1,5
4092,4,1,5
4093,4,1,5
4094,4,1,5
4095,4,1,5
4096,4,1,5
4097,4,1,5
4098,4,1,5
4099,4,1,5
4100,4,1,5
4101,4,1,5
4102,4,1,5
4103,4,1,5
4104,4,1,5
4105,4,1,5
4106,4,1,5
4107,4,1,5
4108,4,1,5
4109,4,1,5
4110,4,1,5
4111,4,1,5
4112,4,1,5
4113,4,1,5
4114,4,1,5
4115,5,0,5
4116,5,0,5
4117,5,0,5
4118,5,0,5
4119,4,1,5
4120,5,0,5
4121,5,0,5
4122,5,0,5
4123,4,0,4
4124,4,0,4
4125,4,0,4
4126,4,0,4
4127,4,0,4
4128,4,0,4
4129,4,0,4
4130,4,0,4
4131,4,0,4
4132,4,0,4
4133,4,0,4
4134,3,0,3
4135,3,0,3
4136,3,0,3
4137,3,0,3
4138,3,0,3
4139,3,0,3
4140,3,0,3
4141,3,0,3
4142,3,0,3
4143,3,0,3
4144,3,0,3
4145,3,0,3
4146,3,0,3
4147,3,0,3
4148,3,0,3
4149,3,0,3
4150,3,0,3
4151,3,0,3
4152,3,0,3
4153,3,0,3
4154,3,0,3
4155,3,0,3
4156,3,0,3
4157,3,0,3
4158,3,0,3
4159,3,0,3
4160,4,0,4
4161,4,0,4
4162,4,0,4
4163,4,0,4
4164,4,0,4
4165,4,0,4
4166,4,0,4
4167,4,0,4
4168,4,0,4
4169,4,0,4
4170,4,0,4
4171,4,0,4
4172,4,0,4
4173,4,0,4
4174,4,0,4
4175,4,0,4
4176,4,0,4
4177,4,0,4
4178,4,0,4
4179,4,0,4
4180,4,0,4
4181,4,0,4
4182,4,0,4
4183,4,0,4
4184,4,0,4
4185,4,0,4
4186,4,0,4
4187,4,0,4
4188,4,0,4
4189,4,0,4
4190,4,0,4
4191,4,0,4
4192,4,0,4
4193,4,0,4
4194,4,0,4
4195,4,0,4
4196,4,0,4
4197,4,0,4
4198,5,0,5
4199,5,0,5
4200,5,0,5
4201,5,0,5
4202,5,0,5
4203,5,0,5
4204,5,0,5
4205,5,0,5
4206,5,0,5
4207,5,0,5
4208,5,0,5
4209,5,0,5
4210,5,0,5
4211,5,0,5
4212,5,0,5
4213,5,0,5
4214,5,0,5
4215,5,0,5
4216,5,0,5
4217,5,0,5
4218,5,0,5
4219,5,0,5
4220,5,0,5
4221,5,0,5
4222,5,0,5
4223,5,0,5
4224,5,0,5
4225,5,0,5
4226,5,0,5
4227,5,0,5
4228,5,0,5
4229,5,0,5
4230,5,0,5
4231,5,0,5
4232,5,0,5
4233,5,0,5
4234,4,0,4
4235,4,0,4
4236,4,0,4
4237,4,0,4
4238,4,0,4
4239,4,0,4
4240,4,0,4
4241,4,0,4
4242,4,0,4
4243,4,0,4
4244,4,0,4
4245,4,0,4
4246,4,0,4
4247,4,0,4
4248,4,0,4
4249,4,0,4
4250,4,0,4
4251,4,0,4
4252,4,0,4
4253,4,0,4
4254,4,0,4
4255,4,0,4
4256,4,0,4
4257,4,0,4
4258,4,0,4
4259,4,0,4
4260,4,0,4
4261,4,0,4
4262,4,0,4
4263,4,0,4
4264,4,0,4
4265,4,0,4
4266,4,0,4
4267,4,0,4
4268,4,0,4
4269,4,0,4
4270,4,0,4
4271,4,0,4
4272,5,0,5
4273,5,0,5
4274,5,0,5
4275,5,0,5
4276,5,0,5
4277,5,0,5
4278,4,0,4
4279,4,0,4
4280,4,0,4
4281,4,0,4
4282,4,0,4
4283,4,0,4
4284,4,0,4
4285,4,0,4
4286,4,0,4
4287,4,0,4
4288,4,0,4
4289,4,0,4
4290,4,0,4
4291,4,0,4
4292,4,0,4
4293,4,0,4
4294,4,0,4
4295,4,0,4
4296,4,0,4
4297,4,0,4
4298,4,0,4
4299,4,0,4
4300,4,0,4
4301,4,0,4
4302,4,0,4
4303,4,0,4
4304,4,0,4
4305,4,0,4
4306,4,0,4
4307,4,0,4
4308,3,0,3
4309,3,0,3
4310,3,0,3
4311,3,0,3
4312,3,0,3
4313,3,0,3
4314,3,0,3
4315,3,0,3
4316,3,0,3
4317,3,0,3
4318,3,0,3
4319,3,0,3
4320,3,0,3
4321,3,0,3
4322,3,0,3
4323,3,0,3
4324,3,0,3
4325,3,0,3
4326,3,0,3
4327,3,0,3
4328,3,0,3
4329,3,0,3
4330,3,0,3
4331,3,0,3
4332,3,0,3
4333,3,0,3
4334,3,0,3
4335,3,0,3
4336,3,0,3
4337,3,0,3
4338,3,0,3
4339,3,0,3
4340,3,0,3
4341,3,0,3
4342,3,0,3
4343,3,0,3
4344,3,0,3
4345,3,0,3
4346,3,0,3
4347,3,0,3
4348,3,0,3
4349,3,0,3
4350,3,0,3
4351,3,0,3
4352,3,0,3
4353,3,0,3
4354,3,0,3
4355,3,0,3
4356,3,0,3
4357,3,0,3
4358,3,0,3
4359,3,0,3
4360,3,0,3
4361,3,0,3
4362,3,0,3
4363,3,0,3
4364,3,0,3
4365,3,0,3
4366,3,0,3
4367,3,0,3
4368,3,0,3
4369,3,0,3
4370,3,0,3
4371,3,0,3
4372,3,0,3
4373,3,0,3
4374,3,0,3
4375,3,0,3
4376,3,0,3
4377,3,0,3
4378,3,0,3
4379,3,0,3
4380,3,0,3
4381,3,0,3
4382,3,0,3
4383,3,0,3
4384,3,0,3
4385,3,0,3
4386,3,0,3
4387,3,0,3
4388,3,0,3
4389,3,0,3
4390,3,0,3
4391,3,0,3
4392,3,0,3
4393,3,0,3
4394,3,0,3
4395,3,0,3
4396,3,0,3
4397,3,0,3
4398,3,0,3
4399,3,0,3
4400,3,0,3
4401,3,0,3
4402,3,0,3
4403,3,0,3
4404,3,0,3
4405,3,0,3
4406,3,0,3
4407,3,0,3
4408,3,0,3
4409,3,0,3
4410,3,0,3
4411,3,0,3
4412,3,0,3
4413,3,0,3
4414,3,0,3
4415,3,0,3
4416,3,0,3
4417,3,0,3
4418,3,0,3
4419,3,0,3
4420,3,0,3
4421,2,0,2
4422,2,0,2
4423,2,0,2
4424,2,0,2
4425,2,0,2
4426,2,0,2
4427,2,0,2
4428,2,0,2
4429,2,0,2
4430,2,0,2
4431,2,0,2
4432,2,0,2
4433,2,0,2
4434,2,0,2
4435,2,0,2
4436,2,0,2
4437,2,0,2
4438,2,0,2
4439,2,0,2
4440,2,0,2
4441,2,0,2
4442,2,0,2
4443,2,0,2
4444,2,0,2
4445,2,0,2
4446,2,0,2
4447,2,0,2
4448,2,0,2
4449,2,0,2
4450,2,0,2
4451,3,0,3
4452,3,0,3
4453,3,0,3
4454,3,0,3
4455,3,0,3
4456,3,0,3
4457,3,0,3
4458,3,0,3
4459,3,0,3
4460,3,0,3
4461,3,0,3
4462,3,0,3
4463,3,0,3
4464,3,0,3
4465,3,0,3
4466,3,0,3
4467,3,0,3
4468,3,0,3
4469,3,0,3
4470,3,0,3
4471,3,0,3
4472,3,0,3
4473,3,0,3
4474,3,0,3
4475,3,0,3
4476,3,0,3
4477,3,0,3
4478,3,0,3
4479,3,0,3
4480,3,0,3
4481,3,0,3
4482,3,0,3
4483,3,0,3
4484,3,0,3
4485,3,0,3
4486,3,0,3
4487,3,0,3
4488,3,0,3
4489,3,0,3
4490,3,0,3
4491,3,0,3
4492,3,0,3
4493,3,0,3
4494,3,0,3
4495,3,0,3
4496,3,0,3
4497,3,0,3
4498,3,0,3
4499,3,0,3
4500,3,0,3
4501,3,0,3
4502,3,0,3
4503,3,0,3
4504,3,0,3
4505,4,0,4
4506,4,0,4
4507,4,0,4
4508,4,0,4
4509,4,0,4
4510,4,0,4
4511,4,0,4
4512,4,0,4
4513,4,0,4
4514,3,0,3
4515,3,0,3
4516,3,0,3
4517,2,0,2
4518,2,0,2
4519,2,0,2
4520,2,0,2
4521,2,0,2
4522,2,0,2
4523,2,0,2
4524,2,0,2
4525,2,0,2
4526,2,0,2
4527,2,0,2
4528,3,0,3
4529,3,0,3
4530,3,0,3
4531,3,0,3
4532,3,0,3
4533,3,0,3
4534,3,0,3
4535,3,0,3
4536,3,0,3
4537,3,0,3
4538,3,0,3
4539,3,0,3
4540,3,0,3
4541,3,0,3
4542,3,0,3
4543,3,0,3
4544,3,0,3
4545,4,0,4
4546,4,0,4
4547,4,0,4
4548,4,0,4
4549,4,0,4
4550,4,0,4
4551,4,0,4
4552,4,0,4
4553,4,0,4
4554,4,0,4
4555,3,1,4
4556,3,1,4
4557,3,1,4
4558,3,1,4
4559,3,1,4
4560,3,1,4
4561,3,1,4
4562,3,1,4
4563,3,1,4
4564,3,1,4
4565,3,1,4
4566,3,1,4
4567,5,1,6
4568,5,1,6
4569,5,1,6
4570,6,1,7
4571,6,1,7
4572,6,1,7
4573,6,1,7
4574,6,1,7
4575,6,1,7
4576,6,1,7
4577,6,1,7
4578,6,1,7
4579,6,1,7
4580,6,1,7
4581,6,1,7
4582,6,1,7
4583,6,1,7
4584,7,0,7
4585,7,0,7
4586,7,0,7
4587,7,0,7
4588,7,0,7
4589,7,0,7
4590,7,0,7
4591,7,0,7
4592,7,0,7
4593,7,0,7
4594,7,0,7
4595,7,0,7
4596,7,0,7
4597,7,0,7
4598,7,0,7
4599,7,0,7
4600,8,0,8
4601,8,0,8
4602,8,0,8
4603,8,0,8
4604,8,0,8
4605,8,0,8
4606,7,0,7
4607,7,0,7
4608,7,0,7
4609,8,0,8
4610,8,0,8
4611,8,0,8
4612,8,0,8
4613,8,0,8
4614,8,0,8
4615,8,0,8
4616,8,0,8
4617,8,0,8
4618,8,0,8
4619,8,0,8
4620,8,0,8
4621,8,0,8
4622,8,0,8
4623,7,0,7
4624,7,0,7
4625,7,0,7
4626,7,0,7
4627,7,0,7
4628,7,0,7
4629,7,0,7
4630,8,0,8
4631,8,0,8
4632,8,0,8
4633,8,0,8
4634,8,0,8
4635,8,0,8
4636,8,0,8
4637,8,0,8
4638,8,0,8
4639,8,0,8
4640,8,0,8
4641,8,0,8
4642,8,0,8
4643,8,0,8
4644,8,0,8
4645,8,0,8
4646,8,0,8
4647,8,0,8
4648,8,0,8
4649,8,0,8
4650,8,0,8
4651,8,0,8
4652,8,0,8
4653,9,0,9
4654,9,0,9
4655,9,0,9
4656,9,0,9
4657,9,0,9
4658,10,0,10
4659,10,0,10
4660,10,0,10
4661,9,0,9
4662,9,0,9
4663,8,0,8
4664,7,0,7
4665,7,0,7
4666,7,0,7
4667,7,0,7
4668,7,0,7
4669,7,0,7
4670,7,0,7
4671,7,0,7
4672,7,0,7
4673,7,0,7
4674,7,0,7
4675,7,0,7
4676,7,0,7
4677,7,0,7
4678,7,0,7
4679,7,0,7
4680,7,0,7
4681,7,0,7
4682,6,0,6
4683,6,0,6
4684,6,0,6
4685,6,0,6
4686,6,0,6
4687,6,0,6
4688,6,0,6
4689,6,0,6
4690,5,0,5
4691,5,0,5
4692,5,0,5
4693,5,0,5
4694,5,0,5
4695,5,0,5
4696,5,0,5
4697,5,0,5
4698,5,0,5
4699,5,0,5
4700,5,0,5
4701,5,0,5
4702,5,0,5
4703,5,0,5
4704,5,0,5
4705,6,0,6
4706,6,0,6
4707,6,0,6
4708,6,0,6
4709,6,0,6
4710,6,0,6
4711,6,0,6
4712,7,0,7
4713,6,0,6
4714,6,0,6
4715,6,0,6
4716,6,0,6
4717,5,0,5
4718,5,0,5
4719,5,0,5
4720,5,0,5
4721,5,0,5
4722,5,0,5
4723,5,0,5
4724,5,0,5
4725,5,0,5
4726,5,0,5
4727,5,0,5
4728,6,0,6
4729,6,0,6
4730,5,0,5
4731,5,0,5
4732,5,0,5
4733,5,0,5
4734,5,0,5
4735,5,0,5
4736,5,0,5
4737,5,0,5
4738,5,0,5
4739,5,0,5
4740,5,0,5
4741,5,0,5
4742,5,0,5
4743,5,0,5
4744,5,0,5
4745,5,0,5
4746,5,0,5
4747,5,0,5
4748,5,0,5
4749,5,0,5
4750,6,0,6
4751,6,0,6
4752,6,0,6
4753,6,0,6
4754,6,0,6
4755,6,0,6
4756,6,0,6
4757,6,0,6
4758,6,0,6
4759,6,0,6
4760,6,0,6
4761,6,0,6
4762,6,0,6
4763,6,0,6
4764,6,0,6
4765,6,0,6
4766,6,0,6
4767,6,0,6
4768,6,0,6
4769,6,0,6
4770,6,0,6
4771,6,0,6
4772,6,0,6
4773,6,0,6
4774,6,0,6
4775,6,0,6
4776,6,0,6
4777,6,0,6
4778,6,0,6
4779,6,0,6
4780,6,0,6
4781,6,0,6
4782,6,0,6
4783,6,0,6
4784,5,0,5
4785,4,0,4
4786,4,0,4
4787,4,0,4
4788,4,0,4
4789,4,0,4
4790,4,0,4
4791,4,0,4
4792,4,0,4
4793,4,0,4
4794,4,0,4
4795,4,0,4
4796,4,0,4
4797,4,0,4
4798,4,0,4
4799,4,0,4
4800,4,0,4
4801,4,0,4
4802,4,0,4
4803,4,0,4
4804,3,0,3
4805,3,0,3
4806,3,0,3
4807,3,0,3
4808,3,0,3
4809,3,0,3
4810,3,0,3
4811,3,0,3
4812,3,0,3
4813,3,0,3
4814,3,0,3
4815,3,0,3
4816,3,0,3
4817,3,0,3
4818,3,0,3
4819,3,0,3
4820,3,0,3
4821,3,0,3
4822,3,0,3
4823,3,0,3
4824,4,0,4
4825,4,0,4
4826,4,0,4
4827,4,0,4
4828,4,0,4
4829,4,0,4
4830,4,0,4
4831,4,0,4
4832,4,0,4
4833,4,0,4
4834,4,0,4
4835,4,0,4
4836,4,0,4
4837,4,0,4
4838,3,0,3
4839,3,0,3
4840,3,0,3
4841,3,0,3
4842,3,0,3
4843,3,0,3
4844,3,0,3
4845,3,0,3
4846,3,0,3
4847,3,0,3
4848,3,0,3
4849,3,0,3
4850,3,0,3
4851,3,0,3
4852,3,0,3
4853,3,0,3
4854,3,0,3
4855,3,0,3
4856,3,0,3
4857,3,0,3
4858,2,0,2
4859,2,0,2
4860,2,0,2
4861,2,0,2
4862,2,0,2
4863,2,0,2
4864,2,0,2
4865,2,0,2
4866,2,0,2
4867,2,0,2
4868,1,0,1
4869,1,0,1
4870,1,0,1
4871,1,0,1
4872,1,0,1
4873,1,0,1
4874,1,0,1
4875,1,0,1
4876,1,0,1
4877,1,0,1
4878,1,0,1
4879,1,0,1
4880,1,0,1
4881,1,0,1
4882,1,0,1
4883,1,0,1
4884,1,0,1
4885,1,0,1
4886,1,0,1
4887,1,0,1
4888,1,0,1
4889,1,0,1
4890,1,0,1
4891,1,0,1
4892,1,0,1
4893,1,0,1
4894,1,0,1
4895,1,0,1
4896,1,0,1
4897,1,0,1
4898,1,0,1
4899,1,0,1
4900,1,0,1
4901,1,0,1
4902,1,0,1
4903,1,0,1
4904,1,0,1
4905,1,0,1
4906,1,0,1
4907,1,0,1
4908,1,0,1
4909,1,0,1
4910,1,0,1
4911,1,0,1
4912,1,0,1
4913,1,0,1
4914,1,0,1
4915,1,0,1
4916,1,0,1
4917,1,0,1
4918,1,0,1
4919,1,0,1
4920,1,0,1
4921,1,0,1
4922,1,0,1
4923,1,0,1
4924,1,0,1
4925,1,0,1
4926,1,0,1
4927,1,0,1
4928,1,0,1
4929,1,0,1
4930,1,0,1
4931,1,0,1
4932,1,0,1
4933,1,0,1
4934,1,0,1
4935,1,0,1
4936,1,0,1
4937,1,0,1
4938,1,0,1
4939,1,0,1
4940,1,0,1
4941,1,0,1
4942,1,0,1
4943,1,0,1
4944,1,0,1
4945,1,0,1
4946,1,0,1
4947,1,0,1
4948,1,0,1
4949,1,0,1
4950,1,0,1
4951,1,0,1
4952,1,0,1
4953,1,0,1
4954,1,0,1
4955,1,0,1
4956,1,0,1
4957,1,0,1
4958,1,0,1
4959,1,0,1
4960,1,0,1
4961,1,0,1
4962,1,0,1
4963,1,0,1
4964,1,0,1
4965,1,0,1
4966,1,0,1
4967,1,0,1
4968,1,0,1
4969,1,0,1
4970,1,0,1
4971,1,0,1
4972,1,0,1
4973,1,0,1
4974,1,0,1
4975,1,0,1
4976,1,0,1
4977,1,0,1
4978,1,0,1
4979,1,0,1
4980,1,0,1
4981,1,0,1
4982,1,0,1
4983,1,0,1
4984,1,0,1
4985,1,0,1
4986,1,0,1
4987,1,0,1
4988,1,0,1
4989,1,0,1
4990,1,0,1
4991,1,0,1
4992,1,0,1
4993,1,0,1
4994,1,0,1
4995,1,0,1
4996,1,0,1
4997,1,0,1
4998,1,0,1
4999,1,0,1
5000,1,0,1
5001,1,0,1
5002,1,0,1
5003,1,0,1
5004,1,0,1
5005,1,0,1
5006,1,0,1
5007,1,0,1
5008,1,0,1
5009,1,0,1
5010,1,0,1
5011,1,0,1
5012,1,0,1
5013,1,0,1
5014,1,0,1
5015,1,0,1
5016,1,0,1
5017,1,0,1
5018,1,0,1
5019,1,0,1
5020,1,0,1
5021,1,0,1
5022,1,0,1
5023,1,0,1
5024,1,0,1
5025,1,0,1
5026,1,0,1
5027,1,0,1
5028,1,0,1
5029,1,0,1
5030,1,0,1
5031,1,0,1
5032,1,0,1
5033,1,0,1
5034,1,0,1
5035,1,0,1
5036,1,0,1
5037,1,0,1
5038,1,0,1
5039,1,0,1
5040,1,0,1
5041,1,0,1
5042,1,0,1
5043,1,0,1
5044,1,0,1
5045,1,0,1
5046,1,0,1
5047,1,0,1
5048,1,0,1
5049,1,0,1
5050,1,0,1
5051,1,0,1
5052,1,0,1
5053,1,0,1
5054,1,0,1
5055,1,0,1
5056,1,0,1
5057,1,0,1
5058,1,0,1
5059,1,0,1
5060,1,0,1
5061,1,0,1
5062,1,0,1
5063,1,0,1
5064,1,0,1
5065,1,0,1
5066,1,0,1
5067,1,0,1
5068,1,0,1
5069,1,0,1
5070,1,0,1
5071,1,0,1
5072,1,0,1
5073,1,0,1
5074,1,0,1
5075,1,0,1
5076,1,0,1
5077,1,0,1
5078,1,0,1
5079,1,0,1
5080,1,0,1
5081,1,0,1
5082,1,0,1
5083,1,0,1
5084,1,0,1
5085,1,0,1
5086,1,0,1
5087,1,0,1
5088,1,0,1
5089,1,0,1
5090,1,0,1
5091,1,0,1
5092,1,0,1
5093,1,0,1
5094,1,0,1
5095,1,0,1
5096,1,0,1
5097,1,0,1
5098,1,0,1
5099,1,0,1
5100,1,0,1
5101,1,0,1
5102,1,0,1
5103,1,0,1
5104,1,0,1
5105,1,0,1
5106,1,0,1
5107,1,0,1
5108,1,0,1
5109,1,0,1
5110,1,0,1
5111,1,0,1
5112,1,0,1
5113,1,0,1
5114,1,0,1
5115,1,0,1
5116,1,0,1
5117,1,0,1
5118,1,0,1
5119,1,0,1
5120,1,0,1
5121,1,0,1
5122,1,0,1
5123,1,0,1
5124,1,0,1
5125,1,0,1
5126,1,0,1
5127,1,0,1
5128,1,0,1
5129,1,0,1
5130,1,0,1
5131,1,0,1
5132,1,0,1
5133,1,0,1
5134,1,0,1
5135,1,0,1
5136,1,0,1
5137,1,0,1
5138,1,0,1
5139,1,0,1
5140,1,0,1
5141,1,0,1
5142,1,0,1
5143,1,0,1
5144,1,0,1
5145,1,0,1
5146,1,0,1
5147,1,0,1
5148,1,0,1
5149,1,0,1
5150,1,0,1
5151,1,0,1
5152,1,0,1
5153,1,0,1
5154,1,0,1
5155,1,0,1
5156,1,0,1
5157,1,0,1
5158,1,0,1
5159,1,0,1
5160,1,0,1
5161,1,0,1
5162,1,0,1
5163,1,0,1
5164,1,0,1
5165,1,0,1
5166,1,0,1
5167,1,0,1
5168,1,0,1
5169,1,0,1
5170,1,0,1
5171,1,0,1
5172,1,0,1
5173,1,0,1
5174,1,0,1
5175,1,0,1
5176,1,0,1
5177,1,0,1
5178,1,0,1
5179,1,0,1
5180,1,0,1
5181,1,0,1
5182,1,0,1
5183,1,0,1
5184,1,0,1
5185,1,0,1
5186,1,0,1
5187,1,0,1
5188,1,0,1
5189,1,0,1
5190,1,0,1
5191,1,0,1
5192,1,0,1
5193,1,0,1
5194,1,0,1
5195,1,0,1
5196,1,0,1
5197,1,0,1
5198,1,0,1
5199,1,0,1
5200,1,0,1
5201,1,0,1
5202,1,0,1
5203,1,0,1
5204,1,0,1
5205,1,0,1
5206,1,0,1
5207,1,0,1
5208,1,0,1
5209,1,0,1
5210,1,0,1
5211,1,0,1
5212,1,0,1
5213,1,0,1
5214,1,0,1
5215,1,0,1
5216,1,0,1
5217,1,0,1
5218,1,0,1
5219,1,0,1
5220,1,0,1
5221,1,0,1
5222,1,0,1
5223,1,0,1
5224,1,0,1
5225,1,0,1
5226,1,0,1
5227,1,0,1
5228,1,0,1
5229,1,0,1
5230,1,0,1
5231,1,0,1
5232,1,0,1
5233,1,0,1
5234,1,0,1
5235,1,0,1
5236,1,0,1
5237,1,0,1
5238,1,0,1
5239,1,0,1
5240,1,0,1
5241,1,0,1
5242,1,0,1
5243,1,0,1
5244,1,0,1
5245,1,0,1
5246,1,0,1
5247,1,0,1
5248,1,0,1
5249,1,0,1
5250,1,0,1
5251,1,0,1
5252,1,0,1
5253,1,0,1
5254,1,0,1
5255,1,0,1
5256,1,0,1
5257,2,0,2
5258,2,0,2
5259,2,0,2
5260,2,0,2
5261,2,0,2
5262,2,0,2
5263,2,0,2
5264,2,0,2
5265,2,0,2
5266,2,0,2
5267,2,0,2
5268,2,0,2
5269,2,0,2
5270,2,0,2
5271,2,0,2
5272,2,0,2
5273,2,0,2
5274,2,0,2
5275,2,0,2
5276,2,0,2
5277,2,0,2
5278,2,0,2
5279,2,0,2
5280,2,0,2
5281,2,0,2
5282,2,0,2
5283,2,0,2
5284,2,0,2
5285,2,0,2
5286,2,0,2
5287,2,0,2
5288,2,0,2
5289,2,0,2
5290,2,0,2
5291,2,0,2
5292,2,0,2
5293,2,0,2
5294,2,0,2
5295,1,0,1
5296,1,0,1
5297,1,0,1
5298,1,0,1
5299,1,0,1
5300,1,0,1
5301,1,0,1
5302,1,0,1
5303,1,0,1
5304,1,0,1
5305,1,0,1
5306,1,0,1
5307,1,0,1
5308,1,0,1
5309,1,0,1
5310,1,0,1
5311,1,0,1
5312,1,0,1
5313,1,0,1
5314,1,0,1
5315,1,0,1
5316,1,0,1
5317,1,0,1
5318,1,0,1
5319,1,0,1
5320,1,0,1
5321,1,0,1
5322,1,0,1
5323,1,0,1
5324,1,0,1
5325,1,0,1
5326,1,0,1
5327,1,0,1
5328,1,0,1
5329,1,0,1
5330,1,0,1
5331,1,0,1
5332,1,0,1
5333,1,0,1
5334,1,0,1
5335,1,0,1
5336,1,0,1
5337,1,0,1
5338,1,0,1
5339,1,0,1
5340,1,0,1
5341,1,0,1
5342,1,0,1
5343,1,0,1
5344,1,0,1
5345,1,0,1
5346,1,0,1
5347,2,0,2
5348,2,0,2
5349,2,0,2
5350,2,0,2
5351,2,0,2
5352,2,0,2
5353,2,0,2
5354,2,0,2
5355,2,0,2
5356,1,0,1
5357,1,0,1
5358,1,0,1
5359,1,0,1
5360,1,0,1
5361,1,0,1
5362,1,0,1
5363,1,0,1
5364,1,0,1
5365,1,0,1
5366,1,0,1
5367,1,0,1
5368,1,0,1
5369,1,0,1
5370,1,0,1
5371,1,0,1
5372,1,0,1
5373,1,0,1
5374,1,0,1
5375,1,0,1
5376,1,0,1
5377,1,0,1
5378,1,0,1
5379,1,0,1
5380,1,0,1
5381,1,0,1
5382,1,0,1
5383,1,0,1
5384,1,0,1
5385,1,0,1
5386,1,0,1
5387,1,0,1
5388,1,0,1
5389,1,0,1
5390,1,0,1
5391,1,0,1
5392,1,0,1
5393,1,0,1
5394,1,0,1
5395,1,0,1
5396,1,0,1
5397,1,0,1
5398,1,0,1
5399,1,0,1
5400,1,0,1
5401,1,0,1
5402,1,0,1
5403,1,0,1
5404,1,0,1
5405,1,0,1
5406,1,0,1
5407,1,0,1
5408,1,0,1
5409,1,0,1
5410,1,0,1
5411,1,0,1
5412,1,0,1
5413,1,0,1
5414,1,0,1
5415,1,0,1
5416,1,0,1
5417,1,0,1
5418,1,0,1
5419,1,0,1
5420,1,0,1
5421,1,0,1
5422,1,0,1
5423,1,0,1
5424,1,0,1
5425,1,0,1
5426,1,0,1
5427,1,0,1
5428,1,0,1
5429,1,0,1
5430,1,0,1
5431,1,0,1
5432,1,0,1
5433,1,0,1
5434,1,0,1
5435,1,0,1
5436,1,0,1
5437,1,0,1
5438,1,0,1
5439,1,0,1
5440,1,0,1
5441,1,0,1
5442,1,0,1
5443,1,0,1
5444,1,0,1
5445,1,0,1
5446,1,0,1
5447,1,0,1
5448,1,0,1
5449,1,0,1
5450,1,0,1
5451,1,0,1
5452,1,0,1
5453,1,0,1
5454,1,0,1
5455,1,0,1
5456,1,0,1
5457,1,0,1
5458,1,0,1
5459,1,0,1
5460,1,0,1
5461,1,0,1
5462,1,0,1
5463,1,0,1
5464,1,0,1
5465,1,0,1
5466,1,0,1
5467,1,0,1
5468,1,0,1
5469,1,0,1
5470,1,0,1
5471,1,0,1
5472,1,0,1
5473,1,0,1
5474,1,0,1
5475,1,0,1
5476,1,0,1
5477,1,0,1
5478,1,0,1
5479,1,0,1
5480,1,0,1
5481,1,0,1
5482,1,0,1
5483,1,0,1
5484,1,0,1
5485,1,0,1
5486,1,0,1
5487,1,0,1
5488,1,0,1
5489,1,0,1
5490,1,0,1
5491,1,0,1
5492,1,0,1
5493,1,0,1
5494,1,0,1
5495,1,0,1
5496,1,0,1
5497,1,0,1
5498,1,0,1
5499,1,0,1
5500,1,0,1
5501,2,0,2
5502,2,0,2
5503,2,0,2
5504,2,0,2
5505,2,0,2
5506,2,0,2
5507,2,0,2
5508,2,0,2
5509,2,0,2
5510,2,0,2
5511,2,0,2
5512,2,0,2
5513,2,0,2
5514,2,0,2
5515,2,0,2
5516,2,0,2
5517,2,0,2
5518,2,0,2
5519,2,0,2
5520,2,0,2
5521,2,0,2
5522,2,0,2
5523,2,0,2
5524,2,0,2
5525,2,0,2
5526,2,0,2
5527,2,0,2
5528,2,0,2
5529,2,0,2
5530,2,0,2
5531,2,0,2
5532,2,0,2
5533,2,0,2
5534,2,0,2
5535,2,0,2
5536,2,0,2
5537,2,0,2
5538,2,0,2
5539,2,0,2
5540,2,0,2
5541,2,0,2
5542,2,0,2
5543,2,0,2
5544,2,0,2
5545,2,0,2
5546,2,0,2
5547,2,0,2
5548,2,0,2
5549,2,0,2
5550,2,0,2
5551,2,0,2
5552,2,0,2
5553,2,0,2
5554,2,0,2
5555,2,0,2
5556,2,0,2
5557,2,0,2
5558,2,0,2
5559,2,0,2
5560,2,0,2
5561,2,0,2
5562,1,0,1
5563,1,0,1
5564,1,0,1
5565,1,0,1
5566,1,0,1
5567,1,0,1
5568,1,0,1
5569,1,0,1
5570,1,0,1
5571,1,0,1
5572,1,0,1
5573,1,0,1
5574,1,0,1
5575,1,0,1
5576,1,0,1
5577,1,0,1
5578,1,0,1
5579,1,0,1
5580,1,0,1
5581,1,0,1
5582,1,0,1
5583,1,0,1
5584,1,0,1
5585,1,0,1
5586,1,0,1
5587,1,0,1
5588,1,0,1
5589,1,0,1
5590,1,0,1
5591,1,0,1
5592,1,0,1
5593,1,0,1
5594,1,0,1
5595,1,0,1
5596,1,0,1
5597,1,0,1
5598,1,0,1
5599,1,0,1
5600,1,0,1
5601,1,0,1
5602,1,0,1
5603,1,0,1
5604,1,0,1
5605,1,0,1
5606,1,0,1
5607,1,0,1
5608,1,0,1
5609,1,0,1
5610,1,0,1
5611,1,0,1
5612,1,0,1
5613,1,0,1
5614,1,0,1
5615,1,0,1
5616,1,0,1
5617,1,0,1
5618,1,0,1
5619,1,0,1
5620,1,0,1
5621,1,0,1
5622,1,0,1
5623,1,0,1
5624,1,0,1
5625,1,0,1
5626,1,0,1
5627,1,0,1
5628,1,0,1
5629,1,0,1
5630,1,0,1
5631,1,0,1
5632,1,0,1
5633,1,0,1
5634,1,0,1
5635,1,0,1
5636,1,0,1
5637,1,0,1
5638,1,0,1
5639,1,0,1
5640,1,0,1
5641,1,0,1
5642,1,0,1
5643,1,0,1
5644,1,0,1
5645,1,0,1
5646,1,0,1
5647,1,0,1
5648,1,0,1
5649,1,0,1
5650,1,0,1
5651,1,0,1
5652,1,0,1
5653,1,0,1
5654,1,0,1
5655,1,0,1
5656,1,0,1
5657,1,0,1
5658,1,0,1
5659,1,0,1
5660,1,0,1
5661,1,0,1
5662,1,0,1
5663,1,0,1
5664,1,0,1
5665,1,0,1
5666,1,0,1
5667,1,0,1
5668,1,0,1
5669,1,0,1
5670,1,0,1
5671,1,0,1
5672,1,0,1
5673,1,0,1
5674,1,0,1
5675,2,0,2
5676,2,0,2
5677,2,0,2
5678,2,0,2
5679,2,0,2
5680,2,0,2
5681,2,0,2
5682,2,0,2
5683,2,0,2
5684,2,0,2
5685,2,0,2
5686,2,0,2
5687,2,0,2
5688,1,0,1
5689,1,0,1
5690,1,0,1
5691,1,0,1
5692,1,0,1
5693,1,0,1
5694,1,0,1
5695,1,0,1
5696,1,0,1
5697,1,0,1
5698,1,0,1
5699,1,0,1
5700,1,0,1
5701,1,0,1
5702,1,0,1
5703,1,0,1
5704,1,0,1
5705,1,0,1
5706,1,0,1
5707,1,0,1
5708,1,0,1
5709,1,0,1
5710,1,0,1
5711,1,0,1
5712,1,0,1
5713,1,0,1
5714,1,0,1
5715,1,0,1
5716,1,0,1
5717,1,0,1
5718,1,0,1
5719,1,0,1
5720,1,0,1
5721,1,0,1
5722,1,0,1
5723,1,0,1
5724,1,0,1
5725,1,0,1
5726,1,0,1
5727,1,0,1
5728,1,0,1
5729,1,0,1
5730,1,0,1
5731,0,0,0
5732,0,0,0
5733,0,0,0
5734,0,0,0
5735,0,0,0
5736,0,0,0
5737,0,0,0
5738,0,0,0
5739,0,0,0
5740,0,0,0
5741,0,0,0
5742,0,0,0
5743,0,0,0
5744,0,0,0
5745,0,0,0
5746,0,0,0
5747,0,0,0
5748,0,0,0
5749,0,0,0
5750,0,0,0
5751,0,0,0
5752,0,0,0
5753,0,0,0
5754,0,0,0
5755,0,0,0
5756,0,0,0
5757,0,0,0
5758,0,0,0
5759,0,0,0
5760,0,0,0
5761,0,0,0
5762,0,0,0
5763,0,0,0
5764,0,0,0
5765,0,0,0
5766,0,0,0
5767,0,0,0
5768,0,0,0
5769,0,0,0
5770,0,0,0
5771,0,0,0
5772,0,0,0
5773,1,0,1
5774,1,0,1
5775,1,0,1
5776,1,0,1
5777,1,0,1
5778,1,0,1
5779,1,0,1
5780,1,0,1
5781,1,0,1
5782,1,0,1
5783,1,0,1
5784,1,0,1
5785,1,0,1
5786,1,0,1
5787,1,0,1
5788,1,0,1
5789,1,0,1
5790,1,0,1
5791,1,0,1
5792,1,0,1
5793,1,0,1
5794,1,0,1
5795,1,0,1
5796,1,0,1
5797,1,0,1
5798,1,0,1
5799,1,0,1
5800,1,0,1
5801,1,0,1
5802,2,0,2
5803,2,0,2
5804,2,0,2
5805,2,0,2
5806,2,0,2
5807,2,0,2
5808,2,0,2
5809,2,0,2
5810,2,0,2
5811,3,0,3
5812,3,0,3
5813,3,0,3
5814,3,0,3
5815,3,0,3
5816,3,0,3
5817,3,0,3
5818,3,0,3
5819,2,0,2
5820,2,0,2
5821,2,0,2
5822,2,0,2
5823,2,0,2
5824,2,0,2
5825,2,0,2
5826,2,0,2
5827,1,1,2
5828,1,1,2
5829,1,1,2
5830,1,1,2
5831,1,1,2
5832,1,1,2
5833,1,1,2
5834,1,1,2
5835,2,1,3
5836,2,1,3
5837,2,1,3
5838,2,1,3
5839,2,1,3
5840,2,1,3
5841,2,1,3
5842,2,1,3
5843,2,1,3
5844,2,1,3
5845,2,1,3
5846,2,1,3
5847,2,1,3
5848,2,1,3
5849,2,1,3
5850,2,1,3
5851,2,1,3
5852,2,1,3
5853,1,2,3
5854,1,2,3
5855,1,2,3
5856,1,2,3
5857,1,2,3
5858,1,2,3
5859,2,2,4
5860,2,2,4
5861,2,2,4
5862,2,2,4
5863,3,1,4
5864,4,1,5
5865,4,1,5
5866,4,1,5
5867,3,2,5
5868,3,2,5
5869,2,3,5
5870,2,3,5
5871,2,3,5
5872,2,3,5
5873,2,3,5
5874,2,3,5
5875,1,4,5
5876,1,4,5
5877,1,4,5
5878,1,4,5
5879,1,4,5
5880,2,4,6
5881,2,4,6
5882,2,4,6
5883,2,4,6
5884,2,4,6
5885,2,4,6
5886,2,4,6
5887,2,4,6
5888,2,4,6
5889,2,4,6
5890,2,4,6
5891,2,4,6
5892,3,4,7
5893,3,4,7
5894,3,4,7
5895,3,4,7
5896,3,4,7
5897,3,4,7
5898,4,3,7
5899,4,3,7
5900,4,3,7
5901,4,3,7
5902,4,3,7
5903,4,3,7
5904,4,3,7
5905,4,3,7
5906,5,3,8
5907,5,3,8
5908,5,3,8
5909,5,3,8
5910,4,3,7
5911,4,3,7
5912,4,3,7
5913,5,2,7
5914,5,2,7
5915,5,2,7
5916,5,2,7
5917,5,2,7
5918,5,2,7
5919,5,2,7
5920,5,2,7
5921,5,2,7
5922,5,2,7
5923,5,2,7
5924,4,2,6
5925,5,1,6
5926,3,1,4
5927,3,1,4
5928,3,1,4
5929,3,1,4
5930,3,1,4
5931,3,1,4
5932,3,1,4
5933,3,1,4
5934,3,1,4
5935,3,1,4
5936,3,1,4
5937,3,1,4
5938,4,0,4
5939,4,0,4
5940,3,0,3
5941,3,0,3
5942,3,0,3
5943,3,0,3
5944,3,0,3
5945,3,0,3
5946,2,0,2
5947,2,0,2
5948,2,0,2
5949,2,0,2
5950,2,0,2
5951,2,0,2
5952,2,0,2
5953,2,0,2
5954,2,0,2
5955,2,0,2
5956,2,0,2
5957,2,0,2
5958,2,0,2
5959,2,0,2
5960,2,0,2
5961,2,0,2
5962,2,0,2
5963,2,0,2
5964,2,0,2
5965,2,0,2
5966,2,0,2
5967,2,0,2
5968,2,0,2
5969,2,0,2
5970,2,0,2
5971,2,0,2
5972,2,0,2
5973,1,0,1
5974,1,0,1
5975,1,0,1
5976,1,0,1
5977,1,0,1
5978,1,0,1
5979,1,0,1
5980,1,0,1
5981,1,0,1
5982,1,0,1
5983,1,0,1
5984,1,0,1
5985,1,0,1
5986,1,0,1
5987,1,0,1
5988,1,0,1
5989,1,0,1
5990,1,0,1
5991,1,0,1
5992,1,0,1
5993,1,0,1
5994,1,0,1
5995,1,0,1
5996,1,0,1
5997,1,0,1
5998,1,0,1
5999,1,0,1
6000,0,0,0
6001,0,0,0
6002,0,0,0
6003,0,0,0
6004,0,0,0
6005,0,0,0
6006,0,0,0
6007,0,0,0
6008,0,0,0
6009,0,0,0
6010,0,0,0
6011,0,0,0
6012,0,0,0
6013,0,0,0
6014,0,0,0
6015,1,0,1
6016,1,0,1
6017,1,0,1
6018,1,0,1
6019,1,0,1
6020,1,0,1
6021,1,0,1
6022,1,0,1
6023,1,0,1
6024,1,0,1
6025,1,0,1
6026,1,0,1
6027,1,0,1
6028,1,0,1
6029,1,0,1
6030,1,0,1
6031,1,0,1
6032,1,0,1
6033,1,0,1
6034,1,0,1
6035,1,0,1
6036,1,0,1
6037,1,0,1
6038,1,0,1
6039,1,0,1
6040,1,0,1
6041,1,0,1
6042,1,0,1
6043,1,0,1
6044,1,0,1
6045,1,0,1
6046,1,0,1
6047,1,0,1
6048,1,0,1
6049,1,0,1
6050,1,0,1
6051,1,0,1
6052,1,0,1
6053,1,0,1
6054,1,0,1
6055,1,0,1
6056,1,0,1
6057,1,0,1
6058,1,0,1
6059,1,0,1
6060,1,0,1
6061,1,0,1
6062,1,0,1
6063,1,0,1
6064,1,0,1
6065,1,0,1
6066,1,0,1
6067,1,0,1
6068,1,0,1
6069,1,0,1
6070,1,0,1
6071,1,0,1
6072,1,0,1
6073,1,0,1
6074,1,0,1
6075,1,0,1
6076,1,0,1
6077,2,0,2
6078,2,0,2
6079,2,0,2
6080,2,0,2
6081,2,0,2
6082,2,0,2
6083,2,0,2
6084,2,0,2
6085,2,0,2
6086,2,0,2
6087,2,0,2
6088,2,0,2
6089,2,0,2
6090,2,0,2
6091,2,0,2
6092,2,0,2
6093,2,0,2
6094,2,0,2
6095,2,0,2
6096,2,0,2
6097,2,0,2
6098,2,0,2
6099,2,0,2
6100,2,0,2
6101,2,0,2
6102,2,0,2
6103,2,0,2
6104,2,0,2
6105,2,0,2
6106,2,0,2
6107,2,0,2
6108,2,0,2
6109,2,0,2
6110,2,0,2
6111,2,0,2
6112,2,0,2
6113,2,0,2
6114,2,0,2
6115,2,0,2
6116,3,0,3
6117,3,0,3
6118,3,0,3
6119,3,0,3
6120,3,0,3
6121,2,0,2
6122,2,0,2
6123,2,0,2
6124,2,0,2
6125,2,0,2
6126,3,0,3
6127,3,0,3
6128,4,0,4
6129,4,0,4
6130,2,1,3
6131,2,1,3
6132,2,1,3
6133,2,1,3
6134,2,1,3
6135,2,1,3
6136,2,1,3
6137,2,1,3
6138,1,2,3
6139,1,2,3
6140,1,2,3
6141,1,2,3
6142,1,2,3
6143,1,2,3
6144,1,2,3
6145,1,2,3
6146,1,2,3
6147,1,2,3
6148,1,2,3
6149,1,2,3
6150,1,2,3
6151,1,2,3
6152,1,2,3
6153,1,2,3
6154,1,2,3
6155,1,2,3
6156,1,2,3
6157,1,2,3
6158,1,2,3
6159,1,2,3
6160,1,2,3
6161,1,2,3
6162,1,2,3
6163,1,2,3
6164,2,1,3
6165,2,1,3
6166,2,1,3
6167,2,1,3
6168,2,1,3
6169,2,1,3
6170,2,1,3
6171,2,1,3
6172,2,1,3
6173,2,1,3
6174,2,1,3
6175,2,1,3
6176,2,1,3
6177,2,1,3
6178,2,1,3
6179,2,1,3
6180,2,1,3
6181,2,1,3
6182,2,1,3
6183,2,1,3
6184,2,1,3
6185,1,1,2
6186,1,1,2
6187,1,1,2
6188,1,1,2
6189,1,1,2
6190,1,1,2
6191,1,1,2
6192,2,0,2
6193,2,0,2
6194,2,0,2
6195,2,0,2
6196,2,0,2
6197,2,0,2
6198,2,0,2
6199,1,0,1
6200,1,0,1
6201,1,0,1
6202,1,0,1
6203,1,0,1
6204,1,0,1
6205,1,0,1
6206,1,0,1
6207,1,0,1
6208,1,0,1
6209,1,0,1
6210,0,0,0
6211,0,0,0
6212,0,0,0
6213,0,0,0
6214,0,0,0
6215,0,0,0
6216,0,0,0
6217,0,0,0
6218,0,0,0
6219,0,0,0
6220,0,0,0
6221,0,0,0
6222,0,0,0
6223,0,0,0
6224,0,0,0
6225,0,0,0
6226,0,0,0
6227,0,0,0
6228,0,0,0
6229,0,0,0
6230,0,0,0
6231,0,0,0
6232,0,0,0
6233,0,0,0
6234,0,0,0
6235,0,0,0
6236,0,0,0
6237,0,0,0
6238,1,0,1
6239,1,0,1
6240,1,0,1
6241,1,0,1
6242,1,0,1
6243,1,0,1
6244,1,0,1
6245,1,0,1
6246,1,0,1
6247,1,0,1
6248,1,0,1
6249,1,0,1
6250,1,0,1
6251,1,0,1
6252,1,0,1
6253,1,0,1
6254,1,0,1
6255,1,0,1
6256,1,0,1
6257,1,0,1
6258,0,1,1
6259,0,1,1
6260,0,1,1
6261,0,1,1
6262,0,1,1
6263,0,1,1
6264,0,1,1
6265,0,1,1
6266,0,1,1
6267,0,1,1
6268,0,1,1
6269,0,1,1
6270,0,1,1
6271,0,1,1
6272,0,1,1
6273,0,1,1
6274,0,1,1
6275,0,1,1
6276,0,1,1
6277,0,1,1
6278,0,1,1
6279,0,1,1
6280,0,1,1
6281,0,1,1
6282,0,1,1
6283,0,1,1
6284,0,1,1
6285,0,1,1
6286,0,1,1
6287,0,1,1
6288,0,1,1
6289,0,1,1
6290,0,1,1
6291,0,1,1
6292,0,1,1
6293,1,0,1
6294,1,0,1
6295,1,0,1
6296,1,0,1
6297,1,0,1
6298,1,0,1
6299,1,0,1
6300,1,0,1
6301,1,0,1
6302,1,0,1
6303,1,0,1
6304,1,0,1
6305,1,0,1
6306,1,0,1
6307,1,0,1
6308,1,0,1
6309,1,0,1
6310,1,0,1
6311,1,0,1
6312,1,0,1
6313,1,0,1
6314,1,0,1
6315,1,0,1
6316,1,0,1
6317,1,0,1
6318,1,0,1
6319,1,0,1
6320,1,0,1
6321,1,0,1
6322,1,0,1
6323,1,0,1
6324,1,0,1
6325,1,0,1
6326,1,0,1
6327,1,0,1
6328,1,0,1
6329,1,0,1
6330,1,0,1
6331,1,0,1
6332,1,0,1
6333,1,0,1
6334,1,0,1
6335,1,0,1
6336,1,0,1
6337,1,0,1
6338,1,0,1
6339,0,0,0
6340,0,0,0
6341,0,0,0
6342,0,0,0
6343,0,0,0
6344,0,0,0
6345,0,0,0
6346,0,0,0
6347,0,0,0
6348,0,0,0
6349,0,0,0
6350,0,0,0
6351,0,0,0
6352,0,0,0
6353,0,0,0
6354,0,0,0
6355,0,0,0
6356,0,0,0
6357,0,0,0
6358,0,0,0
6359,0,0,0
6360,0,0,0
6361,0,0,0
6362,0,0,0
6363,0,0,0
6364,0,0,0
6365,0,0,0
6366,0,0,0
6367,0,0,0
6368,0,0,0
6369,0,0,0
6370,0,0,0
6371,0,0,0
6372,0,0,0
6373,0,0,0
6374,0,0,0
6375,0,0,0
6376,0,0,0
6377,0,0,0
6378,0,0,0
6379,0,0,0
6380,0,0,0
6381,0,0,0
6382,0,0,0
6383,0,0,0
6384,0,0,0
6385,0,0,0
6386,0,0,0
6387,0,0,0
6388,0,0,0
6389,0,0,0
6390,0,0,0
6391,0,0,0
6392,0,0,0
6393,0,0,0
6394,0,0,0
6395,0,0,0
6396,0,0,0
6397,0,0,0
6398,0,0,0
6399,0,0,0
6400,0,0,0
6401,0,0,0
6402,0,0,0
6403,0,0,0
6404,0,0,0
6405,0,0,0
6406,0,0,0
6407,0,0,0
6408,0,0,0
6409,0,0,0
6410,0,0,0
6411,0,0,0
6412,0,0,0
6413,0,0,0
6414,0,0,0
6415,0,0,0
6416,0,0,0
6417,0,0,0
6418,0,0,0
6419,0,0,0
6420,0,0,0
6421,0,0,0
6422,0,0,0
6423,0,0,0
6424,0,0,0
6425,0,0,0
6426,0,0,0
6427,0,0,0
6428,0,0,0
6429,0,0,0
6430,0,0,0
6431,0,0,0
6432,0,0,0
6433,0,0,0
6434,0,0,0
6435,0,0,0
6436,0,0,0
6437,0,0,0
6438,0,0,0
6439,0,0,0
6440,0,0,0
6441,0,0,0
6442,0,0,0
6443,0,0,0
6444,0,0,0
6445,0,0,0
6446,0,0,0
6447,0,0,0
6448,0,0,0
6449,0,0,0
6450,0,0,0
6451,0,0,0
6452,0,0,0
6453,0,0,0
6454,0,0,0
6455,0,0,0
6456,0,0,0
6457,0,0,0
6458,0,0,0
6459,0,0,0
6460,0,0,0
6461,0,0,0
6462,0,0,0
6463,0,0,0
6464,0,0,0
6465,0,0,0
6466,0,0,0
6467,0,0,0
6468,0,0,0
6469,0,0,0
6470,0,0,0
6471,0,0,0
6472,0,0,0
6473,0,0,0
6474,0,0,0
6475,0,0,0
6476,0,0,0
6477,0,0,0
6478,0,0,0
6479,0,0,0
6480,0,0,0
6481,0,0,0
6482,0,0,0
6483,0,0,0
6484,0,0,0
6485,0,0,0
6486,0,0,0
6487,0,0,0
6488,0,0,0
6489,0,0,0
6490,0,0,0
6491,0,0,0
6492,0,0,0
6493,0,0,0
6494,0,0,0
6495,0,0,0
6496,0,0,0
6497,0,0,0
6498,0,0,0
6499,0,0,0
6500,0,0,0
6501,0,0,0
6502,0,0,0
6503,0,0,0
6504,0,0,0
6505,0,0,0
6506,0,0,0
6507,0,0,0
6508,0,0,0
6509,0,0,0
6510,0,0,0
6511,0,0,0
6512,0,0,0
6513,0,0,0
6514,0,0,0
6515,0,0,0
6516,0,0,0
6517,0,0,0
6518,0,0,0
6519,0,0,0
6520,0,0,0
6521,0,0,0
6522,0,0,0
6523,0,0,0
6524,0,0,0
6525,0,0,0
6526,0,0,0
6527,0,0,0
6528,0,0,0
6529,0,0,0
6530,0,0,0
6531,0,0,0
6532,0,0,0
6533,0,0,0
6534,0,0,0
6535,0,0,0
6536,0,0,0
6537,0,0,0
6538,0,0,0
6539,0,0,0
6540,0,0,0
6541,0,0,0
6542,0,0,0
6543,0,0,0
6544,0,0,0
6545,0,0,0
6546,0,0,0
6547,0,0,0
6548,0,0,0
6549,0,0,0
6550,0,0,0
6551,0,0,0
6552,0,0,0
6553,0,0,0
6554,0,0,0
6555,0,0,0
6556,0,0,0
6557,0,0,0
6558,0,0,0
6559,0,0,0
6560,0,0,0
6561,0,0,0
6562,0,0,0
6563,0,0,0
6564,0,0,0
6565,0,0,0
6566,0,0,0
6567,0,0,0
6568,0,0,0
6569,0,0,0
6570,0,0,0
6571,0,0,0
6572,0,0,0
6573,0,0,0
6574,0,0,0
6575,0,0,0
6576,0,0,0
6577,0,0,0
6578,0,0,0
6579,0,0,0
6580,0,0,0
6581,0,0,0
6582,0,0,0
6583,0,0,0
6584,0,0,0
6585,0,0,0
6586,0,0,0
6587,0,0,0
6588,0,0,0
6589,0,0,0
6590,0,0,0
6591,0,0,0
6592,0,0,0
6593,0,0,0
6594,0,0,0
6595,1,0,1
6596,1,0,1
6597,1,0,1
6598,1,0,1
6599,1,0,1
6600,1,0,1
6601,1,0,1
6602,1,0,1
6603,1,0,1
6604,1,0,1
6605,1,0,1
6606,1,0,1
6607,1,0,1
6608,1,0,1
6609,1,0,1
6610,1,0,1
6611,1,0,1
6612,1,0,1
6613,1,0,1
6614,1,0,1
6615,1,0,1
6616,1,0,1
6617,1,0,1
6618,1,0,1
6619,1,0,1
6620,1,0,1
6621,1,0,1
6622,1,0,1
6623,1,0,1
6624,1,0,1
6625,1,0,1
6626,1,0,1
6627,1,0,1
6628,1,0,1
6629,1,0,1
6630,1,0,1
6631,1,0,1
6632,1,0,1
6633,1,0,1
6634,1,0,1
6635,1,0,1
6636,1,0,1
6637,1,0,1
6638,1,0,1
6639,1,0,1
6640,1,0,1
6641,1,0,1
6642,1,0,1
6643,1,0,1
6644,1,0,1
6645,1,0,1
6646,1,0,1
6647,1,0,1
6648,1,0,1
6649,1,0,1
6650,1,0,1
6651,1,0,1
6652,1,0,1
6653,1,0,1
6654,1,0,1
6655,1,0,1
6656,1,0,1
6657,1,0,1
6658,1,0,1
6659,0,0,0
6660,0,0,0
6661,0,0,0
6662,0,0,0
6663,0,0,0
6664,0,0,0
6665,0,0,0
6666,0,0,0
6667,0,0,0
6668,0,0,0
6669,0,0,0
6670,0,0,0
6671,0,0,0
6672,0,0,0
6673,0,0,0
6674,0,0,0
6675,0,0,0
6676,0,0,0
6677,0,0,0
6678,0,0,0
6679,0,0,0
6680,0,0,0
6681,0,0,0
6682,0,0,0
6683,0,0,0
6684,0,0,0
6685,0,0,0
6686,0,0,0
6687,0,0,0
6688,0,0,0
6689,0,0,0
6690,0,0,0
6691,0,0,0
6692,0,0,0
6693,0,0,0
6694,0,0,0
6695,0,0,0
6696,0,0,0
6697,0,0,0
6698,0,0,0
6699,0,0,0
6700,0,0,0
6701,0,0,0
6702,0,0,0
6703,0,0,0
6704,0,0,0
6705,0,0,0
6706,0,0,0
6707,0,0,0
6708,0,0,0
6709,0,0,0
6710,0,0,0
6711,0,0,0
6712,0,0,0
6713,0,0,0
6714,0,0,0
6715,0,0,0
6716,0,0,0
6717,0,0,0
6718,0,0,0
6719,0,0,0
6720,0,0,0
6721,0,0,0
6722,0,0,0
6723,0,0,0
6724,0,0,0
6725,0,0,0
6726,0,0,0
6727,0,0,0
6728,0,0,0
6729,0,0,0
6730,0,0,0
6731,0,0,0
6732,0,0,0
6733,0,0,0
6734,0,0,0
6735,0,0,0
6736,0,0,0
6737,0,0,0
6738,0,0,0
6739,0,0,0
6740,0,0,0
6741,0,0,0
6742,1,0,1
6743,1,0,1
6744,1,0,1
6745,1,0,1
6746,1,0,1
6747,1,0,1
6748,1,0,1
6749,1,0,1
6750,1,0,1
6751,1,0,1
6752,1,0,1
6753,1,0,1
6754,1,0,1
6755,1,0,1
6756,1,0,1
6757,1,0,1
6758,1,0,1
6759,1,0,1
6760,1,0,1
6761,1,0,1
6762,1,0,1
6763,1,0,1
6764,1,0,1
6765,1,0,1
6766,1,0,1
6767,1,0,1
6768,1,0,1
6769,1,0,1
6770,1,0,1
6771,1,0,1
6772,1,0,1
6773,1,0,1
6774,1,0,1
6775,1,0,1
6776,1,0,1
6777,1,0,1
6778,2,0,2
6779,2,0,2
6780,2,0,2
6781,2,0,2
6782,2,0,2
6783,2,0,2
6784,2,0,2
6785,2,0,2
6786,2,0,2
6787,2,0,2
6788,2,0,2
6789,2,0,2
6790,2,0,2
6791,2,0,2
6792,2,0,2
6793,2,0,2
6794,2,0,2
6795,1,0,1
6796,1,0,1
6797,1,0,1
6798,1,0,1
6799,1,0,1
6800,1,0,1
6801,1,0,1
6802,1,0,1
6803,1,0,1
6804,1,0,1
6805,1,0,1
6806,1,0,1
6807,1,0,1
6808,1,0,1
6809,1,0,1
6810,1,0,1
6811,1,0,1
6812,1,0,1
6813,1,0,1
6814,1,0,1
6815,1,0,1
6816,1,0,1
6817,1,0,1
6818,1,0,1
6819,1,0,1
6820,1,0,1
6821,1,0,1
6822,1,0,1
6823,1,0,1
6824,1,0,1
6825,1,0,1
6826,1,0,1
6827,1,0,1
6828,1,0,1
6829,1,0,1
6830,1,0,1
6831,1,0,1
6832,1,0,1
6833,1,0,1
6834,1,0,1
6835,1,0,1
6836,1,0,1
6837,1,0,1
6838,1,0,1
6839,1,0,1
6840,1,0,1
6841,1,0,1
6842,1,0,1
6843,1,0,1
6844,1,0,1
6845,1,0,1
6846,1,0,1
6847,1,0,1
6848,1,0,1
6849,1,0,1
6850,1,0,1
6851,1,0,1
6852,1,0,1
6853,1,0,1
6854,1,0,1
6855,1,0,1
6856,1,0,1
6857,1,0,1
6858,1,0,1
6859,1,0,1
6860,1,0,1
6861,1,0,1
6862,1,0,1
6863,1,0,1
6864,1,0,1
6865,1,0,1
6866,1,0,1
6867,1,0,1
6868,1,0,1
6869,1,0,1
6870,1,0,1
6871,1,0,1
6872,1,0,1
6873,1,0,1
6874,1,0,1
6875,1,0,1
6876,1,0,1
6877,1,0,1
6878,1,0,1
6879,1,0,1
6880,1,0,1
6881,1,0,1
6882,1,0,1
6883,1,0,1
6884,1,0,1
6885,1,0,1
6886,1,0,1
6887,1,0,1
6888,2,0,2
6889,2,0,2
6890,2,0,2
6891,2,0,2
6892,2,0,2
6893,2,0,2
6894,2,0,2
6895,2,0,2
6896,2,0,2
6897,2,0,2
6898,2,0,2
6899,2,0,2
6900,2,0,2
6901,2,0,2
6902,2,0,2
6903,2,0,2
6904,2,0,2
6905,2,0,2
6906,2,0,2
6907,2,0,2
6908,2,0,2
6909,2,0,2
6910,2,0,2
6911,2,0,2
6912,2,0,2
6913,2,0,2
6914,2,0,2
6915,2,0,2
6916,2,0,2
6917,2,0,2
6918,2,0,2
6919,2,0,2
6920,2,0,2
6921,2,0,2
6922,2,0,2
6923,2,0,2
6924,2,0,2
6925,2,0,2
6926,2,0,2
6927,2,0,2
6928,2,0,2
6929,2,0,2
6930,2,0,2
6931,2,0,2
6932,2,0,2
6933,2,0,2
6934,2,0,2
6935,2,0,2
6936,2,0,2
6937,2,0,2
6938,2,0,2
6939,2,0,2
6940,2,0,2
6941,2,0,2
6942,2,0,2
6943,2,0,2
6944,2,0,2
6945,2,0,2
6946,2,0,2
6947,2,0,2
6948,2,0,2
6949,2,0,2
6950,2,0,2
6951,2,0,2
6952,2,0,2
6953,2,0,2
6954,2,0,2
6955,2,0,2
6956,2,0,2
6957,2,0,2
6958,2,0,2
6959,2,0,2
6960,2,0,2
6961,2,0,2
6962,2,0,2
6963,2,0,2
6964,2,0,2
6965,2,0,2
6966,2,0,2
6967,2,0,2
6968,2,0,2
6969,2,0,2
6970,2,0,2
6971,2,0,2
6972,1,0,1
6973,1,0,1
6974,1,0,1
6975,1,0,1
6976,1,0,1
6977,1,0,1
6978,1,0,1
6979,1,0,1
6980,1,0,1
6981,1,0,1
6982,1,0,1
6983,1,0,1
6984,1,0,1
6985,1,0,1
6986,1,0,1
6987,1,0,1
6988,1,0,1
6989,1,0,1
6990,1,0,1
6991,1,0,1
6992,1,0,1
6993,1,0,1
6994,1,0,1
6995,1,0,1
6996,1,0,1
6997,1,0,1
6998,1,0,1
6999,1,0,1
7000,1,0,1
7001,1,0,1
7002,1,0,1
7003,1,0,1
7004,1,0,1
7005,1,0,1
7006,1,0,1
7007,1,0,1
7008,1,0,1
7009,1,0,1
7010,1,0,1
7011,1,0,1
7012,1,0,1
7013,1,0,1
7014,1,0,1
7015,1,0,1
7016,1,0,1
7017,1,0,1
7018,1,0,1
7019,1,0,1
7020,1,0,1
7021,1,0,1
7022,1,0,1
7023,1,0,1
7024,2,0,2
7025,2,0,2
7026,2,0,2
7027,2,0,2
7028,2,0,2
7029,2,0,2
7030,2,0,2
7031,2,0,2
7032,2,0,2
7033,2,0,2
7034,2,0,2
7035,2,0,2
7036,2,0,2
7037,2,0,2
7038,2,0,2
7039,2,0,2
7040,2,0,2
7041,2,0,2
7042,2,0,2
7043,2,0,2
7044,2,0,2
7045,2,0,2
7046,2,0,2
7047,2,0,2
7048,2,0,2
7049,2,0,2
7050,2,0,2
7051,2,0,2
7052,2,0,2
7053,2,0,2
7054,2,0,2
7055,2,0,2
7056,2,0,2
7057,2,0,2
7058,2,0,2
7059,2,0,2
7060,2,0,2
7061,2,0,2
7062,2,0,2
7063,2,0,2
7064,2,0,2
7065,2,0,2
7066,2,0,2
7067,2,0,2
7068,2,0,2
7069,2,0,2
7070,2,0,2
7071,2,0,2
7072,2,0,2
7073,2,0,2
7074,2,0,2
7075,2,0,2
7076,2,0,2
7077,2,0,2
7078,2,0,2
7079,2,0,2
7080,2,0,2
7081,2,0,2
7082,2,0,2
7083,2,0,2
7084,2,0,2
7085,2,0,2
7086,2,0,2
7087,2,0,2
7088,2,0,2
7089,2,0,2
7090,2,0,2
7091,2,0,2
7092,2,0,2
7093,2,0,2
7094,2,0,2
7095,2,0,2
7096,2,0,2
7097,2,0,2
7098,2,0,2
7099,1,0,1
7100,1,0,1
7101,1,0,1
7102,1,0,1
7103,1,0,1
7104,1,0,1
7105,1,0,1
7106,1,0,1
7107,1,0,1
7108,1,0,1
7109,1,0,1
7110,1,0,1
7111,1,0,1
7112,1,0,1
7113,1,0,1
7114,1,0,1
7115,1,0,1
7116,1,0,1
7117,1,0,1
7118,1,0,1
7119,1,0,1
7120,1,0,1
7121,1,0,1
7122,1,0,1
7123,1,0,1
7124,1,0,1
7125,1,0,1
7126,0,0,0
7127,0,0,0
7128,0,0,0
7129,0,0,0
7130,0,0,0
7131,0,0,0
7132,0,0,0
7133,0,0,0
7134,0,0,0
7135,0,0,0
7136,0,0,0
7137,0,0,0
7138,0,0,0
7139,0,0,0
7140,0,0,0
7141,0,0,0
7142,0,0,0
7143,0,0,0
7144,0,0,0
7145,0,0,0
7146,0,0,0
7147,0,0,0
7148,0,0,0
7149,0,0,0
7150,0,0,0
7151,0,0,0
7152,0,0,0
7153,0,0,0
7154,0,0,0
7155,0,0,0
7156,0,0,0
7157,0,0,0
7158,0,0,0
7159,0,0,0
7160,0,0,0
7161,0,0,0
7162,0,0,0
7163,0,0,0
7164,0,0,0
7165,0,0,0
7166,0,0,0
7167,0,0,0
7168,0,0,0
7169,0,0,0
7170,0,0,0
7171,0,0,0
7172,0,0,0
7173,0,0,0
7174,0,0,0
7175,0,0,0
7176,0,0,0
7177,0,0,0
7178,0,0,0
7179,0,0,0
7180,0,0,0
7181,0,0,0
7182,0,0,0
7183,0,0,0
7184,0,0,0
7185,0,0,0
7186,0,0,0
7187,0,0,0
7188,0,0,0
7189,0,0,0
7190,0,0,0
7191,0,0,0
7192,0,0,0
7193,0,0,0
7194,0,0,0
7195,0,0,0
7196,0,0,0
7197,0,0,0
7198,0,0,0
7199,0,0,0
7200,0,0,0
7201,0,0,0
7202,0,0,0
7203,0,0,0
7204,0,0,0
7205,0,0,0
7206,0,0,0
7207,0,0,0
7208,0,0,0
7209,0,0,0
7210,0,0,0
7211,0,0,0
7212,0,0,0
7213,0,0,0
7214,0,0,0
7215,0,0,0
7216,0,0,0
7217,0,0,0
7218,0,0,0
7219,0,0,0
7220,0,0,0
7221,0,0,0
7222,0,0,0
7223,0,0,0
7224,0,0,0
7225,0,0,0
7226,0,0,0
7227,0,0,0
7228,0,0,0
7229,0,0,0
7230,0,0,0
7231,0,0,0
7232,0,0,0
7233,0,0,0
7234,0,0,0
7235,0,0,0
7236,0,0,0
7237,0,0,0
7238,0,0,0
7239,0,0,0
7240,0,0,0
7241,0,0,0
7242,0,0,0
7243,0,0,0
7244,0,0,0
7245,0,0,0
7246,0,0,0
7247,0,0,0
7248,0,0,0
7249,0,0,0
7250,0,0,0
7251,0,0,0
7252,0,0,0
7253,0,0,0
7254,1,0,1
7255,1,0,1
7256,1,0,1
7257,1,0,1
7258,1,0,1
7259,1,0,1
7260,1,0,1
7261,1,0,1
7262,1,0,1
7263,1,0,1
7264,1,0,1
7265,1,0,1
7266,1,0,1
7267,1,0,1
7268,1,0,1
7269,1,0,1
7270,1,0,1
7271,1,0,1
7272,1,0,1
7273,1,0,1
7274,1,0,1
7275,1,0,1
7276,1,0,1
7277,1,0,1
7278,1,0,1
7279,1,0,1
7280,1,0,1
7281,1,0,1
7282,1,0,1
7283,1,0,1
7284,1,0,1
7285,1,0,1
7286,1,0,1
7287,1,0,1
7288,1,0,1
7289,1,0,1
7290,1,0,1
7291,1,0,1
7292,1,0,1
7293,1,0,1
7294,1,0,1
7295,1,0,1
7296,1,0,1
7297,1,0,1
7298,1,0,1
7299,1,0,1
7300,1,0,1
7301,1,0,1
7302,0,1,1
7303,1,1,2
7304,1,1,2
7305,1,1,2
7306,1,1,2
7307,1,1,2
7308,1,1,2
7309,1,1,2
7310,1,1,2
7311,1,1,2
7312,1,1,2
7313,1,1,2
7314,1,1,2
7315,1,1,2
7316,1,1,2
7317,1,1,2
7318,1,1,2
7319,1,1,2
7320,1,1,2
7321,1,1,2
7322,1,1,2
7323,2,1,3
7324,2,1,3
7325,2,1,3
7326,2,1,3
7327,2,1,3
7328,2,1,3
7329,2,1,3
7330,2,1,3
7331,2,1,3
7332,2,1,3
7333,2,1,3
7334,2,1,3
7335,2,1,3
7336,2,1,3
7337,3,0,3
7338,3,0,3
7339,3,0,3
7340,3,0,3
7341,3,0,3
7342,4,0,4
7343,4,0,4
7344,4,0,4
7345,4,0,4
7346,4,0,4
7347,4,0,4
7348,4,0,4
7349,4,0,4
7350,4,0,4
7351,4,0,4
7352,4,0,4
7353,4,0,4
7354,4,0,4
7355,4,0,4
7356,4,0,4
7357,4,0,4
7358,4,0,4
7359,4,0,4
7360,4,0,4
7361,4,0,4
7362,4,0,4
7363,4,0,4
7364,4,0,4
7365,4,0,4
7366,4,0,4
7367,4,0,4
7368,4,0,4
7369,4,0,4
7370,4,0,4
7371,4,0,4
7372,4,0,4
7373,4,0,4
7374,4,0,4
7375,4,0,4
7376,4,0,4
7377,4,0,4
7378,4,0,4
7379,4,0,4
7380,4,0,4
7381,4,0,4
7382,4,0,4
7383,4,0,4
7384,3,0,3
7385,3,0,3
7386,3,0,3
7387,3,0,3
7388,3,0,3
7389,3,0,3
7390,3,0,3
7391,3,0,3
7392,3,0,3
7393,3,0,3
7394,3,0,3
7395,3,0,3
7396,3,0,3
7397,3,0,3
7398,3,0,3
7399,3,0,3
7400,3,0,3
7401,3,0,3
7402,3,0,3
7403,3,0,3
7404,3,0,3
7405,3,0,3
7406,3,0,3
7407,3,0,3
7408,3,0,3
7409,3,0,3
7410,3,0,3
7411,3,0,3
7412,2,0,2
7413,1,0,1
7414,1,0,1
7415,1,0,1
7416,1,0,1
7417,1,0,1
7418,1,0,1
7419,1,0,1
7420,1,0,1
7421,1,0,1
7422,1,0,1
7423,1,0,1
7424,1,0,1
7425,1,0,1
7426,1,0,1
7427,1,0,1
7428,1,0,1
7429,1,0,1
7430,0,0,0
7431,0,0,0
7432,0,0,0
7433,0,0,0
7434,0,0,0
7435,0,0,0
7436,0,0,0
7437,0,0,0
7438,0,0,0
7439,0,0,0
7440,0,0,0
7441,0,0,0
7442,0,0,0
7443,0,0,0
7444,0,0,0
7445,0,0,0
7446,0,0,0
7447,0,0,0
7448,0,0,0
7449,0,0,0
7450,0,0,0
7451,0,0,0
7452,0,0,0
7453,0,0,0
7454,0,0,0
7455,0,0,0
7456,0,0,0
7457,0,0,0
7458,0,0,0
7459,0,0,0
7460,0,0,0
7461,0,0,0
7462,0,0,0
7463,0,0,0
7464,0,0,0
7465,0,0,0
7466,0,0,0
7467,0,0,0
7468,0,0,0
7469,0,0,0
7470,0,0,0
7471,0,0,0
7472,0,0,0
7473,0,0,0
7474,0,0,0
7475,0,0,0
7476,0,0,0
7477,0,0,0
7478,0,0,0
7479,0,0,0
7480,0,0,0
7481,0,0,0
7482,0,0,0
7483,0,0,0
7484,0,0,0
7485,0,0,0
7486,0,0,0
7487,0,0,0
7488,0,0,0
7489,0,0,0
7490,0,0,0
7491,0,0,0
7492,0,0,0
7493,0,0,0
7494,0,0,0
7495,0,0,0
7496,0,0,0
7497,0,0,0
7498,0,0,0
7499,0,0,0
7500,0,0,0
7501,0,0,0
7502,0,0,0
7503,0,0,0
7504,0,0,0
7505,0,0,0
7506,0,0,0
7507,0,0,0
7508,0,0,0
7509,0,0,0
7510,0,0,0
7511,0,0,0
7512,0,0,0
7513,0,0,0
7514,0,0,0
7515,0,0,0
7516,0,0,0
7517,0,0,0
7518,1,0,1
7519,1,0,1
7520,1,0,1
7521,1,0,1
7522,1,0,1
7523,1,0,1
7524,1,0,1
7525,1,0,1
7526,1,0,1
7527,1,0,1
7528,1,0,1
7529,1,0,1
7530,1,0,1
7531,1,0,1
7532,1,0,1
7533,1,0,1
7534,1,0,1
7535,1,0,1
7536,1,0,1
7537,1,0,1
7538,1,0,1
7539,1,0,1
7540,1,0,1
7541,1,0,1
7542,1,0,1
7543,1,0,1
7544,1,0,1
7545,1,0,1
7546,1,0,1
7547,1,0,1
7548,1,0,1
7549,1,0,1
7550,1,0,1
7551,2,0,2
7552,2,0,2
7553,2,0,2
7554,2,0,2
7555,2,0,2
7556,2,0,2
7557,2,0,2
7558,2,0,2
7559,2,0,2
7560,2,0,2
7561,2,0,2
7562,2,0,2
7563,2,0,2
7564,2,0,2
7565,2,0,2
7566,2,0,2
7567,2,0,2
7568,2,0,2
7569,2,0,2
7570,2,0,2
7571,2,0,2
7572,2,0,2
7573,2,0,2
7574,2,0,2
7575,2,0,2
7576,2,0,2
7577,2,0,2
7578,2,0,2
7579,2,0,2
7580,2,0,2
7581,2,0,2
7582,2,0,2
7583,2,0,2
7584,2,0,2
7585,2,0,2
7586,2,0,2
7587,2,0,2
7588,2,0,2
7589,2,0,2
7590,2,0,2
7591,2,0,2
7592,2,0,2
7593,2,0,2
7594,2,0,2
7595,2,0,2
7596,2,0,2
7597,2,0,2
7598,2,0,2
7599,2,0,2
7600,2,0,2
7601,1,0,1
7602,1,0,1
7603,1,0,1
7604,1,0,1
7605,1,0,1
7606,1,0,1
7607,1,0,1
7608,1,0,1
7609,1,0,1
7610,1,0,1
7611,1,0,1
7612,1,0,1
7613,1,0,1
7614,1,0,1
7615,1,0,1
7616,1,0,1
7617,1,0,1
7618,1,0,1
7619,1,0,1
7620,1,0,1
7621,1,0,1
7622,1,0,1
7623,1,0,1
7624,1,0,1
7625,1,0,1
7626,1,0,1
7627,2,0,2
7628,2,0,2
7629,2,0,2
7630,2,0,2
7631,2,0,2
7632,2,0,2
7633,2,0,2
7634,2,0,2
7635,2,0,2
7636,2,0,2
7637,2,0,2
7638,2,0,2
7639,2,0,2
7640,2,0,2
7641,2,0,2
7642,2,0,2
7643,2,0,2
7644,2,0,2
7645,2,0,2
7646,2,0,2
7647,2,0,2
7648,2,0,2
7649,2,0,2
7650,2,0,2
7651,2,0,2
7652,2,0,2
7653,2,0,2
7654,2,0,2
7655,2,0,2
7656,2,0,2
7657,2,0,2
7658,2,0,2
7659,2,0,2
7660,2,0,2
7661,2,0,2
7662,2,0,2
7663,2,0,2
7664,2,0,2
7665,2,0,2
7666,2,0,2
7667,2,0,2
7668,2,0,2
7669,2,0,2
7670,2,0,2
7671,2,0,2
7672,2,0,2
7673,2,0,2
7674,2,0,2
7675,2,0,2
7676,3,0,3
7677,3,0,3
7678,3,0,3
7679,3,0,3
7680,3,0,3
7681,3,0,3
7682,3,0,3
7683,3,0,3
7684,3,0,3
7685,3,0,3
7686,3,0,3
7687,3,0,3
7688,3,0,3
7689,3,0,3
7690,3,0,3
7691,3,0,3
7692,3,0,3
7693,3,0,3
7694,3,0,3
7695,2,0,2
7696,2,0,2
7697,2,0,2
7698,2,0,2
7699,2,0,2
7700,2,0,2
7701,2,0,2
7702,2,0,2
7703,2,0,2
7704,2,0,2
7705,2,0,2
7706,2,0,2
7707,2,0,2
7708,2,0,2
7709,2,0,2
7710,2,0,2
7711,2,0,2
7712,2,0,2
7713,2,0,2
7714,2,0,2
7715,2,0,2
7716,2,0,2
7717,2,0,2
7718,2,0,2
7719,2,0,2
7720,2,0,2
7721,2,0,2
7722,2,0,2
7723,2,0,2
7724,2,0,2
7725,2,0,2
7726,2,0,2
7727,2,0,2
7728,2,0,2
7729,2,0,2
7730,2,0,2
7731,2,0,2
7732,2,0,2
7733,2,0,2
7734,2,0,2
7735,2,0,2
7736,2,0,2
7737,2,0,2
7738,2,0,2
7739,2,0,2
7740,2,0,2
7741,2,0,2
7742,2,0,2
7743,2,0,2
7744,2,0,2
7745,2,0,2
7746,2,0,2
7747,2,0,2
7748,2,0,2
7749,2,0,2
7750,2,0,2
7751,2,0,2
7752,2,0,2
7753,1,0,1
7754,1,0,1
7755,1,0,1
7756,1,0,1
7757,1,0,1
7758,1,0,1
7759,1,0,1
7760,2,0,2
7761,2,0,2
7762,2,0,2
7763,2,0,2
7764,2,0,2
7765,2,0,2
7766,2,0,2
7767,2,0,2
7768,2,0,2
7769,2,0,2
7770,2,0,2
7771,2,0,2
7772,2,0,2
7773,2,0,2
7774,2,0,2
7775,2,0,2
7776,2,0,2
7777,2,0,2
7778,2,0,2
7779,2,0,2
7780,2,0,2
7781,2,0,2
7782,2,0,2
7783,2,0,2
7784,2,0,2
7785,2,0,2
7786,2,0,2
7787,2,0,2
7788,2,0,2
7789,2,0,2
7790,2,0,2
7791,2,0,2
7792,2,0,2
7793,2,0,2
7794,2,0,2
7795,2,0,2
7796,2,0,2
7797,2,0,2
7798,2,0,2
7799,2,0,2
7800,2,0,2
7801,2,0,2
7802,2,0,2
7803,2,0,2
7804,2,0,2
7805,2,0,2
7806,2,0,2
7807,2,0,2
7808,2,0,2
7809,2,0,2
7810,2,0,2
7811,2,0,2
7812,2,0,2
7813,2,0,2
7814,2,0,2
7815,2,0,2
7816,2,0,2
7817,2,0,2
7818,2,0,2
7819,2,0,2
7820,2,0,2
7821,2,0,2
7822,2,0,2
7823,2,0,2
7824,2,0,2
7825,2,0,2
7826,2,0,2
7827,2,0,2
7828,2,0,2
7829,2,0,2
7830,2,0,2
7831,2,0,2
7832,2,0,2
7833,2,0,2
7834,2,0,2
7835,2,0,2
7836,2,0,2
7837,2,0,2
7838,2,0,2
7839,2,0,2
7840,2,0,2
7841,2,0,2
7842,3,0,3
7843,3,0,3
7844,3,0,3
7845,2,0,2
7846,2,0,2
7847,2,0,2
7848,2,0,2
7849,2,0,2
7850,2,0,2
7851,2,0,2
7852,2,0,2
7853,2,0,2
7854,2,0,2
7855,2,0,2
7856,2,0,2
7857,3,0,3
7858,3,0,3
7859,3,0,3
7860,3,0,3
7861,3,0,3
7862,3,0,3
7863,3,0,3
7864,3,0,3
7865,3,0,3
7866,3,0,3
7867,3,0,3
7868,3,0,3
7869,3,0,3
7870,3,0,3
7871,3,0,3
7872,3,0,3
7873,3,0,3
7874,3,0,3
7875,3,0,3
7876,3,0,3
7877,3,0,3
7878,3,0,3
7879,3,0,3
7880,3,0,3
7881,3,0,3
7882,3,0,3
7883,3,0,3
7884,3,0,3
7885,3,0,3
7886,3,0,3
7887,3,0,3
7888,3,0,3
7889,3,0,3
7890,3,0,3
7891,3,0,3
7892,3,0,3
7893,3,0,3
7894,3,0,3
7895,3,0,3
7896,3,0,3
7897,3,0,3
7898,3,0,3
7899,3,0,3
7900,3,0,3
7901,3,0,3
7902,3,0,3
7903,3,0,3
7904,3,0,3
7905,3,0,3
7906,3,0,3
7907,3,0,3
7908,3,0,3
7909,3,0,3
7910,3,0,3
7911,3,0,3
7912,3,0,3
7913,3,0,3
7914,3,0,3
7915,2,1,3
7916,2,1,3
7917,2,1,3
7918,2,1,3
7919,2,1,3
7920,2,1,3
7921,2,1,3
7922,2,1,3
7923,2,1,3
7924,2,1,3
7925,2,1,3
7926,2,1,3
7927,2,1,3
7928,2,1,3
7929,2,1,3
7930,2,1,3
7931,2,1,3
7932,4,0,4
7933,4,0,4
7934,4,0,4
7935,4,0,4
7936,4,0,4
7937,4,0,4
7938,4,0,4
7939,4,0,4
7940,4,0,4
7941,4,0,4
7942,4,0,4
7943,4,0,4
7944,4,0,4
7945,4,0,4
7946,4,0,4
7947,4,0,4
7948,4,0,4
7949,4,0,4
7950,4,0,4
7951,4,0,4
7952,4,0,4
7953,3,0,3
7954,3,0,3
7955,3,0,3
7956,3,0,3
7957,3,0,3
7958,3,0,3
7959,3,0,3
7960,3,0,3
7961,3,0,3
7962,3,0,3
7963,3,0,3
7964,3,0,3
7965,3,0,3
7966,3,0,3
7967,3,0,3
7968,3,0,3
7969,2,0,2
7970,2,0,2
7971,2,0,2
7972,2,0,2
7973,2,0,2
7974,2,0,2
7975,2,0,2
7976,3,0,3
7977,3,0,3
7978,3,0,3
7979,3,0,3
7980,3,0,3
7981,3,0,3
7982,3,0,3
7983,3,0,3
7984,3,0,3
7985,3,0,3
7986,3,0,3
7987,3,0,3
7988,3,0,3
7989,3,0,3
7990,3,0,3
7991,3,0,3
7992,3,0,3
7993,3,0,3
7994,3,0,3
7995,3,0,3
7996,3,0,3
7997,3,0,3
7998,3,0,3
7999,3,0,3
8000,3,0,3
8001,3,0,3
8002,3,0,3
8003,3,0,3
8004,3,0,3
8005,3,0,3
8006,3,0,3
8007,3,0,3
8008,2,0,2
8009,2,0,2
8010,2,0,2
8011,2,0,2
8012,2,0,2
8013,2,0,2
8014,2,0,2
8015,2,0,2
8016,2,0,2
8017,2,0,2
8018,2,0,2
8019,2,0,2
8020,2,0,2
8021,2,0,2
8022,2,0,2
8023,2,0,2
8024,2,0,2
8025,2,0,2
8026,1,0,1
8027,1,0,1
8028,1,0,1
8029,1,0,1
8030,1,0,1
8031,1,0,1
8032,1,0,1
8033,1,0,1
8034,1,0,1
8035,1,0,1
8036,1,0,1
8037,1,0,1
8038,1,0,1
8039,1,0,1
8040,1,0,1
8041,1,0,1
8042,1,0,1
8043,1,0,1
8044,1,0,1
8045,1,0,1
8046,1,0,1
8047,1,0,1
8048,1,0,1
8049,1,0,1
8050,1,0,1
8051,1,0,1
8052,1,0,1
8053,1,0,1
8054,1,0,1
8055,1,0,1
8056,1,0,1
8057,1,0,1
8058,1,0,1
8059,0,0,0
8060,0,0,0
8061,0,0,0
8062,0,0,0
8063,0,0,0
8064,0,0,0
8065,0,0,0
8066,0,0,0
8067,0,0,0
8068,0,0,0
8069,0,0,0
8070,0,0,0
8071,0,0,0
8072,0,0,0
8073,1,0,1
8074,1,0,1
8075,1,0,1
8076,1,0,1
8077,1,0,1
8078,1,0,1
8079,1,0,1
8080,1,0,1
8081,1,0,1
8082,1,0,1
8083,1,0,1
8084,1,0,1
8085,1,0,1
8086,1,0,1
8087,1,0,1
8088,1,0,1
8089,1,0,1
8090,1,0,1
8091,1,0,1
8092,1,0,1
8093,1,0,1
8094,1,0,1
8095,1,0,1
8096,1,0,1
8097,1,0,1
8098,1,0,1
8099,1,0,1
8100,1,0,1
8101,1,0,1
8102,1,0,1
8103,1,0,1
8104,1,0,1
8105,1,0,1
8106,1,0,1
8107,1,0,1
8108,1,0,1
8109,2,0,2
8110,2,0,2
8111,2,0,2
8112,2,0,2
8113,2,0,2
8114,2,0,2
8115,2,0,2
8116,2,0,2
8117,2,0,2
8118,2,0,2
8119,2,0,2
8120,2,0,2
8121,2,0,2
8122,2,0,2
8123,2,0,2
8124,2,0,2
8125,2,0,2
8126,2,0,2
8127,2,0,2
8128,2,0,2
8129,2,0,2
8130,2,0,2
8131,2,0,2
8132,2,0,2
8133,2,0,2
8134,2,0,2
8135,2,0,2
8136,2,0,2
8137,2,0,2
8138,2,0,2
8139,2,0,2
8140,2,0,2
8141,2,0,2
8142,2,0,2
8143,2,0,2
8144,2,0,2
8145,1,1,2
8146,1,1,2
8147,1,1,2
8148,1,1,2
8149,1,1,2
8150,1,1,2
8151,1,1,2
8152,1,1,2
8153,1,1,2
8154,1,1,2
8155,1,1,2
8156,1,1,2
8157,1,1,2
8158,1,1,2
8159,1,1,2
8160,1,1,2
8161,1,1,2
8162,1,1,2
8163,1,1,2
8164,1,1,2
8165,2,0,2
8166,2,0,2
8167,2,0,2
8168,2,0,2
8169,2,0,2
8170,2,0,2
8171,2,0,2
8172,2,0,2
8173,2,0,2
8174,2,0,2
8175,2,0,2
8176,2,0,2
8177,2,0,2
8178,2,0,2
8179,2,0,2
8180,2,0,2
8181,2,0,2
8182,2,0,2
8183,2,0,2
8184,1,0,1
8185,1,0,1
8186,1,0,1
8187,1,0,1
8188,2,0,2
8189,2,0,2
8190,2,0,2
8191,2,0,2
8192,2,0,2
8193,2,0,2
8194,2,0,2
8195,2,0,2
8196,2,0,2
8197,2,0,2
8198,2,0,2
8199,2,0,2
8200,2,0,2
8201,2,0,2
8202,2,0,2
8203,2,0,2
8204,2,0,2
8205,2,0,2
8206,2,0,2
8207,2,0,2
8208,2,0,2
8209,2,0,2
8210,2,0,2
8211,2,0,2
8212,2,0,2
8213,2,0,2
8214,2,0,2
8215,2,0,2
8216,2,0,2
8217,2,0,2
8218,2,0,2
8219,2,0,2
8220,1,0,1
8221,1,0,1
8222,1,0,1
8223,1,0,1
8224,1,0,1
8225,1,0,1
8226,1,0,1
8227,1,0,1
8228,0,0,0
8229,0,0,0
8230,0,0,0
8231,0,0,0
8232,0,0,0
8233,0,0,0
8234,0,0,0
8235,0,0,0
8236,0,0,0
8237,0,0,0
8238,0,0,0
8239,0,0,0
8240,0,0,0
8241,0,0,0
8242,0,0,0
8243,0,0,0
8244,0,0,0
8245,0,0,0
8246,0,0,0
8247,0,0,0
8248,0,0,0
8249,0,0,0
8250,0,0,0
8251,0,0,0
8252,0,0,0
8253,0,0,0
8254,0,0,0
8255,0,0,0
8256,0,0,0
8257,0,0,0
8258,0,0,0
8259,0,0,0
8260,0,0,0
8261,1,0,1
8262,1,0,1
8263,1,0,1
8264,1,0,1
8265,1,0,1
8266,1,0,1
8267,1,0,1
8268,1,0,1
8269,1,0,1
8270,1,0,1
8271,1,0,1
8272,1,0,1
8273,1,0,1
8274,1,0,1
8275,1,0,1
8276,1,0,1
8277,1,0,1
8278,1,0,1
8279,1,0,1
8280,1,0,1
8281,1,0,1
8282,1,0,1
8283,1,0,1
8284,1,0,1
8285,1,0,1
8286,1,0,1
8287,1,0,1
8288,1,0,1
8289,1,0,1
8290,1,0,1
8291,1,0,1
8292,1,0,1
8293,1,0,1
8294,1,0,1
8295,1,0,1
8296,1,0,1
8297,1,0,1
8298,1,0,1
8299,1,0,1
8300,1,0,1
8301,1,0,1
8302,1,0,1
8303,1,0,1
8304,1,0,1
8305,1,0,1
8306,1,0,1
8307,1,0,1
8308,1,0,1
8309,1,0,1
8310,1,0,1
8311,1,0,1
8312,1,0,1
8313,1,0,1
8314,1,0,1
8315,1,0,1
8316,1,0,1
8317,1,0,1
8318,1,0,1
8319,1,0,1
8320,1,0,1
8321,1,0,1
8322,1,0,1
8323,1,0,1
8324,1,0,1
8325,1,0,1
8326,1,0,1
8327,1,0,1
8328,1,0,1
8329,1,0,1
8330,1,0,1
8331,1,0,1
8332,1,0,1
8333,1,0,1
8334,1,0,1
8335,1,0,1
8336,1,0,1
8337,1,0,1
8338,1,0,1
8339,1,0,1
8340,1,0,1
8341,1,0,1
8342,1,0,1
8343,1,0,1
8344,1,0,1
8345,1,0,1
8346,1,0,1
8347,1,0,1
8348,1,0,1
8349,1,0,1
8350,1,0,1
8351,1,0,1
8352,1,0,1
8353,1,0,1
8354,1,0,1
8355,1,0,1
8356,1,0,1
8357,1,0,1
8358,1,0,1
8359,1,0,1
8360,1,0,1
8361,1,0,1
8362,1,0,1
8363,1,0,1
8364,1,0,1
8365,1,0,1
8366,1,0,1
8367,1,0,1
8368,1,0,1
8369,1,0,1
8370,1,0,1
8371,1,0,1
8372,1,0,1
8373,1,0,1
8374,1,0,1
8375,1,0,1
8376,1,0,1
8377,1,0,1
8378,1,0,1
8379,1,0,1
8380,1,0,1
8381,1,0,1
8382,1,0,1
8383,1,0,1
8384,1,0,1
8385,1,0,1
8386,1,0,1
8387,1,0,1
8388,1,0,1
8389,1,0,1
8390,1,0,1
8391,1,0,1
8392,1,0,1
8393,1,0,1
8394,1,0,1
8395,1,0,1
8396,1,0,1
8397,1,0,1
8398,1,0,1
8399,1,0,1
8400,1,0,1
8401,1,0,1
8402,1,0,1
8403,1,0,1
8404,1,0,1
8405,1,0,1
8406,1,0,1
8407,1,0,1
8408,1,0,1
8409,1,0,1
8410,1,0,1
8411,1,0,1
8412,1,0,1
8413,1,0,1
8414,1,0,1
8415,1,0,1
8416,2,0,2
8417,2,0,2
8418,2,0,2
8419,2,0,2
8420,2,0,2
8421,2,0,2
8422,2,0,2
8423,2,0,2
8424,2,0,2
8425,2,0,2
8426,2,0,2
8427,2,0,2
8428,2,0,2
8429,2,0,2
8430,2,0,2
8431,2,0,2
8432,2,0,2
8433,2,0,2
8434,2,0,2
8435,2,0,2
8436,1,0,1
8437,1,0,1
8438,1,0,1
8439,1,0,1
8440,1,0,1
8441,1,0,1
8442,1,0,1
8443,1,0,1
8444,1,0,1
8445,1,0,1
8446,1,0,1
8447,1,0,1
8448,1,0,1
8449,1,0,1
8450,1,0,1
8451,1,0,1
8452,1,0,1
8453,1,0,1
8454,1,0,1
8455,1,0,1
8456,1,0,1
8457,1,0,1
8458,1,0,1
8459,1,0,1
8460,1,0,1
8461,1,0,1
8462,1,0,1
8463,1,0,1
8464,1,0,1
8465,1,0,1
8466,1,0,1
8467,1,0,1
8468,1,0,1
8469,1,0,1
8470,1,0,1
8471,1,0,1
8472,1,0,1
8473,1,0,1
8474,1,0,1
8475,1,0,1
8476,1,0,1
8477,1,0,1
8478,1,0,1
8479,1,0,1
8480,1,0,1
8481,1,0,1
8482,1,0,1
8483,1,0,1
8484,1,0,1
8485,1,0,1
8486,1,0,1
8487,1,0,1
8488,1,0,1
8489,1,0,1
8490,1,0,1
8491,1,0,1
8492,1,0,1
8493,1,0,1
8494,1,0,1
8495,1,0,1
8496,1,0,1
8497,1,0,1
8498,1,0,1
8499,1,0,1
8500,1,0,1
8501,1,0,1
8502,1,0,1
8503,1,0,1
8504,1,0,1
8505,1,0,1
8506,1,0,1
8507,1,0,1
8508,1,0,1
8509,1,0,1
8510,1,0,1
8511,1,0,1
8512,1,0,1
8513,1,0,1
8514,1,0,1
8515,1,0,1
8516,1,0,1
8517,1,0,1
8518,1,0,1
8519,1,0,1
8520,1,0,1
8521,1,0,1
8522,1,0,1
8523,1,0,1
8524,1,0,1
8525,1,0,1
8526,1,0,1
8527,1,0,1
8528,1,0,1
8529,1,0,1
8530,1,0,1
8531,1,0,1
8532,1,0,1
8533,1,0,1
8534,1,0,1
8535,1,0,1
8536,1,0,1
8537,1,0,1
8538,1,0,1
8539,1,0,1
8540,1,0,1
8541,1,0,1
8542,1,0,1
8543,1,0,1
8544,1,0,1
8545,1,0,1
8546,1,0,1
8547,1,0,1
8548,1,0,1
8549,1,0,1
8550,1,0,1
8551,1,0,1
8552,1,0,1
8553,1,0,1
8554,1,0,1
8555,1,0,1
8556,1,0,1
8557,1,0,1
8558,1,0,1
8559,1,0,1
8560,1,0,1
8561,1,0,1
8562,1,0,1
8563,1,0,1
8564,1,0,1
8565,1,0,1
8566,1,0,1
8567,1,0,1
8568,1,0,1
8569,1,0,1
8570,1,0,1
8571,1,0,1
8572,1,0,1
8573,1,0,1
8574,1,0,1
8575,1,0,1
8576,1,0,1
8577,1,0,1
8578,1,0,1
8579,1,0,1
8580,1,0,1
8581,1,0,1
8582,1,0,1
8583,1,0,1
8584,1,0,1
8585,1,0,1
8586,1,0,1
8587,1,0,1
8588,1,0,1
8589,1,0,1
8590,1,0,1
8591,1,0,1
8592,1,0,1
8593,1,0,1
8594,1,0,1
8595,1,0,1
8596,1,0,1
8597,1,0,1
8598,1,0,1
8599,1,0,1
8600,1,0,1
8601,1,0,1
8602,1,0,1
8603,1,0,1
8604,1,0,1
8605,1,0,1
8606,1,0,1
8607,1,0,1
8608,1,0,1
8609,1,0,1
8610,1,0,1
8611,1,0,1
8612,1,0,1
8613,1,0,1
8614,1,0,1
8615,1,0,1
8616,1,0,1
8617,1,0,1
8618,1,0,1
8619,1,0,1
8620,1,0,1
8621,1,0,1
8622,1,0,1
8623,1,0,1
8624,1,0,1
8625,1,0,1
8626,1,0,1
8627,1,0,1
8628,1,0,1
8629,1,0,1
8630,1,0,1
8631,1,0,1
8632,1,0,1
8633,1,0,1
8634,1,0,1
8635,1,0,1
8636,1,0,1
8637,1,0,1
8638,1,0,1
8639,1,0,1
8640,1,0,1
8641,1,0,1
8642,1,0,1
8643,1,0,1
8644,1,0,1
8645,1,0,1
8646,1,0,1
8647,1,0,1
8648,1,0,1
8649,1,0,1
8650,1,0,1
8651,1,0,1
8652,1,0,1
8653,1,0,1
8654,2,0,2
8655,2,0,2
8656,2,0,2
8657,2,0,2
8658,2,0,2
8659,2,0,2
8660,2,0,2
8661,2,0,2
8662,2,0,2
8663,2,0,2
8664,2,0,2
8665,2,0,2
8666,2,0,2
8667,2,0,2
8668,2,0,2
8669,2,0,2
8670,2,0,2
8671,1,0,1
8672,1,0,1
8673,1,0,1
8674,1,0,1
8675,1,0,1
8676,1,0,1
8677,1,0,1
8678,1,0,1
8679,1,0,1
8680,1,0,1
8681,1,0,1
8682,1,0,1
8683,1,0,1
8684,1,0,1
8685,1,0,1
8686,1,0,1
8687,1,0,1
8688,1,0,1
8689,1,0,1
8690,1,0,1
8691,1,0,1
8692,1,0,1
8693,1,0,1
8694,1,0,1
8695,1,0,1
8696,1,0,1
8697,1,0,1
8698,1,0,1
8699,1,0,1
8700,1,0,1
8701,1,0,1
8702,1,0,1
8703,1,0,1
8704,1,0,1
8705,1,0,1
8706,1,0,1
8707,1,0,1
8708,1,0,1
8709,1,0,1
8710,1,0,1
8711,1,0,1
8712,1,0,1
8713,1,0,1
8714,1,0,1
8715,1,0,1
8716,1,0,1
8717,1,0,1
8718,1,0,1
8719,1,0,1
8720,1,0,1
8721,1,0,1
8722,1,0,1
8723,1,0,1
8724,1,0,1
8725,1,0,1
8726,1,0,1
8727,1,0,1
8728,1,0,1
8729,1,0,1
8730,1,0,1
8731,1,0,1
8732,1,0,1
8733,1,0,1
8734,1,0,1
8735,1,0,1
8736,1,0,1
8737,1,0,1
8738,1,0,1
8739,1,0,1
8740,1,0,1
8741,1,0,1
8742,1,0,1
8743,1,0,1
8744,1,0,1
8745,1,0,1
8746,1,0,1
8747,1,0,1
8748,1,0,1
8749,1,0,1
8750,1,0,1
8751,1,0,1
8752,1,0,1
8753,1,0,1
8754,1,0,1
8755,1,0,1
8756,1,0,1
8757,1,0,1
8758,1,0,1
8759,1,0,1
8760,1,0,1
8761,1,0,1
8762,1,0,1
8763,1,0,1
8764,1,0,1
8765,1,0,1
8766,1,0,1
8767,1,0,1
8768,1,0,1
8769,1,0,1
8770,1,0,1
8771,1,0,1
8772,1,0,1
8773,1,0,1
8774,1,0,1
8775,1,0,1
8776,1,0,1
8777,1,0,1
8778,1,0,1
8779,1,0,1
8780,1,0,1
8781,1,0,1
8782,1,0,1
8783,1,0,1
8784,1,0,1
8785,1,0,1
8786,1,0,1
8787,1,0,1
8788,1,0,1
8789,1,0,1
8790,1,0,1
8791,1,0,1
8792,1,0,1
8793,1,0,1
8794,1,0,1
8795,1,0,1
8796,1,0,1
8797,1,0,1
8798,1,0,1
8799,1,0,1
8800,1,0,1
8801,1,0,1
8802,1,0,1
8803,1,0,1
8804,1,0,1
8805,1,0,1
8806,1,0,1
8807,2,0,2
8808,2,0,2
8809,2,0,2
8810,2,0,2
8811,2,0,2
8812,2,0,2
8813,2,0,2
8814,2,0,2
8815,2,0,2
8816,2,0,2
8817,2,0,2
8818,2,0,2
8819,2,0,2
8820,2,0,2
8821,2,0,2
8822,2,0,2
8823,2,0,2
8824,2,0,2
8825,2,0,2
8826,2,0,2
8827,2,0,2
8828,2,0,2
8829,2,0,2
8830,2,0,2
8831,2,0,2
8832,2,0,2
8833,2,0,2
8834,2,0,2
8835,2,0,2
8836,2,0,2
8837,2,0,2
8838,2,0,2
8839,2,0,2
8840,1,1,2
8841,1,1,2
8842,1,1,2
8843,1,1,2
8844,1,1,2
8845,1,1,2
8846,1,1,2
8847,1,1,2
8848,1,1,2
8849,1,1,2
8850,1,1,2
8851,1,1,2
8852,1,1,2
8853,1,1,2
8854,1,1,2
8855,1,1,2
8856,1,1,2
8857,1,1,2
8858,1,1,2
8859,1,1,2
8860,1,1,2
8861,1,1,2
8862,1,1,2
8863,1,1,2
8864,1,1,2
8865,1,1,2
8866,0,1,1
8867,0,1,1
8868,0,1,1
8869,0,1,1
8870,0,1,1
8871,0,1,1
8872,1,0,1
8873,1,0,1
8874,1,0,1
8875,1,0,1
8876,1,0,1
8877,1,0,1
8878,1,0,1
8879,1,0,1
8880,1,0,1
8881,1,0,1
8882,0,0,0
8883,0,0,0
8884,0,0,0
8885,0,0,0
8886,0,0,0
8887,0,0,0
8888,0,0,0
8889,0,0,0
8890,0,0,0
8891,0,0,0
8892,0,0,0
8893,0,0,0
8894,0,0,0
8895,0,0,0
8896,0,0,0
8897,0,0,0
8898,0,0,0
8899,0,0,0
8900,0,0,0
8901,0,0,0
8902,0,0,0
8903,0,0,0
8904,0,0,0
8905,0,0,0
8906,0,0,0
8907,0,0,0
8908,0,0,0
8909,0,0,0
8910,0,0,0
8911,0,0,0
8912,0,0,0
8913,0,0,0
8914,0,0,0
8915,0,0,0
8916,0,0,0
8917,0,0,0
8918,0,0,0
8919,0,0,0
8920,0,0,0
8921,0,0,0
8922,0,0,0
8923,0,0,0
8924,0,0,0
8925,0,0,0
8926,0,0,0
8927,0,0,0
8928,0,0,0
8929,0,0,0
8930,0,0,0
8931,0,0,0
8932,0,0,0
8933,0,0,0
8934,0,0,0
8935,0,0,0
8936,0,0,0
8937,0,0,0
8938,0,0,0
8939,0,0,0
8940,0,0,0
8941,0,0,0
8942,0,0,0
8943,0,0,0
8944,0,0,0
8945,0,0,0
8946,0,0,0
8947,0,0,0
8948,0,0,0
8949,0,0,0
8950,0,0,0
8951,0,0,0
8952,0,0,0
8953,0,0,0
8954,0,0,0
8955,0,0,0
8956,0,0,0
8957,0,0,0
8958,0,0,0
8959,0,0,0
8960,0,0,0
8961,0,0,0
8962,0,0,0
8963,0,0,0
8964,0,0,0
8965,0,0,0
8966,0,0,0
8967,0,0,0
8968,0,0,0
8969,0,0,0
8970,0,0,0
8971,0,0,0
8972,0,0,0
8973,0,0,0
8974,0,0,0
8975,0,0,0
8976,0,0,0
8977,0,0,0
8978,0,0,0
8979,0,0,0
8980,0,0,0
8981,0,0,0
8982,0,0,0
8983,0,0,0
8984,0,0,0
8985,0,0,0
8986,0,0,0
8987,0,0,0
8988,0,0,0
8989,0,0,0
8990,0,0,0
8991,0,0,0
8992,0,0,0
8993,0,0,0
8994,0,0,0
8995,0,0,0
8996,0,0,0
8997,0,0,0
8998,0,0,0
8999,0,0,0
9000,0,0,0
9001,0,0,0
9002,0,0,0
9003,0,0,0
9004,0,0,0
9005,0,0,0
9006,0,0,0
9007,0,0,0
9008,0,0,0
9009,0,0,0
9010,0,0,0
9011,0,0,0
9012,0,0,0
9013,0,0,0
9014,0,0,0
9015,0,0,0
9016,0,0,0
9017,0,0,0
9018,0,0,0
9019,0,0,0
9020,0,0,0
9021,0,0,0
9022,0,0,0
9023,0,0,0
9024,0,0,0
9025,0,0,0
9026,0,0,0
9027,0,0,0
9028,0,0,0
9029,0,0,0
9030,0,0,0
9031,0,0,0
9032,0,0,0
9033,0,0,0
9034,0,0,0
9035,0,0,0
9036,0,0,0
9037,0,0,0
9038,0,0,0
9039,0,0,0
9040,0,0,0
9041,0,0,0
9042,0,0,0
9043,0,0,0
9044,0,0,0
9045,0,0,0
9046,0,0,0
9047,0,0,0
9048,0,0,0
9049,0,0,0
9050,0,0,0
9051,0,0,0
9052,0,0,0
9053,0,0,0
9054,0,0,0
9055,0,0,0
9056,0,0,0
9057,0,0,0
9058,0,0,0
9059,0,0,0
9060,0,0,0
9061,0,0,0
9062,0,0,0
9063,0,0,0
9064,0,0,0
9065,0,0,0
9066,0,0,0
9067,0,0,0
9068,0,0,0
9069,0,0,0
9070,0,0,0
9071,0,0,0
9072,0,0,0
9073,0,0,0
9074,0,0,0
9075,0,0,0
9076,0,0,0
9077,0,0,0
9078,0,0,0
9079,0,0,0
9080,0,0,0
9081,0,0,0
9082,0,0,0
9083,1,0,1
9084,1,0,1
9085,1,0,1
9086,2,0,2
9087,2,0,2
9088,2,0,2
9089,2,0,2
9090,2,0,2
9091,2,0,2
9092,2,0,2
9093,2,0,2
9094,2,0,2
9095,2,0,2
9096,2,0,2
9097,2,0,2
9098,2,0,2
9099,2,0,2
9100,2,0,2
9101,2,0,2
9102,2,0,2
9103,2,0,2
9104,2,0,2
9105,1,1,2
9106,1,1,2
9107,1,1,2
9108,1,1,2
9109,1,1,2
9110,1,1,2
9111,1,1,2
9112,1,1,2
9113,1,1,2
9114,1,1,2
9115,1,1,2
9116,1,1,2
9117,1,1,2
9118,1,1,2
9119,1,1,2
9120,1,1,2
9121,1,1,2
9122,1,1,2
9123,1,1,2
9124,1,1,2
9125,1,1,2
9126,1,1,2
9127,1,1,2
9128,1,1,2
9129,1,1,2
9130,2,1,3
9131,2,1,3
9132,2,1,3
9133,2,1,3
9134,2,1,3
9135,2,1,3
9136,2,1,3
9137,2,1,3
9138,2,1,3
9139,2,1,3
9140,2,1,3
9141,2,1,3
9142,2,1,3
9143,2,1,3
9144,2,1,3
9145,2,1,3
9146,3,0,3
9147,2,0,2
9148,2,0,2
9149,2,0,2
9150,1,0,1
9151,1,0,1
9152,1,0,1
9153,1,0,1
9154,1,0,1
9155,1,0,1
9156,1,0,1
9157,1,0,1
9158,1,0,1
9159,1,0,1
9160,1,0,1
9161,1,0,1
9162,1,0,1
9163,1,0,1
9164,1,0,1
9165,1,0,1
9166,1,0,1
9167,1,0,1
9168,1,0,1
9169,1,0,1
9170,1,0,1
9171,1,0,1
9172,1,0,1
9173,1,0,1
9174,1,0,1
9175,1,0,1
9176,1,0,1
9177,1,0,1
9178,1,0,1
9179,1,0,1
9180,1,0,1
9181,1,0,1
9182,1,0,1
9183,1,0,1
9184,1,0,1
9185,1,0,1
9186,1,0,1
9187,0,0,0
9188,0,0,0
9189,0,0,0
9190,0,0,0
9191,0,0,0
9192,0,0,0
9193,0,0,0
9194,0,0,0
9195,0,0,0
9196,0,0,0
9197,0,0,0
9198,0,0,0
9199,0,0,0
9200,0,0,0
9201,0,0,0
9202,0,0,0
9203,0,0,0
9204,0,0,0
9205,0,0,0
9206,0,0,0
9207,0,0,0
9208,0,0,0
9209,0,0,0
9210,0,0,0
9211,0,0,0
9212,0,0,0
9213,0,0,0
9214,0,0,0
9215,0,0,0
9216,0,0,0
9217,0,0,0
9218,0,0,0
9219,0,0,0
9220,0,0,0
9221,0,0,0
9222,0,0,0
9223,0,0,0
9224,0,0,0
9225,0,0,0
9226,0,0,0
9227,0,0,0
9228,0,0,0
9229,0,0,0
9230,0,0,0
9231,0,0,0
9232,0,0,0
9233,0,0,0
9234,0,0,0
9235,0,0,0
9236,0,0,0
9237,0,0,0
9238,0,0,0
9239,0,0,0
9240,0,0,0
9241,0,0,0
9242,0,0,0
9243,0,0,0
9244,0,0,0
9245,0,0,0
9246,0,0,0
9247,0,0,0
9248,0,0,0
9249,0,0,0
9250,0,0,0
9251,0,0,0
9252,0,0,0
9253,0,0,0
9254,0,0,0
9255,0,0,0
9256,0,0,0
9257,0,0,0
9258,0,0,0
9259,0,0,0
9260,0,0,0
9261,0,0,0
9262,0,0,0
9263,0,0,0
9264,0,0,0
9265,0,0,0
9266,0,0,0
9267,0,0,0
9268,0,0,0
9269,0,0,0
9270,0,0,0
9271,0,0,0
9272,0,0,0
9273,0,0,0
9274,0,0,0
9275,0,0,0
9276,0,0,0
9277,0,0,0
9278,0,0,0
9279,0,0,0
9280,0,0,0
9281,0,0,0
9282,0,0,0
9283,0,0,0
9284,0,0,0
9285,0,0,0
9286,0,0,0
9287,0,0,0
9288,0,0,0
9289,0,0,0
9290,0,0,0
9291,0,0,0
9292,0,0,0
9293,0,0,0
9294,0,0,0
9295,0,0,0
9296,0,0,0
9297,0,0,0
9298,0,0,0
9299,0,0,0
9300,0,0,0
9301,0,0,0
9302,0,0,0
9303,0,0,0
9304,0,0,0
9305,0,0,0
9306,0,0,0
9307,0,0,0
9308,0,0,0
9309,0,0,0
9310,0,0,0
9311,0,0,0
9312,0,0,0
9313,0,0,0
9314,0,0,0
9315,0,0,0
9316,0,0,0
9317,0,0,0
9318,0,0,0
9319,0,0,0
9320,0,0,0
9321,0,0,0
9322,0,0,0
9323,0,0,0
9324,0,0,0
9325,0,0,0
9326,0,0,0
9327,0,0,0
9328,0,0,0
9329,0,0,0
9330,0,0,0
9331,0,0,0
9332,0,0,0
9333,0,0,0
9334,0,0,0
9335,0,0,0
9336,0,0,0
9337,0,0,0
9338,0,0,0
9339,0,0,0
9340,0,0,0
9341,0,0,0
9342,0,0,0
9343,0,0,0
9344,0,0,0
9345,0,0,0
9346,0,0,0
9347,0,0,0
9348,0,0,0
9349,0,0,0
9350,0,0,0
9351,0,0,0
9352,0,0,0
9353,0,0,0
9354,0,0,0
9355,0,0,0
9356,0,0,0
9357,0,0,0
9358,0,0,0
9359,0,0,0
9360,0,0,0
9361,0,0,0
9362,0,0,0
9363,0,0,0
9364,0,0,0
9365,0,0,0
9366,0,0,0
9367,0,0,0
9368,0,0,0
9369,0,0,0
9370,0,0,0
9371,0,0,0
9372,0,0,0
9373,0,0,0
9374,0,0,0
9375,0,0,0
9376,0,0,0
9377,0,0,0
9378,0,0,0
9379,0,0,0
9380,0,0,0
9381,0,0,0
9382,0,0,0
9383,0,0,0
9384,0,0,0
9385,0,0,0
9386,0,0,0
9387,0,0,0
9388,0,0,0
9389,0,0,0
9390,0,0,0
9391,0,0,0
9392,0,0,0
9393,0,0,0
9394,0,0,0
9395,0,0,0
9396,0,0,0
9397,0,0,0
9398,0,0,0
9399,0,0,0
9400,0,0,0
9401,0,0,0
9402,0,0,0
9403,0,0,0
9404,0,0,0
9405,0,0,0
9406,0,0,0
9407,0,0,0
9408,0,0,0
9409,0,0,0
9410,0,0,0
9411,0,0,0
9412,0,0,0
9413,0,0,0
9414,0,0,0
9415,0,0,0
9416,0,0,0
9417,0,0,0
9418,0,0,0
9419,0,0,0
9420,0,0,0
9421,0,0,0
9422,0,0,0
9423,0,0,0
9424,0,0,0
9425,0,0,0
9426,0,0,0
9427,0,0,0
9428,0,0,0
9429,0,0,0
9430,0,0,0
9431,0,0,0
9432,0,0,0
9433,0,0,0
9434,0,0,0
9435,0,0,0
9436,0,0,0
9437,0,0,0
9438,0,0,0
9439,0,0,0
9440,0,0,0
9441,0,0,0
9442,0,0,0
9443,0,0,0
9444,0,0,0
9445,0,0,0
9446,0,0,0
9447,0,0,0
9448,0,0,0
9449,0,0,0
9450,0,0,0
9451,0,0,0
9452,0,0,0
9453,1,0,1
9454,1,0,1
9455,1,0,1
9456,1,0,1
9457,1,0,1
9458,1,0,1
9459,1,0,1
9460,1,0,1
9461,1,0,1
9462,1,0,1
9463,1,0,1
9464,1,0,1
9465,1,0,1
9466,1,0,1
9467,1,0,1
9468,1,0,1
9469,1,0,1
9470,1,0,1
9471,1,0,1
9472,1,0,1
9473,1,0,1
9474,1,0,1
9475,1,0,1
9476,1,0,1
9477,1,0,1
9478,1,0,1
9479,1,0,1
9480,1,0,1
9481,1,0,1
9482,1,0,1
9483,1,0,1
9484,1,0,1
9485,1,0,1
9486,1,0,1
9487,1,0,1
9488,1,0,1
9489,1,0,1
9490,1,0,1
9491,1,0,1
9492,1,0,1
9493,1,0,1
9494,1,0,1
9495,1,0,1
9496,1,0,1
9497,1,0,1
9498,1,0,1
9499,1,0,1
9500,1,0,1
9501,1,0,1
9502,1,0,1
9503,1,0,1
9504,1,0,1
9505,1,0,1
9506,1,0,1
9507,1,0,1
9508,1,0,1
9509,1,0,1
9510,1,0,1
9511,1,0,1
9512,1,0,1
9513,1,0,1
9514,1,0,1
9515,1,0,1
9516,1,0,1
9517,1,0,1
9518,1,0,1
9519,1,0,1
9520,1,0,1
9521,1,0,1
9522,1,0,1
9523,1,0,1
9524,1,0,1
9525,1,0,1
9526,1,0,1
9527,1,0,1
9528,1,0,1
9529,1,0,1
9530,1,0,1
9531,1,0,1
9532,1,0,1
9533,1,0,1
9534,1,0,1
9535,1,0,1
9536,0,0,0
9537,0,0,0
9538,0,0,0
9539,0,0,0
9540,0,0,0
9541,0,0,0
9542,0,0,0
9543,0,0,0
9544,0,0,0
9545,0,0,0
9546,0,0,0
9547,0,0,0
9548,0,0,0
9549,0,0,0
9550,0,0,0
9551,0,0,0
9552,0,0,0
9553,0,0,0
9554,0,0,0
9555,0,0,0
9556,0,0,0
9557,0,0,0
9558,0,0,0
9559,0,0,0
9560,0,0,0
9561,0,0,0
9562,0,0,0
9563,0,0,0
9564,0,0,0
9565,0,0,0
9566,0,0,0
9567,0,0,0
9568,0,0,0
9569,0,0,0
9570,0,0,0
9571,0,0,0
9572,0,0,0
9573,0,0,0
9574,0,0,0
9575,0,0,0
9576,0,0,0
9577,0,0,0
9578,0,0,0
9579,0,0,0
9580,0,0,0
9581,0,0,0
9582,0,0,0
9583,0,0,0
9584,0,0,0
9585,0,0,0
9586,0,0,0
9587,0,0,0
9588,0,0,0
9589,0,0,0
9590,0,0,0
9591,0,0,0
9592,0,0,0
9593,0,0,0
9594,0,0,0
9595,0,0,0
9596,0,0,0
9597,0,0,0
9598,0,0,0
9599,0,0,0
9600,0,0,0
9601,0,0,0
9602,0,0,0
9603,0,0,0
9604,0,0,0
9605,0,0,0
9606,0,0,0
9607,0,0,0
9608,0,0,0
9609,0,0,0
9610,0,0,0
9611,0,0,0
9612,0,0,0
9613,0,0,0
9614,0,0,0
9615,0,0,0
9616,0,0,0
9617,0,0,0
9618,0,0,0
9619,0,0,0
9620,0,0,0
9621,0,0,0
9622,0,0,0
9623,0,0,0
9624,0,0,0
9625,0,0,0
9626,0,0,0
9627,0,0,0
9628,0,0,0
9629,0,0,0
9630,0,0,0
9631,0,0,0
9632,0,0,0
9633,0,0,0
9634,0,0,0
9635,0,0,0
9636,0,0,0
9637,0,0,0
9638,0,0,0
9639,0,0,0
9640,0,0,0
9641,0,0,0
9642,0,0,0
9643,0,0,0
9644,0,0,0
9645,0,0,0
9646,0,0,0
9647,0,0,0
9648,0,0,0
9649,0,0,0
9650,0,0,0
9651,0,0,0
9652,0,0,0
9653,0,0,0
9654,1,0,1
9655,1,0,1
9656,1,0,1
9657,1,0,1
9658,1,0,1
9659,1,0,1
9660,1,0,1
9661,1,0,1
9662,1,0,1
9663,1,0,1
9664,1,0,1
9665,1,0,1
9666,1,0,1
9667,1,0,1
9668,1,0,1
9669,1,0,1
9670,1,0,1
9671,1,0,1
9672,1,0,1
9673,1,0,1
9674,1,0,1
9675,1,0,1
9676,1,0,1
9677,1,0,1
9678,1,0,1
9679,1,0,1
9680,1,0,1
9681,1,0,1
9682,1,0,1
9683,1,0,1
9684,1,0,1
9685,1,0,1
9686,1,0,1
9687,1,0,1
9688,1,0,1
9689,1,0,1
9690,1,0,1
9691,1,0,1
9692,1,0,1
9693,1,0,1
9694,1,0,1
9695,1,0,1
9696,1,0,1
9697,1,0,1
9698,1,0,1
9699,1,0,1
9700,1,0,1
9701,1,0,1
9702,1,0,1
9703,1,0,1
9704,1,0,1
9705,1,0,1
9706,1,0,1
9707,1,0,1
9708,1,0,1
9709,1,0,1
9710,1,0,1
9711,1,0,1
9712,1,0,1
9713,1,0,1
9714,1,0,1
9715,1,0,1
9716,1,0,1
9717,1,0,1
9718,1,0,1
9719,1,0,1
9720,1,0,1
9721,1,0,1
9722,1,0,1
9723,1,0,1
9724,1,0,1
9725,1,0,1
9726,1,0,1
9727,1,0,1
9728,1,0,1
9729,1,0,1
9730,1,0,1
9731,1,0,1
9732,1,0,1
9733,1,0,1
9734,1,0,1
9735,0,0,0
9736,0,0,0
9737,0,0,0
9738,0,0,0
9739,0,0,0
9740,0,0,0
9741,0,0,0
9742,0,0,0
9743,0,0,0
9744,0,0,0
9745,0,0,0
9746,0,0,0
9747,1,0,1
9748,1,0,1
9749,1,0,1
9750,1,0,1
9751,1,0,1
9752,1,0,1
9753,1,0,1
9754,1,0,1
9755,1,0,1
9756,1,0,1
9757,1,0,1
9758,1,0,1
9759,1,0,1
9760,1,0,1
9761,1,0,1
9762,1,0,1
9763,1,0,1
9764,1,0,1
9765,0,1,1
9766,0,1,1
9767,0,1,1
9768,0,1,1
9769,0,1,1
9770,0,1,1
9771,0,1,1
9772,0,1,1
9773,0,1,1
9774,0,1,1
9775,0,1,1
9776,0,1,1
9777,0,1,1
9778,0,1,1
9779,0,1,1
9780,0,1,1
9781,0,1,1
9782,0,1,1
9783,0,1,1
9784,0,1,1
9785,0,1,1
9786,0,1,1
9787,0,1,1
9788,0,1,1
9789,0,1,1
9790,0,1,1
9791,0,1,1
9792,0,1,1
9793,0,1,1
9794,0,1,1
9795,0,1,1
9796,0,1,1
9797,1,0,1
9798,1,0,1
9799,1,0,1
9800,1,0,1
9801,1,0,1
9802,1,0,1
9803,1,0,1
9804,1,0,1
9805,1,0,1
9806,1,0,1
9807,1,0,1
9808,1,0,1
9809,1,0,1
9810,1,0,1
9811,1,0,1
9812,1,0,1
9813,1,0,1
9814,1,0,1
9815,1,0,1
9816,1,0,1
9817,1,0,1
9818,1,0,1
9819,1,0,1
9820,1,0,1
9821,1,0,1
9822,1,0,1
9823,1,0,1
9824,1,0,1
9825,1,0,1
9826,1,0,1
9827,1,0,1
9828,1,0,1
9829,1,0,1
9830,1,0,1
9831,1,0,1
9832,1,0,1
9833,1,0,1
9834,1,0,1
9835,1,0,1
9836,1,0,1
9837,1,0,1
9838,1,0,1
9839,1,0,1
9840,1,0,1
9841,1,0,1
9842,1,0,1
9843,1,0,1
9844,1,0,1
9845,1,0,1
9846,1,0,1
9847,1,0,1
9848,1,0,1
9849,1,0,1
9850,1,0,1
9851,1,0,1
9852,1,0,1
9853,0,0,0
9854,0,0,0
9855,0,0,0
9856,0,0,0
9857,0,0,0
9858,0,0,0
9859,0,0,0
9860,0,0,0
9861,0,0,0
9862,0,0,0
9863,0,0,0
9864,0,0,0
9865,0,0,0
9866,0,0,0
9867,0,0,0
9868,0,0,0
9869,0,0,0
9870,0,0,0
9871,0,0,0
9872,0,0,0
9873,0,0,0
9874,0,0,0
9875,0,0,0
9876,0,0,0
9877,0,0,0
9878,0,0,0
9879,0,0,0
9880,0,0,0
9881,0,0,0
9882,0,0,0
9883,0,0,0
9884,0,0,0
9885,0,0,0
9886,0,0,0
9887,0,0,0
9888,0,0,0
9889,0,0,0
9890,0,0,0
9891,0,0,0
9892,0,0,0
9893,0,0,0
9894,0,0,0
9895,0,0,0
9896,0,0,0
9897,0,0,0
9898,0,0,0
9899,0,0,0
9900,0,0,0
9901,0,0,0
9902,0,0,0
9903,0,0,0
9904,0,0,0
9905,0,0,0
9906,0,0,0
9907,0,0,0
9908,0,0,0
9909,0,0,0
9910,0,0,0
9911,0,0,0
9912,0,0,0
9913,0,0,0
9914,0,0,0
9915,0,0,0
9916,0,0,0
9917,0,0,0
9918,0,0,0
9919,0,0,0
9920,0,0,0
9921,0,0,0
9922,0,0,0
9923,0,0,0
9924,0,0,0
9925,0,0,0
9926,0,0,0
9927,0,0,0
9928,0,0,0
9929,0,0,0
9930,0,0,0
9931,0,0,0
9932,0,0,0
9933,0,0,0
9934,0,0,0
9935,0,0,0
9936,0,0,0
9937,0,0,0
9938,0,0,0
9939,0,0,0
9940,0,0,0
9941,0,0,0
9942,0,0,0
9943,0,0,0
9944,0,0,0
9945,0,0,0
9946,0,0,0
9947,0,0,0
9948,0,0,0
9949,0,0,0
9950,0,0,0
9951,0,0,0
9952,0,0,0
9953,0,0,0
9954,0,0,0
9955,0,0,0
9956,0,0,0
9957,0,0,0
9958,0,0,0
9959,0,0,0
9960,0,0,0
9961,0,0,0
9962,0,0,0
9963,0,0,0
9964,0,0,0
9965,0,0,0
9966,0,0,0
9967,0,0,0
9968,0,0,0
9969,0,0,0
9970,0,0,0
9971,0,0,0
9972,0,0,0
9973,0,0,0
9974,0,0,0
9975,0,0,0
9976,0,0,0
9977,0,0,0
9978,0,0,0
9979,0,0,0
9980,0,0,0
9981,0,0,0
9982,0,0,0
9983,0,0,0
9984,0,0,0
9985,0,0,0
9986,0,0,0
9987,0,0,0
9988,0,0,0
9989,0,0,0
9990,0,0,0
9991,0,0,0
9992,0,0,0
9993,0,0,0
9994,0,0,0
9995,0,0,0
9996,0,0,0
9997,0,0,0
9998,0,0,0
9999,0,0,0
10000,0,0,0
10001,0,0,0
10002,0,0,0
10003,0,0,0
10004,0,0,0
10005,0,0,0
10006,0,0,0
10007,0,0,0
10008,0,0,0
10009,0,0,0
10010,0,0,0
10011,0,0,0
10012,0,0,0
10013,0,0,0
10014,0,0,0
10015,0,0,0
10016,0,0,0
10017,0,0,0
10018,0,0,0
10019,0,0,0
10020,0,0,0
10021,0,0,0
10022,0,0,0
10023,0,0,0
10024,0,0,0
10025,0,0,0
10026,0,0,0
10027,0,0,0
10028,0,0,0
10029,0,0,0
10030,0,0,0
10031,0,0,0
10032,0,0,0
10033,0,0,0
10034,0,0,0
10035,0,0,0
10036,0,0,0
10037,0,0,0
10038,0,0,0
10039,0,0,0
10040,0,0,0
10041,0,0,0
10042,0,0,0
10043,0,0,0
10044,0,0,0
10045,0,0,0
10046,0,0,0
10047,0,0,0
10048,0,0,0
10049,0,0,0
10050,0,0,0
10051,0,0,0
10052,0,0,0
10053,0,0,0
10054,0,0,0
10055,0,0,0
10056,0,0,0
10057,0,0,0
10058,0,0,0
10059,0,0,0
10060,0,0,0
10061,0,0,0
10062,0,0,0
10063,0,0,0
10064,0,0,0
10065,0,0,0
10066,0,0,0
10067,0,0,0
10068,0,0,0
10069,0,0,0
10070,0,0,0
10071,0,0,0
10072,0,0,0
10073,0,0,0
10074,0,0,0
10075,0,0,0
10076,0,0,0
10077,0,0,0
10078,0,0,0
10079,0,0,0
10080,0,0,0
10081,0,0,0
10082,0,0,0
10083,0,0,0
10084,0,0,0
10085,0,0,0
10086,0,0,0
10087,0,0,0
10088,0,0,0
10089,0,0,0
10090,0,0,0
10091,0,0,0
10092,0,0,0
10093,0,0,0
10094,0,0,0
10095,0,0,0
10096,0,0,0
10097,0,0,0
10098,0,0,0
10099,0,0,0
10100,0,0,0
10101,0,0,0
10102,0,0,0
10103,0,0,0
10104,0,0,0
10105,0,0,0
10106,0,0,0
10107,0,0,0
10108,0,0,0
10109,0,0,0
10110,0,0,0
10111,0,0,0
10112,0,0,0
10113,0,0,0
10114,0,0,0
10115,0,0,0
10116,0,0,0
10117,0,0,0
10118,0,0,0
10119,0,0,0
10120,0,0,0
10121,0,0,0
10122,0,0,0
10123,0,0,0
10124,0,0,0
10125,0,0,0
10126,0,0,0
10127,0,0,0
10128,0,0,0
10129,0,0,0
10130,0,0,0
10131,0,0,0
10132,0,0,0
10133,0,0,0
10134,0,0,0
10135,0,0,0
10136,0,0,0
10137,0,0,0
10138,0,0,0
10139,0,0,0
10140,0,0,0
10141,0,0,0
10142,0,0,0
10143,0,0,0
10144,0,0,0
10145,0,0,0
10146,0,0,0
10147,0,0,0
10148,0,0,0
10149,0,0,0
10150,0,0,0
10151,0,0,0
10152,0,0,0
10153,0,0,0
10154,0,0,0
10155,0,0,0
10156,0,0,0
10157,0,0,0
10158,0,0,0
10159,0,0,0
10160,0,0,0
10161,0,0,0
10162,0,0,0
10163,0,0,0
10164,0,0,0
10165,0,0,0
10166,0,0,0
10167,0,0,0
10168,0,0,0
10169,0,0,0
10170,0,0,0
10171,0,0,0
10172,0,0,0
10173,0,0,0
10174,0,0,0
10175,0,0,0
10176,0,0,0
10177,0,0,0
10178,0,0,0
10179,0,0,0
10180,0,0,0
10181,0,0,0
10182,0,0,0
10183,0,0,0
10184,0,0,0
10185,0,0,0
10186,0,0,0
10187,0,0,0
10188,0,0,0
10189,0,0,0
10190,0,0,0
10191,0,0,0
10192,0,0,0
10193,0,0,0
10194,0,0,0
10195,0,0,0
10196,0,0,0
10197,0,0,0
10198,0,0,0
10199,0,0,0
10200,0,0,0
10201,0,0,0
10202,0,0,0
10203,0,0,0
10204,0,0,0
10205,0,0,0
10206,0,0,0
10207,0,0,0
10208,0,0,0
10209,0,0,0
10210,0,0,0
10211,0,0,0
10212,0,0,0
10213,0,0,0
10214,0,0,0
10215,0,0,0
10216,0,0,0
10217,0,0,0
10218,0,0,0
10219,0,0,0
10220,0,0,0
10221,0,0,0
10222,0,0,0
10223,0,0,0
10224,0,0,0
10225,0,0,0
10226,0,0,0
10227,0,0,0
10228,0,0,0
10229,0,0,0
10230,0,0,0
10231,0,0,0
10232,0,0,0
10233,0,0,0
10234,0,0,0
10235,0,0,0
10236,0,0,0
10237,0,0,0
10238,0,0,0
10239,0,0,0
10240,0,0,0
10241,0,0,0
10242,0,0,0
10243,0,0,0
10244,0,0,0
10245,0,0,0
10246,0,0,0
10247,0,0,0
10248,0,0,0
10249,0,0,0
10250,0,0,0
10251,0,0,0
10252,0,0,0
10253,0,0,0
10254,0,0,0
10255,0,0,0
10256,0,0,0
10257,0,0,0
10258,0,0,0
10259,0,0,0
10260,0,0,0
10261,0,0,0
10262,0,0,0
10263,0,0,0
10264,0,0,0
10265,0,0,0
10266,0,0,0
10267,0,0,0
10268,0,0,0
10269,0,0,0
10270,0,0,0
10271,0,0,0
10272,0,0,0
10273,0,0,0
10274,0,0,0
10275,0,0,0
10276,0,0,0
10277,0,0,0
10278,0,0,0
10279,0,0,0
10280,0,0,0
10281,0,0,0
10282,0,0,0
10283,0,0,0
10284,0,0,0
10285,0,0,0
10286,0,0,0
10287,0,0,0
10288,0,0,0
10289,0,0,0
10290,0,0,0
10291,0,0,0
10292,0,0,0
10293,0,0,0
10294,0,0,0
10295,0,0,0
10296,0,0,0
10297,0,0,0
10298,0,0,0
10299,0,0,0
10300,0,0,0
10301,0,0,0
10302,0,0,0
10303,0,0,0
10304,0,0,0
10305,0,0,0
10306,0,0,0
10307,0,0,0
10308,0,0,0
10309,0,0,0
10310,0,0,0
10311,0,0,0
10312,0,0,0
10313,0,0,0
10314,0,0,0
10315,0,0,0
10316,0,0,0
10317,0,0,0
10318,0,0,0
10319,0,0,0
10320,0,0,0
10321,0,0,0
10322,0,0,0
10323,0,0,0
10324,0,0,0
10325,0,0,0
10326,0,0,0
10327,0,0,0
10328,0,0,0
10329,0,0,0
10330,0,0,0
10331,0,0,0
10332,0,0,0
10333,0,0,0
10334,0,0,0
10335,0,0,0
10336,0,0,0
10337,0,0,0
10338,0,0,0
10339,0,0,0
10340,0,0,0
10341,0,0,0
10342,0,0,0
10343,0,0,0
10344,0,0,0
10345,0,0,0
10346,0,0,0
10347,0,0,0
10348,0,0,0
10349,0,0,0
10350,0,0,0
10351,0,0,0
10352,0,0,0
10353,0,0,0
10354,0,0,0
10355,0,0,0
10356,0,0,0
10357,0,0,0
10358,0,0,0
10359,0,0,0
10360,0,0,0
10361,0,0,0
10362,0,0,0
10363,0,0,0
10364,0,0,0
10365,0,0,0
10366,0,0,0
10367,0,0,0
10368,0,0,0
10369,0,0,0
10370,0,0,0
10371,0,0,0
10372,0,0,0
10373,0,0,0
10374,0,0,0
10375,0,0,0
10376,0,0,0
10377,0,0,0
10378,0,0,0
10379,0,0,0
10380,0,0,0
10381,0,0,0
10382,0,0,0
10383,0,0,0
10384,0,0,0
10385,0,0,0
10386,0,0,0
10387,0,0,0
10388,0,0,0
10389,0,0,0
10390,0,0,0
10391,0,0,0
10392,0,0,0
10393,0,0,0
10394,0,0,0
10395,0,0,0
10396,0,0,0
10397,0,0,0
10398,0,0,0
10399,0,0,0
10400,0,0,0
10401,0,0,0
10402,0,0,0
10403,0,0,0
10404,0,0,0
10405,0,0,0
10406,0,0,0
10407,0,0,0
10408,0,0,0
10409,0,0,0
10410,0,0,0
10411,0,0,0
10412,0,0,0
10413,0,0,0
10414,0,0,0
10415,0,0,0
10416,0,0,0
10417,0,0,0
10418,0,0,0
10419,0,0,0
10420,0,0,0
10421,0,0,0
10422,0,0,0
10423,0,0,0
10424,0,0,0
10425,0,0,0
10426,0,0,0
10427,0,0,0
10428,0,0,0
10429,0,0,0
10430,0,0,0
10431,0,0,0
10432,0,0,0
10433,0,0,0
10434,0,0,0
10435,0,0,0
10436,0,0,0
10437,0,0,0
10438,0,0,0
10439,0,0,0
10440,0,0,0
10441,0,0,0
10442,0,0,0
10443,0,0,0
10444,0,0,0
10445,0,0,0
10446,0,0,0
10447,0,0,0
10448,0,0,0
10449,0,0,0
10450,0,0,0
10451,0,0,0
10452,0,0,0
10453,0,0,0
10454,0,0,0
10455,0,0,0
10456,0,0,0
10457,0,0,0
10458,0,0,0
10459,0,0,0
10460,0,0,0
10461,0,0,0
10462,0,0,0
10463,0,0,0
10464,0,0,0
10465,0,0,0
10466,0,0,0
10467,0,0,0
10468,0,0,0
10469,0,0,0
10470,0,0,0
10471,0,0,0
10472,0,0,0
10473,0,0,0
10474,0,0,0
10475,0,0,0
10476,0,0,0
10477,0,0,0
10478,0,0,0
10479,0,0,0
10480,0,0,0
10481,0,0,0
10482,0,0,0
10483,0,0,0
10484,0,0,0
10485,0,0,0
10486,0,0,0
10487,0,0,0
10488,0,0,0
10489,0,0,0
10490,0,0,0
10491,0,0,0
10492,0,0,0
10493,0,0,0
10494,0,0,0
10495,0,0,0
10496,0,0,0
10497,0,0,0
10498,0,0,0
10499,0,0,0
10500,0,0,0
10501,0,0,0
10502,0,0,0
10503,0,0,0
10504,0,0,0
10505,0,0,0
10506,0,0,0
10507,0,0,0
10508,0,0,0
10509,0,0,0
10510,0,0,0
10511,0,0,0
10512,0,0,0
10513,0,0,0
10514,0,0,0
10515,0,0,0
10516,0,0,0
10517,0,0,0
10518,0,0,0
10519,0,0,0
10520,0,0,0
10521,0,0,0
10522,0,0,0
10523,0,0,0
10524,0,0,0
10525,0,0,0
10526,0,0,0
10527,0,0,0
10528,0,0,0
10529,0,0,0
10530,0,0,0
10531,0,0,0
10532,0,0,0
10533,0,0,0
10534,0,0,0
10535,0,0,0
10536,0,0,0
10537,0,0,0
10538,0,0,0
10539,0,0,0
10540,0,0,0
10541,0,0,0
10542,0,0,0
10543,0,0,0
10544,0,0,0
10545,0,0,0
10546,0,0,0
10547,0,0,0
10548,0,0,0
10549,0,0,0
10550,0,0,0
10551,0,0,0
10552,0,0,0
10553,0,0,0
10554,0,0,0
10555,0,0,0
10556,0,0,0
10557,0,0,0
10558,0,0,0
10559,0,0,0
10560,0,0,0
10561,0,0,0
10562,0,0,0
10563,0,0,0
10564,0,0,0
10565,0,0,0
10566,0,0,0
10567,0,0,0
10568,0,0,0
10569,0,0,0
10570,0,0,0
10571,0,0,0
10572,0,0,0
10573,0,0,0
10574,0,0,0
10575,0,0,0
10576,0,0,0
10577,0,0,0
10578,0,0,0
10579,0,0,0
10580,0,0,0
10581,0,0,0
10582,0,0,0
10583,0,0,0
10584,0,0,0
10585,0,0,0
10586,0,0,0
10587,0,0,0
10588,0,0,0
10589,0,0,0
10590,0,0,0
10591,0,0,0
10592,0,0,0
10593,0,0,0
10594,0,0,0
10595,0,0,0
10596,0,0,0
10597,0,0,0
10598,0,0,0
10599,0,0,0
10600,0,0,0
10601,0,0,0
10602,0,0,0
10603,0,0,0
10604,0,0,0
10605,0,0,0
10606,0,0,0
10607,0,0,0
10608,0,0,0
10609,0,0,0
10610,0,0,0
10611,0,0,0
10612,0,0,0
10613,0,0,0
10614,0,0,0
10615,0,0,0
10616,0,0,0
10617,0,0,0
10618,0,0,0
10619,0,0,0
10620,0,0,0
10621,0,0,0
10622,0,0,0
10623,0,0,0
10624,0,0,0
10625,0,0,0
10626,0,0,0
10627,0,0,0
10628,0,0,0
10629,0,0,0
10630,0,0,0
10631,0,0,0
10632,0,0,0
10633,0,0,0
10634,0,0,0
10635,0,0,0
10636,0,0,0
10637,0,0,0
10638,0,0,0
10639,0,0,0
10640,0,0,0
10641,0,0,0
10642,0,0,0
10643,0,0,0
10644,0,0,0
10645,0,0,0
10646,0,0,0
10647,0,0,0
10648,0,0,0
10649,0,0,0
10650,0,0,0
10651,0,0,0
10652,0,0,0
10653,0,0,0
10654,0,0,0
10655,0,0,0
10656,0,0,0
10657,0,0,0
10658,0,0,0
10659,0,0,0
10660,0,0,0
10661,0,0,0
10662,0,0,0
10663,0,0,0
10664,0,0,0
10665,0,0,0
10666,0,0,0
10667,0,0,0
10668,0,0,0
10669,0,0,0
10670,0,0,0
10671,0,0,0
10672,0,0,0
10673,0,0,0
10674,0,0,0
10675,0,0,0
10676,0,0,0
10677,0,0,0
10678,0,0,0
10679,0,0,0
10680,0,0,0
10681,0,0,0
10682,0,0,0
10683,0,0,0
10684,0,0,0
10685,0,0,0
10686,0,0,0
10687,0,0,0
10688,0,0,0
10689,0,0,0
10690,0,0,0
10691,0,0,0
10692,0,0,0
10693,0,0,0
10694,0,0,0
10695,0,0,0
10696,0,0,0
10697,0,0,0
10698,0,0,0
10699,0,0,0
10700,0,0,0
10701,0,0,0
10702,0,0,0
10703,0,0,0
10704,0,0,0
10705,0,0,0
10706,0,0,0
10707,0,0,0
10708,0,0,0
10709,0,0,0
10710,0,0,0
10711,0,0,0
10712,0,0,0
10713,0,0,0
10714,0,0,0
10715,0,0,0
10716,0,0,0
10717,0,0,0
10718,0,0,0
10719,0,0,0
10720,0,0,0
10721,0,0,0
10722,0,0,0
10723,0,0,0
10724,0,0,0
10725,0,0,0
10726,0,0,0
10727,0,0,0
10728,0,0,0
10729,0,0,0
10730,0,0,0
10731,0,0,0
10732,0,0,0
10733,0,0,0
10734,0,0,0
10735,0,0,0
10736,0,0,0
10737,0,0,0
10738,0,0,0
10739,0,0,0
10740,0,0,0
10741,0,0,0
10742,0,0,0
10743,0,0,0
10744,0,0,0
10745,0,0,0
10746,0,0,0
10747,0,0,0
10748,0,0,0
10749,0,0,0
10750,0,0,0
10751,0,0,0
10752,0,0,0
10753,0,0,0
10754,0,0,0
10755,0,0,0
10756,0,0,0
10757,0,0,0
10758,0,0,0
10759,0,0,0
10760,0,0,0
10761,0,0,0
10762,0,0,0
10763,0,0,0
10764,0,0,0
10765,0,0,0
10766,0,0,0
10767,0,0,0
10768,0,0,0
10769,0,0,0
10770,0,0,0
10771,0,0,0
10772,0,0,0
10773,0,0,0
10774,0,0,0
10775,0,0,0
10776,0,0,0
10777,0,0,0
10778,0,0,0
10779,0,0,0
10780,0,0,0
10781,0,0,0
10782,0,0,0
10783,0,0,0
10784,0,0,0
10785,0,0,0
10786,0,0,0
10787,0,0,0
10788,0,0,0
10789,0,0,0
10790,0,0,0
10791,0,0,0
10792,0,0,0
10793,0,0,0
10794,0,0,0
10795,0,0,0
10796,0,0,0
10797,0,0,0
10798,0,0,0
10799,0,0,0
10800,0,0,0
10801,0,0,0
10802,0,0,0
10803,0,0,0
10804,0,0,0
10805,0,0,0
10806,0,0,0
10807,0,0,0
10808,0,0,0
10809,0,0,0
10810,0,0,0
10811,0,0,0
10812,0,0,0
10813,0,0,0
10814,0,0,0
10815,0,0,0
10816,0,0,0
10817,0,0,0
10818,0,0,0
10819,0,0,0
10820,0,0,0
10821,0,0,0
10822,0,0,0
10823,0,0,0
10824,0,0,0
10825,0,0,0
10826,0,0,0
10827,0,0,0
10828,0,0,0
10829,0,0,0
10830,0,0,0
10831,0,0,0
10832,0,0,0
10833,0,0,0
10834,0,0,0
10835,0,0,0
10836,0,0,0
10837,0,0,0
10838,0,0,0
10839,0,0,0
10840,0,0,0
10841,0,0,0
10842,0,0,0
10843,0,0,0
10844,0,0,0
10845,0,0,0
10846,0,0,0
10847,0,0,0
10848,0,0,0
10849,0,0,0
10850,0,0,0
10851,0,0,0
10852,0,0,0
10853,0,0,0
10854,0,0,0
10855,0,0,0
10856,0,0,0
10857,0,0,0
10858,0,0,0
10859,0,0,0
10860,0,0,0
10861,0,0,0
10862,0,0,0
10863,0,0,0
10864,0,0,0
10865,0,0,0
10866,0,0,0
10867,0,0,0
10868,0,0,0
10869,0,0,0
10870,0,0,0
10871,0,0,0
10872,0,0,0
10873,0,0,0
10874,0,0,0
10875,0,0,0
10876,0,0,0
10877,0,0,0
10878,0,0,0
10879,0,0,0
10880,0,0,0
10881,0,0,0
10882,0,0,0
10883,0,0,0
10884,0,0,0
10885,0,0,0
10886,0,0,0
10887,0,0,0
10888,0,0,0
10889,0,0,0
10890,0,0,0
10891,0,0,0
10892,0,0,0
10893,0,0,0
10894,0,0,0
10895,0,0,0
10896,0,0,0
10897,0,0,0
10898,0,0,0
10899,0,0,0
10900,0,0,0
10901,0,0,0
10902,0,0,0
10903,0,0,0
10904,0,0,0
10905,0,0,0
10906,0,0,0
10907,0,0,0
10908,0,0,0
10909,0,0,0
10910,0,0,0
10911,0,0,0
10912,0,0,0
10913,0,0,0
10914,0,0,0
10915,0,0,0
10916,0,0,0
10917,0,0,0
10918,0,0,0
10919,0,0,0
10920,0,0,0
10921,0,0,0
10922,0,0,0
10923,0,0,0
10924,0,0,0
10925,0,0,0
10926,0,0,0
10927,0,0,0
10928,0,0,0
10929,0,0,0
10930,0,0,0
10931,0,0,0
10932,0,0,0
10933,0,0,0
10934,0,0,0
10935,0,0,0
10936,0,0,0
10937,0,0,0
10938,0,0,0
10939,0,0,0
10940,0,0,0
10941,0,0,0
10942,0,0,0
10943,0,0,0
10944,0,0,0
10945,0,0,0
10946,0,0,0
10947,0,0,0
10948,0,0,0
10949,0,0,0
10950,0,0,0
10951,0,0,0
10952,0,0,0
10953,0,0,0
10954,0,0,0
10955,0,0,0
10956,0,0,0
10957,0,0,0
10958,0,0,0
10959,0,0,0
10960,0,0,0
10961,0,0,0
10962,0,0,0
10963,0,0,0
10964,0,0,0
10965,0,0,0
10966,0,0,0
10967,0,0,0
10968,0,0,0
10969,0,0,0
10970,0,0,0
10971,0,0,0
10972,0,0,0
10973,0,0,0
10974,0,0,0
10975,0,0,0
10976,0,0,0
10977,0,0,0
10978,0,0,0
10979,0,0,0
10980,0,0,0
10981,0,0,0
10982,0,0,0
10983,0,0,0
10984,0,0,0
10985,0,0,0
10986,0,0,0
10987,0,0,0
10988,0,0,0
10989,0,0,0
10990,0,0,0
10991,0,0,0
10992,0,0,0
10993,0,0,0
10994,0,0,0
10995,0,0,0
10996,0,0,0
10997,0,0,0
10998,0,0,0
10999,0,0,0
11000,0,0,0
11001,0,0,0
11002,0,0,0
11003,0,0,0
11004,0,0,0
11005,0,0,0
11006,0,0,0
11007,0,0,0
11008,0,0,0
11009,0,0,0
11010,0,0,0
11011,0,0,0
11012,0,0,0
11013,0,0,0
11014,0,0,0
11015,0,0,0
11016,0,0,0
11017,0,0,0
11018,0,0,0
11019,0,0,0
11020,0,0,0
11021,0,0,0
11022,0,0,0
11023,0,0,0
11024,0,0,0
11025,0,0,0
11026,0,0,0
11027,0,0,0
11028,0,0,0
11029,0,0,0
11030,0,0,0
11031,0,0,0
11032,0,0,0
11033,0,0,0
11034,0,0,0
11035,0,0,0
11036,0,0,0
11037,0,0,0
11038,0,0,0
11039,0,0,0
11040,0,0,0
11041,0,0,0
11042,0,0,0
11043,0,0,0
11044,0,0,0
11045,0,0,0
11046,0,0,0
11047,0,0,0
11048,0,0,0
11049,0,0,0
11050,0,0,0
11051,0,0,0
11052,0,0,0
11053,0,0,0
11054,0,0,0
11055,0,0,0
11056,0,0,0
11057,0,0,0
11058,0,0,0
11059,0,0,0
11060,0,0,0
11061,0,0,0
11062,0,0,0
11063,0,0,0
11064,0,0,0
11065,0,0,0
11066,0,0,0
11067,0,0,0
11068,0,0,0
11069,0,0,0
11070,0,0,0
11071,0,0,0
11072,0,0,0
11073,0,0,0
11074,0,0,0
11075,0,0,0
11076,0,0,0
11077,0,0,0
11078,0,0,0
11079,0,0,0
11080,0,0,0
11081,0,0,0
11082,0,0,0
11083,0,0,0
11084,0,0,0
11085,0,0,0
11086,0,0,0
11087,0,0,0
11088,0,0,0
11089,0,0,0
11090,0,0,0
11091,0,0,0
11092,0,0,0
11093,0,0,0
11094,0,0,0
11095,0,0,0
11096,0,0,0
11097,0,0,0
11098,0,0,0
11099,0,0,0
11100,0,0,0
11101,0,0,0
11102,0,0,0
11103,0,0,0
11104,0,0,0
11105,0,0,0
11106,0,0,0
11107,0,0,0
11108,0,0,0
11109,0,0,0
11110,0,0,0
11111,0,0,0
11112,0,0,0
11113,0,0,0
11114,0,0,0
11115,0,0,0
11116,0,0,0
11117,0,0,0
11118,0,0,0
11119,0,0,0
11120,0,0,0
11121,0,0,0
11122,0,0,0
11123,0,0,0
11124,0,0,0
11125,0,0,0
11126,0,0,0
11127,0,0,0
11128,0,0,0
11129,0,0,0
11130,0,0,0
11131,0,0,0
11132,0,0,0
11133,0,0,0
11134,0,0,0
11135,0,0,0
11136,0,0,0
11137,0,0,0
11138,0,0,0
11139,0,0,0
11140,0,0,0
11141,0,0,0
11142,0,0,0
11143,0,0,0
11144,0,0,0
11145,0,0,0
11146,0,0,0
11147,0,0,0
11148,0,0,0
11149,0,0,0
11150,0,0,0
11151,0,0,0
11152,0,0,0
11153,0,0,0
11154,0,0,0
11155,0,0,0
11156,0,0,0
11157,0,0,0
11158,0,0,0
11159,0,0,0
11160,0,0,0
11161,0,0,0
11162,0,0,0
11163,0,0,0
11164,0,0,0
11165,0,0,0
11166,0,0,0
11167,0,0,0
11168,0,0,0
11169,0,0,0
11170,0,0,0
11171,0,0,0
11172,0,0,0
11173,0,0,0
11174,0,0,0
11175,0,0,0
11176,0,0,0
11177,0,0,0
11178,0,0,0
11179,0,0,0
11180,0,0,0
11181,0,0,0
11182,0,0,0
11183,0,0,0
11184,0,0,0
11185,0,0,0
11186,0,0,0
11187,0,0,0
11188,0,0,0
11189,0,0,0
11190,0,0,0
11191,0,0,0
11192,0,0,0
11193,0,0,0
11194,0,0,0
11195,0,0,0
11196,0,0,0
11197,0,0,0
11198,0,0,0
11199,0,0,0
11200,0,0,0
11201,0,0,0
11202,0,0,0
11203,0,0,0
11204,0,0,0
11205,0,0,0
11206,0,0,0
11207,0,0,0
11208,0,0,0
11209,0,0,0
11210,0,0,0
11211,0,0,0
11212,0,0,0
11213,0,0,0
11214,0,0,0
11215,0,0,0
11216,0,0,0
11217,0,0,0
11218,0,0,0
11219,0,0,0
11220,0,0,0
11221,0,0,0
11222,0,0,0
11223,0,0,0
11224,0,0,0
11225,0,0,0
11226,0,0,0
11227,0,0,0
11228,0,0,0
11229,0,0,0
11230,0,0,0
11231,0,0,0
11232,0,0,0
11233,0,0,0
11234,0,0,0
11235,0,0,0
11236,0,0,0
11237,0,0,0
11238,0,0,0
11239,0,0,0
11240,0,0,0
11241,0,0,0
11242,0,0,0
11243,0,0,0
11244,0,0,0
11245,0,0,0
11246,0,0,0
11247,0,0,0
11248,0,0,0
11249,0,0,0
11250,0,0,0
11251,0,0,0
11252,0,0,0
11253,0,0,0
11254,0,0,0
11255,0,0,0
11256,0,0,0
11257,0,0,0
11258,0,0,0
11259,0,0,0
11260,0,0,0
11261,0,0,0
11262,0,0,0
11263,0,0,0
11264,0,0,0
11265,0,0,0
11266,0,0,0
11267,0,0,0
11268,0,0,0
11269,0,0,0
11270,0,0,0
11271,0,0,0
11272,0,0,0
11273,0,0,0
11274,0,0,0
11275,0,0,0
11276,0,0,0
11277,0,0,0
11278,0,0,0
11279,0,0,0
11280,0,0,0
11281,0,0,0
11282,0,0,0
11283,0,0,0
11284,0,0,0
11285,0,0,0
11286,0,0,0
11287,0,0,0
11288,0,0,0
11289,0,0,0
11290,0,0,0
11291,0,0,0
11292,0,0,0
11293,0,0,0
11294,0,0,0
11295,0,0,0
11296,0,0,0
11297,0,0,0
11298,0,0,0
11299,0,0,0
11300,0,0,0
11301,0,0,0
11302,0,0,0
11303,0,0,0
11304,0,0,0
11305,0,0,0
11306,0,0,0
11307,0,0,0
11308,0,0,0
11309,0,0,0
11310,0,0,0
11311,0,0,0
11312,0,0,0
11313,0,0,0
11314,0,0,0
11315,0,0,0
11316,0,0,0
11317,0,0,0
11318,0,0,0
11319,0,0,0
11320,0,0,0
11321,0,0,0
11322,0,0,0
11323,0,0,0
11324,0,0,0
11325,0,0,0
11326,0,0,0
11327,0,0,0
11328,0,0,0
11329,0,0,0
11330,0,0,0
11331,0,0,0
11332,0,0,0
11333,0,0,0
11334,0,0,0
11335,0,0,0
11336,0,0,0
11337,0,0,0
11338,0,0,0
11339,0,0,0
11340,0,0,0
11341,0,0,0
11342,0,0,0
11343,0,0,0
11344,0,0,0
11345,0,0,0
11346,0,0,0
11347,0,0,0
11348,0,0,0
11349,0,0,0
11350,0,0,0
11351,0,0,0
11352,0,0,0
11353,0,0,0
11354,0,0,0
11355,0,0,0
11356,0,0,0
11357,0,0,0
11358,0,0,0
11359,0,0,0
11360,0,0,0
11361,0,0,0
11362,0,0,0
11363,0,0,0
11364,0,0,0
11365,0,0,0
11366,0,0,0
11367,0,0,0
11368,0,0,0
11369,0,0,0
11370,0,0,0
11371,0,0,0
11372,0,0,0
11373,0,0,0
11374,0,0,0
11375,1,0,1
11376,1,0,1
11377,1,0,1
11378,1,0,1
11379,1,0,1
11380,1,0,1
11381,1,0,1
11382,1,0,1
11383,1,0,1
11384,1,0,1
11385,1,0,1
11386,1,0,1
11387,1,0,1
11388,1,0,1
11389,1,0,1
11390,1,0,1
11391,1,0,1
11392,1,0,1
11393,1,0,1
11394,1,0,1
11395,1,0,1
11396,1,0,1
11397,1,0,1
11398,1,0,1
11399,1,0,1
11400,1,0,1
11401,1,0,1
11402,2,0,2
11403,2,0,2
11404,3,0,3
11405,3,0,3
11406,3,0,3
11407,3,0,3
11408,4,0,4
11409,4,0,4
11410,4,0,4
11411,4,0,4
11412,4,0,4
11413,4,0,4
11414,4,0,4
11415,4,0,4
11416,4,0,4
11417,4,0,4
11418,4,0,4
11419,4,0,4
11420,4,0,4
11421,4,0,4
11422,4,0,4
11423,4,0,4
11424,4,0,4
11425,4,0,4
11426,4,0,4
11427,4,0,4
11428,4,0,4
11429,4,0,4
11430,4,0,4
11431,4,0,4
11432,4,0,4
11433,4,0,4
11434,4,0,4
11435,4,0,4
11436,4,0,4
11437,4,0,4
11438,4,0,4
11439,4,0,4
11440,4,0,4
11441,4,0,4
11442,4,0,4
11443,4,0,4
11444,4,0,4
11445,4,0,4
11446,4,0,4
11447,4,0,4
11448,4,0,4
11449,4,0,4
11450,4,0,4
11451,4,0,4
11452,4,0,4
11453,4,0,4
11454,4,0,4
11455,4,0,4
11456,4,0,4
11457,4,0,4
11458,4,0,4
11459,4,0,4
11460,4,0,4
11461,4,0,4
11462,4,0,4
11463,4,0,4
11464,4,0,4
11465,4,0,4
11466,3,0,3
11467,3,0,3
11468,3,0,3
11469,3,0,3
11470,3,0,3
11471,3,0,3
11472,3,0,3
11473,3,0,3
11474,3,0,3
11475,4,0,4
11476,4,0,4
11477,4,0,4
11478,4,0,4
11479,4,0,4
11480,3,1,4
11481,3,1,4
11482,3,1,4
11483,3,1,4
11484,3,1,4
11485,3,1,4
11486,3,1,4
11487,3,1,4
11488,2,1,3
11489,2,1,3
11490,2,1,3
11491,2,1,3
11492,2,1,3
11493,2,1,3
11494,2,1,3
11495,2,1,3
11496,2,1,3
11497,2,1,3
11498,2,1,3
11499,2,1,3
11500,2,1,3
11501,2,1,3
11502,2,1,3
11503,2,1,3
11504,2,1,3
11505,2,1,3
11506,2,1,3
11507,2,1,3
11508,3,0,3
11509,3,0,3
11510,3,0,3
11511,3,0,3
11512,3,0,3
11513,3,0,3
11514,3,0,3
11515,3,0,3
11516,3,0,3
11517,3,0,3
11518,3,0,3
11519,3,0,3
11520,3,0,3
11521,4,0,4
11522,4,0,4
11523,4,0,4
11524,4,0,4
11525,4,0,4
11526,4,0,4
11527,4,0,4
11528,4,0,4
11529,4,0,4
11530,4,0,4
11531,4,0,4
11532,4,0,4
11533,4,0,4
11534,4,0,4
11535,4,0,4
11536,4,0,4
11537,4,0,4
11538,4,0,4
11539,4,0,4
11540,4,0,4
11541,4,0,4
11542,4,0,4
11543,4,0,4
11544,4,0,4
11545,4,0,4
11546,4,0,4
11547,4,0,4
11548,4,0,4
11549,4,0,4
11550,4,0,4
11551,4,0,4
11552,4,0,4
11553,4,0,4
11554,4,0,4
11555,4,0,4
11556,4,0,4
11557,4,0,4
11558,4,0,4
11559,4,0,4
11560,3,0,3
11561,3,0,3
11562,3,0,3
11563,3,0,3
11564,3,0,3
11565,3,0,3
11566,3,0,3
11567,3,0,3
11568,3,0,3
11569,3,0,3
11570,3,0,3
11571,3,0,3
11572,3,0,3
11573,3,0,3
11574,3,0,3
11575,3,0,3
11576,3,0,3
11577,3,0,3
11578,3,0,3
11579,2,0,2
11580,2,0,2
11581,2,0,2
11582,2,0,2
11583,2,0,2
11584,3,0,3
11585,3,0,3
11586,3,0,3
11587,3,0,3
11588,3,0,3
11589,3,0,3
11590,3,0,3
11591,3,0,3
11592,3,0,3
11593,3,0,3
11594,3,0,3
11595,3,0,3
11596,3,0,3
11597,3,0,3
11598,3,0,3
11599,3,0,3
11600,3,0,3
11601,3,0,3
11602,3,0,3
11603,2,0,2
11604,2,0,2
11605,2,0,2
11606,2,0,2
11607,2,0,2
11608,2,0,2
11609,2,0,2
11610,2,0,2
11611,2,0,2
11612,2,0,2
11613,2,0,2
11614,2,0,2
11615,2,0,2
11616,2,0,2
11617,2,0,2
11618,2,0,2
11619,2,0,2
11620,2,0,2
11621,2,0,2
11622,2,0,2
11623,2,0,2
11624,2,0,2
11625,2,0,2
11626,2,0,2
11627,2,0,2
11628,2,0,2
11629,2,0,2
11630,2,0,2
11631,2,0,2
11632,2,0,2
11633,2,0,2
11634,2,0,2
11635,2,0,2
11636,1,0,1
11637,1,0,1
11638,1,0,1
11639,1,0,1
11640,1,0,1
11641,1,0,1
11642,1,0,1
11643,1,0,1
11644,1,0,1
11645,1,0,1
11646,1,0,1
11647,1,0,1
11648,1,0,1
11649,1,0,1
11650,1,0,1
11651,1,0,1
11652,1,0,1
11653,1,0,1
11654,1,0,1
11655,1,0,1
11656,1,0,1
11657,1,0,1
11658,1,0,1
11659,1,0,1
11660,1,0,1
11661,1,0,1
11662,1,0,1
11663,1,0,1
11664,1,0,1
11665,1,0,1
11666,1,0,1
11667,1,0,1
11668,2,0,2
11669,2,0,2
11670,2,0,2
11671,2,0,2
11672,2,0,2
11673,2,0,2
11674,2,0,2
11675,2,0,2
11676,2,0,2
11677,2,0,2
11678,2,0,2
11679,2,0,2
11680,2,0,2
11681,2,0,2
11682,2,0,2
11683,2,0,2
11684,2,0,2
11685,2,0,2
11686,2,0,2
11687,2,0,2
11688,2,0,2
11689,2,0,2
11690,2,0,2
11691,2,0,2
11692,2,0,2
11693,2,0,2
11694,2,0,2
11695,2,0,2
11696,2,0,2
11697,2,0,2
11698,2,0,2
11699,2,0,2
11700,2,0,2
11701,2,0,2
11702,2,0,2
11703,2,0,2
11704,2,0,2
11705,2,0,2
11706,2,0,2
11707,2,0,2
11708,2,0,2
11709,2,0,2
11710,2,0,2
11711,2,0,2
11712,2,0,2
11713,2,0,2
11714,2,0,2
11715,2,0,2
11716,2,0,2
11717,2,0,2
11718,2,0,2
11719,2,0,2
11720,2,0,2
11721,2,0,2
11722,2,0,2
11723,2,0,2
11724,2,0,2
11725,2,0,2
11726,2,0,2
11727,2,0,2
11728,2,0,2
11729,2,0,2
11730,2,0,2
11731,2,0,2
11732,3,0,3
11733,3,0,3
11734,3,0,3
11735,3,0,3
11736,3,0,3
11737,3,0,3
11738,3,0,3
11739,3,0,3
11740,3,0,3
11741,3,0,3
11742,3,0,3
11743,3,0,3
11744,3,0,3
11745,3,0,3
11746,3,0,3
11747,3,0,3
11748,3,0,3
11749,3,0,3
11750,3,0,3
11751,3,0,3
11752,3,0,3
11753,3,0,3
11754,3,0,3
11755,3,0,3
11756,3,0,3
11757,3,0,3
11758,3,0,3
11759,3,0,3
11760,3,0,3
11761,3,0,3
11762,3,0,3
11763,3,0,3
11764,3,0,3
11765,3,0,3
11766,3,0,3
11767,3,0,3
11768,3,0,3
11769,3,0,3
11770,3,0,3
11771,2,0,2
11772,2,0,2
11773,2,0,2
11774,2,0,2
11775,2,0,2
11776,2,0,2
11777,2,0,2
11778,2,0,2
11779,2,0,2
11780,2,0,2
11781,2,0,2
11782,2,0,2
11783,2,0,2
11784,2,0,2
11785,2,0,2
11786,2,0,2
11787,2,0,2
11788,2,0,2
11789,2,0,2
11790,2,0,2
11791,2,0,2
11792,2,0,2
11793,2,0,2
11794,2,0,2
11795,2,0,2
11796,2,0,2
11797,2,0,2
11798,2,0,2
11799,2,0,2
11800,2,0,2
11801,2,0,2
11802,2,0,2
11803,2,0,2
11804,2,0,2
11805,3,0,3
11806,3,0,3
11807,3,0,3
11808,3,0,3
11809,3,0,3
11810,3,0,3
11811,3,0,3
11812,3,0,3
11813,3,0,3
11814,3,0,3
11815,3,0,3
11816,3,0,3
11817,3,0,3
11818,3,0,3
11819,2,0,2
11820,2,0,2
11821,2,0,2
11822,2,0,2
11823,2,0,2
11824,2,0,2
11825,2,0,2
11826,2,0,2
11827,2,0,2
11828,2,0,2
11829,2,0,2
11830,2,0,2
11831,2,0,2
11832,2,0,2
11833,2,0,2
11834,2,0,2
11835,2,0,2
11836,2,0,2
11837,2,0,2
11838,2,0,2
11839,2,0,2
11840,2,0,2
11841,2,0,2
11842,2,0,2
11843,2,0,2
11844,2,0,2
11845,2,0,2
11846,2,0,2
11847,2,0,2
11848,2,0,2
11849,2,0,2
11850,2,0,2
11851,2,0,2
11852,2,0,2
11853,1,0,1
11854,1,0,1
11855,1,0,1
11856,1,0,1
11857,1,0,1
11858,1,0,1
11859,1,0,1
11860,1,0,1
11861,1,0,1
11862,1,0,1
11863,1,0,1
11864,1,0,1
11865,1,0,1
11866,1,0,1
11867,1,0,1
11868,1,0,1
11869,1,0,1
11870,1,0,1
11871,1,0,1
11872,1,0,1
11873,1,0,1
11874,1,0,1
11875,1,0,1
11876,1,0,1
11877,1,0,1
11878,1,0,1
11879,1,0,1
11880,1,0,1
11881,1,0,1
11882,1,0,1
11883,1,0,1
11884,1,0,1
11885,1,0,1
11886,1,0,1
11887,1,0,1
11888,1,0,1
11889,1,0,1
11890,1,0,1
11891,1,0,1
11892,1,0,1
11893,1,0,1
11894,1,0,1
11895,1,0,1
11896,1,0,1
11897,1,0,1
11898,1,0,1
11899,1,0,1
11900,1,0,1
11901,1,0,1
11902,1,0,1
11903,1,0,1
11904,1,0,1
11905,1,0,1
11906,1,0,1
11907,1,0,1
11908,1,0,1
11909,1,0,1
11910,1,0,1
11911,1,0,1
11912,1,0,1
11913,1,0,1
11914,1,0,1
11915,1,0,1
11916,1,0,1
11917,1,0,1
11918,1,0,1
11919,1,0,1
11920,1,0,1
11921,1,0,1
11922,1,0,1
11923,1,0,1
11924,1,0,1
11925,1,0,1
11926,1,0,1
11927,1,0,1
11928,1,0,1
11929,1,0,1
11930,1,0,1
11931,1,0,1
11932,1,0,1
11933,1,0,1
11934,1,0,1
11935,1,0,1
11936,1,0,1
11937,1,0,1
11938,1,0,1
11939,1,0,1
11940,1,0,1
11941,1,0,1
11942,1,0,1
11943,1,0,1
11944,1,0,1
11945,0,0,0
11946,0,0,0
11947,0,0,0
11948,0,0,0
11949,0,0,0
11950,0,0,0
11951,0,0,0
11952,0,0,0
11953,0,0,0
11954,0,0,0
11955,0,0,0
11956,0,0,0
11957,0,0,0
11958,0,0,0
11959,0,0,0
11960,0,0,0
11961,0,0,0
11962,0,0,0
11963,0,0,0
11964,0,0,0
11965,0,0,0
11966,0,0,0
11967,0,0,0
11968,0,0,0
11969,0,0,0
11970,0,0,0
11971,0,0,0
11972,0,0,0
11973,0,0,0
11974,0,0,0
11975,0,0,0
11976,0,0,0
11977,0,0,0
11978,0,0,0
11979,0,0,0
11980,0,0,0
11981,0,0,0
11982,0,0,0
11983,0,0,0
11984,0,0,0
11985,0,0,0
11986,0,0,0
11987,0,0,0
11988,0,0,0
11989,0,0,0
11990,0,0,0
11991,0,0,0
11992,0,0,0
11993,0,0,0
11994,0,0,0
11995,0,0,0
11996,0,0,0
11997,0,0,0
11998,0,0,0
11999,0,0,0
12000,0,0,0
12001,0,0,0
12002,0,0,0
12003,0,0,0
12004,0,0,0
12005,0,0,0
12006,0,0,0
12007,0,0,0
12008,0,0,0
12009,0,0,0
12010,0,0,0
12011,0,0,0
12012,0,0,0
12013,0,0,0
12014,0,0,0
12015,0,0,0
12016,0,0,0
12017,0,0,0
12018,0,0,0
12019,0,0,0
12020,0,0,0
12021,0,0,0
12022,0,0,0
12023,0,0,0
12024,0,0,0
12025,0,0,0
12026,0,0,0
12027,0,0,0
12028,0,0,0
12029,0,0,0
12030,0,0,0
12031,0,0,0
12032,0,0,0
12033,0,0,0
12034,0,0,0
12035,0,0,0
12036,0,0,0
12037,0,0,0
12038,0,0,0
12039,0,0,0
12040,0,0,0
12041,0,0,0
12042,0,0,0
12043,0,0,0
12044,0,0,0
12045,0,0,0
12046,0,0,0
12047,0,0,0
12048,0,0,0
12049,0,0,0
12050,0,0,0
12051,0,0,0
12052,0,0,0
12053,0,0,0
12054,0,0,0
12055,0,0,0
12056,0,0,0
12057,0,0,0
12058,0,0,0
12059,0,0,0
12060,0,0,0
12061,0,0,0
12062,0,0,0
12063,0,0,0
12064,0,0,0
12065,0,0,0
12066,0,0,0
12067,0,0,0
12068,0,0,0
12069,0,0,0
12070,0,0,0
12071,0,0,0
12072,0,0,0
12073,0,0,0
12074,0,0,0
12075,0,0,0
12076,0,0,0
12077,0,0,0
12078,0,0,0
12079,0,0,0
12080,0,0,0
12081,0,0,0
12082,0,0,0
12083,0,0,0
12084,0,0,0
12085,0,0,0
12086,0,0,0
12087,0,0,0
12088,0,0,0
12089,0,0,0
12090,0,0,0
12091,0,0,0
12092,0,0,0
12093,0,0,0
12094,0,0,0
12095,0,0,0
12096,0,0,0
12097,0,0,0
12098,0,0,0
12099,0,0,0
12100,0,0,0
12101,0,0,0
12102,0,0,0
12103,0,0,0
12104,0,0,0
12105,0,0,0
12106,0,0,0
12107,0,0,0
12108,0,0,0
12109,0,0,0
12110,0,0,0
12111,0,0,0
12112,0,0,0
12113,0,0,0
12114,0,0,0
12115,0,0,0
12116,0,0,0
12117,0,0,0
12118,0,0,0
12119,0,0,0
12120,0,0,0
12121,0,0,0
12122,0,0,0
12123,0,0,0
12124,0,0,0
12125,0,0,0
12126,0,0,0
12127,0,0,0
12128,0,0,0
12129,0,0,0
12130,0,0,0
12131,0,0,0
12132,0,0,0
12133,0,0,0
12134,0,0,0
12135,0,0,0
12136,0,0,0
12137,0,0,0
12138,0,0,0
12139,0,0,0
12140,0,0,0
12141,0,0,0
12142,0,0,0
12143,0,0,0
12144,0,0,0
12145,0,0,0
12146,0,0,0
12147,0,0,0
12148,0,0,0
12149,0,0,0
12150,0,0,0
12151,0,0,0
12152,0,0,0
12153,0,0,0
12154,0,0,0
12155,0,0,0
12156,0,0,0
12157,0,0,0
12158,0,0,0
12159,0,0,0
12160,0,0,0
12161,0,0,0
12162,0,0,0
12163,0,0,0
12164,0,0,0
12165,0,0,0
12166,0,0,0
12167,0,0,0
12168,0,0,0
12169,0,0,0
12170,0,0,0
12171,0,0,0
12172,0,0,0
12173,0,0,0
12174,0,0,0
12175,0,0,0
12176,0,0,0
12177,0,0,0
12178,0,0,0
12179,0,0,0
12180,0,0,0
12181,0,0,0
12182,0,0,0
12183,0,0,0
12184,0,0,0
12185,0,0,0
12186,0,0,0
12187,0,0,0
12188,0,0,0
12189,0,0,0
12190,0,0,0
12191,0,0,0
12192,0,0,0
12193,0,0,0
12194,0,0,0
12195,0,0,0
12196,0,0,0
12197,0,0,0
12198,0,0,0
12199,0,0,0
12200,0,0,0
12201,0,0,0
12202,0,0,0
12203,0,0,0
12204,0,0,0
12205,0,0,0
12206,0,0,0
12207,0,0,0
12208,0,0,0
12209,0,0,0
12210,0,0,0
12211,0,0,0
12212,0,0,0
12213,0,0,0
12214,0,0,0
12215,0,0,0
12216,0,0,0
12217,0,0,0
12218,0,0,0
12219,0,0,0
12220,0,0,0
12221,0,0,0
12222,0,0,0
12223,0,0,0
12224,0,0,0
12225,0,0,0
12226,0,0,0
12227,0,0,0
12228,0,0,0
12229,0,0,0
12230,0,0,0
12231,0,0,0
12232,0,0,0
12233,0,0,0
12234,0,0,0
12235,0,0,0
12236,0,0,0
12237,0,0,0
12238,0,0,0
12239,0,0,0
12240,0,0,0
12241,0,0,0
12242,0,0,0
12243,0,0,0
12244,0,0,0
12245,0,0,0
12246,0,0,0
12247,0,0,0
12248,0,0,0
12249,0,0,0
12250,0,0,0
12251,0,0,0
12252,0,0,0
12253,0,0,0
12254,0,0,0
12255,0,0,0
12256,0,0,0
12257,0,0,0
12258,0,0,0
12259,0,0,0
12260,0,0,0
12261,0,0,0
12262,0,0,0
12263,0,0,0
12264,0,0,0
12265,0,0,0
12266,0,0,0
12267,0,0,0
12268,0,0,0
12269,0,0,0
12270,0,0,0
12271,0,0,0
12272,0,0,0
12273,0,0,0
12274,0,0,0
12275,0,0,0
12276,0,0,0
12277,0,0,0
12278,0,0,0
12279,0,0,0
12280,0,0,0
12281,0,0,0
12282,0,0,0
12283,0,0,0
12284,0,0,0
12285,0,0,0
12286,0,0,0
12287,0,0,0
12288,0,0,0
12289,0,0,0
12290,0,0,0
12291,0,0,0
12292,0,0,0
12293,0,0,0
12294,0,0,0
12295,0,0,0
12296,0,0,0
12297,0,0,0
12298,0,0,0
12299,0,0,0
12300,0,0,0
12301,0,0,0
12302,0,0,0
12303,0,0,0
12304,0,0,0
12305,0,0,0
12306,0,0,0
12307,0,0,0
12308,0,0,0
12309,0,0,0
12310,0,0,0
12311,0,0,0
12312,0,0,0
12313,0,0,0
12314,0,0,0
12315,0,0,0
12316,0,0,0
12317,0,0,0
12318,0,0,0
12319,0,0,0
12320,0,0,0
12321,0,0,0
12322,0,0,0
12323,0,0,0
12324,0,0,0
12325,0,0,0
12326,0,0,0
12327,0,0,0
12328,0,0,0
12329,0,0,0
12330,0,0,0
12331,0,0,0
12332,0,0,0
12333,0,0,0
12334,0,0,0
12335,0,0,0
12336,0,0,0
12337,0,0,0
12338,0,0,0
12339,0,0,0
12340,0,0,0
12341,0,0,0
12342,0,0,0
12343,0,0,0
12344,0,0,0
12345,0,0,0
12346,0,0,0
12347,0,0,0
12348,0,0,0
12349,0,0,0
12350,0,0,0
12351,0,0,0
12352,0,0,0
12353,0,0,0
12354,0,0,0
12355,0,0,0
12356,0,0,0
12357,0,0,0
12358,0,0,0
12359,0,0,0
12360,0,0,0
12361,0,0,0
12362,0,0,0
12363,0,0,0
12364,0,0,0
12365,0,0,0
12366,0,0,0
12367,0,0,0
12368,0,0,0
12369,0,0,0
12370,0,0,0
12371,0,0,0
12372,0,0,0
12373,0,0,0
12374,0,0,0
12375,0,0,0
12376,0,0,0
12377,0,0,0
12378,0,0,0
12379,0,0,0
12380,0,0,0
12381,0,0,0
12382,0,0,0
12383,0,0,0
12384,0,0,0
12385,0,0,0
12386,0,0,0
12387,0,0,0
12388,0,0,0
12389,0,0,0
12390,0,0,0
12391,0,0,0
12392,0,0,0
12393,0,0,0
12394,0,0,0
12395,0,0,0
12396,0,0,0
12397,0,0,0
12398,0,0,0
12399,0,0,0
12400,0,0,0
12401,0,0,0
12402,0,0,0
12403,0,0,0
12404,0,0,0
12405,0,0,0
12406,0,0,0
12407,0,0,0
12408,0,0,0
12409,0,0,0
12410,0,0,0
12411,0,0,0
12412,0,0,0
12413,0,0,0
12414,0,0,0
12415,0,0,0
12416,0,0,0
12417,0,0,0
12418,0,0,0
12419,0,0,0
12420,0,0,0
12421,0,0,0
12422,0,0,0
12423,0,0,0
12424,0,0,0
12425,0,0,0
12426,0,0,0
12427,0,0,0
12428,0,0,0
12429,0,0,0
12430,0,0,0
12431,0,0,0
12432,0,0,0
12433,0,0,0
12434,0,0,0
12435,0,0,0
12436,0,0,0
12437,0,0,0
12438,0,0,0
12439,0,0,0
12440,0,0,0
12441,0,0,0
12442,0,0,0
12443,0,0,0
12444,0,0,0
12445,0,0,0
12446,0,0,0
12447,0,0,0
12448,0,0,0
12449,0,0,0
12450,0,0,0
12451,0,0,0
12452,0,0,0
12453,0,0,0
12454,0,0,0
12455,0,0,0
12456,0,0,0
12457,0,0,0
12458,0,0,0
12459,0,0,0
12460,0,0,0
12461,0,0,0
12462,0,0,0
12463,0,0,0
12464,0,0,0
12465,0,0,0
12466,0,0,0
12467,0,0,0
12468,0,0,0
12469,0,0,0
12470,0,0,0
12471,0,0,0
12472,0,0,0
12473,0,0,0
12474,0,0,0
12475,0,0,0
12476,0,0,0
12477,0,0,0
12478,0,0,0
12479,0,0,0
12480,0,0,0
12481,0,0,0
12482,0,0,0
12483,0,0,0
12484,0,0,0
12485,0,0,0
12486,0,0,0
12487,0,0,0
12488,1,0,1
12489,1,0,1
12490,1,0,1
12491,1,0,1
12492,1,0,1
12493,1,0,1
12494,1,0,1
12495,1,0,1
12496,1,0,1
12497,1,0,1
12498,1,0,1
12499,1,0,1
12500,1,0,1
12501,1,0,1
12502,1,0,1
12503,1,0,1
12504,1,0,1
12505,1,0,1
12506,1,0,1
12507,1,0,1
12508,1,0,1
12509,1,0,1
12510,1,0,1
12511,1,0,1
12512,1,0,1
12513,1,0,1
12514,1,0,1
12515,1,0,1
12516,1,0,1
12517,1,0,1
12518,1,0,1
12519,1,0,1
12520,1,0,1
12521,1,0,1
12522,1,0,1
12523,1,0,1
12524,1,0,1
12525,1,0,1
12526,1,0,1
12527,1,0,1
12528,1,0,1
12529,1,0,1
12530,2,0,2
12531,2,0,2
12532,1,0,1
12533,1,0,1
12534,1,0,1
12535,1,0,1
12536,1,0,1
12537,1,0,1
12538,1,0,1
12539,1,0,1
12540,1,0,1
12541,1,0,1
12542,1,0,1
12543,1,0,1
12544,1,0,1
12545,1,0,1
12546,1,0,1
12547,1,0,1
12548,1,0,1
12549,1,0,1
12550,1,0,1
12551,1,0,1
12552,1,0,1
12553,1,0,1
12554,1,0,1
12555,1,0,1
12556,1,0,1
12557,1,0,1
12558,1,0,1
12559,1,0,1
12560,1,0,1
12561,1,0,1
12562,1,0,1
12563,1,0,1
12564,1,0,1
12565,1,0,1
12566,1,0,1
12567,1,0,1
12568,1,0,1
12569,1,0,1
12570,0,0,0
12571,0,0,0
12572,0,0,0
12573,0,0,0
12574,0,0,0
12575,0,0,0
12576,0,0,0
12577,0,0,0
12578,0,0,0
12579,0,0,0
12580,0,0,0
12581,0,0,0
12582,0,0,0
12583,0,0,0
12584,0,0,0
12585,0,0,0
12586,0,0,0
12587,0,0,0
12588,0,0,0
12589,0,0,0
12590,0,0,0
12591,0,0,0
12592,0,0,0
12593,0,0,0
12594,0,0,0
12595,0,0,0
12596,0,0,0
12597,0,0,0
12598,0,0,0
12599,0,0,0
12600,0,0,0
12601,0,0,0
12602,0,0,0
12603,0,0,0
12604,0,0,0
12605,0,0,0
12606,0,0,0
12607,0,0,0
12608,0,0,0
12609,0,0,0
12610,0,0,0
12611,0,0,0
12612,0,0,0
12613,0,0,0
12614,0,0,0
12615,0,0,0
12616,0,0,0
12617,0,0,0
12618,0,0,0
12619,0,0,0
12620,0,0,0
12621,0,0,0
12622,0,0,0
12623,0,0,0
12624,0,0,0
12625,0,0,0
12626,0,0,0
12627,0,0,0
12628,0,0,0
12629,0,0,0
12630,0,0,0
12631,0,0,0
12632,0,0,0
12633,0,0,0
12634,0,0,0
12635,0,0,0
12636,0,0,0
12637,0,0,0
12638,0,0,0
12639,0,0,0
12640,0,0,0
12641,0,0,0
12642,0,0,0
12643,0,0,0
12644,0,0,0
12645,0,0,0
12646,0,0,0
12647,0,0,0
12648,0,0,0
12649,0,0,0
12650,0,0,0
12651,0,0,0
12652,0,0,0
12653,0,0,0
12654,0,0,0
12655,0,0,0
12656,0,0,0
12657,0,0,0
12658,0,0,0
12659,0,0,0
12660,0,0,0
12661,0,0,0
12662,0,0,0
12663,0,0,0
12664,0,0,0
12665,0,0,0
12666,0,0,0
12667,0,0,0
12668,0,0,0
12669,0,0,0
12670,0,0,0
12671,0,0,0
12672,0,0,0
12673,0,0,0
12674,0,0,0
12675,0,0,0
12676,1,0,1
12677,1,0,1
12678,1,0,1
12679,1,0,1
12680,1,0,1
12681,1,0,1
12682,1,0,1
12683,1,0,1
12684,1,0,1
12685,1,0,1
12686,1,0,1
12687,1,0,1
12688,1,0,1
12689,1,0,1
12690,1,0,1
12691,1,0,1
12692,1,0,1
12693,1,0,1
12694,1,0,1
12695,1,0,1
12696,1,0,1
12697,1,0,1
12698,1,0,1
12699,1,0,1
12700,1,0,1
12701,1,0,1
12702,1,0,1
12703,1,0,1
12704,1,0,1
12705,1,0,1
12706,1,0,1
12707,1,0,1
12708,1,0,1
12709,1,0,1
12710,1,0,1
12711,1,0,1
12712,1,0,1
12713,1,0,1
12714,1,0,1
12715,1,0,1
12716,1,0,1
12717,1,0,1
12718,1,0,1
12719,1,0,1
12720,1,0,1
12721,1,0,1
12722,1,0,1
12723,1,0,1
12724,1,0,1
12725,1,0,1
12726,1,0,1
12727,1,0,1
12728,1,0,1
12729,1,0,1
12730,1,0,1
12731,1,0,1
12732,1,0,1
12733,1,0,1
12734,1,0,1
12735,1,0,1
12736,1,0,1
12737,1,0,1
12738,1,0,1
12739,1,0,1
12740,1,0,1
12741,1,0,1
12742,1,0,1
12743,1,0,1
