second,idle_count,walking_count,total_count
0,0,0,0
1,0,0,0
2,0,0,0
3,0,0,0
4,0,0,0
5,0,0,0
6,0,0,0
7,0,0,0
8,2,0,2
9,2,0,2
10,2,0,2
11,2,0,2
12,2,0,2
13,2,0,2
14,2,0,2
15,2,0,2
16,2,0,2
17,2,0,2
18,2,0,2
19,2,0,2
20,2,0,2
21,2,0,2
22,2,0,2
23,2,0,2
24,2,0,2
25,2,0,2
26,2,0,2
27,2,0,2
28,2,0,2
29,2,0,2
30,2,0,2
31,2,0,2
32,2,0,2
33,2,0,2
34,2,0,2
35,2,0,2
36,2,0,2
37,2,0,2
38,2,0,2
39,2,0,2
40,2,0,2
41,2,0,2
42,2,0,2
43,2,0,2
44,2,0,2
45,2,0,2
46,2,0,2
47,2,0,2
48,2,0,2
49,2,0,2
50,2,0,2
51,2,0,2
52,2,0,2
53,2,0,2
54,2,0,2
55,2,0,2
56,2,0,2
57,2,0,2
58,2,0,2
59,2,0,2
60,2,0,2
61,2,0,2
62,2,0,2
63,2,0,2
64,2,0,2
65,2,0,2
66,2,0,2
67,2,0,2
68,2,0,2
69,2,0,2
70,2,0,2
71,2,0,2
72,2,0,2
73,2,0,2
74,2,0,2
75,2,0,2
76,2,0,2
77,2,0,2
78,2,0,2
79,2,0,2
80,2,0,2
81,2,0,2
82,2,0,2
83,2,0,2
84,3,0,3
85,3,0,3
86,3,0,3
87,3,0,3
88,4,0,4
89,4,0,4
90,4,0,4
91,4,0,4
92,4,0,4
93,4,0,4
94,4,0,4
95,4,0,4
96,4,0,4
97,4,0,4
98,4,0,4
99,4,0,4
100,4,0,4
101,4,0,4
102,4,0,4
103,4,0,4
104,4,0,4
105,4,0,4
106,4,0,4
107,4,0,4
108,4,0,4
109,4,0,4
110,4,0,4
111,4,0,4
112,4,0,4
113,4,0,4
114,4,0,4
115,4,0,4
116,4,0,4
117,4,0,4
118,4,0,4
119,4,0,4
120,3,0,3
121,3,0,3
122,3,0,3
123,3,0,3
124,2,0,2
125,2,0,2
126,2,0,2
127,3,0,3
128,3,0,3
129,3,0,3
130,3,0,3
131,3,0,3
132,3,0,3
133,3,0,3
134,3,0,3
135,3,0,3
136,3,0,3
137,3,0,3
138,3,0,3
139,3,0,3
140,3,0,3
141,3,0,3
142,3,0,3
143,3,0,3
144,3,0,3
145,3,0,3
146,3,0,3
147,3,0,3
148,3,0,3
149,3,0,3
150,3,0,3
151,3,0,3
152,3,0,3
153,3,0,3
154,3,0,3
155,3,0,3
156,3,0,3
157,3,0,3
158,3,0,3
159,3,0,3
160,3,0,3
161,3,0,3
162,3,0,3
163,3,0,3
164,2,0,2
165,2,0,2
166,2,0,2
167,1,0,1
168,1,0,1
169,1,0,1
170,1,0,1
171,1,0,1
172,1,0,1
173,1,0,1
174,1,0,1
175,1,0,1
176,1,0,1
177,1,0,1
178,1,0,1
179,1,0,1
180,1,0,1
181,1,0,1
182,1,0,1
183,1,0,1
184,1,0,1
185,1,0,1
186,1,0,1
187,1,0,1
188,1,0,1
189,1,0,1
190,1,0,1
191,1,0,1
192,1,0,1
193,1,0,1
194,1,0,1
195,1,0,1
196,1,0,1
197,1,0,1
198,1,0,1
199,0,0,0
200,0,0,0
201,0,0,0
202,0,0,0
203,0,0,0
204,0,0,0
205,0,0,0
206,0,0,0
207,0,0,0
208,0,0,0
209,0,0,0
210,0,0,0
211,0,0,0
212,0,0,0
213,0,0,0
214,0,0,0
215,0,0,0
216,0,0,0
217,0,0,0
218,0,0,0
219,0,0,0
220,0,0,0
221,0,0,0
222,0,0,0
223,0,0,0
224,0,0,0
225,0,0,0
226,0,0,0
227,0,0,0
228,0,0,0
229,0,0,0
230,0,0,0
231,0,0,0
232,0,0,0
233,0,0,0
234,0,0,0
235,0,0,0
236,0,0,0
237,0,0,0
238,0,0,0
239,0,0,0
240,0,0,0
241,0,0,0
242,0,0,0
243,0,0,0
244,0,0,0
245,0,0,0
246,0,0,0
247,0,0,0
248,0,0,0
249,0,0,0
250,0,0,0
251,0,0,0
252,0,0,0
253,0,0,0
254,0,0,0
255,0,0,0
256,0,0,0
257,0,0,0
258,0,0,0
259,0,0,0
260,0,0,0
261,0,0,0
262,0,0,0
263,0,0,0
264,0,0,0
265,0,0,0
266,0,0,0
267,0,0,0
268,0,0,0
269,0,0,0
270,0,0,0
271,0,0,0
272,0,0,0
273,0,0,0
274,0,0,0
275,0,0,0
276,0,0,0
277,0,0,0
278,0,0,0
279,0,0,0
280,0,0,0
281,0,0,0
282,1,0,1
283,1,0,1
284,1,0,1
285,1,0,1
286,1,0,1
287,1,0,1
288,1,0,1
289,1,0,1
290,1,0,1
291,1,0,1
292,1,0,1
293,1,0,1
294,1,0,1
295,1,0,1
296,1,0,1
297,1,0,1
298,1,0,1
299,1,0,1
300,1,0,1
301,1,0,1
302,1,0,1
303,1,0,1
304,1,0,1
305,1,0,1
306,1,0,1
307,1,0,1
308,1,0,1
309,1,0,1
310,1,0,1
311,1,0,1
312,1,0,1
313,1,0,1
314,1,0,1
315,1,0,1
316,1,0,1
317,1,0,1
318,1,0,1
319,1,0,1
320,1,0,1
321,1,0,1
322,1,0,1
323,1,0,1
324,1,0,1
325,1,0,1
326,2,0,2
327,2,0,2
328,2,0,2
329,2,0,2
330,2,0,2
331,2,0,2
332,2,0,2
333,2,0,2
334,2,0,2
335,2,0,2
336,2,0,2
337,2,0,2
338,2,0,2
339,2,0,2
340,2,0,2
341,2,0,2
342,2,0,2
343,2,0,2
344,2,0,2
345,2,0,2
346,2,0,2
347,2,0,2
348,2,0,2
349,2,0,2
350,2,0,2
351,2,0,2
352,2,0,2
353,2,0,2
354,2,0,2
355,2,0,2
356,2,0,2
357,2,0,2
358,2,0,2
359,2,0,2
360,2,0,2
361,2,0,2
362,2,0,2
363,2,0,2
364,2,0,2
365,2,0,2
366,2,0,2
367,2,0,2
368,2,0,2
369,2,0,2
370,2,0,2
371,2,0,2
372,2,0,2
373,2,0,2
374,2,0,2
375,2,0,2
376,2,0,2
377,2,0,2
378,1,0,1
379,1,0,1
380,1,0,1
381,1,0,1
382,1,0,1
383,1,0,1
384,1,0,1
385,1,0,1
386,1,0,1
387,1,0,1
388,1,0,1
389,1,0,1
390,1,0,1
391,1,0,1
392,1,0,1
393,1,0,1
394,1,0,1
395,1,0,1
396,1,0,1
397,1,0,1
398,1,0,1
399,1,0,1
400,1,0,1
401,1,0,1
402,1,0,1
403,1,0,1
404,1,0,1
405,1,0,1
406,1,0,1
407,1,0,1
408,1,0,1
409,1,0,1
410,1,0,1
411,1,0,1
412,1,0,1
413,1,0,1
414,1,0,1
415,1,0,1
416,1,0,1
417,1,0,1
418,1,0,1
419,1,0,1
420,1,0,1
421,1,0,1
422,1,0,1
423,1,0,1
424,1,0,1
425,1,0,1
426,1,0,1
427,1,0,1
428,1,0,1
429,1,0,1
430,1,0,1
431,1,0,1
432,1,0,1
433,1,0,1
434,1,0,1
435,1,0,1
436,1,0,1
437,1,0,1
438,1,0,1
439,1,0,1
440,1,0,1
441,1,0,1
442,1,0,1
443,0,0,0
444,0,0,0
445,0,0,0
446,0,0,0
447,0,0,0
448,0,0,0
449,0,0,0
450,0,0,0
451,0,0,0
452,0,0,0
453,0,0,0
454,0,0,0
455,0,0,0
456,0,0,0
457,0,0,0
458,0,0,0
459,0,0,0
460,0,0,0
461,0,0,0
462,0,0,0
463,0,0,0
464,0,0,0
465,0,0,0
466,0,0,0
467,0,0,0
468,0,0,0
469,0,0,0
470,0,0,0
471,0,0,0
472,0,0,0
473,0,0,0
474,0,0,0
475,0,0,0
476,0,0,0
477,0,0,0
478,0,0,0
479,0,0,0
480,0,0,0
481,0,0,0
482,0,0,0
483,0,0,0
484,0,0,0
485,0,0,0
486,0,0,0
487,0,0,0
488,0,0,0
489,0,0,0
490,0,0,0
491,0,0,0
492,0,0,0
493,0,0,0
494,0,0,0
495,0,0,0
496,0,0,0
497,0,0,0
498,0,0,0
499,0,0,0
500,0,0,0
501,0,0,0
502,0,0,0
503,0,0,0
504,0,0,0
505,0,0,0
506,0,0,0
507,0,0,0
508,0,0,0
509,0,0,0
510,0,0,0
511,0,0,0
512,0,0,0
513,0,0,0
514,0,0,0
515,0,0,0
516,0,0,0
517,0,0,0
518,0,0,0
519,0,0,0
520,0,0,0
521,0,0,0
522,0,0,0
523,0,0,0
524,0,0,0
525,0,0,0
526,0,0,0
527,0,0,0
528,0,0,0
529,0,0,0
530,0,0,0
531,0,0,0
532,0,0,0
533,0,0,0
534,0,0,0
535,0,0,0
536,0,0,0
537,0,0,0
538,0,0,0
539,0,0,0
540,0,0,0
541,0,0,0
542,0,0,0
543,0,0,0
544,0,0,0
545,0,0,0
546,0,0,0
547,0,0,0
548,0,0,0
549,0,0,0
550,0,0,0
551,0,0,0
552,0,0,0
553,0,0,0
554,0,0,0
555,0,0,0
556,0,0,0
557,0,0,0
558,0,0,0
559,0,0,0
560,0,0,0
561,0,0,0
562,0,0,0
563,0,0,0
564,0,0,0
565,0,0,0
566,0,0,0
567,0,0,0
568,0,0,0
569,0,0,0
570,0,0,0
571,0,0,0
572,0,0,0
573,0,0,0
574,0,0,0
575,0,0,0
576,0,0,0
577,0,0,0
578,0,0,0
579,0,0,0
580,0,0,0
581,0,0,0
582,0,0,0
583,0,0,0
584,0,0,0
585,0,0,0
586,0,0,0
587,0,0,0
588,0,0,0
589,0,0,0
590,0,0,0
591,0,0,0
592,0,0,0
593,0,0,0
594,0,0,0
595,0,0,0
596,0,0,0
597,0,0,0
598,0,0,0
599,0,0,0
600,0,0,0
601,0,0,0
602,0,0,0
603,0,0,0
604,0,0,0
605,0,0,0
606,0,0,0
607,0,0,0
608,0,0,0
609,0,0,0
610,0,0,0
611,0,0,0
612,0,0,0
613,0,0,0
614,0,0,0
615,0,0,0
616,0,0,0
617,0,0,0
618,0,0,0
619,0,0,0
620,0,0,0
621,0,0,0
622,0,0,0
623,0,0,0
624,0,0,0
625,0,0,0
626,0,0,0
627,0,0,0
628,0,0,0
629,0,0,0
630,0,0,0
631,0,0,0
632,0,0,0
633,0,0,0
634,0,0,0
635,0,0,0
636,0,0,0
637,0,0,0
638,0,0,0
639,0,0,0
640,0,0,0
641,0,0,0
642,0,0,0
643,0,0,0
644,0,0,0
645,0,0,0
646,0,0,0
647,0,0,0
648,0,0,0
649,0,0,0
650,0,0,0
651,0,0,0
652,0,0,0
653,0,0,0
654,0,0,0
655,0,0,0
656,0,0,0
657,0,0,0
658,0,0,0
659,0,0,0
660,0,0,0
661,0,0,0
662,0,0,0
663,0,0,0
664,0,0,0
665,0,0,0
666,0,0,0
667,0,0,0
668,0,0,0
669,0,0,0
670,0,0,0
671,0,0,0
672,0,0,0
673,0,0,0
674,0,0,0
675,0,0,0
676,0,0,0
677,0,0,0
678,0,0,0
679,0,0,0
680,0,0,0
681,0,0,0
682,0,0,0
683,0,0,0
684,0,0,0
685,0,0,0
686,0,0,0
687,0,0,0
688,0,0,0
689,0,0,0
690,0,0,0
691,0,0,0
692,0,0,0
693,0,0,0
694,0,0,0
695,0,0,0
696,0,0,0
697,0,0,0
698,0,0,0
699,0,0,0
700,0,0,0
701,0,0,0
702,0,0,0
703,0,0,0
704,0,0,0
705,0,0,0
706,0,0,0
707,0,0,0
708,0,0,0
709,0,0,0
710,1,0,1
711,1,0,1
712,1,0,1
713,1,0,1
714,1,0,1
715,1,0,1
716,1,0,1
717,1,0,1
718,1,0,1
719,1,0,1
720,1,0,1
721,1,0,1
722,1,0,1
723,1,0,1
724,1,0,1
725,1,0,1
726,1,0,1
727,1,0,1
728,1,0,1
729,1,0,1
730,1,0,1
731,1,0,1
732,1,0,1
733,1,0,1
734,1,0,1
735,1,0,1
736,1,0,1
737,1,0,1
738,1,0,1
739,1,0,1
740,1,0,1
741,1,0,1
742,1,0,1
743,1,0,1
744,1,0,1
745,1,0,1
746,1,0,1
747,1,0,1
748,1,0,1
749,1,0,1
750,1,0,1
751,1,0,1
752,1,0,1
753,1,0,1
754,1,0,1
755,1,0,1
756,1,0,1
757,1,0,1
758,1,0,1
759,1,0,1
760,1,0,1
761,1,0,1
762,1,0,1
763,1,0,1
764,1,0,1
765,1,0,1
766,1,0,1
767,1,0,1
768,1,0,1
769,1,0,1
770,1,0,1
771,1,0,1
772,2,0,2
773,2,0,2
774,2,0,2
775,2,0,2
776,2,0,2
777,2,0,2
778,2,0,2
779,2,0,2
780,2,0,2
781,2,0,2
782,2,0,2
783,2,0,2
784,2,0,2
785,2,0,2
786,2,0,2
787,2,0,2
788,2,0,2
789,2,0,2
790,1,0,1
791,1,0,1
792,1,0,1
793,1,0,1
794,1,0,1
795,1,0,1
796,1,0,1
797,2,0,2
798,2,0,2
799,2,0,2
800,2,0,2
801,2,0,2
802,2,0,2
803,2,0,2
804,2,0,2
805,2,0,2
806,2,0,2
807,2,0,2
808,2,0,2
809,2,0,2
810,2,0,2
811,2,0,2
812,2,0,2
813,2,0,2
814,2,0,2
815,2,0,2
816,2,0,2
817,2,0,2
818,2,0,2
819,2,0,2
820,2,0,2
821,2,0,2
822,2,0,2
823,2,0,2
824,1,0,1
825,1,0,1
826,1,0,1
827,1,0,1
828,1,0,1
829,1,0,1
830,1,0,1
831,1,0,1
832,1,0,1
833,1,0,1
834,1,0,1
835,0,0,0
836,0,0,0
837,0,0,0
838,0,0,0
839,0,0,0
840,0,0,0
841,0,0,0
842,0,0,0
843,0,0,0
844,0,0,0
845,0,0,0
846,0,0,0
847,0,0,0
848,0,0,0
849,0,0,0
850,0,0,0
851,0,0,0
852,0,0,0
853,0,0,0
854,0,0,0
855,0,0,0
856,0,0,0
857,0,0,0
858,0,0,0
859,0,0,0
860,0,0,0
861,0,0,0
862,0,0,0
863,0,0,0
864,0,0,0
865,0,0,0
866,0,0,0
867,0,0,0
868,0,0,0
869,0,0,0
870,0,0,0
871,0,0,0
872,0,0,0
873,0,0,0
874,0,0,0
875,0,0,0
876,0,0,0
877,0,0,0
878,0,0,0
879,0,0,0
880,0,0,0
881,0,0,0
882,0,0,0
883,0,0,0
884,0,0,0
885,0,0,0
886,0,0,0
887,0,0,0
888,0,0,0
889,0,0,0
890,0,0,0
891,0,0,0
892,0,0,0
893,0,0,0
894,0,0,0
895,0,0,0
896,0,0,0
897,0,0,0
898,0,0,0
899,0,0,0
900,0,0,0
901,0,0,0
902,0,0,0
903,0,0,0
904,0,0,0
905,0,0,0
906,0,0,0
907,0,0,0
908,0,0,0
909,0,0,0
910,0,0,0
911,0,0,0
912,0,0,0
913,0,0,0
914,0,0,0
915,0,0,0
916,0,0,0
917,0,0,0
918,0,0,0
919,0,0,0
920,0,0,0
921,0,0,0
922,0,0,0
923,0,0,0
924,0,0,0
925,0,0,0
926,0,0,0
927,0,0,0
928,0,0,0
929,0,0,0
930,0,0,0
931,0,0,0
932,0,0,0
933,0,0,0
934,0,0,0
935,0,0,0
936,0,0,0
937,0,0,0
938,0,0,0
939,0,0,0
940,0,0,0
941,0,0,0
942,0,0,0
943,0,0,0
944,0,0,0
945,0,0,0
946,0,0,0
947,0,0,0
948,0,0,0
949,0,0,0
950,0,0,0
951,0,0,0
952,0,0,0
953,0,0,0
954,0,0,0
955,0,0,0
956,0,0,0
957,0,0,0
958,0,0,0
959,0,0,0
960,0,0,0
961,0,0,0
962,0,0,0
963,0,0,0
964,0,0,0
965,0,0,0
966,0,0,0
967,0,0,0
968,0,0,0
969,0,0,0
970,0,0,0
971,0,0,0
972,0,0,0
973,0,0,0
974,0,0,0
975,0,0,0
976,0,0,0
977,0,0,0
978,0,0,0
979,0,0,0
980,0,0,0
981,0,0,0
982,0,0,0
983,0,0,0
984,0,0,0
985,0,0,0
986,0,0,0
987,0,0,0
988,0,0,0
989,0,0,0
990,0,0,0
991,0,0,0
992,0,0,0
993,0,0,0
994,0,0,0
995,0,0,0
996,0,0,0
997,0,0,0
998,0,0,0
999,0,0,0
1000,0,0,0
1001,0,0,0
1002,0,0,0
1003,0,0,0
1004,0,0,0
1005,0,0,0
1006,0,0,0
1007,0,0,0
1008,0,0,0
1009,0,0,0
1010,0,0,0
1011,0,0,0
1012,0,0,0
1013,0,0,0
1014,0,0,0
1015,0,0,0
1016,0,0,0
1017,0,0,0
1018,0,0,0
1019,0,0,0
1020,0,0,0
1021,0,0,0
1022,0,0,0
1023,0,0,0
1024,0,0,0
1025,0,0,0
1026,0,0,0
1027,0,0,0
1028,0,0,0
1029,0,0,0
1030,0,0,0
1031,0,0,0
1032,0,0,0
1033,0,0,0
1034,0,0,0
1035,0,0,0
1036,0,0,0
1037,0,0,0
1038,0,0,0
1039,0,0,0
1040,0,0,0
1041,0,0,0
1042,0,0,0
1043,0,0,0
1044,0,0,0
1045,0,0,0
1046,0,0,0
1047,0,0,0
1048,0,0,0
1049,0,0,0
1050,0,0,0
1051,0,0,0
1052,0,0,0
1053,0,0,0
1054,0,0,0
1055,0,0,0
1056,0,0,0
1057,0,0,0
1058,0,0,0
1059,0,0,0
1060,0,0,0
1061,0,0,0
1062,0,0,0
1063,0,0,0
1064,0,0,0
1065,0,0,0
1066,0,0,0
1067,0,0,0
1068,0,0,0
1069,0,0,0
1070,0,0,0
1071,0,0,0
1072,0,0,0
1073,0,0,0
1074,0,0,0
1075,0,0,0
1076,0,0,0
1077,0,0,0
1078,0,0,0
1079,0,0,0
1080,0,0,0
1081,0,0,0
1082,0,0,0
1083,0,0,0
1084,0,0,0
1085,0,0,0
1086,0,0,0
1087,0,0,0
1088,0,0,0
1089,0,0,0
1090,0,0,0
1091,0,0,0
1092,0,0,0
1093,0,0,0
1094,0,0,0
1095,0,0,0
1096,0,0,0
1097,0,0,0
1098,0,0,0
1099,0,0,0
1100,0,0,0
1101,0,0,0
1102,0,0,0
1103,0,0,0
1104,0,0,0
1105,0,0,0
1106,0,0,0
1107,0,0,0
1108,0,0,0
1109,0,0,0
1110,0,0,0
1111,0,0,0
1112,0,0,0
1113,0,0,0
1114,0,0,0
1115,0,0,0
1116,0,0,0
1117,0,0,0
1118,0,0,0
1119,0,0,0
1120,0,0,0
1121,0,0,0
1122,0,0,0
1123,0,0,0
1124,0,0,0
1125,0,0,0
1126,0,0,0
1127,0,0,0
1128,0,0,0
1129,0,0,0
1130,0,0,0
1131,0,0,0
1132,0,0,0
1133,0,0,0
1134,0,0,0
1135,0,0,0
1136,0,0,0
1137,0,0,0
1138,0,0,0
1139,0,0,0
1140,0,0,0
1141,0,0,0
1142,0,0,0
1143,0,0,0
1144,0,0,0
1145,0,0,0
1146,0,0,0
1147,0,0,0
1148,0,0,0
1149,0,0,0
1150,0,0,0
1151,0,0,0
1152,0,0,0
1153,0,0,0
1154,0,0,0
1155,0,0,0
1156,0,0,0
1157,0,0,0
1158,0,0,0
1159,0,0,0
1160,0,0,0
1161,0,0,0
1162,0,0,0
1163,0,0,0
1164,0,0,0
1165,0,0,0
1166,0,0,0
1167,0,0,0
1168,0,0,0
1169,0,0,0
1170,0,0,0
1171,0,0,0
1172,0,0,0
1173,0,0,0
1174,0,0,0
1175,0,0,0
1176,0,0,0
1177,0,0,0
1178,0,0,0
1179,0,0,0
1180,0,0,0
1181,0,0,0
1182,0,0,0
1183,0,0,0
1184,0,0,0
1185,0,0,0
1186,0,0,0
1187,0,0,0
1188,0,0,0
1189,0,0,0
1190,0,0,0
1191,0,0,0
1192,0,0,0
1193,0,0,0
1194,0,0,0
1195,0,0,0
1196,0,0,0
1197,0,0,0
1198,0,0,0
1199,0,0,0
1200,0,0,0
1201,0,0,0
1202,0,0,0
1203,0,0,0
1204,0,0,0
1205,0,0,0
1206,0,0,0
1207,0,0,0
1208,0,0,0
1209,0,0,0
1210,0,0,0
1211,0,0,0
1212,0,0,0
1213,0,0,0
1214,0,0,0
1215,0,0,0
1216,0,0,0
1217,0,0,0
1218,0,0,0
1219,0,0,0
1220,0,0,0
1221,0,0,0
1222,0,0,0
1223,0,0,0
1224,0,0,0
1225,0,0,0
1226,0,0,0
1227,0,0,0
1228,0,0,0
1229,0,0,0
1230,0,0,0
1231,0,0,0
1232,0,0,0
1233,0,0,0
1234,0,0,0
1235,0,0,0
1236,0,0,0
1237,0,0,0
1238,0,0,0
1239,0,0,0
1240,0,0,0
1241,0,0,0
1242,0,0,0
1243,0,0,0
1244,0,0,0
1245,0,0,0
1246,0,0,0
1247,0,0,0
1248,0,0,0
1249,0,0,0
1250,0,0,0
1251,0,0,0
1252,0,0,0
1253,0,0,0
1254,0,0,0
1255,0,0,0
1256,0,0,0
1257,0,0,0
1258,0,0,0
1259,0,0,0
1260,0,0,0
1261,0,0,0
1262,1,0,1
1263,1,0,1
1264,1,0,1
1265,1,0,1
1266,1,0,1
1267,1,0,1
1268,1,0,1
1269,1,0,1
1270,1,0,1
1271,1,0,1
1272,1,0,1
1273,1,0,1
1274,1,0,1
1275,1,0,1
1276,1,0,1
1277,1,0,1
1278,1,0,1
1279,1,0,1
1280,1,0,1
1281,1,0,1
1282,1,0,1
1283,1,0,1
1284,1,0,1
1285,1,0,1
1286,1,0,1
1287,1,0,1
1288,1,0,1
1289,1,0,1
1290,1,0,1
1291,1,0,1
1292,1,0,1
1293,1,0,1
1294,1,0,1
1295,1,0,1
1296,1,0,1
1297,1,0,1
1298,2,0,2
1299,2,0,2
1300,2,0,2
1301,2,0,2
1302,2,0,2
1303,2,0,2
1304,2,0,2
1305,2,0,2
1306,2,0,2
1307,2,0,2
1308,2,0,2
1309,2,0,2
1310,2,0,2
1311,2,0,2
1312,2,0,2
1313,2,0,2
1314,1,0,1
1315,1,0,1
1316,1,0,1
1317,1,0,1
1318,1,0,1
1319,1,0,1
1320,1,0,1
1321,2,0,2
1322,2,0,2
1323,2,0,2
1324,2,0,2
1325,2,0,2
1326,2,0,2
1327,2,0,2
1328,2,0,2
1329,2,0,2
1330,2,0,2
1331,2,0,2
1332,2,0,2
1333,2,0,2
1334,2,0,2
1335,2,0,2
1336,2,0,2
1337,2,0,2
1338,2,0,2
1339,2,0,2
1340,2,0,2
1341,2,0,2
1342,2,0,2
1343,2,0,2
1344,2,0,2
1345,2,0,2
1346,2,0,2
1347,2,0,2
1348,2,0,2
1349,2,0,2
1350,2,0,2
1351,2,0,2
1352,2,0,2
1353,2,0,2
1354,2,0,2
1355,2,0,2
1356,2,0,2
1357,2,0,2
1358,2,0,2
1359,2,0,2
1360,2,0,2
1361,2,0,2
1362,2,0,2
1363,2,0,2
1364,2,0,2
1365,2,0,2
1366,1,0,1
1367,1,0,1
1368,1,0,1
1369,1,0,1
1370,1,0,1
1371,0,0,0
1372,1,0,1
1373,1,0,1
1374,1,0,1
1375,2,0,2
1376,2,0,2
1377,2,0,2
1378,2,0,2
1379,2,0,2
1380,2,0,2
1381,2,0,2
1382,2,0,2
1383,2,0,2
1384,2,0,2
1385,2,0,2
1386,2,0,2
1387,2,0,2
1388,2,0,2
1389,2,0,2
1390,2,0,2
1391,2,0,2
1392,2,0,2
1393,2,0,2
1394,2,0,2
1395,2,0,2
1396,2,0,2
1397,2,0,2
1398,2,0,2
1399,2,0,2
1400,2,0,2
1401,2,0,2
1402,2,0,2
1403,2,0,2
1404,2,0,2
1405,2,0,2
1406,2,0,2
1407,2,0,2
1408,2,0,2
1409,2,0,2
1410,2,0,2
1411,2,0,2
1412,2,0,2
1413,2,0,2
1414,2,0,2
1415,2,0,2
1416,2,0,2
1417,2,0,2
1418,2,0,2
1419,2,0,2
1420,2,0,2
1421,2,0,2
1422,2,0,2
1423,2,0,2
1424,2,0,2
1425,2,0,2
1426,2,0,2
1427,2,0,2
1428,2,0,2
1429,2,0,2
1430,2,0,2
1431,2,0,2
1432,2,0,2
1433,2,0,2
1434,2,0,2
1435,2,0,2
1436,2,0,2
1437,2,0,2
1438,2,0,2
1439,2,0,2
1440,2,0,2
1441,2,0,2
1442,2,0,2
1443,1,1,2
1444,1,1,2
1445,1,1,2
1446,1,1,2
1447,1,1,2
1448,1,1,2
1449,1,1,2
1450,1,1,2
1451,1,1,2
1452,1,1,2
1453,1,1,2
1454,1,1,2
1455,1,1,2
1456,1,1,2
1457,1,1,2
1458,1,1,2
1459,1,1,2
1460,1,1,2
1461,1,1,2
1462,1,1,2
1463,1,1,2
1464,1,1,2
1465,1,1,2
1466,1,1,2
1467,1,1,2
1468,1,1,2
1469,1,1,2
1470,3,0,3
1471,3,0,3
1472,3,0,3
1473,3,0,3
1474,3,0,3
1475,3,0,3
1476,3,0,3
1477,3,0,3
1478,3,0,3
1479,3,0,3
1480,3,0,3
1481,3,0,3
1482,3,0,3
1483,3,0,3
1484,3,0,3
1485,3,0,3
1486,3,0,3
1487,3,0,3
1488,3,0,3
1489,3,0,3
1490,3,0,3
1491,3,0,3
1492,3,0,3
1493,3,0,3
1494,3,0,3
1495,3,0,3
1496,3,0,3
1497,3,0,3
1498,3,0,3
1499,3,0,3
1500,3,0,3
1501,3,0,3
1502,3,0,3
1503,3,0,3
1504,3,0,3
1505,3,0,3
1506,3,0,3
1507,3,0,3
1508,2,0,2
1509,2,0,2
1510,2,0,2
1511,2,0,2
1512,2,0,2
1513,2,0,2
1514,2,0,2
1515,2,0,2
1516,2,0,2
1517,2,0,2
1518,2,0,2
1519,2,0,2
1520,2,0,2
1521,2,0,2
1522,2,0,2
1523,2,0,2
1524,2,0,2
1525,2,0,2
1526,2,0,2
1527,2,0,2
1528,2,0,2
1529,2,0,2
1530,2,0,2
1531,2,0,2
1532,2,0,2
1533,2,0,2
1534,2,0,2
1535,2,0,2
1536,2,0,2
1537,2,0,2
1538,2,0,2
1539,2,0,2
1540,2,0,2
1541,2,0,2
1542,2,0,2
1543,2,0,2
1544,2,0,2
1545,2,0,2
1546,2,0,2
1547,2,0,2
1548,2,0,2
1549,2,0,2
1550,2,0,2
1551,2,0,2
1552,2,0,2
1553,2,0,2
1554,2,0,2
1555,2,0,2
1556,2,0,2
1557,2,0,2
1558,2,0,2
1559,2,0,2
1560,2,0,2
1561,2,0,2
1562,2,0,2
1563,2,0,2
1564,2,0,2
1565,2,0,2
1566,2,0,2
1567,2,0,2
1568,2,0,2
1569,2,0,2
1570,2,0,2
1571,2,0,2
1572,2,0,2
1573,2,0,2
1574,2,0,2
1575,2,0,2
1576,2,0,2
1577,2,0,2
1578,2,0,2
1579,2,0,2
1580,2,0,2
1581,2,0,2
1582,2,0,2
1583,2,0,2
1584,2,0,2
1585,2,0,2
1586,2,0,2
1587,2,0,2
1588,2,0,2
1589,2,0,2
1590,2,0,2
1591,2,0,2
1592,2,0,2
1593,2,0,2
1594,2,0,2
1595,2,0,2
1596,2,0,2
1597,2,0,2
1598,2,0,2
1599,2,0,2
1600,2,0,2
1601,2,0,2
1602,2,0,2
1603,2,0,2
1604,2,0,2
1605,2,0,2
1606,2,0,2
1607,2,0,2
1608,2,0,2
1609,2,0,2
1610,2,0,2
1611,2,0,2
1612,2,0,2
1613,2,0,2
1614,2,0,2
1615,2,0,2
1616,2,0,2
1617,2,0,2
1618,2,0,2
1619,2,0,2
1620,2,0,2
1621,2,0,2
1622,2,0,2
1623,2,0,2
1624,2,0,2
1625,2,0,2
1626,2,0,2
1627,2,0,2
1628,2,0,2
1629,2,0,2
1630,2,0,2
1631,2,0,2
1632,2,0,2
1633,2,0,2
1634,2,0,2
1635,2,0,2
1636,2,0,2
1637,1,0,1
1638,1,0,1
1639,1,0,1
1640,1,0,1
1641,1,0,1
1642,1,0,1
1643,1,0,1
1644,1,0,1
1645,1,0,1
1646,1,0,1
1647,1,0,1
1648,1,0,1
1649,1,0,1
1650,1,0,1
1651,1,0,1
1652,1,0,1
1653,1,0,1
1654,1,0,1
1655,1,0,1
1656,1,0,1
1657,1,0,1
1658,1,0,1
1659,1,0,1
1660,1,0,1
1661,1,0,1
1662,1,0,1
1663,1,0,1
1664,1,0,1
1665,1,0,1
1666,1,0,1
1667,1,0,1
1668,1,0,1
1669,1,0,1
1670,1,0,1
1671,1,0,1
1672,1,0,1
1673,1,0,1
1674,1,0,1
1675,1,0,1
1676,1,0,1
1677,1,0,1
1678,1,0,1
1679,1,0,1
1680,1,0,1
1681,1,0,1
1682,1,0,1
1683,1,0,1
1684,1,0,1
1685,1,0,1
1686,1,0,1
1687,1,0,1
1688,1,0,1
1689,1,0,1
1690,1,0,1
1691,1,0,1
1692,1,0,1
1693,1,0,1
1694,1,0,1
1695,1,0,1
1696,1,0,1
1697,1,0,1
1698,1,0,1
1699,1,0,1
1700,1,0,1
1701,1,0,1
1702,1,0,1
1703,1,0,1
1704,1,0,1
1705,1,0,1
1706,1,0,1
1707,1,0,1
1708,1,0,1
1709,1,0,1
1710,1,0,1
1711,1,0,1
1712,1,0,1
1713,1,0,1
1714,1,0,1
1715,1,0,1
1716,1,0,1
1717,1,0,1
1718,1,0,1
1719,0,0,0
1720,0,0,0
1721,0,0,0
1722,0,0,0
1723,0,0,0
1724,0,0,0
1725,0,0,0
1726,0,0,0
1727,0,0,0
1728,0,0,0
1729,0,0,0
1730,0,0,0
1731,0,0,0
1732,0,0,0
1733,0,0,0
1734,0,0,0
1735,0,0,0
1736,0,0,0
1737,0,0,0
1738,0,0,0
1739,0,0,0
1740,0,0,0
1741,0,0,0
1742,0,0,0
1743,0,0,0
1744,0,0,0
1745,0,0,0
1746,0,0,0
1747,0,0,0
1748,0,0,0
1749,0,0,0
1750,0,0,0
1751,0,0,0
1752,0,0,0
1753,0,0,0
1754,0,0,0
1755,0,0,0
1756,0,0,0
1757,0,0,0
1758,0,0,0
1759,0,0,0
1760,0,0,0
1761,0,0,0
1762,0,0,0
1763,0,0,0
1764,0,0,0
1765,0,0,0
1766,0,0,0
1767,0,0,0
1768,0,0,0
1769,0,0,0
1770,0,0,0
1771,0,0,0
1772,0,0,0
1773,0,0,0
1774,0,0,0
1775,0,0,0
1776,0,0,0
1777,0,0,0
1778,0,0,0
1779,0,0,0
1780,0,0,0
1781,0,0,0
1782,0,0,0
1783,0,0,0
1784,0,0,0
1785,0,0,0
1786,0,0,0
1787,0,0,0
1788,0,0,0
1789,0,0,0
1790,0,0,0
1791,0,0,0
1792,0,0,0
1793,0,0,0
1794,0,0,0
1795,0,0,0
1796,0,0,0
1797,0,0,0
1798,0,0,0
1799,0,0,0
1800,0,0,0
1801,0,0,0
1802,0,0,0
1803,0,0,0
1804,0,0,0
1805,0,0,0
1806,0,0,0
1807,0,0,0
1808,0,0,0
1809,0,0,0
1810,0,0,0
1811,0,0,0
1812,0,0,0
1813,0,0,0
1814,0,0,0
1815,0,0,0
1816,0,0,0
1817,0,0,0
1818,0,0,0
1819,0,0,0
1820,0,0,0
1821,0,0,0
1822,0,0,0
1823,0,0,0
1824,0,0,0
1825,0,0,0
1826,0,0,0
1827,0,0,0
1828,0,0,0
1829,0,0,0
1830,0,0,0
1831,0,0,0
1832,0,0,0
1833,0,0,0
1834,0,0,0
1835,0,0,0
1836,0,0,0
1837,0,0,0
1838,0,0,0
1839,0,0,0
1840,0,0,0
1841,0,0,0
1842,0,0,0
1843,0,0,0
1844,0,0,0
1845,0,0,0
1846,0,0,0
1847,0,0,0
1848,0,0,0
1849,0,0,0
1850,0,0,0
1851,0,0,0
1852,0,0,0
1853,0,0,0
1854,0,0,0
1855,0,0,0
1856,0,0,0
1857,0,0,0
1858,0,0,0
1859,0,0,0
1860,0,0,0
1861,0,0,0
1862,0,0,0
1863,0,0,0
1864,0,0,0
1865,0,0,0
1866,0,0,0
1867,0,0,0
1868,0,0,0
1869,0,0,0
1870,0,0,0
1871,0,0,0
1872,0,0,0
1873,0,0,0
1874,0,0,0
1875,1,0,1
1876,1,0,1
1877,1,0,1
1878,1,0,1
1879,1,0,1
1880,1,0,1
1881,1,0,1
1882,1,0,1
1883,1,0,1
1884,1,0,1
1885,1,0,1
1886,1,0,1
1887,1,0,1
1888,2,0,2
1889,2,0,2
1890,2,0,2
1891,2,0,2
1892,2,0,2
1893,2,0,2
1894,2,0,2
1895,2,0,2
1896,2,0,2
1897,2,0,2
1898,2,0,2
1899,2,0,2
1900,2,0,2
1901,2,0,2
1902,2,0,2
1903,2,0,2
1904,2,0,2
1905,2,0,2
1906,2,0,2
1907,2,0,2
1908,2,0,2
1909,2,0,2
1910,2,0,2
1911,2,0,2
1912,2,0,2
1913,2,0,2
1914,2,0,2
1915,2,0,2
1916,2,0,2
1917,2,0,2
1918,2,0,2
1919,2,0,2
1920,2,0,2
1921,2,0,2
1922,2,0,2
1923,2,0,2
1924,2,0,2
1925,2,0,2
1926,2,0,2
1927,2,0,2
1928,2,0,2
1929,2,0,2
1930,2,0,2
1931,2,0,2
1932,2,0,2
1933,2,0,2
1934,2,0,2
1935,2,0,2
1936,2,0,2
1937,2,0,2
1938,3,0,3
1939,3,0,3
1940,3,0,3
1941,3,0,3
1942,3,0,3
1943,3,0,3
1944,3,0,3
1945,3,0,3
1946,3,0,3
1947,3,0,3
1948,3,0,3
1949,3,0,3
1950,3,0,3
1951,2,0,2
1952,2,0,2
1953,2,0,2
1954,2,0,2
1955,2,0,2
1956,2,0,2
1957,2,0,2
1958,2,0,2
1959,2,0,2
1960,2,0,2
1961,2,0,2
1962,2,0,2
1963,2,0,2
1964,2,0,2
1965,2,0,2
1966,2,0,2
1967,2,0,2
1968,2,0,2
1969,2,0,2
1970,2,0,2
1971,2,0,2
1972,2,0,2
1973,2,0,2
1974,2,0,2
1975,2,0,2
1976,2,0,2
1977,2,0,2
1978,2,0,2
1979,2,0,2
1980,2,0,2
1981,2,0,2
1982,2,0,2
1983,2,0,2
1984,2,0,2
1985,2,0,2
1986,2,0,2
1987,2,0,2
1988,2,0,2
1989,2,0,2
1990,2,0,2
1991,2,0,2
1992,2,0,2
1993,2,0,2
1994,2,0,2
1995,2,0,2
1996,2,0,2
1997,2,0,2
1998,2,0,2
1999,2,0,2
2000,2,0,2
2001,2,0,2
2002,2,0,2
2003,2,0,2
2004,2,0,2
2005,2,0,2
2006,2,0,2
2007,2,0,2
2008,2,0,2
2009,2,0,2
2010,2,0,2
2011,2,0,2
2012,2,0,2
2013,2,0,2
2014,2,0,2
2015,2,0,2
2016,2,0,2
2017,2,0,2
2018,2,0,2
2019,2,0,2
2020,2,0,2
2021,2,0,2
2022,2,0,2
2023,2,0,2
2024,2,0,2
2025,2,0,2
2026,2,0,2
2027,2,0,2
2028,2,0,2
2029,2,0,2
2030,2,0,2
2031,2,0,2
2032,2,0,2
2033,2,0,2
2034,2,0,2
2035,2,0,2
2036,2,0,2
2037,2,0,2
2038,2,0,2
2039,2,0,2
2040,2,0,2
2041,2,0,2
2042,2,0,2
2043,2,0,2
2044,2,0,2
2045,2,0,2
2046,2,0,2
2047,2,0,2
2048,2,0,2
2049,2,0,2
2050,2,0,2
2051,2,0,2
2052,2,0,2
2053,2,0,2
2054,2,0,2
2055,2,0,2
2056,2,0,2
2057,2,0,2
2058,2,0,2
2059,2,0,2
2060,2,0,2
2061,2,0,2
2062,2,0,2
2063,2,0,2
2064,2,0,2
2065,2,0,2
2066,2,0,2
2067,2,0,2
2068,2,0,2
2069,2,0,2
2070,2,0,2
2071,2,0,2
2072,2,0,2
2073,2,0,2
2074,2,0,2
2075,2,0,2
2076,2,0,2
2077,2,0,2
2078,2,0,2
2079,2,0,2
2080,2,0,2
2081,2,0,2
2082,2,0,2
2083,2,0,2
2084,2,0,2
2085,2,0,2
2086,2,0,2
2087,2,0,2
2088,2,0,2
2089,2,0,2
2090,2,0,2
2091,2,0,2
2092,2,0,2
2093,2,0,2
2094,2,0,2
2095,2,0,2
2096,2,0,2
2097,2,0,2
2098,2,0,2
2099,2,0,2
2100,2,0,2
2101,2,0,2
2102,2,0,2
2103,2,0,2
2104,2,0,2
2105,2,0,2
2106,2,0,2
2107,2,0,2
2108,2,0,2
2109,2,0,2
2110,2,0,2
2111,2,0,2
2112,2,0,2
2113,2,0,2
2114,2,0,2
2115,2,0,2
2116,2,0,2
2117,2,0,2
2118,2,0,2
2119,2,0,2
2120,2,0,2
2121,2,0,2
2122,2,0,2
2123,2,0,2
2124,2,0,2
2125,2,0,2
2126,2,0,2
2127,2,0,2
2128,2,0,2
2129,2,0,2
2130,2,0,2
2131,2,0,2
2132,2,0,2
2133,2,0,2
2134,2,0,2
2135,2,0,2
2136,2,0,2
2137,2,0,2
2138,2,0,2
2139,2,0,2
2140,2,0,2
2141,2,0,2
2142,2,0,2
2143,2,0,2
2144,2,0,2
2145,2,0,2
2146,2,0,2
2147,2,0,2
2148,2,0,2
2149,2,0,2
2150,2,0,2
2151,2,0,2
2152,2,0,2
2153,2,0,2
2154,2,0,2
2155,2,0,2
2156,2,0,2
2157,2,0,2
2158,2,0,2
2159,2,0,2
2160,2,0,2
2161,2,0,2
2162,2,0,2
2163,2,0,2
2164,2,0,2
2165,2,0,2
2166,2,0,2
2167,2,0,2
2168,2,0,2
2169,2,0,2
2170,2,0,2
2171,2,0,2
2172,2,0,2
2173,2,0,2
2174,2,0,2
2175,2,0,2
2176,2,0,2
2177,2,0,2
2178,2,0,2
2179,2,0,2
2180,3,0,3
2181,3,0,3
2182,3,0,3
2183,3,0,3
2184,3,0,3
2185,3,0,3
2186,3,0,3
2187,3,0,3
2188,3,0,3
2189,3,0,3
2190,3,0,3
2191,3,0,3
2192,3,0,3
2193,3,0,3
2194,3,0,3
2195,3,0,3
2196,3,0,3
2197,3,0,3
2198,3,0,3
2199,3,0,3
2200,3,0,3
2201,3,0,3
2202,3,0,3
2203,3,0,3
2204,3,0,3
2205,3,0,3
2206,3,0,3
2207,3,0,3
2208,3,0,3
2209,3,0,3
2210,3,0,3
2211,3,0,3
2212,3,0,3
2213,3,0,3
2214,3,0,3
2215,3,0,3
2216,3,0,3
2217,3,0,3
2218,3,0,3
2219,3,0,3
2220,3,0,3
2221,3,0,3
2222,3,0,3
2223,3,0,3
2224,3,0,3
2225,3,0,3
2226,3,0,3
2227,3,0,3
2228,3,0,3
2229,3,0,3
2230,3,0,3
2231,3,0,3
2232,3,0,3
2233,3,0,3
2234,3,0,3
2235,3,0,3
2236,3,0,3
2237,3,0,3
2238,3,0,3
2239,3,0,3
2240,3,0,3
2241,3,0,3
2242,3,0,3
2243,3,0,3
2244,3,0,3
2245,3,0,3
2246,3,0,3
2247,3,0,3
2248,3,0,3
2249,3,0,3
2250,3,0,3
2251,3,0,3
2252,3,0,3
2253,3,0,3
2254,3,0,3
2255,3,0,3
2256,3,0,3
2257,3,0,3
2258,3,0,3
2259,3,0,3
2260,3,0,3
2261,3,0,3
2262,4,0,4
2263,4,0,4
2264,4,0,4
2265,4,0,4
2266,4,0,4
2267,4,0,4
2268,4,0,4
2269,4,0,4
2270,4,0,4
2271,4,0,4
2272,4,0,4
2273,4,0,4
2274,4,0,4
2275,4,0,4
2276,4,0,4
2277,4,0,4
2278,5,0,5
2279,5,0,5
2280,5,0,5
2281,5,0,5
2282,5,0,5
2283,5,0,5
2284,5,0,5
2285,5,0,5
2286,5,0,5
2287,5,0,5
2288,5,0,5
2289,5,0,5
2290,5,0,5
2291,5,0,5
2292,5,0,5
2293,5,0,5
2294,5,0,5
2295,5,0,5
2296,4,0,4
2297,4,0,4
2298,4,0,4
2299,4,0,4
2300,4,0,4
2301,4,0,4
2302,4,0,4
2303,4,0,4
2304,3,0,3
2305,3,0,3
2306,3,0,3
2307,3,0,3
2308,3,0,3
2309,3,0,3
2310,3,0,3
2311,3,0,3
2312,3,0,3
2313,3,0,3
2314,3,0,3
2315,3,0,3
2316,3,0,3
2317,3,0,3
2318,3,0,3
2319,3,0,3
2320,3,0,3
2321,3,0,3
2322,3,0,3
2323,3,0,3
2324,3,0,3
2325,3,0,3
2326,3,0,3
2327,3,0,3
2328,3,0,3
2329,3,0,3
2330,3,0,3
2331,3,0,3
2332,3,0,3
2333,3,0,3
2334,3,0,3
2335,3,0,3
2336,2,0,2
2337,3,0,3
2338,3,0,3
2339,3,0,3
2340,3,0,3
2341,3,0,3
2342,3,0,3
2343,3,0,3
2344,3,0,3
2345,3,0,3
2346,3,0,3
2347,3,0,3
2348,3,0,3
2349,3,0,3
2350,3,0,3
2351,3,0,3
2352,3,0,3
2353,3,0,3
2354,3,0,3
2355,3,0,3
2356,4,0,4
2357,5,0,5
2358,5,0,5
2359,5,0,5
2360,5,0,5
2361,5,0,5
2362,5,0,5
2363,5,0,5
2364,5,0,5
2365,5,0,5
2366,5,0,5
2367,5,0,5
2368,5,0,5
2369,4,0,4
2370,4,0,4
2371,4,0,4
2372,4,0,4
2373,4,0,4
2374,4,0,4
2375,4,0,4
2376,4,0,4
2377,4,0,4
2378,4,0,4
2379,4,0,4
2380,4,0,4
2381,4,0,4
2382,4,0,4
2383,4,0,4
2384,4,0,4
2385,4,0,4
2386,4,0,4
2387,4,0,4
2388,5,0,5
2389,5,0,5
2390,5,0,5
2391,5,0,5
2392,5,0,5
2393,5,0,5
2394,5,0,5
2395,5,0,5
2396,5,0,5
2397,5,0,5
2398,5,0,5
2399,5,0,5
2400,5,0,5
2401,5,0,5
2402,5,0,5
2403,5,0,5
2404,5,0,5
2405,5,0,5
2406,5,0,5
2407,5,0,5
2408,5,0,5
2409,5,0,5
2410,5,0,5
2411,5,0,5
2412,5,0,5
2413,5,0,5
2414,5,0,5
2415,5,0,5
2416,5,0,5
2417,5,0,5
2418,5,0,5
2419,5,0,5
2420,5,0,5
2421,6,0,6
2422,6,0,6
2423,6,0,6
2424,6,0,6
2425,6,0,6
2426,6,0,6
2427,6,0,6
2428,6,0,6
2429,6,0,6
2430,6,0,6
2431,6,0,6
2432,6,0,6
2433,6,0,6
2434,6,0,6
2435,6,0,6
2436,6,0,6
2437,6,0,6
2438,6,0,6
2439,6,0,6
2440,7,0,7
2441,7,0,7
2442,7,0,7
2443,7,0,7
2444,7,0,7
2445,7,0,7
2446,7,0,7
2447,7,0,7
2448,7,0,7
2449,7,0,7
2450,7,0,7
2451,7,0,7
2452,7,0,7
2453,7,0,7
2454,7,0,7
2455,7,0,7
2456,7,0,7
2457,6,0,6
2458,6,0,6
2459,6,0,6
2460,6,0,6
2461,6,0,6
2462,6,0,6
2463,5,0,5
2464,5,0,5
2465,5,0,5
2466,5,0,5
2467,5,0,5
2468,5,0,5
2469,5,0,5
2470,5,0,5
2471,5,0,5
2472,6,0,6
2473,6,0,6
2474,6,0,6
2475,6,0,6
2476,6,0,6
2477,6,0,6
2478,6,0,6
2479,6,0,6
2480,6,0,6
2481,6,0,6
2482,6,0,6
2483,6,0,6
2484,6,0,6
2485,6,0,6
2486,6,0,6
2487,6,0,6
2488,6,0,6
2489,6,0,6
2490,6,0,6
2491,6,0,6
2492,6,0,6
2493,6,0,6
2494,6,0,6
2495,6,0,6
2496,6,0,6
2497,6,0,6
2498,6,0,6
2499,6,0,6
2500,6,0,6
2501,6,0,6
2502,6,0,6
2503,6,0,6
2504,6,0,6
2505,6,0,6
2506,6,0,6
2507,6,0,6
2508,6,0,6
2509,6,0,6
2510,6,0,6
2511,6,0,6
2512,6,0,6
2513,6,0,6
2514,6,0,6
2515,6,0,6
2516,6,0,6
2517,6,0,6
2518,7,0,7
2519,7,0,7
2520,7,0,7
2521,7,0,7
2522,7,0,7
2523,7,0,7
2524,7,0,7
2525,7,0,7
2526,7,0,7
2527,7,0,7
2528,7,0,7
2529,7,0,7
2530,7,0,7
2531,7,0,7
2532,7,0,7
2533,7,0,7
2534,7,0,7
2535,7,0,7
2536,7,0,7
2537,7,0,7
2538,7,0,7
2539,7,0,7
2540,7,0,7
2541,7,0,7
2542,7,0,7
2543,7,0,7
2544,7,0,7
2545,7,0,7
2546,7,0,7
2547,7,0,7
2548,7,0,7
2549,7,0,7
2550,7,0,7
2551,7,0,7
2552,7,0,7
2553,7,0,7
2554,7,0,7
2555,6,0,6
2556,6,0,6
2557,6,0,6
2558,6,0,6
2559,6,0,6
2560,6,0,6
2561,6,0,6
2562,6,0,6
2563,6,0,6
2564,6,0,6
2565,6,0,6
2566,6,0,6
2567,6,0,6
2568,6,0,6
2569,6,0,6
2570,6,0,6
2571,6,0,6
2572,6,0,6
2573,6,0,6
2574,6,0,6
2575,6,0,6
2576,6,0,6
2577,6,0,6
2578,6,0,6
2579,5,0,5
2580,5,0,5
2581,5,0,5
2582,6,0,6
2583,7,0,7
2584,7,0,7
2585,7,0,7
2586,7,0,7
2587,7,0,7
2588,7,0,7
2589,7,0,7
2590,7,0,7
2591,7,0,7
2592,7,0,7
2593,7,0,7
2594,6,0,6
2595,6,0,6
2596,6,0,6
2597,6,0,6
2598,6,0,6
2599,6,0,6
2600,6,0,6
2601,6,0,6
2602,6,0,6
2603,6,0,6
2604,6,0,6
2605,7,0,7
2606,8,0,8
2607,8,0,8
2608,8,0,8
2609,8,0,8
2610,8,0,8
2611,8,0,8
2612,8,0,8
2613,8,0,8
2614,8,0,8
2615,8,0,8
2616,8,0,8
2617,8,0,8
2618,8,0,8
2619,7,0,7
2620,7,0,7
2621,7,0,7
2622,7,0,7
2623,7,0,7
2624,7,0,7
2625,8,0,8
2626,8,0,8
2627,8,0,8
2628,8,0,8
2629,8,0,8
2630,8,0,8
2631,8,0,8
2632,8,0,8
2633,8,0,8
2634,8,0,8
2635,8,0,8
2636,8,0,8
2637,8,0,8
2638,8,0,8
2639,8,0,8
2640,8,0,8
2641,8,0,8
2642,8,0,8
2643,8,0,8
2644,8,0,8
2645,8,0,8
2646,8,0,8
2647,8,0,8
2648,8,0,8
2649,8,0,8
2650,7,0,7
2651,7,0,7
2652,7,0,7
2653,7,0,7
2654,7,0,7
2655,7,0,7
2656,6,0,6
2657,6,0,6
2658,6,0,6
2659,6,0,6
2660,6,0,6
2661,6,0,6
2662,6,0,6
2663,6,0,6
2664,6,0,6
2665,6,0,6
2666,6,0,6
2667,6,0,6
2668,6,0,6
2669,6,0,6
2670,6,0,6
2671,6,0,6
2672,6,0,6
2673,6,0,6
2674,6,0,6
2675,7,0,7
2676,7,0,7
2677,7,0,7
2678,7,0,7
2679,7,0,7
2680,7,0,7
2681,7,0,7
2682,7,0,7
2683,7,0,7
2684,7,0,7
2685,7,0,7
2686,7,0,7
2687,7,0,7
2688,7,0,7
2689,7,0,7
2690,7,0,7
2691,7,0,7
2692,6,0,6
2693,6,0,6
2694,6,0,6
2695,6,0,6
2696,6,0,6
2697,6,0,6
2698,6,0,6
2699,6,0,6
2700,6,0,6
2701,6,0,6
2702,6,0,6
2703,6,0,6
2704,5,0,5
2705,5,0,5
2706,5,0,5
2707,5,0,5
2708,5,0,5
2709,5,0,5
2710,5,0,5
2711,5,0,5
2712,6,0,6
2713,6,0,6
2714,6,0,6
2715,6,0,6
2716,6,0,6
2717,6,0,6
2718,6,0,6
2719,6,0,6
2720,6,0,6
2721,6,0,6
2722,6,0,6
2723,6,0,6
2724,6,0,6
2725,6,0,6
2726,6,0,6
2727,8,0,8
2728,8,0,8
2729,8,0,8
2730,8,0,8
2731,8,0,8
2732,8,0,8
2733,8,0,8
2734,8,0,8
2735,8,0,8
2736,9,0,9
2737,9,0,9
2738,9,0,9
2739,9,0,9
2740,9,0,9
2741,9,0,9
2742,9,0,9
2743,9,0,9
2744,9,0,9
2745,9,0,9
2746,9,0,9
2747,9,0,9
2748,8,0,8
2749,8,0,8
2750,8,0,8
2751,7,0,7
2752,7,0,7
2753,7,0,7
2754,7,0,7
2755,7,0,7
2756,7,0,7
2757,7,0,7
2758,7,0,7
2759,6,0,6
2760,6,0,6
2761,6,0,6
2762,6,0,6
2763,6,0,6
2764,6,0,6
2765,6,0,6
2766,6,0,6
2767,6,0,6
2768,6,0,6
2769,6,0,6
2770,6,0,6
2771,6,0,6
2772,6,0,6
2773,6,0,6
2774,6,0,6
2775,6,0,6
2776,6,0,6
2777,6,0,6
2778,6,0,6
2779,6,0,6
2780,6,0,6
2781,6,0,6
2782,6,0,6
2783,6,0,6
2784,7,0,7
2785,7,0,7
2786,7,0,7
2787,7,0,7
2788,7,0,7
2789,7,0,7
2790,7,0,7
2791,7,0,7
2792,6,0,6
2793,6,0,6
2794,6,0,6
2795,6,0,6
2796,6,0,6
2797,6,0,6
2798,6,0,6
2799,6,0,6
2800,6,0,6
2801,6,0,6
2802,7,0,7
2803,7,0,7
2804,7,0,7
2805,7,0,7
2806,7,0,7
2807,7,0,7
2808,7,0,7
2809,7,0,7
2810,7,0,7
2811,7,0,7
2812,7,0,7
2813,7,0,7
2814,7,0,7
2815,7,0,7
2816,7,0,7
2817,7,0,7
2818,7,0,7
2819,7,0,7
2820,7,0,7
2821,7,0,7
2822,7,0,7
2823,7,0,7
2824,8,0,8
2825,8,0,8
2826,8,0,8
2827,8,0,8
2828,8,0,8
2829,8,0,8
2830,8,0,8
2831,8,0,8
2832,8,0,8
2833,8,0,8
2834,7,0,7
2835,7,0,7
2836,7,0,7
2837,7,0,7
2838,7,0,7
2839,7,0,7
2840,7,0,7
2841,7,0,7
2842,8,0,8
2843,8,0,8
2844,8,0,8
2845,8,0,8
2846,8,0,8
2847,8,0,8
2848,8,0,8
2849,8,0,8
2850,7,0,7
2851,7,0,7
2852,7,0,7
2853,7,0,7
2854,7,0,7
2855,7,0,7
2856,7,0,7
2857,7,0,7
2858,7,0,7
2859,7,0,7
2860,7,0,7
2861,7,0,7
2862,7,0,7
2863,7,0,7
2864,7,0,7
2865,7,0,7
2866,7,0,7
2867,7,0,7
2868,7,0,7
2869,7,0,7
2870,7,0,7
2871,7,0,7
2872,6,0,6
2873,6,0,6
2874,6,0,6
2875,7,0,7
2876,8,0,8
2877,8,0,8
2878,8,0,8
2879,8,0,8
2880,8,0,8
2881,8,0,8
2882,8,0,8
2883,8,0,8
2884,8,0,8
2885,8,0,8
2886,8,0,8
2887,8,0,8
2888,8,0,8
2889,8,0,8
2890,8,0,8
2891,8,0,8
2892,8,0,8
2893,8,0,8
2894,8,0,8
2895,8,0,8
2896,8,0,8
2897,8,0,8
2898,8,0,8
2899,8,0,8
2900,9,0,9
2901,9,0,9
2902,9,0,9
2903,9,0,9
2904,9,0,9
2905,9,0,9
2906,9,0,9
2907,9,0,9
2908,9,0,9
2909,9,0,9
2910,9,0,9
2911,9,0,9
2912,9,0,9
2913,8,0,8
2914,8,0,8
2915,8,0,8
2916,8,0,8
2917,8,0,8
2918,8,0,8
2919,8,0,8
2920,8,0,8
2921,8,0,8
2922,8,0,8
2923,8,0,8
2924,8,0,8
2925,8,0,8
2926,8,0,8
2927,8,0,8
2928,8,0,8
2929,8,0,8
2930,8,0,8
2931,8,0,8
2932,8,0,8
2933,8,0,8
2934,8,0,8
2935,8,0,8
2936,8,0,8
2937,8,0,8
2938,7,0,7
2939,7,0,7
2940,7,0,7
2941,7,0,7
2942,7,0,7
2943,7,0,7
2944,7,0,7
2945,7,0,7
2946,7,0,7
2947,7,0,7
2948,7,0,7
2949,6,0,6
2950,6,0,6
2951,6,0,6
2952,5,1,6
2953,5,1,6
2954,5,1,6
2955,5,1,6
2956,5,1,6
2957,5,1,6
2958,5,1,6
2959,5,1,6
2960,5,1,6
2961,5,1,6
2962,5,1,6
2963,5,1,6
2964,5,1,6
2965,5,1,6
2966,5,1,6
2967,5,1,6
2968,5,1,6
2969,5,1,6
2970,6,0,6
2971,6,0,6
2972,6,0,6
2973,6,0,6
2974,6,0,6
2975,5,0,5
2976,5,0,5
2977,4,0,4
2978,4,0,4
2979,4,0,4
2980,4,0,4
2981,4,0,4
2982,4,0,4
2983,4,0,4
2984,4,0,4
2985,4,0,4
2986,5,0,5
2987,5,0,5
2988,5,0,5
2989,5,0,5
2990,5,0,5
2991,5,0,5
2992,5,0,5
2993,5,0,5
2994,5,0,5
2995,5,0,5
2996,5,0,5
2997,5,0,5
2998,5,0,5
2999,5,0,5
3000,5,0,5
3001,5,0,5
3002,5,0,5
3003,5,0,5
3004,5,0,5
3005,5,0,5
3006,5,0,5
3007,5,0,5
3008,5,0,5
3009,5,0,5
3010,5,0,5
3011,5,0,5
3012,5,0,5
3013,5,0,5
3014,5,0,5
3015,5,0,5
3016,5,0,5
3017,5,0,5
3018,5,0,5
3019,5,0,5
3020,4,0,4
3021,4,0,4
3022,4,0,4
3023,4,0,4
3024,4,0,4
3025,4,0,4
3026,4,0,4
3027,4,0,4
3028,4,0,4
3029,4,0,4
3030,4,0,4
3031,4,0,4
3032,4,0,4
3033,4,0,4
3034,4,0,4
3035,4,0,4
3036,4,0,4
3037,4,0,4
3038,4,0,4
3039,4,0,4
3040,4,0,4
3041,4,0,4
3042,4,0,4
3043,4,0,4
3044,4,0,4
3045,4,0,4
3046,3,0,3
3047,3,0,3
3048,3,0,3
3049,3,0,3
3050,3,0,3
3051,3,0,3
3052,3,0,3
3053,4,0,4
3054,4,0,4
3055,4,0,4
3056,4,0,4
3057,4,0,4
3058,4,0,4
3059,4,0,4
3060,4,0,4
3061,4,0,4
3062,4,0,4
3063,4,0,4
3064,4,0,4
3065,4,0,4
3066,4,0,4
3067,4,0,4
3068,4,0,4
3069,4,0,4
3070,4,0,4
3071,3,0,3
3072,3,0,3
3073,3,0,3
3074,3,0,3
3075,3,0,3
3076,3,0,3
3077,3,0,3
3078,3,0,3
3079,3,0,3
3080,3,0,3
3081,3,0,3
3082,3,0,3
3083,3,0,3
3084,3,0,3
3085,3,0,3
3086,3,0,3
3087,4,0,4
3088,4,0,4
3089,4,0,4
3090,4,0,4
3091,4,0,4
3092,4,0,4
3093,4,0,4
3094,4,0,4
3095,4,0,4
3096,4,0,4
3097,4,0,4
3098,4,0,4
3099,5,0,5
3100,5,0,5
3101,5,0,5
3102,5,0,5
3103,5,0,5
3104,5,0,5
3105,5,0,5
3106,5,0,5
3107,5,0,5
3108,5,0,5
3109,5,0,5
3110,5,0,5
3111,5,0,5
3112,5,0,5
3113,5,0,5
3114,5,0,5
3115,5,0,5
3116,5,0,5
3117,5,0,5
3118,5,0,5
3119,5,0,5
3120,5,0,5
3121,5,0,5
3122,5,0,5
3123,5,0,5
3124,5,0,5
3125,5,0,5
3126,5,0,5
3127,5,0,5
3128,5,0,5
3129,5,0,5
3130,5,0,5
3131,5,0,5
3132,5,0,5
3133,5,0,5
3134,5,0,5
3135,5,0,5
3136,5,0,5
3137,5,0,5
3138,5,0,5
3139,5,0,5
3140,5,0,5
3141,5,0,5
3142,6,0,6
3143,6,0,6
3144,6,0,6
3145,6,0,6
3146,5,0,5
3147,5,0,5
3148,5,0,5
3149,5,0,5
3150,5,0,5
3151,5,0,5
3152,5,0,5
3153,5,0,5
3154,5,0,5
3155,5,0,5
3156,5,0,5
3157,4,0,4
3158,4,0,4
3159,4,0,4
3160,4,0,4
3161,4,0,4
3162,4,0,4
3163,4,0,4
3164,4,0,4
3165,4,0,4
3166,4,0,4
3167,4,0,4
3168,4,0,4
3169,4,0,4
3170,4,0,4
3171,4,0,4
3172,4,0,4
3173,4,0,4
3174,4,0,4
3175,4,0,4
3176,4,0,4
3177,5,0,5
3178,5,0,5
3179,5,0,5
3180,6,0,6
3181,6,0,6
3182,6,0,6
3183,6,0,6
3184,6,0,6
3185,6,0,6
3186,6,0,6
3187,5,0,5
3188,5,0,5
3189,5,0,5
3190,5,0,5
3191,5,0,5
3192,5,0,5
3193,5,0,5
3194,5,0,5
3195,5,0,5
3196,5,0,5
3197,5,0,5
3198,5,0,5
3199,5,0,5
3200,5,0,5
3201,7,0,7
3202,7,0,7
3203,7,0,7
3204,7,0,7
3205,7,0,7
3206,7,0,7
3207,7,0,7
3208,7,0,7
3209,7,0,7
3210,7,0,7
3211,8,0,8
3212,8,0,8
3213,8,0,8
3214,8,0,8
3215,8,0,8
3216,8,0,8
3217,8,0,8
3218,8,0,8
3219,8,0,8
3220,8,0,8
3221,8,0,8
3222,8,0,8
3223,8,0,8
3224,7,0,7
3225,7,0,7
3226,8,0,8
3227,8,0,8
3228,8,0,8
3229,8,0,8
3230,8,0,8
3231,8,0,8
3232,8,0,8
3233,8,0,8
3234,8,0,8
3235,8,0,8
3236,8,0,8
3237,7,0,7
3238,7,0,7
3239,7,0,7
3240,7,0,7
3241,7,0,7
3242,7,0,7
3243,7,0,7
3244,7,0,7
3245,7,0,7
3246,7,0,7
3247,7,0,7
3248,7,0,7
3249,7,0,7
3250,7,0,7
3251,7,0,7
3252,7,0,7
3253,7,0,7
3254,7,0,7
3255,7,0,7
3256,7,0,7
3257,7,0,7
3258,7,0,7
3259,7,0,7
3260,7,0,7
3261,7,0,7
3262,7,0,7
3263,6,0,6
3264,6,0,6
3265,5,0,5
3266,5,0,5
3267,5,0,5
3268,5,0,5
3269,5,0,5
3270,4,0,4
3271,4,0,4
3272,4,0,4
3273,4,0,4
3274,4,0,4
3275,4,0,4
3276,4,0,4
3277,4,0,4
3278,4,0,4
3279,4,0,4
3280,3,0,3
3281,3,0,3
3282,3,0,3
3283,3,0,3
3284,3,0,3
3285,3,0,3
3286,3,0,3
3287,3,0,3
3288,3,0,3
3289,3,0,3
3290,3,0,3
3291,3,0,3
3292,3,0,3
3293,3,0,3
3294,3,0,3
3295,3,0,3
3296,3,0,3
3297,3,0,3
3298,3,0,3
3299,3,0,3
3300,3,0,3
3301,3,0,3
3302,3,0,3
3303,3,0,3
3304,3,0,3
3305,3,0,3
3306,3,0,3
3307,3,0,3
3308,3,0,3
3309,3,0,3
3310,3,0,3
3311,3,0,3
3312,3,0,3
3313,3,0,3
3314,3,0,3
3315,3,0,3
3316,3,0,3
3317,3,0,3
3318,3,0,3
3319,3,0,3
3320,3,0,3
3321,3,0,3
3322,3,0,3
3323,3,0,3
3324,3,0,3
3325,3,0,3
3326,3,0,3
3327,3,0,3
3328,3,0,3
3329,3,0,3
3330,3,0,3
3331,3,0,3
3332,3,0,3
3333,3,0,3
3334,3,0,3
3335,3,0,3
3336,3,0,3
3337,3,0,3
3338,3,0,3
3339,3,0,3
3340,3,0,3
3341,3,0,3
3342,3,0,3
3343,3,0,3
3344,4,0,4
3345,4,0,4
3346,4,0,4
3347,4,0,4
3348,4,0,4
3349,4,0,4
3350,3,0,3
3351,3,0,3
3352,3,0,3
3353,3,0,3
3354,3,0,3
3355,3,0,3
3356,3,0,3
3357,3,0,3
3358,3,0,3
3359,3,0,3
3360,3,0,3
3361,3,0,3
3362,3,0,3
3363,3,0,3
3364,3,0,3
3365,3,0,3
3366,3,0,3
3367,3,0,3
3368,3,0,3
3369,3,0,3
3370,3,0,3
3371,3,0,3
3372,3,0,3
3373,3,0,3
3374,3,0,3
3375,3,0,3
3376,3,0,3
3377,3,0,3
3378,3,0,3
3379,3,0,3
3380,3,0,3
3381,3,0,3
3382,3,0,3
3383,3,0,3
3384,3,0,3
3385,3,0,3
3386,3,0,3
3387,3,0,3
3388,3,0,3
3389,3,0,3
3390,3,0,3
3391,3,0,3
3392,3,0,3
3393,3,0,3
3394,3,0,3
3395,3,0,3
3396,3,0,3
3397,3,0,3
3398,3,0,3
3399,3,0,3
3400,3,0,3
3401,3,0,3
3402,3,0,3
3403,3,0,3
3404,3,0,3
3405,3,0,3
3406,3,0,3
3407,3,0,3
3408,3,0,3
3409,3,0,3
3410,3,0,3
3411,3,0,3
3412,3,0,3
3413,3,0,3
3414,3,0,3
3415,3,0,3
3416,3,0,3
3417,3,0,3
3418,3,0,3
3419,3,0,3
3420,3,0,3
3421,3,0,3
3422,3,0,3
3423,3,0,3
3424,3,0,3
3425,3,0,3
3426,3,0,3
3427,3,0,3
3428,3,0,3
3429,3,0,3
3430,3,0,3
3431,3,0,3
3432,3,0,3
3433,3,0,3
3434,3,0,3
3435,3,0,3
3436,3,0,3
3437,3,0,3
3438,3,0,3
3439,3,0,3
3440,3,0,3
3441,3,0,3
3442,3,0,3
3443,3,0,3
3444,3,0,3
3445,3,0,3
3446,3,0,3
3447,3,0,3
3448,3,0,3
3449,3,0,3
3450,3,0,3
3451,3,0,3
3452,3,0,3
3453,3,0,3
3454,3,0,3
3455,2,0,2
3456,2,0,2
3457,2,0,2
3458,2,0,2
3459,2,0,2
3460,2,0,2
3461,2,0,2
3462,2,0,2
3463,2,0,2
3464,2,0,2
3465,2,0,2
3466,2,0,2
3467,2,0,2
3468,2,0,2
3469,2,0,2
3470,2,0,2
3471,2,0,2
3472,2,0,2
3473,2,0,2
3474,2,0,2
3475,2,0,2
3476,2,0,2
3477,3,0,3
3478,3,0,3
3479,3,0,3
3480,3,0,3
3481,3,0,3
3482,3,0,3
3483,3,0,3
3484,3,0,3
3485,3,0,3
3486,3,0,3
3487,3,0,3
3488,3,0,3
3489,3,0,3
3490,3,0,3
3491,4,0,4
3492,4,0,4
3493,4,0,4
3494,4,0,4
3495,4,0,4
3496,4,0,4
3497,4,0,4
3498,4,0,4
3499,4,0,4
3500,4,0,4
3501,4,0,4
3502,4,0,4
3503,4,0,4
3504,4,0,4
3505,4,0,4
3506,4,0,4
3507,4,0,4
3508,4,0,4
3509,4,0,4
3510,4,0,4
3511,4,0,4
3512,4,0,4
3513,4,0,4
3514,4,0,4
3515,4,0,4
3516,4,0,4
3517,4,0,4
3518,4,0,4
3519,3,0,3
3520,3,0,3
3521,3,0,3
3522,4,0,4
3523,4,0,4
3524,4,0,4
3525,4,0,4
3526,4,0,4
3527,4,0,4
3528,4,0,4
3529,4,0,4
3530,4,0,4
3531,4,0,4
3532,4,0,4
3533,5,0,5
3534,5,0,5
3535,5,0,5
3536,5,0,5
3537,5,0,5
3538,5,0,5
3539,5,0,5
3540,5,0,5
3541,5,0,5
3542,5,0,5
3543,5,0,5
3544,5,0,5
3545,5,0,5
3546,5,0,5
3547,5,0,5
3548,5,0,5
3549,5,0,5
3550,5,0,5
3551,4,0,4
3552,4,0,4
3553,4,0,4
3554,4,0,4
3555,4,0,4
3556,4,0,4
3557,4,0,4
3558,4,0,4
3559,4,0,4
3560,3,0,3
3561,3,0,3
3562,3,0,3
3563,3,0,3
3564,3,0,3
3565,3,0,3
3566,3,0,3
3567,3,0,3
3568,3,0,3
3569,3,0,3
3570,3,0,3
3571,3,0,3
3572,3,0,3
3573,3,0,3
3574,3,0,3
3575,3,0,3
3576,3,0,3
3577,2,0,2
3578,2,0,2
3579,3,0,3
3580,3,0,3
3581,3,0,3
3582,3,0,3
3583,3,0,3
3584,3,0,3
3585,3,0,3
3586,3,0,3
3587,3,0,3
3588,3,0,3
3589,3,0,3
3590,3,0,3
3591,3,0,3
3592,3,0,3
3593,3,0,3
3594,3,0,3
3595,3,0,3
3596,3,0,3
3597,3,0,3
3598,3,0,3
3599,3,0,3
3600,3,0,3
3601,3,0,3
3602,3,0,3
3603,3,0,3
3604,3,0,3
3605,3,0,3
3606,3,0,3
3607,3,0,3
3608,3,0,3
3609,3,0,3
3610,3,0,3
3611,3,0,3
3612,3,0,3
3613,3,0,3
3614,3,0,3
3615,3,0,3
3616,3,0,3
3617,3,0,3
3618,3,0,3
3619,3,0,3
3620,3,0,3
3621,3,0,3
3622,3,0,3
3623,3,0,3
3624,3,0,3
3625,3,0,3
3626,3,0,3
3627,3,0,3
3628,3,0,3
3629,3,0,3
3630,3,0,3
3631,3,0,3
3632,3,0,3
3633,3,0,3
3634,3,0,3
3635,3,0,3
3636,3,0,3
3637,3,0,3
3638,3,0,3
3639,3,0,3
3640,3,0,3
3641,3,0,3
3642,3,0,3
3643,3,0,3
3644,3,0,3
3645,3,0,3
3646,4,0,4
3647,4,0,4
3648,4,0,4
3649,4,0,4
3650,4,0,4
3651,4,0,4
3652,4,0,4
3653,4,0,4
3654,4,0,4
3655,4,0,4
3656,4,0,4
3657,4,0,4
3658,4,0,4
3659,4,0,4
3660,4,0,4
3661,4,0,4
3662,4,0,4
3663,4,0,4
3664,4,0,4
3665,4,0,4
3666,4,0,4
3667,4,0,4
3668,4,0,4
3669,4,0,4
3670,4,0,4
3671,4,0,4
3672,4,0,4
3673,4,0,4
3674,4,0,4
3675,4,0,4
3676,4,0,4
3677,4,0,4
3678,4,0,4
3679,4,0,4
3680,4,0,4
3681,4,0,4
3682,4,0,4
3683,4,0,4
3684,4,0,4
3685,4,0,4
3686,4,0,4
3687,4,0,4
3688,4,0,4
3689,4,0,4
3690,4,0,4
3691,4,0,4
3692,4,0,4
3693,4,0,4
3694,4,0,4
3695,4,0,4
3696,4,0,4
3697,4,0,4
3698,4,0,4
3699,4,0,4
3700,4,0,4
3701,4,0,4
3702,4,0,4
3703,4,0,4
3704,4,0,4
3705,4,0,4
3706,4,0,4
3707,4,0,4
3708,4,0,4
3709,4,0,4
3710,4,0,4
3711,4,0,4
3712,4,0,4
3713,4,0,4
3714,3,0,3
3715,3,0,3
3716,3,0,3
3717,3,0,3
3718,3,0,3
3719,3,0,3
3720,3,0,3
3721,3,0,3
3722,3,0,3
3723,3,0,3
3724,3,0,3
3725,3,0,3
3726,3,0,3
3727,3,0,3
3728,3,0,3
3729,3,0,3
3730,3,0,3
3731,3,0,3
3732,3,0,3
3733,3,0,3
3734,3,0,3
3735,3,0,3
3736,3,0,3
3737,3,0,3
3738,3,0,3
3739,3,0,3
3740,3,0,3
3741,3,0,3
3742,3,0,3
3743,3,0,3
3744,3,0,3
3745,3,0,3
3746,3,0,3
3747,3,0,3
3748,3,0,3
3749,3,0,3
3750,3,0,3
3751,3,0,3
3752,3,0,3
3753,3,0,3
3754,3,0,3
3755,3,0,3
3756,3,0,3
3757,3,0,3
3758,3,0,3
3759,3,0,3
3760,3,0,3
3761,3,0,3
3762,3,0,3
3763,3,0,3
3764,3,0,3
3765,3,0,3
3766,3,0,3
3767,3,0,3
3768,3,0,3
3769,3,0,3
3770,3,0,3
3771,3,0,3
3772,3,0,3
3773,3,0,3
3774,3,0,3
3775,3,0,3
3776,3,0,3
3777,3,0,3
3778,3,0,3
3779,3,0,3
3780,3,0,3
3781,3,0,3
3782,3,0,3
3783,3,0,3
3784,3,0,3
3785,3,0,3
3786,3,0,3
3787,3,0,3
3788,3,0,3
3789,3,0,3
3790,3,0,3
3791,3,0,3
3792,3,0,3
3793,3,0,3
3794,3,0,3
3795,3,0,3
3796,3,0,3
3797,2,0,2
3798,2,0,2
3799,2,0,2
3800,2,0,2
3801,2,0,2
3802,2,0,2
3803,2,0,2
3804,2,0,2
3805,2,0,2
3806,2,0,2
3807,2,0,2
3808,2,0,2
3809,2,0,2
3810,2,0,2
3811,2,0,2
3812,2,0,2
3813,2,0,2
3814,2,0,2
3815,2,0,2
3816,2,0,2
3817,2,0,2
3818,2,0,2
3819,2,0,2
3820,2,0,2
3821,2,0,2
3822,2,0,2
3823,2,0,2
3824,2,0,2
3825,2,0,2
3826,2,0,2
3827,2,0,2
3828,2,0,2
3829,2,0,2
3830,2,0,2
3831,2,0,2
3832,2,0,2
3833,2,0,2
3834,2,0,2
3835,2,0,2
3836,2,0,2
3837,2,0,2
3838,2,0,2
3839,2,0,2
3840,2,0,2
3841,2,0,2
3842,2,0,2
3843,2,0,2
3844,2,0,2
3845,2,0,2
3846,2,0,2
3847,2,0,2
3848,2,0,2
3849,2,0,2
3850,2,0,2
3851,1,0,1
3852,1,0,1
3853,1,0,1
3854,1,0,1
3855,1,0,1
3856,1,0,1
3857,1,0,1
3858,1,0,1
3859,1,0,1
3860,1,0,1
3861,1,0,1
3862,1,0,1
3863,1,0,1
3864,1,0,1
3865,1,0,1
3866,1,0,1
3867,1,0,1
3868,1,0,1
3869,1,0,1
3870,1,0,1
3871,1,0,1
3872,1,0,1
3873,1,0,1
3874,1,0,1
3875,1,0,1
3876,1,0,1
3877,1,0,1
3878,1,0,1
3879,1,0,1
3880,1,0,1
3881,1,0,1
3882,1,0,1
3883,1,0,1
3884,1,0,1
3885,1,0,1
3886,1,0,1
3887,1,0,1
3888,1,0,1
3889,1,0,1
3890,1,0,1
3891,1,0,1
3892,1,0,1
3893,1,0,1
3894,1,0,1
3895,1,0,1
3896,1,0,1
3897,1,0,1
3898,1,0,1
3899,1,0,1
3900,1,0,1
3901,1,0,1
3902,1,0,1
3903,1,0,1
3904,1,0,1
3905,1,0,1
3906,1,0,1
3907,1,0,1
3908,1,0,1
3909,1,0,1
3910,1,0,1
3911,1,0,1
3912,1,0,1
3913,2,0,2
3914,2,0,2
3915,2,0,2
3916,3,0,3
3917,3,0,3
3918,3,0,3
3919,2,1,3
3920,2,1,3
3921,2,1,3
3922,2,1,3
3923,2,1,3
3924,2,1,3
3925,2,1,3
3926,2,1,3
3927,2,1,3
3928,2,1,3
3929,2,1,3
3930,2,1,3
3931,2,1,3
3932,2,1,3
3933,2,1,3
3934,2,1,3
3935,2,1,3
3936,2,1,3
3937,2,1,3
3938,1,1,2
3939,1,1,2
3940,1,1,2
3941,1,1,2
3942,1,1,2
3943,1,1,2
3944,1,1,2
3945,1,1,2
3946,1,1,2
3947,1,1,2
3948,1,1,2
3949,1,1,2
3950,1,1,2
3951,1,1,2
3952,1,1,2
3953,0,1,1
3954,0,1,1
3955,0,1,1
3956,0,1,1
3957,0,1,1
3958,0,1,1
3959,0,1,1
3960,0,1,1
3961,0,1,1
3962,0,1,1
3963,0,1,1
3964,0,1,1
3965,0,1,1
3966,0,1,1
3967,1,0,1
3968,1,0,1
3969,0,0,0
3970,0,0,0
3971,0,0,0
3972,0,0,0
3973,0,0,0
3974,0,0,0
3975,0,0,0
3976,0,0,0
3977,0,0,0
3978,0,0,0
3979,0,0,0
3980,0,0,0
3981,0,0,0
3982,0,0,0
3983,0,0,0
3984,0,0,0
3985,0,0,0
3986,0,0,0
3987,0,0,0
3988,0,0,0
3989,0,0,0
3990,0,0,0
3991,0,0,0
3992,0,0,0
3993,0,0,0
3994,0,0,0
3995,0,0,0
3996,0,0,0
3997,0,0,0
3998,0,0,0
3999,0,0,0
4000,0,0,0
4001,0,0,0
4002,0,0,0
4003,0,0,0
4004,0,0,0
4005,0,0,0
4006,0,0,0
4007,0,0,0
4008,0,0,0
4009,0,0,0
4010,0,0,0
4011,0,0,0
4012,0,0,0
4013,0,0,0
4014,0,0,0
4015,0,0,0
4016,0,0,0
4017,0,0,0
4018,0,0,0
4019,0,0,0
4020,0,0,0
4021,0,0,0
4022,0,0,0
4023,0,0,0
4024,0,0,0
4025,0,0,0
4026,0,0,0
4027,0,0,0
4028,0,0,0
4029,0,0,0
4030,0,0,0
4031,0,0,0
4032,0,0,0
4033,0,0,0
4034,0,0,0
4035,0,0,0
4036,0,0,0
4037,0,0,0
4038,0,0,0
4039,0,0,0
4040,0,0,0
4041,0,0,0
4042,0,0,0
4043,0,0,0
4044,0,0,0
4045,0,0,0
4046,0,0,0
4047,0,0,0
4048,0,0,0
4049,0,0,0
4050,0,0,0
4051,0,0,0
4052,0,0,0
4053,0,0,0
4054,0,0,0
4055,0,0,0
4056,0,0,0
4057,0,0,0
4058,0,0,0
4059,0,0,0
4060,0,0,0
4061,0,0,0
4062,0,0,0
4063,1,0,1
4064,1,0,1
4065,1,0,1
4066,2,0,2
4067,2,0,2
4068,2,0,2
4069,2,0,2
4070,2,0,2
4071,2,0,2
4072,2,0,2
4073,2,0,2
4074,2,0,2
4075,2,0,2
4076,2,0,2
4077,2,0,2
4078,2,0,2
4079,2,0,2
4080,2,0,2
4081,2,0,2
4082,2,0,2
4083,2,0,2
4084,2,0,2
4085,2,0,2
4086,2,0,2
4087,2,0,2
4088,2,0,2
4089,2,0,2
4090,2,0,2
4091,2,0,2
4092,2,0,2
4093,2,0,2
4094,2,0,2
4095,2,0,2
4096,2,0,2
4097,2,0,2
4098,2,0,2
4099,2,0,2
4100,2,0,2
4101,2,0,2
4102,2,0,2
4103,2,0,2
4104,2,0,2
4105,2,0,2
4106,2,0,2
4107,2,0,2
4108,2,0,2
4109,2,0,2
4110,2,0,2
4111,2,0,2
4112,2,0,2
4113,2,0,2
4114,2,0,2
4115,2,0,2
4116,2,0,2
4117,2,0,2
4118,2,0,2
4119,2,0,2
4120,2,0,2
4121,2,0,2
4122,2,0,2
4123,2,0,2
4124,2,0,2
4125,2,0,2
4126,2,0,2
4127,2,0,2
4128,2,0,2
4129,2,0,2
4130,2,0,2
4131,2,0,2
4132,2,0,2
4133,2,0,2
4134,2,0,2
4135,2,0,2
4136,2,0,2
4137,2,0,2
4138,2,0,2
4139,2,0,2
4140,2,0,2
4141,2,0,2
4142,2,0,2
4143,2,0,2
4144,2,0,2
4145,2,0,2
4146,2,0,2
4147,2,0,2
4148,2,0,2
4149,2,0,2
4150,2,0,2
4151,2,0,2
4152,3,0,3
4153,3,0,3
4154,3,0,3
4155,3,0,3
4156,3,0,3
4157,3,0,3
4158,3,0,3
4159,3,0,3
4160,3,0,3
4161,3,0,3
4162,3,0,3
4163,3,0,3
4164,3,0,3
4165,3,0,3
4166,3,0,3
4167,3,0,3
4168,2,0,2
4169,2,0,2
4170,2,0,2
4171,2,0,2
4172,2,0,2
4173,2,0,2
4174,2,0,2
4175,1,0,1
4176,1,0,1
4177,1,0,1
4178,1,0,1
4179,2,0,2
4180,2,0,2
4181,2,0,2
4182,2,0,2
4183,2,0,2
4184,2,0,2
4185,2,0,2
4186,2,0,2
4187,2,0,2
4188,2,0,2
4189,2,0,2
4190,2,0,2
4191,2,0,2
4192,2,0,2
4193,2,0,2
4194,2,0,2
4195,2,0,2
4196,2,0,2
4197,2,0,2
4198,2,0,2
4199,2,0,2
4200,2,0,2
4201,2,0,2
4202,2,0,2
4203,2,0,2
4204,2,0,2
4205,2,0,2
4206,2,0,2
4207,2,0,2
4208,2,0,2
4209,2,0,2
4210,2,0,2
4211,2,0,2
4212,2,0,2
4213,2,0,2
4214,2,0,2
4215,2,0,2
4216,2,0,2
4217,2,0,2
4218,2,0,2
4219,2,0,2
4220,2,0,2
4221,2,0,2
4222,2,0,2
4223,2,0,2
4224,2,0,2
4225,2,0,2
4226,2,0,2
4227,2,0,2
4228,2,0,2
4229,2,0,2
4230,2,0,2
4231,2,0,2
4232,2,0,2
4233,2,0,2
4234,2,0,2
4235,2,0,2
4236,2,0,2
4237,1,0,1
4238,1,0,1
4239,1,0,1
4240,1,0,1
4241,1,0,1
4242,1,0,1
4243,1,0,1
4244,1,0,1
4245,1,0,1
4246,1,0,1
4247,1,0,1
4248,1,0,1
4249,1,0,1
4250,1,0,1
4251,1,0,1
4252,1,0,1
4253,1,0,1
4254,1,0,1
4255,1,0,1
4256,1,0,1
4257,1,0,1
4258,1,0,1
4259,1,0,1
4260,1,0,1
4261,1,0,1
4262,1,0,1
4263,1,0,1
4264,1,0,1
4265,1,0,1
4266,1,0,1
4267,1,0,1
4268,1,0,1
4269,1,0,1
4270,1,0,1
4271,1,0,1
4272,1,0,1
4273,1,0,1
4274,1,0,1
4275,1,0,1
4276,1,0,1
4277,1,0,1
4278,1,0,1
4279,1,0,1
4280,1,0,1
4281,1,0,1
4282,1,0,1
4283,1,0,1
4284,1,0,1
4285,1,0,1
4286,1,0,1
4287,1,0,1
4288,1,0,1
4289,1,0,1
4290,1,0,1
4291,1,0,1
4292,1,0,1
4293,1,0,1
4294,1,0,1
4295,1,0,1
4296,1,0,1
4297,1,0,1
4298,1,0,1
4299,1,0,1
4300,1,0,1
4301,1,0,1
4302,1,0,1
4303,1,0,1
4304,1,0,1
4305,2,0,2
4306,2,0,2
4307,2,0,2
4308,2,0,2
4309,2,0,2
4310,2,0,2
4311,3,0,3
4312,3,0,3
4313,3,0,3
4314,3,0,3
4315,3,0,3
4316,3,0,3
4317,4,0,4
4318,5,0,5
4319,5,0,5
4320,5,0,5
4321,5,0,5
4322,5,0,5
4323,5,0,5
4324,5,0,5
4325,5,0,5
4326,5,0,5
4327,5,0,5
4328,5,0,5
4329,5,0,5
4330,5,0,5
4331,5,0,5
4332,5,0,5
4333,5,0,5
4334,5,0,5
4335,5,0,5
4336,5,0,5
4337,5,0,5
4338,5,0,5
4339,5,0,5
4340,5,0,5
4341,5,0,5
4342,5,0,5
4343,5,0,5
4344,4,0,4
4345,4,0,4
4346,4,0,4
4347,4,0,4
4348,4,0,4
4349,4,0,4
4350,4,0,4
4351,4,0,4
4352,4,0,4
4353,4,0,4
4354,4,0,4
4355,4,0,4
4356,4,0,4
4357,4,0,4
4358,4,0,4
4359,4,0,4
4360,4,0,4
4361,4,0,4
4362,4,0,4
4363,4,0,4
4364,4,0,4
4365,4,0,4
4366,4,0,4
4367,4,0,4
4368,4,0,4
4369,4,0,4
4370,4,0,4
4371,4,0,4
4372,4,0,4
4373,4,0,4
4374,4,0,4
4375,4,0,4
4376,4,0,4
4377,4,0,4
4378,4,0,4
4379,4,0,4
4380,4,0,4
4381,4,0,4
4382,4,0,4
4383,4,0,4
4384,4,0,4
4385,3,0,3
4386,3,0,3
4387,3,0,3
4388,3,0,3
4389,3,0,3
4390,3,0,3
4391,3,0,3
4392,3,0,3
4393,3,0,3
4394,3,0,3
4395,3,0,3
4396,3,0,3
4397,3,0,3
4398,3,0,3
4399,3,0,3
4400,4,0,4
4401,4,0,4
4402,4,0,4
4403,4,0,4
4404,4,0,4
4405,4,0,4
4406,4,0,4
4407,4,0,4
4408,4,0,4
4409,4,0,4
4410,4,0,4
4411,4,0,4
4412,4,0,4
4413,4,0,4
4414,4,0,4
4415,3,0,3
4416,3,0,3
4417,3,0,3
4418,4,0,4
4419,4,0,4
4420,4,0,4
4421,4,0,4
4422,4,0,4
4423,4,0,4
4424,4,0,4
4425,4,0,4
4426,4,0,4
4427,4,0,4
4428,4,0,4
4429,5,0,5
4430,5,0,5
4431,5,0,5
4432,5,0,5
4433,5,0,5
4434,4,0,4
4435,4,0,4
4436,4,0,4
4437,4,0,4
4438,4,0,4
4439,4,0,4
4440,4,0,4
4441,4,0,4
4442,4,0,4
4443,4,0,4
4444,4,0,4
4445,4,0,4
4446,4,0,4
4447,4,0,4
4448,4,0,4
4449,4,0,4
4450,4,0,4
4451,4,0,4
4452,4,0,4
4453,4,0,4
4454,4,0,4
4455,4,0,4
4456,4,0,4
4457,4,0,4
4458,4,0,4
4459,4,0,4
4460,4,0,4
4461,4,0,4
4462,4,0,4
4463,4,0,4
4464,4,0,4
4465,4,0,4
4466,4,0,4
4467,4,0,4
4468,4,0,4
4469,4,0,4
4470,4,0,4
4471,4,0,4
4472,4,0,4
4473,4,0,4
4474,4,0,4
4475,4,0,4
4476,4,0,4
4477,4,0,4
4478,4,0,4
4479,4,0,4
4480,4,0,4
4481,4,0,4
4482,4,0,4
4483,4,0,4
4484,4,0,4
4485,4,0,4
4486,4,0,4
4487,4,0,4
4488,4,0,4
4489,4,0,4
4490,4,0,4
4491,4,0,4
4492,4,0,4
4493,4,0,4
4494,4,0,4
4495,4,0,4
4496,4,0,4
4497,4,0,4
4498,4,0,4
4499,4,0,4
4500,4,0,4
4501,4,0,4
4502,4,0,4
4503,4,0,4
4504,4,0,4
4505,4,0,4
4506,4,0,4
4507,4,0,4
4508,4,0,4
4509,4,0,4
4510,4,0,4
4511,4,0,4
4512,4,0,4
4513,4,0,4
4514,4,0,4
4515,4,0,4
4516,4,0,4
4517,4,0,4
4518,4,0,4
4519,3,0,3
4520,3,0,3
4521,3,0,3
4522,3,0,3
4523,3,0,3
4524,3,0,3
4525,3,0,3
4526,3,0,3
4527,3,0,3
4528,3,0,3
4529,3,0,3
4530,3,0,3
4531,3,0,3
4532,3,0,3
4533,3,0,3
4534,3,0,3
4535,3,0,3
4536,3,0,3
4537,3,0,3
4538,3,0,3
4539,3,0,3
4540,3,0,3
4541,3,0,3
4542,3,0,3
4543,3,0,3
4544,3,0,3
4545,3,0,3
4546,3,0,3
4547,3,0,3
4548,3,0,3
4549,3,0,3
4550,3,0,3
4551,3,0,3
4552,3,0,3
4553,3,0,3
4554,3,0,3
4555,3,0,3
4556,3,0,3
4557,3,0,3
4558,3,0,3
4559,3,0,3
4560,3,0,3
4561,4,0,4
4562,4,0,4
4563,4,0,4
4564,4,0,4
4565,4,0,4
4566,4,0,4
4567,4,0,4
4568,4,0,4
4569,4,0,4
4570,4,0,4
4571,4,0,4
4572,4,0,4
4573,4,0,4
4574,4,0,4
4575,3,0,3
4576,3,0,3
4577,3,0,3
4578,3,0,3
4579,3,0,3
4580,3,0,3
4581,3,0,3
4582,3,0,3
4583,3,0,3
4584,3,0,3
4585,3,0,3
4586,3,0,3
4587,3,0,3
4588,3,0,3
4589,3,0,3
4590,3,0,3
4591,3,0,3
4592,3,0,3
4593,3,0,3
4594,3,0,3
4595,3,0,3
4596,3,0,3
4597,3,0,3
4598,3,0,3
4599,3,0,3
4600,3,0,3
4601,3,0,3
4602,3,0,3
4603,3,0,3
4604,3,0,3
4605,3,0,3
4606,3,0,3
4607,3,0,3
4608,3,0,3
4609,3,0,3
4610,3,0,3
4611,3,0,3
4612,3,0,3
4613,3,0,3
4614,3,0,3
4615,3,0,3
4616,3,0,3
4617,3,0,3
4618,3,0,3
4619,3,0,3
4620,3,0,3
4621,2,0,2
4622,2,0,2
4623,2,0,2
4624,2,0,2
4625,2,0,2
4626,2,0,2
4627,2,0,2
4628,2,0,2
4629,2,0,2
4630,2,0,2
4631,2,0,2
4632,2,0,2
4633,2,0,2
4634,2,0,2
4635,2,0,2
4636,3,0,3
4637,3,0,3
4638,3,0,3
4639,3,0,3
4640,3,0,3
4641,3,0,3
4642,3,0,3
4643,3,0,3
4644,3,0,3
4645,3,0,3
4646,3,0,3
4647,3,0,3
4648,3,0,3
4649,3,0,3
4650,3,0,3
4651,3,0,3
4652,3,0,3
4653,3,0,3
4654,3,0,3
4655,3,0,3
4656,3,0,3
4657,3,0,3
4658,3,0,3
4659,3,0,3
4660,3,0,3
4661,3,0,3
4662,3,0,3
4663,3,0,3
4664,3,0,3
4665,3,0,3
4666,3,0,3
4667,3,0,3
4668,3,0,3
4669,3,0,3
4670,3,0,3
4671,3,0,3
4672,3,0,3
4673,3,0,3
4674,3,0,3
4675,3,0,3
4676,3,0,3
4677,3,0,3
4678,3,0,3
4679,3,0,3
4680,3,0,3
4681,3,0,3
4682,3,0,3
4683,3,0,3
4684,3,0,3
4685,3,0,3
4686,3,0,3
4687,3,0,3
4688,3,0,3
4689,3,0,3
4690,3,0,3
4691,3,0,3
4692,3,0,3
4693,3,0,3
4694,3,0,3
4695,3,0,3
4696,3,0,3
4697,3,0,3
4698,3,0,3
4699,3,0,3
4700,4,0,4
4701,4,0,4
4702,4,0,4
4703,4,0,4
4704,4,0,4
4705,5,0,5
4706,5,0,5
4707,5,0,5
4708,5,0,5
4709,5,0,5
4710,5,0,5
4711,5,0,5
4712,5,0,5
4713,5,0,5
4714,5,0,5
4715,5,0,5
4716,5,0,5
4717,5,0,5
4718,5,0,5
4719,5,0,5
4720,6,0,6
4721,6,0,6
4722,6,0,6
4723,6,0,6
4724,6,0,6
4725,6,0,6
4726,6,0,6
4727,6,0,6
4728,6,0,6
4729,6,0,6
4730,6,0,6
4731,6,0,6
4732,6,0,6
4733,7,0,7
4734,7,0,7
4735,7,0,7
4736,8,0,8
4737,8,0,8
4738,8,0,8
4739,8,0,8
4740,8,0,8
4741,8,0,8
4742,8,0,8
4743,8,0,8
4744,8,0,8
4745,7,0,7
4746,7,0,7
4747,7,0,7
4748,7,0,7
4749,7,0,7
4750,7,0,7
4751,7,0,7
4752,6,0,6
4753,6,0,6
4754,6,0,6
4755,6,0,6
4756,6,0,6
4757,6,0,6
4758,6,0,6
4759,6,0,6
4760,5,0,5
4761,5,0,5
4762,5,0,5
4763,5,0,5
4764,5,0,5
4765,5,0,5
4766,5,0,5
4767,5,0,5
4768,5,0,5
4769,5,0,5
4770,5,0,5
4771,5,0,5
4772,5,0,5
4773,5,0,5
4774,5,0,5
4775,5,0,5
4776,5,0,5
4777,5,0,5
4778,5,0,5
4779,5,0,5
4780,5,0,5
4781,5,0,5
4782,5,0,5
4783,5,0,5
4784,5,0,5
4785,5,0,5
4786,5,0,5
4787,5,0,5
4788,5,0,5
4789,5,0,5
4790,5,0,5
4791,5,0,5
4792,5,0,5
4793,5,0,5
4794,5,0,5
4795,5,0,5
4796,5,0,5
4797,5,0,5
4798,5,0,5
4799,5,0,5
4800,5,0,5
4801,5,0,5
4802,5,0,5
4803,5,0,5
4804,5,0,5
4805,5,0,5
4806,5,0,5
4807,5,0,5
4808,5,0,5
4809,6,0,6
4810,6,0,6
4811,6,0,6
4812,6,0,6
4813,6,0,6
4814,6,0,6
4815,6,0,6
4816,6,0,6
4817,6,0,6
4818,6,0,6
4819,6,0,6
4820,6,0,6
4821,6,0,6
4822,6,0,6
4823,6,0,6
4824,6,0,6
4825,6,0,6
4826,6,0,6
4827,6,0,6
4828,6,0,6
4829,6,0,6
4830,6,0,6
4831,6,0,6
4832,6,0,6
4833,6,0,6
4834,6,0,6
4835,6,0,6
4836,6,0,6
4837,6,0,6
4838,6,0,6
4839,6,0,6
4840,6,0,6
4841,6,0,6
4842,6,0,6
4843,6,0,6
4844,6,0,6
4845,6,0,6
4846,6,0,6
4847,7,0,7
4848,7,0,7
4849,7,0,7
4850,7,0,7
4851,7,0,7
4852,7,0,7
4853,7,0,7
4854,7,0,7
4855,7,0,7
4856,7,0,7
4857,7,0,7
4858,7,0,7
4859,8,0,8
4860,8,0,8
4861,8,0,8
4862,8,0,8
4863,8,0,8
4864,8,0,8
4865,7,0,7
4866,7,0,7
4867,7,0,7
4868,7,0,7
4869,7,0,7
4870,7,0,7
4871,7,0,7
4872,7,0,7
4873,7,0,7
4874,7,0,7
4875,7,0,7
4876,7,0,7
4877,6,0,6
4878,6,0,6
4879,6,0,6
4880,6,0,6
4881,6,0,6
4882,6,0,6
4883,6,0,6
4884,6,0,6
4885,6,0,6
4886,6,0,6
4887,6,0,6
4888,6,0,6
4889,6,0,6
4890,6,0,6
4891,6,0,6
4892,7,0,7
4893,7,0,7
4894,8,0,8
4895,8,0,8
4896,8,0,8
4897,8,0,8
4898,8,0,8
4899,8,0,8
4900,8,0,8
4901,8,0,8
4902,8,0,8
4903,8,0,8
4904,8,0,8
4905,8,0,8
4906,8,0,8
4907,8,0,8
4908,9,0,9
4909,9,0,9
4910,9,0,9
4911,9,0,9
4912,9,0,9
4913,9,0,9
4914,9,0,9
4915,10,0,10
4916,10,0,10
4917,11,0,11
4918,11,0,11
4919,11,0,11
4920,11,0,11
4921,11,0,11
4922,11,0,11
4923,11,0,11
4924,11,0,11
4925,12,0,12
4926,12,0,12
4927,12,0,12
4928,12,0,12
4929,13,0,13
4930,13,0,13
4931,13,0,13
4932,12,0,12
4933,12,0,12
4934,12,0,12
4935,12,0,12
4936,12,0,12
4937,12,0,12
4938,13,0,13
4939,13,0,13
4940,13,0,13
4941,13,0,13
4942,13,0,13
4943,13,0,13
4944,13,0,13
4945,13,0,13
4946,13,0,13
4947,13,0,13
4948,12,0,12
4949,12,0,12
4950,12,0,12
4951,12,0,12
4952,12,0,12
4953,12,0,12
4954,12,0,12
4955,12,0,12
4956,12,0,12
4957,12,0,12
4958,12,0,12
4959,12,0,12
4960,12,0,12
4961,12,0,12
4962,12,0,12
4963,13,0,13
4964,13,0,13
4965,14,0,14
4966,14,0,14
4967,14,0,14
4968,14,0,14
4969,14,0,14
4970,14,0,14
4971,14,0,14
4972,14,0,14
4973,14,0,14
4974,14,0,14
4975,14,0,14
4976,14,0,14
4977,15,0,15
4978,15,0,15
4979,14,0,14
4980,14,0,14
4981,14,0,14
4982,14,0,14
4983,13,0,13
4984,13,0,13
4985,13,0,13
4986,13,0,13
4987,13,0,13
4988,12,1,13
4989,12,1,13
4990,12,1,13
4991,12,1,13
4992,13,1,14
4993,12,1,13
4994,12,1,13
4995,12,1,13
4996,12,1,13
4997,12,1,13
4998,11,1,12
4999,11,1,12
5000,10,1,11
5001,10,1,11
5002,10,1,11
5003,9,1,10
5004,9,1,10
5005,9,1,10
5006,9,1,10
5007,7,1,8
5008,7,1,8
5009,7,1,8
5010,7,1,8
5011,7,1,8
5012,7,1,8
5013,7,1,8
5014,7,1,8
5015,7,1,8
5016,7,1,8
5017,7,1,8
5018,7,1,8
5019,7,1,8
5020,6,1,7
5021,6,1,7
5022,6,1,7
5023,6,1,7
5024,7,1,8
5025,7,1,8
5026,8,0,8
5027,8,0,8
5028,8,0,8
5029,8,0,8
5030,7,0,7
5031,6,0,6
5032,6,0,6
5033,6,0,6
5034,6,0,6
5035,6,0,6
5036,6,0,6
5037,6,0,6
5038,6,0,6
5039,6,0,6
5040,6,0,6
5041,6,0,6
5042,5,0,5
5043,5,0,5
5044,5,0,5
5045,5,0,5
5046,5,0,5
5047,5,0,5
5048,5,0,5
5049,5,0,5
5050,5,0,5
5051,5,0,5
5052,5,0,5
5053,5,0,5
5054,5,0,5
5055,5,0,5
5056,5,0,5
5057,5,0,5
5058,5,0,5
5059,5,0,5
5060,5,0,5
5061,5,0,5
5062,5,0,5
5063,5,0,5
5064,5,0,5
5065,5,0,5
5066,5,0,5
5067,5,0,5
5068,5,0,5
5069,5,0,5
5070,5,0,5
5071,5,0,5
5072,5,0,5
5073,5,0,5
5074,5,0,5
5075,5,0,5
5076,5,0,5
5077,5,0,5
5078,5,0,5
5079,4,0,4
5080,4,0,4
5081,4,0,4
5082,3,0,3
5083,3,0,3
5084,3,0,3
5085,3,0,3
5086,3,0,3
5087,3,0,3
5088,3,0,3
5089,3,0,3
5090,3,0,3
5091,3,0,3
5092,3,0,3
5093,3,0,3
5094,4,0,4
5095,3,0,3
5096,3,0,3
5097,3,0,3
5098,4,0,4
5099,4,0,4
5100,4,0,4
5101,4,0,4
5102,4,0,4
5103,4,0,4
5104,4,0,4
5105,4,0,4
5106,4,0,4
5107,4,0,4
5108,5,0,5
5109,5,0,5
5110,5,0,5
5111,5,0,5
5112,5,0,5
5113,5,0,5
5114,5,0,5
5115,5,0,5
5116,4,0,4
5117,4,0,4
5118,4,0,4
5119,4,0,4
5120,4,0,4
5121,4,0,4
5122,4,0,4
5123,4,0,4
5124,4,0,4
5125,4,0,4
5126,4,0,4
5127,4,0,4
5128,4,0,4
5129,4,0,4
5130,4,0,4
5131,4,0,4
5132,4,0,4
5133,4,0,4
5134,4,0,4
5135,4,0,4
5136,4,0,4
5137,4,0,4
5138,4,0,4
5139,4,0,4
5140,4,0,4
5141,4,0,4
5142,4,0,4
5143,4,0,4
5144,4,0,4
5145,4,0,4
5146,4,0,4
5147,4,0,4
5148,4,0,4
5149,4,0,4
5150,4,0,4
5151,4,0,4
5152,3,0,3
5153,3,0,3
5154,3,0,3
5155,4,0,4
5156,4,0,4
5157,4,0,4
5158,4,0,4
5159,4,0,4
5160,4,0,4
5161,3,0,3
5162,3,0,3
5163,3,0,3
5164,3,0,3
5165,3,0,3
5166,3,0,3
5167,4,0,4
5168,4,0,4
5169,4,0,4
5170,4,0,4
5171,4,0,4
5172,4,0,4
5173,4,0,4
5174,4,0,4
5175,5,0,5
5176,5,0,5
5177,5,0,5
5178,6,0,6
5179,6,0,6
5180,6,0,6
5181,6,0,6
5182,6,0,6
5183,6,0,6
5184,6,0,6
5185,6,0,6
5186,6,0,6
5187,6,0,6
5188,6,0,6
5189,6,0,6
5190,6,0,6
5191,5,0,5
5192,5,0,5
5193,5,0,5
5194,5,0,5
5195,4,0,4
5196,3,0,3
5197,3,0,3
5198,3,0,3
5199,4,0,4
5200,4,0,4
5201,4,0,4
5202,5,0,5
5203,5,0,5
5204,5,0,5
5205,5,0,5
5206,5,0,5
5207,5,0,5
5208,5,0,5
5209,5,0,5
5210,5,0,5
5211,5,0,5
5212,5,0,5
5213,5,0,5
5214,5,0,5
5215,6,0,6
5216,5,0,5
5217,5,0,5
5218,5,0,5
5219,5,0,5
5220,5,0,5
5221,5,0,5
5222,5,0,5
5223,5,0,5
5224,5,0,5
5225,5,0,5
5226,5,0,5
5227,5,0,5
5228,5,0,5
5229,5,0,5
5230,5,0,5
5231,5,0,5
5232,5,0,5
5233,5,0,5
5234,6,0,6
5235,6,0,6
5236,6,0,6
5237,6,0,6
5238,5,0,5
5239,5,0,5
5240,5,0,5
5241,5,0,5
5242,5,0,5
5243,5,0,5
5244,5,0,5
5245,5,0,5
5246,6,0,6
5247,6,0,6
5248,6,0,6
5249,6,0,6
5250,6,0,6
5251,6,0,6
5252,6,0,6
5253,6,0,6
5254,6,0,6
5255,6,0,6
5256,6,0,6
5257,5,0,5
5258,5,0,5
5259,4,0,4
5260,4,0,4
5261,3,1,4
5262,3,1,4
5263,3,1,4
5264,3,1,4
5265,3,1,4
5266,3,1,4
5267,3,1,4
5268,3,1,4
5269,3,1,4
5270,3,1,4
5271,3,1,4
5272,3,1,4
5273,3,1,4
5274,3,1,4
5275,3,1,4
5276,3,1,4
5277,3,1,4
5278,3,1,4
5279,3,1,4
5280,3,1,4
5281,3,1,4
5282,3,1,4
5283,3,1,4
5284,3,1,4
5285,3,1,4
5286,3,1,4
5287,3,1,4
5288,3,1,4
5289,3,1,4
5290,3,1,4
5291,3,1,4
5292,3,1,4
5293,3,1,4
5294,3,1,4
5295,3,1,4
5296,3,1,4
5297,3,1,4
5298,3,1,4
5299,2,1,3
5300,2,1,3
5301,2,1,3
5302,2,1,3
5303,3,1,4
5304,3,1,4
5305,3,1,4
5306,3,1,4
5307,4,0,4
5308,3,0,3
5309,3,0,3
5310,3,0,3
5311,3,0,3
5312,3,0,3
5313,3,0,3
5314,3,0,3
5315,3,0,3
5316,3,0,3
5317,3,0,3
5318,3,0,3
5319,3,0,3
5320,3,0,3
5321,3,0,3
5322,3,0,3
5323,3,0,3
5324,3,0,3
5325,3,0,3
5326,3,0,3
5327,3,0,3
5328,3,0,3
5329,3,0,3
5330,3,0,3
5331,3,0,3
5332,3,0,3
5333,3,0,3
5334,3,0,3
5335,3,0,3
5336,3,0,3
5337,3,0,3
5338,3,0,3
5339,3,0,3
5340,3,0,3
5341,3,0,3
5342,3,0,3
5343,2,0,2
5344,1,0,1
5345,1,0,1
5346,1,0,1
5347,1,0,1
5348,1,0,1
5349,0,0,0
5350,0,0,0
5351,0,0,0
5352,0,0,0
5353,0,0,0
5354,0,0,0
5355,0,0,0
5356,0,0,0
5357,0,0,0
5358,0,0,0
5359,0,0,0
5360,0,0,0
5361,0,0,0
5362,0,0,0
5363,0,0,0
5364,0,0,0
5365,0,0,0
5366,1,0,1
5367,1,0,1
5368,1,0,1
5369,1,0,1
5370,1,0,1
5371,1,0,1
5372,1,0,1
5373,1,0,1
5374,3,0,3
5375,3,0,3
5376,3,0,3
5377,3,0,3
5378,3,0,3
5379,3,0,3
5380,3,0,3
5381,3,0,3
5382,3,0,3
5383,3,0,3
5384,3,0,3
5385,3,0,3
5386,3,0,3
5387,3,0,3
5388,3,0,3
5389,3,0,3
5390,3,0,3
5391,3,0,3
5392,3,0,3
5393,3,0,3
5394,3,0,3
5395,3,0,3
5396,3,0,3
5397,3,0,3
5398,3,0,3
5399,3,0,3
5400,3,0,3
5401,3,0,3
5402,3,0,3
5403,3,0,3
5404,3,0,3
5405,3,0,3
5406,3,0,3
5407,3,0,3
5408,3,0,3
5409,3,0,3
5410,3,0,3
5411,3,0,3
5412,3,0,3
5413,3,0,3
5414,3,0,3
5415,3,0,3
5416,3,0,3
5417,3,0,3
5418,3,0,3
5419,3,0,3
5420,3,0,3
5421,3,0,3
5422,3,0,3
5423,4,0,4
5424,4,0,4
5425,4,0,4
5426,3,0,3
5427,3,0,3
5428,3,0,3
5429,3,0,3
5430,3,0,3
5431,3,0,3
5432,3,0,3
5433,3,0,3
5434,3,0,3
5435,3,0,3
5436,3,0,3
5437,3,0,3
5438,3,0,3
5439,3,0,3
5440,3,0,3
5441,3,0,3
5442,3,0,3
5443,2,0,2
5444,2,0,2
5445,2,0,2
5446,2,0,2
5447,2,0,2
5448,2,0,2
5449,2,0,2
5450,2,0,2
5451,3,0,3
5452,3,0,3
5453,3,0,3
5454,3,0,3
5455,3,0,3
5456,3,0,3
5457,3,0,3
5458,3,0,3
5459,3,0,3
5460,3,0,3
5461,3,0,3
5462,3,0,3
5463,3,0,3
5464,3,0,3
5465,3,0,3
5466,3,0,3
5467,3,0,3
5468,2,1,3
5469,3,0,3
5470,3,0,3
5471,3,0,3
5472,3,0,3
5473,3,0,3
5474,2,1,3
5475,2,1,3
5476,2,1,3
5477,2,1,3
5478,2,1,3
5479,2,1,3
5480,2,1,3
5481,1,1,2
5482,1,1,2
5483,1,1,2
5484,1,1,2
5485,2,0,2
5486,2,0,2
5487,2,0,2
5488,2,0,2
5489,2,0,2
5490,2,0,2
5491,2,0,2
5492,2,0,2
5493,1,0,1
5494,1,0,1
5495,1,0,1
5496,1,0,1
5497,1,0,1
5498,1,0,1
5499,1,0,1
5500,1,0,1
5501,1,0,1
5502,1,0,1
5503,1,0,1
5504,1,0,1
5505,1,0,1
5506,1,0,1
5507,1,0,1
5508,1,0,1
5509,1,0,1
5510,1,0,1
5511,1,0,1
5512,1,0,1
5513,1,0,1
5514,1,0,1
5515,1,0,1
5516,1,0,1
5517,1,0,1
5518,1,0,1
5519,1,0,1
5520,1,0,1
5521,1,0,1
5522,1,0,1
5523,1,0,1
5524,1,0,1
5525,1,0,1
5526,1,0,1
5527,1,0,1
5528,1,0,1
5529,1,0,1
5530,1,0,1
5531,1,0,1
5532,1,0,1
5533,1,0,1
5534,1,0,1
5535,1,0,1
5536,1,0,1
5537,1,0,1
5538,1,0,1
5539,1,0,1
5540,1,0,1
5541,1,0,1
5542,1,0,1
5543,1,0,1
5544,0,0,0
5545,0,0,0
5546,0,0,0
5547,0,0,0
5548,0,0,0
5549,0,0,0
5550,0,0,0
5551,0,0,0
5552,0,0,0
5553,0,0,0
5554,0,0,0
5555,0,0,0
5556,0,0,0
5557,0,0,0
5558,0,0,0
5559,0,0,0
5560,0,0,0
5561,0,0,0
5562,0,0,0
5563,0,0,0
5564,0,0,0
5565,0,0,0
5566,0,0,0
5567,0,0,0
5568,0,0,0
5569,0,0,0
5570,0,0,0
5571,0,0,0
5572,0,0,0
5573,0,0,0
5574,0,0,0
5575,0,0,0
5576,0,0,0
5577,0,0,0
5578,0,0,0
5579,0,0,0
5580,0,0,0
5581,0,0,0
5582,0,0,0
5583,0,0,0
5584,0,0,0
5585,0,0,0
5586,0,0,0
5587,0,0,0
5588,0,0,0
5589,0,0,0
5590,0,0,0
5591,0,0,0
5592,0,0,0
5593,0,0,0
5594,0,0,0
5595,0,0,0
5596,0,0,0
5597,0,0,0
5598,0,0,0
5599,0,0,0
5600,0,0,0
5601,0,0,0
5602,0,0,0
5603,0,0,0
5604,0,0,0
5605,0,0,0
5606,0,0,0
5607,0,0,0
5608,0,0,0
5609,0,0,0
5610,0,0,0
5611,0,0,0
5612,0,0,0
5613,0,0,0
5614,0,0,0
5615,0,0,0
5616,1,0,1
5617,1,0,1
5618,1,0,1
5619,1,0,1
5620,1,0,1
5621,1,0,1
5622,1,0,1
5623,1,0,1
5624,1,0,1
5625,1,0,1
5626,1,0,1
5627,1,0,1
5628,1,0,1
5629,1,0,1
5630,1,0,1
5631,1,0,1
5632,1,0,1
5633,1,0,1
5634,2,0,2
5635,2,0,2
5636,2,0,2
5637,2,0,2
5638,2,0,2
5639,2,0,2
5640,2,0,2
5641,3,0,3
5642,3,0,3
5643,3,0,3
5644,3,0,3
5645,3,0,3
5646,4,0,4
5647,4,0,4
5648,4,0,4
5649,5,0,5
5650,5,0,5
5651,5,0,5
5652,5,0,5
5653,5,0,5
5654,5,0,5
5655,5,0,5
5656,5,0,5
5657,5,0,5
5658,3,2,5
5659,4,2,6
5660,4,2,6
5661,4,2,6
5662,4,2,6
5663,4,2,6
5664,4,2,6
5665,4,2,6
5666,4,2,6
5667,4,2,6
5668,4,2,6
5669,4,3,7
5670,4,3,7
5671,4,3,7
5672,5,3,8
5673,4,3,7
5674,5,3,8
5675,5,3,8
5676,5,3,8
5677,5,3,8
5678,5,3,8
5679,5,3,8
5680,5,3,8
5681,6,2,8
5682,5,2,7
5683,5,2,7
5684,5,2,7
5685,5,2,7
5686,6,1,7
5687,6,1,7
5688,6,1,7
5689,6,1,7
5690,6,1,7
5691,6,1,7
5692,6,1,7
5693,6,1,7
5694,6,1,7
5695,6,1,7
5696,6,1,7
5697,7,0,7
5698,7,0,7
5699,7,0,7
5700,7,0,7
5701,7,0,7
5702,7,0,7
5703,7,0,7
5704,7,0,7
5705,7,0,7
5706,7,0,7
5707,8,0,8
5708,9,0,9
5709,9,0,9
5710,9,0,9
5711,9,0,9
5712,10,0,10
5713,10,0,10
5714,9,1,10
5715,9,1,10
5716,9,1,10
5717,9,1,10
5718,9,1,10
5719,9,1,10
5720,9,1,10
5721,9,1,10
5722,8,1,9
5723,8,1,9
5724,8,1,9
5725,8,1,9
5726,8,1,9
5727,8,1,9
5728,8,1,9
5729,8,1,9
5730,8,1,9
5731,8,1,9
5732,8,1,9
5733,7,1,8
5734,7,1,8
5735,7,1,8
5736,7,1,8
5737,7,1,8
5738,7,1,8
5739,7,1,8
5740,7,1,8
5741,6,1,7
5742,6,1,7
5743,6,1,7
5744,6,1,7
5745,6,1,7
5746,6,1,7
5747,6,1,7
5748,5,1,6
5749,5,1,6
5750,5,1,6
5751,4,1,5
5752,4,1,5
5753,4,1,5
5754,4,1,5
5755,5,1,6
5756,5,1,6
5757,4,1,5
5758,4,1,5
5759,4,1,5
5760,4,1,5
5761,4,1,5
5762,4,1,5
5763,4,1,5
5764,4,1,5
5765,5,1,6
5766,5,1,6
5767,5,1,6
5768,5,1,6
5769,5,0,5
5770,5,0,5
5771,4,0,4
5772,4,0,4
5773,3,0,3
5774,3,0,3
5775,3,0,3
5776,3,0,3
5777,3,0,3
5778,3,0,3
5779,3,0,3
5780,3,0,3
5781,3,0,3
5782,3,0,3
5783,3,0,3
5784,3,0,3
5785,3,0,3
5786,3,0,3
5787,3,0,3
5788,3,0,3
5789,3,0,3
5790,3,0,3
5791,3,0,3
5792,3,0,3
5793,3,0,3
5794,3,0,3
5795,3,0,3
5796,3,0,3
5797,3,0,3
5798,3,0,3
5799,3,0,3
5800,3,0,3
5801,3,0,3
5802,3,0,3
5803,3,0,3
5804,3,0,3
5805,3,0,3
5806,3,0,3
5807,3,0,3
5808,3,0,3
5809,3,0,3
5810,3,0,3
5811,3,0,3
5812,3,0,3
5813,3,0,3
5814,3,0,3
5815,3,0,3
5816,3,0,3
5817,2,0,2
5818,2,0,2
5819,1,0,1
5820,1,0,1
5821,1,0,1
5822,1,0,1
5823,1,0,1
5824,1,0,1
5825,1,0,1
5826,1,0,1
5827,1,0,1
5828,1,0,1
5829,1,0,1
5830,1,0,1
5831,1,0,1
5832,1,0,1
5833,1,0,1
5834,1,0,1
5835,0,0,0
5836,0,0,0
5837,0,0,0
5838,0,0,0
5839,0,0,0
5840,0,0,0
5841,0,0,0
5842,0,0,0
5843,0,0,0
5844,0,0,0
5845,0,0,0
5846,0,0,0
5847,0,0,0
5848,0,0,0
5849,0,0,0
5850,0,0,0
5851,0,0,0
5852,0,0,0
5853,0,0,0
5854,0,0,0
5855,0,0,0
5856,0,0,0
5857,0,0,0
5858,0,0,0
5859,0,0,0
5860,0,0,0
5861,0,0,0
5862,0,0,0
5863,0,0,0
5864,0,0,0
5865,0,0,0
5866,0,0,0
5867,0,0,0
5868,0,0,0
5869,0,0,0
5870,0,0,0
5871,0,0,0
5872,0,0,0
5873,0,0,0
5874,0,0,0
5875,0,0,0
5876,0,0,0
5877,0,0,0
5878,0,0,0
5879,0,0,0
5880,0,0,0
5881,0,0,0
5882,0,0,0
5883,0,0,0
5884,0,0,0
5885,0,0,0
5886,0,0,0
5887,0,0,0
5888,0,0,0
5889,0,0,0
5890,0,0,0
5891,0,0,0
5892,0,0,0
5893,0,0,0
5894,0,0,0
5895,0,0,0
5896,0,0,0
5897,0,0,0
5898,0,0,0
5899,0,0,0
5900,0,0,0
5901,0,0,0
5902,0,0,0
5903,0,0,0
5904,0,0,0
5905,0,0,0
5906,0,0,0
5907,0,0,0
5908,0,0,0
5909,0,0,0
5910,0,0,0
5911,0,0,0
5912,0,0,0
5913,0,0,0
5914,0,0,0
5915,0,0,0
5916,0,0,0
5917,0,0,0
5918,0,0,0
5919,0,0,0
5920,0,0,0
5921,0,0,0
5922,0,0,0
5923,0,0,0
5924,0,0,0
5925,0,0,0
5926,0,0,0
5927,0,0,0
5928,0,0,0
5929,0,0,0
5930,0,0,0
5931,0,0,0
5932,0,0,0
5933,0,0,0
5934,0,0,0
5935,0,0,0
5936,0,0,0
5937,0,0,0
5938,0,0,0
5939,0,0,0
5940,0,0,0
5941,0,0,0
5942,0,0,0
5943,0,0,0
5944,0,0,0
5945,0,0,0
5946,0,0,0
5947,0,0,0
5948,0,0,0
5949,0,0,0
5950,0,0,0
5951,0,0,0
5952,0,0,0
5953,0,0,0
5954,0,0,0
5955,0,0,0
5956,0,0,0
5957,0,0,0
5958,0,0,0
5959,0,0,0
5960,0,0,0
5961,0,0,0
5962,0,0,0
5963,0,0,0
5964,0,0,0
5965,0,0,0
5966,0,0,0
5967,0,0,0
5968,0,0,0
5969,0,0,0
5970,0,0,0
5971,0,0,0
5972,0,0,0
5973,0,0,0
5974,0,0,0
5975,0,0,0
5976,0,0,0
5977,0,0,0
5978,0,0,0
5979,0,0,0
5980,0,0,0
5981,0,0,0
5982,0,0,0
5983,0,0,0
5984,0,0,0
5985,0,0,0
5986,0,0,0
5987,0,0,0
5988,0,0,0
5989,0,0,0
5990,0,0,0
5991,0,0,0
5992,0,0,0
5993,0,0,0
5994,0,0,0
5995,0,0,0
5996,0,0,0
5997,0,0,0
5998,0,0,0
5999,0,0,0
6000,0,0,0
6001,0,0,0
6002,0,0,0
6003,0,0,0
6004,0,0,0
6005,0,0,0
6006,0,0,0
6007,0,0,0
6008,0,0,0
6009,0,0,0
6010,0,0,0
6011,0,0,0
6012,0,0,0
6013,0,0,0
6014,0,0,0
6015,0,0,0
6016,0,0,0
6017,0,0,0
6018,0,0,0
6019,0,0,0
6020,0,0,0
6021,0,0,0
6022,0,0,0
6023,0,0,0
6024,0,0,0
6025,0,0,0
6026,0,0,0
6027,0,0,0
6028,0,0,0
6029,0,0,0
6030,0,0,0
6031,0,0,0
6032,0,0,0
6033,0,0,0
6034,0,0,0
6035,0,0,0
6036,0,0,0
6037,0,0,0
6038,0,0,0
6039,0,0,0
6040,0,0,0
6041,0,0,0
6042,0,0,0
6043,0,0,0
6044,0,0,0
6045,0,0,0
6046,0,0,0
6047,0,0,0
6048,0,0,0
6049,0,0,0
6050,0,0,0
6051,0,0,0
6052,0,0,0
6053,0,0,0
6054,0,0,0
6055,0,0,0
6056,0,0,0
6057,0,0,0
6058,0,0,0
6059,0,0,0
6060,0,0,0
6061,0,0,0
6062,0,0,0
6063,0,0,0
6064,0,0,0
6065,0,0,0
6066,0,0,0
6067,0,0,0
6068,0,0,0
6069,0,0,0
6070,0,0,0
6071,0,0,0
6072,0,0,0
6073,0,0,0
6074,0,0,0
6075,0,0,0
6076,0,0,0
6077,0,0,0
6078,0,0,0
6079,0,0,0
6080,0,0,0
6081,0,0,0
6082,0,0,0
6083,0,0,0
6084,0,0,0
6085,0,0,0
6086,0,0,0
6087,0,0,0
6088,0,0,0
6089,0,0,0
6090,0,0,0
6091,0,0,0
6092,0,0,0
6093,0,0,0
6094,0,0,0
6095,0,0,0
6096,0,0,0
6097,0,0,0
6098,0,0,0
6099,0,0,0
6100,0,0,0
6101,0,0,0
6102,0,0,0
6103,0,0,0
6104,0,0,0
6105,0,0,0
6106,0,0,0
6107,0,0,0
6108,0,0,0
6109,0,0,0
6110,0,0,0
6111,0,0,0
6112,0,0,0
6113,0,0,0
6114,0,0,0
6115,1,0,1
6116,1,0,1
6117,1,0,1
6118,1,0,1
6119,1,0,1
6120,1,0,1
6121,1,0,1
6122,1,0,1
6123,1,0,1
6124,1,0,1
6125,1,0,1
6126,1,0,1
6127,1,0,1
6128,1,0,1
6129,1,0,1
6130,1,0,1
6131,1,0,1
6132,1,0,1
6133,1,0,1
6134,1,0,1
6135,1,0,1
6136,1,0,1
6137,1,0,1
6138,1,0,1
6139,1,0,1
6140,1,0,1
6141,1,0,1
6142,1,0,1
6143,1,0,1
6144,1,0,1
6145,1,0,1
6146,1,0,1
6147,1,0,1
6148,1,0,1
6149,1,0,1
6150,1,0,1
6151,1,0,1
6152,1,0,1
6153,1,0,1
6154,1,0,1
6155,1,0,1
6156,1,0,1
6157,1,0,1
6158,1,0,1
6159,1,0,1
6160,1,0,1
6161,1,0,1
6162,1,0,1
6163,1,0,1
6164,1,0,1
6165,1,0,1
6166,1,0,1
6167,1,0,1
6168,1,0,1
6169,1,0,1
6170,1,0,1
6171,1,0,1
6172,1,0,1
6173,1,0,1
6174,1,0,1
6175,1,0,1
6176,1,0,1
6177,1,0,1
6178,1,0,1
6179,1,0,1
6180,1,0,1
6181,1,0,1
6182,1,0,1
6183,1,0,1
6184,1,0,1
6185,1,0,1
6186,1,0,1
6187,1,0,1
6188,1,0,1
6189,1,0,1
6190,1,0,1
6191,1,0,1
6192,1,0,1
6193,1,0,1
6194,1,0,1
6195,1,0,1
6196,1,0,1
6197,1,0,1
6198,1,0,1
6199,1,0,1
6200,1,0,1
6201,1,0,1
6202,1,0,1
6203,1,0,1
6204,1,0,1
6205,1,0,1
6206,1,0,1
6207,1,0,1
6208,1,0,1
6209,1,0,1
6210,1,0,1
6211,1,0,1
6212,1,0,1
6213,1,0,1
6214,1,0,1
6215,1,0,1
6216,1,0,1
6217,1,0,1
6218,1,0,1
6219,1,0,1
6220,1,0,1
6221,1,0,1
6222,1,0,1
6223,1,0,1
6224,1,0,1
6225,1,0,1
6226,1,0,1
6227,1,0,1
6228,0,0,0
6229,0,0,0
6230,0,0,0
6231,0,0,0
6232,0,0,0
6233,0,0,0
6234,0,0,0
6235,0,0,0
6236,0,0,0
6237,0,0,0
6238,0,0,0
6239,0,0,0
6240,0,0,0
6241,0,0,0
6242,0,0,0
6243,0,0,0
6244,0,0,0
6245,0,0,0
6246,0,0,0
6247,0,0,0
6248,0,0,0
6249,0,0,0
6250,0,0,0
6251,0,0,0
6252,0,0,0
6253,0,0,0
6254,0,0,0
6255,0,0,0
6256,0,0,0
6257,0,0,0
6258,0,0,0
6259,0,0,0
6260,0,0,0
6261,1,0,1
6262,1,0,1
6263,1,0,1
6264,1,0,1
6265,1,0,1
6266,1,0,1
6267,1,0,1
6268,1,0,1
6269,1,0,1
6270,1,0,1
6271,1,0,1
6272,1,0,1
6273,1,0,1
6274,1,0,1
6275,1,0,1
6276,1,0,1
6277,1,0,1
6278,1,0,1
6279,1,0,1
6280,1,0,1
6281,1,0,1
6282,1,0,1
6283,1,0,1
6284,1,0,1
6285,1,0,1
6286,1,0,1
6287,1,0,1
6288,1,0,1
6289,1,0,1
6290,1,0,1
6291,1,0,1
6292,1,0,1
6293,1,0,1
6294,1,0,1
6295,1,0,1
6296,1,0,1
6297,1,0,1
6298,1,0,1
6299,1,0,1
6300,1,0,1
6301,1,0,1
6302,1,0,1
6303,1,0,1
6304,1,0,1
6305,1,0,1
6306,1,0,1
6307,1,0,1
6308,1,0,1
6309,1,0,1
6310,1,0,1
6311,1,0,1
6312,1,0,1
6313,1,0,1
6314,1,0,1
6315,1,0,1
6316,1,0,1
6317,1,0,1
6318,1,0,1
6319,1,0,1
6320,1,0,1
6321,1,0,1
6322,1,0,1
6323,1,0,1
6324,1,0,1
6325,1,0,1
6326,2,0,2
6327,2,0,2
6328,2,0,2
6329,2,0,2
6330,2,0,2
6331,2,0,2
6332,2,0,2
6333,2,0,2
6334,2,0,2
6335,1,0,1
6336,1,0,1
6337,1,0,1
6338,1,0,1
6339,1,0,1
6340,1,0,1
6341,1,0,1
6342,1,0,1
6343,1,0,1
6344,1,0,1
6345,1,0,1
6346,1,0,1
6347,1,0,1
6348,1,0,1
6349,1,0,1
6350,1,0,1
6351,1,0,1
6352,1,0,1
6353,1,0,1
6354,1,0,1
6355,1,0,1
6356,1,0,1
6357,1,0,1
6358,1,0,1
6359,1,0,1
6360,1,0,1
6361,1,0,1
6362,1,0,1
6363,1,0,1
6364,1,0,1
6365,1,0,1
6366,1,0,1
6367,1,0,1
6368,1,0,1
6369,1,0,1
6370,1,0,1
6371,1,0,1
6372,1,0,1
6373,1,0,1
6374,1,0,1
6375,1,0,1
6376,1,0,1
6377,1,0,1
6378,1,0,1
6379,1,0,1
6380,1,0,1
6381,1,0,1
6382,1,0,1
6383,1,0,1
6384,1,0,1
6385,1,0,1
6386,1,0,1
6387,1,0,1
6388,1,0,1
6389,1,0,1
6390,1,0,1
6391,1,0,1
6392,1,0,1
6393,1,0,1
6394,1,0,1
6395,1,0,1
6396,1,0,1
6397,1,0,1
6398,1,0,1
6399,1,0,1
6400,1,0,1
6401,1,0,1
6402,1,0,1
6403,1,0,1
6404,1,0,1
6405,1,0,1
6406,1,0,1
6407,1,0,1
6408,1,0,1
6409,1,0,1
6410,1,0,1
6411,1,0,1
6412,1,0,1
6413,1,0,1
6414,1,0,1
6415,1,0,1
6416,1,0,1
6417,1,0,1
6418,1,0,1
6419,1,0,1
6420,1,0,1
6421,1,0,1
6422,1,0,1
6423,1,0,1
6424,1,0,1
6425,1,0,1
6426,1,0,1
6427,1,0,1
6428,1,0,1
6429,1,0,1
6430,1,0,1
6431,1,0,1
6432,1,0,1
6433,1,0,1
6434,1,0,1
6435,1,0,1
6436,1,0,1
6437,1,0,1
6438,1,0,1
6439,1,0,1
6440,1,0,1
6441,1,0,1
6442,1,0,1
6443,1,0,1
6444,1,0,1
6445,1,0,1
6446,1,0,1
6447,1,0,1
6448,1,0,1
6449,1,0,1
6450,1,0,1
6451,1,0,1
6452,1,0,1
6453,1,0,1
6454,1,0,1
6455,1,0,1
6456,1,0,1
6457,1,0,1
6458,1,0,1
6459,1,0,1
6460,1,0,1
6461,1,0,1
6462,1,0,1
6463,1,0,1
6464,1,0,1
6465,1,0,1
6466,1,0,1
6467,1,0,1
6468,1,0,1
6469,1,0,1
6470,1,0,1
6471,1,0,1
6472,1,0,1
6473,1,0,1
6474,1,0,1
6475,1,0,1
6476,1,0,1
6477,1,0,1
6478,1,0,1
6479,1,0,1
6480,1,0,1
6481,1,0,1
6482,1,0,1
6483,1,0,1
6484,1,0,1
6485,1,0,1
6486,1,0,1
6487,1,0,1
6488,1,0,1
6489,1,0,1
6490,1,0,1
6491,1,0,1
6492,1,0,1
6493,1,0,1
6494,1,0,1
6495,1,0,1
6496,1,0,1
6497,1,0,1
6498,1,0,1
6499,1,0,1
6500,1,0,1
6501,1,0,1
6502,1,0,1
6503,1,0,1
6504,1,0,1
6505,1,0,1
6506,1,0,1
6507,1,0,1
6508,1,0,1
6509,1,0,1
6510,1,0,1
6511,1,0,1
6512,1,0,1
6513,1,0,1
6514,1,0,1
6515,1,0,1
6516,1,0,1
6517,1,0,1
6518,1,0,1
6519,1,0,1
6520,1,0,1
6521,1,0,1
6522,1,0,1
6523,1,0,1
6524,1,0,1
6525,1,0,1
6526,1,0,1
6527,1,0,1
6528,1,0,1
6529,1,0,1
6530,1,0,1
6531,1,0,1
6532,1,0,1
6533,2,0,2
6534,2,0,2
6535,2,0,2
6536,2,0,2
6537,1,0,1
6538,1,0,1
6539,1,0,1
6540,1,0,1
6541,1,0,1
6542,1,0,1
6543,1,0,1
6544,1,0,1
6545,1,0,1
6546,1,0,1
6547,1,0,1
6548,1,0,1
6549,1,0,1
6550,1,0,1
6551,1,0,1
6552,1,0,1
6553,1,0,1
6554,1,0,1
6555,1,0,1
6556,1,0,1
6557,1,0,1
6558,1,0,1
6559,1,0,1
6560,1,0,1
6561,1,0,1
6562,1,0,1
6563,1,0,1
6564,1,0,1
6565,1,0,1
6566,1,0,1
6567,1,0,1
6568,1,0,1
6569,1,0,1
6570,1,0,1
6571,1,0,1
6572,1,0,1
6573,1,0,1
6574,1,0,1
6575,1,0,1
6576,1,0,1
6577,1,0,1
6578,1,0,1
6579,1,0,1
6580,1,0,1
6581,1,0,1
6582,1,0,1
6583,1,0,1
6584,1,0,1
6585,1,0,1
6586,1,0,1
6587,1,0,1
6588,1,0,1
6589,1,0,1
6590,1,0,1
6591,1,0,1
6592,1,0,1
6593,1,0,1
6594,1,0,1
6595,1,0,1
6596,1,0,1
6597,1,0,1
6598,1,0,1
6599,1,0,1
6600,1,0,1
6601,1,0,1
6602,2,0,2
6603,2,0,2
6604,2,0,2
6605,2,0,2
6606,2,0,2
6607,2,0,2
6608,2,0,2
6609,2,0,2
6610,2,0,2
6611,2,0,2
6612,2,0,2
6613,2,0,2
6614,2,0,2
6615,2,0,2
6616,2,0,2
6617,2,0,2
6618,2,0,2
6619,2,0,2
6620,2,0,2
6621,2,0,2
6622,2,0,2
6623,2,0,2
6624,2,0,2
6625,2,0,2
6626,2,0,2
6627,2,0,2
6628,2,0,2
6629,2,0,2
6630,2,0,2
6631,2,0,2
6632,2,0,2
6633,2,0,2
6634,2,0,2
6635,2,0,2
6636,2,0,2
6637,2,0,2
6638,2,0,2
6639,2,0,2
6640,2,0,2
6641,2,0,2
6642,1,0,1
6643,1,0,1
6644,1,0,1
6645,1,0,1
6646,1,0,1
6647,1,0,1
6648,1,0,1
6649,1,0,1
6650,1,0,1
6651,1,0,1
6652,1,0,1
6653,1,0,1
6654,1,0,1
6655,1,0,1
6656,1,0,1
6657,1,0,1
6658,1,0,1
6659,1,0,1
6660,1,0,1
6661,2,0,2
6662,2,0,2
6663,2,0,2
6664,2,0,2
6665,2,0,2
6666,2,0,2
6667,2,0,2
6668,2,0,2
6669,2,0,2
6670,2,0,2
6671,2,0,2
6672,2,0,2
6673,2,0,2
6674,2,0,2
6675,2,0,2
6676,2,0,2
6677,2,0,2
6678,2,0,2
6679,2,0,2
6680,2,0,2
6681,2,0,2
6682,2,0,2
6683,2,0,2
6684,2,0,2
6685,2,0,2
6686,2,0,2
6687,2,0,2
6688,2,0,2
6689,2,0,2
6690,2,0,2
6691,2,0,2
6692,2,0,2
6693,2,0,2
6694,2,0,2
6695,2,0,2
6696,2,0,2
6697,2,0,2
6698,2,0,2
6699,2,0,2
6700,2,0,2
6701,2,0,2
6702,2,0,2
6703,2,0,2
6704,2,0,2
6705,2,0,2
6706,2,0,2
6707,2,0,2
6708,2,0,2
6709,2,0,2
6710,2,0,2
6711,2,0,2
6712,2,0,2
6713,2,0,2
6714,2,0,2
6715,3,0,3
6716,3,0,3
6717,3,0,3
6718,3,0,3
6719,3,0,3
6720,3,0,3
6721,3,0,3
6722,3,0,3
6723,3,0,3
6724,3,0,3
6725,3,0,3
6726,3,0,3
6727,3,0,3
6728,3,0,3
6729,2,0,2
6730,2,0,2
6731,2,0,2
6732,2,0,2
6733,2,0,2
6734,2,0,2
6735,2,0,2
6736,2,0,2
6737,2,0,2
6738,2,0,2
6739,2,0,2
6740,2,0,2
6741,2,0,2
6742,2,0,2
6743,2,0,2
6744,2,0,2
6745,2,0,2
6746,2,0,2
6747,2,0,2
6748,2,0,2
6749,2,0,2
6750,2,0,2
6751,2,0,2
6752,2,0,2
6753,3,0,3
6754,3,0,3
6755,3,0,3
6756,3,0,3
6757,3,0,3
6758,3,0,3
6759,3,0,3
6760,3,0,3
6761,3,0,3
6762,3,0,3
6763,3,0,3
6764,3,0,3
6765,4,0,4
6766,4,0,4
6767,4,0,4
6768,4,0,4
6769,4,0,4
6770,4,0,4
6771,4,0,4
6772,4,0,4
6773,4,0,4
6774,4,0,4
6775,4,0,4
6776,4,0,4
6777,4,0,4
6778,4,0,4
6779,4,0,4
6780,3,0,3
6781,3,0,3
6782,3,0,3
6783,3,0,3
6784,3,0,3
6785,3,0,3
6786,3,0,3
6787,3,0,3
6788,3,0,3
6789,3,0,3
6790,3,0,3
6791,3,0,3
6792,3,0,3
6793,3,0,3
6794,3,0,3
6795,3,0,3
6796,3,0,3
6797,3,0,3
6798,3,0,3
6799,3,0,3
6800,3,0,3
6801,3,0,3
6802,3,0,3
6803,3,0,3
6804,3,0,3
6805,3,0,3
6806,3,0,3
6807,3,0,3
6808,3,0,3
6809,3,0,3
6810,3,0,3
6811,3,0,3
6812,3,0,3
6813,3,0,3
6814,3,0,3
6815,3,0,3
6816,3,0,3
6817,3,0,3
6818,3,0,3
6819,3,0,3
6820,3,0,3
6821,3,0,3
6822,3,0,3
6823,3,0,3
6824,3,0,3
6825,3,0,3
6826,3,0,3
6827,3,0,3
6828,3,0,3
6829,3,0,3
6830,3,0,3
6831,3,0,3
6832,3,0,3
6833,3,0,3
6834,3,0,3
6835,3,0,3
6836,3,0,3
6837,3,0,3
6838,3,0,3
6839,3,0,3
6840,3,0,3
6841,3,0,3
6842,3,0,3
6843,3,0,3
6844,3,0,3
6845,3,0,3
6846,3,0,3
6847,3,0,3
6848,3,0,3
6849,3,0,3
6850,3,0,3
6851,3,0,3
6852,3,0,3
6853,3,0,3
6854,3,0,3
6855,3,0,3
6856,3,0,3
6857,3,0,3
6858,3,0,3
6859,3,0,3
6860,3,0,3
6861,3,0,3
6862,3,0,3
6863,3,0,3
6864,3,0,3
6865,3,0,3
6866,3,0,3
6867,3,0,3
6868,3,0,3
6869,3,0,3
6870,3,0,3
6871,3,0,3
6872,3,0,3
6873,3,0,3
6874,3,0,3
6875,3,0,3
6876,3,0,3
6877,3,0,3
6878,3,0,3
6879,3,0,3
6880,3,0,3
6881,3,0,3
6882,3,0,3
6883,3,0,3
6884,3,0,3
6885,4,0,4
6886,5,0,5
6887,5,0,5
6888,5,0,5
6889,5,0,5
6890,5,0,5
6891,5,0,5
6892,5,0,5
6893,5,0,5
6894,5,0,5
6895,5,0,5
6896,5,0,5
6897,5,0,5
6898,5,0,5
6899,5,0,5
6900,5,0,5
6901,5,0,5
6902,5,0,5
6903,5,0,5
6904,5,0,5
6905,5,0,5
6906,5,0,5
6907,5,0,5
6908,5,0,5
6909,5,0,5
6910,5,0,5
6911,6,0,6
6912,6,0,6
6913,6,0,6
6914,6,0,6
6915,6,0,6
6916,6,0,6
6917,6,0,6
6918,6,0,6
6919,7,0,7
6920,7,0,7
6921,7,0,7
6922,7,0,7
6923,7,0,7
6924,7,0,7
6925,7,0,7
6926,7,0,7
6927,7,0,7
6928,7,0,7
6929,7,0,7
6930,8,0,8
6931,9,0,9
6932,9,0,9
6933,9,0,9
6934,9,0,9
6935,9,0,9
6936,10,0,10
6937,10,0,10
6938,10,0,10
6939,10,0,10
6940,10,0,10
6941,10,0,10
6942,10,0,10
6943,10,0,10
6944,10,0,10
6945,10,0,10
6946,10,0,10
6947,9,1,10
6948,10,1,11
6949,10,1,11
6950,10,1,11
6951,10,1,11
6952,10,1,11
6953,10,1,11
6954,11,0,11
6955,11,0,11
6956,12,0,12
6957,12,0,12
6958,11,1,12
6959,10,2,12
6960,10,2,12
6961,10,2,12
6962,10,2,12
6963,9,3,12
6964,10,2,12
6965,10,2,12
6966,9,3,12
6967,9,3,12
6968,10,3,13
6969,10,3,13
6970,9,3,12
6971,9,3,12
6972,9,3,12
6973,9,3,12
6974,9,3,12
6975,9,4,13
6976,9,4,13
6977,10,3,13
6978,10,3,13
6979,9,3,12
6980,9,3,12
6981,9,3,12
6982,9,3,12
6983,8,3,11
6984,9,3,12
6985,9,3,12
6986,9,3,12
6987,9,3,12
6988,9,3,12
6989,8,3,11
6990,8,3,11
6991,9,2,11
6992,9,2,11
6993,9,2,11
6994,9,2,11
6995,10,2,12
6996,8,3,11
6997,8,3,11
6998,8,3,11
6999,8,3,11
7000,8,3,11
7001,8,3,11
7002,7,3,10
7003,8,2,10
7004,8,2,10
7005,8,2,10
7006,8,2,10
7007,8,2,10
7008,9,1,10
7009,9,1,10
7010,9,1,10
7011,9,1,10
7012,8,1,9
7013,8,1,9
7014,7,1,8
7015,7,1,8
7016,7,1,8
7017,6,1,7
7018,6,1,7
7019,6,1,7
7020,7,1,8
7021,7,1,8
7022,7,1,8
7023,7,1,8
7024,7,1,8
7025,7,1,8
7026,7,1,8
7027,6,1,7
7028,6,1,7
7029,6,1,7
7030,6,1,7
7031,5,1,6
7032,5,1,6
7033,6,0,6
7034,5,0,5
7035,5,0,5
7036,5,0,5
7037,5,0,5
7038,5,0,5
7039,5,0,5
7040,5,0,5
7041,5,0,5
7042,5,0,5
7043,5,0,5
7044,5,0,5
7045,4,0,4
7046,4,0,4
7047,4,0,4
7048,3,0,3
7049,3,0,3
7050,3,0,3
7051,3,0,3
7052,3,0,3
7053,3,0,3
7054,1,0,1
7055,1,0,1
7056,1,0,1
7057,1,0,1
7058,1,0,1
7059,1,0,1
7060,1,0,1
7061,1,0,1
7062,1,0,1
7063,1,0,1
7064,1,0,1
7065,1,0,1
7066,1,0,1
7067,1,0,1
7068,1,0,1
7069,1,0,1
7070,1,0,1
7071,1,0,1
7072,0,0,0
7073,0,0,0
7074,0,0,0
7075,0,0,0
7076,0,0,0
7077,0,0,0
7078,0,0,0
7079,0,0,0
7080,0,0,0
7081,0,0,0
7082,0,0,0
7083,0,0,0
7084,0,0,0
7085,0,0,0
7086,0,0,0
7087,0,0,0
7088,0,0,0
7089,0,0,0
7090,0,0,0
7091,0,0,0
7092,0,0,0
7093,0,0,0
7094,0,0,0
7095,0,0,0
7096,0,0,0
7097,0,0,0
7098,0,0,0
7099,0,0,0
7100,0,0,0
7101,0,0,0
7102,0,0,0
7103,0,0,0
7104,0,0,0
7105,0,0,0
7106,0,0,0
7107,0,0,0
7108,0,0,0
7109,0,0,0
7110,0,0,0
7111,0,0,0
7112,0,0,0
7113,0,0,0
7114,0,0,0
7115,0,0,0
7116,0,0,0
7117,0,0,0
7118,0,0,0
7119,0,0,0
7120,0,0,0
7121,0,0,0
7122,0,0,0
7123,0,0,0
7124,0,0,0
7125,0,0,0
7126,0,0,0
7127,0,0,0
7128,0,0,0
7129,0,0,0
7130,0,0,0
7131,0,0,0
7132,1,0,1
7133,1,0,1
7134,1,0,1
7135,1,0,1
7136,1,0,1
7137,1,0,1
7138,1,0,1
7139,1,0,1
7140,1,0,1
7141,1,0,1
7142,1,0,1
7143,1,0,1
7144,1,0,1
7145,1,0,1
7146,1,0,1
7147,1,0,1
7148,1,0,1
7149,1,0,1
7150,1,0,1
7151,1,0,1
7152,1,0,1
7153,1,0,1
7154,1,0,1
7155,1,0,1
7156,1,0,1
7157,1,0,1
7158,1,0,1
7159,1,0,1
7160,1,0,1
7161,1,0,1
7162,1,0,1
7163,1,0,1
7164,1,0,1
7165,1,0,1
7166,1,0,1
7167,1,0,1
7168,0,1,1
7169,0,1,1
7170,0,1,1
7171,0,1,1
7172,0,1,1
7173,0,1,1
7174,0,1,1
7175,0,1,1
7176,0,1,1
7177,0,1,1
7178,0,1,1
7179,0,1,1
7180,0,1,1
7181,0,1,1
7182,0,1,1
7183,0,1,1
7184,0,1,1
7185,0,1,1
7186,0,1,1
7187,0,1,1
7188,0,1,1
7189,0,1,1
7190,0,1,1
7191,0,1,1
7192,0,1,1
7193,0,1,1
7194,0,1,1
7195,0,1,1
7196,0,1,1
7197,0,1,1
7198,0,1,1
7199,0,1,1
7200,1,0,1
7201,1,0,1
7202,1,0,1
7203,1,0,1
7204,1,0,1
7205,1,0,1
7206,1,0,1
7207,1,0,1
7208,1,0,1
7209,1,0,1
7210,1,0,1
7211,1,0,1
7212,1,0,1
7213,1,0,1
7214,1,0,1
7215,1,0,1
7216,1,0,1
7217,1,0,1
7218,1,0,1
7219,1,0,1
7220,1,0,1
7221,1,0,1
7222,1,0,1
7223,1,0,1
7224,1,0,1
7225,1,0,1
7226,1,0,1
7227,1,0,1
7228,1,0,1
7229,1,0,1
7230,1,0,1
7231,1,0,1
7232,1,0,1
7233,1,0,1
7234,1,0,1
7235,1,0,1
7236,1,0,1
7237,1,0,1
7238,1,0,1
7239,1,0,1
7240,1,0,1
7241,1,0,1
7242,1,0,1
7243,1,0,1
7244,1,0,1
7245,1,0,1
7246,1,0,1
7247,1,0,1
7248,1,0,1
7249,1,0,1
7250,1,0,1
7251,1,0,1
7252,1,0,1
7253,1,0,1
7254,1,0,1
7255,1,0,1
7256,1,0,1
7257,1,0,1
7258,1,0,1
7259,1,0,1
7260,1,0,1
7261,1,0,1
7262,1,0,1
7263,1,0,1
7264,1,0,1
7265,1,0,1
7266,1,0,1
7267,1,0,1
7268,1,0,1
7269,0,0,0
7270,0,0,0
7271,0,0,0
7272,0,0,0
7273,0,0,0
7274,0,0,0
7275,0,0,0
7276,0,0,0
7277,0,0,0
7278,0,0,0
7279,0,0,0
7280,0,0,0
7281,0,0,0
7282,0,0,0
7283,0,0,0
7284,0,0,0
7285,0,0,0
7286,0,0,0
7287,0,0,0
7288,0,0,0
7289,0,0,0
7290,0,0,0
7291,0,0,0
7292,0,0,0
7293,0,0,0
7294,0,0,0
7295,0,0,0
7296,0,0,0
7297,0,0,0
7298,0,0,0
7299,0,0,0
7300,0,0,0
7301,0,0,0
7302,0,0,0
7303,0,0,0
7304,0,0,0
7305,0,0,0
7306,0,0,0
7307,0,0,0
7308,0,0,0
7309,0,0,0
7310,0,0,0
7311,0,0,0
7312,0,0,0
7313,0,0,0
7314,0,0,0
7315,0,0,0
7316,0,0,0
7317,0,0,0
7318,0,0,0
7319,0,0,0
7320,0,0,0
7321,0,0,0
7322,0,0,0
7323,0,0,0
7324,0,0,0
7325,0,0,0
7326,0,0,0
7327,0,0,0
7328,0,0,0
7329,0,0,0
7330,0,0,0
7331,0,0,0
7332,0,0,0
7333,0,0,0
7334,0,0,0
7335,0,0,0
7336,0,0,0
7337,0,0,0
7338,0,0,0
7339,0,0,0
7340,0,0,0
7341,0,0,0
7342,0,0,0
7343,0,0,0
7344,0,0,0
7345,0,0,0
7346,0,0,0
7347,0,0,0
7348,0,0,0
7349,0,0,0
7350,0,0,0
7351,0,0,0
7352,0,0,0
7353,0,0,0
7354,0,0,0
7355,0,0,0
7356,0,0,0
7357,0,0,0
7358,0,0,0
7359,0,0,0
7360,0,0,0
7361,0,0,0
7362,0,0,0
7363,0,0,0
7364,0,0,0
7365,0,0,0
7366,0,0,0
7367,0,0,0
7368,0,0,0
7369,0,0,0
7370,0,0,0
7371,0,0,0
7372,0,0,0
7373,0,0,0
7374,0,0,0
7375,0,0,0
7376,0,0,0
7377,0,0,0
7378,0,0,0
7379,0,0,0
7380,0,0,0
7381,0,0,0
7382,0,0,0
7383,0,0,0
7384,0,0,0
7385,0,0,0
7386,0,0,0
7387,0,0,0
7388,0,0,0
7389,0,0,0
7390,0,0,0
7391,0,0,0
7392,0,0,0
7393,0,0,0
7394,0,0,0
7395,0,0,0
7396,0,0,0
7397,0,0,0
7398,0,0,0
7399,0,0,0
7400,0,0,0
7401,0,0,0
7402,0,0,0
7403,0,0,0
7404,0,0,0
7405,0,0,0
7406,0,0,0
7407,0,0,0
7408,0,0,0
7409,0,0,0
7410,0,0,0
7411,0,0,0
7412,0,0,0
7413,0,0,0
7414,0,0,0
7415,0,0,0
7416,0,0,0
7417,0,0,0
7418,0,0,0
7419,0,0,0
7420,0,0,0
7421,0,0,0
7422,0,0,0
7423,0,0,0
7424,0,0,0
7425,0,0,0
7426,0,0,0
7427,0,0,0
7428,0,0,0
7429,0,0,0
7430,0,0,0
7431,0,0,0
7432,0,0,0
7433,0,0,0
7434,0,0,0
7435,0,0,0
7436,0,0,0
7437,0,0,0
7438,0,0,0
7439,0,0,0
7440,0,0,0
7441,0,0,0
7442,0,0,0
7443,0,0,0
7444,0,0,0
7445,0,0,0
7446,0,0,0
7447,0,0,0
7448,0,0,0
7449,0,0,0
7450,0,0,0
7451,0,0,0
7452,0,0,0
7453,0,0,0
7454,0,0,0
7455,0,0,0
7456,0,0,0
7457,0,0,0
7458,1,0,1
7459,1,0,1
7460,1,0,1
7461,1,0,1
7462,1,0,1
7463,1,0,1
7464,1,0,1
7465,1,0,1
7466,1,0,1
7467,1,0,1
7468,1,0,1
7469,1,0,1
7470,1,0,1
7471,1,0,1
7472,1,0,1
7473,1,0,1
7474,1,0,1
7475,1,0,1
7476,1,0,1
7477,1,0,1
7478,1,0,1
7479,1,0,1
7480,1,0,1
7481,1,0,1
7482,1,0,1
7483,1,0,1
7484,1,0,1
7485,1,0,1
7486,1,0,1
7487,1,0,1
7488,1,0,1
7489,1,0,1
7490,1,0,1
7491,1,0,1
7492,1,0,1
7493,1,0,1
7494,1,0,1
7495,1,0,1
7496,1,0,1
7497,1,0,1
7498,1,0,1
7499,1,0,1
7500,1,0,1
7501,1,0,1
7502,1,0,1
7503,1,0,1
7504,1,0,1
7505,1,0,1
7506,1,0,1
7507,1,0,1
7508,1,0,1
7509,1,0,1
7510,0,0,0
7511,1,0,1
7512,1,0,1
7513,1,0,1
7514,1,0,1
7515,1,0,1
7516,1,0,1
7517,1,0,1
7518,1,0,1
7519,1,0,1
7520,1,0,1
7521,1,0,1
7522,1,0,1
7523,1,0,1
7524,1,0,1
7525,1,0,1
7526,1,0,1
7527,1,0,1
7528,1,0,1
7529,1,0,1
7530,1,0,1
7531,1,0,1
7532,1,0,1
7533,1,0,1
7534,1,0,1
7535,1,0,1
7536,1,0,1
7537,1,0,1
7538,1,0,1
7539,1,0,1
7540,1,0,1
7541,1,0,1
7542,1,0,1
7543,1,0,1
7544,1,0,1
7545,1,0,1
7546,1,0,1
7547,1,0,1
7548,1,0,1
7549,1,0,1
7550,1,0,1
7551,1,0,1
7552,1,0,1
7553,1,0,1
7554,1,0,1
7555,1,0,1
7556,1,0,1
7557,1,0,1
7558,1,0,1
7559,1,0,1
7560,1,0,1
7561,1,0,1
7562,1,0,1
7563,1,0,1
7564,1,0,1
7565,1,0,1
7566,1,0,1
7567,1,0,1
7568,1,0,1
7569,1,0,1
7570,1,0,1
7571,1,0,1
7572,1,0,1
7573,1,0,1
7574,1,0,1
7575,1,0,1
7576,1,0,1
7577,1,0,1
7578,1,0,1
7579,1,0,1
7580,1,0,1
7581,1,0,1
7582,1,0,1
7583,1,0,1
7584,1,0,1
7585,2,0,2
7586,2,0,2
7587,2,0,2
7588,2,0,2
7589,2,0,2
7590,2,0,2
7591,2,0,2
7592,1,0,1
7593,1,0,1
7594,1,0,1
7595,1,0,1
7596,1,0,1
7597,1,0,1
7598,1,0,1
7599,1,0,1
7600,1,0,1
7601,1,0,1
7602,1,0,1
7603,1,0,1
7604,1,0,1
7605,1,0,1
7606,1,0,1
7607,1,0,1
7608,1,0,1
7609,1,0,1
7610,1,0,1
7611,1,0,1
7612,1,0,1
7613,1,0,1
7614,1,0,1
7615,1,0,1
7616,1,0,1
7617,1,0,1
7618,1,0,1
7619,1,0,1
7620,1,0,1
7621,1,0,1
7622,1,0,1
7623,1,0,1
7624,1,0,1
7625,0,0,0
7626,0,0,0
7627,0,0,0
7628,0,0,0
7629,0,0,0
7630,0,0,0
7631,0,0,0
7632,0,0,0
7633,0,0,0
7634,0,0,0
7635,0,0,0
7636,0,0,0
7637,0,0,0
7638,0,0,0
7639,0,0,0
7640,0,0,0
7641,0,0,0
7642,0,0,0
7643,0,0,0
7644,0,0,0
7645,0,0,0
7646,0,0,0
7647,0,0,0
7648,1,0,1
7649,1,0,1
7650,1,0,1
7651,1,0,1
7652,1,0,1
7653,1,0,1
7654,1,0,1
7655,1,0,1
7656,1,0,1
7657,1,0,1
7658,1,0,1
7659,1,0,1
7660,1,0,1
7661,1,0,1
7662,1,0,1
7663,1,0,1
7664,1,0,1
7665,1,0,1
7666,1,0,1
7667,1,0,1
7668,1,0,1
7669,1,0,1
7670,1,0,1
7671,1,0,1
7672,1,0,1
7673,1,0,1
7674,1,0,1
7675,1,0,1
7676,1,0,1
7677,1,0,1
7678,1,0,1
7679,1,0,1
7680,1,0,1
7681,1,0,1
7682,1,0,1
7683,1,0,1
7684,1,0,1
7685,1,0,1
7686,0,0,0
7687,0,0,0
7688,0,0,0
7689,0,0,0
7690,0,0,0
7691,0,0,0
7692,0,0,0
7693,0,0,0
7694,0,0,0
7695,0,0,0
7696,0,0,0
7697,0,0,0
7698,0,0,0
7699,1,0,1
7700,1,0,1
7701,1,0,1
7702,1,0,1
7703,1,0,1
7704,1,0,1
7705,1,0,1
7706,1,0,1
7707,1,0,1
7708,1,0,1
7709,1,0,1
7710,1,0,1
7711,1,0,1
7712,1,0,1
7713,1,0,1
7714,1,0,1
7715,1,0,1
7716,1,0,1
7717,1,0,1
7718,1,0,1
7719,1,0,1
7720,1,0,1
7721,1,0,1
7722,1,0,1
7723,1,0,1
7724,1,0,1
7725,1,0,1
7726,1,0,1
7727,1,0,1
7728,1,0,1
7729,1,0,1
7730,1,0,1
7731,1,0,1
7732,1,0,1
7733,1,0,1
7734,1,0,1
7735,1,0,1
7736,1,0,1
7737,1,0,1
7738,1,0,1
7739,1,0,1
7740,1,0,1
7741,1,0,1
7742,1,0,1
7743,1,0,1
7744,1,0,1
7745,1,0,1
7746,1,0,1
7747,1,0,1
7748,1,0,1
7749,0,0,0
7750,0,0,0
7751,0,0,0
7752,0,0,0
7753,0,0,0
7754,0,0,0
7755,0,0,0
7756,0,0,0
7757,0,0,0
7758,0,0,0
7759,0,0,0
7760,0,0,0
7761,0,0,0
7762,0,0,0
7763,0,0,0
7764,0,0,0
7765,0,0,0
7766,0,0,0
7767,0,0,0
7768,0,0,0
7769,0,0,0
7770,0,0,0
7771,0,0,0
7772,0,0,0
7773,0,0,0
7774,0,0,0
7775,0,0,0
7776,0,0,0
7777,0,0,0
7778,0,0,0
7779,0,0,0
7780,0,0,0
7781,0,0,0
7782,0,0,0
7783,0,0,0
7784,0,0,0
7785,0,0,0
7786,0,0,0
7787,0,0,0
7788,0,0,0
7789,0,0,0
7790,0,0,0
7791,0,0,0
7792,0,0,0
7793,0,0,0
7794,0,0,0
7795,0,0,0
7796,0,0,0
7797,0,0,0
7798,0,0,0
7799,0,0,0
7800,0,0,0
7801,0,0,0
7802,0,0,0
7803,0,0,0
7804,0,0,0
7805,0,0,0
7806,0,0,0
7807,0,0,0
7808,0,0,0
7809,0,0,0
7810,0,0,0
7811,0,0,0
7812,0,0,0
7813,0,0,0
7814,0,0,0
7815,0,0,0
7816,0,0,0
7817,0,0,0
7818,0,0,0
7819,0,0,0
7820,0,0,0
7821,0,0,0
7822,0,0,0
7823,0,0,0
7824,0,0,0
7825,0,0,0
7826,0,0,0
7827,0,0,0
7828,0,0,0
7829,0,0,0
7830,0,0,0
7831,0,0,0
7832,0,0,0
7833,0,0,0
7834,0,0,0
7835,0,0,0
7836,0,0,0
7837,0,0,0
7838,0,0,0
7839,0,0,0
7840,0,0,0
7841,0,0,0
7842,0,0,0
7843,0,0,0
7844,0,0,0
7845,0,0,0
7846,0,0,0
7847,0,0,0
7848,0,0,0
7849,0,0,0
7850,0,0,0
7851,0,0,0
7852,0,0,0
7853,0,0,0
7854,0,0,0
7855,0,0,0
7856,0,0,0
7857,0,0,0
7858,0,0,0
7859,0,0,0
7860,0,0,0
7861,0,0,0
7862,0,0,0
7863,0,0,0
7864,0,0,0
7865,0,0,0
7866,0,0,0
7867,0,0,0
7868,0,0,0
7869,0,0,0
7870,0,0,0
7871,0,0,0
7872,0,0,0
7873,0,0,0
7874,0,0,0
7875,0,0,0
7876,0,0,0
7877,0,0,0
7878,0,0,0
7879,0,0,0
7880,0,0,0
7881,0,0,0
7882,0,0,0
7883,0,0,0
7884,0,0,0
7885,0,0,0
7886,0,0,0
7887,0,0,0
7888,0,0,0
7889,0,0,0
7890,0,0,0
7891,0,0,0
7892,0,0,0
7893,0,0,0
7894,0,0,0
7895,0,0,0
7896,0,0,0
7897,0,0,0
7898,0,0,0
7899,0,0,0
7900,0,0,0
7901,0,0,0
7902,0,0,0
7903,0,0,0
7904,0,0,0
7905,0,0,0
7906,0,0,0
7907,0,0,0
7908,0,0,0
7909,0,0,0
7910,1,0,1
7911,1,0,1
7912,1,0,1
7913,1,0,1
7914,1,0,1
7915,1,0,1
7916,1,0,1
7917,1,0,1
7918,1,0,1
7919,1,0,1
7920,1,0,1
7921,1,0,1
7922,1,0,1
7923,1,0,1
7924,1,0,1
7925,1,0,1
7926,1,0,1
7927,1,0,1
7928,1,0,1
7929,1,0,1
7930,1,0,1
7931,1,0,1
7932,1,0,1
7933,1,0,1
7934,1,0,1
7935,1,0,1
7936,1,0,1
7937,1,0,1
7938,1,0,1
7939,1,0,1
7940,1,0,1
7941,1,0,1
7942,1,0,1
7943,1,0,1
7944,1,0,1
7945,1,0,1
7946,1,0,1
7947,1,0,1
7948,1,0,1
7949,1,0,1
7950,1,0,1
7951,1,0,1
7952,1,0,1
7953,1,0,1
7954,1,0,1
7955,1,0,1
7956,1,0,1
7957,1,0,1
7958,1,0,1
7959,1,0,1
7960,1,0,1
7961,1,0,1
7962,1,0,1
7963,1,0,1
7964,1,0,1
7965,1,0,1
7966,1,0,1
7967,1,0,1
7968,1,0,1
7969,1,0,1
7970,1,0,1
7971,1,0,1
7972,1,0,1
7973,1,0,1
7974,1,0,1
7975,1,0,1
7976,1,0,1
7977,1,0,1
7978,1,0,1
7979,1,0,1
7980,1,0,1
7981,1,0,1
7982,1,0,1
7983,1,0,1
7984,1,0,1
7985,0,0,0
7986,0,0,0
7987,0,0,0
7988,0,0,0
7989,0,0,0
7990,0,0,0
7991,0,0,0
7992,0,0,0
7993,0,0,0
7994,0,0,0
7995,0,0,0
7996,0,0,0
7997,0,0,0
7998,0,0,0
7999,0,0,0
8000,0,0,0
8001,0,0,0
8002,0,0,0
8003,0,0,0
8004,0,0,0
8005,0,0,0
8006,0,0,0
8007,0,0,0
8008,0,0,0
8009,0,0,0
8010,0,0,0
8011,0,0,0
8012,0,0,0
8013,0,0,0
8014,0,0,0
8015,0,0,0
8016,1,0,1
8017,1,0,1
8018,1,0,1
8019,1,0,1
8020,1,0,1
8021,2,0,2
8022,2,0,2
8023,2,0,2
8024,2,0,2
8025,2,0,2
8026,2,0,2
8027,3,0,3
8028,3,0,3
8029,4,0,4
8030,4,0,4
8031,4,0,4
8032,4,0,4
8033,4,0,4
8034,4,0,4
8035,4,0,4
8036,4,0,4
8037,4,0,4
8038,4,0,4
8039,4,0,4
8040,4,0,4
8041,4,0,4
8042,4,0,4
8043,4,0,4
8044,4,0,4
8045,4,0,4
8046,4,0,4
8047,4,0,4
8048,4,0,4
8049,4,0,4
8050,4,0,4
8051,4,0,4
8052,4,0,4
8053,4,0,4
8054,4,0,4
8055,4,0,4
8056,4,0,4
8057,4,0,4
8058,4,0,4
8059,4,0,4
8060,4,0,4
8061,4,0,4
8062,4,0,4
8063,4,0,4
8064,4,0,4
8065,4,0,4
8066,4,0,4
8067,4,0,4
8068,4,0,4
8069,4,0,4
8070,4,0,4
8071,4,0,4
8072,4,0,4
8073,4,0,4
8074,4,0,4
8075,4,0,4
8076,4,0,4
8077,4,0,4
8078,4,0,4
8079,4,0,4
8080,4,0,4
8081,4,0,4
8082,4,0,4
8083,4,0,4
8084,4,0,4
8085,4,0,4
8086,5,0,5
8087,5,0,5
8088,5,0,5
8089,5,0,5
8090,5,0,5
8091,5,0,5
8092,5,0,5
8093,5,0,5
8094,5,0,5
8095,5,0,5
8096,5,0,5
8097,5,0,5
8098,5,0,5
8099,5,0,5
8100,5,0,5
8101,5,0,5
8102,5,0,5
8103,5,0,5
8104,5,0,5
8105,5,0,5
8106,5,0,5
8107,5,0,5
8108,5,0,5
8109,5,0,5
8110,5,0,5
8111,5,0,5
8112,5,0,5
8113,5,0,5
8114,5,0,5
8115,5,0,5
8116,5,0,5
8117,5,0,5
8118,5,0,5
8119,5,0,5
8120,5,0,5
8121,5,0,5
8122,5,0,5
8123,5,0,5
8124,5,0,5
8125,5,0,5
8126,5,0,5
8127,5,0,5
8128,5,0,5
8129,6,0,6
8130,5,0,5
8131,5,0,5
8132,5,0,5
8133,5,0,5
8134,5,0,5
8135,5,0,5
8136,5,0,5
8137,5,0,5
8138,5,0,5
8139,5,0,5
8140,5,0,5
8141,5,0,5
8142,5,0,5
8143,5,0,5
8144,5,0,5
8145,5,0,5
8146,5,0,5
8147,5,0,5
8148,5,0,5
8149,5,0,5
8150,5,0,5
8151,5,0,5
8152,5,0,5
8153,5,0,5
8154,5,0,5
8155,5,0,5
8156,5,0,5
8157,5,0,5
8158,5,0,5
8159,5,0,5
8160,5,0,5
8161,5,0,5
8162,5,0,5
8163,5,0,5
8164,5,0,5
8165,5,0,5
8166,5,0,5
8167,5,0,5
8168,5,0,5
8169,3,0,3
8170,3,0,3
8171,3,0,3
8172,3,0,3
8173,3,0,3
8174,3,0,3
8175,2,0,2
8176,2,0,2
8177,2,0,2
8178,2,0,2
8179,2,0,2
8180,2,0,2
8181,2,0,2
8182,2,0,2
8183,2,0,2
8184,2,0,2
8185,2,0,2
8186,2,0,2
8187,2,0,2
8188,2,0,2
8189,2,0,2
8190,2,0,2
8191,2,0,2
8192,2,0,2
8193,2,0,2
8194,2,0,2
8195,2,0,2
8196,2,0,2
8197,2,0,2
8198,2,0,2
8199,2,0,2
8200,2,0,2
8201,2,0,2
8202,1,0,1
8203,0,0,0
8204,0,0,0
8205,0,0,0
8206,0,0,0
8207,0,0,0
8208,0,0,0
8209,0,0,0
8210,0,0,0
8211,0,0,0
8212,0,0,0
8213,0,0,0
8214,0,0,0
8215,0,0,0
8216,0,0,0
8217,0,0,0
8218,0,0,0
8219,0,0,0
8220,0,0,0
8221,0,0,0
8222,0,0,0
8223,0,0,0
8224,0,0,0
8225,0,0,0
8226,0,0,0
8227,0,0,0
8228,0,0,0
8229,0,0,0
8230,0,0,0
8231,0,0,0
8232,0,0,0
8233,0,0,0
8234,0,0,0
8235,0,0,0
8236,0,0,0
8237,0,0,0
8238,0,0,0
8239,0,0,0
8240,0,0,0
8241,0,0,0
8242,0,0,0
8243,0,0,0
8244,0,0,0
8245,0,0,0
8246,0,0,0
8247,0,0,0
8248,0,0,0
8249,0,0,0
8250,0,0,0
8251,0,0,0
8252,0,0,0
8253,0,0,0
8254,0,0,0
8255,0,0,0
8256,0,0,0
8257,0,0,0
8258,0,0,0
8259,0,0,0
8260,0,0,0
8261,0,0,0
8262,0,0,0
8263,0,0,0
8264,0,0,0
8265,0,0,0
8266,0,0,0
8267,0,0,0
8268,0,0,0
8269,0,0,0
8270,0,0,0
8271,0,0,0
8272,0,0,0
8273,0,0,0
8274,0,0,0
8275,0,0,0
8276,0,0,0
8277,0,0,0
8278,0,0,0
8279,0,0,0
8280,0,0,0
8281,0,0,0
8282,0,0,0
8283,0,0,0
8284,0,0,0
8285,0,0,0
8286,0,0,0
8287,0,0,0
8288,0,0,0
8289,0,0,0
8290,0,0,0
8291,0,0,0
8292,0,0,0
8293,0,0,0
8294,0,0,0
8295,0,0,0
8296,0,0,0
8297,0,0,0
8298,0,0,0
8299,0,0,0
8300,0,0,0
8301,0,0,0
8302,0,0,0
8303,0,0,0
8304,0,0,0
8305,0,0,0
8306,0,0,0
8307,0,0,0
8308,0,0,0
8309,0,0,0
8310,0,0,0
8311,0,0,0
8312,0,0,0
8313,0,0,0
8314,0,0,0
8315,0,0,0
8316,0,0,0
8317,0,0,0
8318,0,0,0
8319,0,0,0
8320,0,0,0
8321,0,0,0
8322,0,0,0
8323,0,0,0
8324,0,0,0
8325,0,0,0
8326,0,0,0
8327,0,0,0
8328,0,0,0
8329,0,0,0
8330,0,0,0
8331,0,0,0
8332,0,0,0
8333,0,0,0
8334,0,0,0
8335,0,0,0
8336,0,0,0
8337,0,0,0
8338,0,0,0
8339,0,0,0
8340,0,0,0
8341,0,0,0
8342,0,0,0
8343,0,0,0
8344,0,0,0
8345,0,0,0
8346,0,0,0
8347,0,0,0
8348,0,0,0
8349,0,0,0
8350,0,0,0
8351,0,0,0
8352,0,0,0
8353,0,0,0
8354,0,0,0
8355,0,0,0
8356,0,0,0
8357,0,0,0
8358,0,0,0
8359,0,0,0
8360,0,0,0
8361,0,0,0
8362,0,0,0
8363,0,0,0
8364,0,0,0
8365,0,0,0
8366,0,0,0
8367,0,0,0
8368,0,0,0
8369,0,0,0
8370,0,0,0
8371,0,0,0
8372,0,0,0
8373,0,0,0
8374,0,0,0
8375,0,0,0
8376,0,0,0
8377,0,0,0
8378,0,0,0
8379,0,0,0
8380,0,0,0
8381,0,0,0
8382,0,0,0
8383,0,0,0
8384,0,0,0
8385,0,0,0
8386,0,0,0
8387,0,0,0
8388,0,0,0
8389,0,0,0
8390,1,0,1
8391,1,0,1
8392,1,0,1
8393,1,0,1
8394,1,0,1
8395,1,0,1
8396,1,0,1
8397,2,0,2
8398,2,0,2
8399,2,0,2
8400,2,0,2
8401,2,0,2
8402,2,0,2
8403,2,0,2
8404,2,0,2
8405,2,0,2
8406,2,0,2
8407,2,0,2
8408,2,0,2
8409,2,0,2
8410,2,0,2
8411,2,0,2
8412,2,0,2
8413,2,0,2
8414,2,0,2
8415,2,0,2
8416,2,0,2
8417,2,0,2
8418,2,0,2
8419,2,0,2
8420,2,0,2
8421,2,0,2
8422,2,0,2
8423,2,0,2
8424,2,0,2
8425,2,0,2
8426,2,0,2
8427,3,0,3
8428,3,0,3
8429,3,0,3
8430,3,0,3
8431,3,0,3
8432,3,0,3
8433,3,0,3
8434,3,0,3
8435,3,0,3
8436,3,0,3
8437,4,0,4
8438,4,0,4
8439,4,0,4
8440,4,0,4
8441,4,0,4
8442,4,0,4
8443,4,0,4
8444,4,0,4
8445,4,0,4
8446,4,0,4
8447,4,0,4
8448,4,0,4
8449,4,0,4
8450,4,0,4
8451,4,0,4
8452,4,0,4
8453,4,0,4
8454,3,0,3
8455,3,0,3
8456,3,0,3
8457,3,0,3
8458,3,0,3
8459,3,0,3
8460,3,0,3
8461,3,0,3
8462,3,0,3
8463,3,0,3
8464,3,0,3
8465,3,0,3
8466,3,0,3
8467,3,0,3
8468,3,0,3
8469,3,0,3
8470,3,0,3
8471,3,0,3
8472,3,0,3
8473,3,0,3
8474,3,0,3
8475,3,0,3
8476,3,0,3
8477,3,0,3
8478,3,0,3
8479,3,0,3
8480,3,0,3
8481,2,0,2
8482,2,0,2
8483,2,0,2
8484,2,0,2
8485,2,0,2
8486,2,0,2
8487,2,0,2
8488,2,0,2
8489,2,0,2
8490,2,0,2
8491,2,0,2
8492,2,0,2
8493,2,0,2
8494,2,0,2
8495,2,0,2
8496,2,0,2
8497,2,0,2
8498,2,0,2
8499,2,0,2
8500,1,0,1
8501,1,0,1
8502,1,0,1
8503,1,0,1
8504,0,0,0
8505,0,0,0
8506,0,0,0
8507,0,0,0
8508,0,0,0
8509,0,0,0
8510,0,0,0
8511,0,0,0
8512,0,0,0
8513,0,0,0
8514,0,0,0
8515,0,0,0
8516,0,0,0
8517,0,0,0
8518,0,0,0
8519,0,0,0
8520,0,0,0
8521,0,0,0
8522,0,0,0
8523,0,0,0
8524,0,0,0
8525,0,0,0
8526,0,0,0
8527,0,0,0
8528,0,0,0
8529,0,0,0
8530,0,0,0
8531,0,0,0
8532,0,0,0
8533,0,0,0
8534,0,0,0
8535,0,0,0
8536,0,0,0
8537,0,0,0
8538,0,0,0
8539,0,0,0
8540,0,0,0
8541,0,0,0
8542,0,0,0
8543,0,0,0
8544,0,0,0
8545,0,0,0
8546,0,0,0
8547,0,0,0
8548,0,0,0
8549,0,0,0
8550,0,0,0
8551,0,0,0
8552,0,0,0
8553,0,0,0
8554,0,0,0
8555,0,0,0
8556,0,0,0
8557,0,0,0
8558,0,0,0
8559,0,0,0
8560,0,0,0
8561,0,0,0
8562,0,0,0
8563,0,0,0
8564,0,0,0
8565,0,0,0
8566,0,0,0
8567,0,0,0
8568,0,0,0
8569,0,0,0
8570,0,0,0
8571,0,0,0
8572,0,0,0
8573,0,0,0
8574,0,0,0
8575,0,0,0
8576,0,0,0
8577,0,0,0
8578,0,0,0
8579,0,0,0
8580,0,0,0
8581,0,0,0
8582,0,0,0
8583,0,0,0
8584,0,0,0
8585,0,0,0
8586,0,0,0
8587,0,0,0
8588,0,0,0
8589,0,0,0
8590,0,0,0
8591,0,0,0
8592,0,0,0
8593,0,0,0
8594,0,0,0
8595,0,0,0
8596,0,0,0
8597,0,0,0
8598,0,0,0
8599,0,0,0
8600,0,0,0
8601,0,0,0
8602,0,0,0
8603,0,0,0
8604,0,0,0
8605,0,0,0
8606,0,0,0
8607,0,0,0
8608,0,0,0
8609,0,0,0
8610,0,0,0
8611,1,0,1
8612,1,0,1
8613,1,0,1
8614,1,0,1
8615,1,0,1
8616,1,0,1
8617,1,0,1
8618,1,0,1
8619,1,0,1
8620,1,0,1
8621,1,0,1
8622,1,0,1
8623,1,0,1
8624,1,0,1
8625,1,0,1
8626,1,0,1
8627,1,0,1
8628,1,0,1
8629,1,0,1
8630,1,0,1
8631,1,0,1
8632,1,0,1
8633,1,0,1
8634,1,0,1
8635,1,0,1
8636,1,0,1
8637,1,0,1
8638,1,0,1
8639,1,0,1
8640,1,0,1
8641,1,0,1
8642,1,0,1
8643,1,0,1
8644,1,0,1
8645,1,0,1
8646,1,0,1
8647,1,0,1
8648,1,0,1
8649,1,0,1
8650,1,0,1
8651,1,0,1
8652,1,0,1
8653,1,0,1
8654,1,0,1
8655,1,0,1
8656,1,0,1
8657,1,0,1
8658,1,0,1
8659,1,0,1
8660,1,0,1
8661,1,0,1
8662,1,0,1
8663,1,0,1
8664,1,0,1
8665,1,0,1
8666,1,0,1
8667,1,0,1
8668,1,0,1
8669,1,0,1
8670,1,0,1
8671,1,0,1
8672,1,0,1
8673,1,0,1
8674,1,0,1
8675,1,0,1
8676,1,0,1
8677,1,0,1
8678,1,0,1
8679,1,0,1
8680,1,0,1
8681,1,0,1
8682,1,0,1
8683,1,0,1
8684,1,0,1
8685,1,0,1
8686,1,0,1
8687,1,0,1
8688,1,0,1
8689,1,0,1
8690,1,0,1
8691,1,0,1
8692,1,0,1
8693,1,0,1
8694,1,0,1
8695,1,0,1
8696,1,0,1
8697,1,0,1
8698,1,0,1
8699,1,0,1
8700,1,0,1
8701,1,0,1
8702,1,0,1
8703,1,0,1
8704,1,0,1
8705,1,0,1
8706,1,0,1
8707,1,0,1
8708,1,0,1
8709,1,0,1
8710,1,0,1
8711,1,0,1
8712,1,0,1
8713,1,0,1
8714,1,0,1
8715,1,0,1
8716,1,0,1
8717,1,0,1
8718,1,0,1
8719,1,0,1
8720,1,0,1
8721,1,0,1
8722,1,0,1
8723,1,0,1
8724,1,0,1
8725,1,0,1
8726,1,0,1
8727,1,0,1
8728,1,0,1
8729,1,0,1
8730,1,0,1
8731,1,0,1
8732,1,0,1
8733,1,0,1
8734,1,0,1
8735,1,0,1
8736,1,0,1
8737,1,0,1
8738,1,0,1
8739,1,0,1
8740,1,0,1
8741,1,0,1
8742,1,0,1
8743,1,0,1
8744,1,0,1
8745,1,0,1
8746,1,0,1
8747,1,0,1
8748,1,0,1
8749,1,0,1
8750,1,0,1
8751,1,0,1
8752,1,0,1
8753,1,0,1
8754,1,0,1
8755,1,0,1
8756,1,0,1
8757,1,0,1
8758,1,0,1
8759,1,0,1
8760,1,0,1
8761,1,0,1
8762,1,0,1
8763,1,0,1
8764,1,0,1
8765,1,0,1
8766,1,0,1
8767,1,0,1
8768,1,0,1
8769,1,0,1
8770,1,0,1
8771,1,0,1
8772,1,0,1
8773,1,0,1
8774,1,0,1
8775,1,0,1
8776,1,0,1
8777,1,0,1
8778,1,0,1
8779,1,0,1
8780,1,0,1
8781,1,0,1
8782,1,0,1
8783,1,0,1
8784,1,0,1
8785,1,0,1
8786,1,0,1
8787,1,0,1
8788,1,0,1
8789,1,0,1
8790,1,0,1
8791,1,0,1
8792,1,0,1
8793,1,0,1
8794,1,0,1
8795,1,0,1
8796,1,0,1
8797,1,0,1
8798,1,0,1
8799,1,0,1
8800,1,0,1
8801,1,0,1
8802,1,0,1
8803,1,0,1
8804,1,0,1
8805,1,0,1
8806,1,0,1
8807,1,0,1
8808,1,0,1
8809,1,0,1
8810,1,0,1
8811,1,0,1
8812,1,0,1
8813,1,0,1
8814,1,0,1
8815,1,0,1
8816,1,0,1
8817,1,0,1
8818,1,0,1
8819,1,0,1
8820,1,0,1
8821,1,0,1
8822,1,0,1
8823,2,0,2
8824,2,0,2
8825,2,0,2
8826,2,0,2
8827,2,0,2
8828,2,0,2
8829,2,0,2
8830,2,0,2
8831,2,0,2
8832,2,0,2
8833,2,0,2
8834,2,0,2
8835,2,0,2
8836,2,0,2
8837,2,0,2
8838,2,0,2
8839,3,0,3
8840,3,0,3
8841,3,0,3
8842,3,0,3
8843,3,0,3
8844,3,0,3
8845,3,0,3
8846,3,0,3
8847,3,0,3
8848,3,0,3
8849,3,0,3
8850,3,0,3
8851,3,0,3
8852,3,0,3
8853,3,0,3
8854,3,0,3
8855,3,0,3
8856,3,0,3
8857,3,0,3
8858,3,0,3
8859,3,0,3
8860,3,0,3
8861,3,0,3
8862,3,0,3
8863,3,0,3
8864,3,0,3
8865,3,0,3
8866,3,0,3
8867,3,0,3
8868,3,0,3
8869,3,0,3
8870,3,0,3
8871,2,0,2
8872,2,0,2
8873,2,0,2
8874,2,0,2
8875,2,0,2
8876,2,0,2
8877,2,0,2
8878,2,0,2
8879,2,0,2
8880,2,0,2
8881,2,0,2
8882,2,0,2
8883,3,0,3
8884,3,0,3
8885,3,0,3
8886,3,0,3
8887,3,0,3
8888,3,0,3
8889,3,0,3
8890,3,0,3
8891,3,0,3
8892,3,0,3
8893,3,0,3
8894,3,0,3
8895,3,0,3
8896,3,0,3
8897,2,1,3
8898,2,1,3
8899,2,1,3
8900,2,1,3
8901,2,1,3
8902,2,1,3
8903,2,1,3
8904,2,1,3
8905,2,1,3
8906,2,1,3
8907,2,1,3
8908,2,1,3
8909,2,1,3
8910,2,1,3
8911,2,1,3
8912,2,1,3
8913,2,1,3
8914,2,1,3
8915,3,1,4
8916,3,1,4
8917,3,1,4
8918,3,1,4
8919,3,1,4
8920,3,1,4
8921,4,0,4
8922,4,0,4
8923,4,0,4
8924,4,0,4
8925,4,0,4
8926,4,0,4
8927,4,0,4
8928,4,0,4
8929,4,0,4
8930,4,0,4
8931,3,0,3
8932,3,0,3
8933,3,0,3
8934,3,0,3
8935,3,0,3
8936,3,0,3
8937,3,0,3
8938,3,0,3
8939,3,0,3
8940,3,0,3
8941,3,0,3
8942,3,0,3
8943,3,0,3
8944,3,0,3
8945,3,0,3
8946,3,0,3
8947,3,0,3
8948,3,0,3
8949,3,0,3
8950,3,0,3
8951,2,0,2
8952,2,0,2
8953,2,0,2
8954,2,0,2
8955,2,0,2
8956,2,0,2
8957,2,0,2
8958,2,0,2
8959,2,0,2
8960,2,0,2
8961,2,0,2
8962,2,0,2
8963,2,0,2
8964,2,0,2
8965,2,0,2
8966,2,0,2
8967,2,0,2
8968,2,0,2
8969,2,0,2
8970,2,0,2
8971,2,0,2
8972,2,0,2
8973,2,0,2
8974,2,0,2
8975,2,0,2
8976,2,0,2
8977,1,0,1
8978,1,0,1
8979,1,0,1
8980,1,0,1
8981,1,0,1
8982,1,0,1
8983,1,0,1
8984,0,0,0
8985,0,0,0
8986,0,0,0
8987,0,0,0
8988,0,0,0
8989,0,0,0
8990,0,0,0
8991,0,0,0
8992,0,0,0
8993,0,0,0
8994,0,0,0
8995,0,0,0
8996,0,0,0
8997,0,0,0
8998,0,0,0
8999,0,0,0
9000,0,0,0
9001,0,0,0
9002,0,0,0
9003,0,0,0
9004,0,0,0
9005,0,0,0
9006,2,0,2
9007,2,0,2
9008,2,0,2
9009,2,0,2
9010,2,0,2
9011,2,0,2
9012,2,0,2
9013,2,0,2
9014,2,0,2
9015,2,0,2
9016,2,0,2
9017,2,0,2
9018,2,0,2
9019,2,0,2
9020,2,0,2
9021,2,0,2
9022,2,0,2
9023,2,0,2
9024,2,0,2
9025,2,0,2
9026,2,0,2
9027,2,0,2
9028,2,0,2
9029,2,0,2
9030,2,0,2
9031,2,0,2
9032,2,0,2
9033,2,0,2
9034,2,0,2
9035,2,0,2
9036,2,0,2
9037,2,0,2
9038,2,0,2
9039,2,0,2
9040,2,0,2
9041,2,0,2
9042,2,0,2
9043,2,0,2
9044,2,0,2
9045,2,0,2
9046,2,0,2
9047,2,0,2
9048,1,0,1
9049,1,0,1
9050,0,0,0
9051,0,0,0
9052,0,0,0
9053,0,0,0
9054,0,0,0
9055,0,0,0
9056,0,0,0
9057,0,0,0
9058,0,0,0
9059,0,0,0
9060,0,0,0
9061,0,0,0
9062,0,0,0
9063,0,0,0
9064,0,0,0
9065,0,0,0
9066,1,0,1
9067,1,0,1
9068,1,0,1
9069,1,0,1
9070,1,0,1
9071,1,0,1
9072,1,0,1
9073,1,0,1
9074,1,0,1
9075,1,0,1
9076,1,0,1
9077,1,0,1
9078,1,0,1
9079,1,0,1
9080,1,0,1
9081,1,0,1
9082,1,0,1
9083,1,0,1
9084,1,0,1
9085,1,0,1
9086,1,0,1
9087,1,0,1
9088,1,0,1
9089,1,0,1
9090,1,0,1
9091,1,0,1
9092,1,0,1
9093,1,0,1
9094,1,0,1
9095,1,0,1
9096,1,0,1
9097,1,0,1
9098,1,0,1
9099,1,0,1
9100,1,0,1
9101,1,0,1
9102,1,0,1
9103,1,0,1
9104,1,0,1
9105,1,0,1
9106,1,0,1
9107,1,0,1
9108,1,0,1
9109,1,0,1
9110,1,0,1
9111,1,0,1
9112,1,0,1
9113,1,0,1
9114,1,0,1
9115,1,0,1
9116,1,0,1
9117,1,0,1
9118,0,0,0
9119,0,0,0
9120,0,0,0
9121,0,0,0
9122,0,0,0
9123,0,0,0
9124,0,0,0
9125,0,0,0
9126,0,0,0
9127,0,0,0
9128,0,0,0
9129,0,0,0
9130,0,0,0
9131,0,0,0
9132,0,0,0
9133,0,0,0
9134,0,0,0
9135,0,0,0
9136,0,0,0
9137,0,0,0
9138,1,0,1
9139,1,0,1
9140,1,0,1
9141,1,0,1
9142,1,0,1
9143,1,0,1
9144,1,0,1
9145,2,0,2
9146,2,0,2
9147,2,0,2
9148,2,0,2
9149,2,0,2
9150,2,0,2
9151,2,0,2
9152,2,0,2
9153,2,0,2
9154,2,0,2
9155,2,0,2
9156,2,0,2
9157,2,0,2
9158,2,0,2
9159,2,0,2
9160,2,0,2
9161,2,0,2
9162,2,0,2
9163,2,0,2
9164,2,0,2
9165,2,0,2
9166,2,0,2
9167,2,0,2
9168,2,0,2
9169,2,0,2
9170,2,0,2
9171,2,0,2
9172,2,0,2
9173,2,0,2
9174,2,0,2
9175,2,0,2
9176,2,0,2
9177,2,0,2
9178,2,0,2
9179,2,0,2
9180,2,0,2
9181,2,0,2
9182,2,0,2
9183,2,0,2
9184,2,0,2
9185,2,0,2
9186,2,0,2
9187,2,0,2
9188,2,0,2
9189,2,0,2
9190,2,0,2
9191,2,0,2
9192,2,0,2
9193,2,0,2
9194,2,0,2
9195,2,0,2
9196,2,0,2
9197,2,0,2
9198,2,0,2
9199,2,0,2
9200,2,0,2
9201,2,0,2
9202,2,0,2
9203,2,0,2
9204,2,0,2
9205,2,0,2
9206,2,0,2
9207,2,0,2
9208,2,0,2
9209,2,0,2
9210,2,0,2
9211,1,0,1
9212,1,0,1
9213,1,0,1
9214,1,0,1
9215,1,0,1
9216,1,0,1
9217,1,0,1
9218,1,0,1
9219,1,0,1
9220,1,0,1
9221,1,0,1
9222,1,0,1
9223,1,0,1
9224,1,0,1
9225,1,0,1
9226,1,0,1
9227,1,0,1
9228,2,0,2
9229,2,0,2
9230,2,0,2
9231,2,0,2
9232,2,0,2
9233,2,0,2
9234,2,0,2
9235,2,0,2
9236,2,0,2
9237,2,0,2
9238,2,0,2
9239,2,0,2
9240,2,0,2
9241,2,0,2
9242,3,0,3
9243,4,0,4
9244,4,0,4
9245,4,0,4
9246,4,0,4
9247,4,0,4
9248,4,0,4
9249,4,0,4
9250,4,0,4
9251,4,0,4
9252,4,0,4
9253,4,0,4
9254,4,0,4
9255,4,0,4
9256,4,0,4
9257,4,0,4
9258,4,0,4
9259,4,0,4
9260,4,0,4
9261,4,0,4
9262,4,0,4
9263,4,0,4
9264,4,0,4
9265,4,0,4
9266,4,0,4
9267,4,0,4
9268,4,0,4
9269,4,0,4
9270,4,0,4
9271,4,0,4
9272,4,0,4
9273,4,0,4
9274,4,0,4
9275,4,0,4
9276,3,0,3
9277,3,0,3
9278,3,0,3
9279,3,0,3
9280,3,0,3
9281,3,0,3
9282,3,0,3
9283,3,0,3
9284,3,0,3
9285,3,0,3
9286,3,0,3
9287,3,0,3
9288,3,0,3
9289,3,0,3
9290,3,0,3
9291,3,0,3
9292,3,0,3
9293,3,0,3
9294,3,0,3
9295,3,0,3
9296,3,0,3
9297,3,0,3
9298,3,0,3
9299,2,0,2
9300,2,0,2
9301,2,0,2
9302,2,0,2
9303,2,0,2
9304,2,0,2
9305,2,0,2
9306,2,0,2
9307,2,0,2
9308,2,0,2
9309,2,0,2
9310,2,0,2
9311,2,0,2
9312,2,0,2
9313,2,0,2
9314,2,0,2
9315,1,0,1
9316,1,0,1
9317,1,0,1
9318,1,0,1
9319,1,0,1
9320,1,0,1
9321,1,0,1
9322,1,0,1
9323,1,0,1
9324,1,0,1
9325,1,0,1
9326,0,0,0
9327,0,0,0
9328,0,0,0
9329,0,0,0
9330,0,0,0
9331,0,0,0
9332,0,0,0
9333,0,0,0
9334,0,0,0
9335,0,0,0
9336,0,0,0
9337,0,0,0
9338,0,0,0
9339,0,0,0
9340,0,0,0
9341,0,0,0
9342,0,0,0
9343,0,0,0
9344,0,0,0
9345,0,0,0
9346,0,0,0
9347,0,0,0
9348,0,0,0
9349,0,0,0
9350,0,0,0
9351,0,0,0
9352,0,0,0
9353,0,0,0
9354,0,0,0
9355,0,0,0
9356,0,0,0
9357,0,0,0
9358,0,0,0
9359,0,0,0
9360,0,0,0
9361,0,0,0
9362,0,0,0
9363,0,0,0
9364,0,0,0
9365,0,0,0
9366,0,0,0
9367,0,0,0
9368,0,0,0
9369,0,0,0
9370,0,0,0
9371,0,0,0
9372,0,0,0
9373,0,0,0
9374,0,0,0
9375,0,0,0
9376,0,0,0
9377,0,0,0
9378,0,0,0
9379,0,0,0
9380,0,0,0
9381,0,0,0
9382,0,0,0
9383,0,0,0
9384,0,0,0
9385,0,0,0
9386,0,0,0
9387,0,0,0
9388,0,0,0
9389,0,0,0
9390,0,0,0
9391,0,0,0
9392,0,0,0
9393,0,0,0
9394,0,0,0
9395,0,0,0
9396,0,0,0
9397,0,0,0
9398,0,0,0
9399,0,0,0
9400,0,0,0
9401,0,0,0
9402,0,0,0
9403,0,0,0
9404,0,0,0
9405,0,0,0
9406,0,0,0
9407,0,0,0
9408,0,0,0
9409,0,0,0
9410,0,0,0
9411,0,0,0
9412,0,0,0
9413,0,0,0
9414,0,0,0
9415,0,0,0
9416,0,0,0
9417,0,0,0
9418,0,0,0
9419,0,0,0
9420,0,0,0
9421,0,0,0
9422,0,0,0
9423,0,0,0
9424,0,0,0
9425,0,0,0
9426,0,0,0
9427,0,0,0
9428,0,0,0
9429,0,0,0
9430,0,0,0
9431,0,0,0
9432,0,0,0
9433,0,0,0
9434,0,0,0
9435,0,0,0
9436,0,0,0
9437,0,0,0
9438,0,0,0
9439,0,0,0
9440,0,0,0
9441,0,0,0
9442,0,0,0
9443,0,0,0
9444,0,0,0
9445,0,0,0
9446,0,0,0
9447,0,0,0
9448,0,0,0
9449,0,0,0
9450,0,0,0
9451,0,0,0
9452,0,0,0
9453,0,0,0
9454,0,0,0
9455,0,0,0
9456,0,0,0
9457,0,0,0
9458,0,0,0
9459,0,0,0
9460,0,0,0
9461,0,0,0
9462,0,0,0
9463,0,0,0
9464,0,0,0
9465,0,0,0
9466,0,0,0
9467,0,0,0
9468,0,0,0
9469,0,0,0
9470,0,0,0
9471,0,0,0
9472,0,0,0
9473,0,0,0
9474,0,0,0
9475,0,0,0
9476,0,0,0
9477,0,0,0
9478,0,0,0
9479,0,0,0
9480,0,0,0
9481,0,0,0
9482,0,0,0
9483,0,0,0
9484,0,0,0
9485,0,0,0
9486,0,0,0
9487,0,0,0
9488,0,0,0
9489,0,0,0
9490,0,0,0
9491,0,0,0
9492,0,0,0
9493,0,0,0
9494,0,0,0
9495,0,0,0
9496,0,0,0
9497,0,0,0
9498,0,0,0
9499,0,0,0
9500,0,0,0
9501,0,0,0
9502,0,0,0
9503,0,0,0
9504,0,0,0
9505,0,0,0
9506,0,0,0
9507,0,0,0
9508,0,0,0
9509,0,0,0
9510,0,0,0
9511,0,0,0
9512,0,0,0
9513,0,0,0
9514,0,0,0
9515,0,0,0
9516,0,0,0
9517,0,0,0
9518,0,0,0
9519,0,0,0
9520,0,0,0
9521,0,0,0
9522,0,0,0
9523,0,0,0
9524,0,0,0
9525,0,0,0
9526,0,0,0
9527,0,0,0
9528,0,0,0
9529,0,0,0
9530,0,0,0
9531,0,0,0
9532,0,0,0
9533,0,0,0
9534,0,0,0
9535,0,0,0
9536,0,0,0
9537,0,0,0
9538,0,0,0
9539,0,0,0
9540,0,0,0
9541,0,0,0
9542,0,0,0
9543,0,0,0
9544,0,0,0
9545,0,0,0
9546,0,0,0
9547,0,0,0
9548,0,0,0
9549,0,0,0
9550,0,0,0
9551,0,0,0
9552,0,0,0
9553,0,0,0
9554,0,0,0
9555,0,0,0
9556,0,0,0
9557,0,0,0
9558,0,0,0
9559,0,0,0
9560,0,0,0
9561,0,0,0
9562,0,0,0
9563,0,0,0
9564,0,0,0
9565,0,0,0
9566,0,0,0
9567,0,0,0
9568,0,0,0
9569,0,0,0
9570,0,0,0
9571,0,0,0
9572,0,0,0
9573,0,0,0
9574,0,0,0
9575,0,0,0
9576,0,0,0
9577,0,0,0
9578,0,0,0
9579,0,0,0
9580,0,0,0
9581,0,0,0
9582,0,0,0
9583,0,0,0
9584,0,0,0
9585,0,0,0
9586,0,0,0
9587,0,0,0
9588,0,0,0
9589,0,0,0
9590,0,0,0
9591,0,0,0
9592,0,0,0
9593,0,0,0
9594,0,0,0
9595,0,0,0
9596,0,0,0
9597,0,0,0
9598,0,0,0
9599,0,0,0
9600,0,0,0
9601,0,0,0
9602,0,0,0
9603,0,0,0
9604,0,0,0
9605,0,0,0
9606,0,0,0
9607,0,0,0
9608,0,0,0
9609,0,0,0
9610,0,0,0
9611,0,0,0
9612,0,0,0
9613,0,0,0
9614,0,0,0
9615,0,0,0
9616,0,0,0
9617,0,0,0
9618,0,0,0
9619,0,0,0
9620,0,0,0
9621,1,0,1
9622,1,0,1
9623,1,0,1
9624,1,0,1
9625,2,0,2
9626,2,0,2
9627,2,0,2
9628,2,0,2
9629,2,0,2
9630,2,0,2
9631,2,0,2
9632,2,0,2
9633,2,0,2
9634,2,0,2
9635,2,0,2
9636,2,0,2
9637,2,0,2
9638,2,0,2
9639,2,0,2
9640,2,0,2
9641,2,0,2
9642,2,0,2
9643,2,0,2
9644,2,0,2
9645,2,0,2
9646,2,0,2
9647,2,0,2
9648,2,0,2
9649,2,0,2
9650,2,0,2
9651,2,0,2
9652,2,0,2
9653,2,0,2
9654,2,0,2
9655,2,0,2
9656,2,0,2
9657,2,0,2
9658,2,0,2
9659,2,0,2
9660,2,0,2
9661,2,0,2
9662,2,0,2
9663,2,0,2
9664,2,0,2
9665,2,0,2
9666,2,0,2
9667,2,0,2
9668,2,0,2
9669,2,0,2
9670,2,0,2
9671,2,0,2
9672,2,0,2
9673,2,0,2
9674,2,0,2
9675,2,0,2
9676,2,0,2
9677,2,0,2
9678,2,0,2
9679,1,0,1
9680,1,0,1
9681,1,0,1
9682,1,0,1
9683,1,0,1
9684,1,0,1
9685,1,0,1
9686,1,0,1
9687,1,0,1
9688,1,0,1
9689,1,0,1
9690,1,0,1
9691,1,0,1
9692,1,0,1
9693,1,0,1
9694,1,0,1
9695,1,0,1
9696,1,0,1
9697,1,0,1
9698,1,0,1
9699,1,0,1
9700,1,0,1
9701,1,0,1
9702,1,0,1
9703,1,0,1
9704,1,0,1
9705,1,0,1
9706,1,0,1
9707,1,0,1
9708,1,0,1
9709,1,0,1
9710,1,0,1
9711,1,0,1
9712,1,0,1
9713,1,0,1
9714,1,0,1
9715,1,0,1
9716,1,0,1
9717,1,0,1
9718,1,0,1
9719,1,0,1
9720,1,0,1
9721,1,0,1
9722,1,0,1
9723,0,0,0
9724,0,0,0
9725,0,0,0
9726,0,0,0
9727,0,0,0
9728,0,0,0
9729,0,0,0
9730,0,0,0
9731,0,0,0
9732,0,0,0
9733,0,0,0
9734,0,0,0
9735,0,0,0
9736,0,0,0
9737,0,0,0
9738,0,0,0
9739,0,0,0
9740,0,0,0
9741,0,0,0
9742,0,0,0
9743,0,0,0
9744,0,0,0
9745,0,0,0
9746,0,0,0
9747,0,0,0
9748,0,0,0
9749,0,0,0
9750,0,0,0
9751,0,0,0
9752,0,0,0
9753,0,0,0
9754,0,0,0
9755,0,0,0
9756,0,0,0
9757,0,0,0
9758,0,0,0
9759,0,0,0
9760,0,0,0
9761,0,0,0
9762,0,0,0
9763,0,0,0
9764,0,0,0
9765,0,0,0
9766,0,0,0
9767,0,0,0
9768,0,0,0
9769,0,0,0
9770,0,0,0
9771,0,0,0
9772,0,0,0
9773,0,0,0
9774,0,0,0
9775,0,0,0
9776,0,0,0
9777,0,0,0
9778,0,0,0
9779,0,0,0
9780,0,0,0
9781,0,0,0
9782,0,0,0
9783,0,0,0
9784,0,0,0
9785,0,0,0
9786,0,0,0
9787,0,0,0
9788,0,0,0
9789,0,0,0
9790,0,0,0
9791,0,0,0
9792,0,0,0
9793,0,0,0
9794,0,0,0
9795,0,0,0
9796,0,0,0
9797,0,0,0
9798,0,0,0
9799,0,0,0
9800,0,0,0
9801,0,0,0
9802,0,0,0
9803,0,0,0
9804,0,0,0
9805,0,0,0
9806,0,0,0
9807,0,0,0
9808,0,0,0
9809,0,0,0
9810,0,0,0
9811,0,0,0
9812,0,0,0
9813,0,0,0
9814,0,0,0
9815,0,0,0
9816,0,0,0
9817,0,0,0
9818,0,0,0
9819,0,0,0
9820,0,0,0
9821,0,0,0
9822,0,0,0
9823,0,0,0
9824,0,0,0
9825,0,0,0
9826,0,0,0
9827,0,0,0
9828,0,0,0
9829,0,0,0
9830,0,0,0
9831,0,0,0
9832,0,0,0
9833,0,0,0
9834,0,0,0
9835,0,0,0
9836,0,0,0
9837,0,0,0
9838,0,0,0
9839,0,0,0
9840,0,0,0
9841,0,0,0
9842,0,0,0
9843,0,0,0
9844,0,0,0
9845,0,0,0
9846,0,0,0
9847,0,0,0
9848,0,0,0
9849,0,0,0
9850,0,0,0
9851,0,0,0
9852,0,0,0
9853,0,0,0
9854,0,0,0
9855,0,0,0
9856,0,0,0
9857,0,0,0
9858,0,0,0
9859,0,0,0
9860,0,0,0
9861,0,0,0
9862,0,0,0
9863,0,0,0
9864,0,0,0
9865,0,0,0
9866,0,0,0
9867,0,0,0
9868,0,0,0
9869,0,0,0
9870,0,0,0
9871,0,0,0
9872,0,0,0
9873,0,0,0
9874,0,0,0
9875,0,0,0
9876,0,0,0
9877,0,0,0
9878,0,0,0
9879,0,0,0
9880,0,0,0
9881,0,0,0
9882,0,0,0
9883,0,0,0
9884,0,0,0
9885,0,0,0
9886,0,0,0
9887,0,0,0
9888,0,0,0
9889,0,0,0
9890,0,0,0
9891,0,0,0
9892,0,0,0
9893,0,0,0
9894,0,0,0
9895,0,0,0
9896,0,0,0
9897,0,0,0
9898,0,0,0
9899,0,0,0
9900,0,0,0
9901,0,0,0
9902,0,0,0
9903,0,0,0
9904,0,0,0
9905,0,0,0
9906,0,0,0
9907,0,0,0
9908,0,0,0
9909,0,0,0
9910,0,0,0
9911,0,0,0
9912,0,0,0
9913,0,0,0
9914,0,0,0
9915,0,0,0
9916,0,0,0
9917,0,0,0
9918,0,0,0
9919,0,0,0
9920,0,0,0
9921,0,0,0
9922,0,0,0
9923,0,0,0
9924,0,0,0
9925,0,0,0
9926,0,0,0
9927,0,0,0
9928,0,0,0
9929,0,0,0
9930,0,0,0
9931,0,0,0
9932,0,0,0
9933,0,0,0
9934,0,0,0
9935,0,0,0
9936,0,0,0
9937,0,0,0
9938,0,0,0
9939,0,0,0
9940,0,0,0
9941,0,0,0
9942,0,0,0
9943,0,0,0
9944,0,0,0
9945,0,0,0
9946,0,0,0
9947,0,0,0
9948,0,0,0
9949,0,0,0
9950,0,0,0
9951,0,0,0
9952,0,0,0
9953,0,0,0
9954,0,0,0
9955,0,0,0
9956,0,0,0
9957,0,0,0
9958,0,0,0
9959,0,0,0
9960,0,0,0
9961,0,0,0
9962,0,0,0
9963,0,0,0
9964,0,0,0
9965,0,0,0
9966,0,0,0
9967,0,0,0
9968,0,0,0
9969,0,0,0
9970,0,0,0
9971,0,0,0
9972,0,0,0
9973,0,0,0
9974,0,0,0
9975,0,0,0
9976,0,0,0
9977,0,0,0
9978,0,0,0
9979,0,0,0
9980,0,0,0
9981,0,0,0
9982,0,0,0
9983,0,0,0
9984,0,0,0
9985,0,0,0
9986,0,0,0
9987,0,0,0
9988,0,0,0
9989,0,0,0
9990,0,0,0
9991,0,0,0
9992,0,0,0
9993,0,0,0
9994,0,0,0
9995,0,0,0
9996,0,0,0
9997,0,0,0
9998,0,0,0
9999,0,0,0
10000,0,0,0
10001,0,0,0
10002,0,0,0
10003,0,0,0
10004,0,0,0
10005,0,0,0
10006,0,0,0
10007,0,0,0
10008,0,0,0
10009,0,0,0
10010,0,0,0
10011,0,0,0
10012,0,0,0
10013,0,0,0
10014,0,0,0
10015,0,0,0
10016,0,0,0
10017,0,0,0
10018,0,0,0
10019,0,0,0
10020,0,0,0
10021,0,0,0
10022,0,0,0
10023,0,0,0
10024,0,0,0
10025,0,0,0
10026,0,0,0
10027,0,0,0
10028,0,0,0
10029,0,0,0
10030,0,0,0
10031,0,0,0
10032,0,0,0
10033,0,0,0
10034,0,0,0
10035,0,0,0
10036,0,0,0
10037,0,0,0
10038,0,0,0
10039,0,0,0
10040,0,0,0
10041,0,0,0
10042,0,0,0
10043,0,0,0
10044,0,0,0
10045,0,0,0
10046,0,0,0
10047,0,0,0
10048,0,0,0
10049,0,0,0
10050,0,0,0
10051,0,0,0
10052,0,0,0
10053,0,0,0
10054,0,0,0
10055,0,0,0
10056,0,0,0
10057,0,0,0
10058,0,0,0
10059,0,0,0
10060,0,0,0
10061,0,0,0
10062,0,0,0
10063,0,0,0
10064,0,0,0
10065,0,0,0
10066,0,0,0
10067,0,0,0
10068,0,0,0
10069,0,0,0
10070,0,0,0
10071,0,0,0
10072,0,0,0
10073,0,0,0
10074,0,0,0
10075,0,0,0
10076,0,0,0
10077,0,0,0
10078,0,0,0
10079,0,0,0
10080,0,0,0
10081,0,0,0
10082,0,0,0
10083,0,0,0
10084,0,0,0
10085,0,0,0
10086,0,0,0
10087,0,0,0
10088,0,0,0
10089,0,0,0
10090,0,0,0
10091,0,0,0
10092,0,0,0
10093,0,0,0
10094,0,0,0
10095,0,0,0
10096,0,0,0
10097,0,0,0
10098,0,0,0
10099,0,0,0
10100,0,0,0
10101,0,0,0
10102,0,0,0
10103,0,0,0
10104,0,0,0
10105,0,0,0
10106,0,0,0
10107,0,0,0
10108,0,0,0
10109,0,0,0
10110,0,0,0
10111,0,0,0
10112,0,0,0
10113,0,0,0
10114,0,0,0
10115,0,0,0
10116,0,0,0
10117,0,0,0
10118,0,0,0
10119,0,0,0
10120,0,0,0
10121,0,0,0
10122,0,0,0
10123,0,0,0
10124,0,0,0
10125,0,0,0
10126,0,0,0
10127,0,0,0
10128,0,0,0
10129,0,0,0
10130,0,0,0
10131,0,0,0
10132,0,0,0
10133,0,0,0
10134,0,0,0
10135,0,0,0
10136,0,0,0
10137,0,0,0
10138,0,0,0
10139,0,0,0
10140,0,0,0
10141,0,0,0
10142,0,0,0
10143,0,0,0
10144,0,0,0
10145,0,0,0
10146,0,0,0
10147,0,0,0
10148,0,0,0
10149,0,0,0
10150,0,0,0
10151,0,0,0
10152,0,0,0
10153,0,0,0
10154,0,0,0
10155,0,0,0
10156,0,0,0
10157,0,0,0
10158,0,0,0
10159,0,0,0
10160,0,0,0
10161,0,0,0
10162,0,0,0
10163,0,0,0
10164,0,0,0
10165,0,0,0
10166,0,0,0
10167,0,0,0
10168,0,0,0
10169,0,0,0
10170,0,0,0
10171,0,0,0
10172,0,0,0
10173,0,0,0
10174,0,0,0
10175,0,0,0
10176,0,0,0
10177,0,0,0
10178,0,0,0
10179,0,0,0
10180,0,0,0
10181,0,0,0
10182,1,0,1
10183,1,0,1
10184,1,0,1
10185,1,0,1
10186,1,0,1
10187,1,0,1
10188,1,0,1
10189,1,0,1
10190,1,0,1
10191,1,0,1
10192,1,0,1
10193,1,0,1
10194,1,0,1
10195,1,0,1
10196,1,0,1
10197,1,0,1
10198,1,0,1
10199,1,0,1
10200,1,0,1
10201,1,0,1
10202,1,0,1
10203,1,0,1
10204,1,0,1
10205,1,0,1
10206,1,0,1
10207,1,0,1
10208,1,0,1
10209,1,0,1
10210,1,0,1
10211,1,0,1
10212,1,0,1
10213,1,0,1
10214,1,0,1
10215,1,0,1
10216,1,0,1
10217,1,0,1
10218,1,0,1
10219,1,0,1
10220,1,0,1
10221,1,0,1
10222,1,0,1
10223,1,0,1
10224,1,0,1
10225,1,0,1
10226,1,0,1
10227,1,0,1
10228,1,0,1
10229,1,0,1
10230,1,0,1
10231,1,0,1
10232,1,0,1
10233,1,0,1
10234,1,0,1
10235,1,0,1
10236,1,0,1
10237,1,0,1
10238,1,0,1
10239,1,0,1
10240,1,0,1
10241,1,0,1
10242,1,0,1
10243,1,0,1
10244,1,0,1
10245,1,0,1
10246,1,0,1
10247,1,0,1
10248,0,0,0
10249,0,0,0
10250,0,0,0
10251,0,0,0
10252,0,0,0
10253,0,0,0
10254,0,0,0
10255,0,0,0
10256,0,0,0
10257,0,0,0
10258,0,0,0
10259,0,0,0
10260,0,0,0
10261,0,0,0
10262,0,0,0
10263,0,0,0
10264,1,0,1
10265,1,0,1
10266,1,0,1
10267,1,0,1
10268,1,0,1
10269,1,0,1
10270,1,0,1
10271,1,0,1
10272,1,0,1
10273,1,0,1
10274,1,0,1
10275,1,0,1
10276,1,0,1
10277,1,0,1
10278,1,0,1
10279,1,0,1
10280,1,0,1
10281,1,0,1
10282,1,0,1
10283,1,0,1
10284,1,0,1
10285,1,0,1
10286,1,0,1
10287,1,0,1
10288,1,0,1
10289,1,0,1
10290,1,0,1
10291,1,0,1
10292,1,0,1
10293,1,0,1
10294,1,0,1
10295,1,0,1
10296,1,0,1
10297,1,0,1
10298,1,0,1
10299,1,0,1
10300,1,0,1
10301,1,0,1
10302,1,0,1
10303,1,0,1
10304,1,0,1
10305,1,0,1
10306,1,0,1
10307,1,0,1
10308,1,0,1
10309,1,0,1
10310,1,0,1
10311,1,0,1
10312,1,0,1
10313,1,0,1
10314,1,0,1
10315,1,0,1
10316,1,0,1
10317,1,0,1
10318,1,0,1
10319,1,0,1
10320,1,0,1
10321,1,0,1
10322,1,0,1
10323,1,0,1
10324,1,0,1
10325,1,0,1
10326,1,0,1
10327,1,0,1
10328,1,0,1
10329,1,0,1
10330,1,0,1
10331,1,0,1
10332,1,0,1
10333,1,0,1
10334,1,0,1
10335,1,0,1
10336,1,0,1
10337,1,0,1
10338,1,0,1
10339,1,0,1
10340,1,0,1
10341,1,0,1
10342,1,0,1
10343,1,0,1
10344,1,0,1
10345,1,0,1
10346,1,0,1
10347,1,0,1
10348,1,0,1
10349,1,0,1
10350,1,0,1
10351,1,0,1
10352,1,0,1
10353,1,0,1
10354,1,0,1
10355,1,0,1
10356,1,0,1
10357,1,0,1
10358,1,0,1
10359,1,0,1
10360,1,0,1
10361,1,0,1
10362,1,0,1
10363,1,0,1
10364,1,0,1
10365,1,0,1
10366,1,0,1
10367,1,0,1
10368,1,0,1
10369,1,0,1
10370,1,0,1
10371,1,0,1
10372,1,0,1
10373,1,0,1
10374,1,0,1
10375,1,0,1
10376,1,0,1
10377,1,0,1
10378,1,0,1
10379,1,0,1
10380,1,0,1
10381,1,0,1
10382,1,0,1
10383,1,0,1
10384,1,0,1
10385,1,0,1
10386,1,0,1
10387,1,0,1
10388,1,0,1
10389,1,0,1
10390,1,0,1
10391,1,0,1
10392,1,0,1
10393,1,0,1
10394,1,0,1
10395,1,0,1
10396,1,0,1
10397,1,0,1
10398,1,0,1
10399,1,0,1
10400,1,0,1
10401,1,0,1
10402,1,0,1
10403,1,0,1
10404,1,0,1
10405,1,0,1
10406,1,0,1
10407,1,0,1
10408,1,0,1
10409,1,0,1
10410,1,0,1
10411,1,0,1
10412,1,0,1
10413,1,0,1
10414,1,0,1
10415,1,0,1
10416,1,0,1
10417,1,0,1
10418,1,0,1
10419,1,0,1
10420,1,0,1
10421,1,0,1
10422,1,0,1
10423,1,0,1
10424,1,0,1
10425,1,0,1
10426,1,0,1
10427,1,0,1
10428,1,0,1
10429,1,0,1
10430,1,0,1
10431,1,0,1
10432,1,0,1
10433,1,0,1
10434,1,0,1
10435,1,0,1
10436,1,0,1
10437,1,0,1
10438,1,0,1
10439,1,0,1
10440,1,0,1
10441,1,0,1
10442,1,0,1
10443,1,0,1
10444,1,0,1
10445,1,0,1
10446,1,0,1
10447,1,0,1
10448,1,0,1
10449,1,0,1
10450,1,0,1
10451,1,0,1
10452,1,0,1
10453,1,0,1
10454,1,0,1
10455,1,0,1
10456,1,0,1
10457,1,0,1
10458,1,0,1
10459,1,0,1
10460,1,0,1
10461,1,0,1
10462,1,0,1
10463,1,0,1
10464,1,0,1
10465,1,0,1
10466,1,0,1
10467,1,0,1
10468,1,0,1
10469,1,0,1
10470,1,0,1
10471,1,0,1
10472,1,0,1
10473,1,0,1
10474,1,0,1
10475,1,0,1
10476,1,0,1
10477,1,0,1
10478,1,0,1
10479,1,0,1
10480,1,0,1
10481,1,0,1
10482,1,0,1
10483,1,0,1
10484,1,0,1
10485,1,0,1
10486,1,0,1
10487,1,0,1
10488,1,0,1
10489,1,0,1
10490,1,0,1
10491,1,0,1
10492,1,0,1
10493,1,0,1
10494,1,0,1
10495,1,0,1
10496,1,0,1
10497,1,0,1
10498,0,0,0
10499,0,0,0
10500,0,0,0
10501,0,0,0
10502,0,0,0
10503,0,0,0
10504,0,0,0
10505,0,0,0
10506,0,0,0
10507,0,0,0
10508,0,0,0
10509,0,0,0
10510,0,0,0
10511,0,0,0
10512,1,0,1
10513,1,0,1
10514,1,0,1
10515,1,0,1
10516,1,0,1
10517,1,0,1
10518,1,0,1
10519,1,0,1
10520,1,0,1
10521,1,0,1
10522,1,0,1
10523,1,0,1
10524,1,0,1
10525,1,0,1
10526,1,0,1
10527,1,0,1
10528,0,1,1
10529,0,1,1
10530,0,1,1
10531,0,1,1
10532,0,1,1
10533,0,1,1
10534,0,1,1
10535,0,1,1
10536,0,1,1
10537,0,1,1
10538,0,1,1
10539,0,1,1
10540,0,1,1
10541,0,1,1
10542,0,1,1
10543,0,1,1
10544,0,1,1
10545,0,1,1
10546,0,1,1
10547,0,1,1
10548,0,1,1
10549,0,1,1
10550,0,1,1
10551,0,1,1
10552,0,1,1
10553,0,1,1
10554,0,1,1
10555,0,1,1
10556,0,1,1
10557,0,1,1
10558,0,1,1
10559,0,1,1
10560,0,1,1
10561,0,1,1
10562,0,1,1
10563,0,1,1
10564,0,1,1
10565,0,1,1
10566,0,1,1
10567,0,1,1
10568,0,1,1
10569,0,1,1
10570,0,1,1
10571,0,1,1
10572,0,1,1
10573,0,1,1
10574,0,1,1
10575,0,1,1
10576,0,1,1
10577,0,1,1
10578,1,0,1
10579,0,0,0
10580,0,0,0
10581,0,0,0
10582,0,0,0
10583,0,0,0
10584,0,0,0
10585,0,0,0
10586,0,0,0
10587,0,0,0
10588,0,0,0
10589,0,0,0
10590,0,0,0
10591,0,0,0
10592,0,0,0
10593,0,0,0
10594,0,0,0
10595,0,0,0
10596,0,0,0
10597,0,0,0
10598,0,0,0
10599,0,0,0
10600,0,0,0
10601,0,0,0
10602,0,0,0
10603,0,0,0
10604,0,0,0
10605,0,0,0
10606,0,0,0
10607,0,0,0
10608,0,0,0
10609,0,0,0
10610,0,0,0
10611,0,0,0
10612,0,0,0
10613,0,0,0
10614,0,0,0
10615,0,0,0
10616,0,0,0
10617,0,0,0
10618,0,0,0
10619,0,0,0
10620,0,0,0
10621,0,0,0
10622,0,0,0
10623,0,0,0
10624,0,0,0
10625,0,0,0
10626,0,0,0
10627,0,0,0
10628,0,0,0
10629,0,0,0
10630,0,0,0
10631,0,0,0
10632,0,0,0
10633,0,0,0
10634,0,0,0
10635,0,0,0
10636,0,0,0
10637,0,0,0
10638,0,0,0
10639,0,0,0
10640,0,0,0
10641,0,0,0
10642,0,0,0
10643,0,0,0
10644,0,0,0
10645,0,0,0
10646,0,0,0
10647,0,0,0
10648,0,0,0
10649,0,0,0
10650,0,0,0
10651,0,0,0
10652,0,0,0
10653,0,0,0
10654,0,0,0
10655,0,0,0
10656,0,0,0
10657,0,0,0
10658,0,0,0
10659,0,0,0
10660,0,0,0
10661,0,0,0
10662,0,0,0
10663,0,0,0
10664,0,0,0
10665,0,0,0
10666,0,0,0
10667,0,0,0
10668,0,0,0
10669,0,0,0
10670,0,0,0
10671,0,0,0
10672,0,0,0
10673,0,0,0
10674,0,0,0
10675,0,0,0
10676,0,0,0
10677,0,0,0
10678,0,0,0
10679,0,0,0
10680,0,0,0
10681,0,0,0
10682,0,0,0
10683,0,0,0
10684,0,0,0
10685,0,0,0
10686,0,0,0
10687,0,0,0
10688,0,0,0
10689,0,0,0
10690,0,0,0
10691,0,0,0
10692,0,0,0
10693,0,0,0
10694,0,0,0
10695,0,0,0
10696,0,0,0
10697,0,0,0
10698,0,0,0
10699,0,0,0
10700,0,0,0
10701,0,0,0
10702,0,0,0
10703,0,0,0
10704,0,0,0
10705,0,0,0
10706,0,0,0
10707,0,0,0
10708,0,0,0
10709,0,0,0
10710,0,0,0
10711,0,0,0
10712,0,0,0
10713,0,0,0
10714,0,0,0
10715,0,0,0
10716,0,0,0
10717,0,0,0
10718,0,0,0
10719,0,0,0
10720,0,0,0
10721,0,0,0
10722,0,0,0
10723,0,0,0
10724,0,0,0
10725,0,0,0
10726,0,0,0
10727,0,0,0
10728,0,0,0
10729,0,0,0
10730,0,0,0
10731,0,0,0
10732,0,0,0
10733,0,0,0
10734,0,0,0
10735,0,0,0
10736,0,0,0
10737,0,0,0
10738,0,0,0
10739,0,0,0
10740,0,0,0
10741,0,0,0
10742,0,0,0
10743,0,0,0
10744,0,0,0
10745,0,0,0
10746,0,0,0
10747,0,0,0
10748,0,0,0
10749,0,0,0
10750,0,0,0
10751,0,0,0
10752,0,0,0
10753,0,0,0
10754,0,0,0
10755,0,0,0
10756,0,0,0
10757,0,0,0
10758,0,0,0
10759,0,0,0
10760,0,0,0
10761,0,0,0
10762,0,0,0
10763,0,0,0
10764,0,0,0
10765,0,0,0
10766,0,0,0
10767,0,0,0
10768,0,0,0
10769,0,0,0
10770,0,0,0
10771,0,0,0
10772,0,0,0
10773,0,0,0
10774,0,0,0
10775,0,0,0
10776,0,0,0
10777,0,0,0
10778,0,0,0
10779,0,0,0
10780,0,0,0
10781,0,0,0
10782,0,0,0
10783,0,0,0
10784,0,0,0
10785,0,0,0
10786,0,0,0
10787,0,0,0
10788,0,0,0
10789,0,0,0
10790,0,0,0
10791,0,0,0
10792,0,0,0
10793,0,0,0
10794,0,0,0
10795,0,0,0
10796,0,0,0
10797,0,0,0
10798,0,0,0
10799,0,0,0
10800,0,0,0
10801,0,0,0
10802,0,0,0
10803,0,0,0
10804,0,0,0
10805,0,0,0
10806,0,0,0
10807,0,0,0
10808,0,0,0
10809,0,0,0
10810,0,0,0
10811,0,0,0
10812,0,0,0
10813,0,0,0
10814,0,0,0
10815,0,0,0
10816,0,0,0
10817,0,0,0
10818,0,0,0
10819,0,0,0
10820,0,0,0
10821,0,0,0
10822,0,0,0
10823,0,0,0
10824,0,0,0
10825,0,0,0
10826,0,0,0
10827,0,0,0
10828,0,0,0
10829,0,0,0
10830,0,0,0
10831,0,0,0
10832,0,0,0
10833,0,0,0
10834,0,0,0
10835,0,0,0
10836,0,0,0
10837,0,0,0
10838,0,0,0
10839,0,0,0
10840,0,0,0
10841,0,0,0
10842,0,0,0
10843,0,0,0
10844,0,0,0
10845,0,0,0
10846,0,0,0
10847,0,0,0
10848,0,0,0
10849,0,0,0
10850,0,0,0
10851,0,0,0
10852,0,0,0
10853,0,0,0
10854,0,0,0
10855,0,0,0
10856,0,0,0
10857,0,0,0
10858,0,0,0
10859,0,0,0
10860,0,0,0
10861,0,0,0
10862,0,0,0
10863,0,0,0
10864,0,0,0
10865,0,0,0
10866,0,0,0
10867,0,0,0
10868,0,0,0
10869,0,0,0
10870,0,0,0
10871,0,0,0
10872,0,0,0
10873,0,0,0
10874,0,0,0
10875,0,0,0
10876,0,0,0
10877,0,0,0
10878,0,0,0
10879,0,0,0
10880,0,0,0
10881,0,0,0
10882,0,0,0
10883,0,0,0
10884,0,0,0
10885,0,0,0
10886,0,0,0
10887,0,0,0
10888,0,0,0
10889,0,0,0
10890,0,0,0
10891,0,0,0
10892,0,0,0
10893,0,0,0
10894,0,0,0
10895,0,0,0
10896,0,0,0
10897,0,0,0
10898,0,0,0
10899,0,0,0
10900,0,0,0
10901,0,0,0
10902,0,0,0
10903,0,0,0
10904,0,0,0
10905,0,0,0
10906,0,0,0
10907,0,0,0
10908,0,0,0
10909,0,0,0
10910,0,0,0
10911,0,0,0
10912,0,0,0
10913,0,0,0
10914,0,0,0
10915,0,0,0
10916,0,0,0
10917,0,0,0
10918,0,0,0
10919,0,0,0
10920,0,0,0
10921,0,0,0
10922,0,0,0
10923,0,0,0
10924,0,0,0
10925,0,0,0
10926,0,0,0
10927,0,0,0
10928,0,0,0
10929,0,0,0
10930,0,0,0
10931,0,0,0
10932,0,0,0
10933,0,0,0
10934,0,0,0
10935,0,0,0
10936,0,0,0
10937,0,0,0
10938,0,0,0
10939,0,0,0
10940,0,0,0
10941,0,0,0
10942,0,0,0
10943,0,0,0
10944,0,0,0
10945,0,0,0
10946,0,0,0
10947,0,0,0
10948,0,0,0
10949,0,0,0
10950,0,0,0
10951,0,0,0
10952,0,0,0
10953,0,0,0
10954,0,0,0
10955,0,0,0
10956,0,0,0
10957,0,0,0
10958,0,0,0
10959,0,0,0
10960,0,0,0
10961,0,0,0
10962,0,0,0
10963,0,0,0
10964,0,0,0
10965,0,0,0
10966,0,0,0
10967,0,0,0
10968,0,0,0
10969,0,0,0
10970,0,0,0
10971,0,0,0
10972,0,0,0
10973,0,0,0
10974,0,0,0
10975,0,0,0
10976,0,0,0
10977,0,0,0
10978,0,0,0
10979,0,0,0
10980,0,0,0
10981,0,0,0
10982,0,0,0
10983,0,0,0
10984,0,0,0
10985,0,0,0
10986,0,0,0
10987,0,0,0
10988,0,0,0
10989,0,0,0
10990,0,0,0
10991,0,0,0
10992,0,0,0
10993,0,0,0
10994,0,0,0
10995,0,0,0
10996,0,0,0
10997,0,0,0
10998,0,0,0
10999,0,0,0
11000,0,0,0
11001,0,0,0
11002,0,0,0
11003,0,0,0
11004,0,0,0
11005,0,0,0
11006,0,0,0
11007,0,0,0
11008,0,0,0
11009,0,0,0
11010,0,0,0
11011,0,0,0
11012,0,0,0
11013,0,0,0
11014,0,0,0
11015,0,0,0
11016,0,0,0
11017,0,0,0
11018,0,0,0
11019,0,0,0
11020,0,0,0
11021,0,0,0
11022,0,0,0
11023,0,0,0
11024,0,0,0
11025,0,0,0
11026,0,0,0
11027,0,0,0
11028,0,0,0
11029,0,0,0
11030,0,0,0
11031,0,0,0
11032,0,0,0
11033,0,0,0
11034,0,0,0
11035,0,0,0
11036,0,0,0
11037,0,0,0
11038,0,0,0
11039,0,0,0
11040,0,0,0
11041,0,0,0
11042,0,0,0
11043,0,0,0
11044,0,0,0
11045,0,0,0
11046,0,0,0
11047,0,0,0
11048,0,0,0
11049,0,0,0
11050,0,0,0
11051,0,0,0
11052,0,0,0
11053,0,0,0
11054,0,0,0
11055,0,0,0
11056,0,0,0
11057,0,0,0
11058,0,0,0
11059,0,0,0
11060,0,0,0
11061,0,0,0
11062,0,0,0
11063,0,0,0
11064,0,0,0
11065,0,0,0
11066,0,0,0
11067,0,0,0
11068,0,0,0
11069,0,0,0
11070,0,0,0
11071,0,0,0
11072,0,0,0
11073,0,0,0
11074,0,0,0
11075,0,0,0
11076,0,0,0
11077,0,0,0
11078,0,0,0
11079,0,0,0
11080,0,0,0
11081,0,0,0
11082,0,0,0
11083,0,0,0
11084,0,0,0
11085,0,0,0
11086,0,0,0
11087,0,0,0
11088,0,0,0
11089,0,0,0
11090,0,0,0
11091,0,0,0
11092,0,0,0
11093,0,0,0
11094,0,0,0
11095,0,0,0
11096,0,0,0
11097,0,0,0
11098,0,0,0
11099,0,0,0
11100,0,0,0
11101,0,0,0
11102,0,0,0
11103,0,0,0
11104,0,0,0
11105,0,0,0
11106,0,0,0
11107,0,0,0
11108,0,0,0
11109,0,0,0
11110,0,0,0
11111,0,0,0
11112,0,0,0
11113,0,0,0
11114,0,0,0
11115,0,0,0
11116,0,0,0
11117,0,0,0
11118,0,0,0
11119,0,0,0
11120,0,0,0
11121,0,0,0
11122,0,0,0
11123,0,0,0
11124,0,0,0
11125,0,0,0
11126,0,0,0
11127,0,0,0
11128,0,0,0
11129,0,0,0
11130,0,0,0
11131,0,0,0
11132,0,0,0
11133,0,0,0
11134,0,0,0
11135,0,0,0
11136,0,0,0
11137,0,0,0
11138,0,0,0
11139,0,0,0
11140,0,0,0
11141,0,0,0
11142,0,0,0
11143,0,0,0
11144,0,0,0
11145,0,0,0
11146,0,0,0
11147,0,0,0
11148,0,0,0
11149,0,0,0
11150,0,0,0
11151,0,0,0
11152,0,0,0
11153,0,0,0
11154,0,0,0
11155,0,0,0
11156,0,0,0
11157,0,0,0
11158,0,0,0
11159,0,0,0
11160,0,0,0
11161,0,0,0
11162,0,0,0
11163,0,0,0
11164,0,0,0
11165,0,0,0
11166,0,0,0
11167,0,0,0
11168,0,0,0
11169,0,0,0
11170,0,0,0
11171,0,0,0
11172,0,0,0
11173,0,0,0
11174,0,0,0
11175,0,0,0
11176,0,0,0
11177,0,0,0
11178,0,0,0
11179,0,0,0
11180,0,0,0
11181,0,0,0
11182,0,0,0
11183,0,0,0
11184,0,0,0
11185,0,0,0
11186,0,0,0
11187,0,0,0
11188,0,0,0
11189,0,0,0
11190,0,0,0
11191,0,0,0
11192,0,0,0
11193,0,0,0
11194,0,0,0
11195,0,0,0
11196,0,0,0
11197,0,0,0
11198,0,0,0
11199,0,0,0
11200,0,0,0
11201,0,0,0
11202,0,0,0
11203,0,0,0
11204,0,0,0
11205,0,0,0
11206,0,0,0
11207,0,0,0
11208,0,0,0
11209,0,0,0
11210,0,0,0
11211,0,0,0
11212,0,0,0
11213,0,0,0
11214,0,0,0
11215,0,0,0
11216,0,0,0
11217,0,0,0
11218,0,0,0
11219,0,0,0
11220,0,0,0
11221,0,0,0
11222,0,0,0
11223,0,0,0
11224,0,0,0
11225,0,0,0
11226,0,0,0
11227,0,0,0
11228,0,0,0
11229,0,0,0
11230,0,0,0
11231,0,0,0
11232,0,0,0
11233,0,0,0
11234,0,0,0
11235,0,0,0
11236,0,0,0
11237,0,0,0
11238,0,0,0
11239,0,0,0
11240,0,0,0
11241,0,0,0
11242,0,0,0
11243,0,0,0
11244,0,0,0
11245,0,0,0
11246,0,0,0
11247,0,0,0
11248,0,0,0
11249,0,0,0
11250,0,0,0
11251,0,0,0
11252,0,0,0
11253,0,0,0
11254,0,0,0
11255,0,0,0
11256,0,0,0
11257,0,0,0
11258,0,0,0
11259,0,0,0
11260,0,0,0
11261,0,0,0
11262,0,0,0
11263,0,0,0
11264,0,0,0
11265,0,0,0
11266,0,0,0
11267,0,0,0
11268,0,0,0
11269,0,0,0
11270,0,0,0
11271,0,0,0
11272,0,0,0
11273,0,0,0
11274,0,0,0
11275,0,0,0
11276,0,0,0
11277,0,0,0
11278,0,0,0
11279,0,0,0
11280,0,0,0
11281,0,0,0
11282,0,0,0
11283,0,0,0
11284,0,0,0
11285,0,0,0
11286,0,0,0
11287,0,0,0
11288,0,0,0
11289,0,0,0
11290,0,0,0
11291,0,0,0
11292,0,0,0
11293,0,0,0
11294,0,0,0
11295,0,0,0
11296,0,0,0
11297,0,0,0
11298,0,0,0
11299,0,0,0
11300,0,0,0
11301,0,0,0
11302,0,0,0
11303,0,0,0
11304,0,0,0
11305,0,0,0
11306,0,0,0
11307,0,0,0
11308,0,0,0
11309,0,0,0
11310,0,0,0
11311,0,0,0
11312,0,0,0
11313,0,0,0
11314,0,0,0
11315,0,0,0
11316,0,0,0
11317,0,0,0
11318,0,0,0
11319,0,0,0
11320,0,0,0
11321,0,0,0
11322,0,0,0
11323,0,0,0
11324,0,0,0
11325,0,0,0
11326,0,0,0
11327,0,0,0
11328,0,0,0
11329,0,0,0
11330,0,0,0
11331,0,0,0
11332,0,0,0
11333,0,0,0
11334,0,0,0
11335,0,0,0
11336,0,0,0
11337,0,0,0
11338,0,0,0
11339,0,0,0
11340,0,0,0
11341,0,0,0
11342,0,0,0
11343,0,0,0
11344,0,0,0
11345,0,0,0
11346,0,0,0
11347,0,0,0
11348,0,0,0
11349,1,0,1
11350,1,0,1
11351,1,0,1
11352,1,0,1
11353,1,0,1
11354,1,0,1
11355,1,0,1
11356,1,0,1
11357,1,0,1
11358,1,0,1
11359,1,0,1
11360,1,0,1
11361,1,0,1
11362,1,0,1
11363,1,0,1
11364,1,0,1
11365,1,0,1
11366,1,0,1
11367,1,0,1
11368,1,0,1
11369,1,0,1
11370,1,0,1
11371,1,0,1
11372,1,0,1
11373,1,0,1
11374,1,0,1
11375,1,0,1
11376,1,0,1
11377,1,0,1
11378,1,0,1
11379,1,0,1
11380,1,0,1
11381,1,0,1
11382,1,0,1
11383,1,0,1
11384,1,0,1
11385,1,0,1
11386,1,0,1
11387,1,0,1
11388,1,0,1
11389,2,0,2
11390,2,0,2
11391,2,0,2
11392,2,0,2
11393,2,0,2
11394,2,0,2
11395,2,0,2
11396,2,0,2
11397,2,0,2
11398,2,0,2
11399,3,0,3
11400,3,0,3
11401,3,0,3
11402,3,0,3
11403,3,0,3
11404,3,0,3
11405,3,0,3
11406,3,0,3
11407,3,0,3
11408,3,0,3
11409,2,0,2
11410,2,0,2
11411,2,0,2
11412,2,0,2
11413,2,0,2
11414,2,0,2
11415,2,0,2
11416,2,0,2
11417,2,0,2
11418,2,0,2
11419,2,0,2
11420,2,0,2
11421,2,0,2
11422,2,0,2
11423,2,0,2
11424,2,0,2
11425,2,0,2
11426,2,0,2
11427,2,0,2
11428,2,0,2
11429,2,0,2
11430,2,0,2
11431,2,0,2
11432,2,0,2
11433,2,0,2
11434,2,0,2
11435,2,0,2
11436,2,0,2
11437,2,0,2
11438,2,0,2
11439,2,0,2
11440,2,0,2
11441,2,0,2
11442,2,0,2
11443,2,0,2
11444,1,0,1
11445,1,0,1
11446,1,0,1
11447,1,0,1
11448,1,0,1
11449,1,0,1
11450,1,0,1
11451,1,0,1
11452,1,0,1
11453,1,0,1
11454,1,0,1
11455,1,0,1
11456,1,0,1
11457,1,0,1
11458,1,0,1
11459,1,0,1
11460,1,0,1
11461,1,0,1
11462,1,0,1
11463,1,0,1
11464,1,0,1
11465,1,0,1
11466,1,0,1
11467,1,0,1
11468,0,0,0
11469,0,0,0
11470,0,0,0
11471,0,0,0
11472,0,0,0
11473,0,0,0
11474,0,0,0
11475,0,0,0
11476,0,0,0
11477,0,0,0
11478,0,0,0
11479,0,0,0
11480,0,0,0
11481,0,0,0
11482,0,0,0
11483,0,0,0
11484,0,0,0
11485,0,0,0
11486,0,0,0
11487,0,0,0
11488,0,0,0
11489,0,0,0
11490,0,0,0
11491,0,0,0
11492,0,0,0
11493,0,0,0
11494,0,0,0
11495,0,0,0
11496,0,0,0
11497,0,0,0
11498,0,0,0
11499,0,0,0
11500,0,0,0
11501,0,0,0
11502,0,0,0
11503,0,0,0
11504,0,0,0
11505,0,0,0
11506,0,0,0
11507,0,0,0
11508,0,0,0
11509,0,0,0
11510,0,0,0
11511,0,0,0
11512,0,0,0
11513,0,0,0
11514,0,0,0
11515,0,0,0
11516,0,0,0
11517,0,0,0
11518,0,0,0
11519,0,0,0
11520,0,0,0
11521,0,0,0
11522,0,0,0
11523,0,0,0
11524,0,0,0
11525,0,0,0
11526,0,0,0
11527,0,0,0
11528,0,0,0
11529,0,0,0
11530,0,0,0
11531,0,0,0
11532,0,0,0
11533,0,0,0
11534,0,0,0
11535,0,0,0
11536,0,0,0
11537,0,0,0
11538,0,0,0
11539,0,0,0
11540,0,0,0
11541,0,0,0
11542,0,0,0
11543,0,0,0
11544,0,0,0
11545,0,0,0
11546,0,0,0
11547,0,0,0
11548,0,0,0
11549,0,0,0
11550,0,0,0
11551,0,0,0
11552,0,0,0
11553,0,0,0
11554,0,0,0
11555,0,0,0
11556,1,0,1
11557,1,0,1
11558,1,0,1
11559,0,1,1
11560,0,1,1
11561,0,1,1
11562,0,1,1
11563,0,1,1
11564,0,1,1
11565,0,1,1
11566,0,1,1
11567,0,1,1
11568,0,1,1
11569,0,1,1
11570,0,1,1
11571,0,1,1
11572,0,1,1
11573,0,1,1
11574,0,1,1
11575,0,1,1
11576,0,1,1
11577,0,1,1
11578,0,1,1
11579,0,1,1
11580,0,1,1
11581,0,1,1
11582,0,1,1
11583,0,1,1
11584,0,1,1
11585,0,1,1
11586,0,1,1
11587,0,1,1
11588,0,1,1
11589,0,1,1
11590,0,1,1
11591,0,1,1
11592,0,1,1
11593,0,1,1
11594,0,1,1
11595,0,1,1
11596,0,1,1
11597,1,0,1
11598,1,0,1
11599,1,0,1
11600,1,0,1
11601,1,0,1
11602,1,0,1
11603,1,0,1
11604,1,0,1
11605,1,0,1
11606,1,0,1
11607,1,0,1
11608,1,0,1
11609,1,0,1
11610,1,0,1
11611,1,0,1
11612,1,0,1
11613,1,0,1
11614,1,0,1
11615,1,0,1
11616,1,0,1
11617,1,0,1
11618,1,0,1
11619,1,0,1
11620,1,0,1
11621,1,0,1
11622,1,0,1
11623,1,0,1
11624,1,0,1
11625,1,0,1
11626,1,0,1
11627,1,0,1
11628,1,0,1
11629,1,0,1
11630,1,0,1
11631,1,0,1
11632,1,0,1
11633,1,0,1
11634,1,0,1
11635,1,0,1
11636,1,0,1
11637,1,0,1
11638,1,0,1
11639,0,0,0
11640,0,0,0
11641,0,0,0
11642,0,0,0
11643,0,0,0
11644,0,0,0
11645,0,0,0
11646,0,0,0
11647,0,0,0
11648,0,0,0
11649,0,0,0
11650,0,0,0
11651,0,0,0
11652,0,0,0
11653,0,0,0
11654,0,0,0
11655,0,0,0
11656,0,0,0
11657,0,0,0
11658,0,0,0
11659,0,0,0
11660,0,0,0
11661,0,0,0
11662,0,0,0
11663,0,0,0
11664,0,0,0
11665,0,0,0
11666,0,0,0
11667,0,0,0
11668,0,0,0
11669,0,0,0
11670,0,0,0
11671,0,0,0
11672,0,0,0
11673,0,0,0
11674,0,0,0
11675,0,0,0
11676,0,0,0
11677,0,0,0
11678,0,0,0
11679,0,0,0
11680,0,0,0
11681,0,0,0
11682,0,0,0
11683,0,0,0
11684,0,0,0
11685,0,0,0
11686,0,0,0
11687,0,0,0
11688,0,0,0
11689,0,0,0
11690,0,0,0
11691,0,0,0
11692,0,0,0
11693,0,0,0
11694,0,0,0
11695,0,0,0
11696,0,0,0
11697,0,0,0
11698,0,0,0
11699,0,0,0
11700,0,0,0
11701,0,0,0
11702,0,0,0
11703,0,0,0
11704,0,0,0
11705,0,0,0
11706,0,0,0
11707,0,0,0
11708,0,0,0
11709,0,0,0
11710,0,0,0
11711,0,0,0
11712,0,0,0
11713,0,0,0
11714,0,0,0
11715,0,0,0
11716,0,0,0
11717,0,0,0
11718,0,0,0
11719,0,0,0
11720,0,0,0
11721,0,0,0
11722,0,0,0
11723,0,0,0
11724,0,0,0
11725,0,0,0
11726,0,0,0
11727,0,0,0
11728,0,0,0
11729,0,0,0
11730,0,0,0
11731,0,0,0
11732,0,0,0
11733,0,0,0
11734,0,0,0
11735,0,0,0
11736,0,0,0
11737,0,0,0
11738,0,0,0
11739,0,0,0
11740,0,0,0
11741,0,0,0
11742,0,0,0
11743,0,0,0
11744,0,0,0
11745,0,0,0
11746,0,0,0
11747,0,0,0
11748,0,0,0
11749,0,0,0
11750,0,0,0
11751,0,0,0
11752,0,0,0
11753,0,0,0
11754,0,0,0
11755,0,0,0
11756,0,0,0
11757,0,0,0
11758,0,0,0
11759,0,0,0
11760,0,0,0
11761,0,0,0
11762,0,0,0
11763,0,0,0
11764,0,0,0
11765,0,0,0
11766,0,0,0
11767,0,0,0
11768,0,0,0
11769,0,0,0
11770,0,0,0
11771,0,0,0
11772,0,0,0
11773,0,0,0
11774,0,0,0
11775,0,0,0
11776,0,0,0
11777,0,0,0
11778,0,0,0
11779,0,0,0
11780,0,0,0
11781,0,0,0
11782,0,0,0
11783,0,0,0
11784,0,0,0
11785,0,0,0
11786,0,0,0
11787,0,0,0
11788,0,0,0
11789,0,0,0
11790,0,0,0
11791,0,0,0
11792,0,0,0
11793,0,0,0
11794,0,0,0
11795,0,0,0
11796,0,0,0
11797,0,0,0
11798,0,0,0
11799,0,0,0
11800,0,0,0
11801,0,0,0
11802,0,0,0
11803,0,0,0
11804,0,0,0
11805,0,0,0
11806,0,0,0
11807,0,0,0
11808,0,0,0
11809,0,0,0
11810,0,0,0
11811,0,0,0
11812,0,0,0
11813,0,0,0
11814,0,0,0
11815,0,0,0
11816,0,0,0
11817,0,0,0
11818,0,0,0
11819,0,0,0
11820,0,0,0
11821,0,0,0
11822,0,0,0
11823,0,0,0
11824,0,0,0
11825,0,0,0
11826,0,0,0
11827,0,0,0
11828,0,0,0
11829,0,0,0
11830,0,0,0
11831,0,0,0
11832,0,0,0
11833,0,0,0
11834,0,0,0
11835,0,0,0
11836,0,0,0
11837,0,0,0
11838,0,0,0
11839,0,0,0
11840,0,0,0
11841,0,0,0
11842,0,0,0
11843,0,0,0
11844,0,0,0
11845,0,0,0
11846,0,0,0
11847,0,0,0
11848,0,0,0
11849,0,0,0
11850,0,0,0
11851,0,0,0
11852,0,0,0
11853,0,0,0
11854,0,0,0
11855,0,0,0
11856,0,0,0
11857,0,0,0
11858,0,0,0
11859,0,0,0
11860,0,0,0
11861,0,0,0
11862,0,0,0
11863,0,0,0
11864,0,0,0
11865,0,0,0
11866,0,0,0
11867,0,0,0
11868,0,0,0
11869,0,0,0
11870,0,0,0
11871,0,0,0
11872,0,0,0
11873,0,0,0
11874,0,0,0
11875,0,0,0
11876,0,0,0
11877,0,0,0
11878,0,0,0
11879,0,0,0
11880,0,0,0
11881,0,0,0
11882,0,0,0
11883,0,0,0
11884,0,0,0
11885,0,0,0
11886,0,0,0
11887,0,0,0
11888,0,0,0
11889,0,0,0
11890,0,0,0
11891,0,0,0
11892,0,0,0
11893,0,0,0
11894,0,0,0
11895,0,0,0
11896,0,0,0
11897,0,0,0
11898,0,0,0
11899,0,0,0
11900,0,0,0
11901,0,0,0
11902,0,0,0
11903,1,0,1
11904,1,0,1
11905,1,0,1
11906,1,0,1
11907,1,0,1
11908,1,0,1
11909,1,0,1
11910,1,0,1
11911,1,0,1
11912,1,0,1
11913,1,0,1
11914,1,0,1
11915,1,0,1
11916,1,0,1
11917,1,0,1
11918,1,0,1
11919,1,0,1
11920,1,0,1
11921,1,0,1
11922,1,0,1
11923,0,1,1
11924,0,1,1
11925,0,1,1
11926,0,1,1
11927,0,1,1
11928,1,1,2
11929,1,1,2
11930,1,1,2
11931,1,1,2
11932,1,1,2
11933,2,1,3
11934,2,1,3
11935,2,1,3
11936,2,1,3
11937,2,1,3
11938,3,0,3
11939,3,0,3
11940,3,0,3
11941,3,0,3
11942,3,0,3
11943,3,0,3
11944,3,0,3
11945,3,0,3
11946,3,0,3
11947,3,0,3
11948,3,0,3
11949,3,0,3
11950,3,0,3
11951,3,0,3
11952,3,0,3
11953,3,0,3
11954,3,0,3
11955,3,0,3
11956,3,0,3
11957,3,0,3
11958,3,0,3
11959,3,0,3
11960,3,0,3
11961,3,0,3
11962,3,0,3
11963,3,0,3
11964,3,0,3
11965,3,0,3
11966,3,0,3
11967,3,0,3
11968,3,0,3
11969,3,0,3
11970,3,0,3
11971,3,0,3
11972,3,0,3
11973,3,0,3
11974,3,0,3
11975,3,0,3
11976,3,0,3
11977,3,0,3
11978,3,0,3
11979,3,0,3
11980,3,0,3
11981,3,0,3
11982,3,0,3
11983,3,0,3
11984,3,0,3
11985,3,0,3
11986,3,0,3
11987,2,0,2
11988,2,0,2
11989,2,0,2
11990,2,0,2
11991,0,0,0
11992,0,0,0
11993,0,0,0
11994,0,0,0
11995,0,0,0
11996,0,0,0
11997,0,0,0
11998,0,0,0
11999,0,0,0
12000,0,0,0
12001,0,0,0
12002,0,0,0
12003,0,0,0
12004,0,0,0
12005,0,0,0
12006,0,0,0
12007,0,0,0
12008,0,0,0
12009,0,0,0
12010,0,0,0
12011,0,0,0
12012,0,0,0
12013,0,0,0
12014,0,0,0
12015,0,0,0
12016,0,0,0
12017,0,0,0
12018,0,0,0
12019,0,0,0
12020,0,0,0
12021,0,0,0
12022,0,0,0
12023,0,0,0
12024,0,0,0
12025,0,0,0
12026,0,0,0
12027,0,0,0
12028,0,0,0
12029,0,0,0
12030,0,0,0
12031,0,0,0
12032,0,0,0
12033,0,0,0
12034,0,0,0
12035,0,0,0
12036,0,0,0
12037,0,0,0
12038,0,0,0
12039,0,0,0
12040,0,0,0
12041,0,0,0
12042,0,0,0
12043,0,0,0
12044,0,0,0
12045,0,0,0
12046,0,0,0
12047,0,0,0
12048,0,0,0
12049,0,0,0
12050,0,0,0
12051,0,0,0
12052,0,0,0
12053,0,0,0
12054,0,0,0
12055,0,0,0
12056,0,0,0
12057,0,0,0
12058,0,0,0
12059,0,0,0
12060,0,0,0
12061,0,0,0
12062,0,0,0
12063,0,0,0
12064,0,0,0
12065,0,0,0
12066,0,0,0
12067,0,0,0
12068,0,0,0
12069,0,0,0
12070,0,0,0
12071,0,0,0
12072,0,0,0
12073,0,0,0
12074,0,0,0
12075,0,0,0
12076,0,0,0
12077,0,0,0
12078,0,0,0
12079,0,0,0
12080,0,0,0
12081,0,0,0
12082,0,0,0
12083,0,0,0
12084,0,0,0
12085,0,0,0
12086,0,0,0
12087,0,0,0
12088,0,0,0
12089,0,0,0
12090,0,0,0
12091,0,0,0
12092,0,0,0
12093,0,0,0
12094,0,0,0
12095,0,0,0
12096,0,0,0
12097,0,0,0
12098,0,0,0
12099,0,0,0
12100,0,0,0
12101,0,0,0
12102,0,0,0
12103,0,0,0
12104,0,0,0
12105,0,0,0
12106,0,0,0
12107,0,0,0
12108,0,0,0
12109,0,0,0
12110,0,0,0
12111,0,0,0
12112,0,0,0
12113,0,0,0
12114,0,0,0
12115,0,0,0
12116,0,0,0
12117,0,0,0
12118,0,0,0
12119,0,0,0
12120,0,0,0
12121,0,0,0
12122,0,0,0
12123,0,0,0
12124,0,0,0
12125,0,0,0
12126,0,0,0
12127,0,0,0
12128,0,0,0
12129,0,0,0
12130,0,0,0
12131,0,0,0
12132,0,0,0
12133,0,0,0
12134,0,0,0
12135,0,0,0
12136,0,0,0
12137,0,0,0
12138,0,0,0
12139,0,0,0
12140,0,0,0
12141,0,0,0
12142,0,0,0
12143,0,0,0
12144,0,0,0
12145,0,0,0
12146,0,0,0
12147,0,0,0
12148,0,0,0
12149,0,0,0
12150,0,0,0
12151,0,0,0
12152,0,0,0
12153,0,0,0
12154,0,0,0
12155,0,0,0
12156,0,0,0
12157,0,0,0
12158,0,0,0
12159,0,0,0
12160,0,0,0
12161,0,0,0
12162,0,0,0
12163,0,0,0
12164,0,0,0
12165,0,0,0
12166,0,0,0
12167,0,0,0
12168,0,0,0
12169,0,0,0
12170,0,0,0
12171,0,0,0
12172,0,0,0
12173,0,0,0
12174,0,0,0
12175,0,0,0
12176,0,0,0
12177,0,0,0
12178,0,0,0
12179,0,0,0
12180,0,0,0
12181,0,0,0
12182,0,0,0
12183,0,0,0
12184,0,0,0
12185,0,0,0
12186,0,0,0
12187,0,0,0
12188,0,0,0
12189,0,0,0
12190,0,0,0
12191,0,0,0
12192,0,0,0
12193,0,0,0
12194,0,0,0
12195,0,0,0
12196,0,0,0
12197,0,0,0
12198,0,0,0
12199,0,0,0
12200,0,0,0
12201,0,0,0
12202,0,0,0
12203,0,0,0
12204,0,0,0
12205,0,0,0
12206,0,0,0
12207,0,0,0
12208,0,0,0
12209,0,0,0
12210,0,0,0
12211,0,0,0
12212,0,0,0
12213,0,0,0
12214,0,0,0
12215,0,0,0
12216,0,0,0
12217,0,0,0
12218,0,0,0
12219,0,0,0
12220,0,0,0
12221,0,0,0
12222,0,0,0
12223,0,0,0
12224,0,0,0
12225,0,0,0
12226,0,0,0
12227,0,0,0
12228,0,0,0
12229,0,0,0
12230,0,0,0
12231,0,0,0
12232,0,0,0
12233,0,0,0
12234,0,0,0
12235,0,0,0
12236,0,0,0
12237,0,0,0
12238,0,0,0
12239,0,0,0
12240,0,0,0
12241,0,0,0
12242,0,0,0
12243,1,0,1
12244,1,0,1
12245,1,0,1
12246,1,0,1
12247,1,0,1
12248,1,0,1
12249,1,0,1
12250,1,0,1
12251,1,0,1
12252,1,0,1
12253,1,0,1
12254,1,0,1
12255,1,0,1
12256,1,0,1
12257,1,0,1
12258,1,0,1
12259,1,0,1
12260,2,0,2
12261,2,0,2
12262,2,0,2
12263,2,0,2
12264,2,0,2
12265,2,0,2
12266,2,0,2
12267,2,0,2
12268,2,0,2
12269,2,0,2
12270,2,0,2
12271,2,0,2
12272,2,0,2
12273,2,0,2
12274,2,0,2
12275,2,0,2
12276,2,0,2
12277,2,0,2
12278,2,0,2
12279,2,0,2
12280,2,0,2
12281,2,0,2
12282,2,0,2
12283,2,0,2
12284,2,0,2
12285,2,0,2
12286,2,0,2
12287,2,0,2
12288,2,0,2
12289,2,0,2
12290,2,0,2
12291,2,0,2
12292,2,0,2
12293,2,0,2
12294,2,0,2
12295,2,0,2
12296,2,0,2
12297,2,0,2
12298,2,0,2
12299,2,0,2
12300,2,0,2
12301,2,0,2
12302,2,0,2
12303,2,0,2
12304,2,0,2
12305,2,0,2
12306,2,0,2
12307,2,0,2
12308,2,0,2
12309,2,0,2
12310,2,0,2
12311,2,0,2
12312,2,0,2
12313,2,0,2
12314,2,0,2
12315,2,0,2
12316,2,0,2
12317,2,0,2
12318,2,0,2
12319,2,0,2
12320,2,0,2
12321,2,0,2
12322,2,0,2
12323,2,0,2
12324,2,0,2
12325,2,0,2
12326,2,0,2
12327,1,0,1
12328,1,0,1
12329,1,0,1
12330,1,0,1
12331,1,0,1
12332,1,0,1
12333,1,0,1
12334,1,0,1
12335,1,0,1
12336,1,0,1
12337,1,0,1
12338,1,0,1
12339,1,0,1
12340,1,0,1
12341,1,0,1
12342,1,0,1
12343,1,0,1
12344,1,0,1
12345,1,0,1
12346,1,0,1
12347,1,0,1
12348,1,0,1
12349,1,0,1
12350,1,0,1
12351,1,0,1
12352,1,0,1
12353,1,0,1
12354,1,0,1
12355,1,0,1
12356,1,0,1
12357,1,0,1
12358,1,0,1
12359,1,0,1
12360,1,0,1
12361,1,0,1
12362,1,0,1
12363,1,0,1
12364,1,0,1
12365,1,0,1
12366,1,0,1
12367,1,0,1
12368,1,0,1
12369,1,0,1
12370,1,0,1
12371,1,0,1
12372,1,0,1
12373,1,0,1
12374,1,0,1
12375,1,0,1
12376,1,0,1
12377,1,0,1
12378,1,0,1
12379,1,0,1
12380,1,0,1
12381,1,0,1
12382,1,0,1
12383,1,0,1
12384,1,0,1
12385,1,0,1
12386,1,0,1
12387,1,0,1
12388,1,0,1
12389,1,0,1
12390,1,0,1
12391,1,0,1
12392,1,0,1
12393,1,0,1
12394,1,0,1
12395,1,0,1
12396,1,0,1
12397,1,0,1
12398,1,0,1
12399,1,0,1
12400,1,0,1
12401,1,0,1
12402,1,0,1
12403,1,0,1
12404,1,0,1
12405,1,0,1
12406,1,0,1
12407,1,0,1
12408,1,0,1
12409,1,0,1
12410,1,0,1
12411,1,0,1
12412,1,0,1
12413,1,0,1
12414,1,0,1
12415,1,0,1
12416,1,0,1
12417,1,0,1
12418,1,0,1
12419,1,0,1
12420,1,0,1
12421,1,0,1
12422,1,0,1
12423,1,0,1
12424,1,0,1
12425,1,0,1
12426,1,0,1
12427,1,0,1
12428,1,0,1
12429,1,0,1
12430,1,0,1
12431,1,0,1
12432,1,0,1
12433,1,0,1
12434,1,0,1
12435,1,0,1
12436,1,0,1
12437,1,0,1
12438,1,0,1
12439,1,0,1
12440,1,0,1
12441,1,0,1
12442,1,0,1
12443,1,0,1
12444,1,0,1
12445,1,0,1
12446,1,0,1
12447,1,0,1
12448,1,0,1
12449,1,0,1
12450,1,0,1
12451,1,0,1
12452,1,0,1
12453,1,0,1
12454,1,0,1
12455,1,0,1
12456,1,0,1
12457,1,0,1
12458,1,0,1
12459,1,0,1
12460,1,0,1
12461,1,0,1
12462,1,0,1
12463,1,0,1
12464,1,0,1
12465,0,0,0
12466,0,0,0
12467,0,0,0
12468,0,0,0
12469,0,0,0
12470,0,0,0
12471,0,0,0
12472,0,0,0
12473,0,0,0
12474,0,0,0
12475,0,0,0
12476,0,0,0
12477,0,0,0
12478,0,0,0
12479,0,0,0
12480,0,0,0
12481,0,0,0
12482,0,0,0
12483,0,0,0
12484,0,0,0
12485,0,0,0
12486,0,0,0
12487,0,0,0
12488,0,0,0
12489,0,0,0
12490,0,0,0
12491,0,0,0
12492,0,0,0
12493,0,0,0
12494,0,0,0
12495,0,0,0
12496,0,0,0
12497,0,0,0
12498,0,0,0
12499,0,0,0
12500,0,0,0
12501,0,0,0
12502,0,0,0
12503,0,0,0
12504,0,0,0
12505,0,0,0
12506,0,0,0
12507,0,0,0
12508,0,0,0
12509,0,0,0
12510,0,0,0
12511,0,0,0
12512,0,0,0
12513,0,0,0
12514,0,0,0
12515,0,0,0
12516,0,0,0
12517,0,0,0
12518,0,0,0
12519,0,0,0
12520,0,0,0
12521,0,0,0
12522,0,0,0
12523,0,0,0
12524,0,0,0
12525,0,0,0
12526,0,0,0
12527,0,0,0
12528,0,0,0
12529,0,0,0
12530,0,0,0
12531,0,0,0
12532,0,0,0
12533,0,0,0
12534,0,0,0
12535,0,0,0
12536,0,0,0
12537,0,0,0
12538,0,0,0
12539,0,0,0
12540,0,0,0
12541,0,0,0
12542,0,0,0
12543,0,0,0
12544,0,0,0
12545,0,0,0
12546,0,0,0
12547,0,0,0
12548,0,0,0
12549,0,0,0
12550,0,0,0
12551,0,0,0
12552,0,0,0
12553,0,0,0
12554,0,0,0
12555,0,0,0
12556,0,0,0
12557,0,0,0
12558,0,0,0
12559,0,0,0
12560,0,0,0
12561,0,0,0
12562,0,0,0
12563,0,0,0
12564,0,0,0
12565,0,0,0
12566,0,0,0
12567,0,0,0
12568,0,0,0
12569,0,0,0
12570,0,0,0
12571,0,0,0
12572,0,0,0
12573,0,0,0
12574,0,0,0
12575,0,0,0
12576,0,0,0
12577,0,0,0
12578,0,0,0
12579,0,0,0
12580,0,0,0
12581,0,0,0
12582,0,0,0
12583,0,0,0
12584,0,0,0
12585,0,0,0
12586,0,0,0
12587,0,0,0
12588,0,0,0
12589,0,0,0
12590,0,0,0
12591,0,0,0
12592,0,0,0
12593,0,0,0
12594,0,0,0
12595,0,0,0
12596,0,0,0
12597,0,0,0
12598,0,0,0
12599,0,0,0
12600,0,0,0
12601,0,0,0
12602,0,0,0
12603,0,0,0
12604,0,0,0
12605,0,0,0
12606,0,0,0
12607,0,0,0
12608,0,0,0
12609,0,0,0
12610,0,0,0
12611,0,0,0
12612,0,0,0
12613,0,0,0
12614,0,0,0
12615,0,0,0
12616,0,0,0
12617,0,0,0
12618,0,0,0
12619,0,0,0
12620,0,0,0
12621,0,0,0
12622,0,0,0
12623,0,0,0
12624,0,0,0
12625,0,0,0
12626,0,0,0
12627,0,0,0
12628,0,0,0
12629,0,0,0
12630,0,0,0
12631,0,0,0
12632,0,0,0
12633,0,0,0
12634,0,0,0
12635,0,0,0
12636,0,0,0
12637,0,0,0
12638,0,0,0
12639,0,0,0
12640,0,0,0
12641,0,0,0
12642,0,0,0
12643,0,0,0
12644,0,0,0
12645,0,0,0
12646,0,0,0
12647,0,0,0
12648,0,0,0
12649,0,0,0
12650,0,0,0
12651,0,0,0
12652,0,0,0
12653,0,0,0
12654,0,0,0
12655,0,0,0
12656,0,0,0
12657,0,0,0
12658,0,0,0
12659,0,0,0
12660,0,0,0
12661,0,0,0
12662,0,0,0
12663,0,0,0
12664,0,0,0
12665,0,0,0
12666,0,0,0
12667,0,0,0
12668,0,0,0
12669,0,0,0
12670,0,0,0
12671,0,0,0
12672,0,0,0
12673,0,0,0
12674,0,0,0
12675,0,0,0
12676,0,0,0
12677,0,0,0
12678,0,0,0
12679,0,0,0
12680,0,0,0
12681,0,0,0
12682,0,0,0
12683,0,0,0
12684,0,0,0
12685,0,0,0
12686,0,0,0
12687,0,0,0
12688,0,0,0
12689,0,0,0
12690,0,0,0
12691,0,0,0
12692,0,0,0
12693,0,0,0
12694,0,0,0
12695,0,0,0
12696,0,0,0
12697,0,0,0
12698,0,0,0
12699,0,0,0
12700,0,0,0
12701,0,0,0
12702,0,0,0
12703,0,0,0
12704,0,0,0
12705,0,0,0
12706,0,0,0
12707,0,0,0
12708,0,0,0
12709,0,0,0
12710,0,0,0
12711,0,0,0
12712,0,0,0
12713,0,0,0
12714,0,0,0
12715,0,0,0
12716,0,0,0
12717,0,0,0
12718,0,0,0
12719,0,0,0
12720,0,0,0
12721,0,0,0
12722,0,0,0
12723,0,0,0
12724,0,0,0
12725,0,0,0
12726,0,0,0
12727,0,0,0
12728,0,0,0
12729,0,0,0
12730,0,0,0
12731,0,0,0
12732,0,0,0
12733,0,0,0
12734,0,0,0
12735,0,0,0
12736,0,0,0
12737,0,0,0
12738,0,0,0
12739,0,0,0
12740,0,0,0
12741,0,0,0
12742,0,0,0
12743,0,0,0
12744,0,0,0
12745,0,0,0
12746,0,0,0
12747,0,0,0
12748,0,0,0
12749,0,0,0
12750,0,0,0
12751,0,0,0
12752,0,0,0
12753,0,0,0
12754,0,0,0
12755,0,0,0
12756,0,0,0
12757,0,0,0
12758,0,0,0
12759,0,0,0
12760,0,0,0
12761,0,0,0
12762,0,0,0
12763,0,0,0
12764,0,0,0
12765,0,0,0
12766,0,0,0
12767,0,0,0
12768,0,0,0
12769,0,0,0
12770,0,0,0
12771,0,0,0
12772,0,0,0
12773,0,0,0
12774,0,0,0
12775,0,0,0
12776,0,0,0
12777,0,0,0
12778,0,0,0
12779,0,0,0
12780,0,0,0
12781,0,0,0
12782,0,0,0
12783,0,0,0
12784,0,0,0
12785,0,0,0
12786,0,0,0
12787,0,0,0
12788,0,0,0
12789,0,0,0
12790,0,0,0
12791,0,0,0
12792,0,0,0
12793,0,0,0
12794,0,0,0
12795,0,0,0
12796,0,0,0
12797,0,0,0
12798,0,0,0
12799,0,0,0
12800,0,0,0
12801,0,0,0
12802,0,0,0
12803,0,0,0
12804,0,0,0
12805,0,0,0
12806,0,0,0
12807,0,0,0
12808,0,0,0
12809,0,0,0
12810,0,0,0
12811,0,0,0
12812,0,0,0
12813,0,0,0
12814,0,0,0
12815,0,0,0
12816,0,0,0
12817,0,0,0
12818,0,0,0
12819,0,0,0
12820,0,0,0
12821,0,0,0
12822,0,0,0
12823,0,0,0
12824,0,0,0
12825,0,0,0
12826,0,0,0
12827,0,0,0
12828,0,0,0
12829,0,0,0
12830,0,0,0
12831,0,0,0
12832,0,0,0
12833,0,0,0
12834,0,0,0
12835,0,0,0
12836,0,0,0
12837,0,0,0
12838,0,0,0
12839,0,0,0
12840,0,0,0
12841,0,0,0
12842,0,0,0
12843,0,0,0
12844,0,0,0
12845,0,0,0
12846,0,0,0
12847,0,0,0
12848,0,0,0
12849,0,0,0
12850,0,0,0
12851,0,0,0
12852,0,0,0
12853,0,0,0
12854,0,0,0
12855,0,0,0
12856,0,0,0
12857,0,0,0
12858,0,0,0
12859,0,0,0
12860,0,0,0
12861,0,0,0
12862,0,0,0
12863,0,0,0
12864,0,0,0
12865,0,0,0
12866,0,0,0
12867,0,0,0
12868,0,0,0
12869,0,0,0
12870,0,0,0
12871,0,0,0
12872,0,0,0
12873,0,0,0
12874,0,0,0
12875,0,0,0
12876,0,0,0
12877,0,0,0
12878,0,0,0
12879,0,0,0
12880,0,0,0
12881,0,0,0
12882,0,0,0
12883,0,0,0
12884,0,0,0
12885,0,0,0
12886,0,0,0
12887,0,0,0
12888,0,0,0
12889,0,0,0
12890,0,0,0
12891,0,0,0
12892,0,0,0
12893,0,0,0
12894,0,0,0
12895,0,0,0
12896,0,0,0
12897,0,0,0
12898,0,0,0
12899,0,0,0
12900,0,0,0
12901,0,0,0
12902,0,0,0
12903,0,0,0
12904,0,0,0
12905,0,0,0
12906,0,0,0
12907,0,0,0
12908,0,0,0
12909,0,0,0
12910,0,0,0
12911,0,0,0
12912,0,0,0
12913,0,0,0
12914,0,0,0
12915,0,0,0
12916,0,0,0
12917,0,0,0
12918,0,0,0
12919,0,0,0
12920,0,0,0
12921,0,0,0
12922,0,0,0
12923,0,0,0
12924,0,0,0
12925,0,0,0
12926,0,0,0
12927,0,0,0
12928,0,0,0
12929,0,0,0
12930,0,0,0
12931,0,0,0
12932,0,0,0
12933,0,0,0
12934,0,0,0
12935,0,0,0
12936,0,0,0
12937,0,0,0
12938,0,0,0
12939,0,0,0
12940,0,0,0
12941,0,0,0
12942,0,0,0
12943,0,0,0
12944,0,0,0
12945,0,0,0
12946,0,0,0
12947,0,0,0
12948,0,0,0
12949,0,0,0
12950,0,0,0
12951,0,0,0
12952,0,0,0
12953,0,0,0
12954,0,0,0
12955,0,0,0
12956,0,0,0
12957,0,0,0
12958,0,0,0
12959,0,0,0
12960,0,0,0
12961,0,0,0
12962,0,0,0
12963,0,0,0
12964,0,0,0
12965,0,0,0
12966,0,0,0
12967,0,0,0
12968,0,0,0
12969,0,0,0
12970,0,0,0
12971,0,0,0
12972,0,0,0
12973,0,0,0
12974,0,0,0
12975,0,0,0
12976,0,0,0
12977,0,0,0
12978,0,0,0
12979,0,0,0
12980,0,0,0
12981,0,0,0
12982,0,0,0
12983,0,0,0
12984,0,0,0
12985,0,0,0
12986,0,0,0
12987,0,0,0
12988,0,0,0
12989,0,0,0
12990,0,0,0
12991,0,0,0
12992,0,0,0
12993,0,0,0
12994,0,0,0
12995,0,0,0
12996,0,0,0
12997,0,0,0
12998,0,0,0
12999,0,0,0
13000,0,0,0
13001,0,0,0
13002,0,0,0
13003,0,0,0
13004,0,0,0
13005,0,0,0
13006,0,0,0
13007,0,0,0
13008,0,0,0
13009,0,0,0
13010,0,0,0
13011,0,0,0
13012,0,0,0
13013,0,0,0
13014,0,0,0
13015,0,0,0
13016,0,0,0
13017,0,0,0
13018,0,0,0
13019,0,0,0
13020,0,0,0
13021,0,0,0
13022,0,0,0
13023,0,0,0
13024,0,0,0
13025,0,0,0
13026,0,0,0
13027,0,0,0
13028,0,0,0
13029,0,0,0
13030,0,0,0
13031,0,0,0
13032,0,0,0
13033,0,0,0
13034,0,0,0
13035,0,0,0
13036,0,0,0
13037,0,0,0
13038,0,0,0
13039,0,0,0
13040,0,0,0
13041,0,0,0
13042,0,0,0
13043,0,0,0
13044,0,0,0
13045,0,0,0
13046,0,0,0
13047,0,0,0
13048,0,0,0
13049,0,0,0
13050,0,0,0
13051,0,0,0
13052,0,0,0
13053,0,0,0
13054,0,0,0
13055,0,0,0
13056,0,0,0
13057,0,0,0
13058,0,0,0
13059,0,0,0
13060,0,0,0
13061,0,0,0
13062,0,0,0
13063,0,0,0
13064,0,0,0
13065,0,0,0
13066,0,0,0
13067,0,0,0
13068,0,0,0
13069,0,0,0
13070,0,0,0
13071,0,0,0
13072,0,0,0
13073,0,0,0
13074,0,0,0
13075,0,0,0
13076,0,0,0
13077,0,0,0
13078,0,0,0
13079,0,0,0
13080,0,0,0
13081,0,0,0
13082,0,0,0
13083,0,0,0
13084,0,0,0
13085,0,0,0
13086,0,0,0
13087,0,0,0
13088,0,0,0
13089,0,0,0
13090,0,0,0
13091,0,0,0
13092,0,0,0
13093,0,0,0
13094,0,0,0
13095,0,0,0
13096,0,0,0
13097,0,0,0
13098,0,0,0
13099,0,0,0
13100,0,0,0
13101,0,0,0
13102,0,0,0
13103,0,0,0
13104,0,0,0
13105,0,0,0
13106,0,0,0
13107,0,0,0
13108,0,0,0
13109,0,0,0
13110,0,0,0
13111,0,0,0
13112,0,0,0
13113,0,0,0
13114,0,0,0
13115,0,0,0
13116,0,0,0
13117,0,0,0
13118,0,0,0
13119,0,0,0
13120,0,0,0
13121,0,0,0
13122,0,0,0
13123,0,0,0
13124,0,0,0
13125,0,0,0
13126,0,0,0
13127,0,0,0
13128,0,0,0
13129,0,0,0
13130,0,0,0
13131,0,0,0
13132,0,0,0
13133,0,0,0
13134,0,0,0
13135,0,0,0
13136,0,0,0
13137,0,0,0
13138,0,0,0
13139,0,0,0
13140,0,0,0
13141,0,0,0
13142,0,0,0
13143,0,0,0
13144,0,0,0
13145,0,0,0
13146,0,0,0
13147,0,0,0
13148,0,0,0
13149,0,0,0
13150,0,0,0
13151,0,0,0
13152,0,0,0
13153,0,0,0
13154,0,0,0
13155,0,0,0
13156,0,0,0
13157,0,0,0
13158,0,0,0
13159,0,0,0
13160,0,0,0
13161,0,0,0
13162,0,0,0
13163,0,0,0
13164,0,0,0
13165,0,0,0
13166,0,0,0
13167,0,0,0
13168,0,0,0
13169,0,0,0
13170,0,0,0
13171,0,0,0
13172,0,0,0
13173,0,0,0
13174,0,0,0
13175,0,0,0
13176,0,0,0
13177,1,0,1
13178,1,0,1
13179,1,0,1
13180,1,0,1
13181,1,0,1
13182,1,0,1
13183,1,0,1
13184,1,0,1
13185,1,0,1
13186,1,0,1
13187,1,0,1
13188,1,0,1
13189,1,0,1
13190,1,0,1
13191,1,0,1
13192,1,0,1
13193,1,0,1
13194,1,0,1
13195,1,0,1
13196,1,0,1
13197,1,0,1
13198,1,0,1
13199,1,0,1
13200,1,0,1
13201,1,0,1
13202,1,0,1
13203,1,0,1
13204,1,0,1
13205,1,0,1
13206,1,0,1
13207,1,0,1
13208,2,0,2
13209,2,0,2
13210,2,0,2
13211,2,0,2
13212,2,0,2
13213,2,0,2
13214,2,0,2
13215,2,0,2
13216,2,0,2
13217,2,0,2
13218,2,0,2
13219,1,0,1
13220,1,0,1
13221,1,0,1
13222,1,0,1
13223,1,0,1
13224,1,0,1
13225,1,0,1
13226,1,0,1
13227,1,0,1
13228,1,0,1
13229,1,0,1
13230,1,0,1
13231,1,0,1
13232,1,0,1
13233,1,0,1
13234,1,0,1
13235,1,0,1
13236,1,0,1
13237,1,0,1
13238,1,0,1
13239,1,0,1
13240,1,0,1
13241,1,0,1
13242,1,0,1
13243,1,0,1
13244,1,0,1
13245,1,0,1
13246,1,0,1
13247,1,0,1
13248,1,0,1
13249,1,0,1
13250,1,0,1
13251,1,0,1
13252,1,0,1
13253,1,0,1
13254,1,0,1
13255,1,0,1
13256,1,0,1
13257,1,0,1
13258,1,0,1
13259,1,0,1
13260,1,0,1
13261,1,0,1
13262,1,0,1
13263,1,0,1
13264,2,0,2
13265,2,0,2
13266,2,0,2
13267,2,0,2
13268,1,0,1
13269,1,0,1
13270,1,0,1
13271,1,0,1
13272,1,0,1
13273,1,0,1
13274,1,0,1
13275,1,0,1
13276,1,0,1
13277,1,0,1
13278,1,0,1
13279,1,0,1
13280,1,0,1
13281,1,0,1
13282,1,0,1
13283,1,0,1
13284,1,0,1
13285,1,0,1
13286,1,0,1
13287,1,0,1
13288,1,0,1
13289,1,0,1
13290,1,0,1
13291,1,0,1
13292,1,0,1
13293,1,0,1
13294,1,0,1
13295,1,0,1
13296,1,0,1
13297,1,0,1
13298,1,0,1
13299,1,0,1
13300,1,0,1
13301,1,0,1
13302,1,0,1
13303,1,0,1
13304,1,0,1
13305,1,0,1
13306,1,0,1
13307,1,0,1
13308,1,0,1
13309,1,0,1
13310,1,0,1
13311,1,0,1
13312,1,0,1
13313,1,0,1
13314,1,0,1
13315,1,0,1
13316,1,0,1
13317,1,0,1
13318,1,0,1
13319,1,0,1
13320,1,0,1
13321,1,0,1
13322,1,0,1
13323,1,0,1
13324,1,0,1
13325,1,0,1
13326,1,0,1
13327,1,0,1
13328,1,0,1
13329,1,0,1
13330,1,0,1
13331,1,0,1
13332,1,0,1
13333,1,0,1
13334,1,0,1
13335,1,0,1
13336,1,0,1
13337,1,0,1
13338,1,0,1
13339,1,0,1
13340,1,0,1
13341,1,0,1
13342,1,0,1
13343,1,0,1
13344,1,0,1
13345,1,0,1
13346,1,0,1
13347,1,0,1
13348,1,0,1
13349,1,0,1
13350,1,0,1
13351,1,0,1
13352,1,0,1
13353,1,0,1
13354,1,0,1
13355,1,0,1
13356,1,0,1
13357,1,0,1
13358,1,0,1
13359,1,0,1
13360,1,0,1
13361,1,0,1
13362,1,0,1
13363,1,0,1
13364,1,0,1
13365,1,0,1
13366,1,0,1
13367,1,0,1
13368,1,0,1
13369,1,0,1
13370,1,0,1
13371,1,0,1
13372,1,0,1
13373,1,0,1
13374,1,0,1
13375,1,0,1
13376,1,0,1
13377,1,0,1
13378,1,0,1
13379,1,0,1
13380,1,0,1
13381,1,0,1
13382,1,0,1
13383,1,0,1
13384,1,0,1
13385,1,0,1
13386,1,0,1
13387,1,0,1
13388,1,0,1
13389,1,0,1
13390,1,0,1
13391,1,0,1
13392,1,0,1
13393,1,0,1
13394,1,0,1
13395,1,0,1
13396,1,0,1
13397,1,0,1
13398,1,0,1
13399,1,0,1
13400,1,0,1
13401,1,0,1
13402,0,0,0
13403,0,0,0
13404,0,0,0
13405,0,0,0
13406,0,0,0
13407,0,0,0
13408,0,0,0
13409,0,0,0
13410,0,0,0
13411,0,0,0
13412,0,0,0
13413,0,0,0
13414,0,0,0
13415,0,0,0
13416,0,0,0
13417,0,0,0
13418,0,0,0
13419,0,0,0
13420,0,0,0
13421,0,0,0
13422,0,0,0
13423,0,0,0
13424,0,0,0
13425,0,0,0
13426,0,0,0
13427,0,0,0
13428,0,0,0
13429,0,0,0
13430,0,0,0
13431,0,0,0
13432,0,0,0
13433,0,0,0
13434,0,0,0
13435,0,0,0
13436,0,0,0
13437,0,0,0
13438,0,0,0
13439,0,0,0
13440,0,0,0
13441,0,0,0
13442,0,0,0
13443,0,0,0
13444,0,0,0
13445,0,0,0
13446,0,0,0
13447,0,0,0
13448,0,0,0
13449,0,0,0
13450,0,0,0
13451,0,0,0
13452,0,0,0
13453,0,0,0
13454,0,0,0
13455,0,0,0
13456,0,0,0
13457,0,0,0
13458,0,0,0
13459,0,0,0
13460,0,0,0
13461,0,0,0
13462,0,0,0
13463,0,0,0
13464,0,0,0
13465,0,0,0
13466,0,0,0
13467,0,0,0
13468,0,0,0
13469,0,0,0
13470,0,0,0
13471,0,0,0
13472,0,0,0
13473,0,0,0
13474,0,0,0
13475,0,0,0
13476,0,0,0
13477,0,0,0
13478,0,0,0
13479,0,0,0
13480,0,0,0
13481,0,0,0
13482,0,0,0
13483,0,0,0
13484,0,0,0
13485,0,0,0
13486,0,0,0
13487,0,0,0
13488,0,0,0
13489,0,0,0
13490,0,0,0
13491,0,0,0
13492,0,0,0
13493,0,0,0
13494,0,0,0
13495,0,0,0
13496,0,0,0
13497,0,0,0
13498,0,0,0
13499,0,0,0
13500,0,0,0
13501,0,0,0
13502,0,0,0
13503,0,0,0
13504,0,0,0
13505,0,0,0
13506,0,0,0
13507,0,0,0
13508,0,0,0
13509,0,0,0
13510,0,0,0
13511,0,0,0
13512,0,0,0
13513,0,0,0
13514,0,0,0
13515,0,0,0
13516,0,0,0
13517,1,0,1
13518,1,0,1
13519,1,0,1
13520,1,0,1
13521,1,0,1
13522,1,0,1
13523,1,0,1
13524,1,0,1
13525,1,0,1
13526,1,0,1
13527,1,0,1
13528,1,0,1
13529,1,0,1
13530,1,0,1
13531,1,0,1
13532,1,0,1
13533,1,0,1
13534,1,0,1
13535,1,0,1
13536,1,0,1
13537,1,0,1
13538,2,0,2
13539,3,0,3
13540,3,0,3
13541,3,0,3
13542,3,0,3
13543,3,0,3
13544,3,0,3
13545,3,0,3
13546,3,0,3
13547,3,0,3
13548,3,0,3
13549,3,0,3
13550,3,0,3
13551,3,0,3
13552,3,0,3
13553,2,0,2
13554,2,0,2
13555,2,0,2
13556,2,0,2
13557,2,0,2
13558,2,0,2
13559,2,0,2
13560,2,0,2
13561,2,0,2
13562,3,0,3
13563,3,0,3
13564,3,0,3
13565,3,0,3
13566,3,0,3
13567,3,0,3
13568,3,0,3
13569,3,0,3
13570,3,0,3
13571,3,0,3
13572,3,0,3
13573,3,0,3
13574,3,0,3
13575,3,0,3
13576,2,0,2
13577,2,0,2
13578,2,0,2
13579,2,0,2
13580,2,0,2
13581,1,0,1
13582,1,0,1
13583,1,0,1
13584,1,0,1
13585,1,0,1
13586,1,0,1
13587,1,0,1
13588,1,0,1
13589,1,0,1
13590,1,0,1
13591,1,0,1
13592,1,0,1
13593,1,0,1
13594,1,0,1
13595,1,0,1
13596,1,0,1
13597,1,0,1
13598,1,0,1
13599,1,0,1
13600,1,0,1
13601,1,0,1
13602,1,0,1
13603,1,0,1
13604,1,0,1
13605,1,0,1
13606,1,0,1
13607,1,0,1
13608,1,0,1
13609,1,0,1
13610,1,0,1
13611,1,0,1
13612,1,0,1
13613,1,0,1
13614,1,0,1
13615,1,0,1
13616,1,0,1
13617,1,0,1
13618,1,0,1
13619,1,0,1
13620,1,0,1
13621,1,0,1
13622,1,0,1
13623,1,0,1
13624,1,0,1
13625,1,0,1
13626,1,0,1
13627,1,0,1
13628,1,0,1
13629,1,0,1
13630,1,0,1
13631,1,0,1
13632,1,0,1
13633,1,0,1
13634,1,0,1
13635,1,0,1
13636,1,0,1
13637,1,0,1
13638,1,0,1
13639,1,0,1
13640,1,0,1
13641,1,0,1
13642,2,0,2
13643,2,0,2
13644,2,0,2
13645,2,0,2
13646,2,0,2
13647,2,0,2
13648,2,0,2
13649,2,0,2
13650,2,0,2
