second,idle_count,walking_count,total_count
0,0,0,0
1,0,0,0
2,0,0,0
3,0,0,0
4,0,0,0
5,0,0,0
6,0,0,0
7,0,0,0
8,0,0,0
9,0,0,0
10,0,0,0
11,0,0,0
12,0,0,0
13,0,0,0
14,0,0,0
15,0,0,0
16,0,0,0
17,0,0,0
18,0,0,0
19,0,0,0
20,0,0,0
21,0,0,0
22,0,0,0
23,0,0,0
24,0,0,0
25,0,0,0
26,0,0,0
27,0,0,0
28,0,0,0
29,0,0,0
30,0,0,0
31,0,0,0
32,0,0,0
33,0,0,0
34,0,0,0
35,0,0,0
36,0,0,0
37,0,0,0
38,0,0,0
39,0,0,0
40,0,0,0
41,0,0,0
42,0,0,0
43,0,0,0
44,0,0,0
45,0,0,0
46,0,0,0
47,0,0,0
48,0,0,0
49,0,0,0
50,0,0,0
51,0,0,0
52,0,0,0
53,0,0,0
54,0,0,0
55,0,0,0
56,0,0,0
57,0,0,0
58,0,0,0
59,0,0,0
60,0,0,0
61,0,0,0
62,0,0,0
63,0,0,0
64,0,0,0
65,0,0,0
66,0,0,0
67,0,0,0
68,0,0,0
69,0,0,0
70,0,0,0
71,0,0,0
72,0,0,0
73,0,0,0
74,0,0,0
75,0,0,0
76,0,0,0
77,0,0,0
78,0,0,0
79,0,0,0
80,0,0,0
81,0,0,0
82,0,0,0
83,0,0,0
84,0,0,0
85,0,0,0
86,0,0,0
87,0,0,0
88,0,0,0
89,0,0,0
90,0,0,0
91,0,0,0
92,0,0,0
93,0,0,0
94,0,0,0
95,0,0,0
96,0,0,0
97,0,0,0
98,0,0,0
99,0,0,0
100,0,0,0
101,0,0,0
102,0,0,0
103,0,0,0
104,0,0,0
105,0,0,0
106,0,0,0
107,0,0,0
108,0,0,0
109,0,0,0
110,0,0,0
111,0,0,0
112,0,0,0
113,0,0,0
114,0,0,0
115,0,0,0
116,0,0,0
117,0,0,0
118,0,0,0
119,0,0,0
120,0,0,0
121,0,0,0
122,0,0,0
123,0,0,0
124,1,0,1
125,1,0,1
126,1,0,1
127,1,0,1
128,1,0,1
129,1,0,1
130,1,0,1
131,1,0,1
132,1,0,1
133,1,0,1
134,1,0,1
135,1,0,1
136,1,0,1
137,1,0,1
138,1,0,1
139,1,0,1
140,1,0,1
141,1,0,1
142,1,0,1
143,1,0,1
144,1,0,1
145,1,0,1
146,1,0,1
147,1,0,1
148,1,0,1
149,1,0,1
150,1,0,1
151,1,0,1
152,1,0,1
153,1,0,1
154,1,0,1
155,1,0,1
156,1,0,1
157,1,0,1
158,1,0,1
159,1,0,1
160,1,0,1
161,1,0,1
162,1,0,1
163,1,0,1
164,1,0,1
165,1,0,1
166,1,0,1
167,1,0,1
168,1,0,1
169,1,0,1
170,1,0,1
171,1,0,1
172,1,0,1
173,1,0,1
174,1,0,1
175,1,0,1
176,1,0,1
177,1,0,1
178,1,0,1
179,1,0,1
180,1,0,1
181,1,0,1
182,1,0,1
183,1,0,1
184,1,0,1
185,1,0,1
186,1,0,1
187,1,0,1
188,1,0,1
189,1,0,1
190,1,0,1
191,1,0,1
192,1,0,1
193,1,0,1
194,1,0,1
195,1,0,1
196,1,0,1
197,1,0,1
198,1,0,1
199,1,0,1
200,1,0,1
201,1,0,1
202,1,0,1
203,1,0,1
204,1,0,1
205,1,0,1
206,1,0,1
207,1,0,1
208,1,0,1
209,1,0,1
210,1,0,1
211,1,0,1
212,1,0,1
213,1,0,1
214,1,0,1
215,1,0,1
216,1,0,1
217,1,0,1
218,1,0,1
219,1,0,1
220,1,0,1
221,1,0,1
222,1,0,1
223,1,0,1
224,1,0,1
225,1,0,1
226,1,0,1
227,1,0,1
228,1,0,1
229,1,0,1
230,1,0,1
231,1,0,1
232,1,0,1
233,1,0,1
234,1,0,1
235,1,0,1
236,1,0,1
237,1,0,1
238,1,0,1
239,1,0,1
240,1,0,1
241,1,0,1
242,1,0,1
243,1,0,1
244,1,0,1
245,1,0,1
246,1,0,1
247,0,0,0
248,0,0,0
249,0,0,0
250,0,0,0
251,0,0,0
252,0,0,0
253,0,0,0
254,0,0,0
255,0,0,0
256,0,0,0
257,0,0,0
258,0,0,0
259,0,0,0
260,0,0,0
261,0,0,0
262,0,0,0
263,0,0,0
264,0,0,0
265,0,0,0
266,0,0,0
267,0,0,0
268,0,0,0
269,0,0,0
270,0,0,0
271,0,0,0
272,0,0,0
273,0,0,0
274,0,0,0
275,0,0,0
276,0,0,0
277,0,0,0
278,0,0,0
279,0,0,0
280,0,0,0
281,0,0,0
282,0,0,0
283,0,0,0
284,0,0,0
285,0,0,0
286,0,0,0
287,0,0,0
288,0,0,0
289,0,0,0
290,0,0,0
291,0,0,0
292,0,0,0
293,0,0,0
294,0,0,0
295,0,0,0
296,0,0,0
297,0,0,0
298,0,0,0
299,0,0,0
300,0,0,0
301,0,0,0
302,0,0,0
303,0,0,0
304,0,0,0
305,0,0,0
306,0,0,0
307,0,0,0
308,0,0,0
309,0,0,0
310,0,0,0
311,0,0,0
312,0,0,0
313,0,0,0
314,0,0,0
315,0,0,0
316,0,0,0
317,0,0,0
318,0,0,0
319,0,0,0
320,0,0,0
321,0,0,0
322,0,0,0
323,0,0,0
324,0,0,0
325,0,0,0
326,0,0,0
327,0,0,0
328,0,0,0
329,0,0,0
330,0,0,0
331,0,0,0
332,0,0,0
333,0,0,0
334,0,0,0
335,0,0,0
336,0,0,0
337,0,0,0
338,0,0,0
339,0,0,0
340,0,0,0
341,0,0,0
342,0,0,0
343,0,0,0
344,0,0,0
345,0,0,0
346,0,0,0
347,0,0,0
348,0,0,0
349,0,0,0
350,0,0,0
351,0,0,0
352,0,0,0
353,0,0,0
354,0,0,0
355,0,0,0
356,0,0,0
357,0,0,0
358,0,0,0
359,0,0,0
360,0,0,0
361,0,0,0
362,0,0,0
363,1,0,1
364,1,0,1
365,1,0,1
366,1,0,1
367,1,0,1
368,1,0,1
369,1,0,1
370,1,0,1
371,1,0,1
372,1,0,1
373,1,0,1
374,1,0,1
375,1,0,1
376,1,0,1
377,1,0,1
378,1,0,1
379,1,0,1
380,1,0,1
381,1,0,1
382,1,0,1
383,1,0,1
384,1,0,1
385,1,0,1
386,1,0,1
387,1,0,1
388,1,0,1
389,1,0,1
390,1,0,1
391,1,0,1
392,1,0,1
393,1,0,1
394,1,0,1
395,1,0,1
396,1,0,1
397,1,0,1
398,1,0,1
399,1,0,1
400,1,0,1
401,1,0,1
402,1,0,1
403,1,0,1
404,1,0,1
405,1,0,1
406,1,0,1
407,1,0,1
408,1,0,1
409,1,0,1
410,1,0,1
411,1,0,1
412,1,0,1
413,1,0,1
414,1,0,1
415,1,0,1
416,1,0,1
417,1,0,1
418,2,0,2
419,2,0,2
420,2,0,2
421,2,0,2
422,2,0,2
423,2,0,2
424,2,0,2
425,2,0,2
426,2,0,2
427,2,0,2
428,2,0,2
429,2,0,2
430,2,0,2
431,2,0,2
432,2,0,2
433,2,0,2
434,2,0,2
435,2,0,2
436,2,0,2
437,2,0,2
438,2,0,2
439,2,0,2
440,2,0,2
441,2,0,2
442,2,0,2
443,2,0,2
444,2,0,2
445,2,0,2
446,2,0,2
447,2,0,2
448,2,0,2
449,2,0,2
450,1,0,1
451,1,0,1
452,1,0,1
453,1,0,1
454,1,0,1
455,1,0,1
456,1,0,1
457,1,0,1
458,1,0,1
459,1,0,1
460,1,0,1
461,1,0,1
462,1,0,1
463,1,0,1
464,1,0,1
465,1,0,1
466,1,0,1
467,1,0,1
468,1,0,1
469,1,0,1
470,1,0,1
471,1,0,1
472,1,0,1
473,1,0,1
474,1,0,1
475,1,0,1
476,1,0,1
477,1,0,1
478,1,0,1
479,1,0,1
480,1,0,1
481,1,0,1
482,1,0,1
483,1,0,1
484,1,0,1
485,1,0,1
486,1,0,1
487,1,0,1
488,1,0,1
489,1,0,1
490,1,0,1
491,1,0,1
492,1,0,1
493,1,0,1
494,1,0,1
495,1,0,1
496,1,0,1
497,1,0,1
498,1,0,1
499,1,0,1
500,1,0,1
501,1,0,1
502,1,0,1
503,0,0,0
504,0,0,0
505,0,0,0
506,0,0,0
507,0,0,0
508,0,0,0
509,0,0,0
510,0,0,0
511,0,0,0
512,0,0,0
513,0,0,0
514,0,0,0
515,0,0,0
516,0,0,0
517,0,0,0
518,0,0,0
519,0,0,0
520,0,0,0
521,0,0,0
522,1,0,1
523,1,0,1
524,1,0,1
525,1,0,1
526,1,0,1
527,1,0,1
528,1,0,1
529,1,0,1
530,2,0,2
531,2,0,2
532,2,0,2
533,2,0,2
534,2,0,2
535,2,0,2
536,2,0,2
537,2,0,2
538,2,0,2
539,2,0,2
540,2,0,2
541,2,0,2
542,2,0,2
543,2,0,2
544,2,0,2
545,2,0,2
546,2,0,2
547,2,0,2
548,2,0,2
549,2,0,2
550,2,0,2
551,2,0,2
552,2,0,2
553,2,0,2
554,2,0,2
555,2,0,2
556,2,0,2
557,2,0,2
558,2,0,2
559,2,0,2
560,2,0,2
561,2,0,2
562,2,0,2
563,2,0,2
564,2,0,2
565,2,0,2
566,2,0,2
567,2,0,2
568,2,0,2
569,2,0,2
570,2,0,2
571,2,0,2
572,2,0,2
573,2,0,2
574,2,0,2
575,2,0,2
576,2,0,2
577,2,0,2
578,2,0,2
579,2,0,2
580,2,0,2
581,2,0,2
582,2,0,2
583,2,0,2
584,2,0,2
585,2,0,2
586,2,0,2
587,2,0,2
588,2,0,2
589,2,0,2
590,2,0,2
591,2,0,2
592,2,0,2
593,2,0,2
594,2,0,2
595,2,0,2
596,2,0,2
597,2,0,2
598,2,0,2
599,2,0,2
600,2,0,2
601,2,0,2
602,2,0,2
603,2,0,2
604,2,0,2
605,2,0,2
606,2,0,2
607,2,0,2
608,2,0,2
609,2,0,2
610,2,0,2
611,2,0,2
612,2,0,2
613,2,0,2
614,2,0,2
615,2,0,2
616,2,0,2
617,2,0,2
618,2,0,2
619,2,0,2
620,2,0,2
621,2,0,2
622,2,0,2
623,2,0,2
624,2,0,2
625,2,0,2
626,2,0,2
627,2,0,2
628,2,0,2
629,2,0,2
630,2,0,2
631,2,0,2
632,2,0,2
633,2,0,2
634,2,0,2
635,2,0,2
636,2,0,2
637,2,0,2
638,2,0,2
639,2,0,2
640,2,0,2
641,2,0,2
642,2,0,2
643,2,0,2
644,2,0,2
645,2,0,2
646,2,0,2
647,2,0,2
648,2,0,2
649,2,0,2
650,2,0,2
651,2,0,2
652,2,0,2
653,2,0,2
654,2,0,2
655,2,0,2
656,2,0,2
657,2,0,2
658,3,0,3
659,3,0,3
660,3,0,3
661,3,0,3
662,3,0,3
663,3,0,3
664,3,0,3
665,3,0,3
666,3,0,3
667,3,0,3
668,3,0,3
669,3,0,3
670,3,0,3
671,3,0,3
672,3,0,3
673,3,0,3
674,3,0,3
675,3,0,3
676,3,0,3
677,3,0,3
678,3,0,3
679,3,0,3
680,3,0,3
681,3,0,3
682,3,0,3
683,3,0,3
684,3,0,3
685,3,0,3
686,3,0,3
687,3,0,3
688,3,0,3
689,3,0,3
690,3,0,3
691,3,0,3
692,3,0,3
693,3,0,3
694,3,0,3
695,3,0,3
696,3,0,3
697,3,0,3
698,3,0,3
699,3,0,3
700,3,0,3
701,3,0,3
702,3,0,3
703,3,0,3
704,3,0,3
705,3,0,3
706,3,0,3
707,3,0,3
708,3,0,3
709,3,0,3
710,3,0,3
711,3,0,3
712,3,0,3
713,2,1,3
714,2,1,3
715,2,1,3
716,2,1,3
717,1,2,3
718,1,2,3
719,1,2,3
720,1,2,3
721,1,2,3
722,1,2,3
723,2,1,3
724,2,1,3
725,2,1,3
726,3,1,4
727,3,1,4
728,3,1,4
729,3,1,4
730,3,1,4
731,3,1,4
732,3,1,4
733,3,1,4
734,4,0,4
735,4,0,4
736,4,0,4
737,4,0,4
738,4,0,4
739,4,0,4
740,4,0,4
741,4,0,4
742,4,0,4
743,4,0,4
744,4,0,4
745,3,0,3
746,3,0,3
747,3,0,3
748,3,0,3
749,3,0,3
750,3,0,3
751,3,0,3
752,3,0,3
753,3,0,3
754,3,0,3
755,3,0,3
756,3,0,3
757,3,0,3
758,3,0,3
759,3,0,3
760,3,0,3
761,3,0,3
762,3,0,3
763,3,0,3
764,3,0,3
765,3,0,3
766,4,0,4
767,4,0,4
768,4,0,4
769,4,0,4
770,4,0,4
771,4,0,4
772,4,0,4
773,4,0,4
774,4,0,4
775,4,0,4
776,4,0,4
777,4,0,4
778,4,0,4
779,4,0,4
780,4,0,4
781,4,0,4
782,4,0,4
783,4,0,4
784,4,0,4
785,4,0,4
786,4,0,4
787,4,0,4
788,4,0,4
789,4,0,4
790,4,0,4
791,4,0,4
792,4,0,4
793,4,0,4
794,4,0,4
795,4,0,4
796,4,0,4
797,4,0,4
798,4,0,4
799,4,0,4
800,4,0,4
801,4,0,4
802,3,0,3
803,3,0,3
804,3,0,3
805,3,0,3
806,3,0,3
807,3,0,3
808,3,0,3
809,3,0,3
810,3,0,3
811,3,0,3
812,3,0,3
813,3,0,3
814,3,0,3
815,3,0,3
816,3,0,3
817,3,0,3
818,3,0,3
819,3,0,3
820,3,0,3
821,3,0,3
822,3,0,3
823,3,0,3
824,3,0,3
825,3,0,3
826,3,0,3
827,3,0,3
828,3,0,3
829,3,0,3
830,3,0,3
831,3,0,3
832,3,0,3
833,3,0,3
834,3,0,3
835,3,0,3
836,3,0,3
837,3,0,3
838,3,0,3
839,3,0,3
840,3,0,3
841,3,0,3
842,3,0,3
843,3,0,3
844,3,0,3
845,3,0,3
846,2,0,2
847,1,0,1
848,1,0,1
849,1,0,1
850,1,0,1
851,1,0,1
852,1,0,1
853,1,0,1
854,1,0,1
855,1,0,1
856,1,0,1
857,1,0,1
858,1,0,1
859,1,0,1
860,0,0,0
861,0,0,0
862,0,0,0
863,0,0,0
864,0,0,0
865,0,0,0
866,0,0,0
867,0,0,0
868,0,0,0
869,0,0,0
870,0,0,0
871,0,0,0
872,0,0,0
873,0,0,0
874,0,0,0
875,0,0,0
876,0,0,0
877,0,0,0
878,0,0,0
879,0,0,0
880,0,0,0
881,0,0,0
882,0,0,0
883,0,0,0
884,0,0,0
885,0,0,0
886,0,0,0
887,0,0,0
888,0,0,0
889,0,0,0
890,0,0,0
891,0,0,0
892,0,0,0
893,0,0,0
894,0,0,0
895,0,0,0
896,0,0,0
897,0,0,0
898,0,0,0
899,0,0,0
900,0,0,0
901,0,0,0
902,0,0,0
903,0,0,0
904,0,0,0
905,0,0,0
906,0,0,0
907,0,0,0
908,0,0,0
909,0,0,0
910,0,0,0
911,0,0,0
912,0,0,0
913,0,0,0
914,0,0,0
915,0,0,0
916,0,0,0
917,0,0,0
918,0,0,0
919,0,0,0
920,0,0,0
921,0,0,0
922,0,0,0
923,0,0,0
924,0,0,0
925,0,0,0
926,0,0,0
927,0,0,0
928,0,0,0
929,0,0,0
930,0,0,0
931,0,0,0
932,0,0,0
933,0,0,0
934,0,0,0
935,0,0,0
936,0,0,0
937,0,0,0
938,0,0,0
939,0,0,0
940,0,0,0
941,0,0,0
942,0,0,0
943,0,0,0
944,0,0,0
945,0,0,0
946,0,0,0
947,0,0,0
948,0,0,0
949,0,0,0
950,0,0,0
951,0,0,0
952,0,0,0
953,0,0,0
954,0,0,0
955,0,0,0
956,0,0,0
957,0,0,0
958,0,0,0
959,0,0,0
960,0,0,0
961,0,0,0
962,0,0,0
963,0,0,0
964,0,0,0
965,0,0,0
966,0,0,0
967,0,0,0
968,0,0,0
969,0,0,0
970,0,0,0
971,0,0,0
972,0,0,0
973,0,0,0
974,0,0,0
975,0,0,0
976,0,0,0
977,0,0,0
978,0,0,0
979,0,0,0
980,0,0,0
981,0,0,0
982,0,0,0
983,0,0,0
984,0,0,0
985,0,0,0
986,0,0,0
987,0,0,0
988,0,0,0
989,0,0,0
990,0,0,0
991,0,0,0
992,0,0,0
993,0,0,0
994,0,0,0
995,0,0,0
996,0,0,0
997,0,0,0
998,0,0,0
999,0,0,0
1000,0,0,0
1001,0,0,0
1002,0,0,0
1003,0,0,0
1004,0,0,0
1005,0,0,0
1006,0,0,0
1007,0,0,0
1008,0,0,0
1009,0,0,0
1010,0,0,0
1011,0,0,0
1012,0,0,0
1013,0,0,0
1014,0,0,0
1015,0,0,0
1016,0,0,0
1017,0,0,0
1018,0,0,0
1019,0,0,0
1020,0,0,0
1021,0,0,0
1022,0,0,0
1023,0,0,0
1024,0,0,0
1025,0,0,0
1026,0,0,0
1027,0,0,0
1028,0,0,0
1029,0,0,0
1030,0,0,0
1031,0,0,0
1032,0,0,0
1033,0,0,0
1034,0,0,0
1035,0,0,0
1036,0,0,0
1037,0,0,0
1038,0,0,0
1039,0,0,0
1040,0,0,0
1041,0,0,0
1042,0,0,0
1043,0,0,0
1044,0,0,0
1045,0,0,0
1046,0,0,0
1047,0,0,0
1048,0,0,0
1049,0,0,0
1050,0,0,0
1051,0,0,0
1052,0,0,0
1053,0,0,0
1054,0,0,0
1055,0,0,0
1056,0,0,0
1057,0,0,0
1058,0,0,0
1059,0,0,0
1060,0,0,0
1061,0,0,0
1062,0,0,0
1063,0,0,0
1064,0,0,0
1065,0,0,0
1066,0,0,0
1067,0,0,0
1068,0,0,0
1069,0,0,0
1070,0,0,0
1071,0,0,0
1072,0,0,0
1073,0,0,0
1074,0,0,0
1075,0,0,0
1076,0,0,0
1077,0,0,0
1078,0,0,0
1079,0,0,0
1080,0,0,0
1081,0,0,0
1082,0,0,0
1083,0,0,0
1084,0,0,0
1085,0,0,0
1086,0,0,0
1087,0,0,0
1088,0,0,0
1089,0,0,0
1090,0,0,0
1091,0,0,0
1092,0,0,0
1093,0,0,0
1094,0,0,0
1095,0,0,0
1096,0,0,0
1097,0,0,0
1098,0,0,0
1099,0,0,0
1100,0,0,0
1101,0,0,0
1102,0,0,0
1103,0,0,0
1104,0,0,0
1105,0,0,0
1106,0,0,0
1107,0,0,0
1108,0,0,0
1109,0,0,0
1110,0,0,0
1111,0,0,0
1112,0,0,0
1113,0,0,0
1114,0,0,0
1115,0,0,0
1116,0,0,0
1117,0,0,0
1118,0,0,0
1119,0,0,0
1120,0,0,0
1121,0,0,0
1122,0,0,0
1123,0,0,0
1124,0,0,0
1125,0,0,0
1126,0,0,0
1127,0,0,0
1128,0,0,0
1129,0,0,0
1130,0,0,0
1131,0,0,0
1132,0,0,0
1133,0,0,0
1134,0,0,0
1135,0,0,0
1136,0,0,0
1137,0,0,0
1138,0,0,0
1139,0,0,0
1140,0,0,0
1141,0,0,0
1142,0,0,0
1143,0,0,0
1144,0,0,0
1145,0,0,0
1146,0,0,0
1147,0,0,0
1148,0,0,0
1149,0,0,0
1150,0,0,0
1151,0,0,0
1152,0,0,0
1153,0,0,0
1154,0,0,0
1155,0,0,0
1156,0,0,0
1157,0,0,0
1158,0,0,0
1159,0,0,0
1160,0,0,0
1161,0,0,0
1162,0,0,0
1163,0,0,0
1164,0,0,0
1165,0,0,0
1166,0,0,0
1167,0,0,0
1168,0,0,0
1169,0,0,0
1170,0,0,0
1171,0,0,0
1172,0,0,0
1173,0,0,0
1174,0,0,0
1175,0,0,0
1176,0,0,0
1177,0,0,0
1178,0,0,0
1179,0,0,0
1180,0,0,0
1181,0,0,0
1182,0,0,0
1183,0,0,0
1184,0,0,0
1185,0,0,0
1186,0,0,0
1187,0,0,0
1188,0,0,0
1189,0,0,0
1190,0,0,0
1191,0,0,0
1192,0,0,0
1193,0,0,0
1194,0,0,0
1195,0,0,0
1196,0,0,0
1197,0,0,0
1198,0,0,0
1199,0,0,0
1200,0,0,0
1201,0,0,0
1202,0,0,0
1203,0,0,0
1204,0,0,0
1205,0,0,0
1206,0,0,0
1207,0,0,0
1208,0,0,0
1209,0,0,0
1210,0,0,0
1211,0,0,0
1212,0,0,0
1213,0,0,0
1214,0,0,0
1215,0,0,0
1216,0,0,0
1217,0,0,0
1218,0,0,0
1219,0,0,0
1220,0,0,0
1221,0,0,0
1222,0,0,0
1223,0,0,0
1224,0,0,0
1225,0,0,0
1226,0,0,0
1227,0,0,0
1228,0,0,0
1229,0,0,0
1230,0,0,0
1231,0,0,0
1232,0,0,0
1233,0,0,0
1234,0,0,0
1235,0,0,0
1236,0,0,0
1237,0,0,0
1238,0,0,0
1239,0,0,0
1240,0,0,0
1241,0,0,0
1242,0,0,0
1243,0,0,0
1244,0,0,0
1245,0,0,0
1246,0,0,0
1247,0,0,0
1248,0,0,0
1249,0,0,0
1250,0,0,0
1251,0,0,0
1252,0,0,0
1253,0,0,0
1254,0,0,0
1255,0,0,0
1256,0,0,0
1257,0,0,0
1258,0,0,0
1259,0,0,0
1260,0,0,0
1261,0,0,0
1262,0,0,0
1263,0,0,0
1264,0,0,0
1265,0,0,0
1266,0,0,0
1267,0,0,0
1268,0,0,0
1269,0,0,0
1270,0,0,0
1271,0,0,0
1272,0,0,0
1273,0,0,0
1274,0,0,0
1275,0,0,0
1276,0,0,0
1277,0,0,0
1278,0,0,0
1279,0,0,0
1280,0,0,0
1281,0,0,0
1282,0,0,0
1283,0,0,0
1284,0,0,0
1285,0,0,0
1286,0,0,0
1287,0,0,0
1288,0,0,0
1289,0,0,0
1290,0,0,0
1291,0,0,0
1292,0,0,0
1293,0,0,0
1294,0,0,0
1295,0,0,0
1296,0,0,0
1297,0,0,0
1298,0,0,0
1299,0,0,0
1300,0,0,0
1301,0,0,0
1302,0,0,0
1303,0,0,0
1304,0,0,0
1305,0,0,0
1306,0,0,0
1307,0,0,0
1308,0,0,0
1309,0,0,0
1310,0,0,0
1311,0,0,0
1312,0,0,0
1313,0,0,0
1314,0,0,0
1315,0,0,0
1316,0,0,0
1317,0,0,0
1318,0,0,0
1319,0,0,0
1320,0,0,0
1321,0,0,0
1322,0,0,0
1323,0,0,0
1324,0,0,0
1325,0,0,0
1326,0,0,0
1327,0,0,0
1328,0,0,0
1329,0,0,0
1330,0,0,0
1331,0,0,0
1332,0,0,0
1333,0,0,0
1334,0,0,0
1335,0,0,0
1336,0,0,0
1337,0,0,0
1338,0,0,0
1339,0,0,0
1340,0,0,0
1341,0,0,0
1342,0,0,0
1343,0,0,0
1344,0,0,0
1345,0,0,0
1346,0,0,0
1347,0,0,0
1348,0,0,0
1349,0,0,0
1350,0,0,0
1351,0,0,0
1352,0,0,0
1353,0,0,0
1354,0,0,0
1355,0,0,0
1356,0,0,0
1357,0,0,0
1358,0,0,0
1359,0,0,0
1360,0,0,0
1361,0,0,0
1362,0,0,0
1363,0,0,0
1364,0,0,0
1365,0,0,0
1366,0,0,0
1367,0,0,0
1368,0,0,0
1369,0,0,0
1370,0,0,0
1371,0,0,0
1372,0,0,0
1373,0,0,0
1374,0,0,0
1375,0,0,0
1376,0,0,0
1377,0,0,0
1378,0,0,0
1379,0,0,0
1380,0,0,0
1381,0,0,0
1382,0,0,0
1383,0,0,0
1384,0,0,0
1385,0,0,0
1386,0,0,0
1387,0,0,0
1388,0,0,0
1389,0,0,0
1390,0,0,0
1391,0,0,0
1392,0,0,0
1393,0,0,0
1394,0,0,0
1395,0,0,0
1396,0,0,0
1397,0,0,0
1398,0,0,0
1399,0,0,0
1400,0,0,0
1401,0,0,0
1402,0,0,0
1403,0,0,0
1404,0,0,0
1405,0,0,0
1406,0,0,0
1407,0,0,0
1408,0,0,0
1409,0,0,0
1410,0,0,0
1411,0,0,0
1412,0,0,0
1413,0,0,0
1414,0,0,0
1415,0,0,0
1416,0,0,0
1417,0,0,0
1418,0,0,0
1419,0,0,0
1420,0,0,0
1421,0,0,0
1422,0,0,0
1423,0,0,0
1424,0,0,0
1425,0,0,0
1426,0,0,0
1427,0,0,0
1428,0,0,0
1429,0,0,0
1430,0,0,0
1431,0,0,0
1432,0,0,0
1433,0,0,0
1434,0,0,0
1435,0,0,0
1436,0,0,0
1437,0,0,0
1438,0,0,0
1439,0,0,0
1440,0,0,0
1441,0,0,0
1442,0,0,0
1443,0,0,0
1444,0,0,0
1445,0,0,0
1446,0,0,0
1447,0,0,0
1448,0,0,0
1449,0,0,0
1450,0,0,0
1451,0,0,0
1452,0,0,0
1453,0,0,0
1454,0,0,0
1455,0,0,0
1456,0,0,0
1457,0,0,0
1458,0,0,0
1459,0,0,0
1460,0,0,0
1461,0,0,0
1462,0,0,0
1463,0,0,0
1464,0,0,0
1465,0,0,0
1466,0,0,0
1467,0,0,0
1468,0,0,0
1469,0,0,0
1470,0,0,0
1471,0,0,0
1472,0,0,0
1473,0,0,0
1474,0,0,0
1475,0,0,0
1476,0,0,0
1477,0,0,0
1478,0,0,0
1479,0,0,0
1480,0,0,0
1481,0,0,0
1482,0,0,0
1483,0,0,0
1484,0,0,0
1485,0,0,0
1486,0,0,0
1487,0,0,0
1488,0,0,0
1489,0,0,0
1490,0,0,0
1491,0,0,0
1492,0,0,0
1493,0,0,0
1494,0,0,0
1495,0,0,0
1496,0,0,0
1497,0,0,0
1498,0,0,0
1499,0,0,0
1500,0,0,0
1501,0,0,0
1502,0,0,0
1503,0,0,0
1504,0,0,0
1505,0,0,0
1506,0,0,0
1507,0,0,0
1508,0,0,0
1509,0,0,0
1510,0,0,0
1511,0,0,0
1512,0,0,0
1513,0,0,0
1514,0,0,0
1515,0,0,0
1516,0,0,0
1517,0,0,0
1518,0,0,0
1519,0,0,0
1520,0,0,0
1521,0,0,0
1522,0,0,0
1523,0,0,0
1524,0,0,0
1525,0,0,0
1526,0,0,0
1527,0,0,0
1528,0,0,0
1529,0,0,0
1530,0,0,0
1531,0,0,0
1532,0,0,0
1533,0,0,0
1534,0,0,0
1535,0,0,0
1536,0,0,0
1537,0,0,0
1538,0,0,0
1539,0,0,0
1540,0,0,0
1541,0,0,0
1542,0,0,0
1543,0,0,0
1544,0,0,0
1545,0,0,0
1546,0,0,0
1547,0,0,0
1548,0,0,0
1549,0,0,0
1550,0,0,0
1551,0,0,0
1552,0,0,0
1553,0,0,0
1554,0,0,0
1555,0,0,0
1556,0,0,0
1557,0,0,0
1558,0,0,0
1559,0,0,0
1560,0,0,0
1561,0,0,0
1562,0,0,0
1563,0,0,0
1564,0,0,0
1565,0,0,0
1566,0,0,0
1567,0,0,0
1568,0,0,0
1569,0,0,0
1570,0,0,0
1571,0,0,0
1572,0,0,0
1573,0,0,0
1574,0,0,0
1575,0,0,0
1576,0,0,0
1577,0,0,0
1578,0,0,0
1579,0,0,0
1580,0,0,0
1581,0,0,0
1582,0,0,0
1583,0,0,0
1584,0,0,0
1585,0,0,0
1586,0,0,0
1587,0,0,0
1588,0,0,0
1589,0,0,0
1590,0,0,0
1591,0,0,0
1592,0,0,0
1593,0,0,0
1594,0,0,0
1595,0,0,0
1596,0,0,0
1597,0,0,0
1598,0,0,0
1599,0,0,0
1600,0,0,0
1601,0,0,0
1602,0,0,0
1603,0,0,0
1604,0,0,0
1605,0,0,0
1606,0,0,0
1607,0,0,0
1608,0,0,0
1609,0,0,0
1610,0,0,0
1611,0,0,0
1612,0,0,0
1613,0,0,0
1614,0,0,0
1615,0,0,0
1616,0,0,0
1617,0,0,0
1618,0,0,0
1619,0,0,0
1620,0,0,0
1621,0,0,0
1622,0,0,0
1623,0,0,0
1624,0,0,0
1625,0,0,0
1626,0,0,0
1627,0,0,0
1628,0,0,0
1629,0,0,0
1630,0,0,0
1631,0,0,0
1632,0,0,0
1633,0,0,0
1634,0,0,0
1635,0,0,0
1636,0,0,0
1637,0,0,0
1638,0,0,0
1639,0,0,0
1640,0,0,0
1641,0,0,0
1642,0,0,0
1643,0,0,0
1644,0,0,0
1645,0,0,0
1646,0,0,0
1647,0,0,0
1648,0,0,0
1649,0,0,0
1650,0,0,0
1651,0,0,0
1652,0,0,0
1653,0,0,0
1654,0,0,0
1655,0,0,0
1656,0,0,0
1657,0,0,0
1658,0,0,0
1659,0,0,0
1660,0,0,0
1661,0,0,0
1662,0,0,0
1663,0,0,0
1664,0,0,0
1665,0,0,0
1666,0,0,0
1667,0,0,0
1668,0,0,0
1669,0,0,0
1670,0,0,0
1671,0,0,0
1672,0,0,0
1673,0,0,0
1674,0,0,0
1675,0,0,0
1676,0,0,0
1677,0,0,0
1678,0,0,0
1679,0,0,0
1680,0,0,0
1681,0,0,0
1682,0,0,0
1683,0,0,0
1684,0,0,0
1685,0,0,0
1686,0,0,0
1687,0,0,0
1688,0,0,0
1689,0,0,0
1690,0,0,0
1691,0,0,0
1692,0,0,0
1693,0,0,0
1694,0,0,0
1695,0,0,0
1696,0,0,0
1697,0,0,0
1698,0,0,0
1699,0,0,0
1700,0,0,0
1701,0,0,0
1702,0,0,0
1703,0,0,0
1704,0,0,0
1705,0,0,0
1706,0,0,0
1707,0,0,0
1708,0,0,0
1709,0,0,0
1710,0,0,0
1711,0,0,0
1712,0,0,0
1713,0,0,0
1714,0,0,0
1715,0,0,0
1716,0,0,0
1717,0,0,0
1718,0,0,0
1719,0,0,0
1720,0,0,0
1721,0,0,0
1722,0,0,0
1723,0,0,0
1724,0,0,0
1725,0,0,0
1726,0,0,0
1727,0,0,0
1728,0,0,0
1729,0,0,0
1730,0,0,0
1731,0,0,0
1732,0,0,0
1733,0,0,0
1734,0,0,0
1735,0,0,0
1736,0,0,0
1737,0,0,0
1738,0,0,0
1739,0,0,0
1740,0,0,0
1741,0,0,0
1742,0,0,0
1743,0,0,0
1744,0,0,0
1745,0,0,0
1746,0,0,0
1747,0,0,0
1748,0,0,0
1749,0,0,0
1750,0,0,0
1751,0,0,0
1752,0,0,0
1753,0,0,0
1754,0,0,0
1755,0,0,0
1756,0,0,0
1757,0,0,0
1758,0,0,0
1759,0,0,0
1760,0,0,0
1761,0,0,0
1762,0,0,0
1763,0,0,0
1764,0,0,0
1765,0,0,0
1766,0,0,0
1767,0,0,0
1768,0,0,0
1769,0,0,0
1770,0,0,0
1771,0,0,0
1772,0,0,0
1773,0,0,0
1774,0,0,0
1775,0,0,0
1776,0,0,0
1777,1,0,1
1778,1,0,1
1779,1,0,1
1780,1,0,1
1781,1,0,1
1782,1,0,1
1783,1,0,1
1784,1,0,1
1785,1,0,1
1786,1,0,1
1787,1,0,1
1788,1,0,1
1789,1,0,1
1790,1,0,1
1791,1,0,1
1792,1,0,1
1793,1,0,1
1794,1,0,1
1795,1,0,1
1796,1,0,1
1797,1,0,1
1798,1,0,1
1799,1,0,1
1800,1,0,1
1801,1,0,1
1802,1,0,1
1803,1,0,1
1804,1,0,1
1805,1,0,1
1806,1,0,1
1807,1,0,1
1808,1,0,1
1809,1,0,1
1810,1,0,1
1811,1,0,1
1812,1,0,1
1813,0,0,0
1814,0,0,0
1815,0,0,0
1816,0,0,0
1817,0,0,0
1818,0,0,0
1819,0,0,0
1820,0,0,0
1821,0,0,0
1822,0,0,0
1823,0,0,0
1824,0,0,0
1825,0,0,0
1826,0,0,0
1827,0,0,0
1828,0,0,0
1829,0,0,0
1830,0,0,0
1831,0,0,0
1832,0,0,0
1833,0,0,0
1834,0,0,0
1835,0,0,0
1836,0,0,0
1837,0,0,0
1838,0,0,0
1839,0,0,0
1840,0,0,0
1841,0,0,0
1842,0,0,0
1843,0,0,0
1844,0,0,0
1845,0,0,0
1846,0,0,0
1847,0,0,0
1848,0,0,0
1849,0,0,0
1850,0,0,0
1851,1,0,1
1852,1,0,1
1853,1,0,1
1854,1,0,1
1855,1,0,1
1856,1,0,1
1857,1,0,1
1858,1,0,1
1859,1,0,1
1860,1,0,1
1861,1,0,1
1862,1,0,1
1863,1,0,1
1864,1,0,1
1865,1,0,1
1866,1,0,1
1867,1,0,1
1868,1,0,1
1869,1,0,1
1870,1,0,1
1871,1,0,1
1872,1,0,1
1873,1,0,1
1874,1,0,1
1875,1,0,1
1876,1,0,1
1877,1,0,1
1878,1,0,1
1879,1,0,1
1880,1,0,1
1881,1,0,1
1882,1,0,1
1883,1,0,1
1884,1,0,1
1885,1,0,1
1886,1,0,1
1887,0,0,0
1888,0,0,0
1889,0,0,0
1890,0,0,0
1891,0,0,0
1892,0,0,0
1893,0,0,0
1894,0,0,0
1895,0,0,0
1896,0,0,0
1897,0,0,0
1898,0,0,0
1899,0,0,0
1900,0,0,0
1901,0,0,0
1902,0,0,0
1903,0,0,0
1904,0,0,0
1905,0,0,0
1906,0,0,0
1907,0,0,0
1908,0,0,0
1909,0,0,0
1910,0,0,0
1911,0,0,0
1912,0,0,0
1913,0,0,0
1914,0,0,0
1915,0,0,0
1916,0,0,0
1917,0,0,0
1918,0,0,0
1919,0,0,0
1920,0,0,0
1921,0,0,0
1922,0,0,0
1923,0,0,0
1924,0,0,0
1925,0,0,0
1926,0,0,0
1927,0,0,0
1928,0,0,0
1929,0,0,0
1930,0,0,0
1931,0,0,0
1932,0,0,0
1933,0,0,0
1934,0,0,0
1935,0,0,0
1936,0,0,0
1937,0,0,0
1938,0,0,0
1939,0,0,0
1940,0,0,0
1941,0,0,0
1942,0,0,0
1943,0,0,0
1944,0,0,0
1945,0,0,0
1946,0,0,0
1947,0,0,0
1948,0,0,0
1949,0,0,0
1950,0,0,0
1951,0,0,0
1952,0,0,0
1953,0,0,0
1954,0,0,0
1955,0,0,0
1956,0,0,0
1957,0,0,0
1958,0,0,0
1959,0,0,0
1960,0,0,0
1961,0,0,0
1962,0,0,0
1963,0,0,0
1964,0,0,0
1965,0,0,0
1966,0,0,0
1967,0,0,0
1968,0,0,0
1969,0,0,0
1970,0,0,0
1971,0,0,0
1972,0,0,0
1973,0,0,0
1974,0,0,0
1975,0,0,0
1976,0,0,0
1977,0,0,0
1978,0,0,0
1979,0,0,0
1980,0,0,0
1981,0,0,0
1982,0,0,0
1983,0,0,0
1984,0,0,0
1985,0,0,0
1986,0,0,0
1987,0,0,0
1988,0,0,0
1989,0,0,0
1990,0,0,0
1991,0,0,0
1992,0,0,0
1993,0,0,0
1994,0,0,0
1995,0,0,0
1996,0,0,0
1997,0,0,0
1998,0,0,0
1999,0,0,0
2000,0,0,0
2001,0,0,0
2002,0,0,0
2003,0,0,0
2004,0,0,0
2005,0,0,0
2006,0,0,0
2007,0,0,0
2008,0,0,0
2009,0,0,0
2010,0,0,0
2011,0,0,0
2012,0,0,0
2013,0,0,0
2014,0,0,0
2015,0,0,0
2016,0,0,0
2017,0,0,0
2018,0,0,0
2019,0,0,0
2020,0,0,0
2021,0,0,0
2022,0,0,0
2023,0,0,0
2024,0,0,0
2025,0,0,0
2026,0,0,0
2027,0,0,0
2028,0,0,0
2029,0,0,0
2030,0,0,0
2031,0,0,0
2032,0,0,0
2033,0,0,0
2034,0,0,0
2035,0,0,0
2036,0,0,0
2037,0,0,0
2038,0,0,0
2039,0,0,0
2040,0,0,0
2041,0,0,0
2042,0,0,0
2043,0,0,0
2044,0,0,0
2045,0,0,0
2046,0,0,0
2047,0,0,0
2048,0,0,0
2049,0,0,0
2050,0,0,0
2051,0,0,0
2052,0,0,0
2053,0,0,0
2054,0,0,0
2055,0,0,0
2056,0,0,0
2057,0,0,0
2058,0,0,0
2059,0,0,0
2060,0,0,0
2061,0,0,0
2062,0,0,0
2063,0,0,0
2064,0,0,0
2065,0,0,0
2066,0,0,0
2067,0,0,0
2068,0,0,0
2069,0,0,0
2070,0,0,0
2071,0,0,0
2072,0,0,0
2073,0,0,0
2074,0,0,0
2075,0,0,0
2076,0,0,0
2077,0,0,0
2078,0,0,0
2079,0,0,0
2080,0,0,0
2081,0,0,0
2082,0,0,0
2083,0,0,0
2084,0,0,0
2085,0,0,0
2086,0,0,0
2087,0,0,0
2088,0,0,0
2089,0,0,0
2090,0,0,0
2091,0,0,0
2092,0,0,0
2093,0,0,0
2094,0,0,0
2095,0,0,0
2096,0,0,0
2097,0,0,0
2098,0,0,0
2099,0,0,0
2100,0,0,0
2101,0,0,0
2102,0,0,0
2103,0,0,0
2104,0,0,0
2105,0,0,0
2106,0,0,0
2107,0,0,0
2108,0,0,0
2109,0,0,0
2110,0,0,0
2111,0,0,0
2112,0,0,0
2113,0,0,0
2114,0,0,0
2115,0,0,0
2116,0,0,0
2117,0,0,0
2118,0,0,0
2119,0,0,0
2120,0,0,0
2121,0,0,0
2122,0,0,0
2123,0,0,0
2124,0,0,0
2125,0,0,0
2126,0,0,0
2127,0,0,0
2128,0,0,0
2129,0,0,0
2130,0,0,0
2131,0,0,0
2132,0,0,0
2133,0,0,0
2134,0,0,0
2135,0,0,0
2136,0,0,0
2137,0,0,0
2138,0,0,0
2139,0,0,0
2140,0,0,0
2141,0,0,0
2142,0,0,0
2143,0,0,0
2144,0,0,0
2145,0,0,0
2146,0,0,0
2147,0,0,0
2148,0,0,0
2149,0,0,0
2150,0,0,0
2151,0,0,0
2152,0,0,0
2153,0,0,0
2154,0,0,0
2155,0,0,0
2156,0,0,0
2157,0,0,0
2158,0,0,0
2159,0,0,0
2160,0,0,0
2161,0,0,0
2162,0,0,0
2163,0,0,0
2164,0,0,0
2165,0,0,0
2166,0,0,0
2167,0,0,0
2168,0,0,0
2169,0,0,0
2170,0,0,0
2171,0,0,0
2172,0,0,0
2173,0,0,0
2174,0,0,0
2175,0,0,0
2176,0,0,0
2177,0,0,0
2178,0,0,0
2179,0,0,0
2180,0,0,0
2181,0,0,0
2182,0,0,0
2183,0,0,0
2184,0,0,0
2185,0,0,0
2186,0,0,0
2187,0,0,0
2188,0,0,0
2189,0,0,0
2190,0,0,0
2191,0,0,0
2192,0,0,0
2193,0,0,0
2194,0,0,0
2195,0,0,0
2196,0,0,0
2197,0,0,0
2198,0,0,0
2199,0,0,0
2200,0,0,0
2201,0,0,0
2202,0,0,0
2203,0,0,0
2204,0,0,0
2205,0,0,0
2206,0,0,0
2207,0,0,0
2208,0,0,0
2209,0,0,0
2210,0,0,0
2211,0,0,0
2212,0,0,0
2213,0,0,0
2214,0,0,0
2215,0,0,0
2216,0,0,0
2217,0,0,0
2218,0,0,0
2219,0,0,0
2220,0,0,0
2221,0,0,0
2222,0,0,0
2223,0,0,0
2224,0,0,0
2225,0,0,0
2226,0,0,0
2227,0,0,0
2228,0,0,0
2229,0,0,0
2230,0,0,0
2231,0,0,0
2232,0,0,0
2233,0,0,0
2234,0,0,0
2235,0,0,0
2236,0,0,0
2237,0,0,0
2238,0,0,0
2239,0,0,0
2240,0,0,0
2241,0,0,0
2242,0,0,0
2243,0,0,0
2244,0,0,0
2245,0,0,0
2246,0,0,0
2247,0,0,0
2248,0,0,0
2249,0,0,0
2250,0,0,0
2251,0,0,0
2252,0,0,0
2253,0,0,0
2254,0,0,0
2255,0,0,0
2256,0,0,0
2257,0,0,0
2258,0,0,0
2259,0,0,0
2260,0,0,0
2261,0,0,0
2262,0,0,0
2263,0,0,0
2264,0,0,0
2265,0,0,0
2266,0,0,0
2267,0,0,0
2268,0,0,0
2269,0,0,0
2270,0,0,0
2271,0,0,0
2272,0,0,0
2273,0,0,0
2274,0,0,0
2275,0,0,0
2276,0,0,0
2277,0,0,0
2278,0,0,0
2279,0,0,0
2280,0,0,0
2281,0,0,0
2282,0,0,0
2283,0,0,0
2284,0,0,0
2285,0,0,0
2286,0,0,0
2287,0,0,0
2288,0,0,0
2289,0,0,0
2290,0,0,0
2291,0,0,0
2292,0,0,0
2293,0,0,0
2294,0,0,0
2295,0,0,0
2296,0,0,0
2297,0,0,0
2298,0,0,0
2299,0,0,0
2300,0,0,0
2301,0,0,0
2302,0,0,0
2303,0,0,0
2304,0,0,0
2305,0,0,0
2306,0,0,0
2307,0,0,0
2308,0,0,0
2309,0,0,0
2310,0,0,0
2311,0,0,0
2312,0,0,0
2313,0,0,0
2314,0,0,0
2315,0,0,0
2316,0,0,0
2317,0,0,0
2318,0,0,0
2319,0,0,0
2320,0,0,0
2321,0,0,0
2322,0,0,0
2323,0,0,0
2324,0,0,0
2325,0,0,0
2326,0,0,0
2327,0,0,0
2328,0,0,0
2329,0,0,0
2330,0,0,0
2331,0,0,0
2332,0,0,0
2333,0,0,0
2334,0,0,0
2335,0,0,0
2336,0,0,0
2337,0,0,0
2338,0,0,0
2339,0,0,0
2340,0,0,0
2341,0,0,0
2342,0,0,0
2343,0,0,0
2344,0,0,0
2345,0,0,0
2346,0,0,0
2347,0,0,0
2348,0,0,0
2349,0,0,0
2350,0,0,0
2351,0,0,0
2352,0,0,0
2353,0,0,0
2354,0,0,0
2355,0,0,0
2356,0,0,0
2357,0,0,0
2358,0,0,0
2359,0,0,0
2360,0,0,0
2361,0,0,0
2362,0,0,0
2363,0,0,0
2364,0,0,0
2365,0,0,0
2366,0,0,0
2367,0,0,0
2368,0,0,0
2369,0,0,0
2370,0,0,0
2371,0,0,0
2372,0,0,0
2373,0,0,0
2374,0,0,0
2375,0,0,0
2376,0,0,0
2377,0,0,0
2378,0,0,0
2379,0,0,0
2380,0,0,0
2381,0,0,0
2382,0,0,0
2383,0,0,0
2384,0,0,0
2385,0,0,0
2386,0,0,0
2387,0,0,0
2388,0,0,0
2389,0,0,0
2390,0,0,0
2391,0,0,0
2392,0,0,0
2393,0,0,0
2394,0,0,0
2395,0,0,0
2396,0,0,0
2397,0,0,0
2398,0,0,0
2399,0,0,0
2400,0,0,0
2401,0,0,0
2402,0,0,0
2403,0,0,0
2404,0,0,0
2405,0,0,0
2406,0,0,0
2407,0,0,0
2408,0,0,0
2409,0,0,0
2410,0,0,0
2411,0,0,0
2412,0,0,0
2413,0,0,0
2414,0,0,0
2415,0,0,0
2416,0,0,0
2417,0,0,0
2418,0,0,0
2419,0,0,0
2420,0,0,0
2421,0,0,0
2422,0,0,0
2423,0,0,0
2424,0,0,0
2425,0,0,0
2426,0,0,0
2427,0,0,0
2428,0,0,0
2429,0,0,0
2430,0,0,0
2431,0,0,0
2432,0,0,0
2433,0,0,0
2434,0,0,0
2435,0,0,0
2436,0,0,0
2437,0,0,0
2438,0,0,0
2439,0,0,0
2440,0,0,0
2441,0,0,0
2442,0,0,0
2443,0,0,0
2444,0,0,0
2445,0,0,0
2446,0,0,0
2447,0,0,0
2448,0,0,0
2449,0,0,0
2450,0,0,0
2451,0,0,0
2452,0,0,0
2453,0,0,0
2454,0,0,0
2455,0,0,0
2456,0,0,0
2457,0,0,0
2458,0,0,0
2459,0,0,0
2460,0,0,0
2461,0,0,0
2462,0,0,0
2463,0,0,0
2464,0,0,0
2465,0,0,0
2466,0,0,0
2467,0,0,0
2468,0,0,0
2469,0,0,0
2470,0,0,0
2471,0,0,0
2472,0,0,0
2473,0,0,0
2474,0,0,0
2475,0,0,0
2476,0,0,0
2477,0,0,0
2478,0,0,0
2479,0,0,0
2480,0,0,0
2481,0,0,0
2482,0,0,0
2483,0,0,0
2484,0,0,0
2485,0,0,0
2486,0,0,0
2487,0,0,0
2488,0,0,0
2489,0,0,0
2490,0,0,0
2491,0,0,0
2492,0,0,0
2493,0,0,0
2494,0,0,0
2495,0,0,0
2496,0,0,0
2497,0,0,0
2498,0,0,0
2499,0,0,0
2500,0,0,0
2501,0,0,0
2502,0,0,0
2503,0,0,0
2504,0,0,0
2505,0,0,0
2506,0,0,0
2507,0,0,0
2508,0,0,0
2509,0,0,0
2510,0,0,0
2511,0,0,0
2512,0,0,0
2513,0,0,0
2514,0,0,0
2515,0,0,0
2516,0,0,0
2517,0,0,0
2518,0,0,0
2519,0,0,0
2520,0,0,0
2521,0,0,0
2522,0,0,0
2523,0,0,0
2524,0,0,0
2525,0,0,0
2526,0,0,0
2527,0,0,0
2528,0,0,0
2529,0,0,0
2530,0,0,0
2531,0,0,0
2532,0,0,0
2533,0,0,0
2534,0,0,0
2535,0,0,0
2536,0,0,0
2537,0,0,0
2538,0,0,0
2539,0,0,0
2540,0,0,0
2541,0,0,0
2542,0,0,0
2543,0,0,0
2544,0,0,0
2545,0,0,0
2546,0,0,0
2547,0,0,0
2548,0,0,0
2549,0,0,0
2550,0,0,0
2551,0,0,0
2552,0,0,0
2553,0,0,0
2554,0,0,0
2555,0,0,0
2556,0,0,0
2557,0,0,0
2558,0,0,0
2559,0,0,0
2560,0,0,0
2561,0,0,0
2562,0,0,0
2563,0,0,0
2564,0,0,0
2565,0,0,0
2566,0,0,0
2567,0,0,0
2568,0,0,0
2569,0,0,0
2570,0,0,0
2571,0,0,0
2572,0,0,0
2573,0,0,0
2574,0,0,0
2575,0,0,0
2576,0,0,0
2577,0,0,0
2578,0,0,0
2579,0,0,0
2580,0,0,0
2581,0,0,0
2582,0,0,0
2583,0,0,0
2584,0,0,0
2585,0,0,0
2586,0,0,0
2587,0,0,0
2588,0,0,0
2589,0,0,0
2590,0,0,0
2591,0,0,0
2592,0,0,0
2593,0,0,0
2594,0,0,0
2595,0,0,0
2596,0,0,0
2597,0,0,0
2598,0,0,0
2599,0,0,0
2600,0,0,0
2601,0,0,0
2602,0,0,0
2603,0,0,0
2604,0,0,0
2605,0,0,0
2606,0,0,0
2607,0,0,0
2608,0,0,0
2609,0,0,0
2610,0,0,0
2611,0,0,0
2612,0,0,0
2613,0,0,0
2614,0,0,0
2615,0,0,0
2616,0,0,0
2617,0,0,0
2618,0,0,0
2619,0,0,0
2620,0,0,0
2621,0,0,0
2622,0,0,0
2623,0,0,0
2624,0,0,0
2625,0,0,0
2626,0,0,0
2627,0,0,0
2628,0,0,0
2629,0,0,0
2630,0,0,0
2631,0,0,0
2632,0,0,0
2633,0,0,0
2634,0,0,0
2635,0,0,0
2636,0,0,0
2637,0,0,0
2638,0,0,0
2639,0,0,0
2640,0,0,0
2641,0,0,0
2642,0,0,0
2643,0,0,0
2644,0,0,0
2645,0,0,0
2646,0,0,0
2647,0,0,0
2648,0,0,0
2649,0,0,0
2650,0,0,0
2651,0,0,0
2652,0,0,0
2653,0,0,0
2654,0,0,0
2655,0,0,0
2656,0,0,0
2657,0,0,0
2658,0,0,0
2659,0,0,0
2660,0,0,0
2661,0,0,0
2662,0,0,0
2663,0,0,0
2664,0,0,0
2665,0,0,0
2666,0,0,0
2667,1,0,1
2668,1,0,1
2669,1,0,1
2670,1,0,1
2671,1,0,1
2672,1,0,1
2673,1,0,1
2674,1,0,1
2675,1,0,1
2676,1,0,1
2677,1,0,1
2678,1,0,1
2679,1,0,1
2680,1,0,1
2681,1,0,1
2682,1,0,1
2683,1,0,1
2684,1,0,1
2685,1,0,1
2686,1,0,1
2687,1,0,1
2688,1,0,1
2689,1,0,1
2690,1,0,1
2691,1,0,1
2692,1,0,1
2693,1,0,1
2694,1,0,1
2695,1,0,1
2696,1,0,1
2697,1,0,1
2698,1,0,1
2699,1,0,1
2700,1,0,1
2701,1,0,1
2702,1,0,1
2703,1,0,1
2704,1,0,1
2705,1,0,1
2706,1,0,1
2707,1,0,1
2708,1,0,1
2709,1,0,1
2710,1,0,1
2711,1,0,1
2712,1,0,1
2713,1,0,1
2714,1,0,1
2715,1,0,1
2716,1,0,1
2717,1,0,1
2718,1,0,1
2719,1,0,1
2720,1,0,1
2721,1,0,1
2722,1,0,1
2723,1,0,1
2724,1,0,1
2725,1,0,1
2726,1,0,1
2727,1,0,1
2728,1,0,1
2729,1,0,1
2730,1,0,1
2731,1,0,1
2732,1,0,1
2733,1,0,1
2734,1,0,1
2735,1,0,1
2736,1,0,1
2737,1,0,1
2738,1,0,1
2739,1,0,1
2740,1,0,1
2741,1,0,1
2742,1,0,1
2743,1,0,1
2744,1,0,1
2745,1,0,1
2746,1,0,1
2747,1,0,1
2748,1,0,1
2749,1,0,1
2750,1,0,1
2751,1,0,1
2752,1,0,1
2753,1,0,1
2754,1,0,1
2755,1,0,1
2756,1,0,1
2757,1,0,1
2758,1,0,1
2759,1,0,1
2760,1,0,1
2761,1,0,1
2762,1,0,1
2763,1,0,1
2764,1,0,1
2765,1,0,1
2766,1,0,1
2767,1,0,1
2768,1,0,1
2769,1,0,1
2770,1,0,1
2771,1,0,1
2772,1,0,1
2773,1,0,1
2774,1,0,1
2775,1,0,1
2776,1,0,1
2777,1,0,1
2778,1,0,1
2779,1,0,1
2780,1,0,1
2781,1,0,1
2782,1,0,1
2783,1,0,1
2784,1,0,1
2785,1,0,1
2786,1,0,1
2787,1,0,1
2788,1,0,1
2789,1,0,1
2790,1,0,1
2791,1,0,1
2792,1,0,1
2793,0,0,0
2794,0,0,0
2795,0,0,0
2796,0,0,0
2797,0,0,0
2798,0,0,0
2799,0,0,0
2800,0,0,0
2801,0,0,0
2802,0,0,0
2803,0,0,0
2804,0,0,0
2805,0,0,0
2806,0,0,0
2807,0,0,0
2808,0,0,0
2809,0,0,0
2810,0,0,0
2811,0,0,0
2812,0,0,0
2813,0,0,0
2814,0,0,0
2815,0,0,0
2816,0,0,0
2817,0,0,0
2818,0,0,0
2819,0,0,0
2820,0,0,0
2821,0,0,0
2822,0,0,0
2823,0,0,0
2824,0,0,0
2825,0,0,0
2826,0,0,0
2827,0,0,0
2828,0,0,0
2829,0,0,0
2830,0,0,0
2831,0,0,0
2832,0,0,0
2833,0,0,0
2834,0,0,0
2835,0,0,0
2836,0,0,0
2837,0,0,0
2838,0,0,0
2839,0,0,0
2840,0,0,0
2841,0,0,0
2842,0,0,0
2843,0,0,0
2844,0,0,0
2845,0,0,0
2846,0,0,0
2847,0,0,0
2848,0,0,0
2849,0,0,0
2850,0,0,0
2851,0,0,0
2852,0,0,0
2853,0,0,0
2854,0,0,0
2855,0,0,0
2856,0,0,0
2857,0,0,0
2858,0,0,0
2859,0,0,0
2860,0,0,0
2861,0,0,0
2862,0,0,0
2863,0,0,0
2864,0,0,0
2865,0,0,0
2866,0,0,0
2867,0,0,0
2868,0,0,0
2869,0,0,0
2870,0,0,0
2871,0,0,0
2872,0,0,0
2873,0,0,0
2874,0,0,0
2875,0,0,0
2876,0,0,0
2877,0,0,0
2878,0,0,0
2879,0,0,0
2880,0,0,0
2881,0,0,0
2882,0,0,0
2883,0,0,0
2884,0,0,0
2885,0,0,0
2886,0,0,0
2887,0,0,0
2888,0,0,0
2889,0,0,0
2890,0,0,0
2891,0,0,0
2892,0,0,0
2893,0,0,0
2894,0,0,0
2895,0,0,0
2896,0,0,0
2897,0,0,0
2898,0,0,0
2899,0,0,0
2900,0,0,0
2901,0,0,0
2902,0,0,0
2903,0,0,0
2904,0,0,0
2905,0,0,0
2906,0,0,0
2907,0,0,0
2908,0,0,0
2909,0,0,0
2910,0,0,0
2911,0,0,0
2912,0,0,0
2913,0,0,0
2914,0,0,0
2915,0,0,0
2916,0,0,0
2917,0,0,0
2918,0,0,0
2919,0,0,0
2920,0,0,0
2921,0,0,0
2922,0,0,0
2923,0,0,0
2924,0,0,0
2925,0,0,0
2926,0,0,0
2927,0,0,0
2928,0,0,0
2929,0,0,0
2930,0,0,0
2931,0,0,0
2932,0,0,0
2933,0,0,0
2934,0,0,0
2935,0,0,0
2936,0,0,0
2937,0,0,0
2938,0,0,0
2939,0,0,0
2940,0,0,0
2941,0,0,0
2942,0,0,0
2943,0,0,0
2944,0,0,0
2945,0,0,0
2946,0,0,0
2947,0,0,0
2948,0,0,0
2949,0,0,0
2950,0,0,0
2951,0,0,0
2952,0,0,0
2953,0,0,0
2954,0,0,0
2955,0,0,0
2956,0,0,0
2957,0,0,0
2958,0,0,0
2959,0,0,0
2960,0,0,0
2961,0,0,0
2962,0,0,0
2963,0,0,0
2964,0,0,0
2965,0,0,0
2966,0,0,0
2967,0,0,0
2968,0,0,0
2969,0,0,0
2970,0,0,0
2971,0,0,0
2972,0,0,0
2973,0,0,0
2974,0,0,0
2975,0,0,0
2976,0,0,0
2977,0,0,0
2978,0,0,0
2979,0,0,0
2980,0,0,0
2981,0,0,0
2982,0,0,0
2983,0,0,0
2984,0,0,0
2985,0,0,0
2986,0,0,0
2987,0,0,0
2988,0,0,0
2989,0,0,0
2990,0,0,0
2991,0,0,0
2992,0,0,0
2993,0,0,0
2994,0,0,0
2995,0,0,0
2996,0,0,0
2997,0,0,0
2998,0,0,0
2999,0,0,0
3000,0,0,0
3001,0,0,0
3002,0,0,0
3003,0,0,0
3004,0,0,0
3005,0,0,0
3006,0,0,0
3007,0,0,0
3008,0,0,0
3009,0,0,0
3010,0,0,0
3011,0,0,0
3012,0,0,0
3013,0,0,0
3014,0,0,0
3015,0,0,0
3016,0,0,0
3017,0,0,0
3018,0,0,0
3019,0,0,0
3020,0,0,0
3021,0,0,0
3022,0,0,0
3023,0,0,0
3024,0,0,0
3025,0,0,0
3026,0,0,0
3027,0,0,0
3028,0,0,0
3029,0,0,0
3030,0,0,0
3031,0,0,0
3032,0,0,0
3033,0,0,0
3034,0,0,0
3035,0,0,0
3036,0,0,0
3037,0,0,0
3038,0,0,0
3039,0,0,0
3040,0,0,0
3041,0,0,0
3042,0,0,0
3043,0,0,0
3044,0,0,0
3045,0,0,0
3046,0,0,0
3047,0,0,0
3048,0,0,0
3049,0,0,0
3050,0,0,0
3051,0,0,0
3052,0,0,0
3053,0,0,0
3054,0,0,0
3055,0,0,0
3056,0,0,0
3057,0,0,0
3058,0,0,0
3059,0,0,0
3060,0,0,0
3061,0,0,0
3062,0,0,0
3063,0,0,0
3064,0,0,0
3065,0,0,0
3066,0,0,0
3067,0,0,0
3068,0,0,0
3069,0,0,0
3070,0,0,0
3071,0,0,0
3072,0,0,0
3073,0,0,0
3074,0,0,0
3075,0,0,0
3076,0,0,0
3077,0,0,0
3078,0,0,0
3079,0,0,0
3080,0,0,0
3081,0,0,0
3082,0,0,0
3083,0,0,0
3084,0,0,0
3085,0,0,0
3086,0,0,0
3087,0,0,0
3088,0,0,0
3089,0,0,0
3090,0,0,0
3091,0,0,0
3092,0,0,0
3093,0,0,0
3094,0,0,0
3095,0,0,0
3096,0,0,0
3097,0,0,0
3098,0,0,0
3099,0,0,0
3100,0,0,0
3101,0,0,0
3102,0,0,0
3103,0,0,0
3104,0,0,0
3105,0,0,0
3106,0,0,0
3107,0,0,0
3108,0,0,0
3109,0,0,0
3110,0,0,0
3111,0,0,0
3112,0,0,0
3113,0,0,0
3114,0,0,0
3115,0,0,0
3116,0,0,0
3117,0,0,0
3118,0,0,0
3119,0,0,0
3120,0,0,0
3121,0,0,0
3122,0,0,0
3123,0,0,0
3124,0,0,0
3125,0,0,0
3126,0,0,0
3127,0,0,0
3128,0,0,0
3129,0,0,0
3130,0,0,0
3131,0,0,0
3132,0,0,0
3133,0,0,0
3134,0,0,0
3135,0,0,0
3136,0,0,0
3137,0,0,0
3138,0,0,0
3139,0,0,0
3140,0,0,0
3141,0,0,0
3142,0,0,0
3143,0,0,0
3144,0,0,0
3145,0,0,0
3146,0,0,0
3147,0,0,0
3148,0,0,0
3149,0,0,0
3150,0,0,0
3151,0,0,0
3152,0,0,0
3153,0,0,0
3154,0,0,0
3155,0,0,0
3156,0,0,0
3157,0,0,0
3158,0,0,0
3159,0,0,0
3160,0,0,0
3161,0,0,0
3162,0,0,0
3163,0,0,0
3164,0,0,0
3165,0,0,0
3166,0,0,0
3167,0,0,0
3168,0,0,0
3169,0,0,0
3170,0,0,0
3171,0,0,0
3172,0,0,0
3173,0,0,0
3174,0,0,0
3175,0,0,0
3176,0,0,0
3177,0,0,0
3178,0,0,0
3179,0,0,0
3180,0,0,0
3181,0,0,0
3182,0,0,0
3183,0,0,0
3184,0,0,0
3185,0,0,0
3186,0,0,0
3187,0,0,0
3188,0,0,0
3189,0,0,0
3190,0,0,0
3191,0,0,0
3192,0,0,0
3193,0,0,0
3194,0,0,0
3195,0,0,0
3196,0,0,0
3197,0,0,0
3198,0,0,0
3199,0,0,0
3200,0,0,0
3201,0,0,0
3202,0,0,0
3203,0,0,0
3204,0,0,0
3205,0,0,0
3206,0,0,0
3207,0,0,0
3208,0,0,0
3209,0,0,0
3210,0,0,0
3211,0,0,0
3212,0,0,0
3213,0,0,0
3214,0,0,0
3215,0,0,0
3216,0,0,0
3217,0,0,0
3218,0,0,0
3219,0,0,0
3220,0,0,0
3221,0,0,0
3222,0,0,0
3223,0,0,0
3224,0,0,0
3225,0,0,0
3226,0,0,0
3227,0,0,0
3228,0,0,0
3229,0,0,0
3230,0,0,0
3231,0,0,0
3232,0,0,0
3233,0,0,0
3234,0,0,0
3235,0,0,0
3236,0,0,0
3237,0,0,0
3238,0,0,0
3239,0,0,0
3240,0,0,0
3241,0,0,0
3242,0,0,0
3243,0,0,0
3244,0,0,0
3245,0,0,0
3246,0,0,0
3247,0,0,0
3248,0,0,0
3249,0,0,0
3250,0,0,0
3251,0,0,0
3252,0,0,0
3253,0,0,0
3254,0,0,0
3255,0,0,0
3256,0,0,0
3257,0,0,0
3258,0,0,0
3259,0,0,0
3260,0,0,0
3261,0,0,0
3262,0,0,0
3263,0,0,0
3264,0,0,0
3265,0,0,0
3266,0,0,0
3267,0,0,0
3268,0,0,0
3269,0,0,0
3270,0,0,0
3271,0,0,0
3272,0,0,0
3273,0,0,0
3274,0,0,0
3275,0,0,0
3276,0,0,0
3277,0,0,0
3278,0,0,0
3279,0,0,0
3280,0,0,0
3281,0,0,0
3282,0,0,0
3283,0,0,0
3284,0,0,0
3285,0,0,0
3286,0,0,0
3287,0,0,0
3288,0,0,0
3289,0,0,0
3290,0,0,0
3291,0,0,0
3292,0,0,0
3293,0,0,0
3294,0,0,0
3295,0,0,0
3296,0,0,0
3297,0,0,0
3298,0,0,0
3299,0,0,0
3300,0,0,0
3301,0,0,0
3302,0,0,0
3303,0,0,0
3304,0,0,0
3305,0,0,0
3306,0,0,0
3307,0,0,0
3308,0,0,0
3309,0,0,0
3310,0,0,0
3311,0,0,0
3312,0,0,0
3313,0,0,0
3314,0,0,0
3315,0,0,0
3316,0,0,0
3317,0,0,0
3318,0,0,0
3319,0,0,0
3320,0,0,0
3321,0,0,0
3322,0,0,0
3323,0,0,0
3324,0,0,0
3325,0,0,0
3326,0,0,0
3327,0,0,0
3328,0,0,0
3329,0,0,0
3330,0,0,0
3331,0,0,0
3332,0,0,0
3333,0,0,0
3334,0,0,0
3335,0,0,0
3336,0,0,0
3337,0,0,0
3338,0,0,0
3339,0,0,0
3340,0,0,0
3341,0,0,0
3342,0,0,0
3343,0,0,0
3344,0,0,0
3345,0,0,0
3346,0,0,0
3347,0,0,0
3348,0,0,0
3349,0,0,0
3350,0,0,0
3351,0,0,0
3352,0,0,0
3353,0,0,0
3354,0,0,0
3355,0,0,0
3356,0,0,0
3357,0,0,0
3358,0,0,0
3359,0,0,0
3360,0,0,0
3361,0,0,0
3362,0,0,0
3363,0,0,0
3364,0,0,0
3365,0,0,0
3366,0,0,0
3367,0,0,0
3368,0,0,0
3369,0,0,0
3370,0,0,0
3371,0,0,0
3372,0,0,0
3373,0,0,0
3374,0,0,0
3375,0,0,0
3376,0,0,0
3377,0,0,0
3378,0,0,0
3379,0,0,0
3380,0,0,0
3381,0,0,0
3382,0,0,0
3383,0,0,0
3384,0,0,0
3385,0,0,0
3386,0,0,0
3387,0,0,0
3388,0,0,0
3389,0,0,0
3390,0,0,0
3391,0,0,0
3392,0,0,0
3393,0,0,0
3394,0,0,0
3395,0,0,0
3396,0,0,0
3397,0,0,0
3398,0,0,0
3399,0,0,0
3400,0,0,0
3401,0,0,0
3402,0,0,0
3403,0,0,0
3404,0,0,0
3405,0,0,0
3406,0,0,0
3407,0,0,0
3408,0,0,0
3409,0,0,0
3410,0,0,0
3411,0,0,0
3412,0,0,0
3413,0,0,0
3414,0,0,0
3415,0,0,0
3416,0,0,0
3417,0,0,0
3418,0,0,0
3419,0,0,0
3420,0,0,0
3421,0,0,0
3422,0,0,0
3423,0,0,0
3424,0,0,0
3425,0,0,0
3426,0,0,0
3427,0,0,0
3428,0,0,0
3429,0,0,0
3430,0,0,0
3431,0,0,0
3432,0,0,0
3433,0,0,0
3434,0,0,0
3435,0,0,0
3436,0,0,0
3437,0,0,0
3438,0,0,0
3439,0,0,0
3440,0,0,0
3441,0,0,0
3442,0,0,0
3443,0,0,0
3444,0,0,0
3445,0,0,0
3446,0,0,0
3447,0,0,0
3448,0,0,0
3449,0,0,0
3450,0,0,0
3451,0,0,0
3452,0,0,0
3453,0,0,0
3454,0,0,0
3455,0,0,0
3456,0,0,0
3457,0,0,0
3458,0,0,0
3459,0,0,0
3460,0,0,0
3461,0,0,0
3462,0,0,0
3463,0,0,0
3464,0,0,0
3465,0,0,0
3466,0,0,0
3467,0,0,0
3468,0,0,0
3469,0,0,0
3470,0,0,0
3471,0,0,0
3472,0,0,0
3473,0,0,0
3474,0,0,0
3475,0,0,0
3476,0,0,0
3477,0,0,0
3478,0,0,0
3479,0,0,0
3480,0,0,0
3481,0,0,0
3482,0,0,0
3483,0,0,0
3484,0,0,0
3485,0,0,0
3486,0,0,0
3487,0,0,0
3488,0,0,0
3489,0,0,0
3490,0,0,0
3491,0,0,0
3492,0,0,0
3493,0,0,0
3494,0,0,0
3495,0,0,0
3496,0,0,0
3497,0,0,0
3498,0,0,0
3499,0,0,0
3500,0,0,0
3501,0,0,0
3502,0,0,0
3503,0,0,0
3504,0,0,0
3505,0,0,0
3506,0,0,0
3507,0,0,0
3508,0,0,0
3509,0,0,0
3510,0,0,0
3511,0,0,0
3512,0,0,0
3513,0,0,0
3514,0,0,0
3515,0,0,0
3516,0,0,0
3517,0,0,0
3518,0,0,0
3519,0,0,0
3520,0,0,0
3521,0,0,0
3522,0,0,0
3523,0,0,0
3524,0,0,0
3525,0,0,0
3526,0,0,0
3527,0,0,0
3528,0,0,0
3529,0,0,0
3530,0,0,0
3531,0,0,0
3532,0,0,0
3533,0,0,0
3534,0,0,0
3535,0,0,0
3536,0,0,0
3537,0,0,0
3538,0,0,0
3539,0,0,0
3540,0,0,0
3541,0,0,0
3542,0,0,0
3543,0,0,0
3544,0,0,0
3545,0,0,0
3546,0,0,0
3547,0,0,0
3548,0,0,0
3549,0,0,0
3550,0,0,0
3551,0,0,0
3552,0,0,0
3553,0,0,0
3554,0,0,0
3555,0,0,0
3556,0,0,0
3557,0,0,0
3558,0,0,0
3559,0,0,0
3560,0,0,0
3561,0,0,0
3562,0,0,0
3563,0,0,0
3564,0,0,0
3565,0,0,0
3566,0,0,0
3567,0,0,0
3568,0,0,0
3569,0,0,0
3570,0,0,0
3571,0,0,0
3572,0,0,0
3573,0,0,0
3574,0,0,0
3575,0,0,0
3576,0,0,0
3577,0,0,0
3578,0,0,0
3579,0,0,0
3580,0,0,0
3581,0,0,0
3582,0,0,0
3583,0,0,0
3584,0,0,0
3585,0,0,0
3586,0,0,0
3587,0,0,0
3588,0,0,0
3589,0,0,0
3590,0,0,0
3591,0,0,0
3592,0,0,0
3593,0,0,0
3594,0,0,0
3595,0,0,0
3596,0,0,0
3597,0,0,0
3598,0,0,0
3599,0,0,0
3600,0,0,0
3601,0,0,0
3602,0,0,0
3603,0,0,0
3604,0,0,0
3605,0,0,0
3606,0,0,0
3607,0,0,0
3608,0,0,0
3609,0,0,0
3610,0,0,0
3611,0,0,0
3612,0,0,0
3613,0,0,0
3614,0,0,0
3615,0,0,0
3616,0,0,0
3617,0,0,0
3618,0,0,0
3619,0,0,0
3620,0,0,0
3621,0,0,0
3622,0,0,0
3623,0,0,0
3624,0,0,0
3625,0,0,0
3626,0,0,0
3627,0,0,0
3628,0,0,0
3629,0,0,0
3630,0,0,0
3631,0,0,0
3632,0,0,0
3633,0,0,0
3634,0,0,0
3635,0,0,0
3636,0,0,0
3637,0,0,0
3638,0,0,0
3639,0,0,0
3640,0,0,0
3641,0,0,0
3642,0,0,0
3643,0,0,0
3644,0,0,0
3645,0,0,0
3646,0,0,0
3647,0,0,0
3648,0,0,0
3649,0,0,0
3650,0,0,0
3651,0,0,0
3652,0,0,0
3653,0,0,0
3654,0,0,0
3655,0,0,0
3656,0,0,0
3657,0,0,0
3658,0,0,0
3659,0,0,0
3660,0,0,0
3661,0,0,0
3662,0,0,0
3663,0,0,0
3664,0,0,0
3665,0,0,0
3666,0,0,0
3667,0,0,0
3668,0,0,0
3669,0,0,0
3670,0,0,0
3671,0,0,0
3672,0,0,0
3673,0,0,0
3674,0,0,0
3675,0,0,0
3676,0,0,0
3677,0,0,0
3678,0,0,0
3679,0,0,0
3680,0,0,0
3681,0,0,0
3682,0,0,0
3683,0,0,0
3684,0,0,0
3685,0,0,0
3686,0,0,0
3687,0,0,0
3688,0,0,0
3689,0,0,0
3690,0,0,0
3691,0,0,0
3692,0,0,0
3693,0,0,0
3694,0,0,0
3695,0,0,0
3696,0,0,0
3697,0,0,0
3698,1,0,1
3699,1,0,1
3700,1,0,1
3701,1,0,1
3702,1,0,1
3703,1,0,1
3704,1,0,1
3705,1,0,1
3706,1,0,1
3707,1,0,1
3708,1,0,1
3709,1,0,1
3710,1,0,1
3711,1,0,1
3712,1,0,1
3713,1,0,1
3714,1,0,1
3715,1,0,1
3716,1,0,1
3717,1,0,1
3718,1,0,1
3719,1,0,1
3720,1,0,1
3721,1,0,1
3722,1,0,1
3723,1,0,1
3724,1,0,1
3725,1,0,1
3726,1,0,1
3727,1,0,1
3728,1,0,1
3729,1,0,1
3730,1,0,1
3731,1,0,1
3732,0,1,1
3733,0,1,1
3734,0,1,1
3735,0,1,1
3736,0,1,1
3737,0,1,1
3738,0,1,1
3739,0,1,1
3740,0,1,1
3741,0,1,1
3742,0,1,1
3743,0,1,1
3744,0,1,1
3745,0,1,1
3746,0,1,1
3747,0,1,1
3748,0,1,1
3749,0,1,1
3750,0,1,1
3751,0,1,1
3752,0,1,1
3753,0,1,1
3754,0,1,1
3755,0,1,1
3756,0,1,1
3757,0,1,1
3758,0,1,1
3759,0,1,1
3760,0,1,1
3761,1,0,1
3762,1,0,1
3763,1,0,1
3764,1,0,1
3765,1,0,1
3766,1,0,1
3767,1,0,1
3768,1,0,1
3769,1,0,1
3770,1,0,1
3771,1,0,1
3772,1,0,1
3773,1,0,1
3774,1,0,1
3775,1,0,1
3776,1,0,1
3777,1,0,1
3778,1,0,1
3779,1,0,1
3780,1,0,1
3781,1,0,1
3782,1,0,1
3783,1,0,1
3784,1,0,1
3785,1,0,1
3786,1,0,1
3787,1,0,1
3788,1,0,1
3789,1,0,1
3790,1,0,1
3791,1,0,1
3792,1,0,1
3793,1,0,1
3794,1,0,1
3795,1,0,1
3796,1,0,1
3797,1,0,1
3798,1,0,1
3799,1,0,1
3800,1,0,1
3801,1,0,1
3802,1,0,1
3803,1,0,1
3804,1,0,1
3805,1,0,1
3806,1,0,1
3807,1,0,1
3808,1,0,1
3809,1,0,1
3810,1,0,1
3811,1,0,1
3812,1,0,1
3813,1,0,1
3814,1,0,1
3815,1,0,1
3816,1,0,1
3817,1,0,1
3818,1,0,1
3819,1,0,1
3820,1,0,1
3821,1,0,1
3822,1,0,1
3823,1,0,1
3824,1,0,1
3825,1,0,1
3826,1,0,1
3827,1,0,1
3828,1,0,1
3829,1,0,1
3830,1,0,1
3831,1,0,1
3832,0,0,0
3833,0,0,0
3834,0,0,0
3835,0,0,0
3836,0,0,0
3837,0,0,0
3838,0,0,0
3839,0,0,0
3840,0,0,0
3841,0,0,0
3842,0,0,0
3843,0,0,0
3844,0,0,0
3845,0,0,0
3846,0,0,0
3847,0,0,0
3848,0,0,0
3849,0,0,0
3850,0,0,0
3851,0,0,0
3852,0,0,0
3853,0,0,0
3854,0,0,0
3855,0,0,0
3856,0,0,0
3857,0,0,0
3858,0,0,0
3859,0,0,0
3860,0,0,0
3861,0,0,0
3862,0,0,0
3863,0,0,0
3864,0,0,0
3865,0,0,0
3866,0,0,0
3867,0,0,0
3868,0,0,0
3869,0,0,0
3870,0,0,0
3871,0,0,0
3872,0,0,0
3873,0,0,0
3874,0,0,0
3875,0,0,0
3876,0,0,0
3877,0,0,0
3878,0,0,0
3879,0,0,0
3880,0,0,0
3881,0,0,0
3882,0,0,0
3883,0,0,0
3884,0,0,0
3885,0,0,0
3886,0,0,0
3887,0,0,0
3888,0,0,0
3889,0,0,0
3890,0,0,0
3891,0,0,0
3892,0,0,0
3893,0,0,0
3894,0,0,0
3895,0,0,0
3896,0,0,0
3897,0,0,0
3898,0,0,0
3899,0,0,0
3900,0,0,0
3901,0,0,0
3902,0,0,0
3903,0,0,0
3904,0,0,0
3905,0,0,0
3906,0,0,0
3907,0,0,0
3908,0,0,0
3909,0,0,0
3910,0,0,0
3911,0,0,0
3912,0,0,0
3913,0,0,0
3914,0,0,0
3915,0,0,0
3916,0,0,0
3917,0,0,0
3918,0,0,0
3919,0,0,0
3920,0,0,0
3921,0,0,0
3922,0,0,0
3923,0,0,0
3924,0,0,0
3925,0,0,0
3926,0,0,0
3927,0,0,0
3928,0,0,0
3929,0,0,0
3930,0,0,0
3931,0,0,0
3932,0,0,0
3933,0,0,0
3934,0,0,0
3935,0,0,0
3936,0,0,0
3937,0,0,0
3938,0,0,0
3939,0,0,0
3940,0,0,0
3941,0,0,0
3942,0,0,0
3943,0,0,0
3944,0,0,0
3945,0,0,0
3946,0,0,0
3947,0,0,0
3948,0,0,0
3949,0,0,0
3950,0,0,0
3951,0,0,0
3952,0,0,0
3953,0,0,0
3954,0,0,0
3955,0,0,0
3956,0,0,0
3957,0,0,0
3958,0,0,0
3959,0,0,0
3960,0,0,0
3961,0,0,0
3962,0,0,0
3963,0,0,0
3964,0,0,0
3965,0,0,0
3966,0,0,0
3967,0,0,0
3968,0,0,0
3969,0,0,0
3970,0,0,0
3971,0,0,0
3972,0,0,0
3973,0,0,0
3974,0,0,0
3975,0,0,0
3976,0,0,0
3977,0,0,0
3978,0,0,0
3979,0,0,0
3980,0,0,0
3981,1,0,1
3982,1,0,1
3983,1,0,1
3984,1,0,1
3985,1,0,1
3986,1,0,1
3987,1,0,1
3988,1,0,1
3989,1,0,1
3990,1,0,1
3991,1,0,1
3992,1,0,1
3993,1,0,1
3994,1,0,1
3995,1,0,1
3996,1,0,1
3997,1,0,1
3998,1,0,1
3999,1,0,1
4000,1,0,1
4001,1,0,1
4002,1,0,1
4003,1,0,1
4004,1,0,1
4005,1,0,1
4006,1,0,1
4007,1,0,1
4008,1,0,1
4009,1,0,1
4010,1,0,1
4011,1,0,1
4012,1,0,1
4013,1,0,1
4014,1,0,1
4015,1,0,1
4016,1,0,1
4017,1,0,1
4018,1,0,1
4019,1,0,1
4020,1,0,1
4021,1,0,1
4022,1,0,1
4023,1,0,1
4024,1,0,1
4025,1,0,1
4026,1,0,1
4027,1,0,1
4028,1,0,1
4029,1,0,1
4030,1,0,1
4031,0,0,0
4032,0,0,0
4033,0,0,0
4034,0,0,0
4035,0,0,0
4036,0,0,0
4037,0,0,0
4038,0,0,0
4039,0,0,0
4040,0,0,0
4041,0,0,0
4042,0,0,0
4043,0,0,0
4044,0,0,0
4045,0,0,0
4046,0,0,0
4047,0,0,0
4048,0,0,0
4049,0,0,0
4050,0,0,0
4051,0,0,0
4052,0,0,0
4053,0,0,0
4054,0,0,0
4055,0,0,0
4056,0,0,0
4057,0,0,0
4058,0,0,0
4059,0,0,0
4060,0,0,0
4061,0,0,0
4062,0,0,0
4063,0,0,0
4064,0,0,0
4065,0,0,0
4066,0,0,0
4067,0,0,0
4068,0,0,0
4069,0,0,0
4070,0,0,0
4071,0,0,0
4072,0,0,0
4073,0,0,0
4074,0,0,0
4075,0,0,0
4076,0,0,0
4077,0,0,0
4078,0,0,0
4079,0,0,0
4080,0,0,0
4081,0,0,0
4082,0,0,0
4083,0,0,0
4084,0,0,0
4085,0,0,0
4086,0,0,0
4087,0,0,0
4088,0,0,0
4089,0,0,0
4090,0,0,0
4091,0,0,0
4092,0,0,0
4093,0,0,0
4094,0,0,0
4095,0,0,0
4096,0,0,0
4097,0,0,0
4098,0,0,0
4099,0,0,0
4100,0,0,0
4101,0,0,0
4102,0,0,0
4103,0,0,0
4104,0,0,0
4105,0,0,0
4106,0,0,0
4107,0,0,0
4108,0,0,0
4109,0,0,0
4110,0,0,0
4111,0,0,0
4112,0,0,0
4113,0,0,0
4114,0,0,0
4115,0,0,0
4116,0,0,0
4117,0,0,0
4118,0,0,0
4119,0,0,0
4120,0,0,0
4121,0,0,0
4122,0,0,0
4123,0,0,0
4124,0,0,0
4125,0,0,0
4126,0,0,0
4127,0,0,0
4128,0,0,0
4129,0,0,0
4130,0,0,0
4131,0,0,0
4132,0,0,0
4133,0,0,0
4134,0,0,0
4135,0,0,0
4136,0,0,0
4137,0,0,0
4138,0,0,0
4139,0,0,0
4140,0,0,0
4141,0,0,0
4142,0,0,0
4143,0,0,0
4144,0,0,0
4145,0,0,0
4146,0,0,0
4147,0,0,0
4148,0,0,0
4149,0,0,0
4150,0,0,0
4151,0,0,0
4152,0,0,0
4153,0,0,0
4154,0,0,0
4155,0,0,0
4156,0,0,0
4157,0,0,0
4158,0,0,0
4159,0,0,0
4160,0,0,0
4161,0,0,0
4162,0,0,0
4163,0,0,0
4164,0,0,0
4165,0,0,0
4166,0,0,0
4167,0,0,0
4168,0,0,0
4169,0,0,0
4170,0,0,0
4171,0,0,0
4172,0,0,0
4173,0,0,0
4174,0,0,0
4175,0,0,0
4176,0,0,0
4177,0,0,0
4178,0,0,0
4179,0,0,0
4180,0,0,0
4181,0,0,0
4182,0,0,0
4183,0,0,0
4184,0,0,0
4185,0,0,0
4186,0,0,0
4187,0,0,0
4188,0,0,0
4189,0,0,0
4190,0,0,0
4191,0,0,0
4192,0,0,0
4193,0,0,0
4194,0,0,0
4195,0,0,0
4196,0,0,0
4197,0,0,0
4198,0,0,0
4199,0,0,0
4200,0,0,0
4201,0,0,0
4202,0,0,0
4203,0,0,0
4204,0,0,0
4205,0,0,0
4206,0,0,0
4207,0,0,0
4208,0,0,0
4209,0,0,0
4210,0,0,0
4211,0,0,0
4212,0,0,0
4213,0,0,0
4214,0,0,0
4215,0,0,0
4216,0,0,0
4217,0,0,0
4218,0,0,0
4219,0,0,0
4220,0,0,0
4221,0,0,0
4222,0,0,0
4223,0,0,0
4224,0,0,0
4225,0,0,0
4226,0,0,0
4227,0,0,0
4228,0,0,0
4229,0,0,0
4230,0,0,0
4231,0,0,0
4232,0,0,0
4233,0,0,0
4234,0,0,0
4235,0,0,0
4236,0,0,0
4237,0,0,0
4238,0,0,0
4239,0,0,0
4240,0,0,0
4241,0,0,0
4242,0,0,0
4243,1,0,1
4244,1,0,1
4245,1,0,1
4246,1,0,1
4247,1,0,1
4248,1,0,1
4249,1,0,1
4250,1,0,1
4251,1,0,1
4252,1,0,1
4253,1,0,1
4254,1,0,1
4255,1,0,1
4256,1,0,1
4257,1,0,1
4258,1,0,1
4259,1,0,1
4260,1,0,1
4261,2,0,2
4262,2,0,2
4263,2,0,2
4264,2,0,2
4265,2,0,2
4266,2,0,2
4267,2,0,2
4268,2,0,2
4269,2,0,2
4270,3,0,3
4271,3,0,3
4272,3,0,3
4273,3,0,3
4274,3,0,3
4275,3,0,3
4276,3,0,3
4277,3,0,3
4278,3,0,3
4279,3,0,3
4280,3,0,3
4281,3,0,3
4282,3,0,3
4283,3,0,3
4284,3,0,3
4285,3,0,3
4286,3,0,3
4287,3,0,3
4288,3,0,3
4289,3,0,3
4290,3,0,3
4291,3,0,3
4292,3,0,3
4293,3,0,3
4294,3,0,3
4295,3,0,3
4296,3,0,3
4297,3,0,3
4298,3,0,3
4299,3,0,3
4300,3,0,3
4301,3,0,3
4302,3,0,3
4303,3,0,3
4304,3,0,3
4305,2,0,2
4306,2,0,2
4307,2,0,2
4308,2,0,2
4309,2,0,2
4310,2,0,2
4311,2,0,2
4312,2,0,2
4313,2,0,2
4314,2,0,2
4315,2,0,2
4316,2,0,2
4317,2,0,2
4318,2,0,2
4319,2,0,2
4320,2,0,2
4321,2,0,2
4322,2,0,2
4323,2,0,2
4324,2,0,2
4325,2,0,2
4326,1,1,2
4327,1,1,2
4328,1,1,2
4329,1,1,2
4330,1,1,2
4331,1,1,2
4332,1,1,2
4333,1,1,2
4334,1,1,2
4335,1,1,2
4336,1,1,2
4337,1,1,2
4338,1,1,2
4339,1,1,2
4340,1,1,2
4341,1,1,2
4342,1,1,2
4343,1,1,2
4344,2,1,3
4345,2,1,3
4346,2,1,3
4347,3,0,3
4348,3,0,3
4349,3,0,3
4350,3,0,3
4351,3,0,3
4352,2,0,2
4353,2,0,2
4354,2,0,2
4355,1,0,1
4356,1,0,1
4357,1,0,1
4358,1,0,1
4359,1,0,1
4360,1,0,1
4361,1,0,1
4362,1,0,1
4363,1,0,1
4364,1,0,1
4365,1,0,1
4366,1,0,1
4367,1,0,1
4368,1,0,1
4369,1,0,1
4370,1,0,1
4371,1,0,1
4372,1,0,1
4373,1,0,1
4374,1,0,1
4375,1,0,1
4376,1,0,1
4377,1,0,1
4378,1,0,1
4379,1,0,1
4380,1,0,1
4381,1,0,1
4382,1,0,1
4383,1,0,1
4384,1,0,1
4385,1,0,1
4386,1,0,1
4387,1,0,1
4388,1,0,1
4389,1,0,1
4390,1,0,1
4391,1,0,1
4392,1,0,1
4393,1,0,1
4394,1,0,1
4395,1,0,1
4396,1,0,1
4397,1,0,1
4398,1,0,1
4399,1,0,1
4400,1,0,1
4401,1,0,1
4402,1,0,1
4403,1,0,1
4404,1,0,1
4405,1,0,1
4406,1,0,1
4407,1,0,1
4408,1,0,1
4409,1,0,1
4410,1,0,1
4411,1,0,1
4412,1,0,1
4413,1,0,1
4414,1,0,1
4415,1,0,1
4416,1,0,1
4417,1,0,1
4418,1,0,1
4419,1,0,1
4420,1,0,1
4421,1,0,1
4422,1,0,1
4423,1,0,1
4424,1,0,1
4425,1,0,1
4426,1,0,1
4427,1,0,1
4428,1,0,1
4429,1,0,1
4430,1,0,1
4431,1,0,1
4432,1,0,1
4433,1,0,1
4434,1,0,1
4435,1,0,1
4436,1,0,1
4437,1,0,1
4438,1,0,1
4439,1,0,1
4440,1,0,1
4441,1,0,1
4442,1,0,1
4443,1,0,1
4444,1,0,1
4445,1,0,1
4446,1,0,1
4447,1,0,1
4448,1,0,1
4449,1,0,1
4450,1,0,1
4451,1,0,1
4452,1,0,1
4453,1,0,1
4454,1,0,1
4455,1,0,1
4456,1,0,1
4457,1,0,1
4458,1,0,1
4459,1,0,1
4460,1,0,1
4461,1,0,1
4462,1,0,1
4463,1,0,1
4464,1,0,1
4465,1,0,1
4466,1,0,1
4467,1,0,1
4468,1,0,1
4469,1,0,1
4470,1,0,1
4471,1,0,1
4472,1,0,1
4473,1,0,1
4474,1,0,1
4475,1,0,1
4476,1,0,1
4477,1,0,1
4478,1,0,1
4479,1,0,1
4480,1,0,1
4481,1,0,1
4482,1,0,1
4483,1,0,1
4484,1,0,1
4485,1,0,1
4486,1,0,1
4487,1,0,1
4488,1,0,1
4489,1,0,1
4490,1,0,1
4491,1,0,1
4492,1,0,1
4493,1,0,1
4494,1,0,1
4495,1,0,1
4496,1,0,1
4497,1,0,1
4498,1,0,1
4499,1,0,1
4500,1,0,1
4501,1,0,1
4502,1,0,1
4503,1,0,1
4504,1,0,1
4505,1,0,1
4506,1,0,1
4507,1,0,1
4508,1,0,1
4509,1,0,1
4510,1,0,1
4511,1,0,1
4512,1,0,1
4513,1,0,1
4514,1,0,1
4515,1,0,1
4516,1,0,1
4517,1,0,1
4518,1,0,1
4519,1,0,1
4520,1,0,1
4521,1,0,1
4522,1,0,1
4523,1,0,1
4524,1,0,1
4525,1,0,1
4526,1,0,1
4527,1,0,1
4528,1,0,1
4529,1,0,1
4530,1,0,1
4531,1,0,1
4532,1,0,1
4533,1,0,1
4534,1,0,1
4535,1,0,1
4536,1,0,1
4537,1,0,1
4538,1,0,1
4539,1,0,1
4540,1,0,1
4541,1,0,1
4542,1,0,1
4543,1,0,1
4544,1,0,1
4545,1,0,1
4546,1,0,1
4547,1,0,1
4548,1,0,1
4549,2,0,2
4550,2,0,2
4551,2,0,2
4552,2,0,2
4553,2,0,2
4554,2,0,2
4555,2,0,2
4556,2,0,2
4557,2,0,2
4558,2,0,2
4559,2,0,2
4560,2,0,2
4561,2,0,2
4562,2,0,2
4563,2,0,2
4564,2,0,2
4565,2,0,2
4566,2,0,2
4567,2,0,2
4568,2,0,2
4569,2,0,2
4570,2,0,2
4571,2,0,2
4572,2,0,2
4573,2,0,2
4574,2,0,2
4575,2,0,2
4576,2,0,2
4577,2,0,2
4578,2,0,2
4579,2,0,2
4580,2,0,2
4581,2,0,2
4582,2,0,2
4583,2,0,2
4584,2,0,2
4585,2,0,2
4586,2,0,2
4587,2,0,2
4588,2,0,2
4589,2,0,2
4590,2,0,2
4591,2,0,2
4592,2,0,2
4593,2,0,2
4594,2,0,2
4595,2,0,2
4596,2,0,2
4597,2,0,2
4598,2,0,2
4599,2,0,2
4600,2,0,2
4601,2,0,2
4602,2,0,2
4603,2,0,2
4604,2,0,2
4605,2,0,2
4606,2,0,2
4607,2,0,2
4608,2,0,2
4609,2,0,2
4610,2,0,2
4611,2,0,2
4612,2,0,2
4613,2,0,2
4614,2,0,2
4615,2,0,2
4616,2,0,2
4617,2,0,2
4618,2,0,2
4619,2,0,2
4620,2,0,2
4621,2,0,2
4622,2,0,2
4623,2,0,2
4624,2,0,2
4625,2,0,2
4626,2,0,2
4627,2,0,2
4628,2,0,2
4629,2,0,2
4630,2,0,2
4631,2,0,2
4632,2,0,2
4633,2,0,2
4634,2,0,2
4635,2,0,2
4636,2,0,2
4637,2,0,2
4638,2,0,2
4639,2,0,2
4640,2,0,2
4641,2,0,2
4642,2,0,2
4643,2,0,2
4644,2,0,2
4645,2,0,2
4646,2,0,2
4647,2,0,2
4648,2,0,2
4649,2,0,2
4650,2,0,2
4651,2,0,2
4652,2,0,2
4653,2,0,2
4654,2,0,2
4655,2,0,2
4656,2,0,2
4657,2,0,2
4658,2,0,2
4659,2,0,2
4660,2,0,2
4661,2,0,2
4662,2,0,2
4663,2,0,2
4664,2,0,2
4665,2,0,2
4666,2,0,2
4667,2,0,2
4668,2,0,2
4669,2,0,2
4670,2,0,2
4671,2,0,2
4672,2,0,2
4673,2,0,2
4674,2,0,2
4675,2,0,2
4676,2,0,2
4677,2,0,2
4678,2,0,2
4679,2,0,2
4680,2,0,2
4681,2,0,2
4682,2,0,2
4683,2,0,2
4684,2,0,2
4685,2,0,2
4686,2,0,2
4687,1,0,1
4688,1,0,1
4689,1,0,1
4690,1,0,1
4691,1,0,1
4692,1,0,1
4693,1,0,1
4694,1,0,1
4695,1,0,1
4696,1,0,1
4697,1,0,1
4698,1,0,1
4699,1,0,1
4700,1,0,1
4701,1,0,1
4702,1,0,1
4703,1,0,1
4704,1,0,1
4705,1,0,1
4706,1,0,1
4707,1,0,1
4708,1,0,1
4709,1,0,1
4710,1,0,1
4711,1,0,1
4712,1,0,1
4713,1,0,1
4714,1,0,1
4715,1,0,1
4716,1,0,1
4717,1,0,1
4718,1,0,1
4719,1,0,1
4720,1,0,1
4721,1,0,1
4722,1,0,1
4723,1,0,1
4724,1,0,1
4725,1,0,1
4726,1,0,1
4727,1,0,1
4728,1,0,1
4729,1,0,1
4730,1,0,1
4731,1,0,1
4732,1,0,1
4733,1,0,1
4734,1,0,1
4735,1,0,1
4736,1,0,1
4737,1,0,1
4738,1,0,1
4739,1,0,1
4740,1,0,1
4741,1,0,1
4742,1,0,1
4743,1,0,1
4744,1,0,1
4745,1,0,1
4746,1,0,1
4747,1,0,1
4748,1,0,1
4749,1,0,1
4750,1,0,1
4751,1,0,1
4752,1,0,1
4753,1,0,1
4754,1,0,1
4755,1,0,1
4756,1,0,1
4757,1,0,1
4758,1,0,1
4759,1,0,1
4760,1,0,1
4761,1,0,1
4762,1,0,1
4763,1,0,1
4764,1,0,1
4765,1,0,1
4766,1,0,1
4767,1,0,1
4768,1,0,1
4769,1,0,1
4770,1,0,1
4771,1,0,1
4772,1,0,1
4773,1,0,1
4774,1,0,1
4775,1,0,1
4776,1,0,1
4777,1,0,1
4778,1,0,1
4779,1,0,1
4780,1,0,1
4781,1,0,1
4782,1,0,1
4783,1,0,1
4784,1,0,1
4785,1,0,1
4786,1,0,1
4787,1,0,1
4788,1,0,1
4789,1,0,1
4790,1,0,1
4791,1,0,1
4792,1,0,1
4793,1,0,1
4794,1,0,1
4795,1,0,1
4796,1,0,1
4797,1,0,1
4798,1,0,1
4799,1,0,1
4800,1,0,1
4801,1,0,1
4802,1,0,1
4803,1,0,1
4804,1,0,1
4805,1,0,1
4806,1,0,1
4807,1,0,1
4808,1,0,1
4809,1,0,1
4810,1,0,1
4811,1,0,1
4812,1,0,1
4813,1,0,1
4814,1,0,1
4815,1,0,1
4816,1,0,1
4817,1,0,1
4818,1,0,1
4819,1,0,1
4820,1,0,1
4821,1,0,1
4822,1,0,1
4823,1,0,1
4824,1,0,1
4825,1,0,1
4826,1,0,1
4827,1,0,1
4828,1,0,1
4829,1,0,1
4830,1,0,1
4831,1,0,1
4832,1,0,1
4833,1,0,1
4834,1,0,1
4835,1,0,1
4836,1,0,1
4837,1,0,1
4838,1,0,1
4839,1,0,1
4840,1,0,1
4841,1,0,1
4842,1,0,1
4843,1,0,1
4844,1,0,1
4845,1,0,1
4846,1,0,1
4847,1,0,1
4848,1,0,1
4849,1,0,1
4850,1,0,1
4851,1,0,1
4852,1,0,1
4853,1,0,1
4854,1,0,1
4855,1,0,1
4856,1,0,1
4857,1,0,1
4858,1,0,1
4859,1,0,1
4860,1,0,1
4861,1,0,1
4862,1,0,1
4863,1,0,1
4864,1,0,1
4865,1,0,1
4866,1,0,1
4867,1,0,1
4868,1,0,1
4869,1,0,1
4870,1,0,1
4871,1,0,1
4872,1,0,1
4873,1,0,1
4874,1,0,1
4875,1,0,1
4876,1,0,1
4877,1,0,1
4878,1,0,1
4879,1,0,1
4880,1,0,1
4881,1,0,1
4882,1,0,1
4883,1,0,1
4884,1,0,1
4885,1,0,1
4886,1,0,1
4887,1,0,1
4888,1,0,1
4889,1,0,1
4890,1,0,1
4891,1,0,1
4892,1,0,1
4893,1,0,1
4894,1,0,1
4895,1,0,1
4896,1,0,1
4897,1,0,1
4898,1,0,1
4899,1,0,1
4900,1,0,1
4901,1,0,1
4902,1,0,1
4903,1,0,1
4904,1,0,1
4905,1,0,1
4906,1,0,1
4907,1,0,1
4908,1,0,1
4909,1,0,1
4910,1,0,1
4911,1,0,1
4912,1,0,1
4913,1,0,1
4914,1,0,1
4915,1,0,1
4916,1,0,1
4917,1,0,1
4918,1,0,1
4919,1,0,1
4920,1,0,1
4921,1,0,1
4922,1,0,1
4923,1,0,1
4924,1,0,1
4925,1,0,1
4926,1,0,1
4927,1,0,1
4928,1,0,1
4929,1,0,1
4930,1,0,1
4931,1,0,1
4932,1,0,1
4933,1,0,1
4934,1,0,1
4935,1,0,1
4936,1,0,1
4937,1,0,1
4938,1,0,1
4939,1,0,1
4940,1,0,1
4941,1,0,1
4942,1,0,1
4943,1,0,1
4944,1,0,1
4945,1,0,1
4946,1,0,1
4947,1,0,1
4948,1,0,1
4949,1,0,1
4950,1,0,1
4951,1,0,1
4952,1,0,1
4953,1,0,1
4954,1,0,1
4955,1,0,1
4956,1,0,1
4957,1,0,1
4958,1,0,1
4959,1,0,1
4960,1,0,1
4961,1,0,1
4962,1,0,1
4963,1,0,1
4964,1,0,1
4965,1,0,1
4966,1,0,1
4967,1,0,1
4968,1,0,1
4969,1,0,1
4970,1,0,1
4971,1,0,1
4972,1,0,1
4973,1,0,1
4974,1,0,1
4975,1,0,1
4976,1,0,1
4977,1,0,1
4978,1,0,1
4979,1,0,1
4980,1,0,1
4981,1,0,1
4982,1,0,1
4983,1,0,1
4984,1,0,1
4985,1,0,1
4986,1,0,1
4987,1,0,1
4988,1,0,1
4989,1,0,1
4990,1,0,1
4991,1,0,1
4992,1,0,1
4993,1,0,1
4994,1,0,1
4995,1,0,1
4996,1,0,1
4997,1,0,1
4998,1,0,1
4999,1,0,1
5000,1,0,1
5001,1,0,1
5002,1,0,1
5003,1,0,1
5004,1,0,1
5005,1,0,1
5006,1,0,1
5007,1,0,1
5008,1,0,1
5009,1,0,1
5010,1,0,1
5011,1,0,1
5012,1,0,1
5013,1,0,1
5014,1,0,1
5015,1,0,1
5016,2,0,2
5017,2,0,2
5018,2,0,2
5019,2,0,2
5020,2,0,2
5021,2,0,2
5022,2,0,2
5023,2,0,2
5024,2,0,2
5025,2,0,2
5026,2,0,2
5027,2,0,2
5028,2,0,2
5029,2,0,2
5030,2,0,2
5031,2,0,2
5032,2,0,2
5033,2,0,2
5034,2,0,2
5035,2,0,2
5036,2,0,2
5037,2,0,2
5038,2,0,2
5039,2,0,2
5040,2,0,2
5041,2,0,2
5042,2,0,2
5043,2,0,2
5044,2,0,2
5045,2,0,2
5046,2,0,2
5047,2,0,2
5048,2,0,2
5049,2,0,2
5050,2,0,2
5051,2,0,2
5052,2,0,2
5053,2,0,2
5054,1,0,1
5055,1,0,1
5056,1,0,1
5057,1,0,1
5058,1,0,1
5059,1,0,1
5060,1,0,1
5061,1,0,1
5062,1,0,1
5063,1,0,1
5064,1,0,1
5065,1,0,1
5066,2,0,2
5067,2,0,2
5068,2,0,2
5069,2,0,2
5070,2,0,2
5071,2,0,2
5072,2,0,2
5073,2,0,2
5074,2,0,2
5075,2,0,2
5076,2,0,2
5077,2,0,2
5078,2,0,2
5079,2,0,2
5080,2,0,2
5081,2,0,2
5082,2,0,2
5083,2,0,2
5084,2,0,2
5085,2,0,2
5086,2,0,2
5087,2,0,2
5088,2,0,2
5089,2,0,2
5090,2,0,2
5091,2,0,2
5092,2,0,2
5093,2,0,2
5094,2,0,2
5095,2,0,2
5096,2,0,2
5097,2,0,2
5098,2,0,2
5099,2,0,2
5100,2,0,2
5101,2,0,2
5102,2,0,2
5103,2,0,2
5104,2,0,2
5105,2,0,2
5106,2,0,2
5107,2,0,2
5108,2,0,2
5109,2,0,2
5110,2,0,2
5111,2,0,2
5112,2,0,2
5113,2,0,2
5114,2,0,2
5115,2,0,2
5116,2,0,2
5117,2,0,2
5118,2,0,2
5119,2,0,2
5120,2,0,2
5121,2,0,2
5122,2,0,2
5123,2,0,2
5124,2,0,2
5125,2,0,2
5126,2,0,2
5127,2,0,2
5128,2,0,2
5129,2,0,2
5130,2,0,2
5131,2,0,2
5132,2,0,2
5133,2,0,2
5134,2,0,2
5135,2,0,2
5136,2,0,2
5137,2,0,2
5138,2,0,2
5139,2,0,2
5140,2,0,2
5141,2,0,2
5142,2,0,2
5143,2,0,2
5144,1,0,1
5145,1,0,1
5146,1,0,1
5147,1,0,1
5148,1,0,1
5149,1,0,1
5150,1,0,1
5151,1,0,1
5152,1,0,1
5153,1,0,1
5154,1,0,1
5155,1,0,1
5156,1,0,1
5157,1,0,1
5158,1,0,1
5159,1,0,1
5160,1,0,1
5161,1,0,1
5162,1,0,1
5163,1,0,1
5164,1,0,1
5165,1,0,1
5166,1,0,1
5167,1,0,1
5168,1,0,1
5169,1,0,1
5170,1,0,1
5171,1,0,1
5172,1,0,1
5173,1,0,1
5174,1,0,1
5175,1,0,1
5176,1,0,1
5177,1,0,1
5178,1,0,1
5179,1,0,1
5180,1,0,1
5181,1,0,1
5182,1,0,1
5183,1,0,1
5184,1,0,1
5185,1,0,1
5186,1,0,1
5187,1,0,1
5188,1,0,1
5189,1,0,1
5190,1,0,1
5191,1,0,1
5192,1,0,1
5193,1,0,1
5194,1,0,1
5195,1,0,1
5196,1,0,1
5197,1,0,1
5198,1,0,1
5199,1,0,1
5200,1,0,1
5201,1,0,1
5202,1,0,1
5203,1,0,1
5204,1,0,1
5205,1,0,1
5206,1,0,1
5207,1,0,1
5208,1,0,1
5209,1,0,1
5210,1,0,1
5211,1,0,1
5212,1,0,1
5213,1,0,1
5214,1,0,1
5215,1,0,1
5216,1,0,1
5217,1,0,1
5218,1,0,1
5219,1,0,1
5220,1,0,1
5221,1,0,1
5222,1,0,1
5223,1,0,1
5224,1,0,1
5225,1,0,1
5226,1,0,1
5227,1,0,1
5228,1,0,1
5229,1,0,1
5230,1,0,1
5231,1,0,1
5232,1,0,1
5233,1,0,1
5234,1,0,1
5235,1,0,1
5236,1,0,1
5237,1,0,1
5238,1,0,1
5239,1,0,1
5240,1,0,1
5241,1,0,1
5242,1,0,1
5243,1,0,1
5244,1,0,1
5245,1,0,1
5246,1,0,1
5247,1,0,1
5248,1,0,1
5249,1,0,1
5250,1,0,1
5251,1,0,1
5252,1,0,1
5253,1,0,1
5254,1,0,1
5255,1,0,1
5256,1,0,1
5257,1,0,1
5258,1,0,1
5259,1,0,1
5260,1,0,1
5261,1,0,1
5262,1,0,1
5263,1,0,1
5264,1,0,1
5265,1,0,1
5266,1,0,1
5267,1,0,1
5268,1,0,1
5269,1,0,1
5270,1,0,1
5271,1,0,1
5272,1,0,1
5273,1,0,1
5274,1,0,1
5275,1,0,1
5276,1,0,1
5277,1,0,1
5278,1,0,1
5279,1,0,1
5280,1,0,1
5281,1,0,1
5282,1,0,1
5283,1,0,1
5284,1,0,1
5285,1,0,1
5286,1,0,1
5287,1,0,1
5288,1,0,1
5289,1,0,1
5290,1,0,1
5291,1,0,1
5292,1,0,1
5293,1,0,1
5294,1,0,1
5295,1,0,1
5296,1,0,1
5297,1,0,1
5298,1,0,1
5299,1,0,1
5300,1,0,1
5301,1,0,1
5302,1,0,1
5303,1,0,1
5304,1,0,1
5305,1,0,1
5306,1,0,1
5307,1,0,1
5308,1,0,1
5309,1,0,1
5310,1,0,1
5311,1,0,1
5312,1,0,1
5313,1,0,1
5314,1,0,1
5315,1,0,1
5316,1,0,1
5317,1,0,1
5318,1,0,1
5319,1,0,1
5320,1,0,1
5321,1,0,1
5322,1,0,1
5323,1,0,1
5324,1,0,1
5325,1,0,1
5326,1,0,1
5327,1,0,1
5328,1,0,1
5329,1,0,1
5330,1,0,1
5331,1,0,1
5332,1,0,1
5333,1,0,1
5334,1,0,1
5335,1,0,1
5336,1,0,1
5337,1,0,1
5338,1,0,1
5339,1,0,1
5340,1,0,1
5341,1,0,1
5342,1,0,1
5343,1,0,1
5344,1,0,1
5345,1,0,1
5346,1,0,1
5347,1,0,1
5348,1,0,1
5349,1,0,1
5350,1,0,1
5351,1,0,1
5352,1,0,1
5353,1,0,1
5354,1,0,1
5355,1,0,1
5356,1,0,1
5357,1,0,1
5358,1,0,1
5359,1,0,1
5360,1,0,1
5361,1,0,1
5362,1,0,1
5363,1,0,1
5364,1,0,1
5365,1,0,1
5366,1,0,1
5367,1,0,1
5368,1,0,1
5369,1,0,1
5370,1,0,1
5371,1,0,1
5372,1,0,1
5373,1,0,1
5374,1,0,1
5375,1,0,1
5376,1,0,1
5377,1,0,1
5378,1,0,1
5379,1,0,1
5380,1,0,1
5381,1,0,1
5382,1,0,1
5383,1,0,1
5384,1,0,1
5385,1,0,1
5386,1,0,1
5387,1,0,1
5388,1,0,1
5389,1,0,1
5390,1,0,1
5391,1,0,1
5392,1,0,1
5393,1,0,1
5394,2,0,2
5395,2,0,2
5396,2,0,2
5397,2,0,2
5398,2,0,2
5399,2,0,2
5400,2,0,2
5401,2,0,2
5402,2,0,2
5403,2,0,2
5404,2,0,2
5405,2,0,2
5406,2,0,2
5407,2,0,2
5408,2,0,2
5409,2,0,2
5410,2,0,2
5411,2,0,2
5412,2,0,2
5413,2,0,2
5414,2,0,2
5415,2,0,2
5416,2,0,2
5417,2,0,2
5418,2,0,2
5419,2,0,2
5420,2,0,2
5421,2,0,2
5422,2,0,2
5423,2,0,2
5424,2,0,2
5425,2,0,2
5426,2,0,2
5427,2,0,2
5428,2,0,2
5429,2,0,2
5430,2,0,2
5431,2,0,2
5432,2,0,2
5433,2,0,2
5434,2,0,2
5435,2,0,2
5436,2,0,2
5437,2,0,2
5438,2,0,2
5439,2,0,2
5440,2,0,2
5441,2,0,2
5442,2,0,2
5443,2,0,2
5444,2,0,2
5445,2,0,2
5446,2,0,2
5447,2,0,2
5448,2,0,2
5449,2,0,2
5450,2,0,2
5451,2,0,2
5452,2,0,2
5453,2,0,2
5454,2,0,2
5455,2,0,2
5456,2,0,2
5457,2,0,2
5458,2,0,2
5459,2,0,2
5460,2,0,2
5461,2,0,2
5462,2,0,2
5463,2,0,2
5464,2,0,2
5465,2,0,2
5466,2,0,2
5467,2,0,2
5468,2,0,2
5469,2,0,2
5470,2,0,2
5471,2,0,2
5472,2,0,2
5473,2,0,2
5474,2,0,2
5475,2,0,2
5476,2,0,2
5477,2,0,2
5478,2,0,2
5479,2,0,2
5480,2,0,2
5481,2,0,2
5482,2,0,2
5483,2,0,2
5484,2,0,2
5485,2,0,2
5486,2,0,2
5487,2,0,2
5488,2,0,2
5489,2,0,2
5490,2,0,2
5491,2,0,2
5492,2,0,2
5493,2,0,2
5494,2,0,2
5495,2,0,2
5496,2,0,2
5497,2,0,2
5498,2,0,2
5499,2,0,2
5500,2,0,2
5501,2,0,2
5502,2,0,2
5503,2,0,2
5504,2,0,2
5505,2,0,2
5506,2,0,2
5507,2,0,2
5508,2,0,2
5509,2,0,2
5510,2,0,2
5511,2,0,2
5512,2,0,2
5513,2,0,2
5514,2,0,2
5515,2,0,2
5516,2,0,2
5517,2,0,2
5518,2,0,2
5519,2,0,2
5520,2,0,2
5521,2,0,2
5522,2,0,2
5523,2,0,2
5524,2,0,2
5525,2,0,2
5526,2,0,2
5527,2,0,2
5528,2,0,2
5529,2,0,2
5530,2,0,2
5531,2,0,2
5532,2,0,2
5533,2,0,2
5534,2,0,2
5535,2,0,2
5536,2,0,2
5537,2,0,2
5538,2,0,2
5539,2,0,2
5540,2,0,2
5541,2,0,2
5542,2,0,2
5543,2,0,2
5544,2,0,2
5545,2,0,2
5546,2,0,2
5547,2,0,2
5548,2,0,2
5549,2,0,2
5550,2,0,2
5551,2,0,2
5552,2,0,2
5553,2,0,2
5554,2,0,2
5555,2,0,2
5556,2,0,2
5557,2,0,2
5558,2,0,2
5559,2,0,2
5560,2,0,2
5561,2,0,2
5562,2,0,2
5563,2,0,2
5564,2,0,2
5565,2,0,2
5566,2,0,2
5567,2,0,2
5568,2,0,2
5569,2,0,2
5570,2,0,2
5571,2,0,2
5572,2,0,2
5573,2,0,2
5574,2,0,2
5575,2,0,2
5576,2,0,2
5577,2,0,2
5578,2,0,2
5579,2,0,2
5580,2,0,2
5581,2,0,2
5582,2,0,2
5583,2,0,2
5584,2,0,2
5585,2,0,2
5586,2,0,2
5587,2,0,2
5588,2,0,2
5589,2,0,2
5590,2,0,2
5591,2,0,2
5592,2,0,2
5593,2,0,2
5594,2,0,2
5595,2,0,2
5596,2,0,2
5597,2,0,2
5598,2,0,2
5599,2,0,2
5600,2,0,2
5601,2,0,2
5602,2,0,2
5603,2,0,2
5604,2,0,2
5605,2,0,2
5606,2,0,2
5607,2,0,2
5608,2,0,2
5609,2,0,2
5610,2,0,2
5611,2,0,2
5612,2,0,2
5613,2,0,2
5614,2,0,2
5615,2,0,2
5616,2,0,2
5617,2,0,2
5618,2,0,2
5619,2,0,2
5620,2,0,2
5621,2,0,2
5622,2,0,2
5623,2,0,2
5624,2,0,2
5625,2,0,2
5626,2,0,2
5627,2,0,2
5628,2,0,2
5629,2,0,2
5630,2,0,2
5631,2,0,2
5632,2,0,2
5633,2,0,2
5634,2,0,2
5635,2,0,2
5636,2,0,2
5637,2,0,2
5638,2,0,2
5639,2,0,2
5640,2,0,2
5641,2,0,2
5642,2,0,2
5643,2,0,2
5644,2,0,2
5645,2,0,2
5646,2,0,2
5647,2,0,2
5648,2,0,2
5649,2,0,2
5650,2,0,2
5651,2,0,2
5652,2,0,2
5653,2,0,2
5654,2,0,2
5655,2,0,2
5656,2,0,2
5657,2,0,2
5658,2,0,2
5659,2,0,2
5660,2,0,2
5661,2,0,2
5662,2,0,2
5663,2,0,2
5664,2,0,2
5665,2,0,2
5666,2,0,2
5667,2,0,2
5668,2,0,2
5669,2,0,2
5670,2,0,2
5671,2,0,2
5672,2,0,2
5673,2,0,2
5674,2,0,2
5675,2,0,2
5676,2,0,2
5677,2,0,2
5678,2,0,2
5679,2,0,2
5680,2,0,2
5681,2,0,2
5682,2,0,2
5683,2,0,2
5684,2,0,2
5685,2,0,2
5686,2,0,2
5687,2,0,2
5688,2,0,2
5689,2,0,2
5690,2,0,2
5691,2,0,2
5692,2,0,2
5693,2,0,2
5694,2,0,2
5695,2,0,2
5696,2,0,2
5697,2,0,2
5698,2,0,2
5699,2,0,2
5700,2,0,2
5701,2,0,2
5702,2,0,2
5703,2,0,2
5704,2,0,2
5705,2,0,2
5706,2,0,2
5707,2,0,2
5708,2,0,2
5709,2,0,2
5710,2,0,2
5711,2,0,2
5712,2,0,2
5713,2,0,2
5714,2,0,2
5715,2,0,2
5716,3,0,3
5717,3,0,3
5718,3,0,3
5719,3,0,3
5720,3,0,3
5721,3,0,3
5722,3,0,3
5723,3,0,3
5724,3,0,3
5725,3,0,3
5726,3,0,3
5727,3,0,3
5728,3,0,3
5729,3,0,3
5730,3,0,3
5731,3,0,3
5732,3,0,3
5733,3,0,3
5734,3,0,3
5735,3,0,3
5736,3,0,3
5737,3,0,3
5738,3,0,3
5739,3,0,3
5740,3,0,3
5741,3,0,3
5742,3,0,3
5743,3,0,3
5744,3,0,3
5745,3,0,3
5746,3,0,3
5747,3,0,3
5748,3,0,3
5749,3,0,3
5750,4,0,4
5751,4,0,4
5752,4,0,4
5753,4,0,4
5754,4,0,4
5755,4,0,4
5756,4,0,4
5757,4,0,4
5758,3,0,3
5759,3,0,3
5760,3,0,3
5761,3,0,3
5762,3,0,3
5763,3,0,3
5764,3,0,3
5765,3,0,3
5766,3,0,3
5767,3,0,3
5768,3,0,3
5769,3,0,3
5770,3,0,3
5771,3,0,3
5772,3,0,3
5773,3,0,3
5774,3,0,3
5775,3,0,3
5776,2,0,2
5777,2,0,2
5778,2,0,2
5779,2,0,2
5780,2,0,2
5781,3,0,3
5782,3,0,3
5783,3,0,3
5784,3,0,3
5785,3,0,3
5786,3,0,3
5787,3,0,3
5788,3,0,3
5789,3,0,3
5790,3,0,3
5791,3,0,3
5792,3,0,3
5793,3,0,3
5794,3,0,3
5795,3,0,3
5796,2,0,2
5797,2,0,2
5798,2,0,2
5799,2,0,2
5800,3,0,3
5801,3,0,3
5802,3,0,3
5803,3,0,3
5804,3,0,3
5805,3,0,3
5806,3,0,3
5807,3,0,3
5808,3,0,3
5809,3,0,3
5810,3,0,3
5811,3,0,3
5812,3,0,3
5813,3,0,3
5814,3,0,3
5815,3,0,3
5816,3,0,3
5817,3,0,3
5818,3,0,3
5819,3,0,3
5820,3,0,3
5821,3,0,3
5822,3,0,3
5823,3,0,3
5824,3,0,3
5825,3,0,3
5826,3,0,3
5827,3,0,3
5828,3,0,3
5829,3,0,3
5830,3,0,3
5831,3,0,3
5832,3,0,3
5833,3,0,3
5834,3,0,3
5835,3,0,3
5836,2,0,2
5837,2,0,2
5838,2,0,2
5839,2,0,2
5840,2,0,2
5841,2,0,2
5842,2,0,2
5843,2,0,2
5844,2,0,2
5845,2,0,2
5846,2,0,2
5847,2,0,2
5848,2,0,2
5849,2,0,2
5850,2,0,2
5851,2,0,2
5852,2,0,2
5853,2,0,2
5854,2,0,2
5855,2,0,2
5856,2,0,2
5857,2,0,2
5858,2,0,2
5859,1,0,1
5860,1,0,1
5861,1,0,1
5862,1,0,1
5863,1,0,1
5864,1,0,1
5865,1,0,1
5866,1,0,1
5867,1,0,1
5868,1,0,1
5869,1,0,1
5870,1,0,1
5871,1,0,1
5872,1,0,1
5873,1,0,1
5874,1,0,1
5875,1,0,1
5876,1,0,1
5877,1,0,1
5878,1,0,1
5879,1,0,1
5880,1,0,1
5881,1,0,1
5882,1,0,1
5883,1,0,1
5884,1,0,1
5885,1,0,1
5886,1,0,1
5887,1,0,1
5888,2,0,2
5889,2,0,2
5890,2,0,2
5891,2,0,2
5892,2,0,2
5893,2,0,2
5894,2,0,2
5895,2,0,2
5896,2,0,2
5897,2,0,2
5898,2,0,2
5899,2,0,2
5900,2,0,2
5901,2,0,2
5902,2,0,2
5903,2,0,2
5904,2,0,2
5905,2,0,2
5906,2,0,2
5907,2,0,2
5908,2,0,2
5909,2,0,2
5910,2,0,2
5911,2,0,2
5912,2,0,2
5913,2,0,2
5914,2,0,2
5915,2,0,2
5916,2,0,2
5917,2,0,2
5918,2,0,2
5919,2,0,2
5920,2,0,2
5921,2,0,2
5922,2,0,2
5923,2,0,2
5924,1,0,1
5925,1,0,1
5926,1,0,1
5927,1,0,1
5928,1,0,1
5929,1,0,1
5930,1,0,1
5931,1,0,1
5932,1,0,1
5933,1,0,1
5934,1,0,1
5935,1,0,1
5936,1,0,1
5937,1,0,1
5938,1,0,1
5939,1,0,1
5940,1,0,1
5941,1,0,1
5942,1,0,1
5943,1,0,1
5944,1,0,1
5945,1,0,1
5946,1,0,1
5947,1,0,1
5948,1,0,1
5949,1,0,1
5950,1,0,1
5951,1,0,1
5952,1,0,1
5953,1,0,1
5954,1,0,1
5955,1,0,1
5956,1,0,1
5957,1,0,1
5958,1,0,1
5959,1,0,1
5960,1,0,1
5961,1,0,1
5962,1,0,1
5963,1,0,1
5964,1,0,1
5965,1,0,1
5966,1,0,1
5967,1,0,1
5968,1,0,1
5969,1,0,1
5970,1,0,1
5971,1,0,1
5972,1,0,1
5973,1,0,1
5974,1,0,1
5975,1,0,1
5976,1,0,1
5977,1,0,1
5978,1,0,1
5979,1,0,1
5980,1,0,1
5981,1,0,1
5982,1,0,1
5983,1,0,1
5984,1,0,1
5985,1,0,1
5986,1,0,1
5987,1,0,1
5988,1,0,1
5989,1,0,1
5990,1,0,1
5991,1,0,1
5992,2,0,2
5993,2,0,2
5994,2,0,2
5995,2,0,2
5996,2,0,2
5997,2,0,2
5998,2,0,2
5999,2,0,2
6000,2,0,2
6001,2,0,2
6002,2,0,2
6003,2,0,2
6004,2,0,2
6005,2,0,2
6006,2,0,2
6007,2,0,2
6008,2,0,2
6009,2,0,2
6010,2,0,2
6011,2,0,2
6012,2,0,2
6013,2,0,2
6014,2,0,2
6015,2,0,2
6016,2,0,2
6017,3,0,3
6018,3,0,3
6019,3,0,3
6020,3,0,3
6021,3,0,3
6022,3,0,3
6023,3,0,3
6024,3,0,3
6025,3,0,3
6026,3,0,3
6027,3,0,3
6028,3,0,3
6029,3,0,3
6030,3,0,3
6031,3,0,3
6032,3,0,3
6033,3,0,3
6034,3,0,3
6035,3,0,3
6036,3,0,3
6037,3,0,3
6038,3,0,3
6039,3,0,3
6040,3,0,3
6041,3,0,3
6042,3,0,3
6043,3,0,3
6044,3,0,3
6045,3,0,3
6046,3,0,3
6047,3,0,3
6048,3,0,3
6049,3,0,3
6050,3,0,3
6051,3,0,3
6052,3,0,3
6053,3,0,3
6054,3,0,3
6055,3,0,3
6056,3,0,3
6057,3,0,3
6058,3,0,3
6059,3,0,3
6060,3,0,3
6061,3,0,3
6062,3,0,3
6063,3,0,3
6064,3,0,3
6065,3,0,3
6066,3,0,3
6067,3,0,3
6068,3,0,3
6069,3,0,3
6070,3,0,3
6071,3,0,3
6072,3,0,3
6073,3,0,3
6074,3,0,3
6075,3,0,3
6076,3,0,3
6077,3,0,3
6078,3,0,3
6079,3,0,3
6080,3,0,3
6081,3,0,3
6082,3,0,3
6083,3,0,3
6084,3,0,3
6085,3,0,3
6086,3,0,3
6087,3,0,3
6088,3,0,3
6089,3,0,3
6090,3,0,3
6091,3,0,3
6092,3,0,3
6093,3,0,3
6094,3,0,3
6095,3,0,3
6096,3,0,3
6097,3,0,3
6098,3,0,3
6099,3,0,3
6100,3,0,3
6101,3,0,3
6102,3,0,3
6103,3,0,3
6104,3,0,3
6105,3,0,3
6106,3,0,3
6107,3,0,3
6108,3,0,3
6109,3,0,3
6110,2,0,2
6111,2,0,2
6112,2,0,2
6113,2,0,2
6114,2,0,2
6115,2,0,2
6116,2,0,2
6117,2,0,2
6118,2,0,2
6119,2,0,2
6120,2,0,2
6121,2,0,2
6122,2,0,2
6123,2,0,2
6124,2,0,2
6125,3,0,3
6126,3,0,3
6127,3,0,3
6128,2,0,2
6129,2,0,2
6130,2,0,2
6131,2,0,2
6132,2,0,2
6133,2,0,2
6134,2,0,2
6135,2,0,2
6136,2,0,2
6137,2,0,2
6138,2,0,2
6139,2,0,2
6140,2,0,2
6141,2,0,2
6142,2,0,2
6143,2,0,2
6144,2,0,2
6145,2,0,2
6146,2,0,2
6147,2,0,2
6148,2,0,2
6149,2,0,2
6150,2,0,2
6151,2,0,2
6152,2,0,2
6153,2,0,2
6154,2,0,2
6155,2,0,2
6156,2,0,2
6157,2,0,2
6158,2,0,2
6159,2,0,2
6160,2,0,2
6161,2,0,2
6162,2,0,2
6163,2,0,2
6164,2,0,2
6165,2,0,2
6166,2,0,2
6167,2,0,2
6168,2,0,2
6169,2,0,2
6170,2,0,2
6171,2,0,2
6172,2,0,2
6173,2,0,2
6174,2,0,2
6175,2,0,2
6176,2,0,2
6177,2,0,2
6178,2,0,2
6179,2,0,2
6180,2,0,2
6181,2,0,2
6182,2,0,2
6183,2,0,2
6184,2,0,2
6185,2,0,2
6186,2,0,2
6187,2,0,2
6188,2,0,2
6189,2,0,2
6190,2,0,2
6191,2,0,2
6192,2,0,2
6193,2,0,2
6194,2,0,2
6195,2,0,2
6196,2,0,2
6197,2,0,2
6198,2,0,2
6199,2,0,2
6200,2,0,2
6201,2,0,2
6202,2,0,2
6203,2,0,2
6204,2,0,2
6205,2,0,2
6206,2,0,2
6207,2,0,2
6208,2,0,2
6209,2,0,2
6210,2,0,2
6211,2,0,2
6212,2,0,2
6213,2,0,2
6214,2,0,2
6215,2,0,2
6216,2,0,2
6217,2,0,2
6218,2,0,2
6219,2,0,2
6220,2,0,2
6221,2,0,2
6222,2,0,2
6223,2,0,2
6224,2,0,2
6225,2,0,2
6226,2,0,2
6227,2,0,2
6228,2,0,2
6229,2,0,2
6230,2,0,2
6231,2,0,2
6232,2,0,2
6233,2,0,2
6234,2,0,2
6235,2,0,2
6236,2,0,2
6237,2,0,2
6238,2,0,2
6239,2,0,2
6240,2,0,2
6241,2,0,2
6242,2,0,2
6243,2,0,2
6244,2,0,2
6245,2,0,2
6246,2,0,2
6247,2,0,2
6248,2,0,2
6249,2,0,2
6250,2,0,2
6251,2,0,2
6252,2,0,2
6253,2,0,2
6254,2,0,2
6255,2,0,2
6256,2,0,2
6257,2,0,2
6258,2,0,2
6259,2,0,2
6260,2,0,2
6261,2,0,2
6262,2,0,2
6263,2,0,2
6264,2,0,2
6265,2,0,2
6266,2,0,2
6267,2,0,2
6268,2,0,2
6269,2,0,2
6270,2,0,2
6271,2,0,2
6272,2,0,2
6273,2,0,2
6274,2,0,2
6275,2,0,2
6276,2,0,2
6277,2,0,2
6278,2,0,2
6279,2,0,2
6280,2,0,2
6281,2,0,2
6282,2,0,2
6283,2,0,2
6284,2,0,2
6285,2,0,2
6286,2,0,2
6287,2,0,2
6288,2,0,2
6289,2,0,2
6290,2,0,2
6291,2,0,2
6292,2,0,2
6293,2,0,2
6294,2,0,2
6295,2,0,2
6296,3,0,3
6297,3,0,3
6298,3,0,3
6299,3,0,3
6300,3,0,3
6301,3,0,3
6302,3,0,3
6303,3,0,3
6304,3,0,3
6305,3,0,3
6306,3,0,3
6307,3,0,3
6308,3,0,3
6309,3,0,3
6310,3,0,3
6311,3,0,3
6312,3,0,3
6313,3,0,3
6314,3,0,3
6315,3,0,3
6316,3,0,3
6317,3,0,3
6318,3,0,3
6319,3,0,3
6320,3,0,3
6321,3,0,3
6322,3,0,3
6323,3,0,3
6324,3,0,3
6325,3,0,3
6326,3,0,3
6327,3,0,3
6328,3,0,3
6329,3,0,3
6330,3,0,3
6331,3,0,3
6332,3,0,3
6333,3,0,3
6334,3,0,3
6335,3,0,3
6336,3,0,3
6337,3,0,3
6338,3,0,3
6339,3,0,3
6340,3,0,3
6341,3,0,3
6342,3,0,3
6343,3,0,3
6344,3,0,3
6345,3,0,3
6346,3,0,3
6347,3,0,3
6348,3,0,3
6349,3,0,3
6350,3,0,3
6351,3,0,3
6352,3,0,3
6353,3,0,3
6354,3,0,3
6355,3,0,3
6356,3,0,3
6357,3,0,3
6358,3,0,3
6359,3,0,3
6360,3,0,3
6361,3,0,3
6362,2,0,2
6363,2,0,2
6364,2,0,2
6365,2,0,2
6366,2,0,2
6367,2,0,2
6368,2,0,2
6369,2,0,2
6370,2,0,2
6371,2,0,2
6372,2,0,2
6373,2,0,2
6374,2,0,2
6375,2,0,2
6376,2,0,2
6377,2,0,2
6378,2,0,2
6379,2,0,2
6380,2,0,2
6381,2,0,2
6382,2,0,2
6383,2,0,2
6384,3,0,3
6385,3,0,3
6386,3,0,3
6387,3,0,3
6388,3,0,3
6389,3,0,3
6390,3,0,3
6391,3,0,3
6392,3,0,3
6393,3,0,3
6394,3,0,3
6395,3,0,3
6396,3,0,3
6397,3,0,3
6398,3,0,3
6399,3,0,3
6400,3,0,3
6401,3,0,3
6402,3,0,3
6403,3,0,3
6404,3,0,3
6405,3,0,3
6406,3,0,3
6407,3,0,3
6408,3,0,3
6409,3,0,3
6410,3,0,3
6411,3,0,3
6412,3,0,3
6413,3,0,3
6414,3,0,3
6415,3,0,3
6416,3,0,3
6417,3,0,3
6418,3,0,3
6419,3,0,3
6420,3,0,3
6421,3,0,3
6422,3,0,3
6423,3,0,3
6424,3,0,3
6425,3,0,3
6426,3,0,3
6427,3,0,3
6428,3,0,3
6429,3,0,3
6430,3,0,3
6431,3,0,3
6432,3,0,3
6433,3,0,3
6434,3,0,3
6435,3,0,3
6436,3,0,3
6437,3,0,3
6438,3,0,3
6439,3,0,3
6440,3,0,3
6441,3,0,3
6442,3,0,3
6443,3,0,3
6444,3,0,3
6445,3,0,3
6446,3,0,3
6447,3,0,3
6448,3,0,3
6449,3,0,3
6450,3,0,3
6451,3,0,3
6452,3,0,3
6453,3,0,3
6454,3,0,3
6455,3,0,3
6456,3,0,3
6457,3,0,3
6458,3,0,3
6459,3,0,3
6460,3,0,3
6461,3,0,3
6462,3,0,3
6463,3,0,3
6464,3,0,3
6465,3,0,3
6466,3,0,3
6467,3,0,3
6468,3,0,3
6469,3,0,3
6470,3,0,3
6471,3,0,3
6472,3,0,3
6473,3,0,3
6474,3,0,3
6475,3,0,3
6476,3,0,3
6477,3,0,3
6478,3,0,3
6479,3,0,3
6480,3,0,3
6481,3,0,3
6482,3,0,3
6483,3,0,3
6484,3,0,3
6485,3,0,3
6486,3,0,3
6487,3,0,3
6488,3,0,3
6489,3,0,3
6490,3,0,3
6491,3,0,3
6492,3,0,3
6493,3,0,3
6494,3,0,3
6495,3,0,3
6496,3,0,3
6497,3,0,3
6498,3,0,3
6499,3,0,3
6500,3,0,3
6501,3,0,3
6502,3,0,3
6503,3,0,3
6504,3,0,3
6505,3,0,3
6506,3,0,3
6507,3,0,3
6508,3,0,3
6509,3,0,3
6510,3,0,3
6511,3,0,3
6512,3,0,3
6513,3,0,3
6514,3,0,3
6515,3,0,3
6516,3,0,3
6517,3,0,3
6518,3,0,3
6519,3,0,3
6520,3,0,3
6521,3,0,3
6522,3,0,3
6523,3,0,3
6524,3,0,3
6525,3,0,3
6526,3,0,3
6527,3,0,3
6528,3,0,3
6529,3,0,3
6530,3,0,3
6531,3,0,3
6532,3,0,3
6533,3,0,3
6534,3,0,3
6535,3,0,3
6536,3,0,3
6537,3,0,3
6538,3,0,3
6539,3,0,3
6540,3,0,3
6541,3,0,3
6542,3,0,3
6543,3,0,3
6544,3,0,3
6545,3,0,3
6546,3,0,3
6547,3,0,3
6548,3,0,3
6549,3,0,3
6550,3,0,3
6551,3,0,3
6552,3,0,3
6553,3,0,3
6554,3,0,3
6555,3,0,3
6556,3,0,3
6557,3,0,3
6558,3,0,3
6559,3,0,3
6560,3,0,3
6561,3,0,3
6562,3,0,3
6563,3,0,3
6564,3,0,3
6565,3,0,3
6566,3,0,3
6567,3,0,3
6568,3,0,3
6569,3,0,3
6570,3,0,3
6571,3,0,3
6572,4,0,4
6573,4,0,4
6574,4,0,4
6575,4,0,4
6576,4,0,4
6577,4,0,4
6578,4,0,4
6579,4,0,4
6580,4,0,4
6581,4,0,4
6582,4,0,4
6583,4,0,4
6584,4,0,4
6585,4,0,4
6586,4,0,4
6587,4,0,4
6588,4,0,4
6589,4,0,4
6590,4,0,4
6591,4,0,4
6592,4,0,4
6593,4,0,4
6594,4,0,4
6595,4,0,4
6596,4,0,4
6597,4,0,4
6598,4,0,4
6599,4,0,4
6600,3,0,3
6601,3,0,3
6602,3,0,3
6603,3,0,3
6604,3,0,3
6605,3,0,3
6606,3,0,3
6607,3,0,3
6608,3,0,3
6609,3,0,3
6610,3,0,3
6611,3,0,3
6612,2,0,2
6613,2,0,2
6614,1,0,1
6615,1,0,1
6616,1,0,1
6617,1,0,1
6618,1,0,1
6619,1,0,1
6620,1,0,1
6621,1,0,1
6622,1,0,1
6623,1,0,1
6624,1,0,1
6625,1,0,1
6626,1,0,1
6627,1,0,1
6628,1,0,1
6629,1,0,1
6630,1,0,1
6631,1,0,1
6632,1,0,1
6633,1,0,1
6634,1,0,1
6635,1,0,1
6636,1,0,1
6637,1,0,1
6638,1,0,1
6639,1,0,1
6640,1,0,1
6641,1,0,1
6642,1,0,1
6643,1,0,1
6644,1,0,1
6645,1,0,1
6646,1,0,1
6647,1,0,1
6648,1,0,1
6649,1,0,1
6650,1,0,1
6651,1,0,1
6652,1,0,1
6653,1,0,1
6654,1,0,1
6655,1,0,1
6656,1,0,1
6657,1,0,1
6658,1,0,1
6659,1,0,1
6660,1,0,1
6661,1,0,1
6662,1,0,1
6663,1,0,1
6664,1,0,1
6665,1,0,1
6666,1,0,1
6667,1,0,1
6668,1,0,1
6669,1,0,1
6670,1,0,1
6671,1,0,1
6672,1,0,1
6673,1,0,1
6674,1,0,1
6675,1,0,1
6676,1,0,1
6677,1,0,1
6678,1,0,1
6679,1,0,1
6680,1,0,1
6681,1,0,1
6682,1,0,1
6683,1,0,1
6684,1,0,1
6685,1,0,1
6686,1,0,1
6687,1,0,1
6688,1,0,1
6689,1,0,1
6690,1,0,1
6691,1,0,1
6692,1,0,1
6693,1,0,1
6694,1,0,1
6695,1,0,1
6696,1,0,1
6697,1,0,1
6698,1,0,1
6699,1,0,1
6700,1,0,1
6701,1,0,1
6702,1,0,1
6703,1,0,1
6704,1,0,1
6705,1,0,1
6706,2,0,2
6707,2,0,2
6708,2,0,2
6709,2,0,2
6710,2,0,2
6711,2,0,2
6712,2,0,2
6713,2,0,2
6714,2,0,2
6715,2,0,2
6716,2,0,2
6717,2,0,2
6718,2,0,2
6719,2,0,2
6720,2,0,2
6721,2,0,2
6722,2,0,2
6723,2,0,2
6724,2,0,2
6725,2,0,2
6726,2,0,2
6727,2,0,2
6728,2,0,2
6729,2,0,2
6730,2,0,2
6731,2,0,2
6732,2,0,2
6733,2,0,2
6734,2,0,2
6735,2,0,2
6736,2,0,2
6737,2,0,2
6738,2,0,2
6739,2,0,2
6740,2,0,2
6741,2,0,2
6742,2,0,2
6743,2,0,2
6744,2,0,2
6745,2,0,2
6746,2,0,2
6747,2,0,2
6748,2,0,2
6749,2,0,2
6750,2,0,2
6751,2,0,2
6752,2,0,2
6753,2,0,2
6754,2,0,2
6755,2,0,2
6756,2,0,2
6757,2,0,2
6758,2,0,2
6759,2,0,2
6760,1,0,1
6761,1,0,1
6762,1,0,1
6763,1,0,1
6764,1,0,1
6765,1,0,1
6766,1,0,1
6767,1,0,1
6768,1,0,1
6769,1,0,1
6770,1,0,1
6771,1,0,1
6772,1,0,1
6773,1,0,1
6774,1,0,1
6775,1,0,1
6776,1,0,1
6777,1,0,1
6778,1,0,1
6779,1,0,1
6780,1,0,1
6781,1,0,1
6782,1,0,1
6783,1,0,1
6784,1,0,1
6785,1,0,1
6786,1,0,1
6787,1,0,1
6788,1,0,1
6789,1,0,1
6790,1,0,1
6791,1,0,1
6792,1,0,1
6793,1,0,1
6794,1,0,1
6795,1,0,1
6796,1,0,1
6797,1,0,1
6798,1,0,1
6799,1,0,1
6800,1,0,1
6801,1,0,1
6802,1,0,1
6803,1,0,1
6804,1,0,1
6805,1,0,1
6806,1,0,1
6807,1,0,1
6808,1,0,1
6809,1,0,1
6810,1,0,1
6811,1,0,1
6812,1,0,1
6813,1,0,1
6814,1,0,1
6815,1,0,1
6816,1,0,1
6817,1,0,1
6818,1,0,1
6819,1,0,1
6820,1,0,1
6821,1,0,1
6822,1,0,1
6823,1,0,1
6824,1,0,1
6825,1,0,1
6826,1,0,1
6827,1,0,1
6828,1,0,1
6829,1,0,1
6830,1,0,1
6831,1,0,1
6832,1,0,1
6833,1,0,1
6834,1,0,1
6835,1,0,1
6836,1,0,1
6837,0,0,0
6838,0,0,0
6839,0,0,0
6840,0,0,0
6841,0,0,0
6842,0,0,0
6843,0,0,0
6844,0,0,0
6845,0,0,0
6846,0,0,0
6847,0,0,0
6848,0,0,0
6849,0,0,0
6850,0,0,0
6851,0,0,0
6852,0,0,0
6853,0,0,0
6854,0,0,0
6855,0,0,0
6856,0,0,0
6857,0,0,0
6858,0,0,0
6859,0,0,0
6860,0,0,0
6861,0,0,0
6862,0,0,0
6863,0,0,0
6864,0,0,0
6865,0,0,0
6866,0,0,0
6867,0,0,0
6868,0,0,0
6869,0,0,0
6870,0,0,0
6871,0,0,0
6872,0,0,0
6873,0,0,0
6874,0,0,0
6875,0,0,0
6876,0,0,0
6877,0,0,0
6878,0,0,0
6879,1,0,1
6880,1,0,1
6881,1,0,1
6882,1,0,1
6883,1,0,1
6884,1,0,1
6885,1,0,1
6886,1,0,1
6887,1,0,1
6888,1,0,1
6889,1,0,1
6890,1,0,1
6891,1,0,1
6892,1,0,1
6893,1,0,1
6894,1,0,1
6895,1,0,1
6896,1,0,1
6897,1,0,1
6898,1,0,1
6899,1,0,1
6900,1,0,1
6901,1,0,1
6902,1,0,1
6903,1,0,1
6904,1,0,1
6905,1,0,1
6906,1,0,1
6907,1,0,1
6908,2,0,2
6909,2,0,2
6910,2,0,2
6911,2,0,2
6912,2,0,2
6913,2,0,2
6914,3,0,3
6915,3,0,3
6916,3,0,3
6917,3,0,3
6918,3,0,3
6919,3,0,3
6920,3,0,3
6921,3,0,3
6922,3,0,3
6923,3,0,3
6924,3,0,3
6925,3,0,3
6926,3,0,3
6927,3,0,3
6928,3,0,3
6929,3,0,3
6930,3,0,3
6931,3,0,3
6932,3,0,3
6933,3,0,3
6934,3,0,3
6935,3,0,3
6936,3,0,3
6937,3,0,3
6938,3,0,3
6939,3,0,3
6940,3,0,3
6941,3,0,3
6942,3,0,3
6943,3,0,3
6944,3,0,3
6945,3,0,3
6946,3,0,3
6947,3,0,3
6948,3,0,3
6949,3,0,3
6950,2,0,2
6951,2,0,2
6952,2,0,2
6953,2,0,2
6954,2,0,2
6955,2,0,2
6956,2,0,2
6957,2,0,2
6958,1,1,2
6959,1,1,2
6960,1,1,2
6961,1,1,2
6962,1,1,2
6963,1,1,2
6964,1,1,2
6965,1,1,2
6966,1,1,2
6967,1,1,2
6968,1,1,2
6969,1,1,2
6970,1,1,2
6971,1,1,2
6972,1,1,2
6973,1,1,2
6974,1,1,2
6975,1,1,2
6976,1,1,2
6977,1,1,2
6978,1,1,2
6979,1,1,2
6980,1,1,2
6981,1,1,2
6982,1,1,2
6983,1,1,2
6984,1,1,2
6985,1,1,2
6986,1,1,2
6987,1,1,2
6988,1,1,2
6989,2,0,2
6990,2,0,2
6991,2,0,2
6992,2,0,2
6993,2,0,2
6994,2,0,2
6995,2,0,2
6996,2,0,2
6997,2,0,2
6998,2,0,2
6999,2,0,2
7000,2,0,2
7001,3,0,3
7002,3,0,3
7003,3,0,3
7004,3,0,3
7005,3,0,3
7006,3,0,3
7007,3,0,3
7008,3,0,3
7009,3,0,3
7010,3,0,3
7011,3,0,3
7012,3,0,3
7013,3,0,3
7014,2,0,2
7015,2,0,2
7016,2,0,2
7017,2,0,2
7018,2,0,2
7019,2,0,2
7020,2,0,2
7021,2,0,2
7022,2,0,2
7023,2,0,2
7024,2,0,2
7025,2,0,2
7026,2,0,2
7027,2,0,2
7028,2,0,2
7029,2,0,2
7030,2,0,2
7031,2,0,2
7032,2,0,2
7033,2,0,2
7034,2,0,2
7035,2,0,2
7036,2,0,2
7037,2,0,2
7038,2,0,2
7039,2,0,2
7040,2,0,2
7041,2,0,2
7042,2,0,2
7043,2,0,2
7044,2,0,2
7045,2,0,2
7046,2,0,2
7047,2,0,2
7048,2,0,2
7049,2,0,2
7050,2,0,2
7051,2,0,2
7052,2,0,2
7053,2,0,2
7054,2,0,2
7055,2,0,2
7056,2,0,2
7057,2,0,2
7058,2,0,2
7059,2,0,2
7060,2,0,2
7061,2,0,2
7062,2,0,2
7063,2,0,2
7064,2,0,2
7065,2,0,2
7066,2,0,2
7067,2,0,2
7068,2,0,2
7069,2,0,2
7070,3,0,3
7071,3,0,3
7072,3,0,3
7073,3,0,3
7074,3,0,3
7075,3,0,3
7076,3,0,3
7077,3,0,3
7078,3,0,3
7079,3,0,3
7080,3,0,3
7081,3,0,3
7082,3,0,3
7083,3,0,3
7084,3,0,3
7085,3,0,3
7086,4,0,4
7087,4,0,4
7088,4,0,4
7089,4,0,4
7090,4,0,4
7091,4,0,4
7092,4,0,4
7093,4,0,4
7094,4,0,4
7095,4,0,4
7096,4,0,4
7097,4,0,4
7098,4,0,4
7099,4,0,4
7100,4,0,4
7101,4,0,4
7102,4,0,4
7103,4,0,4
7104,4,0,4
7105,4,0,4
7106,4,0,4
7107,4,0,4
7108,4,0,4
7109,4,0,4
7110,4,0,4
7111,4,0,4
7112,5,0,5
7113,5,0,5
7114,5,0,5
7115,5,0,5
7116,5,0,5
7117,5,0,5
7118,5,0,5
7119,5,0,5
7120,4,0,4
7121,4,0,4
7122,4,0,4
7123,4,0,4
7124,4,0,4
7125,4,0,4
7126,3,0,3
7127,3,0,3
7128,3,0,3
7129,3,0,3
7130,3,0,3
7131,2,0,2
7132,2,0,2
7133,2,0,2
7134,2,0,2
7135,2,0,2
7136,2,0,2
7137,2,0,2
7138,2,0,2
7139,2,0,2
7140,2,0,2
7141,2,0,2
7142,2,0,2
7143,2,0,2
7144,2,0,2
7145,2,0,2
7146,2,0,2
7147,2,0,2
7148,2,0,2
7149,2,0,2
7150,2,0,2
7151,2,0,2
7152,2,0,2
7153,2,0,2
7154,2,0,2
7155,2,0,2
7156,2,0,2
7157,2,0,2
7158,2,0,2
7159,2,0,2
7160,2,0,2
7161,2,0,2
7162,2,0,2
7163,2,0,2
7164,2,0,2
7165,2,0,2
7166,2,0,2
7167,2,0,2
7168,2,0,2
7169,2,0,2
7170,2,0,2
7171,2,0,2
7172,2,0,2
7173,2,0,2
7174,2,0,2
7175,2,0,2
7176,2,0,2
7177,2,0,2
7178,2,0,2
7179,2,0,2
7180,2,0,2
7181,2,0,2
7182,2,0,2
7183,2,0,2
7184,2,0,2
7185,2,0,2
7186,2,0,2
7187,2,0,2
7188,2,0,2
7189,2,0,2
7190,2,0,2
7191,2,0,2
7192,3,0,3
7193,2,0,2
7194,2,0,2
7195,2,0,2
7196,2,0,2
7197,1,0,1
7198,1,0,1
7199,1,0,1
7200,1,0,1
7201,1,0,1
7202,1,0,1
7203,1,0,1
7204,1,0,1
7205,1,0,1
7206,1,0,1
7207,1,0,1
7208,1,0,1
7209,1,0,1
7210,1,0,1
7211,1,0,1
7212,1,0,1
7213,1,0,1
7214,2,0,2
7215,2,0,2
7216,2,0,2
7217,2,0,2
7218,2,0,2
7219,2,0,2
7220,2,0,2
7221,2,0,2
7222,2,0,2
7223,2,0,2
7224,2,0,2
7225,2,0,2
7226,2,0,2
7227,2,0,2
7228,2,0,2
7229,2,0,2
7230,2,0,2
7231,2,0,2
7232,2,0,2
7233,2,0,2
7234,2,0,2
7235,2,0,2
7236,2,0,2
7237,2,0,2
7238,2,0,2
7239,2,0,2
7240,2,0,2
7241,2,0,2
7242,2,0,2
7243,2,0,2
7244,2,0,2
7245,2,0,2
7246,2,0,2
7247,2,0,2
7248,3,0,3
7249,3,0,3
7250,3,0,3
7251,3,0,3
7252,3,0,3
7253,3,0,3
7254,3,0,3
7255,3,0,3
7256,3,0,3
7257,3,0,3
7258,3,0,3
7259,3,0,3
7260,3,0,3
7261,3,0,3
7262,3,0,3
7263,3,0,3
7264,3,0,3
7265,3,0,3
7266,3,0,3
7267,3,0,3
7268,3,0,3
7269,3,0,3
7270,3,0,3
7271,3,0,3
7272,3,0,3
7273,3,0,3
7274,3,0,3
7275,3,0,3
7276,3,0,3
7277,3,0,3
7278,3,0,3
7279,3,0,3
7280,3,0,3
7281,2,0,2
7282,2,0,2
7283,2,0,2
7284,2,0,2
7285,2,0,2
7286,2,0,2
7287,2,0,2
7288,2,0,2
7289,2,0,2
7290,2,0,2
7291,2,0,2
7292,2,0,2
7293,2,0,2
7294,2,0,2
7295,2,0,2
7296,2,0,2
7297,2,0,2
7298,2,0,2
7299,2,0,2
7300,2,0,2
7301,2,0,2
7302,2,0,2
7303,2,0,2
7304,2,0,2
7305,2,0,2
7306,2,0,2
7307,2,0,2
7308,2,0,2
7309,2,0,2
7310,2,0,2
7311,2,0,2
7312,2,0,2
7313,2,0,2
7314,2,0,2
7315,1,0,1
7316,0,0,0
7317,0,0,0
7318,0,0,0
7319,0,0,0
7320,0,0,0
7321,0,0,0
7322,0,0,0
7323,0,0,0
7324,0,0,0
7325,0,0,0
7326,0,0,0
7327,0,0,0
7328,0,0,0
7329,0,0,0
7330,0,0,0
7331,0,0,0
7332,0,0,0
7333,0,0,0
7334,0,0,0
7335,0,0,0
7336,0,0,0
7337,0,0,0
7338,0,0,0
7339,0,0,0
7340,0,0,0
7341,0,0,0
7342,0,0,0
7343,0,0,0
7344,0,0,0
7345,0,0,0
7346,0,0,0
7347,0,0,0
7348,0,0,0
7349,0,0,0
7350,0,0,0
7351,0,0,0
7352,0,0,0
7353,0,0,0
7354,0,0,0
7355,0,0,0
7356,0,0,0
7357,0,0,0
7358,0,0,0
7359,0,0,0
7360,0,0,0
7361,0,0,0
7362,0,0,0
7363,0,0,0
7364,0,0,0
7365,0,0,0
7366,0,0,0
7367,0,0,0
7368,0,0,0
7369,0,0,0
7370,0,0,0
7371,0,0,0
7372,1,0,1
7373,1,0,1
7374,1,0,1
7375,1,0,1
7376,1,0,1
7377,1,0,1
7378,1,0,1
7379,0,1,1
7380,0,1,1
7381,0,1,1
7382,0,1,1
7383,0,1,1
7384,0,1,1
7385,0,1,1
7386,0,1,1
7387,0,1,1
7388,0,1,1
7389,0,1,1
7390,0,1,1
7391,0,1,1
7392,0,1,1
7393,0,1,1
7394,0,1,1
7395,0,1,1
7396,0,1,1
7397,0,1,1
7398,0,1,1
7399,0,1,1
7400,0,1,1
7401,0,1,1
7402,0,1,1
7403,0,1,1
7404,0,1,1
7405,0,1,1
7406,0,1,1
7407,0,1,1
7408,0,1,1
7409,0,1,1
7410,0,1,1
7411,0,1,1
7412,0,1,1
7413,0,1,1
7414,0,1,1
7415,0,1,1
7416,0,1,1
7417,0,1,1
7418,0,1,1
7419,0,1,1
7420,0,1,1
7421,0,1,1
7422,0,1,1
7423,0,1,1
7424,0,1,1
7425,0,1,1
7426,0,1,1
7427,0,1,1
7428,1,0,1
7429,1,0,1
7430,1,0,1
7431,0,0,0
7432,0,0,0
7433,0,0,0
7434,0,0,0
7435,0,0,0
7436,0,0,0
7437,0,0,0
7438,0,0,0
7439,0,0,0
7440,0,0,0
7441,0,0,0
7442,0,0,0
7443,0,0,0
7444,0,0,0
7445,0,0,0
7446,0,0,0
7447,0,0,0
7448,0,0,0
7449,0,0,0
7450,0,0,0
7451,0,0,0
7452,0,0,0
7453,0,0,0
7454,0,0,0
7455,0,0,0
7456,0,0,0
7457,0,0,0
7458,0,0,0
7459,0,0,0
7460,0,0,0
7461,0,0,0
7462,0,0,0
7463,0,0,0
7464,0,0,0
7465,0,0,0
7466,0,0,0
7467,0,0,0
7468,0,0,0
7469,0,0,0
7470,0,0,0
7471,0,0,0
7472,0,0,0
7473,0,0,0
7474,0,0,0
7475,0,0,0
7476,0,0,0
7477,0,0,0
7478,0,0,0
7479,0,0,0
7480,0,0,0
7481,0,0,0
7482,0,0,0
7483,0,0,0
7484,0,0,0
7485,0,0,0
7486,0,0,0
7487,0,0,0
7488,0,0,0
7489,0,0,0
7490,0,0,0
7491,0,0,0
7492,0,0,0
7493,0,0,0
7494,0,0,0
7495,0,0,0
7496,0,0,0
7497,0,0,0
7498,0,0,0
7499,0,0,0
7500,0,0,0
7501,0,0,0
7502,0,0,0
7503,0,0,0
7504,0,0,0
7505,0,0,0
7506,0,0,0
7507,0,0,0
7508,0,0,0
7509,0,0,0
7510,0,0,0
7511,0,0,0
7512,0,0,0
7513,0,0,0
7514,0,0,0
7515,0,0,0
7516,0,0,0
7517,0,0,0
7518,0,0,0
7519,0,0,0
7520,0,0,0
7521,0,0,0
7522,0,0,0
7523,0,0,0
7524,0,0,0
7525,0,0,0
7526,0,0,0
7527,0,0,0
7528,0,0,0
7529,0,0,0
7530,0,0,0
7531,0,0,0
7532,0,0,0
7533,0,0,0
7534,0,0,0
7535,0,0,0
7536,0,0,0
7537,0,0,0
7538,0,0,0
7539,0,0,0
7540,0,0,0
7541,0,0,0
7542,0,0,0
7543,0,0,0
7544,0,0,0
7545,0,0,0
7546,0,0,0
7547,0,0,0
7548,0,0,0
7549,0,0,0
7550,0,0,0
7551,0,0,0
7552,0,0,0
7553,0,0,0
7554,0,0,0
7555,0,0,0
7556,0,0,0
7557,0,0,0
7558,0,0,0
7559,0,0,0
7560,1,0,1
7561,1,0,1
7562,1,0,1
7563,1,0,1
7564,1,0,1
7565,1,0,1
7566,1,0,1
7567,1,0,1
7568,1,0,1
7569,1,0,1
7570,1,0,1
7571,1,0,1
7572,1,0,1
7573,1,0,1
7574,1,0,1
7575,1,0,1
7576,1,0,1
7577,1,0,1
7578,1,0,1
7579,1,0,1
7580,1,0,1
7581,1,0,1
7582,1,0,1
7583,1,0,1
7584,1,0,1
7585,1,0,1
7586,1,0,1
7587,1,0,1
7588,1,0,1
7589,1,0,1
7590,1,0,1
7591,1,0,1
7592,1,0,1
7593,1,0,1
7594,1,0,1
7595,1,0,1
7596,1,0,1
7597,1,0,1
7598,1,0,1
7599,1,0,1
7600,1,0,1
7601,1,0,1
7602,1,0,1
7603,1,0,1
7604,1,0,1
7605,1,0,1
7606,1,0,1
7607,1,0,1
7608,1,0,1
7609,1,0,1
7610,1,0,1
7611,1,0,1
7612,0,0,0
7613,0,0,0
7614,0,0,0
7615,0,0,0
7616,0,0,0
7617,0,0,0
7618,0,0,0
7619,0,0,0
7620,0,0,0
7621,0,0,0
7622,0,0,0
7623,0,0,0
7624,0,0,0
7625,0,0,0
7626,0,0,0
7627,0,0,0
7628,0,0,0
7629,0,0,0
7630,0,0,0
7631,0,0,0
7632,0,0,0
7633,0,0,0
7634,0,0,0
7635,0,0,0
7636,0,0,0
7637,0,0,0
7638,0,0,0
7639,0,0,0
7640,0,0,0
7641,0,0,0
7642,0,0,0
7643,0,0,0
7644,0,0,0
7645,0,0,0
7646,0,0,0
7647,0,0,0
7648,0,0,0
7649,0,0,0
7650,0,0,0
7651,0,0,0
7652,0,0,0
7653,0,0,0
7654,0,0,0
7655,0,0,0
7656,0,0,0
7657,0,0,0
7658,0,0,0
7659,0,0,0
7660,0,0,0
7661,0,0,0
7662,0,0,0
7663,0,0,0
7664,0,0,0
7665,0,0,0
7666,0,0,0
7667,0,0,0
7668,0,0,0
7669,0,0,0
7670,0,0,0
7671,0,0,0
7672,0,0,0
7673,0,0,0
7674,0,0,0
7675,0,0,0
7676,0,0,0
7677,0,0,0
7678,0,0,0
7679,0,0,0
7680,0,0,0
7681,1,0,1
7682,1,0,1
7683,1,0,1
7684,1,0,1
7685,1,0,1
7686,1,0,1
7687,1,0,1
7688,1,0,1
7689,1,0,1
7690,1,0,1
7691,1,0,1
7692,1,0,1
7693,1,0,1
7694,1,0,1
7695,1,0,1
7696,1,0,1
7697,1,0,1
7698,1,0,1
7699,1,0,1
7700,1,0,1
7701,1,0,1
7702,1,0,1
7703,1,0,1
7704,1,0,1
7705,1,0,1
7706,1,0,1
7707,1,0,1
7708,1,0,1
7709,1,0,1
7710,1,0,1
7711,1,0,1
7712,1,0,1
7713,1,0,1
7714,1,0,1
7715,1,0,1
7716,1,0,1
7717,1,0,1
7718,1,0,1
7719,1,0,1
7720,1,0,1
7721,1,0,1
7722,1,0,1
7723,1,0,1
7724,1,0,1
7725,1,0,1
7726,1,0,1
7727,1,0,1
7728,1,0,1
7729,1,0,1
7730,1,0,1
7731,1,0,1
7732,1,0,1
7733,1,0,1
7734,1,0,1
7735,1,0,1
7736,1,0,1
7737,1,0,1
7738,1,0,1
7739,1,0,1
7740,1,0,1
7741,1,0,1
7742,1,0,1
7743,1,0,1
7744,1,0,1
7745,1,0,1
7746,1,0,1
7747,1,0,1
7748,1,0,1
7749,1,0,1
7750,0,0,0
7751,0,0,0
7752,0,0,0
7753,0,0,0
7754,0,0,0
7755,0,0,0
7756,0,0,0
7757,0,0,0
7758,0,0,0
7759,0,0,0
7760,0,0,0
7761,0,0,0
7762,0,0,0
7763,0,0,0
7764,0,0,0
7765,0,0,0
7766,0,0,0
7767,0,0,0
7768,0,0,0
7769,0,0,0
7770,0,0,0
7771,0,0,0
7772,0,0,0
7773,0,0,0
7774,0,0,0
7775,0,0,0
7776,0,0,0
7777,1,0,1
7778,1,0,1
7779,1,0,1
7780,1,0,1
7781,1,0,1
7782,1,0,1
7783,1,0,1
7784,1,0,1
7785,1,0,1
7786,1,0,1
7787,1,0,1
7788,1,0,1
7789,1,0,1
7790,1,0,1
7791,1,0,1
7792,1,0,1
7793,1,0,1
7794,1,0,1
7795,1,0,1
7796,1,0,1
7797,1,0,1
7798,1,0,1
7799,0,1,1
7800,0,1,1
7801,0,1,1
7802,0,1,1
7803,0,1,1
7804,0,1,1
7805,0,1,1
7806,0,1,1
7807,0,1,1
7808,0,1,1
7809,0,1,1
7810,0,1,1
7811,0,1,1
7812,0,1,1
7813,0,1,1
7814,0,1,1
7815,0,1,1
7816,0,1,1
7817,0,1,1
7818,0,1,1
7819,0,1,1
7820,0,1,1
7821,0,1,1
7822,0,1,1
7823,0,1,1
7824,0,1,1
7825,0,1,1
7826,0,1,1
7827,0,1,1
7828,0,1,1
7829,0,1,1
7830,0,1,1
7831,0,1,1
7832,0,1,1
7833,0,1,1
7834,0,1,1
7835,1,0,1
7836,1,0,1
7837,1,0,1
7838,1,0,1
7839,1,0,1
7840,1,0,1
7841,1,0,1
7842,1,0,1
7843,1,0,1
7844,1,0,1
7845,1,0,1
7846,1,0,1
7847,1,0,1
7848,1,0,1
7849,1,0,1
7850,1,0,1
7851,1,0,1
7852,1,0,1
7853,1,0,1
7854,1,0,1
7855,1,0,1
7856,1,0,1
7857,1,0,1
7858,1,0,1
7859,1,0,1
7860,1,0,1
7861,1,0,1
7862,1,0,1
7863,1,0,1
7864,1,0,1
7865,1,0,1
7866,1,0,1
7867,1,0,1
7868,1,0,1
7869,1,0,1
7870,1,0,1
7871,1,0,1
7872,1,0,1
7873,1,0,1
7874,1,0,1
7875,1,0,1
7876,2,0,2
7877,2,0,2
7878,2,0,2
7879,2,0,2
7880,2,0,2
7881,2,0,2
7882,2,0,2
7883,2,0,2
7884,2,0,2
7885,2,0,2
7886,2,0,2
7887,2,0,2
7888,2,0,2
7889,2,0,2
7890,2,0,2
7891,2,0,2
7892,2,0,2
7893,2,0,2
7894,2,0,2
7895,2,0,2
7896,2,0,2
7897,2,0,2
7898,2,0,2
7899,2,0,2
7900,2,0,2
7901,3,0,3
7902,3,0,3
7903,3,0,3
7904,3,0,3
7905,3,0,3
7906,3,0,3
7907,3,0,3
7908,3,0,3
7909,3,0,3
7910,2,0,2
7911,2,0,2
7912,3,0,3
7913,3,0,3
7914,3,0,3
7915,3,0,3
7916,3,0,3
7917,3,0,3
7918,3,0,3
7919,3,0,3
7920,3,0,3
7921,3,0,3
7922,3,0,3
7923,3,0,3
7924,2,0,2
7925,2,0,2
7926,2,0,2
7927,2,0,2
7928,2,0,2
7929,2,0,2
7930,2,0,2
7931,2,0,2
7932,1,1,2
7933,1,1,2
7934,1,1,2
7935,0,2,2
7936,0,2,2
7937,0,2,2
7938,0,2,2
7939,0,2,2
7940,0,2,2
7941,0,2,2
7942,0,2,2
7943,0,2,2
7944,0,2,2
7945,0,2,2
7946,0,2,2
7947,0,2,2
7948,0,2,2
7949,0,2,2
7950,0,2,2
7951,0,2,2
7952,0,2,2
7953,0,2,2
7954,0,2,2
7955,1,2,3
7956,1,2,3
7957,1,2,3
7958,3,1,4
7959,3,1,4
7960,3,1,4
7961,3,1,4
7962,3,1,4
7963,3,1,4
7964,3,1,4
7965,3,1,4
7966,3,1,4
7967,3,1,4
7968,2,2,4
7969,3,1,4
7970,3,1,4
7971,3,1,4
7972,3,1,4
7973,3,1,4
7974,3,1,4
7975,3,1,4
7976,3,1,4
7977,3,1,4
7978,3,1,4
7979,3,1,4
7980,3,1,4
7981,3,1,4
7982,3,1,4
7983,3,1,4
7984,3,1,4
7985,3,1,4
7986,3,1,4
7987,3,1,4
7988,3,1,4
7989,3,1,4
7990,3,1,4
7991,3,1,4
7992,3,1,4
7993,3,1,4
7994,3,1,4
7995,3,1,4
7996,3,1,4
7997,3,1,4
7998,3,1,4
7999,3,1,4
8000,4,0,4
8001,4,0,4
8002,4,0,4
8003,4,0,4
8004,4,0,4
8005,4,0,4
8006,4,0,4
8007,4,0,4
8008,4,0,4
8009,4,0,4
8010,4,0,4
8011,4,0,4
8012,4,0,4
8013,4,0,4
8014,4,0,4
8015,5,0,5
8016,4,0,4
8017,4,0,4
8018,4,0,4
8019,4,0,4
8020,3,0,3
8021,3,0,3
8022,3,0,3
8023,3,0,3
8024,3,0,3
8025,3,0,3
8026,4,0,4
8027,4,0,4
8028,4,0,4
8029,4,0,4
8030,4,0,4
8031,4,0,4
8032,4,0,4
8033,4,0,4
8034,4,0,4
8035,4,0,4
8036,4,0,4
8037,4,0,4
8038,4,0,4
8039,4,0,4
8040,4,0,4
8041,5,0,5
8042,5,0,5
8043,5,0,5
8044,5,0,5
8045,5,0,5
8046,5,0,5
8047,5,0,5
8048,5,0,5
8049,5,0,5
8050,5,0,5
8051,4,0,4
8052,4,0,4
8053,4,0,4
8054,4,0,4
8055,4,0,4
8056,4,0,4
8057,4,0,4
8058,4,0,4
8059,4,0,4
8060,4,0,4
8061,4,0,4
8062,4,0,4
8063,4,0,4
8064,4,0,4
8065,4,0,4
8066,4,0,4
8067,3,0,3
8068,3,0,3
8069,3,0,3
8070,3,0,3
8071,3,0,3
8072,3,0,3
8073,3,0,3
8074,3,0,3
8075,3,0,3
8076,3,0,3
8077,3,0,3
8078,3,0,3
8079,3,0,3
8080,3,0,3
8081,3,0,3
8082,3,0,3
8083,3,0,3
8084,4,0,4
8085,4,0,4
8086,4,0,4
8087,4,0,4
8088,4,0,4
8089,4,0,4
8090,4,0,4
8091,4,0,4
8092,4,0,4
8093,3,0,3
8094,3,0,3
8095,2,0,2
8096,2,0,2
8097,2,0,2
8098,2,0,2
8099,2,0,2
8100,2,0,2
8101,2,0,2
8102,2,0,2
8103,2,0,2
8104,2,0,2
8105,2,0,2
8106,2,0,2
8107,2,0,2
8108,2,0,2
8109,2,0,2
8110,2,0,2
8111,2,0,2
8112,2,0,2
8113,2,0,2
8114,2,0,2
8115,2,0,2
8116,2,0,2
8117,2,0,2
8118,2,0,2
8119,2,0,2
8120,2,0,2
8121,2,0,2
8122,2,0,2
8123,2,0,2
8124,2,0,2
8125,2,0,2
8126,2,0,2
8127,2,0,2
8128,1,0,1
8129,1,0,1
8130,1,0,1
8131,1,0,1
8132,1,0,1
8133,1,0,1
8134,1,0,1
8135,1,0,1
8136,1,0,1
8137,1,0,1
8138,1,0,1
8139,1,0,1
8140,1,0,1
8141,1,0,1
8142,1,0,1
8143,1,0,1
8144,1,0,1
8145,1,0,1
8146,1,0,1
8147,1,0,1
8148,1,0,1
8149,1,0,1
8150,1,0,1
8151,1,0,1
8152,1,0,1
8153,1,0,1
8154,1,0,1
8155,1,0,1
8156,1,0,1
8157,1,0,1
8158,1,0,1
8159,1,0,1
8160,1,0,1
8161,1,0,1
8162,1,0,1
8163,1,0,1
8164,1,0,1
8165,1,0,1
8166,1,0,1
8167,1,0,1
8168,1,0,1
8169,1,0,1
8170,1,0,1
8171,1,0,1
8172,1,0,1
8173,1,0,1
8174,1,0,1
8175,1,0,1
8176,1,0,1
8177,1,0,1
8178,1,0,1
8179,1,0,1
8180,1,0,1
8181,1,0,1
8182,1,0,1
8183,1,0,1
8184,1,0,1
8185,1,0,1
8186,1,0,1
8187,1,0,1
8188,1,0,1
8189,1,0,1
8190,1,0,1
8191,1,0,1
8192,2,0,2
8193,2,0,2
8194,2,0,2
8195,2,0,2
8196,2,0,2
8197,2,0,2
8198,2,0,2
8199,2,0,2
8200,2,0,2
8201,2,0,2
8202,2,0,2
8203,2,0,2
8204,2,0,2
8205,2,0,2
8206,2,0,2
8207,2,0,2
8208,2,0,2
8209,2,0,2
8210,2,0,2
8211,2,0,2
8212,2,0,2
8213,2,0,2
8214,2,0,2
8215,2,0,2
8216,3,0,3
8217,3,0,3
8218,3,0,3
8219,3,0,3
8220,3,0,3
8221,3,0,3
8222,3,0,3
8223,3,0,3
8224,3,0,3
8225,3,0,3
8226,3,0,3
8227,3,0,3
8228,3,0,3
8229,3,0,3
8230,3,0,3
8231,3,0,3
8232,3,0,3
8233,3,0,3
8234,3,0,3
8235,3,0,3
8236,3,0,3
8237,3,0,3
8238,3,0,3
8239,3,0,3
8240,3,0,3
8241,3,0,3
8242,3,0,3
8243,3,0,3
8244,3,0,3
8245,3,0,3
8246,3,0,3
8247,3,0,3
8248,3,0,3
8249,3,0,3
8250,3,0,3
8251,3,0,3
8252,3,0,3
8253,3,0,3
8254,3,0,3
8255,3,0,3
8256,3,0,3
8257,3,0,3
8258,4,0,4
8259,4,0,4
8260,3,0,3
8261,3,0,3
8262,2,0,2
8263,2,0,2
8264,2,0,2
8265,2,0,2
8266,2,0,2
8267,2,0,2
8268,2,0,2
8269,2,0,2
8270,2,0,2
8271,2,0,2
8272,2,0,2
8273,2,0,2
8274,2,0,2
8275,2,0,2
8276,2,0,2
8277,2,0,2
8278,2,0,2
8279,2,0,2
8280,2,0,2
8281,2,0,2
8282,2,0,2
8283,2,0,2
8284,2,0,2
8285,2,0,2
8286,2,0,2
8287,2,0,2
8288,2,0,2
8289,2,0,2
8290,2,0,2
8291,2,0,2
8292,2,0,2
8293,2,0,2
8294,2,0,2
8295,3,0,3
8296,3,0,3
8297,3,0,3
8298,3,0,3
8299,3,0,3
8300,2,0,2
8301,2,0,2
8302,2,0,2
8303,2,0,2
8304,2,0,2
8305,2,0,2
8306,2,0,2
8307,2,0,2
8308,2,0,2
8309,2,0,2
8310,2,0,2
8311,2,0,2
8312,2,0,2
8313,2,0,2
8314,2,0,2
8315,2,0,2
8316,2,0,2
8317,2,0,2
8318,2,0,2
8319,2,0,2
8320,2,0,2
8321,2,0,2
8322,2,0,2
8323,2,0,2
8324,2,0,2
8325,2,0,2
8326,2,0,2
8327,2,0,2
8328,1,0,1
8329,1,0,1
8330,1,0,1
8331,1,0,1
8332,1,0,1
8333,0,0,0
8334,0,0,0
8335,0,0,0
8336,0,0,0
8337,0,0,0
8338,0,0,0
8339,0,0,0
8340,0,0,0
8341,0,0,0
8342,1,0,1
8343,1,0,1
8344,1,0,1
8345,1,0,1
8346,1,0,1
8347,1,0,1
8348,1,0,1
8349,1,0,1
8350,1,0,1
8351,1,0,1
8352,1,0,1
8353,1,0,1
8354,1,0,1
8355,1,0,1
8356,1,0,1
8357,1,0,1
8358,1,0,1
8359,1,0,1
8360,1,0,1
8361,1,0,1
8362,2,0,2
8363,2,0,2
8364,2,0,2
8365,2,0,2
8366,2,0,2
8367,2,0,2
8368,2,0,2
8369,2,0,2
8370,2,0,2
8371,2,0,2
8372,2,0,2
8373,3,0,3
8374,3,0,3
8375,3,0,3
8376,3,0,3
8377,3,0,3
8378,3,0,3
8379,3,0,3
8380,3,0,3
8381,3,0,3
8382,3,0,3
8383,3,0,3
8384,3,0,3
8385,3,0,3
8386,3,0,3
8387,3,0,3
8388,3,0,3
8389,3,0,3
8390,2,0,2
8391,2,0,2
8392,2,0,2
8393,2,0,2
8394,3,0,3
8395,3,0,3
8396,3,0,3
8397,3,0,3
8398,3,0,3
8399,3,0,3
8400,3,0,3
8401,3,0,3
8402,3,0,3
8403,3,0,3
8404,3,0,3
8405,3,0,3
8406,3,0,3
8407,3,0,3
8408,3,0,3
8409,2,0,2
8410,2,0,2
8411,2,0,2
8412,2,0,2
8413,2,0,2
8414,2,0,2
8415,2,0,2
8416,2,0,2
8417,2,0,2
8418,2,0,2
8419,2,0,2
8420,2,0,2
8421,2,0,2
8422,2,0,2
8423,2,0,2
8424,2,0,2
8425,2,0,2
8426,2,0,2
8427,2,0,2
8428,2,0,2
8429,2,0,2
8430,2,0,2
8431,2,0,2
8432,2,0,2
8433,2,0,2
8434,2,0,2
8435,2,0,2
8436,2,0,2
8437,2,0,2
8438,2,0,2
8439,1,0,1
8440,1,0,1
8441,1,0,1
8442,1,0,1
8443,1,0,1
8444,1,0,1
8445,1,0,1
8446,1,0,1
8447,0,0,0
8448,0,0,0
8449,0,0,0
8450,0,0,0
8451,0,0,0
8452,0,0,0
8453,0,0,0
8454,0,0,0
8455,0,0,0
8456,1,0,1
8457,1,0,1
8458,1,0,1
8459,1,0,1
8460,1,0,1
8461,1,0,1
8462,1,0,1
8463,1,0,1
8464,1,0,1
8465,1,0,1
8466,1,0,1
8467,1,0,1
8468,1,0,1
8469,1,0,1
8470,1,0,1
8471,1,0,1
8472,1,0,1
8473,1,0,1
8474,1,0,1
8475,1,0,1
8476,1,0,1
8477,1,0,1
8478,1,0,1
8479,1,0,1
8480,1,0,1
8481,1,0,1
8482,1,0,1
8483,1,0,1
8484,1,0,1
8485,1,0,1
8486,1,0,1
8487,1,0,1
8488,1,0,1
8489,1,0,1
8490,1,0,1
8491,1,0,1
8492,1,0,1
8493,1,0,1
8494,1,0,1
8495,1,0,1
8496,1,0,1
8497,1,0,1
8498,1,0,1
8499,1,0,1
8500,1,0,1
8501,1,0,1
8502,1,0,1
8503,1,0,1
8504,1,0,1
8505,1,0,1
8506,1,0,1
8507,1,0,1
8508,1,0,1
8509,1,0,1
8510,1,0,1
8511,1,0,1
8512,1,0,1
8513,1,0,1
8514,1,0,1
8515,1,0,1
8516,1,0,1
8517,1,0,1
8518,1,0,1
8519,1,0,1
8520,1,0,1
8521,1,0,1
8522,1,0,1
8523,1,0,1
8524,1,0,1
8525,1,0,1
8526,1,0,1
8527,1,0,1
8528,1,0,1
8529,1,0,1
8530,1,0,1
8531,1,0,1
8532,1,0,1
8533,1,0,1
8534,1,0,1
8535,1,0,1
8536,1,0,1
8537,1,0,1
8538,1,0,1
8539,1,0,1
8540,1,0,1
8541,1,0,1
8542,1,0,1
8543,1,0,1
8544,1,0,1
8545,1,0,1
8546,1,0,1
8547,1,0,1
8548,1,0,1
8549,1,0,1
8550,1,0,1
8551,1,0,1
8552,1,0,1
8553,1,0,1
8554,1,0,1
8555,1,0,1
8556,1,0,1
8557,1,0,1
8558,1,0,1
8559,1,0,1
8560,1,0,1
8561,1,0,1
8562,1,0,1
8563,1,0,1
8564,1,0,1
8565,1,0,1
8566,1,0,1
8567,1,0,1
8568,1,0,1
8569,1,0,1
8570,1,0,1
8571,1,0,1
8572,1,0,1
8573,1,0,1
8574,1,0,1
8575,1,0,1
8576,1,0,1
8577,1,0,1
8578,1,0,1
8579,1,0,1
8580,1,0,1
8581,1,0,1
8582,1,0,1
8583,1,0,1
8584,1,0,1
8585,1,0,1
8586,1,0,1
8587,1,0,1
8588,1,0,1
8589,1,0,1
8590,1,0,1
8591,1,0,1
8592,1,0,1
8593,1,0,1
8594,1,0,1
8595,1,0,1
8596,1,0,1
8597,1,0,1
8598,1,0,1
8599,1,0,1
8600,1,0,1
8601,1,0,1
8602,1,0,1
8603,1,0,1
8604,1,0,1
8605,1,0,1
8606,1,0,1
8607,1,0,1
8608,1,0,1
8609,1,0,1
8610,1,0,1
8611,1,0,1
8612,1,0,1
8613,2,0,2
8614,2,0,2
8615,2,0,2
8616,2,0,2
8617,2,0,2
8618,2,0,2
8619,2,0,2
8620,2,0,2
8621,2,0,2
8622,2,0,2
8623,2,0,2
8624,2,0,2
8625,2,0,2
8626,2,0,2
8627,2,0,2
8628,2,0,2
8629,2,0,2
8630,2,0,2
8631,2,0,2
8632,2,0,2
8633,2,0,2
8634,2,0,2
8635,2,0,2
8636,2,0,2
8637,2,0,2
8638,2,0,2
8639,2,0,2
8640,2,0,2
8641,2,0,2
8642,2,0,2
8643,2,0,2
8644,2,0,2
8645,2,0,2
8646,2,0,2
8647,2,0,2
8648,2,0,2
8649,1,0,1
8650,1,0,1
8651,1,0,1
8652,1,0,1
8653,1,0,1
8654,1,0,1
8655,1,0,1
8656,1,0,1
8657,1,0,1
8658,1,0,1
8659,1,0,1
8660,1,0,1
8661,1,0,1
8662,1,0,1
8663,1,0,1
8664,1,0,1
8665,1,0,1
8666,1,0,1
8667,1,0,1
8668,1,0,1
8669,1,0,1
8670,1,0,1
8671,1,0,1
8672,1,0,1
8673,1,0,1
8674,1,0,1
8675,1,0,1
8676,1,0,1
8677,1,0,1
8678,1,0,1
8679,1,0,1
8680,1,0,1
8681,1,0,1
8682,1,0,1
8683,1,0,1
8684,1,0,1
8685,1,0,1
8686,1,0,1
8687,1,0,1
8688,1,0,1
8689,1,0,1
8690,1,0,1
8691,1,0,1
8692,1,0,1
8693,1,0,1
8694,1,0,1
8695,1,0,1
8696,1,0,1
8697,1,0,1
8698,1,0,1
8699,1,0,1
8700,1,0,1
8701,1,0,1
8702,1,0,1
8703,1,0,1
8704,1,0,1
8705,1,0,1
8706,1,0,1
8707,1,0,1
8708,1,0,1
8709,1,0,1
8710,1,0,1
8711,1,0,1
8712,1,0,1
8713,1,0,1
8714,1,0,1
8715,1,0,1
8716,1,0,1
8717,1,0,1
8718,1,0,1
8719,1,0,1
8720,1,0,1
8721,1,0,1
8722,1,0,1
8723,1,0,1
8724,1,0,1
8725,1,0,1
8726,1,0,1
8727,1,0,1
8728,1,0,1
8729,1,0,1
8730,1,0,1
8731,1,0,1
8732,2,0,2
8733,2,0,2
8734,2,0,2
8735,2,0,2
8736,2,0,2
8737,2,0,2
8738,2,0,2
8739,2,0,2
8740,2,0,2
8741,2,0,2
8742,2,0,2
8743,2,0,2
8744,2,0,2
8745,2,0,2
8746,2,0,2
8747,2,0,2
8748,2,0,2
8749,2,0,2
8750,2,0,2
8751,2,0,2
8752,2,0,2
8753,2,0,2
8754,2,0,2
8755,2,0,2
8756,2,0,2
8757,2,0,2
8758,2,0,2
8759,2,0,2
8760,2,0,2
8761,2,0,2
8762,2,0,2
8763,2,0,2
8764,2,0,2
8765,2,0,2
8766,2,0,2
8767,2,0,2
8768,2,0,2
8769,2,0,2
8770,1,0,1
8771,2,0,2
8772,2,0,2
8773,3,0,3
8774,3,0,3
8775,3,0,3
8776,3,0,3
8777,4,0,4
8778,4,0,4
8779,4,0,4
8780,4,0,4
8781,4,0,4
8782,4,0,4
8783,4,0,4
8784,4,0,4
8785,4,0,4
8786,4,0,4
8787,4,0,4
8788,4,0,4
8789,4,0,4
8790,4,0,4
8791,4,0,4
8792,4,0,4
8793,4,0,4
8794,4,0,4
8795,4,0,4
8796,4,0,4
8797,4,0,4
8798,4,0,4
8799,4,0,4
8800,4,0,4
8801,4,0,4
8802,4,0,4
8803,4,0,4
8804,4,0,4
8805,4,0,4
8806,4,0,4
8807,4,0,4
8808,4,0,4
8809,4,0,4
8810,4,0,4
8811,4,0,4
8812,4,0,4
8813,4,0,4
8814,4,0,4
8815,4,0,4
8816,4,0,4
8817,4,0,4
8818,4,0,4
8819,4,0,4
8820,4,0,4
8821,4,0,4
8822,4,0,4
8823,4,0,4
8824,4,0,4
8825,4,0,4
8826,5,0,5
8827,5,0,5
8828,5,0,5
8829,5,0,5
8830,5,0,5
8831,5,0,5
8832,5,0,5
8833,5,0,5
8834,5,0,5
8835,5,0,5
8836,4,0,4
8837,5,0,5
8838,4,0,4
8839,4,0,4
8840,5,0,5
8841,5,0,5
8842,5,0,5
8843,5,0,5
8844,5,0,5
8845,5,0,5
8846,5,0,5
8847,5,0,5
8848,5,0,5
8849,5,0,5
8850,5,0,5
8851,5,0,5
8852,5,0,5
8853,5,0,5
8854,5,0,5
8855,5,0,5
8856,6,0,6
8857,6,0,6
8858,6,0,6
8859,6,0,6
8860,6,0,6
8861,6,0,6
8862,6,0,6
8863,6,0,6
8864,6,0,6
8865,6,0,6
8866,6,0,6
8867,6,0,6
8868,6,0,6
8869,6,0,6
8870,5,0,5
8871,5,0,5
8872,5,0,5
8873,5,0,5
8874,5,0,5
8875,5,0,5
8876,5,0,5
8877,5,0,5
8878,5,0,5
8879,5,0,5
8880,5,0,5
8881,5,0,5
8882,5,0,5
8883,5,0,5
8884,6,0,6
8885,6,0,6
8886,6,0,6
8887,6,0,6
8888,6,0,6
8889,6,0,6
8890,6,0,6
8891,6,0,6
8892,7,0,7
8893,7,0,7
8894,7,0,7
8895,8,0,8
8896,8,0,8
8897,7,0,7
8898,7,0,7
8899,7,0,7
8900,7,0,7
8901,7,0,7
8902,6,0,6
8903,6,0,6
8904,6,0,6
8905,6,0,6
8906,6,0,6
8907,5,0,5
8908,5,0,5
8909,5,0,5
8910,5,0,5
8911,5,0,5
8912,5,0,5
8913,4,0,4
8914,4,0,4
8915,4,0,4
8916,4,0,4
8917,4,0,4
8918,4,0,4
8919,4,0,4
8920,4,0,4
8921,4,0,4
8922,4,0,4
8923,4,0,4
8924,4,0,4
8925,4,0,4
8926,4,0,4
8927,4,0,4
8928,4,0,4
8929,4,0,4
8930,4,0,4
8931,4,0,4
8932,4,0,4
8933,4,0,4
8934,4,0,4
8935,4,0,4
8936,4,0,4
8937,4,0,4
8938,4,0,4
8939,4,0,4
8940,4,0,4
8941,4,0,4
8942,4,0,4
8943,4,0,4
8944,4,0,4
8945,4,0,4
8946,4,0,4
8947,4,0,4
8948,4,0,4
8949,3,0,3
8950,3,0,3
8951,3,0,3
8952,3,0,3
8953,3,0,3
8954,3,0,3
8955,3,0,3
8956,3,0,3
8957,3,0,3
8958,3,0,3
8959,3,0,3
8960,3,0,3
8961,3,0,3
8962,3,0,3
8963,3,0,3
8964,3,0,3
8965,3,0,3
8966,3,0,3
8967,3,0,3
8968,3,0,3
8969,3,0,3
8970,3,0,3
8971,3,0,3
8972,2,0,2
8973,2,0,2
8974,1,0,1
8975,1,0,1
8976,1,0,1
8977,1,0,1
8978,1,0,1
8979,1,0,1
8980,1,0,1
8981,1,0,1
8982,1,0,1
8983,1,0,1
8984,1,0,1
8985,1,0,1
8986,1,0,1
8987,1,0,1
8988,1,0,1
8989,1,0,1
8990,1,0,1
8991,1,0,1
8992,1,0,1
8993,1,0,1
8994,1,0,1
8995,1,0,1
8996,2,0,2
8997,2,0,2
8998,2,0,2
8999,2,0,2
9000,2,0,2
9001,2,0,2
9002,2,0,2
9003,2,0,2
9004,2,0,2
9005,2,0,2
9006,2,0,2
9007,2,0,2
9008,2,0,2
9009,2,0,2
9010,2,0,2
9011,2,0,2
9012,2,0,2
9013,2,0,2
9014,2,0,2
9015,2,0,2
9016,2,0,2
9017,2,0,2
9018,2,0,2
9019,2,0,2
9020,2,0,2
9021,2,0,2
9022,2,0,2
9023,2,0,2
9024,2,0,2
9025,2,0,2
9026,2,0,2
9027,2,0,2
9028,2,0,2
9029,2,0,2
9030,2,0,2
9031,2,0,2
9032,1,0,1
9033,1,0,1
9034,1,0,1
9035,1,0,1
9036,1,0,1
9037,2,0,2
9038,2,0,2
9039,2,0,2
9040,2,0,2
9041,1,1,2
9042,1,1,2
9043,1,1,2
9044,1,1,2
9045,1,1,2
9046,1,1,2
9047,1,1,2
9048,1,1,2
9049,1,1,2
9050,1,1,2
9051,1,1,2
9052,1,1,2
9053,1,1,2
9054,1,1,2
9055,1,1,2
9056,2,0,2
9057,2,0,2
9058,2,0,2
9059,2,0,2
9060,2,0,2
9061,2,0,2
9062,2,0,2
9063,2,0,2
9064,2,0,2
9065,2,0,2
9066,2,0,2
9067,2,0,2
9068,2,0,2
9069,2,0,2
9070,2,0,2
9071,2,0,2
9072,2,0,2
9073,1,0,1
9074,1,0,1
9075,1,0,1
9076,1,0,1
9077,1,0,1
9078,1,0,1
9079,1,0,1
9080,1,0,1
9081,1,0,1
9082,1,0,1
9083,1,0,1
9084,1,0,1
9085,1,0,1
9086,1,0,1
9087,1,0,1
9088,1,0,1
9089,1,0,1
9090,1,0,1
9091,1,0,1
9092,1,0,1
9093,1,0,1
9094,1,0,1
9095,1,0,1
9096,1,0,1
9097,1,0,1
9098,2,0,2
9099,2,0,2
9100,2,0,2
9101,2,0,2
9102,2,0,2
9103,2,0,2
9104,2,0,2
9105,2,0,2
9106,2,0,2
9107,2,0,2
9108,2,0,2
9109,2,0,2
9110,2,0,2
9111,2,0,2
9112,2,0,2
9113,2,0,2
9114,2,0,2
9115,2,0,2
9116,2,0,2
9117,2,0,2
9118,2,0,2
9119,2,0,2
9120,3,0,3
9121,3,0,3
9122,3,0,3
9123,3,0,3
9124,3,0,3
9125,3,0,3
9126,3,0,3
9127,3,0,3
9128,3,0,3
9129,3,0,3
9130,3,0,3
9131,3,0,3
9132,3,0,3
9133,3,0,3
9134,3,0,3
9135,3,0,3
9136,2,0,2
9137,2,0,2
9138,2,0,2
9139,2,0,2
9140,2,0,2
9141,2,0,2
9142,2,0,2
9143,2,0,2
9144,2,0,2
9145,2,0,2
9146,2,0,2
9147,2,0,2
9148,2,0,2
9149,2,0,2
9150,3,0,3
9151,3,0,3
9152,4,0,4
9153,4,0,4
9154,4,0,4
9155,4,0,4
9156,4,0,4
9157,4,0,4
9158,4,0,4
9159,4,0,4
9160,4,0,4
9161,4,0,4
9162,4,0,4
9163,4,0,4
9164,4,0,4
9165,4,0,4
9166,4,0,4
9167,4,0,4
9168,3,0,3
9169,3,0,3
9170,3,0,3
9171,3,0,3
9172,3,0,3
9173,3,0,3
9174,3,0,3
9175,3,0,3
9176,3,0,3
9177,3,0,3
9178,3,0,3
9179,3,0,3
9180,3,0,3
9181,3,0,3
9182,3,0,3
9183,3,0,3
9184,3,0,3
9185,3,0,3
9186,3,0,3
9187,3,0,3
9188,2,0,2
9189,2,0,2
9190,2,0,2
9191,2,0,2
9192,2,0,2
9193,2,0,2
9194,2,0,2
9195,2,0,2
9196,2,0,2
9197,2,0,2
9198,2,0,2
9199,2,0,2
9200,3,0,3
9201,3,0,3
9202,3,0,3
9203,3,0,3
9204,3,0,3
9205,3,0,3
9206,3,0,3
9207,2,0,2
9208,2,0,2
9209,2,0,2
9210,2,0,2
9211,2,0,2
9212,2,0,2
9213,2,0,2
9214,2,0,2
9215,2,0,2
9216,2,0,2
9217,2,0,2
9218,2,0,2
9219,2,0,2
9220,2,0,2
9221,2,0,2
9222,2,0,2
9223,2,0,2
9224,2,0,2
9225,2,0,2
9226,2,0,2
9227,2,0,2
9228,2,0,2
9229,2,0,2
9230,2,0,2
9231,2,0,2
9232,2,0,2
9233,2,0,2
9234,2,0,2
9235,2,0,2
9236,2,0,2
9237,2,0,2
9238,1,0,1
9239,1,0,1
9240,1,0,1
9241,1,0,1
9242,1,0,1
9243,1,0,1
9244,1,0,1
9245,1,0,1
9246,1,0,1
9247,1,0,1
9248,1,0,1
9249,1,0,1
9250,1,0,1
9251,1,0,1
9252,1,0,1
9253,1,0,1
9254,1,0,1
9255,1,0,1
9256,1,0,1
9257,1,0,1
9258,1,0,1
9259,1,0,1
9260,1,0,1
9261,1,0,1
9262,1,0,1
9263,1,0,1
9264,1,0,1
9265,1,0,1
9266,1,0,1
9267,1,0,1
9268,1,0,1
9269,1,0,1
9270,1,0,1
9271,1,0,1
9272,1,0,1
9273,1,0,1
9274,1,0,1
9275,1,0,1
9276,1,0,1
9277,1,0,1
9278,1,0,1
9279,1,0,1
9280,1,0,1
9281,1,0,1
9282,1,0,1
9283,1,0,1
9284,1,0,1
9285,1,0,1
9286,1,0,1
9287,1,0,1
9288,1,0,1
9289,1,0,1
9290,1,0,1
9291,1,0,1
9292,1,0,1
9293,1,0,1
9294,1,0,1
9295,1,0,1
9296,1,0,1
9297,1,0,1
9298,1,0,1
9299,1,0,1
9300,1,0,1
9301,1,0,1
9302,1,0,1
9303,1,0,1
9304,1,0,1
9305,1,0,1
9306,1,0,1
9307,1,0,1
9308,1,0,1
9309,1,0,1
9310,1,0,1
9311,1,0,1
9312,1,0,1
9313,1,0,1
9314,1,0,1
9315,1,0,1
9316,1,0,1
9317,1,0,1
9318,1,0,1
9319,1,0,1
9320,1,0,1
9321,1,0,1
9322,1,0,1
9323,1,0,1
9324,1,0,1
9325,1,0,1
9326,1,0,1
9327,1,0,1
9328,1,0,1
9329,1,0,1
9330,1,0,1
9331,1,0,1
9332,1,0,1
9333,1,0,1
9334,1,0,1
9335,1,0,1
9336,1,0,1
9337,1,0,1
9338,1,0,1
9339,1,0,1
9340,1,0,1
9341,1,0,1
9342,1,0,1
9343,1,0,1
9344,1,0,1
9345,1,0,1
9346,1,0,1
9347,1,0,1
9348,1,0,1
9349,1,0,1
9350,1,0,1
9351,1,0,1
9352,1,0,1
9353,1,0,1
9354,1,0,1
9355,1,0,1
9356,1,0,1
9357,1,0,1
9358,1,0,1
9359,1,0,1
9360,1,0,1
9361,1,0,1
9362,1,0,1
9363,1,0,1
9364,1,0,1
9365,1,0,1
9366,1,0,1
9367,1,0,1
9368,1,0,1
9369,1,0,1
9370,1,0,1
9371,1,0,1
9372,1,0,1
9373,1,0,1
9374,1,0,1
9375,1,0,1
9376,1,0,1
9377,1,0,1
9378,1,0,1
9379,1,0,1
9380,1,0,1
9381,1,0,1
9382,1,0,1
9383,1,0,1
9384,1,0,1
9385,1,0,1
9386,1,0,1
9387,1,0,1
9388,1,0,1
9389,1,0,1
9390,1,0,1
9391,1,0,1
9392,1,0,1
9393,1,0,1
9394,1,0,1
9395,1,0,1
9396,1,0,1
9397,1,0,1
9398,1,0,1
9399,1,0,1
9400,1,0,1
9401,1,0,1
9402,1,0,1
9403,1,0,1
9404,1,0,1
9405,1,0,1
9406,1,0,1
9407,1,0,1
9408,1,0,1
9409,1,0,1
9410,1,0,1
9411,1,0,1
9412,1,0,1
9413,1,0,1
9414,1,0,1
9415,1,0,1
9416,1,0,1
9417,1,0,1
9418,1,0,1
9419,1,0,1
9420,1,0,1
9421,1,0,1
9422,1,0,1
9423,1,0,1
9424,1,0,1
9425,1,0,1
9426,1,0,1
9427,1,0,1
9428,1,0,1
9429,1,0,1
9430,1,0,1
9431,1,0,1
9432,1,0,1
9433,1,0,1
9434,1,0,1
9435,1,0,1
9436,1,0,1
9437,1,0,1
9438,1,0,1
9439,1,0,1
9440,1,0,1
9441,1,0,1
9442,1,0,1
9443,1,0,1
9444,1,0,1
9445,1,0,1
9446,1,0,1
9447,1,0,1
9448,1,0,1
9449,1,0,1
9450,1,0,1
9451,1,0,1
9452,1,0,1
9453,1,0,1
9454,1,0,1
9455,1,0,1
9456,1,0,1
9457,1,0,1
9458,1,0,1
9459,1,0,1
9460,1,0,1
9461,1,0,1
9462,1,0,1
9463,1,0,1
9464,1,0,1
9465,1,0,1
9466,1,0,1
9467,1,0,1
9468,1,0,1
9469,2,0,2
9470,2,0,2
9471,2,0,2
9472,2,0,2
9473,2,0,2
9474,2,0,2
9475,2,0,2
9476,2,0,2
9477,2,0,2
9478,2,0,2
9479,2,0,2
9480,2,0,2
9481,2,0,2
9482,2,0,2
9483,2,0,2
9484,2,0,2
9485,2,0,2
9486,2,0,2
9487,2,0,2
9488,2,0,2
9489,2,0,2
9490,2,0,2
9491,3,0,3
9492,3,0,3
9493,3,0,3
9494,3,0,3
9495,3,0,3
9496,3,0,3
9497,3,0,3
9498,3,0,3
9499,3,0,3
9500,3,0,3
9501,3,0,3
9502,3,0,3
9503,3,0,3
9504,3,0,3
9505,3,0,3
9506,2,0,2
9507,2,0,2
9508,2,0,2
9509,2,0,2
9510,2,0,2
9511,2,0,2
9512,2,0,2
9513,2,0,2
9514,2,0,2
9515,2,0,2
9516,2,0,2
9517,2,0,2
9518,3,0,3
9519,3,0,3
9520,3,0,3
9521,3,0,3
9522,3,0,3
9523,3,0,3
9524,3,0,3
9525,3,0,3
9526,3,0,3
9527,3,0,3
9528,3,0,3
9529,3,0,3
9530,3,0,3
9531,3,0,3
9532,3,0,3
9533,4,0,4
9534,4,0,4
9535,4,0,4
9536,4,0,4
9537,4,0,4
9538,4,0,4
9539,4,0,4
9540,4,0,4
9541,4,0,4
9542,4,0,4
9543,4,0,4
9544,4,0,4
9545,4,0,4
9546,4,0,4
9547,4,0,4
9548,4,0,4
9549,4,0,4
9550,4,0,4
9551,4,0,4
9552,4,0,4
9553,4,0,4
9554,4,0,4
9555,4,0,4
9556,4,0,4
9557,4,0,4
9558,4,0,4
9559,4,0,4
9560,4,0,4
9561,4,0,4
9562,4,0,4
9563,4,0,4
9564,4,0,4
9565,4,0,4
9566,4,0,4
9567,4,0,4
9568,4,0,4
9569,4,0,4
9570,4,0,4
9571,4,0,4
9572,4,0,4
9573,4,0,4
9574,4,0,4
9575,4,0,4
9576,4,0,4
9577,4,0,4
9578,4,0,4
9579,4,0,4
9580,3,0,3
9581,3,0,3
9582,3,0,3
9583,3,0,3
9584,3,0,3
9585,3,0,3
9586,3,0,3
9587,3,0,3
9588,3,0,3
9589,3,0,3
9590,3,0,3
9591,3,0,3
9592,3,0,3
9593,3,0,3
9594,3,0,3
9595,3,0,3
9596,3,0,3
9597,3,0,3
9598,3,0,3
9599,2,0,2
9600,2,0,2
9601,2,0,2
9602,1,0,1
9603,1,0,1
9604,1,0,1
9605,1,0,1
9606,1,0,1
9607,1,0,1
9608,1,0,1
9609,1,0,1
9610,1,0,1
9611,1,0,1
9612,1,0,1
9613,1,0,1
9614,1,0,1
9615,1,0,1
9616,2,0,2
9617,2,0,2
9618,2,0,2
9619,2,0,2
9620,2,0,2
9621,2,0,2
9622,2,0,2
9623,2,0,2
9624,3,0,3
9625,3,0,3
9626,3,0,3
9627,3,0,3
9628,3,0,3
9629,3,0,3
9630,2,0,2
9631,2,0,2
9632,2,0,2
9633,2,0,2
9634,2,0,2
9635,2,0,2
9636,2,0,2
9637,2,0,2
9638,2,0,2
9639,2,0,2
9640,2,0,2
9641,2,0,2
9642,2,0,2
9643,2,0,2
9644,2,0,2
9645,1,1,2
9646,1,1,2
9647,1,1,2
9648,1,1,2
9649,1,1,2
9650,1,1,2
9651,1,1,2
9652,1,1,2
9653,1,1,2
9654,0,2,2
9655,0,2,2
9656,0,2,2
9657,0,2,2
9658,0,2,2
9659,0,2,2
9660,0,2,2
9661,0,2,2
9662,0,2,2
9663,0,2,2
9664,0,2,2
9665,0,2,2
9666,0,2,2
9667,1,1,2
9668,1,1,2
9669,1,1,2
9670,1,1,2
9671,1,1,2
9672,1,1,2
9673,2,0,2
9674,2,0,2
9675,2,0,2
9676,2,0,2
9677,2,0,2
9678,2,0,2
9679,2,0,2
9680,2,0,2
9681,2,0,2
9682,3,0,3
9683,3,0,3
9684,3,0,3
9685,3,0,3
9686,3,0,3
9687,3,0,3
9688,3,0,3
9689,3,0,3
9690,3,0,3
9691,3,0,3
9692,3,0,3
9693,3,0,3
9694,3,0,3
9695,3,0,3
9696,3,0,3
9697,3,0,3
9698,3,0,3
9699,3,0,3
9700,3,0,3
9701,3,0,3
9702,3,0,3
9703,3,0,3
9704,3,0,3
9705,3,0,3
9706,3,0,3
9707,3,0,3
9708,3,0,3
9709,3,0,3
9710,3,0,3
9711,3,0,3
9712,3,0,3
9713,3,0,3
9714,3,0,3
9715,3,0,3
9716,3,0,3
9717,3,0,3
9718,3,0,3
9719,2,0,2
9720,2,0,2
9721,2,0,2
9722,2,0,2
9723,2,0,2
9724,2,0,2
9725,2,0,2
9726,2,0,2
9727,2,0,2
9728,2,0,2
9729,2,0,2
9730,2,0,2
9731,2,0,2
9732,2,0,2
9733,2,0,2
9734,2,0,2
9735,2,0,2
9736,2,0,2
9737,2,0,2
9738,2,0,2
9739,2,0,2
9740,2,0,2
9741,2,0,2
9742,2,0,2
9743,2,0,2
9744,1,0,1
9745,1,0,1
9746,1,0,1
9747,1,0,1
9748,1,0,1
9749,0,0,0
9750,0,0,0
9751,0,0,0
9752,0,0,0
9753,0,0,0
9754,0,0,0
9755,0,0,0
9756,0,0,0
9757,0,0,0
9758,0,0,0
9759,0,0,0
9760,0,0,0
9761,0,0,0
9762,0,0,0
9763,0,0,0
9764,0,0,0
9765,0,0,0
9766,0,0,0
9767,0,0,0
9768,0,0,0
9769,0,0,0
9770,0,0,0
9771,0,0,0
9772,0,0,0
9773,0,0,0
9774,0,0,0
9775,0,0,0
9776,0,0,0
9777,0,0,0
9778,1,0,1
9779,1,0,1
9780,1,0,1
9781,1,0,1
9782,1,0,1
9783,1,0,1
9784,1,0,1
9785,1,0,1
9786,1,0,1
9787,1,0,1
9788,1,0,1
9789,1,0,1
9790,1,0,1
9791,1,0,1
9792,1,0,1
9793,1,0,1
9794,1,0,1
9795,1,0,1
9796,1,0,1
9797,2,0,2
9798,2,0,2
9799,2,0,2
9800,2,0,2
9801,2,0,2
9802,2,0,2
9803,2,0,2
9804,2,0,2
9805,2,0,2
9806,2,0,2
9807,2,0,2
9808,2,0,2
9809,2,0,2
9810,2,0,2
9811,2,0,2
9812,2,0,2
9813,2,0,2
9814,2,0,2
9815,2,0,2
9816,2,0,2
9817,2,0,2
9818,2,0,2
9819,2,0,2
9820,2,0,2
9821,2,0,2
9822,2,0,2
9823,2,0,2
9824,2,0,2
9825,2,0,2
9826,2,0,2
9827,2,0,2
9828,2,0,2
9829,2,0,2
9830,2,0,2
9831,2,0,2
9832,2,0,2
9833,2,0,2
9834,2,0,2
9835,2,0,2
9836,2,0,2
9837,2,0,2
9838,2,0,2
9839,2,0,2
9840,2,0,2
9841,2,0,2
9842,2,0,2
9843,2,0,2
9844,2,0,2
9845,2,0,2
9846,2,0,2
9847,2,0,2
9848,2,0,2
9849,2,0,2
9850,2,0,2
9851,2,0,2
9852,2,0,2
9853,2,0,2
9854,2,0,2
9855,2,0,2
9856,2,0,2
9857,2,0,2
9858,2,0,2
9859,2,0,2
9860,2,0,2
9861,2,0,2
9862,2,0,2
9863,2,0,2
9864,2,0,2
9865,2,0,2
9866,2,0,2
9867,2,0,2
9868,2,0,2
9869,2,0,2
9870,2,0,2
9871,2,0,2
9872,3,0,3
9873,3,0,3
9874,3,0,3
9875,3,0,3
9876,3,0,3
9877,3,0,3
9878,3,0,3
9879,3,0,3
9880,3,0,3
9881,3,0,3
9882,4,0,4
9883,4,0,4
9884,4,0,4
9885,4,0,4
9886,4,0,4
9887,4,0,4
9888,4,0,4
9889,4,0,4
9890,4,0,4
9891,4,0,4
9892,4,0,4
9893,4,0,4
9894,3,0,3
9895,3,0,3
9896,3,0,3
9897,3,0,3
9898,3,0,3
9899,3,0,3
9900,3,0,3
9901,3,0,3
9902,3,0,3
9903,3,0,3
9904,3,0,3
9905,3,0,3
9906,3,0,3
9907,2,0,2
9908,2,0,2
9909,2,0,2
9910,2,0,2
9911,2,0,2
9912,2,0,2
9913,2,0,2
9914,2,0,2
9915,2,0,2
9916,3,0,3
9917,3,0,3
9918,3,0,3
9919,3,0,3
9920,2,0,2
9921,2,0,2
9922,2,0,2
9923,2,0,2
9924,2,0,2
9925,2,0,2
9926,2,0,2
9927,2,0,2
9928,2,0,2
9929,2,0,2
9930,2,0,2
9931,2,0,2
9932,2,0,2
9933,2,0,2
9934,2,0,2
9935,2,0,2
9936,2,0,2
9937,2,0,2
9938,2,0,2
9939,2,0,2
9940,2,0,2
9941,2,0,2
9942,2,0,2
9943,2,0,2
9944,2,0,2
9945,2,0,2
9946,2,0,2
9947,2,0,2
9948,2,0,2
9949,2,0,2
9950,2,0,2
9951,2,0,2
9952,2,0,2
9953,2,0,2
9954,2,0,2
9955,2,0,2
9956,2,0,2
9957,2,0,2
9958,2,0,2
9959,2,0,2
9960,1,0,1
9961,1,0,1
9962,1,0,1
9963,1,0,1
9964,1,0,1
9965,1,0,1
9966,1,0,1
9967,1,0,1
9968,1,0,1
9969,1,0,1
9970,1,0,1
9971,1,0,1
9972,1,0,1
9973,1,0,1
9974,1,0,1
9975,1,0,1
9976,1,0,1
9977,1,0,1
9978,1,0,1
9979,1,0,1
9980,1,0,1
9981,1,0,1
9982,1,0,1
9983,1,0,1
9984,1,0,1
9985,1,0,1
9986,1,0,1
9987,1,0,1
9988,1,0,1
9989,1,0,1
9990,1,0,1
9991,1,0,1
9992,1,0,1
9993,1,0,1
9994,1,0,1
9995,1,0,1
9996,1,0,1
9997,1,0,1
9998,1,0,1
9999,1,0,1
10000,1,0,1
10001,1,0,1
10002,1,0,1
10003,1,0,1
10004,1,0,1
10005,1,0,1
10006,1,0,1
10007,1,0,1
10008,1,0,1
10009,1,0,1
10010,1,0,1
10011,1,0,1
10012,1,0,1
10013,1,0,1
10014,1,0,1
10015,1,0,1
10016,1,0,1
10017,1,0,1
10018,1,0,1
10019,1,0,1
10020,1,0,1
10021,1,0,1
10022,1,0,1
10023,1,0,1
10024,1,0,1
10025,1,0,1
10026,1,0,1
10027,1,0,1
10028,1,0,1
10029,1,0,1
10030,1,0,1
10031,1,0,1
10032,1,0,1
10033,1,0,1
10034,1,0,1
10035,1,0,1
10036,0,0,0
10037,0,0,0
10038,0,0,0
10039,0,0,0
10040,0,0,0
10041,0,0,0
10042,0,0,0
10043,0,0,0
10044,0,0,0
10045,0,0,0
10046,0,0,0
10047,0,0,0
10048,0,0,0
10049,0,0,0
10050,0,0,0
10051,0,0,0
10052,0,0,0
10053,0,0,0
10054,0,0,0
10055,0,0,0
10056,0,0,0
10057,0,0,0
10058,0,0,0
10059,0,0,0
10060,0,0,0
10061,0,0,0
10062,0,0,0
10063,0,0,0
10064,0,0,0
10065,0,0,0
10066,0,0,0
10067,0,0,0
10068,0,0,0
10069,0,0,0
10070,0,0,0
10071,0,0,0
10072,0,0,0
10073,0,0,0
10074,0,0,0
10075,0,0,0
10076,0,0,0
10077,0,0,0
10078,0,0,0
10079,0,0,0
10080,0,0,0
10081,0,0,0
10082,0,0,0
10083,0,0,0
10084,0,0,0
10085,0,0,0
10086,0,0,0
10087,0,0,0
10088,0,0,0
10089,0,0,0
10090,0,0,0
10091,1,0,1
10092,1,0,1
10093,1,0,1
10094,1,0,1
10095,1,0,1
10096,1,0,1
10097,1,0,1
10098,1,0,1
10099,1,0,1
10100,1,0,1
10101,1,0,1
10102,1,0,1
10103,1,0,1
10104,2,0,2
10105,3,0,3
10106,3,0,3
10107,3,0,3
10108,3,0,3
10109,3,0,3
10110,3,0,3
10111,3,0,3
10112,3,0,3
10113,3,0,3
10114,3,0,3
10115,3,0,3
10116,3,0,3
10117,3,0,3
10118,3,0,3
10119,3,0,3
10120,3,0,3
10121,3,0,3
10122,3,0,3
10123,3,0,3
10124,3,0,3
10125,3,0,3
10126,3,0,3
10127,3,0,3
10128,3,0,3
10129,2,0,2
10130,2,0,2
10131,2,0,2
10132,2,0,2
10133,2,0,2
10134,2,0,2
10135,2,0,2
10136,2,0,2
10137,2,0,2
10138,2,0,2
10139,2,0,2
10140,2,0,2
10141,2,0,2
10142,2,0,2
10143,2,0,2
10144,2,0,2
10145,2,0,2
10146,2,0,2
10147,2,0,2
10148,2,0,2
10149,2,0,2
10150,2,0,2
10151,2,0,2
10152,2,0,2
10153,2,0,2
10154,2,0,2
10155,2,0,2
10156,2,0,2
10157,1,0,1
10158,1,0,1
10159,1,0,1
10160,1,0,1
10161,1,0,1
10162,1,0,1
10163,0,0,0
10164,0,0,0
10165,0,0,0
10166,0,0,0
10167,0,0,0
10168,0,0,0
10169,0,0,0
10170,0,0,0
10171,0,0,0
10172,0,0,0
10173,0,0,0
10174,0,0,0
10175,0,0,0
10176,0,0,0
10177,0,0,0
10178,0,0,0
10179,0,0,0
10180,0,0,0
10181,0,0,0
10182,0,0,0
10183,0,0,0
10184,0,0,0
10185,0,0,0
10186,0,0,0
10187,0,0,0
10188,0,0,0
10189,0,0,0
10190,0,0,0
10191,0,0,0
10192,0,0,0
10193,0,0,0
10194,0,0,0
10195,0,0,0
10196,0,0,0
10197,0,0,0
10198,0,0,0
10199,0,0,0
10200,0,0,0
10201,0,0,0
10202,0,0,0
10203,0,0,0
10204,0,0,0
10205,0,0,0
10206,0,0,0
10207,0,0,0
10208,0,0,0
10209,0,0,0
10210,0,0,0
10211,0,0,0
10212,0,0,0
10213,0,0,0
10214,0,0,0
10215,0,0,0
10216,0,0,0
10217,0,0,0
10218,0,0,0
10219,0,0,0
10220,0,0,0
10221,0,0,0
10222,0,0,0
10223,0,0,0
10224,0,0,0
10225,0,0,0
10226,0,0,0
10227,0,0,0
10228,0,0,0
10229,0,0,0
10230,0,0,0
10231,0,0,0
10232,0,0,0
10233,0,0,0
10234,0,0,0
10235,0,0,0
10236,0,0,0
10237,0,0,0
10238,0,0,0
10239,0,0,0
10240,0,0,0
10241,0,0,0
10242,0,0,0
10243,0,0,0
10244,0,0,0
10245,0,0,0
10246,0,0,0
10247,0,0,0
10248,0,0,0
10249,0,0,0
10250,0,0,0
10251,0,0,0
10252,0,0,0
10253,0,0,0
10254,0,0,0
10255,0,0,0
10256,0,0,0
10257,0,0,0
10258,0,0,0
10259,0,0,0
10260,0,0,0
10261,0,0,0
10262,0,0,0
10263,0,0,0
10264,0,0,0
10265,0,0,0
10266,0,0,0
10267,0,0,0
10268,0,0,0
10269,0,0,0
10270,0,0,0
10271,0,0,0
10272,0,0,0
10273,0,0,0
10274,0,0,0
10275,0,0,0
10276,0,0,0
10277,0,0,0
10278,0,0,0
10279,0,0,0
10280,0,0,0
10281,0,0,0
10282,0,0,0
10283,0,0,0
10284,0,0,0
10285,0,0,0
10286,0,0,0
10287,0,0,0
10288,0,0,0
10289,0,0,0
10290,0,0,0
10291,0,0,0
10292,0,0,0
10293,0,0,0
10294,0,0,0
10295,0,0,0
10296,0,0,0
10297,0,0,0
10298,0,0,0
10299,0,0,0
10300,0,0,0
10301,0,0,0
10302,0,0,0
10303,0,0,0
10304,0,0,0
10305,0,0,0
10306,0,0,0
10307,0,0,0
10308,0,0,0
10309,0,0,0
10310,0,0,0
10311,0,0,0
10312,0,0,0
10313,0,0,0
10314,0,0,0
10315,0,0,0
10316,0,0,0
10317,0,0,0
10318,0,0,0
10319,0,0,0
10320,0,0,0
10321,1,0,1
10322,1,0,1
10323,1,0,1
10324,1,0,1
10325,1,0,1
10326,2,0,2
10327,2,0,2
10328,2,0,2
10329,2,0,2
10330,2,0,2
10331,2,0,2
10332,2,0,2
10333,2,0,2
10334,2,0,2
10335,3,0,3
10336,3,0,3
10337,3,0,3
10338,3,0,3
10339,3,0,3
10340,3,0,3
10341,3,0,3
10342,3,0,3
10343,3,0,3
10344,3,0,3
10345,3,0,3
10346,3,0,3
10347,3,0,3
10348,3,0,3
10349,3,0,3
10350,3,0,3
10351,3,0,3
10352,3,0,3
10353,3,0,3
10354,3,0,3
10355,3,0,3
10356,3,0,3
10357,3,0,3
10358,3,0,3
10359,3,0,3
10360,3,0,3
10361,3,0,3
10362,3,0,3
10363,4,0,4
10364,3,0,3
10365,3,0,3
10366,3,0,3
10367,2,0,2
10368,2,0,2
10369,2,0,2
10370,2,0,2
10371,2,0,2
10372,2,0,2
10373,2,0,2
10374,2,0,2
10375,2,0,2
10376,2,0,2
10377,2,0,2
10378,2,0,2
10379,2,0,2
10380,2,0,2
10381,2,0,2
10382,2,0,2
10383,2,0,2
10384,2,0,2
10385,2,0,2
10386,2,0,2
10387,2,0,2
10388,2,0,2
10389,2,0,2
10390,2,0,2
10391,2,0,2
10392,2,0,2
10393,2,0,2
10394,2,0,2
10395,2,0,2
10396,2,0,2
10397,2,0,2
10398,2,0,2
10399,2,0,2
10400,2,0,2
10401,2,0,2
10402,2,0,2
