second,idle_count,walking_count,total_count
0,0,0,0
1,0,0,0
2,0,0,0
3,0,0,0
4,0,0,0
5,0,0,0
6,0,0,0
7,0,0,0
8,0,0,0
9,0,0,0
10,0,0,0
11,0,0,0
12,0,0,0
13,0,0,0
14,0,0,0
15,0,0,0
16,0,0,0
17,0,0,0
18,0,0,0
19,0,0,0
20,0,0,0
21,0,0,0
22,0,0,0
23,0,0,0
24,0,0,0
25,0,0,0
26,0,0,0
27,0,0,0
28,0,0,0
29,0,0,0
30,0,0,0
31,0,0,0
32,0,0,0
33,0,0,0
34,0,0,0
35,0,0,0
36,0,0,0
37,0,0,0
38,0,0,0
39,0,0,0
40,0,0,0
41,0,0,0
42,0,0,0
43,0,0,0
44,0,0,0
45,0,0,0
46,0,0,0
47,0,0,0
48,0,0,0
49,0,0,0
50,0,0,0
51,0,0,0
52,0,0,0
53,0,0,0
54,0,0,0
55,0,0,0
56,0,0,0
57,0,0,0
58,0,0,0
59,0,0,0
60,0,0,0
61,0,0,0
62,0,0,0
63,0,0,0
64,1,0,1
65,1,0,1
66,1,0,1
67,1,0,1
68,1,0,1
69,1,0,1
70,1,0,1
71,1,0,1
72,1,0,1
73,1,0,1
74,1,0,1
75,1,0,1
76,1,0,1
77,1,0,1
78,1,0,1
79,1,0,1
80,1,0,1
81,1,0,1
82,1,0,1
83,1,0,1
84,1,0,1
85,1,0,1
86,1,0,1
87,1,0,1
88,1,0,1
89,1,0,1
90,1,0,1
91,1,0,1
92,1,0,1
93,1,0,1
94,1,0,1
95,1,0,1
96,1,0,1
97,1,0,1
98,1,0,1
99,1,0,1
100,1,0,1
101,1,0,1
102,1,0,1
103,1,0,1
104,1,0,1
105,1,0,1
106,1,0,1
107,1,0,1
108,1,0,1
109,1,0,1
110,1,0,1
111,1,0,1
112,1,0,1
113,1,0,1
114,1,0,1
115,1,0,1
116,1,0,1
117,1,0,1
118,1,0,1
119,1,0,1
120,1,0,1
121,1,0,1
122,1,0,1
123,1,0,1
124,1,0,1
125,1,0,1
126,1,0,1
127,1,0,1
128,1,0,1
129,1,0,1
130,1,0,1
131,1,0,1
132,1,0,1
133,1,0,1
134,1,0,1
135,1,0,1
136,1,0,1
137,1,0,1
138,2,0,2
139,2,0,2
140,2,0,2
141,2,0,2
142,2,0,2
143,2,0,2
144,2,0,2
145,1,0,1
146,1,0,1
147,1,0,1
148,1,0,1
149,1,0,1
150,1,0,1
151,1,0,1
152,1,0,1
153,1,0,1
154,2,0,2
155,2,0,2
156,2,0,2
157,2,0,2
158,2,0,2
159,2,0,2
160,2,0,2
161,2,0,2
162,3,0,3
163,3,0,3
164,3,0,3
165,3,0,3
166,3,0,3
167,3,0,3
168,3,0,3
169,3,0,3
170,3,0,3
171,3,0,3
172,3,0,3
173,3,0,3
174,4,0,4
175,4,0,4
176,4,0,4
177,4,0,4
178,4,0,4
179,4,0,4
180,4,0,4
181,4,0,4
182,4,0,4
183,4,0,4
184,4,0,4
185,4,0,4
186,3,0,3
187,3,0,3
188,4,0,4
189,4,0,4
190,3,0,3
191,3,0,3
192,3,0,3
193,3,0,3
194,3,0,3
195,3,0,3
196,3,0,3
197,3,0,3
198,3,0,3
199,3,0,3
200,2,0,2
201,2,0,2
202,2,0,2
203,2,0,2
204,2,0,2
205,2,0,2
206,2,0,2
207,2,0,2
208,2,0,2
209,2,0,2
210,2,0,2
211,2,0,2
212,2,0,2
213,2,0,2
214,2,0,2
215,2,0,2
216,2,0,2
217,2,0,2
218,2,0,2
219,2,0,2
220,2,0,2
221,2,0,2
222,1,0,1
223,1,0,1
224,1,0,1
225,1,0,1
226,1,0,1
227,1,0,1
228,1,0,1
229,1,0,1
230,1,0,1
231,1,0,1
232,1,0,1
233,1,0,1
234,1,0,1
235,1,0,1
236,1,0,1
237,1,0,1
238,1,0,1
239,1,0,1
240,1,0,1
241,1,0,1
242,1,0,1
243,1,0,1
244,1,0,1
245,1,0,1
246,1,0,1
247,1,0,1
248,1,0,1
249,1,0,1
250,1,0,1
251,1,0,1
252,1,0,1
253,1,0,1
254,1,0,1
255,1,0,1
256,1,0,1
257,1,0,1
258,1,0,1
259,1,0,1
260,1,0,1
261,1,0,1
262,1,0,1
263,1,0,1
264,0,0,0
265,0,0,0
266,0,0,0
267,0,0,0
268,0,0,0
269,0,0,0
270,0,0,0
271,0,0,0
272,0,0,0
273,0,0,0
274,0,0,0
275,0,0,0
276,0,0,0
277,0,0,0
278,0,0,0
279,0,0,0
280,0,0,0
281,0,0,0
282,0,0,0
283,0,0,0
284,0,0,0
285,0,0,0
286,0,0,0
287,0,0,0
288,0,0,0
289,0,0,0
290,0,0,0
291,0,0,0
292,0,0,0
293,0,0,0
294,0,0,0
295,0,0,0
296,0,0,0
297,0,0,0
298,0,0,0
299,0,0,0
300,0,0,0
301,0,0,0
302,0,0,0
303,0,0,0
304,0,0,0
305,0,0,0
306,0,0,0
307,0,0,0
308,0,0,0
309,0,0,0
310,0,0,0
311,0,0,0
312,0,0,0
313,0,0,0
314,0,0,0
315,0,0,0
316,0,0,0
317,0,0,0
318,0,0,0
319,0,0,0
320,0,0,0
321,0,0,0
322,0,0,0
323,0,0,0
324,0,0,0
325,0,0,0
326,0,0,0
327,0,0,0
328,0,0,0
329,0,0,0
330,0,0,0
331,0,0,0
332,0,0,0
333,0,0,0
334,0,0,0
335,0,0,0
336,0,0,0
337,0,0,0
338,0,0,0
339,0,0,0
340,0,0,0
341,0,0,0
342,0,0,0
343,0,0,0
344,0,0,0
345,0,0,0
346,0,0,0
347,0,0,0
348,0,0,0
349,0,0,0
350,0,0,0
351,0,0,0
352,0,0,0
353,0,0,0
354,0,0,0
355,0,0,0
356,0,0,0
357,0,0,0
358,0,0,0
359,0,0,0
360,0,0,0
361,0,0,0
362,0,0,0
363,0,0,0
364,0,0,0
365,0,0,0
366,0,0,0
367,0,0,0
368,0,0,0
369,0,0,0
370,0,0,0
371,0,0,0
372,0,0,0
373,0,0,0
374,0,0,0
375,1,0,1
376,1,0,1
377,1,0,1
378,1,0,1
379,1,0,1
380,1,0,1
381,1,0,1
382,1,0,1
383,1,0,1
384,1,0,1
385,1,0,1
386,1,0,1
387,1,0,1
388,2,0,2
389,2,0,2
390,2,0,2
391,2,0,2
392,2,0,2
393,2,0,2
394,2,0,2
395,2,0,2
396,2,0,2
397,2,0,2
398,2,0,2
399,2,0,2
400,2,0,2
401,2,0,2
402,2,0,2
403,2,0,2
404,2,0,2
405,2,0,2
406,2,0,2
407,2,0,2
408,2,0,2
409,2,0,2
410,2,0,2
411,2,0,2
412,2,0,2
413,2,0,2
414,2,0,2
415,2,0,2
416,2,0,2
417,1,0,1
418,1,0,1
419,1,0,1
420,1,0,1
421,1,0,1
422,1,0,1
423,1,0,1
424,1,0,1
425,1,0,1
426,1,0,1
427,1,0,1
428,1,0,1
429,2,0,2
430,2,0,2
431,2,0,2
432,2,0,2
433,2,0,2
434,2,0,2
435,2,0,2
436,2,0,2
437,2,0,2
438,2,0,2
439,2,0,2
440,2,0,2
441,2,0,2
442,2,0,2
443,2,0,2
444,2,0,2
445,2,0,2
446,2,0,2
447,2,0,2
448,2,0,2
449,2,0,2
450,2,0,2
451,2,0,2
452,2,0,2
453,2,0,2
454,2,0,2
455,2,0,2
456,2,0,2
457,2,0,2
458,2,0,2
459,2,0,2
460,2,0,2
461,2,0,2
462,2,0,2
463,2,0,2
464,1,0,1
465,1,0,1
466,1,0,1
467,1,0,1
468,2,0,2
469,2,0,2
470,2,0,2
471,2,0,2
472,2,0,2
473,2,0,2
474,2,0,2
475,2,0,2
476,2,0,2
477,2,0,2
478,2,0,2
479,2,0,2
480,2,0,2
481,2,0,2
482,2,0,2
483,2,0,2
484,2,0,2
485,2,0,2
486,2,0,2
487,2,0,2
488,2,0,2
489,2,0,2
490,2,0,2
491,2,0,2
492,2,0,2
493,2,0,2
494,2,0,2
495,2,0,2
496,2,0,2
497,2,0,2
498,2,0,2
499,2,0,2
500,2,0,2
501,2,0,2
502,2,0,2
503,2,0,2
504,2,0,2
505,2,0,2
506,2,0,2
507,2,0,2
508,2,0,2
509,2,0,2
510,2,0,2
511,2,0,2
512,2,0,2
513,2,0,2
514,2,0,2
515,2,0,2
516,2,0,2
517,2,0,2
518,2,0,2
519,2,0,2
520,2,0,2
521,2,0,2
522,2,0,2
523,2,0,2
524,2,0,2
525,2,0,2
526,2,0,2
527,2,0,2
528,2,0,2
529,2,0,2
530,2,0,2
531,2,0,2
532,2,0,2
533,2,0,2
534,2,0,2
535,2,0,2
536,2,0,2
537,2,0,2
538,2,0,2
539,2,0,2
540,2,0,2
541,2,0,2
542,2,0,2
543,2,0,2
544,2,0,2
545,2,0,2
546,2,0,2
547,2,0,2
548,1,0,1
549,1,0,1
550,1,0,1
551,1,0,1
552,1,0,1
553,0,0,0
554,0,0,0
555,0,0,0
556,0,0,0
557,0,0,0
558,0,0,0
559,0,0,0
560,0,0,0
561,0,0,0
562,0,0,0
563,0,0,0
564,0,0,0
565,0,0,0
566,0,0,0
567,0,0,0
568,0,0,0
569,0,0,0
570,0,0,0
571,0,0,0
572,0,0,0
573,0,0,0
574,0,0,0
575,0,0,0
576,0,0,0
577,0,0,0
578,0,0,0
579,0,0,0
580,0,0,0
581,0,0,0
582,0,0,0
583,0,0,0
584,0,0,0
585,0,0,0
586,0,0,0
587,0,0,0
588,0,0,0
589,0,0,0
590,0,0,0
591,0,0,0
592,0,0,0
593,0,0,0
594,0,0,0
595,0,0,0
596,0,0,0
597,0,0,0
598,0,0,0
599,0,0,0
600,0,0,0
601,0,0,0
602,0,0,0
603,0,0,0
604,0,0,0
605,0,0,0
606,0,0,0
607,0,0,0
608,0,0,0
609,0,0,0
610,0,0,0
611,0,0,0
612,0,0,0
613,0,0,0
614,0,0,0
615,0,0,0
616,0,0,0
617,0,0,0
618,0,0,0
619,0,0,0
620,0,0,0
621,0,0,0
622,0,0,0
623,0,0,0
624,0,0,0
625,0,0,0
626,0,0,0
627,0,0,0
628,0,0,0
629,0,0,0
630,0,0,0
631,0,0,0
632,0,0,0
633,0,0,0
634,0,0,0
635,0,0,0
636,0,0,0
637,0,0,0
638,0,0,0
639,0,0,0
640,0,0,0
641,0,0,0
642,0,0,0
643,0,0,0
644,0,0,0
645,0,0,0
646,0,0,0
647,0,0,0
648,0,0,0
649,0,0,0
650,0,0,0
651,0,0,0
652,0,0,0
653,0,0,0
654,0,0,0
655,0,0,0
656,0,0,0
657,0,0,0
658,0,0,0
659,0,0,0
660,0,0,0
661,0,0,0
662,0,0,0
663,0,0,0
664,0,0,0
665,0,0,0
666,0,0,0
667,0,0,0
668,0,0,0
669,0,0,0
670,0,0,0
671,0,0,0
672,0,0,0
673,0,0,0
674,0,0,0
675,0,0,0
676,0,0,0
677,0,0,0
678,0,0,0
679,0,0,0
680,0,0,0
681,0,0,0
682,0,0,0
683,0,0,0
684,0,0,0
685,0,0,0
686,0,0,0
687,0,0,0
688,0,0,0
689,0,0,0
690,0,0,0
691,0,0,0
692,0,0,0
693,0,0,0
694,0,0,0
695,0,0,0
696,0,0,0
697,0,0,0
698,0,0,0
699,0,0,0
700,0,0,0
701,0,0,0
702,0,0,0
703,0,0,0
704,0,0,0
705,0,0,0
706,0,0,0
707,0,0,0
708,0,0,0
709,0,0,0
710,0,0,0
711,0,0,0
712,0,0,0
713,0,0,0
714,0,0,0
715,0,0,0
716,0,0,0
717,0,0,0
718,0,0,0
719,0,0,0
720,0,0,0
721,0,0,0
722,0,0,0
723,0,0,0
724,0,0,0
725,0,0,0
726,0,0,0
727,0,0,0
728,0,0,0
729,0,0,0
730,0,0,0
731,0,0,0
732,0,0,0
733,0,0,0
734,0,0,0
735,0,0,0
736,0,0,0
737,0,0,0
738,0,0,0
739,0,0,0
740,0,0,0
741,0,0,0
742,0,0,0
743,0,0,0
744,0,0,0
745,0,0,0
746,0,0,0
747,0,0,0
748,0,0,0
749,0,0,0
750,0,0,0
751,0,0,0
752,0,0,0
753,0,0,0
754,0,0,0
755,0,0,0
756,0,0,0
757,0,0,0
758,0,0,0
759,0,0,0
760,0,0,0
761,0,0,0
762,0,0,0
763,0,0,0
764,0,0,0
765,0,0,0
766,0,0,0
767,0,0,0
768,0,0,0
769,0,0,0
770,0,0,0
771,0,0,0
772,0,0,0
773,0,0,0
774,0,0,0
775,0,0,0
776,0,0,0
777,0,0,0
778,0,0,0
779,0,0,0
780,0,0,0
781,0,0,0
782,0,0,0
783,0,0,0
784,0,0,0
785,0,0,0
786,0,0,0
787,0,0,0
788,0,0,0
789,0,0,0
790,0,0,0
791,0,0,0
792,0,0,0
793,0,0,0
794,0,0,0
795,0,0,0
796,0,0,0
797,0,0,0
798,0,0,0
799,0,0,0
800,0,0,0
801,0,0,0
802,0,0,0
803,0,0,0
804,0,0,0
805,0,0,0
806,0,0,0
807,0,0,0
808,0,0,0
809,0,0,0
810,0,0,0
811,0,0,0
812,0,0,0
813,0,0,0
814,0,0,0
815,0,0,0
816,0,0,0
817,0,0,0
818,0,0,0
819,0,0,0
820,0,0,0
821,0,0,0
822,0,0,0
823,0,0,0
824,0,0,0
825,0,0,0
826,0,0,0
827,0,0,0
828,0,0,0
829,0,0,0
830,0,0,0
831,0,0,0
832,0,0,0
833,0,0,0
834,0,0,0
835,0,0,0
836,0,0,0
837,0,0,0
838,0,0,0
839,0,0,0
840,0,0,0
841,0,0,0
842,0,0,0
843,0,0,0
844,0,0,0
845,0,0,0
846,0,0,0
847,0,0,0
848,0,0,0
849,0,0,0
850,0,0,0
851,0,0,0
852,0,0,0
853,0,0,0
854,0,0,0
855,0,0,0
856,0,0,0
857,0,0,0
858,0,0,0
859,0,0,0
860,0,0,0
861,0,0,0
862,0,0,0
863,0,0,0
864,0,0,0
865,0,0,0
866,0,0,0
867,0,0,0
868,0,0,0
869,0,0,0
870,0,0,0
871,0,0,0
872,0,0,0
873,0,0,0
874,0,0,0
875,0,0,0
876,0,0,0
877,0,0,0
878,0,0,0
879,0,0,0
880,0,0,0
881,0,0,0
882,0,0,0
883,0,0,0
884,0,0,0
885,0,0,0
886,0,0,0
887,0,0,0
888,0,0,0
889,0,0,0
890,0,0,0
891,0,0,0
892,0,0,0
893,0,0,0
894,0,0,0
895,0,0,0
896,0,0,0
897,0,0,0
898,0,0,0
899,0,0,0
900,0,0,0
901,0,0,0
902,0,0,0
903,0,0,0
904,0,0,0
905,0,0,0
906,0,0,0
907,0,0,0
908,0,0,0
909,0,0,0
910,0,0,0
911,0,0,0
912,0,0,0
913,0,0,0
914,0,0,0
915,0,0,0
916,0,0,0
917,0,0,0
918,0,0,0
919,0,0,0
920,0,0,0
921,0,0,0
922,0,0,0
923,0,0,0
924,0,0,0
925,0,0,0
926,0,0,0
927,0,0,0
928,0,0,0
929,0,0,0
930,0,0,0
931,0,0,0
932,0,0,0
933,0,0,0
934,0,0,0
935,0,0,0
936,0,0,0
937,0,0,0
938,0,0,0
939,0,0,0
940,0,0,0
941,0,0,0
942,0,0,0
943,0,0,0
944,0,0,0
945,0,0,0
946,0,0,0
947,0,0,0
948,0,0,0
949,0,0,0
950,0,0,0
951,0,0,0
952,0,0,0
953,0,0,0
954,0,0,0
955,0,0,0
956,0,0,0
957,0,0,0
958,0,0,0
959,0,0,0
960,0,0,0
961,0,0,0
962,0,0,0
963,0,0,0
964,0,0,0
965,0,0,0
966,0,0,0
967,0,0,0
968,0,0,0
969,0,0,0
970,0,0,0
971,0,0,0
972,0,0,0
973,0,0,0
974,0,0,0
975,0,0,0
976,0,0,0
977,0,0,0
978,0,0,0
979,0,0,0
980,0,0,0
981,0,0,0
982,0,0,0
983,0,0,0
984,0,0,0
985,0,0,0
986,0,0,0
987,0,0,0
988,0,0,0
989,0,0,0
990,0,0,0
991,0,0,0
992,0,0,0
993,0,0,0
994,0,0,0
995,0,0,0
996,0,0,0
997,0,0,0
998,0,0,0
999,0,0,0
1000,0,0,0
1001,0,0,0
1002,0,0,0
1003,0,0,0
1004,0,0,0
1005,0,0,0
1006,0,0,0
1007,0,0,0
1008,0,0,0
1009,0,0,0
1010,0,0,0
1011,0,0,0
1012,0,0,0
1013,0,0,0
1014,0,0,0
1015,0,0,0
1016,0,0,0
1017,0,0,0
1018,0,0,0
1019,0,0,0
1020,0,0,0
1021,0,0,0
1022,0,0,0
1023,0,0,0
1024,0,0,0
1025,0,0,0
1026,0,0,0
1027,0,0,0
1028,0,0,0
1029,0,0,0
1030,0,0,0
1031,0,0,0
1032,0,0,0
1033,0,0,0
1034,0,0,0
1035,0,0,0
1036,0,0,0
1037,0,0,0
1038,0,0,0
1039,0,0,0
1040,0,0,0
1041,0,0,0
1042,0,0,0
1043,0,0,0
1044,0,0,0
1045,0,0,0
1046,0,0,0
1047,0,0,0
1048,0,0,0
1049,0,0,0
1050,0,0,0
1051,0,0,0
1052,0,0,0
1053,0,0,0
1054,0,0,0
1055,0,0,0
1056,0,0,0
1057,0,0,0
1058,0,0,0
1059,0,0,0
1060,0,0,0
1061,0,0,0
1062,0,0,0
1063,0,0,0
1064,0,0,0
1065,0,0,0
1066,0,0,0
1067,0,0,0
1068,0,0,0
1069,0,0,0
1070,0,0,0
1071,0,0,0
1072,0,0,0
1073,0,0,0
1074,0,0,0
1075,0,0,0
1076,0,0,0
1077,0,0,0
1078,0,0,0
1079,0,0,0
1080,0,0,0
1081,0,0,0
1082,0,0,0
1083,0,0,0
1084,0,0,0
1085,0,0,0
1086,0,0,0
1087,0,0,0
1088,0,0,0
1089,0,0,0
1090,0,0,0
1091,0,0,0
1092,0,0,0
1093,0,0,0
1094,0,0,0
1095,0,0,0
1096,0,0,0
1097,0,0,0
1098,0,0,0
1099,0,0,0
1100,0,0,0
1101,0,0,0
1102,0,0,0
1103,0,0,0
1104,0,0,0
1105,0,0,0
1106,0,0,0
1107,0,0,0
1108,0,0,0
1109,0,0,0
1110,0,0,0
1111,0,0,0
1112,0,0,0
1113,0,0,0
1114,0,0,0
1115,0,0,0
1116,0,0,0
1117,0,0,0
1118,0,0,0
1119,0,0,0
1120,0,0,0
1121,0,0,0
1122,0,0,0
1123,0,0,0
1124,0,0,0
1125,0,0,0
1126,0,0,0
1127,0,0,0
1128,0,0,0
1129,0,0,0
1130,0,0,0
1131,0,0,0
1132,0,0,0
1133,0,0,0
1134,0,0,0
1135,0,0,0
1136,0,0,0
1137,0,0,0
1138,0,0,0
1139,0,0,0
1140,0,0,0
1141,0,0,0
1142,0,0,0
1143,0,0,0
1144,0,0,0
1145,0,0,0
1146,0,0,0
1147,0,0,0
1148,0,0,0
1149,0,0,0
1150,0,0,0
1151,0,0,0
1152,0,0,0
1153,0,0,0
1154,0,0,0
1155,0,0,0
1156,0,0,0
1157,0,0,0
1158,0,0,0
1159,0,0,0
1160,0,0,0
1161,0,0,0
1162,0,0,0
1163,0,0,0
1164,0,0,0
1165,0,0,0
1166,0,0,0
1167,0,0,0
1168,0,0,0
1169,0,0,0
1170,0,0,0
1171,0,0,0
1172,0,0,0
1173,0,0,0
1174,0,0,0
1175,0,0,0
1176,0,0,0
1177,0,0,0
1178,0,0,0
1179,0,0,0
1180,0,0,0
1181,0,0,0
1182,0,0,0
1183,0,0,0
1184,0,0,0
1185,0,0,0
1186,0,0,0
1187,0,0,0
1188,0,0,0
1189,0,0,0
1190,0,0,0
1191,0,0,0
1192,0,0,0
1193,0,0,0
1194,0,0,0
1195,0,0,0
1196,0,0,0
1197,0,0,0
1198,0,0,0
1199,0,0,0
1200,0,0,0
1201,0,0,0
1202,0,0,0
1203,0,0,0
1204,0,0,0
1205,0,0,0
1206,0,0,0
1207,0,0,0
1208,0,0,0
1209,0,0,0
1210,0,0,0
1211,0,0,0
1212,0,0,0
1213,0,0,0
1214,0,0,0
1215,0,0,0
1216,0,0,0
1217,0,0,0
1218,0,0,0
1219,0,0,0
1220,0,0,0
1221,0,0,0
1222,0,0,0
1223,0,0,0
1224,0,0,0
1225,0,0,0
1226,0,0,0
1227,0,0,0
1228,0,0,0
1229,0,0,0
1230,0,0,0
1231,0,0,0
1232,0,0,0
1233,0,0,0
1234,0,0,0
1235,0,0,0
1236,0,0,0
1237,0,0,0
1238,0,0,0
1239,0,0,0
1240,0,0,0
1241,0,0,0
1242,0,0,0
1243,0,0,0
1244,0,0,0
1245,0,0,0
1246,0,0,0
1247,0,0,0
1248,0,0,0
1249,0,0,0
1250,0,0,0
1251,0,0,0
1252,0,0,0
1253,0,0,0
1254,0,0,0
1255,0,0,0
1256,0,0,0
1257,0,0,0
1258,0,0,0
1259,0,0,0
1260,0,0,0
1261,0,0,0
1262,0,0,0
1263,1,0,1
1264,1,0,1
1265,1,0,1
1266,1,0,1
1267,1,0,1
1268,2,0,2
1269,2,0,2
1270,2,0,2
1271,2,0,2
1272,2,0,2
1273,2,0,2
1274,2,0,2
1275,2,0,2
1276,2,0,2
1277,2,0,2
1278,2,0,2
1279,2,0,2
1280,2,0,2
1281,2,0,2
1282,2,0,2
1283,2,0,2
1284,2,0,2
1285,2,0,2
1286,2,0,2
1287,2,0,2
1288,2,0,2
1289,2,0,2
1290,2,0,2
1291,2,0,2
1292,2,0,2
1293,2,0,2
1294,2,0,2
1295,2,0,2
1296,2,0,2
1297,2,0,2
1298,2,0,2
1299,2,0,2
1300,2,0,2
1301,2,0,2
1302,2,0,2
1303,2,0,2
1304,2,0,2
1305,2,0,2
1306,2,0,2
1307,2,0,2
1308,2,0,2
1309,2,0,2
1310,2,0,2
1311,2,0,2
1312,2,0,2
1313,2,0,2
1314,2,0,2
1315,2,0,2
1316,2,0,2
1317,2,0,2
1318,2,0,2
1319,2,0,2
1320,2,0,2
1321,2,0,2
1322,2,0,2
1323,2,0,2
1324,2,0,2
1325,2,0,2
1326,2,0,2
1327,2,0,2
1328,2,0,2
1329,2,0,2
1330,2,0,2
1331,2,0,2
1332,1,0,1
1333,1,0,1
1334,1,0,1
1335,1,0,1
1336,1,0,1
1337,1,0,1
1338,1,0,1
1339,1,0,1
1340,1,0,1
1341,1,0,1
1342,1,0,1
1343,1,0,1
1344,1,0,1
1345,1,0,1
1346,1,0,1
1347,1,0,1
1348,1,0,1
1349,1,0,1
1350,1,0,1
1351,1,0,1
1352,1,0,1
1353,1,0,1
1354,1,0,1
1355,1,0,1
1356,1,0,1
1357,1,0,1
1358,1,0,1
1359,1,0,1
1360,1,0,1
1361,1,0,1
1362,1,0,1
1363,1,0,1
1364,1,0,1
1365,1,0,1
1366,1,0,1
1367,1,0,1
1368,1,0,1
1369,1,0,1
1370,1,0,1
1371,1,0,1
1372,1,0,1
1373,1,0,1
1374,1,0,1
1375,1,0,1
1376,1,0,1
1377,1,0,1
1378,1,0,1
1379,1,0,1
1380,1,0,1
1381,1,0,1
1382,1,0,1
1383,1,0,1
1384,1,0,1
1385,1,0,1
1386,1,0,1
1387,1,0,1
1388,1,0,1
1389,1,0,1
1390,1,0,1
1391,0,0,0
1392,0,0,0
1393,0,0,0
1394,0,0,0
1395,0,0,0
1396,0,0,0
1397,0,0,0
1398,0,0,0
1399,0,0,0
1400,0,0,0
1401,0,0,0
1402,0,0,0
1403,0,0,0
1404,0,0,0
1405,0,0,0
1406,0,0,0
1407,0,0,0
1408,0,0,0
1409,0,0,0
1410,0,0,0
1411,0,0,0
1412,0,0,0
1413,0,0,0
1414,0,0,0
1415,0,0,0
1416,0,0,0
1417,0,0,0
1418,0,0,0
1419,0,0,0
1420,0,0,0
1421,0,0,0
1422,0,0,0
1423,0,0,0
1424,0,0,0
1425,0,0,0
1426,0,0,0
1427,0,0,0
1428,0,0,0
1429,0,0,0
1430,0,0,0
1431,0,0,0
1432,0,0,0
1433,0,0,0
1434,0,0,0
1435,0,0,0
1436,0,0,0
1437,0,0,0
1438,0,0,0
1439,0,0,0
1440,0,0,0
1441,0,0,0
1442,0,0,0
1443,0,0,0
1444,0,0,0
1445,0,0,0
1446,0,0,0
1447,0,0,0
1448,0,0,0
1449,0,0,0
1450,0,0,0
1451,0,0,0
1452,0,0,0
1453,0,0,0
1454,0,0,0
1455,0,0,0
1456,0,0,0
1457,0,0,0
1458,0,0,0
1459,0,0,0
1460,0,0,0
1461,0,0,0
1462,0,0,0
1463,0,0,0
1464,0,0,0
1465,0,0,0
1466,0,0,0
1467,0,0,0
1468,0,0,0
1469,0,0,0
1470,0,0,0
1471,0,0,0
1472,0,0,0
1473,0,0,0
1474,0,0,0
1475,0,0,0
1476,0,0,0
1477,0,0,0
1478,0,0,0
1479,0,0,0
1480,0,0,0
1481,0,0,0
1482,0,0,0
1483,0,0,0
1484,0,0,0
1485,0,0,0
1486,0,0,0
1487,0,0,0
1488,0,0,0
1489,0,0,0
1490,0,0,0
1491,0,0,0
1492,0,0,0
1493,0,0,0
1494,0,0,0
1495,0,0,0
1496,0,0,0
1497,0,0,0
1498,0,0,0
1499,0,0,0
1500,0,0,0
1501,0,0,0
1502,0,0,0
1503,0,0,0
1504,0,0,0
1505,0,0,0
1506,0,0,0
1507,0,0,0
1508,0,0,0
1509,0,0,0
1510,0,0,0
1511,0,0,0
1512,0,0,0
1513,0,0,0
1514,0,0,0
1515,0,0,0
1516,0,0,0
1517,0,0,0
1518,0,0,0
1519,0,0,0
1520,0,0,0
1521,0,0,0
1522,0,0,0
1523,0,0,0
1524,0,0,0
1525,0,0,0
1526,0,0,0
1527,0,0,0
1528,0,0,0
1529,0,0,0
1530,0,0,0
1531,0,0,0
1532,0,0,0
1533,0,0,0
1534,0,0,0
1535,0,0,0
1536,0,0,0
1537,0,0,0
1538,0,0,0
1539,0,0,0
1540,0,0,0
1541,0,0,0
1542,0,0,0
1543,0,0,0
1544,0,0,0
1545,0,0,0
1546,0,0,0
1547,0,0,0
1548,0,0,0
1549,0,0,0
1550,0,0,0
1551,0,0,0
1552,0,0,0
1553,0,0,0
1554,0,0,0
1555,0,0,0
1556,0,0,0
1557,0,0,0
1558,0,0,0
1559,0,0,0
1560,0,0,0
1561,0,0,0
1562,0,0,0
1563,0,0,0
1564,0,0,0
1565,0,0,0
1566,0,0,0
1567,0,0,0
1568,0,0,0
1569,0,0,0
1570,0,0,0
1571,0,0,0
1572,0,0,0
1573,0,0,0
1574,0,0,0
1575,0,0,0
1576,0,0,0
1577,0,0,0
1578,0,0,0
1579,0,0,0
1580,0,0,0
1581,0,0,0
1582,0,0,0
1583,0,0,0
1584,0,0,0
1585,0,0,0
1586,0,0,0
1587,0,0,0
1588,0,0,0
1589,0,0,0
1590,0,0,0
1591,0,0,0
1592,0,0,0
1593,0,0,0
1594,0,0,0
1595,0,0,0
1596,0,0,0
1597,0,0,0
1598,0,0,0
1599,0,0,0
1600,0,0,0
1601,0,0,0
1602,0,0,0
1603,0,0,0
1604,0,0,0
1605,0,0,0
1606,0,0,0
1607,0,0,0
1608,0,0,0
1609,0,0,0
1610,0,0,0
1611,0,0,0
1612,0,0,0
1613,0,0,0
1614,0,0,0
1615,0,0,0
1616,0,0,0
1617,0,0,0
1618,0,0,0
1619,0,0,0
1620,0,0,0
1621,0,0,0
1622,0,0,0
1623,0,0,0
1624,0,0,0
1625,0,0,0
1626,0,0,0
1627,0,0,0
1628,0,0,0
1629,0,0,0
1630,1,0,1
1631,1,0,1
1632,1,0,1
1633,1,0,1
1634,1,0,1
1635,1,0,1
1636,1,0,1
1637,1,0,1
1638,1,0,1
1639,1,0,1
1640,1,0,1
1641,1,0,1
1642,1,0,1
1643,1,0,1
1644,1,0,1
1645,1,0,1
1646,2,0,2
1647,2,0,2
1648,2,0,2
1649,2,0,2
1650,2,0,2
1651,2,0,2
1652,2,0,2
1653,2,0,2
1654,2,0,2
1655,2,0,2
1656,2,0,2
1657,2,0,2
1658,2,0,2
1659,2,0,2
1660,2,0,2
1661,2,0,2
1662,2,0,2
1663,2,0,2
1664,3,0,3
1665,3,0,3
1666,2,0,2
1667,2,0,2
1668,2,0,2
1669,2,0,2
1670,2,0,2
1671,2,0,2
1672,2,0,2
1673,2,0,2
1674,2,0,2
1675,2,0,2
1676,2,0,2
1677,2,0,2
1678,2,0,2
1679,2,0,2
1680,2,0,2
1681,2,0,2
1682,2,0,2
1683,2,0,2
1684,2,0,2
1685,2,0,2
1686,2,0,2
1687,2,0,2
1688,2,0,2
1689,2,0,2
1690,2,0,2
1691,2,0,2
1692,2,0,2
1693,3,0,3
1694,3,0,3
1695,3,0,3
1696,3,0,3
1697,3,0,3
1698,3,0,3
1699,3,0,3
1700,2,0,2
1701,2,0,2
1702,2,0,2
1703,2,0,2
1704,2,0,2
1705,2,0,2
1706,2,0,2
1707,2,0,2
1708,2,0,2
1709,2,0,2
1710,2,0,2
1711,2,0,2
1712,2,0,2
1713,2,0,2
1714,2,0,2
1715,2,0,2
1716,2,0,2
1717,2,0,2
1718,2,0,2
1719,2,0,2
1720,2,0,2
1721,2,0,2
1722,2,0,2
1723,2,0,2
1724,2,0,2
1725,2,0,2
1726,2,0,2
1727,2,0,2
1728,2,0,2
1729,1,0,1
1730,1,0,1
1731,1,0,1
1732,1,0,1
1733,1,0,1
1734,1,0,1
1735,1,0,1
1736,1,0,1
1737,1,0,1
1738,1,0,1
1739,1,0,1
1740,1,0,1
1741,1,0,1
1742,1,0,1
1743,1,0,1
1744,1,0,1
1745,1,0,1
1746,1,0,1
1747,1,0,1
1748,1,0,1
1749,1,0,1
1750,1,0,1
1751,1,0,1
1752,1,0,1
1753,1,0,1
1754,1,0,1
1755,1,0,1
1756,1,0,1
1757,1,0,1
1758,1,0,1
1759,1,0,1
1760,1,0,1
1761,1,0,1
1762,1,0,1
1763,1,0,1
1764,2,0,2
1765,2,0,2
1766,2,0,2
1767,2,0,2
1768,2,0,2
1769,2,0,2
1770,2,0,2
1771,2,0,2
1772,2,0,2
1773,2,0,2
1774,2,0,2
1775,2,0,2
1776,2,0,2
1777,2,0,2
1778,1,0,1
1779,1,0,1
1780,1,0,1
1781,2,0,2
1782,2,0,2
1783,2,0,2
1784,2,0,2
1785,2,0,2
1786,2,0,2
1787,2,0,2
1788,3,0,3
1789,3,0,3
1790,3,0,3
1791,3,0,3
1792,3,0,3
1793,3,0,3
1794,3,0,3
1795,3,0,3
1796,3,0,3
1797,3,0,3
1798,3,0,3
1799,3,0,3
1800,3,0,3
1801,3,0,3
1802,3,0,3
1803,3,0,3
1804,2,0,2
1805,2,0,2
1806,2,0,2
1807,2,0,2
1808,2,0,2
1809,2,0,2
1810,2,0,2
1811,2,0,2
1812,2,0,2
1813,2,0,2
1814,2,0,2
1815,2,0,2
1816,2,0,2
1817,2,0,2
1818,2,0,2
1819,1,0,1
1820,1,0,1
1821,1,0,1
1822,1,0,1
1823,1,0,1
1824,1,0,1
1825,1,0,1
1826,1,0,1
1827,1,0,1
1828,0,0,0
1829,0,0,0
1830,0,0,0
1831,0,0,0
1832,0,0,0
1833,0,0,0
1834,0,0,0
1835,0,0,0
1836,0,0,0
1837,0,0,0
1838,0,0,0
1839,0,0,0
1840,0,0,0
1841,0,0,0
1842,0,0,0
1843,0,0,0
1844,0,0,0
1845,0,0,0
1846,0,0,0
1847,0,0,0
1848,0,0,0
1849,0,0,0
1850,0,0,0
1851,0,0,0
1852,0,0,0
1853,0,0,0
1854,0,0,0
1855,0,0,0
1856,0,0,0
1857,0,0,0
1858,0,0,0
1859,0,0,0
1860,0,0,0
1861,0,0,0
1862,0,0,0
1863,0,0,0
1864,0,0,0
1865,0,0,0
1866,0,0,0
1867,0,0,0
1868,0,0,0
1869,0,0,0
1870,0,0,0
1871,0,0,0
1872,0,0,0
1873,0,0,0
1874,0,0,0
1875,0,0,0
1876,0,0,0
1877,0,0,0
1878,0,0,0
1879,0,0,0
1880,0,0,0
1881,0,0,0
1882,0,0,0
1883,0,0,0
1884,0,0,0
1885,0,0,0
1886,0,0,0
1887,0,0,0
1888,0,0,0
1889,0,0,0
1890,0,0,0
1891,0,0,0
1892,0,0,0
1893,0,0,0
1894,0,0,0
1895,0,0,0
1896,0,0,0
1897,0,0,0
1898,0,0,0
1899,0,0,0
1900,0,0,0
1901,0,0,0
1902,0,0,0
1903,0,0,0
1904,0,0,0
1905,0,0,0
1906,0,0,0
1907,0,0,0
1908,0,0,0
1909,0,0,0
1910,0,0,0
1911,0,0,0
1912,0,0,0
1913,0,0,0
1914,0,0,0
1915,0,0,0
1916,0,0,0
1917,0,0,0
1918,0,0,0
1919,0,0,0
1920,0,0,0
1921,0,0,0
1922,0,0,0
1923,0,0,0
1924,0,0,0
1925,0,0,0
1926,0,0,0
1927,0,0,0
1928,0,0,0
1929,1,0,1
1930,1,0,1
1931,1,0,1
1932,1,0,1
1933,1,0,1
1934,1,0,1
1935,1,0,1
1936,1,0,1
1937,1,0,1
1938,1,0,1
1939,1,0,1
1940,1,0,1
1941,1,0,1
1942,1,0,1
1943,1,0,1
1944,1,0,1
1945,1,0,1
1946,1,0,1
1947,1,0,1
1948,1,0,1
1949,1,0,1
1950,1,0,1
1951,1,0,1
1952,1,0,1
1953,1,0,1
1954,1,0,1
1955,1,0,1
1956,1,0,1
1957,1,0,1
1958,1,0,1
1959,1,0,1
1960,1,0,1
1961,1,0,1
1962,1,0,1
1963,1,0,1
1964,1,0,1
1965,1,0,1
1966,1,0,1
1967,0,0,0
1968,0,0,0
1969,0,0,0
1970,0,0,0
1971,0,0,0
1972,0,0,0
1973,0,0,0
1974,0,0,0
1975,0,0,0
1976,0,0,0
1977,0,0,0
1978,0,0,0
1979,0,0,0
1980,0,0,0
1981,0,0,0
1982,0,0,0
1983,0,0,0
1984,0,0,0
1985,0,0,0
1986,0,0,0
1987,0,0,0
1988,0,0,0
1989,0,0,0
1990,0,0,0
1991,0,0,0
1992,0,0,0
1993,0,0,0
1994,0,0,0
1995,0,0,0
1996,0,0,0
1997,0,0,0
1998,0,0,0
1999,0,0,0
2000,0,0,0
2001,0,0,0
2002,0,0,0
2003,0,0,0
2004,0,0,0
2005,0,0,0
2006,0,0,0
2007,0,0,0
2008,0,0,0
2009,0,0,0
2010,0,0,0
2011,0,0,0
2012,0,0,0
2013,0,0,0
2014,0,0,0
2015,0,0,0
2016,0,0,0
2017,0,0,0
2018,0,0,0
2019,0,0,0
2020,0,0,0
2021,0,0,0
2022,0,0,0
2023,0,0,0
2024,0,0,0
2025,0,0,0
2026,0,0,0
2027,0,0,0
2028,0,0,0
2029,0,0,0
2030,0,0,0
2031,0,0,0
2032,0,0,0
2033,0,0,0
2034,0,0,0
2035,0,0,0
2036,0,0,0
2037,0,0,0
2038,0,0,0
2039,0,0,0
2040,0,0,0
2041,0,0,0
2042,0,0,0
2043,0,0,0
2044,0,0,0
2045,0,0,0
2046,0,0,0
2047,0,0,0
2048,0,0,0
2049,0,0,0
2050,0,0,0
2051,0,0,0
2052,0,0,0
2053,0,0,0
2054,0,0,0
2055,0,0,0
2056,0,0,0
2057,0,0,0
2058,0,0,0
2059,0,0,0
2060,0,0,0
2061,0,0,0
2062,0,0,0
2063,0,0,0
2064,0,0,0
2065,0,0,0
2066,0,0,0
2067,0,0,0
2068,0,0,0
2069,0,0,0
2070,0,0,0
2071,0,0,0
2072,0,0,0
2073,0,0,0
2074,0,0,0
2075,0,0,0
2076,0,0,0
2077,0,0,0
2078,0,0,0
2079,0,0,0
2080,0,0,0
2081,0,0,0
2082,0,0,0
2083,0,0,0
2084,0,0,0
2085,0,0,0
2086,0,0,0
2087,0,0,0
2088,0,0,0
2089,0,0,0
2090,0,0,0
2091,0,0,0
2092,0,0,0
2093,0,0,0
2094,0,0,0
2095,0,0,0
2096,0,0,0
2097,0,0,0
2098,0,0,0
2099,0,0,0
2100,0,0,0
2101,0,0,0
2102,0,0,0
2103,0,0,0
2104,0,0,0
2105,0,0,0
2106,0,0,0
2107,0,0,0
2108,0,0,0
2109,0,0,0
2110,0,0,0
2111,0,0,0
2112,0,0,0
2113,0,0,0
2114,0,0,0
2115,0,0,0
2116,0,0,0
2117,0,0,0
2118,0,0,0
2119,0,0,0
2120,0,0,0
2121,0,0,0
2122,0,0,0
2123,0,0,0
2124,0,0,0
2125,0,0,0
2126,0,0,0
2127,0,0,0
2128,0,0,0
2129,0,0,0
2130,0,0,0
2131,0,0,0
2132,0,0,0
2133,0,0,0
2134,0,0,0
2135,0,0,0
2136,0,0,0
2137,0,0,0
2138,0,0,0
2139,0,0,0
2140,0,0,0
2141,0,0,0
2142,0,0,0
2143,0,0,0
2144,0,0,0
2145,0,0,0
2146,0,0,0
2147,0,0,0
2148,0,0,0
2149,0,0,0
2150,0,0,0
2151,0,0,0
2152,0,0,0
2153,0,0,0
2154,0,0,0
2155,0,0,0
2156,0,0,0
2157,0,0,0
2158,0,0,0
2159,0,0,0
2160,0,0,0
2161,0,0,0
2162,0,0,0
2163,0,0,0
2164,0,0,0
2165,0,0,0
2166,0,0,0
2167,0,0,0
2168,0,0,0
2169,0,0,0
2170,0,0,0
2171,0,0,0
2172,0,0,0
2173,0,0,0
2174,0,0,0
2175,0,0,0
2176,0,0,0
2177,0,0,0
2178,0,0,0
2179,0,0,0
2180,0,0,0
2181,0,0,0
2182,0,0,0
2183,0,0,0
2184,0,0,0
2185,0,0,0
2186,0,0,0
2187,0,0,0
2188,0,0,0
2189,0,0,0
2190,0,0,0
2191,0,0,0
2192,0,0,0
2193,0,0,0
2194,0,0,0
2195,0,0,0
2196,0,0,0
2197,0,0,0
2198,0,0,0
2199,0,0,0
2200,0,0,0
2201,0,0,0
2202,0,0,0
2203,0,0,0
2204,0,0,0
2205,0,0,0
2206,0,0,0
2207,0,0,0
2208,0,0,0
2209,0,0,0
2210,0,0,0
2211,0,0,0
2212,0,0,0
2213,0,0,0
2214,0,0,0
2215,0,0,0
2216,0,0,0
2217,0,0,0
2218,0,0,0
2219,0,0,0
2220,0,0,0
2221,0,0,0
2222,0,0,0
2223,0,0,0
2224,0,0,0
2225,0,0,0
2226,0,0,0
2227,0,0,0
2228,0,0,0
2229,0,0,0
2230,0,0,0
2231,0,0,0
2232,0,0,0
2233,0,0,0
2234,0,0,0
2235,0,0,0
2236,0,0,0
2237,0,0,0
2238,0,0,0
2239,0,0,0
2240,0,0,0
2241,0,0,0
2242,0,0,0
2243,0,0,0
2244,0,0,0
2245,0,0,0
2246,0,0,0
2247,0,0,0
2248,0,0,0
2249,0,0,0
2250,0,0,0
2251,0,0,0
2252,0,0,0
2253,0,0,0
2254,0,0,0
2255,0,0,0
2256,0,0,0
2257,0,0,0
2258,0,0,0
2259,1,0,1
2260,1,0,1
2261,1,0,1
2262,1,0,1
2263,1,0,1
2264,1,0,1
2265,1,0,1
2266,1,0,1
2267,1,0,1
2268,1,0,1
2269,1,0,1
2270,1,0,1
2271,1,0,1
2272,1,0,1
2273,1,0,1
2274,1,0,1
2275,1,0,1
2276,1,0,1
2277,1,0,1
2278,1,0,1
2279,1,0,1
2280,1,0,1
2281,1,0,1
2282,1,0,1
2283,1,0,1
2284,1,0,1
2285,1,0,1
2286,1,0,1
2287,1,0,1
2288,1,0,1
2289,1,0,1
2290,1,0,1
2291,1,0,1
2292,1,0,1
2293,1,0,1
2294,1,0,1
2295,1,0,1
2296,1,0,1
2297,1,0,1
2298,1,0,1
2299,1,0,1
2300,1,0,1
2301,1,0,1
2302,1,0,1
2303,1,0,1
2304,1,0,1
2305,1,0,1
2306,1,0,1
2307,1,0,1
2308,1,0,1
2309,1,0,1
2310,1,0,1
2311,1,0,1
2312,1,0,1
2313,1,0,1
2314,1,0,1
2315,1,0,1
2316,1,0,1
2317,1,0,1
2318,1,0,1
2319,1,0,1
2320,2,0,2
2321,2,0,2
2322,2,0,2
2323,1,0,1
2324,1,0,1
2325,1,0,1
2326,1,0,1
2327,1,0,1
2328,1,0,1
2329,1,0,1
2330,1,0,1
2331,1,0,1
2332,1,0,1
2333,1,0,1
2334,1,0,1
2335,1,0,1
2336,1,0,1
2337,1,0,1
2338,1,0,1
2339,1,0,1
2340,1,0,1
2341,1,0,1
2342,1,0,1
2343,1,0,1
2344,1,0,1
2345,1,0,1
2346,1,0,1
2347,1,0,1
2348,1,0,1
2349,1,0,1
2350,1,0,1
2351,1,0,1
2352,1,0,1
2353,1,0,1
2354,1,0,1
2355,1,0,1
2356,1,0,1
2357,1,0,1
2358,1,0,1
2359,1,0,1
2360,1,0,1
2361,1,0,1
2362,1,0,1
2363,1,0,1
2364,1,0,1
2365,1,0,1
2366,1,0,1
2367,1,0,1
2368,1,0,1
2369,1,0,1
2370,1,0,1
2371,1,0,1
2372,1,0,1
2373,1,0,1
2374,1,0,1
2375,1,0,1
2376,1,0,1
2377,1,0,1
2378,1,0,1
2379,1,0,1
2380,1,0,1
2381,1,0,1
2382,1,0,1
2383,1,0,1
2384,0,0,0
2385,0,0,0
2386,0,0,0
2387,0,0,0
2388,0,0,0
2389,0,0,0
2390,0,0,0
2391,0,0,0
2392,0,0,0
2393,0,0,0
2394,1,0,1
2395,1,0,1
2396,1,0,1
2397,1,0,1
2398,1,0,1
2399,1,0,1
2400,1,0,1
2401,1,0,1
2402,1,0,1
2403,1,0,1
2404,1,0,1
2405,1,0,1
2406,1,0,1
2407,1,0,1
2408,1,0,1
2409,1,0,1
2410,1,0,1
2411,1,0,1
2412,1,0,1
2413,1,0,1
2414,1,0,1
2415,1,0,1
2416,1,0,1
2417,1,0,1
2418,1,0,1
2419,1,0,1
2420,1,0,1
2421,1,0,1
2422,1,0,1
2423,1,0,1
2424,1,0,1
2425,1,0,1
2426,1,0,1
2427,1,0,1
2428,1,0,1
2429,1,0,1
2430,1,0,1
2431,1,0,1
2432,1,0,1
2433,1,0,1
2434,1,0,1
2435,1,0,1
2436,1,0,1
2437,1,0,1
2438,1,0,1
2439,1,0,1
2440,0,0,0
2441,0,0,0
2442,0,0,0
2443,0,0,0
2444,0,0,0
2445,1,0,1
2446,1,0,1
2447,1,0,1
2448,1,0,1
2449,1,0,1
2450,1,0,1
2451,1,0,1
2452,1,0,1
2453,1,0,1
2454,1,0,1
2455,1,0,1
2456,1,0,1
2457,1,0,1
2458,1,0,1
2459,1,0,1
2460,1,0,1
2461,1,0,1
2462,1,0,1
2463,1,0,1
2464,1,0,1
2465,1,0,1
2466,1,0,1
2467,1,0,1
2468,1,0,1
2469,1,0,1
2470,1,0,1
2471,1,0,1
2472,1,0,1
2473,1,0,1
2474,1,0,1
2475,1,0,1
2476,1,0,1
2477,1,0,1
2478,1,0,1
2479,1,0,1
2480,1,0,1
2481,1,0,1
2482,1,0,1
2483,1,0,1
2484,1,0,1
2485,1,0,1
2486,1,0,1
2487,1,0,1
2488,1,0,1
2489,1,0,1
2490,1,0,1
2491,1,0,1
2492,1,0,1
2493,1,0,1
2494,1,0,1
2495,1,0,1
2496,1,0,1
2497,1,0,1
2498,1,0,1
2499,1,0,1
2500,1,0,1
2501,1,0,1
2502,1,0,1
2503,1,0,1
2504,1,0,1
2505,0,0,0
2506,0,0,0
2507,0,0,0
2508,0,0,0
2509,0,0,0
2510,0,0,0
2511,0,0,0
2512,0,0,0
2513,0,0,0
2514,0,0,0
2515,0,0,0
2516,0,0,0
2517,0,0,0
2518,0,0,0
2519,0,0,0
2520,0,0,0
2521,0,0,0
2522,0,0,0
2523,0,0,0
2524,0,0,0
2525,0,0,0
2526,0,0,0
2527,0,0,0
2528,0,0,0
2529,0,0,0
2530,0,0,0
2531,0,0,0
2532,0,0,0
2533,0,0,0
2534,0,0,0
2535,0,0,0
2536,0,0,0
2537,0,0,0
2538,0,0,0
2539,0,0,0
2540,0,0,0
2541,0,0,0
2542,0,0,0
2543,0,0,0
2544,0,0,0
2545,0,0,0
2546,0,0,0
2547,0,0,0
2548,0,0,0
2549,0,0,0
2550,0,0,0
2551,0,0,0
2552,0,0,0
2553,0,0,0
2554,0,0,0
2555,0,0,0
2556,0,0,0
2557,1,0,1
2558,1,0,1
2559,1,0,1
2560,1,0,1
2561,1,0,1
2562,1,0,1
2563,1,0,1
2564,1,0,1
2565,1,0,1
2566,1,0,1
2567,1,0,1
2568,1,0,1
2569,1,0,1
2570,1,0,1
2571,1,0,1
2572,1,0,1
2573,1,0,1
2574,1,0,1
2575,1,0,1
2576,1,0,1
2577,1,0,1
2578,1,0,1
2579,1,0,1
2580,1,0,1
2581,1,0,1
2582,1,0,1
2583,1,0,1
2584,1,0,1
2585,1,0,1
2586,1,0,1
2587,1,0,1
2588,1,0,1
2589,1,0,1
2590,1,0,1
2591,1,0,1
2592,1,0,1
2593,1,0,1
2594,1,0,1
2595,0,0,0
2596,0,0,0
2597,0,0,0
2598,0,0,0
2599,0,0,0
2600,0,0,0
2601,0,0,0
2602,0,0,0
2603,0,0,0
2604,0,0,0
2605,0,0,0
2606,0,0,0
2607,0,0,0
2608,0,0,0
2609,0,0,0
2610,0,0,0
2611,0,0,0
2612,0,0,0
2613,0,0,0
2614,0,0,0
2615,0,0,0
2616,0,0,0
2617,0,0,0
2618,0,0,0
2619,0,0,0
2620,0,0,0
2621,0,0,0
2622,0,0,0
2623,0,0,0
2624,0,0,0
2625,0,0,0
2626,0,0,0
2627,0,0,0
2628,0,0,0
2629,0,0,0
2630,0,0,0
2631,0,0,0
2632,0,0,0
2633,0,0,0
2634,0,0,0
2635,0,0,0
2636,0,0,0
2637,0,0,0
2638,0,0,0
2639,0,0,0
2640,0,0,0
2641,0,0,0
2642,0,0,0
2643,0,0,0
2644,0,0,0
2645,0,0,0
2646,0,0,0
2647,0,0,0
2648,0,0,0
2649,0,0,0
2650,0,0,0
2651,0,0,0
2652,0,0,0
2653,0,0,0
2654,0,0,0
2655,0,0,0
2656,0,0,0
2657,0,0,0
2658,0,0,0
2659,0,0,0
2660,0,0,0
2661,0,0,0
2662,0,0,0
2663,0,0,0
2664,0,0,0
2665,0,0,0
2666,0,0,0
2667,0,0,0
2668,0,0,0
2669,0,0,0
2670,0,0,0
2671,0,0,0
2672,0,0,0
2673,0,0,0
2674,0,0,0
2675,0,0,0
2676,0,0,0
2677,0,0,0
2678,0,0,0
2679,0,0,0
2680,0,0,0
2681,0,0,0
2682,0,0,0
2683,0,0,0
2684,0,0,0
2685,0,0,0
2686,0,0,0
2687,0,0,0
2688,0,0,0
2689,0,0,0
2690,0,0,0
2691,0,0,0
2692,0,0,0
2693,0,0,0
2694,0,0,0
2695,0,0,0
2696,0,0,0
2697,0,0,0
2698,0,0,0
2699,0,0,0
2700,0,0,0
2701,0,0,0
2702,0,0,0
2703,0,0,0
2704,0,0,0
2705,0,0,0
2706,0,0,0
2707,0,0,0
2708,0,0,0
2709,0,0,0
2710,0,0,0
2711,0,0,0
2712,0,0,0
2713,0,0,0
2714,0,0,0
2715,0,0,0
2716,0,0,0
2717,0,0,0
2718,0,0,0
2719,0,0,0
2720,0,0,0
2721,0,0,0
2722,0,0,0
2723,0,0,0
2724,0,0,0
2725,0,0,0
2726,0,0,0
2727,0,0,0
2728,0,0,0
2729,0,0,0
2730,0,0,0
2731,0,0,0
2732,0,0,0
2733,0,0,0
2734,0,0,0
2735,0,0,0
2736,0,0,0
2737,0,0,0
2738,0,0,0
2739,0,0,0
2740,0,0,0
2741,0,0,0
2742,0,0,0
2743,0,0,0
2744,0,0,0
2745,0,0,0
2746,0,0,0
2747,0,0,0
2748,0,0,0
2749,0,0,0
2750,0,0,0
2751,1,0,1
2752,1,0,1
2753,1,0,1
2754,1,0,1
2755,1,0,1
2756,1,0,1
2757,1,0,1
2758,1,0,1
2759,1,0,1
2760,1,0,1
2761,1,0,1
2762,1,0,1
2763,1,0,1
2764,1,0,1
2765,1,0,1
2766,1,0,1
2767,1,0,1
2768,1,0,1
2769,1,0,1
2770,1,0,1
2771,1,0,1
2772,1,0,1
2773,1,0,1
2774,1,0,1
2775,1,0,1
2776,1,0,1
2777,1,0,1
2778,1,0,1
2779,1,0,1
2780,1,0,1
2781,1,0,1
2782,0,1,1
2783,0,1,1
2784,0,1,1
2785,0,1,1
2786,0,1,1
2787,0,1,1
2788,0,1,1
2789,0,1,1
2790,0,1,1
2791,0,1,1
2792,0,1,1
2793,0,1,1
2794,0,1,1
2795,0,1,1
2796,0,1,1
2797,0,1,1
2798,0,1,1
2799,0,1,1
2800,0,1,1
2801,0,1,1
2802,0,1,1
2803,0,1,1
2804,0,1,1
2805,0,1,1
2806,0,1,1
2807,0,1,1
2808,0,1,1
2809,0,1,1
2810,0,1,1
2811,0,1,1
2812,0,1,1
2813,0,1,1
2814,0,1,1
2815,0,1,1
2816,0,1,1
2817,0,1,1
2818,0,1,1
2819,0,1,1
2820,0,1,1
2821,0,1,1
2822,0,1,1
2823,0,1,1
2824,0,1,1
2825,0,1,1
2826,0,1,1
2827,0,1,1
2828,0,1,1
2829,0,1,1
2830,0,1,1
2831,0,0,0
2832,0,0,0
2833,0,0,0
2834,0,0,0
2835,0,0,0
2836,0,0,0
2837,0,0,0
2838,0,0,0
2839,0,0,0
2840,0,0,0
2841,0,0,0
2842,0,0,0
2843,0,0,0
2844,0,0,0
2845,0,0,0
2846,0,0,0
2847,0,0,0
2848,0,0,0
2849,0,0,0
2850,0,0,0
2851,0,0,0
2852,0,0,0
2853,0,0,0
2854,0,0,0
2855,0,0,0
2856,0,0,0
2857,0,0,0
2858,0,0,0
2859,0,0,0
2860,0,0,0
2861,0,0,0
2862,0,0,0
2863,0,0,0
2864,0,0,0
2865,0,0,0
2866,0,0,0
2867,0,0,0
2868,0,0,0
2869,0,0,0
2870,0,0,0
2871,0,0,0
2872,0,0,0
2873,0,0,0
2874,0,0,0
2875,0,0,0
2876,0,0,0
2877,0,0,0
2878,0,0,0
2879,0,0,0
2880,0,0,0
2881,0,0,0
2882,0,0,0
2883,0,0,0
2884,0,0,0
2885,0,0,0
2886,0,0,0
2887,0,0,0
2888,0,0,0
2889,0,0,0
2890,0,0,0
2891,0,0,0
2892,0,0,0
2893,0,0,0
2894,0,0,0
2895,0,0,0
2896,0,0,0
2897,0,0,0
2898,0,0,0
2899,0,0,0
2900,0,0,0
2901,0,0,0
2902,0,0,0
2903,0,0,0
2904,0,0,0
2905,0,0,0
2906,0,0,0
2907,0,0,0
2908,0,0,0
2909,0,0,0
2910,0,0,0
2911,0,0,0
2912,0,0,0
2913,0,0,0
2914,0,0,0
2915,0,0,0
2916,0,0,0
2917,0,0,0
2918,0,0,0
2919,0,0,0
2920,0,0,0
2921,0,0,0
2922,0,0,0
2923,0,0,0
2924,0,0,0
2925,0,0,0
2926,0,0,0
2927,0,0,0
2928,0,0,0
2929,0,0,0
2930,0,0,0
2931,0,0,0
2932,0,0,0
2933,0,0,0
2934,0,0,0
2935,0,0,0
2936,0,0,0
2937,0,0,0
2938,0,0,0
2939,0,0,0
2940,0,0,0
2941,0,0,0
2942,0,0,0
2943,0,0,0
2944,0,0,0
2945,0,0,0
2946,0,0,0
2947,0,0,0
2948,0,0,0
2949,0,0,0
2950,0,0,0
2951,0,0,0
2952,0,0,0
2953,0,0,0
2954,0,0,0
2955,0,0,0
2956,0,0,0
2957,0,0,0
2958,0,0,0
2959,1,0,1
2960,1,0,1
2961,1,0,1
2962,1,0,1
2963,1,0,1
2964,1,0,1
2965,1,0,1
2966,1,0,1
2967,1,0,1
2968,1,0,1
2969,1,0,1
2970,1,0,1
2971,1,0,1
2972,1,0,1
2973,1,0,1
2974,1,0,1
2975,1,0,1
2976,1,0,1
2977,1,0,1
2978,1,0,1
2979,1,0,1
2980,1,0,1
2981,1,0,1
2982,1,0,1
2983,1,0,1
2984,1,0,1
2985,1,0,1
2986,1,0,1
2987,1,0,1
2988,0,1,1
2989,0,1,1
2990,0,1,1
2991,0,1,1
2992,0,1,1
2993,0,1,1
2994,0,1,1
2995,0,1,1
2996,0,1,1
2997,0,1,1
2998,0,1,1
2999,0,1,1
3000,0,1,1
3001,0,1,1
3002,0,1,1
3003,0,1,1
3004,0,1,1
3005,0,1,1
3006,0,1,1
3007,0,1,1
3008,0,1,1
3009,0,1,1
3010,0,1,1
3011,1,0,1
3012,1,0,1
3013,1,0,1
3014,1,0,1
3015,1,0,1
3016,1,0,1
3017,1,0,1
3018,1,0,1
3019,0,0,0
3020,0,0,0
3021,0,0,0
3022,0,0,0
3023,0,0,0
3024,0,0,0
3025,0,0,0
3026,0,0,0
3027,0,0,0
3028,0,0,0
3029,0,0,0
3030,0,0,0
3031,0,0,0
3032,0,0,0
3033,0,0,0
3034,0,0,0
3035,0,0,0
3036,0,0,0
3037,0,0,0
3038,0,0,0
3039,0,0,0
3040,0,0,0
3041,0,0,0
3042,0,0,0
3043,0,0,0
3044,0,0,0
3045,0,0,0
3046,0,0,0
3047,0,0,0
3048,0,0,0
3049,0,0,0
3050,0,0,0
3051,0,0,0
3052,0,0,0
3053,0,0,0
3054,0,0,0
3055,0,0,0
3056,0,0,0
3057,0,0,0
3058,0,0,0
3059,0,0,0
3060,0,0,0
3061,0,0,0
3062,0,0,0
3063,0,0,0
3064,1,0,1
3065,1,0,1
3066,1,0,1
3067,1,0,1
3068,1,0,1
3069,1,0,1
3070,1,0,1
3071,1,0,1
3072,1,0,1
3073,1,0,1
3074,1,0,1
3075,1,0,1
3076,1,0,1
3077,1,0,1
3078,1,0,1
3079,1,0,1
3080,1,0,1
3081,1,0,1
3082,1,0,1
3083,1,0,1
3084,1,0,1
3085,1,0,1
3086,1,0,1
3087,1,0,1
3088,1,0,1
3089,1,0,1
3090,1,0,1
3091,1,0,1
3092,1,0,1
3093,1,0,1
3094,1,0,1
3095,1,0,1
3096,1,0,1
3097,1,0,1
3098,1,0,1
3099,1,0,1
3100,1,0,1
3101,1,0,1
3102,1,0,1
3103,1,0,1
3104,1,0,1
3105,1,0,1
3106,1,0,1
3107,2,0,2
3108,2,0,2
3109,2,0,2
3110,2,0,2
3111,2,0,2
3112,2,0,2
3113,2,0,2
3114,2,0,2
3115,2,0,2
3116,2,0,2
3117,2,0,2
3118,2,0,2
3119,2,0,2
3120,1,0,1
3121,1,0,1
3122,1,0,1
3123,1,0,1
3124,1,0,1
3125,1,0,1
3126,1,0,1
3127,1,0,1
3128,1,0,1
3129,1,0,1
3130,1,0,1
3131,1,0,1
3132,1,0,1
3133,1,0,1
3134,1,0,1
3135,1,0,1
3136,2,0,2
3137,2,0,2
3138,2,0,2
3139,2,0,2
3140,2,0,2
3141,2,0,2
3142,2,0,2
3143,2,0,2
3144,2,0,2
3145,2,0,2
3146,2,0,2
3147,2,0,2
3148,2,0,2
3149,2,0,2
3150,2,0,2
3151,2,0,2
3152,2,0,2
3153,3,0,3
3154,3,0,3
3155,3,0,3
3156,3,0,3
3157,3,0,3
3158,3,0,3
3159,2,0,2
3160,2,0,2
3161,2,0,2
3162,2,0,2
3163,2,0,2
3164,3,0,3
3165,3,0,3
3166,3,0,3
3167,3,0,3
3168,3,0,3
3169,3,0,3
3170,3,0,3
3171,3,0,3
3172,3,0,3
3173,3,0,3
3174,3,0,3
3175,3,0,3
3176,3,0,3
3177,4,0,4
3178,4,0,4
3179,5,0,5
3180,5,0,5
3181,5,0,5
3182,5,0,5
3183,5,0,5
3184,5,0,5
3185,5,0,5
3186,5,0,5
3187,5,0,5
3188,5,0,5
3189,4,0,4
3190,4,0,4
3191,4,0,4
3192,4,0,4
3193,4,0,4
3194,4,0,4
3195,4,0,4
3196,7,0,7
3197,7,0,7
3198,7,0,7
3199,7,0,7
3200,7,0,7
3201,7,0,7
3202,7,0,7
3203,7,0,7
3204,5,2,7
3205,5,2,7
3206,5,2,7
3207,5,2,7
3208,5,2,7
3209,5,2,7
3210,4,2,6
3211,4,2,6
3212,3,3,6
3213,3,3,6
3214,3,3,6
3215,3,3,6
3216,3,3,6
3217,2,4,6
3218,1,5,6
3219,0,5,5
3220,0,5,5
3221,0,5,5
3222,0,5,5
3223,0,5,5
3224,0,5,5
3225,0,5,5
3226,0,5,5
3227,0,5,5
3228,0,5,5
3229,0,5,5
3230,0,5,5
3231,0,5,5
3232,0,5,5
3233,0,5,5
3234,0,5,5
3235,0,5,5
3236,0,5,5
3237,0,5,5
3238,0,5,5
3239,0,5,5
3240,0,5,5
3241,0,5,5
3242,0,5,5
3243,0,5,5
3244,0,5,5
3245,0,5,5
3246,0,5,5
3247,0,5,5
3248,0,5,5
3249,0,5,5
3250,0,5,5
3251,0,5,5
3252,1,4,5
3253,1,4,5
3254,1,4,5
3255,0,4,4
3256,2,2,4
3257,1,2,3
3258,0,2,2
3259,1,1,2
3260,0,1,1
3261,0,1,1
3262,0,1,1
3263,0,1,1
3264,0,1,1
3265,1,0,1
3266,0,0,0
3267,0,0,0
3268,0,0,0
3269,0,0,0
3270,0,0,0
3271,0,0,0
3272,0,0,0
3273,0,0,0
3274,0,0,0
3275,0,0,0
3276,0,0,0
3277,0,0,0
3278,0,0,0
3279,0,0,0
3280,0,0,0
3281,0,0,0
3282,0,0,0
3283,0,0,0
3284,0,0,0
3285,0,0,0
3286,0,0,0
3287,0,0,0
3288,0,0,0
3289,0,0,0
3290,0,0,0
3291,0,0,0
3292,0,0,0
3293,0,0,0
3294,0,0,0
3295,0,0,0
3296,0,0,0
3297,0,0,0
3298,0,0,0
3299,0,0,0
3300,0,0,0
3301,1,0,1
3302,1,0,1
3303,1,0,1
3304,1,0,1
3305,1,0,1
3306,1,0,1
3307,1,0,1
3308,1,0,1
3309,1,0,1
3310,1,0,1
3311,1,0,1
3312,1,0,1
3313,1,0,1
3314,1,0,1
3315,1,0,1
3316,1,0,1
3317,1,0,1
3318,1,0,1
3319,1,0,1
3320,1,0,1
3321,1,0,1
3322,1,0,1
3323,1,0,1
3324,1,0,1
3325,1,0,1
3326,1,0,1
3327,1,0,1
3328,1,0,1
3329,1,0,1
3330,1,0,1
3331,1,0,1
3332,1,0,1
3333,1,0,1
3334,1,0,1
3335,1,0,1
3336,1,0,1
3337,1,0,1
3338,1,0,1
3339,1,0,1
3340,2,0,2
3341,2,0,2
3342,2,0,2
3343,2,0,2
3344,2,0,2
3345,2,0,2
3346,2,0,2
3347,2,0,2
3348,2,0,2
3349,2,0,2
3350,2,0,2
3351,2,0,2
3352,2,0,2
3353,2,0,2
3354,2,0,2
3355,2,0,2
3356,2,0,2
3357,2,0,2
3358,2,0,2
3359,2,0,2
3360,2,0,2
3361,2,0,2
3362,2,0,2
3363,1,1,2
3364,1,1,2
3365,1,1,2
3366,1,1,2
3367,1,1,2
3368,1,1,2
3369,1,1,2
3370,1,1,2
3371,1,1,2
3372,1,1,2
3373,1,1,2
3374,1,1,2
3375,1,1,2
3376,1,1,2
3377,1,1,2
3378,1,1,2
3379,1,1,2
3380,1,1,2
3381,1,1,2
3382,0,1,1
3383,0,1,1
3384,0,1,1
3385,0,1,1
3386,0,1,1
3387,0,1,1
3388,0,1,1
3389,0,1,1
3390,0,1,1
3391,0,1,1
3392,0,1,1
3393,0,1,1
3394,0,1,1
3395,0,1,1
3396,0,1,1
3397,0,1,1
3398,0,1,1
3399,0,1,1
3400,0,1,1
3401,0,1,1
3402,0,1,1
3403,0,1,1
3404,0,1,1
3405,0,1,1
3406,0,1,1
3407,0,1,1
3408,0,1,1
3409,0,1,1
3410,0,1,1
3411,1,0,1
3412,0,0,0
3413,0,0,0
3414,0,0,0
3415,0,0,0
3416,0,0,0
3417,0,0,0
3418,0,0,0
3419,0,0,0
3420,0,0,0
3421,0,0,0
3422,0,0,0
3423,0,0,0
3424,0,0,0
3425,0,0,0
3426,0,0,0
3427,0,0,0
3428,0,0,0
3429,0,0,0
3430,0,0,0
3431,0,0,0
3432,0,0,0
3433,0,0,0
3434,0,0,0
3435,0,0,0
3436,0,0,0
3437,0,0,0
3438,0,0,0
3439,0,0,0
3440,0,0,0
3441,0,0,0
3442,0,0,0
3443,0,0,0
3444,0,0,0
3445,0,0,0
3446,0,0,0
3447,0,0,0
3448,0,0,0
3449,0,0,0
3450,0,0,0
3451,0,0,0
3452,0,0,0
3453,0,0,0
3454,0,0,0
3455,1,0,1
3456,1,0,1
3457,1,0,1
3458,1,0,1
3459,1,0,1
3460,1,0,1
3461,1,0,1
3462,1,0,1
3463,1,0,1
3464,1,0,1
3465,1,0,1
3466,1,0,1
3467,1,0,1
3468,1,0,1
3469,1,0,1
3470,1,0,1
3471,1,0,1
3472,1,0,1
3473,2,0,2
3474,2,0,2
3475,2,0,2
3476,2,0,2
3477,2,0,2
3478,2,0,2
3479,2,0,2
3480,3,0,3
3481,3,0,3
3482,3,0,3
3483,3,0,3
3484,3,0,3
3485,3,0,3
3486,3,0,3
3487,3,0,3
3488,3,0,3
3489,3,0,3
3490,3,0,3
3491,3,0,3
3492,3,0,3
3493,3,0,3
3494,3,0,3
3495,3,0,3
3496,3,0,3
3497,3,0,3
3498,3,0,3
3499,3,0,3
3500,3,0,3
3501,2,0,2
3502,2,0,2
3503,2,0,2
3504,2,0,2
3505,2,0,2
3506,2,0,2
3507,2,0,2
3508,2,0,2
3509,1,0,1
3510,1,0,1
3511,1,0,1
3512,1,0,1
3513,1,0,1
3514,2,0,2
3515,3,0,3
3516,3,0,3
3517,3,0,3
3518,3,0,3
3519,3,0,3
3520,3,0,3
3521,3,0,3
3522,3,0,3
3523,3,0,3
3524,3,0,3
3525,3,0,3
3526,2,0,2
3527,2,0,2
3528,2,0,2
3529,2,0,2
3530,2,0,2
3531,2,0,2
3532,2,0,2
3533,2,0,2
3534,2,0,2
3535,2,0,2
3536,2,0,2
3537,2,0,2
3538,2,0,2
3539,2,0,2
3540,2,0,2
3541,2,0,2
3542,2,0,2
3543,2,0,2
3544,2,0,2
3545,2,0,2
3546,2,0,2
3547,2,0,2
3548,2,0,2
3549,2,0,2
3550,2,0,2
3551,2,0,2
3552,2,0,2
3553,2,0,2
3554,2,0,2
3555,2,0,2
3556,2,0,2
3557,2,0,2
3558,2,0,2
3559,2,0,2
3560,2,0,2
3561,2,0,2
3562,2,0,2
3563,2,0,2
3564,2,0,2
3565,2,0,2
3566,2,0,2
3567,2,0,2
3568,2,0,2
3569,2,0,2
3570,2,0,2
3571,2,0,2
3572,2,0,2
3573,2,0,2
3574,2,0,2
3575,2,0,2
3576,2,0,2
3577,2,0,2
3578,2,0,2
3579,2,0,2
3580,2,0,2
3581,2,0,2
3582,2,0,2
3583,2,0,2
3584,2,0,2
3585,2,0,2
3586,2,0,2
3587,2,0,2
3588,2,0,2
3589,2,0,2
3590,1,0,1
3591,1,0,1
3592,1,0,1
3593,1,0,1
3594,1,0,1
3595,1,0,1
3596,0,0,0
3597,0,0,0
3598,0,0,0
3599,0,0,0
3600,0,0,0
3601,0,0,0
3602,0,0,0
3603,0,0,0
3604,0,0,0
3605,0,0,0
3606,0,0,0
3607,0,0,0
3608,0,0,0
3609,0,0,0
3610,0,0,0
3611,0,0,0
3612,0,0,0
3613,0,0,0
3614,0,0,0
3615,0,0,0
3616,0,0,0
3617,0,0,0
3618,0,0,0
3619,0,0,0
3620,0,0,0
3621,0,0,0
3622,0,0,0
3623,0,0,0
3624,0,0,0
3625,0,0,0
3626,0,0,0
3627,0,0,0
3628,0,0,0
3629,0,0,0
3630,0,0,0
3631,0,0,0
3632,0,0,0
3633,0,0,0
3634,0,0,0
3635,0,0,0
3636,0,0,0
3637,0,0,0
3638,0,0,0
3639,0,0,0
3640,0,0,0
3641,0,0,0
3642,0,0,0
3643,0,0,0
3644,0,0,0
3645,0,0,0
3646,0,0,0
3647,0,0,0
3648,0,0,0
3649,0,0,0
3650,0,0,0
3651,0,0,0
3652,1,0,1
3653,1,0,1
3654,1,0,1
3655,1,0,1
3656,1,0,1
3657,1,0,1
3658,1,0,1
3659,1,0,1
3660,1,0,1
3661,1,0,1
3662,1,0,1
3663,1,0,1
3664,1,0,1
3665,1,0,1
3666,1,0,1
3667,1,0,1
3668,1,0,1
3669,1,0,1
3670,1,0,1
3671,1,0,1
3672,1,0,1
3673,1,0,1
3674,1,0,1
3675,1,0,1
3676,1,0,1
3677,1,0,1
3678,1,0,1
3679,1,0,1
3680,1,0,1
3681,1,0,1
3682,1,0,1
3683,1,0,1
3684,1,0,1
3685,1,0,1
3686,1,0,1
3687,1,0,1
3688,1,0,1
3689,1,0,1
3690,1,0,1
3691,1,0,1
3692,1,0,1
3693,1,0,1
3694,1,0,1
3695,1,0,1
3696,1,0,1
3697,1,0,1
3698,1,0,1
3699,1,0,1
3700,1,0,1
3701,1,0,1
3702,1,0,1
3703,1,0,1
3704,1,0,1
3705,1,0,1
3706,1,0,1
3707,1,0,1
3708,1,0,1
3709,1,0,1
3710,0,0,0
3711,0,0,0
3712,0,0,0
3713,0,0,0
3714,0,0,0
3715,0,0,0
3716,0,0,0
3717,0,0,0
3718,0,0,0
3719,0,0,0
3720,0,0,0
3721,0,0,0
3722,0,0,0
3723,0,0,0
3724,0,0,0
3725,0,0,0
3726,0,0,0
3727,0,0,0
3728,0,0,0
3729,0,0,0
3730,0,0,0
3731,0,0,0
3732,0,0,0
3733,0,0,0
3734,0,0,0
3735,0,0,0
3736,0,0,0
3737,0,0,0
3738,0,0,0
3739,0,0,0
3740,0,0,0
3741,0,0,0
3742,0,0,0
3743,0,0,0
3744,0,0,0
3745,0,0,0
3746,0,0,0
3747,0,0,0
3748,0,0,0
3749,0,0,0
3750,0,0,0
3751,0,0,0
3752,0,0,0
3753,0,0,0
3754,0,0,0
3755,0,0,0
3756,0,0,0
3757,0,0,0
3758,0,0,0
3759,0,0,0
3760,0,0,0
3761,0,0,0
3762,0,0,0
3763,0,0,0
3764,0,0,0
3765,0,0,0
3766,0,0,0
3767,0,0,0
3768,0,0,0
3769,0,0,0
3770,0,0,0
3771,0,0,0
3772,0,0,0
3773,0,0,0
3774,0,0,0
3775,0,0,0
3776,0,0,0
3777,0,0,0
3778,0,0,0
3779,0,0,0
3780,0,0,0
3781,0,0,0
3782,0,0,0
3783,0,0,0
3784,0,0,0
3785,0,0,0
3786,0,0,0
3787,0,0,0
3788,0,0,0
3789,0,0,0
3790,0,0,0
3791,0,0,0
3792,0,0,0
3793,0,0,0
3794,0,0,0
3795,0,0,0
3796,0,0,0
3797,0,0,0
3798,0,0,0
3799,0,0,0
3800,0,0,0
3801,0,0,0
3802,0,0,0
3803,0,0,0
3804,0,0,0
3805,0,0,0
3806,0,0,0
3807,0,0,0
3808,0,0,0
3809,0,0,0
3810,0,0,0
3811,0,0,0
3812,0,0,0
3813,0,0,0
3814,0,0,0
3815,0,0,0
3816,0,0,0
3817,0,0,0
3818,0,0,0
3819,0,0,0
3820,0,0,0
3821,0,0,0
3822,0,0,0
3823,0,0,0
3824,0,0,0
3825,0,0,0
3826,0,0,0
3827,0,0,0
3828,0,0,0
3829,0,0,0
3830,0,0,0
3831,0,0,0
3832,0,0,0
3833,0,0,0
3834,0,0,0
3835,0,0,0
3836,0,0,0
3837,0,0,0
3838,0,0,0
3839,0,0,0
3840,0,0,0
3841,0,0,0
3842,0,0,0
3843,0,0,0
3844,0,0,0
3845,0,0,0
3846,0,0,0
3847,0,0,0
3848,0,0,0
3849,0,0,0
3850,0,0,0
3851,0,0,0
3852,0,0,0
3853,0,0,0
3854,0,0,0
3855,0,0,0
3856,0,0,0
3857,0,0,0
3858,0,0,0
3859,0,0,0
3860,0,0,0
3861,0,0,0
3862,0,0,0
3863,0,0,0
3864,0,0,0
3865,0,0,0
3866,0,0,0
3867,0,0,0
3868,0,0,0
3869,0,0,0
3870,0,0,0
3871,0,0,0
3872,0,0,0
3873,0,0,0
3874,1,0,1
3875,1,0,1
3876,1,0,1
3877,1,0,1
3878,1,0,1
3879,1,0,1
3880,1,0,1
3881,1,0,1
3882,1,0,1
3883,1,0,1
3884,1,0,1
3885,1,0,1
3886,1,0,1
3887,1,0,1
3888,1,0,1
3889,1,0,1
3890,1,0,1
3891,1,0,1
3892,1,0,1
3893,1,0,1
3894,1,0,1
3895,1,0,1
3896,1,0,1
3897,1,0,1
3898,1,0,1
3899,1,0,1
3900,1,0,1
3901,1,0,1
3902,1,0,1
3903,1,0,1
3904,1,0,1
3905,1,0,1
3906,1,0,1
3907,1,0,1
3908,1,0,1
3909,1,0,1
3910,1,0,1
3911,1,0,1
3912,1,0,1
3913,1,0,1
3914,0,0,0
3915,0,0,0
3916,0,0,0
3917,0,0,0
3918,0,0,0
3919,0,0,0
3920,0,0,0
3921,0,0,0
3922,0,0,0
3923,0,0,0
3924,0,0,0
3925,0,0,0
3926,0,0,0
3927,0,0,0
3928,0,0,0
3929,0,0,0
3930,0,0,0
3931,0,0,0
3932,0,0,0
3933,0,0,0
3934,0,0,0
3935,0,0,0
3936,0,0,0
3937,0,0,0
3938,0,0,0
3939,0,0,0
3940,0,0,0
3941,0,0,0
3942,0,0,0
3943,0,0,0
3944,0,0,0
3945,0,0,0
3946,0,0,0
3947,0,0,0
3948,0,0,0
3949,0,0,0
3950,0,0,0
3951,0,0,0
3952,0,0,0
3953,0,0,0
3954,0,0,0
3955,0,0,0
3956,0,0,0
3957,0,0,0
3958,0,0,0
3959,0,0,0
3960,0,0,0
3961,0,0,0
3962,0,0,0
3963,0,0,0
3964,0,0,0
3965,0,0,0
3966,0,0,0
3967,0,0,0
3968,0,0,0
3969,0,0,0
3970,0,0,0
3971,0,0,0
3972,0,0,0
3973,0,0,0
3974,0,0,0
3975,0,0,0
3976,0,0,0
3977,0,0,0
3978,0,0,0
3979,0,0,0
3980,0,0,0
3981,0,0,0
3982,0,0,0
3983,0,0,0
3984,0,0,0
3985,0,0,0
3986,0,0,0
3987,0,0,0
3988,0,0,0
3989,0,0,0
3990,0,0,0
3991,0,0,0
3992,0,0,0
3993,0,0,0
3994,0,0,0
3995,0,0,0
3996,0,0,0
3997,0,0,0
3998,0,0,0
3999,0,0,0
4000,0,0,0
4001,0,0,0
4002,0,0,0
4003,0,0,0
4004,0,0,0
4005,0,0,0
4006,0,0,0
4007,0,0,0
4008,0,0,0
4009,0,0,0
4010,0,0,0
4011,0,0,0
4012,0,0,0
4013,0,0,0
4014,0,0,0
4015,0,0,0
4016,0,0,0
4017,0,0,0
4018,0,0,0
4019,0,0,0
4020,0,0,0
4021,0,0,0
4022,0,0,0
4023,0,0,0
4024,0,0,0
4025,0,0,0
4026,0,0,0
4027,0,0,0
4028,0,0,0
4029,0,0,0
4030,0,0,0
4031,0,0,0
4032,0,0,0
4033,0,0,0
4034,0,0,0
4035,0,0,0
4036,0,0,0
4037,0,0,0
4038,0,0,0
4039,0,0,0
4040,0,0,0
4041,0,0,0
4042,0,0,0
4043,0,0,0
4044,0,0,0
4045,0,0,0
4046,0,0,0
4047,0,0,0
4048,0,0,0
4049,0,0,0
4050,0,0,0
4051,0,0,0
4052,0,0,0
4053,0,0,0
4054,0,0,0
4055,0,0,0
4056,0,0,0
4057,0,0,0
4058,0,0,0
4059,0,0,0
4060,0,0,0
4061,0,0,0
4062,0,0,0
4063,0,0,0
4064,0,0,0
4065,0,0,0
4066,0,0,0
4067,0,0,0
4068,0,0,0
4069,0,0,0
4070,0,0,0
4071,0,0,0
4072,0,0,0
4073,0,0,0
4074,0,0,0
4075,0,0,0
4076,0,0,0
4077,0,0,0
4078,1,0,1
4079,1,0,1
4080,1,0,1
4081,1,0,1
4082,1,0,1
4083,1,0,1
4084,1,0,1
4085,1,0,1
4086,1,0,1
4087,1,0,1
4088,1,0,1
4089,1,0,1
4090,1,0,1
4091,1,0,1
4092,1,0,1
4093,1,0,1
4094,1,0,1
4095,1,0,1
4096,1,0,1
4097,1,0,1
4098,1,0,1
4099,1,0,1
4100,1,0,1
4101,1,0,1
4102,2,0,2
4103,2,0,2
4104,2,0,2
4105,2,0,2
4106,2,0,2
4107,2,0,2
4108,2,0,2
4109,2,0,2
4110,2,0,2
4111,2,0,2
4112,2,0,2
4113,2,0,2
4114,2,0,2
4115,2,0,2
4116,2,0,2
4117,2,0,2
4118,3,0,3
4119,3,0,3
4120,3,0,3
4121,2,1,3
4122,2,1,3
4123,2,1,3
4124,2,1,3
4125,2,1,3
4126,2,1,3
4127,2,1,3
4128,2,1,3
4129,2,1,3
4130,2,1,3
4131,2,1,3
4132,2,1,3
4133,2,1,3
4134,2,1,3
4135,2,1,3
4136,2,1,3
4137,2,1,3
4138,2,1,3
4139,2,1,3
4140,2,1,3
4141,2,1,3
4142,2,1,3
4143,2,1,3
4144,2,1,3
4145,2,1,3
4146,2,1,3
4147,2,1,3
4148,2,1,3
4149,2,1,3
4150,2,1,3
4151,3,1,4
4152,3,1,4
4153,1,2,3
4154,1,2,3
4155,2,2,4
4156,2,2,4
4157,2,2,4
4158,2,2,4
4159,2,2,4
4160,2,2,4
4161,2,2,4
4162,2,2,4
4163,3,1,4
4164,3,1,4
4165,3,1,4
4166,2,1,3
4167,2,1,3
4168,2,1,3
4169,2,1,3
4170,1,1,2
4171,1,1,2
4172,1,1,2
4173,1,1,2
4174,1,1,2
4175,1,1,2
4176,1,1,2
4177,1,1,2
4178,1,1,2
4179,1,1,2
4180,1,1,2
4181,1,1,2
4182,1,1,2
4183,1,1,2
4184,1,1,2
4185,2,1,3
4186,2,1,3
4187,2,1,3
4188,2,1,3
4189,2,1,3
4190,2,1,3
4191,2,1,3
4192,3,1,4
4193,2,1,3
4194,2,1,3
4195,2,1,3
4196,2,1,3
4197,2,1,3
4198,2,1,3
4199,2,1,3
4200,2,1,3
4201,2,1,3
4202,2,1,3
4203,2,1,3
4204,2,1,3
4205,2,1,3
4206,2,1,3
4207,2,1,3
4208,2,1,3
4209,2,1,3
4210,3,0,3
4211,3,0,3
4212,2,0,2
4213,3,0,3
4214,3,0,3
4215,5,0,5
4216,5,0,5
4217,5,0,5
4218,5,0,5
4219,5,0,5
4220,5,0,5
4221,5,0,5
4222,5,0,5
4223,5,0,5
4224,5,0,5
4225,5,0,5
4226,5,0,5
4227,5,0,5
4228,5,0,5
4229,5,0,5
4230,5,0,5
4231,5,0,5
4232,4,0,4
4233,4,0,4
4234,4,0,4
4235,4,0,4
4236,4,0,4
4237,4,0,4
4238,4,0,4
4239,4,0,4
4240,3,0,3
4241,3,0,3
4242,3,0,3
4243,3,0,3
4244,3,0,3
4245,3,0,3
4246,3,0,3
4247,3,0,3
4248,4,0,4
4249,4,0,4
4250,5,0,5
4251,5,0,5
4252,5,0,5
4253,5,0,5
4254,5,0,5
4255,5,0,5
4256,5,0,5
4257,5,0,5
4258,5,0,5
4259,4,0,4
4260,4,0,4
4261,4,0,4
4262,4,0,4
4263,3,0,3
4264,3,0,3
4265,3,0,3
4266,3,0,3
4267,3,0,3
4268,3,0,3
4269,3,0,3
4270,3,0,3
4271,3,0,3
4272,3,0,3
4273,3,0,3
4274,3,0,3
4275,3,0,3
4276,3,0,3
4277,3,0,3
4278,3,0,3
4279,3,0,3
4280,3,0,3
4281,3,0,3
4282,3,0,3
4283,3,0,3
4284,3,0,3
4285,2,0,2
4286,3,0,3
4287,3,0,3
4288,3,0,3
4289,3,0,3
4290,3,0,3
4291,3,0,3
4292,3,0,3
4293,3,0,3
4294,3,0,3
4295,3,0,3
4296,3,0,3
4297,2,1,3
4298,2,1,3
4299,2,1,3
4300,2,1,3
4301,2,1,3
4302,2,1,3
4303,2,1,3
4304,1,1,2
4305,1,1,2
4306,1,1,2
4307,1,1,2
4308,1,1,2
4309,1,1,2
4310,1,1,2
4311,1,1,2
4312,1,1,2
4313,1,1,2
4314,1,1,2
4315,1,1,2
4316,1,1,2
4317,1,1,2
4318,1,1,2
4319,1,1,2
4320,1,1,2
4321,1,1,2
4322,2,0,2
4323,2,0,2
4324,2,0,2
4325,2,0,2
4326,2,0,2
4327,2,0,2
4328,2,0,2
4329,1,0,1
4330,1,0,1
4331,1,0,1
4332,1,0,1
4333,1,0,1
4334,1,0,1
4335,1,0,1
4336,1,0,1
4337,1,0,1
4338,1,0,1
4339,1,0,1
4340,1,0,1
4341,1,0,1
4342,1,0,1
4343,1,0,1
4344,1,0,1
4345,1,0,1
4346,1,0,1
4347,1,0,1
4348,1,0,1
4349,0,0,0
4350,0,0,0
4351,0,0,0
4352,0,0,0
4353,0,0,0
4354,0,0,0
4355,0,0,0
4356,0,0,0
4357,0,0,0
4358,0,0,0
4359,0,0,0
4360,0,0,0
4361,0,0,0
4362,0,0,0
4363,0,0,0
4364,0,0,0
4365,0,0,0
4366,0,0,0
4367,1,0,1
4368,2,0,2
4369,2,0,2
4370,2,0,2
4371,2,0,2
4372,2,0,2
4373,2,0,2
4374,3,0,3
4375,3,0,3
4376,2,1,3
4377,2,1,3
4378,2,1,3
4379,2,1,3
4380,1,2,3
4381,1,2,3
4382,0,3,3
4383,0,3,3
4384,0,3,3
4385,0,3,3
4386,0,3,3
4387,0,3,3
4388,0,3,3
4389,0,3,3
4390,0,3,3
4391,0,3,3
4392,0,3,3
4393,0,3,3
4394,0,3,3
4395,0,3,3
4396,0,3,3
4397,0,3,3
4398,0,3,3
4399,0,3,3
4400,0,3,3
4401,0,3,3
4402,0,3,3
4403,0,3,3
4404,0,3,3
4405,0,3,3
4406,0,3,3
4407,0,3,3
4408,0,3,3
4409,0,3,3
4410,0,3,3
4411,0,3,3
4412,0,3,3
4413,0,3,3
4414,0,3,3
4415,0,3,3
4416,0,3,3
4417,0,3,3
4418,0,3,3
4419,0,3,3
4420,0,3,3
4421,0,3,3
4422,0,3,3
4423,0,3,3
4424,1,2,3
4425,1,2,3
4426,1,2,3
4427,1,2,3
4428,0,2,2
4429,1,1,2
4430,0,1,1
4431,1,0,1
4432,0,0,0
4433,0,0,0
4434,0,0,0
4435,0,0,0
4436,0,0,0
4437,0,0,0
4438,0,0,0
4439,0,0,0
4440,0,0,0
4441,0,0,0
4442,0,0,0
4443,0,0,0
4444,0,0,0
4445,0,0,0
4446,0,0,0
4447,0,0,0
4448,0,0,0
4449,0,0,0
4450,0,0,0
4451,0,0,0
4452,0,0,0
4453,0,0,0
4454,0,0,0
4455,0,0,0
4456,0,0,0
4457,0,0,0
4458,0,0,0
4459,0,0,0
4460,0,0,0
4461,0,0,0
4462,0,0,0
4463,0,0,0
4464,0,0,0
4465,0,0,0
4466,0,0,0
4467,0,0,0
4468,1,0,1
4469,1,0,1
4470,1,0,1
4471,1,0,1
4472,1,0,1
4473,1,0,1
4474,1,0,1
4475,1,0,1
4476,0,1,1
4477,0,1,1
4478,0,1,1
4479,0,1,1
4480,0,1,1
4481,0,1,1
4482,0,1,1
4483,0,1,1
4484,0,1,1
4485,0,1,1
4486,0,1,1
4487,0,1,1
4488,0,1,1
4489,0,1,1
4490,0,1,1
4491,0,1,1
4492,0,1,1
4493,0,1,1
4494,0,1,1
4495,0,1,1
4496,0,1,1
4497,0,1,1
4498,0,1,1
4499,0,1,1
4500,0,1,1
4501,0,1,1
4502,0,1,1
4503,0,1,1
4504,0,1,1
4505,0,1,1
4506,0,1,1
4507,0,1,1
4508,0,1,1
4509,0,1,1
4510,0,1,1
4511,0,1,1
4512,0,1,1
4513,0,1,1
4514,0,1,1
4515,0,1,1
4516,0,1,1
4517,0,1,1
4518,0,1,1
4519,0,1,1
4520,0,1,1
4521,0,1,1
4522,0,1,1
4523,0,1,1
4524,0,1,1
4525,0,1,1
4526,0,1,1
4527,0,1,1
4528,0,1,1
4529,0,0,0
4530,0,0,0
4531,0,0,0
4532,0,0,0
4533,0,0,0
4534,0,0,0
4535,0,0,0
4536,0,0,0
4537,0,0,0
4538,0,0,0
4539,0,0,0
4540,0,0,0
4541,0,0,0
4542,0,0,0
4543,0,0,0
4544,0,0,0
4545,0,0,0
4546,0,0,0
4547,0,0,0
4548,0,0,0
4549,0,0,0
4550,0,0,0
4551,0,0,0
4552,1,0,1
4553,1,0,1
4554,1,0,1
4555,1,0,1
4556,1,0,1
4557,1,0,1
4558,1,0,1
4559,1,0,1
4560,1,0,1
4561,1,0,1
4562,1,0,1
4563,1,0,1
4564,1,0,1
4565,1,0,1
4566,1,0,1
4567,1,0,1
4568,1,0,1
4569,1,0,1
4570,1,0,1
4571,1,0,1
4572,1,0,1
4573,1,0,1
4574,1,0,1
4575,1,0,1
4576,1,0,1
4577,1,0,1
4578,1,0,1
4579,1,0,1
4580,1,0,1
4581,1,0,1
4582,1,0,1
4583,1,0,1
4584,1,0,1
4585,1,0,1
4586,1,0,1
4587,1,0,1
4588,1,0,1
4589,1,0,1
4590,1,0,1
4591,1,0,1
4592,1,0,1
4593,1,0,1
4594,1,0,1
4595,1,0,1
4596,1,0,1
4597,1,0,1
4598,1,0,1
4599,1,0,1
4600,1,0,1
4601,1,0,1
4602,1,0,1
4603,1,0,1
4604,1,0,1
4605,1,0,1
4606,1,0,1
4607,1,0,1
4608,1,0,1
4609,0,0,0
4610,0,0,0
4611,0,0,0
4612,1,0,1
4613,1,0,1
4614,1,0,1
4615,1,0,1
4616,1,0,1
4617,1,0,1
4618,1,0,1
4619,1,0,1
4620,1,0,1
4621,1,0,1
4622,1,0,1
4623,1,0,1
4624,1,0,1
4625,2,0,2
4626,2,0,2
4627,2,0,2
4628,2,0,2
4629,2,0,2
4630,2,0,2
4631,2,0,2
4632,2,0,2
4633,2,0,2
4634,2,0,2
4635,2,0,2
4636,2,0,2
4637,2,0,2
4638,2,0,2
4639,2,0,2
4640,2,0,2
4641,2,0,2
4642,2,0,2
4643,2,0,2
4644,2,0,2
4645,2,0,2
4646,2,0,2
4647,2,0,2
4648,2,0,2
4649,2,0,2
4650,2,0,2
4651,2,0,2
4652,2,0,2
4653,2,0,2
4654,1,0,1
4655,1,0,1
4656,1,0,1
4657,1,0,1
4658,1,0,1
4659,1,0,1
4660,1,0,1
4661,1,0,1
4662,1,0,1
4663,0,0,0
4664,0,0,0
4665,0,0,0
4666,0,0,0
4667,0,0,0
4668,0,0,0
4669,0,0,0
4670,0,0,0
4671,0,0,0
4672,0,0,0
4673,0,0,0
4674,0,0,0
4675,0,0,0
4676,0,0,0
4677,0,0,0
4678,0,0,0
4679,0,0,0
4680,0,0,0
4681,0,0,0
4682,0,0,0
4683,0,0,0
4684,0,0,0
4685,0,0,0
4686,0,0,0
4687,0,0,0
4688,0,0,0
4689,0,0,0
4690,0,0,0
4691,0,0,0
4692,0,0,0
4693,0,0,0
4694,0,0,0
4695,0,0,0
4696,0,0,0
4697,0,0,0
4698,0,0,0
4699,0,0,0
4700,0,0,0
4701,0,0,0
4702,0,0,0
4703,0,0,0
4704,0,0,0
4705,0,0,0
4706,0,0,0
4707,0,0,0
4708,0,0,0
4709,0,0,0
4710,0,0,0
4711,0,0,0
4712,0,0,0
4713,0,0,0
4714,0,0,0
4715,0,0,0
4716,0,0,0
4717,0,0,0
4718,0,0,0
4719,0,0,0
4720,0,0,0
4721,0,0,0
4722,0,0,0
4723,1,0,1
4724,1,0,1
4725,1,0,1
4726,1,0,1
4727,1,0,1
4728,1,0,1
4729,1,0,1
4730,1,0,1
4731,1,0,1
4732,1,0,1
4733,1,0,1
4734,1,0,1
4735,1,0,1
4736,1,0,1
4737,1,0,1
4738,1,0,1
4739,1,0,1
4740,1,0,1
4741,1,0,1
4742,1,0,1
4743,1,0,1
4744,1,0,1
4745,1,0,1
4746,1,0,1
4747,1,0,1
4748,1,0,1
4749,1,0,1
4750,1,0,1
4751,1,0,1
4752,1,0,1
4753,1,0,1
4754,1,0,1
4755,1,0,1
4756,1,0,1
4757,1,0,1
4758,1,0,1
4759,2,0,2
4760,2,0,2
4761,2,0,2
4762,2,0,2
4763,2,0,2
4764,2,0,2
4765,2,0,2
4766,2,0,2
4767,2,0,2
4768,2,0,2
4769,2,0,2
4770,2,0,2
4771,1,0,1
4772,1,0,1
4773,1,0,1
4774,1,0,1
4775,1,0,1
4776,1,0,1
4777,1,0,1
4778,1,0,1
4779,1,0,1
4780,1,0,1
4781,1,0,1
4782,1,0,1
4783,1,0,1
4784,1,0,1
4785,1,0,1
4786,1,0,1
4787,1,0,1
4788,1,0,1
4789,1,0,1
4790,1,0,1
4791,1,0,1
4792,1,0,1
4793,1,0,1
4794,1,0,1
4795,1,0,1
4796,1,0,1
4797,1,0,1
4798,1,0,1
4799,1,0,1
4800,1,0,1
4801,1,0,1
4802,1,0,1
4803,0,0,0
4804,0,0,0
4805,0,0,0
4806,0,0,0
4807,0,0,0
4808,0,0,0
4809,0,0,0
4810,0,0,0
4811,0,0,0
4812,0,0,0
4813,0,0,0
4814,0,0,0
4815,0,0,0
4816,0,0,0
4817,0,0,0
4818,0,0,0
4819,0,0,0
4820,0,0,0
4821,0,0,0
4822,0,0,0
4823,0,0,0
4824,0,0,0
4825,0,0,0
4826,0,0,0
4827,0,0,0
4828,0,0,0
4829,0,0,0
4830,0,0,0
4831,0,0,0
4832,0,0,0
4833,0,0,0
4834,0,0,0
4835,0,0,0
4836,0,0,0
4837,0,0,0
4838,0,0,0
4839,0,0,0
4840,0,0,0
4841,0,0,0
4842,0,0,0
4843,0,0,0
4844,0,0,0
4845,0,0,0
4846,0,0,0
4847,0,0,0
4848,0,0,0
4849,0,0,0
4850,0,0,0
4851,0,0,0
4852,0,0,0
4853,0,0,0
4854,0,0,0
4855,0,0,0
4856,0,0,0
4857,0,0,0
4858,0,0,0
4859,0,0,0
4860,0,0,0
4861,0,0,0
4862,0,0,0
4863,0,0,0
4864,0,0,0
4865,0,0,0
4866,0,0,0
4867,0,0,0
4868,0,0,0
4869,0,0,0
4870,0,0,0
4871,0,0,0
4872,0,0,0
4873,0,0,0
4874,0,0,0
4875,0,0,0
4876,0,0,0
4877,0,0,0
4878,0,0,0
4879,0,0,0
4880,0,0,0
4881,0,0,0
4882,0,0,0
4883,0,0,0
4884,0,0,0
4885,0,0,0
4886,0,0,0
4887,0,0,0
4888,0,0,0
4889,0,0,0
4890,0,0,0
4891,0,0,0
4892,0,0,0
4893,0,0,0
4894,0,0,0
4895,0,0,0
4896,0,0,0
4897,0,0,0
4898,0,0,0
4899,0,0,0
4900,0,0,0
4901,0,0,0
4902,0,0,0
4903,0,0,0
4904,0,0,0
4905,0,0,0
4906,0,0,0
4907,0,0,0
4908,0,0,0
4909,0,0,0
4910,0,0,0
4911,0,0,0
4912,0,0,0
4913,0,0,0
4914,0,0,0
4915,0,0,0
4916,0,0,0
4917,0,0,0
4918,0,0,0
4919,0,0,0
4920,0,0,0
4921,0,0,0
4922,0,0,0
4923,0,0,0
4924,0,0,0
4925,0,0,0
4926,0,0,0
4927,0,0,0
4928,1,0,1
4929,1,0,1
4930,1,0,1
4931,1,0,1
4932,2,0,2
4933,2,0,2
4934,2,0,2
4935,2,0,2
4936,2,0,2
4937,2,0,2
4938,2,0,2
4939,2,0,2
4940,2,0,2
4941,2,0,2
4942,3,0,3
4943,3,0,3
4944,3,0,3
4945,3,0,3
4946,3,0,3
4947,3,0,3
4948,3,0,3
4949,3,0,3
4950,3,0,3
4951,3,0,3
4952,3,0,3
4953,3,0,3
4954,3,0,3
4955,3,0,3
4956,3,0,3
4957,3,0,3
4958,3,0,3
4959,3,0,3
4960,3,0,3
4961,4,0,4
4962,4,0,4
4963,4,0,4
4964,4,0,4
4965,4,0,4
4966,4,0,4
4967,4,0,4
4968,4,0,4
4969,4,0,4
4970,4,0,4
4971,4,0,4
4972,4,0,4
4973,4,0,4
4974,4,0,4
4975,4,0,4
4976,4,0,4
4977,4,0,4
4978,4,0,4
4979,4,0,4
4980,4,0,4
4981,4,0,4
4982,3,1,4
4983,3,1,4
4984,3,1,4
4985,3,1,4
4986,3,1,4
4987,3,1,4
4988,3,1,4
4989,3,1,4
4990,3,1,4
4991,3,1,4
4992,3,1,4
4993,3,1,4
4994,3,1,4
4995,3,1,4
4996,3,1,4
4997,2,2,4
4998,2,2,4
4999,2,2,4
5000,2,2,4
5001,2,2,4
5002,2,2,4
5003,2,2,4
5004,2,2,4
5005,2,2,4
5006,2,2,4
5007,2,2,4
5008,2,2,4
5009,2,2,4
5010,1,3,4
5011,1,3,4
5012,1,3,4
5013,1,3,4
5014,1,3,4
5015,1,3,4
5016,2,3,5
5017,2,3,5
5018,2,3,5
5019,2,3,5
5020,2,3,5
5021,2,3,5
5022,2,3,5
5023,3,2,5
5024,2,2,4
5025,2,2,4
5026,2,2,4
5027,2,2,4
5028,2,2,4
5029,2,2,4
5030,2,2,4
5031,2,2,4
5032,1,3,4
5033,1,3,4
5034,1,3,4
5035,1,3,4
5036,1,3,4
5037,1,3,4
5038,1,3,4
5039,1,3,4
5040,1,3,4
5041,1,3,4
5042,1,3,4
5043,1,3,4
5044,1,2,3
5045,2,1,3
5046,2,1,3
5047,2,1,3
5048,1,1,2
5049,1,1,2
5050,1,1,2
5051,1,1,2
5052,1,1,2
5053,1,1,2
5054,1,1,2
5055,1,1,2
5056,0,1,1
5057,0,1,1
5058,0,1,1
5059,0,1,1
5060,0,1,1
5061,0,1,1
5062,0,1,1
5063,0,1,1
5064,0,1,1
5065,0,1,1
5066,0,1,1
5067,0,1,1
5068,0,1,1
5069,0,1,1
5070,0,1,1
5071,0,1,1
5072,1,0,1
5073,0,0,0
5074,0,0,0
5075,0,0,0
5076,0,0,0
5077,1,0,1
5078,1,0,1
5079,1,0,1
5080,1,0,1
5081,1,0,1
5082,1,0,1
5083,1,0,1
5084,2,0,2
5085,2,0,2
5086,2,0,2
5087,2,0,2
5088,2,0,2
5089,2,0,2
5090,2,0,2
5091,3,0,3
5092,3,0,3
5093,3,0,3
5094,3,0,3
5095,3,0,3
5096,3,0,3
5097,3,0,3
5098,3,0,3
5099,3,0,3
5100,3,0,3
5101,3,0,3
5102,3,0,3
5103,3,0,3
5104,3,0,3
5105,3,0,3
5106,3,0,3
5107,3,0,3
5108,3,0,3
5109,3,0,3
5110,3,0,3
5111,3,0,3
5112,3,0,3
5113,3,0,3
5114,3,0,3
5115,3,0,3
5116,3,0,3
5117,3,0,3
5118,3,0,3
5119,3,0,3
5120,3,0,3
5121,3,0,3
5122,3,0,3
5123,3,0,3
5124,3,0,3
5125,3,0,3
5126,3,0,3
5127,3,0,3
5128,3,0,3
5129,3,0,3
5130,3,0,3
5131,3,0,3
5132,3,0,3
5133,3,0,3
5134,3,0,3
5135,3,0,3
5136,3,0,3
5137,3,0,3
5138,4,0,4
5139,2,2,4
5140,2,2,4
5141,2,2,4
5142,2,2,4
5143,2,2,4
5144,2,2,4
5145,2,2,4
5146,2,2,4
5147,2,2,4
5148,2,2,4
5149,2,2,4
5150,2,2,4
5151,2,2,4
5152,3,2,5
5153,3,2,5
5154,3,2,5
5155,3,2,5
5156,3,2,5
5157,3,2,5
5158,3,2,5
5159,3,2,5
5160,3,2,5
5161,3,2,5
5162,3,2,5
5163,3,2,5
5164,3,2,5
5165,3,2,5
5166,2,2,4
5167,2,2,4
5168,2,2,4
5169,2,2,4
5170,2,2,4
5171,3,2,5
5172,4,1,5
5173,5,1,6
5174,5,1,6
5175,5,1,6
5176,4,1,5
5177,5,0,5
5178,5,0,5
5179,4,0,4
5180,4,0,4
5181,4,0,4
5182,4,0,4
5183,4,0,4
5184,4,0,4
5185,4,0,4
5186,3,1,4
5187,3,1,4
5188,3,1,4
5189,3,1,4
5190,3,1,4
5191,3,1,4
5192,3,1,4
5193,3,1,4
5194,3,1,4
5195,4,1,5
5196,4,1,5
5197,4,1,5
5198,4,1,5
5199,4,1,5
5200,4,1,5
5201,4,1,5
5202,4,1,5
5203,4,1,5
5204,4,1,5
5205,5,1,6
5206,6,1,7
5207,6,1,7
5208,4,3,7
5209,4,3,7
5210,4,3,7
5211,4,3,7
5212,4,3,7
5213,3,3,6
5214,3,3,6
5215,3,3,6
5216,3,3,6
5217,3,3,6
5218,3,3,6
5219,3,3,6
5220,4,2,6
5221,4,2,6
5222,4,2,6
5223,3,2,5
5224,3,2,5
5225,3,2,5
5226,3,2,5
5227,3,2,5
5228,3,2,5
5229,3,2,5
5230,3,2,5
5231,3,2,5
5232,2,2,4
5233,2,2,4
5234,2,2,4
5235,2,2,4
5236,2,2,4
5237,2,2,4
5238,2,2,4
5239,2,2,4
5240,2,2,4
5241,2,2,4
5242,2,2,4
5243,3,2,5
5244,3,2,5
5245,3,2,5
5246,3,2,5
5247,3,2,5
5248,3,2,5
5249,3,2,5
5250,3,2,5
5251,3,2,5
5252,3,2,5
5253,3,2,5
5254,4,1,5
5255,4,1,5
5256,4,0,4
5257,4,0,4
5258,3,0,3
5259,3,0,3
5260,3,0,3
5261,3,0,3
5262,3,0,3
5263,3,0,3
5264,2,1,3
5265,1,2,3
5266,2,2,4
5267,2,2,4
5268,2,2,4
5269,2,2,4
5270,2,2,4
5271,2,2,4
5272,2,2,4
5273,1,3,4
5274,1,3,4
5275,1,3,4
5276,1,3,4
5277,1,3,4
5278,1,3,4
5279,1,3,4
5280,1,3,4
5281,1,3,4
5282,1,3,4
5283,1,3,4
5284,1,3,4
5285,1,3,4
5286,1,3,4
5287,1,3,4
5288,1,3,4
5289,1,3,4
5290,1,3,4
5291,1,3,4
5292,1,3,4
5293,1,3,4
5294,2,3,5
5295,2,3,5
5296,2,3,5
5297,2,3,5
5298,2,3,5
5299,2,3,5
5300,1,4,5
5301,1,4,5
5302,1,4,5
5303,1,4,5
5304,1,4,5
5305,1,4,5
5306,2,3,5
5307,1,3,4
5308,1,3,4
5309,2,2,4
5310,1,2,3
5311,1,2,3
5312,1,2,3
5313,1,2,3
5314,1,2,3
5315,1,2,3
5316,2,1,3
5317,1,1,2
5318,1,1,2
5319,1,1,2
5320,1,1,2
5321,1,1,2
5322,1,1,2
5323,1,1,2
5324,1,1,2
5325,1,1,2
5326,1,1,2
5327,1,1,2
5328,1,1,2
5329,1,1,2
5330,1,1,2
5331,1,1,2
5332,1,1,2
5333,1,1,2
5334,1,1,2
5335,1,1,2
5336,1,1,2
5337,1,1,2
5338,1,1,2
5339,1,1,2
5340,1,1,2
5341,1,1,2
5342,2,0,2
5343,1,0,1
5344,1,0,1
5345,1,0,1
5346,1,0,1
5347,1,0,1
5348,1,0,1
5349,1,0,1
5350,1,0,1
5351,0,1,1
5352,0,1,1
5353,0,1,1
5354,0,1,1
5355,0,1,1
5356,0,1,1
5357,0,1,1
5358,0,1,1
5359,0,1,1
5360,0,1,1
5361,0,1,1
5362,0,1,1
5363,0,1,1
5364,0,1,1
5365,0,1,1
5366,0,1,1
5367,0,1,1
5368,0,1,1
5369,0,1,1
5370,0,1,1
5371,0,1,1
5372,0,1,1
5373,0,1,1
5374,0,1,1
5375,0,1,1
5376,0,1,1
5377,1,1,2
5378,1,1,2
5379,1,1,2
5380,1,1,2
5381,1,1,2
5382,1,1,2
5383,1,1,2
5384,1,1,2
5385,2,0,2
5386,2,0,2
5387,1,0,1
5388,1,0,1
5389,1,0,1
5390,1,0,1
5391,1,0,1
5392,1,0,1
5393,1,0,1
5394,1,0,1
5395,1,0,1
5396,1,0,1
5397,1,0,1
5398,1,0,1
5399,1,0,1
5400,1,0,1
5401,1,0,1
5402,1,0,1
5403,1,0,1
5404,1,0,1
5405,1,0,1
5406,1,0,1
5407,1,0,1
5408,1,0,1
5409,1,0,1
5410,1,0,1
5411,1,0,1
5412,1,0,1
5413,1,0,1
5414,1,0,1
5415,1,0,1
5416,1,0,1
5417,1,0,1
5418,1,0,1
5419,1,0,1
5420,1,0,1
5421,1,0,1
5422,1,0,1
5423,1,0,1
5424,1,0,1
5425,1,0,1
5426,1,0,1
5427,1,0,1
5428,1,0,1
5429,1,0,1
5430,1,0,1
5431,1,0,1
5432,1,0,1
5433,1,0,1
5434,1,0,1
5435,1,0,1
5436,1,0,1
5437,1,0,1
5438,1,0,1
5439,1,0,1
5440,1,0,1
5441,1,0,1
5442,1,0,1
5443,1,0,1
5444,1,0,1
5445,1,0,1
5446,1,0,1
5447,1,0,1
5448,1,0,1
5449,1,0,1
5450,1,0,1
5451,1,0,1
5452,1,0,1
5453,2,0,2
5454,2,0,2
5455,2,0,2
5456,2,0,2
5457,2,0,2
5458,2,0,2
5459,2,0,2
5460,2,0,2
5461,2,0,2
5462,2,0,2
5463,2,0,2
5464,2,0,2
5465,2,0,2
5466,2,0,2
5467,2,0,2
5468,2,0,2
5469,2,0,2
5470,2,0,2
5471,2,0,2
5472,1,0,1
5473,1,0,1
5474,1,0,1
5475,1,0,1
5476,1,0,1
5477,1,0,1
5478,1,0,1
5479,1,0,1
5480,1,0,1
5481,2,0,2
5482,2,0,2
5483,2,0,2
5484,2,0,2
5485,2,0,2
5486,2,0,2
5487,2,0,2
5488,2,0,2
5489,2,0,2
5490,2,0,2
5491,2,0,2
5492,2,0,2
5493,1,1,2
5494,1,1,2
5495,1,1,2
5496,1,1,2
5497,1,1,2
5498,1,1,2
5499,1,1,2
5500,1,1,2
5501,0,2,2
5502,0,2,2
5503,0,2,2
5504,0,2,2
5505,0,2,2
5506,0,2,2
5507,0,2,2
5508,0,2,2
5509,0,2,2
5510,0,2,2
5511,0,2,2
5512,0,2,2
5513,0,2,2
5514,0,2,2
5515,0,2,2
5516,0,2,2
5517,0,2,2
5518,0,2,2
5519,0,2,2
5520,0,2,2
5521,0,2,2
5522,0,2,2
5523,0,2,2
5524,0,2,2
5525,0,2,2
5526,0,2,2
5527,0,2,2
5528,0,2,2
5529,1,1,2
5530,1,1,2
5531,1,1,2
5532,1,1,2
5533,1,1,2
5534,1,1,2
5535,0,1,1
5536,0,1,1
5537,0,1,1
5538,0,1,1
5539,0,1,1
5540,0,1,1
5541,0,1,1
5542,0,1,1
5543,0,1,1
5544,0,1,1
5545,0,1,1
5546,0,1,1
5547,2,0,2
5548,1,0,1
5549,1,0,1
5550,1,0,1
5551,1,0,1
5552,1,0,1
5553,1,0,1
5554,1,0,1
5555,1,0,1
5556,1,0,1
5557,1,0,1
5558,1,0,1
5559,1,0,1
5560,1,0,1
5561,1,0,1
5562,1,0,1
5563,1,0,1
5564,1,0,1
5565,1,0,1
5566,1,0,1
5567,1,0,1
5568,1,0,1
5569,1,0,1
5570,1,0,1
5571,1,0,1
5572,1,0,1
5573,1,0,1
5574,1,0,1
5575,1,0,1
5576,1,0,1
5577,1,0,1
5578,1,0,1
5579,1,0,1
5580,1,0,1
5581,1,0,1
5582,1,0,1
5583,1,0,1
5584,1,0,1
5585,1,0,1
5586,1,0,1
5587,1,0,1
5588,1,0,1
5589,1,0,1
5590,1,0,1
5591,1,0,1
5592,1,0,1
5593,1,0,1
5594,1,0,1
5595,1,0,1
5596,1,0,1
5597,1,0,1
5598,1,0,1
5599,1,0,1
5600,1,0,1
5601,1,0,1
5602,1,0,1
5603,1,0,1
5604,1,0,1
5605,1,0,1
5606,1,0,1
5607,1,0,1
5608,1,0,1
5609,1,0,1
5610,1,0,1
5611,1,0,1
5612,1,0,1
5613,0,0,0
5614,0,0,0
5615,0,0,0
5616,0,0,0
5617,0,0,0
5618,0,0,0
5619,0,0,0
5620,0,0,0
5621,0,0,0
5622,1,0,1
5623,1,0,1
5624,1,0,1
5625,1,0,1
5626,1,0,1
5627,1,0,1
5628,1,0,1
5629,1,0,1
5630,1,0,1
5631,1,0,1
5632,1,0,1
5633,1,0,1
5634,1,0,1
5635,1,0,1
5636,1,0,1
5637,1,0,1
5638,1,0,1
5639,1,0,1
5640,1,0,1
5641,1,0,1
5642,1,0,1
5643,1,0,1
5644,1,0,1
5645,1,0,1
5646,1,0,1
5647,1,0,1
5648,1,0,1
5649,1,0,1
5650,1,0,1
5651,1,0,1
5652,1,0,1
5653,1,0,1
5654,1,0,1
5655,1,0,1
5656,1,0,1
5657,1,0,1
5658,1,0,1
5659,1,0,1
5660,1,0,1
5661,1,0,1
5662,1,0,1
5663,1,0,1
5664,1,0,1
5665,1,0,1
5666,1,0,1
5667,1,0,1
5668,1,0,1
5669,1,0,1
5670,1,0,1
5671,1,0,1
5672,0,1,1
5673,0,1,1
5674,0,1,1
5675,0,1,1
5676,0,1,1
5677,0,1,1
5678,0,1,1
5679,0,1,1
5680,0,1,1
5681,0,1,1
5682,0,1,1
5683,0,1,1
5684,0,1,1
5685,0,1,1
5686,0,1,1
5687,0,1,1
5688,0,1,1
5689,0,1,1
5690,0,1,1
5691,0,1,1
5692,0,1,1
5693,0,1,1
5694,0,1,1
5695,0,1,1
5696,0,1,1
5697,0,1,1
5698,0,1,1
5699,0,1,1
5700,0,1,1
5701,0,1,1
5702,1,0,1
5703,1,0,1
5704,1,0,1
5705,1,0,1
5706,0,0,0
5707,0,0,0
5708,0,0,0
5709,0,0,0
5710,0,0,0
5711,0,0,0
5712,0,0,0
5713,0,0,0
5714,0,0,0
5715,0,0,0
5716,0,0,0
5717,0,0,0
5718,0,0,0
5719,0,0,0
5720,0,0,0
5721,0,0,0
5722,0,0,0
5723,0,0,0
5724,0,0,0
5725,0,0,0
5726,0,0,0
5727,0,0,0
5728,0,0,0
5729,0,0,0
5730,0,0,0
5731,0,0,0
5732,0,0,0
5733,0,0,0
5734,0,0,0
5735,0,0,0
5736,0,0,0
5737,0,0,0
5738,0,0,0
5739,0,0,0
5740,0,0,0
5741,0,0,0
5742,0,0,0
5743,0,0,0
5744,0,0,0
5745,0,0,0
5746,0,0,0
5747,0,0,0
5748,0,0,0
5749,0,0,0
5750,0,0,0
5751,0,0,0
5752,0,0,0
5753,0,0,0
5754,0,0,0
5755,0,0,0
5756,0,0,0
5757,0,0,0
5758,0,0,0
5759,0,0,0
5760,0,0,0
5761,0,0,0
5762,0,0,0
5763,0,0,0
5764,0,0,0
5765,0,0,0
5766,1,0,1
5767,1,0,1
5768,1,0,1
5769,1,0,1
5770,1,0,1
5771,1,0,1
5772,1,0,1
5773,1,0,1
5774,1,0,1
5775,1,0,1
5776,1,0,1
5777,1,0,1
5778,1,0,1
5779,1,0,1
5780,1,0,1
5781,1,0,1
5782,1,0,1
5783,1,0,1
5784,1,0,1
5785,1,0,1
5786,1,0,1
5787,1,0,1
5788,2,0,2
5789,2,0,2
5790,2,0,2
5791,2,0,2
5792,2,0,2
5793,2,0,2
5794,2,0,2
5795,2,0,2
5796,2,0,2
5797,2,0,2
5798,2,0,2
5799,2,0,2
5800,3,0,3
5801,3,0,3
5802,3,0,3
5803,3,0,3
5804,3,0,3
5805,3,0,3
5806,3,0,3
5807,4,0,4
5808,4,0,4
5809,4,0,4
5810,4,0,4
5811,4,0,4
5812,4,0,4
5813,4,0,4
5814,4,0,4
5815,4,0,4
5816,4,0,4
5817,4,0,4
5818,4,0,4
5819,4,0,4
5820,4,0,4
5821,4,0,4
5822,4,0,4
5823,5,0,5
5824,5,0,5
5825,5,0,5
5826,5,0,5
5827,5,0,5
5828,5,0,5
5829,5,0,5
5830,5,0,5
5831,5,0,5
5832,5,0,5
5833,5,0,5
5834,5,0,5
5835,5,0,5
5836,4,0,4
5837,4,0,4
5838,4,0,4
5839,4,0,4
5840,4,0,4
5841,3,0,3
5842,3,0,3
5843,3,0,3
5844,3,0,3
5845,2,0,2
5846,2,0,2
5847,2,0,2
5848,2,0,2
5849,2,0,2
5850,2,0,2
5851,2,0,2
5852,2,0,2
5853,2,0,2
5854,2,0,2
5855,2,0,2
5856,2,0,2
5857,2,0,2
5858,2,0,2
5859,3,0,3
5860,3,0,3
5861,3,0,3
5862,3,0,3
5863,3,0,3
5864,3,0,3
5865,3,0,3
5866,3,0,3
5867,3,0,3
5868,3,0,3
5869,4,0,4
5870,4,0,4
5871,4,0,4
5872,4,0,4
5873,4,0,4
5874,4,0,4
5875,4,0,4
5876,4,0,4
5877,4,0,4
5878,4,0,4
5879,4,0,4
5880,4,0,4
5881,4,0,4
5882,4,0,4
5883,4,0,4
5884,4,0,4
5885,4,0,4
5886,4,0,4
5887,4,0,4
5888,4,0,4
5889,4,0,4
5890,4,0,4
5891,4,0,4
5892,4,0,4
5893,4,0,4
5894,4,0,4
5895,4,0,4
5896,4,0,4
5897,4,0,4
5898,5,0,5
5899,5,0,5
5900,5,0,5
5901,5,0,5
5902,5,0,5
5903,5,0,5
5904,5,0,5
5905,5,0,5
5906,5,0,5
5907,5,0,5
5908,5,0,5
5909,5,0,5
5910,5,0,5
5911,5,0,5
5912,5,0,5
5913,4,0,4
5914,4,0,4
5915,4,0,4
5916,4,0,4
5917,4,0,4
5918,4,0,4
5919,4,0,4
5920,4,0,4
5921,4,0,4
5922,4,0,4
5923,4,0,4
5924,4,0,4
5925,4,0,4
5926,4,0,4
5927,4,0,4
5928,4,0,4
5929,4,0,4
5930,4,0,4
5931,4,0,4
5932,4,0,4
5933,4,0,4
5934,4,0,4
5935,4,0,4
5936,4,0,4
5937,4,0,4
5938,4,0,4
5939,4,0,4
5940,4,0,4
5941,4,0,4
5942,4,0,4
5943,4,0,4
5944,4,0,4
5945,4,0,4
5946,3,0,3
5947,3,0,3
5948,3,0,3
5949,4,0,4
5950,4,0,4
5951,4,0,4
5952,4,0,4
5953,4,0,4
5954,4,0,4
5955,4,0,4
5956,4,0,4
5957,4,0,4
5958,4,0,4
5959,4,0,4
5960,4,0,4
5961,4,0,4
5962,4,0,4
5963,4,0,4
5964,4,0,4
5965,4,0,4
5966,4,0,4
5967,4,0,4
5968,4,0,4
5969,4,0,4
5970,4,0,4
5971,4,0,4
5972,3,0,3
5973,3,0,3
5974,3,0,3
5975,3,0,3
5976,3,0,3
5977,3,0,3
5978,3,0,3
5979,2,0,2
5980,2,0,2
5981,2,0,2
5982,2,0,2
5983,2,0,2
5984,2,0,2
5985,2,0,2
5986,2,0,2
5987,2,0,2
5988,2,0,2
5989,2,0,2
5990,2,0,2
5991,2,0,2
5992,2,0,2
5993,1,0,1
5994,1,0,1
5995,1,0,1
5996,1,0,1
5997,1,0,1
5998,1,0,1
5999,1,0,1
6000,1,0,1
6001,1,0,1
6002,2,0,2
6003,2,0,2
6004,2,0,2
6005,2,0,2
6006,2,0,2
6007,2,0,2
6008,2,0,2
6009,2,0,2
6010,2,0,2
6011,2,0,2
6012,2,0,2
6013,2,0,2
6014,2,0,2
6015,2,0,2
6016,2,0,2
6017,2,0,2
6018,2,0,2
6019,2,0,2
6020,2,0,2
6021,3,0,3
6022,3,0,3
6023,3,0,3
6024,3,0,3
6025,3,0,3
6026,4,0,4
6027,4,0,4
6028,4,0,4
6029,4,0,4
6030,4,0,4
6031,4,0,4
6032,4,0,4
6033,4,0,4
6034,4,0,4
6035,4,0,4
6036,4,0,4
6037,4,0,4
6038,4,0,4
6039,4,0,4
6040,3,0,3
6041,3,0,3
6042,3,0,3
6043,3,0,3
6044,3,0,3
6045,3,0,3
6046,3,0,3
6047,3,0,3
6048,3,0,3
6049,3,0,3
6050,3,0,3
6051,3,0,3
6052,3,0,3
6053,3,0,3
6054,3,0,3
6055,3,0,3
6056,3,0,3
6057,3,0,3
6058,4,0,4
6059,4,0,4
6060,4,0,4
6061,4,0,4
6062,4,0,4
6063,4,0,4
6064,4,0,4
6065,4,0,4
6066,4,0,4
6067,4,0,4
6068,4,0,4
6069,4,0,4
6070,4,0,4
6071,4,0,4
6072,4,0,4
6073,4,0,4
6074,4,0,4
6075,4,0,4
6076,4,0,4
6077,4,0,4
6078,3,0,3
6079,3,0,3
6080,3,0,3
6081,4,0,4
6082,4,0,4
6083,4,0,4
6084,4,0,4
6085,4,0,4
6086,4,0,4
6087,4,0,4
6088,4,0,4
6089,4,0,4
6090,4,0,4
6091,4,0,4
6092,4,0,4
6093,4,0,4
6094,4,0,4
6095,4,0,4
6096,4,0,4
6097,4,0,4
6098,4,0,4
6099,4,0,4
6100,4,0,4
6101,4,0,4
6102,3,0,3
6103,3,0,3
6104,3,0,3
6105,3,0,3
6106,3,0,3
6107,3,0,3
6108,3,0,3
6109,3,0,3
6110,3,0,3
6111,3,0,3
6112,3,0,3
6113,3,0,3
6114,3,0,3
6115,3,0,3
6116,3,0,3
6117,3,0,3
6118,3,0,3
6119,3,0,3
6120,3,0,3
6121,3,0,3
6122,3,0,3
6123,3,0,3
6124,3,0,3
6125,3,0,3
6126,3,0,3
6127,3,0,3
6128,3,0,3
6129,3,0,3
6130,3,0,3
6131,3,0,3
6132,3,0,3
6133,3,0,3
6134,3,0,3
6135,3,0,3
6136,3,0,3
6137,3,0,3
6138,3,0,3
6139,3,0,3
6140,3,0,3
6141,3,0,3
6142,3,0,3
6143,3,0,3
6144,3,0,3
6145,2,0,2
6146,2,0,2
6147,2,0,2
6148,1,1,2
6149,1,1,2
6150,1,1,2
6151,1,1,2
6152,1,1,2
6153,1,1,2
6154,1,1,2
6155,1,1,2
6156,1,1,2
6157,1,1,2
6158,1,1,2
6159,1,1,2
6160,1,1,2
6161,1,1,2
6162,1,1,2
6163,1,1,2
6164,1,1,2
6165,1,1,2
6166,1,1,2
6167,1,1,2
6168,1,1,2
6169,1,1,2
6170,1,1,2
6171,1,1,2
6172,1,1,2
6173,1,1,2
6174,1,1,2
6175,1,1,2
6176,1,1,2
6177,1,1,2
6178,1,1,2
6179,1,1,2
6180,1,1,2
6181,1,1,2
6182,1,1,2
6183,1,1,2
6184,1,1,2
6185,2,0,2
6186,1,0,1
6187,1,0,1
6188,1,0,1
6189,1,0,1
6190,1,0,1
6191,1,0,1
6192,1,0,1
6193,1,0,1
6194,1,0,1
6195,1,0,1
6196,1,0,1
6197,1,0,1
6198,1,0,1
6199,1,0,1
6200,1,0,1
6201,1,0,1
6202,1,0,1
6203,1,0,1
6204,1,0,1
6205,1,0,1
6206,1,0,1
6207,1,0,1
6208,1,0,1
6209,1,0,1
6210,1,0,1
6211,1,0,1
6212,1,0,1
6213,1,0,1
6214,1,0,1
6215,1,0,1
6216,1,0,1
6217,1,0,1
6218,1,0,1
6219,1,0,1
6220,1,0,1
6221,1,0,1
6222,1,0,1
6223,1,0,1
6224,1,0,1
6225,1,0,1
6226,1,0,1
6227,1,0,1
6228,1,0,1
6229,1,0,1
6230,1,0,1
6231,1,0,1
6232,1,0,1
6233,1,0,1
6234,1,0,1
6235,1,0,1
6236,1,0,1
6237,1,0,1
6238,1,0,1
6239,1,0,1
6240,1,0,1
6241,1,0,1
6242,1,0,1
6243,1,0,1
6244,1,0,1
6245,1,0,1
6246,2,0,2
6247,2,0,2
6248,2,0,2
6249,2,0,2
6250,1,1,2
6251,1,1,2
6252,1,1,2
6253,1,1,2
6254,1,1,2
6255,1,1,2
6256,1,1,2
6257,1,1,2
6258,1,1,2
6259,1,1,2
6260,1,1,2
6261,1,1,2
6262,1,1,2
6263,1,1,2
6264,1,1,2
6265,1,1,2
6266,1,1,2
6267,1,1,2
6268,1,1,2
6269,1,1,2
6270,1,1,2
6271,2,1,3
6272,2,1,3
6273,2,1,3
6274,2,1,3
6275,2,1,3
6276,2,1,3
6277,2,1,3
6278,2,1,3
6279,2,1,3
6280,2,1,3
6281,2,1,3
6282,2,1,3
6283,2,1,3
6284,2,1,3
6285,2,1,3
6286,2,1,3
6287,2,1,3
6288,2,1,3
6289,2,1,3
6290,2,1,3
6291,2,1,3
6292,3,0,3
6293,3,0,3
6294,3,0,3
6295,3,0,3
6296,4,0,4
6297,4,0,4
6298,4,0,4
6299,4,0,4
6300,4,0,4
6301,3,0,3
6302,3,0,3
6303,3,0,3
6304,3,0,3
6305,3,0,3
6306,3,0,3
6307,3,0,3
6308,3,0,3
6309,3,0,3
6310,3,0,3
6311,3,0,3
6312,3,0,3
6313,3,0,3
6314,3,0,3
6315,3,0,3
6316,4,0,4
6317,4,0,4
6318,4,0,4
6319,4,0,4
6320,4,0,4
6321,3,1,4
6322,3,1,4
6323,3,1,4
6324,3,1,4
6325,2,1,3
6326,2,1,3
6327,2,1,3
6328,2,1,3
6329,2,1,3
6330,2,1,3
6331,2,1,3
6332,2,1,3
6333,2,1,3
6334,2,1,3
6335,2,1,3
6336,2,1,3
6337,2,1,3
6338,2,1,3
6339,2,1,3
6340,2,1,3
6341,2,1,3
6342,2,1,3
6343,2,1,3
6344,2,1,3
6345,2,1,3
6346,2,1,3
6347,2,1,3
6348,2,1,3
6349,2,1,3
6350,2,1,3
6351,2,1,3
6352,2,1,3
6353,2,1,3
6354,2,1,3
6355,2,1,3
6356,2,1,3
6357,2,1,3
6358,2,1,3
6359,2,1,3
6360,2,1,3
6361,2,1,3
6362,2,1,3
6363,2,1,3
6364,2,1,3
6365,2,1,3
6366,1,1,2
6367,1,1,2
6368,1,1,2
6369,1,1,2
6370,1,1,2
6371,1,1,2
6372,1,1,2
6373,1,1,2
6374,1,1,2
6375,1,1,2
6376,2,1,3
6377,3,1,4
6378,3,1,4
6379,3,1,4
6380,3,1,4
6381,3,0,3
6382,3,0,3
6383,3,0,3
6384,3,0,3
6385,3,0,3
6386,3,0,3
6387,3,0,3
6388,3,0,3
6389,3,0,3
6390,3,0,3
6391,3,0,3
6392,3,0,3
6393,3,0,3
6394,3,0,3
6395,3,0,3
6396,3,0,3
6397,3,0,3
6398,3,0,3
6399,3,0,3
6400,3,0,3
6401,3,0,3
6402,3,0,3
6403,3,0,3
6404,3,0,3
6405,3,0,3
6406,3,0,3
6407,3,0,3
6408,3,0,3
6409,3,0,3
6410,3,0,3
6411,3,0,3
6412,3,0,3
6413,3,0,3
6414,3,0,3
6415,3,0,3
6416,3,0,3
6417,3,0,3
6418,3,0,3
6419,3,0,3
6420,4,0,4
6421,4,0,4
6422,3,1,4
6423,3,1,4
6424,3,1,4
6425,3,1,4
6426,3,1,4
6427,3,1,4
6428,3,1,4
6429,3,1,4
6430,3,1,4
6431,3,1,4
6432,3,1,4
6433,3,1,4
6434,3,1,4
6435,3,1,4
6436,3,1,4
6437,3,1,4
6438,2,1,3
6439,2,1,3
6440,2,1,3
6441,2,1,3
6442,2,1,3
6443,2,1,3
6444,2,1,3
6445,2,1,3
6446,2,1,3
6447,3,0,3
6448,3,0,3
6449,3,0,3
6450,3,0,3
6451,3,0,3
6452,2,0,2
6453,2,0,2
6454,2,0,2
6455,2,0,2
6456,2,0,2
6457,2,0,2
6458,2,0,2
6459,2,0,2
6460,2,0,2
6461,2,0,2
6462,2,0,2
6463,2,0,2
6464,2,0,2
6465,2,0,2
6466,2,0,2
6467,2,0,2
6468,2,0,2
6469,2,0,2
6470,2,0,2
6471,2,0,2
6472,3,0,3
6473,3,0,3
6474,3,0,3
6475,3,0,3
6476,3,0,3
6477,3,0,3
6478,3,0,3
6479,3,0,3
6480,3,0,3
6481,3,0,3
6482,3,0,3
6483,3,0,3
6484,3,0,3
6485,3,0,3
6486,3,0,3
6487,3,0,3
6488,3,0,3
6489,2,1,3
6490,2,1,3
6491,2,1,3
6492,2,1,3
6493,2,1,3
6494,2,1,3
6495,2,1,3
6496,2,1,3
6497,2,1,3
6498,2,1,3
6499,2,1,3
6500,2,1,3
6501,2,1,3
6502,2,1,3
6503,2,1,3
6504,2,1,3
6505,2,1,3
6506,2,1,3
6507,2,1,3
6508,2,1,3
6509,2,1,3
6510,2,1,3
6511,2,1,3
6512,2,1,3
6513,2,1,3
6514,1,1,2
6515,1,1,2
6516,2,0,2
6517,2,0,2
6518,2,0,2
6519,2,0,2
6520,2,0,2
6521,2,0,2
6522,2,0,2
6523,2,0,2
6524,2,0,2
6525,1,0,1
6526,1,0,1
6527,1,0,1
6528,1,0,1
6529,1,0,1
6530,1,0,1
6531,1,0,1
6532,1,0,1
6533,1,0,1
6534,1,0,1
6535,1,0,1
6536,1,0,1
6537,1,0,1
6538,1,0,1
6539,1,0,1
6540,1,0,1
6541,1,0,1
6542,1,0,1
6543,1,0,1
6544,1,0,1
6545,1,0,1
6546,1,0,1
6547,1,0,1
6548,1,0,1
6549,2,0,2
6550,2,0,2
6551,2,0,2
6552,2,0,2
6553,3,0,3
6554,3,0,3
6555,3,0,3
6556,3,0,3
6557,3,0,3
6558,3,0,3
6559,4,0,4
6560,4,0,4
6561,4,0,4
6562,4,0,4
6563,4,0,4
6564,4,0,4
6565,4,0,4
6566,4,0,4
6567,4,0,4
6568,4,0,4
6569,4,0,4
6570,4,0,4
6571,4,0,4
6572,4,0,4
6573,4,0,4
6574,4,0,4
6575,4,0,4
6576,4,0,4
6577,4,0,4
6578,4,0,4
6579,4,0,4
6580,4,0,4
6581,4,0,4
6582,4,0,4
6583,4,0,4
6584,4,0,4
6585,4,0,4
6586,5,0,5
6587,5,0,5
6588,5,0,5
6589,5,0,5
6590,5,0,5
6591,5,0,5
6592,5,0,5
6593,5,0,5
6594,5,0,5
6595,5,0,5
6596,5,0,5
6597,5,0,5
6598,5,0,5
6599,4,0,4
6600,4,0,4
6601,4,0,4
6602,4,0,4
6603,3,0,3
6604,3,0,3
6605,3,0,3
6606,4,0,4
6607,4,0,4
6608,4,0,4
6609,4,0,4
6610,4,0,4
6611,4,0,4
6612,4,0,4
6613,4,0,4
6614,4,0,4
6615,4,0,4
6616,4,0,4
6617,4,0,4
6618,4,0,4
6619,4,0,4
6620,4,0,4
6621,4,0,4
6622,4,0,4
6623,4,0,4
6624,4,0,4
6625,4,0,4
6626,4,0,4
6627,4,0,4
6628,4,0,4
6629,4,0,4
6630,4,0,4
6631,4,0,4
6632,4,0,4
6633,4,0,4
6634,3,1,4
6635,3,1,4
6636,3,1,4
6637,3,1,4
6638,3,1,4
6639,3,1,4
6640,3,1,4
6641,3,1,4
6642,3,1,4
6643,3,1,4
6644,3,1,4
6645,3,1,4
6646,3,1,4
6647,3,1,4
6648,3,1,4
6649,3,1,4
6650,3,1,4
6651,3,1,4
6652,3,1,4
6653,3,1,4
6654,3,1,4
6655,3,1,4
6656,3,1,4
6657,3,1,4
6658,3,1,4
6659,3,1,4
6660,3,1,4
6661,3,1,4
6662,3,1,4
6663,3,1,4
6664,3,1,4
6665,3,1,4
6666,3,1,4
6667,3,1,4
6668,3,1,4
6669,3,1,4
6670,4,0,4
6671,3,0,3
6672,3,0,3
6673,3,0,3
6674,3,0,3
6675,2,0,2
6676,2,0,2
6677,2,0,2
6678,2,0,2
6679,2,0,2
6680,1,0,1
6681,1,0,1
6682,1,0,1
6683,1,0,1
6684,2,0,2
6685,3,0,3
6686,3,0,3
6687,3,0,3
6688,3,0,3
6689,3,0,3
6690,3,0,3
6691,3,0,3
6692,3,0,3
6693,3,0,3
6694,3,0,3
6695,3,0,3
6696,3,0,3
6697,3,0,3
6698,3,0,3
6699,3,0,3
6700,3,0,3
6701,3,0,3
6702,3,0,3
6703,3,0,3
6704,4,0,4
6705,4,0,4
6706,4,0,4
6707,4,0,4
6708,4,0,4
6709,4,0,4
6710,4,0,4
6711,4,0,4
6712,4,0,4
6713,4,0,4
6714,4,0,4
6715,5,0,5
6716,5,0,5
6717,4,1,5
6718,4,1,5
6719,4,1,5
6720,3,2,5
6721,3,2,5
6722,3,2,5
6723,3,2,5
6724,3,2,5
6725,3,2,5
6726,3,2,5
6727,3,2,5
6728,3,2,5
6729,3,2,5
6730,3,2,5
6731,3,2,5
6732,3,2,5
6733,3,2,5
6734,3,2,5
6735,3,2,5
6736,3,2,5
6737,3,2,5
6738,3,2,5
6739,3,2,5
6740,3,2,5
6741,3,2,5
6742,3,2,5
6743,3,2,5
6744,3,2,5
6745,3,2,5
6746,3,2,5
6747,3,2,5
6748,3,2,5
6749,3,2,5
6750,3,2,5
6751,3,2,5
6752,3,2,5
6753,3,2,5
6754,2,3,5
6755,2,3,5
6756,2,3,5
6757,2,3,5
6758,2,3,5
6759,2,3,5
6760,2,3,5
6761,1,3,4
6762,1,3,4
6763,1,3,4
6764,1,3,4
6765,2,2,4
6766,0,2,2
6767,0,2,2
6768,0,2,2
6769,0,2,2
6770,0,1,1
6771,0,1,1
6772,1,0,1
6773,1,0,1
6774,1,0,1
6775,1,0,1
6776,1,0,1
6777,1,0,1
6778,1,0,1
6779,1,0,1
6780,1,0,1
6781,1,0,1
6782,1,0,1
6783,0,0,0
6784,0,0,0
6785,0,0,0
6786,0,0,0
6787,0,0,0
6788,0,0,0
6789,0,0,0
6790,0,0,0
6791,1,0,1
6792,1,0,1
6793,1,0,1
6794,1,0,1
6795,1,0,1
6796,1,0,1
6797,1,0,1
6798,1,0,1
6799,1,0,1
6800,1,0,1
6801,1,0,1
6802,1,0,1
6803,1,0,1
6804,1,0,1
6805,1,0,1
6806,1,0,1
6807,1,0,1
6808,1,0,1
6809,1,0,1
6810,1,0,1
6811,1,0,1
6812,1,0,1
6813,1,0,1
6814,1,0,1
6815,1,0,1
6816,1,0,1
6817,1,0,1
6818,1,0,1
6819,1,0,1
6820,1,0,1
6821,1,0,1
6822,1,0,1
6823,0,1,1
6824,0,1,1
6825,0,1,1
6826,0,1,1
6827,0,1,1
6828,0,1,1
6829,0,1,1
6830,0,1,1
6831,0,1,1
6832,0,1,1
6833,0,1,1
6834,0,1,1
6835,0,1,1
6836,0,1,1
6837,0,1,1
6838,0,1,1
6839,0,1,1
6840,0,1,1
6841,0,1,1
6842,0,1,1
6843,1,1,2
6844,1,1,2
6845,1,1,2
6846,1,1,2
6847,1,1,2
6848,1,1,2
6849,1,1,2
6850,1,1,2
6851,1,1,2
6852,1,1,2
6853,1,1,2
6854,2,1,3
6855,2,1,3
6856,2,1,3
6857,3,0,3
6858,3,0,3
6859,2,0,2
6860,2,0,2
6861,2,0,2
6862,2,0,2
6863,2,0,2
6864,2,0,2
6865,2,0,2
6866,2,0,2
6867,2,0,2
6868,2,0,2
6869,2,0,2
6870,2,0,2
6871,2,0,2
6872,2,0,2
6873,2,0,2
6874,2,0,2
6875,2,0,2
6876,2,0,2
6877,2,0,2
6878,2,0,2
6879,2,0,2
6880,2,0,2
6881,2,0,2
6882,2,0,2
6883,2,0,2
6884,2,0,2
6885,2,0,2
6886,2,0,2
6887,2,0,2
6888,2,0,2
6889,2,0,2
6890,2,0,2
6891,2,0,2
6892,2,0,2
6893,2,0,2
6894,1,0,1
6895,1,0,1
6896,1,0,1
6897,2,0,2
6898,2,0,2
6899,2,0,2
6900,2,0,2
6901,2,0,2
6902,2,0,2
6903,2,0,2
6904,2,0,2
6905,2,0,2
6906,2,0,2
6907,2,0,2
6908,2,0,2
6909,2,0,2
6910,2,0,2
6911,2,0,2
6912,2,0,2
6913,2,0,2
6914,2,0,2
6915,2,0,2
6916,2,0,2
6917,2,0,2
6918,2,0,2
6919,2,0,2
6920,2,0,2
6921,2,0,2
6922,2,0,2
6923,2,0,2
6924,2,0,2
6925,2,0,2
6926,2,0,2
6927,2,0,2
6928,2,0,2
6929,2,0,2
6930,2,0,2
6931,1,1,2
6932,1,1,2
6933,1,1,2
6934,1,1,2
6935,1,1,2
6936,1,1,2
6937,1,1,2
6938,1,1,2
6939,1,1,2
6940,1,1,2
6941,1,1,2
6942,1,1,2
6943,0,2,2
6944,0,2,2
6945,0,2,2
6946,0,2,2
6947,0,2,2
6948,0,2,2
6949,0,2,2
6950,0,2,2
6951,0,2,2
6952,0,2,2
6953,0,2,2
6954,1,2,3
6955,1,2,3
6956,1,2,3
6957,1,2,3
6958,1,2,3
6959,1,2,3
6960,1,2,3
6961,1,2,3
6962,1,2,3
6963,1,2,3
6964,1,2,3
6965,1,2,3
6966,0,3,3
6967,0,3,3
6968,0,3,3
6969,1,2,3
6970,0,2,2
6971,0,2,2
6972,0,2,2
6973,0,2,2
6974,0,2,2
6975,0,2,2
6976,0,2,2
6977,0,2,2
6978,0,2,2
6979,0,2,2
6980,0,2,2
6981,0,2,2
6982,0,2,2
6983,0,2,2
6984,0,2,2
6985,1,2,3
6986,1,2,3
6987,1,2,3
6988,1,1,2
6989,1,1,2
6990,1,1,2
6991,1,1,2
6992,1,1,2
6993,1,1,2
6994,1,1,2
6995,1,1,2
6996,3,1,4
6997,3,1,4
6998,5,1,6
6999,5,1,6
7000,5,1,6
7001,5,1,6
7002,5,1,6
7003,5,1,6
7004,5,1,6
7005,5,1,6
7006,5,1,6
7007,5,1,6
7008,5,1,6
7009,5,1,6
7010,5,1,6
7011,5,1,6
7012,5,1,6
7013,5,1,6
7014,5,1,6
7015,7,0,7
7016,6,0,6
7017,6,0,6
7018,6,0,6
7019,7,0,7
7020,8,0,8
7021,8,0,8
7022,8,0,8
7023,9,0,9
7024,9,0,9
7025,9,0,9
7026,9,0,9
7027,9,0,9
7028,9,0,9
7029,9,0,9
7030,9,0,9
7031,9,0,9
7032,9,0,9
7033,9,0,9
7034,9,0,9
7035,9,0,9
7036,9,0,9
7037,9,0,9
7038,9,0,9
7039,9,0,9
7040,8,0,8
7041,8,0,8
7042,8,0,8
7043,8,0,8
7044,8,0,8
7045,9,0,9
7046,9,0,9
7047,10,0,10
7048,10,0,10
7049,10,0,10
7050,10,0,10
7051,10,0,10
7052,10,0,10
7053,8,2,10
7054,8,2,10
7055,8,2,10
7056,8,2,10
7057,7,2,9
7058,7,2,9
7059,7,2,9
7060,7,2,9
7061,7,2,9
7062,7,2,9
7063,7,1,8
7064,7,1,8
7065,7,1,8
7066,7,1,8
7067,7,1,8
7068,8,0,8
7069,8,0,8
7070,8,0,8
7071,8,0,8
7072,8,0,8
7073,9,0,9
7074,9,0,9
7075,9,0,9
7076,9,0,9
7077,9,0,9
7078,8,0,8
7079,8,0,8
7080,8,0,8
7081,7,0,7
7082,7,0,7
7083,7,0,7
7084,6,0,6
7085,6,0,6
7086,6,0,6
7087,5,0,5
7088,4,0,4
7089,4,0,4
7090,4,0,4
7091,3,0,3
7092,3,0,3
7093,2,0,2
7094,2,0,2
7095,2,0,2
7096,2,0,2
7097,3,0,3
7098,3,0,3
7099,3,0,3
7100,3,0,3
7101,3,0,3
7102,3,0,3
7103,3,0,3
7104,3,0,3
7105,3,0,3
7106,3,0,3
7107,3,0,3
7108,3,0,3
7109,2,0,2
7110,2,0,2
7111,2,0,2
7112,2,0,2
7113,2,0,2
7114,2,0,2
7115,2,0,2
7116,2,0,2
7117,2,0,2
7118,2,0,2
7119,2,0,2
7120,2,0,2
7121,2,0,2
7122,2,0,2
7123,2,0,2
7124,2,0,2
7125,2,0,2
7126,2,0,2
7127,2,0,2
7128,2,0,2
7129,1,0,1
7130,3,0,3
7131,3,0,3
7132,3,0,3
7133,3,0,3
7134,3,0,3
7135,4,0,4
7136,4,0,4
7137,4,0,4
7138,4,0,4
7139,4,0,4
7140,4,0,4
7141,4,0,4
7142,4,0,4
7143,4,0,4
7144,4,0,4
7145,4,0,4
7146,5,0,5
7147,5,0,5
7148,5,0,5
7149,5,0,5
7150,5,0,5
7151,4,0,4
7152,4,0,4
7153,4,0,4
7154,4,0,4
7155,4,0,4
7156,5,0,5
7157,5,0,5
7158,5,0,5
7159,5,0,5
7160,5,0,5
7161,5,0,5
7162,5,0,5
7163,5,0,5
7164,6,0,6
7165,6,0,6
7166,6,0,6
7167,6,0,6
7168,7,0,7
7169,7,0,7
7170,7,0,7
7171,8,0,8
7172,8,0,8
7173,8,0,8
7174,8,0,8
7175,8,0,8
7176,8,0,8
7177,8,0,8
7178,8,0,8
7179,8,0,8
7180,8,0,8
7181,8,0,8
7182,9,0,9
7183,9,0,9
7184,9,0,9
7185,9,0,9
7186,9,0,9
7187,9,0,9
7188,9,0,9
7189,9,0,9
7190,9,0,9
7191,9,0,9
7192,9,0,9
7193,9,0,9
7194,9,0,9
7195,9,0,9
7196,9,0,9
7197,9,0,9
7198,9,0,9
7199,9,0,9
7200,9,0,9
7201,10,0,10
7202,10,0,10
7203,10,0,10
7204,10,0,10
7205,10,0,10
7206,10,0,10
7207,10,0,10
7208,10,0,10
7209,10,0,10
7210,10,0,10
7211,10,0,10
7212,11,0,11
7213,11,0,11
7214,12,0,12
7215,12,0,12
7216,13,0,13
7217,13,0,13
7218,13,0,13
7219,13,0,13
7220,13,0,13
7221,13,0,13
7222,13,0,13
7223,13,0,13
7224,13,0,13
7225,13,0,13
7226,13,0,13
7227,13,0,13
7228,12,0,12
7229,12,0,12
7230,12,0,12
7231,12,0,12
7232,12,0,12
7233,11,0,11
7234,11,0,11
7235,11,0,11
7236,11,0,11
7237,11,0,11
7238,11,0,11
7239,11,0,11
7240,11,0,11
7241,11,0,11
7242,11,0,11
7243,12,0,12
7244,12,0,12
7245,13,0,13
7246,13,0,13
7247,13,0,13
7248,13,0,13
7249,12,0,12
7250,12,0,12
7251,12,0,12
7252,12,0,12
7253,12,0,12
7254,12,0,12
7255,12,0,12
7256,12,0,12
7257,11,0,11
7258,11,0,11
7259,11,0,11
7260,12,0,12
7261,12,0,12
7262,12,0,12
7263,12,0,12
7264,12,0,12
7265,11,1,12
7266,11,1,12
7267,11,1,12
7268,11,1,12
7269,11,1,12
7270,10,2,12
7271,10,2,12
7272,10,2,12
7273,9,2,11
7274,9,2,11
7275,9,2,11
7276,9,2,11
7277,9,2,11
7278,8,2,10
7279,8,2,10
7280,8,2,10
7281,8,2,10
7282,8,2,10
7283,7,2,9
7284,7,2,9
7285,7,2,9
7286,7,2,9
7287,7,2,9
7288,6,3,9
7289,6,3,9
7290,5,3,8
7291,5,3,8
7292,5,3,8
7293,5,3,8
7294,6,3,9
7295,6,3,9
7296,6,3,9
7297,6,3,9
7298,8,2,10
7299,8,2,10
7300,8,2,10
7301,8,2,10
7302,6,2,8
7303,6,2,8
7304,6,2,8
7305,7,2,9
7306,6,2,8
7307,6,2,8
7308,6,2,8
7309,6,2,8
7310,6,2,8
7311,6,2,8
7312,6,2,8
7313,7,2,9
7314,6,2,8
7315,6,2,8
7316,7,1,8
7317,6,1,7
7318,6,1,7
7319,6,1,7
7320,6,1,7
7321,6,1,7
7322,6,1,7
7323,6,1,7
7324,6,1,7
7325,6,1,7
7326,6,1,7
7327,6,1,7
7328,6,1,7
7329,6,1,7
7330,6,1,7
7331,6,1,7
7332,6,1,7
7333,6,1,7
7334,6,1,7
7335,7,0,7
7336,6,0,6
7337,6,0,6
7338,6,0,6
7339,6,0,6
7340,6,0,6
7341,6,0,6
7342,6,0,6
7343,6,0,6
7344,6,0,6
7345,6,0,6
7346,5,0,5
7347,5,0,5
7348,5,0,5
7349,5,0,5
7350,5,0,5
7351,5,0,5
7352,5,0,5
7353,4,0,4
7354,4,0,4
7355,3,0,3
7356,4,0,4
7357,4,0,4
7358,4,0,4
7359,4,0,4
7360,4,0,4
7361,4,0,4
7362,4,0,4
7363,4,0,4
7364,4,0,4
7365,4,0,4
7366,4,0,4
7367,3,0,3
7368,3,0,3
7369,3,0,3
7370,3,0,3
7371,3,0,3
7372,3,0,3
7373,3,0,3
7374,3,0,3
7375,2,0,2
7376,1,1,2
7377,1,1,2
7378,0,1,1
7379,0,1,1
7380,0,1,1
7381,0,1,1
7382,0,1,1
7383,0,1,1
7384,0,1,1
7385,0,1,1
7386,0,1,1
7387,0,1,1
7388,0,1,1
7389,0,1,1
7390,0,1,1
7391,0,1,1
7392,0,1,1
7393,0,1,1
7394,0,1,1
7395,0,1,1
7396,0,1,1
7397,0,1,1
7398,0,1,1
7399,0,1,1
7400,0,1,1
7401,0,1,1
7402,0,1,1
7403,0,1,1
7404,0,1,1
7405,0,1,1
7406,0,1,1
7407,0,1,1
7408,0,1,1
7409,0,1,1
7410,0,1,1
7411,0,1,1
7412,0,1,1
7413,0,1,1
7414,0,1,1
7415,0,1,1
7416,0,1,1
7417,0,1,1
7418,0,1,1
7419,0,1,1
7420,0,1,1
7421,0,1,1
7422,0,1,1
7423,0,1,1
7424,0,1,1
7425,0,1,1
7426,0,1,1
7427,0,1,1
7428,0,1,1
7429,0,1,1
7430,0,1,1
7431,1,0,1
7432,1,0,1
7433,0,0,0
7434,0,0,0
7435,0,0,0
7436,0,0,0
7437,0,0,0
7438,0,0,0
7439,0,0,0
7440,0,0,0
7441,0,0,0
7442,0,0,0
7443,0,0,0
7444,0,0,0
7445,0,0,0
7446,0,0,0
7447,0,0,0
7448,0,0,0
7449,0,0,0
7450,0,0,0
7451,0,0,0
7452,0,0,0
7453,0,0,0
7454,0,0,0
7455,0,0,0
7456,0,0,0
7457,0,0,0
7458,0,0,0
7459,0,0,0
7460,0,0,0
7461,0,0,0
7462,0,0,0
7463,0,0,0
7464,0,0,0
7465,0,0,0
7466,0,0,0
7467,0,0,0
7468,0,0,0
7469,0,0,0
7470,0,0,0
7471,0,0,0
7472,0,0,0
7473,0,0,0
7474,0,0,0
7475,0,0,0
7476,0,0,0
7477,0,0,0
7478,0,0,0
7479,0,0,0
7480,0,0,0
7481,0,0,0
7482,0,0,0
7483,0,0,0
7484,0,0,0
7485,0,0,0
7486,0,0,0
7487,0,0,0
7488,0,0,0
7489,0,0,0
7490,0,0,0
7491,0,0,0
7492,0,0,0
7493,0,0,0
7494,0,0,0
7495,0,0,0
7496,1,0,1
7497,1,0,1
7498,1,0,1
7499,1,0,1
7500,1,0,1
7501,1,0,1
7502,1,0,1
7503,1,0,1
7504,1,0,1
7505,1,0,1
7506,1,0,1
7507,1,0,1
7508,1,0,1
7509,1,0,1
7510,1,0,1
7511,1,0,1
7512,1,0,1
7513,2,0,2
7514,2,0,2
7515,2,0,2
7516,2,0,2
7517,2,0,2
7518,2,0,2
7519,2,0,2
7520,2,0,2
7521,2,0,2
7522,2,0,2
7523,1,1,2
7524,1,1,2
7525,1,1,2
7526,1,1,2
7527,1,1,2
7528,1,1,2
7529,1,1,2
7530,1,1,2
7531,1,1,2
7532,1,1,2
7533,1,1,2
7534,1,1,2
7535,1,1,2
7536,1,1,2
7537,1,1,2
7538,1,1,2
7539,1,1,2
7540,1,1,2
7541,1,1,2
7542,1,1,2
7543,1,1,2
7544,1,1,2
7545,1,1,2
7546,1,1,2
7547,1,1,2
7548,0,1,1
7549,0,1,1
7550,0,1,1
7551,1,1,2
7552,1,1,2
7553,1,1,2
7554,1,1,2
7555,1,1,2
7556,2,0,2
7557,2,0,2
7558,2,0,2
7559,2,0,2
7560,2,0,2
7561,2,0,2
7562,2,0,2
7563,2,0,2
7564,1,0,1
7565,1,0,1
7566,1,0,1
7567,1,0,1
7568,1,0,1
7569,1,0,1
7570,1,0,1
7571,1,0,1
7572,1,0,1
7573,1,0,1
7574,1,0,1
7575,1,0,1
7576,1,0,1
7577,1,0,1
7578,1,0,1
7579,1,0,1
7580,1,0,1
7581,1,0,1
7582,1,0,1
7583,1,0,1
7584,1,0,1
7585,1,0,1
7586,1,0,1
7587,1,0,1
7588,1,0,1
7589,1,0,1
7590,1,0,1
7591,1,0,1
7592,1,0,1
7593,1,0,1
7594,1,0,1
7595,1,0,1
7596,1,0,1
7597,0,0,0
7598,0,0,0
7599,0,0,0
7600,0,0,0
7601,0,0,0
7602,0,0,0
7603,0,0,0
7604,0,0,0
7605,0,0,0
7606,0,0,0
7607,0,0,0
7608,0,0,0
7609,0,0,0
7610,0,0,0
7611,0,0,0
7612,0,0,0
7613,0,0,0
7614,0,0,0
7615,0,0,0
7616,0,0,0
7617,0,0,0
7618,0,0,0
7619,0,0,0
7620,0,0,0
7621,0,0,0
7622,0,0,0
7623,0,0,0
7624,0,0,0
7625,0,0,0
7626,0,0,0
7627,0,0,0
7628,0,0,0
7629,0,0,0
7630,0,0,0
7631,0,0,0
7632,0,0,0
7633,0,0,0
7634,0,0,0
7635,0,0,0
7636,0,0,0
7637,1,0,1
7638,1,0,1
7639,1,0,1
7640,1,0,1
7641,1,0,1
7642,1,0,1
7643,1,0,1
7644,1,0,1
7645,1,0,1
7646,1,0,1
7647,1,0,1
7648,1,0,1
7649,1,0,1
7650,1,0,1
7651,1,0,1
7652,1,0,1
7653,1,0,1
7654,1,0,1
7655,1,0,1
7656,1,0,1
7657,1,0,1
7658,1,0,1
7659,1,0,1
7660,1,0,1
7661,1,0,1
7662,1,0,1
7663,1,0,1
7664,2,0,2
7665,2,0,2
7666,2,0,2
7667,2,0,2
7668,2,0,2
7669,2,0,2
7670,2,0,2
7671,2,0,2
7672,2,0,2
7673,1,0,1
7674,1,0,1
7675,1,0,1
7676,1,0,1
7677,1,0,1
7678,1,0,1
7679,1,0,1
7680,1,0,1
7681,1,0,1
7682,1,0,1
7683,1,0,1
7684,1,0,1
7685,1,0,1
7686,1,0,1
7687,1,0,1
7688,1,0,1
7689,1,0,1
7690,1,0,1
7691,1,0,1
7692,1,0,1
7693,1,0,1
7694,1,0,1
7695,1,0,1
7696,1,0,1
7697,1,0,1
7698,1,0,1
7699,1,0,1
7700,1,0,1
7701,1,0,1
7702,1,0,1
7703,1,0,1
7704,1,0,1
7705,1,0,1
7706,1,0,1
7707,1,0,1
7708,1,0,1
7709,1,0,1
7710,1,0,1
7711,1,0,1
7712,1,0,1
7713,1,0,1
7714,1,0,1
7715,1,0,1
7716,1,0,1
7717,1,0,1
7718,1,0,1
7719,1,0,1
7720,0,0,0
7721,1,0,1
7722,1,0,1
7723,1,0,1
7724,1,0,1
7725,1,0,1
7726,1,0,1
7727,1,0,1
7728,1,0,1
7729,1,0,1
7730,1,0,1
7731,1,0,1
7732,1,0,1
7733,1,0,1
7734,1,0,1
7735,1,0,1
7736,1,0,1
7737,1,0,1
7738,1,0,1
7739,1,0,1
7740,1,0,1
7741,1,0,1
7742,1,0,1
7743,1,0,1
7744,1,0,1
7745,1,0,1
7746,1,0,1
7747,1,0,1
7748,1,0,1
7749,1,0,1
7750,1,0,1
7751,1,0,1
7752,1,0,1
7753,1,0,1
7754,1,0,1
7755,1,0,1
7756,1,0,1
7757,1,0,1
7758,1,0,1
7759,1,0,1
7760,1,0,1
7761,1,0,1
7762,1,0,1
7763,1,0,1
7764,1,0,1
7765,1,0,1
7766,1,0,1
7767,1,0,1
7768,1,0,1
7769,1,0,1
7770,1,0,1
7771,1,0,1
7772,1,0,1
7773,1,0,1
7774,0,0,0
7775,0,0,0
7776,0,0,0
7777,0,0,0
7778,0,0,0
7779,0,0,0
7780,0,0,0
7781,0,0,0
7782,0,0,0
7783,0,0,0
7784,0,0,0
7785,1,0,1
7786,1,0,1
7787,1,0,1
7788,2,0,2
7789,2,0,2
7790,3,0,3
7791,3,0,3
7792,3,0,3
7793,3,0,3
7794,3,0,3
7795,3,0,3
7796,4,0,4
7797,4,0,4
7798,4,0,4
7799,4,0,4
7800,4,0,4
7801,4,0,4
7802,4,0,4
7803,4,0,4
7804,4,0,4
7805,4,0,4
7806,4,0,4
7807,4,0,4
7808,4,0,4
7809,4,0,4
7810,4,0,4
7811,4,0,4
7812,4,0,4
7813,4,0,4
7814,4,0,4
7815,3,1,4
7816,3,1,4
7817,3,1,4
7818,4,1,5
7819,4,1,5
7820,4,1,5
7821,3,2,5
7822,3,2,5
7823,3,2,5
7824,2,3,5
7825,2,3,5
7826,2,3,5
7827,1,4,5
7828,1,4,5
7829,1,4,5
7830,1,4,5
7831,1,4,5
7832,0,5,5
7833,0,5,5
7834,0,5,5
7835,0,5,5
7836,0,5,5
7837,0,5,5
7838,0,5,5
7839,0,5,5
7840,0,5,5
7841,0,5,5
7842,1,4,5
7843,1,4,5
7844,1,4,5
7845,1,4,5
7846,1,4,5
7847,1,4,5
7848,1,4,5
7849,1,4,5
7850,2,4,6
7851,2,4,6
7852,2,4,6
7853,2,4,6
7854,2,4,6
7855,1,5,6
7856,1,5,6
7857,2,4,6
7858,0,5,5
7859,0,5,5
7860,0,5,5
7861,0,5,5
7862,0,5,5
7863,0,5,5
7864,1,4,5
7865,1,4,5
7866,0,4,4
7867,0,4,4
7868,0,4,4
7869,0,4,4
7870,0,4,4
7871,0,4,4
7872,0,3,3
7873,0,3,3
7874,0,3,3
7875,0,3,3
7876,0,2,2
7877,0,2,2
7878,0,2,2
7879,0,2,2
7880,0,2,2
7881,0,2,2
7882,0,2,2
7883,0,2,2
7884,0,2,2
7885,0,2,2
7886,0,2,2
7887,0,2,2
7888,0,2,2
7889,0,2,2
7890,0,2,2
7891,0,2,2
7892,0,2,2
7893,0,2,2
7894,0,2,2
7895,0,2,2
7896,0,2,2
7897,0,2,2
7898,0,2,2
7899,0,2,2
7900,0,2,2
7901,0,2,2
7902,0,2,2
7903,0,2,2
7904,0,2,2
7905,0,2,2
7906,1,2,3
7907,1,2,3
7908,1,2,3
7909,1,2,3
7910,1,2,3
7911,1,2,3
7912,1,2,3
7913,1,2,3
7914,1,1,2
7915,1,0,1
7916,1,0,1
7917,1,0,1
7918,1,0,1
7919,1,0,1
7920,1,0,1
7921,1,0,1
7922,1,0,1
7923,1,0,1
7924,1,0,1
7925,1,0,1
7926,1,0,1
7927,1,0,1
7928,1,0,1
7929,1,0,1
7930,1,0,1
7931,1,0,1
7932,1,0,1
7933,1,0,1
7934,1,0,1
7935,1,0,1
7936,1,0,1
7937,1,0,1
7938,1,0,1
7939,1,0,1
7940,1,0,1
7941,1,0,1
7942,1,0,1
7943,1,0,1
7944,1,0,1
7945,1,0,1
7946,1,0,1
7947,1,0,1
7948,0,0,0
7949,0,0,0
7950,0,0,0
7951,0,0,0
7952,0,0,0
7953,0,0,0
7954,0,0,0
7955,0,0,0
7956,0,0,0
7957,0,0,0
7958,0,0,0
7959,0,0,0
7960,0,0,0
7961,0,0,0
7962,0,0,0
7963,0,0,0
7964,0,0,0
7965,0,0,0
7966,0,0,0
7967,0,0,0
7968,0,0,0
7969,0,0,0
7970,0,0,0
7971,0,0,0
7972,0,0,0
7973,0,0,0
7974,0,0,0
7975,0,0,0
7976,0,0,0
7977,0,0,0
7978,0,0,0
7979,0,0,0
7980,0,0,0
7981,0,0,0
7982,0,0,0
7983,0,0,0
7984,0,0,0
7985,0,0,0
7986,0,0,0
7987,0,0,0
7988,0,0,0
7989,0,0,0
7990,0,0,0
7991,0,0,0
7992,0,0,0
7993,0,0,0
7994,0,0,0
7995,0,0,0
7996,0,0,0
7997,0,0,0
7998,0,0,0
7999,0,0,0
8000,0,0,0
8001,0,0,0
8002,0,0,0
8003,0,0,0
8004,0,0,0
8005,0,0,0
8006,0,0,0
8007,0,0,0
8008,0,0,0
8009,0,0,0
8010,0,0,0
8011,0,0,0
8012,0,0,0
8013,0,0,0
8014,0,0,0
8015,0,0,0
8016,0,0,0
8017,0,0,0
8018,0,0,0
8019,0,0,0
8020,0,0,0
8021,0,0,0
8022,0,0,0
8023,0,0,0
8024,0,0,0
8025,0,0,0
8026,0,0,0
8027,0,0,0
8028,0,0,0
8029,0,0,0
8030,0,0,0
8031,0,0,0
8032,0,0,0
8033,0,0,0
8034,0,0,0
8035,0,0,0
8036,0,0,0
8037,0,0,0
8038,0,0,0
8039,0,0,0
8040,0,0,0
8041,0,0,0
8042,0,0,0
8043,0,0,0
8044,0,0,0
8045,0,0,0
8046,0,0,0
8047,0,0,0
8048,0,0,0
8049,0,0,0
8050,0,0,0
8051,0,0,0
8052,0,0,0
8053,0,0,0
8054,0,0,0
8055,0,0,0
8056,0,0,0
8057,0,0,0
8058,0,0,0
8059,0,0,0
8060,0,0,0
8061,0,0,0
8062,0,0,0
8063,0,0,0
8064,0,0,0
8065,0,0,0
8066,0,0,0
8067,0,0,0
8068,0,0,0
8069,0,0,0
8070,0,0,0
8071,0,0,0
8072,0,0,0
8073,0,0,0
8074,0,0,0
8075,0,0,0
8076,0,0,0
8077,0,0,0
8078,0,0,0
8079,0,0,0
8080,0,0,0
8081,0,0,0
8082,0,0,0
8083,0,0,0
8084,0,0,0
8085,0,0,0
8086,0,0,0
8087,0,0,0
8088,0,0,0
8089,0,0,0
8090,0,0,0
8091,0,0,0
8092,0,0,0
8093,0,0,0
8094,0,0,0
8095,0,0,0
8096,0,0,0
8097,0,0,0
8098,0,0,0
8099,0,0,0
8100,0,0,0
8101,0,0,0
8102,0,0,0
8103,0,0,0
8104,0,0,0
8105,0,0,0
8106,0,0,0
8107,0,0,0
8108,0,0,0
8109,0,0,0
8110,0,0,0
8111,0,0,0
8112,0,0,0
8113,0,0,0
8114,0,0,0
8115,0,0,0
8116,0,0,0
8117,0,0,0
8118,0,0,0
8119,0,0,0
8120,0,0,0
8121,0,0,0
8122,0,0,0
8123,0,0,0
8124,0,0,0
8125,0,0,0
8126,0,0,0
8127,0,0,0
8128,0,0,0
8129,0,0,0
8130,0,0,0
8131,0,0,0
8132,0,0,0
8133,0,0,0
8134,0,0,0
8135,0,0,0
8136,0,0,0
8137,0,0,0
8138,0,0,0
8139,0,0,0
8140,0,0,0
8141,0,0,0
8142,0,0,0
8143,0,0,0
8144,0,0,0
8145,0,0,0
8146,0,0,0
8147,0,0,0
8148,0,0,0
8149,0,0,0
8150,0,0,0
8151,0,0,0
8152,0,0,0
8153,0,0,0
8154,0,0,0
8155,0,0,0
8156,0,0,0
8157,0,0,0
8158,0,0,0
8159,0,0,0
8160,0,0,0
8161,0,0,0
8162,0,0,0
8163,0,0,0
8164,0,0,0
8165,0,0,0
8166,0,0,0
8167,0,0,0
8168,0,0,0
8169,0,0,0
8170,0,0,0
8171,0,0,0
8172,0,0,0
8173,0,0,0
8174,0,0,0
8175,0,0,0
8176,0,0,0
8177,0,0,0
8178,0,0,0
8179,0,0,0
8180,0,0,0
8181,0,0,0
8182,0,0,0
8183,0,0,0
8184,0,0,0
8185,0,0,0
8186,0,0,0
8187,0,0,0
8188,0,0,0
8189,0,0,0
8190,0,0,0
8191,0,0,0
8192,0,0,0
8193,0,0,0
8194,0,0,0
8195,0,0,0
8196,0,0,0
8197,0,0,0
8198,0,0,0
8199,0,0,0
8200,0,0,0
8201,0,0,0
8202,0,0,0
8203,0,0,0
8204,0,0,0
8205,0,0,0
8206,0,0,0
8207,0,0,0
8208,0,0,0
8209,0,0,0
8210,0,0,0
8211,0,0,0
8212,0,0,0
8213,0,0,0
8214,0,0,0
8215,0,0,0
8216,0,0,0
8217,0,0,0
8218,0,0,0
8219,0,0,0
8220,0,0,0
8221,0,0,0
8222,0,0,0
8223,0,0,0
8224,0,0,0
8225,0,0,0
8226,0,0,0
8227,0,0,0
8228,0,0,0
8229,0,0,0
8230,0,0,0
8231,0,0,0
8232,0,0,0
8233,0,0,0
8234,0,0,0
8235,0,0,0
8236,0,0,0
8237,0,0,0
8238,0,0,0
8239,0,0,0
8240,0,0,0
8241,0,0,0
8242,0,0,0
8243,0,0,0
8244,0,0,0
8245,0,0,0
8246,0,0,0
8247,0,0,0
8248,0,0,0
8249,0,0,0
8250,0,0,0
8251,0,0,0
8252,0,0,0
8253,0,0,0
8254,0,0,0
8255,0,0,0
8256,0,0,0
8257,0,0,0
8258,0,0,0
8259,0,0,0
8260,0,0,0
8261,0,0,0
8262,0,0,0
8263,0,0,0
8264,0,0,0
8265,0,0,0
8266,0,0,0
8267,0,0,0
8268,0,0,0
8269,0,0,0
8270,0,0,0
8271,0,0,0
8272,0,0,0
8273,0,0,0
8274,0,0,0
8275,0,0,0
8276,0,0,0
8277,0,0,0
8278,0,0,0
8279,0,0,0
8280,0,0,0
8281,0,0,0
8282,0,0,0
8283,0,0,0
8284,0,0,0
8285,0,0,0
8286,0,0,0
8287,0,0,0
8288,0,0,0
8289,0,0,0
8290,0,0,0
8291,0,0,0
8292,0,0,0
8293,0,0,0
8294,0,0,0
8295,0,0,0
8296,0,0,0
8297,0,0,0
8298,0,0,0
8299,0,0,0
8300,0,0,0
8301,0,0,0
8302,0,0,0
8303,0,0,0
8304,0,0,0
8305,0,0,0
8306,0,0,0
8307,0,0,0
8308,0,0,0
8309,0,0,0
8310,0,0,0
8311,0,0,0
8312,0,0,0
8313,0,0,0
8314,0,0,0
8315,0,0,0
8316,0,0,0
8317,0,0,0
8318,0,0,0
8319,0,0,0
8320,0,0,0
8321,0,0,0
8322,0,0,0
8323,0,0,0
8324,0,0,0
8325,0,0,0
8326,0,0,0
8327,0,0,0
8328,0,0,0
8329,0,0,0
8330,0,0,0
8331,0,0,0
8332,0,0,0
8333,0,0,0
8334,0,0,0
8335,0,0,0
8336,0,0,0
8337,0,0,0
8338,0,0,0
8339,0,0,0
8340,0,0,0
8341,0,0,0
8342,0,0,0
8343,0,0,0
8344,1,0,1
8345,1,0,1
8346,1,0,1
8347,1,0,1
8348,1,0,1
8349,1,0,1
8350,1,0,1
8351,1,0,1
8352,1,0,1
8353,1,0,1
8354,1,0,1
8355,1,0,1
8356,1,0,1
8357,1,0,1
8358,1,0,1
8359,1,0,1
8360,1,0,1
8361,1,0,1
8362,1,0,1
8363,1,0,1
8364,1,0,1
8365,1,0,1
8366,1,0,1
8367,1,0,1
8368,1,0,1
8369,1,0,1
8370,1,0,1
8371,1,0,1
8372,1,0,1
8373,1,0,1
8374,1,0,1
8375,1,0,1
8376,1,0,1
8377,1,0,1
8378,1,0,1
8379,1,0,1
8380,1,0,1
8381,1,0,1
8382,1,0,1
8383,1,0,1
8384,1,0,1
8385,1,0,1
8386,1,0,1
8387,1,0,1
8388,1,0,1
8389,1,0,1
8390,1,0,1
8391,1,0,1
8392,1,0,1
8393,2,0,2
8394,2,0,2
8395,2,0,2
8396,2,0,2
8397,2,0,2
8398,2,0,2
8399,2,0,2
8400,2,0,2
8401,2,0,2
8402,2,0,2
8403,2,0,2
8404,2,0,2
8405,2,0,2
8406,2,0,2
8407,2,0,2
8408,2,0,2
8409,2,0,2
8410,2,0,2
8411,2,0,2
8412,2,0,2
8413,2,0,2
8414,2,0,2
8415,2,0,2
8416,2,0,2
8417,2,0,2
8418,2,0,2
8419,2,0,2
8420,2,0,2
8421,2,0,2
8422,2,0,2
8423,2,0,2
8424,2,0,2
8425,2,0,2
8426,2,0,2
8427,2,0,2
8428,2,0,2
8429,2,0,2
8430,2,0,2
8431,2,0,2
8432,2,0,2
8433,2,0,2
8434,2,0,2
8435,2,0,2
8436,2,0,2
8437,2,0,2
8438,2,0,2
8439,2,0,2
8440,2,0,2
8441,2,0,2
8442,2,0,2
8443,2,0,2
8444,2,0,2
8445,2,0,2
8446,2,0,2
8447,2,0,2
8448,2,0,2
8449,1,0,1
8450,1,0,1
8451,1,0,1
8452,1,0,1
8453,1,0,1
8454,1,0,1
8455,1,0,1
8456,1,0,1
8457,1,0,1
8458,1,0,1
8459,1,0,1
8460,1,0,1
8461,1,0,1
8462,1,0,1
8463,1,0,1
8464,1,0,1
8465,1,0,1
8466,0,0,0
8467,0,0,0
8468,0,0,0
8469,0,0,0
8470,1,0,1
8471,1,0,1
8472,1,0,1
8473,1,0,1
8474,1,0,1
8475,1,0,1
8476,1,0,1
8477,1,0,1
8478,1,0,1
8479,1,0,1
8480,1,0,1
8481,1,0,1
8482,1,0,1
8483,1,0,1
8484,1,0,1
8485,1,0,1
8486,1,0,1
8487,1,0,1
8488,1,0,1
8489,1,0,1
8490,1,0,1
8491,1,0,1
8492,1,0,1
8493,1,0,1
8494,1,0,1
8495,1,0,1
8496,1,0,1
8497,1,0,1
8498,1,0,1
8499,1,0,1
8500,1,0,1
8501,1,0,1
8502,1,0,1
8503,1,0,1
8504,1,0,1
8505,1,0,1
8506,1,0,1
8507,1,0,1
8508,1,0,1
8509,1,0,1
8510,1,0,1
8511,1,0,1
8512,1,0,1
8513,1,0,1
8514,0,0,0
8515,0,0,0
8516,0,0,0
8517,0,0,0
8518,0,0,0
8519,0,0,0
8520,0,0,0
8521,0,0,0
8522,0,0,0
8523,0,0,0
8524,0,0,0
8525,0,0,0
8526,0,0,0
8527,0,0,0
8528,0,0,0
8529,0,0,0
8530,0,0,0
8531,0,0,0
8532,0,0,0
8533,0,0,0
8534,0,0,0
8535,0,0,0
8536,0,0,0
8537,0,0,0
8538,0,0,0
8539,0,0,0
8540,0,0,0
8541,0,0,0
8542,0,0,0
8543,0,0,0
8544,0,0,0
8545,0,0,0
8546,0,0,0
8547,0,0,0
8548,0,0,0
8549,0,0,0
8550,0,0,0
8551,0,0,0
8552,0,0,0
8553,0,0,0
8554,0,0,0
8555,0,0,0
8556,0,0,0
8557,0,0,0
8558,0,0,0
8559,0,0,0
8560,0,0,0
8561,0,0,0
8562,0,0,0
8563,0,0,0
8564,0,0,0
8565,0,0,0
8566,0,0,0
8567,0,0,0
8568,0,0,0
8569,0,0,0
8570,0,0,0
8571,0,0,0
8572,0,0,0
8573,0,0,0
8574,0,0,0
8575,0,0,0
8576,0,0,0
8577,0,0,0
8578,0,0,0
8579,0,0,0
8580,0,0,0
8581,0,0,0
8582,0,0,0
8583,0,0,0
8584,0,0,0
8585,0,0,0
8586,1,0,1
8587,1,0,1
8588,2,0,2
8589,2,0,2
8590,2,0,2
8591,2,0,2
8592,2,0,2
8593,2,0,2
8594,2,0,2
8595,2,0,2
8596,2,0,2
8597,2,0,2
8598,2,0,2
8599,2,0,2
8600,2,0,2
8601,1,1,2
8602,1,1,2
8603,1,1,2
8604,1,1,2
8605,0,2,2
8606,0,2,2
8607,0,2,2
8608,0,2,2
8609,0,2,2
8610,0,2,2
8611,0,2,2
8612,0,2,2
8613,0,2,2
8614,0,2,2
8615,0,2,2
8616,0,2,2
8617,0,2,2
8618,0,2,2
8619,0,2,2
8620,0,2,2
8621,0,2,2
8622,0,2,2
8623,0,2,2
8624,0,2,2
8625,0,2,2
8626,0,2,2
8627,0,2,2
8628,0,2,2
8629,0,2,2
8630,0,2,2
8631,0,2,2
8632,0,2,2
8633,0,2,2
8634,0,2,2
8635,0,2,2
8636,0,2,2
8637,0,2,2
8638,0,2,2
8639,0,2,2
8640,0,2,2
8641,0,2,2
8642,0,2,2
8643,0,2,2
8644,0,2,2
8645,0,2,2
8646,0,2,2
8647,1,1,2
8648,1,1,2
8649,0,1,1
8650,0,1,1
8651,0,1,1
8652,1,0,1
8653,0,0,0
8654,0,0,0
8655,0,0,0
8656,0,0,0
8657,0,0,0
8658,0,0,0
8659,0,0,0
8660,0,0,0
8661,0,0,0
8662,0,0,0
8663,0,0,0
8664,0,0,0
8665,0,0,0
8666,0,0,0
8667,0,0,0
8668,0,0,0
8669,0,0,0
8670,0,0,0
8671,0,0,0
8672,0,0,0
8673,0,0,0
8674,0,0,0
8675,0,0,0
8676,0,0,0
8677,0,0,0
8678,0,0,0
8679,0,0,0
8680,0,0,0
8681,0,0,0
8682,0,0,0
8683,0,0,0
8684,0,0,0
8685,0,0,0
8686,0,0,0
8687,0,0,0
8688,0,0,0
8689,0,0,0
8690,0,0,0
8691,0,0,0
8692,0,0,0
8693,0,0,0
8694,0,0,0
8695,0,0,0
8696,0,0,0
8697,0,0,0
8698,0,0,0
8699,0,0,0
8700,0,0,0
8701,0,0,0
8702,0,0,0
8703,0,0,0
8704,0,0,0
8705,0,0,0
8706,0,0,0
8707,0,0,0
8708,0,0,0
8709,0,0,0
8710,0,0,0
8711,0,0,0
8712,0,0,0
8713,0,0,0
8714,0,0,0
8715,0,0,0
8716,0,0,0
8717,0,0,0
8718,0,0,0
8719,0,0,0
8720,0,0,0
8721,1,0,1
8722,1,0,1
8723,1,0,1
8724,1,0,1
8725,1,0,1
8726,1,0,1
8727,1,0,1
8728,1,0,1
8729,1,0,1
8730,1,0,1
8731,1,0,1
8732,1,0,1
8733,1,0,1
8734,1,0,1
8735,1,0,1
8736,1,0,1
8737,1,0,1
8738,1,0,1
8739,1,0,1
8740,1,0,1
8741,1,0,1
8742,1,0,1
8743,1,0,1
8744,1,0,1
8745,1,0,1
8746,1,0,1
8747,1,0,1
8748,1,0,1
8749,1,0,1
8750,1,0,1
8751,1,0,1
8752,1,0,1
8753,1,0,1
8754,1,0,1
8755,1,0,1
8756,1,0,1
8757,1,0,1
8758,1,0,1
8759,1,0,1
8760,1,0,1
8761,1,0,1
8762,1,0,1
8763,1,0,1
8764,2,0,2
8765,2,0,2
8766,2,0,2
8767,2,0,2
8768,2,0,2
8769,2,0,2
8770,2,0,2
8771,2,0,2
8772,2,0,2
8773,1,0,1
8774,1,0,1
8775,1,0,1
8776,1,0,1
8777,1,0,1
8778,1,0,1
8779,1,0,1
8780,1,0,1
8781,1,0,1
8782,1,0,1
8783,1,0,1
8784,1,0,1
8785,1,0,1
8786,1,0,1
8787,1,0,1
8788,1,0,1
8789,1,0,1
8790,1,0,1
8791,1,0,1
8792,1,0,1
8793,1,0,1
8794,1,0,1
8795,1,0,1
8796,1,0,1
8797,1,0,1
8798,1,0,1
8799,1,0,1
8800,1,0,1
8801,1,0,1
8802,1,0,1
8803,1,0,1
8804,1,0,1
8805,2,0,2
8806,2,0,2
8807,2,0,2
8808,2,0,2
8809,2,0,2
8810,2,0,2
8811,2,0,2
8812,2,0,2
8813,2,0,2
8814,2,0,2
8815,2,0,2
8816,2,0,2
8817,2,0,2
8818,2,0,2
8819,2,0,2
8820,2,0,2
8821,2,0,2
8822,2,0,2
8823,2,0,2
8824,2,0,2
8825,2,0,2
8826,2,0,2
8827,2,0,2
8828,2,0,2
8829,2,0,2
8830,2,0,2
8831,2,0,2
8832,2,0,2
8833,2,0,2
8834,2,0,2
8835,2,0,2
8836,2,0,2
8837,2,0,2
8838,2,0,2
8839,2,0,2
8840,2,0,2
8841,2,0,2
8842,2,0,2
8843,2,0,2
8844,2,0,2
8845,2,0,2
8846,2,0,2
8847,2,0,2
8848,2,0,2
8849,2,0,2
8850,2,0,2
8851,2,0,2
8852,2,0,2
8853,2,0,2
8854,2,0,2
8855,2,0,2
8856,2,0,2
8857,2,0,2
8858,2,0,2
8859,1,1,2
8860,1,1,2
8861,2,1,3
8862,2,1,3
8863,1,2,3
8864,1,2,3
8865,1,2,3
8866,1,2,3
8867,1,2,3
8868,1,2,3
8869,1,2,3
8870,1,2,3
8871,1,2,3
8872,1,2,3
8873,2,2,4
8874,2,2,4
8875,2,2,4
8876,2,2,4
8877,2,2,4
8878,2,2,4
8879,2,2,4
8880,2,2,4
8881,2,2,4
8882,2,2,4
8883,2,2,4
8884,2,2,4
8885,2,2,4
8886,2,2,4
8887,2,2,4
8888,2,2,4
8889,2,2,4
8890,2,2,4
8891,2,2,4
8892,2,2,4
8893,2,2,4
8894,2,2,4
8895,2,2,4
8896,2,2,4
8897,2,2,4
8898,2,2,4
8899,2,2,4
8900,2,2,4
8901,2,2,4
8902,2,2,4
8903,2,2,4
8904,2,2,4
8905,2,2,4
8906,2,2,4
8907,2,2,4
8908,2,2,4
8909,2,2,4
8910,2,2,4
8911,2,2,4
8912,2,2,4
8913,2,1,3
8914,1,1,2
8915,1,1,2
8916,1,1,2
8917,2,0,2
8918,2,0,2
8919,2,0,2
8920,1,0,1
8921,0,0,0
8922,0,0,0
8923,0,0,0
8924,0,0,0
8925,0,0,0
8926,0,0,0
8927,0,0,0
8928,0,0,0
8929,0,0,0
8930,0,0,0
8931,0,0,0
8932,0,0,0
8933,0,0,0
8934,0,0,0
8935,0,0,0
8936,0,0,0
8937,0,0,0
8938,0,0,0
8939,0,0,0
8940,0,0,0
8941,0,0,0
8942,0,0,0
8943,0,0,0
8944,0,0,0
8945,0,0,0
8946,0,0,0
8947,0,0,0
8948,0,0,0
8949,0,0,0
8950,0,0,0
8951,0,0,0
8952,1,0,1
8953,1,0,1
8954,1,0,1
8955,1,0,1
8956,1,0,1
8957,1,0,1
8958,1,0,1
8959,1,0,1
8960,1,0,1
8961,1,0,1
8962,1,0,1
8963,1,0,1
8964,1,0,1
8965,1,0,1
8966,1,0,1
8967,1,0,1
8968,1,0,1
8969,1,0,1
8970,1,0,1
8971,1,0,1
8972,1,0,1
8973,2,0,2
8974,2,0,2
8975,2,0,2
8976,2,0,2
8977,2,0,2
8978,2,0,2
8979,2,0,2
8980,2,0,2
8981,2,0,2
8982,2,0,2
8983,2,0,2
8984,2,0,2
8985,2,0,2
8986,2,0,2
8987,2,0,2
8988,2,0,2
8989,2,0,2
8990,2,0,2
8991,2,0,2
8992,2,0,2
8993,2,0,2
8994,2,0,2
8995,2,0,2
8996,2,0,2
8997,2,0,2
8998,2,0,2
8999,2,0,2
9000,2,0,2
9001,2,0,2
9002,1,0,1
9003,1,0,1
9004,1,0,1
9005,1,0,1
9006,1,0,1
9007,1,0,1
9008,1,0,1
9009,1,0,1
9010,1,0,1
9011,1,0,1
9012,1,0,1
9013,1,0,1
9014,1,0,1
9015,1,0,1
9016,1,0,1
9017,1,0,1
9018,1,0,1
9019,1,0,1
9020,1,0,1
9021,1,0,1
9022,1,0,1
9023,0,0,0
9024,0,0,0
9025,0,0,0
9026,0,0,0
9027,0,0,0
9028,0,0,0
9029,0,0,0
9030,0,0,0
9031,0,0,0
9032,0,0,0
9033,0,0,0
9034,0,0,0
9035,0,0,0
9036,0,0,0
9037,0,0,0
9038,0,0,0
9039,0,0,0
9040,0,0,0
9041,0,0,0
9042,0,0,0
9043,0,0,0
9044,0,0,0
9045,0,0,0
9046,0,0,0
9047,0,0,0
9048,0,0,0
9049,0,0,0
9050,0,0,0
9051,0,0,0
9052,0,0,0
9053,0,0,0
9054,0,0,0
9055,0,0,0
9056,0,0,0
9057,0,0,0
9058,0,0,0
9059,0,0,0
9060,0,0,0
9061,0,0,0
9062,0,0,0
9063,0,0,0
9064,0,0,0
9065,0,0,0
9066,0,0,0
9067,0,0,0
9068,0,0,0
9069,0,0,0
9070,0,0,0
9071,0,0,0
9072,0,0,0
9073,0,0,0
9074,0,0,0
9075,0,0,0
9076,0,0,0
9077,0,0,0
9078,0,0,0
9079,0,0,0
9080,0,0,0
9081,0,0,0
9082,0,0,0
9083,0,0,0
9084,0,0,0
9085,0,0,0
9086,0,0,0
9087,0,0,0
9088,0,0,0
9089,0,0,0
9090,0,0,0
9091,0,0,0
9092,1,0,1
9093,1,0,1
9094,1,0,1
9095,1,0,1
9096,1,0,1
9097,1,0,1
9098,1,0,1
9099,1,0,1
9100,1,0,1
9101,1,0,1
9102,1,0,1
9103,1,0,1
9104,1,0,1
9105,1,0,1
9106,1,0,1
9107,1,0,1
9108,1,0,1
9109,1,0,1
9110,1,0,1
9111,1,0,1
9112,1,0,1
9113,1,0,1
9114,1,0,1
9115,1,0,1
9116,1,0,1
9117,1,0,1
9118,1,0,1
9119,1,0,1
9120,1,0,1
9121,1,0,1
9122,1,0,1
9123,1,0,1
9124,1,0,1
9125,1,0,1
9126,1,0,1
9127,1,0,1
9128,1,0,1
9129,1,0,1
9130,1,0,1
9131,1,0,1
9132,1,0,1
9133,1,0,1
9134,1,0,1
9135,1,0,1
9136,1,0,1
9137,1,0,1
9138,0,0,0
9139,0,0,0
9140,0,0,0
9141,0,0,0
9142,0,0,0
9143,0,0,0
9144,0,0,0
9145,0,0,0
9146,0,0,0
9147,0,0,0
9148,0,0,0
9149,0,0,0
9150,1,0,1
9151,1,0,1
9152,1,0,1
9153,1,0,1
9154,1,0,1
9155,1,0,1
9156,1,0,1
9157,1,0,1
9158,1,0,1
9159,1,0,1
9160,1,0,1
9161,1,0,1
9162,1,0,1
9163,1,0,1
9164,1,0,1
9165,1,0,1
9166,1,0,1
9167,1,0,1
9168,1,0,1
9169,1,0,1
9170,1,0,1
9171,1,0,1
9172,1,0,1
9173,1,0,1
9174,1,0,1
9175,1,0,1
9176,1,0,1
9177,1,0,1
9178,1,0,1
9179,1,0,1
9180,1,0,1
9181,1,0,1
9182,1,0,1
9183,1,0,1
9184,1,0,1
9185,1,0,1
9186,1,0,1
9187,1,0,1
9188,0,0,0
9189,0,0,0
9190,0,0,0
9191,0,0,0
9192,0,0,0
9193,0,0,0
9194,0,0,0
9195,0,0,0
9196,0,0,0
9197,0,0,0
9198,0,0,0
9199,0,0,0
9200,0,0,0
9201,0,0,0
9202,0,0,0
9203,0,0,0
9204,0,0,0
9205,0,0,0
9206,0,0,0
9207,0,0,0
9208,0,0,0
9209,0,0,0
9210,0,0,0
9211,0,0,0
9212,0,0,0
9213,0,0,0
9214,0,0,0
9215,0,0,0
9216,0,0,0
9217,0,0,0
9218,0,0,0
9219,0,0,0
9220,0,0,0
9221,0,0,0
9222,0,0,0
9223,0,0,0
9224,0,0,0
9225,0,0,0
9226,0,0,0
9227,0,0,0
9228,0,0,0
9229,0,0,0
9230,0,0,0
9231,0,0,0
9232,0,0,0
9233,0,0,0
9234,0,0,0
9235,0,0,0
9236,0,0,0
9237,0,0,0
9238,0,0,0
9239,0,0,0
9240,0,0,0
9241,0,0,0
9242,0,0,0
9243,0,0,0
9244,0,0,0
9245,0,0,0
9246,0,0,0
9247,0,0,0
9248,0,0,0
9249,0,0,0
9250,0,0,0
9251,0,0,0
9252,0,0,0
9253,0,0,0
9254,0,0,0
9255,0,0,0
9256,0,0,0
9257,0,0,0
9258,0,0,0
9259,0,0,0
9260,0,0,0
9261,0,0,0
9262,0,0,0
9263,0,0,0
9264,0,0,0
9265,0,0,0
9266,0,0,0
9267,0,0,0
9268,0,0,0
9269,0,0,0
9270,0,0,0
9271,0,0,0
9272,0,0,0
9273,0,0,0
9274,0,0,0
9275,0,0,0
9276,0,0,0
9277,0,0,0
9278,0,0,0
9279,0,0,0
9280,0,0,0
9281,0,0,0
9282,0,0,0
9283,0,0,0
9284,0,0,0
9285,0,0,0
9286,0,0,0
9287,0,0,0
9288,0,0,0
9289,0,0,0
9290,0,0,0
9291,0,0,0
9292,0,0,0
9293,0,0,0
9294,0,0,0
9295,0,0,0
9296,0,0,0
9297,0,0,0
9298,0,0,0
9299,0,0,0
9300,0,0,0
9301,0,0,0
9302,0,0,0
9303,0,0,0
9304,0,0,0
9305,0,0,0
9306,0,0,0
9307,0,0,0
9308,0,0,0
9309,0,0,0
9310,0,0,0
9311,0,0,0
9312,0,0,0
9313,0,0,0
9314,0,0,0
9315,0,0,0
9316,0,0,0
9317,0,0,0
9318,0,0,0
9319,0,0,0
9320,0,0,0
9321,0,0,0
9322,0,0,0
9323,0,0,0
9324,0,0,0
9325,0,0,0
9326,0,0,0
9327,0,0,0
9328,0,0,0
9329,0,0,0
9330,0,0,0
9331,0,0,0
9332,0,0,0
9333,0,0,0
9334,0,0,0
9335,0,0,0
9336,0,0,0
9337,0,0,0
9338,0,0,0
9339,0,0,0
9340,0,0,0
9341,0,0,0
9342,0,0,0
9343,0,0,0
9344,0,0,0
9345,0,0,0
9346,0,0,0
9347,0,0,0
9348,0,0,0
9349,0,0,0
9350,0,0,0
9351,0,0,0
9352,0,0,0
9353,0,0,0
9354,0,0,0
9355,0,0,0
9356,0,0,0
9357,0,0,0
9358,0,0,0
9359,0,0,0
9360,0,0,0
9361,0,0,0
9362,0,0,0
9363,0,0,0
9364,0,0,0
9365,0,0,0
9366,0,0,0
9367,0,0,0
9368,0,0,0
9369,0,0,0
9370,0,0,0
9371,0,0,0
9372,0,0,0
9373,0,0,0
9374,0,0,0
9375,0,0,0
9376,0,0,0
9377,0,0,0
9378,0,0,0
9379,0,0,0
9380,0,0,0
9381,0,0,0
9382,0,0,0
9383,0,0,0
9384,0,0,0
9385,0,0,0
9386,0,0,0
9387,0,0,0
9388,0,0,0
9389,1,0,1
9390,1,0,1
9391,1,0,1
9392,1,0,1
9393,1,0,1
9394,1,0,1
9395,1,0,1
9396,1,0,1
9397,1,0,1
9398,1,0,1
9399,1,0,1
9400,1,0,1
9401,1,0,1
9402,1,0,1
9403,1,0,1
9404,1,0,1
9405,1,0,1
9406,1,0,1
9407,1,0,1
9408,1,0,1
9409,1,0,1
9410,1,0,1
9411,1,0,1
9412,1,0,1
9413,1,0,1
9414,1,0,1
9415,2,0,2
9416,2,0,2
9417,2,0,2
9418,2,0,2
9419,2,0,2
9420,2,0,2
9421,2,0,2
9422,2,0,2
9423,2,0,2
9424,2,0,2
9425,2,0,2
9426,2,0,2
9427,2,0,2
9428,2,0,2
9429,2,0,2
9430,2,0,2
9431,2,0,2
9432,2,0,2
9433,2,0,2
9434,2,0,2
9435,2,0,2
9436,2,0,2
9437,2,0,2
9438,2,0,2
9439,2,0,2
9440,2,0,2
9441,2,0,2
9442,2,0,2
9443,2,0,2
9444,2,0,2
9445,2,0,2
9446,2,0,2
9447,2,0,2
9448,2,0,2
9449,2,0,2
9450,2,0,2
9451,2,0,2
9452,2,0,2
9453,2,0,2
9454,2,0,2
9455,2,0,2
9456,2,0,2
9457,1,0,1
9458,1,0,1
9459,1,0,1
9460,1,0,1
9461,1,0,1
9462,1,0,1
9463,1,0,1
9464,1,0,1
9465,1,0,1
9466,1,0,1
9467,1,0,1
9468,0,0,0
9469,0,0,0
9470,0,0,0
9471,0,0,0
9472,0,0,0
9473,0,0,0
9474,0,0,0
9475,0,0,0
9476,0,0,0
9477,0,0,0
9478,0,0,0
9479,0,0,0
9480,0,0,0
9481,0,0,0
9482,0,0,0
9483,0,0,0
9484,0,0,0
9485,0,0,0
9486,0,0,0
9487,0,0,0
9488,0,0,0
9489,0,0,0
9490,1,0,1
9491,1,0,1
9492,1,0,1
9493,1,0,1
9494,1,0,1
9495,1,0,1
9496,1,0,1
9497,1,0,1
9498,1,0,1
9499,1,0,1
9500,1,0,1
9501,1,0,1
9502,1,0,1
9503,1,0,1
9504,1,0,1
9505,1,0,1
9506,1,0,1
9507,1,0,1
9508,1,0,1
9509,1,0,1
9510,1,0,1
9511,1,0,1
9512,1,0,1
9513,1,0,1
9514,1,0,1
9515,1,0,1
9516,1,0,1
9517,1,0,1
9518,1,0,1
9519,2,0,2
9520,2,0,2
9521,2,0,2
9522,2,0,2
9523,2,0,2
9524,2,0,2
9525,2,0,2
9526,2,0,2
9527,2,0,2
9528,2,0,2
9529,2,0,2
9530,2,0,2
9531,3,0,3
9532,2,0,2
9533,2,0,2
9534,2,0,2
9535,2,0,2
9536,2,0,2
9537,2,0,2
9538,2,0,2
9539,2,0,2
9540,2,0,2
9541,2,0,2
9542,2,0,2
9543,2,0,2
9544,2,0,2
9545,2,0,2
9546,2,0,2
9547,2,0,2
9548,2,0,2
9549,2,0,2
9550,2,0,2
9551,2,0,2
9552,2,0,2
9553,2,0,2
9554,2,0,2
9555,2,0,2
9556,2,0,2
9557,2,0,2
9558,2,0,2
9559,2,0,2
9560,2,0,2
9561,2,0,2
9562,2,0,2
9563,2,0,2
9564,2,0,2
9565,2,0,2
9566,2,0,2
9567,2,0,2
9568,2,0,2
9569,2,0,2
9570,2,0,2
9571,2,0,2
9572,2,0,2
9573,2,0,2
9574,2,0,2
9575,2,0,2
9576,2,0,2
9577,2,0,2
9578,2,0,2
9579,2,0,2
9580,2,0,2
9581,3,0,3
9582,3,0,3
9583,3,0,3
9584,3,0,3
9585,3,0,3
9586,3,0,3
9587,2,0,2
9588,2,0,2
9589,2,0,2
9590,2,0,2
9591,2,0,2
9592,2,0,2
9593,2,0,2
9594,2,0,2
9595,2,0,2
9596,2,0,2
9597,2,0,2
9598,2,0,2
9599,2,0,2
9600,2,0,2
9601,2,0,2
9602,2,0,2
9603,2,0,2
9604,2,0,2
9605,2,0,2
9606,2,0,2
9607,2,0,2
9608,2,0,2
9609,2,0,2
9610,2,0,2
9611,2,0,2
9612,0,1,1
9613,0,1,1
9614,0,1,1
9615,0,1,1
9616,0,1,1
9617,0,1,1
9618,0,1,1
9619,0,1,1
9620,0,1,1
9621,0,1,1
9622,0,1,1
9623,0,1,1
9624,0,1,1
9625,0,1,1
9626,0,1,1
9627,0,1,1
9628,0,1,1
9629,0,1,1
9630,0,1,1
9631,0,1,1
9632,0,1,1
9633,0,1,1
9634,0,1,1
9635,0,1,1
9636,0,1,1
9637,0,1,1
9638,0,1,1
9639,1,0,1
9640,1,0,1
9641,1,0,1
9642,1,0,1
9643,1,0,1
9644,0,0,0
9645,0,0,0
9646,0,0,0
9647,0,0,0
9648,0,0,0
9649,0,0,0
9650,0,0,0
9651,0,0,0
9652,0,0,0
9653,0,0,0
9654,0,0,0
9655,0,0,0
9656,0,0,0
9657,0,0,0
9658,0,0,0
9659,0,0,0
9660,0,0,0
9661,0,0,0
9662,0,0,0
9663,0,0,0
9664,0,0,0
9665,0,0,0
9666,0,0,0
9667,0,0,0
9668,0,0,0
9669,0,0,0
9670,0,0,0
9671,0,0,0
9672,0,0,0
9673,0,0,0
9674,0,0,0
9675,0,0,0
9676,0,0,0
9677,0,0,0
9678,0,0,0
9679,0,0,0
9680,0,0,0
9681,0,0,0
9682,0,0,0
9683,0,0,0
9684,0,0,0
9685,0,0,0
9686,0,0,0
9687,0,0,0
9688,0,0,0
9689,0,0,0
9690,0,0,0
9691,0,0,0
9692,0,0,0
9693,0,0,0
9694,0,0,0
9695,0,0,0
9696,0,0,0
9697,0,0,0
9698,0,0,0
9699,0,0,0
9700,0,0,0
9701,0,0,0
9702,0,0,0
9703,0,0,0
9704,0,0,0
9705,0,0,0
9706,0,0,0
9707,0,0,0
9708,0,0,0
9709,0,0,0
9710,0,0,0
9711,0,0,0
9712,0,0,0
9713,0,0,0
9714,0,0,0
9715,0,0,0
9716,0,0,0
9717,0,0,0
9718,0,0,0
9719,0,0,0
9720,0,0,0
9721,0,0,0
9722,0,0,0
9723,0,0,0
9724,0,0,0
9725,0,0,0
9726,1,0,1
9727,1,0,1
9728,1,0,1
9729,1,0,1
9730,1,0,1
9731,1,0,1
9732,1,0,1
9733,1,0,1
9734,1,0,1
9735,1,0,1
9736,1,0,1
9737,1,0,1
9738,1,0,1
9739,1,0,1
9740,1,0,1
9741,2,0,2
9742,2,0,2
9743,2,0,2
9744,2,0,2
9745,1,1,2
9746,1,1,2
9747,1,1,2
9748,1,1,2
9749,1,1,2
9750,1,1,2
9751,1,1,2
9752,1,1,2
9753,1,1,2
9754,1,1,2
9755,1,1,2
9756,1,1,2
9757,1,1,2
9758,1,1,2
9759,1,1,2
9760,1,1,2
9761,1,1,2
9762,0,1,1
9763,0,1,1
9764,0,1,1
9765,0,1,1
9766,0,1,1
9767,0,1,1
9768,0,1,1
9769,0,1,1
9770,0,1,1
9771,0,1,1
9772,0,1,1
9773,0,1,1
9774,0,1,1
9775,0,1,1
9776,0,1,1
9777,0,1,1
9778,0,1,1
9779,0,1,1
9780,0,1,1
9781,0,1,1
9782,0,1,1
9783,0,1,1
9784,0,1,1
9785,0,1,1
9786,0,1,1
9787,0,1,1
9788,0,1,1
9789,0,1,1
9790,0,1,1
9791,0,1,1
9792,0,1,1
9793,1,0,1
9794,0,0,0
9795,0,0,0
9796,0,0,0
9797,0,0,0
9798,0,0,0
9799,0,0,0
9800,0,0,0
9801,0,0,0
9802,0,0,0
9803,0,0,0
9804,0,0,0
9805,0,0,0
9806,0,0,0
9807,0,0,0
9808,0,0,0
9809,0,0,0
9810,0,0,0
9811,0,0,0
9812,0,0,0
9813,0,0,0
9814,0,0,0
9815,0,0,0
9816,0,0,0
9817,0,0,0
9818,0,0,0
9819,0,0,0
9820,0,0,0
9821,0,0,0
9822,0,0,0
9823,0,0,0
9824,0,0,0
9825,0,0,0
9826,0,0,0
9827,0,0,0
9828,0,0,0
9829,0,0,0
9830,0,0,0
9831,0,0,0
9832,0,0,0
9833,0,0,0
9834,0,0,0
9835,0,0,0
9836,0,0,0
9837,0,0,0
9838,0,0,0
9839,0,0,0
9840,0,0,0
9841,0,0,0
9842,0,0,0
9843,0,0,0
9844,0,0,0
9845,0,0,0
9846,0,0,0
9847,0,0,0
9848,0,0,0
9849,0,0,0
9850,0,0,0
9851,0,0,0
9852,0,0,0
9853,0,0,0
9854,0,0,0
9855,0,0,0
9856,0,0,0
9857,0,0,0
9858,0,0,0
9859,0,0,0
9860,0,0,0
9861,0,0,0
9862,0,0,0
9863,0,0,0
9864,0,0,0
9865,0,0,0
9866,0,0,0
9867,0,0,0
9868,0,0,0
9869,0,0,0
9870,0,0,0
9871,0,0,0
9872,0,0,0
9873,0,0,0
9874,0,0,0
9875,0,0,0
9876,0,0,0
9877,0,0,0
9878,0,0,0
9879,0,0,0
9880,0,0,0
9881,0,0,0
9882,0,0,0
9883,0,0,0
9884,0,0,0
9885,0,0,0
9886,0,0,0
9887,0,0,0
9888,0,0,0
9889,0,0,0
9890,0,0,0
9891,0,0,0
9892,1,0,1
9893,1,0,1
9894,1,0,1
9895,1,0,1
9896,1,0,1
9897,1,0,1
9898,1,0,1
9899,1,0,1
9900,1,0,1
9901,1,0,1
9902,1,0,1
9903,1,0,1
9904,1,0,1
9905,1,0,1
9906,2,0,2
9907,2,0,2
9908,2,0,2
9909,2,0,2
9910,2,0,2
9911,2,0,2
9912,2,0,2
9913,2,0,2
9914,2,0,2
9915,2,0,2
9916,2,0,2
9917,2,0,2
9918,2,0,2
9919,2,0,2
9920,2,0,2
9921,2,0,2
9922,2,0,2
9923,2,0,2
9924,2,0,2
9925,2,0,2
9926,2,0,2
9927,2,0,2
9928,1,0,1
9929,1,0,1
9930,1,0,1
9931,1,0,1
9932,1,0,1
9933,1,0,1
9934,1,0,1
9935,1,0,1
9936,1,0,1
9937,1,0,1
9938,1,0,1
9939,1,0,1
9940,1,0,1
9941,1,0,1
9942,1,0,1
9943,1,0,1
9944,1,0,1
9945,1,0,1
9946,1,0,1
9947,1,0,1
9948,0,0,0
9949,0,0,0
9950,0,0,0
9951,0,0,0
9952,0,0,0
9953,0,0,0
9954,0,0,0
9955,0,0,0
9956,0,0,0
9957,0,0,0
9958,0,0,0
9959,0,0,0
9960,0,0,0
9961,0,0,0
9962,0,0,0
9963,0,0,0
9964,0,0,0
9965,0,0,0
9966,0,0,0
9967,0,0,0
9968,0,0,0
9969,0,0,0
9970,0,0,0
9971,0,0,0
9972,0,0,0
9973,0,0,0
9974,0,0,0
9975,0,0,0
9976,0,0,0
9977,0,0,0
9978,0,0,0
9979,0,0,0
9980,0,0,0
9981,0,0,0
9982,0,0,0
9983,0,0,0
9984,0,0,0
9985,0,0,0
9986,0,0,0
9987,0,0,0
9988,0,0,0
9989,0,0,0
9990,0,0,0
9991,0,0,0
9992,0,0,0
9993,0,0,0
9994,0,0,0
9995,0,0,0
9996,0,0,0
9997,0,0,0
9998,0,0,0
9999,0,0,0
10000,0,0,0
10001,0,0,0
10002,0,0,0
10003,0,0,0
10004,0,0,0
10005,0,0,0
10006,0,0,0
10007,0,0,0
10008,0,0,0
10009,0,0,0
10010,0,0,0
10011,0,0,0
10012,0,0,0
10013,0,0,0
10014,0,0,0
10015,0,0,0
10016,0,0,0
10017,0,0,0
10018,0,0,0
10019,0,0,0
10020,0,0,0
10021,0,0,0
10022,0,0,0
10023,0,0,0
10024,0,0,0
10025,0,0,0
10026,0,0,0
10027,0,0,0
10028,0,0,0
10029,0,0,0
10030,0,0,0
10031,0,0,0
10032,0,0,0
10033,0,0,0
10034,0,0,0
10035,0,0,0
10036,0,0,0
10037,0,0,0
10038,0,0,0
10039,0,0,0
10040,0,0,0
10041,0,0,0
10042,0,0,0
10043,0,0,0
10044,0,0,0
10045,0,0,0
10046,0,0,0
10047,0,0,0
10048,0,0,0
10049,0,0,0
10050,0,0,0
10051,0,0,0
10052,0,0,0
10053,0,0,0
10054,0,0,0
10055,0,0,0
10056,0,0,0
10057,0,0,0
10058,0,0,0
10059,0,0,0
10060,0,0,0
10061,0,0,0
10062,0,0,0
10063,0,0,0
10064,0,0,0
10065,0,0,0
10066,0,0,0
10067,0,0,0
10068,0,0,0
10069,0,0,0
10070,0,0,0
10071,0,0,0
10072,0,0,0
10073,0,0,0
10074,0,0,0
10075,0,0,0
10076,0,0,0
10077,0,0,0
10078,0,0,0
10079,0,0,0
10080,0,0,0
10081,0,0,0
10082,0,0,0
10083,0,0,0
10084,0,0,0
10085,0,0,0
10086,0,0,0
10087,0,0,0
10088,0,0,0
10089,0,0,0
10090,0,0,0
10091,0,0,0
10092,0,0,0
10093,0,0,0
10094,0,0,0
10095,0,0,0
10096,0,0,0
10097,0,0,0
10098,0,0,0
10099,0,0,0
10100,0,0,0
10101,0,0,0
10102,0,0,0
10103,0,0,0
10104,0,0,0
10105,0,0,0
10106,0,0,0
10107,0,0,0
10108,0,0,0
10109,0,0,0
10110,0,0,0
10111,0,0,0
10112,0,0,0
10113,0,0,0
10114,0,0,0
10115,0,0,0
10116,0,0,0
10117,0,0,0
10118,0,0,0
10119,0,0,0
10120,0,0,0
10121,0,0,0
10122,0,0,0
10123,0,0,0
10124,0,0,0
10125,0,0,0
10126,0,0,0
10127,1,0,1
10128,1,0,1
10129,1,0,1
10130,1,0,1
10131,1,0,1
10132,1,0,1
10133,1,0,1
10134,1,0,1
10135,1,0,1
10136,1,0,1
10137,1,0,1
10138,1,0,1
10139,1,0,1
10140,1,0,1
10141,1,0,1
10142,1,0,1
10143,1,0,1
10144,1,0,1
10145,1,0,1
10146,1,0,1
10147,1,0,1
10148,1,0,1
10149,1,0,1
10150,1,0,1
10151,1,0,1
10152,1,0,1
10153,1,0,1
10154,1,0,1
10155,1,0,1
10156,1,0,1
10157,1,0,1
10158,1,0,1
10159,1,0,1
10160,1,0,1
10161,1,0,1
10162,1,0,1
10163,1,0,1
10164,1,0,1
10165,1,0,1
10166,1,0,1
10167,1,0,1
10168,1,0,1
10169,1,0,1
10170,1,0,1
10171,1,0,1
10172,1,0,1
10173,1,0,1
10174,1,0,1
10175,1,0,1
10176,1,0,1
10177,0,0,0
10178,0,0,0
10179,0,0,0
10180,0,0,0
10181,0,0,0
10182,0,0,0
10183,0,0,0
10184,0,0,0
10185,0,0,0
10186,0,0,0
10187,0,0,0
10188,0,0,0
10189,0,0,0
10190,0,0,0
10191,0,0,0
10192,0,0,0
10193,0,0,0
10194,0,0,0
10195,0,0,0
10196,0,0,0
10197,0,0,0
10198,0,0,0
10199,0,0,0
10200,0,0,0
10201,0,0,0
10202,0,0,0
10203,0,0,0
10204,0,0,0
10205,0,0,0
10206,0,0,0
10207,0,0,0
10208,0,0,0
10209,0,0,0
10210,0,0,0
10211,0,0,0
10212,0,0,0
10213,0,0,0
10214,0,0,0
10215,0,0,0
10216,0,0,0
10217,0,0,0
10218,0,0,0
10219,0,0,0
10220,0,0,0
10221,0,0,0
10222,0,0,0
10223,0,0,0
10224,0,0,0
10225,0,0,0
10226,0,0,0
10227,0,0,0
10228,0,0,0
10229,0,0,0
10230,0,0,0
10231,0,0,0
10232,0,0,0
10233,0,0,0
10234,0,0,0
10235,0,0,0
10236,0,0,0
10237,0,0,0
10238,0,0,0
10239,0,0,0
10240,0,0,0
10241,0,0,0
10242,0,0,0
10243,0,0,0
10244,0,0,0
10245,0,0,0
10246,0,0,0
10247,0,0,0
10248,0,0,0
10249,0,0,0
10250,0,0,0
10251,0,0,0
10252,0,0,0
10253,0,0,0
10254,0,0,0
10255,0,0,0
10256,0,0,0
10257,0,0,0
10258,0,0,0
10259,0,0,0
10260,0,0,0
10261,0,0,0
10262,0,0,0
10263,0,0,0
10264,0,0,0
10265,0,0,0
10266,0,0,0
10267,0,0,0
10268,0,0,0
10269,0,0,0
10270,0,0,0
10271,0,0,0
10272,0,0,0
10273,0,0,0
10274,0,0,0
10275,0,0,0
10276,0,0,0
10277,0,0,0
10278,0,0,0
10279,0,0,0
10280,0,0,0
10281,0,0,0
10282,0,0,0
10283,0,0,0
10284,0,0,0
10285,0,0,0
10286,0,0,0
10287,0,0,0
10288,0,0,0
10289,0,0,0
10290,0,0,0
10291,0,0,0
10292,0,0,0
10293,0,0,0
10294,0,0,0
10295,0,0,0
10296,0,0,0
10297,0,0,0
10298,0,0,0
10299,0,0,0
10300,0,0,0
10301,0,0,0
10302,0,0,0
10303,0,0,0
10304,0,0,0
10305,0,0,0
10306,0,0,0
10307,0,0,0
10308,0,0,0
10309,0,0,0
10310,0,0,0
10311,0,0,0
10312,0,0,0
10313,0,0,0
10314,0,0,0
10315,0,0,0
10316,0,0,0
10317,0,0,0
10318,0,0,0
10319,0,0,0
10320,0,0,0
10321,0,0,0
10322,0,0,0
10323,0,0,0
10324,0,0,0
10325,0,0,0
10326,0,0,0
10327,0,0,0
10328,0,0,0
10329,0,0,0
10330,0,0,0
10331,0,0,0
10332,0,0,0
10333,0,0,0
10334,0,0,0
10335,0,0,0
10336,0,0,0
10337,0,0,0
10338,0,0,0
10339,0,0,0
10340,0,0,0
10341,0,0,0
10342,0,0,0
10343,0,0,0
10344,0,0,0
10345,0,0,0
10346,0,0,0
10347,0,0,0
10348,0,0,0
10349,0,0,0
10350,0,0,0
10351,0,0,0
10352,0,0,0
10353,0,0,0
10354,0,0,0
10355,0,0,0
10356,0,0,0
10357,0,0,0
10358,0,0,0
10359,0,0,0
10360,0,0,0
10361,0,0,0
10362,0,0,0
10363,0,0,0
10364,0,0,0
10365,0,0,0
10366,0,0,0
10367,0,0,0
10368,0,0,0
10369,1,0,1
10370,1,0,1
10371,1,0,1
10372,1,0,1
10373,1,0,1
10374,1,0,1
10375,1,0,1
10376,1,0,1
10377,1,0,1
10378,1,0,1
10379,1,0,1
10380,1,0,1
10381,1,0,1
10382,1,0,1
10383,1,0,1
10384,1,0,1
10385,1,0,1
10386,1,0,1
10387,1,0,1
10388,1,0,1
10389,1,0,1
10390,1,0,1
10391,1,0,1
10392,1,0,1
10393,1,0,1
10394,1,0,1
10395,1,0,1
10396,1,0,1
10397,1,0,1
10398,1,0,1
10399,1,0,1
10400,1,0,1
10401,1,0,1
10402,1,0,1
10403,1,0,1
10404,1,0,1
10405,1,0,1
10406,1,0,1
10407,1,0,1
10408,1,0,1
10409,1,0,1
10410,1,0,1
10411,1,0,1
10412,1,0,1
10413,0,0,0
10414,0,0,0
10415,0,0,0
10416,0,0,0
10417,0,0,0
10418,0,0,0
10419,0,0,0
10420,0,0,0
10421,0,0,0
10422,0,0,0
10423,0,0,0
10424,0,0,0
10425,0,0,0
10426,0,0,0
10427,0,0,0
10428,0,0,0
10429,0,0,0
10430,0,0,0
10431,0,0,0
10432,0,0,0
10433,0,0,0
10434,0,0,0
10435,0,0,0
10436,0,0,0
10437,0,0,0
10438,0,0,0
10439,0,0,0
10440,0,0,0
10441,0,0,0
10442,0,0,0
10443,0,0,0
10444,0,0,0
10445,0,0,0
10446,0,0,0
10447,0,0,0
10448,0,0,0
10449,0,0,0
10450,0,0,0
10451,0,0,0
10452,0,0,0
10453,0,0,0
10454,0,0,0
10455,0,0,0
10456,0,0,0
10457,0,0,0
10458,0,0,0
10459,0,0,0
10460,0,0,0
10461,0,0,0
10462,0,0,0
10463,0,0,0
10464,0,0,0
10465,0,0,0
10466,0,0,0
10467,0,0,0
10468,0,0,0
10469,0,0,0
10470,0,0,0
10471,0,0,0
10472,0,0,0
10473,0,0,0
10474,0,0,0
10475,0,0,0
10476,0,0,0
10477,0,0,0
10478,0,0,0
10479,0,0,0
10480,0,0,0
10481,0,0,0
10482,0,0,0
10483,0,0,0
10484,0,0,0
10485,0,0,0
10486,0,0,0
10487,0,0,0
10488,0,0,0
10489,0,0,0
10490,0,0,0
10491,0,0,0
10492,0,0,0
10493,0,0,0
10494,0,0,0
10495,0,0,0
10496,0,0,0
10497,0,0,0
10498,0,0,0
10499,0,0,0
10500,0,0,0
10501,0,0,0
10502,0,0,0
10503,0,0,0
10504,0,0,0
10505,0,0,0
10506,0,0,0
10507,0,0,0
10508,0,0,0
10509,0,0,0
10510,0,0,0
10511,0,0,0
10512,0,0,0
10513,0,0,0
10514,0,0,0
10515,0,0,0
10516,0,0,0
10517,0,0,0
10518,0,0,0
10519,0,0,0
10520,0,0,0
10521,0,0,0
10522,0,0,0
10523,0,0,0
10524,0,0,0
10525,0,0,0
10526,0,0,0
10527,0,0,0
10528,0,0,0
10529,0,0,0
10530,0,0,0
10531,0,0,0
10532,0,0,0
10533,0,0,0
10534,0,0,0
10535,0,0,0
10536,0,0,0
10537,0,0,0
10538,0,0,0
10539,0,0,0
10540,0,0,0
10541,0,0,0
10542,0,0,0
10543,0,0,0
10544,0,0,0
10545,0,0,0
10546,0,0,0
10547,0,0,0
10548,0,0,0
10549,0,0,0
10550,0,0,0
10551,0,0,0
10552,0,0,0
10553,0,0,0
10554,0,0,0
10555,0,0,0
10556,0,0,0
10557,0,0,0
10558,0,0,0
10559,0,0,0
10560,0,0,0
10561,0,0,0
10562,0,0,0
10563,0,0,0
10564,0,0,0
10565,0,0,0
10566,0,0,0
10567,0,0,0
10568,0,0,0
10569,0,0,0
10570,0,0,0
10571,0,0,0
10572,0,0,0
10573,0,0,0
10574,0,0,0
10575,0,0,0
10576,0,0,0
10577,0,0,0
10578,0,0,0
10579,0,0,0
10580,0,0,0
10581,0,0,0
10582,0,0,0
10583,0,0,0
10584,0,0,0
10585,0,0,0
10586,0,0,0
10587,0,0,0
10588,0,0,0
10589,0,0,0
10590,0,0,0
10591,0,0,0
10592,0,0,0
10593,0,0,0
10594,0,0,0
10595,0,0,0
10596,0,0,0
10597,0,0,0
10598,0,0,0
10599,0,0,0
10600,0,0,0
10601,0,0,0
10602,0,0,0
10603,0,0,0
10604,0,0,0
10605,0,0,0
10606,0,0,0
10607,0,0,0
10608,0,0,0
10609,0,0,0
10610,0,0,0
10611,0,0,0
10612,0,0,0
10613,0,0,0
10614,0,0,0
10615,0,0,0
10616,0,0,0
10617,0,0,0
10618,0,0,0
10619,0,0,0
10620,0,0,0
10621,0,0,0
10622,0,0,0
10623,0,0,0
10624,0,0,0
10625,0,0,0
10626,0,0,0
10627,0,0,0
10628,0,0,0
10629,0,0,0
10630,0,0,0
10631,0,0,0
10632,0,0,0
10633,0,0,0
10634,0,0,0
10635,0,0,0
10636,0,0,0
10637,0,0,0
10638,0,0,0
10639,0,0,0
10640,0,0,0
10641,0,0,0
10642,0,0,0
10643,0,0,0
10644,0,0,0
10645,0,0,0
10646,0,0,0
10647,0,0,0
10648,0,0,0
10649,0,0,0
10650,0,0,0
10651,0,0,0
10652,0,0,0
10653,0,0,0
10654,0,0,0
10655,0,0,0
10656,0,0,0
10657,0,0,0
10658,0,0,0
10659,0,0,0
10660,0,0,0
10661,0,0,0
10662,0,0,0
10663,0,0,0
10664,0,0,0
10665,0,0,0
10666,0,0,0
10667,0,0,0
10668,0,0,0
10669,0,0,0
10670,0,0,0
10671,0,0,0
10672,0,0,0
10673,0,0,0
10674,0,0,0
10675,0,0,0
10676,0,0,0
10677,0,0,0
10678,0,0,0
10679,0,0,0
10680,0,0,0
10681,0,0,0
10682,0,0,0
10683,0,0,0
10684,0,0,0
10685,0,0,0
10686,0,0,0
10687,0,0,0
10688,0,0,0
10689,0,0,0
10690,0,0,0
10691,0,0,0
10692,0,0,0
10693,0,0,0
10694,0,0,0
10695,0,0,0
10696,0,0,0
10697,0,0,0
10698,0,0,0
10699,0,0,0
10700,1,0,1
10701,1,0,1
10702,1,0,1
10703,1,0,1
10704,1,0,1
10705,1,0,1
10706,1,0,1
10707,1,0,1
10708,1,0,1
10709,1,0,1
10710,1,0,1
10711,1,0,1
10712,1,0,1
10713,1,0,1
10714,1,0,1
10715,1,0,1
10716,1,0,1
10717,1,0,1
10718,1,0,1
10719,1,0,1
10720,1,0,1
10721,1,0,1
10722,2,0,2
10723,2,0,2
10724,2,0,2
10725,2,0,2
10726,2,0,2
10727,3,0,3
10728,3,0,3
10729,3,0,3
10730,3,0,3
10731,3,0,3
10732,3,0,3
10733,3,0,3
10734,3,0,3
10735,3,0,3
10736,2,0,2
10737,2,0,2
10738,2,0,2
10739,2,0,2
10740,2,0,2
10741,2,0,2
10742,2,0,2
10743,2,0,2
10744,2,0,2
10745,2,0,2
10746,2,0,2
10747,2,0,2
10748,2,0,2
10749,2,0,2
10750,2,0,2
10751,2,0,2
10752,2,0,2
10753,2,0,2
10754,2,0,2
10755,1,1,2
10756,1,1,2
10757,1,1,2
10758,1,1,2
10759,1,1,2
10760,1,1,2
10761,1,1,2
10762,1,1,2
10763,0,2,2
10764,0,2,2
10765,0,2,2
10766,0,2,2
10767,0,2,2
10768,0,2,2
10769,0,2,2
10770,0,2,2
10771,0,2,2
10772,0,2,2
10773,0,2,2
10774,0,2,2
10775,0,2,2
10776,0,2,2
10777,0,2,2
10778,0,2,2
10779,0,2,2
10780,0,2,2
10781,1,1,2
10782,1,1,2
10783,1,1,2
10784,1,1,2
10785,1,1,2
10786,1,1,2
10787,2,0,2
10788,2,0,2
10789,2,0,2
10790,0,0,0
10791,0,0,0
10792,0,0,0
10793,0,0,0
10794,0,0,0
10795,0,0,0
10796,0,0,0
10797,0,0,0
10798,0,0,0
10799,0,0,0
10800,0,0,0
10801,0,0,0
10802,0,0,0
10803,0,0,0
10804,0,0,0
10805,0,0,0
10806,0,0,0
10807,0,0,0
10808,0,0,0
10809,0,0,0
10810,0,0,0
10811,0,0,0
10812,0,0,0
10813,0,0,0
10814,0,0,0
10815,0,0,0
10816,0,0,0
10817,0,0,0
10818,0,0,0
10819,0,0,0
10820,0,0,0
10821,0,0,0
10822,0,0,0
10823,0,0,0
10824,0,0,0
10825,0,0,0
10826,0,0,0
10827,0,0,0
10828,0,0,0
10829,0,0,0
10830,0,0,0
10831,0,0,0
10832,0,0,0
10833,0,0,0
10834,0,0,0
10835,0,0,0
10836,0,0,0
10837,0,0,0
10838,0,0,0
10839,0,0,0
10840,0,0,0
10841,0,0,0
10842,0,0,0
10843,0,0,0
10844,0,0,0
10845,0,0,0
10846,0,0,0
10847,0,0,0
10848,0,0,0
10849,0,0,0
10850,0,0,0
10851,0,0,0
10852,0,0,0
10853,0,0,0
10854,0,0,0
10855,0,0,0
10856,0,0,0
10857,0,0,0
10858,0,0,0
10859,0,0,0
10860,0,0,0
10861,0,0,0
10862,0,0,0
10863,0,0,0
10864,0,0,0
10865,0,0,0
10866,0,0,0
10867,0,0,0
10868,0,0,0
10869,0,0,0
10870,0,0,0
10871,0,0,0
10872,0,0,0
10873,0,0,0
10874,0,0,0
10875,0,0,0
10876,0,0,0
10877,0,0,0
10878,0,0,0
10879,0,0,0
10880,0,0,0
10881,0,0,0
10882,0,0,0
10883,0,0,0
10884,0,0,0
10885,0,0,0
10886,0,0,0
10887,0,0,0
10888,0,0,0
10889,0,0,0
10890,0,0,0
10891,0,0,0
10892,0,0,0
10893,0,0,0
10894,0,0,0
10895,0,0,0
10896,0,0,0
10897,0,0,0
10898,0,0,0
10899,0,0,0
10900,0,0,0
10901,0,0,0
10902,0,0,0
10903,0,0,0
10904,0,0,0
10905,0,0,0
10906,0,0,0
10907,0,0,0
10908,0,0,0
10909,0,0,0
10910,0,0,0
10911,0,0,0
10912,0,0,0
10913,0,0,0
10914,0,0,0
10915,0,0,0
10916,0,0,0
10917,0,0,0
10918,0,0,0
10919,0,0,0
10920,0,0,0
10921,0,0,0
10922,0,0,0
10923,0,0,0
10924,0,0,0
10925,0,0,0
10926,0,0,0
10927,0,0,0
10928,0,0,0
10929,0,0,0
10930,0,0,0
10931,0,0,0
10932,0,0,0
10933,0,0,0
10934,0,0,0
10935,0,0,0
10936,0,0,0
10937,0,0,0
10938,0,0,0
10939,0,0,0
10940,0,0,0
10941,0,0,0
10942,0,0,0
10943,0,0,0
10944,0,0,0
10945,0,0,0
10946,0,0,0
10947,0,0,0
10948,0,0,0
10949,0,0,0
10950,0,0,0
10951,0,0,0
10952,0,0,0
10953,0,0,0
10954,0,0,0
10955,0,0,0
10956,0,0,0
10957,0,0,0
10958,0,0,0
10959,0,0,0
10960,0,0,0
10961,0,0,0
10962,0,0,0
10963,0,0,0
10964,0,0,0
10965,0,0,0
10966,0,0,0
10967,0,0,0
10968,0,0,0
10969,0,0,0
10970,0,0,0
10971,0,0,0
10972,0,0,0
10973,0,0,0
10974,0,0,0
10975,0,0,0
10976,0,0,0
10977,0,0,0
10978,0,0,0
10979,0,0,0
10980,0,0,0
10981,0,0,0
10982,0,0,0
10983,0,0,0
10984,0,0,0
10985,0,0,0
10986,0,0,0
10987,0,0,0
10988,0,0,0
10989,0,0,0
10990,0,0,0
10991,0,0,0
10992,0,0,0
10993,0,0,0
10994,0,0,0
10995,0,0,0
10996,0,0,0
10997,0,0,0
10998,0,0,0
10999,0,0,0
11000,0,0,0
11001,0,0,0
11002,0,0,0
11003,0,0,0
11004,0,0,0
11005,0,0,0
11006,0,0,0
11007,0,0,0
11008,0,0,0
11009,0,0,0
11010,0,0,0
11011,0,0,0
11012,0,0,0
11013,0,0,0
11014,0,0,0
11015,0,0,0
11016,0,0,0
11017,0,0,0
11018,0,0,0
11019,0,0,0
11020,0,0,0
11021,0,0,0
11022,0,0,0
11023,0,0,0
11024,0,0,0
11025,0,0,0
11026,0,0,0
11027,0,0,0
11028,0,0,0
11029,0,0,0
11030,0,0,0
11031,0,0,0
11032,0,0,0
11033,0,0,0
11034,0,0,0
11035,0,0,0
11036,0,0,0
11037,0,0,0
11038,0,0,0
11039,0,0,0
11040,0,0,0
11041,0,0,0
11042,0,0,0
11043,0,0,0
11044,0,0,0
11045,0,0,0
11046,0,0,0
11047,0,0,0
11048,0,0,0
11049,0,0,0
11050,0,0,0
11051,0,0,0
11052,0,0,0
11053,0,0,0
11054,0,0,0
11055,0,0,0
11056,0,0,0
11057,0,0,0
11058,0,0,0
11059,0,0,0
11060,0,0,0
11061,0,0,0
11062,0,0,0
11063,0,0,0
11064,0,0,0
11065,0,0,0
11066,0,0,0
11067,0,0,0
11068,0,0,0
11069,0,0,0
11070,0,0,0
11071,0,0,0
11072,0,0,0
11073,0,0,0
11074,0,0,0
11075,0,0,0
11076,0,0,0
11077,0,0,0
11078,0,0,0
11079,0,0,0
11080,0,0,0
11081,0,0,0
11082,0,0,0
11083,0,0,0
11084,0,0,0
11085,0,0,0
11086,0,0,0
11087,0,0,0
11088,0,0,0
11089,0,0,0
11090,0,0,0
11091,0,0,0
11092,0,0,0
11093,0,0,0
11094,0,0,0
11095,0,0,0
11096,0,0,0
11097,0,0,0
11098,0,0,0
11099,0,0,0
11100,0,0,0
11101,0,0,0
11102,0,0,0
11103,0,0,0
11104,0,0,0
11105,0,0,0
11106,0,0,0
11107,0,0,0
11108,0,0,0
11109,0,0,0
11110,0,0,0
11111,0,0,0
11112,0,0,0
11113,0,0,0
11114,0,0,0
11115,0,0,0
11116,0,0,0
11117,0,0,0
11118,0,0,0
11119,0,0,0
11120,0,0,0
11121,0,0,0
11122,0,0,0
11123,0,0,0
11124,0,0,0
11125,0,0,0
11126,0,0,0
11127,0,0,0
11128,0,0,0
11129,0,0,0
11130,0,0,0
11131,0,0,0
11132,0,0,0
11133,0,0,0
11134,0,0,0
11135,0,0,0
11136,0,0,0
11137,0,0,0
11138,0,0,0
11139,0,0,0
11140,0,0,0
11141,0,0,0
11142,0,0,0
11143,0,0,0
11144,0,0,0
11145,0,0,0
11146,0,0,0
11147,0,0,0
11148,0,0,0
11149,0,0,0
11150,0,0,0
11151,0,0,0
11152,0,0,0
11153,0,0,0
11154,0,0,0
11155,0,0,0
11156,0,0,0
11157,0,0,0
11158,0,0,0
11159,0,0,0
11160,0,0,0
11161,0,0,0
11162,0,0,0
11163,0,0,0
11164,0,0,0
11165,0,0,0
11166,0,0,0
11167,0,0,0
11168,0,0,0
11169,0,0,0
11170,0,0,0
11171,0,0,0
11172,0,0,0
11173,0,0,0
11174,0,0,0
11175,0,0,0
11176,0,0,0
11177,0,0,0
11178,0,0,0
11179,0,0,0
11180,0,0,0
11181,0,0,0
11182,0,0,0
11183,0,0,0
11184,0,0,0
11185,0,0,0
11186,0,0,0
11187,0,0,0
11188,0,0,0
11189,0,0,0
11190,0,0,0
11191,0,0,0
11192,0,0,0
11193,0,0,0
11194,0,0,0
11195,0,0,0
11196,0,0,0
11197,0,0,0
11198,0,0,0
11199,0,0,0
11200,0,0,0
11201,0,0,0
11202,0,0,0
11203,0,0,0
11204,0,0,0
11205,0,0,0
11206,0,0,0
11207,0,0,0
11208,0,0,0
11209,0,0,0
11210,0,0,0
11211,0,0,0
11212,0,0,0
11213,0,0,0
11214,0,0,0
11215,0,0,0
11216,0,0,0
11217,0,0,0
11218,0,0,0
11219,0,0,0
11220,0,0,0
11221,0,0,0
11222,0,0,0
11223,0,0,0
11224,0,0,0
11225,0,0,0
11226,0,0,0
11227,0,0,0
11228,0,0,0
11229,0,0,0
11230,0,0,0
11231,0,0,0
11232,0,0,0
11233,0,0,0
11234,0,0,0
11235,0,0,0
11236,0,0,0
11237,0,0,0
11238,0,0,0
11239,0,0,0
11240,0,0,0
11241,0,0,0
11242,0,0,0
11243,0,0,0
11244,0,0,0
11245,0,0,0
11246,0,0,0
11247,0,0,0
11248,0,0,0
11249,0,0,0
11250,0,0,0
11251,0,0,0
11252,0,0,0
11253,0,0,0
11254,0,0,0
11255,0,0,0
11256,0,0,0
11257,0,0,0
11258,0,0,0
11259,0,0,0
11260,0,0,0
11261,0,0,0
11262,0,0,0
11263,0,0,0
11264,0,0,0
11265,0,0,0
11266,0,0,0
11267,0,0,0
11268,0,0,0
11269,0,0,0
11270,0,0,0
11271,0,0,0
11272,0,0,0
11273,0,0,0
11274,0,0,0
11275,0,0,0
11276,0,0,0
11277,0,0,0
11278,0,0,0
11279,0,0,0
11280,0,0,0
11281,0,0,0
11282,0,0,0
11283,0,0,0
11284,0,0,0
11285,0,0,0
11286,0,0,0
11287,0,0,0
11288,0,0,0
11289,0,0,0
11290,0,0,0
11291,0,0,0
11292,0,0,0
11293,0,0,0
11294,0,0,0
11295,0,0,0
11296,0,0,0
11297,0,0,0
11298,0,0,0
11299,0,0,0
11300,0,0,0
11301,0,0,0
11302,0,0,0
11303,0,0,0
11304,0,0,0
11305,0,0,0
11306,0,0,0
11307,0,0,0
11308,0,0,0
11309,0,0,0
11310,0,0,0
11311,0,0,0
11312,0,0,0
11313,0,0,0
11314,0,0,0
11315,0,0,0
11316,0,0,0
11317,0,0,0
11318,0,0,0
11319,0,0,0
11320,0,0,0
11321,0,0,0
11322,0,0,0
11323,0,0,0
11324,0,0,0
11325,0,0,0
11326,0,0,0
11327,0,0,0
11328,0,0,0
11329,0,0,0
11330,0,0,0
11331,0,0,0
11332,0,0,0
11333,0,0,0
11334,0,0,0
11335,0,0,0
11336,0,0,0
11337,0,0,0
11338,0,0,0
11339,0,0,0
11340,0,0,0
11341,0,0,0
11342,0,0,0
11343,0,0,0
11344,0,0,0
11345,0,0,0
11346,0,0,0
11347,0,0,0
11348,0,0,0
11349,0,0,0
11350,0,0,0
11351,0,0,0
11352,0,0,0
11353,0,0,0
11354,0,0,0
11355,0,0,0
11356,0,0,0
11357,0,0,0
11358,0,0,0
11359,0,0,0
11360,0,0,0
11361,0,0,0
11362,0,0,0
11363,0,0,0
11364,0,0,0
11365,0,0,0
11366,0,0,0
11367,0,0,0
11368,0,0,0
11369,0,0,0
11370,0,0,0
11371,0,0,0
11372,0,0,0
11373,0,0,0
11374,0,0,0
11375,0,0,0
11376,0,0,0
11377,0,0,0
11378,0,0,0
11379,0,0,0
11380,0,0,0
11381,0,0,0
11382,0,0,0
11383,0,0,0
11384,1,0,1
11385,1,0,1
11386,2,0,2
11387,3,0,3
11388,3,0,3
11389,3,0,3
11390,3,0,3
11391,3,0,3
11392,3,0,3
11393,3,0,3
11394,3,0,3
11395,3,0,3
11396,3,0,3
11397,3,0,3
11398,3,0,3
11399,3,0,3
11400,3,0,3
11401,3,0,3
11402,3,0,3
11403,3,0,3
11404,3,0,3
11405,3,0,3
11406,3,0,3
11407,3,0,3
11408,3,0,3
11409,3,0,3
11410,3,0,3
11411,3,0,3
11412,3,0,3
11413,3,0,3
11414,3,0,3
11415,3,0,3
11416,3,0,3
11417,3,0,3
11418,3,0,3
11419,3,0,3
11420,2,1,3
11421,2,1,3
11422,2,1,3
11423,1,2,3
11424,1,2,3
11425,1,2,3
11426,1,2,3
11427,1,2,3
11428,1,2,3
11429,1,2,3
11430,0,3,3
11431,0,3,3
11432,0,3,3
11433,0,3,3
11434,0,3,3
11435,0,3,3
11436,0,3,3
11437,0,3,3
11438,0,3,3
11439,0,3,3
11440,0,3,3
11441,0,3,3
11442,0,3,3
11443,0,3,3
11444,0,3,3
11445,0,3,3
11446,0,3,3
11447,0,3,3
11448,0,3,3
11449,0,3,3
11450,0,3,3
11451,0,3,3
11452,0,3,3
11453,0,3,3
11454,0,3,3
11455,0,3,3
11456,0,3,3
11457,0,3,3
11458,0,3,3
11459,0,3,3
11460,2,1,3
11461,0,1,1
11462,0,1,1
11463,0,1,1
11464,0,1,1
11465,1,0,1
11466,0,0,0
11467,0,0,0
11468,0,0,0
11469,0,0,0
11470,0,0,0
11471,0,0,0
11472,0,0,0
11473,0,0,0
11474,0,0,0
11475,0,0,0
11476,0,0,0
11477,0,0,0
11478,0,0,0
11479,0,0,0
11480,0,0,0
11481,0,0,0
11482,0,0,0
11483,0,0,0
11484,0,0,0
11485,0,0,0
11486,0,0,0
11487,0,0,0
11488,0,0,0
11489,0,0,0
11490,0,0,0
11491,0,0,0
11492,0,0,0
11493,0,0,0
11494,0,0,0
11495,0,0,0
11496,0,0,0
11497,0,0,0
11498,0,0,0
11499,0,0,0
11500,0,0,0
11501,0,0,0
11502,0,0,0
11503,0,0,0
11504,0,0,0
11505,0,0,0
11506,0,0,0
11507,0,0,0
11508,0,0,0
11509,0,0,0
11510,0,0,0
11511,0,0,0
11512,0,0,0
11513,0,0,0
11514,0,0,0
11515,0,0,0
11516,0,0,0
11517,0,0,0
11518,0,0,0
11519,0,0,0
11520,0,0,0
11521,0,0,0
11522,0,0,0
11523,0,0,0
11524,0,0,0
11525,0,0,0
11526,0,0,0
11527,0,0,0
11528,0,0,0
11529,0,0,0
11530,0,0,0
11531,0,0,0
11532,0,0,0
11533,0,0,0
11534,0,0,0
11535,0,0,0
11536,0,0,0
11537,0,0,0
11538,0,0,0
11539,0,0,0
11540,0,0,0
11541,0,0,0
11542,0,0,0
11543,0,0,0
11544,0,0,0
11545,0,0,0
11546,0,0,0
11547,0,0,0
11548,0,0,0
11549,0,0,0
11550,0,0,0
11551,0,0,0
11552,0,0,0
11553,0,0,0
11554,0,0,0
11555,0,0,0
11556,0,0,0
11557,0,0,0
11558,0,0,0
11559,0,0,0
11560,0,0,0
11561,0,0,0
11562,0,0,0
11563,0,0,0
11564,0,0,0
11565,0,0,0
11566,0,0,0
11567,0,0,0
11568,0,0,0
11569,0,0,0
11570,0,0,0
11571,0,0,0
11572,0,0,0
11573,0,0,0
11574,0,0,0
11575,0,0,0
11576,0,0,0
11577,0,0,0
11578,0,0,0
11579,0,0,0
11580,0,0,0
11581,0,0,0
11582,0,0,0
11583,0,0,0
11584,0,0,0
11585,0,0,0
11586,0,0,0
11587,0,0,0
11588,0,0,0
11589,0,0,0
11590,0,0,0
11591,0,0,0
11592,0,0,0
11593,0,0,0
11594,0,0,0
11595,0,0,0
11596,0,0,0
11597,0,0,0
11598,0,0,0
11599,0,0,0
11600,0,0,0
11601,0,0,0
11602,0,0,0
11603,0,0,0
11604,0,0,0
11605,0,0,0
11606,0,0,0
11607,0,0,0
11608,0,0,0
11609,0,0,0
11610,0,0,0
11611,0,0,0
11612,0,0,0
11613,0,0,0
11614,0,0,0
11615,0,0,0
11616,0,0,0
11617,0,0,0
11618,0,0,0
11619,0,0,0
11620,0,0,0
11621,0,0,0
11622,0,0,0
11623,0,0,0
11624,0,0,0
11625,0,0,0
11626,0,0,0
11627,0,0,0
11628,0,0,0
11629,0,0,0
11630,0,0,0
11631,0,0,0
11632,0,0,0
11633,0,0,0
11634,0,0,0
11635,0,0,0
11636,0,0,0
11637,0,0,0
11638,0,0,0
11639,0,0,0
11640,0,0,0
11641,0,0,0
11642,0,0,0
11643,0,0,0
11644,0,0,0
11645,0,0,0
11646,0,0,0
11647,0,0,0
11648,0,0,0
11649,0,0,0
11650,0,0,0
11651,0,0,0
11652,0,0,0
11653,0,0,0
11654,0,0,0
11655,0,0,0
11656,0,0,0
11657,0,0,0
11658,0,0,0
11659,0,0,0
11660,0,0,0
11661,0,0,0
11662,0,0,0
11663,0,0,0
11664,0,0,0
11665,0,0,0
11666,0,0,0
11667,0,0,0
11668,0,0,0
11669,0,0,0
11670,0,0,0
11671,0,0,0
11672,0,0,0
11673,0,0,0
11674,0,0,0
11675,0,0,0
11676,0,0,0
11677,0,0,0
11678,0,0,0
11679,0,0,0
11680,0,0,0
11681,0,0,0
11682,0,0,0
11683,0,0,0
11684,0,0,0
11685,0,0,0
11686,0,0,0
11687,0,0,0
11688,0,0,0
11689,0,0,0
11690,0,0,0
11691,0,0,0
11692,0,0,0
11693,0,0,0
11694,0,0,0
11695,0,0,0
11696,0,0,0
11697,0,0,0
11698,0,0,0
11699,0,0,0
11700,0,0,0
11701,0,0,0
11702,0,0,0
11703,0,0,0
11704,0,0,0
11705,0,0,0
11706,0,0,0
11707,0,0,0
11708,0,0,0
11709,0,0,0
11710,0,0,0
11711,0,0,0
11712,0,0,0
11713,0,0,0
11714,0,0,0
11715,0,0,0
11716,0,0,0
11717,0,0,0
11718,0,0,0
11719,0,0,0
11720,0,0,0
11721,0,0,0
11722,0,0,0
11723,0,0,0
11724,0,0,0
11725,0,0,0
11726,0,0,0
11727,0,0,0
11728,0,0,0
11729,0,0,0
11730,0,0,0
11731,0,0,0
11732,0,0,0
11733,0,0,0
11734,0,0,0
11735,0,0,0
11736,0,0,0
11737,0,0,0
11738,0,0,0
11739,0,0,0
11740,0,0,0
11741,0,0,0
11742,0,0,0
11743,0,0,0
11744,0,0,0
11745,0,0,0
11746,0,0,0
11747,0,0,0
11748,0,0,0
11749,0,0,0
11750,0,0,0
11751,0,0,0
11752,0,0,0
11753,1,0,1
11754,1,0,1
11755,1,0,1
11756,1,0,1
11757,1,0,1
11758,1,0,1
11759,1,0,1
11760,1,0,1
11761,1,0,1
11762,1,0,1
11763,1,0,1
11764,1,0,1
11765,1,0,1
11766,1,0,1
11767,1,0,1
11768,1,0,1
11769,1,0,1
11770,1,0,1
11771,1,0,1
11772,1,0,1
11773,1,0,1
11774,1,0,1
11775,1,0,1
11776,1,0,1
11777,1,0,1
11778,1,0,1
11779,1,0,1
11780,1,0,1
11781,1,0,1
11782,1,0,1
11783,1,0,1
11784,1,0,1
11785,1,0,1
11786,1,0,1
11787,1,0,1
11788,1,0,1
11789,1,0,1
11790,1,0,1
11791,1,0,1
11792,1,0,1
11793,1,0,1
11794,1,0,1
11795,1,0,1
11796,1,0,1
11797,1,0,1
11798,1,0,1
11799,1,0,1
11800,1,0,1
11801,1,0,1
11802,1,0,1
11803,1,0,1
11804,1,0,1
11805,1,0,1
11806,1,0,1
11807,0,0,0
11808,0,0,0
11809,0,0,0
11810,0,0,0
11811,0,0,0
11812,0,0,0
11813,0,0,0
11814,0,0,0
11815,0,0,0
11816,0,0,0
11817,0,0,0
11818,0,0,0
11819,0,0,0
11820,0,0,0
11821,0,0,0
11822,0,0,0
11823,0,0,0
11824,0,0,0
11825,0,0,0
11826,0,0,0
11827,0,0,0
11828,0,0,0
11829,0,0,0
11830,0,0,0
11831,0,0,0
11832,0,0,0
11833,0,0,0
11834,0,0,0
11835,0,0,0
11836,0,0,0
11837,0,0,0
11838,0,0,0
11839,0,0,0
11840,0,0,0
11841,0,0,0
11842,0,0,0
11843,0,0,0
11844,0,0,0
11845,0,0,0
11846,0,0,0
11847,0,0,0
11848,0,0,0
11849,0,0,0
11850,0,0,0
11851,0,0,0
11852,0,0,0
11853,0,0,0
11854,0,0,0
11855,0,0,0
11856,0,0,0
11857,0,0,0
11858,0,0,0
11859,0,0,0
11860,0,0,0
11861,0,0,0
11862,0,0,0
11863,0,0,0
11864,0,0,0
11865,0,0,0
11866,0,0,0
11867,0,0,0
11868,0,0,0
11869,0,0,0
11870,0,0,0
11871,0,0,0
11872,0,0,0
11873,0,0,0
11874,0,0,0
11875,0,0,0
11876,0,0,0
11877,0,0,0
11878,0,0,0
11879,0,0,0
11880,0,0,0
11881,0,0,0
11882,0,0,0
11883,0,0,0
11884,0,0,0
11885,0,0,0
11886,0,0,0
11887,0,0,0
11888,0,0,0
11889,0,0,0
11890,0,0,0
11891,0,0,0
11892,0,0,0
11893,0,0,0
11894,0,0,0
11895,0,0,0
11896,0,0,0
11897,0,0,0
11898,0,0,0
11899,0,0,0
11900,0,0,0
11901,0,0,0
11902,0,0,0
11903,0,0,0
11904,0,0,0
11905,0,0,0
11906,0,0,0
11907,0,0,0
11908,0,0,0
11909,0,0,0
11910,0,0,0
11911,0,0,0
11912,0,0,0
11913,0,0,0
11914,0,0,0
11915,0,0,0
11916,0,0,0
11917,0,0,0
11918,0,0,0
11919,0,0,0
11920,0,0,0
11921,0,0,0
11922,0,0,0
11923,0,0,0
11924,0,0,0
11925,0,0,0
11926,0,0,0
11927,0,0,0
11928,0,0,0
11929,0,0,0
11930,0,0,0
11931,0,0,0
11932,0,0,0
11933,0,0,0
11934,0,0,0
11935,0,0,0
11936,0,0,0
11937,0,0,0
11938,0,0,0
11939,0,0,0
11940,0,0,0
11941,0,0,0
11942,0,0,0
11943,0,0,0
11944,0,0,0
11945,0,0,0
11946,0,0,0
11947,0,0,0
11948,0,0,0
11949,0,0,0
11950,0,0,0
11951,0,0,0
11952,0,0,0
11953,0,0,0
11954,0,0,0
11955,0,0,0
11956,0,0,0
11957,0,0,0
11958,0,0,0
11959,0,0,0
11960,0,0,0
11961,0,0,0
11962,0,0,0
11963,0,0,0
11964,0,0,0
11965,0,0,0
11966,0,0,0
11967,0,0,0
11968,0,0,0
11969,0,0,0
11970,0,0,0
11971,0,0,0
11972,0,0,0
11973,0,0,0
11974,0,0,0
11975,0,0,0
11976,0,0,0
11977,0,0,0
11978,0,0,0
11979,0,0,0
11980,0,0,0
11981,0,0,0
11982,0,0,0
11983,0,0,0
11984,0,0,0
11985,0,0,0
11986,0,0,0
11987,0,0,0
11988,0,0,0
11989,0,0,0
11990,0,0,0
11991,0,0,0
11992,0,0,0
11993,0,0,0
11994,0,0,0
11995,0,0,0
11996,0,0,0
11997,0,0,0
11998,0,0,0
11999,0,0,0
12000,0,0,0
12001,0,0,0
12002,0,0,0
12003,0,0,0
12004,0,0,0
12005,0,0,0
12006,0,0,0
12007,0,0,0
12008,0,0,0
12009,0,0,0
12010,0,0,0
12011,0,0,0
12012,0,0,0
12013,0,0,0
12014,0,0,0
12015,0,0,0
12016,0,0,0
12017,0,0,0
12018,0,0,0
12019,0,0,0
12020,0,0,0
12021,0,0,0
12022,0,0,0
12023,0,0,0
12024,0,0,0
12025,0,0,0
12026,0,0,0
12027,0,0,0
12028,0,0,0
12029,0,0,0
12030,0,0,0
12031,0,0,0
12032,0,0,0
12033,0,0,0
12034,0,0,0
12035,0,0,0
12036,0,0,0
12037,0,0,0
12038,0,0,0
12039,0,0,0
12040,0,0,0
12041,0,0,0
12042,0,0,0
12043,0,0,0
12044,0,0,0
12045,0,0,0
12046,0,0,0
12047,0,0,0
12048,0,0,0
12049,0,0,0
12050,0,0,0
12051,0,0,0
12052,0,0,0
12053,0,0,0
12054,0,0,0
12055,0,0,0
12056,0,0,0
12057,0,0,0
12058,0,0,0
12059,0,0,0
12060,0,0,0
12061,0,0,0
12062,0,0,0
12063,0,0,0
12064,0,0,0
12065,0,0,0
12066,0,0,0
12067,0,0,0
12068,0,0,0
12069,0,0,0
12070,0,0,0
12071,0,0,0
12072,0,0,0
12073,0,0,0
12074,0,0,0
12075,0,0,0
12076,0,0,0
12077,0,0,0
12078,0,0,0
12079,0,0,0
12080,0,0,0
12081,0,0,0
12082,0,0,0
12083,0,0,0
12084,0,0,0
12085,0,0,0
12086,0,0,0
12087,0,0,0
12088,0,0,0
12089,0,0,0
12090,0,0,0
12091,0,0,0
12092,0,0,0
12093,0,0,0
12094,0,0,0
12095,0,0,0
12096,0,0,0
12097,0,0,0
12098,0,0,0
12099,0,0,0
12100,0,0,0
12101,0,0,0
12102,0,0,0
12103,0,0,0
12104,0,0,0
12105,0,0,0
12106,0,0,0
12107,0,0,0
12108,0,0,0
12109,0,0,0
12110,0,0,0
12111,0,0,0
12112,0,0,0
12113,0,0,0
12114,0,0,0
12115,0,0,0
12116,0,0,0
12117,0,0,0
12118,0,0,0
12119,0,0,0
12120,0,0,0
12121,0,0,0
12122,0,0,0
12123,0,0,0
12124,0,0,0
12125,0,0,0
12126,0,0,0
12127,0,0,0
12128,0,0,0
12129,0,0,0
12130,0,0,0
12131,0,0,0
12132,0,0,0
12133,0,0,0
12134,0,0,0
12135,0,0,0
12136,0,0,0
12137,0,0,0
12138,0,0,0
12139,0,0,0
12140,0,0,0
12141,0,0,0
12142,0,0,0
12143,0,0,0
12144,0,0,0
12145,0,0,0
12146,0,0,0
12147,0,0,0
12148,0,0,0
12149,0,0,0
12150,0,0,0
12151,0,0,0
12152,0,0,0
12153,0,0,0
12154,0,0,0
12155,0,0,0
12156,0,0,0
12157,0,0,0
12158,0,0,0
12159,0,0,0
12160,0,0,0
12161,0,0,0
12162,0,0,0
12163,0,0,0
12164,0,0,0
12165,0,0,0
12166,0,0,0
12167,0,0,0
12168,0,0,0
12169,0,0,0
12170,0,0,0
12171,0,0,0
12172,0,0,0
12173,0,0,0
12174,0,0,0
12175,0,0,0
12176,0,0,0
12177,0,0,0
12178,0,0,0
12179,0,0,0
12180,0,0,0
12181,0,0,0
12182,0,0,0
12183,0,0,0
12184,0,0,0
12185,0,0,0
12186,0,0,0
12187,0,0,0
12188,0,0,0
12189,0,0,0
12190,0,0,0
12191,0,0,0
12192,0,0,0
12193,0,0,0
12194,0,0,0
12195,0,0,0
12196,0,0,0
12197,0,0,0
12198,0,0,0
12199,0,0,0
12200,0,0,0
12201,0,0,0
12202,0,0,0
12203,0,0,0
12204,0,0,0
12205,0,0,0
12206,0,0,0
12207,0,0,0
12208,0,0,0
12209,0,0,0
12210,0,0,0
12211,0,0,0
12212,0,0,0
12213,0,0,0
12214,0,0,0
12215,0,0,0
12216,0,0,0
12217,0,0,0
12218,0,0,0
12219,0,0,0
12220,0,0,0
12221,0,0,0
12222,0,0,0
12223,0,0,0
12224,0,0,0
12225,0,0,0
12226,0,0,0
12227,0,0,0
12228,0,0,0
12229,0,0,0
12230,0,0,0
12231,0,0,0
12232,0,0,0
12233,0,0,0
12234,0,0,0
12235,0,0,0
12236,0,0,0
12237,0,0,0
12238,0,0,0
12239,0,0,0
12240,0,0,0
12241,0,0,0
12242,0,0,0
12243,0,0,0
12244,0,0,0
12245,0,0,0
12246,0,0,0
12247,0,0,0
12248,0,0,0
12249,0,0,0
12250,0,0,0
12251,0,0,0
12252,0,0,0
12253,0,0,0
12254,0,0,0
12255,0,0,0
12256,0,0,0
12257,0,0,0
12258,0,0,0
12259,0,0,0
12260,0,0,0
12261,0,0,0
12262,0,0,0
12263,0,0,0
12264,0,0,0
12265,0,0,0
12266,0,0,0
12267,0,0,0
12268,0,0,0
12269,0,0,0
12270,0,0,0
12271,0,0,0
12272,0,0,0
12273,0,0,0
12274,0,0,0
12275,0,0,0
12276,0,0,0
12277,0,0,0
12278,0,0,0
12279,0,0,0
12280,0,0,0
12281,0,0,0
12282,0,0,0
12283,0,0,0
12284,0,0,0
12285,0,0,0
12286,0,0,0
12287,0,0,0
12288,0,0,0
12289,0,0,0
12290,0,0,0
12291,0,0,0
12292,0,0,0
12293,0,0,0
12294,0,0,0
12295,0,0,0
12296,0,0,0
12297,0,0,0
12298,0,0,0
12299,0,0,0
12300,0,0,0
12301,0,0,0
12302,0,0,0
12303,0,0,0
12304,0,0,0
12305,0,0,0
12306,0,0,0
12307,0,0,0
12308,0,0,0
12309,0,0,0
12310,0,0,0
12311,0,0,0
12312,0,0,0
12313,0,0,0
12314,0,0,0
12315,0,0,0
12316,0,0,0
12317,0,0,0
12318,0,0,0
12319,0,0,0
12320,0,0,0
12321,0,0,0
12322,0,0,0
12323,0,0,0
12324,0,0,0
12325,0,0,0
12326,0,0,0
12327,0,0,0
12328,0,0,0
12329,0,0,0
12330,0,0,0
12331,0,0,0
12332,0,0,0
12333,0,0,0
12334,0,0,0
12335,0,0,0
12336,0,0,0
12337,0,0,0
12338,0,0,0
12339,0,0,0
12340,0,0,0
12341,0,0,0
12342,0,0,0
12343,0,0,0
12344,0,0,0
12345,0,0,0
12346,0,0,0
12347,0,0,0
12348,0,0,0
12349,0,0,0
12350,0,0,0
12351,0,0,0
12352,0,0,0
12353,0,0,0
12354,0,0,0
12355,0,0,0
12356,0,0,0
12357,0,0,0
12358,0,0,0
12359,0,0,0
12360,0,0,0
12361,0,0,0
12362,0,0,0
12363,0,0,0
12364,0,0,0
12365,0,0,0
12366,0,0,0
12367,0,0,0
12368,0,0,0
12369,0,0,0
12370,0,0,0
12371,0,0,0
12372,0,0,0
12373,0,0,0
12374,0,0,0
12375,0,0,0
12376,0,0,0
12377,0,0,0
12378,0,0,0
12379,0,0,0
12380,0,0,0
12381,0,0,0
12382,0,0,0
12383,0,0,0
12384,0,0,0
12385,0,0,0
12386,0,0,0
12387,0,0,0
12388,0,0,0
12389,0,0,0
12390,0,0,0
12391,0,0,0
12392,0,0,0
12393,0,0,0
12394,0,0,0
12395,0,0,0
12396,0,0,0
12397,0,0,0
12398,0,0,0
12399,0,0,0
12400,0,0,0
12401,0,0,0
12402,0,0,0
12403,0,0,0
12404,0,0,0
12405,0,0,0
12406,0,0,0
12407,0,0,0
12408,0,0,0
12409,0,0,0
12410,0,0,0
12411,0,0,0
12412,0,0,0
12413,0,0,0
12414,0,0,0
12415,0,0,0
12416,0,0,0
12417,0,0,0
12418,0,0,0
12419,0,0,0
12420,0,0,0
12421,0,0,0
12422,0,0,0
12423,0,0,0
12424,0,0,0
12425,1,0,1
12426,1,0,1
12427,1,0,1
12428,1,0,1
12429,1,0,1
12430,1,0,1
12431,1,0,1
12432,1,0,1
12433,1,0,1
12434,1,0,1
12435,1,0,1
12436,1,0,1
12437,1,0,1
12438,1,0,1
12439,1,0,1
12440,1,0,1
12441,1,0,1
12442,1,0,1
12443,1,0,1
12444,1,0,1
12445,1,0,1
12446,1,0,1
12447,1,0,1
12448,1,0,1
12449,1,0,1
12450,1,0,1
12451,1,0,1
12452,1,0,1
12453,1,0,1
12454,1,0,1
12455,1,0,1
12456,1,0,1
12457,1,0,1
12458,1,0,1
12459,1,0,1
12460,1,0,1
12461,1,0,1
12462,1,0,1
12463,1,0,1
12464,1,0,1
12465,1,0,1
12466,1,0,1
12467,0,0,0
12468,0,0,0
12469,0,0,0
12470,0,0,0
12471,0,0,0
12472,0,0,0
12473,0,0,0
12474,0,0,0
12475,0,0,0
12476,0,0,0
12477,0,0,0
12478,0,0,0
12479,0,0,0
12480,0,0,0
12481,0,0,0
12482,0,0,0
12483,0,0,0
12484,0,0,0
12485,0,0,0
12486,0,0,0
12487,0,0,0
12488,0,0,0
12489,0,0,0
12490,0,0,0
12491,0,0,0
12492,0,0,0
12493,0,0,0
12494,0,0,0
12495,0,0,0
12496,0,0,0
12497,0,0,0
12498,0,0,0
12499,0,0,0
12500,0,0,0
12501,0,0,0
12502,0,0,0
12503,0,0,0
12504,0,0,0
12505,0,0,0
12506,0,0,0
12507,0,0,0
12508,0,0,0
12509,0,0,0
12510,0,0,0
12511,0,0,0
12512,0,0,0
12513,0,0,0
12514,0,0,0
12515,0,0,0
12516,0,0,0
12517,0,0,0
12518,0,0,0
12519,0,0,0
12520,0,0,0
12521,0,0,0
12522,0,0,0
12523,0,0,0
12524,0,0,0
12525,0,0,0
12526,0,0,0
12527,0,0,0
12528,0,0,0
12529,0,0,0
12530,0,0,0
12531,0,0,0
12532,0,0,0
12533,0,0,0
12534,0,0,0
12535,0,0,0
12536,0,0,0
12537,0,0,0
12538,0,0,0
12539,0,0,0
12540,0,0,0
12541,0,0,0
12542,0,0,0
12543,0,0,0
12544,0,0,0
12545,0,0,0
12546,0,0,0
12547,0,0,0
12548,0,0,0
12549,0,0,0
12550,0,0,0
12551,0,0,0
12552,0,0,0
12553,0,0,0
12554,0,0,0
12555,0,0,0
12556,0,0,0
12557,0,0,0
12558,0,0,0
12559,0,0,0
12560,0,0,0
12561,0,0,0
12562,0,0,0
12563,0,0,0
12564,0,0,0
12565,0,0,0
12566,0,0,0
12567,0,0,0
12568,0,0,0
12569,0,0,0
12570,0,0,0
12571,0,0,0
12572,0,0,0
12573,0,0,0
12574,0,0,0
12575,0,0,0
12576,0,0,0
12577,0,0,0
12578,0,0,0
12579,0,0,0
12580,0,0,0
12581,0,0,0
12582,0,0,0
12583,0,0,0
12584,0,0,0
12585,0,0,0
12586,0,0,0
12587,0,0,0
12588,0,0,0
12589,0,0,0
12590,0,0,0
12591,0,0,0
12592,0,0,0
12593,0,0,0
12594,0,0,0
12595,0,0,0
12596,0,0,0
12597,0,0,0
12598,0,0,0
12599,0,0,0
12600,0,0,0
12601,0,0,0
12602,0,0,0
12603,0,0,0
12604,0,0,0
12605,0,0,0
12606,0,0,0
12607,0,0,0
12608,0,0,0
12609,0,0,0
12610,0,0,0
12611,0,0,0
12612,0,0,0
12613,0,0,0
12614,0,0,0
12615,0,0,0
12616,0,0,0
12617,0,0,0
12618,0,0,0
12619,0,0,0
12620,0,0,0
12621,0,0,0
12622,0,0,0
12623,0,0,0
12624,0,0,0
12625,0,0,0
12626,0,0,0
12627,0,0,0
12628,0,0,0
12629,0,0,0
12630,0,0,0
12631,0,0,0
12632,0,0,0
12633,0,0,0
12634,0,0,0
12635,0,0,0
12636,0,0,0
12637,0,0,0
12638,0,0,0
12639,0,0,0
12640,0,0,0
12641,0,0,0
12642,0,0,0
12643,0,0,0
12644,0,0,0
12645,0,0,0
12646,0,0,0
12647,0,0,0
12648,0,0,0
12649,0,0,0
12650,0,0,0
12651,0,0,0
12652,0,0,0
12653,0,0,0
12654,0,0,0
12655,0,0,0
12656,0,0,0
12657,0,0,0
12658,0,0,0
12659,0,0,0
12660,0,0,0
12661,0,0,0
12662,0,0,0
12663,0,0,0
12664,0,0,0
12665,0,0,0
12666,0,0,0
12667,0,0,0
12668,0,0,0
12669,0,0,0
12670,0,0,0
12671,0,0,0
12672,0,0,0
12673,0,0,0
12674,0,0,0
12675,0,0,0
12676,0,0,0
12677,0,0,0
12678,0,0,0
12679,0,0,0
12680,0,0,0
12681,0,0,0
12682,0,0,0
12683,0,0,0
12684,0,0,0
12685,0,0,0
12686,1,0,1
12687,1,0,1
12688,1,0,1
12689,1,0,1
12690,1,0,1
12691,1,0,1
12692,1,0,1
12693,1,0,1
12694,1,0,1
12695,1,0,1
12696,1,0,1
12697,1,0,1
12698,1,0,1
12699,1,0,1
12700,1,0,1
12701,1,0,1
12702,1,0,1
12703,1,0,1
12704,1,0,1
12705,1,0,1
12706,1,0,1
12707,1,0,1
12708,1,0,1
12709,1,0,1
12710,1,0,1
12711,1,0,1
12712,1,0,1
12713,1,0,1
12714,1,0,1
12715,1,0,1
12716,1,0,1
12717,1,0,1
12718,1,0,1
12719,1,0,1
12720,1,0,1
12721,1,0,1
12722,1,0,1
12723,1,0,1
12724,1,0,1
12725,1,0,1
12726,1,0,1
12727,1,0,1
12728,1,0,1
12729,1,0,1
12730,1,0,1
12731,1,0,1
12732,1,0,1
12733,1,0,1
12734,1,0,1
12735,1,0,1
12736,1,0,1
12737,1,0,1
12738,1,0,1
12739,1,0,1
12740,1,0,1
12741,1,0,1
12742,1,0,1
12743,1,0,1
12744,1,0,1
12745,1,0,1
12746,1,0,1
12747,1,0,1
12748,1,0,1
12749,1,0,1
12750,1,0,1
12751,1,0,1
12752,2,0,2
12753,2,0,2
12754,2,0,2
12755,2,0,2
12756,2,0,2
12757,1,0,1
12758,1,0,1
12759,1,0,1
12760,1,0,1
12761,1,0,1
12762,1,0,1
12763,1,0,1
12764,1,0,1
12765,1,0,1
12766,1,0,1
12767,1,0,1
12768,1,0,1
12769,1,0,1
12770,1,0,1
12771,1,0,1
12772,1,0,1
12773,1,0,1
12774,1,0,1
12775,1,0,1
12776,1,0,1
12777,1,0,1
12778,1,0,1
12779,1,0,1
12780,1,0,1
12781,1,0,1
12782,1,0,1
12783,1,0,1
12784,1,0,1
12785,1,0,1
12786,1,0,1
12787,1,0,1
12788,1,0,1
12789,1,0,1
12790,1,0,1
12791,1,0,1
12792,1,0,1
12793,1,0,1
12794,1,0,1
12795,1,0,1
12796,1,0,1
12797,1,0,1
12798,1,0,1
12799,1,0,1
12800,1,0,1
12801,1,0,1
12802,1,0,1
12803,1,0,1
12804,1,0,1
12805,1,0,1
12806,1,0,1
12807,1,0,1
12808,1,0,1
12809,1,0,1
12810,0,0,0
12811,0,0,0
12812,0,0,0
12813,0,0,0
12814,0,0,0
12815,0,0,0
12816,0,0,0
12817,0,0,0
12818,0,0,0
12819,0,0,0
12820,0,0,0
12821,0,0,0
12822,0,0,0
12823,0,0,0
12824,0,0,0
12825,0,0,0
12826,0,0,0
12827,0,0,0
12828,0,0,0
12829,0,0,0
12830,0,0,0
12831,0,0,0
12832,0,0,0
12833,0,0,0
12834,0,0,0
12835,0,0,0
12836,0,0,0
12837,0,0,0
12838,0,0,0
12839,0,0,0
12840,0,0,0
12841,0,0,0
12842,0,0,0
12843,0,0,0
12844,0,0,0
12845,0,0,0
12846,0,0,0
12847,0,0,0
12848,0,0,0
12849,0,0,0
12850,0,0,0
12851,0,0,0
12852,0,0,0
12853,0,0,0
12854,0,0,0
12855,0,0,0
12856,0,0,0
12857,0,0,0
12858,0,0,0
12859,0,0,0
12860,0,0,0
12861,0,0,0
12862,0,0,0
12863,0,0,0
12864,0,0,0
12865,0,0,0
12866,0,0,0
12867,0,0,0
12868,0,0,0
12869,0,0,0
12870,0,0,0
12871,0,0,0
12872,0,0,0
12873,0,0,0
12874,0,0,0
12875,0,0,0
12876,0,0,0
12877,0,0,0
12878,0,0,0
12879,0,0,0
12880,0,0,0
12881,0,0,0
12882,0,0,0
12883,0,0,0
12884,0,0,0
12885,0,0,0
12886,0,0,0
12887,0,0,0
12888,0,0,0
12889,0,0,0
12890,0,0,0
12891,0,0,0
12892,0,0,0
12893,0,0,0
12894,0,0,0
12895,0,0,0
12896,0,0,0
12897,0,0,0
12898,0,0,0
12899,0,0,0
12900,0,0,0
12901,0,0,0
12902,0,0,0
12903,0,0,0
12904,0,0,0
12905,0,0,0
12906,0,0,0
12907,0,0,0
12908,0,0,0
12909,0,0,0
12910,0,0,0
12911,0,0,0
12912,0,0,0
12913,0,0,0
12914,0,0,0
12915,0,0,0
12916,1,0,1
12917,1,0,1
12918,1,0,1
12919,1,0,1
12920,1,0,1
12921,1,0,1
12922,1,0,1
12923,1,0,1
12924,1,0,1
12925,1,0,1
12926,1,0,1
12927,1,0,1
12928,1,0,1
12929,1,0,1
12930,1,0,1
12931,1,0,1
12932,1,0,1
12933,1,0,1
12934,1,0,1
12935,1,0,1
12936,1,0,1
12937,1,0,1
12938,1,0,1
12939,1,0,1
12940,2,0,2
12941,2,0,2
12942,2,0,2
12943,2,0,2
12944,2,0,2
12945,2,0,2
12946,2,0,2
12947,2,0,2
12948,2,0,2
12949,2,0,2
12950,2,0,2
12951,2,0,2
12952,2,0,2
12953,2,0,2
12954,2,0,2
12955,2,0,2
12956,2,0,2
12957,2,0,2
12958,3,0,3
12959,3,0,3
12960,3,0,3
12961,3,0,3
12962,3,0,3
12963,3,0,3
12964,3,0,3
12965,3,0,3
12966,3,0,3
12967,3,0,3
12968,3,0,3
12969,3,0,3
12970,3,0,3
12971,3,0,3
12972,3,0,3
12973,3,0,3
12974,3,0,3
12975,2,0,2
12976,2,0,2
12977,2,0,2
12978,2,0,2
12979,2,0,2
12980,2,0,2
12981,2,0,2
12982,1,0,1
12983,1,0,1
12984,1,0,1
12985,1,0,1
12986,1,0,1
12987,1,0,1
12988,1,0,1
12989,1,0,1
12990,1,0,1
12991,1,0,1
12992,1,0,1
12993,1,0,1
12994,1,0,1
12995,1,0,1
12996,1,0,1
12997,1,0,1
12998,1,0,1
12999,1,0,1
13000,1,0,1
13001,1,0,1
13002,1,0,1
13003,1,0,1
13004,1,0,1
13005,1,0,1
13006,1,0,1
13007,1,0,1
13008,1,0,1
13009,1,0,1
13010,1,0,1
13011,1,0,1
13012,1,0,1
13013,1,0,1
13014,1,0,1
13015,1,0,1
13016,1,0,1
13017,1,0,1
13018,0,0,0
13019,0,0,0
13020,0,0,0
13021,0,0,0
13022,0,0,0
13023,0,0,0
13024,0,0,0
13025,0,0,0
13026,0,0,0
13027,0,0,0
13028,0,0,0
13029,0,0,0
13030,0,0,0
13031,0,0,0
13032,0,0,0
13033,0,0,0
13034,0,0,0
13035,0,0,0
13036,0,0,0
13037,0,0,0
13038,0,0,0
13039,0,0,0
13040,0,0,0
13041,0,0,0
13042,0,0,0
13043,0,0,0
13044,0,0,0
13045,0,0,0
13046,0,0,0
13047,0,0,0
13048,0,0,0
13049,0,0,0
13050,0,0,0
13051,0,0,0
13052,0,0,0
13053,0,0,0
13054,0,0,0
13055,0,0,0
13056,0,0,0
13057,0,0,0
13058,0,0,0
13059,0,0,0
13060,0,0,0
13061,0,0,0
13062,0,0,0
13063,0,0,0
13064,0,0,0
13065,0,0,0
13066,0,0,0
13067,0,0,0
13068,0,0,0
13069,0,0,0
13070,0,0,0
13071,0,0,0
13072,0,0,0
13073,0,0,0
13074,0,0,0
13075,0,0,0
13076,0,0,0
13077,0,0,0
13078,0,0,0
13079,0,0,0
13080,0,0,0
13081,0,0,0
13082,0,0,0
13083,0,0,0
13084,0,0,0
13085,0,0,0
13086,0,0,0
13087,0,0,0
13088,0,0,0
13089,0,0,0
13090,0,0,0
13091,0,0,0
13092,0,0,0
13093,0,0,0
13094,0,0,0
13095,0,0,0
13096,0,0,0
13097,0,0,0
13098,0,0,0
13099,0,0,0
13100,0,0,0
13101,0,0,0
13102,0,0,0
13103,0,0,0
13104,0,0,0
13105,0,0,0
13106,0,0,0
13107,0,0,0
13108,0,0,0
13109,0,0,0
13110,0,0,0
13111,0,0,0
13112,0,0,0
13113,0,0,0
13114,0,0,0
13115,0,0,0
13116,0,0,0
13117,0,0,0
13118,0,0,0
13119,0,0,0
13120,0,0,0
13121,0,0,0
13122,0,0,0
13123,0,0,0
13124,0,0,0
13125,0,0,0
13126,0,0,0
13127,0,0,0
13128,0,0,0
13129,0,0,0
13130,0,0,0
13131,0,0,0
13132,0,0,0
13133,0,0,0
13134,0,0,0
13135,0,0,0
13136,0,0,0
13137,0,0,0
13138,0,0,0
13139,0,0,0
13140,0,0,0
13141,0,0,0
13142,0,0,0
13143,0,0,0
13144,0,0,0
13145,0,0,0
13146,0,0,0
13147,0,0,0
13148,0,0,0
13149,0,0,0
13150,0,0,0
13151,0,0,0
13152,0,0,0
13153,0,0,0
13154,0,0,0
13155,0,0,0
13156,0,0,0
13157,0,0,0
13158,0,0,0
13159,0,0,0
13160,0,0,0
13161,0,0,0
13162,0,0,0
13163,0,0,0
13164,0,0,0
13165,0,0,0
13166,0,0,0
13167,0,0,0
13168,0,0,0
13169,0,0,0
13170,0,0,0
13171,0,0,0
13172,0,0,0
13173,0,0,0
13174,0,0,0
13175,0,0,0
13176,0,0,0
13177,0,0,0
13178,0,0,0
13179,0,0,0
13180,0,0,0
13181,0,0,0
13182,0,0,0
13183,0,0,0
13184,0,0,0
13185,0,0,0
13186,0,0,0
13187,0,0,0
13188,0,0,0
13189,0,0,0
13190,0,0,0
13191,0,0,0
13192,0,0,0
13193,0,0,0
13194,0,0,0
13195,0,0,0
13196,0,0,0
13197,0,0,0
13198,0,0,0
13199,0,0,0
13200,0,0,0
13201,0,0,0
13202,0,0,0
13203,1,0,1
13204,1,0,1
13205,1,0,1
13206,1,0,1
13207,1,0,1
13208,1,0,1
13209,1,0,1
13210,1,0,1
13211,1,0,1
13212,1,0,1
13213,1,0,1
13214,1,0,1
13215,1,0,1
13216,1,0,1
13217,1,0,1
13218,1,0,1
13219,1,0,1
13220,1,0,1
13221,1,0,1
13222,1,0,1
13223,1,0,1
13224,1,0,1
13225,1,0,1
13226,1,0,1
13227,1,0,1
13228,1,0,1
13229,1,0,1
13230,1,0,1
13231,1,0,1
13232,1,0,1
13233,1,0,1
13234,1,0,1
13235,1,0,1
13236,1,0,1
13237,1,0,1
13238,1,0,1
13239,1,0,1
13240,1,0,1
13241,1,0,1
13242,1,0,1
13243,1,0,1
13244,1,0,1
13245,1,0,1
13246,1,0,1
13247,1,0,1
13248,1,0,1
13249,1,0,1
13250,1,0,1
13251,1,0,1
13252,1,0,1
13253,1,0,1
13254,1,0,1
13255,1,0,1
13256,1,0,1
13257,1,0,1
13258,1,0,1
13259,1,0,1
13260,1,0,1
13261,1,0,1
13262,1,0,1
13263,1,0,1
13264,1,0,1
13265,1,0,1
13266,1,0,1
13267,1,0,1
13268,1,0,1
13269,2,0,2
13270,2,0,2
13271,2,0,2
13272,2,0,2
13273,2,0,2
13274,2,0,2
13275,2,0,2
13276,2,0,2
13277,2,0,2
13278,2,0,2
13279,2,0,2
13280,2,0,2
13281,2,0,2
13282,2,0,2
13283,2,0,2
13284,2,0,2
13285,2,0,2
13286,2,0,2
13287,2,0,2
13288,2,0,2
13289,2,0,2
13290,2,0,2
13291,2,0,2
13292,2,0,2
13293,2,0,2
13294,2,0,2
13295,2,0,2
13296,2,0,2
13297,2,0,2
13298,2,0,2
13299,2,0,2
13300,2,0,2
13301,2,0,2
13302,1,0,1
13303,1,0,1
13304,1,0,1
13305,1,0,1
13306,1,0,1
13307,1,0,1
13308,1,0,1
13309,1,0,1
13310,1,0,1
13311,1,0,1
13312,1,0,1
13313,1,0,1
13314,1,0,1
13315,1,0,1
13316,1,0,1
13317,1,0,1
13318,1,0,1
13319,1,0,1
13320,1,0,1
13321,1,0,1
13322,1,0,1
13323,1,0,1
13324,1,0,1
13325,1,0,1
13326,1,0,1
13327,1,0,1
13328,1,0,1
13329,1,0,1
13330,1,0,1
13331,1,0,1
13332,1,0,1
13333,1,0,1
13334,1,0,1
13335,1,0,1
13336,1,0,1
13337,1,0,1
13338,1,0,1
13339,1,0,1
13340,1,0,1
13341,1,0,1
13342,1,0,1
13343,1,0,1
13344,1,0,1
13345,1,0,1
13346,1,0,1
13347,0,0,0
13348,0,0,0
13349,0,0,0
13350,0,0,0
13351,0,0,0
13352,0,0,0
13353,0,0,0
13354,0,0,0
13355,0,0,0
13356,0,0,0
13357,0,0,0
13358,0,0,0
13359,0,0,0
13360,0,0,0
13361,0,0,0
13362,0,0,0
13363,0,0,0
13364,0,0,0
13365,0,0,0
13366,0,0,0
13367,0,0,0
13368,0,0,0
13369,0,0,0
13370,0,0,0
13371,0,0,0
13372,0,0,0
13373,0,0,0
13374,0,0,0
13375,0,0,0
13376,0,0,0
13377,0,0,0
13378,0,0,0
13379,0,0,0
13380,0,0,0
13381,0,0,0
13382,0,0,0
13383,0,0,0
13384,0,0,0
13385,0,0,0
13386,0,0,0
13387,0,0,0
13388,0,0,0
13389,0,0,0
13390,0,0,0
13391,0,0,0
13392,0,0,0
13393,0,0,0
13394,0,0,0
13395,0,0,0
13396,0,0,0
13397,0,0,0
13398,0,0,0
13399,0,0,0
13400,0,0,0
13401,0,0,0
13402,0,0,0
13403,0,0,0
13404,0,0,0
13405,0,0,0
13406,0,0,0
13407,0,0,0
13408,0,0,0
13409,0,0,0
13410,0,0,0
13411,0,0,0
13412,0,0,0
13413,0,0,0
13414,0,0,0
13415,0,0,0
13416,0,0,0
13417,0,0,0
13418,0,0,0
13419,0,0,0
13420,0,0,0
13421,0,0,0
13422,0,0,0
13423,0,0,0
13424,0,0,0
13425,0,0,0
13426,0,0,0
13427,0,0,0
13428,0,0,0
13429,0,0,0
13430,0,0,0
13431,0,0,0
13432,0,0,0
13433,0,0,0
13434,0,0,0
13435,0,0,0
13436,0,0,0
13437,0,0,0
13438,0,0,0
13439,0,0,0
13440,0,0,0
13441,0,0,0
13442,0,0,0
13443,0,0,0
13444,0,0,0
13445,0,0,0
13446,0,0,0
13447,0,0,0
13448,0,0,0
13449,0,0,0
13450,0,0,0
13451,0,0,0
13452,0,0,0
13453,0,0,0
13454,0,0,0
13455,0,0,0
13456,0,0,0
13457,0,0,0
13458,0,0,0
13459,0,0,0
13460,0,0,0
13461,0,0,0
13462,0,0,0
13463,0,0,0
13464,0,0,0
13465,0,0,0
13466,0,0,0
13467,0,0,0
13468,0,0,0
13469,0,0,0
13470,0,0,0
13471,0,0,0
13472,0,0,0
13473,0,0,0
13474,0,0,0
13475,0,0,0
13476,0,0,0
13477,0,0,0
13478,0,0,0
13479,0,0,0
13480,0,0,0
13481,0,0,0
13482,0,0,0
13483,0,0,0
13484,0,0,0
13485,0,0,0
13486,0,0,0
13487,0,0,0
13488,0,0,0
13489,0,0,0
13490,0,0,0
13491,0,0,0
13492,0,0,0
13493,0,0,0
13494,0,0,0
13495,0,0,0
13496,0,0,0
13497,0,0,0
13498,0,0,0
13499,0,0,0
13500,0,0,0
13501,0,0,0
13502,0,0,0
13503,0,0,0
13504,0,0,0
13505,0,0,0
13506,0,0,0
13507,0,0,0
13508,0,0,0
13509,0,0,0
13510,0,0,0
13511,0,0,0
13512,0,0,0
13513,0,0,0
13514,0,0,0
13515,0,0,0
13516,0,0,0
13517,0,0,0
13518,0,0,0
13519,0,0,0
13520,0,0,0
13521,0,0,0
13522,0,0,0
13523,0,0,0
13524,0,0,0
13525,0,0,0
13526,0,0,0
13527,0,0,0
13528,0,0,0
13529,0,0,0
13530,0,0,0
13531,0,0,0
13532,0,0,0
13533,0,0,0
13534,0,0,0
13535,0,0,0
13536,0,0,0
13537,0,0,0
13538,0,0,0
13539,0,0,0
13540,0,0,0
13541,0,0,0
13542,0,0,0
13543,0,0,0
13544,0,0,0
13545,0,0,0
13546,0,0,0
13547,0,0,0
13548,0,0,0
13549,0,0,0
13550,0,0,0
13551,0,0,0
13552,0,0,0
13553,0,0,0
13554,0,0,0
13555,0,0,0
13556,0,0,0
13557,0,0,0
13558,0,0,0
13559,0,0,0
13560,0,0,0
13561,0,0,0
13562,0,0,0
13563,0,0,0
13564,0,0,0
13565,0,0,0
13566,0,0,0
13567,0,0,0
13568,0,0,0
13569,0,0,0
13570,0,0,0
13571,0,0,0
13572,0,0,0
13573,0,0,0
13574,0,0,0
13575,0,0,0
13576,0,0,0
13577,0,0,0
13578,0,0,0
13579,0,0,0
13580,0,0,0
13581,0,0,0
13582,0,0,0
13583,0,0,0
13584,0,0,0
13585,0,0,0
13586,0,0,0
13587,0,0,0
13588,0,0,0
13589,0,0,0
13590,0,0,0
13591,0,0,0
13592,0,0,0
13593,0,0,0
13594,0,0,0
13595,0,0,0
13596,0,0,0
13597,0,0,0
13598,0,0,0
13599,0,0,0
13600,0,0,0
13601,0,0,0
13602,0,0,0
13603,0,0,0
13604,0,0,0
13605,0,0,0
13606,0,0,0
13607,0,0,0
13608,0,0,0
13609,0,0,0
13610,0,0,0
13611,0,0,0
13612,0,0,0
13613,0,0,0
13614,0,0,0
13615,0,0,0
13616,0,0,0
13617,0,0,0
13618,0,0,0
13619,0,0,0
13620,0,0,0
13621,0,0,0
13622,0,0,0
13623,0,0,0
13624,0,0,0
13625,0,0,0
13626,0,0,0
13627,0,0,0
13628,0,0,0
13629,0,0,0
13630,0,0,0
13631,0,0,0
13632,0,0,0
13633,0,0,0
13634,0,0,0
13635,0,0,0
13636,0,0,0
13637,0,0,0
13638,0,0,0
13639,0,0,0
13640,0,0,0
13641,0,0,0
13642,0,0,0
13643,0,0,0
13644,0,0,0
13645,0,0,0
13646,0,0,0
13647,0,0,0
13648,0,0,0
13649,0,0,0
13650,0,0,0
13651,0,0,0
13652,0,0,0
13653,0,0,0
13654,0,0,0
13655,0,0,0
13656,0,0,0
13657,0,0,0
13658,0,0,0
13659,0,0,0
13660,0,0,0
13661,0,0,0
13662,0,0,0
13663,0,0,0
13664,0,0,0
13665,0,0,0
13666,0,0,0
13667,0,0,0
13668,0,0,0
13669,0,0,0
13670,0,0,0
13671,0,0,0
13672,0,0,0
13673,0,0,0
13674,0,0,0
13675,0,0,0
13676,0,0,0
13677,0,0,0
13678,0,0,0
13679,0,0,0
13680,0,0,0
13681,0,0,0
13682,0,0,0
13683,0,0,0
13684,0,0,0
13685,0,0,0
13686,0,0,0
13687,0,0,0
13688,0,0,0
13689,0,0,0
13690,0,0,0
13691,0,0,0
13692,0,0,0
13693,0,0,0
13694,0,0,0
13695,0,0,0
13696,0,0,0
13697,0,0,0
13698,0,0,0
13699,0,0,0
13700,0,0,0
13701,0,0,0
13702,0,0,0
13703,0,0,0
13704,0,0,0
13705,0,0,0
13706,0,0,0
13707,0,0,0
13708,0,0,0
13709,0,0,0
13710,0,0,0
13711,0,0,0
13712,0,0,0
13713,0,0,0
13714,0,0,0
13715,0,0,0
13716,0,0,0
13717,0,0,0
13718,0,0,0
13719,0,0,0
13720,0,0,0
13721,0,0,0
13722,0,0,0
13723,0,0,0
13724,0,0,0
13725,0,0,0
13726,0,0,0
13727,0,0,0
13728,0,0,0
13729,0,0,0
13730,0,0,0
13731,0,0,0
13732,0,0,0
13733,0,0,0
13734,0,0,0
13735,0,0,0
13736,0,0,0
13737,0,0,0
13738,0,0,0
13739,0,0,0
13740,0,0,0
13741,0,0,0
13742,0,0,0
13743,0,0,0
13744,0,0,0
13745,0,0,0
13746,0,0,0
13747,0,0,0
13748,0,0,0
13749,0,0,0
13750,0,0,0
13751,0,0,0
13752,0,0,0
13753,1,0,1
13754,1,0,1
13755,1,0,1
13756,1,0,1
13757,1,0,1
13758,1,0,1
13759,1,0,1
13760,1,0,1
13761,1,0,1
13762,2,0,2
13763,2,0,2
13764,2,0,2
13765,2,0,2
13766,2,0,2
13767,2,0,2
13768,2,0,2
13769,2,0,2
13770,2,0,2
13771,2,0,2
13772,2,0,2
13773,2,0,2
13774,2,0,2
13775,2,0,2
13776,2,0,2
13777,2,0,2
13778,2,0,2
13779,2,0,2
13780,2,0,2
13781,2,0,2
13782,2,0,2
13783,2,0,2
13784,2,0,2
13785,2,0,2
13786,2,0,2
13787,2,0,2
13788,2,0,2
13789,2,0,2
13790,2,0,2
13791,2,0,2
13792,2,0,2
13793,2,0,2
13794,2,0,2
13795,2,0,2
13796,2,0,2
13797,2,0,2
13798,2,0,2
13799,2,0,2
13800,2,0,2
13801,1,0,1
13802,0,0,0
13803,0,0,0
13804,0,0,0
13805,0,0,0
13806,0,0,0
13807,0,0,0
13808,0,0,0
13809,0,0,0
13810,0,0,0
13811,0,0,0
13812,0,0,0
13813,0,0,0
13814,0,0,0
13815,0,0,0
13816,0,0,0
13817,0,0,0
13818,0,0,0
13819,0,0,0
13820,0,0,0
13821,0,0,0
13822,0,0,0
13823,0,0,0
13824,0,0,0
13825,0,0,0
13826,0,0,0
13827,0,0,0
13828,0,0,0
13829,0,0,0
13830,0,0,0
13831,0,0,0
13832,0,0,0
13833,0,0,0
13834,0,0,0
13835,0,0,0
13836,0,0,0
13837,0,0,0
13838,0,0,0
13839,0,0,0
13840,0,0,0
13841,0,0,0
13842,0,0,0
13843,0,0,0
13844,0,0,0
13845,0,0,0
13846,0,0,0
13847,0,0,0
13848,0,0,0
13849,0,0,0
13850,0,0,0
13851,0,0,0
13852,0,0,0
13853,0,0,0
13854,0,0,0
13855,0,0,0
13856,0,0,0
13857,0,0,0
13858,0,0,0
13859,0,0,0
13860,0,0,0
13861,0,0,0
13862,0,0,0
13863,0,0,0
13864,0,0,0
13865,0,0,0
13866,0,0,0
13867,0,0,0
13868,0,0,0
13869,0,0,0
13870,0,0,0
13871,0,0,0
13872,0,0,0
13873,0,0,0
13874,0,0,0
13875,0,0,0
13876,0,0,0
13877,0,0,0
13878,0,0,0
13879,0,0,0
13880,0,0,0
13881,0,0,0
13882,0,0,0
13883,0,0,0
13884,0,0,0
13885,0,0,0
13886,0,0,0
13887,0,0,0
13888,0,0,0
13889,0,0,0
13890,0,0,0
13891,0,0,0
13892,0,0,0
13893,0,0,0
13894,0,0,0
13895,0,0,0
13896,0,0,0
13897,0,0,0
13898,0,0,0
13899,0,0,0
13900,0,0,0
13901,0,0,0
13902,0,0,0
13903,0,0,0
13904,0,0,0
13905,0,0,0
13906,0,0,0
13907,0,0,0
13908,0,0,0
13909,0,0,0
13910,0,0,0
13911,0,0,0
13912,0,0,0
13913,0,0,0
13914,0,0,0
13915,0,0,0
13916,0,0,0
13917,0,0,0
13918,0,0,0
13919,0,0,0
13920,0,0,0
13921,0,0,0
13922,0,0,0
13923,0,0,0
13924,0,0,0
13925,0,0,0
13926,0,0,0
13927,0,0,0
13928,0,0,0
13929,0,0,0
13930,0,0,0
13931,0,0,0
13932,0,0,0
13933,0,0,0
13934,0,0,0
13935,0,0,0
13936,0,0,0
13937,0,0,0
13938,0,0,0
13939,0,0,0
13940,0,0,0
13941,0,0,0
13942,0,0,0
13943,0,0,0
13944,0,0,0
13945,0,0,0
13946,0,0,0
13947,0,0,0
13948,0,0,0
13949,0,0,0
13950,0,0,0
13951,0,0,0
13952,0,0,0
13953,0,0,0
13954,0,0,0
13955,0,0,0
13956,0,0,0
13957,0,0,0
13958,0,0,0
13959,0,0,0
13960,0,0,0
13961,0,0,0
13962,0,0,0
13963,0,0,0
13964,0,0,0
13965,0,0,0
13966,0,0,0
13967,0,0,0
13968,0,0,0
13969,0,0,0
13970,0,0,0
13971,0,0,0
13972,0,0,0
13973,0,0,0
13974,0,0,0
13975,0,0,0
13976,0,0,0
13977,0,0,0
13978,0,0,0
13979,0,0,0
13980,0,0,0
13981,0,0,0
13982,0,0,0
13983,0,0,0
13984,0,0,0
13985,0,0,0
13986,0,0,0
13987,0,0,0
13988,0,0,0
13989,0,0,0
13990,0,0,0
13991,0,0,0
13992,0,0,0
13993,0,0,0
13994,0,0,0
13995,0,0,0
13996,0,0,0
13997,0,0,0
13998,0,0,0
13999,0,0,0
14000,0,0,0
14001,0,0,0
14002,0,0,0
14003,0,0,0
14004,0,0,0
14005,0,0,0
14006,0,0,0
14007,0,0,0
14008,0,0,0
14009,0,0,0
14010,0,0,0
14011,0,0,0
14012,0,0,0
14013,0,0,0
14014,0,0,0
14015,0,0,0
14016,0,0,0
14017,0,0,0
14018,0,0,0
14019,0,0,0
14020,0,0,0
14021,0,0,0
14022,0,0,0
14023,0,0,0
14024,0,0,0
14025,0,0,0
14026,0,0,0
14027,0,0,0
14028,0,0,0
14029,0,0,0
14030,0,0,0
14031,0,0,0
14032,0,0,0
14033,0,0,0
14034,0,0,0
14035,0,0,0
14036,0,0,0
14037,0,0,0
14038,0,0,0
14039,0,0,0
14040,0,0,0
14041,0,0,0
14042,0,0,0
14043,0,0,0
14044,0,0,0
14045,0,0,0
14046,0,0,0
14047,0,0,0
14048,0,0,0
14049,0,0,0
14050,0,0,0
14051,0,0,0
14052,0,0,0
14053,0,0,0
14054,0,0,0
14055,0,0,0
14056,0,0,0
14057,0,0,0
14058,0,0,0
14059,0,0,0
14060,0,0,0
14061,0,0,0
14062,0,0,0
14063,0,0,0
14064,0,0,0
14065,0,0,0
14066,0,0,0
14067,0,0,0
14068,0,0,0
14069,0,0,0
14070,0,0,0
14071,0,0,0
14072,0,0,0
14073,0,0,0
14074,0,0,0
14075,0,0,0
14076,0,0,0
14077,0,0,0
14078,0,0,0
14079,0,0,0
14080,0,0,0
14081,0,0,0
14082,0,0,0
14083,0,0,0
14084,0,0,0
14085,0,0,0
14086,0,0,0
14087,0,0,0
14088,0,0,0
14089,0,0,0
14090,0,0,0
14091,0,0,0
14092,0,0,0
14093,0,0,0
14094,0,0,0
14095,0,0,0
14096,0,0,0
14097,0,0,0
14098,0,0,0
14099,0,0,0
14100,0,0,0
14101,0,0,0
14102,0,0,0
14103,0,0,0
14104,0,0,0
14105,0,0,0
14106,0,0,0
14107,0,0,0
14108,0,0,0
14109,0,0,0
14110,0,0,0
14111,0,0,0
14112,0,0,0
14113,0,0,0
14114,0,0,0
14115,0,0,0
14116,0,0,0
14117,0,0,0
14118,0,0,0
14119,0,0,0
14120,0,0,0
14121,0,0,0
14122,0,0,0
14123,0,0,0
14124,0,0,0
14125,0,0,0
14126,0,0,0
14127,0,0,0
14128,0,0,0
14129,0,0,0
14130,0,0,0
14131,0,0,0
14132,0,0,0
14133,0,0,0
14134,0,0,0
14135,0,0,0
14136,1,0,1
14137,1,0,1
14138,1,0,1
14139,1,0,1
14140,1,0,1
14141,1,0,1
14142,1,0,1
14143,1,0,1
14144,1,0,1
14145,1,0,1
14146,1,0,1
14147,1,0,1
14148,1,0,1
14149,1,0,1
14150,1,0,1
14151,1,0,1
14152,1,0,1
14153,1,0,1
14154,1,0,1
14155,1,0,1
14156,1,0,1
14157,1,0,1
14158,1,0,1
14159,1,0,1
14160,1,0,1
14161,1,0,1
14162,1,0,1
14163,1,0,1
14164,1,0,1
14165,1,0,1
14166,1,0,1
14167,1,0,1
14168,1,0,1
14169,1,0,1
14170,1,0,1
14171,1,0,1
14172,1,0,1
14173,1,0,1
14174,1,0,1
14175,1,0,1
14176,1,0,1
14177,1,0,1
14178,1,0,1
14179,1,0,1
14180,1,0,1
14181,1,0,1
14182,0,0,0
14183,0,0,0
14184,0,0,0
14185,0,0,0
14186,0,0,0
14187,0,0,0
14188,0,0,0
14189,0,0,0
14190,0,0,0
14191,0,0,0
14192,0,0,0
14193,0,0,0
14194,0,0,0
14195,0,0,0
14196,0,0,0
14197,0,0,0
14198,0,0,0
14199,0,0,0
14200,0,0,0
14201,0,0,0
14202,0,0,0
14203,0,0,0
14204,0,0,0
14205,0,0,0
14206,0,0,0
14207,0,0,0
14208,0,0,0
14209,0,0,0
14210,0,0,0
14211,0,0,0
14212,0,0,0
14213,0,0,0
14214,0,0,0
14215,0,0,0
14216,0,0,0
14217,0,0,0
14218,0,0,0
14219,0,0,0
14220,0,0,0
14221,0,0,0
14222,0,0,0
14223,0,0,0
14224,0,0,0
14225,0,0,0
14226,0,0,0
14227,0,0,0
14228,0,0,0
14229,0,0,0
14230,0,0,0
14231,0,0,0
14232,0,0,0
14233,0,0,0
14234,0,0,0
14235,0,0,0
14236,0,0,0
14237,0,0,0
14238,0,0,0
14239,0,0,0
14240,0,0,0
14241,0,0,0
14242,0,0,0
14243,0,0,0
14244,0,0,0
14245,0,0,0
14246,0,0,0
14247,0,0,0
14248,0,0,0
14249,0,0,0
14250,0,0,0
14251,0,0,0
14252,0,0,0
14253,0,0,0
14254,0,0,0
14255,0,0,0
14256,0,0,0
14257,0,0,0
14258,0,0,0
14259,0,0,0
14260,0,0,0
14261,0,0,0
14262,0,0,0
14263,0,0,0
14264,0,0,0
14265,0,0,0
14266,0,0,0
14267,0,0,0
14268,0,0,0
14269,0,0,0
14270,0,0,0
14271,0,0,0
14272,0,0,0
14273,0,0,0
14274,0,0,0
14275,0,0,0
14276,0,0,0
14277,0,0,0
14278,0,0,0
14279,0,0,0
14280,0,0,0
14281,0,0,0
14282,0,0,0
14283,0,0,0
14284,0,0,0
14285,0,0,0
14286,0,0,0
14287,0,0,0
14288,0,0,0
14289,0,0,0
14290,0,0,0
14291,0,0,0
14292,0,0,0
14293,0,0,0
14294,0,0,0
14295,0,0,0
14296,0,0,0
14297,0,0,0
14298,0,0,0
14299,0,0,0
14300,0,0,0
14301,0,0,0
14302,0,0,0
14303,0,0,0
14304,0,0,0
14305,0,0,0
14306,0,0,0
14307,0,0,0
14308,0,0,0
14309,0,0,0
14310,0,0,0
14311,0,0,0
14312,0,0,0
14313,0,0,0
14314,0,0,0
14315,0,0,0
14316,0,0,0
14317,0,0,0
14318,0,0,0
14319,0,0,0
14320,0,0,0
14321,0,0,0
14322,0,0,0
14323,0,0,0
14324,0,0,0
14325,0,0,0
14326,0,0,0
14327,0,0,0
14328,0,0,0
14329,0,0,0
14330,0,0,0
14331,0,0,0
14332,0,0,0
14333,0,0,0
14334,0,0,0
14335,0,0,0
14336,0,0,0
14337,0,0,0
14338,0,0,0
14339,0,0,0
14340,0,0,0
14341,0,0,0
14342,0,0,0
14343,0,0,0
14344,0,0,0
14345,0,0,0
14346,0,0,0
14347,0,0,0
14348,0,0,0
14349,0,0,0
14350,0,0,0
14351,0,0,0
14352,0,0,0
14353,0,0,0
14354,0,0,0
14355,0,0,0
14356,0,0,0
14357,0,0,0
14358,0,0,0
14359,0,0,0
14360,0,0,0
14361,0,0,0
14362,0,0,0
14363,0,0,0
14364,0,0,0
14365,0,0,0
14366,0,0,0
14367,0,0,0
14368,0,0,0
14369,0,0,0
14370,0,0,0
14371,0,0,0
14372,0,0,0
14373,0,0,0
14374,0,0,0
14375,0,0,0
14376,0,0,0
14377,0,0,0
14378,0,0,0
14379,0,0,0
14380,0,0,0
14381,0,0,0
14382,0,0,0
14383,0,0,0
14384,0,0,0
14385,0,0,0
14386,0,0,0
14387,0,0,0
14388,0,0,0
14389,0,0,0
14390,0,0,0
14391,0,0,0
14392,0,0,0
14393,0,0,0
14394,0,0,0
14395,0,0,0
14396,0,0,0
14397,0,0,0
14398,0,0,0
14399,0,0,0
14400,0,0,0
14401,0,0,0
14402,0,0,0
14403,0,0,0
14404,0,0,0
14405,0,0,0
14406,0,0,0
14407,0,0,0
14408,0,0,0
14409,0,0,0
14410,0,0,0
14411,0,0,0
14412,0,0,0
14413,0,0,0
14414,0,0,0
14415,0,0,0
14416,0,0,0
14417,0,0,0
14418,0,0,0
14419,0,0,0
14420,0,0,0
14421,0,0,0
14422,0,0,0
14423,0,0,0
14424,0,0,0
14425,0,0,0
14426,0,0,0
14427,0,0,0
14428,0,0,0
14429,0,0,0
14430,0,0,0
14431,0,0,0
14432,0,0,0
14433,0,0,0
14434,0,0,0
14435,0,0,0
14436,0,0,0
14437,0,0,0
14438,0,0,0
14439,0,0,0
14440,0,0,0
14441,0,0,0
14442,0,0,0
14443,0,0,0
14444,0,0,0
14445,0,0,0
14446,0,0,0
14447,0,0,0
14448,0,0,0
14449,0,0,0
14450,0,0,0
14451,0,0,0
14452,0,0,0
14453,0,0,0
14454,0,0,0
14455,0,0,0
14456,0,0,0
14457,0,0,0
14458,0,0,0
14459,0,0,0
14460,0,0,0
14461,0,0,0
14462,0,0,0
14463,0,0,0
14464,0,0,0
14465,0,0,0
14466,0,0,0
14467,0,0,0
14468,0,0,0
14469,0,0,0
14470,0,0,0
14471,0,0,0
14472,0,0,0
14473,0,0,0
14474,0,0,0
14475,0,0,0
14476,0,0,0
14477,0,0,0
14478,0,0,0
14479,0,0,0
14480,0,0,0
14481,0,0,0
14482,0,0,0
14483,0,0,0
14484,0,0,0
14485,0,0,0
14486,0,0,0
14487,0,0,0
14488,0,0,0
14489,0,0,0
14490,0,0,0
14491,0,0,0
14492,0,0,0
14493,0,0,0
14494,0,0,0
14495,0,0,0
14496,0,0,0
14497,0,0,0
14498,0,0,0
14499,0,0,0
14500,0,0,0
14501,0,0,0
14502,0,0,0
14503,0,0,0
14504,0,0,0
14505,0,0,0
14506,0,0,0
14507,0,0,0
14508,0,0,0
14509,0,0,0
14510,0,0,0
14511,0,0,0
14512,0,0,0
14513,0,0,0
14514,0,0,0
14515,0,0,0
14516,0,0,0
14517,0,0,0
14518,0,0,0
14519,0,0,0
14520,0,0,0
14521,0,0,0
14522,0,0,0
14523,0,0,0
14524,0,0,0
14525,0,0,0
14526,0,0,0
14527,0,0,0
14528,0,0,0
14529,0,0,0
14530,0,0,0
14531,0,0,0
14532,0,0,0
14533,0,0,0
14534,0,0,0
14535,0,0,0
14536,0,0,0
14537,0,0,0
14538,0,0,0
14539,0,0,0
14540,0,0,0
14541,0,0,0
14542,0,0,0
14543,0,0,0
14544,0,0,0
14545,0,0,0
14546,0,0,0
14547,0,0,0
14548,0,0,0
14549,0,0,0
14550,0,0,0
14551,0,0,0
14552,0,0,0
14553,0,0,0
14554,0,0,0
14555,0,0,0
14556,0,0,0
14557,0,0,0
14558,0,0,0
14559,0,0,0
14560,0,0,0
14561,0,0,0
14562,0,0,0
14563,0,0,0
14564,0,0,0
14565,0,0,0
14566,0,0,0
14567,0,0,0
14568,0,0,0
14569,0,0,0
14570,0,0,0
14571,0,0,0
14572,0,0,0
14573,0,0,0
14574,0,0,0
14575,0,0,0
14576,0,0,0
14577,0,0,0
14578,0,0,0
14579,0,0,0
14580,0,0,0
14581,0,0,0
14582,0,0,0
14583,0,0,0
14584,0,0,0
14585,0,0,0
14586,0,0,0
14587,0,0,0
14588,0,0,0
14589,0,0,0
14590,0,0,0
14591,0,0,0
14592,0,0,0
14593,0,0,0
14594,0,0,0
14595,0,0,0
14596,0,0,0
14597,0,0,0
14598,0,0,0
14599,0,0,0
14600,0,0,0
14601,0,0,0
14602,0,0,0
14603,0,0,0
14604,0,0,0
14605,0,0,0
14606,0,0,0
14607,0,0,0
14608,0,0,0
14609,0,0,0
14610,0,0,0
14611,0,0,0
14612,0,0,0
14613,0,0,0
14614,0,0,0
14615,0,0,0
14616,0,0,0
14617,0,0,0
14618,0,0,0
14619,0,0,0
14620,0,0,0
14621,0,0,0
14622,0,0,0
14623,0,0,0
14624,0,0,0
14625,0,0,0
14626,0,0,0
14627,0,0,0
14628,0,0,0
14629,0,0,0
14630,0,0,0
14631,0,0,0
14632,0,0,0
14633,0,0,0
14634,0,0,0
14635,0,0,0
14636,0,0,0
14637,0,0,0
14638,0,0,0
14639,0,0,0
14640,0,0,0
14641,0,0,0
14642,0,0,0
14643,0,0,0
14644,0,0,0
14645,0,0,0
14646,0,0,0
14647,0,0,0
14648,0,0,0
14649,0,0,0
14650,0,0,0
14651,0,0,0
14652,0,0,0
14653,0,0,0
14654,0,0,0
14655,0,0,0
14656,0,0,0
14657,0,0,0
14658,0,0,0
14659,0,0,0
14660,0,0,0
14661,0,0,0
14662,0,0,0
14663,0,0,0
14664,0,0,0
14665,0,0,0
14666,0,0,0
14667,0,0,0
14668,0,0,0
14669,0,0,0
14670,0,0,0
14671,0,0,0
14672,0,0,0
14673,0,0,0
14674,0,0,0
14675,0,0,0
14676,0,0,0
14677,0,0,0
14678,0,0,0
14679,0,0,0
14680,0,0,0
14681,0,0,0
14682,0,0,0
14683,0,0,0
14684,0,0,0
14685,0,0,0
14686,0,0,0
14687,0,0,0
14688,0,0,0
14689,0,0,0
14690,0,0,0
14691,0,0,0
14692,0,0,0
14693,0,0,0
14694,0,0,0
14695,0,0,0
14696,0,0,0
14697,0,0,0
14698,0,0,0
14699,0,0,0
14700,0,0,0
14701,0,0,0
14702,0,0,0
14703,0,0,0
14704,0,0,0
14705,0,0,0
14706,0,0,0
14707,0,0,0
14708,0,0,0
14709,0,0,0
14710,0,0,0
14711,0,0,0
14712,0,0,0
14713,0,0,0
14714,0,0,0
14715,0,0,0
14716,0,0,0
14717,0,0,0
14718,0,0,0
14719,0,0,0
14720,0,0,0
14721,0,0,0
14722,0,0,0
14723,0,0,0
14724,0,0,0
14725,0,0,0
14726,0,0,0
14727,0,0,0
14728,0,0,0
14729,0,0,0
14730,0,0,0
14731,0,0,0
14732,0,0,0
14733,0,0,0
14734,0,0,0
14735,0,0,0
14736,0,0,0
14737,0,0,0
14738,0,0,0
14739,0,0,0
14740,0,0,0
14741,0,0,0
14742,0,0,0
14743,0,0,0
14744,0,0,0
14745,0,0,0
14746,0,0,0
14747,0,0,0
14748,0,0,0
14749,0,0,0
14750,0,0,0
14751,0,0,0
14752,0,0,0
14753,0,0,0
14754,0,0,0
14755,0,0,0
14756,0,0,0
14757,0,0,0
14758,0,0,0
14759,0,0,0
14760,0,0,0
14761,0,0,0
14762,0,0,0
14763,0,0,0
14764,0,0,0
14765,0,0,0
14766,0,0,0
14767,0,0,0
14768,0,0,0
14769,0,0,0
14770,0,0,0
14771,0,0,0
14772,0,0,0
14773,0,0,0
14774,0,0,0
14775,0,0,0
14776,0,0,0
14777,0,0,0
14778,0,0,0
14779,0,0,0
14780,0,0,0
14781,0,0,0
14782,0,0,0
14783,0,0,0
14784,0,0,0
14785,0,0,0
14786,0,0,0
14787,0,0,0
14788,0,0,0
14789,0,0,0
14790,0,0,0
14791,0,0,0
14792,0,0,0
14793,0,0,0
14794,0,0,0
14795,0,0,0
14796,0,0,0
14797,0,0,0
14798,0,0,0
14799,0,0,0
14800,0,0,0
14801,0,0,0
14802,0,0,0
14803,0,0,0
14804,0,0,0
14805,0,0,0
14806,0,0,0
14807,0,0,0
14808,0,0,0
14809,0,0,0
14810,0,0,0
14811,0,0,0
14812,0,0,0
14813,0,0,0
14814,0,0,0
14815,0,0,0
14816,0,0,0
14817,0,0,0
14818,0,0,0
14819,0,0,0
14820,0,0,0
14821,0,0,0
14822,0,0,0
14823,0,0,0
14824,0,0,0
14825,0,0,0
14826,0,0,0
14827,0,0,0
14828,0,0,0
14829,0,0,0
14830,0,0,0
14831,0,0,0
14832,0,0,0
14833,0,0,0
14834,0,0,0
14835,0,0,0
14836,0,0,0
14837,0,0,0
14838,0,0,0
14839,0,0,0
14840,0,0,0
14841,0,0,0
14842,0,0,0
14843,0,0,0
14844,0,0,0
14845,0,0,0
14846,0,0,0
14847,0,0,0
14848,0,0,0
14849,0,0,0
14850,0,0,0
14851,0,0,0
14852,0,0,0
14853,0,0,0
14854,0,0,0
14855,0,0,0
14856,0,0,0
14857,0,0,0
14858,0,0,0
14859,0,0,0
14860,0,0,0
14861,0,0,0
14862,0,0,0
14863,0,0,0
14864,0,0,0
14865,0,0,0
14866,0,0,0
14867,0,0,0
14868,0,0,0
14869,0,0,0
14870,0,0,0
14871,0,0,0
14872,0,0,0
14873,0,0,0
14874,0,0,0
14875,0,0,0
14876,0,0,0
14877,0,0,0
14878,0,0,0
14879,0,0,0
14880,0,0,0
14881,0,0,0
14882,0,0,0
14883,0,0,0
14884,0,0,0
14885,0,0,0
14886,0,0,0
14887,0,0,0
14888,0,0,0
14889,0,0,0
14890,0,0,0
14891,0,0,0
14892,0,0,0
14893,0,0,0
14894,0,0,0
14895,0,0,0
14896,0,0,0
14897,0,0,0
14898,0,0,0
14899,0,0,0
14900,0,0,0
14901,0,0,0
14902,0,0,0
14903,0,0,0
14904,0,0,0
14905,0,0,0
14906,1,0,1
14907,1,0,1
14908,1,0,1
14909,1,0,1
14910,1,0,1
14911,1,0,1
14912,1,0,1
14913,1,0,1
14914,1,0,1
14915,1,0,1
14916,1,0,1
14917,1,0,1
14918,1,0,1
14919,1,0,1
14920,1,0,1
14921,1,0,1
14922,2,0,2
14923,2,0,2
14924,2,0,2
14925,2,0,2
14926,2,0,2
14927,2,0,2
14928,2,0,2
14929,2,0,2
14930,2,0,2
14931,2,0,2
14932,2,0,2
14933,2,0,2
14934,2,0,2
14935,2,0,2
14936,2,0,2
14937,2,0,2
14938,2,0,2
14939,2,0,2
14940,2,0,2
14941,2,0,2
14942,2,0,2
14943,2,0,2
14944,2,0,2
14945,2,0,2
14946,1,0,1
14947,1,0,1
14948,1,0,1
14949,1,0,1
14950,1,0,1
14951,1,0,1
14952,1,0,1
14953,1,0,1
14954,1,0,1
14955,1,0,1
14956,1,0,1
14957,1,0,1
14958,1,0,1
14959,1,0,1
14960,1,0,1
14961,1,0,1
14962,1,0,1
14963,1,0,1
14964,1,0,1
14965,1,0,1
14966,1,0,1
14967,1,0,1
14968,1,0,1
14969,1,0,1
14970,1,0,1
14971,1,0,1
14972,1,0,1
14973,1,0,1
14974,1,0,1
14975,1,0,1
14976,1,0,1
14977,1,0,1
14978,1,0,1
14979,1,0,1
14980,1,0,1
14981,1,0,1
14982,1,0,1
14983,1,0,1
14984,1,0,1
14985,1,0,1
14986,1,0,1
14987,1,0,1
14988,1,0,1
14989,1,0,1
14990,1,0,1
14991,1,0,1
14992,1,0,1
14993,0,0,0
14994,0,0,0
14995,0,0,0
14996,0,0,0
14997,0,0,0
14998,0,0,0
14999,0,0,0
15000,0,0,0
15001,0,0,0
15002,0,0,0
15003,0,0,0
15004,0,0,0
15005,0,0,0
15006,0,0,0
15007,0,0,0
15008,0,0,0
15009,0,0,0
15010,0,0,0
15011,0,0,0
15012,0,0,0
15013,0,0,0
15014,0,0,0
15015,0,0,0
15016,0,0,0
15017,0,0,0
15018,0,0,0
15019,0,0,0
15020,0,0,0
15021,0,0,0
15022,0,0,0
15023,0,0,0
15024,0,0,0
15025,0,0,0
15026,0,0,0
15027,0,0,0
15028,0,0,0
15029,0,0,0
15030,0,0,0
15031,0,0,0
15032,0,0,0
15033,0,0,0
15034,0,0,0
15035,0,0,0
15036,0,0,0
15037,0,0,0
15038,0,0,0
15039,0,0,0
15040,0,0,0
15041,0,0,0
15042,0,0,0
15043,0,0,0
15044,0,0,0
15045,0,0,0
15046,0,0,0
15047,0,0,0
15048,0,0,0
15049,0,0,0
15050,0,0,0
15051,0,0,0
15052,0,0,0
15053,0,0,0
15054,0,0,0
15055,0,0,0
15056,0,0,0
15057,0,0,0
15058,0,0,0
15059,0,0,0
15060,0,0,0
15061,0,0,0
15062,0,0,0
15063,0,0,0
15064,0,0,0
15065,0,0,0
15066,0,0,0
15067,0,0,0
15068,0,0,0
15069,0,0,0
15070,0,0,0
15071,0,0,0
15072,0,0,0
15073,0,0,0
15074,0,0,0
15075,0,0,0
15076,0,0,0
15077,0,0,0
15078,0,0,0
15079,0,0,0
15080,0,0,0
15081,0,0,0
15082,0,0,0
15083,0,0,0
15084,0,0,0
15085,0,0,0
15086,0,0,0
15087,0,0,0
15088,0,0,0
15089,0,0,0
15090,0,0,0
15091,0,0,0
15092,0,0,0
15093,0,0,0
15094,0,0,0
15095,0,0,0
15096,0,0,0
15097,0,0,0
15098,0,0,0
15099,0,0,0
15100,0,0,0
15101,0,0,0
15102,0,0,0
15103,0,0,0
15104,0,0,0
15105,0,0,0
15106,0,0,0
15107,0,0,0
15108,0,0,0
15109,0,0,0
15110,0,0,0
15111,0,0,0
15112,0,0,0
15113,0,0,0
15114,0,0,0
15115,0,0,0
15116,0,0,0
15117,0,0,0
15118,0,0,0
15119,0,0,0
15120,0,0,0
15121,0,0,0
15122,0,0,0
15123,0,0,0
15124,0,0,0
15125,0,0,0
15126,0,0,0
15127,0,0,0
15128,0,0,0
15129,0,0,0
15130,0,0,0
15131,0,0,0
15132,0,0,0
15133,0,0,0
15134,0,0,0
15135,0,0,0
15136,0,0,0
15137,0,0,0
15138,0,0,0
15139,0,0,0
15140,0,0,0
15141,0,0,0
15142,0,0,0
15143,0,0,0
15144,0,0,0
15145,0,0,0
15146,0,0,0
15147,0,0,0
15148,0,0,0
15149,0,0,0
15150,0,0,0
15151,0,0,0
15152,0,0,0
15153,0,0,0
15154,0,0,0
15155,0,0,0
15156,0,0,0
15157,0,0,0
15158,0,0,0
15159,0,0,0
15160,0,0,0
15161,0,0,0
15162,0,0,0
15163,0,0,0
15164,0,0,0
15165,0,0,0
15166,0,0,0
15167,0,0,0
15168,0,0,0
15169,0,0,0
15170,0,0,0
15171,0,0,0
15172,0,0,0
15173,0,0,0
15174,0,0,0
15175,0,0,0
15176,0,0,0
15177,0,0,0
15178,0,0,0
15179,0,0,0
15180,0,0,0
15181,0,0,0
15182,0,0,0
15183,0,0,0
15184,0,0,0
15185,0,0,0
15186,0,0,0
15187,0,0,0
15188,0,0,0
15189,0,0,0
15190,0,0,0
15191,0,0,0
15192,0,0,0
15193,0,0,0
15194,0,0,0
15195,0,0,0
15196,0,0,0
15197,0,0,0
15198,0,0,0
15199,0,0,0
15200,0,0,0
15201,0,0,0
15202,0,0,0
15203,0,0,0
15204,0,0,0
15205,0,0,0
15206,0,0,0
15207,0,0,0
15208,0,0,0
15209,0,0,0
15210,0,0,0
15211,0,0,0
15212,0,0,0
15213,0,0,0
15214,0,0,0
15215,0,0,0
15216,0,0,0
15217,0,0,0
15218,0,0,0
15219,0,0,0
15220,0,0,0
15221,0,0,0
15222,0,0,0
15223,0,0,0
15224,0,0,0
15225,0,0,0
15226,0,0,0
15227,0,0,0
15228,0,0,0
15229,0,0,0
15230,0,0,0
15231,0,0,0
15232,0,0,0
15233,0,0,0
15234,0,0,0
15235,0,0,0
15236,0,0,0
15237,0,0,0
15238,0,0,0
15239,0,0,0
15240,0,0,0
15241,0,0,0
15242,0,0,0
15243,0,0,0
15244,0,0,0
15245,0,0,0
15246,0,0,0
15247,0,0,0
15248,0,0,0
15249,0,0,0
15250,0,0,0
15251,0,0,0
15252,0,0,0
15253,0,0,0
15254,0,0,0
15255,0,0,0
15256,0,0,0
15257,0,0,0
15258,0,0,0
15259,0,0,0
15260,0,0,0
15261,0,0,0
15262,0,0,0
15263,0,0,0
15264,0,0,0
15265,0,0,0
15266,0,0,0
15267,0,0,0
15268,0,0,0
15269,0,0,0
15270,0,0,0
15271,0,0,0
15272,0,0,0
15273,0,0,0
15274,0,0,0
15275,0,0,0
15276,0,0,0
15277,0,0,0
15278,0,0,0
15279,0,0,0
15280,0,0,0
15281,0,0,0
15282,0,0,0
15283,0,0,0
15284,0,0,0
15285,0,0,0
15286,0,0,0
15287,0,0,0
15288,0,0,0
15289,0,0,0
15290,0,0,0
15291,0,0,0
15292,0,0,0
15293,0,0,0
15294,0,0,0
15295,0,0,0
15296,0,0,0
15297,0,0,0
15298,0,0,0
15299,0,0,0
15300,0,0,0
15301,0,0,0
15302,0,0,0
15303,0,0,0
15304,0,0,0
15305,0,0,0
15306,0,0,0
15307,0,0,0
15308,0,0,0
15309,0,0,0
15310,0,0,0
15311,0,0,0
15312,0,0,0
15313,0,0,0
15314,0,0,0
15315,0,0,0
15316,0,0,0
15317,0,0,0
15318,0,0,0
15319,0,0,0
15320,0,0,0
15321,0,0,0
15322,0,0,0
15323,0,0,0
15324,0,0,0
15325,0,0,0
15326,0,0,0
15327,0,0,0
15328,0,0,0
15329,0,0,0
15330,0,0,0
15331,0,0,0
15332,0,0,0
15333,0,0,0
15334,0,0,0
15335,0,0,0
15336,0,0,0
15337,0,0,0
15338,0,0,0
15339,0,0,0
15340,0,0,0
15341,0,0,0
15342,0,0,0
15343,0,0,0
15344,0,0,0
15345,0,0,0
15346,0,0,0
15347,0,0,0
15348,0,0,0
15349,0,0,0
15350,0,0,0
15351,0,0,0
15352,0,0,0
15353,0,0,0
15354,0,0,0
15355,0,0,0
15356,0,0,0
15357,0,0,0
15358,0,0,0
15359,0,0,0
15360,0,0,0
15361,0,0,0
15362,0,0,0
15363,0,0,0
15364,0,0,0
15365,0,0,0
15366,0,0,0
15367,0,0,0
15368,0,0,0
15369,0,0,0
15370,0,0,0
15371,0,0,0
15372,0,0,0
15373,0,0,0
15374,0,0,0
15375,0,0,0
15376,0,0,0
15377,0,0,0
15378,0,0,0
15379,0,0,0
15380,0,0,0
15381,0,0,0
15382,0,0,0
15383,0,0,0
15384,0,0,0
15385,0,0,0
15386,0,0,0
15387,0,0,0
15388,0,0,0
15389,0,0,0
15390,0,0,0
15391,0,0,0
15392,0,0,0
15393,0,0,0
15394,0,0,0
15395,0,0,0
15396,0,0,0
15397,0,0,0
15398,0,0,0
15399,0,0,0
15400,0,0,0
15401,0,0,0
15402,0,0,0
15403,0,0,0
15404,0,0,0
15405,0,0,0
15406,0,0,0
15407,0,0,0
15408,0,0,0
15409,0,0,0
15410,0,0,0
15411,0,0,0
15412,0,0,0
15413,0,0,0
15414,0,0,0
15415,0,0,0
15416,0,0,0
15417,0,0,0
15418,0,0,0
15419,0,0,0
15420,0,0,0
15421,0,0,0
15422,0,0,0
15423,0,0,0
15424,0,0,0
15425,0,0,0
15426,0,0,0
15427,0,0,0
15428,0,0,0
15429,0,0,0
15430,0,0,0
15431,0,0,0
15432,0,0,0
15433,0,0,0
15434,0,0,0
15435,0,0,0
15436,0,0,0
15437,0,0,0
15438,0,0,0
15439,0,0,0
15440,0,0,0
15441,0,0,0
15442,0,0,0
15443,0,0,0
15444,0,0,0
15445,0,0,0
15446,0,0,0
15447,0,0,0
15448,0,0,0
15449,0,0,0
15450,0,0,0
15451,0,0,0
15452,0,0,0
15453,0,0,0
15454,0,0,0
15455,0,0,0
15456,0,0,0
15457,0,0,0
15458,0,0,0
15459,0,0,0
15460,0,0,0
15461,0,0,0
15462,0,0,0
15463,0,0,0
15464,0,0,0
15465,0,0,0
15466,0,0,0
15467,0,0,0
15468,0,0,0
15469,0,0,0
15470,0,0,0
15471,0,0,0
15472,0,0,0
15473,0,0,0
15474,0,0,0
15475,0,0,0
15476,0,0,0
15477,0,0,0
15478,0,0,0
15479,0,0,0
15480,0,0,0
15481,0,0,0
15482,0,0,0
15483,0,0,0
15484,0,0,0
15485,0,0,0
15486,0,0,0
15487,0,0,0
15488,0,0,0
15489,0,0,0
15490,0,0,0
15491,0,0,0
15492,0,0,0
15493,0,0,0
15494,0,0,0
15495,0,0,0
15496,0,0,0
15497,0,0,0
15498,0,0,0
15499,0,0,0
15500,0,0,0
15501,0,0,0
15502,0,0,0
15503,0,0,0
15504,0,0,0
15505,0,0,0
15506,0,0,0
15507,0,0,0
15508,0,0,0
15509,0,0,0
15510,0,0,0
15511,0,0,0
15512,0,0,0
15513,0,0,0
15514,0,0,0
15515,0,0,0
15516,0,0,0
15517,0,0,0
15518,0,0,0
15519,0,0,0
15520,0,0,0
15521,0,0,0
15522,0,0,0
15523,0,0,0
15524,0,0,0
15525,0,0,0
15526,0,0,0
15527,0,0,0
15528,0,0,0
15529,0,0,0
15530,0,0,0
15531,0,0,0
15532,0,0,0
15533,0,0,0
15534,0,0,0
15535,0,0,0
15536,0,0,0
15537,0,0,0
15538,0,0,0
15539,0,0,0
15540,0,0,0
15541,0,0,0
15542,0,0,0
15543,0,0,0
15544,0,0,0
15545,0,0,0
15546,0,0,0
15547,0,0,0
15548,0,0,0
15549,0,0,0
15550,0,0,0
15551,0,0,0
15552,0,0,0
15553,0,0,0
15554,0,0,0
15555,0,0,0
15556,0,0,0
15557,0,0,0
15558,0,0,0
15559,0,0,0
15560,0,0,0
15561,0,0,0
15562,0,0,0
15563,0,0,0
15564,0,0,0
15565,0,0,0
15566,0,0,0
15567,0,0,0
15568,0,0,0
15569,0,0,0
15570,0,0,0
15571,0,0,0
15572,0,0,0
15573,0,0,0
15574,0,0,0
15575,0,0,0
