second,idle_count,walking_count,total_count,car_speed_mph,light,red_violation,bus_waiting,humans,buses,cars,bikes
0,1,0,1,0.08772804146089383,unknown,False,False,1,0,10,0
1,1,0,1,0.14268094993869174,unknown,False,False,0,0,13,0
2,0,0,0,0.12459154918464242,unknown,False,False,0,0,11,0
3,0,0,0,0.13061691704766087,unknown,False,False,0,0,11,0
4,0,0,0,0.15729157557114334,unknown,False,False,0,0,10,0
5,0,0,0,0.10359228061619408,unknown,False,False,0,0,11,0
6,0,0,0,0.12246509978009466,unknown,False,False,0,0,11,0
7,0,0,0,0.16306053984562704,unknown,False,False,0,0,10,0
8,0,0,0,0.11577781112647177,unknown,False,False,0,0,11,0
9,0,0,0,0.10540742573080071,unknown,False,False,0,0,10,0
10,0,0,0,0.17282030415832242,unknown,False,False,0,0,10,0
11,0,0,0,0.1393019659056395,unknown,False,False,0,0,11,0
12,0,0,0,0.09427527880351119,unknown,False,False,0,0,10,0
13,0,0,0,0.12961190824628063,unknown,False,False,0,0,11,0
14,0,0,0,0.1318990174894354,unknown,False,False,0,0,12,0
15,0,0,0,0.2887014727222313,unknown,False,False,1,0,10,0
16,1,0,1,0.27720176936525104,unknown,False,False,1,0,14,0
17,1,0,1,0.1062359079423262,unknown,False,False,1,0,13,0
18,1,0,1,0.06769568879886054,unknown,False,False,1,0,10,0
19,1,0,1,0.2334938468381101,unknown,False,False,1,0,10,0
20,1,0,1,0.24864493678714894,unknown,False,False,1,0,9,0
21,1,0,1,0.3248410950094826,unknown,False,False,1,0,11,0
22,0,1,1,0.46749994140492784,unknown,False,False,1,0,8,0
23,1,0,1,0.6180062998698771,unknown,False,False,0,0,7,0
24,0,0,0,0.9673389348444992,unknown,False,False,0,0,7,0
25,0,0,0,1.4609890561880066,unknown,False,False,0,0,15,0
26,0,0,0,1.3003767267036417,unknown,False,False,0,0,12,0
27,0,0,0,0.9739109082332961,unknown,False,False,0,0,11,0
28,0,0,0,0.6787441811180592,unknown,False,False,0,0,10,0
29,0,0,0,0.4637350447865376,unknown,False,False,0,1,8,0
30,0,0,0,0.24295507063347013,unknown,False,False,0,1,8,0
31,0,0,0,0.4279789288207374,unknown,False,False,1,2,6,0
32,2,0,2,0.2986331400827317,unknown,False,False,1,2,7,0
33,0,1,1,0.4284485870283594,unknown,False,False,0,2,4,0
34,1,0,1,0.47599260543556515,unknown,False,False,1,3,5,0
35,1,0,1,0.7529226384047274,unknown,False,False,0,3,5,0
36,0,0,0,1.661297433165875,unknown,False,False,0,2,6,0
37,0,0,0,1.6494505520520735,unknown,False,False,0,2,7,0
38,0,0,0,1.4187739672537367,unknown,False,False,1,3,7,0
39,2,0,2,1.1502921613473638,unknown,False,False,1,4,6,0
40,2,0,2,0.8986203689043883,unknown,False,False,3,4,8,1
41,0,3,3,0.6823711250306015,unknown,False,False,3,2,8,0
42,2,2,4,1.0838163049559022,unknown,False,False,1,3,7,0
43,1,0,1,1.3258261526077797,unknown,False,False,1,4,7,0
44,0,0,0,1.1077658912797759,unknown,False,False,0,4,8,0
45,1,0,1,1.1667642960121458,unknown,False,True,2,2,8,0
46,2,0,2,0.9371186579293638,unknown,False,False,2,2,13,0
47,3,0,3,0.6941703143776923,red,False,True,3,0,13,0
48,3,0,3,0.38322398439905064,unknown,False,True,2,1,13,0
49,4,0,4,0.3267500758461357,red,False,True,2,2,15,0
50,4,0,4,0.38593424087631817,red,False,True,2,2,14,0
51,2,0,2,0.39825954124746454,red,False,True,3,3,16,0
52,3,0,3,0.5013343976874555,green,False,True,2,1,12,0
53,3,0,3,0.5360489828008596,unknown,False,True,0,1,11,0
54,1,0,1,0.7063609681153676,red,False,True,1,1,9,0
55,2,0,2,0.8975347306293078,unknown,False,True,1,2,7,0
56,1,0,1,1.317178129553436,unknown,False,False,1,1,9,0
57,1,0,1,1.591945520549702,unknown,False,False,2,1,10,0
58,1,1,2,1.1374711258864583,unknown,False,False,0,0,12,0
59,0,1,1,1.0703015358557189,unknown,False,False,0,0,13,0
60,0,1,1,0.8171389951731974,unknown,False,False,1,0,13,0
61,1,1,2,0.8896936642385002,unknown,False,False,0,1,12,0
62,1,0,1,0.9344038960931207,unknown,False,False,1,1,11,0
63,3,0,3,0.960846896499275,unknown,False,True,2,0,11,1
64,4,0,4,0.5933445842696086,unknown,False,False,1,0,8,0
65,1,0,1,0.7886142472282838,yellow,False,False,1,0,7,0
66,1,0,1,0.8315387036252153,yellow,False,False,2,0,10,0
67,2,0,2,0.5983322434242969,yellow,False,False,1,0,9,0
68,2,0,2,0.5281026700708602,unknown,False,False,0,0,11,0
69,1,0,1,0.5968635418044512,green,False,False,0,0,11,0
70,0,0,0,0.5363076821103043,yellow,False,False,0,0,7,0
71,0,0,0,0.5033185042490873,unknown,False,False,0,0,10,0
72,0,0,0,0.5586523003659353,yellow,False,False,0,0,11,0
73,0,0,0,0.30954618609552,unknown,False,False,1,0,14,0
74,1,0,1,0.1537307429829866,unknown,False,False,1,0,13,0
75,1,0,1,0.10221537242542642,yellow,False,False,0,0,14,0
76,1,0,1,0.1362601201692995,unknown,False,False,0,0,14,0
77,0,0,0,0.1236176115800478,unknown,False,False,0,0,14,0
78,0,0,0,0.08316294482619355,unknown,False,False,0,0,12,0
79,0,0,0,0.1418403048197195,unknown,False,False,0,0,10,0
80,0,0,0,0.061831271373547686,unknown,False,False,0,0,11,0
81,0,0,0,0.06075165656851339,yellow,False,False,0,0,11,0
82,0,0,0,0.11447669160420103,yellow,False,False,0,0,14,0
83,0,0,0,0.16160742338052775,yellow,False,False,0,0,10,0
84,0,0,0,0.07126293714752885,yellow,False,False,0,0,11,0
85,0,0,0,0.12829516295219057,yellow,False,False,0,0,12,0
86,0,0,0,0.12317517061949466,yellow,False,False,0,0,14,0
87,0,0,0,0.14111124095294889,yellow,False,False,1,0,8,0
88,0,0,0,0.09880974148087386,yellow,False,False,1,0,9,0
89,1,0,1,0.1355840862330994,unknown,False,False,1,0,9,0
90,1,0,1,0.1707774413527667,unknown,False,False,1,0,9,2
91,1,1,2,0.16822489153064432,yellow,False,False,1,0,6,1
92,1,0,1,0.18998596794476297,unknown,False,False,1,0,11,0
93,1,0,1,0.20742460165755872,unknown,False,False,0,0,12,0
94,2,0,2,0.13190815588814112,yellow,False,False,0,0,13,0
95,1,0,1,0.1534724497073844,unknown,False,False,1,0,13,0
96,0,0,0,0.2158988026520381,unknown,False,False,0,0,12,0
97,0,0,0,0.2901953883231409,yellow,False,False,0,0,13,0
98,0,0,0,0.29087628820588457,unknown,False,False,0,0,17,0
99,0,0,0,0.3580623981303526,unknown,False,False,0,0,14,0
100,0,0,0,0.31814544259178207,unknown,False,False,0,0,14,0
101,0,0,0,0.23915112885736656,unknown,False,False,0,0,14,0
102,0,0,0,0.19287563332840424,unknown,False,False,0,0,13,0
103,0,0,0,0.30874369383711536,unknown,False,False,0,0,13,0
104,0,0,0,0.3163657260857122,unknown,False,False,0,0,14,0
105,0,0,0,0.21745919662915594,unknown,False,False,0,0,16,0
106,0,0,0,0.1812499658437662,unknown,False,False,0,0,11,0
107,0,0,0,0.1670505468189939,unknown,False,False,0,0,15,0
108,0,0,0,0.22218730388402255,unknown,False,False,0,0,13,0
109,0,0,0,0.21443371924085428,unknown,False,False,0,0,13,0
110,0,0,0,0.2116097864123628,unknown,False,False,0,0,12,0
111,0,0,0,0.3331087027300864,unknown,False,False,0,0,9,0
112,0,0,0,0.34653512863478725,unknown,False,False,0,0,14,0
113,0,0,0,0.4723942408480738,unknown,False,False,0,0,14,0
114,0,0,0,0.49518368921834727,unknown,False,False,0,0,15,0
115,0,0,0,0.5659133083823762,unknown,False,False,0,0,13,0
116,0,0,0,0.6758448230821894,unknown,False,False,0,0,15,0
117,0,0,0,0.8003600233563359,unknown,False,False,0,0,16,0
118,0,0,0,0.895578801624119,yellow,False,False,0,0,15,0
119,0,0,0,0.921769999693219,unknown,False,False,0,0,16,0
120,0,0,0,1.1315353783342406,unknown,False,False,0,0,16,0
121,0,0,0,1.16872471683474,unknown,False,False,0,0,12,0
122,0,0,0,0.8469777043951132,unknown,False,False,0,0,10,0
123,0,0,0,0.7394625725037239,unknown,False,False,0,0,13,0
124,0,0,0,0.7940137566596083,unknown,False,False,1,0,10,0
125,0,0,0,0.7445792773142409,unknown,False,False,0,0,11,0
126,0,0,0,0.6549806407924567,unknown,False,False,0,0,8,0
127,0,0,0,0.7510045932388859,unknown,False,False,1,0,11,0
128,0,0,0,0.7307400268138621,unknown,False,False,0,0,10,0
129,0,0,0,0.6044987451748226,unknown,False,False,0,0,12,0
130,0,0,0,0.6418638448654653,unknown,False,False,0,0,9,0
131,0,0,0,0.7845436338023668,unknown,False,False,0,0,8,0
132,0,0,0,0.7273306680964872,unknown,False,False,0,1,4,0
133,0,0,0,0.5360464643686602,unknown,False,False,1,1,3,0
134,1,0,1,0.40599996919274695,unknown,False,False,1,1,4,0
135,1,0,1,0.4266817538971706,unknown,False,False,1,1,0,0
136,1,0,1,0.44602028176688985,unknown,False,False,0,3,2,0
137,0,0,0,0.29646867228487755,yellow,False,False,0,2,3,0
138,0,0,0,1.021037765433391,unknown,False,False,0,1,2,0
139,0,0,0,1.0709052229364784,red,False,True,0,1,3,0
140,0,0,0,1.152609846921025,red,False,True,0,1,3,0
141,0,0,0,0.6461380107186819,unknown,False,True,0,1,4,0
142,0,0,0,0.814367620600248,yellow,False,False,0,0,5,0
143,0,0,0,0.739247166240878,yellow,False,False,0,0,4,0
144,0,0,0,1.196091617257251,unknown,False,False,1,0,3,0
145,1,0,1,0.8686907792267194,unknown,False,False,2,0,5,0
146,1,0,1,0.7737260541425566,unknown,False,False,0,0,7,0
147,1,0,1,1.0554216635091769,unknown,False,False,1,0,7,0
148,1,0,1,1.049653397726539,unknown,False,False,0,0,8,0
149,0,0,0,1.0186375698046135,unknown,False,False,0,0,8,0
150,0,0,0,1.244573308411854,unknown,False,False,0,0,8,0
151,0,0,0,1.3537814868082316,unknown,False,False,0,0,8,1
152,0,0,0,1.0665229633830264,unknown,False,False,0,0,7,0
153,0,0,0,0.6676238315400838,unknown,False,False,1,0,5,0
154,1,0,1,0.37601161611573003,yellow,False,False,1,0,5,0
155,1,0,1,0.4097052736105125,unknown,False,False,0,0,5,0
156,1,0,1,0.4767575634586743,unknown,False,False,0,0,3,0
157,0,0,0,0.5621718918864916,red,False,False,0,0,2,0
158,0,0,0,0.5076333368400475,red,False,False,0,0,3,0
159,0,0,0,0.5113851065784054,yellow,False,False,0,0,2,0
160,0,0,0,0.3931012709552964,yellow,False,False,0,0,2,0
161,0,0,0,0.5931200180409171,unknown,False,False,0,0,2,0
162,0,0,0,0.91297882658996,yellow,False,False,0,0,2,0
163,0,0,0,1.126969632749992,unknown,False,False,0,0,1,0
164,0,0,0,1.5044125628514096,unknown,False,False,0,0,1,0
165,0,0,0,0.8174188995573558,unknown,False,False,0,0,1,0
166,0,0,0,0.3752848170513777,unknown,False,False,0,0,1,0
167,0,0,0,0.25347615138212803,unknown,False,False,0,0,0,0
168,0,0,0,0.198065803387541,unknown,False,False,0,0,0,0
169,0,0,0,0.0,red,False,False,0,0,0,0
170,0,0,0,0.0,red,False,False,0,0,1,0
171,0,0,0,0.2988469373506332,unknown,False,False,0,0,1,0
172,0,0,0,0.9881369564430356,unknown,False,False,0,0,2,0
173,0,0,0,2.5869903033924624,unknown,False,False,1,0,2,0
174,0,0,0,2.4334341310299417,unknown,False,False,0,0,1,0
175,0,0,0,0.6441735931283629,unknown,False,False,0,0,2,0
176,0,0,0,0.642078759345793,unknown,False,False,1,0,2,0
177,0,1,1,1.331507819960851,unknown,False,False,1,0,1,0
178,1,1,2,1.9187274170821826,unknown,False,False,0,0,0,0
179,0,0,0,1.2337953495332512,unknown,False,False,0,0,0,0
180,0,0,0,1.046613390367008,unknown,False,False,1,0,0,0
181,1,0,1,1.8809854286834715,unknown,False,False,1,0,1,0
182,1,0,1,2.004306846100518,unknown,False,False,0,0,1,0
183,0,0,0,1.4642279274541907,yellow,False,False,0,0,0,0
184,0,0,0,0.0,unknown,False,False,0,0,0,0
185,0,0,0,0.0,unknown,False,False,0,0,0,0
186,0,0,0,0.0,unknown,False,False,0,0,1,0
187,0,0,0,2.3573811482099685,unknown,False,False,0,0,1,0
188,0,0,0,2.4061172304052003,unknown,False,False,0,0,0,0
189,0,0,0,1.9135784616343516,unknown,False,False,0,0,1,0
190,0,0,0,3.0875919153198303,unknown,False,False,0,0,1,0
191,0,0,0,1.4908219641016656,unknown,False,False,0,0,0,0
192,0,0,0,0.6054753463422295,unknown,False,False,0,0,1,0
193,0,0,0,0.1553141371757894,red,False,False,0,0,2,0
194,0,0,0,0.7272729530958939,unknown,False,False,0,0,3,0
195,0,0,0,0.9043387234498019,red,False,False,0,0,3,0
196,0,0,0,0.7434053385468248,unknown,False,True,0,0,5,0
197,0,0,0,0.60383199291841,unknown,False,False,0,0,11,0
198,0,0,0,1.0207872823241264,unknown,False,False,0,0,9,0
199,0,0,0,1.2838338732712482,unknown,False,False,1,0,10,0
200,0,0,0,1.066691930591364,unknown,False,False,0,0,5,0
201,0,0,0,0.8832630883549252,unknown,False,False,0,0,7,0
202,0,0,0,0.9167546863257221,unknown,False,False,0,0,5,0
203,0,0,0,0.9077193238219421,unknown,False,False,0,0,6,0
204,0,0,0,1.0585486270082431,unknown,False,False,0,0,6,0
205,0,0,0,0.9057788128752221,unknown,False,False,0,0,6,0
206,0,0,0,0.5655785658739532,red,False,False,0,0,7,0
207,0,0,0,0.4553593612599701,unknown,False,False,0,0,4,0
208,0,0,0,0.37283407425329373,yellow,False,False,0,0,7,0
209,1,0,1,0.28188170019291553,unknown,False,False,1,0,6,0
210,1,0,1,0.27763187696384634,red,False,False,0,0,5,0
211,0,0,0,0.5685204253555446,red,False,False,1,0,6,0
212,1,0,1,0.4921167315879144,red,False,False,0,0,7,0
213,1,0,1,0.4380704576676813,unknown,False,False,0,0,7,0
214,2,0,2,0.5176588005316927,unknown,False,False,2,0,8,0
215,1,0,1,0.7150300601485383,red,False,False,0,0,6,0
216,1,0,1,0.5725977072597803,red,False,False,0,0,8,0
217,1,0,1,0.37426400255317543,red,False,False,0,0,7,0
218,1,0,1,0.27603219848214533,red,False,False,1,0,5,0
219,1,0,1,0.46686710264048503,red,False,False,0,0,3,0
220,0,0,0,0.38574247937757433,red,False,False,0,0,8,0
221,1,0,1,0.30822133640825505,red,False,False,1,0,5,0
222,3,0,3,0.3140165402060392,red,False,False,4,0,8,0
223,3,0,3,0.5550079345916211,red,False,False,0,0,8,0
224,1,0,1,0.7354933462977337,red,False,False,1,0,9,0
225,2,0,2,1.1576469989174936,red,False,False,1,0,7,0
226,2,0,2,0.8460061702700453,unknown,False,False,2,0,5,0
227,3,0,3,0.5520970956004534,unknown,False,False,1,0,8,0
228,3,0,3,0.3107538247604594,red,False,False,1,0,8,0
229,3,0,3,0.22526194823462817,unknown,False,False,1,0,7,0
230,3,0,3,0.22551551166273576,red,False,False,0,0,6,0
231,1,0,1,0.4602287278999249,red,False,False,1,0,7,0
232,1,0,1,0.4755351548562174,red,False,False,1,0,3,0
233,2,0,2,0.3778506670987101,red,False,False,2,0,3,0
234,2,0,2,0.1508706951474597,red,False,False,1,0,2,0
235,1,0,1,0.0813933819254229,yellow,False,True,1,1,3,0
236,1,0,1,0.06127046420719681,unknown,False,True,1,1,2,0
237,2,0,2,0.05508802536328772,red,False,True,2,1,3,0
238,2,0,2,0.044897797061010485,red,False,True,1,1,2,0
239,2,0,2,0.06273556240587132,red,False,True,1,1,2,0
240,1,0,1,0.15821251761275326,red,False,True,1,1,3,0
241,1,0,1,0.1512307505371278,green,False,True,1,1,4,0
242,1,0,1,0.26922371941188533,unknown,False,False,1,1,4,0
243,3,0,3,0.31601227561037876,unknown,False,True,2,1,3,0
244,2,0,2,0.5646289047674513,red,False,True,2,1,5,0
245,3,1,4,0.5983645559359116,yellow,False,False,2,0,10,0
246,2,1,3,0.9033142181305281,red,False,False,2,0,7,0
247,3,0,3,1.1630682197616555,unknown,False,False,2,0,6,0
248,4,0,4,1.0843245128374948,unknown,False,False,2,0,4,0
249,2,0,2,1.153827222593536,unknown,False,False,0,0,3,0
250,0,0,0,0.7260850658638025,unknown,False,False,0,0,3,0
251,0,0,0,0.8798138190413466,unknown,False,False,0,0,2,0
252,0,0,0,2.5442693186164824,unknown,False,False,0,0,3,0
253,0,0,0,0.8468859946156941,unknown,False,False,0,0,3,0
254,0,0,0,0.22574524475158445,unknown,False,False,1,0,0,0
255,1,0,1,0.42829029788034717,unknown,False,False,1,0,2,0
256,1,0,1,0.8222040817854938,red,False,False,1,0,2,0
257,1,0,1,0.5494129831557222,unknown,False,False,0,0,1,0
258,2,0,2,0.7441990702391104,yellow,False,False,0,0,2,0
259,0,0,0,0.40741953617063714,unknown,False,False,0,0,3,0
260,0,0,0,0.44674990884476207,unknown,False,False,0,0,2,0
261,0,0,0,0.547828532259661,unknown,False,False,0,0,3,0
262,0,0,0,0.692532636348569,unknown,False,False,0,0,2,0
263,0,0,0,0.24421523177872576,unknown,False,False,0,0,2,0
264,0,0,0,0.38953387483613805,red,False,True,0,0,3,0
265,0,0,0,0.41249302193617016,red,False,True,0,0,9,0
266,0,0,0,0.712421498222756,unknown,False,False,0,0,7,0
267,0,0,0,1.1220515031076013,unknown,False,False,0,0,11,0
268,0,0,0,1.116486997299156,unknown,False,False,1,0,14,0
269,0,0,0,1.1782490467975846,unknown,False,False,0,0,18,0
270,0,0,0,1.2972415264256576,unknown,False,False,0,0,18,0
271,0,0,0,1.3400802823740718,unknown,False,False,0,0,16,0
272,0,0,0,1.2617254800810507,unknown,False,False,0,0,13,0
273,0,0,0,1.0941792635014662,unknown,False,False,0,0,15,0
274,0,0,0,0.9196078658294881,unknown,False,False,0,0,13,0
275,0,0,0,0.8540322891787282,unknown,False,False,0,0,14,0
276,0,0,0,0.9248686290496214,unknown,False,False,0,0,16,0
277,0,0,0,0.9386170783891735,unknown,False,False,0,0,11,0
278,0,0,0,0.9267874809771692,unknown,False,False,0,0,12,0
279,0,0,0,0.6637145592844942,unknown,False,False,0,0,9,0
280,0,0,0,0.5407357787138841,unknown,False,True,1,0,7,0
281,0,0,0,0.5114415906621668,unknown,False,False,0,0,11,0
282,0,0,0,0.48922514794960353,green,False,False,0,0,11,0
283,0,0,0,0.3095805264080177,unknown,False,False,0,0,9,0
284,0,0,0,0.25828873390259716,unknown,False,False,0,0,10,0
285,0,0,0,0.25133935955879966,unknown,False,False,0,0,11,0
286,0,0,0,0.16587172791144095,unknown,False,False,0,0,12,0
287,0,0,0,0.30006805961546185,unknown,False,False,1,0,9,0
288,1,0,1,0.24416264670996563,unknown,False,False,0,0,10,0
289,1,0,1,0.12339724582968882,green,False,False,0,0,11,0
290,0,0,0,0.18490207097791692,green,False,False,0,0,11,0
291,0,0,0,0.2745398658511885,green,False,False,0,0,9,0
292,0,0,0,0.2695604185829758,unknown,False,False,0,0,14,0
293,0,0,0,0.26713150000054575,unknown,False,False,0,0,11,0
294,0,0,0,0.3822713319966873,unknown,False,False,0,0,8,0
295,0,0,0,0.5441789211927488,green,False,False,0,0,11,0
296,0,0,0,0.37681732892771724,green,False,False,0,0,13,0
297,0,0,0,0.4903646040379,unknown,False,False,0,0,11,0
298,0,0,0,0.23595591741286934,unknown,False,False,0,0,15,0
299,1,0,1,0.26908904476598794,green,False,False,1,0,14,0
300,1,0,1,0.5484031304917333,unknown,False,False,1,0,11,0
301,1,0,1,0.6061674995132731,unknown,False,False,0,0,13,0
302,1,0,1,0.5689383931697891,unknown,False,False,2,0,8,0
303,3,0,3,0.47814764596101333,unknown,False,False,3,0,12,0
304,3,0,3,0.29497720864655746,yellow,False,False,4,0,12,0
305,3,0,3,0.267580725277872,red,False,False,3,0,12,0
306,4,0,4,0.28110324362292216,red,False,False,2,0,10,0
307,3,0,3,0.3738003405283102,unknown,False,False,0,0,11,0
308,1,0,1,0.45075262466188293,red,False,False,0,0,10,0
309,0,0,0,0.5495579007705667,red,False,False,0,0,8,0
310,0,0,0,0.8189734446678577,unknown,False,False,0,0,7,0
311,0,0,0,1.1671567388124777,unknown,False,False,0,0,8,0
312,0,1,1,1.4493611435151723,unknown,False,False,1,0,7,0
313,1,0,1,1.283880363600826,unknown,False,False,0,0,8,0
314,1,0,1,1.1738260162412981,unknown,False,False,0,0,11,0
315,0,0,0,0.994871864394046,unknown,False,False,0,0,10,0
316,0,0,0,0.9560976400588542,unknown,False,False,0,0,12,0
317,0,0,0,0.8600608195840572,unknown,False,False,0,0,11,0
318,0,0,0,0.7264948245407582,unknown,False,False,0,0,11,0
319,0,0,0,0.7351808608102107,unknown,False,False,1,0,7,0
320,0,0,0,0.8098608432682666,unknown,False,False,2,0,7,0
321,1,0,1,0.7258447493241743,unknown,False,False,3,0,7,0
322,3,0,3,0.5597614479897995,unknown,False,False,3,0,7,0
323,4,0,4,0.43113669715106706,green,False,False,3,0,11,0
324,4,0,4,0.34954054097856496,unknown,False,False,4,0,12,0
325,4,0,4,0.3973058894827462,red,False,False,0,0,10,0
326,0,0,0,0.4668595558847096,red,False,False,0,0,9,0
327,0,0,0,0.4163599030499627,red,False,False,0,0,6,0
328,0,0,0,0.5207380828651759,red,False,False,1,0,7,0
329,0,0,0,0.5429669332099718,unknown,False,False,0,0,6,0
330,0,0,0,0.698464433454895,unknown,False,False,0,0,6,0
331,0,0,0,1.0429143683052258,unknown,False,False,0,0,9,0
332,0,0,0,0.949018018948516,unknown,False,False,0,0,10,0
333,1,0,1,0.7741422426531862,unknown,False,False,1,0,10,0
334,1,0,1,0.8195456778961256,unknown,False,False,2,1,9,0
335,1,1,2,0.9529771596989745,unknown,False,False,2,1,8,0
336,2,0,2,1.0167052689368286,unknown,False,False,1,1,5,0
337,1,0,1,0.8522821910119088,unknown,False,False,2,1,8,0
338,2,0,2,0.7075990525711121,unknown,False,False,0,1,5,0
339,0,0,0,0.7962087763401456,unknown,False,False,0,2,1,0
340,1,0,1,0.11607485417736245,unknown,False,False,1,2,1,0
341,1,0,1,0.6265718976591153,unknown,False,False,1,2,3,0
342,1,0,1,0.4647150612802555,unknown,False,True,1,2,4,0
343,1,0,1,0.3192556489590534,red,False,True,1,2,4,0
344,1,0,1,0.3412397828808114,red,False,True,1,1,6,0
345,1,0,1,0.3926809465062912,red,False,True,1,1,5,0
346,1,0,1,0.47772171732962854,red,False,True,1,1,8,0
347,1,0,1,0.5624948141511052,red,False,True,0,0,9,0
348,1,0,1,0.5880791364114185,unknown,False,True,0,0,5,0
349,0,0,0,0.6960985934446073,unknown,False,False,1,0,6,0
350,0,1,1,0.7825400123889241,unknown,False,False,1,0,6,0
351,1,1,2,1.0168841996870397,unknown,False,False,0,0,4,0
352,0,0,0,0.8701450557325989,unknown,False,False,0,0,3,0
353,0,0,0,0.38457695794350905,unknown,False,False,0,0,4,0
354,0,0,0,0.5335883882059155,unknown,False,False,0,0,5,0
355,1,0,1,0.9571235848535888,unknown,False,False,1,0,8,0
356,0,1,1,0.9219747659558429,unknown,False,False,1,0,7,0
357,1,0,1,1.01445612535778,unknown,False,False,1,0,9,0
358,1,0,1,0.8165236476451557,unknown,False,False,0,0,8,0
359,0,0,0,0.6950542284663926,red,False,False,0,0,7,0
360,0,0,0,0.41757591838257235,red,False,True,0,0,10,0
361,0,0,0,0.32438570217035956,red,False,False,0,0,11,0
362,0,0,0,0.32722482659620855,red,False,False,0,0,15,0
363,0,0,0,0.4563294357742285,red,False,False,0,0,13,0
364,0,0,0,0.3592023086064338,red,False,True,0,0,13,0
365,0,0,0,0.2100419319301038,red,False,False,0,0,13,0
366,0,0,0,0.32814408798933076,red,False,False,0,0,18,0
367,0,0,0,0.36536398878470944,red,False,False,0,0,22,0
368,0,0,0,0.579698289175532,red,False,False,0,0,14,0
369,0,0,0,0.8130408956066977,red,False,False,2,0,13,0
370,1,0,1,0.8534154720317956,red,False,True,1,0,15,0
371,1,0,1,0.6875627139808642,yellow,False,True,5,0,10,0
372,2,0,2,0.7464903072476022,unknown,False,False,2,0,9,0
373,3,0,3,0.5519297269710809,unknown,False,False,1,0,8,0
374,3,0,3,0.8711254956428754,unknown,False,False,0,0,5,0
375,0,0,0,0.7191784681532268,unknown,False,False,0,0,9,0
376,0,0,0,0.7018144581481842,unknown,False,False,0,0,12,0
377,0,0,0,0.7900102805152635,unknown,False,False,0,0,8,0
378,0,0,0,0.8899505194722149,unknown,False,False,0,0,9,0
379,0,0,0,0.7967702196464451,unknown,False,False,0,0,9,0
380,0,0,0,0.7352238287566394,yellow,False,False,0,0,7,0
381,0,0,0,0.7763439528099672,red,False,False,0,0,6,0
382,0,0,0,0.5187816197680232,unknown,False,False,0,0,7,0
383,0,0,0,0.4060765833979971,yellow,False,False,0,0,6,0
384,0,0,0,0.3173388194702316,unknown,False,False,0,0,6,0
385,0,0,0,0.2602474292932958,yellow,False,False,0,0,7,0
386,0,0,0,0.2660718787325809,red,False,False,0,0,4,0
387,0,0,0,0.25966393818139577,red,False,False,0,0,7,0
388,0,0,0,0.34263276768870604,red,False,False,0,0,7,0
389,0,0,0,0.5313138731393696,red,False,False,0,0,6,0
390,0,0,0,0.6455902777335302,yellow,False,False,0,0,4,0
391,0,0,0,0.9532000304504239,red,False,False,0,0,5,0
392,0,0,0,1.5130466367251754,red,False,False,0,0,6,0
393,0,0,0,1.0790853180530813,unknown,False,False,0,0,8,0
394,0,0,0,0.7232026955360362,unknown,False,False,0,0,8,0
395,0,0,0,0.6503020159952843,unknown,False,False,0,0,6,0
396,0,0,0,0.40439254234464433,unknown,False,False,0,0,7,0
397,0,0,0,0.715635816874928,unknown,False,False,0,0,5,0
398,0,0,0,1.1833569719081118,unknown,False,False,0,0,7,0
399,0,0,0,1.1201270747566638,unknown,False,False,0,0,7,0
400,0,0,0,0.947587082426728,unknown,False,False,0,0,7,0
401,0,0,0,0.8044194412857734,unknown,False,False,0,0,5,0
402,0,0,0,0.3962015653343744,yellow,False,False,0,0,5,0
403,0,0,0,0.24545168525784952,green,False,False,0,0,6,0
404,0,0,0,0.3169273160053762,green,False,False,0,0,5,0
405,0,0,0,0.2402493400024438,unknown,False,False,0,0,2,0
406,0,0,0,0.20276515877027634,unknown,False,False,0,0,2,0
407,0,0,0,0.3082444715877893,unknown,False,False,0,0,4,0
408,0,0,0,0.5078702289342959,unknown,False,False,0,0,3,0
409,0,0,0,1.0276972236268638,unknown,False,False,0,0,4,0
410,0,0,0,0.3765342630586718,unknown,False,False,0,0,5,0
411,0,0,0,0.23420117811708938,unknown,False,False,0,0,8,0
412,0,0,0,0.3953843214039504,green,False,False,0,0,4,0
413,0,0,0,0.5110110410219463,green,False,False,0,0,9,0
414,0,0,0,0.6075288100785107,green,False,False,0,0,5,0
415,0,0,0,0.4645272242157551,unknown,False,False,0,0,4,0
416,0,0,0,0.1406641467403146,green,False,False,0,0,5,0
417,0,0,0,0.1511545864279533,green,False,False,0,0,3,0
418,0,0,0,0.12088932739933096,unknown,False,False,0,0,6,0
419,1,0,1,0.23575664697240048,unknown,False,False,0,0,3,0
420,0,0,0,1.3084482478610562,green,False,False,0,0,4,0
421,0,0,0,0.9457579300990526,red,False,False,0,0,4,0
422,0,0,0,0.4246153902011326,unknown,False,False,0,0,5,0
423,0,0,0,0.34636069688124294,red,False,False,0,0,3,0
424,0,0,0,0.7972336977334769,unknown,False,False,0,0,5,0
425,0,0,0,1.342803114598419,yellow,False,False,0,0,7,0
426,0,0,0,1.422043584544822,unknown,False,False,0,0,12,0
427,0,0,0,0.8826263123728932,unknown,False,False,0,0,11,0
428,0,0,0,0.6936865980914433,unknown,False,False,0,0,12,0
429,0,0,0,0.7386513462770152,unknown,False,False,0,0,9,0
430,0,0,0,0.798992951514376,unknown,False,False,0,0,10,0
431,1,0,1,1.0213720485381501,unknown,False,False,1,0,8,0
432,1,1,2,1.0582156895950936,unknown,False,False,3,0,7,0
433,1,1,2,0.9745703165642589,unknown,False,False,3,0,9,0
434,3,0,3,0.7825559396774768,yellow,False,False,2,0,8,0
435,1,2,3,0.8283015375486886,red,False,False,2,0,11,0
436,1,1,2,0.8359435321513858,unknown,False,False,2,0,13,0
437,2,0,2,0.9355142771965576,unknown,False,False,0,0,10,0
438,2,0,2,0.9287430155220905,unknown,False,False,0,0,9,0
439,0,0,0,0.8270494936444102,unknown,False,False,0,0,7,0
440,0,0,0,1.0539400459976678,unknown,False,False,0,0,7,0
441,0,0,0,1.07570712444214,unknown,False,False,0,0,11,0
442,0,0,0,1.0717858741266078,unknown,False,False,0,0,12,0
443,1,0,1,1.5237863804091032,unknown,False,False,1,0,9,0
444,0,1,1,0.7982829947503771,unknown,False,False,1,0,14,0
445,1,0,1,0.6856600588046737,unknown,False,False,1,0,10,0
446,1,0,1,0.610029014372032,unknown,False,False,0,0,7,0
447,0,0,0,0.5536435374244706,unknown,False,False,0,0,7,0
448,1,0,1,0.48121424126362544,unknown,False,False,1,0,6,0
449,1,0,1,0.4127466788829424,unknown,False,False,1,0,5,0
450,0,1,1,0.39851783774520777,unknown,False,False,1,0,7,0
451,0,1,1,0.37316298129055464,unknown,False,False,1,0,5,0
452,2,0,2,0.3547348050580081,yellow,False,False,1,0,7,0
453,1,0,1,0.41719298665661664,unknown,False,False,1,0,5,0
454,1,0,1,0.30547847031650804,unknown,False,False,0,0,5,0
455,1,0,1,0.17327287711557451,unknown,False,False,0,0,6,0
456,0,0,0,0.19329109650702833,unknown,False,False,0,0,5,0
457,0,0,0,0.1418677133188852,unknown,False,False,1,1,3,0
458,1,0,1,0.2469943006278058,unknown,False,False,1,1,4,0
459,1,0,1,0.6000558818873623,unknown,False,False,1,1,5,0
460,1,0,1,0.965201623247571,unknown,False,True,1,1,7,0
461,1,0,1,1.009562520953978,unknown,False,True,1,1,6,0
462,1,0,1,0.7390054967367281,unknown,False,False,1,1,5,0
463,0,1,1,0.6995528837824557,unknown,False,False,1,1,3,0
464,1,1,2,0.4736757745243558,unknown,False,False,1,1,4,0
465,1,0,1,0.16961562096340801,unknown,False,False,1,1,0,0
466,1,0,1,0.05864449675546468,unknown,False,False,1,1,1,1
467,2,0,2,0.5982259477186219,unknown,False,False,2,1,2,0
468,2,0,2,1.2630054779535604,unknown,False,False,1,1,4,0
469,2,0,2,1.247800046361524,unknown,False,False,1,1,4,0
470,1,0,1,1.259438236935447,red,False,True,0,1,3,0
471,1,0,1,1.2755638990767084,unknown,False,True,0,1,5,0
472,0,0,0,1.3927361700638414,unknown,False,False,1,1,5,0
473,0,0,0,0.9193431170022816,red,False,True,0,2,6,0
474,0,0,0,0.559569539588973,red,False,True,0,0,7,0
475,0,0,0,0.5085708617118885,red,False,True,0,1,8,0
476,0,0,0,0.4682879790301425,unknown,False,True,0,0,6,0
477,0,0,0,0.4174280926889779,unknown,False,False,0,1,9,0
478,0,0,0,0.5489338073390453,unknown,False,False,0,1,8,0
479,0,0,0,0.624903371984142,unknown,False,False,0,0,9,0
480,0,0,0,0.7363210041156222,unknown,False,True,0,0,9,0
481,0,0,0,0.981224202446406,unknown,False,False,0,0,10,0
482,0,0,0,0.7960820773438408,unknown,False,False,0,0,10,0
483,0,0,0,0.6805069125202345,unknown,False,False,0,0,9,0
484,0,0,0,0.739062387392862,unknown,False,False,0,0,10,0
485,0,0,0,0.709405620188703,unknown,False,False,0,0,4,0
486,0,0,0,0.6204670519684323,unknown,False,False,1,0,8,0
487,0,1,1,0.7806915405456074,unknown,False,False,1,0,11,0
488,1,1,2,0.8956112206778765,unknown,False,False,3,0,6,0
489,2,0,2,0.9192591735037304,red,False,False,0,0,9,0
490,1,0,1,0.9246441441144672,unknown,False,False,1,0,3,0
491,0,1,1,0.9110989344302148,unknown,False,False,1,0,5,0
492,1,1,2,0.9258923462554605,unknown,False,False,1,0,4,0
493,1,0,1,0.7088384771100505,unknown,False,False,0,0,5,2
494,0,0,0,0.591778130123908,unknown,False,False,0,0,2,0
495,2,0,2,0.4403309777629948,unknown,False,False,3,0,0,0
496,3,0,3,0.0,unknown,False,False,2,0,0,0
497,3,0,3,0.15220335976492644,unknown,False,False,3,0,1,0
498,2,1,3,0.19812575783798253,unknown,False,False,3,0,2,0
499,3,0,3,0.23046344589765094,unknown,False,False,0,0,2,0
500,2,0,2,0.3403601117433109,unknown,False,False,0,0,2,0
501,0,0,0,0.7761526154419822,unknown,False,False,0,0,3,0
502,0,0,0,0.6782066026618382,unknown,False,False,0,0,3,0
503,0,0,0,0.790932440287311,yellow,False,False,0,0,7,0
504,0,0,0,0.8732064043380965,unknown,False,False,0,0,4,0
505,0,0,0,0.8821631991836069,red,False,False,0,0,7,0
506,0,0,0,0.6848897618030424,yellow,False,False,0,0,6,0
507,0,0,0,0.5336276817724295,unknown,False,False,1,0,8,0
508,0,0,0,0.44599433641757585,red,False,False,0,0,5,0
509,0,0,0,0.3199130864347327,unknown,False,False,0,0,3,0
510,0,0,0,0.3273329694427751,unknown,False,False,0,1,2,0
511,0,0,0,0.39539368207464426,unknown,False,False,0,0,3,0
512,0,0,0,0.8086760249005541,red,False,False,0,0,3,0
513,1,0,1,1.10218414257788,unknown,False,False,1,0,7,0
514,0,1,1,1.1554332645336411,unknown,False,False,1,0,7,0
515,1,0,1,1.2275142254340499,unknown,False,False,0,0,8,0
516,1,0,1,1.4364040794699742,unknown,False,False,0,0,9,0
517,0,0,0,0.8626536456363415,unknown,False,False,0,0,7,0
518,0,0,0,0.7412389470178188,unknown,False,False,0,0,7,0
519,0,0,0,0.763487150602251,unknown,False,False,0,0,9,0
520,0,1,1,1.356866348908794,unknown,False,False,1,0,6,0
521,1,1,2,1.3526807647433492,unknown,False,False,1,0,6,0
522,1,0,1,1.6042627365309838,unknown,False,False,0,0,7,0
523,0,0,0,1.4880697285971503,unknown,False,False,0,0,12,0
524,0,0,0,0.9066925190350091,green,False,False,0,0,12,0
525,0,0,0,0.9363110890838481,red,False,False,1,0,13,0
526,0,0,0,1.1003102690987019,yellow,False,False,0,0,16,0
527,0,0,0,1.299108137811743,unknown,False,False,0,0,18,0
528,0,0,0,1.29578685597824,unknown,False,False,1,0,16,0
529,0,1,1,0.9953440053417638,unknown,False,False,2,0,16,0
530,0,1,1,0.8562384044123194,unknown,False,False,0,0,15,0
531,1,0,1,1.0151986663590675,unknown,False,False,0,0,13,0
532,1,0,1,0.8794124376964624,unknown,False,False,1,0,9,0
533,0,1,1,0.7815307055170906,unknown,False,False,1,0,7,0
534,1,0,1,0.6969250025201087,unknown,False,False,0,0,6,0
535,0,0,0,0.6572510770655049,unknown,False,False,0,0,6,0
536,0,0,0,0.5047882986774342,unknown,False,False,1,0,3,0
537,0,0,0,0.37997631981334734,unknown,False,False,0,0,4,0
538,0,0,0,0.4198320736796572,yellow,False,False,0,0,4,0
539,0,0,0,0.2862094768473914,unknown,False,False,0,0,5,0
540,0,0,0,0.3892811774979433,red,False,False,0,0,6,0
541,0,0,0,0.598525787542557,unknown,False,False,0,0,7,0
542,0,0,0,0.8823566339672463,red,False,False,0,0,7,0
543,0,0,0,0.8872611650540949,red,False,False,0,0,5,0
544,0,0,0,0.4874966617759802,red,False,False,0,0,5,0
545,0,0,0,0.23838539938668046,yellow,False,False,0,0,4,0
546,0,0,0,0.15914756613310327,red,False,False,0,0,2,0
547,0,0,0,0.15838751495289197,green,False,False,0,0,3,0
548,0,0,0,0.09381983661722999,red,False,False,0,0,2,0
549,0,0,0,0.1393645751747126,red,False,False,0,0,4,0
550,0,0,0,0.2721463518592689,red,False,False,0,0,4,0
551,0,0,0,0.42599202687229193,green,False,False,0,0,6,0
552,0,0,0,0.9565549623858888,red,False,False,0,0,6,0
553,0,0,0,1.2420460787190721,red,False,False,1,0,5,0
554,1,0,1,1.120882923008205,red,False,False,0,0,4,0
555,1,0,1,0.7448916400679069,red,False,False,0,0,6,0
556,0,0,0,0.6581447425976177,red,False,False,0,0,7,0
557,0,0,0,0.6130140609092607,red,False,False,0,0,6,0
558,0,0,0,0.4393166462000691,red,False,False,0,0,6,0
559,0,0,0,0.6887931057396811,red,False,True,0,0,8,0
560,0,0,0,0.4767558820449689,unknown,False,True,0,0,9,0
561,0,0,0,0.7518027477722761,red,False,False,0,0,7,0
562,0,0,0,0.6652836327179493,red,False,False,0,0,7,0
563,0,0,0,0.7998761644208795,red,False,False,0,0,8,0
564,0,0,0,0.7297182211288233,unknown,False,False,0,0,7,0
565,0,0,0,0.738256605633492,red,False,False,0,0,7,0
566,0,0,0,0.38100642326317485,red,False,False,0,0,8,0
567,0,0,0,0.5367971317281499,unknown,False,False,0,0,7,0
568,0,0,0,0.3178827992782876,green,False,False,0,0,7,0
569,0,0,0,0.29193852318344377,unknown,False,False,0,0,10,0
570,0,0,0,0.5422194604255102,unknown,False,False,0,0,6,0
571,0,0,0,0.7577298871352387,unknown,False,False,0,0,6,0
572,0,0,0,0.6878709558754212,yellow,False,False,0,0,6,0
573,0,0,0,0.8013664003000772,yellow,False,False,0,0,6,0
574,0,0,0,0.49795738130519934,yellow,False,False,0,0,9,0
575,0,0,0,0.6531583355068199,red,False,False,0,0,6,0
576,0,0,0,1.005250744318107,red,False,True,0,0,8,0
577,0,0,0,0.6237503932251668,red,False,False,0,0,8,0
578,0,0,0,0.43309525337063576,red,False,False,0,0,7,0
579,0,0,0,0.5100428193725082,red,False,False,0,0,8,0
580,0,0,0,0.7015726295524791,unknown,False,False,0,0,3,0
581,0,0,0,0.7897404534584266,unknown,False,False,0,0,3,0
582,0,0,0,0.9030104728396708,yellow,False,False,0,0,9,0
583,0,0,0,0.9161440065795784,unknown,False,False,0,0,9,0
584,0,0,0,0.8824836413392942,unknown,False,False,0,0,7,0
585,0,0,0,1.1468114722650307,unknown,False,False,0,0,5,0
586,0,0,0,1.2022057100567316,unknown,False,False,0,0,6,0
587,0,0,0,1.1661221163379782,unknown,False,False,0,0,4,0
588,0,0,0,0.8392545778477273,unknown,False,False,0,0,1,0
589,0,0,0,0.7697926487226158,unknown,False,False,0,0,3,0
590,0,0,0,0.7051488800328042,red,False,False,0,0,7,0
591,0,0,0,0.8350021291305842,unknown,False,False,0,0,4,0
592,0,0,0,1.045200684005073,yellow,False,False,0,0,3,0
593,0,0,0,0.7734669153387046,yellow,False,False,0,0,3,0
594,0,0,0,0.44660224522416003,yellow,False,False,0,0,4,0
595,0,0,0,0.2719456657560648,yellow,False,False,0,0,4,0
596,0,0,0,0.265957496586295,red,False,False,0,0,2,0
597,0,0,0,0.33677734341948756,red,False,False,0,0,2,0
598,0,0,0,0.27854694987458345,red,False,False,0,0,3,0
599,0,0,0,0.2796320232049269,red,False,False,0,0,0,0
600,0,0,0,0.3733682278380336,red,False,False,0,0,0,0
601,0,0,0,0.3006883889000773,red,False,False,0,0,1,0
602,0,0,0,0.5871547953812507,red,False,False,0,0,1,0
603,0,0,0,0.3004478218811579,yellow,False,False,1,0,1,0
604,0,1,1,0.5587149420524476,unknown,False,False,1,1,3,0
605,0,1,1,0.9911964777400127,unknown,False,False,1,0,5,0
606,1,0,1,1.2693963914717612,unknown,False,False,0,0,7,0
607,1,0,1,1.3697351427142734,unknown,False,False,0,0,7,0
608,0,0,0,1.284577467248138,unknown,False,False,0,0,7,0
609,0,0,0,1.1453499107336145,unknown,False,False,0,0,9,0
610,0,0,0,1.0174549877808083,yellow,False,False,0,0,8,0
611,0,0,0,0.8709108931366906,unknown,False,False,0,0,7,0
612,0,0,0,0.7271600763362082,unknown,False,False,0,0,8,0
613,0,0,0,0.9267595161514637,unknown,False,False,0,0,8,0
614,0,1,1,1.1669477760443383,unknown,False,False,2,0,8,0
615,1,1,2,1.6323333918525909,red,False,False,1,0,9,0
616,1,0,1,0.8223375894097927,green,False,False,0,0,10,0
617,0,0,0,0.6947295976483574,green,False,True,1,0,9,0
618,1,1,2,1.0813445214597235,red,False,True,2,0,8,0
619,2,0,2,1.2496808105028578,unknown,False,False,0,0,7,0
620,0,0,0,1.202900467151744,unknown,False,False,0,0,9,0
621,0,0,0,1.2406745224024605,unknown,False,False,2,0,13,0
622,2,1,3,0.9455782079496171,unknown,False,False,2,0,13,0
623,1,2,3,0.7252534637564986,unknown,False,False,2,0,9,0
624,4,0,4,1.2263746725966804,unknown,False,False,1,0,10,0
625,2,0,2,1.167250196414797,unknown,False,False,0,0,10,0
626,0,0,0,1.189767583815521,unknown,False,False,0,0,9,0
627,0,0,0,1.3510737738223153,unknown,False,False,2,0,8,0
628,1,1,2,1.0943215859855255,unknown,False,False,1,0,8,0
629,2,0,2,1.3900845332125358,unknown,False,False,1,0,4,0
630,0,0,0,0.9557351936160805,unknown,False,False,0,0,5,0
631,1,0,1,0.8086043941086075,unknown,False,False,1,1,4,0
632,0,1,1,1.1947073678938338,unknown,False,True,0,0,3,0
633,0,0,0,1.413064526243133,unknown,False,False,0,0,3,0
634,0,0,0,0.9886723073978998,unknown,False,False,0,0,9,1
635,1,0,1,0.9190313948275458,unknown,False,False,1,0,8,0
636,0,1,1,0.9411198481819537,unknown,False,False,1,0,7,0
637,1,0,1,0.9045900289735118,unknown,False,False,1,0,6,0
638,1,0,1,0.8505932731265323,unknown,False,False,0,0,8,0
639,0,0,0,0.8437305526463638,unknown,False,False,0,0,6,0
640,0,0,0,0.7672128674783028,unknown,False,False,0,0,4,0
641,0,0,0,0.6371891563127294,unknown,False,False,0,0,4,0
642,0,0,0,0.493175474864635,unknown,False,False,1,0,3,0
643,0,0,0,0.2946261673048681,unknown,False,False,0,0,2,0
644,0,0,0,0.4078362444559015,unknown,False,False,0,0,7,0
645,1,0,1,0.32963854279955823,unknown,False,False,1,0,4,0
646,3,0,3,0.5971943565852396,unknown,False,False,4,0,6,0
647,2,2,4,0.6496898150731619,red,False,True,3,0,5,0
648,4,0,4,0.28220294139345065,red,False,True,4,0,7,0
649,3,0,3,0.21056145339766275,unknown,False,False,3,0,5,0
650,3,0,3,0.1952059647598423,green,False,True,3,0,5,0
651,3,0,3,0.3077301893215049,red,False,True,2,1,6,0
652,3,0,3,0.6384479740925982,red,False,True,3,1,6,0
653,3,0,3,0.5445276681586837,unknown,False,True,1,0,5,0
654,2,0,2,0.1496157076427944,unknown,False,False,1,0,6,0
655,1,0,1,0.3431104930067548,red,False,True,1,0,9,0
656,1,0,1,0.4862434707485169,red,False,True,1,0,7,0
657,1,0,1,0.4216219561643828,red,False,False,1,0,8,0
658,2,0,2,0.6554980549801068,red,False,True,2,1,9,0
659,2,0,2,0.6558335186249086,red,False,True,2,0,6,0
660,2,0,2,0.430103866086493,red,False,True,2,1,8,0
661,2,0,2,0.5597638359915015,red,False,True,2,1,7,0
662,3,0,3,0.6474501674418551,red,False,True,3,1,6,0
663,3,0,3,0.3222907691870156,red,False,True,1,1,5,0
664,3,0,3,0.21015793462980742,red,False,True,2,0,2,0
665,3,0,3,0.20937941267577886,red,False,True,1,0,5,0
666,3,0,3,0.11465348531071598,red,False,True,2,0,4,0
667,3,0,3,0.08531196803938054,red,False,True,2,0,3,0
668,2,0,2,0.17622698484712682,red,False,False,2,0,2,0
669,2,0,2,0.2329842649500585,red,False,False,1,0,2,0
670,2,0,2,0.23831428176472072,red,False,True,2,0,4,0
671,2,0,2,0.3572190578506598,red,False,True,1,0,4,0
672,2,0,2,0.39182463639282145,green,False,True,1,0,4,0
673,0,0,0,0.6398212714070027,red,False,True,0,1,2,0
674,0,0,0,1.082950982066657,unknown,False,True,0,0,5,0
675,0,0,0,1.2533349687917705,unknown,False,False,0,0,8,0
676,0,0,0,1.2209578677141861,unknown,False,False,0,0,8,0
677,0,0,0,1.211096654006174,unknown,False,False,0,0,7,0
678,0,0,0,1.1408444257996093,unknown,False,False,0,0,6,0
679,0,0,0,0.7780191073323456,unknown,False,False,0,0,7,0
680,0,0,0,0.5658114991261816,unknown,False,False,0,0,6,0
681,0,0,0,0.6504633645165303,unknown,False,False,0,0,6,0
682,0,0,0,1.2330581088044514,unknown,False,False,0,0,7,0
683,0,0,0,1.0449774639568268,unknown,False,False,0,0,6,0
684,0,0,0,0.9425809777888612,unknown,False,False,0,0,6,0
685,0,1,1,0.92156371531657,unknown,False,False,3,0,4,0
686,3,0,3,0.8123663971633168,yellow,False,False,2,0,6,0
687,2,0,2,0.7165523916740467,unknown,False,False,0,0,8,0
688,1,0,1,0.8532979448915269,yellow,False,False,1,0,10,0
689,0,0,0,1.13191191316061,unknown,False,False,0,0,9,0
690,0,0,0,1.5947489959583114,unknown,False,False,0,0,11,0
691,0,0,0,1.511668114834868,unknown,False,False,1,0,8,0
692,0,1,1,1.21092077876301,unknown,False,False,1,0,12,0
693,0,1,1,1.2544167003417945,unknown,False,False,0,0,12,0
694,0,0,0,1.1647786131461169,unknown,False,False,0,0,15,0
695,0,0,0,1.2109252361158702,unknown,False,False,0,0,13,0
696,0,0,0,1.3326586518508285,unknown,False,False,0,0,12,0
697,0,0,0,1.4022596974856354,unknown,False,False,0,0,12,0
698,1,0,1,1.182195302240549,unknown,False,False,1,0,7,0
699,1,0,1,0.6761965664941568,red,False,False,1,0,8,0
700,1,0,1,0.5339405852072829,yellow,False,False,1,0,12,0
701,1,0,1,0.5718978813537815,red,False,False,1,0,7,0
702,1,0,1,0.7149660857180583,red,False,False,1,0,8,0
703,1,0,1,0.5097425555048822,red,False,False,0,0,7,0
704,1,0,1,0.2432298670068524,red,False,False,0,0,7,0
705,0,0,0,0.22985340458924036,red,False,False,1,0,4,0
706,0,0,0,0.4593061792843202,red,False,False,1,0,5,0
707,0,0,0,0.4643090334659632,red,False,False,0,0,6,0
708,0,0,0,0.6555185528442002,red,False,False,0,0,12,0
709,0,0,0,0.5030653418870262,red,False,True,0,0,11,0
710,0,0,0,0.49019114815189746,red,False,False,0,0,7,0
711,0,0,0,0.42116624077447773,red,False,False,0,0,14,0
712,0,0,0,0.3771219292176716,red,False,False,0,0,11,0
713,0,0,0,0.3338769331221276,red,False,False,0,0,8,0
714,0,0,0,0.38477200580517007,red,False,False,0,0,9,0
715,0,0,0,0.22316632569234926,red,False,False,0,0,13,0
716,0,0,0,0.3642559958527973,red,False,False,0,0,12,0
717,0,0,0,0.39782321356196026,red,False,False,0,0,10,0
718,0,0,0,0.5584934216181997,red,False,True,0,0,7,0
719,0,0,0,0.6544744199015315,red,False,True,0,0,7,0
720,0,0,0,0.5966593412806347,unknown,False,False,0,0,10,0
721,0,0,0,0.638819425670566,unknown,False,False,0,0,7,0
722,0,0,0,0.8658060106196943,unknown,False,False,0,0,6,0
723,0,0,0,1.1100388532570866,unknown,False,False,0,0,6,0
724,0,0,0,1.0515174521160726,unknown,False,False,0,0,10,0
725,0,0,0,0.9533782567223889,unknown,False,False,0,0,11,0
726,0,0,0,1.1963385064038548,unknown,False,False,0,0,6,0
727,0,0,0,1.3221131541388884,unknown,False,True,0,0,5,0
728,0,0,0,0.8351928564707688,unknown,False,False,0,0,7,0
729,0,0,0,0.5958656795518936,unknown,False,False,0,0,10,0
730,1,0,1,1.2739124994661009,red,False,True,1,0,7,0
731,4,0,4,1.2786564297381886,unknown,False,False,3,0,9,0
732,2,3,5,1.0831121071909882,unknown,False,False,5,0,10,0
733,4,0,4,0.8561351355560717,unknown,False,True,4,0,7,0
734,4,0,4,0.592398112193027,unknown,False,False,0,0,3,0
735,3,0,3,0.8488299586165439,unknown,False,True,0,0,3,0
736,0,0,0,0.5241765376319207,unknown,False,False,0,0,1,0
737,0,0,0,0.5377127628254097,unknown,False,False,0,0,2,0
738,0,0,0,0.7652932150090402,unknown,False,False,0,0,2,0
739,0,0,0,1.766078187791238,unknown,False,False,0,0,1,0
740,0,0,0,2.850588169825566,unknown,False,False,0,0,2,0
741,0,0,0,0.9194559761970609,unknown,False,False,0,0,3,0
742,0,0,0,0.36671142496600356,unknown,False,False,0,0,2,0
743,0,0,0,0.9529065747024926,unknown,False,False,0,0,4,0
744,0,0,0,1.3365106612504616,unknown,False,False,0,0,4,0
745,0,0,0,1.0067679079256835,red,False,False,0,0,5,0
746,0,0,0,0.8551753304711065,green,False,False,0,0,10,0
747,0,0,0,0.7736236521550305,unknown,False,False,0,0,10,0
748,0,0,0,0.8658919482840645,red,False,False,0,0,7,0
749,0,0,0,1.007235184882277,unknown,False,False,0,0,7,0
750,0,0,0,1.3150172649217349,unknown,False,False,0,0,8,0
751,0,0,0,1.3764639794398903,unknown,False,False,0,0,8,0
752,0,0,0,1.1675607664258316,unknown,False,False,0,0,5,0
753,0,0,0,0.6927745092727214,unknown,False,False,0,0,5,0
754,0,0,0,0.8255060488733309,unknown,False,False,0,0,1,0
755,0,0,0,0.5819257575992832,unknown,False,False,2,0,0,0
756,0,0,0,0.0,unknown,False,False,2,0,1,0
757,1,0,1,0.6957954392751404,unknown,False,False,1,0,1,0
758,1,0,1,1.5791442493787884,unknown,False,False,0,0,1,0
759,1,0,1,2.033979915477602,unknown,False,False,0,0,2,0
760,0,0,0,0.8510890060699959,unknown,False,False,0,0,2,0
761,0,0,0,0.4748112470562897,unknown,False,False,0,0,2,0
762,1,0,1,0.4849660921635865,unknown,False,False,1,0,4,0
763,1,0,1,0.7335762506098827,unknown,False,True,1,0,1,0
764,1,0,1,0.2919276352262647,unknown,False,False,1,0,4,0
765,1,0,1,0.30585706544762203,unknown,False,False,1,0,2,0
766,1,0,1,0.49601887266444017,red,False,False,3,0,3,0
767,1,0,1,1.1339760277874078,red,False,False,1,0,1,0
768,1,0,1,2.726061692279286,unknown,False,False,2,0,1,0
769,1,0,1,1.426389381056502,red,False,False,0,0,3,0
770,2,0,2,0.5622152665261126,red,False,False,2,0,1,0
771,1,0,1,0.26152422180211277,yellow,False,False,1,0,2,0
772,1,0,1,0.24323745031397848,unknown,False,False,1,0,1,0
773,2,0,2,0.2820589326052157,red,False,False,1,0,2,0
774,1,0,1,0.34504506867011203,red,False,False,1,0,2,0
775,1,0,1,0.7073330972439912,yellow,False,False,0,0,2,0
776,1,0,1,1.3404160181098927,unknown,False,False,0,0,2,0
777,1,0,1,1.8305382157344856,unknown,False,False,0,0,2,0
778,0,0,0,1.6583528141801374,unknown,False,False,0,0,2,0
779,0,0,0,0.8027242834967472,unknown,False,False,0,0,3,0
780,0,0,0,0.3318647730438638,unknown,False,False,0,1,2,0
781,0,0,0,0.33845802407681475,unknown,False,False,0,0,3,0
782,0,0,0,0.5189700483958023,unknown,False,False,0,0,3,0
783,0,0,0,0.8425505955442091,unknown,False,False,0,0,3,0
784,0,0,0,0.9628401471464455,unknown,False,False,0,0,2,0
785,0,0,0,0.8472851135339917,red,False,False,0,0,3,0
786,0,0,0,0.6642025073660732,yellow,False,False,0,0,2,0
787,0,0,0,0.7760396013917881,yellow,False,False,0,0,3,0
788,0,0,0,1.0200094587478892,yellow,False,False,0,0,8,0
789,0,0,0,0.6156077486060831,unknown,False,False,0,0,10,0
790,0,0,0,0.597341456784472,unknown,False,False,0,0,12,0
791,0,0,0,0.7146108339766734,unknown,False,False,0,0,11,0
792,0,0,0,1.1269921273657277,unknown,False,False,0,0,11,0
793,0,0,0,1.1205018880244602,unknown,False,False,0,0,13,0
794,0,0,0,1.0349388379090974,unknown,False,False,0,0,9,0
795,0,0,0,1.0466734139558629,unknown,False,False,0,0,8,0
796,0,0,0,0.9606921984784436,unknown,False,False,0,0,9,0
797,0,0,0,0.8910659253849763,yellow,False,False,0,0,5,0
798,0,0,0,0.8041449576458153,yellow,False,False,0,0,5,0
799,0,0,0,0.42781705784557134,unknown,False,False,0,0,5,0
800,0,0,0,0.35075620135538765,green,False,False,2,0,3,0
801,1,0,1,0.11716865433141532,green,False,False,2,0,4,0
802,1,0,1,0.30381279413842927,unknown,False,False,1,0,5,0
803,1,0,1,0.22828417967225728,green,False,False,2,0,6,0
804,1,0,1,0.23256360257229883,green,False,False,0,0,4,0
805,0,0,0,0.26054011103748753,unknown,False,False,1,0,5,0
806,2,0,2,0.30650423991758835,unknown,False,False,0,0,4,0
807,2,0,2,0.5329872121559052,green,False,False,0,0,6,0
808,1,0,1,0.35932620734786336,green,False,False,1,0,5,0
809,1,0,1,0.3972366000463059,unknown,False,False,0,0,6,0
810,0,0,0,0.2904512822589396,red,False,False,0,0,7,0
811,1,0,1,0.3030635790656886,green,False,False,1,0,7,0
812,1,0,1,0.3206275353664613,red,False,False,2,0,5,0
813,1,0,1,0.3640939334400084,unknown,False,False,1,0,3,0
814,1,0,1,0.7555529556868111,yellow,False,False,1,0,1,1
815,1,0,1,0.8333096066502739,unknown,False,True,1,1,1,0
816,1,0,1,0.6833735694364371,yellow,False,False,1,2,1,0
817,2,0,2,0.1795322175288728,yellow,False,False,1,2,1,0
818,1,0,1,0.1933251594103748,yellow,False,False,1,2,0,0
819,1,0,1,0.16527667044063815,unknown,False,False,0,2,0,0
820,0,0,0,0.0,unknown,False,False,0,2,0,0
821,0,0,0,0.0,unknown,False,False,0,2,0,0
822,0,0,0,0.2959783253606143,unknown,False,False,0,2,1,0
823,0,0,0,0.27517483620314676,unknown,False,False,0,0,0,0
824,0,0,0,0.13307505501987668,unknown,False,False,0,0,1,0
825,0,0,0,0.2765024356055677,unknown,False,False,0,0,2,0
826,0,0,0,0.4130540799693909,unknown,False,False,1,0,3,0
827,1,0,1,0.7796495950038871,unknown,False,False,0,0,5,0
828,1,0,1,1.1460090821395914,unknown,False,False,0,1,6,0
829,0,0,0,1.2463155941078459,unknown,False,False,0,0,6,0
830,0,0,0,1.069483413149315,unknown,False,False,0,0,9,0
831,0,0,0,1.1415809975985831,unknown,False,False,0,0,6,0
832,0,0,0,0.6741358033417784,unknown,False,False,0,0,10,0
833,0,0,0,0.5539043552786537,unknown,False,False,0,0,11,0
834,0,0,0,0.8624915231614257,unknown,False,False,0,0,9,0
835,0,0,0,1.1158517442266493,unknown,False,False,0,0,9,0
836,0,0,0,0.6131305267412254,unknown,False,False,1,0,6,0
837,0,0,0,1.3196471689530855,unknown,False,False,0,0,10,0
838,0,0,0,1.0758559105863272,unknown,False,False,0,1,12,0
839,0,0,0,1.0399885509854858,unknown,False,False,1,0,15,0
840,1,0,1,1.1313091479417139,unknown,False,False,1,0,13,0
841,1,0,1,1.0974756118655458,unknown,False,False,0,1,13,0
842,0,0,0,1.011389384757696,unknown,False,False,0,1,12,0
843,0,0,0,0.762174131613568,unknown,False,False,0,1,12,0
844,0,0,0,0.4858620807242845,yellow,False,False,0,1,10,0
845,0,0,0,0.32317844894555753,unknown,False,False,0,1,10,0
846,0,0,0,0.36390356180029954,unknown,False,False,0,1,11,0
847,0,0,0,0.38329621495077265,unknown,False,False,0,0,13,0
848,0,0,0,0.33184243525107965,unknown,False,False,0,0,12,0
849,0,0,0,0.4089546944441688,unknown,False,False,0,0,13,0
850,0,0,0,0.6222512868366182,unknown,False,False,0,0,15,0
851,0,0,0,0.6737704575365541,unknown,False,False,0,0,14,0
852,0,0,0,0.8092684828915064,unknown,False,False,0,0,15,0
853,0,0,0,0.8159928727204568,unknown,False,False,0,0,16,0
854,0,0,0,0.8102440442732163,unknown,False,False,0,0,14,0
855,0,0,0,0.8834053963416763,unknown,False,False,0,0,9,0
856,0,0,0,0.6010672677328314,unknown,False,False,0,0,6,0
857,0,0,0,0.6006618321563951,unknown,False,False,0,0,7,0
858,0,0,0,0.6959019949676545,unknown,False,False,1,0,9,0
859,0,0,0,0.6449171082817037,unknown,False,False,1,0,9,0
860,0,0,0,0.6677011866354093,unknown,False,False,1,0,9,0
861,0,0,0,0.8034688118755139,unknown,False,False,0,0,7,0
862,0,0,0,1.06981037653412,unknown,False,False,0,0,7,0
863,0,0,0,0.9653888411263714,unknown,False,False,0,0,6,0
864,0,1,1,0.8325100604127558,unknown,False,False,2,1,6,0
865,1,1,2,0.6864470455360842,unknown,False,False,3,2,7,0
866,1,1,2,1.3486799063510295,unknown,False,False,1,1,3,0
867,2,0,2,0.7106769121873504,unknown,False,False,1,1,4,0
868,1,0,1,0.5150359180271676,unknown,False,False,0,1,3,0
869,0,0,0,1.4521754377761138,red,False,False,0,0,2,0
870,0,0,0,0.6897273824672436,red,False,False,0,0,5,0
871,0,0,0,0.5601278424061813,red,False,False,0,0,9,0
872,0,0,0,0.364348288918707,red,False,False,0,0,7,0
873,0,0,0,0.2964230294367789,yellow,False,False,0,0,6,0
874,0,0,0,0.5068182355560775,yellow,False,False,0,0,7,0
875,1,0,1,0.6210848740205775,unknown,False,False,1,0,6,0
876,1,0,1,0.6429110965102072,unknown,False,False,1,0,7,0
877,1,0,1,0.6095561210870923,unknown,False,False,0,0,8,0
878,1,0,1,0.8023599076909999,unknown,False,False,0,0,10,0
879,0,0,0,1.0878114996346355,unknown,False,False,0,0,9,0
880,0,0,0,0.9960199469632318,unknown,False,False,0,0,12,0
881,0,0,0,1.0728773827637883,unknown,False,False,0,0,10,0
882,0,0,0,1.2136711408892555,unknown,False,False,0,0,11,1
883,1,0,1,1.074869529931204,unknown,False,False,1,0,8,0
884,2,0,2,0.7180778692438009,yellow,False,False,2,0,5,0
885,2,0,2,0.605640273080867,yellow,False,False,1,1,3,0
886,2,0,2,0.3285115551647805,red,False,False,0,0,2,0
887,0,0,0,0.4129219128981167,red,False,False,0,0,3,0
888,0,0,0,0.4154684342169328,yellow,False,False,0,0,2,0
889,0,0,0,0.42718455764590413,unknown,False,False,0,0,3,0
890,0,0,0,0.5326465972690995,unknown,False,False,0,0,3,0
891,0,0,0,0.65132255573498,yellow,False,False,0,0,3,0
892,0,0,0,0.7327049605869511,unknown,False,False,0,0,2,0
893,0,0,0,1.7225581188297472,unknown,False,False,0,0,2,0
894,2,0,2,0.7599323722276208,unknown,False,False,2,0,0,0
895,0,2,2,0.2902500470734955,unknown,False,False,1,0,0,0
896,3,1,4,0.2117729350703958,unknown,False,False,2,0,0,0
897,2,0,2,0.0,unknown,False,False,1,0,0,0
898,0,0,0,0.0,unknown,False,False,0,0,0,0
899,0,0,0,0.2282629774235364,unknown,False,False,0,0,1,0
900,0,0,0,0.3466798847081233,unknown,False,False,0,0,2,0
901,0,0,0,1.6126527066945195,unknown,False,False,0,0,3,0
902,0,0,0,1.609501391944561,unknown,False,False,0,0,2,0
903,0,0,0,0.91555461061818,unknown,False,False,0,0,2,0
904,0,0,0,1.4575473656605407,unknown,False,False,0,0,3,0
905,0,0,0,1.4455521674629173,unknown,False,False,0,0,1,0
906,0,0,0,0.7274387234288886,unknown,False,False,0,0,1,0
907,0,0,0,0.32036931670334867,unknown,False,False,0,0,2,0
908,0,0,0,0.30340702053305024,unknown,False,False,0,0,1,0
909,0,0,0,0.9458873461450223,unknown,False,False,1,0,1,0
910,0,0,0,1.4444979329277832,unknown,False,False,1,0,1,0
911,1,0,1,1.0902554252431418,unknown,False,False,2,0,2,0
912,2,0,2,0.4724288404492508,yellow,False,False,1,0,0,0
913,1,2,3,0.4098073277999046,unknown,False,False,2,0,0,1
914,2,0,2,0.17374297758434848,unknown,False,True,2,1,1,0
915,2,0,2,0.23039430017667875,unknown,False,True,0,1,0,0
916,2,0,2,1.059527592716606,unknown,False,False,0,0,1,0
917,0,0,0,2.643143931656276,unknown,False,False,0,0,1,0
918,0,0,0,1.6577514469646473,unknown,False,False,0,0,2,0
919,0,0,0,1.0343711530594397,unknown,False,False,0,0,1,0
920,0,0,0,1.5325542793008515,unknown,False,False,0,1,0,0
921,0,0,0,0.42416745464550454,unknown,False,False,0,0,3,0
922,0,0,0,0.9007789943361848,unknown,False,False,0,0,3,0
923,0,0,0,1.3797039535747277,unknown,False,False,0,0,4,0
924,0,0,0,1.5513123511672988,unknown,False,False,0,0,3,0
925,0,0,0,0.7906969288390063,unknown,False,False,0,0,3,0
926,0,0,0,0.8476455042909214,unknown,False,False,0,0,3,0
927,0,0,0,0.6951485712612695,red,False,True,0,1,3,0
928,1,0,1,0.6115979074247461,unknown,False,False,2,0,6,0
929,1,0,1,0.759091445437629,unknown,False,False,3,0,10,0
930,1,0,1,0.9824899670410396,unknown,False,False,0,0,11,0
931,0,0,0,0.9347970571090737,unknown,False,False,0,0,6,0
932,0,0,0,1.3767751782470328,unknown,False,False,0,0,6,0
933,0,0,0,1.1179193575768889,unknown,False,False,0,0,5,0
934,0,0,0,0.9678475469787158,unknown,False,False,0,0,4,0
935,0,0,0,0.94670763363371,unknown,False,False,0,0,4,0
936,0,0,0,0.9880681837184409,unknown,False,False,0,0,5,0
937,0,0,0,0.6920153193554134,unknown,False,False,0,0,5,0
938,1,0,1,0.5153170261453912,unknown,False,False,0,0,4,0
939,2,0,2,0.4385284881631886,green,False,False,1,0,4,0
940,2,0,2,0.34398497124158894,unknown,False,False,3,0,7,0
941,3,0,3,0.30697861291097545,yellow,False,True,2,0,6,0
942,3,0,3,0.29700613212906984,red,False,True,3,1,7,0
943,3,0,3,0.22813238454792747,red,False,True,3,1,8,0
944,2,0,2,0.4017912968636928,unknown,False,True,2,0,9,0
945,2,0,2,0.45073016983998065,red,False,True,1,1,7,0
946,2,0,2,0.5873490978669187,red,False,True,2,1,8,0
947,2,0,2,0.9813430767742736,red,False,True,2,1,8,0
948,2,0,2,0.3837210484605488,red,False,True,2,1,6,0
949,3,0,3,0.5016261144113092,red,False,True,2,1,7,0
950,4,0,4,0.4229439781099091,red,False,True,2,0,7,0
951,3,0,3,0.26835092728459287,red,False,True,2,2,8,0
952,2,0,2,0.34542827593470793,red,False,True,1,1,6,0
953,2,0,2,0.42647661055576375,red,False,True,1,1,10,0
954,2,0,2,0.5241908209336046,unknown,False,True,1,2,5,0
955,1,0,1,0.7243021890587614,red,False,True,3,2,8,0
956,1,0,1,1.00102170999229,red,False,True,1,1,8,0
957,1,0,1,0.9865107366177488,red,False,True,1,1,10,0
958,1,0,1,0.7586220501692545,unknown,False,True,1,1,13,0
959,1,0,1,0.7020508745257359,red,False,True,1,1,10,0
960,2,0,2,0.7110330494096653,red,False,True,1,1,9,0
961,1,0,1,0.5754140268802279,red,False,True,1,1,10,0
962,2,0,2,0.5484676297975356,red,False,True,3,1,11,0
963,2,0,2,0.7728030144716181,red,False,True,1,1,10,0
964,1,0,1,0.7445389467669804,red,False,True,1,1,7,0
965,1,0,1,0.8766038614918901,red,False,False,1,0,11,0
966,2,0,2,0.5793755553556652,red,False,False,1,0,10,0
967,1,0,1,0.7217778196646085,red,False,False,1,0,8,0
968,1,0,1,0.6136702850583436,red,False,False,1,0,8,0
969,1,0,1,0.49981982763848176,red,False,False,1,0,9,0
970,1,0,1,0.5201413150233141,red,False,False,1,0,6,0
971,1,0,1,0.8987381694952139,unknown,False,False,2,0,8,0
972,1,0,1,0.6039500285940604,red,False,False,1,0,8,0
973,1,0,1,0.7248884139893562,red,False,False,2,0,5,0
974,2,0,2,0.7693612403579315,red,False,False,1,0,5,0
975,2,0,2,0.4990116952081007,red,False,False,1,0,6,0
976,2,0,2,0.5277002567908669,red,False,False,0,0,6,0
977,1,0,1,0.5790424686035422,red,False,False,0,0,4,0
978,0,0,0,1.0726785371806031,unknown,False,False,0,0,5,0
979,0,0,0,1.3854705801515443,unknown,False,False,0,0,4,0
980,0,0,0,0.9643517496614115,unknown,False,False,0,0,6,0
981,0,0,0,1.177377317382389,unknown,False,False,0,0,6,0
982,0,0,0,1.0510167591762076,unknown,False,False,0,0,4,0
983,0,0,0,0.4651446228383545,unknown,False,False,0,0,6,0
984,0,0,0,0.5435891217422025,unknown,False,False,1,0,4,0
985,0,0,0,0.5480086474495707,red,False,True,0,1,5,0
986,2,0,2,0.30999997772712,unknown,False,False,3,1,4,0
987,3,0,3,0.3803298881136475,unknown,False,False,2,1,3,0
988,2,0,2,0.8649046214440793,unknown,False,False,0,1,2,0
989,1,0,1,1.1468135632846779,unknown,False,False,0,1,2,0
990,2,0,2,0.6950025716905485,unknown,False,True,2,1,4,0
991,2,0,2,0.36653668590766797,red,False,True,3,1,3,0
992,2,0,2,0.28114954018066546,red,False,True,3,1,3,0
993,1,0,1,0.22041301271529784,red,False,True,2,1,4,0
994,1,0,1,0.2687532482021852,red,False,True,2,1,8,0
995,1,0,1,0.29593769154475374,red,False,True,0,1,7,0
996,2,0,2,0.6434972433510043,red,False,True,1,1,8,0
997,1,0,1,1.1400991428555483,red,False,True,0,1,15,0
998,0,0,0,1.2135856033901637,unknown,False,True,0,1,18,0
999,0,0,0,1.3202494122751265,unknown,False,False,0,1,16,0
1000,0,0,0,1.3923150145154228,unknown,False,False,0,1,15,0
1001,0,0,0,1.1422854816441705,unknown,False,False,0,1,12,0
1002,0,0,0,1.098384208029753,unknown,False,False,0,0,17,0
1003,0,0,0,0.9895996098076951,unknown,False,False,0,0,19,0
1004,0,0,0,0.8719329594131667,unknown,False,False,0,0,13,0
1005,0,0,0,1.0032716754828872,unknown,False,False,0,0,14,0
1006,0,0,0,1.0420091435226795,unknown,False,False,0,0,14,0
1007,0,0,0,0.9140808502029983,unknown,False,False,0,0,9,0
1008,0,0,0,0.6404431883281315,unknown,False,False,0,0,8,0
1009,0,0,0,0.5175542418932572,red,False,False,0,0,8,0
1010,0,0,0,0.34022983745315044,red,False,True,0,0,11,0
1011,1,0,1,0.31263927431319416,unknown,False,True,1,0,9,0
1012,1,0,1,0.13960511560242442,unknown,False,False,2,0,8,0
1013,2,0,2,0.13218180891569853,green,False,False,2,0,8,0
1014,1,0,1,0.2494008639922841,unknown,False,False,1,1,9,0
1015,1,0,1,0.4687290337954497,green,False,False,1,1,9,0
1016,1,0,1,0.4864352653821617,unknown,False,False,1,1,14,0
1017,1,0,1,0.5081338112727973,unknown,False,False,1,1,10,0
1018,1,0,1,0.5359305634014256,green,False,False,1,1,7,0
1019,1,0,1,0.813160707200511,unknown,False,True,1,1,9,0
1020,1,0,1,0.7850638890362106,unknown,False,False,1,1,11,0
1021,1,0,1,0.63439913705485,unknown,False,False,1,1,13,0
1022,1,0,1,0.5933223328248165,unknown,False,False,1,1,10,0
1023,1,0,1,0.4593885211303448,unknown,False,False,2,1,9,0
1024,3,0,3,0.27224759766930995,unknown,False,False,2,1,14,0
1025,2,0,2,0.2580307368487069,yellow,False,True,1,2,11,0
1026,2,0,2,0.29094127445578294,unknown,False,True,1,1,10,0
1027,2,0,2,0.33985251205652767,unknown,False,False,1,1,8,0
1028,1,0,1,0.179634483110093,unknown,False,True,1,1,10,0
1029,1,0,1,0.2429120015350782,green,False,True,2,1,8,0
1030,2,0,2,0.2245439182283901,unknown,False,False,2,1,7,0
1031,2,0,2,0.23088106806328285,unknown,False,False,4,1,10,0
1032,5,0,5,0.2903167525530105,unknown,False,False,6,1,8,0
1033,5,0,5,0.28778977765720787,unknown,False,False,4,1,7,0
1034,4,0,4,0.2971521085200812,unknown,False,False,3,1,7,0
1035,5,0,5,0.2364792679878074,unknown,False,False,5,1,11,0
1036,4,0,4,0.3244962404467891,unknown,False,False,4,2,11,0
1037,5,0,5,0.5191978288346626,green,False,False,3,1,11,0
1038,3,0,3,0.4897840912472226,green,False,True,3,1,11,0
1039,3,0,3,0.3876200062144651,yellow,False,False,2,2,12,0
1040,2,0,2,0.4273263459109761,unknown,False,False,2,2,11,0
1041,2,0,2,0.3201765885820873,green,False,False,2,2,9,0
1042,2,0,2,0.4020628288467701,green,False,True,2,2,7,0
1043,2,0,2,0.680126337984025,green,False,True,2,2,8,0
1044,2,0,2,0.42318880402256837,unknown,False,False,1,2,9,0
1045,1,0,1,0.17674270249311272,unknown,False,True,1,2,7,0
1046,1,0,1,0.18610141687131995,red,False,True,4,2,7,0
1047,2,0,2,0.261917564782207,yellow,False,True,2,1,7,0
1048,2,0,2,0.33326194476248905,yellow,False,True,1,2,9,0
1049,1,0,1,0.5000186435310763,red,False,True,0,1,8,0
1050,1,0,1,0.3700114878090081,red,False,True,1,1,6,0
1051,1,0,1,0.3091459797234996,red,False,True,1,1,6,0
1052,1,0,1,0.1389652734588913,red,False,True,0,1,7,0
1053,0,0,0,0.28851915847195614,red,False,True,0,1,6,0
1054,0,0,0,0.3373480655995805,red,False,True,0,1,8,0
1055,0,0,0,0.38075531944574115,red,False,True,0,1,8,0
1056,0,0,0,0.39760871594744013,red,False,True,0,1,11,0
1057,0,0,0,0.3796166265013122,yellow,False,True,0,1,14,0
1058,0,0,0,0.48716423773721007,green,False,True,0,1,8,0
1059,0,0,0,0.6212044457210413,red,False,True,0,1,5,0
1060,0,0,0,0.9488158959639269,unknown,False,True,0,1,8,0
1061,0,0,0,1.1517927415863989,green,False,False,0,1,10,0
1062,0,0,0,1.245835057763626,unknown,False,False,0,1,7,0
1063,0,0,0,1.2515988390132915,unknown,False,False,0,1,10,0
1064,0,0,0,1.187433207690182,unknown,False,False,0,1,10,0
1065,0,0,0,1.1016276277038712,unknown,False,False,0,1,9,0
1066,0,0,0,0.8009968347110556,unknown,False,False,0,1,8,0
1067,0,0,0,0.7449773053466763,unknown,False,False,1,1,11,0
1068,0,0,0,0.6968468753689296,unknown,False,False,0,0,9,0
1069,0,0,0,0.7774824653998744,unknown,False,False,0,1,12,0
1070,0,0,0,0.8630801686568444,unknown,False,False,1,0,9,0
1071,1,0,1,0.5183877822560133,unknown,False,False,2,1,9,0
1072,2,0,2,0.3959944052272963,unknown,False,False,1,1,11,0
1073,1,0,1,0.3383422164834454,unknown,False,False,1,2,10,0
1074,1,0,1,0.2145854669803364,unknown,False,False,1,2,8,0
1075,1,0,1,0.2813883496719488,unknown,False,False,2,2,6,0
1076,1,0,1,0.31483493528952744,unknown,False,False,1,2,6,0
1077,1,0,1,0.2279278473586136,red,False,True,0,2,9,0
1078,1,0,1,0.1504212672073878,red,False,True,0,2,10,0
1079,0,0,0,0.09808187939224174,unknown,False,True,0,1,9,0
1080,0,0,0,0.17426339688842843,red,False,True,1,1,13,0
1081,0,0,0,0.26698072155557284,unknown,False,True,0,1,7,0
1082,0,0,0,0.46477890157232915,unknown,False,True,0,1,8,0
1083,0,0,0,0.7571652529723975,red,False,True,0,1,6,0
1084,0,0,0,0.5424104374855195,unknown,False,True,0,2,5,0
1085,0,0,0,0.3595172802778482,red,False,True,1,1,4,0
1086,0,0,0,0.4035899163181198,yellow,False,True,2,0,5,0
1087,1,0,1,0.6256152758913621,unknown,False,True,0,0,11,0
1088,1,0,1,1.0000675420329832,unknown,False,False,0,0,10,0
1089,0,0,0,1.2375256472929932,unknown,False,False,0,0,8,0
1090,0,0,0,1.1352135702290795,unknown,False,False,0,0,10,0
1091,0,0,0,1.042673115389301,unknown,False,False,0,0,9,0
1092,0,0,0,0.8878321108325009,unknown,False,False,0,0,10,0
1093,0,0,0,0.6533497872622787,unknown,False,False,0,0,12,0
1094,0,0,0,0.6406244256035928,unknown,False,False,0,0,11,0
1095,0,0,0,0.7737033431944307,unknown,False,False,0,0,8,0
1096,0,0,0,0.8538342114764472,unknown,False,False,0,0,6,0
1097,0,0,0,0.7047408713801216,unknown,False,False,0,0,6,0
1098,0,0,0,0.7178064344699121,red,False,False,0,0,7,0
1099,0,0,0,0.5935765341873173,yellow,False,False,0,0,9,0
1100,0,0,0,0.656818977548232,yellow,False,False,0,0,6,0
1101,0,0,0,0.869638963942761,yellow,False,False,0,0,7,0
1102,0,0,0,1.1957451532941024,unknown,False,False,0,0,6,0
1103,0,0,0,1.0432969506978496,unknown,False,False,0,0,7,0
1104,0,0,0,1.1723966260470025,unknown,False,False,0,0,8,0
1105,0,0,0,0.671671189770243,unknown,False,False,0,0,7,0
1106,0,0,0,0.9655177659499043,unknown,False,False,0,0,7,0
1107,0,0,0,1.4106242008209648,unknown,False,False,0,0,8,0
1108,0,0,0,1.0278389622984718,unknown,False,False,0,0,8,0
1109,1,0,1,1.007004965149398,unknown,False,False,0,0,5,0
1110,1,1,2,1.3732533611556064,unknown,False,False,3,0,7,0
1111,4,1,5,0.8862472735914351,unknown,False,False,4,0,5,0
1112,6,1,7,0.7765691526329438,unknown,False,False,6,0,8,0
1113,6,1,7,0.6194284472015357,yellow,True,False,3,0,13,0
1114,5,0,5,0.5923616593623385,red,True,False,1,0,12,0
1115,3,0,3,0.5655819302858064,yellow,False,False,1,0,9,0
1116,1,0,1,0.6084844330760381,red,False,False,0,0,9,0
1117,0,0,0,0.7716451302124822,yellow,False,True,0,0,8,0
1118,0,0,0,0.6776137768769441,unknown,False,False,1,0,7,0
1119,0,1,1,0.8816135170903275,unknown,False,False,2,0,5,0
1120,1,0,1,1.2748070249893888,unknown,False,False,0,0,6,0
1121,0,0,0,1.3921937041576284,unknown,False,False,0,0,7,0
1122,0,0,0,1.0572999100779477,unknown,False,False,0,0,7,0
1123,0,0,0,1.0134918099042591,unknown,False,False,0,0,8,0
1124,0,0,0,1.064219123579479,unknown,False,False,0,0,8,0
1125,0,0,0,0.9399346584506529,unknown,False,False,0,0,9,0
1126,0,0,0,0.8919310531797695,unknown,False,False,0,0,8,0
1127,0,0,0,0.9058217579080996,yellow,False,False,0,0,6,0
1128,0,0,0,0.6328709450095574,yellow,False,False,0,0,4,0
1129,0,0,0,0.4744739420391395,red,False,False,0,0,6,0
1130,0,0,0,0.30429202425235535,yellow,False,False,0,0,7,0
1131,0,0,0,0.14144514010850578,red,False,False,0,0,6,0
1132,0,0,0,0.2565502553269989,yellow,False,False,0,0,3,0
1133,0,0,0,0.2890219135244064,red,False,False,0,0,6,0
1134,0,0,0,0.23884036223107205,red,False,False,0,0,5,0
1135,0,0,0,0.5359238186431278,red,False,False,0,0,6,0
1136,0,0,0,0.5998528732112184,yellow,False,False,0,0,7,0
1137,0,0,0,0.8582205383771625,unknown,False,False,0,0,7,0
1138,0,0,0,0.9575070142071471,unknown,False,False,0,0,8,0
1139,0,0,0,0.9201748556296525,unknown,False,False,0,0,8,0
1140,0,0,0,0.9747149328414866,unknown,False,False,0,0,7,0
1141,0,0,0,0.7037852224939206,unknown,False,False,0,0,8,1
1142,0,0,0,0.6727803452648314,red,False,False,0,0,6,0
1143,0,0,0,1.0107159602078906,unknown,False,False,0,0,7,0
1144,0,0,0,0.9172614633732058,unknown,False,False,0,0,8,0
1145,0,0,0,0.811649092889317,unknown,False,False,1,0,7,0
1146,1,0,1,0.9016598595251918,unknown,False,False,1,0,9,0
1147,1,0,1,1.003937212103707,unknown,False,False,1,0,6,0
1148,2,0,2,0.7047918038134944,unknown,False,False,2,0,8,0
1149,1,1,2,0.5197524705267962,green,False,False,0,0,8,0
1150,0,0,0,0.5065390176792851,unknown,False,False,0,0,9,0
1151,0,0,0,0.6263150906816672,unknown,False,False,0,0,5,0
1152,0,0,0,0.5662191917733119,unknown,False,False,0,0,10,0
1153,0,0,0,0.4685756999475406,unknown,False,False,0,0,5,0
1154,0,0,0,0.5520862793733884,unknown,False,False,0,0,6,0
1155,0,0,0,0.6269021643442534,unknown,False,False,0,0,10,0
1156,0,0,0,0.5004559961314027,red,False,False,0,0,11,0
1157,0,0,0,0.2578895916959229,unknown,False,False,0,0,7,0
1158,0,0,0,0.24970468573311105,unknown,False,False,0,0,6,0
1159,0,0,0,0.1371516696228382,unknown,False,False,0,0,10,0
1160,0,0,0,0.17557028089531793,unknown,False,False,0,0,7,0
1161,0,0,0,0.429523894964812,unknown,False,False,0,0,6,0
1162,0,0,0,0.7646525601038804,unknown,False,False,0,0,7,0
1163,0,0,0,0.38735235618168873,unknown,False,False,0,0,3,0
1164,0,0,0,0.3581441468453884,red,False,False,0,0,2,0
1165,0,0,0,0.8064083670169361,unknown,False,False,0,0,5,0
1166,0,0,0,1.0962942174708832,unknown,False,False,0,0,5,0
1167,0,0,0,1.2245100289960924,unknown,False,False,0,0,7,0
1168,0,0,0,0.8208281947413747,unknown,False,False,0,0,10,0
1169,1,1,2,0.8507393116098365,unknown,False,False,2,0,9,0
1170,0,2,2,1.0423634839617395,unknown,False,False,0,0,10,0
1171,1,0,1,0.8233374913421176,unknown,False,False,0,0,12,0
1172,0,0,0,0.8520242319727395,unknown,False,False,0,0,11,0
1173,0,0,0,0.7906257918301463,unknown,False,False,0,0,10,0
1174,0,0,0,0.8248334180672735,unknown,False,False,0,0,9,0
1175,0,0,0,0.888922635403317,yellow,False,False,0,0,7,0
1176,0,0,0,0.8290612813589422,unknown,False,False,0,0,8,0
1177,0,0,0,0.8535906768332475,green,False,False,0,0,11,0
1178,0,0,0,0.9362332928204149,red,False,False,0,0,7,0
1179,0,0,0,0.8621945844444528,unknown,False,False,0,0,9,0
1180,0,0,0,0.7751518984158028,unknown,False,False,0,0,6,0
1181,0,0,0,0.9957696182267156,unknown,False,False,0,0,6,0
1182,0,0,0,0.9243870043672352,unknown,False,False,0,0,7,0
1183,0,0,0,1.0317967120169038,green,False,False,0,0,12,0
1184,0,0,0,0.9246771424147613,unknown,False,False,0,0,11,0
1185,0,0,0,0.989536778170657,unknown,False,False,0,0,14,0
1186,0,0,0,1.144854748730056,unknown,False,False,0,0,11,0
1187,0,0,0,0.9392953974697408,unknown,False,False,0,0,9,0
1188,0,0,0,0.7350477914828795,unknown,False,False,0,0,10,0
1189,0,0,0,0.7770116377155872,unknown,False,False,0,0,5,0
1190,0,0,0,0.802481911277321,unknown,False,False,0,1,3,0
1191,0,0,0,0.3723147260860869,unknown,False,False,0,1,4,0
1192,0,0,0,0.3353115637255758,unknown,False,True,0,2,6,0
1193,0,0,0,0.19336756714212797,unknown,False,True,0,2,4,0
1194,0,0,0,0.16981913974182436,unknown,False,True,0,2,2,0
1195,0,0,0,0.3546000791672106,yellow,False,False,0,2,4,0
1196,0,0,0,0.3667841219473635,unknown,False,True,0,3,0,0
1197,0,0,0,0.2971253896720603,unknown,False,False,0,3,1,0
1198,0,0,0,0.08374436518908097,unknown,False,False,0,3,0,0
1199,0,0,0,0.033889306850805496,unknown,False,False,0,2,1,0
1200,0,0,0,0.20503627474824818,unknown,False,False,0,2,0,0
1201,0,0,0,0.22741444556306034,unknown,False,False,0,2,1,0
1202,0,0,0,0.2269614400887468,unknown,False,False,0,2,2,0
1203,0,0,0,0.35027279347735496,unknown,False,False,0,2,1,0
1204,0,0,0,0.8576327774423644,unknown,False,False,0,2,4,0
1205,0,0,0,0.7293715751083142,unknown,False,False,0,1,4,0
1206,0,0,0,1.4581508662399059,unknown,False,False,0,1,5,0
1207,0,0,0,1.470414260355294,unknown,False,False,0,1,3,0
1208,0,0,0,0.8317175344429856,unknown,False,False,0,0,8,0
1209,0,0,0,0.3921993486780615,unknown,False,False,0,0,5,0
1210,0,0,0,0.30102821478087527,yellow,False,False,0,0,6,0
1211,0,0,0,0.1238585987455482,yellow,False,False,0,0,8,0
1212,0,0,0,0.42965398244602837,unknown,False,False,0,0,7,0
1213,0,0,0,0.2990981385134884,unknown,False,False,0,0,7,0
1214,0,0,0,0.24553581116302212,unknown,False,False,0,0,8,0
1215,0,0,0,0.32020918604042764,unknown,False,False,0,1,7,0
1216,0,0,0,0.2435219614125545,unknown,False,False,0,0,11,0
1217,0,0,0,0.3643483596743838,unknown,False,False,0,2,8,0
1218,0,0,0,0.34021471875092213,unknown,False,False,0,2,10,0
1219,0,0,0,0.662252075106095,yellow,False,False,0,2,9,0
1220,0,0,0,0.8751945812358641,unknown,False,False,0,2,8,0
1221,0,0,0,0.7967641523453325,unknown,False,False,0,2,7,0
1222,0,0,0,0.47269241132209827,unknown,False,False,0,2,8,0
1223,0,0,0,0.5112585710018902,unknown,False,False,0,2,5,0
1224,0,0,0,0.39737889830189455,unknown,False,False,0,1,6,0
1225,0,0,0,0.4858846799132522,unknown,False,False,0,2,5,1
1226,0,0,0,0.29639181138644,unknown,False,False,0,4,7,1
1227,0,0,0,0.4992007818737883,unknown,False,False,0,4,8,0
1228,0,0,0,0.6403126589476174,unknown,False,False,0,3,7,0
1229,0,0,0,0.3935449302451436,unknown,False,False,0,3,5,0
1230,0,0,0,0.12078380735616653,unknown,False,False,0,2,4,0
1231,0,0,0,0.25322687809507277,unknown,False,False,0,2,5,1
1232,0,0,0,0.23518333949736583,unknown,False,False,0,2,5,0
1233,0,0,0,0.21247770050821557,yellow,False,False,0,4,2,0
1234,0,0,0,0.2608968674994616,yellow,False,False,0,4,3,0
1235,0,0,0,0.16422491553559823,unknown,False,False,0,3,4,0
1236,0,0,0,0.12161284829991788,yellow,False,False,0,3,6,0
1237,0,0,0,0.25111096708315184,yellow,False,False,0,2,8,1
1238,0,0,0,0.20798961829593207,unknown,False,False,0,1,7,1
1239,0,0,0,0.18287618246847223,unknown,False,False,0,1,5,0
1240,0,0,0,0.24225198446201704,unknown,False,False,0,2,4,0
1241,0,0,0,0.6219785133423787,unknown,False,False,0,2,7,0
1242,0,0,0,0.4772326761536444,unknown,False,False,0,2,5,0
1243,0,0,0,0.629254552589693,yellow,False,False,0,3,6,0
1244,0,0,0,0.5597374177132046,unknown,False,False,0,3,8,0
1245,0,0,0,0.28894939941097725,unknown,False,False,0,2,7,0
1246,0,0,0,0.3534083119438233,unknown,False,False,0,1,8,0
1247,0,0,0,0.27288334544282256,unknown,False,False,0,1,8,0
1248,0,0,0,0.32145743833125917,unknown,False,False,0,1,9,0
1249,0,0,0,0.2625368535223735,unknown,False,True,0,1,8,0
1250,0,0,0,0.4959743725366631,unknown,False,True,0,1,6,0
1251,0,0,0,0.47975130987490044,red,False,True,1,1,9,0
1252,0,0,0,0.32936240536567474,red,False,True,0,1,5,0
1253,0,0,0,0.3031326720951246,red,False,True,0,1,5,0
1254,0,0,0,0.43880263282884757,red,False,True,0,1,7,0
1255,0,0,0,0.4242009634618275,unknown,False,True,0,0,4,0
1256,0,0,0,0.5610063712262107,unknown,False,False,0,0,5,0
1257,0,0,0,0.47679383967885797,unknown,False,False,0,0,4,0
1258,0,0,0,0.3038014522641986,unknown,False,False,0,0,2,0
1259,0,0,0,0.2097942906098806,unknown,False,False,0,0,3,0
1260,0,0,0,0.2651684903852172,unknown,False,False,0,0,2,0
1261,0,0,0,0.3498370001744089,unknown,False,False,0,0,1,0
1262,0,0,0,0.578532535422722,unknown,False,False,0,0,2,0
1263,1,0,1,1.0131637437061982,unknown,False,False,1,0,3,0
1264,0,1,1,1.019873863850009,unknown,False,False,1,0,4,0
1265,1,0,1,0.539909293981356,unknown,False,False,0,0,6,0
1266,0,0,0,0.6029097066465726,unknown,False,False,0,0,6,0
1267,0,0,0,0.6624172796248821,unknown,False,False,0,0,6,0
1268,0,0,0,0.6071815501006625,unknown,False,False,0,0,6,0
1269,0,0,0,0.729583301761578,unknown,False,False,0,0,6,0
1270,0,0,0,0.2697092159435179,green,False,False,0,0,6,0
1271,0,0,0,0.07603590372170314,green,False,False,0,0,6,0
1272,0,0,0,0.09653106913313562,yellow,False,False,0,0,2,0
1273,0,0,0,0.030638003634971756,yellow,False,False,0,0,5,0
1274,0,0,0,0.04060575694084038,yellow,False,False,0,0,4,0
1275,0,0,0,0.11406027954391448,unknown,False,False,0,0,4,0
1276,0,0,0,0.20600663236848968,green,False,False,0,0,4,0
1277,0,0,0,0.13058430761495016,green,False,False,0,0,3,0
1278,0,0,0,0.2385897663973613,green,False,False,0,0,2,0
1279,0,0,0,0.28742990381042055,unknown,False,False,0,0,8,0
1280,0,0,0,0.30086150588577554,unknown,False,False,0,0,8,0
1281,0,0,0,0.28271299257566557,yellow,False,False,0,1,6,0
1282,0,0,0,0.4023658571463461,yellow,False,False,0,0,8,0
1283,0,0,0,0.5931817232014003,red,False,False,0,0,9,0
1284,0,0,0,0.45586956993915945,red,False,False,0,0,10,0
1285,0,0,0,0.48508737998062185,red,False,False,0,0,7,0
1286,0,0,0,0.6088799227234785,unknown,False,False,1,0,8,0
1287,0,0,0,0.5249089303407524,unknown,False,False,1,0,12,0
1288,0,0,0,0.6675948143426597,unknown,False,False,0,0,13,0
1289,0,0,0,0.8078813617992241,unknown,False,False,0,0,9,3
1290,0,0,0,0.7430124417534849,unknown,False,False,0,1,3,3
1291,0,0,0,0.5980118351010052,unknown,False,False,0,1,2,0
1292,0,0,0,0.4078170248954036,unknown,False,False,0,1,5,0
1293,0,0,0,0.2923774788460522,unknown,False,False,0,2,2,0
1294,0,0,0,0.32422496695616565,unknown,False,False,0,2,2,0
1295,0,0,0,0.8391959789243498,unknown,False,False,0,3,3,0
1296,0,0,0,0.694171319691894,unknown,False,False,0,4,5,0
1297,0,0,0,0.9492502150634068,unknown,False,False,0,3,6,0
1298,0,0,0,1.1046390460276554,unknown,False,False,0,1,7,0
1299,0,0,0,1.0901687675806289,unknown,False,True,0,1,10,0
1300,0,0,0,0.819166480674471,red,False,True,0,1,6,0
1301,0,0,0,0.7262687817968719,red,False,True,0,0,9,0
1302,0,0,0,0.4742816424376831,yellow,False,False,0,1,9,0
1303,0,0,0,0.38532924032502514,unknown,False,True,0,1,6,0
1304,0,0,0,0.3074366043624068,unknown,False,True,0,2,8,0
1305,0,0,0,0.3294195742524352,red,False,True,0,1,4,0
1306,0,0,0,0.325470199452599,unknown,False,True,0,1,6,0
1307,0,0,0,0.49520296272389375,unknown,False,True,0,2,5,0
1308,0,0,0,0.5939600078115858,red,False,True,0,1,4,0
1309,0,0,0,0.47590964977727296,red,False,True,0,2,3,0
1310,0,0,0,0.2644749944735109,red,False,True,0,2,5,0
1311,0,0,0,0.24276216730440411,unknown,False,True,0,1,3,0
1312,0,0,0,0.16846612518124265,red,False,True,0,1,6,0
1313,0,0,0,0.23441036729075101,red,False,True,0,1,7,0
1314,0,0,0,0.2841285696066406,unknown,False,True,0,1,6,0
1315,0,0,0,0.5336808395141313,unknown,False,True,0,1,5,0
1316,0,0,0,0.4161948310033875,unknown,False,False,0,1,5,0
1317,0,0,0,0.6428202064220738,unknown,False,False,0,1,6,0
1318,0,0,0,0.716330327859388,unknown,False,False,0,1,8,0
1319,0,0,0,0.8398041300950873,unknown,False,False,0,1,8,0
1320,0,0,0,0.934577807823471,unknown,False,False,0,0,9,0
1321,0,0,0,0.7878328226818401,unknown,False,False,0,1,10,0
1322,0,0,0,0.5189112465227054,unknown,False,False,0,0,6,0
1323,0,0,0,0.43531397760153145,unknown,False,False,0,0,8,0
1324,0,0,0,0.43054278802943413,unknown,False,False,0,1,10,0
1325,0,0,0,0.4219303793628365,unknown,False,False,0,1,7,0
1326,0,0,0,0.5690365020507763,unknown,False,False,1,1,7,0
1327,2,0,2,0.6920523533759166,unknown,False,False,1,0,6,0
1328,2,0,2,0.8975848100580464,unknown,False,False,2,1,8,0
1329,2,0,2,0.8566655101129945,unknown,False,False,1,1,11,0
1330,2,0,2,0.6629736636038404,unknown,False,True,0,0,10,0
1331,0,0,0,0.5415157909500775,red,False,True,1,1,12,0
1332,0,0,0,0.4741958753198547,unknown,False,True,0,2,11,0
1333,0,0,0,0.5502814364514883,red,False,True,0,1,10,0
1334,0,0,0,0.5812713938698553,red,False,True,0,1,15,0
1335,0,0,0,0.8436558435036817,unknown,False,True,0,1,17,0
1336,0,0,0,0.9996235054288909,unknown,False,False,0,1,12,0
1337,0,0,0,1.1554865852100444,unknown,False,False,0,1,11,0
1338,0,0,0,1.1971908046441286,unknown,False,False,0,1,11,0
1339,0,0,0,0.8850418577955971,unknown,False,False,0,1,6,0
1340,0,0,0,0.8928533534239564,unknown,False,False,1,1,11,0
1341,0,0,0,1.053193444643661,unknown,False,False,0,1,8,0
1342,0,0,0,1.1651314152139085,unknown,False,False,0,1,11,0
1343,0,0,0,1.21446308025363,unknown,False,False,0,0,11,0
1344,0,0,0,0.9216472115841088,unknown,False,False,0,0,9,0
1345,0,0,0,0.8841656479143203,unknown,False,False,0,0,7,0
1346,1,0,1,0.6871363160554889,red,False,False,1,0,6,0
1347,2,0,2,0.8742437530550173,red,False,False,2,0,4,0
1348,2,0,2,0.7072741011197258,unknown,False,False,1,0,2,0
1349,1,0,1,0.47571266123860134,unknown,False,False,0,0,1,0
1350,1,0,1,0.553090383036018,unknown,False,False,0,0,6,0
1351,0,1,1,1.600828653900264,unknown,False,False,1,0,2,0
1352,1,0,1,2.532429509890318,unknown,False,False,1,0,2,0
1353,1,0,1,1.399294521083562,unknown,False,False,0,0,2,0
1354,0,0,0,0.5711327788064707,unknown,False,False,0,0,2,0
1355,0,0,0,0.2932174737718631,unknown,False,False,0,0,3,0
1356,0,0,0,0.5586386743076641,unknown,False,False,0,0,3,0
1357,0,0,0,1.111487214653175,red,False,False,0,0,2,0
1358,0,0,0,1.45386852909505,red,False,True,0,0,5,0
1359,0,0,0,1.2847308235438988,yellow,False,False,1,0,4,0
1360,0,0,0,0.8220965718313193,unknown,False,False,0,1,3,0
1361,0,0,0,0.3113511749357907,unknown,False,False,1,0,5,0
1362,1,0,1,0.27937949745657514,red,False,True,1,1,2,0
1363,1,0,1,0.1851453700306053,red,False,True,0,0,4,0
1364,1,0,1,0.2855366352684776,unknown,False,False,0,0,3,0
1365,0,0,0,0.17396596909517223,red,False,False,0,0,3,0
1366,0,0,0,0.33132130983837776,red,False,False,0,0,4,0
1367,0,0,0,0.504340680884924,red,False,False,0,0,3,0
1368,0,0,0,1.449004818253627,yellow,False,False,0,0,6,0
1369,0,0,0,1.5112954190283645,yellow,False,False,0,0,7,0
1370,0,0,0,1.7595294395847774,yellow,False,False,0,0,9,0
1371,1,0,1,1.5036638322916278,unknown,False,False,1,0,9,0
1372,2,2,4,1.1488829517364174,unknown,False,False,3,0,8,0
1373,2,1,3,0.9614837798818067,unknown,False,False,2,0,11,0
1374,2,0,2,1.300010700863526,unknown,False,False,0,0,7,0
1375,0,0,0,1.4692284387745782,unknown,False,False,0,0,6,0
1376,0,0,0,0.8485607546510054,unknown,False,False,0,0,9,0
1377,0,0,0,0.7434426398938179,unknown,False,False,0,1,12,0
1378,0,0,0,1.202212900010476,unknown,False,False,0,1,9,0
1379,0,0,0,1.3763493243313256,red,False,False,0,0,8,0
1380,0,0,0,1.3969419353495323,red,False,False,0,0,9,0
1381,0,0,0,1.2065885022534015,red,False,False,0,0,7,0
1382,0,0,0,0.719185155048521,yellow,False,False,0,0,10,0
1383,0,0,0,0.984535062806216,unknown,False,False,0,0,13,0
1384,0,0,0,1.1327777407127377,unknown,False,False,0,0,11,0
1385,1,0,1,1.6249546512324697,unknown,False,False,1,0,9,0
1386,1,0,1,1.2411622978527452,unknown,False,False,1,0,9,0
1387,0,0,0,0.8513022364384208,unknown,False,False,0,0,8,0
1388,0,0,0,0.9963339677185135,unknown,False,False,0,0,10,0
1389,1,0,1,1.0687194778008164,unknown,False,False,1,0,10,0
1390,0,1,1,1.0651894919075395,unknown,False,False,1,0,8,0
1391,1,0,1,0.88249041752948,unknown,False,False,1,0,7,0
1392,1,0,1,0.6895113668737214,unknown,False,False,1,0,6,0
1393,1,0,1,0.6667558076892265,unknown,False,False,0,0,5,0
1394,0,0,0,0.5987752790828956,unknown,False,False,0,0,5,0
1395,0,0,0,0.7094130467807291,unknown,False,False,0,0,5,0
1396,0,0,0,0.4409854400642335,unknown,False,False,1,0,5,0
1397,0,0,0,0.18822306375985984,unknown,False,False,0,1,4,0
1398,0,0,0,0.3499267065931305,unknown,False,False,0,0,3,0
1399,0,0,0,0.38971369131572203,unknown,False,False,0,1,5,0
1400,0,0,0,0.6039436163945634,unknown,False,False,0,0,4,0
1401,0,0,0,0.5184722164825477,unknown,False,False,0,0,1,0
1402,0,0,0,0.5939095824980969,unknown,False,False,0,1,3,0
1403,0,0,0,0.46613705258944016,unknown,False,False,0,1,4,0
1404,0,0,0,0.4282043511212425,unknown,False,False,0,0,7,0
1405,0,0,0,0.4012060623585648,unknown,False,False,0,0,7,0
1406,0,0,0,0.48745411852834625,unknown,False,False,0,0,6,0
1407,0,0,0,0.40869575038389827,unknown,False,False,0,0,4,0
1408,0,0,0,0.3369444104556221,unknown,False,False,0,0,6,0
1409,0,0,0,0.5704727088951013,unknown,False,False,0,1,5,0
1410,0,0,0,0.5139851115610417,unknown,False,False,0,0,7,0
1411,0,0,0,0.4535934890933002,unknown,False,False,0,0,6,0
1412,0,0,0,0.518064921661357,red,False,True,0,1,5,0
1413,0,0,0,0.6867320910335539,unknown,False,False,0,1,5,0
1414,0,0,0,0.5380442769193361,unknown,False,False,0,2,5,0
1415,0,0,0,0.24228426330424294,unknown,False,True,0,2,3,0
1416,0,0,0,0.20324598911222325,unknown,False,False,0,1,4,0
1417,0,0,0,0.12259491417197213,red,False,True,0,1,4,0
1418,0,0,0,0.15106125409518006,unknown,False,True,0,0,3,0
1419,0,0,0,0.15988823266213073,unknown,False,False,0,0,4,0
1420,0,0,0,0.18115607271137155,red,False,False,0,0,4,0
1421,1,0,1,0.18301076772551028,unknown,False,False,0,0,4,0
1422,1,0,1,0.30947302207692673,red,False,False,0,0,8,0
1423,0,0,0,0.3158835262397782,unknown,False,False,0,0,4,0
1424,0,0,0,0.4086034823056483,red,False,False,0,0,5,0
1425,0,0,0,0.6880256473798764,unknown,False,False,0,0,5,0
1426,0,0,0,0.6570058865451628,unknown,False,False,0,0,1,0
1427,0,0,0,1.2476472080370211,unknown,False,False,0,0,3,0
1428,0,0,0,1.116632408572042,unknown,False,False,0,0,4,1
1429,1,0,1,1.1158483656667435,unknown,False,False,2,0,5,0
1430,2,0,2,1.8839911141975236,unknown,False,False,1,0,8,0
1431,1,0,1,0.8224272693979178,unknown,False,False,0,0,8,0
1432,1,0,1,0.7771878714275235,unknown,False,False,0,0,9,0
1433,1,0,1,0.888406487353462,unknown,False,False,0,0,7,0
1434,0,0,0,1.2430248883030883,unknown,False,False,0,0,6,0
1435,0,0,0,1.0705344368273255,unknown,False,False,0,0,6,0
1436,0,0,0,0.8233886136986983,unknown,False,False,0,0,5,0
1437,0,0,0,0.3832077277062902,red,False,True,0,1,4,0
1438,0,0,0,0.7379809281177734,unknown,False,True,0,1,6,0
1439,1,0,1,1.3531187267652924,unknown,False,True,0,0,6,0
1440,1,0,1,0.6245744636882861,unknown,False,False,0,0,4,0
1441,0,0,0,1.2876745432879615,unknown,False,False,0,0,6,0
1442,0,0,0,1.669775848093306,unknown,False,False,0,0,9,0
1443,0,0,0,1.6336669149430023,unknown,False,False,0,0,8,0
1444,0,0,0,1.6365469332618459,unknown,False,False,0,0,9,0
1445,0,0,0,1.1535799300119887,unknown,False,False,0,0,10,0
1446,0,1,1,0.6626655277027743,unknown,False,False,1,0,9,0
1447,2,0,2,0.6205272801381497,unknown,False,False,1,0,8,0
1448,1,0,1,0.6441033256886641,unknown,False,False,0,0,9,0
1449,0,1,1,0.9482461352485329,unknown,False,False,1,0,4,0
1450,3,1,4,1.4349416797917227,unknown,False,False,3,0,6,0
1451,3,0,3,1.0861353459581222,unknown,False,False,1,0,8,0
1452,2,0,2,0.654947439291289,unknown,False,False,0,0,7,0
1453,0,0,0,0.45677582166919717,unknown,False,False,0,0,8,0
1454,0,0,0,0.4580736575029586,unknown,False,False,0,0,8,0
1455,0,0,0,0.36853634922116607,unknown,False,False,0,0,8,0
1456,0,0,0,0.18909060257965934,green,False,False,0,0,8,0
1457,0,0,0,0.15763261632124054,unknown,False,False,0,0,8,0
1458,1,0,1,0.21791014272974338,unknown,False,False,1,0,9,0
1459,1,0,1,0.2845877392559546,green,False,False,1,0,6,1
1460,0,1,1,0.29397439063420877,unknown,False,False,1,0,9,1
1461,1,1,2,0.30402882883286936,green,False,False,1,0,9,1
1462,1,0,1,0.335472889298939,unknown,False,False,0,0,9,0
1463,1,0,1,0.3540500452026429,unknown,False,False,0,0,13,0
1464,0,0,0,0.536612535499008,unknown,False,False,0,0,10,0
1465,0,0,0,0.701662944948218,red,False,False,0,0,9,0
1466,0,0,0,0.523142865235492,red,False,False,0,0,8,0
1467,0,0,0,0.589097668354765,red,False,False,0,0,9,0
1468,0,0,0,0.9042892373595651,green,False,False,0,0,9,0
1469,0,0,0,0.5982250446123131,green,False,False,0,0,7,0
1470,0,0,0,0.32091865662077934,yellow,False,False,0,0,10,0
1471,1,0,1,0.31057378803608715,red,False,False,3,0,7,0
1472,1,0,1,0.28898314455060514,unknown,False,False,1,0,7,0
1473,2,0,2,0.3001253678760455,red,False,False,1,0,6,0
1474,0,1,1,0.2700473030900238,green,False,False,1,0,5,0
1475,1,0,1,0.47548777663874386,unknown,False,False,1,0,5,0
1476,1,0,1,0.6549441537916822,unknown,False,False,1,0,10,0
1477,1,0,1,1.0822068900763773,unknown,False,False,0,0,10,0
1478,0,0,0,0.910288117545497,unknown,False,False,0,0,13,0
1479,0,0,0,0.8767556544332312,unknown,False,False,1,0,10,0
1480,1,1,2,1.0887016010311377,unknown,False,False,2,0,4,0
1481,0,2,2,1.1460718853385148,unknown,False,False,1,0,11,0
1482,1,1,2,1.1153321008640202,unknown,False,False,0,0,17,0
1483,0,0,0,1.1039784311381426,unknown,False,False,0,0,18,0
1484,0,0,0,1.1222570480591434,unknown,False,False,0,0,16,0
1485,0,0,0,1.136154530986103,unknown,False,False,0,0,17,0
1486,0,0,0,1.367920786431201,unknown,False,False,0,0,16,0
1487,0,0,0,1.3464335211685874,unknown,False,False,0,0,11,0
1488,0,0,0,1.1428097677700801,red,False,False,0,0,14,0
1489,0,0,0,1.3394297053822413,red,False,False,0,0,17,0
1490,0,0,0,0.9160159255388682,unknown,False,False,0,0,11,0
1491,0,0,0,0.757826072419426,unknown,False,False,0,0,6,0
1492,0,0,0,0.5311946690439343,unknown,False,False,1,0,7,0
1493,0,1,1,0.9856503392085042,unknown,False,False,1,0,6,0
1494,1,1,2,1.3851087878001824,unknown,False,False,1,0,5,0
1495,1,0,1,1.017085133387995,unknown,False,False,0,0,8,0
1496,1,0,1,0.7830473931000909,unknown,False,False,1,0,8,0
1497,0,0,0,0.9097389293776447,unknown,False,False,0,0,8,0
1498,0,0,0,1.323157174915965,unknown,False,False,0,0,8,0
1499,0,0,0,0.8640473755975251,red,False,False,0,0,7,0
1500,0,0,0,0.7453368882069222,red,False,False,0,0,8,0
1501,0,0,0,0.6617913343723041,unknown,False,False,0,0,3,0
1502,1,0,1,0.8458977453288169,unknown,False,False,1,0,7,0
1503,0,1,1,0.7658519321513271,unknown,False,False,1,0,5,0
1504,1,0,1,0.6495848617795411,red,False,True,1,0,8,0
1505,1,0,1,0.7356451220978883,red,False,False,1,0,6,0
1506,1,1,2,0.7941382250453923,red,False,True,2,1,5,0
1507,1,0,1,0.5900639926287438,unknown,False,True,2,2,1,1
1508,1,0,1,0.6339350016953352,unknown,False,False,1,2,1,1
1509,1,0,1,0.5764813551061803,unknown,False,False,0,2,1,0
1510,0,0,0,0.7001016766537368,unknown,False,False,0,2,1,0
1511,0,0,0,2.173703807032659,unknown,False,False,0,1,1,0
1512,0,0,0,1.3304094570198488,unknown,False,False,0,1,1,0
1513,0,0,0,0.460084919295444,unknown,False,False,0,1,1,0
1514,0,0,0,0.34353039426062937,unknown,False,False,0,1,1,0
1515,0,0,0,0.18424663975234848,yellow,False,False,0,0,0,0
1516,0,0,0,0.09017764988933216,unknown,False,False,0,0,1,0
1517,0,0,0,0.24443936912724307,unknown,False,False,1,0,4,0
1518,0,0,0,0.5656933853786166,unknown,False,False,0,0,4,0
1519,0,0,0,0.8446474743309237,red,False,False,0,0,7,0
1520,0,0,0,1.0581423699151151,red,False,False,0,0,6,0
1521,0,0,0,0.6373338918206112,red,False,False,0,0,6,0
1522,0,0,0,0.36067966839529936,red,False,True,0,0,6,0
1523,0,0,0,0.7299517397713648,red,False,True,0,1,7,0
1524,0,0,0,0.9610526967261439,red,False,True,0,1,5,0
1525,0,0,0,0.7104340876647048,red,False,True,0,1,5,0
1526,0,0,0,0.6679724366760633,red,False,True,0,1,6,0
1527,0,0,0,0.45291755771276176,red,False,True,0,1,7,0
1528,0,0,0,0.6597030789074658,red,False,True,0,1,6,0
1529,0,0,0,0.6228401818491396,red,False,True,0,1,4,0
1530,0,0,0,0.9156825922606847,red,False,True,0,1,3,0
1531,0,0,0,0.811319277085585,red,False,True,0,1,3,0
1532,0,0,0,0.1888472180684512,red,False,True,0,1,2,0
1533,0,0,0,0.15900640684032047,red,False,True,0,1,4,0
1534,0,0,0,0.18866377420089267,red,False,True,0,1,5,0
1535,0,0,0,0.20429303600329757,red,False,True,0,1,4,0
1536,0,0,0,0.6039433037094964,red,False,True,0,1,4,0
1537,0,0,0,0.7829762458158026,red,False,True,0,1,5,0
1538,0,0,0,0.6364494547981561,red,False,True,0,1,3,0
1539,0,0,0,0.5607055448913277,red,False,True,0,1,5,0
1540,0,0,0,0.98734104232185,red,False,True,0,1,3,0
1541,0,0,0,0.6362201480176966,red,False,True,0,1,2,0
1542,0,0,0,0.4196571456488426,unknown,False,True,0,1,5,0
1543,0,0,0,0.3725377595486628,unknown,False,True,0,1,5,0
1544,0,0,0,0.4941623237169357,red,False,True,0,1,4,0
1545,0,0,0,0.5704403010169533,red,False,True,0,0,7,0
1546,0,0,0,0.6595446939098579,unknown,False,True,0,1,7,0
1547,0,0,0,0.6929093446442584,unknown,False,False,0,0,8,0
1548,0,0,0,0.8556228653383777,unknown,False,False,0,1,6,0
1549,0,0,0,0.8585172932545933,unknown,False,True,0,0,4,0
1550,0,0,0,1.0924301554212048,unknown,False,False,0,1,4,0
1551,0,0,0,0.9525281650667707,unknown,False,False,0,0,4,0
1552,0,0,0,0.6574784768711508,unknown,False,False,0,0,4,0
1553,0,0,0,0.32868176205823496,unknown,False,False,0,0,4,0
1554,0,0,0,0.31154188332432375,unknown,False,False,0,0,2,0
1555,0,0,0,0.30007906431254405,unknown,False,False,0,0,1,0
1556,0,0,0,0.6888088369004874,unknown,False,False,0,0,2,0
1557,0,0,0,2.838576513853953,unknown,False,False,0,0,2,0
1558,0,0,0,1.1820237331788936,yellow,False,False,0,0,2,0
1559,0,0,0,0.706476658634279,green,False,False,0,0,0,0
1560,0,0,0,0.35943716203547676,red,False,False,0,0,0,0
1561,0,0,0,0.0,unknown,False,False,0,0,0,0
1562,0,0,0,0.0,unknown,False,False,0,0,0,0
1563,0,0,0,0.0,unknown,False,False,0,0,0,0
1564,0,0,0,0.0,unknown,False,False,0,0,1,0
1565,0,0,0,0.549696606381877,unknown,False,False,0,0,0,0
1566,0,0,0,0.8118051383507081,unknown,False,False,0,0,0,0
1567,0,0,0,0.9188716439815906,unknown,False,False,0,0,1,0
1568,0,0,0,0.8802822069080153,red,False,False,0,0,2,0
1569,0,0,0,0.46760784934693866,yellow,False,False,0,0,1,0
1570,0,0,0,0.4598681783653925,yellow,False,False,0,0,5,0
1571,0,0,0,0.6888084614513875,unknown,False,False,0,0,4,0
1572,0,0,0,0.9877742548794551,unknown,False,False,0,0,8,0
1573,0,0,0,0.9266407748437562,unknown,False,False,0,0,10,0
1574,0,0,0,0.7552529668689593,unknown,False,False,0,0,12,0
1575,0,0,0,0.8158650289554225,unknown,False,False,0,0,10,0
1576,0,0,0,0.8020202982937396,unknown,False,False,1,0,10,0
1577,2,0,2,0.829478947632266,unknown,False,False,1,0,7,0
1578,2,0,2,0.8895365982288597,unknown,False,False,1,0,7,0
1579,1,0,1,0.7665143819352176,unknown,False,False,1,0,6,0
1580,0,0,0,0.481274978324421,unknown,False,False,0,0,4,0
1581,0,0,0,0.4343575165846069,unknown,False,False,0,0,6,0
1582,0,0,0,0.19230615982262897,unknown,False,False,0,0,6,0
1583,0,0,0,0.22184031915523453,unknown,False,False,1,0,5,0
1584,2,0,2,0.08167966926240434,unknown,False,False,1,0,3,0
1585,2,0,2,0.1614356469149675,unknown,False,False,0,0,4,0
1586,0,0,0,0.17771319693788146,unknown,False,False,0,0,5,0
1587,0,0,0,0.22317874813614805,unknown,False,False,0,0,7,0
1588,0,0,0,0.44053492954520634,unknown,False,False,0,0,7,0
1589,1,0,1,0.4426053277327088,unknown,False,False,0,0,6,0
1590,1,0,1,0.3698655997089039,unknown,False,False,0,0,6,0
1591,0,0,0,0.4623605336502955,red,False,False,1,0,3,0
1592,0,0,0,0.3825198562137243,red,False,False,0,0,7,0
1593,0,0,0,0.7495505678486459,red,False,False,0,0,6,0
1594,0,0,0,0.9697906184300421,red,False,False,1,0,5,0
1595,0,0,0,0.3200872414996802,red,False,False,0,0,6,0
1596,0,0,0,0.21629402515108986,red,False,False,1,0,9,0
1597,0,0,0,0.2705665864178546,red,False,False,0,0,4,0
1598,2,0,2,0.3372136433703625,red,False,False,2,0,6,0
1599,2,0,2,0.34524858966312194,unknown,False,False,2,0,4,0
1600,2,0,2,0.371086962754765,yellow,False,False,3,0,3,0
1601,2,0,2,0.3941472982079708,yellow,False,False,2,0,2,0
1602,3,0,3,0.5738570931275024,yellow,False,False,1,0,2,0
1603,2,0,2,0.5708743962592704,unknown,False,False,3,0,4,0
1604,1,1,2,0.4800272449953044,unknown,False,False,1,0,4,0
1605,2,0,2,0.6601701740357632,unknown,False,False,1,0,2,0
1606,1,0,1,1.1361684985864269,unknown,False,False,1,0,3,0
1607,1,0,1,0.9790874329455478,unknown,False,False,0,0,5,0
1608,0,0,0,1.3400086642353315,unknown,False,False,2,0,5,0
1609,0,0,0,1.318102534987642,unknown,False,False,2,0,4,0
1610,1,0,1,1.022651621809635,unknown,False,False,0,0,5,0
1611,1,0,1,1.2164231204127967,unknown,False,False,1,0,7,0
1612,0,0,0,1.3443976876438,unknown,False,False,0,0,7,0
1613,0,0,0,0.713946336554693,unknown,False,False,0,0,10,0
1614,0,0,0,0.7416617117791613,unknown,False,False,0,0,10,0
1615,0,0,0,0.8145153937463362,unknown,False,False,0,0,5,0
1616,0,0,0,0.7740411186001036,unknown,False,False,2,0,5,0
1617,3,0,3,0.8578067174443997,yellow,False,False,1,0,8,0
1618,3,0,3,1.300050975698627,unknown,False,False,0,0,9,0
1619,0,0,0,1.2161345926237195,unknown,False,False,0,0,11,0
1620,0,0,0,0.9256576137214518,unknown,False,False,0,0,14,0
1621,0,0,0,1.0867107556161317,unknown,False,False,0,0,11,0
1622,0,0,0,1.1177947168547977,unknown,False,False,0,0,11,0
1623,0,0,0,1.0486139530643248,unknown,False,False,0,0,11,0
1624,0,0,0,1.1984599470802544,unknown,False,False,0,0,6,0
1625,0,0,0,0.7467762829020379,unknown,False,False,0,0,8,0
1626,0,0,0,0.7151356413137017,unknown,False,False,0,0,11,0
1627,0,0,0,0.80840177344496,unknown,False,False,0,0,5,0
1628,0,0,0,0.6239221556000316,red,False,False,0,0,7,0
1629,0,0,0,0.46139679605550027,unknown,False,False,0,0,10,0
1630,0,0,0,0.2649019544845625,unknown,False,False,0,0,9,0
1631,0,0,0,0.26045012295932773,unknown,False,False,0,0,11,0
1632,0,0,0,0.26495769653127227,unknown,False,False,0,0,9,0
1633,0,0,0,0.28537749930310957,unknown,False,False,0,0,8,0
1634,0,0,0,0.4066926403940359,unknown,False,False,0,0,7,0
1635,0,0,0,0.46698008010583764,unknown,False,False,0,0,10,0
1636,0,0,0,0.39880331818593195,unknown,False,False,0,0,8,0
1637,0,0,0,0.2715621709387107,yellow,False,False,0,0,9,0
1638,0,0,0,0.2620036270293981,unknown,False,False,0,0,8,0
1639,0,0,0,0.25445479721166325,red,False,False,0,0,10,1
1640,0,0,0,0.2492056559038639,unknown,False,False,0,0,9,0
1641,0,0,0,0.18018931353347376,unknown,False,False,0,0,9,0
1642,0,0,0,0.13973767538277543,unknown,False,False,0,0,8,1
1643,0,0,0,0.12086027807530406,unknown,False,False,0,0,5,0
1644,0,0,0,0.12766526174735687,unknown,False,False,0,0,10,0
1645,0,0,0,0.24801703857190213,unknown,False,False,0,0,10,1
1646,0,0,0,0.3114777841593177,unknown,False,False,0,0,10,0
1647,0,0,0,0.4725031801870828,unknown,False,False,0,0,11,1
1648,0,0,0,0.33127284833111376,unknown,False,False,0,0,12,1
1649,0,0,0,0.21790989847987233,unknown,False,False,0,0,10,0
1650,0,0,0,0.16907015363993763,unknown,False,True,0,1,9,0
1651,0,0,0,0.1896257743658146,unknown,False,False,0,1,11,0
1652,0,0,0,0.12950937324787137,unknown,False,True,0,1,10,0
1653,0,0,0,0.15653107571104596,unknown,False,True,0,1,8,0
1654,0,0,0,0.2179046334935296,red,False,True,0,1,9,0
1655,0,0,0,0.21979753951734143,red,False,True,0,1,9,0
1656,0,0,0,0.2482460071126238,unknown,False,True,0,1,12,0
1657,0,0,0,0.2092849916656232,unknown,False,False,0,1,12,0
1658,0,0,0,0.24583733247280037,red,False,True,0,1,12,1
1659,0,0,0,0.20612028323955037,red,False,False,0,0,11,1
1660,0,0,0,0.24609394741747453,unknown,False,False,0,0,12,1
1661,0,0,0,0.43310191401443154,red,False,False,0,0,13,1
1662,0,0,0,0.28489235929733436,green,False,False,0,0,11,1
1663,0,0,0,0.2567354832480345,unknown,False,False,0,0,12,1
1664,0,0,0,0.23676632282182214,unknown,False,False,0,0,12,1
1665,0,0,0,0.2335780665085581,unknown,False,False,0,0,11,0
1666,0,0,0,0.18973654637308793,unknown,False,False,0,0,12,1
1667,0,0,0,0.16091265096509796,unknown,False,False,0,0,12,1
1668,0,0,0,0.11017871131491776,red,False,False,0,0,9,0
1669,0,0,0,0.12332138733116253,unknown,False,False,0,0,10,0
1670,0,0,0,0.13989318038663218,unknown,False,False,0,0,9,0
1671,0,0,0,0.20693846201687977,red,False,False,0,0,8,0
1672,0,0,0,0.2842501328478636,red,False,False,0,0,9,1
1673,0,0,0,0.22322539586968082,unknown,False,False,0,0,9,0
1674,1,0,1,0.07010424865225764,red,False,False,1,0,9,0
1675,1,0,1,0.05281766242718422,unknown,False,False,1,0,8,1
1676,1,0,1,0.05603728290266587,unknown,False,False,1,0,9,0
1677,1,0,1,0.0610240976789233,unknown,False,False,1,0,8,0
1678,1,0,1,0.12750689481216007,unknown,False,False,1,0,11,0
1679,1,0,1,0.07581389457401497,unknown,False,False,1,0,10,1
1680,1,0,1,0.13509182796307564,unknown,False,False,1,0,9,0
1681,1,0,1,0.13410873344591334,unknown,False,False,1,0,8,1
1682,2,0,2,0.18536404022938427,unknown,False,False,1,0,8,0
1683,2,0,2,0.1848508452137919,unknown,False,False,1,0,10,1
1684,1,0,1,0.2458624442634648,unknown,False,False,2,0,11,0
1685,1,0,1,0.10550469431016198,unknown,False,False,0,0,11,1
1686,1,0,1,0.08318256588668695,red,False,False,1,0,8,1
1687,1,0,1,0.07462522193867961,red,False,False,1,0,12,1
1688,1,0,1,0.07011866981396282,unknown,False,False,0,0,9,1
1689,1,0,1,0.06856120669212597,unknown,False,False,0,0,10,0
1690,1,0,1,0.055000861515506004,unknown,False,False,1,0,8,0
1691,1,0,1,0.059444242233177375,unknown,False,False,0,0,10,1
1692,1,0,1,0.053777728790832716,unknown,False,False,0,0,8,1
1693,0,0,0,0.04621499453357892,unknown,False,False,0,0,7,1
1694,0,0,0,0.11792147235531475,unknown,False,False,0,0,9,0
1695,0,0,0,0.12919960512656975,yellow,False,False,0,0,9,1
1696,0,0,0,0.1555455637409599,red,False,False,0,0,7,0
1697,0,0,0,0.13024122146113662,unknown,False,False,0,0,7,0
1698,0,0,0,0.13944149035827344,unknown,False,False,0,0,8,0
1699,0,0,0,0.08969727162024989,unknown,False,False,0,0,9,0
1700,0,0,0,0.0532165848687428,green,False,False,1,0,9,0
1701,0,0,0,0.09307454956959699,unknown,False,False,0,0,11,0
1702,0,0,0,0.13047127602148745,unknown,False,False,0,0,11,0
1703,0,0,0,0.1281589741761284,yellow,False,False,0,0,9,0
1704,0,0,0,0.08853553847095316,unknown,False,False,0,0,7,0
1705,0,0,0,0.06929842424479377,red,False,False,0,0,9,0
1706,0,0,0,0.07153818157032465,unknown,False,False,0,0,10,0
1707,0,0,0,0.10625637053318482,red,False,False,0,0,6,0
1708,0,0,0,0.11930815192707249,red,False,False,0,0,8,0
1709,0,0,0,0.13698834994469336,unknown,False,False,0,0,11,0
1710,0,0,0,0.06766129306051329,red,False,False,0,0,10,0
1711,0,0,0,0.0914218278957677,unknown,False,False,0,0,9,1
1712,1,0,1,0.14969184845093,unknown,False,False,1,0,8,0
1713,1,0,1,0.24345011539989017,red,False,False,0,0,9,0
1714,1,0,1,0.2639736831897401,unknown,False,False,0,0,10,0
1715,1,0,1,0.2505145411079269,red,False,False,0,0,11,0
1716,1,0,1,0.22028062527588138,red,False,False,0,0,10,0
1717,1,0,1,0.19269685575937162,unknown,False,False,1,0,9,0
1718,1,0,1,0.21988329985798014,red,False,False,1,0,9,0
1719,1,0,1,0.2565698341231799,red,False,False,1,0,9,0
1720,1,0,1,0.27640470470169964,unknown,False,False,0,0,10,0
1721,1,0,1,0.2908111346947259,unknown,False,False,2,0,9,0
1722,2,0,2,0.27479778186245735,unknown,False,False,3,0,8,0
1723,3,0,3,0.3059578345111443,red,False,True,4,1,9,0
1724,5,0,5,0.17607074342918946,unknown,False,True,3,1,11,0
1725,3,0,3,0.14023745885927966,red,False,True,3,1,8,0
1726,3,0,3,0.16691079505556636,unknown,False,True,4,1,9,0
1727,4,0,4,0.23323718321293824,red,False,True,4,1,9,0
1728,6,0,6,0.23760091824544965,unknown,True,True,5,1,9,0
1729,5,0,5,0.4064219830228005,yellow,True,True,4,1,10,0
1730,4,0,4,0.4159163749734884,red,False,True,4,1,8,0
1731,2,2,4,0.3772908712676295,red,False,True,4,2,13,0
1732,4,1,5,0.4018502161391976,unknown,False,True,5,1,11,0
1733,4,0,4,0.5502004956652443,yellow,False,True,2,1,10,0
1734,6,0,6,0.7369311990215962,unknown,False,True,2,0,11,0
1735,1,0,1,0.7026950357783828,unknown,False,False,0,0,12,0
1736,1,0,1,0.766807704655981,unknown,False,False,0,0,13,0
1737,0,0,0,0.6452403617723552,unknown,False,False,0,0,14,0
1738,0,0,0,0.6727827646484312,unknown,False,False,0,0,13,0
1739,0,0,0,0.6825272442621,unknown,False,False,0,0,17,0
1740,0,0,0,0.894314494583043,yellow,False,False,0,0,19,0
1741,0,0,0,0.778764360559077,unknown,False,False,0,0,19,0
1742,0,0,0,0.7797048701054753,unknown,False,False,1,0,13,0
1743,0,0,0,0.9049218879927107,unknown,False,False,0,0,10,0
1744,0,0,0,0.8575683304641314,unknown,False,False,0,0,6,0
1745,0,0,0,0.6373408500520429,unknown,False,False,0,0,7,0
1746,0,0,0,0.9103572852957829,unknown,False,False,0,0,11,0
1747,0,0,0,0.769381170034697,unknown,False,False,0,0,6,0
1748,0,0,0,0.7209408751540503,unknown,False,False,0,0,8,0
1749,0,0,0,0.942045759396439,unknown,False,False,0,0,11,0
1750,0,0,0,1.0352067953643327,unknown,False,False,0,0,7,0
1751,0,0,0,1.0115409499834807,unknown,False,False,0,0,8,0
1752,0,1,1,1.1878252609959445,unknown,False,False,1,0,7,0
1753,1,0,1,1.1445521999172596,unknown,False,False,0,0,6,0
1754,1,0,1,0.7421336815510904,unknown,False,False,0,0,5,0
1755,0,0,0,0.5529153784973401,yellow,False,False,0,0,4,0
1756,0,0,0,0.7203134597037545,yellow,False,False,1,0,1,0
1757,0,0,0,0.6817084270674374,yellow,False,False,0,0,1,0
1758,0,0,0,0.3370713028595723,unknown,False,False,0,0,3,0
1759,0,0,0,0.23781518630488252,red,False,False,0,0,3,0
1760,0,0,0,0.49356431081246094,red,False,False,0,0,4,0
1761,0,0,0,0.46912718346971777,red,False,False,0,0,4,0
1762,0,0,0,0.5577627005403607,red,False,True,0,0,3,0
1763,0,0,0,0.611005843542866,unknown,False,False,0,0,4,0
1764,0,0,0,0.8453356395789493,unknown,False,False,0,0,6,0
1765,0,0,0,1.0023117102881485,unknown,False,False,0,0,6,0
1766,0,0,0,0.9414466206513846,unknown,False,False,0,0,4,0
1767,0,0,0,1.100015035662635,unknown,False,False,0,0,3,0
1768,0,0,0,0.6066188276660832,unknown,False,False,0,0,4,0
1769,0,0,0,0.8588407310855093,unknown,False,False,0,0,4,0
1770,0,0,0,1.631671319367498,unknown,False,False,0,0,2,0
1771,0,0,0,1.329921130191437,unknown,False,False,0,0,3,0
1772,1,0,1,0.5991718263026331,unknown,False,False,1,0,1,0
1773,1,0,1,0.5275858901320999,unknown,False,False,0,0,3,0
1774,2,0,2,0.8190865928979424,unknown,False,False,1,0,1,0
1775,1,1,2,0.6310280857449542,unknown,False,False,3,0,0,0
1776,1,1,2,0.28793560307470595,unknown,False,False,2,0,3,0
1777,2,1,3,0.50153864638727,unknown,False,False,0,0,0,0
1778,1,0,1,0.461056577247254,unknown,False,False,0,0,0,0
1779,0,0,0,0.0,red,False,False,0,0,2,0
1780,0,0,0,0.4916643194412929,red,False,True,0,0,4,0
1781,0,0,0,0.3810355921917035,red,False,True,0,1,3,0
1782,0,0,0,0.5453482785247482,unknown,False,True,0,1,4,0
1783,0,0,0,0.6028090679531082,unknown,False,False,0,2,1,0
1784,0,0,0,0.921890679273355,unknown,False,False,1,2,0,0
1785,0,1,1,0.0,unknown,False,False,1,2,0,0
1786,1,0,1,0.0,unknown,False,False,0,1,0,0
1787,1,0,1,0.0,unknown,False,False,0,0,2,0
1788,0,0,0,0.21457976302614323,unknown,False,False,0,0,2,0
1789,0,0,0,0.1029871990374602,unknown,False,False,0,0,1,0
1790,0,0,0,0.11286557803272723,unknown,False,False,0,0,2,0
1791,0,0,0,0.11003074105364781,unknown,False,False,0,1,0,0
1792,0,0,0,0.0,unknown,False,False,0,1,1,0
1793,0,0,0,0.4079880414371607,unknown,False,False,1,1,2,0
1794,0,0,0,0.6858545467589481,red,False,True,0,1,3,0
1795,0,0,0,0.8691746780320253,red,False,True,1,1,3,0
1796,1,0,1,0.8180929422213584,red,False,True,0,1,1,0
1797,1,0,1,1.071576778280921,unknown,False,True,2,1,3,0
1798,2,0,2,1.3260142946198794,unknown,False,True,1,1,1,0
1799,1,0,1,0.391079519394356,unknown,False,False,1,0,0,0
1800,2,0,2,0.0,unknown,False,False,0,0,1,0
1801,1,0,1,0.3167388586239106,unknown,False,False,0,1,0,0
1802,0,0,0,0.14839305516231105,unknown,False,False,0,0,1,0
1803,0,0,0,0.11591122388108772,unknown,False,False,0,0,2,0
1804,1,0,1,0.09584714169868729,unknown,False,False,4,0,0,0
1805,4,0,4,0.3532417574641124,unknown,False,False,3,0,1,0
1806,4,0,4,0.5298902404628318,unknown,False,False,3,1,2,0
1807,3,0,3,0.7907135226129727,unknown,False,False,5,0,6,0
1808,5,0,5,1.437089237061072,yellow,False,False,2,0,6,0
1809,6,0,6,0.966337057494512,green,True,True,1,0,8,0
1810,7,0,7,0.5115793165226554,red,True,False,6,0,5,0
1811,5,0,5,0.29156865158038314,unknown,True,True,6,1,5,0
1812,5,0,5,0.3239258814039329,yellow,True,True,5,0,7,0
1813,4,0,4,0.8826757371823359,red,False,True,5,1,3,0
1814,4,0,4,0.5074882668695716,unknown,False,True,3,1,5,0
1815,3,0,3,0.43752536247441043,red,False,True,3,1,5,0
1816,4,0,4,0.5378758634610521,red,False,True,2,1,2,0
1817,3,0,3,0.5064081590005719,unknown,False,True,2,1,1,0
1818,2,0,2,0.0,unknown,False,False,0,1,0,0
1819,0,0,0,0.0,unknown,False,False,0,2,0,0
1820,0,0,0,0.165409823507343,unknown,False,False,0,2,0,0
1821,0,0,0,0.1543653691308276,unknown,False,False,0,1,1,0
1822,0,0,0,0.25503793604492325,unknown,False,False,0,0,1,2
1823,0,0,0,0.325417551463549,unknown,False,False,0,0,1,0
1824,0,0,0,0.8415258410289189,unknown,False,False,0,0,1,0
1825,0,0,0,1.503414799138626,unknown,False,False,1,0,3,0
1826,3,0,3,0.3949735363590437,unknown,False,False,6,0,2,0
1827,5,1,6,0.1823506673820542,unknown,False,False,5,0,1,0
1828,6,0,6,0.1870494409639204,unknown,False,False,6,0,4,0
1829,6,0,6,0.6201895792739975,unknown,False,False,2,0,6,0
1830,5,0,5,0.7143458716617307,unknown,False,False,3,0,5,0
1831,3,0,3,0.7582353331208684,unknown,False,False,3,0,9,0
1832,3,0,3,0.8680414467659652,green,False,False,3,0,8,0
1833,3,0,3,0.767256985493594,green,False,False,3,0,9,0
1834,3,0,3,0.8259059695158174,green,False,False,2,0,11,0
1835,2,0,2,0.88725130463059,unknown,False,False,2,0,8,0
1836,2,0,2,0.5711425485841547,unknown,False,False,2,0,8,0
1837,2,0,2,0.4006036703536557,green,False,False,2,0,7,0
1838,2,0,2,0.25693873036384113,green,False,False,3,0,7,0
1839,3,0,3,0.3012424713292455,green,False,True,2,0,7,0
1840,5,0,5,0.5649178416852582,red,False,False,7,0,7,0
1841,5,0,5,0.44809514034377296,red,True,True,0,0,8,0
1842,4,0,4,0.496077863624717,unknown,False,False,3,0,3,0
1843,2,1,3,0.5895769734810186,unknown,False,False,1,0,1,0
1844,1,0,1,3.8675717505530596,unknown,False,False,1,0,1,0
1845,1,0,1,0.9516551318890181,unknown,False,False,0,0,5,0
1846,1,0,1,0.33430924995375944,unknown,False,False,0,0,2,0
1847,1,0,1,0.28384826962137955,unknown,False,False,1,0,2,0
1848,1,0,1,0.25014632386282337,unknown,False,False,1,1,2,1
1849,1,0,1,0.6187095203399132,unknown,False,False,2,1,1,4
1850,2,0,2,1.2700050154258367,red,False,True,2,1,1,0
1851,2,1,3,1.9257796230486968,unknown,False,True,1,2,1,0
1852,1,1,2,0.7107302490677943,unknown,False,False,2,0,0,0
1853,1,1,2,0.1397011836856983,unknown,False,False,3,0,1,0
1854,1,2,3,0.18592716303453777,unknown,False,False,4,0,1,0
1855,5,1,6,0.5084678838737913,red,True,False,1,0,2,0
1856,5,0,5,0.36067451199844647,unknown,True,False,1,0,6,0
1857,3,0,3,0.7721947984947752,green,False,False,2,0,5,0
1858,2,0,2,0.722621959458587,unknown,False,False,1,0,4,0
1859,1,0,1,0.7658110822306298,unknown,False,False,2,0,2,0
1860,2,0,2,1.6524385062805227,unknown,False,False,2,0,2,0
1861,3,0,3,1.3234629669307285,unknown,False,False,4,0,3,0
1862,2,1,3,0.4809931273452275,unknown,False,False,2,0,2,0
1863,4,1,5,0.29036330700415924,unknown,False,False,0,0,2,0
1864,3,0,3,0.1995570944409279,unknown,False,False,3,0,2,0
1865,2,0,2,0.12770559764595182,unknown,False,False,0,0,1,0
1866,1,0,1,0.16816921127319512,unknown,False,False,0,0,2,0
1867,0,0,0,0.29365695143300086,unknown,False,False,0,0,1,0
1868,0,0,0,0.4927988471004441,unknown,False,False,2,0,0,0
1869,1,0,1,0.0,unknown,False,False,3,0,1,0
1870,3,0,3,0.0,unknown,False,False,3,0,0,0
1871,3,0,3,0.0,unknown,False,False,1,0,1,0
1872,2,0,2,0.0,green,False,False,1,0,0,0
1873,1,0,1,0.0,green,False,True,2,1,0,0
1874,2,0,2,0.0,green,False,True,1,0,0,0
1875,1,0,1,0.0,green,False,True,1,1,0,0
1876,1,0,1,0.0,green,False,False,0,1,0,0
1877,1,0,1,0.0,green,False,False,2,1,1,0
1878,2,0,2,0.05272352515358294,green,False,False,2,1,0,0
1879,2,0,2,0.0,green,False,False,1,1,1,0
1880,2,0,2,0.1852577130153492,green,False,False,2,1,1,0
1881,1,0,1,0.4265182974609251,green,False,True,1,1,2,0
1882,1,0,1,0.8357466721721932,green,False,False,1,1,3,0
1883,1,0,1,1.1453979127109937,green,False,True,1,0,3,0
1884,1,0,1,0.7641867986708222,green,False,False,0,0,2,0
1885,1,0,1,0.3838785407891849,red,False,False,1,0,2,0
1886,1,0,1,0.7220666101361227,green,False,False,1,0,3,0
1887,1,0,1,0.9567116987730525,green,False,False,2,0,2,0
1888,2,0,2,1.5405679770034206,green,False,False,0,0,2,0
1889,0,0,0,1.6503457861429605,green,False,False,0,0,3,0
1890,0,0,0,0.8078557364147855,green,False,False,0,0,2,0
1891,1,0,1,0.5021735412156977,green,False,False,1,0,2,0
1892,2,0,2,0.47692177576071987,red,False,False,1,0,2,0
1893,2,0,2,0.7677696806280259,green,False,False,1,0,1,0
1894,1,0,1,1.3163755607640575,green,False,False,3,0,1,0
1895,4,0,4,2.1105518756274777,red,False,False,2,0,2,0
1896,4,0,4,1.0570168738623185,red,False,False,1,0,1,0
1897,3,0,3,0.5654238914926899,red,False,False,1,0,1,0
1898,1,0,1,0.38391721952162183,red,False,True,0,0,2,0
1899,0,0,0,0.3432236243912641,red,False,False,2,0,0,0
1900,2,0,2,0.0,unknown,False,False,1,0,0,0
1901,3,0,3,0.0,unknown,False,False,3,0,0,0
1902,3,0,3,1.0721128372907662,unknown,False,False,3,0,1,0
1903,4,0,4,0.5683419118104334,unknown,False,False,3,0,1,0
1904,6,0,6,0.18883658331566963,unknown,False,False,8,0,0,0
1905,9,0,9,0.0,unknown,False,False,4,0,0,0
1906,9,0,9,0.0,unknown,False,False,5,0,0,0
1907,7,0,7,0.0,unknown,False,False,7,0,0,0
1908,7,0,7,0.0,unknown,True,False,5,0,0,0
1909,7,0,7,0.0,unknown,False,False,5,0,0,0
1910,6,1,7,0.0,unknown,False,False,1,0,0,0
1911,2,0,2,0.0,unknown,False,False,1,0,0,0
1912,3,0,3,0.0,unknown,False,False,3,0,1,0
1913,6,0,6,0.0,unknown,False,False,5,0,0,0
1914,9,0,9,0.4310906525214841,unknown,False,False,8,0,1,0
1915,10,1,11,0.7832901463300982,unknown,False,False,9,0,2,0
1916,11,0,11,1.3680354780205757,unknown,False,False,7,0,1,0
1917,9,0,9,0.8398994219967162,unknown,False,False,7,0,1,0
1918,11,0,11,0.3178389721448037,red,True,False,10,0,1,0
1919,11,0,11,0.3797709179361469,red,True,True,8,1,1,0
1920,10,0,10,0.4571551612303063,red,True,True,6,1,2,0
1921,12,0,12,0.3230611089886948,red,True,True,7,0,2,0
1922,11,0,11,0.312596034063287,red,True,True,8,1,4,0
1923,10,0,10,0.6777933354414358,red,True,True,8,0,4,0
1924,11,0,11,0.6731641079177962,unknown,True,True,10,2,5,0
1925,11,0,11,0.6561913480495901,unknown,True,True,8,0,5,0
1926,9,0,9,0.5733708056552629,red,True,False,5,0,2,0
1927,8,0,8,0.6748392386493736,unknown,True,False,5,0,4,0
1928,8,1,9,0.3653365020645575,unknown,False,False,7,0,0,0
1929,8,0,8,0.23882678643224195,unknown,False,False,3,0,2,0
1930,8,0,8,0.39469526056102744,unknown,True,False,5,0,1,0
1931,5,1,6,0.4136502695408092,unknown,True,True,3,1,1,0
1932,4,0,4,0.21000280937517768,unknown,False,False,0,1,0,0
1933,1,0,1,0.1035366805642176,unknown,False,False,0,1,0,0
1934,0,0,0,0.0,unknown,False,False,3,0,0,0
1935,2,1,3,0.22046229790300687,unknown,False,False,7,0,0,1
1936,1,4,5,0.3515983117856515,unknown,False,False,5,0,1,0
1937,6,3,9,0.26026342605178066,unknown,False,False,3,0,0,0
1938,6,0,6,0.6656888595583909,red,False,False,2,0,2,0
1939,5,0,5,0.6985818403759804,unknown,False,True,1,0,7,0
1940,2,0,2,0.898111154273857,red,False,True,1,2,4,0
1941,2,1,3,1.0023881451892946,red,False,True,2,1,2,0
1942,1,0,1,0.9512738554971744,unknown,False,True,1,0,3,0
1943,2,0,2,0.625256292113408,unknown,False,False,1,0,2,0
1944,2,0,2,0.6124796454854777,unknown,False,False,2,0,1,1
1945,1,1,2,0.3670468984262216,unknown,False,False,3,0,1,0
1946,3,0,3,0.04337133793255383,unknown,False,False,1,0,0,0
1947,3,0,3,0.0,unknown,False,False,0,0,0,0
1948,2,0,2,0.0,unknown,False,False,0,0,1,0
1949,1,1,2,0.808851665750171,unknown,False,False,3,0,1,0
1950,3,1,4,0.24063508400000183,unknown,False,False,5,0,1,0
1951,5,2,7,0.3442436396093349,unknown,False,False,9,1,1,0
1952,6,3,9,0.28439332788276744,yellow,True,False,6,0,0,0
1953,10,0,10,0.0,yellow,True,False,1,0,0,0
1954,8,0,8,0.0,yellow,False,False,2,0,0,0
1955,2,0,2,0.11747969433101385,yellow,False,False,0,1,0,0
1956,0,0,0,0.23044830051480053,yellow,False,True,0,0,1,0
1957,0,0,0,0.12259484512016298,red,False,False,0,0,2,0
1958,0,0,0,0.12719075217712417,red,False,False,1,0,2,0
1959,0,0,0,0.14262644588009582,red,False,False,0,0,2,0
1960,0,0,0,0.19463704477452448,yellow,False,False,0,0,2,0
1961,2,0,2,0.1139999812999991,yellow,False,False,2,0,1,0
1962,3,0,3,0.11020078479791709,red,False,False,5,0,1,0
1963,3,0,3,0.13360588211800722,yellow,False,True,2,1,1,0
1964,3,0,3,0.111443419686354,yellow,False,True,2,1,2,0
1965,3,0,3,0.08002413174868805,yellow,False,True,2,0,0,1
1966,4,0,4,0.04105919161884998,yellow,False,True,4,0,0,0
1967,3,0,3,0.08425952594346864,yellow,False,True,3,0,1,0
1968,3,0,3,0.13329047429103952,yellow,False,True,2,0,0,0
1969,2,0,2,0.1691041097774404,yellow,False,True,2,0,2,0
1970,2,0,2,0.25387292885523877,yellow,False,False,2,0,0,0
1971,2,0,2,0.1347252590412127,red,False,False,2,0,0,0
1972,2,0,2,0.02755635869403524,red,False,False,2,0,0,0
1973,3,0,3,0.11806301104212902,red,False,False,2,0,0,0
1974,3,0,3,0.09233206100605768,yellow,False,False,3,0,0,0
1975,3,0,3,0.4580402903016909,yellow,False,False,4,1,0,0
1976,4,0,4,0.18932027638094934,red,False,True,2,1,0,0
1977,4,0,4,0.0,red,False,True,3,1,0,0
1978,4,0,4,0.0,red,False,True,4,0,0,0
1979,5,0,5,0.0,unknown,False,False,5,0,1,0
1980,5,0,5,0.0,red,False,False,6,0,0,0
1981,3,3,6,0.0,yellow,True,True,3,0,0,0
1982,5,1,6,0.0,unknown,False,False,4,0,0,0
1983,5,0,5,0.12808833273559284,unknown,False,False,3,0,0,0
1984,2,1,3,0.09529115895004692,unknown,False,False,2,0,0,0
1985,2,1,3,0.19244259865760804,unknown,False,False,1,0,1,0
1986,1,0,1,0.2787644283684011,unknown,False,False,2,0,1,0
1987,0,1,1,0.2572520135208795,unknown,False,False,1,0,2,0
1988,0,1,1,0.2782564990289258,unknown,False,False,0,0,0,0
1989,0,0,0,0.0,unknown,False,False,0,0,1,0
1990,0,0,0,0.719077949358553,unknown,False,False,1,0,1,0
1991,0,0,0,0.6781667898348375,unknown,False,False,1,0,0,0
1992,0,0,0,0.9698099886086163,unknown,False,False,1,0,5,0
1993,1,0,1,0.774237202953551,red,False,False,0,0,4,0
1994,2,0,2,0.6305875662952559,red,False,False,1,0,1,0
1995,1,0,1,0.5220722002431383,unknown,False,False,2,0,0,0
1996,3,0,3,0.15588750428867953,unknown,False,False,1,0,1,0
1997,2,0,2,0.2304031046681682,unknown,False,False,1,0,1,0
1998,1,0,1,0.5373661067864475,unknown,False,False,0,0,1,0
1999,1,0,1,2.4010567303351076,unknown,False,False,0,0,1,0
2000,1,0,1,1.24639246709777,unknown,False,False,1,0,7,0
2001,3,0,3,0.7656297793699951,unknown,False,False,3,0,9,0
2002,5,0,5,0.637534541857337,unknown,False,False,4,1,10,0
2003,4,0,4,0.6517381750212927,unknown,False,False,5,1,4,0
2004,5,0,5,0.48613239027327876,unknown,False,False,1,2,1,0
2005,3,0,3,0.16558233770248312,unknown,False,False,1,1,4,0
2006,3,0,3,0.2689856575178976,unknown,False,False,0,1,6,0
2007,2,0,2,0.354431580456738,yellow,False,False,0,2,3,0
2008,0,0,0,0.1832252458852584,unknown,False,False,0,1,3,0
2009,0,0,0,0.3100932564443038,unknown,False,False,0,2,3,0
2010,0,0,0,0.4631033038411722,unknown,False,False,0,4,2,0
2011,0,0,0,0.5663639403008065,red,False,True,0,3,5,0
2012,0,0,0,0.7082648332782099,red,False,True,0,1,4,0
2013,1,0,1,0.5582121739399452,red,False,True,1,1,7,0
2014,1,0,1,0.6070228298366176,red,False,True,1,0,8,0
2015,1,0,1,0.6200639508377013,red,False,True,1,0,5,0
2016,0,0,0,0.6050915774534436,unknown,False,False,0,0,4,0
2017,0,0,0,0.44555778975113675,unknown,False,False,0,0,0,0
2018,0,0,0,0.27129998879941203,unknown,False,False,0,0,0,0
2019,0,0,0,0.0,unknown,False,False,0,1,0,0
2020,0,0,0,0.0,unknown,False,False,1,1,1,0
2021,1,0,1,0.4392940338082267,unknown,False,False,2,2,1,2
2022,1,0,1,0.1108706593504992,unknown,False,False,0,2,0,2
2023,1,0,1,0.0,unknown,False,False,0,2,0,0
2024,0,0,0,0.0,unknown,False,False,0,1,0,0
2025,0,0,0,0.7208041867018092,unknown,False,False,0,1,1,0
2026,0,0,0,1.104643073252032,unknown,False,False,1,0,1,0
2027,1,0,1,0.6019731339819364,red,False,False,1,0,1,0
2028,2,0,2,0.4542692109699054,unknown,False,False,3,0,2,0
2029,2,0,2,0.9714265336427006,unknown,False,False,2,0,4,0
2030,1,1,2,0.9817458640158231,red,False,False,2,0,4,0
2031,2,1,3,1.0515284836072343,unknown,False,False,2,0,4,0
2032,2,0,2,1.0094772051787382,unknown,False,False,2,0,5,0
2033,2,0,2,0.8656866008641194,unknown,False,False,0,0,4,0
2034,1,0,1,0.9014342837236936,unknown,False,False,0,0,3,0
2035,0,0,0,1.2242337024601069,unknown,False,False,0,0,3,0
2036,0,0,0,1.3056292218184526,unknown,False,False,0,0,2,0
2037,0,0,0,1.0840244027697266,unknown,False,False,0,0,3,0
2038,0,0,0,0.5724394510141481,unknown,False,False,0,1,2,0
2039,0,0,0,0.31016503768648984,unknown,False,False,0,3,2,0
2040,0,0,0,0.601587281316604,unknown,False,False,1,1,5,0
2041,1,0,1,0.9012935230921263,unknown,False,False,0,1,5,0
2042,1,0,1,1.4265582794646245,unknown,False,False,2,1,4,0
2043,3,0,3,1.6472816156368595,unknown,False,False,3,0,5,0
2044,2,0,2,1.3048283410463501,unknown,False,False,3,0,4,0
2045,1,0,1,1.2426753965291018,unknown,False,False,1,0,4,0
2046,1,0,1,0.6259273614579852,yellow,False,False,0,0,4,0
2047,2,0,2,0.41043232727706125,unknown,False,False,1,0,3,0
2048,2,0,2,0.12741723112646233,unknown,False,False,0,0,4,0
2049,0,0,0,0.1319025050526624,unknown,False,False,0,0,3,0
2050,0,0,0,0.20927662318469994,unknown,False,False,0,0,2,0
2051,0,0,0,0.23512535685906158,yellow,False,False,0,0,2,0
2052,0,0,0,0.10614358213004438,unknown,False,False,0,0,4,0
2053,0,0,0,0.15905698389081693,unknown,False,False,0,0,5,0
2054,0,0,0,0.2444964160587225,unknown,False,False,0,0,4,0
2055,0,0,0,0.345535755790758,yellow,False,False,0,0,1,0
2056,0,0,0,0.4664775306571148,unknown,False,False,0,0,3,0
2057,0,0,0,0.3773692736702295,yellow,False,False,0,0,6,0
2058,0,0,0,0.42397679777044056,yellow,False,False,0,0,8,0
2059,1,0,1,0.41636551191124144,yellow,False,False,1,0,6,0
2060,1,0,1,0.3047920145807484,yellow,False,False,1,0,7,0
2061,1,0,1,0.2202127594808035,yellow,False,False,1,0,4,0
2062,1,0,1,0.2410549583104402,yellow,False,False,1,0,6,0
2063,1,0,1,0.19632272813349858,yellow,False,False,1,0,3,0
2064,1,0,1,0.3744997682984938,yellow,False,False,1,0,3,0
2065,1,0,1,0.4678039445066052,yellow,False,False,1,0,5,0
2066,1,0,1,0.4460464808257797,yellow,False,False,1,0,3,0
2067,2,0,2,0.4191786007513647,yellow,False,False,1,0,3,0
2068,1,0,1,0.38068105733318486,red,False,False,1,0,4,0
2069,1,0,1,0.5951588647790124,yellow,False,False,1,0,4,0
2070,1,0,1,0.5759079744559786,red,False,False,0,0,6,0
2071,1,0,1,0.8022936885785416,red,False,False,0,0,4,0
2072,0,0,0,0.8006359095884407,red,False,False,1,0,4,0
2073,0,0,0,0.7525087061187944,green,False,False,0,0,9,0
2074,0,0,0,0.6334251240629409,yellow,False,False,0,0,8,0
2075,0,0,0,0.7661282042584293,unknown,False,False,0,0,6,0
2076,0,0,0,0.7462268724738763,unknown,False,False,0,0,5,0
2077,0,0,0,1.1550188343341956,unknown,False,False,0,0,5,0
2078,0,0,0,1.0617104790886063,unknown,False,False,0,0,5,0
2079,0,0,0,0.37969334618690415,unknown,False,False,0,0,3,0
2080,0,0,0,0.24913815589673552,unknown,False,False,0,0,4,0
2081,0,0,0,0.26112571806823676,unknown,False,False,0,0,5,0
2082,0,0,0,0.5106334031354489,unknown,False,False,0,0,6,0
2083,0,0,0,1.6327052865178846,unknown,False,False,0,0,4,0
2084,0,0,0,2.132259718987652,unknown,False,False,0,0,7,0
2085,0,0,0,0.9697397180432241,red,False,False,0,0,8,0
2086,0,0,0,0.553025301186739,unknown,False,False,0,0,7,0
2087,0,0,0,0.6240230717714305,unknown,False,False,0,0,8,0
2088,0,0,0,0.7709813639350566,red,False,False,0,0,6,0
2089,0,0,0,0.8169486538275819,yellow,False,False,0,0,8,0
2090,0,0,0,0.65887083924894,unknown,False,False,0,0,6,0
2091,0,0,0,0.6981163034714012,unknown,False,False,0,0,6,0
2092,0,0,0,1.241893434430032,unknown,False,False,0,0,8,0
2093,0,0,0,1.1477675920887482,unknown,False,False,0,0,9,0
2094,0,0,0,0.8787182353316716,unknown,False,False,0,0,10,0
2095,0,0,0,1.007316152004905,unknown,False,False,0,0,13,0
2096,0,0,0,0.5855184535320308,unknown,False,False,0,0,7,0
2097,0,0,0,0.36256915674465623,unknown,False,False,0,0,7,0
2098,0,0,0,0.29145060752037383,unknown,False,False,0,1,6,0
2099,0,0,0,0.42815722455071714,unknown,False,False,0,1,8,0
2100,0,0,0,0.7055244712112149,unknown,False,False,0,1,9,0
2101,0,0,0,0.7563183279829563,yellow,False,False,0,0,11,0
2102,0,0,0,0.9097599907742349,unknown,False,False,0,0,16,0
2103,0,0,0,0.8388907851815801,yellow,False,False,0,0,7,0
2104,0,0,0,0.839160545865154,unknown,False,False,0,0,12,0
2105,0,0,0,0.765448788132383,unknown,False,False,0,0,9,0
2106,0,0,0,0.7678956673123539,yellow,False,False,0,0,11,0
2107,0,0,0,1.0358435275265507,unknown,False,False,0,0,10,0
2108,0,0,0,0.8594712027165307,unknown,False,False,0,0,10,0
2109,0,0,0,1.0039877068706697,unknown,False,False,0,0,9,0
2110,0,0,0,0.7456516675919032,unknown,False,False,0,0,7,0
2111,0,0,0,0.4243484716687444,yellow,False,False,0,0,7,0
2112,0,0,0,0.30917585033126194,yellow,False,False,0,0,8,0
2113,0,0,0,0.16861913570896678,yellow,False,False,0,0,5,0
2114,0,0,0,0.19104407136565885,yellow,False,False,0,0,5,0
2115,0,0,0,0.20400125923769521,unknown,False,False,0,0,7,0
2116,1,0,1,0.1567291944968688,yellow,False,False,0,0,8,0
2117,1,0,1,0.23554171999966322,unknown,False,False,0,0,8,0
2118,0,0,0,0.34306988967316365,unknown,False,False,0,0,10,0
2119,0,0,0,0.3339315102211342,unknown,False,False,0,0,8,0
2120,0,0,0,0.34957531314649093,yellow,False,False,0,0,10,0
2121,0,0,0,0.3753857918907702,unknown,False,False,0,0,10,0
2122,0,0,0,0.37253285981216777,unknown,False,False,0,0,8,0
2123,0,0,0,0.5051474810364065,yellow,False,False,0,0,7,0
2124,0,0,0,0.39701855758133137,unknown,False,False,0,0,9,0
2125,0,0,0,0.501516063369447,unknown,False,False,0,0,10,0
2126,0,0,0,0.3440511434909351,unknown,False,False,0,0,11,0
2127,0,0,0,0.4039350016532562,unknown,False,False,0,0,7,0
2128,1,0,1,0.4966553460030682,unknown,False,False,1,0,7,0
2129,1,0,1,0.33262683296658796,red,False,False,1,0,6,0
2130,1,0,1,0.38304223754528954,unknown,False,False,2,0,6,0
2131,2,0,2,0.5673447026839625,red,False,False,2,0,6,1
2132,1,1,2,0.6701749798492188,red,False,False,3,0,6,1
2133,3,1,4,0.9010577943632835,unknown,False,False,2,0,7,0
2134,2,0,2,0.8019495057216334,unknown,False,False,1,0,5,0
2135,1,0,1,0.801983994232396,unknown,False,False,0,0,4,0
2136,0,0,0,0.7051615039410025,red,False,False,0,0,2,0
2137,0,0,0,0.7868439159958492,unknown,False,False,0,0,4,0
2138,0,0,0,0.5214605562678514,unknown,False,False,0,0,4,0
2139,0,0,0,0.977986735398484,unknown,False,False,0,0,1,0
2140,0,0,0,1.2861426314789675,unknown,False,False,0,0,3,0
2141,0,0,0,0.9943009567998732,unknown,False,False,0,0,2,0
2142,0,0,0,0.9496562136663197,unknown,False,False,0,1,2,0
2143,0,0,0,1.337343163593207,unknown,False,False,0,3,5,0
2144,0,0,0,1.6083906256704683,red,False,True,0,1,3,0
2145,0,0,0,1.356312221059905,red,False,True,0,3,7,0
2146,0,0,0,1.341284622474143,unknown,False,True,0,2,6,0
2147,0,0,0,1.1974368641706632,unknown,False,True,0,0,6,0
2148,0,0,0,0.8253529072832458,unknown,False,True,0,1,4,0
2149,0,0,0,0.48879615795080766,unknown,False,False,0,1,0,1
2150,0,0,0,0.42440272662090056,unknown,False,False,0,1,0,0
2151,0,0,0,0.0,unknown,False,False,0,0,1,0
2152,0,0,0,0.4679607355787729,unknown,False,False,0,0,1,0
2153,0,0,0,0.6641741018050129,unknown,False,False,0,0,2,0
2154,0,0,0,0.5274574680161189,unknown,False,False,0,0,2,0
2155,0,0,0,0.5472791750236868,unknown,False,False,0,0,2,0
2156,0,0,0,0.47429850727723394,unknown,False,False,0,0,3,0
2157,0,0,0,0.5910182885051072,unknown,False,False,0,0,4,0
2158,0,0,0,0.818661971001536,unknown,False,False,0,0,5,0
2159,1,0,1,0.9829112921124572,unknown,False,False,1,0,5,0
2160,1,0,1,1.0488742143019814,yellow,False,False,0,0,8,0
2161,1,0,1,0.6147915607690451,unknown,False,False,0,0,7,0
2162,0,0,0,0.5318752939924111,unknown,False,False,0,0,6,0
2163,0,0,0,0.3950860427748568,yellow,False,False,0,0,7,0
2164,0,0,0,0.2319404736408154,green,False,False,0,0,6,0
2165,0,0,0,0.33773231035600015,unknown,False,False,1,0,5,0
2166,0,0,0,0.2762770785253472,red,False,False,1,0,7,0
2167,1,0,1,0.3611260968431501,red,False,False,1,0,5,0
2168,0,1,1,0.4291062050918191,red,False,False,1,0,5,0
2169,1,0,1,0.4089790143185256,yellow,False,False,1,0,1,0
2170,0,0,0,0.3168237005612984,yellow,False,False,0,0,2,0
2171,0,0,0,0.37823152176306585,unknown,False,False,1,0,1,0
2172,0,1,1,0.5361126955003699,unknown,False,False,1,0,0,0
2173,1,0,1,0.4516105256269177,unknown,False,False,1,0,0,0
2174,1,0,1,0.0,unknown,False,False,0,0,0,0
2175,0,0,0,0.5374828781851911,red,False,False,0,0,2,0
2176,0,0,0,0.24333499091482466,unknown,False,False,0,0,1,0
2177,0,0,0,0.2652491869130464,unknown,False,False,0,0,2,0
2178,0,0,0,0.7744225956185304,unknown,False,False,2,0,2,0
2179,0,0,0,1.3953857646793126,unknown,False,False,1,0,4,0
2180,2,0,2,0.9806925272952235,unknown,False,False,0,0,4,1
2181,2,0,2,0.8793860811473442,unknown,False,False,0,0,5,1
2182,0,0,0,0.6775653420337869,green,False,False,0,0,6,1
2183,0,0,0,0.6787414824047282,green,False,False,0,0,6,0
2184,0,0,0,0.5118899599258756,yellow,False,False,0,0,5,0
2185,0,0,0,0.7251011220452306,unknown,False,False,0,0,6,0
2186,0,0,0,0.7936246875281877,unknown,False,False,0,0,3,0
2187,0,0,0,0.44182983829520445,green,False,False,0,0,2,0
2188,0,0,0,0.7052762949051719,green,False,False,0,0,2,0
2189,3,0,3,0.6318755565267833,green,False,False,2,0,3,0
2190,4,0,4,0.6989772302674979,green,False,False,3,1,2,0
2191,4,0,4,0.7655633970740617,unknown,False,False,0,0,4,0
2192,2,0,2,0.9778254546344399,green,False,False,0,0,3,0
2193,0,0,0,0.891865298424543,unknown,False,False,0,0,2,0
2194,0,0,0,0.7574009484058323,green,False,False,0,0,3,0
2195,0,0,0,0.7888775285224963,green,False,False,0,0,2,0
2196,0,0,0,0.7378289312663384,yellow,False,False,0,0,2,0
2197,0,0,0,1.189322989399655,green,False,False,0,0,1,0
2198,0,0,0,0.9966479274533757,green,False,False,0,0,1,0
2199,0,0,0,0.8227447519885345,yellow,False,False,0,0,1,0
2200,0,0,0,0.5346786200811486,red,False,False,0,0,1,0
2201,0,0,0,0.6887279261296471,green,False,False,0,0,1,0
2202,0,0,0,1.8287123757215955,green,False,False,0,0,1,0
2203,0,0,0,1.4940817832411857,unknown,False,False,0,0,1,0
2204,0,0,0,0.7663775584717871,green,False,False,0,0,1,0
2205,0,0,0,0.460802670983459,green,False,False,0,0,0,0
2206,0,0,0,0.0,yellow,False,False,0,0,0,0
2207,0,0,0,0.0,unknown,False,False,0,0,0,0
2208,0,0,0,0.0,red,False,False,0,0,0,0
2209,0,0,0,0.0,red,False,False,0,0,0,0
2210,0,0,0,0.0,red,False,False,1,0,0,0
2211,0,0,0,0.0,unknown,False,False,0,0,0,0
2212,0,0,0,0.0,unknown,False,False,0,0,0,0
2213,1,0,1,1.155558380680121,yellow,False,False,2,0,2,0
2214,1,0,1,1.4412843059345302,unknown,False,False,0,0,1,0
2215,1,0,1,1.6153124277944388,unknown,False,False,0,0,0,0
2216,0,0,0,1.1247227374074418,unknown,False,False,0,0,0,0
2217,0,0,0,0.0,unknown,False,False,0,0,0,0
2218,0,0,0,0.0,unknown,False,False,1,0,0,2
2219,3,0,3,1.3247122833585434,unknown,False,False,3,0,0,2
2220,4,1,5,0.0,unknown,False,False,3,0,0,0
2221,5,0,5,0.0,unknown,False,False,1,0,0,0
2222,3,0,3,0.0,unknown,False,False,0,0,0,0
2223,1,0,1,0.0,unknown,False,False,0,0,0,0
2224,0,0,0,0.0,unknown,False,False,0,0,0,0
2225,0,0,0,0.3618211207412818,unknown,False,False,0,0,0,0
2226,0,0,0,0.2609663740004625,unknown,False,False,0,0,6,0
2227,0,0,0,0.4561849286276728,unknown,False,False,0,0,8,0
2228,0,0,0,0.6949241614699733,red,False,False,0,0,10,0
2229,0,0,0,0.7985468398826202,red,False,False,0,0,6,0
2230,0,0,0,0.7676849026299815,red,False,False,0,0,12,0
2231,0,0,0,0.6622745423811235,red,False,False,0,0,9,0
2232,0,0,0,0.7137360190106102,red,False,False,0,0,10,0
2233,0,0,0,1.0172386303888596,green,False,False,0,0,7,0
2234,0,0,0,0.9482513923047514,green,False,False,0,0,12,0
2235,0,0,0,0.9037517710897401,green,False,False,0,0,10,0
2236,0,0,0,0.7067919057261071,green,False,False,0,0,10,0
2237,0,0,0,0.6251484132229138,green,False,False,0,0,6,0
2238,0,0,0,0.598148281803327,green,False,False,1,0,5,0
2239,1,0,1,0.7523631149378711,unknown,False,False,1,0,8,0
2240,1,0,1,0.659928787778328,red,False,False,0,0,11,0
2241,1,0,1,0.6308792952552944,red,False,False,1,0,7,0
2242,1,0,1,0.5671310808659391,red,False,False,1,0,11,0
2243,1,0,1,0.47202154504301513,red,False,False,1,0,9,0
2244,1,0,1,0.4344172502441067,red,False,False,1,0,9,0
2245,1,0,1,0.44868659686944,green,False,False,1,0,8,0
2246,2,0,2,0.37366649585810124,green,False,False,1,0,6,0
2247,1,0,1,0.5579275682264996,red,False,False,1,0,6,0
2248,1,0,1,0.4991127852994785,red,False,False,1,0,3,0
2249,1,0,1,0.6308366677274005,red,False,False,1,0,2,0
2250,1,0,1,0.5860125542968271,red,False,False,1,0,4,0
2251,1,0,1,0.43273582157121243,red,False,False,0,0,4,0
2252,1,0,1,0.39335451222747736,red,False,False,0,0,6,0
2253,0,0,0,0.22916868330934997,red,False,False,0,0,10,0
2254,0,0,0,0.3134209157092412,red,False,False,0,0,5,0
2255,0,0,0,0.3274239474973508,unknown,False,False,0,0,8,0
2256,0,0,0,0.4118477886360838,green,False,False,0,0,5,0
2257,0,0,0,0.5695735929560304,green,False,False,0,0,6,0
2258,0,0,0,0.5304262172479517,red,False,False,0,0,3,0
2259,1,0,1,0.7423111513522187,unknown,False,False,1,0,1,0
2260,1,0,1,0.6548422597522152,unknown,False,False,0,0,1,0
2261,0,0,0,0.5155852599084039,unknown,False,False,1,0,2,0
2262,1,1,2,0.4871242474693056,unknown,False,False,1,0,2,0
2263,1,0,1,0.5904992615130928,unknown,False,False,1,0,5,0
2264,1,0,1,0.5003475139962567,unknown,False,False,0,0,11,0
2265,2,0,2,0.651593133702773,unknown,False,False,1,0,3,0
2266,2,0,2,0.7054995996859585,unknown,False,False,0,0,5,0
2267,1,0,1,1.0277737065424288,unknown,False,False,2,0,1,0
2268,2,0,2,0.7908806276294489,unknown,False,False,0,0,2,0
2269,2,0,2,0.40025320221616073,unknown,False,False,1,0,2,0
2270,1,0,1,0.23879306393445926,unknown,False,False,1,0,1,0
2271,1,0,1,0.35478374213503305,unknown,False,False,0,0,1,0
2272,0,0,0,0.25726791498342283,unknown,False,False,0,0,2,0
2273,0,0,0,0.39868672950725714,unknown,False,False,0,0,5,0
2274,0,0,0,0.4626465962562403,unknown,False,False,0,0,2,0
2275,0,0,0,0.5179252033891575,unknown,False,False,0,0,3,0
2276,0,0,0,0.629095967329395,unknown,False,False,0,0,3,0
2277,0,0,0,0.6991964535173848,unknown,False,False,0,0,4,0
2278,0,0,0,0.7739812732438907,green,False,False,0,0,5,0
2279,0,0,0,0.693226032170806,green,False,False,0,0,5,0
2280,0,0,0,0.6346185782409963,red,False,False,0,0,6,0
2281,0,0,0,0.5207744398215784,red,False,False,1,0,6,0
2282,0,0,0,0.5758415043843176,red,False,True,0,0,6,0
2283,0,0,0,0.6811344925932362,red,False,True,0,1,5,0
2284,0,0,0,0.5410360203330339,red,False,True,0,1,4,0
2285,0,0,0,0.8192247794586954,red,False,True,0,0,4,0
2286,0,0,0,0.870695296817607,red,False,True,0,1,6,0
2287,0,0,0,0.7541989103108292,red,False,True,0,1,3,0
2288,0,0,0,0.6364800843208831,red,False,True,0,1,3,0
2289,0,0,0,1.2406073112030502,red,False,True,0,0,2,0
2290,0,0,0,0.533693803444437,red,False,True,1,1,4,0
2291,1,0,1,0.3642015389536459,red,False,True,0,1,3,0
2292,0,0,0,0.983855820739682,red,False,True,0,0,3,0
2293,0,0,0,1.3590427487011458,red,False,True,0,1,3,0
2294,0,0,0,1.32664434528531,red,False,True,0,0,3,0
2295,0,0,0,0.6615262272960477,red,False,True,0,1,4,0
2296,0,0,0,0.318834437082818,red,False,True,0,1,2,0
2297,0,0,0,0.898314762637089,red,False,True,0,0,2,0
2298,0,0,0,0.7179914922825853,red,False,True,0,1,3,0
2299,0,0,0,0.29788530527948137,red,False,True,0,1,2,0
2300,0,0,0,0.46873928951740634,red,False,True,0,1,2,0
2301,0,0,0,1.8512367890878916,red,False,True,0,1,2,0
2302,1,0,1,1.4600583468876802,red,False,True,1,1,2,0
2303,2,0,2,0.4746498001692001,red,False,True,1,1,1,0
2304,2,0,2,0.39515219971651183,red,False,True,0,1,1,0
2305,1,0,1,0.6820038174262737,red,False,True,0,1,2,0
2306,1,0,1,0.675599703845513,unknown,False,True,0,1,1,0
2307,0,0,0,0.2771133278014812,unknown,False,False,2,2,0,0
2308,0,0,0,0.0,unknown,False,False,0,2,0,0
2309,0,0,0,0.0,unknown,False,False,0,1,0,0
2310,0,0,0,0.0,unknown,False,False,0,1,0,0
2311,3,0,3,0.2921406840570815,unknown,False,False,2,0,1,0
2312,2,0,2,0.3242730198702888,unknown,False,False,0,0,1,0
2313,1,0,1,0.34756615083416953,unknown,False,False,0,0,0,0
2314,0,0,0,0.0,unknown,False,False,0,0,0,0
2315,0,0,0,0.0,unknown,False,False,0,0,0,0
2316,0,0,0,0.0,unknown,False,False,0,0,0,0
2317,0,0,0,0.0,unknown,False,False,0,0,0,0
2318,0,0,0,0.0,red,False,False,0,0,2,0
2319,0,0,0,0.1378044945251105,unknown,False,False,0,0,2,0
2320,0,0,0,0.1416724599253783,green,False,False,0,0,4,0
2321,0,0,0,0.38968458516567833,yellow,False,False,1,0,3,0
2322,0,0,0,0.3607488653103205,yellow,False,False,2,0,2,0
2323,3,0,3,0.7561162675335189,yellow,False,True,3,1,3,0
2324,3,0,3,0.673105696573184,yellow,False,True,1,1,2,0
2325,0,1,1,0.8869195956405257,yellow,False,True,1,2,1,0
2326,2,0,2,1.0924074836874071,yellow,False,True,1,2,1,0
2327,2,0,2,0.8906822006768298,unknown,False,True,1,3,1,0
2328,1,0,1,0.5140221022306811,unknown,False,True,2,1,0,0
2329,1,0,1,1.235122228381202,unknown,False,False,3,1,0,0
2330,3,0,3,0.0,unknown,False,False,2,1,0,0
2331,3,0,3,0.0,unknown,False,False,2,1,0,1
2332,2,1,3,0.2811458399433394,unknown,False,False,3,0,1,1
2333,4,0,4,0.20092052699242893,unknown,False,False,4,1,1,1
2334,4,1,5,0.1592210420997911,unknown,False,True,3,1,1,1
2335,4,0,4,0.1390591361558195,unknown,False,True,3,1,3,0
2336,4,0,4,0.5512844895543082,unknown,False,False,3,1,1,0
2337,5,0,5,0.3775937672814198,unknown,False,False,2,1,1,0
2338,4,0,4,0.5148858733004076,unknown,False,False,2,1,0,0
2339,2,0,2,0.0,unknown,False,False,1,1,0,1
2340,2,0,2,0.0,unknown,False,False,0,1,0,0
2341,1,0,1,0.0,unknown,False,False,1,1,0,0
2342,0,0,0,0.0,unknown,False,False,0,1,1,0
2343,0,0,0,0.36275365727681114,unknown,False,False,0,1,0,0
2344,0,0,0,0.12801922621003153,red,False,True,0,1,1,0
2345,0,0,0,0.22664943543785399,red,False,True,1,1,1,0
2346,2,0,2,0.5668260110791273,unknown,False,True,1,1,2,0
2347,2,1,3,0.5537044322740438,red,False,True,3,1,2,0
2348,3,0,3,0.5538286405645959,unknown,False,True,0,2,0,0
2349,2,0,2,0.05039826113981327,unknown,False,False,2,1,0,0
2350,3,2,5,0.0,unknown,False,False,6,2,0,1
2351,4,3,7,0.0,unknown,False,False,4,1,0,0
2352,4,1,5,0.0,unknown,False,False,1,2,0,0
2353,4,0,4,0.0,unknown,False,False,0,2,0,0
2354,2,0,2,0.0,unknown,False,False,0,2,0,0
2355,1,0,1,0.04893437039966991,unknown,False,False,0,1,0,0
2356,0,0,0,0.028545049399807447,unknown,False,False,0,1,0,0
2357,0,0,0,0.0,unknown,False,True,2,1,1,0
2358,6,0,6,0.0,unknown,True,True,5,1,1,0
2359,7,1,8,0.08273255831209174,unknown,False,False,11,1,1,0
2360,19,2,21,0.13128893406055764,red,True,True,11,2,1,0
2361,16,3,19,0.22263018908463675,unknown,True,True,9,2,1,0
2362,11,2,13,0.5250212129635423,red,True,True,5,1,0,0
2363,10,2,12,0.45149555676172753,unknown,True,True,5,2,1,0
2364,3,2,5,0.09869130758821115,unknown,False,False,0,3,1,0
2365,5,0,5,0.04918823762825037,unknown,False,False,1,2,0,0
2366,4,0,4,0.016267341350683022,unknown,False,False,1,3,1,0
2367,1,1,2,0.3204484915133166,unknown,False,False,1,1,1,0
2368,1,0,1,0.09083737596961512,unknown,False,False,0,1,0,0
2369,0,0,0,0.0,unknown,False,False,0,1,0,0
2370,0,0,0,0.1261854988623443,unknown,False,True,1,1,0,0
2371,1,0,1,0.11668269427400478,unknown,False,False,1,1,0,0
2372,1,0,1,0.0,unknown,False,False,1,1,0,0
2373,1,1,2,0.0,unknown,False,False,2,1,0,0
2374,4,0,4,0.0,unknown,False,False,4,2,0,0
2375,5,0,5,0.0,unknown,False,False,6,2,1,0
2376,6,0,6,0.0,unknown,False,False,5,1,0,0
2377,7,1,8,0.0,unknown,False,False,4,1,1,0
2378,7,0,7,0.08600457824668724,red,False,True,3,1,2,0
2379,4,0,4,0.26725238200763846,red,False,True,3,1,1,0
2380,4,0,4,0.40437333546952214,red,False,True,3,1,1,0
2381,4,0,4,0.4392755948223898,green,False,True,2,2,1,0
2382,4,0,4,0.22859068248074021,red,False,True,4,2,0,0
2383,4,0,4,0.2630578259559121,green,False,True,4,2,2,0
2384,4,0,4,0.4003540394484483,red,False,True,3,2,1,0
2385,4,0,4,0.344378997056612,red,False,True,2,1,3,0
2386,4,0,4,0.7014434115436645,green,False,True,2,1,4,0
2387,3,0,3,0.9628439312223929,red,False,True,2,2,1,0
2388,3,0,3,0.5807927864192232,red,False,True,3,1,6,0
2389,4,0,4,0.5935777837546706,red,False,True,3,1,5,0
2390,4,0,4,0.9168801451534684,green,False,True,3,1,6,0
2391,4,0,4,0.4198498799279512,red,False,True,2,2,3,0
2392,4,0,4,0.22555458056882713,red,False,True,4,2,3,0
2393,4,0,4,0.5030290546136167,red,False,True,3,1,5,0
2394,4,0,4,0.5133672972203097,red,False,True,3,1,4,0
2395,3,0,3,0.80546806217733,red,False,True,3,1,3,0
2396,4,0,4,0.9823518782454703,unknown,False,True,4,2,3,0
2397,4,0,4,0.38456686016925007,red,False,True,4,2,2,0
2398,4,0,4,0.3475102387898085,red,False,True,3,2,2,0
2399,4,0,4,0.3125318659589907,green,False,True,4,3,1,0
2400,5,0,5,0.39074469573737086,green,True,True,4,4,1,0
2401,4,0,4,0.2887400163950246,red,False,True,6,3,2,0
2402,4,0,4,0.46839161326565987,unknown,False,True,4,3,2,0
2403,4,0,4,1.0305354710691985,red,False,True,1,2,0,0
2404,4,0,4,0.7802077111978121,unknown,False,True,3,2,0,0
2405,2,0,2,0.7558165366289515,yellow,False,False,2,2,0,0
2406,3,0,3,0.0,yellow,False,False,1,2,1,0
2407,2,0,2,0.0,unknown,False,False,1,1,1,0
2408,2,0,2,0.07722409395295607,unknown,False,False,0,1,1,0
2409,2,0,2,0.1203149518853333,unknown,False,False,0,0,3,0
2410,1,0,1,0.5702822475937971,unknown,False,False,3,0,3,0
2411,4,1,5,1.8668368008689742,unknown,False,False,7,0,3,0
2412,1,5,6,0.4184151772579939,unknown,False,False,9,0,2,0
2413,8,2,10,0.47716191059559043,unknown,True,False,3,0,3,0
2414,6,0,6,0.7905892145384229,unknown,False,True,1,1,1,0
2415,4,0,4,0.8125009971551427,unknown,False,False,2,1,2,0
2416,0,2,2,0.7590964119478589,red,False,True,2,2,2,0
2417,3,0,3,0.8141752259627004,unknown,False,True,1,2,10,0
2418,2,0,2,1.0695507121179406,unknown,False,False,1,2,5,0
2419,1,0,1,1.1394499739735742,unknown,False,True,2,1,2,0
2420,2,0,2,0.42638162085293735,unknown,False,False,3,1,3,0
2421,3,2,5,0.42122650358113267,unknown,False,False,3,1,1,0
2422,4,1,5,0.19205495906279502,unknown,False,False,1,0,1,0
2423,4,0,4,0.10373349710785104,unknown,False,False,1,1,0,0
2424,2,0,2,0.0,unknown,False,True,0,1,0,0
2425,0,0,0,0.0,unknown,False,False,0,1,0,0
2426,0,0,0,0.0,unknown,False,False,0,1,0,0
2427,0,0,0,0.0,unknown,False,False,0,1,0,0
2428,0,0,0,0.0,unknown,False,True,0,1,0,0
2429,0,0,0,0.0,unknown,False,False,0,0,0,0
2430,0,0,0,0.7462641744244201,unknown,False,False,1,0,5,0
2431,1,0,1,0.880147688114904,unknown,False,False,1,0,3,0
2432,0,0,0,0.9312059060431742,red,False,False,1,0,2,0
2433,1,0,1,0.6401734445410042,red,False,True,1,0,4,0
2434,3,0,3,0.41789401324937875,red,False,True,2,1,5,0
2435,3,0,3,0.9384245035123174,red,False,True,3,0,4,0
2436,3,0,3,0.4994119032984408,yellow,False,True,2,0,4,0
2437,3,0,3,0.7190152247449138,red,False,False,3,0,5,0
2438,3,0,3,0.8458205379196441,red,False,True,4,0,3,0
2439,6,0,6,0.5373787098077292,red,True,True,5,1,3,0
2440,4,0,4,0.5340893074621448,red,False,True,3,1,3,0
2441,4,0,4,0.33000816262278154,red,False,True,2,1,2,0
2442,3,0,3,0.26082432413268414,unknown,False,True,2,1,1,0
2443,3,0,3,0.20527712202772297,unknown,False,False,0,1,1,0
2444,1,0,1,0.23004578594690292,unknown,False,False,0,1,1,0
2445,0,0,0,0.48351422232530455,unknown,False,False,0,1,1,0
2446,0,0,0,0.7950167939941838,unknown,False,False,0,1,1,0
2447,0,0,0,1.534842813378058,unknown,False,False,0,0,1,0
2448,0,0,0,0.7712016367599765,unknown,False,False,0,0,1,0
2449,0,0,0,0.298123479026243,unknown,False,False,1,0,1,1
2450,0,0,0,0.1455549617774397,unknown,False,False,0,0,0,0
2451,1,0,1,0.09215737270480405,unknown,False,False,1,0,0,0
2452,1,0,1,0.0,unknown,False,False,1,0,1,0
2453,1,0,1,0.48330852884514985,unknown,False,False,1,0,6,0
2454,3,0,3,0.5698936904190774,unknown,False,False,1,0,8,0
2455,2,0,2,0.6988654219010436,unknown,False,False,0,0,8,0
2456,0,0,0,0.7881640053109157,unknown,False,False,0,0,9,0
2457,0,0,0,0.7822058966605642,green,False,False,0,0,8,0
2458,0,0,0,0.5755577106143753,green,False,False,2,0,14,0
2459,2,0,2,0.5051674366976809,red,False,False,3,0,8,0
2460,2,0,2,0.622380014238071,green,False,False,3,0,9,0
2461,2,0,2,0.632601031604536,green,False,False,2,0,11,0
2462,3,0,3,0.7487130736498373,green,False,False,2,0,11,0
2463,3,0,3,0.827403298815582,green,False,False,2,0,10,0
2464,2,0,2,0.5821425440109269,green,False,False,2,0,12,0
2465,4,0,4,0.5404056272617843,green,False,False,2,0,9,0
2466,2,0,2,0.6583971102151576,green,False,False,1,0,9,0
2467,3,0,3,0.677802632663059,green,False,False,2,0,11,0
2468,2,0,2,0.9268429177659175,green,False,False,2,0,9,0
2469,2,0,2,0.7534973981714082,green,False,False,2,0,8,0
2470,2,0,2,0.8398262906829925,green,False,False,2,0,9,0
2471,2,0,2,0.9108902081226535,green,False,False,2,0,10,0
2472,2,0,2,0.608745176175153,red,False,False,3,0,7,0
2473,2,0,2,0.6336442501317575,red,False,False,4,0,10,0
2474,3,0,3,0.7586938386608779,unknown,False,False,3,0,6,0
2475,3,0,3,0.7217045636602724,red,False,False,3,0,4,0
2476,3,0,3,0.7473334363614956,red,False,False,4,0,3,0
2477,3,0,3,0.7597500106813068,red,False,True,3,0,1,0
2478,3,0,3,0.37010329154063953,red,False,True,3,0,3,0
2479,2,0,2,0.3816635768875535,unknown,False,False,1,0,6,0
2480,2,0,2,0.4022879826573171,green,False,False,1,0,7,0
2481,1,0,1,0.4351978771234296,green,False,False,2,0,8,0
2482,2,0,2,0.3663345386864381,red,False,False,2,0,3,0
2483,4,0,4,0.5251239293479575,red,False,False,2,0,4,0
2484,2,0,2,0.5831083444193542,unknown,False,True,2,0,2,1
2485,1,0,1,1.405577890237622,unknown,False,False,0,0,1,0
2486,0,0,0,3.7338613668600233,unknown,False,False,0,1,2,0
2487,1,0,1,0.33957712633964154,unknown,False,False,0,0,1,0
2488,1,0,1,0.3612464290793881,unknown,False,False,2,0,0,0
2489,1,0,1,0.0,unknown,False,False,0,0,0,0
2490,0,0,0,0.0,unknown,False,False,0,0,0,0
2491,0,0,0,0.0,unknown,False,False,0,0,0,0
2492,2,0,2,0.16479718758452022,unknown,False,False,2,0,1,0
2493,3,0,3,0.37824651434848955,unknown,False,False,1,0,0,0
2494,1,0,1,0.6744163986212652,unknown,False,False,0,0,0,0
2495,0,0,0,0.0,unknown,False,False,0,0,2,0
2496,0,0,0,0.0,unknown,False,False,1,0,1,0
2497,1,0,1,0.2526754346547986,unknown,False,False,1,0,2,0
2498,2,0,2,0.4330285372290394,unknown,False,False,2,0,3,0
2499,1,0,1,0.4331254634028283,unknown,False,False,0,0,3,0
2500,1,0,1,0.5948119651326866,unknown,False,False,1,0,4,0
2501,1,0,1,0.6319850136680639,unknown,False,False,1,0,7,0
2502,1,0,1,0.6725617711809496,red,False,False,0,0,4,0
2503,0,0,0,0.5916526551605821,red,False,False,0,0,6,0
2504,0,0,0,1.3097046142234132,red,False,False,0,0,6,0
2505,0,0,0,0.793596397903118,red,False,False,0,0,8,0
2506,0,0,0,0.8293257568363117,green,False,False,1,0,8,0
2507,0,0,0,0.7087511550417063,red,False,False,1,0,4,0
2508,1,0,1,0.28892360017454877,red,False,False,1,0,3,0
2509,1,0,1,0.14646754801539924,red,False,False,1,0,4,0
2510,1,0,1,0.1543451309113579,green,False,False,0,0,2,0
2511,1,0,1,0.18291778947296336,red,False,True,0,1,1,0
2512,0,0,0,0.19549072425541605,red,False,True,1,1,1,0
2513,0,0,0,0.20345391429546297,green,False,True,0,1,1,0
2514,0,0,0,0.35447842608103075,red,False,True,1,1,2,0
2515,1,0,1,0.37497393515483196,red,False,True,1,1,2,1
2516,0,1,1,0.5372836373906131,red,False,True,1,0,3,1
2517,1,0,1,0.6269362180601934,red,False,False,1,0,2,0
2518,2,0,2,0.6906608374416572,unknown,False,False,0,0,0,0
2519,1,0,1,0.5284588634207144,unknown,False,False,1,0,0,1
2520,0,0,0,0.0,unknown,False,False,0,0,0,0
2521,0,0,0,0.0,unknown,False,False,0,0,0,0
2522,0,0,0,0.0,unknown,False,False,0,0,0,0
2523,0,0,0,0.23837398746379881,unknown,False,False,0,0,1,0
2524,0,0,0,0.19590200128840476,unknown,False,False,1,0,2,0
2525,1,0,1,0.22442495697014134,unknown,False,False,1,0,2,0
2526,1,0,1,0.0,unknown,False,False,1,0,0,0
2527,1,0,1,0.0,unknown,False,False,1,0,0,0
2528,1,0,1,0.0,unknown,False,False,1,0,0,0
2529,1,0,1,0.0,unknown,False,False,0,0,0,0
2530,1,0,1,0.0,unknown,False,False,1,0,0,0
2531,0,1,1,0.272421517160651,red,False,False,2,0,3,0
2532,1,1,2,0.3416099495274041,red,False,False,1,0,3,0
2533,1,0,1,0.8603851796057933,unknown,False,False,0,0,2,0
2534,1,0,1,1.24774772091179,unknown,False,False,0,0,0,0
2535,0,0,0,1.916351786677496,unknown,False,False,0,0,0,0
2536,0,0,0,0.3184541862179343,unknown,False,False,0,0,5,0
2537,0,0,0,0.9282351664235403,unknown,False,False,0,0,2,0
2538,0,0,0,0.5083016272443186,unknown,False,False,2,0,1,0
2539,4,0,4,0.3150171827859377,unknown,False,False,0,0,1,0
2540,3,0,3,0.40453247220444394,unknown,False,False,2,0,1,0
2541,2,0,2,0.6648802117449851,unknown,False,False,2,0,3,0
2542,2,0,2,1.044595542083019,unknown,False,False,1,0,2,0
2543,1,0,1,1.8311632225554666,unknown,False,False,0,0,3,0
2544,1,0,1,1.1383411748707866,unknown,False,False,0,0,3,0
2545,0,0,0,0.7382886809744346,unknown,False,False,1,0,5,0
2546,0,0,0,1.0225565913148051,unknown,False,False,1,0,3,0
2547,0,0,0,0.9166706474174067,unknown,False,False,0,0,5,0
2548,0,0,0,0.6744293716539979,red,False,False,0,0,5,0
2549,0,0,0,0.6176797025922802,red,False,True,0,0,2,0
2550,0,0,0,0.6778603457647295,green,False,True,0,0,2,0
2551,0,0,0,0.7243106429018661,red,False,True,0,0,1,0
2552,0,0,0,0.65926589169308,yellow,False,False,0,0,3,0
2553,0,0,0,0.4040659520758211,unknown,False,False,0,0,2,0
2554,0,0,0,1.2601069625412513,unknown,False,False,3,0,4,0
2555,1,0,1,2.0254033774631854,unknown,False,False,1,0,4,0
2556,0,1,1,0.9771095166247473,unknown,False,False,1,0,3,0
2557,1,0,1,1.547122032746643,unknown,False,False,0,0,4,0
2558,1,0,1,1.190662430903702,unknown,False,False,1,0,7,0
2559,1,0,1,1.2865327148652086,unknown,False,False,0,0,5,0
2560,1,0,1,1.0754867966954176,unknown,False,False,0,0,9,0
2561,0,0,0,0.6310115786347386,unknown,False,False,0,0,9,0
2562,0,0,0,0.7481598505936313,unknown,False,False,0,0,7,0
2563,0,0,0,1.1358386297827643,unknown,False,False,0,0,6,0
2564,0,0,0,1.1117733048376797,unknown,False,False,0,0,6,0
2565,0,0,0,1.1287548932600262,unknown,False,False,0,0,9,0
2566,0,0,0,0.9284437552400155,unknown,False,False,0,0,11,0
2567,0,0,0,0.7981643209496762,unknown,False,False,0,0,14,0
2568,0,0,0,0.8380256620022501,unknown,False,False,0,1,15,0
2569,0,0,0,1.050307537761776,unknown,False,False,0,1,10,0
2570,0,0,0,0.8164563126332376,unknown,False,False,0,1,15,0
2571,0,0,0,0.5792283217968889,unknown,False,False,0,1,16,0
2572,0,0,0,0.3649201338153081,unknown,False,False,0,0,17,0
2573,0,0,0,0.3015458796964317,unknown,False,False,0,0,11,0
2574,0,0,0,0.39803949118946114,unknown,False,False,0,0,14,0
2575,0,0,0,0.6146902501396019,unknown,False,False,0,0,16,0
2576,0,0,0,0.6537501718099687,unknown,False,False,0,0,17,0
2577,0,0,0,0.7784699772303627,unknown,False,False,0,0,16,0
2578,0,0,0,0.6676406880990522,unknown,False,False,0,0,16,0
2579,0,0,0,0.638015563937017,unknown,False,False,0,0,13,0
2580,0,0,0,0.9344092865062746,unknown,False,False,0,0,6,0
2581,0,0,0,1.045057153520018,unknown,False,False,0,0,8,0
2582,0,0,0,0.5778385707105517,unknown,False,False,0,0,7,0
2583,0,0,0,0.9250543293617508,unknown,False,False,0,1,9,0
2584,0,0,0,0.615428048457874,unknown,False,False,2,0,13,0
2585,0,0,0,0.5191312899139968,unknown,False,False,0,0,10,0
2586,0,0,0,0.7635308310432428,unknown,False,False,0,0,9,0
2587,0,0,0,0.9415417611872539,unknown,False,False,0,1,6,0
2588,0,0,0,0.9471355611310495,unknown,False,False,0,1,5,0
2589,0,0,0,1.4631995448951456,unknown,False,False,0,2,2,0
2590,1,0,1,1.0676557636630908,unknown,False,False,1,1,3,0
2591,1,0,1,0.3599028965315725,unknown,False,False,0,1,3,0
2592,0,0,0,0.14249012180286727,unknown,False,False,0,1,2,0
2593,0,0,0,0.532877145177861,yellow,False,False,0,0,1,0
2594,0,0,0,0.36752931784432513,yellow,False,False,0,0,2,0
2595,0,0,0,0.2884461041865093,yellow,False,False,0,0,4,0
2596,0,0,0,0.3140639211832915,unknown,False,False,0,0,5,0
2597,0,0,0,0.4331886723435968,unknown,False,False,0,0,4,0
2598,0,0,0,0.5361300853950268,unknown,False,False,0,0,3,0
2599,0,0,0,0.5112374621253852,red,False,False,0,0,9,0
2600,0,0,0,0.4786153201995662,green,False,False,0,0,7,0
2601,0,0,0,0.3646262085330207,unknown,False,False,0,0,4,0
2602,0,0,0,0.30697803670404145,unknown,False,False,0,0,6,0
2603,0,0,0,0.2514370890356733,unknown,False,False,0,0,5,0
2604,0,0,0,0.31002230549878973,unknown,False,False,0,0,4,0
2605,0,0,0,0.36397981956836545,unknown,False,False,0,0,4,0
2606,0,0,0,0.24542244215277068,unknown,False,False,0,0,5,0
2607,0,0,0,0.2985475610932001,unknown,False,False,0,0,9,0
2608,0,0,0,0.3915660968066516,unknown,False,False,0,0,7,0
2609,0,0,0,0.457555377704337,unknown,False,False,0,0,7,0
2610,0,0,0,0.38129608374508306,red,False,False,0,0,7,0
2611,0,0,0,0.31621406787046136,red,False,False,0,0,8,0
2612,0,0,0,0.2584555197362019,red,False,False,0,0,4,0
2613,0,0,0,0.21149367410986142,red,False,True,0,0,3,0
2614,0,0,0,0.2641820904502329,red,False,True,1,0,5,0
2615,1,0,1,0.2873799494873777,red,False,False,1,0,4,0
2616,2,0,2,0.31728525676301966,red,False,False,1,0,4,0
2617,2,0,2,0.3323571356046598,red,False,False,2,0,5,0
2618,2,0,2,0.3586445961390649,unknown,False,False,1,0,6,0
2619,2,0,2,0.5892436977334128,unknown,False,False,0,0,5,0
2620,1,0,1,0.9311495517630782,unknown,False,False,0,0,3,0
2621,0,0,0,0.6806063453873586,unknown,False,False,0,0,5,0
2622,0,0,0,0.7116457072165487,unknown,False,False,0,0,5,0
2623,0,0,0,0.4737230930610707,unknown,False,False,0,0,5,0
2624,0,0,0,0.5250831873620732,unknown,False,False,0,0,3,0
2625,0,0,0,0.7304076824087935,unknown,False,False,0,0,4,0
2626,0,0,0,1.2009977073551468,unknown,False,False,0,0,5,0
2627,0,0,0,0.5534377995157919,unknown,False,False,0,0,5,0
2628,0,0,0,0.38916566448966466,unknown,False,False,1,0,4,0
2629,0,0,0,0.39078239214498045,unknown,False,False,0,0,3,0
2630,0,0,0,0.5731961848230188,unknown,False,False,0,0,2,0
2631,0,0,0,0.3737195316161916,unknown,False,False,0,0,2,0
2632,0,0,0,0.32244527754122754,unknown,False,False,1,0,3,0
2633,1,0,1,0.3928333904535981,unknown,False,False,1,0,3,0
2634,0,1,1,0.4679974470235213,unknown,False,False,1,0,1,0
2635,2,0,2,0.5668372646521723,unknown,False,False,0,0,0,0
2636,1,0,1,0.623851530408058,red,False,False,1,0,0,0
2637,0,0,0,0.42744460077508584,red,False,False,0,0,3,0
2638,1,0,1,1.0887183670389597,red,False,False,0,0,2,0
2639,0,0,0,0.595416407793124,red,False,True,0,0,2,0
2640,0,0,0,0.4649695475295048,unknown,False,True,0,0,2,1
2641,0,0,0,0.23726589106041018,unknown,False,False,0,1,1,0
2642,1,0,1,0.3337357262727355,unknown,False,False,0,0,0,0
2643,0,0,0,0.0,unknown,False,False,0,0,0,0
2644,0,0,0,0.0,unknown,False,False,0,0,0,0
2645,0,0,0,0.0,unknown,False,False,1,0,0,0
2646,1,0,1,0.0,unknown,False,False,1,0,0,0
2647,3,0,3,0.0,unknown,False,False,1,0,0,0
2648,2,0,2,0.0,unknown,False,False,2,0,0,0
2649,2,0,2,0.0,unknown,False,False,2,0,0,0
2650,3,0,3,0.424121690349785,unknown,False,False,2,0,3,0
2651,2,1,3,0.675188064885341,unknown,False,False,2,0,5,0
2652,2,0,2,0.670225623458927,red,False,False,1,0,5,0
2653,2,0,2,0.8228827063411284,unknown,False,False,0,0,3,0
2654,1,0,1,0.9944953515574882,unknown,False,False,1,0,2,0
2655,0,0,0,0.5863015517035431,unknown,False,False,0,0,2,0
2656,0,0,0,0.48984902152512655,unknown,False,False,0,0,0,0
2657,0,0,0,0.36609765465780275,unknown,False,False,0,0,2,0
2658,0,0,0,0.14026346616948399,unknown,False,False,0,0,2,0
2659,0,0,0,0.1348435206624644,unknown,False,False,0,0,0,0
2660,0,0,0,0.0,unknown,False,False,0,0,1,0
2661,0,0,0,0.0,unknown,False,False,0,0,0,0
2662,2,0,2,0.5115045104743647,unknown,False,False,3,0,0,0
2663,4,0,4,0.2795627910648737,unknown,False,False,4,0,0,0
2664,2,0,2,1.1870455584465316,yellow,False,False,1,0,1,0
2665,3,0,3,0.860945691390859,red,False,False,1,0,4,0
2666,1,0,1,0.9135762895692007,red,False,False,0,0,4,0
2667,1,0,1,0.7355360475587871,unknown,False,False,0,0,3,0
2668,1,0,1,1.0489226441200665,unknown,False,False,1,0,1,0
2669,2,0,2,0.8570210724270244,unknown,False,False,1,0,1,0
2670,0,0,0,0.5530305468787148,unknown,False,False,1,0,0,0
2671,0,1,1,0.18157541436369729,unknown,False,False,2,0,1,1
2672,1,1,2,0.41133619658655757,unknown,False,False,0,0,1,0
2673,1,0,1,2.383709227525446,unknown,False,False,0,0,1,0
2674,0,0,0,1.4157370429267049,unknown,False,False,2,0,2,0
2675,3,0,3,0.39031237719965234,unknown,False,False,2,0,1,0
2676,2,1,3,0.21284539298063174,unknown,False,False,1,0,1,0
2677,3,1,4,0.11838599935822215,unknown,False,False,5,0,2,0
2678,3,1,4,0.09341605282430775,unknown,False,False,2,0,3,0
2679,4,1,5,0.32600101987478364,unknown,False,False,3,0,2,0
2680,2,0,2,0.7280822779526042,unknown,False,False,1,0,4,0
2681,2,0,2,0.7753538524877912,green,False,True,3,1,3,0
2682,2,0,2,0.36507247209981847,red,False,True,2,1,7,0
2683,2,0,2,0.418393818251694,red,False,True,2,1,7,0
2684,1,0,1,0.6586686822047884,yellow,False,True,1,1,10,0
2685,1,0,1,0.7623533665578599,red,False,True,1,1,5,0
2686,2,0,2,0.897616659483603,red,False,True,2,1,4,0
2687,2,0,2,1.4078128586364362,red,False,True,1,1,4,0
2688,2,0,2,0.8991919968790714,red,False,True,2,2,5,0
2689,2,0,2,0.7070515692792987,red,False,True,2,1,3,0
2690,2,0,2,0.9107706070095453,red,False,True,3,2,2,0
2691,3,0,3,0.3217853067253017,red,False,True,2,2,6,0
2692,2,0,2,0.2330772304804547,red,False,True,2,2,6,0
2693,4,0,4,0.23336853033646635,red,False,True,1,1,8,0
2694,5,0,5,0.28766804190308193,red,False,True,3,1,9,0
2695,3,0,3,0.3532019614654437,green,False,True,4,1,5,0
2696,4,0,4,0.4494759282035938,red,False,True,2,3,4,0
2697,4,1,5,0.4006156035463036,red,False,True,3,2,0,0
2698,3,1,4,0.5565537246921023,unknown,False,True,1,2,3,0
2699,3,0,3,0.7852511381925255,unknown,False,True,1,3,1,0
2700,2,0,2,0.5713915646621653,unknown,False,False,3,2,2,0
2701,0,0,0,0.1498132642316445,unknown,False,True,0,3,1,0
2702,0,0,0,0.19486336084941147,unknown,False,True,0,2,2,0
2703,0,1,1,0.29150042866154546,unknown,False,True,2,1,3,4
2704,2,1,3,0.46695793135868663,unknown,False,False,2,0,3,2
2705,2,0,2,0.9686635560846407,unknown,False,False,0,0,3,0
2706,1,0,1,0.9778674672821867,unknown,False,False,1,0,2,0
2707,2,0,2,0.8023668335032359,unknown,False,False,2,0,1,0
2708,4,0,4,0.5410042084076851,unknown,False,False,3,0,0,0
2709,4,0,4,0.3579685018213629,unknown,False,False,2,0,1,0
2710,2,1,3,0.6002340349537441,unknown,False,False,2,1,1,0
2711,5,0,5,0.5318226552296237,red,False,False,1,0,5,0
2712,4,0,4,0.7737737342653344,unknown,False,False,4,0,4,0
2713,4,0,4,0.6476232279823394,unknown,False,False,2,0,5,0
2714,4,0,4,0.5908428162338286,red,False,True,3,1,8,0
2715,6,0,6,0.6276064680830543,red,True,True,4,0,6,0
2716,5,0,5,0.5688598014154738,unknown,False,True,5,1,7,0
2717,5,0,5,0.6471024710494877,red,True,True,4,0,3,0
2718,4,0,4,0.5001379714368547,yellow,False,True,3,1,5,0
2719,6,0,6,0.2956220009029974,red,True,True,6,1,6,0
2720,8,0,8,0.2705141544621543,unknown,True,True,5,1,6,0
2721,8,0,8,0.38059338153915845,red,True,True,8,1,7,0
2722,7,0,7,0.459443158197093,yellow,True,True,6,1,4,1
2723,7,0,7,0.4424064477038079,unknown,True,True,4,1,5,0
2724,6,0,6,0.6305197949734048,red,True,True,5,0,10,0
2725,7,0,7,0.4385178957860963,red,True,True,6,1,5,0
2726,9,0,9,0.3552305136953505,red,True,True,6,1,7,0
2727,9,0,9,0.2656190892009131,yellow,True,True,2,1,6,0
2728,6,0,6,0.43350644879475986,red,True,True,8,1,4,0
2729,7,0,7,0.4452443023448268,red,True,True,6,1,6,0
2730,5,0,5,0.5638100504815742,red,True,True,2,1,6,0
2731,7,0,7,0.6529806738532171,unknown,True,True,3,1,3,0
2732,6,0,6,0.9068781664399138,unknown,False,True,4,1,3,0
2733,3,0,3,0.6039232360042386,unknown,False,True,2,2,1,0
2734,2,0,2,0.24506024112457905,unknown,False,False,1,2,1,0
2735,1,0,1,0.16302220936526082,unknown,False,False,3,1,1,0
2736,3,0,3,0.1520561751440449,unknown,False,False,3,1,1,1
2737,2,1,3,0.15293603828036587,unknown,False,False,3,0,2,0
2738,4,0,4,0.20341888145550008,unknown,False,False,0,0,2,0
2739,4,0,4,0.18369232658123755,unknown,False,False,2,0,2,0
2740,1,1,2,0.10756030143869698,unknown,False,False,2,1,2,1
2741,2,0,2,0.1513825566867458,yellow,False,False,1,1,1,0
2742,1,0,1,0.14764732875973405,unknown,False,False,0,1,0,0
2743,0,0,0,0.28597090189208324,unknown,False,False,0,2,1,0
2744,0,0,0,0.3071461354649824,unknown,False,False,0,1,1,0
2745,1,0,1,0.5727845802943548,green,False,True,0,1,2,0
2746,0,0,0,0.6621697059423286,green,False,False,0,0,2,0
2747,1,0,1,0.7006071117299986,red,False,False,5,0,1,0
2748,5,0,5,0.6110183723407602,unknown,False,False,6,0,1,0
2749,6,0,6,0.1673150447548858,unknown,False,False,3,0,1,0
2750,4,0,4,0.2690306719258392,unknown,False,False,1,0,1,0
2751,1,0,1,0.2818161729477243,unknown,False,False,0,0,1,0
2752,0,0,0,0.15554883107223386,unknown,False,False,0,0,1,0
2753,0,0,0,0.20376253214418935,unknown,False,False,0,0,1,0
2754,0,0,0,0.2645134194015307,unknown,False,False,0,0,1,0
2755,1,0,1,0.2400401533262757,unknown,False,False,1,0,1,0
2756,2,1,3,0.1814298875778446,unknown,False,False,2,0,0,0
2757,2,1,3,0.19446341148833518,unknown,False,False,3,0,2,0
2758,2,0,2,0.6592005996007314,unknown,False,False,0,0,2,0
2759,3,0,3,0.8610236063155178,unknown,False,False,2,0,4,0
2760,5,0,5,1.2903726662511588,red,False,True,7,0,5,0
2761,8,1,9,1.0199206381417405,unknown,True,False,10,0,3,0
2762,6,3,9,0.7939172054868763,red,True,False,6,0,3,0
2763,7,1,8,0.8500687153012579,unknown,True,False,8,0,3,0
2764,8,0,8,0.31135071973019185,unknown,True,False,3,0,2,0
2765,4,3,7,0.4212815036693748,unknown,False,False,4,0,1,0
2766,2,4,6,0.31746156445734003,unknown,False,False,6,0,1,0
2767,4,2,6,0.14823180160311117,unknown,True,False,3,0,1,0
2768,2,1,3,0.20555813046715882,unknown,False,False,1,0,2,0
2769,2,0,2,0.1697491618306301,unknown,False,False,0,0,2,0
2770,0,0,0,0.27979803001476067,unknown,False,False,0,0,2,0
2771,1,0,1,0.5016565051522179,unknown,False,False,4,0,2,0
2772,3,1,4,0.7794754806149876,unknown,False,False,5,0,2,1
2773,4,2,6,1.0964995083807487,unknown,False,False,3,0,3,0
2774,2,0,2,0.8432873807562347,unknown,False,False,3,0,5,0
2775,3,0,3,0.9294738289436087,red,False,False,5,0,6,0
2776,3,0,3,0.6882542459225838,green,False,False,2,0,7,0
2777,3,0,3,0.8705462696854696,unknown,False,True,1,1,6,0
2778,1,0,1,0.7748203870815709,red,False,True,1,0,4,0
2779,2,0,2,0.5545790402333464,unknown,False,False,0,0,5,0
2780,0,0,0,0.5046346559285434,unknown,False,False,0,0,4,3
2781,1,1,2,0.4783907591126849,unknown,False,False,1,0,2,1
2782,2,0,2,0.17939913116300457,unknown,False,False,1,0,3,0
2783,0,0,0,0.22800808289539337,unknown,False,False,0,0,3,0
2784,0,0,0,0.20820221694444024,unknown,False,False,0,0,1,0
2785,0,0,0,0.16928044751502302,unknown,False,False,0,1,1,0
2786,0,0,0,0.15473225522036144,unknown,False,False,0,3,1,0
2787,1,0,1,0.5119890745459714,unknown,False,False,1,3,0,0
2788,0,1,1,0.3072498296226817,unknown,False,False,1,3,0,0
2789,1,0,1,0.0,yellow,False,False,3,2,0,0
2790,3,0,3,0.29191428853246254,unknown,False,True,2,1,1,0
2791,6,0,6,0.46513272573700754,yellow,False,True,2,1,0,0
2792,3,0,3,1.1933000459715681,yellow,False,False,2,1,1,0
2793,3,0,3,0.5960909826391307,yellow,False,False,1,1,2,0
2794,2,0,2,0.60402271597868,red,False,True,0,1,3,0
2795,2,0,2,0.44499154815937497,red,False,True,0,0,2,0
2796,1,0,1,0.2193539414179453,red,False,False,2,0,1,0
2797,1,0,1,0.1953335258562641,unknown,False,False,1,0,3,0
2798,1,1,2,0.2525403791269373,unknown,False,False,2,0,2,0
2799,3,1,4,0.21053608571215243,unknown,False,False,2,0,2,0
2800,2,0,2,0.2862235913277914,unknown,False,False,0,0,1,0
2801,1,0,1,0.20381239967943496,unknown,False,False,1,0,0,0
2802,0,0,0,0.16511020196148019,unknown,False,False,1,0,1,0
2803,0,0,0,0.3469554471980707,unknown,False,False,0,0,1,0
2804,2,0,2,0.3028794304500274,unknown,False,False,3,0,1,0
2805,2,0,2,0.3514055351703038,unknown,False,False,2,0,2,0
2806,1,0,1,0.268992938677173,unknown,False,False,0,0,1,0
2807,0,0,0,0.21406089086378838,unknown,False,False,0,0,0,0
2808,0,0,0,0.1753459966653225,unknown,False,False,0,0,2,0
2809,0,0,0,0.5497597084879342,unknown,False,False,0,0,1,0
2810,0,0,0,0.5189345584500267,red,False,False,0,0,2,0
2811,0,1,1,0.7787599524009712,green,False,False,1,0,4,0
2812,2,1,3,0.8647732133553749,red,False,False,2,0,4,0
2813,2,0,2,0.681956892340331,red,False,False,0,0,3,0
2814,1,0,1,0.40384925105252323,unknown,False,False,0,0,3,0
2815,0,0,0,0.21199729571941484,unknown,False,False,3,0,2,0
2816,0,2,2,0.2518712202939475,unknown,False,False,2,0,2,0
2817,0,0,0,0.40709445086507035,unknown,False,False,0,0,1,0
2818,1,0,1,0.8355719056776623,unknown,False,False,0,0,3,0
2819,1,0,1,0.7561063351316111,unknown,False,False,0,0,8,0
2820,0,0,0,0.7483945866345408,unknown,False,False,0,0,7,0
2821,1,0,1,0.7956488005213849,unknown,False,False,2,1,9,0
2822,1,1,2,1.0330220012584306,unknown,False,False,1,1,2,0
2823,2,1,3,1.5338562818219432,unknown,False,False,2,2,1,0
2824,2,0,2,0.4184045552302232,unknown,False,False,4,2,5,0
2825,5,0,5,0.47290592350231603,unknown,False,False,5,1,3,0
2826,4,0,4,0.8770974376187614,unknown,False,False,1,1,10,0
2827,5,0,5,0.6854746730239674,unknown,False,True,1,1,7,0
2828,3,0,3,0.6561933323694267,red,False,True,1,1,7,0
2829,3,0,3,0.6476016964441617,red,False,True,1,1,10,0
2830,4,0,4,0.40564103013554936,yellow,False,True,3,1,13,0
2831,3,0,3,0.36267631513237425,red,False,True,2,1,9,0
2832,3,0,3,0.297436161165012,red,False,True,3,1,11,0
2833,3,0,3,0.45422481519818736,red,False,True,1,1,10,0
2834,4,0,4,0.7175533619084935,red,False,True,2,1,10,0
2835,4,0,4,0.5796821416843078,green,False,True,5,1,8,0
2836,6,0,6,0.48057817166987427,red,True,True,3,1,7,0
2837,6,0,6,0.49427698578772233,unknown,True,True,1,1,10,0
2838,4,0,4,0.37574778387201846,unknown,False,True,0,1,6,0
2839,2,0,2,0.2956330797459198,unknown,False,False,1,1,4,0
2840,1,0,1,0.3086621514275497,unknown,False,False,0,2,1,0
2841,0,0,0,0.17856131673136855,unknown,False,False,0,2,0,0
2842,0,0,0,0.20660976063202008,unknown,False,False,0,2,2,0
2843,0,0,0,0.05637365543796388,unknown,False,False,0,2,2,0
2844,0,0,0,0.06368097792499253,unknown,False,False,0,1,2,0
2845,0,0,0,0.12486126229875073,unknown,False,False,0,1,3,0
2846,0,0,0,0.053213708746803944,unknown,False,False,0,1,0,0
2847,0,0,0,0.059228119815834264,unknown,False,False,0,1,1,0
2848,0,0,0,0.09340528208991872,unknown,False,True,0,1,0,0
2849,0,0,0,0.0978051285622942,unknown,False,True,0,1,0,0
2850,0,0,0,0.04861900847745419,unknown,False,False,0,1,0,0
2851,0,0,0,0.0842678703578973,unknown,False,False,0,2,0,1
2852,0,0,0,0.08420807271415959,unknown,False,False,0,2,0,3
2853,0,0,0,0.20502920404115121,unknown,False,False,0,1,2,0
2854,0,0,0,0.3264708343230633,unknown,False,False,0,0,1,0
2855,0,0,0,0.28742939837476883,unknown,False,False,0,1,0,0
2856,0,0,0,0.0,unknown,False,False,0,2,1,0
2857,0,0,0,0.0,unknown,False,False,0,1,0,0
2858,0,0,0,0.0,unknown,False,False,0,2,2,0
2859,0,0,0,0.060050732430009815,unknown,False,False,0,2,1,0
2860,0,0,0,0.0,unknown,False,False,0,3,0,0
2861,0,0,0,0.0,unknown,False,False,0,3,1,0
2862,0,0,0,0.08781210899355003,unknown,False,False,0,3,0,0
2863,0,0,0,0.05406457819381439,unknown,False,True,0,3,2,0
2864,0,0,0,0.3557930076197311,red,False,True,0,3,1,0
2865,0,0,0,0.3951001662752688,unknown,False,True,0,2,1,0
2866,0,0,0,0.2407350553499563,red,False,True,0,2,2,0
2867,0,0,0,0.5403718548202012,red,False,True,0,2,0,0
2868,0,0,0,0.0,unknown,False,False,0,2,0,0
2869,0,0,0,0.0,unknown,False,False,0,4,0,0
2870,0,0,0,0.0,unknown,False,False,0,3,0,0
2871,0,0,0,0.0,unknown,False,True,0,2,0,0
2872,0,0,0,0.0,unknown,False,False,0,2,0,0
2873,0,0,0,0.3604983458138332,unknown,False,False,0,2,3,0
2874,0,0,0,0.6043851980448122,unknown,False,False,0,2,4,0
2875,0,0,0,1.560970075070366,unknown,False,False,0,1,3,0
2876,0,0,0,1.628207890382913,unknown,False,False,0,2,7,0
2877,0,0,0,1.0051290067172138,unknown,False,False,0,1,10,0
2878,0,0,0,0.8014396882838178,unknown,False,False,1,0,8,0
2879,1,0,1,0.5370144614210247,unknown,False,False,0,0,8,0
2880,1,0,1,0.3943928563717961,yellow,False,False,1,0,9,0
2881,1,0,1,0.5054717152583289,red,False,True,1,2,12,0
2882,1,1,2,0.8080423229986401,yellow,False,True,2,3,17,0
2883,2,0,2,0.9319234909349998,yellow,False,True,1,1,18,0
2884,1,1,2,0.9494441810869468,unknown,False,False,1,0,17,0
2885,1,1,2,0.9186531365010547,unknown,False,True,0,1,14,0
2886,0,0,0,0.6710243095691963,unknown,False,True,0,1,15,0
2887,0,0,0,0.5510375543975388,unknown,False,False,1,1,7,0
2888,0,0,0,0.6636575301553894,red,False,True,0,2,7,0
2889,0,0,0,0.7772083241059836,unknown,False,False,0,0,10,0
2890,0,0,0,0.8296507238628399,unknown,False,False,0,0,7,0
2891,0,0,0,0.7196221252140862,unknown,False,False,0,0,8,0
2892,0,0,0,0.5909776836346675,unknown,False,False,0,0,6,0
2893,0,0,0,0.40286304748856255,unknown,False,False,0,0,6,0
2894,0,0,0,0.32174954046637705,unknown,False,False,0,0,5,0
2895,0,0,0,0.2974350910594084,yellow,False,False,0,0,6,0
2896,0,0,0,0.6699670033645204,red,False,False,0,0,9,0
2897,0,0,0,1.1528153405413053,unknown,False,False,0,0,10,0
2898,0,0,0,1.0792386186049767,unknown,False,False,0,0,7,0
2899,0,0,0,0.6519765870187189,green,False,False,0,0,6,0
2900,0,0,0,0.990906907697344,unknown,False,True,0,0,5,0
2901,0,0,0,0.8931097910909983,unknown,False,False,0,0,6,0
2902,0,0,0,1.218500666866811,unknown,False,False,0,1,9,0
2903,0,0,0,1.0533960508294282,unknown,False,False,0,0,5,0
2904,0,0,0,0.9261818009455496,unknown,False,False,0,1,7,0
2905,0,0,0,0.8872619124578,unknown,False,False,0,2,6,0
2906,0,0,0,0.8247861305443173,unknown,False,False,0,1,8,0
2907,0,0,0,0.8521213511364802,unknown,False,False,0,0,10,0
2908,0,0,0,1.0130548845357423,unknown,False,False,0,0,9,0
2909,0,0,0,0.696535495138439,unknown,False,False,0,3,10,0
2910,0,0,0,0.4313285260770187,unknown,False,True,0,3,8,0
2911,0,0,0,0.5415774431134267,unknown,False,False,0,1,6,0
2912,0,0,0,0.7945492243639463,unknown,False,False,0,1,8,0
2913,1,0,1,0.7473128675507686,unknown,False,True,1,1,8,0
2914,1,0,1,0.5215983588294482,unknown,False,False,1,2,7,0
2915,1,0,1,0.3894721610068967,unknown,False,False,1,2,6,0
2916,1,0,1,0.4365265319924937,unknown,False,False,0,2,4,0
2917,0,0,0,0.24084974026231054,unknown,False,False,0,1,7,0
2918,1,0,1,0.41038129744970825,unknown,False,False,1,1,9,0
2919,1,0,1,0.3915934170252796,unknown,False,False,1,0,11,0
2920,1,0,1,0.3540487160151387,unknown,False,False,1,0,11,0
2921,1,0,1,0.4763455411491163,unknown,False,False,1,0,9,0
2922,1,0,1,0.4988565263874581,red,False,False,1,0,8,0
2923,1,0,1,0.3502161370771055,unknown,False,True,1,1,8,0
2924,1,0,1,0.36158054002209916,unknown,False,True,1,1,6,0
2925,1,0,1,0.33109896958809804,unknown,False,False,0,1,5,0
2926,1,0,1,0.38604219774724496,unknown,False,True,0,1,5,0
2927,0,0,0,0.44463619451898506,red,False,True,1,1,5,0
2928,0,0,0,0.4309738364856183,unknown,False,True,0,1,6,0
2929,0,0,0,0.6724329153312218,unknown,False,True,0,1,5,0
2930,0,0,0,0.815557954474977,red,False,True,0,1,5,0
2931,0,0,0,0.856854340095737,yellow,False,True,0,1,7,0
2932,0,0,0,0.5412112523323818,unknown,False,True,0,1,6,0
2933,0,0,0,0.45967188427080535,unknown,False,False,0,2,8,0
2934,1,0,1,0.3807403496412311,red,False,True,2,3,5,0
2935,0,1,1,0.6752174976783464,unknown,False,False,1,3,8,0
2936,1,0,1,0.7400477606625823,unknown,False,False,0,1,6,0
2937,1,0,1,1.0651300833471467,unknown,False,True,0,0,6,0
2938,0,0,0,1.028597572028278,unknown,False,False,0,1,7,0
2939,0,0,0,0.6991781096001624,unknown,False,False,0,1,9,0
2940,1,0,1,0.8829769019345607,unknown,False,True,2,1,5,0
2941,1,0,1,0.9081980274906755,unknown,False,False,1,3,8,0
2942,0,1,1,0.8874627528345004,unknown,False,False,1,1,8,0
2943,1,0,1,0.7228231216452605,unknown,False,False,0,1,8,0
2944,0,0,0,0.6463551596609372,unknown,False,False,0,1,6,0
2945,0,0,0,0.6999013943586954,unknown,False,True,0,1,8,0
2946,1,0,1,0.43379008893554427,green,False,True,0,2,7,0
2947,0,0,0,0.4538504486769498,red,False,True,1,2,7,0
2948,1,0,1,0.5595488401373987,unknown,False,True,0,1,9,0
2949,1,0,1,0.4451696517256903,unknown,False,True,1,0,7,0
2950,2,0,2,0.4485313976658785,red,False,False,1,0,7,0
2951,2,0,2,0.39912238308659787,unknown,False,False,1,0,6,1
2952,1,0,1,0.5172618122307078,unknown,False,False,0,0,8,2
2953,0,0,0,0.5611110579479035,unknown,False,False,0,0,5,2
2954,0,0,0,0.6962391728386869,unknown,False,False,0,0,5,0
2955,0,0,0,0.6638351209088729,unknown,False,False,0,0,5,0
2956,0,0,0,0.5647332745336391,unknown,False,False,0,0,3,0
2957,0,0,0,0.4449377172534111,unknown,False,False,0,0,3,0
2958,0,0,0,1.1465439897410346,unknown,False,False,0,1,2,0
2959,0,0,0,2.100246119085866,unknown,False,False,0,1,2,0
2960,0,0,0,1.2032868023461338,unknown,False,False,0,1,2,0
2961,0,0,0,0.5464870245598694,unknown,False,False,0,1,2,0
2962,0,0,0,0.22900303986232612,unknown,False,False,0,1,3,0
2963,0,0,0,0.6460452252597267,unknown,False,False,1,1,2,0
2964,1,0,1,0.5497850776851596,unknown,False,True,0,2,3,0
2965,1,0,1,0.45120770946132027,red,False,True,1,1,7,0
2966,1,0,1,0.47894567302665275,red,False,True,0,1,6,0
2967,0,0,0,0.445263231896467,unknown,False,True,0,1,7,0
2968,0,0,0,0.5369466140952767,yellow,False,True,0,1,7,0
2969,0,0,0,0.4500790368156635,unknown,False,True,0,1,8,0
2970,0,0,0,0.3709109242765824,unknown,False,False,0,0,9,0
2971,0,0,0,0.6046791261837696,red,False,False,0,0,8,0
2972,0,0,0,0.7024681945071674,yellow,False,False,0,0,7,0
2973,0,0,0,0.7853405275687043,unknown,False,False,0,0,9,0
2974,0,0,0,0.7343477627073234,unknown,False,False,0,0,7,0
2975,0,0,0,0.7508899267548244,unknown,False,False,0,0,5,0
2976,0,0,0,0.776094067801172,unknown,False,False,0,0,3,0
2977,0,0,0,0.5714775739695318,unknown,False,False,0,0,2,0
2978,0,0,0,0.41648958041030043,unknown,False,False,0,0,1,0
2979,0,0,0,0.42241098431466795,unknown,False,False,0,0,2,0
2980,0,0,0,0.22211711162680614,unknown,False,False,0,0,1,0
2981,0,0,0,0.7205031199413652,unknown,False,False,0,0,2,0
2982,0,0,0,1.7024656173353692,unknown,False,False,0,0,3,1
2983,0,0,0,1.6112685426759192,unknown,False,False,0,1,2,1
2984,0,0,0,0.43458444894731724,red,False,True,0,1,3,1
2985,0,0,0,0.3403514472707619,red,False,True,0,1,3,0
2986,0,0,0,0.3148858874371819,unknown,False,True,0,1,4,0
2987,0,0,0,0.43532207221613867,unknown,False,True,0,0,6,0
2988,0,0,0,0.5212486407223432,unknown,False,False,0,0,4,0
2989,0,0,0,0.8271899753292093,unknown,False,False,0,0,4,0
2990,1,0,1,0.8323014346307254,red,False,True,0,0,4,0
2991,1,0,1,0.6961513449013972,red,False,False,0,0,3,0
2992,0,0,0,0.543284722287588,unknown,False,False,0,0,1,0
2993,0,0,0,0.46606083840084883,unknown,False,False,0,0,2,0
2994,0,0,0,0.0,unknown,False,False,0,0,1,0
2995,0,0,0,0.0,unknown,False,False,0,0,0,0
2996,0,0,0,0.0,unknown,False,False,0,0,0,2
2997,0,0,0,0.0,unknown,False,False,0,0,1,2
2998,0,0,0,0.0,unknown,False,False,0,0,0,0
2999,0,0,0,0.0,unknown,False,False,1,0,0,0
3000,2,0,2,0.0,unknown,False,False,2,0,0,0
3001,2,0,2,0.7235921522586646,unknown,False,False,0,0,0,0
3002,1,0,1,0.29296841560204395,unknown,False,False,0,0,2,0
3003,0,0,0,0.5457377847369794,unknown,False,False,0,0,4,0
3004,1,0,1,0.715494994855263,red,False,False,1,0,5,0
3005,1,1,2,0.5630189290978779,green,False,False,2,1,5,0
3006,1,1,2,0.6645640918803328,red,False,True,2,1,5,0
3007,2,1,3,0.8240396555509246,unknown,False,True,3,1,4,1
3008,6,0,6,0.5179806187252197,unknown,False,False,3,2,0,0
3009,4,0,4,0.0,unknown,False,False,2,1,3,0
3010,2,0,2,0.25488257954862614,unknown,False,False,0,1,3,0
3011,1,0,1,0.3251654842592601,unknown,False,False,1,0,5,0
3012,0,0,0,0.5006051323599812,unknown,False,False,0,0,6,0
3013,0,0,0,0.6467831017938017,unknown,False,False,1,0,4,0
3014,1,0,1,0.7676786352700984,unknown,False,False,0,0,2,0
3015,0,0,0,0.8878835698580168,unknown,False,False,1,0,1,0
3016,0,0,0,0.472556893521603,unknown,False,False,0,0,2,0
3017,0,0,0,0.5128325664322948,unknown,False,False,0,0,3,0
3018,0,0,0,0.6474775844106264,unknown,False,False,0,0,4,0
3019,0,0,0,0.6155547291525744,unknown,False,False,0,0,2,0
3020,0,0,0,0.6111476697818684,unknown,False,False,0,0,4,0
3021,0,0,0,0.8154425624902244,green,False,False,1,0,4,0
3022,1,0,1,0.9650099122405756,red,False,False,0,0,4,0
3023,0,0,0,0.7381952270235829,green,False,False,0,0,4,0
3024,0,0,0,0.8697873906527738,red,False,False,0,0,6,0
3025,0,0,0,0.6484489471506982,green,False,False,0,0,5,0
3026,1,0,1,0.7267039164567753,unknown,False,False,0,0,5,0
3027,1,0,1,0.727776101910926,green,False,False,0,0,5,0
3028,1,0,1,0.5821274020893988,green,False,False,0,0,4,0
3029,0,0,0,0.6874129026717654,unknown,False,False,1,0,4,0
3030,0,0,0,0.6866356565924139,unknown,False,False,0,0,3,0
3031,1,0,1,0.578006569587944,red,False,False,1,0,4,0
3032,1,0,1,0.8328481378199728,green,False,False,1,0,4,0
3033,1,0,1,0.7252577067526048,red,False,False,1,0,3,0
3034,1,0,1,0.6566315509871279,green,False,False,1,0,4,0
3035,1,0,1,0.6164455849047268,green,False,False,1,0,2,0
3036,2,0,2,0.5349577669293093,green,False,False,2,0,2,0
3037,1,0,1,0.2542763990586741,green,False,False,1,0,2,0
3038,1,0,1,0.15111943876692419,green,False,False,0,0,1,0
3039,3,0,3,0.13860356670304,red,False,False,3,0,2,0
3040,3,0,3,0.0906419185353812,green,False,False,2,0,2,0
3041,3,0,3,0.2282059591942359,red,False,False,2,0,2,0
3042,3,0,3,0.6187674408159233,unknown,False,False,3,0,2,0
3043,3,0,3,1.1651720285492624,yellow,False,False,3,0,3,0
3044,4,0,4,0.9430179659655351,red,False,False,4,0,1,0
3045,4,0,4,0.4388777551572878,unknown,False,False,4,0,1,0
3046,4,1,5,0.4227482719887218,red,True,False,4,0,1,0
3047,4,0,4,0.4483929584820078,yellow,False,False,1,0,0,0
3048,3,0,3,0.5003774374270802,unknown,False,False,2,0,2,0
3049,2,0,2,0.31457165777588036,unknown,False,False,1,0,2,0
3050,0,0,0,0.258522102963942,unknown,False,False,0,0,1,0
3051,0,0,0,1.9227803897321643,unknown,False,False,0,0,1,0
3052,0,0,0,1.8303990937847245,unknown,False,False,0,0,2,0
3053,0,0,0,1.0014843795942008,unknown,False,False,1,0,2,0
3054,0,1,1,0.42465938419803173,unknown,False,False,1,0,1,0
3055,2,1,3,0.48397986458678366,unknown,False,False,2,0,1,1
3056,4,0,4,0.1947846510320102,unknown,False,False,5,0,0,0
3057,5,0,5,0.1506744303808544,unknown,False,False,4,0,0,0
3058,5,0,5,0.07511847310166311,unknown,False,False,2,0,0,0
3059,4,0,4,0.0,red,False,False,2,0,0,0
3060,4,0,4,0.0,unknown,False,False,0,0,0,0
3061,2,0,2,0.03535081912412082,unknown,False,False,0,0,0,0
3062,0,0,0,0.27283392937245965,unknown,False,False,1,0,1,0
3063,0,0,0,0.4480792809163361,red,False,True,0,1,2,0
3064,2,0,2,0.7256632981290693,red,False,True,0,1,1,0
3065,1,1,2,1.1254045934883457,yellow,False,True,1,1,1,0
3066,2,1,3,1.3054691755804753,unknown,False,True,2,1,0,0
3067,1,1,2,0.9455254165024359,yellow,False,True,0,2,0,0
3068,1,0,1,0.0,unknown,False,True,0,2,0,0
3069,0,0,0,0.0,unknown,False,True,0,1,0,0
3070,0,0,0,0.0,unknown,False,False,0,0,0,0
3071,0,0,0,0.0,unknown,False,False,0,0,0,0
3072,0,0,0,0.0898056374866204,unknown,False,False,0,0,1,0
3073,0,0,0,0.10003399253981012,unknown,False,False,0,0,1,0
3074,0,0,0,0.14716532557463882,unknown,False,False,2,0,1,0
3075,2,1,3,0.8755045648290861,unknown,False,False,2,0,0,0
3076,2,1,3,0.0,unknown,False,False,2,0,0,1
3077,3,0,3,0.0,unknown,False,False,2,0,1,0
3078,3,0,3,0.6892665215023919,unknown,False,False,1,0,3,0
3079,1,0,1,1.0767964653350344,red,False,False,0,0,2,0
3080,0,0,0,1.0036396932439304,red,False,False,0,0,2,0
3081,0,0,0,0.8473852811212764,red,False,False,1,0,5,0
3082,0,1,1,0.8185505484215619,red,False,False,0,0,4,0
3083,1,0,1,0.5093260305344203,unknown,False,False,1,0,1,0
3084,4,0,4,0.4826721203618607,unknown,False,False,6,0,0,0
3085,8,1,9,0.0,unknown,False,False,6,0,0,0
3086,8,1,9,0.0,unknown,False,False,3,0,0,0
3087,6,0,6,0.0,unknown,False,False,0,0,0,0
3088,2,0,2,0.4211051363940595,unknown,False,False,0,0,0,0
3089,0,0,0,0.36607352542178445,unknown,False,False,0,0,0,0
3090,1,0,1,0.0,unknown,False,False,1,0,0,0
3091,1,0,1,0.0,unknown,False,False,2,0,0,0
3092,5,1,6,0.0,yellow,False,False,2,1,0,0
3093,3,0,3,0.0,unknown,False,False,2,0,1,0
3094,1,2,3,0.0,unknown,False,True,7,1,0,0
3095,8,0,8,0.0,red,True,True,8,1,0,0
3096,8,2,10,1.065626117892849,green,True,True,7,1,3,0
3097,9,1,10,0.9346438832556496,red,True,True,6,1,3,0
3098,8,1,9,0.9695754699894575,unknown,True,True,2,1,3,0
3099,8,1,9,0.9038954086136333,unknown,False,False,4,1,1,0
3100,2,2,4,0.8870003881284726,unknown,False,False,2,1,0,0
3101,3,1,4,0.0,unknown,False,False,2,1,0,0
3102,2,0,2,0.0,unknown,False,False,1,1,0,0
3103,2,0,2,0.0,unknown,False,True,2,1,0,0
3104,2,0,2,0.0,unknown,False,False,1,1,0,0
3105,1,0,1,0.0,unknown,False,False,0,1,0,0
3106,2,0,2,0.0,unknown,False,False,1,1,0,0
3107,2,0,2,0.0,unknown,False,False,2,1,0,0
3108,2,0,2,0.0,unknown,False,True,1,1,0,0
3109,2,0,2,0.0,unknown,False,False,1,1,0,0
3110,2,0,2,0.0,unknown,False,False,1,1,0,1
3111,2,0,2,0.0,unknown,False,False,2,1,1,0
3112,2,0,2,0.0,unknown,False,False,1,1,1,0
3113,1,0,1,0.0,unknown,False,True,0,1,2,0
3114,1,0,1,0.09422134341569785,green,False,True,0,3,0,0
3115,0,0,0,0.6001413139109868,green,False,True,0,2,2,0
3116,0,0,0,0.38755633269624556,red,False,True,0,2,1,0
3117,0,0,0,0.173379659255585,red,False,True,0,2,2,0
3118,0,0,0,0.23344669025311662,red,False,True,1,2,3,0
3119,0,0,0,0.4900236255875043,red,False,True,1,3,2,0
3120,0,0,0,0.7793538310372856,red,False,True,0,2,4,0
3121,0,0,0,0.8483548601826693,red,False,True,0,1,3,0
3122,0,0,0,0.5487326645390069,red,False,True,2,2,5,0
3123,1,0,1,0.6000429967063738,red,False,True,0,2,4,0
3124,1,0,1,0.813067460003681,red,False,True,1,2,3,0
3125,2,0,2,0.8157976094559721,red,False,True,1,1,5,0
3126,4,0,4,0.8570999458476634,red,False,True,2,1,3,0
3127,2,0,2,0.5442770970136784,red,False,True,1,2,5,0
3128,3,0,3,0.8416713388082098,red,False,True,2,1,4,0
3129,3,0,3,0.5961643303861047,red,False,True,2,1,3,1
3130,2,0,2,0.48271593836282145,red,False,True,1,1,3,0
3131,1,0,1,0.6383614737827015,red,False,True,1,1,2,0
3132,1,0,1,0.8855883535460777,red,False,True,1,2,4,0
3133,1,0,1,0.45193007673602953,red,False,True,1,2,4,0
3134,2,0,2,0.6277397732476744,red,False,True,1,3,3,0
3135,2,0,2,0.7334196755211139,red,False,True,2,2,3,0
3136,2,0,2,0.9003416488870023,red,False,True,1,2,5,0
3137,1,0,1,0.8821385267416462,red,False,True,1,2,4,0
3138,2,0,2,0.9210243471068169,red,False,True,3,2,5,0
3139,3,0,3,1.1087913507958371,red,False,True,1,1,4,0
3140,3,0,3,1.165392478191631,red,False,True,1,2,4,0
3141,3,0,3,0.38839000782464567,red,False,True,3,1,3,0
3142,4,0,4,0.2407943447949754,red,False,True,3,1,3,0
3143,3,0,3,0.359611025154336,red,False,True,2,2,2,0
3144,5,0,5,0.4641151455760492,green,True,True,5,2,2,0
3145,5,0,5,0.533375752192464,green,True,True,4,2,0,0
3146,7,0,7,0.772743215059821,red,True,True,6,2,2,0
3147,8,0,8,0.0,unknown,True,True,2,1,0,0
3148,6,0,6,0.05485195302554171,unknown,False,False,2,1,0,0
3149,2,0,2,0.020537800418366593,unknown,False,False,0,1,1,0
3150,1,0,1,0.07431759051540354,unknown,False,False,1,1,1,0
3151,0,0,0,0.08019186983927994,unknown,False,False,0,0,1,0
3152,0,0,0,0.15773993412632875,unknown,False,False,0,0,1,0
3153,2,0,2,0.08027315375225094,unknown,False,False,3,0,1,0
3154,1,1,2,0.09063436465087524,unknown,False,False,3,0,0,0
3155,6,0,6,0.1594727357956904,unknown,False,False,5,0,0,0
3156,3,4,7,0.0,unknown,True,False,3,0,1,0
3157,6,2,8,0.0,unknown,False,False,2,1,1,0
3158,5,0,5,0.0,unknown,False,False,1,0,1,0
3159,3,0,3,0.1696003938426996,unknown,False,False,3,0,1,0
3160,3,1,4,0.5888497868363625,red,False,True,3,1,4,0
3161,3,1,4,0.8795833061269779,unknown,False,True,2,1,5,0
3162,3,0,3,0.9459007140716315,red,False,True,3,1,1,0
3163,3,0,3,0.6796685944442231,red,False,True,1,1,2,0
3164,2,0,2,0.4437184000030492,unknown,False,True,0,2,1,0
3165,0,0,0,0.32887565185306467,unknown,False,False,2,0,0,0
3166,2,0,2,0.11724647067239652,unknown,False,False,4,0,0,0
3167,3,1,4,0.0,unknown,False,False,1,0,1,0
3168,5,0,5,1.8451031300708078,unknown,False,False,2,0,1,0
3169,3,0,3,2.309864492345479,unknown,False,False,0,0,0,0
3170,0,0,0,1.4400654536705229,unknown,False,False,0,0,1,0
3171,0,0,0,0.7605553687333654,unknown,False,False,0,0,0,0
3172,0,0,0,0.5274666892411436,unknown,False,False,0,0,0,0
3173,0,0,0,0.0,unknown,False,False,0,0,0,0
3174,0,0,0,0.0,unknown,False,False,1,0,0,0
3175,1,0,1,0.0,unknown,False,False,1,0,0,0
3176,2,0,2,0.8570411084644347,unknown,False,False,1,0,2,0
3177,1,0,1,1.6114101093743405,red,False,True,0,0,1,0
3178,1,0,1,1.3051774696576477,red,False,False,1,0,4,0
3179,1,0,1,0.7403346495910088,red,False,False,2,0,7,0
3180,1,0,1,0.7648886571396765,red,False,False,1,0,4,0
3181,1,0,1,0.3929120787798147,red,False,False,1,0,5,0
3182,1,0,1,0.26292089320474266,red,False,True,1,0,5,0
3183,1,0,1,0.5685838144262975,red,False,False,1,0,5,0
3184,1,0,1,0.8493542254294978,red,False,False,1,0,6,0
3185,1,0,1,1.6528254887552296,red,False,False,1,0,6,0
3186,1,0,1,1.2210352732942351,red,False,False,1,0,8,0
3187,2,0,2,0.6672634919971083,red,False,False,1,0,5,0
3188,1,0,1,0.3132708283734585,red,False,False,2,0,4,0
3189,2,0,2,0.4006619519906647,green,False,False,3,0,7,0
3190,3,0,3,0.5602431374862766,green,False,False,4,0,7,0
3191,4,0,4,0.6532676434358259,red,False,False,4,0,6,0
3192,4,0,4,0.5590320504594365,red,False,False,3,0,3,0
3193,4,0,4,0.527123657203027,unknown,False,False,0,0,2,0
3194,0,0,0,0.2831770323411486,unknown,False,False,0,0,1,0
3195,0,0,0,0.2401227700506141,unknown,False,False,0,0,2,0
3196,0,0,0,0.5562529027212275,unknown,False,False,0,0,1,0
3197,0,0,0,1.3367817955452437,unknown,False,False,0,0,1,0
3198,0,0,0,2.652459228448252,unknown,False,False,0,0,1,0
3199,0,0,0,1.5942654086720496,unknown,False,False,1,1,1,0
3200,0,0,0,0.5786587099863081,unknown,False,False,0,0,1,1
3201,0,0,0,0.25333387163316057,unknown,False,False,0,0,2,0
3202,0,0,0,0.16270675031875534,unknown,False,False,1,0,0,0
3203,1,0,1,0.1337758769219301,unknown,False,False,1,0,0,0
3204,1,0,1,0.4155452602600356,unknown,False,False,0,0,3,0
3205,3,0,3,0.5925197976026727,unknown,False,False,1,0,2,0
3206,3,0,3,0.8239034735910847,unknown,False,False,1,0,7,0
3207,2,0,2,0.8165892713379848,unknown,False,False,0,0,9,0
3208,1,0,1,0.7473281855976066,unknown,False,False,0,0,10,0
3209,0,0,0,0.6709250552488896,green,False,False,0,0,10,0
3210,0,0,0,1.1029925117427963,green,False,False,0,0,10,0
3211,1,0,1,0.748634954715011,red,False,False,0,0,9,0
3212,2,0,2,0.7966445801641487,red,False,False,2,0,9,0
3213,2,0,2,0.8943513847635286,red,False,False,1,0,5,0
3214,1,0,1,0.4633207868452015,green,False,False,1,0,5,0
3215,2,0,2,0.3591108474752003,yellow,False,False,1,0,7,0
3216,1,0,1,0.38017000112403454,green,False,False,1,0,6,0
3217,2,0,2,0.4124179945740877,yellow,False,False,1,0,6,0
3218,2,0,2,0.5354164493828195,red,False,False,1,0,3,0
3219,1,0,1,0.566528282868934,unknown,False,False,0,0,5,0
3220,1,0,1,0.5149870952366908,unknown,False,False,2,0,6,0
3221,2,0,2,0.5303374622770027,red,False,False,1,0,4,0
3222,1,0,1,0.48740301785113954,red,False,False,1,0,7,0
3223,1,0,1,0.3670053544286278,red,False,False,1,0,4,0
3224,1,0,1,0.3705918773959537,red,False,False,2,0,7,0
3225,2,0,2,0.4849527063061117,unknown,False,False,2,0,6,0
3226,3,0,3,0.4177160913076801,green,False,False,5,0,7,0
3227,5,0,5,0.5228110998687325,unknown,False,False,9,0,7,0
3228,7,0,7,0.5855309824942614,red,True,False,5,0,7,0
3229,7,1,8,0.5146912551061639,red,True,False,5,0,1,0
3230,8,1,9,0.6266435416499937,unknown,True,True,5,0,0,0
3231,4,1,5,0.5579307107455632,unknown,False,False,1,0,0,0
3232,4,0,4,0.0,unknown,False,False,2,0,0,0
3233,2,0,2,0.44315999017776614,unknown,False,False,1,0,1,0
3234,1,0,1,0.6730052216278123,unknown,False,False,0,0,0,0
3235,1,0,1,0.0,unknown,False,False,0,0,0,0
3236,0,0,0,0.0,unknown,False,False,0,0,0,0
3237,0,0,0,0.0,unknown,False,False,0,0,0,0
3238,0,0,0,0.25098623153500077,unknown,False,False,0,0,1,0
3239,0,0,0,0.47008741216764094,unknown,False,False,1,0,0,0
3240,1,0,1,0.5909519784517798,unknown,False,False,0,0,0,0
3241,3,0,3,0.0,unknown,False,False,2,0,0,0
3242,3,0,3,0.2956867224839773,unknown,False,False,2,0,4,0
3243,3,0,3,0.7073683850159633,unknown,False,False,2,0,5,0
3244,2,0,2,0.7694093115596137,unknown,False,False,1,0,5,0
3245,2,0,2,0.6436126370585834,unknown,False,False,1,0,5,0
3246,2,0,2,1.0961503734660283,unknown,False,True,0,1,3,0
3247,1,0,1,1.4682943291242176,unknown,False,True,0,1,3,0
3248,0,0,0,0.8600768172909262,red,False,True,1,1,4,0
3249,1,0,1,0.6413776762417533,unknown,False,True,1,1,3,0
3250,1,0,1,0.3238812430491051,unknown,False,True,1,1,3,0
3251,1,0,1,0.4314337498499081,red,False,True,1,0,2,0
3252,1,0,1,0.15524326722504653,red,False,False,0,0,1,0
3253,0,0,0,0.2048722563327675,red,False,True,0,0,3,0
3254,1,0,1,0.5837198130123415,red,False,False,1,0,2,0
3255,1,0,1,0.9847158421071753,unknown,False,False,0,0,2,0
3256,2,0,2,1.3102781744102379,unknown,False,False,2,0,2,0
3257,2,0,2,2.1398750857523554,red,False,False,1,0,2,0
3258,2,0,2,0.7185406865507323,green,False,False,2,0,2,0
3259,2,0,2,0.37505695843398207,red,False,False,1,0,1,0
3260,1,0,1,0.20432209101235715,red,False,False,2,0,1,1
3261,1,0,1,0.0,red,False,True,1,0,1,1
3262,1,0,1,0.0,green,False,False,1,0,0,1
3263,1,0,1,0.0,unknown,False,False,0,0,0,0
3264,1,0,1,0.0,unknown,False,False,1,0,0,0
3265,1,0,1,0.0,unknown,False,False,0,0,0,0
3266,0,0,0,0.0,unknown,False,False,0,0,1,0
3267,0,0,0,0.0,unknown,False,False,0,0,0,0
3268,2,0,2,0.31028738063296984,unknown,False,False,2,0,0,0
3269,1,1,2,0.3523286979283962,unknown,False,False,3,0,1,0
3270,6,1,7,0.31266228933105,unknown,False,False,6,0,0,0
3271,6,2,8,0.0,unknown,False,False,2,0,0,0
3272,5,0,5,0.0,unknown,False,False,3,0,0,0
3273,2,1,3,0.41234231308703573,unknown,False,False,1,0,2,0
3274,2,1,3,0.9642562028839531,unknown,False,False,1,0,2,0
3275,1,1,2,1.101988705449025,red,False,False,1,0,2,0
3276,1,1,2,1.0795718642756746,red,False,False,0,0,2,0
3277,0,0,0,1.1123208894273677,red,False,False,0,0,2,0
3278,0,0,0,1.3845427917715856,unknown,False,False,0,0,0,0
3279,0,0,0,0.09857008695498058,unknown,False,False,0,0,3,0
3280,0,0,0,0.37144066052022884,unknown,False,False,0,0,1,0
3281,0,0,0,0.39217753924112864,unknown,False,False,0,0,4,0
3282,0,0,0,0.7945734529599022,unknown,False,False,1,0,2,1
3283,1,0,1,1.033336717919673,unknown,False,False,1,0,3,0
3284,1,0,1,1.2138653649282698,unknown,False,False,0,0,3,0
3285,0,0,0,0.9352204644182559,unknown,False,False,0,0,4,0
3286,0,0,0,1.1684254113541312,unknown,False,False,0,0,5,0
3287,0,0,0,1.0307681356335783,unknown,False,False,0,0,4,0
3288,0,0,0,1.4787763634205877,unknown,False,False,0,0,7,0
3289,0,0,0,1.2049449002142296,unknown,False,False,0,0,6,0
3290,0,0,0,1.0259865256405072,unknown,False,False,0,0,7,0
3291,0,0,0,0.8173824779413134,red,False,False,0,0,6,0
3292,1,0,1,0.5442800540400754,red,False,False,1,0,9,0
3293,1,0,1,0.7710975544461806,red,False,False,1,0,7,0
3294,1,0,1,1.2486970897083522,unknown,False,True,0,0,7,0
3295,1,0,1,1.541484483616199,yellow,False,False,0,0,6,0
3296,0,1,1,1.24401701763526,unknown,False,False,0,0,5,0
3297,1,0,1,0.5471856728416739,unknown,False,True,0,1,3,0
3298,0,0,0,0.3752095596135274,unknown,False,False,0,1,4,0
3299,0,0,0,0.41875032570350984,unknown,False,False,1,1,3,0
3300,1,0,1,1.5001940082553915,unknown,False,False,0,1,2,0
3301,0,0,0,1.9053585273048221,unknown,False,False,0,1,4,0
3302,0,0,0,1.1046412758349347,unknown,False,False,0,1,5,0
3303,0,0,0,1.3958514622310887,unknown,False,False,0,1,7,0
3304,1,0,1,1.1099766560393927,unknown,False,False,2,0,7,0
3305,2,0,2,0.6604894087163935,unknown,False,False,1,0,7,0
3306,2,0,2,0.7725892359972271,unknown,False,False,0,0,10,0
3307,0,0,0,0.7607752511041017,unknown,False,False,0,0,10,0
3308,0,0,0,1.0639540207712463,unknown,False,False,0,0,9,0
3309,0,0,0,1.5551421882852317,unknown,False,False,0,0,12,0
3310,0,0,0,1.3912463960865764,yellow,False,False,0,0,12,0
3311,0,0,0,0.9956521180107828,unknown,False,False,0,0,15,0
3312,0,0,0,1.0363260715152407,unknown,False,False,0,0,17,0
3313,0,0,0,1.0787007288859787,unknown,False,False,0,0,16,0
3314,0,0,0,1.2028318282046966,unknown,False,False,0,0,10,0
3315,0,0,0,1.0981675588202953,unknown,False,False,0,0,9,0
3316,0,0,0,0.7460912747842546,unknown,False,False,1,0,7,0
3317,0,0,0,1.2406721723220668,unknown,False,False,0,0,6,0
3318,0,0,0,1.2220197848488619,unknown,False,False,0,0,7,0
3319,0,0,0,0.7374085800336636,unknown,False,False,0,0,8,0
3320,0,0,0,0.5731418781108868,red,False,False,0,0,9,0
3321,0,0,0,0.6240653195018276,yellow,False,False,0,0,9,0
3322,0,0,0,0.4090667124718599,unknown,False,False,0,0,9,0
3323,0,0,0,0.2542959218867463,yellow,False,False,0,0,9,0
3324,0,0,0,0.26620796748126646,yellow,False,False,0,0,11,0
3325,0,0,0,0.3403345914884682,unknown,False,False,0,0,12,0
3326,0,0,0,0.6265276441242789,yellow,False,False,0,0,8,0
3327,0,0,0,0.3043608340036904,yellow,False,False,0,0,9,0
3328,0,0,0,0.19986323268018003,yellow,False,False,0,0,7,0
3329,0,0,0,0.45899496870526707,yellow,False,False,0,0,7,0
3330,0,0,0,0.23824352997197382,unknown,False,False,0,0,9,0
3331,0,0,0,0.4576548226301467,yellow,False,False,0,0,11,0
3332,0,0,0,0.330589191922272,yellow,False,False,1,0,10,0
3333,0,0,0,0.349517101631927,yellow,False,False,0,0,11,0
3334,0,0,0,0.34875791261045036,yellow,False,False,0,0,11,0
3335,0,0,0,0.45416031742062396,yellow,False,False,0,0,12,0
3336,0,0,0,0.2919025681130943,yellow,False,False,0,0,10,0
3337,0,0,0,0.2571689332533054,yellow,False,False,0,0,10,0
3338,0,0,0,0.23577618627219837,yellow,False,False,0,0,13,0
3339,0,0,0,0.29012650776275517,yellow,False,False,0,0,8,0
3340,0,0,0,0.5740013135528521,yellow,False,False,0,0,9,0
3341,0,0,0,0.5224424594666555,yellow,False,False,0,0,10,0
3342,0,0,0,0.2940410916419407,red,False,False,0,0,11,0
3343,0,0,0,0.41697867408615935,yellow,False,False,0,0,11,0
3344,0,0,0,0.49231539888889336,yellow,False,False,0,0,9,0
3345,0,0,0,0.5172328446715321,yellow,False,False,0,0,9,0
3346,0,0,0,0.6063890025912707,yellow,False,False,0,0,10,0
3347,0,0,0,0.471143491269864,yellow,False,False,0,0,10,0
3348,0,0,0,0.46854924431377404,yellow,False,False,0,0,10,0
3349,0,0,0,0.44635600122714275,yellow,False,False,0,0,11,0
3350,0,0,0,0.48916272614518047,yellow,False,False,0,0,11,0
3351,0,0,0,0.4795638875475536,yellow,False,False,0,0,12,0
3352,0,0,0,0.5288225704511641,yellow,False,False,0,0,11,0
3353,0,0,0,0.4486400663998283,yellow,False,False,0,0,9,0
3354,0,0,0,0.24467441347394855,yellow,False,False,0,0,8,0
3355,0,0,0,0.16074427681824566,yellow,False,False,0,0,9,0
3356,0,0,0,0.2140162405438261,yellow,False,False,0,0,9,0
3357,0,0,0,0.193352237566646,yellow,False,False,0,0,7,0
3358,0,0,0,0.4445613346758067,yellow,False,False,0,0,10,0
3359,0,0,0,0.49855495161778524,yellow,False,False,0,0,8,0
3360,0,0,0,0.25286756659919174,yellow,False,False,0,0,6,0
3361,0,0,0,0.2634615068769844,yellow,False,False,0,0,8,0
3362,0,0,0,0.280845235104568,yellow,False,False,0,0,11,0
3363,0,0,0,0.3070190869620072,yellow,False,False,0,0,8,0
3364,0,0,0,0.3327973490837039,yellow,False,False,0,0,8,0
3365,0,0,0,0.19212781123206238,yellow,False,False,0,0,7,0
3366,0,0,0,0.1491253960258793,yellow,False,False,0,0,7,0
3367,0,0,0,0.1064290218456837,yellow,False,False,0,0,6,0
3368,0,0,0,0.14743812573617657,yellow,False,False,0,0,4,0
3369,0,0,0,0.1398715930924182,yellow,False,False,0,0,9,0
3370,0,0,0,0.13580927770112994,yellow,False,False,0,0,6,0
3371,0,0,0,0.09515431801673782,red,False,False,0,0,7,0
3372,0,0,0,0.1985644072570691,yellow,False,False,0,0,7,0
3373,0,0,0,0.22668320168005096,yellow,False,False,0,0,8,0
3374,0,0,0,0.30805498967342504,yellow,False,False,0,0,7,0
3375,0,0,0,0.4599834510326621,yellow,False,False,0,0,9,0
3376,0,0,0,0.3006883882716851,yellow,False,False,0,0,8,0
3377,0,0,0,0.16933576906326947,yellow,False,False,0,0,7,0
3378,0,0,0,0.15418869619427267,red,False,False,0,0,7,0
3379,0,0,0,0.10239012971412834,yellow,False,False,0,0,7,0
3380,1,0,1,0.07728090690868462,yellow,False,False,1,0,6,0
3381,1,0,1,0.10854056348500005,yellow,False,False,1,0,7,0
3382,1,0,1,0.17994445915564078,yellow,False,False,1,0,7,0
3383,1,0,1,0.2852090567782463,yellow,False,False,0,0,6,0
3384,2,0,2,0.590107707781333,yellow,False,False,1,0,5,0
3385,1,0,1,0.5124030463237583,yellow,False,False,1,0,6,0
3386,1,0,1,0.6979806364619523,yellow,False,False,1,1,5,0
3387,1,0,1,0.5210716551326928,yellow,False,False,1,1,6,0
3388,1,0,1,0.20982656163506408,yellow,False,False,1,1,5,0
3389,1,0,1,0.18710540537725742,yellow,False,False,0,1,5,0
3390,0,0,0,0.21598827334408252,yellow,False,False,0,1,3,0
3391,0,0,0,0.3885898971969596,yellow,False,True,0,1,7,0
3392,0,0,0,0.4554262418513803,yellow,False,True,0,0,8,0
3393,0,0,0,0.5137844544499857,yellow,False,False,0,1,10,0
3394,1,0,1,0.346311208601953,yellow,False,False,1,0,7,0
3395,1,0,1,0.42510524998480914,yellow,False,False,1,0,10,0
3396,1,0,1,0.39255602048321153,yellow,False,False,0,0,8,0
3397,0,0,0,0.3011115441642795,yellow,False,False,0,0,7,0
3398,0,0,0,0.36651392854248327,yellow,False,False,0,0,5,0
3399,0,0,0,0.4142344391019431,yellow,False,False,0,0,5,0
3400,0,0,0,0.4677066350600637,yellow,False,False,0,0,6,0
3401,0,0,0,0.4317396745847412,yellow,False,False,0,0,8,0
3402,0,0,0,0.1754477460311923,yellow,False,False,0,0,4,0
3403,0,0,0,0.16915615675695178,yellow,False,False,0,1,2,0
3404,0,0,0,0.11432078082184256,yellow,False,False,0,0,4,0
3405,0,0,0,0.29681268759163565,yellow,False,False,0,0,4,0
3406,0,0,0,0.10416353768584934,yellow,False,False,0,0,4,0
3407,0,0,0,0.10077531478612899,yellow,False,False,0,0,3,0
3408,0,0,0,0.09946456361726316,yellow,False,False,0,0,4,0
3409,0,0,0,0.16957688411546482,yellow,False,False,0,0,5,0
3410,0,0,0,0.29953900555950624,yellow,False,False,0,0,5,0
3411,0,0,0,0.39721229976976025,red,False,False,0,0,6,0
3412,0,0,0,0.26339678546748313,yellow,False,False,0,0,8,0
3413,0,0,0,0.23690509467292645,yellow,False,False,0,0,7,0
3414,0,0,0,0.27055262669063346,yellow,False,False,0,0,7,0
3415,0,0,0,0.2697517641811228,yellow,False,False,0,0,4,0
3416,0,0,0,0.17033193665328333,yellow,False,False,0,0,6,0
3417,0,0,0,0.11214905810755918,yellow,False,False,0,0,4,0
3418,0,0,0,0.11090444572935267,yellow,False,False,0,0,5,0
3419,0,0,0,0.159365638394512,yellow,False,False,0,0,8,0
3420,0,0,0,0.2000808438703257,yellow,False,False,0,0,7,0
3421,0,0,0,0.0931939189132879,yellow,False,False,0,0,8,0
3422,0,0,0,0.16295502352915708,yellow,False,False,0,0,5,0
3423,0,0,0,0.08608876151914929,yellow,False,False,0,0,5,0
3424,0,0,0,0.05558112231042615,yellow,False,False,0,0,6,0
3425,0,0,0,0.05251363264411306,yellow,False,False,0,0,4,0
3426,0,0,0,0.04712412876086769,yellow,False,False,0,0,2,0
3427,0,0,0,0.04699958872636629,yellow,False,False,0,0,2,0
3428,0,0,0,0.04972070021275274,yellow,False,False,0,0,3,0
3429,0,0,0,0.05270008320564626,yellow,False,False,0,0,2,0
3430,0,0,0,0.03373377072268471,yellow,False,False,0,0,6,0
3431,0,0,0,0.04792894199112852,yellow,False,False,0,0,5,0
3432,0,0,0,0.05817059296431527,yellow,False,False,0,0,4,0
3433,0,0,0,0.2222619996840524,yellow,False,False,0,0,4,0
3434,0,0,0,0.07806300676215627,yellow,False,False,0,0,6,0
3435,0,0,0,0.10913780281073564,yellow,False,False,0,0,9,0
3436,0,0,0,0.20309295922172432,yellow,False,False,0,0,8,0
3437,0,0,0,0.5582130024540043,yellow,False,False,0,0,7,0
3438,0,0,0,0.32822561237019804,red,False,False,0,0,7,0
3439,0,0,0,0.13360044840498309,yellow,False,False,0,0,8,0
3440,0,0,0,0.08345588242141037,red,False,False,0,0,7,0
3441,0,0,0,0.11564399494475412,yellow,False,False,0,0,6,0
3442,0,0,0,0.13109725739925268,yellow,False,False,0,0,5,0
3443,0,0,0,0.14655147389826337,red,False,False,0,0,8,0
3444,0,0,0,0.5741183910768668,yellow,False,False,0,0,7,0
3445,0,0,0,0.2861131186373953,yellow,False,False,0,0,8,0
3446,0,0,0,0.12071885398183883,yellow,False,False,0,0,7,0
3447,0,0,0,0.18729596176415603,yellow,False,False,0,0,6,0
3448,0,0,0,0.3145395387161315,yellow,False,False,0,0,8,0
3449,0,0,0,0.3370356692082729,yellow,False,False,0,0,8,0
3450,0,0,0,0.3091441190286569,yellow,False,False,0,0,6,0
3451,0,0,0,0.24742715919864158,yellow,False,False,0,0,7,0
3452,0,0,0,0.4235342924088775,yellow,False,False,0,0,9,0
3453,0,0,0,0.4737202032228717,yellow,False,False,0,0,6,0
3454,0,0,0,0.5963951195475279,yellow,False,False,0,0,9,0
3455,0,0,0,0.5557000018744253,yellow,False,False,0,0,9,0
3456,0,0,0,0.6786095694944903,yellow,False,False,0,0,8,0
3457,0,0,0,0.6733680411972307,yellow,False,False,0,0,10,0
3458,0,0,0,0.8640098068917258,unknown,False,False,1,0,11,1
3459,0,0,0,0.9765515022462455,unknown,False,False,0,0,10,0
3460,0,0,0,0.7064543261353625,unknown,False,False,0,0,11,0
3461,0,0,0,0.7771954553675665,unknown,False,False,0,0,12,0
3462,0,0,0,0.8900603143866987,unknown,False,False,0,0,13,0
3463,0,0,0,1.037486300532774,unknown,False,False,0,0,11,0
3464,0,0,0,1.0840568759768456,unknown,False,False,0,0,15,0
3465,0,0,0,0.9019788420088783,unknown,False,False,0,0,16,0
3466,0,0,0,1.0284641637968095,unknown,False,False,0,0,13,0
3467,0,0,0,1.1364411280508304,unknown,False,False,0,0,11,0
3468,0,0,0,0.8922877754829678,yellow,False,False,0,0,15,0
3469,0,0,0,0.5914791853568597,red,False,False,0,0,14,0
3470,0,0,0,0.35959115777702116,red,False,False,0,0,18,0
3471,0,0,0,0.23113647107791574,red,False,False,0,0,18,0
3472,0,0,0,0.25256623456015076,red,False,False,0,0,14,0
3473,0,0,0,0.2744141549364739,red,False,False,0,0,16,0
3474,0,0,0,0.337545039008131,red,False,False,0,0,13,0
3475,0,0,0,0.3392214348971147,red,False,True,0,0,16,0
3476,0,0,0,0.4073400308063853,unknown,False,False,0,0,16,0
3477,0,0,0,0.5632910749560796,red,False,False,0,0,14,0
3478,0,0,0,0.6747911775973633,unknown,False,False,0,0,13,0
3479,0,0,0,0.8179482740452677,yellow,False,False,0,0,17,0
3480,0,0,0,1.1759764141832156,unknown,False,False,0,0,14,0
3481,0,0,0,1.3009962887338062,unknown,False,False,0,0,16,0
3482,0,0,0,1.4394579427854621,unknown,False,False,0,0,15,0
3483,0,0,0,1.4044045563503715,unknown,False,False,0,0,15,0
3484,0,0,0,1.0516273739373547,unknown,False,False,0,0,16,0
3485,0,0,0,0.7140098286622177,unknown,False,False,0,0,11,0
3486,0,0,0,0.9512904303858304,unknown,False,False,0,0,7,0
3487,0,0,0,0.9755527037792255,unknown,False,False,0,0,8,0
3488,0,0,0,1.226238254088091,unknown,False,False,0,0,8,0
3489,0,0,0,1.1422577723294816,unknown,False,False,0,0,9,0
3490,0,0,0,0.7350921009405552,unknown,False,False,0,0,8,0
3491,0,0,0,0.5814196403691977,unknown,False,False,0,0,8,0
3492,0,0,0,0.6183299659813721,unknown,False,False,1,0,8,0
3493,0,0,0,0.7510658256652095,unknown,False,False,0,0,9,0
3494,0,0,0,0.6748239624861171,unknown,False,False,0,0,8,0
3495,0,0,0,0.6329801654035161,unknown,False,False,0,0,5,0
3496,0,0,0,0.9070077305599997,unknown,False,False,0,0,9,0
3497,0,0,0,0.7765667927202086,unknown,False,False,0,0,12,0
3498,0,0,0,0.8376934258031011,unknown,False,False,0,0,12,0
3499,0,0,0,1.1224964595267979,unknown,False,False,0,0,12,0
3500,0,0,0,1.1829658095286553,unknown,False,False,0,0,12,0
3501,0,0,0,0.9358564653675019,unknown,False,False,0,0,9,0
3502,0,0,0,0.6787410105978958,unknown,False,False,0,0,8,0
3503,0,0,0,0.7808934180509232,unknown,False,False,0,0,3,0
3504,0,0,0,0.4999800780185817,unknown,False,False,0,1,1,0
3505,0,0,0,0.2581264353998413,unknown,False,False,0,0,0,0
3506,0,0,0,0.14733551526116695,unknown,False,False,0,0,0,0
3507,0,0,0,0.31508364250447296,unknown,False,False,0,0,3,0
3508,0,0,0,0.2501878971202173,unknown,False,False,0,0,0,0
3509,0,0,0,0.23434029049346383,unknown,False,False,0,0,0,0
3510,0,0,0,0.29915478934119233,unknown,False,False,0,0,1,0
3511,0,0,0,0.46965485560508713,unknown,False,False,0,0,3,0
3512,0,0,0,0.3531044688169722,unknown,False,False,0,0,1,0
3513,1,0,1,0.3210849763498097,unknown,False,False,0,0,3,0
3514,1,0,1,0.30265867406627056,unknown,False,False,1,0,2,1
3515,0,0,0,0.3096539512643127,unknown,False,False,0,0,0,0
3516,0,0,0,0.4312641726698103,unknown,False,False,0,0,4,0
3517,0,0,0,0.24563799134184153,unknown,False,False,0,0,4,0
3518,0,0,0,0.18443637778840086,unknown,False,False,0,0,2,0
3519,0,0,0,0.3162836608625173,unknown,False,False,0,0,2,0
3520,0,0,0,0.5500579283915165,unknown,False,False,0,0,3,0
3521,0,0,0,0.27620671948936465,unknown,False,False,0,0,2,0
3522,0,0,0,0.4710192112476903,unknown,False,False,0,0,3,0
3523,0,0,0,0.34356344294506197,unknown,False,False,0,0,2,0
3524,0,0,0,0.29491491043279205,unknown,False,False,0,0,3,0
3525,0,0,0,0.36603620977781487,unknown,False,False,0,0,3,0
3526,1,0,1,0.3731156813807935,unknown,False,False,2,0,1,0
3527,1,0,1,0.2824160932379716,unknown,False,False,1,0,1,0
3528,2,0,2,0.11606048093143541,unknown,False,False,1,0,3,0
