second,idle_count,walking_count,total_count,car_speed_mph,light,red_violation,bus_waiting,humans,buses,cars,bikes
0,1,0,1,0.09436915442374887,unknown,False,False,1,0,9,0
1,1,0,1,0.16496322266633265,unknown,False,False,0,0,12,0
2,0,0,0,0.11568009967541963,unknown,False,False,0,0,9,0
3,0,0,0,0.13578795773672556,unknown,False,False,0,0,10,0
4,0,0,0,0.16879764248909057,unknown,False,False,0,0,9,0
5,0,0,0,0.10508713219659432,unknown,False,False,0,0,11,0
6,0,0,0,0.13994216440788956,unknown,False,False,0,0,12,0
7,0,0,0,0.17646181057634747,unknown,False,False,0,0,12,0
8,0,0,0,0.12292194882637694,unknown,False,False,0,0,11,0
9,0,0,0,0.09971085083487002,unknown,False,False,0,0,10,0
10,0,0,0,0.16251808167114543,unknown,False,False,0,0,10,0
11,0,0,0,0.16347194678892912,unknown,False,False,0,0,11,0
12,0,0,0,0.18680683541835227,unknown,False,False,0,0,10,0
13,0,0,0,0.09930070914812751,unknown,False,False,0,0,11,0
14,0,0,0,0.14880227343043048,unknown,False,False,0,0,11,0
15,0,0,0,0.2643658958140973,unknown,False,False,1,0,9,0
16,1,0,1,0.28547462919516975,unknown,False,False,1,0,14,0
17,1,0,1,0.10199193856456402,unknown,False,False,1,0,13,0
18,1,0,1,0.06822436630776756,unknown,False,False,1,0,11,0
19,1,0,1,0.2544538047725914,unknown,False,False,1,0,9,0
20,1,0,1,0.25463273022774313,unknown,False,False,1,0,9,0
21,1,0,1,0.38308665842154266,unknown,False,False,1,0,11,0
22,0,1,1,0.4664806297615929,unknown,False,False,1,0,7,0
23,1,0,1,0.7164891932159566,unknown,False,False,0,0,7,0
24,0,0,0,0.9491228951995664,unknown,False,False,0,0,6,0
25,0,0,0,1.58111477339963,unknown,False,False,0,0,14,0
26,0,0,0,1.3842878011413096,unknown,False,False,0,0,10,0
27,0,0,0,0.9679623818259876,green,False,False,0,1,10,0
28,0,0,0,0.6818083876612858,unknown,False,False,0,0,11,0
29,0,0,0,0.4465328184391298,unknown,False,False,0,1,8,0
30,0,0,0,0.26301770933556806,unknown,False,False,0,1,8,0
31,0,0,0,0.480289958640983,unknown,False,False,2,2,6,0
32,1,0,1,0.33224231691736417,unknown,False,False,1,2,7,0
33,0,1,1,0.44209574131328455,unknown,False,False,1,2,4,0
34,1,0,1,0.5066235794623728,unknown,False,False,1,3,5,0
35,1,0,1,0.7415519984418213,unknown,False,False,0,2,5,0
36,0,0,0,1.6918883295032525,unknown,False,False,0,2,7,0
37,0,0,0,1.6450948579708076,unknown,False,False,0,2,7,0
38,1,0,1,1.150100434228028,unknown,False,False,0,3,8,0
39,2,0,2,1.0165703369573118,unknown,False,False,1,5,6,0
40,3,0,3,0.8468634627293383,unknown,False,False,4,4,7,1
41,0,3,3,0.6835637202432352,unknown,False,False,3,2,7,0
42,2,2,4,1.0324953270870527,unknown,False,False,1,3,8,0
43,2,0,2,1.2787770159315215,unknown,False,False,1,4,7,0
44,0,0,0,1.1094011454440136,unknown,False,False,0,4,9,0
45,1,0,1,1.1549414802968794,unknown,False,False,2,2,7,0
46,2,0,2,0.8871677603665971,unknown,False,False,2,2,13,0
47,2,0,2,0.6499695066135193,red,False,True,3,1,15,0
48,3,0,3,0.38873472850110585,unknown,False,True,2,2,14,0
49,5,0,5,0.3508186943997933,red,False,True,1,2,14,0
50,4,0,4,0.38679766538810334,red,False,True,2,2,15,0
51,2,0,2,0.3995801347658959,red,False,True,3,3,16,0
52,3,0,3,0.498228784076394,green,False,True,2,1,13,0
53,3,0,3,0.5623800216004075,unknown,False,True,0,1,12,0
54,2,0,2,0.6905302010364707,red,False,True,1,1,12,0
55,2,0,2,0.8389156171500145,unknown,False,True,1,2,7,0
56,1,0,1,1.424247920057916,unknown,False,False,2,1,9,0
57,1,0,1,1.481083973066106,unknown,False,False,2,1,10,0
58,1,1,2,1.3451186574717902,unknown,False,False,0,0,12,0
59,0,1,1,1.138803931134422,unknown,False,False,0,0,12,0
60,0,1,1,0.7729938782672945,unknown,False,False,1,0,13,0
61,1,1,2,0.852800361850179,unknown,False,False,0,0,13,0
62,1,0,1,0.9775339184137263,unknown,False,False,1,1,12,0
63,3,0,3,1.029885645424421,unknown,False,True,2,0,9,1
64,4,0,4,0.6179096481443995,unknown,False,False,0,0,8,0
65,2,0,2,0.7997786253024919,yellow,False,False,1,0,8,0
66,1,0,1,0.8244392543136202,yellow,False,False,2,0,10,0
67,1,0,1,0.6004072615831395,yellow,False,False,1,0,9,0
68,1,0,1,0.5158131927225542,unknown,False,False,0,0,10,0
69,1,0,1,0.5960779383275975,green,False,False,0,0,11,0
70,0,0,0,0.5129278191767694,unknown,False,False,0,0,8,0
71,0,0,0,0.5814270871416036,unknown,False,False,0,0,13,0
72,0,0,0,0.5557379800839612,yellow,False,False,0,0,11,0
73,0,0,0,0.3442644067230059,unknown,False,False,1,0,14,0
74,1,0,1,0.14998562250820768,unknown,False,False,1,0,12,0
75,1,0,1,0.11085397924424963,unknown,False,False,0,0,15,0
76,1,0,1,0.14305581958464947,unknown,False,False,0,0,16,0
77,0,0,0,0.13082800706867448,unknown,False,False,0,0,14,0
78,0,0,0,0.08748418680253892,unknown,False,False,0,0,14,0
79,0,0,0,0.13804735841529564,unknown,False,False,0,0,10,0
80,0,0,0,0.0691008357236971,unknown,False,False,0,0,11,0
81,0,0,0,0.07056664981060315,yellow,False,False,0,0,11,0
82,0,0,0,0.10658517236900794,yellow,False,False,0,0,13,0
83,0,0,0,0.1747037536885726,yellow,False,False,0,0,9,0
84,0,0,0,0.07132339783014272,yellow,False,False,0,0,11,0
85,0,0,0,0.07700288486523969,yellow,False,False,0,0,12,0
86,0,0,0,0.12676488035660344,yellow,False,False,0,0,13,0
87,0,0,0,0.12086147966825218,yellow,False,False,1,0,11,0
88,0,0,0,0.08194625056752729,yellow,False,False,1,0,9,0
89,1,0,1,0.13733077584547634,unknown,False,False,1,0,9,0
90,1,0,1,0.11944191997662748,unknown,False,False,1,0,11,2
91,1,1,2,0.11474481071679306,yellow,False,False,1,0,6,1
92,2,0,2,0.19447346059335383,yellow,False,False,1,0,11,0
93,1,0,1,0.2095144917986663,unknown,False,False,0,0,12,0
94,2,0,2,0.15407280126034567,yellow,False,False,0,0,13,0
95,1,0,1,0.1811390672168184,unknown,False,False,1,0,12,0
96,0,0,0,0.21911646768941526,unknown,False,False,0,0,13,0
97,0,0,0,0.2651391979609042,unknown,False,False,0,0,13,0
98,0,0,0,0.30594018773931775,unknown,False,False,0,0,16,0
99,0,0,0,0.3627591907374255,unknown,False,False,0,0,15,1
100,0,0,0,0.2713934388293843,unknown,False,False,0,0,15,0
101,0,0,0,0.2305255080578282,unknown,False,False,0,0,13,0
102,0,0,0,0.19599730281155547,unknown,False,False,0,0,12,0
103,0,0,0,0.284472143891443,unknown,False,False,0,0,13,0
104,0,0,0,0.3116697074191218,unknown,False,False,0,0,15,0
105,0,0,0,0.26372164273109844,unknown,False,False,0,0,14,0
106,0,0,0,0.17795323056360896,unknown,False,False,0,0,11,0
107,0,0,0,0.18251633202181422,unknown,False,False,0,0,17,0
108,0,0,0,0.21841425195265676,unknown,False,False,0,0,13,0
109,0,0,0,0.20474903478569392,unknown,False,False,0,0,13,0
110,0,0,0,0.23411129867378822,unknown,False,False,0,0,13,0
111,0,0,0,0.3602636380974421,unknown,False,False,0,0,8,0
112,0,0,0,0.3362656435135633,unknown,False,False,0,0,14,0
113,0,0,0,0.4702725691479037,unknown,False,False,0,0,14,0
114,0,0,0,0.4596107077281214,unknown,False,False,0,0,14,0
115,0,0,0,0.6480760794293329,unknown,False,False,0,0,12,0
116,0,0,0,0.663435643033439,unknown,False,False,0,0,15,0
117,0,0,0,0.8064058630325386,unknown,False,False,0,0,13,0
118,0,0,0,0.9408939348936934,yellow,False,False,0,0,14,0
119,0,0,0,0.9722288329529063,unknown,False,False,0,0,19,0
120,0,0,0,1.1022682814619185,unknown,False,False,0,0,13,0
121,0,0,0,1.2391891657255756,unknown,False,False,0,0,12,0
122,0,0,0,0.8814171266550948,unknown,False,False,0,0,11,0
123,0,0,0,0.7479454948121596,unknown,False,False,0,0,13,0
124,0,0,0,0.7646249232417712,unknown,False,False,0,0,10,0
125,0,0,0,0.7486799479025141,unknown,False,False,0,0,10,0
126,0,0,0,0.6743907263826091,unknown,False,False,0,0,9,0
127,0,0,0,0.6712386590611664,unknown,False,False,1,0,10,0
128,0,0,0,0.7243486827040796,unknown,False,False,0,0,10,0
129,0,0,0,0.6204195301223153,unknown,False,False,0,0,10,0
130,0,0,0,0.6326013675278883,unknown,False,False,0,0,9,0
131,0,0,0,0.7791090434689676,unknown,False,False,0,0,8,0
132,0,0,0,0.7330323903001292,unknown,False,False,0,1,5,0
133,0,0,0,0.5868510447214378,unknown,False,False,1,0,4,0
134,1,0,1,0.515713613394118,unknown,False,False,1,1,4,0
135,1,0,1,0.40120349487206847,unknown,False,False,1,1,0,0
136,0,0,0,0.42524210858353956,unknown,False,False,0,3,2,0
137,0,0,0,0.32218280617395473,yellow,False,False,0,2,3,0
138,0,0,0,1.005451026555962,unknown,False,False,0,1,2,0
139,0,0,0,1.053179666599694,unknown,False,True,0,1,3,0
140,0,0,0,1.2053212670116409,red,False,True,0,1,2,0
141,0,0,0,0.6724922443477807,unknown,False,True,0,1,4,0
142,0,0,0,0.7914024068526992,yellow,False,False,0,0,5,0
143,0,0,0,0.7266741160244772,yellow,False,False,0,0,4,0
144,0,0,0,1.1828621661856806,unknown,False,False,1,0,3,0
145,1,0,1,0.8645699745559003,unknown,False,False,2,0,5,0
146,1,0,1,0.879594466937264,unknown,False,False,0,0,7,0
147,0,0,0,1.0566930451207612,unknown,False,False,1,0,7,0
148,0,0,0,1.0396553587169306,unknown,False,False,0,0,8,0
149,0,0,0,1.0221203190527588,unknown,False,False,0,0,8,0
150,0,0,0,1.2356135100628234,unknown,False,False,0,0,8,0
151,0,0,0,1.2964994483875647,unknown,False,False,0,0,7,1
152,0,0,0,1.089157219778972,unknown,False,False,0,0,7,0
153,1,0,1,0.6251284698487317,unknown,False,False,1,0,5,0
154,1,0,1,0.3588164034874761,yellow,False,False,1,0,5,0
155,1,0,1,0.35063210424832725,unknown,False,False,0,0,5,0
156,0,0,0,0.4807849467320994,unknown,False,False,0,0,4,0
157,0,0,0,0.5419454210871424,red,False,False,0,0,2,0
158,0,0,0,0.49984911348936417,red,False,False,0,0,3,0
159,0,0,0,0.47996902777207073,yellow,False,False,0,0,2,0
160,0,0,0,0.3988626374097451,unknown,False,False,0,0,2,0
161,0,0,0,0.5222856470414254,unknown,False,False,0,0,2,0
162,0,0,0,0.9074714382908189,yellow,False,False,0,0,2,0
163,0,0,0,1.1641780362838545,red,False,False,0,0,1,0
164,0,0,0,1.5553541243089832,unknown,False,False,0,0,2,0
165,0,0,0,0.8108597911145676,unknown,False,False,0,0,1,0
166,0,0,0,0.36946803461399474,unknown,False,False,0,0,1,0
167,0,0,0,0.25448776892568825,unknown,False,False,0,0,0,0
168,0,0,0,0.1994025346768679,unknown,False,False,0,0,0,0
169,0,0,0,0.0,red,False,False,1,0,0,0
170,0,0,0,0.0,red,False,False,0,0,1,0
171,0,0,0,0.3015426123898217,yellow,False,False,0,0,1,0
172,0,0,0,0.9863708098139214,unknown,False,False,0,0,2,0
173,0,0,0,2.5815572588640743,unknown,False,False,1,0,2,0
174,0,0,0,2.4297123936655853,unknown,False,False,0,0,1,0
175,0,0,0,0.6545288385934996,yellow,False,False,0,0,2,0
176,0,0,0,0.6420680073930173,unknown,False,False,1,0,2,0
177,0,1,1,1.3299053017455058,unknown,False,False,1,0,1,0
178,1,1,2,1.918182425471192,unknown,False,False,0,0,0,0
179,0,0,0,1.2224056156676557,unknown,False,False,0,0,0,0
180,0,0,0,1.0023253530846927,unknown,False,False,1,0,0,0
181,1,0,1,1.9008033434297067,unknown,False,False,1,0,1,0
182,1,0,1,2.005713427645402,unknown,False,False,0,0,1,0
183,0,0,0,1.5546849417363826,yellow,False,False,0,0,0,0
184,0,0,0,0.0,unknown,False,False,0,0,0,0
185,0,0,0,0.0,unknown,False,False,0,0,0,0
186,0,0,0,0.0,unknown,False,False,0,0,1,0
187,0,0,0,2.368601104385436,unknown,False,False,0,0,1,0
188,0,0,0,2.267806810913334,unknown,False,False,0,0,0,0
189,0,0,0,1.9900419706809636,unknown,False,False,0,0,2,0
190,0,0,0,3.0905470247791893,unknown,False,False,0,0,1,0
191,0,0,0,1.4978126639799207,unknown,False,False,0,0,0,0
192,0,0,0,0.6196838338377165,unknown,False,False,0,0,1,0
193,0,0,0,0.14680841672185477,red,False,False,0,0,2,0
194,0,0,0,0.6520270128737865,unknown,False,False,0,0,3,0
195,0,0,0,0.8964444238960686,yellow,False,False,0,0,4,0
196,0,0,0,0.7253393512027706,unknown,False,False,1,0,4,0
197,0,0,0,0.5972024683995901,unknown,False,False,0,0,11,0
198,0,0,0,1.1517256444212711,unknown,False,False,0,0,10,0
199,0,0,0,1.347671001148146,unknown,False,False,0,0,9,0
200,0,0,0,1.254628796862814,unknown,False,False,0,0,6,0
201,0,0,0,0.8999189908565334,unknown,False,False,0,0,6,0
202,0,0,0,0.9017368776158887,unknown,False,False,0,0,5,0
203,0,0,0,0.9027912770447237,unknown,False,False,0,0,6,0
204,0,0,0,1.0539040589913498,unknown,False,False,0,0,6,0
205,0,0,0,0.9071500732885767,unknown,False,False,0,0,6,0
206,0,0,0,0.5631168058679417,yellow,False,False,0,0,7,0
207,0,0,0,0.4508434175185324,unknown,False,False,0,0,5,0
208,0,0,0,0.3434739189900159,yellow,False,False,0,0,8,0
209,1,0,1,0.2619560402816915,unknown,False,False,1,0,5,0
210,1,0,1,0.2799489905874291,red,False,False,0,0,5,0
211,0,0,0,0.5635379432932948,red,False,False,1,0,4,0
212,0,0,0,0.49802117237233606,red,False,False,0,0,6,0
213,0,0,0,0.4412130138902285,unknown,False,False,0,0,7,0
214,0,0,0,0.4984128067185365,red,False,False,2,0,9,0
215,1,0,1,0.7139381111483439,red,False,False,1,0,6,0
216,1,0,1,0.6107004448306836,red,False,False,0,0,8,0
217,1,0,1,0.4127993252753937,red,False,False,0,0,7,0
218,1,0,1,0.27520267497942447,red,False,False,1,0,5,0
219,1,0,1,0.4742064518070295,red,False,False,1,0,3,0
220,0,0,0,0.3839374790974577,red,False,False,1,0,8,0
221,1,0,1,0.3124315447547573,red,False,False,1,0,5,0
222,3,0,3,0.3652520417833906,red,False,False,3,0,8,0
223,3,0,3,0.5501901253052149,red,False,False,0,0,8,0
224,1,0,1,0.7483735942236575,unknown,False,False,1,0,9,0
225,2,0,2,1.15924817299834,unknown,False,False,1,0,7,0
226,2,0,2,0.8437827394754659,unknown,False,False,2,0,5,0
227,2,0,2,0.5510306696031608,unknown,False,False,1,0,8,0
228,3,0,3,0.312030706722081,red,False,False,1,0,8,0
229,3,0,3,0.22446013167559084,unknown,False,False,1,0,7,0
230,2,0,2,0.2515510547847626,red,False,False,0,0,6,0
231,1,0,1,0.4604345076523752,red,False,False,1,0,7,0
232,1,0,1,0.4963111559856311,red,False,False,2,0,3,0
233,3,0,3,0.3110473642652331,red,False,False,2,0,3,0
234,2,0,2,0.152440348024605,red,False,False,1,0,3,0
235,1,0,1,0.07930292969922927,unknown,False,True,1,1,2,0
236,1,0,1,0.062411005710299665,unknown,False,True,1,1,2,0
237,2,0,2,0.05160652492167056,red,False,True,2,1,3,0
238,2,0,2,0.04695135178086605,red,False,True,1,1,2,0
239,2,0,2,0.06018029288934065,red,False,True,1,1,2,0
240,1,0,1,0.13282808711468128,red,False,True,1,1,3,0
241,1,0,1,0.14491113967431915,green,False,True,1,1,4,0
242,1,0,1,0.26942327950970063,green,False,False,1,1,4,0
243,3,0,3,0.3331976988002542,unknown,False,True,1,1,3,0
244,2,0,2,0.5424762192668445,red,False,True,2,1,5,0
245,3,1,4,0.7058121912784777,yellow,False,False,2,0,10,0
246,2,1,3,0.8534887191154777,red,False,False,2,0,7,0
247,3,0,3,1.161897235008294,unknown,False,False,2,0,6,0
248,5,0,5,1.0875609317421822,unknown,False,False,1,0,4,0
249,2,0,2,1.154946730514757,unknown,False,False,0,0,3,0
250,0,0,0,0.7339921949521201,unknown,False,False,0,0,3,0
251,0,0,0,0.913759955500564,unknown,False,False,0,0,2,0
252,0,0,0,2.5427897792590795,unknown,False,False,0,0,3,0
253,0,0,0,0.6496661511665857,unknown,False,False,0,0,3,0
254,0,0,0,0.5403814771088566,unknown,False,False,2,0,0,0
255,1,0,1,0.4395054137023121,unknown,False,False,1,0,2,0
256,2,0,2,0.1721461007220747,red,False,False,1,0,2,0
257,1,0,1,0.6172694772402629,unknown,False,False,0,0,2,0
258,2,0,2,0.7630909413732962,yellow,False,False,0,0,2,0
259,0,0,0,0.41409743242424996,unknown,False,False,0,0,3,0
260,0,0,0,0.44106074181888455,red,False,False,0,0,2,0
261,0,0,0,0.5514623825453789,unknown,False,False,0,0,3,0
262,0,0,0,0.780886397860318,unknown,False,False,0,0,2,0
263,0,0,0,0.4476632658649804,unknown,False,False,0,0,1,0
264,0,0,0,0.32018940277107766,red,False,True,0,1,3,0
265,0,0,0,0.39636977145372443,red,False,True,0,0,7,0
266,0,0,0,0.6915747001337204,yellow,False,False,0,0,6,0
267,0,0,0,1.122241823280791,unknown,False,False,0,0,12,0
268,0,0,0,1.144126099881312,unknown,False,False,0,0,17,0
269,0,0,0,1.1584957733063097,unknown,False,False,0,0,18,0
270,0,0,0,1.2383452939316728,unknown,False,False,0,0,18,0
271,0,0,0,1.3714227616360781,unknown,False,False,0,0,15,0
272,0,0,0,1.2960252462343849,unknown,False,False,0,0,15,0
273,0,0,0,1.164828279445103,unknown,False,False,0,0,18,0
274,0,0,0,0.8956757082873684,unknown,False,False,0,0,15,0
275,0,0,0,0.7906733849363289,unknown,False,False,0,0,14,0
276,0,0,0,0.9235210558421756,unknown,False,False,0,0,15,0
277,0,0,0,0.9760706652361913,unknown,False,False,0,0,11,0
278,0,0,0,0.9524882741782794,unknown,False,False,0,0,12,0
279,0,0,0,0.7690121582233861,unknown,False,False,0,0,8,0
280,0,0,0,0.6455878994621269,unknown,False,False,1,0,9,0
281,0,0,0,0.5609269500787953,unknown,False,False,0,0,12,0
282,1,0,1,0.4613498752559646,green,False,False,0,0,10,0
283,1,0,1,0.2958446057314308,unknown,False,False,0,0,10,0
284,0,0,0,0.1730202329335649,unknown,False,False,0,0,10,0
285,0,0,0,0.2411665982022306,unknown,False,False,0,0,10,0
286,0,0,0,0.20204974037646312,unknown,False,False,0,0,11,0
287,0,0,0,0.2795526920943015,unknown,False,False,1,0,12,0
288,1,0,1,0.3250457459478196,unknown,False,False,0,0,11,0
289,1,0,1,0.13181367672468244,green,False,False,0,0,10,0
290,0,0,0,0.20146064593927038,green,False,False,0,0,10,0
291,0,0,0,0.29263756176356015,unknown,False,False,0,0,9,0
292,0,0,0,0.30487086289239496,green,False,False,0,0,13,0
293,0,0,0,0.24963452928880522,unknown,False,False,0,0,11,0
294,0,0,0,0.3407071713499837,unknown,False,False,0,0,8,0
295,0,0,0,0.5152983826732398,green,False,False,0,0,11,0
296,0,0,0,0.41521982349531655,unknown,False,False,0,0,12,0
297,0,0,0,0.47061529399520124,unknown,False,False,0,0,12,0
298,0,0,0,0.21910744203930105,unknown,False,False,0,0,13,0
299,1,0,1,0.3009427966382425,green,False,False,0,0,13,0
300,1,0,1,0.6400647268512755,unknown,False,False,1,0,11,0
301,1,0,1,0.5451392196641409,unknown,False,False,0,0,13,0
302,1,0,1,0.6239679212950582,unknown,False,False,2,0,9,0
303,3,0,3,0.46351871358195085,unknown,False,False,3,0,12,0
304,3,0,3,0.3068665590904615,yellow,False,False,4,0,12,0
305,3,0,3,0.2915680048689744,red,False,False,3,0,9,0
306,4,0,4,0.40325412240090364,red,False,False,2,0,10,0
307,3,0,3,0.3349773680897461,unknown,False,False,0,0,11,0
308,1,0,1,0.40558638373383743,red,False,False,0,0,10,0
309,0,0,0,0.5080650558366488,red,False,False,0,0,8,0
310,0,0,0,0.7679650947700365,yellow,False,False,0,0,7,0
311,0,0,0,1.2738942176178212,unknown,False,False,0,0,8,0
312,0,0,0,1.4574052767180503,unknown,False,False,1,0,7,0
313,1,0,1,1.214933795854777,unknown,False,False,0,0,8,0
314,1,0,1,1.1712883862784944,unknown,False,False,0,0,12,0
315,0,0,0,1.028219383786021,unknown,False,False,0,0,10,0
316,0,0,0,0.9294089318825557,unknown,False,False,0,0,11,0
317,0,0,0,0.7803915620649843,unknown,False,False,0,0,10,0
318,0,0,0,0.7458224518490862,unknown,False,False,0,0,11,0
319,0,0,0,0.7345729942014841,unknown,False,False,0,0,7,0
320,0,0,0,0.8501443945147866,unknown,False,False,2,0,6,0
321,1,0,1,0.660005940169367,unknown,False,False,3,0,7,0
322,4,0,4,0.5583002260115134,unknown,False,False,3,0,7,0
323,6,0,6,0.41123389255387405,green,False,False,3,0,12,0
324,4,0,4,0.3526573266015224,red,False,False,5,0,12,0
325,4,0,4,0.39808827714253475,red,False,False,0,0,9,0
326,1,0,1,0.48614059176737007,red,False,False,0,0,8,0
327,0,0,0,0.6073865424287521,red,False,False,0,0,7,0
328,0,0,0,0.500312871375548,red,False,False,1,0,8,0
329,0,0,0,0.6273282040068189,unknown,False,False,0,0,6,0
330,0,0,0,0.7571847191361278,unknown,False,False,0,0,6,0
331,0,0,0,1.0249669030046977,unknown,False,False,0,0,9,0
332,0,0,0,0.9695811924564621,unknown,False,False,1,0,11,0
333,1,0,1,0.7125181848203116,unknown,False,False,2,0,11,0
334,1,0,1,0.7962851432166748,unknown,False,False,2,1,9,0
335,2,1,3,0.9514459394424889,unknown,False,False,2,1,8,0
336,2,0,2,1.0034374774801997,unknown,False,False,1,1,5,0
337,1,0,1,0.8510625667338371,unknown,False,False,1,1,7,0
338,2,0,2,0.8255276378823243,unknown,False,False,0,1,6,0
339,1,0,1,0.7925162047802533,unknown,False,False,0,2,1,0
340,1,0,1,0.11767414202106366,unknown,False,False,1,2,1,0
341,1,0,1,0.6261798666902739,unknown,False,False,1,2,3,0
342,1,0,1,0.4865982107611892,unknown,False,True,1,2,3,0
343,1,0,1,0.28348281967811423,red,False,True,1,2,5,0
344,1,0,1,0.2903766526870698,red,False,True,1,1,6,0
345,1,0,1,0.40283288300786646,red,False,True,1,1,5,0
346,1,0,1,0.5377548057007091,red,False,True,1,1,7,0
347,1,0,1,0.560371250015268,red,False,True,0,0,9,0
348,1,0,1,0.5789436209760077,red,False,False,1,0,5,0
349,0,0,0,0.6459978989261898,unknown,False,False,1,0,5,0
350,0,0,0,0.7475088262452756,unknown,False,False,1,0,6,0
351,1,0,1,1.0169980685707962,unknown,False,False,0,0,4,0
352,0,0,0,0.8650759433133811,unknown,False,False,0,0,3,0
353,0,0,0,0.396873396115581,unknown,False,False,0,0,4,0
354,0,0,0,0.5285785826504529,unknown,False,False,0,0,5,0
355,1,0,1,0.9622527296795788,unknown,False,False,1,0,8,0
356,0,1,1,0.9148872104048229,unknown,False,False,1,0,6,0
357,1,0,1,1.0287313309669812,unknown,False,False,1,0,9,0
358,1,0,1,0.8427604439338292,unknown,False,False,0,0,8,0
359,0,0,0,0.6968367310818098,unknown,False,False,0,0,7,0
360,0,0,0,0.4540748030322394,red,False,True,0,0,9,0
361,0,0,0,0.3826060688510985,red,False,True,0,0,11,0
362,0,0,0,0.3109906003773069,red,False,False,0,0,13,0
363,0,0,0,0.49050428528746165,red,False,False,0,0,16,0
364,0,0,0,0.39126143837318045,red,False,False,0,0,13,0
365,0,0,0,0.2327609176776233,red,False,False,0,0,13,0
366,0,0,0,0.2801138502977008,red,False,False,0,0,15,0
367,0,0,0,0.36142871248189,red,False,False,0,0,20,0
368,0,0,0,0.586009963951773,red,False,False,0,0,13,0
369,0,0,0,0.7820014201819686,red,False,False,1,0,13,0
370,0,0,0,0.8423965437031958,red,False,True,1,0,14,0
371,2,0,2,0.6502897880882821,yellow,False,True,4,0,10,0
372,3,0,3,0.6841408730989491,unknown,False,False,2,0,9,0
373,4,0,4,0.6205249227806492,unknown,False,False,1,0,6,0
374,2,0,2,0.9548441264197282,unknown,False,False,0,0,6,0
375,0,0,0,0.6993883741800094,unknown,False,False,0,0,9,0
376,0,0,0,0.7770171753606399,unknown,False,False,0,0,11,0
377,0,0,0,0.8194100742563221,unknown,False,False,0,0,8,0
378,0,0,0,0.893626281440131,unknown,False,False,0,0,9,0
379,0,0,0,0.791654243349451,unknown,False,False,0,0,10,0
380,0,0,0,0.7163763248506303,yellow,False,False,0,0,9,0
381,0,0,0,0.6197060777142216,red,False,False,0,0,6,0
382,0,0,0,0.5689591538914421,unknown,False,False,0,0,7,0
383,0,0,0,0.42164029461033836,yellow,False,False,0,0,6,0
384,0,0,0,0.3148904990674795,unknown,False,False,0,0,6,0
385,0,0,0,0.26044290755818766,yellow,False,False,0,0,8,0
386,0,0,0,0.265662491560208,red,False,False,0,0,4,0
387,0,0,0,0.24744702733727741,red,False,False,0,0,6,0
388,0,0,0,0.25143110207333635,red,False,False,0,0,6,0
389,0,0,0,0.5390666528421468,red,False,False,0,0,5,0
390,0,0,0,0.5969850971379509,red,False,False,0,0,4,0
391,0,0,0,0.9859974984405264,red,False,False,0,0,5,0
392,0,0,0,1.5266033792639195,yellow,False,False,0,0,6,0
393,0,0,0,1.0745786605255607,unknown,False,False,0,0,7,0
394,0,0,0,0.7268579337829801,unknown,False,False,0,0,8,0
395,0,0,0,0.5146274321818137,unknown,False,False,0,0,6,0
396,0,0,0,0.3573129016977757,unknown,False,False,0,0,7,0
397,0,0,0,0.6349482441881873,unknown,False,False,0,0,6,0
398,0,0,0,1.04706840983004,unknown,False,False,0,0,7,0
399,0,0,0,1.1106187973908486,unknown,False,False,0,0,7,0
400,0,0,0,0.9609692344249763,unknown,False,False,0,0,7,0
401,0,0,0,0.787328732990286,unknown,False,False,0,0,5,0
402,0,0,0,0.47602916178178156,yellow,False,False,0,0,5,0
403,0,0,0,0.24302343073447533,green,False,False,0,0,6,0
404,0,0,0,0.26530632307316115,unknown,False,False,0,0,5,0
405,0,0,0,0.18551380695904587,unknown,False,False,0,0,2,0
406,0,0,0,0.1594792176286969,unknown,False,False,0,0,2,0
407,0,0,0,0.2984228450970191,unknown,False,False,0,0,3,0
408,0,0,0,0.5151127169179172,unknown,False,False,0,0,3,0
409,0,0,0,1.018925844394735,unknown,False,False,0,0,4,0
410,0,0,0,0.5178405061479133,unknown,False,False,0,0,5,0
411,0,0,0,0.307075957390373,unknown,False,False,0,0,7,0
412,0,0,0,0.5119945065423273,green,False,False,0,0,3,0
413,0,0,0,0.4532891844721026,unknown,False,False,0,0,9,0
414,0,0,0,0.6242385809611775,green,False,False,0,0,5,0
415,0,0,0,0.5217848241308288,unknown,False,False,0,0,5,0
416,0,0,0,0.13952742922919015,green,False,False,0,0,5,0
417,0,0,0,0.07778886415775667,green,False,False,0,0,3,0
418,0,0,0,0.16483553600694323,green,False,False,0,0,6,0
419,0,0,0,0.26420920807598,unknown,False,False,0,0,2,0
420,0,0,0,1.3542394878414337,green,False,False,0,0,4,0
421,0,0,0,0.9503305931964316,red,False,False,0,0,4,0
422,0,0,0,0.43058316533319524,unknown,False,False,0,0,4,0
423,0,0,0,0.3581283743484177,red,False,False,0,0,3,0
424,0,0,0,0.8095648790387374,unknown,False,False,0,0,5,0
425,0,0,0,1.3344406772169282,yellow,False,False,0,0,7,0
426,0,0,0,1.459058697032008,unknown,False,False,0,0,12,0
427,0,0,0,0.8558456474817058,unknown,False,False,0,0,11,0
428,0,0,0,0.7408206738829589,unknown,False,False,0,0,12,0
429,0,0,0,0.7959721558891363,unknown,False,False,0,0,10,0
430,0,0,0,0.8070233658586434,unknown,False,False,0,0,9,0
431,1,0,1,1.0250199539868223,unknown,False,False,1,0,8,0
432,1,1,2,0.9753504591347844,unknown,False,False,3,0,7,0
433,1,0,1,0.9707502028888766,unknown,False,False,3,0,9,0
434,3,0,3,0.8038966035812384,yellow,False,False,2,0,9,0
435,0,2,2,0.7805849025685639,red,False,False,2,0,11,0
436,1,1,2,0.8776756565769485,unknown,False,False,2,0,10,0
437,2,0,2,0.9384441727430486,unknown,False,False,0,0,10,0
438,2,0,2,0.9230370443196119,unknown,False,False,0,0,10,0
439,0,0,0,0.904761562901077,unknown,False,False,0,0,7,0
440,0,0,0,1.1297609413851704,unknown,False,False,0,0,7,0
441,0,0,0,1.1583072231113594,unknown,False,False,0,0,11,0
442,0,0,0,1.0667278515286036,unknown,False,False,0,0,12,0
443,1,0,1,1.3483807071053289,unknown,False,False,1,0,10,0
444,0,1,1,0.8407861257634104,unknown,False,False,1,0,14,0
445,1,0,1,0.7207911981492008,unknown,False,False,1,0,11,0
446,1,0,1,0.6464804940233796,unknown,False,False,0,0,6,0
447,0,0,0,0.5486901735544263,unknown,False,False,1,0,7,0
448,1,0,1,0.46361517967088717,unknown,False,False,1,0,6,0
449,1,0,1,0.42679659632684436,unknown,False,False,1,0,6,0
450,0,1,1,0.40418571984776525,unknown,False,False,1,0,7,0
451,0,1,1,0.38238748675270284,unknown,False,False,1,0,6,0
452,2,0,2,0.380176774688628,yellow,False,False,1,0,7,0
453,1,0,1,0.3111312747331737,unknown,False,False,1,0,5,0
454,1,0,1,0.3220762912018558,unknown,False,False,0,0,5,0
455,1,0,1,0.1622311361058388,unknown,False,False,0,0,6,0
456,0,0,0,0.1757996377184492,unknown,False,False,0,0,5,0
457,0,0,0,0.14776265099189642,unknown,False,False,1,1,4,0
458,1,0,1,0.2538005629849278,unknown,False,False,1,1,4,0
459,1,0,1,0.5924059980374692,unknown,False,False,1,1,6,0
460,1,0,1,0.969915832586062,unknown,False,False,1,1,7,0
461,1,0,1,1.0028334552952718,unknown,False,True,1,1,6,0
462,1,0,1,0.7210404349329618,unknown,False,False,1,1,5,0
463,0,1,1,0.8027418264506636,unknown,False,False,1,1,3,0
464,1,1,2,0.47886778522091705,unknown,False,False,1,1,3,0
465,1,0,1,0.17432805736054197,unknown,False,False,1,1,0,0
466,1,0,1,0.15888254228479567,unknown,False,False,1,1,1,1
467,2,0,2,0.6002633908313314,unknown,False,False,2,1,2,0
468,2,0,2,1.258580694378849,unknown,False,False,1,1,4,0
469,2,0,2,1.2452944530370034,unknown,False,False,1,1,4,0
470,1,0,1,1.264114160913768,unknown,False,True,0,1,4,0
471,1,0,1,1.1138920432361148,unknown,False,True,0,1,5,0
472,0,0,0,1.1837805667290937,unknown,False,False,1,1,6,0
473,0,0,0,0.9760705818450238,unknown,False,True,0,2,6,0
474,0,0,0,0.5416682256871419,red,False,True,0,0,8,0
475,0,0,0,0.5257531517743498,red,False,True,0,1,9,0
476,0,0,0,0.48352781070618933,unknown,False,True,0,1,7,0
477,0,0,0,0.42261453807578075,unknown,False,False,0,0,8,0
478,0,0,0,0.5348747992201932,unknown,False,False,0,1,8,0
479,0,0,0,0.6497976067708298,unknown,False,False,0,0,8,0
480,0,0,0,0.749383048171789,unknown,False,True,0,0,10,0
481,0,0,0,0.9764938577000639,unknown,False,False,0,0,10,0
482,0,0,0,0.8014952930763092,unknown,False,False,0,0,10,0
483,0,0,0,0.6858298258048509,unknown,False,False,0,0,10,0
484,0,0,0,0.6702122627989926,unknown,False,False,0,0,10,0
485,0,0,0,0.6741023767585586,unknown,False,False,0,0,5,0
486,0,0,0,0.5914230121042612,unknown,False,False,0,0,7,1
487,0,1,1,0.7968638013369135,unknown,False,False,1,0,12,0
488,1,1,2,0.9021230255713019,unknown,False,False,3,0,8,0
489,2,0,2,0.825465634864894,red,False,False,1,0,9,0
490,1,0,1,0.8322556546693638,unknown,False,False,1,0,3,0
491,0,1,1,0.9077433146835401,unknown,False,False,1,0,8,0
492,1,1,2,0.765363183204808,unknown,False,False,1,0,4,0
493,1,0,1,0.5250839688503597,unknown,False,False,0,0,4,2
494,0,0,0,0.6000796085017348,unknown,False,False,0,0,2,0
495,2,0,2,0.413361428442783,unknown,False,False,3,0,0,0
496,3,0,3,0.0,unknown,False,False,2,0,0,0
497,2,1,3,0.15201863660610607,unknown,False,False,3,0,1,0
498,2,1,3,0.20408974339883654,unknown,False,False,3,0,1,0
499,2,0,2,0.21622512279000083,unknown,False,False,0,0,2,0
500,2,0,2,0.32204702470232327,unknown,False,False,0,0,2,0
501,0,0,0,0.7759498615842622,unknown,False,False,0,0,4,0
502,0,0,0,0.678243311161734,unknown,False,False,0,0,3,0
503,0,0,0,0.864202615007056,yellow,False,False,0,0,7,0
504,0,0,0,0.9407214711632209,unknown,False,False,0,0,4,0
505,0,0,0,0.8473537428877617,green,False,False,0,0,7,0
506,0,0,0,0.6961080038963497,unknown,False,False,0,0,6,0
507,0,0,0,0.5196585871730199,unknown,False,False,0,0,9,0
508,0,0,0,0.4732322868777908,red,False,False,0,0,7,0
509,0,0,0,0.3427321246685241,unknown,False,False,0,0,3,0
510,0,0,0,0.25722744727806,unknown,False,False,0,1,2,0
511,0,0,0,0.3800476628794673,unknown,False,False,0,0,3,0
512,0,0,0,0.7748028996176284,red,False,False,0,0,3,0
513,1,0,1,0.9625445800642863,unknown,False,False,1,0,7,0
514,0,1,1,1.0517729913520948,unknown,False,False,1,0,8,0
515,1,0,1,1.130544746276706,unknown,False,False,0,0,9,0
516,1,0,1,1.4277162682728992,unknown,False,False,0,0,9,0
517,0,0,0,0.85559271108842,unknown,False,False,0,0,7,0
518,0,0,0,0.692880220152174,unknown,False,False,0,0,7,0
519,0,0,0,0.8146334184971998,unknown,False,False,0,0,9,0
520,0,1,1,1.4105851632366213,unknown,False,False,1,0,7,0
521,1,1,2,1.4259166792599098,unknown,False,False,1,0,6,0
522,1,0,1,1.681203587046502,unknown,False,False,0,0,6,0
523,0,0,0,1.4869445327007902,unknown,False,False,0,0,11,0
524,1,0,1,0.800130096960405,green,False,False,0,0,10,0
525,0,1,1,0.8846691081581273,red,False,False,1,0,13,0
526,1,0,1,1.1194319692836403,yellow,False,False,0,0,18,0
527,1,0,1,1.2091660446545354,unknown,False,False,0,0,16,0
528,0,0,0,1.2833935437985005,unknown,False,False,1,0,18,0
529,1,0,1,1.0512791199057592,unknown,False,False,1,0,15,0
530,0,1,1,0.9447100213410764,unknown,False,False,0,0,17,0
531,1,0,1,1.0322712648815562,unknown,False,False,0,0,13,0
532,1,0,1,0.9355945659050068,unknown,False,False,1,0,10,0
533,0,1,1,0.7393898003028045,unknown,False,False,1,0,9,0
534,1,0,1,0.6977009284940774,unknown,False,False,0,0,6,0
535,0,0,0,0.7841508036459579,unknown,False,False,0,0,6,0
536,0,0,0,0.5465319693595673,unknown,False,False,1,0,3,0
537,0,0,0,0.5460281234006995,unknown,False,False,0,0,4,0
538,0,0,0,0.37503144158629986,yellow,False,False,0,0,4,0
539,0,0,0,0.3204627911564744,unknown,False,False,0,0,5,0
540,0,0,0,0.27984304711000235,red,False,False,0,0,6,0
541,0,0,0,0.5883048013557308,unknown,False,False,0,0,7,0
542,0,0,0,0.8906543637462643,red,False,False,0,0,7,0
543,0,0,0,0.8999572671837274,red,False,False,0,0,5,0
544,0,0,0,0.4916585393870217,red,False,False,0,0,5,0
545,0,0,0,0.2539767720586097,unknown,False,False,0,0,3,0
546,0,0,0,0.13446023616145425,red,False,False,0,0,2,0
547,0,0,0,0.14791655259544764,unknown,False,False,0,0,3,0
548,0,0,0,0.11799363726658725,red,False,False,0,0,2,0
549,0,0,0,0.1455166168541309,red,False,False,0,0,4,0
550,0,0,0,0.2687016621304047,red,False,False,0,0,4,0
551,0,0,0,0.4788927828953849,green,False,False,0,0,6,0
552,0,0,0,0.9347021156517568,red,False,False,0,0,8,0
553,0,0,0,1.2453966519627677,red,False,False,1,0,5,0
554,0,0,0,1.0227674753183333,red,False,False,0,0,5,0
555,0,0,0,0.7544080448153776,red,False,False,0,0,7,0
556,0,0,0,0.6672759275846686,red,False,False,0,0,6,0
557,0,0,0,0.6252026318063275,red,False,False,0,0,6,0
558,0,0,0,0.4976952159205746,red,False,False,0,0,5,0
559,0,0,0,0.5918430140260893,red,False,True,0,0,8,0
560,0,0,0,0.5129535565228301,unknown,False,True,0,0,9,0
561,0,0,0,0.69894229751824,red,False,False,0,0,7,0
562,0,0,0,0.7263220405678393,red,False,False,0,0,7,0
563,0,0,0,0.827627922364056,red,False,False,0,0,8,0
564,0,0,0,0.7153272542286672,unknown,False,False,0,0,7,0
565,0,0,0,0.6318766339883806,red,False,False,0,0,7,0
566,0,0,0,0.36106689591478647,red,False,False,0,0,8,0
567,0,0,0,0.5247104441356782,unknown,False,False,0,0,7,0
568,0,0,0,0.30603390930789326,green,False,False,0,0,6,0
569,0,0,0,0.36934886158345004,unknown,False,False,0,0,11,0
570,0,0,0,0.545349737215904,unknown,False,False,0,0,6,0
571,0,0,0,0.8451564882125149,unknown,False,False,0,0,5,0
572,0,0,0,0.6567784696804848,yellow,False,False,0,0,8,0
573,0,0,0,0.7092612506181452,red,False,False,0,0,6,0
574,0,0,0,0.5781259847651501,yellow,False,False,0,0,9,0
575,0,0,0,0.6483333857762467,red,False,False,0,0,6,0
576,0,0,0,1.00535508694653,red,False,False,0,0,8,0
577,0,0,0,0.624743576543383,red,False,False,0,0,8,0
578,0,0,0,0.46972016206637823,red,False,False,0,0,8,0
579,0,0,0,0.49496681191281017,red,False,False,0,0,7,0
580,0,0,0,0.6694501588314422,unknown,False,False,0,0,3,0
581,0,0,0,0.8506502970482996,unknown,False,False,0,0,3,0
582,0,0,0,0.9209936926612015,yellow,False,False,0,0,11,0
583,0,0,0,0.901789046654711,unknown,False,False,0,0,8,0
584,0,0,0,0.861042081128913,unknown,False,False,0,0,7,0
585,0,0,0,1.2159090978644462,unknown,False,False,0,0,5,0
586,0,0,0,1.246336479990696,unknown,False,False,0,0,6,0
587,0,0,0,1.085407106837556,unknown,False,False,0,0,4,0
588,0,0,0,0.716485807511757,unknown,False,False,0,0,2,0
589,0,0,0,0.6761201854405975,unknown,False,False,0,0,3,0
590,0,0,0,0.7124856881102163,unknown,False,False,0,0,7,0
591,0,0,0,0.721761905918014,unknown,False,False,0,0,4,0
592,0,0,0,0.8615049677456511,red,False,False,0,0,3,0
593,0,0,0,0.777961074574093,yellow,False,False,0,0,3,0
594,0,0,0,0.44582173425030636,yellow,False,False,0,0,3,0
595,0,0,0,0.27981696672462475,yellow,False,False,0,0,4,0
596,0,0,0,0.2869924774079383,red,False,False,0,0,2,0
597,0,0,0,0.2241692112521004,red,False,False,0,0,2,0
598,0,0,0,0.2862765588671784,red,False,False,0,0,1,0
599,0,0,0,0.40577316259523316,red,False,False,0,0,1,0
600,0,0,0,0.3510152672796611,red,False,False,0,0,0,0
601,0,0,0,0.3044198321270225,red,False,False,0,0,1,0
602,0,0,0,0.5998455028723637,red,False,True,0,0,1,0
603,0,0,0,0.3033237325393218,yellow,False,False,1,0,1,0
604,1,0,1,0.5638829470158441,unknown,False,True,1,1,3,0
605,0,1,1,1.0434442434574245,unknown,False,False,1,0,7,0
606,1,0,1,1.2505456183123926,unknown,False,False,0,0,8,0
607,0,0,0,1.3849785397302523,unknown,False,False,0,0,6,0
608,0,0,0,1.263658775211476,unknown,False,False,0,0,7,0
609,0,0,0,1.4116393517173247,unknown,False,False,0,0,8,0
610,0,0,0,0.9499918259063592,yellow,False,False,0,0,9,0
611,0,0,0,0.846173125711951,unknown,False,False,0,0,7,0
612,0,0,0,0.6601102120660796,unknown,False,False,0,0,8,0
613,0,0,0,0.8621475914739054,unknown,False,False,0,0,8,0
614,0,1,1,1.281392621432664,yellow,False,False,1,0,9,0
615,0,1,1,1.6581382520081893,red,False,False,1,0,9,0
616,1,0,1,0.8304423119130644,green,False,False,0,0,11,0
617,0,0,0,0.7838573529942358,unknown,False,True,1,0,8,0
618,1,1,2,0.9858877368142348,red,False,True,2,0,10,0
619,2,0,2,1.2396108713120964,unknown,False,True,0,0,8,0
620,0,0,0,1.0384306549073234,unknown,False,False,0,0,10,0
621,0,0,0,1.2024080499186347,unknown,False,False,2,0,14,0
622,2,1,3,0.8469903770043683,unknown,False,False,2,0,13,0
623,1,2,3,0.7092359027712198,unknown,False,False,2,0,9,0
624,4,0,4,1.2243031337888473,unknown,False,False,1,0,11,0
625,2,0,2,1.3251940713509698,unknown,False,False,0,0,10,0
626,0,0,0,1.0950491022277185,unknown,False,False,0,0,9,0
627,0,0,0,1.3387083077705975,unknown,False,False,2,0,8,0
628,0,2,2,1.0821230649212177,unknown,False,False,2,0,8,0
629,2,0,2,1.3099077364619827,unknown,False,False,1,0,4,0
630,0,0,0,0.9810078844571798,red,False,False,0,0,7,0
631,1,0,1,0.7133202065732707,unknown,False,False,1,0,4,0
632,0,1,1,1.0524053975411032,unknown,False,True,0,0,3,0
633,0,0,0,1.2658322545930303,unknown,False,False,0,0,3,0
634,0,0,0,0.980836254374784,unknown,False,False,0,0,10,1
635,1,0,1,0.9932661195835475,unknown,False,False,1,0,8,0
636,0,1,1,0.822640807020104,unknown,False,False,1,0,6,0
637,1,0,1,0.9262896300965024,unknown,False,False,1,0,7,0
638,1,0,1,0.7873720890269075,unknown,False,False,0,0,7,0
639,0,0,0,0.8114707057991326,unknown,False,False,0,0,6,0
640,0,0,0,0.7407140288747036,unknown,False,False,0,0,4,0
641,0,0,0,0.6231450820053188,unknown,False,False,0,0,5,0
642,1,0,1,0.5149691300452655,unknown,False,False,1,0,2,0
643,1,0,1,0.3767750388842135,unknown,False,False,0,0,2,0
644,0,0,0,0.3958402624691716,unknown,False,False,0,0,6,0
645,1,0,1,0.2696395103695038,unknown,False,False,2,0,5,0
646,3,0,3,0.582066189363089,unknown,False,False,4,0,7,0
647,2,2,4,0.8247248845062808,red,False,True,3,0,5,0
648,4,0,4,0.3331182672865165,red,False,True,3,0,7,0
649,3,0,3,0.28265891079562183,unknown,False,False,3,0,5,0
650,3,0,3,0.16845871899062467,green,False,True,2,0,5,0
651,3,0,3,0.3944785858032668,red,False,True,2,1,6,0
652,3,0,3,0.800985582805968,red,False,True,3,1,6,0
653,3,0,3,0.5640917715102584,unknown,False,True,1,0,5,0
654,2,0,2,0.19584517392672354,unknown,False,True,1,0,6,0
655,1,0,1,0.3606929047132177,red,False,True,1,0,9,0
656,1,0,1,0.5237798811251936,red,False,True,1,0,7,0
657,1,0,1,0.441744264940639,red,False,False,1,0,9,0
658,1,0,1,0.6055215739922104,red,False,True,2,1,7,0
659,2,0,2,0.6261930605263946,red,False,True,2,0,6,0
660,2,0,2,0.4189651289720672,red,False,True,2,1,7,0
661,2,0,2,0.531450946718489,red,False,True,2,1,6,0
662,3,0,3,0.6690230023493318,red,False,True,3,1,6,0
663,3,0,3,0.3546683339470288,red,False,True,1,1,5,0
664,3,0,3,0.17228742104685815,red,False,True,2,0,2,0
665,3,0,3,0.18319050980960488,red,False,True,2,0,4,0
666,3,0,3,0.10462020574532276,red,False,True,2,0,4,0
667,3,0,3,0.09610227492216225,red,False,True,2,0,3,0
668,3,0,3,0.11279056902681149,red,False,False,2,0,1,0
669,2,0,2,0.2598349853914211,red,False,False,1,0,2,0
670,2,0,2,0.22313050697050413,red,False,True,2,1,4,0
671,2,0,2,0.27317964312865456,red,False,True,0,0,3,0
672,2,0,2,0.39307930197319707,green,False,True,1,0,4,0
673,0,0,0,0.6596352793950078,red,False,True,1,1,2,0
674,0,0,0,1.0814418757437865,unknown,False,True,0,0,6,0
675,0,0,0,1.245659445781513,unknown,False,False,0,0,8,0
676,0,0,0,1.2074416424973946,unknown,False,False,0,0,8,0
677,0,0,0,1.1332506532893096,unknown,False,False,0,1,6,0
678,0,0,0,0.9919593400591277,unknown,False,False,0,0,7,0
679,0,0,0,0.7498212042498811,unknown,False,False,0,0,8,0
680,0,0,0,0.5353626776571913,unknown,False,False,0,0,7,0
681,0,0,0,0.5987759237525804,unknown,False,False,0,0,6,0
682,0,0,0,1.122765567036294,unknown,False,False,0,0,7,0
683,0,0,0,1.0810552440907202,unknown,False,False,0,0,5,0
684,0,0,0,0.9488466396097173,unknown,False,False,0,0,6,0
685,0,1,1,0.9764486107077606,unknown,False,False,3,0,4,0
686,3,0,3,0.9283047135663183,green,False,False,2,0,6,0
687,2,0,2,0.7839739163857244,unknown,False,False,0,0,9,0
688,1,0,1,0.8755773853951329,unknown,False,False,0,0,11,0
689,0,0,0,1.201256855851151,unknown,False,False,0,0,9,0
690,0,0,0,1.617471857036037,unknown,False,False,0,0,11,0
691,0,0,0,1.5775364837898518,unknown,False,False,1,0,9,0
692,0,1,1,1.3521330424502374,unknown,False,False,1,0,14,0
693,0,1,1,1.2976267640303918,unknown,False,False,0,0,12,0
694,0,0,0,1.1608145153570748,unknown,False,False,0,0,14,0
695,0,0,0,1.2725017253662834,unknown,False,False,0,0,12,0
696,0,0,0,1.3531290631122712,unknown,False,False,0,0,11,0
697,0,0,0,1.3970861762660038,unknown,False,False,0,0,11,0
698,1,0,1,1.1407783584195448,unknown,False,False,1,0,6,0
699,1,0,1,0.47353285494242425,red,False,False,1,0,8,0
700,1,0,1,0.599814203633094,yellow,False,False,1,0,12,0
701,1,0,1,0.5677933430008055,red,False,False,1,0,7,0
702,1,0,1,0.808787960609571,red,False,False,1,0,8,0
703,1,0,1,0.5251225108207563,red,False,False,0,0,7,0
704,1,0,1,0.2347905479403361,red,False,False,0,0,7,0
705,0,0,0,0.2983908175850334,red,False,False,0,0,5,0
706,0,0,0,0.5371722174246475,red,False,False,1,0,5,0
707,1,0,1,0.4602819234028701,red,False,False,0,0,6,0
708,0,0,0,0.7057865240197011,red,False,False,1,0,12,0
709,0,0,0,0.4665238885848514,red,False,True,0,0,11,0
710,0,0,0,0.4417437301077324,red,False,False,0,0,7,0
711,0,0,0,0.40881819653448276,red,False,False,0,0,14,0
712,0,0,0,0.3979134770727962,red,False,False,0,0,12,0
713,0,0,0,0.32824819117285575,red,False,False,0,0,8,0
714,0,0,0,0.40631448013654525,red,False,False,0,0,9,0
715,0,0,0,0.20503019351310983,red,False,False,0,0,12,0
716,0,0,0,0.2853443495327234,red,False,False,0,0,13,0
717,0,0,0,0.35274830975658295,red,False,False,0,0,10,0
718,0,0,0,0.5542312671052139,red,False,False,0,0,7,0
719,0,0,0,0.6571474938739178,green,False,True,0,0,8,0
720,0,0,0,0.5545561693918555,unknown,False,False,0,0,9,0
721,0,0,0,0.685228099097335,unknown,False,False,0,0,7,0
722,0,0,0,0.9079014371495662,unknown,False,False,0,0,6,0
723,0,0,0,1.0727485835768078,unknown,False,False,0,0,5,0
724,0,0,0,1.1036746836576032,unknown,False,False,0,0,10,0
725,0,0,0,0.9420246010409098,unknown,False,False,0,0,10,0
726,0,0,0,1.2372947742708442,unknown,False,False,0,0,6,0
727,0,0,0,1.4851105400742393,unknown,False,True,0,0,6,0
728,0,0,0,0.8714632773934119,unknown,False,False,0,0,8,0
729,0,0,0,0.6250790083694285,unknown,False,False,0,0,9,0
730,1,0,1,1.1720074709062631,unknown,False,False,1,0,9,0
731,4,0,4,1.1904574366384164,unknown,False,False,3,0,8,0
732,2,3,5,1.0095761857405383,unknown,False,False,5,0,9,0
733,4,1,5,0.8290241899160133,green,False,False,3,0,7,0
734,4,0,4,0.6951221462299728,unknown,False,False,0,0,3,0
735,3,0,3,0.7407923579555046,unknown,False,True,0,0,2,0
736,0,0,0,0.5022293736682826,unknown,False,False,0,0,3,0
737,0,0,0,0.5228764314070475,unknown,False,False,0,0,2,0
738,0,0,0,0.7341785242515796,unknown,False,False,0,0,2,0
739,0,0,0,1.7690875622217686,unknown,False,False,0,0,1,0
740,0,0,0,2.86843316575293,unknown,False,False,0,0,2,0
741,0,0,0,0.92378582954681,unknown,False,False,0,0,3,0
742,0,0,0,0.3607844982246939,unknown,False,False,0,0,3,0
743,0,0,0,0.9554514381273362,unknown,False,False,0,0,4,0
744,0,0,0,1.3239851111342376,unknown,False,False,0,0,4,0
745,0,0,0,1.1855163691818762,red,False,False,0,0,5,0
746,0,0,0,0.7590246305776478,green,False,False,0,0,9,0
747,0,0,0,0.797294227490254,unknown,False,False,0,0,11,0
748,0,0,0,0.880382173382802,red,False,False,0,0,6,0
749,0,0,0,1.049437874733569,unknown,False,False,0,0,7,0
750,0,0,0,1.3079463821787336,unknown,False,False,0,0,9,0
751,0,0,0,1.3717888625641386,unknown,False,False,0,0,8,0
752,0,0,0,1.1632605741910307,unknown,False,False,0,0,5,0
753,0,0,0,0.734798560235026,unknown,False,False,0,0,4,0
754,0,0,0,0.578404665481476,unknown,False,False,0,0,1,0
755,0,0,0,0.6097558088493493,unknown,False,False,2,0,0,0
756,0,1,1,0.0,unknown,False,False,3,0,1,0
757,2,0,2,0.8098160968133411,unknown,False,False,1,0,2,0
758,2,0,2,1.5583513542040552,unknown,False,False,0,0,1,0
759,2,0,2,2.0321006536684894,unknown,False,False,0,0,2,0
760,0,0,0,0.8586707982039672,unknown,False,False,0,0,2,0
761,0,0,0,0.4390612510086787,unknown,False,False,0,0,3,0
762,1,0,1,0.46565750527844507,unknown,False,False,1,0,3,0
763,1,0,1,0.7318989960328925,unknown,False,True,1,0,1,0
764,1,0,1,0.28850208256144977,unknown,False,False,1,0,4,0
765,1,0,1,0.3120381619969361,unknown,False,False,1,0,2,0
766,1,0,1,0.4934909003300785,red,False,False,2,0,1,0
767,1,0,1,1.111172246552561,red,False,False,1,0,1,0
768,1,0,1,2.7220982977259798,unknown,False,False,2,0,1,0
769,1,0,1,1.4260437618372201,red,False,False,0,0,3,0
770,2,0,2,0.5630050167995236,red,False,False,2,0,1,0
771,1,0,1,0.3235899883331253,yellow,False,False,1,0,1,0
772,1,0,1,0.245763536033706,unknown,False,False,1,0,1,0
773,2,0,2,0.27684828261894423,red,False,False,1,0,2,0
774,1,0,1,0.3379825427733746,green,False,False,1,0,2,0
775,1,0,1,0.7071880971832578,yellow,False,False,0,0,2,0
776,1,0,1,1.3392267123695958,unknown,False,False,0,0,2,0
777,1,0,1,1.8297874068211288,unknown,False,False,0,0,2,0
778,0,0,0,1.6578293170312381,unknown,False,False,0,0,2,0
779,0,0,0,0.8027869052227015,unknown,False,False,0,0,3,0
780,0,0,0,0.30781648194013095,unknown,False,False,0,1,2,0
781,0,0,0,0.3187625623244828,unknown,False,False,0,0,3,0
782,0,0,0,0.5175344530321455,unknown,False,False,0,0,3,0
783,0,0,0,0.8428199150284381,unknown,False,False,0,0,3,0
784,0,0,0,0.9608904884972419,unknown,False,False,0,0,2,0
785,0,0,0,0.8466674723792508,red,False,False,0,0,3,0
786,0,0,0,0.6695217943689599,yellow,False,False,0,0,2,0
787,0,0,0,0.7309181536051779,yellow,False,False,0,0,6,0
788,0,0,0,0.8735957607126078,yellow,False,False,0,0,8,0
789,0,0,0,0.633558793235721,unknown,False,False,0,0,10,0
790,0,0,0,0.6008767353245515,unknown,False,False,0,0,11,0
791,0,0,0,0.7604396275876685,unknown,False,False,0,0,11,0
792,0,0,0,1.1111640066646569,unknown,False,False,0,0,11,0
793,0,0,0,1.0922870048876692,unknown,False,False,0,0,12,0
794,0,0,0,1.049272746295214,unknown,False,False,0,0,9,0
795,0,0,0,1.153354420127621,unknown,False,False,0,0,8,0
796,0,0,0,1.010784378879122,unknown,False,False,0,0,9,0
797,0,0,0,0.8858725255707511,unknown,False,False,0,0,5,0
798,0,0,0,0.8200537716645704,yellow,False,False,0,0,4,0
799,0,0,0,0.42382819501985747,unknown,False,False,0,0,3,0
800,0,0,0,0.3572018534220441,unknown,False,False,0,0,3,0
801,0,0,0,0.11393826619069272,green,False,False,1,0,4,0
802,0,0,0,0.31305190662531485,unknown,False,False,1,0,4,0
803,1,0,1,0.262171871973442,green,False,False,2,0,6,0
804,1,0,1,0.2350786632954967,green,False,False,0,0,4,0
805,0,0,0,0.26404364379160233,unknown,False,False,1,0,4,0
806,0,0,0,0.30955234616752597,unknown,False,False,0,0,3,0
807,0,0,0,0.6007413767284019,unknown,False,False,0,0,6,0
808,1,0,1,0.30271423101391554,green,False,False,1,0,4,0
809,1,0,1,0.40322253770940175,unknown,False,False,0,0,5,0
810,0,0,0,0.23320006179660493,unknown,False,False,1,0,7,0
811,1,0,1,0.3126910555626381,green,False,False,1,0,7,0
812,1,0,1,0.32858637044014877,red,False,False,2,0,5,0
813,1,0,1,0.3327489002794687,unknown,False,False,1,0,3,0
814,1,0,1,0.734637766534072,red,False,False,2,0,3,1
815,1,0,1,0.8761602235428801,yellow,False,True,1,2,1,0
816,1,0,1,0.679300586642979,yellow,False,False,2,1,1,0
817,1,0,1,0.16019136939117742,yellow,False,False,1,2,1,0
818,1,0,1,0.2024923527482978,yellow,False,False,1,2,0,0
819,1,0,1,0.17006755620808003,unknown,False,False,0,2,0,0
820,0,0,0,0.0,unknown,False,False,0,2,0,0
821,0,0,0,0.0,unknown,False,False,0,2,0,0
822,0,0,0,0.29563050682666686,unknown,False,False,0,2,1,0
823,0,0,0,0.25102921601030515,unknown,False,False,0,0,0,0
824,0,0,0,0.08996275252334363,unknown,False,False,0,0,1,0
825,0,0,0,0.38348781501532536,unknown,False,False,0,1,2,0
826,0,0,0,0.42036411452561506,unknown,False,False,0,1,3,0
827,1,0,1,0.8067494757659471,unknown,False,False,0,1,5,0
828,1,0,1,1.1357375720938252,unknown,False,False,0,1,6,0
829,1,0,1,1.2328719389175997,unknown,False,False,0,0,8,0
830,0,0,0,1.1927026342649156,unknown,False,False,0,0,9,0
831,0,0,0,1.118012565310168,unknown,False,False,0,0,6,0
832,0,0,0,0.6807371666313046,unknown,False,False,0,1,9,0
833,0,0,0,0.6621127376032203,unknown,False,False,0,0,11,0
834,0,0,0,0.7672020427913587,unknown,False,False,0,0,9,0
835,0,0,0,1.1607035870511166,unknown,False,False,0,0,9,0
836,0,0,0,0.6441461370461015,unknown,False,False,1,0,6,0
837,0,0,0,1.3128300477763246,unknown,False,False,0,0,11,0
838,0,0,0,1.137476417926116,unknown,False,False,0,0,13,0
839,0,0,0,1.0828502694649906,unknown,False,False,1,0,15,0
840,1,0,1,1.1964458047079631,unknown,False,False,1,0,15,0
841,1,0,1,1.161584344626667,unknown,False,False,0,1,14,0
842,0,0,0,1.0157109561696291,unknown,False,False,0,1,12,0
843,0,0,0,0.7704057025570705,unknown,False,False,0,1,12,0
844,0,0,0,0.47898437229906654,yellow,False,False,0,1,11,0
845,0,0,0,0.32598726242845294,unknown,False,False,0,1,11,0
846,0,0,0,0.31628935174725514,unknown,False,False,0,1,10,0
847,0,0,0,0.24739003686934405,unknown,False,False,0,0,14,0
848,0,0,0,0.2970380865151643,unknown,False,False,0,0,12,0
849,0,0,0,0.39970867170396013,unknown,False,False,0,0,13,0
850,0,0,0,0.6104008577622132,unknown,False,False,0,0,15,0
851,0,0,0,0.6743154095309982,unknown,False,False,0,0,14,0
852,0,0,0,0.8518532000638145,unknown,False,False,0,0,14,0
853,0,0,0,0.8328806609117041,unknown,False,False,0,0,16,0
854,0,0,0,0.8198118324794751,unknown,False,False,0,0,13,0
855,0,0,0,0.8406017580911294,unknown,False,False,0,0,9,0
856,0,0,0,0.5052390189570151,unknown,False,False,0,0,6,0
857,0,0,0,0.5470393218988775,unknown,False,False,0,0,7,0
858,0,0,0,0.806127792001845,unknown,False,False,1,0,8,0
859,1,0,1,0.6428673743767879,unknown,False,False,1,0,9,0
860,1,0,1,0.7339522435670934,unknown,False,False,1,0,9,0
861,0,0,0,0.8222361030101968,unknown,False,False,0,0,8,0
862,0,0,0,1.058956878465797,unknown,False,False,0,0,7,0
863,0,0,0,0.9637958706300369,unknown,False,False,0,0,6,0
864,0,1,1,0.8252286853297177,unknown,False,False,2,1,6,0
865,1,1,2,0.7229917846436017,unknown,False,False,3,3,7,0
866,1,1,2,1.453493599549633,unknown,False,False,1,1,3,0
867,2,0,2,0.6878756205615226,unknown,False,False,1,1,4,0
868,1,0,1,0.5323224887356479,unknown,False,False,0,1,3,0
869,0,0,0,1.4624020272711664,red,False,False,0,0,2,0
870,0,0,0,0.7471948093261269,red,False,False,0,0,5,0
871,0,0,0,0.5625439895474093,red,False,False,0,0,8,0
872,0,0,0,0.37050597632403043,red,False,False,0,0,8,0
873,0,0,0,0.3212672760414387,yellow,False,False,0,0,8,0
874,0,0,0,0.5667857264630368,yellow,False,False,0,0,6,0
875,1,0,1,0.6176539265185086,unknown,False,False,1,0,6,0
876,1,0,1,0.6470330821442324,unknown,False,False,1,0,7,0
877,1,0,1,0.6681565492234671,unknown,False,False,1,0,8,0
878,1,0,1,0.8621023226970239,unknown,False,False,0,0,10,0
879,0,0,0,1.159788419659181,unknown,False,False,0,0,9,0
880,0,0,0,1.037292812792238,unknown,False,False,0,0,12,0
881,0,0,0,1.1393641947759587,unknown,False,False,0,0,10,0
882,0,0,0,1.2268797302489143,unknown,False,False,0,0,12,1
883,1,0,1,1.0499687449775668,unknown,False,False,0,0,8,0
884,2,0,2,0.7190807016697544,red,False,False,2,0,6,0
885,2,0,2,0.6143523228425611,yellow,False,True,1,0,3,0
886,2,0,2,0.3885181951958585,red,False,False,0,0,2,0
887,0,0,0,0.41139527619575356,red,False,False,0,0,3,0
888,0,0,0,0.46235522678810864,yellow,False,False,0,0,2,0
889,0,0,0,0.4419866141293575,unknown,False,False,0,0,3,0
890,0,0,0,0.5893505128827073,unknown,False,False,0,0,3,0
891,0,0,0,0.6601826674934455,unknown,False,False,0,0,3,0
892,0,0,0,0.9998135755604389,unknown,False,False,0,0,2,0
893,0,0,0,1.547643929727399,unknown,False,False,0,0,1,0
894,2,0,2,0.7545937160418202,unknown,False,False,2,0,0,0
895,0,2,2,0.30373768220880204,unknown,False,False,1,0,0,0
896,3,1,4,0.13225173503884377,unknown,False,False,2,0,0,0
897,2,0,2,0.0,unknown,False,False,2,0,0,0
898,0,0,0,0.0,unknown,False,False,0,0,0,0
899,0,0,0,0.23740389795973035,unknown,False,False,0,0,1,0
900,0,0,0,0.35864327783698163,unknown,False,False,0,0,2,0
901,0,0,0,1.5984384709945125,unknown,False,False,0,0,2,0
902,0,0,0,1.614715785377743,unknown,False,False,0,0,2,0
903,0,0,0,0.911203964378881,yellow,False,False,0,0,2,0
904,0,0,0,1.5357628598328505,unknown,False,False,0,0,3,0
905,0,0,0,1.4368129358790078,unknown,False,False,0,0,1,0
906,0,0,0,0.5364809713861289,unknown,False,False,0,0,0,0
907,0,0,0,0.35045391557411404,unknown,False,False,0,0,2,0
908,0,0,0,0.2920853355182465,unknown,False,False,0,0,1,0
909,0,0,0,0.9528734463740078,unknown,False,False,0,0,1,0
910,0,0,0,1.4422404759747853,unknown,False,False,0,0,1,0
911,1,0,1,1.0875976345064888,unknown,False,False,2,0,2,0
912,2,0,2,0.44552515490011413,yellow,False,False,1,0,0,0
913,1,2,3,0.3717596392000842,unknown,False,False,2,0,0,1
914,2,0,2,0.22365888925534166,unknown,False,True,2,1,1,0
915,2,0,2,0.2400465848217707,unknown,False,True,0,1,0,0
916,2,0,2,1.0291708765822243,unknown,False,False,0,0,1,0
917,0,0,0,2.6441853131936717,unknown,False,False,0,0,1,0
918,0,0,0,1.650655538191007,unknown,False,False,0,0,1,0
919,0,0,0,1.457817076039245,unknown,False,False,0,0,1,0
920,0,0,0,1.4336663239188392,unknown,False,False,0,0,1,0
921,0,0,0,0.46890176177572246,unknown,False,False,0,0,3,0
922,0,0,0,0.9100524888712967,unknown,False,False,0,0,3,0
923,0,0,0,1.3784562172162584,unknown,False,False,0,0,4,0
924,0,0,0,1.5520286030820252,unknown,False,False,0,0,3,0
925,0,0,0,0.8179933773877288,unknown,False,False,0,0,3,0
926,0,0,0,0.8113995180810823,unknown,False,False,0,0,3,0
927,0,0,0,0.6692905277835425,red,False,False,0,0,4,0
928,1,0,1,0.6183839362196055,unknown,False,False,2,0,7,0
929,1,0,1,0.8327261242788001,unknown,False,False,2,0,10,0
930,1,0,1,0.9772913010523131,unknown,False,False,0,0,11,0
931,0,0,0,0.9946317492528128,unknown,False,False,0,0,7,0
932,0,0,0,1.265025305282778,unknown,False,False,0,0,6,0
933,0,0,0,1.18579582001232,unknown,False,False,0,0,4,0
934,0,0,0,0.9375089745722507,unknown,False,False,0,0,4,0
935,0,0,0,0.9166190649345265,unknown,False,False,0,0,4,0
936,0,0,0,0.9740609415260243,unknown,False,False,0,0,5,0
937,0,0,0,0.6236879085836194,unknown,False,False,0,0,4,0
938,0,0,0,0.47395573102166483,unknown,False,False,0,0,5,0
939,2,0,2,0.44912701834029134,green,False,False,1,0,4,0
940,2,0,2,0.3637307747132901,unknown,False,False,3,0,6,0
941,3,0,3,0.27687250274464975,yellow,False,True,2,0,6,0
942,3,0,3,0.26443911051760555,red,False,True,3,0,7,0
943,3,0,3,0.22944687541647804,red,False,True,3,0,7,0
944,2,0,2,0.3404663305845139,unknown,False,True,2,0,9,0
945,2,0,2,0.4456835521830454,red,False,True,1,1,8,0
946,2,0,2,0.634446748718797,unknown,False,True,2,1,8,0
947,2,0,2,0.9707040946487115,red,False,True,2,1,8,0
948,2,0,2,0.3995999800876752,red,False,True,2,1,7,0
949,3,0,3,0.49958359840636796,red,False,True,3,1,7,0
950,4,0,4,0.40275176868366996,red,False,True,2,0,8,0
951,3,0,3,0.29201342789458995,red,False,True,2,2,9,0
952,2,0,2,0.3460989707995094,red,False,True,1,1,7,0
953,3,0,3,0.3948867180626726,red,False,True,1,1,11,0
954,1,0,1,0.5165225142732541,unknown,False,True,1,2,5,0
955,1,0,1,0.6968771980670296,red,False,True,2,2,8,0
956,1,0,1,0.9319791910434405,red,False,True,1,1,8,0
957,1,0,1,0.9210893507433273,red,False,True,1,1,11,0
958,1,0,1,0.7587413175181528,unknown,False,True,1,1,12,0
959,1,0,1,0.7030475113146215,unknown,False,True,1,1,10,0
960,1,0,1,0.6860227012465393,red,False,True,1,1,9,0
961,1,0,1,0.5420061205216091,red,False,True,1,1,9,0
962,2,0,2,0.5362388736570743,red,False,True,3,1,11,0
963,2,0,2,0.7805099124302156,red,False,True,1,1,10,0
964,1,0,1,0.7485677410429405,red,False,True,1,0,7,0
965,1,0,1,0.817717885461848,red,False,False,2,0,11,0
966,2,0,2,0.5658261163623933,red,False,False,1,0,10,0
967,1,0,1,0.669849063165115,red,False,False,1,0,9,0
968,1,0,1,0.577767106574393,red,False,False,1,0,8,0
969,1,0,1,0.5271019736409243,red,False,False,1,0,8,0
970,1,0,1,0.5152641540948272,unknown,False,False,1,0,6,0
971,1,0,1,0.873600567946078,red,False,False,1,0,9,0
972,1,0,1,0.6052683491795214,red,False,False,1,0,7,0
973,1,0,1,0.7330467854884132,unknown,False,False,2,0,5,0
974,2,0,2,0.768730017195874,red,False,False,1,0,5,0
975,2,0,2,0.5419198980487283,red,False,False,1,0,6,0
976,2,0,2,0.5128013228273044,red,False,False,0,0,6,0
977,1,0,1,0.5796494448060896,red,False,False,0,0,5,0
978,0,0,0,0.9194427505121378,unknown,False,False,0,0,4,0
979,0,0,0,1.3931365230095103,unknown,False,False,0,0,4,0
980,0,0,0,0.8670593255799907,unknown,False,False,0,0,6,0
981,0,0,0,0.9935734259632151,unknown,False,False,0,0,6,0
982,0,0,0,1.0679787088902564,unknown,False,False,0,0,5,0
983,0,0,0,0.47393377396207326,unknown,False,False,0,0,3,0
984,0,0,0,0.5318598103710782,unknown,False,False,1,0,4,0
985,0,0,0,0.542432327265783,red,False,True,0,1,6,0
986,2,0,2,0.30868942568468877,unknown,False,False,3,1,3,0
987,3,0,3,0.410522567525174,unknown,False,False,1,1,3,0
988,2,0,2,0.8498345409567984,unknown,False,False,0,1,2,0
989,1,0,1,1.1490004016751174,unknown,False,False,1,1,2,0
990,3,0,3,0.7000423361270315,unknown,False,True,2,1,4,0
991,2,0,2,0.36532861937757355,red,False,True,3,1,4,0
992,1,0,1,0.26056780171867394,red,False,True,2,1,3,0
993,1,0,1,0.21032488674038308,red,False,True,1,1,5,0
994,1,0,1,0.2846351314801138,red,False,True,2,1,8,0
995,1,0,1,0.29214028047524004,red,False,True,0,1,7,0
996,1,0,1,0.6420088124003611,red,False,True,1,1,8,0
997,1,0,1,1.1665447210243363,red,False,True,0,1,14,0
998,0,0,0,1.216848216636187,unknown,False,False,0,1,16,0
999,0,0,0,1.411992204814739,unknown,False,False,0,1,16,0
1000,0,0,0,1.3991631869553036,unknown,False,False,0,1,17,0
1001,0,0,0,1.1405483101832115,unknown,False,False,0,1,14,0
1002,0,0,0,1.1200633354832188,unknown,False,False,0,0,18,0
1003,0,0,0,0.9949437180208095,unknown,False,False,0,0,17,0
1004,0,0,0,0.8536887342818479,unknown,False,False,0,0,14,0
1005,0,0,0,0.9226026859434417,unknown,False,False,0,0,15,0
1006,0,0,0,1.077193505382498,unknown,False,False,0,0,15,0
1007,0,0,0,0.9200521956258376,unknown,False,False,0,0,9,0
1008,0,0,0,0.5972180249706353,unknown,False,False,0,0,9,0
1009,0,0,0,0.48495435196169845,red,False,False,0,0,6,0
1010,0,0,0,0.3853470424107047,red,False,True,0,0,11,0
1011,1,0,1,0.2976065475894291,unknown,False,True,1,0,8,0
1012,1,0,1,0.14420773421975536,unknown,False,False,2,0,9,0
1013,2,0,2,0.1354199724616462,green,False,False,2,0,8,0
1014,2,0,2,0.22353910604395189,unknown,False,False,1,1,8,0
1015,1,0,1,0.4211291173153692,green,False,False,1,1,9,0
1016,1,0,1,0.4899409246988618,unknown,False,False,1,1,14,0
1017,1,0,1,0.47161094208683896,unknown,False,False,1,1,11,0
1018,1,0,1,0.49680576602259197,green,False,False,1,1,7,0
1019,1,0,1,0.8213574891299402,unknown,False,True,1,1,9,0
1020,1,0,1,0.7688514729751169,unknown,False,False,1,1,11,0
1021,1,0,1,0.6322960367076041,unknown,False,False,1,1,13,0
1022,1,0,1,0.5733920801900092,unknown,False,False,1,1,9,0
1023,1,0,1,0.4386834025326491,unknown,False,False,2,1,9,0
1024,3,0,3,0.25765199077960754,green,False,False,2,1,12,0
1025,2,0,2,0.2711825270464978,green,False,True,1,2,9,0
1026,1,0,1,0.24088455688773666,unknown,False,True,1,1,10,0
1027,1,0,1,0.3297195053570077,unknown,False,False,1,1,9,0
1028,1,0,1,0.20286312283863972,green,False,True,1,1,9,0
1029,1,0,1,0.3358185577040352,unknown,False,True,3,1,8,0
1030,2,0,2,0.2583603066024114,unknown,False,False,2,1,9,0
1031,2,0,2,0.22616666306835773,unknown,False,False,3,1,12,0
1032,5,0,5,0.305525477038425,unknown,False,False,5,1,8,0
1033,5,0,5,0.2982441545418766,unknown,False,False,4,1,8,0
1034,4,0,4,0.3204143416315567,unknown,False,False,3,1,7,0
1035,5,0,5,0.24803762345386796,unknown,False,False,5,1,10,0
1036,4,0,4,0.31991291332777033,green,False,False,4,2,10,0
1037,5,0,5,0.6382161269951031,green,False,True,3,1,9,0
1038,3,0,3,0.49807130630064306,green,False,True,3,1,11,0
1039,3,0,3,0.4447048422439898,green,False,False,2,3,11,0
1040,2,0,2,0.46264234457217596,unknown,False,False,2,2,10,0
1041,2,0,2,0.2910153633655299,green,False,False,2,2,8,0
1042,2,0,2,0.43143732448046207,green,False,True,2,2,7,0
1043,2,0,2,0.733113844301805,green,False,True,2,2,8,0
1044,2,0,2,0.46383784406563505,unknown,False,False,1,2,9,0
1045,1,0,1,0.3452811068332474,unknown,False,True,1,2,8,0
1046,1,0,1,0.17921846331130134,red,False,True,4,2,9,0
1047,2,0,2,0.24691288868572908,yellow,False,True,2,1,7,0
1048,2,0,2,0.3852379380564984,yellow,False,True,1,2,9,0
1049,1,0,1,0.46550398893964984,red,False,True,0,1,7,0
1050,0,0,0,0.36708360346055957,red,False,True,1,1,5,0
1051,1,0,1,0.22559658250430534,red,False,True,1,1,6,0
1052,1,0,1,0.1406605901193741,red,False,True,0,1,7,0
1053,0,0,0,0.22165183420649026,red,False,True,0,1,6,0
1054,0,0,0,0.2360997336756919,red,False,True,0,1,7,0
1055,0,0,0,0.4428532479009466,red,False,True,0,1,8,0
1056,0,0,0,0.38971600672210793,red,False,True,0,1,10,0
1057,0,0,0,0.3947851222088365,red,False,True,0,1,15,0
1058,0,0,0,0.5312045614592804,green,False,True,0,1,8,0
1059,0,0,0,0.5865557336262942,red,False,True,0,1,5,0
1060,0,0,0,0.9557468054953617,unknown,False,True,0,1,8,0
1061,0,0,0,1.2372318043699455,green,False,False,0,1,11,0
1062,0,0,0,1.2929417909505803,unknown,False,False,0,1,7,0
1063,0,0,0,1.2343180873364632,unknown,False,False,0,1,10,0
1064,0,0,0,1.1334518288990414,unknown,False,False,0,1,9,0
1065,0,0,0,1.0343819255229143,unknown,False,False,0,1,9,0
1066,0,0,0,0.7843895624698421,unknown,False,False,0,1,8,0
1067,0,0,0,0.7422427092579924,unknown,False,False,1,1,11,0
1068,0,0,0,0.7041216375172556,unknown,False,False,1,0,9,0
1069,0,0,0,0.8175883463016563,unknown,False,False,0,1,12,0
1070,0,0,0,0.8823866990958402,unknown,False,False,1,0,10,0
1071,1,0,1,0.6193185660081193,unknown,False,False,2,1,8,0
1072,2,0,2,0.36568725948438313,unknown,False,False,1,1,9,0
1073,1,0,1,0.3447469153472911,unknown,False,False,0,2,10,0
1074,1,0,1,0.19503285252213412,unknown,False,False,0,2,8,0
1075,1,0,1,0.2960755013234117,unknown,False,False,2,2,6,0
1076,2,0,2,0.244534875047542,unknown,False,False,1,2,7,0
1077,1,0,1,0.3023555939302286,red,False,True,0,2,9,0
1078,1,0,1,0.13072604954067954,red,False,True,0,2,12,0
1079,0,0,0,0.08982521493493091,red,False,True,0,1,9,0
1080,0,0,0,0.19146757135470832,red,False,True,0,1,13,0
1081,0,0,0,0.28377747786172774,unknown,False,True,0,1,6,0
1082,0,0,0,0.46123632163710654,red,False,True,0,1,9,0
1083,0,0,0,0.7730080052210492,red,False,True,0,2,7,0
1084,0,0,0,0.5107240678440712,unknown,False,True,0,2,5,0
1085,0,0,0,0.37088553375321276,red,False,True,1,1,4,0
1086,0,0,0,0.38121715763227965,yellow,False,True,2,0,5,0
1087,1,0,1,0.6389793260989415,unknown,False,True,0,0,11,0
1088,0,0,0,1.0018209399329974,unknown,False,False,0,0,10,0
1089,0,0,0,1.154482026676366,unknown,False,False,0,0,8,0
1090,0,0,0,1.1489318490909697,unknown,False,False,0,0,10,0
1091,0,0,0,1.053466197535743,unknown,False,False,0,0,9,0
1092,0,0,0,0.8999779188567211,unknown,False,False,0,0,9,0
1093,0,0,0,0.6818210428252846,unknown,False,False,0,0,11,0
1094,0,0,0,0.6626850740869653,unknown,False,False,0,0,10,0
1095,0,0,0,0.7763454190164899,unknown,False,False,0,0,7,0
1096,0,0,0,0.8629684433910831,unknown,False,False,0,0,6,0
1097,0,0,0,0.8543953373015356,unknown,False,False,0,0,6,0
1098,0,0,0,0.6276547375107084,red,False,False,0,0,7,0
1099,0,0,0,0.6266916459290502,yellow,False,False,0,0,10,0
1100,0,0,0,0.6331402144620074,yellow,False,False,0,0,6,0
1101,0,0,0,0.9229024471827256,unknown,False,False,0,0,8,0
1102,0,0,0,1.1933640876619076,unknown,False,False,0,0,7,0
1103,0,0,0,1.0414534932833148,unknown,False,False,0,0,7,0
1104,0,0,0,1.164859913367242,unknown,False,False,0,0,7,0
1105,0,0,0,0.6486486908487868,unknown,False,False,0,1,6,0
1106,0,0,0,0.9558782352337502,unknown,False,False,0,0,7,0
1107,0,0,0,1.370694691331007,unknown,False,False,0,0,8,0
1108,0,0,0,0.9603607133664024,unknown,False,False,0,0,8,0
1109,1,0,1,0.9921979359158368,unknown,False,False,0,0,5,0
1110,1,1,2,1.4170380093636425,unknown,False,False,3,0,8,0
1111,4,1,5,0.9331458297901133,unknown,False,False,4,0,6,0
1112,6,1,7,0.8287005924577596,unknown,False,False,6,0,9,0
1113,7,1,8,0.6112266596558789,red,True,False,3,0,10,0
1114,5,0,5,0.5888505983546102,red,True,False,1,0,12,0
1115,2,0,2,0.5674750380851887,yellow,False,False,1,0,8,0
1116,1,0,1,0.592725036137304,red,False,False,0,0,9,0
1117,0,0,0,0.6612856783081186,yellow,False,False,0,0,10,0
1118,0,0,0,0.7552756471180313,unknown,False,False,1,0,6,0
1119,0,1,1,0.9738503011932078,unknown,False,False,2,0,5,0
1120,1,0,1,1.1921454513380496,unknown,False,False,0,0,7,0
1121,0,0,0,1.391819467220499,unknown,False,False,0,0,8,0
1122,0,0,0,0.9489485916869619,unknown,False,False,0,0,8,0
1123,0,0,0,1.0239356804891162,unknown,False,False,0,0,9,0
1124,0,0,0,1.0412165655418046,unknown,False,False,0,0,8,0
1125,0,0,0,0.9462922599474063,unknown,False,False,0,0,9,0
1126,0,0,0,1.030733137595821,unknown,False,False,0,0,8,0
1127,0,0,0,0.833534862813331,yellow,False,False,0,0,5,0
1128,0,0,0,0.6015091155028647,red,False,False,0,0,4,0
1129,0,0,0,0.38954914031253013,yellow,False,False,0,0,6,0
1130,0,0,0,0.3431392049569735,yellow,False,False,0,0,7,0
1131,0,0,0,0.14444458158646226,red,False,False,0,0,6,0
1132,0,0,0,0.2497456513905721,red,False,False,0,0,3,0
1133,0,0,0,0.23725743379543496,red,False,False,0,0,8,0
1134,0,0,0,0.217333313050335,red,False,False,0,0,5,0
1135,0,0,0,0.5091269007777797,red,False,False,0,0,8,0
1136,1,0,1,0.605904917059108,yellow,False,False,0,0,7,0
1137,1,0,1,0.8645369941209518,unknown,False,False,0,0,7,0
1138,0,0,0,0.9526324760186934,unknown,False,False,0,0,7,0
1139,0,0,0,1.0184835521558346,unknown,False,False,0,0,8,0
1140,0,0,0,0.9777430929348758,unknown,False,False,0,0,6,0
1141,0,0,0,0.6981781728757649,unknown,False,False,0,0,8,1
1142,0,0,0,0.6147554166562114,red,False,False,0,0,6,1
1143,0,0,0,1.0670719681026628,unknown,False,False,0,0,7,0
1144,0,0,0,0.8482095212250428,unknown,False,False,0,0,7,0
1145,0,0,0,0.794345611109656,unknown,False,False,1,0,8,0
1146,1,0,1,0.9111194889928894,unknown,False,False,1,0,9,0
1147,1,0,1,1.0162388575228534,unknown,False,False,1,0,7,0
1148,2,0,2,0.723501711598197,unknown,False,False,2,0,8,0
1149,1,1,2,0.4737542769824165,green,False,False,0,0,10,0
1150,0,0,0,0.48596610754969916,unknown,False,False,0,0,9,0
1151,0,0,0,0.6186089786899194,unknown,False,False,0,0,5,0
1152,0,0,0,0.5164336823623977,unknown,False,False,0,0,10,0
1153,0,0,0,0.4756069341103799,unknown,False,False,0,0,6,0
1154,0,0,0,0.5172705193447067,unknown,False,False,0,0,5,0
1155,0,0,0,0.6227191914718521,unknown,False,False,0,0,8,0
1156,0,0,0,0.4970560513001282,unknown,False,False,0,0,11,0
1157,0,0,0,0.275354627293833,unknown,False,False,0,0,7,0
1158,0,0,0,0.2536732237069043,unknown,False,False,0,0,5,0
1159,0,0,0,0.13302431631425485,unknown,False,False,0,0,9,0
1160,0,0,0,0.1764762967167979,unknown,False,False,0,0,7,0
1161,0,0,0,0.42808916692653287,unknown,False,False,0,0,4,0
1162,0,0,0,0.7627389312359021,red,False,False,0,0,7,0
1163,0,0,0,0.39288044660764004,unknown,False,False,0,0,3,0
1164,0,0,0,0.46979005724225403,red,False,False,0,0,2,0
1165,0,0,0,0.6219878187247136,unknown,False,False,0,0,6,0
1166,0,0,0,1.0897608567766401,unknown,False,False,0,0,5,0
1167,0,0,0,1.2211531353061351,unknown,False,False,0,0,6,0
1168,0,0,0,0.8633183364053936,unknown,False,False,0,0,10,0
1169,1,1,2,0.9432879957832785,unknown,False,False,2,0,9,0
1170,0,2,2,1.041483151732695,unknown,False,False,0,0,10,0
1171,1,0,1,0.827953249747757,unknown,False,False,0,0,11,0
1172,0,0,0,0.8887344730656132,unknown,False,False,0,0,11,0
1173,0,0,0,0.8322642298564723,unknown,False,False,0,0,10,0
1174,0,0,0,0.8173843628625564,unknown,False,False,0,0,9,0
1175,0,0,0,0.8801470729368527,yellow,False,False,0,0,8,0
1176,0,0,0,0.971988295517964,unknown,False,False,0,0,9,0
1177,0,0,0,0.8317032667307322,green,False,False,0,0,10,0
1178,0,0,0,0.999557932978454,unknown,False,False,0,0,6,0
1179,0,0,0,0.8613155936661544,unknown,False,False,0,0,9,0
1180,0,0,0,0.9241414287786813,unknown,False,False,0,0,7,0
1181,0,0,0,0.9796384624184656,unknown,False,False,0,0,6,0
1182,0,0,0,0.8699090236606652,unknown,False,False,0,0,7,0
1183,0,0,0,0.9937799110041747,unknown,False,False,0,0,10,0
1184,0,0,0,0.934030745637703,unknown,False,False,0,0,11,0
1185,0,0,0,1.0207530102068698,unknown,False,False,0,0,13,0
1186,0,0,0,1.1672047768868992,unknown,False,False,0,0,10,0
1187,0,0,0,0.9442341569315897,unknown,False,False,0,0,11,0
1188,0,0,0,0.7478809090661467,unknown,False,False,0,0,9,0
1189,0,0,0,0.7792782918830334,unknown,False,False,0,0,5,0
1190,0,0,0,0.7974207329936044,unknown,False,False,0,1,3,0
1191,0,0,0,0.6128142053285633,unknown,False,False,0,1,5,0
1192,0,0,0,0.3328590216800182,unknown,False,True,0,2,5,0
1193,0,0,0,0.20329965538794884,unknown,False,True,0,2,3,0
1194,0,0,0,0.1717467078820758,unknown,False,False,0,2,3,0
1195,0,0,0,0.31504837418475073,yellow,False,False,0,2,3,0
1196,0,0,0,0.3636866164953269,unknown,False,True,0,3,0,0
1197,0,0,0,0.2692027015860727,unknown,False,False,0,2,1,0
1198,0,0,0,0.07515172344480144,unknown,False,False,0,3,0,0
1199,0,0,0,0.0,unknown,False,False,0,2,1,0
1200,0,0,0,0.2419995276297047,unknown,False,False,0,2,0,0
1201,0,0,0,0.29592103215039056,unknown,False,False,0,2,1,0
1202,0,0,0,0.23928746616349472,unknown,False,False,0,2,2,0
1203,0,0,0,0.3495276295733018,unknown,False,False,0,2,1,0
1204,0,0,0,0.8703085489354487,unknown,False,False,0,2,4,0
1205,0,0,0,0.7063947619542399,unknown,False,False,0,1,4,0
1206,0,0,0,1.4511538215592916,unknown,False,False,0,1,5,0
1207,0,0,0,1.4848896850073723,unknown,False,False,0,1,2,0
1208,0,0,0,0.7449306390403698,unknown,False,False,0,0,7,0
1209,0,0,0,0.38846913966841373,unknown,False,False,0,0,5,0
1210,0,0,0,0.23371062611581453,yellow,False,False,0,0,6,0
1211,0,0,0,0.11973697507982366,yellow,False,False,0,0,7,0
1212,0,0,0,0.4363619469337298,unknown,False,False,0,0,7,0
1213,0,0,0,0.3040367374450207,unknown,False,False,0,0,8,0
1214,0,0,0,0.1936619083331056,unknown,False,False,0,0,9,0
1215,0,0,0,0.3196904734974599,unknown,False,False,0,1,5,0
1216,0,0,0,0.2670116243952372,unknown,False,False,0,0,9,0
1217,0,0,0,0.3685049060956545,unknown,False,False,0,2,9,0
1218,0,0,0,0.38847053895778333,unknown,False,False,0,2,10,0
1219,0,0,0,0.7102323234551758,yellow,False,False,0,2,9,0
1220,0,0,0,0.8865860654731154,unknown,False,False,0,2,8,0
1221,0,0,0,0.8440130819212062,unknown,False,False,0,2,6,0
1222,0,0,0,0.49300342781237366,unknown,False,False,0,2,10,0
1223,0,0,0,0.5270466837461256,unknown,False,False,0,2,5,0
1224,0,0,0,0.37248547778388746,unknown,False,False,0,1,6,0
1225,0,0,0,0.4229275148543321,unknown,False,False,0,2,5,1
1226,0,0,0,0.30674123133520226,unknown,False,False,0,4,8,1
1227,0,0,0,0.49511115883524975,unknown,False,False,0,4,8,0
1228,0,0,0,0.6567374319167922,unknown,False,False,0,3,7,0
1229,0,0,0,0.49214602873724916,unknown,False,False,0,3,4,0
1230,0,0,0,0.13274392130397278,unknown,False,False,0,2,4,0
1231,0,0,0,0.24490979167833105,unknown,False,False,0,2,5,0
1232,0,0,0,0.23075814759096946,unknown,False,False,0,2,5,0
1233,0,0,0,0.24686336504999953,yellow,False,False,0,4,3,0
1234,0,0,0,0.2032197111085197,yellow,False,False,0,4,2,0
1235,0,0,0,0.1348468987294337,unknown,False,False,0,3,4,0
1236,0,0,0,0.11719711049528665,yellow,False,False,0,3,4,0
1237,0,0,0,0.25588040834177156,yellow,False,False,0,2,9,1
1238,0,0,0,0.20036488005143385,yellow,False,False,0,1,7,1
1239,0,0,0,0.2386738680190895,unknown,False,False,0,1,5,0
1240,0,0,0,0.3041409700400177,unknown,False,False,0,2,5,0
1241,0,0,0,0.6330465413427978,unknown,False,False,0,2,7,0
1242,0,0,0,0.44193075597004994,unknown,False,False,0,2,5,0
1243,0,0,0,0.5470763141807338,yellow,False,False,0,3,6,0
1244,0,0,0,0.6328563572649437,unknown,False,False,0,2,7,0
1245,0,0,0,0.27304540304514757,unknown,False,False,0,3,7,0
1246,0,0,0,0.3710454132771411,unknown,False,False,0,1,8,0
1247,0,0,0,0.26920825125005415,unknown,False,False,0,1,8,0
1248,0,0,0,0.3474736974091134,unknown,False,False,0,1,9,0
1249,0,0,0,0.21182963702672764,unknown,False,False,0,1,6,0
1250,0,0,0,0.4065170445756789,unknown,False,True,0,1,6,0
1251,0,0,0,0.4100566715853048,red,False,True,1,1,7,0
1252,0,0,0,0.2814096676459905,red,False,True,0,1,5,0
1253,0,0,0,0.2754773257681217,red,False,True,0,1,7,0
1254,0,0,0,0.4596486106475853,red,False,True,0,1,6,0
1255,0,0,0,0.4412570323269775,unknown,False,True,0,0,4,0
1256,0,0,0,0.5370672579674747,unknown,False,False,0,0,6,0
1257,0,0,0,0.4769151171325512,unknown,False,False,0,0,4,0
1258,0,0,0,0.24275511837702926,unknown,False,False,0,0,2,0
1259,0,0,0,0.22849769126905997,unknown,False,False,0,0,2,0
1260,0,0,0,0.25613320622355257,unknown,False,False,0,0,2,0
1261,0,0,0,0.3539443207270445,unknown,False,False,0,0,1,0
1262,0,0,0,0.5228999119595681,unknown,False,False,0,0,2,0
1263,1,0,1,1.0659628458347152,unknown,False,False,1,0,4,0
1264,0,1,1,1.022124124152197,unknown,False,False,1,0,4,0
1265,1,0,1,0.6552117819229243,unknown,False,False,0,0,6,0
1266,0,0,0,0.7535253512242667,unknown,False,False,0,0,6,0
1267,0,0,0,0.6574432824840871,unknown,False,False,0,0,5,0
1268,0,0,0,0.6008234374141219,unknown,False,False,0,0,7,0
1269,0,0,0,0.5387225192743158,unknown,False,False,0,0,6,0
1270,0,0,0,0.10958338107953951,green,False,False,0,0,5,0
1271,0,0,0,0.1558310321250655,green,False,False,0,0,6,0
1272,0,0,0,0.1012819610335459,yellow,False,False,0,0,3,0
1273,0,0,0,0.03818884613056087,yellow,False,False,0,0,6,0
1274,0,0,0,0.04130540584238012,yellow,False,False,0,0,5,0
1275,0,0,0,0.11468373252483269,unknown,False,False,0,0,3,0
1276,0,0,0,0.19409756342554457,green,False,False,0,0,4,0
1277,0,0,0,0.14899288173632833,yellow,False,False,0,0,3,0
1278,0,0,0,0.2548775757909796,green,False,False,0,0,2,0
1279,0,0,0,0.29348987703627677,green,False,False,0,0,7,0
1280,0,0,0,0.3371893908173222,green,False,False,0,0,9,0
1281,0,0,0,0.26772881317596403,yellow,False,False,0,0,7,0
1282,0,0,0,0.46177548164807025,unknown,False,False,0,0,9,0
1283,0,0,0,0.5325891069591491,red,False,False,0,0,9,0
1284,0,0,0,0.49396007838844197,unknown,False,False,0,0,10,0
1285,0,0,0,0.48939778097457765,red,False,False,0,0,8,0
1286,0,0,0,0.6355692056578707,unknown,False,False,1,0,9,0
1287,0,0,0,0.5401012427718996,unknown,False,False,1,0,10,0
1288,0,0,0,0.8174643079424396,unknown,False,False,0,0,11,0
1289,0,0,0,0.7793361145203236,unknown,False,False,0,0,9,4
1290,0,0,0,0.6962012755682431,unknown,False,False,0,1,3,3
1291,0,0,0,0.648684799610859,unknown,False,False,0,1,3,0
1292,0,0,0,0.3765762242792005,unknown,False,False,0,1,5,0
1293,0,0,0,0.315986049741269,unknown,False,False,0,2,2,0
1294,0,0,0,0.2885490316898777,unknown,False,False,0,2,2,0
1295,0,0,0,0.5441820949365398,unknown,False,False,0,3,2,0
1296,0,0,0,0.6945676898143912,unknown,False,False,0,3,5,0
1297,0,0,0,0.9503582987205834,unknown,False,False,0,3,6,0
1298,0,0,0,1.252301962815253,unknown,False,False,0,1,7,0
1299,0,0,0,1.08697507545468,unknown,False,False,0,1,9,0
1300,0,0,0,0.6961813029986832,red,False,True,0,1,6,0
1301,0,0,0,0.6484471621560499,red,False,True,0,0,7,0
1302,0,0,0,0.5054346922147668,yellow,False,False,0,1,8,0
1303,0,0,0,0.383921570641332,unknown,False,True,0,1,6,0
1304,0,0,0,0.3419734345290746,red,False,True,0,4,7,0
1305,0,0,0,0.32068052835903316,red,False,True,0,1,7,0
1306,0,0,0,0.35660538371510614,unknown,False,True,0,1,7,0
1307,0,0,0,0.44649238317148715,unknown,False,True,0,2,5,0
1308,0,0,0,0.5991490006001374,red,False,True,0,1,4,0
1309,0,0,0,0.6222372122658133,red,False,True,1,2,3,0
1310,1,0,1,0.306625251655148,red,False,True,0,2,5,0
1311,0,0,0,0.2582955201742289,unknown,False,True,0,1,3,0
1312,0,0,0,0.16780152604865606,red,False,True,1,1,5,0
1313,0,0,0,0.23471554358116778,red,False,True,0,1,8,0
1314,0,0,0,0.27327785244893904,unknown,False,True,0,1,6,0
1315,0,0,0,0.5148309546335337,unknown,False,True,0,1,5,0
1316,0,0,0,0.4512743514322125,unknown,False,False,0,1,4,0
1317,0,0,0,0.6039380709335928,unknown,False,False,0,1,6,0
1318,0,0,0,0.720797985611817,unknown,False,False,0,1,7,0
1319,0,0,0,0.8516694813559141,unknown,False,False,0,1,7,0
1320,0,0,0,0.9370992880073177,unknown,False,False,0,0,9,0
1321,0,0,0,0.7811860615694062,unknown,False,False,0,1,9,0
1322,0,0,0,0.5429407682583566,unknown,False,False,0,0,6,0
1323,0,0,0,0.47983347344032895,unknown,False,False,0,0,9,0
1324,0,0,0,0.42780737937125324,unknown,False,False,0,1,9,0
1325,0,0,0,0.42919388574358147,unknown,False,False,0,1,7,0
1326,0,0,0,0.5655912105970787,unknown,False,False,1,0,7,0
1327,2,0,2,0.6934075788799375,unknown,False,False,1,0,6,0
1328,2,0,2,0.9340811233252662,unknown,False,False,2,1,7,0
1329,2,0,2,0.8825258692361402,unknown,False,False,1,1,9,0
1330,2,0,2,0.6298139363606272,unknown,False,True,0,0,10,0
1331,0,0,0,0.5142186767151478,red,False,True,1,1,13,0
1332,0,0,0,0.48053838330973353,unknown,False,True,0,2,11,0
1333,0,0,0,0.5659592554617296,green,False,True,0,1,11,0
1334,0,0,0,0.6614055795091129,red,False,True,0,1,15,0
1335,0,0,0,0.8659732786212585,unknown,False,True,0,1,17,0
1336,0,0,0,1.0097392348375784,unknown,False,False,0,1,15,0
1337,0,0,0,1.1523156939171721,unknown,False,False,0,1,10,0
1338,0,0,0,0.9650258631602355,unknown,False,False,0,1,9,0
1339,0,0,0,0.9257866339391306,unknown,False,False,0,1,7,0
1340,0,0,0,0.9245911398112211,unknown,False,False,0,1,11,0
1341,0,0,0,1.0564245731443656,unknown,False,False,0,1,8,0
1342,0,0,0,1.1459749895915472,unknown,False,False,0,1,12,0
1343,0,0,0,1.1017169110004699,unknown,False,False,0,0,11,0
1344,0,0,0,0.9523525980025785,unknown,False,False,0,0,9,0
1345,0,0,0,0.9305624060862777,unknown,False,False,0,0,8,0
1346,1,0,1,0.719147857643668,red,False,False,2,0,6,0
1347,2,0,2,0.9466460401584322,red,False,False,2,0,6,0
1348,2,0,2,0.7268417443513756,unknown,False,False,1,0,2,0
1349,1,0,1,0.35505965783197446,unknown,False,False,0,0,2,0
1350,1,0,1,0.6710895926085124,unknown,False,False,0,0,5,0
1351,0,1,1,1.595167845788447,unknown,False,False,1,0,2,0
1352,1,0,1,2.532360618153036,unknown,False,False,1,0,2,0
1353,1,0,1,1.397148492455503,unknown,False,False,0,0,2,0
1354,0,0,0,0.5743995894306505,unknown,False,False,0,0,2,0
1355,0,0,0,0.28562779930558335,unknown,False,False,0,0,3,0
1356,0,0,0,0.5703696790294513,unknown,False,False,0,0,4,0
1357,0,0,0,1.0498930410650447,unknown,False,True,0,0,2,0
1358,0,0,0,1.4450659761145637,red,False,True,0,0,4,0
1359,0,0,0,1.281512028825309,yellow,False,True,0,0,4,0
1360,0,0,0,0.8321195398911402,unknown,False,False,0,1,3,0
1361,0,0,0,0.3009272409628691,unknown,False,False,1,0,4,0
1362,1,0,1,0.28150383318104005,red,False,True,1,1,2,0
1363,1,0,1,0.20016786508079654,red,False,True,0,0,5,0
1364,0,0,0,0.2693970810785267,unknown,False,True,0,0,4,0
1365,0,0,0,0.18286415576109794,red,False,False,0,0,3,0
1366,0,0,0,0.35981998373335,red,False,False,0,0,4,0
1367,0,0,0,0.4918221947292415,red,False,False,0,0,3,0
1368,0,0,0,1.486322322642268,yellow,False,False,0,0,6,0
1369,0,0,0,1.442821491008147,yellow,False,False,0,0,7,0
1370,0,0,0,1.7768764030034294,unknown,False,False,0,0,9,0
1371,1,0,1,1.49670555598521,unknown,False,False,1,0,9,0
1372,2,2,4,1.0742456346005833,unknown,False,False,3,0,7,0
1373,2,1,3,0.9441649842234805,unknown,False,False,1,0,10,0
1374,2,0,2,1.2058540383267897,unknown,False,False,0,0,7,0
1375,0,0,0,1.474788521188041,unknown,False,False,0,0,6,0
1376,0,0,0,0.7964331002141339,unknown,False,False,0,0,8,0
1377,0,0,0,0.7475957867599967,unknown,False,False,0,1,12,0
1378,0,0,0,1.1906966915804333,unknown,False,False,0,1,9,0
1379,0,0,0,1.4576746242321785,unknown,False,False,0,0,8,0
1380,0,0,0,1.3812892816087141,red,False,False,0,0,9,0
1381,0,0,0,1.1598712008318883,red,False,True,0,0,7,0
1382,0,0,0,0.7546270317031071,unknown,False,False,0,0,13,0
1383,0,0,0,0.9558499910247524,unknown,False,False,0,0,12,0
1384,0,0,0,1.1761076358049334,unknown,False,False,0,0,12,0
1385,1,0,1,1.6509624263114304,unknown,False,False,1,0,10,0
1386,1,0,1,1.2361180512768526,unknown,False,False,0,0,9,0
1387,0,0,0,0.8380310650084586,unknown,False,False,0,0,8,0
1388,0,0,0,0.9012572911544121,unknown,False,False,0,0,9,0
1389,1,0,1,0.9911679863935543,unknown,False,False,1,0,8,0
1390,0,1,1,1.0610001218073364,unknown,False,False,1,0,8,0
1391,1,0,1,0.8854027358484011,unknown,False,False,1,0,7,0
1392,1,0,1,0.6930780509009313,unknown,False,False,1,0,6,0
1393,1,0,1,0.7003492872155518,unknown,False,False,0,0,5,0
1394,0,0,0,0.6013151479496089,unknown,False,False,0,0,4,0
1395,0,0,0,0.6303283411271775,unknown,False,False,0,0,5,0
1396,0,0,0,0.41100185160917985,unknown,False,False,1,0,5,0
1397,0,0,0,0.11712223128249799,unknown,False,False,0,1,4,0
1398,0,0,0,0.35165695090338617,unknown,False,False,0,0,3,0
1399,0,0,0,0.34339989525556025,unknown,False,False,0,1,6,0
1400,0,0,0,0.5125739954966603,unknown,False,False,0,0,4,0
1401,0,0,0,0.46971857069811856,unknown,False,False,0,0,1,0
1402,0,0,0,0.5273402859657681,unknown,False,False,0,1,4,0
1403,0,0,0,0.47049711940142747,unknown,False,False,0,1,4,0
1404,0,0,0,0.4334599022405312,unknown,False,False,0,0,7,0
1405,0,0,0,0.4186139421698195,unknown,False,False,0,0,8,0
1406,0,0,0,0.4904653270618431,unknown,False,False,0,0,5,0
1407,0,0,0,0.437928234607881,unknown,False,False,0,0,3,0
1408,0,0,0,0.3141377367010012,unknown,False,False,0,0,6,0
1409,0,0,0,0.49917568767315146,unknown,False,True,0,1,5,0
1410,0,0,0,0.483785127663781,unknown,False,False,0,0,6,0
1411,0,0,0,0.4889968479329223,unknown,False,True,0,0,6,0
1412,0,0,0,0.5140794079695048,red,False,True,0,1,6,0
1413,0,0,0,0.664715406887981,yellow,False,True,0,1,6,0
1414,0,0,0,0.5390467045046748,unknown,False,False,0,2,4,0
1415,0,0,0,0.20609772011417882,unknown,False,True,0,2,3,0
1416,0,0,0,0.09637688095109503,unknown,False,False,0,1,4,0
1417,0,0,0,0.10522235884861111,red,False,True,0,1,3,0
1418,0,0,0,0.1781279186338987,unknown,False,True,0,0,3,0
1419,0,0,0,0.16510008911927118,unknown,False,False,0,0,3,0
1420,0,0,0,0.1828250548634028,unknown,False,False,0,0,4,0
1421,1,0,1,0.2276562636466786,unknown,False,False,1,0,3,0
1422,1,0,1,0.2497969949956846,red,False,False,0,0,9,0
1423,1,0,1,0.34241056511090434,unknown,False,False,0,0,6,0
1424,0,0,0,0.4155991637515311,red,False,False,0,0,4,0
1425,0,0,0,0.6862561975381292,unknown,False,False,1,0,5,0
1426,0,0,0,0.7541094408272311,unknown,False,False,0,0,1,0
1427,0,0,0,1.4857452499284778,unknown,False,False,0,0,3,0
1428,0,0,0,1.1073023162643212,unknown,False,False,0,0,4,0
1429,1,0,1,1.1115084769084937,unknown,False,False,2,0,5,0
1430,2,0,2,1.8587882205618393,unknown,False,False,1,0,5,0
1431,1,0,1,0.9255900078370546,unknown,False,False,0,0,10,0
1432,1,0,1,0.7828068655386946,unknown,False,False,1,0,10,0
1433,1,0,1,0.9055182311503518,unknown,False,False,0,0,9,0
1434,0,0,0,1.2315359964139778,unknown,False,False,0,0,6,0
1435,0,0,0,1.0428747151571807,unknown,False,False,0,0,5,0
1436,0,0,0,0.792248509743541,unknown,False,False,0,0,4,0
1437,0,0,0,0.5221390486022768,red,False,False,0,0,5,0
1438,0,0,0,0.7529727815627972,unknown,False,True,0,1,5,0
1439,1,0,1,1.2132878587332119,unknown,False,True,0,0,6,0
1440,1,0,1,0.5971245146576069,unknown,False,False,0,0,4,0
1441,0,0,0,1.5960653539569076,unknown,False,False,1,0,6,0
1442,0,0,0,1.6578937761025123,unknown,False,False,0,0,8,0
1443,0,0,0,1.6654650936422395,unknown,False,False,0,0,10,0
1444,0,0,0,1.6645126827746823,unknown,False,False,0,0,9,0
1445,0,0,0,1.2498825725382314,unknown,False,False,0,0,9,0
1446,1,0,1,0.7101305224277148,unknown,False,False,1,0,9,0
1447,1,0,1,0.5158315471891867,unknown,False,False,1,0,7,0
1448,0,0,0,0.7336051378069015,unknown,False,False,0,0,8,0
1449,0,1,1,0.9460473497639501,unknown,False,False,1,0,4,0
1450,3,1,4,1.3410100142503096,unknown,False,False,3,0,6,0
1451,3,0,3,1.0174636283836063,unknown,False,False,1,0,7,0
1452,2,0,2,0.7299980077011412,unknown,False,False,0,0,6,0
1453,0,0,0,0.5063984633859812,unknown,False,False,0,0,8,0
1454,0,0,0,0.43077073357852597,unknown,False,False,0,0,8,0
1455,0,0,0,0.40931682324264873,unknown,False,False,0,0,8,0
1456,0,0,0,0.17291730858024365,green,False,False,0,0,9,0
1457,0,0,0,0.16300685110393964,unknown,False,False,0,0,8,0
1458,1,0,1,0.1942199089424407,unknown,False,False,1,0,10,0
1459,1,0,1,0.3192217639272981,green,False,False,1,0,6,1
1460,0,1,1,0.2464929052508278,unknown,False,False,1,0,9,1
1461,1,1,2,0.27865761961107643,green,False,False,1,0,8,1
1462,1,0,1,0.3186681226494509,unknown,False,False,1,0,10,0
1463,1,0,1,0.313633748339829,unknown,False,False,0,0,13,0
1464,1,0,1,0.49962657769795005,unknown,False,False,0,0,11,0
1465,0,0,0,0.7328912687816811,red,False,False,0,0,9,0
1466,0,0,0,0.5196435852660922,red,False,False,0,0,8,0
1467,0,0,0,0.5911004760213344,red,False,False,0,0,9,0
1468,0,0,0,0.8401723464205838,green,False,False,0,0,9,0
1469,0,0,0,0.5269204634002883,green,False,False,0,0,7,0
1470,0,0,0,0.3360866531092222,yellow,False,False,0,0,9,0
1471,1,0,1,0.33056490273834915,yellow,False,False,1,0,6,0
1472,1,0,1,0.2449404518815809,unknown,False,False,1,0,6,0
1473,2,0,2,0.2959123068978459,red,False,False,1,0,7,0
1474,0,1,1,0.2833766835234951,red,False,False,1,0,5,0
1475,1,0,1,0.3876504702233431,unknown,False,False,1,1,6,0
1476,1,0,1,0.6607065225751593,unknown,False,False,1,0,7,0
1477,1,0,1,0.9050609518098778,unknown,False,False,0,0,11,0
1478,0,0,0,0.908265626926827,unknown,False,False,0,0,12,0
1479,0,0,0,1.005711829130161,unknown,False,False,1,0,10,0
1480,1,1,2,1.1137663434536222,unknown,False,False,2,0,4,0
1481,0,2,2,1.128751393663645,unknown,False,False,1,0,11,0
1482,1,1,2,1.129385617458628,unknown,False,False,0,0,17,0
1483,0,0,0,1.1224559170468948,unknown,False,False,0,0,18,0
1484,0,0,0,1.0320916962792634,unknown,False,False,0,0,15,0
1485,0,0,0,1.1908434438724977,unknown,False,False,0,0,18,0
1486,0,0,0,1.3771485419810212,unknown,False,False,0,0,17,0
1487,0,0,0,1.2779648383997029,unknown,False,False,0,0,14,0
1488,0,0,0,1.2411078909119446,red,False,False,0,0,12,0
1489,0,0,0,1.2317355612007304,red,False,True,0,0,15,0
1490,0,0,0,0.8183202318251201,unknown,False,False,0,0,11,0
1491,0,0,0,0.7594011997964608,unknown,False,False,0,0,6,0
1492,0,0,0,0.6029738731612688,unknown,False,False,1,0,7,0
1493,0,1,1,0.8772756174508533,unknown,False,False,1,0,7,0
1494,1,1,2,1.4685037474536,unknown,False,False,1,0,6,0
1495,1,0,1,1.0779535892640129,unknown,False,False,0,0,7,0
1496,1,0,1,0.6937072814538923,unknown,False,False,1,0,8,0
1497,0,0,0,0.934503100830265,unknown,False,False,0,0,8,0
1498,0,0,0,1.3085563019420006,unknown,False,False,0,0,7,0
1499,0,0,0,1.0741068182895281,red,False,False,0,0,8,0
1500,0,0,0,0.7353227984375201,red,False,False,0,0,8,0
1501,0,0,0,0.6151348908264265,unknown,False,False,0,0,3,0
1502,0,0,0,0.848083829120904,unknown,False,False,1,0,8,0
1503,0,1,1,0.7766508472326389,unknown,False,False,1,0,5,0
1504,1,0,1,0.5954063550758271,red,False,True,1,0,7,0
1505,1,0,1,0.7473531830812438,red,False,False,1,0,7,0
1506,1,1,2,0.6722672450399502,red,False,True,2,1,4,0
1507,1,0,1,0.6327017876271147,yellow,False,True,2,2,2,1
1508,1,0,1,0.5191123196305135,unknown,False,False,1,2,1,0
1509,0,0,0,0.4309721354617695,unknown,False,False,0,2,1,0
1510,0,0,0,0.6983966186141124,unknown,False,False,0,2,1,0
1511,0,0,0,2.17270811997705,unknown,False,False,0,1,1,0
1512,0,0,0,2.4344166983756517,unknown,False,False,0,1,1,0
1513,0,0,0,0.8859593048295713,unknown,False,False,0,1,1,0
1514,0,0,0,0.34915764103412844,unknown,False,False,0,1,1,0
1515,0,0,0,0.18597692083799197,green,False,False,0,0,1,0
1516,0,0,0,0.14991676024368963,unknown,False,False,0,0,2,0
1517,0,0,0,0.2716708238611818,unknown,False,False,0,0,4,0
1518,0,0,0,0.5189626222599194,unknown,False,False,0,0,4,0
1519,0,0,0,0.7465238156280956,red,False,False,0,0,7,0
1520,0,0,0,1.0652946599915043,red,False,False,0,0,6,0
1521,0,0,0,0.5804223975313694,red,False,False,0,0,6,0
1522,0,0,0,0.3712013421650909,red,False,True,0,0,6,0
1523,0,0,0,0.7503906707211367,red,False,True,0,1,7,0
1524,0,0,0,0.9696462789677771,red,False,True,0,1,6,0
1525,0,0,0,0.7062707411333514,red,False,True,0,1,5,0
1526,0,0,0,0.6534379283461893,red,False,True,0,1,4,0
1527,0,0,0,0.4324991526357954,red,False,True,0,1,6,0
1528,0,0,0,0.6743358275686506,red,False,True,0,1,6,0
1529,0,0,0,0.6191678832877675,red,False,True,0,1,4,0
1530,0,0,0,1.0661159843885855,red,False,True,0,1,3,0
1531,0,0,0,0.6733918630915784,red,False,True,0,1,3,0
1532,0,0,0,0.22535898182241992,red,False,True,0,1,2,0
1533,0,0,0,0.20672940309617274,red,False,True,0,1,5,0
1534,0,0,0,0.2705376906742875,red,False,True,0,1,5,0
1535,0,0,0,0.2961179295603338,red,False,True,0,1,4,0
1536,0,0,0,0.5309058729818694,red,False,True,0,1,3,0
1537,0,0,0,0.8483152499861516,red,False,True,0,1,4,0
1538,0,0,0,0.6696457123923475,red,False,True,0,1,3,0
1539,0,0,0,0.5450075425975942,red,False,True,0,1,5,0
1540,0,0,0,0.8899078280402047,red,False,True,0,1,5,0
1541,0,0,0,0.49474976659747644,red,False,True,0,1,2,0
1542,0,0,0,0.34777120490118507,unknown,False,True,0,1,5,0
1543,0,0,0,0.4179184210894231,red,False,True,0,1,4,0
1544,0,0,0,0.527338226976209,red,False,True,0,1,4,0
1545,0,0,0,0.5637938158411347,red,False,True,0,0,7,0
1546,0,0,0,0.6860782846358873,unknown,False,True,0,0,8,0
1547,0,0,0,0.6822760912579796,unknown,False,False,0,0,9,0
1548,0,0,0,0.8513697327704646,unknown,False,False,0,1,6,0
1549,0,0,0,0.836813036085001,unknown,False,False,0,0,4,0
1550,0,0,0,1.0122336603366786,unknown,False,False,0,1,4,0
1551,0,0,0,0.959841931019638,unknown,False,False,0,0,4,0
1552,0,0,0,0.6522325419872419,unknown,False,False,0,0,4,0
1553,0,0,0,0.4976116292348812,unknown,False,False,0,0,4,0
1554,0,0,0,0.48822582364655365,unknown,False,False,0,0,2,0
1555,0,0,0,0.29143091875323934,unknown,False,False,0,0,0,0
1556,0,0,0,0.749059695352276,unknown,False,False,0,0,1,0
1557,0,0,0,2.5451100271484375,unknown,False,False,0,0,2,0
1558,0,0,0,1.178128988234455,yellow,False,False,0,0,2,0
1559,0,0,0,0.7098697427864614,red,False,False,0,0,0,0
1560,0,0,0,0.36022994837879746,red,False,False,0,0,0,0
1561,0,0,0,0.0,unknown,False,False,0,0,0,0
1562,0,0,0,0.0,unknown,False,False,0,0,0,0
1563,0,0,0,0.0,unknown,False,False,0,0,0,0
1564,0,0,0,0.0,unknown,False,False,0,0,1,0
1565,0,0,0,0.5368364680991259,unknown,False,False,0,0,0,0
1566,0,0,0,0.8198697257779772,unknown,False,False,0,0,1,0
1567,0,0,0,0.9156072051332491,unknown,False,False,0,0,1,0
1568,0,0,0,0.880484663630304,red,False,False,0,0,1,0
1569,0,0,0,0.47231188949120595,yellow,False,False,0,0,1,0
1570,0,0,0,0.5197012567957721,yellow,False,False,0,0,5,0
1571,0,0,0,0.5755274335828371,unknown,False,False,0,0,4,0
1572,0,0,0,0.9879752777810266,unknown,False,False,0,0,5,0
1573,0,0,0,0.9426501507451214,unknown,False,False,0,0,10,0
1574,0,0,0,0.7542222520353423,unknown,False,False,0,0,12,0
1575,0,0,0,0.8204758617381512,unknown,False,False,0,0,10,0
1576,0,0,0,0.7677866689776331,unknown,False,False,1,0,10,0
1577,2,0,2,0.820026114791314,unknown,False,False,1,0,7,0
1578,2,0,2,0.8600066501310998,unknown,False,False,1,0,7,0
1579,1,0,1,0.7619456121186623,unknown,False,False,1,0,7,0
1580,0,0,0,0.4901486673263396,unknown,False,False,0,0,5,0
1581,0,0,0,0.41488448953094004,unknown,False,False,0,0,6,0
1582,0,0,0,0.21626683336023575,unknown,False,False,0,0,6,0
1583,0,0,0,0.22178654817026178,unknown,False,False,2,0,5,0
1584,2,0,2,0.1167955254843786,unknown,False,False,1,0,3,0
1585,2,0,2,0.1773720493376052,unknown,False,False,0,0,5,0
1586,0,0,0,0.19876229266088796,unknown,False,False,0,0,5,0
1587,0,0,0,0.21520798059661592,unknown,False,False,0,0,7,0
1588,0,0,0,0.42634463581522347,unknown,False,False,0,0,6,0
1589,1,0,1,0.44691468004847706,unknown,False,False,0,0,6,0
1590,1,0,1,0.3762907774460964,unknown,False,False,0,0,6,0
1591,0,0,0,0.470510999351835,red,False,False,1,0,3,0
1592,0,0,0,0.3723189203978048,red,False,False,0,0,6,0
1593,0,0,0,0.7444915468896302,red,False,True,0,0,6,0
1594,0,0,0,0.9501470151515031,red,False,False,1,0,4,0
1595,1,0,1,0.3219652892860346,red,False,False,0,0,5,0
1596,0,0,0,0.22066258117912685,red,False,False,1,0,7,0
1597,1,0,1,0.25676485362423956,red,False,False,0,0,4,0
1598,3,0,3,0.30423191666812044,red,False,False,2,0,5,0
1599,2,0,2,0.343349960942774,unknown,False,False,2,0,4,0
1600,2,0,2,0.37023795942696364,yellow,False,False,3,0,2,0
1601,2,0,2,0.6148034281542768,yellow,False,False,2,0,2,0
1602,3,0,3,0.5888920339434919,yellow,False,False,1,0,2,0
1603,2,0,2,0.5280849201855327,unknown,False,False,3,0,4,0
1604,1,1,2,0.521288849475295,unknown,False,False,1,0,4,0
1605,2,0,2,0.6761164159545221,unknown,False,False,1,0,2,0
1606,1,0,1,1.137105378996889,yellow,False,False,1,0,3,0
1607,1,0,1,0.9867831036643188,unknown,False,False,0,0,5,0
1608,0,0,0,1.3102001158935812,unknown,False,False,1,0,5,0
1609,0,0,0,1.6877414150484071,unknown,False,False,1,0,5,0
1610,0,0,0,0.9873295614846865,unknown,False,False,0,0,6,0
1611,0,0,0,1.2456264093461435,unknown,False,False,1,0,8,0
1612,0,0,0,1.3048834399950855,unknown,False,False,0,0,8,0
1613,0,0,0,0.6916167274472372,unknown,False,False,0,0,10,0
1614,0,0,0,0.7709240625430237,unknown,False,False,0,0,10,0
1615,0,0,0,0.8999661337278144,unknown,False,False,1,0,6,0
1616,0,0,0,0.7721103270889157,unknown,False,False,1,0,5,0
1617,3,0,3,0.8405360254945113,unknown,False,False,2,0,8,0
1618,3,0,3,1.3062199820366387,unknown,False,False,0,0,9,0
1619,0,0,0,1.2233291937706936,unknown,False,False,0,0,11,0
1620,1,0,1,0.9159308834016306,unknown,False,False,0,0,13,0
1621,0,0,0,1.045913340864257,unknown,False,False,0,0,12,0
1622,0,0,0,1.1305931598841719,unknown,False,False,0,0,10,0
1623,0,0,0,1.1233391313079404,unknown,False,False,0,0,12,0
1624,0,0,0,1.1134572890918666,unknown,False,False,0,0,6,0
1625,0,0,0,0.7055083261460661,unknown,False,False,0,0,9,0
1626,0,0,0,0.654544579699319,unknown,False,False,0,0,11,0
1627,0,0,0,0.9311433036967154,unknown,False,False,0,0,6,0
1628,0,0,0,0.6528844244713136,red,False,False,0,0,7,0
1629,0,0,0,0.44795961430106096,unknown,False,False,0,0,10,0
1630,0,0,0,0.26486558789327863,unknown,False,False,0,0,9,0
1631,0,0,0,0.26774641057518056,unknown,False,False,0,0,13,0
1632,0,0,0,0.25948557382129944,unknown,False,False,0,0,8,0
1633,0,0,0,0.29388542062883244,unknown,False,False,0,0,9,0
1634,0,0,0,0.43000598120189565,red,False,False,0,0,7,0
1635,0,0,0,0.48893526832754913,unknown,False,False,0,0,11,0
1636,0,0,0,0.3954499216267531,unknown,False,False,0,0,7,0
1637,0,0,0,0.28017447569675485,yellow,False,False,0,0,9,0
1638,0,0,0,0.26007177585033464,unknown,False,False,0,0,7,1
1639,0,0,0,0.2753428151420115,red,False,False,0,0,10,1
1640,0,0,0,0.2452125704567213,unknown,False,False,0,0,9,0
1641,0,0,0,0.2042229565070364,unknown,False,False,0,0,9,0
1642,0,0,0,0.13990799170706184,unknown,False,False,0,0,8,1
1643,0,0,0,0.15642979405603338,unknown,False,False,0,0,5,0
1644,0,0,0,0.1304976797558757,unknown,False,False,0,0,10,0
1645,0,0,0,0.23861686384118166,unknown,False,False,0,0,11,1
1646,0,0,0,0.3120483541806286,unknown,False,False,0,0,10,0
1647,0,0,0,0.46225396084878684,unknown,False,False,0,0,11,1
1648,0,0,0,0.40463260886495117,unknown,False,False,0,0,12,1
1649,0,0,0,0.22459974974785096,unknown,False,False,0,0,10,0
1650,0,0,0,0.17771061478963487,unknown,False,True,0,1,9,0
1651,0,0,0,0.2004408611164584,unknown,False,False,0,1,10,0
1652,0,0,0,0.1301681746325779,unknown,False,True,0,1,10,0
1653,0,0,0,0.1505873454150581,unknown,False,True,0,1,8,0
1654,0,0,0,0.20859517009607592,red,False,True,0,1,9,0
1655,0,0,0,0.21710550228801728,red,False,True,0,1,9,0
1656,0,0,0,0.219272178621459,unknown,False,True,0,1,12,0
1657,0,0,0,0.20248249437607924,unknown,False,False,0,1,11,0
1658,0,0,0,0.2335570464076321,red,False,True,0,1,10,1
1659,0,0,0,0.20792112527487294,red,False,False,0,0,11,1
1660,0,0,0,0.24522774152320104,red,False,False,0,0,13,1
1661,0,0,0,0.4462949865318332,unknown,False,False,0,0,12,1
1662,0,0,0,0.28956699313830103,green,False,False,0,0,12,0
1663,0,0,0,0.2659293090076241,unknown,False,False,0,0,12,1
1664,0,0,0,0.2347760984834387,unknown,False,False,0,0,11,1
1665,0,0,0,0.2640865294080913,unknown,False,False,0,0,11,0
1666,0,0,0,0.20487247200698944,unknown,False,False,0,0,12,1
1667,0,0,0,0.17054763076178833,unknown,False,False,0,0,11,1
1668,0,0,0,0.10565891819942064,red,False,False,0,0,9,0
1669,0,0,0,0.17504853048653776,unknown,False,False,0,0,11,0
1670,0,0,0,0.2169710248975207,unknown,False,False,0,0,9,0
1671,0,0,0,0.18165570228515826,red,False,False,0,0,7,0
1672,0,0,0,0.27016496872241796,red,False,False,1,0,9,1
1673,0,0,0,0.21788073240889608,unknown,False,False,0,0,9,0
1674,1,0,1,0.07073898667045102,unknown,False,False,1,0,10,0
1675,1,0,1,0.05587444948598106,unknown,False,False,1,0,8,1
1676,1,0,1,0.05525251374843861,unknown,False,False,1,0,9,0
1677,1,0,1,0.08184104974059575,unknown,False,False,1,0,9,0
1678,1,0,1,0.07298135753636793,unknown,False,False,1,0,11,0
1679,1,0,1,0.07051372163944243,unknown,False,False,1,0,11,1
1680,1,0,1,0.08713413999482057,unknown,False,False,1,0,8,1
1681,1,0,1,0.1289405636627487,unknown,False,False,1,0,11,1
1682,2,0,2,0.214104453576138,unknown,False,False,1,0,7,0
1683,2,0,2,0.19249116744214365,unknown,False,False,1,0,11,1
1684,1,0,1,0.2321575546412369,unknown,False,False,2,0,10,0
1685,1,0,1,0.10191069377724715,unknown,False,False,0,0,12,1
1686,1,0,1,0.0698275482319993,red,False,False,1,0,7,1
1687,1,0,1,0.060168926113841226,red,False,False,1,0,12,1
1688,1,0,1,0.07340786761340554,unknown,False,False,0,0,8,1
1689,1,0,1,0.05772064465230886,unknown,False,False,0,0,10,0
1690,1,0,1,0.06628890916609925,unknown,False,False,1,0,8,0
1691,1,0,1,0.09264380176651055,unknown,False,False,0,0,10,1
1692,1,0,1,0.06030733833966011,unknown,False,False,0,0,8,1
1693,0,0,0,0.050604258324215175,unknown,False,False,0,0,8,1
1694,0,0,0,0.11398705923653206,unknown,False,False,0,0,9,0
1695,0,0,0,0.11565959326000066,yellow,False,False,0,0,9,1
1696,0,0,0,0.15406271937158864,red,False,False,0,0,8,0
1697,1,0,1,0.11974516513396402,unknown,False,False,0,0,7,0
1698,0,0,0,0.09061260988393963,unknown,False,False,0,0,8,0
1699,0,0,0,0.09519053003591979,unknown,False,False,0,0,9,0
1700,0,0,0,0.052206198290423965,unknown,False,False,1,0,8,0
1701,0,0,0,0.09701432351182088,unknown,False,False,0,0,10,0
1702,0,0,0,0.10443633892350271,unknown,False,False,0,0,11,0
1703,0,0,0,0.14575529153622863,yellow,False,False,0,0,9,0
1704,0,0,0,0.1044807701657317,unknown,False,False,0,0,8,0
1705,0,0,0,0.08067122645387628,red,False,False,0,0,9,0
1706,0,0,0,0.0743797471881165,unknown,False,False,0,0,10,0
1707,0,0,0,0.15605233452739184,red,False,False,0,0,7,0
1708,0,0,0,0.11573321560258382,red,False,False,0,0,9,0
1709,1,0,1,0.1324737241059148,unknown,False,False,0,0,11,0
1710,0,0,0,0.08800926110133787,red,False,False,0,0,10,0
1711,0,0,0,0.09306924358026987,unknown,False,False,0,0,9,1
1712,0,0,0,0.1543465747908756,unknown,False,False,1,0,8,0
1713,1,0,1,0.22000154292347948,red,False,False,0,0,10,0
1714,0,0,0,0.29089969070027527,green,False,False,0,0,10,0
1715,1,0,1,0.24128239540014676,red,False,False,0,0,10,0
1716,1,0,1,0.22983143814025714,red,False,False,0,0,10,0
1717,2,0,2,0.2138344065187645,unknown,False,False,1,0,10,0
1718,1,0,1,0.23164397017611624,unknown,False,False,1,0,9,0
1719,1,0,1,0.2917006641737643,red,False,False,1,0,9,0
1720,1,0,1,0.2694103457157625,unknown,False,False,0,0,11,0
1721,2,0,2,0.2987790388593883,unknown,False,False,2,0,8,0
1722,3,0,3,0.2996958605712332,unknown,False,False,3,0,10,0
1723,3,0,3,0.3334389547735758,unknown,False,False,4,1,9,0
1724,4,0,4,0.1796161522730809,red,False,True,3,1,13,0
1725,3,0,3,0.15102778287321217,red,False,True,2,1,10,0
1726,3,0,3,0.19340418219660202,red,False,True,4,1,9,0
1727,4,0,4,0.21157925211281262,unknown,False,True,5,1,10,0
1728,5,0,5,0.25313872986139246,unknown,False,True,4,1,9,0
1729,4,0,4,0.4608713442411229,unknown,False,True,4,1,10,0
1730,4,0,4,0.4326887744520816,red,False,True,4,1,9,0
1731,2,2,4,0.34727315416553545,red,False,True,5,2,12,0
1732,4,1,5,0.39911283932046626,unknown,False,True,5,1,12,0
1733,4,0,4,0.5468182782726846,unknown,False,True,2,1,12,0
1734,6,0,6,0.6357283516620614,unknown,False,True,2,0,12,0
1735,1,0,1,0.7001590072751129,unknown,False,False,0,0,11,0
1736,1,0,1,0.7340204427970295,unknown,False,False,0,0,14,0
1737,0,0,0,0.6826853460680384,unknown,False,False,0,0,13,0
1738,0,0,0,0.6608270153533525,unknown,False,False,0,0,13,0
1739,0,0,0,0.7465212649576882,unknown,False,False,0,0,17,0
1740,0,0,0,0.8555783848157846,yellow,False,False,0,0,17,0
1741,0,0,0,0.8037930199371827,unknown,False,False,0,0,17,0
1742,0,0,0,0.7678363140335689,unknown,False,False,1,0,13,0
1743,1,0,1,0.9139063743183362,unknown,False,False,0,0,11,0
1744,0,0,0,0.8427652274406212,unknown,False,False,0,0,6,0
1745,0,0,0,0.6703911625966271,unknown,False,False,0,0,7,0
1746,0,0,0,0.9311726060095461,unknown,False,False,0,0,11,0
1747,0,0,0,0.7703796481634204,unknown,False,False,0,0,8,0
1748,0,0,0,0.7968910173725823,unknown,False,False,0,0,8,0
1749,0,0,0,0.9384117103328818,unknown,False,False,0,0,10,0
1750,0,0,0,1.021704887568222,unknown,False,False,0,0,8,0
1751,0,0,0,1.0965784027663226,unknown,False,False,0,0,8,0
1752,0,1,1,1.1792718238849593,unknown,False,False,1,0,7,0
1753,0,1,1,1.1299390500438973,unknown,False,False,0,0,6,0
1754,0,0,0,0.8139420107097606,unknown,False,False,0,0,5,0
1755,0,0,0,0.5653306916944787,yellow,False,False,0,0,4,0
1756,0,0,0,0.49370394987162824,yellow,False,False,1,0,1,0
1757,0,0,0,0.6702241291493037,yellow,False,False,0,0,0,0
1758,0,0,0,0.25268758651297235,unknown,False,False,0,0,2,0
1759,0,0,0,0.23393311434508246,red,False,False,0,0,1,0
1760,0,0,0,0.4367983542860808,red,False,False,0,0,5,0
1761,0,0,0,0.4830910039137015,red,False,False,0,0,4,0
1762,0,0,0,0.48548930858719447,red,False,True,0,0,3,0
1763,0,0,0,0.5781900726893743,unknown,False,False,0,0,5,0
1764,0,0,0,0.7613214304957412,unknown,False,False,0,0,6,0
1765,0,0,0,0.9901265200495118,unknown,False,False,0,0,4,0
1766,0,0,0,0.9281485441375542,unknown,False,False,0,0,4,0
1767,0,0,0,1.1029204940042983,unknown,False,False,0,0,3,0
1768,0,0,0,0.6659890054241323,unknown,False,False,0,0,4,0
1769,0,0,0,0.85247983014894,unknown,False,False,0,0,4,0
1770,0,0,0,1.454044907364264,unknown,False,False,0,0,2,0
1771,0,0,0,1.1213204146197102,unknown,False,False,0,0,3,0
1772,1,0,1,0.6264665435582745,unknown,False,False,1,0,1,0
1773,1,0,1,0.3647098494011468,unknown,False,False,0,0,3,0
1774,2,0,2,0.7439570301756909,unknown,False,False,1,0,1,0
1775,1,1,2,0.6199263192415719,unknown,False,False,3,0,0,0
1776,1,1,2,0.2727189817232106,unknown,False,False,2,0,3,0
1777,2,1,3,0.496457862588666,unknown,False,False,0,0,0,0
1778,1,0,1,0.4298487039956088,unknown,False,False,0,0,0,0
1779,0,0,0,0.0,red,False,False,0,0,2,0
1780,0,0,0,0.47773248907812915,red,False,True,0,0,3,0
1781,0,0,0,0.3579095501353252,red,False,True,0,1,3,0
1782,0,0,0,0.6106634128351949,unknown,False,True,0,1,4,0
1783,0,0,0,0.5671595171919755,unknown,False,False,0,2,2,0
1784,0,0,0,0.6389555636238677,unknown,False,False,1,2,0,0
1785,0,1,1,0.0,unknown,False,False,1,2,0,0
1786,1,0,1,0.0,unknown,False,False,0,1,0,0
1787,1,0,1,0.0,unknown,False,False,0,0,2,0
1788,0,0,0,0.213999496016399,unknown,False,False,0,0,2,0
1789,0,0,0,0.10160609981480406,unknown,False,False,0,0,1,0
1790,0,0,0,0.11665797418662696,unknown,False,False,0,0,2,0
1791,0,0,0,0.08646024377878064,unknown,False,False,0,1,0,0
1792,0,0,0,0.0,unknown,False,False,0,1,1,0
1793,0,0,0,0.3070628046674304,unknown,False,False,1,1,2,0
1794,0,0,0,0.7403339726667818,red,False,True,0,1,2,0
1795,0,0,0,0.8931755441128996,red,False,True,1,1,3,0
1796,1,0,1,0.7430394793215174,red,False,True,0,1,1,0
1797,1,0,1,0.8217372571238408,unknown,False,True,1,1,3,0
1798,2,0,2,1.261200528363526,unknown,False,True,1,1,1,0
1799,1,0,1,0.386425969654509,unknown,False,False,1,0,0,0
1800,2,0,2,0.0,unknown,False,False,0,1,0,0
1801,1,0,1,0.2801354019910799,unknown,False,False,0,1,0,0
1802,0,0,0,0.16178856021886148,unknown,False,False,0,0,0,0
1803,0,0,0,0.15460715224275443,unknown,False,False,0,0,1,0
1804,0,0,0,0.12264981247384374,unknown,False,False,5,0,0,0
1805,5,0,5,0.400339725679043,unknown,False,False,3,0,1,0
1806,4,0,4,0.5387994742211291,unknown,False,False,3,1,1,0
1807,3,0,3,0.6933904907300271,unknown,False,False,5,0,5,0
1808,5,0,5,1.309505133761295,unknown,False,False,3,0,5,0
1809,6,0,6,0.985867112338964,green,True,True,2,0,7,0
1810,8,0,8,0.5264910132190438,unknown,True,False,6,0,6,0
1811,5,0,5,0.2779384614589422,unknown,True,False,5,1,4,0
1812,5,0,5,0.22985909322088066,yellow,False,False,5,0,7,0
1813,4,0,4,0.7730096271730191,red,False,True,5,1,3,0
1814,4,0,4,0.5011766069472693,red,False,True,3,1,5,0
1815,3,0,3,0.43360047762947973,red,False,True,3,1,5,0
1816,4,0,4,0.36731145455914954,red,False,True,2,1,1,0
1817,3,0,3,0.4487473790900831,unknown,False,True,1,1,0,0
1818,2,0,2,0.33088670204678,unknown,False,False,0,1,0,0
1819,0,0,0,0.0,unknown,False,False,0,2,0,0
1820,0,0,0,0.19842203137225747,unknown,False,False,0,2,0,0
1821,0,0,0,0.16750480465798717,unknown,False,False,0,1,1,0
1822,0,0,0,0.25259303847247955,unknown,False,False,0,0,1,2
1823,0,0,0,0.32571125416225366,unknown,False,False,0,0,1,0
1824,0,0,0,0.8440798443501668,unknown,False,False,0,0,1,0
1825,1,0,1,1.490635713133236,unknown,False,False,1,0,2,0
1826,2,0,2,0.38321660448593303,unknown,False,False,6,0,2,0
1827,4,1,5,0.18795239522131896,unknown,False,False,6,0,1,0
1828,6,0,6,0.0796968971412845,unknown,False,False,7,0,3,0
1829,6,0,6,0.5863566757630144,unknown,False,False,2,0,5,0
1830,5,0,5,0.7653116402077834,unknown,False,False,3,0,5,0
1831,3,0,3,0.7274944557171072,unknown,False,False,3,0,8,0
1832,3,0,3,0.7694927505210005,green,False,False,3,0,8,0
1833,3,0,3,0.7067854071711657,green,False,False,3,0,9,0
1834,3,0,3,0.7706301684606062,green,False,False,2,0,12,0
1835,2,0,2,0.8338427709278772,unknown,False,False,2,0,10,0
1836,2,0,2,0.6391230927552821,green,False,False,2,0,8,0
1837,2,0,2,0.338621523595557,green,False,False,2,0,7,0
1838,2,0,2,0.2646479609343648,green,False,False,3,0,8,0
1839,3,0,3,0.4281341515669131,green,False,True,2,0,7,0
1840,5,0,5,0.4650518618102504,red,False,False,7,0,8,0
1841,5,0,5,0.44489109664888354,red,True,True,0,0,8,0
1842,4,0,4,0.47858263625475717,unknown,False,False,3,0,2,0
1843,2,1,3,0.6120043054871495,unknown,False,False,1,0,2,0
1844,1,0,1,3.868861227174501,unknown,False,False,1,0,1,0
1845,1,0,1,0.9450554179161527,unknown,False,False,0,0,5,0
1846,1,0,1,0.4439401307701075,unknown,False,False,0,0,2,0
1847,1,0,1,0.309011231757117,unknown,False,False,1,0,2,0
1848,1,0,1,0.22664042422680844,unknown,False,False,1,1,2,1
1849,1,0,1,0.6101858378448132,unknown,False,False,2,1,2,4
1850,2,0,2,1.2568233117399155,red,False,True,2,1,1,0
1851,2,1,3,1.9375864957853106,yellow,False,True,1,2,1,0
1852,2,0,2,0.48290978781385235,unknown,False,False,3,0,0,0
1853,2,1,3,0.1853196227793192,unknown,False,False,3,0,0,0
1854,2,2,4,0.12744255636694926,unknown,False,False,4,1,1,0
1855,5,1,6,0.4909611322712319,red,True,False,3,0,2,0
1856,5,0,5,0.5280376728403382,unknown,True,False,1,0,6,0
1857,4,0,4,0.7504352272741222,green,False,False,2,0,5,0
1858,2,0,2,0.7975363995647335,unknown,False,False,1,0,5,0
1859,1,0,1,0.753805523061359,unknown,False,False,2,0,2,0
1860,2,0,2,1.6531416986532803,unknown,False,False,2,0,2,0
1861,3,0,3,1.3132739909576785,unknown,False,False,3,0,3,0
1862,2,1,3,0.5075788484392528,unknown,False,False,1,0,2,0
1863,4,1,5,0.29724987196652475,unknown,False,False,0,0,2,0
1864,3,0,3,0.1964942957213099,unknown,False,False,3,0,2,0
1865,2,0,2,0.1520321687870151,unknown,False,False,0,0,1,0
1866,1,0,1,0.14620533318627044,unknown,False,False,0,0,1,0
1867,0,0,0,0.22256951879509998,unknown,False,False,0,0,1,0
1868,0,0,0,0.5290938976098342,unknown,False,False,2,0,0,0
1869,1,0,1,0.0,unknown,False,False,3,0,1,0
1870,3,0,3,0.0,unknown,False,False,3,0,0,0
1871,3,0,3,0.0,unknown,False,False,1,0,1,0
1872,2,0,2,0.0,green,False,False,1,0,0,0
1873,2,0,2,0.0,green,False,True,2,1,0,0
1874,2,0,2,0.0,green,False,True,1,0,0,0
1875,1,0,1,0.0,green,False,True,1,1,0,0
1876,1,0,1,0.0,green,False,True,2,1,0,0
1877,2,0,2,0.0,green,False,False,2,1,1,0
1878,3,0,3,0.05460400255250201,green,False,False,2,1,0,0
1879,2,0,2,0.0,green,False,True,1,1,1,0
1880,2,0,2,0.2487017034726791,green,False,False,2,1,1,0
1881,1,0,1,0.37808924663984106,green,False,True,1,1,2,0
1882,1,0,1,0.8391967098257582,green,False,False,1,1,3,0
1883,1,0,1,1.13151246656062,green,False,True,1,0,3,0
1884,1,0,1,0.7891389666751114,green,False,False,0,0,2,0
1885,1,0,1,0.5010223232313592,red,False,False,1,0,2,0
1886,1,0,1,0.7163077865583207,green,False,False,1,0,3,0
1887,2,0,2,0.748613130160268,green,False,False,2,0,2,0
1888,2,0,2,1.5409930465925767,green,False,False,0,0,2,0
1889,0,0,0,1.6522336912831521,red,False,False,0,0,3,0
1890,0,0,0,0.7980758444017882,green,False,False,0,0,2,0
1891,1,0,1,0.5075129097098563,green,False,False,1,0,3,0
1892,2,0,2,0.4780001776743879,red,False,False,1,0,2,0
1893,2,0,2,0.7922902018740793,green,False,False,1,0,1,0
1894,1,0,1,2.501238587972595,red,False,False,3,0,1,0
1895,4,0,4,2.1051857302131833,unknown,False,False,2,0,1,0
1896,4,0,4,1.0559721018379928,red,False,False,1,0,1,0
1897,2,0,2,0.5654695632503893,red,False,False,1,0,1,0
1898,0,0,0,0.37504571646954693,red,False,True,0,0,2,0
1899,0,0,0,0.2918752777622529,red,False,False,0,0,0,0
1900,1,0,1,0.0,unknown,False,False,1,0,0,0
1901,3,0,3,0.0,unknown,False,False,3,0,0,0
1902,3,0,3,0.899262136308905,unknown,False,False,2,0,1,0
1903,5,0,5,0.40987182472199213,unknown,False,False,4,0,1,0
1904,5,0,5,0.1373236675407393,unknown,False,False,7,0,0,0
1905,9,0,9,0.11632698087347762,unknown,False,False,3,0,0,0
1906,10,0,10,0.0,unknown,False,False,5,0,0,0
1907,7,0,7,0.0,unknown,False,False,7,0,0,0
1908,7,0,7,0.0,unknown,False,False,5,0,0,0
1909,7,0,7,0.0,unknown,False,False,5,0,0,0
1910,7,0,7,0.0,unknown,False,False,2,0,0,0
1911,2,0,2,0.0,unknown,False,False,1,0,0,0
1912,3,0,3,0.0,unknown,False,False,3,0,1,0
1913,7,0,7,0.0,unknown,False,False,5,0,0,0
1914,10,0,10,0.5619022779723697,unknown,False,False,7,0,1,0
1915,10,1,11,0.9129350214753439,unknown,False,False,8,0,2,0
1916,11,0,11,1.3212118929499832,unknown,False,False,7,0,1,0
1917,9,0,9,0.6454316506388994,unknown,False,False,6,0,0,0
1918,10,0,10,0.3551390524420998,red,True,False,10,0,0,0
1919,10,0,10,0.4059192794505873,unknown,True,False,8,0,1,0
1920,10,0,10,0.20320934738825486,red,True,True,6,1,2,0
1921,12,0,12,0.33005534277435644,red,True,True,7,0,2,0
1922,11,0,11,0.3213886781292708,red,True,True,8,1,3,0
1923,10,0,10,0.6548971065106283,red,True,True,8,1,4,0
1924,10,0,10,0.6577529080385428,unknown,True,True,7,1,6,0
1925,9,0,9,0.6336602138314719,unknown,True,True,8,0,5,0
1926,9,0,9,0.5903869619483348,red,True,False,6,0,1,0
1927,8,0,8,0.5769099539670084,unknown,True,False,5,0,3,0
1928,8,1,9,0.39851532253863187,unknown,False,False,7,0,1,0
1929,8,0,8,0.2034543049197044,unknown,False,False,3,0,1,0
1930,9,0,9,0.37872046282158633,red,True,False,5,0,1,0
1931,5,1,6,0.3950812655614126,unknown,True,True,3,1,1,0
1932,5,0,5,0.2120460948154465,unknown,False,False,0,1,0,0
1933,1,0,1,0.0,unknown,False,False,0,1,0,0
1934,0,0,0,0.0,unknown,False,False,3,0,0,0
1935,3,1,4,0.22014758288574074,unknown,False,False,7,0,1,1
1936,1,4,5,0.3967007395806967,unknown,False,False,5,0,1,0
1937,4,3,7,0.5023438182102538,unknown,False,False,3,0,0,0
1938,6,0,6,0.7582155441236264,red,False,False,4,0,2,0
1939,4,0,4,0.6992365036407998,red,False,True,1,0,7,0
1940,2,0,2,0.8944113973085795,red,False,True,1,2,4,0
1941,2,1,3,0.9710483918043296,unknown,False,True,2,1,2,0
1942,1,0,1,0.8065474440776578,unknown,False,True,1,0,3,0
1943,2,0,2,0.6177982536460264,unknown,False,False,1,0,2,0
1944,3,0,3,0.6710550538016045,unknown,False,False,2,0,1,1
1945,1,1,2,0.396097924749638,unknown,False,False,3,0,2,0
1946,3,0,3,0.14284047844758735,unknown,False,False,1,0,0,0
1947,3,0,3,0.0,unknown,False,False,0,0,0,0
1948,2,0,2,0.0,unknown,False,False,0,0,1,0
1949,1,1,2,0.0,unknown,False,False,3,0,0,0
1950,3,1,4,0.22735187635850818,unknown,False,False,4,1,1,0
1951,5,2,7,0.1649821754769203,unknown,False,False,6,1,0,0
1952,6,3,9,0.0,yellow,True,False,8,0,0,0
1953,10,0,10,0.0,yellow,True,False,2,0,0,0
1954,7,0,7,0.0,yellow,False,False,2,0,1,0
1955,2,0,2,0.15686284186572869,yellow,False,False,0,1,0,0
1956,0,0,0,0.21354769590985984,yellow,False,True,0,0,1,0
1957,0,0,0,0.12313261767838626,red,False,False,0,0,2,0
1958,0,0,0,0.12327160098773676,red,False,False,0,0,2,0
1959,1,0,1,0.13962992672033048,red,False,False,0,0,2,0
1960,1,0,1,0.17871099937991328,yellow,False,False,1,0,2,0
1961,2,0,2,0.049694916312151206,yellow,False,False,3,0,1,0
1962,3,0,3,0.1223664131125982,red,False,False,4,0,1,0
1963,3,0,3,0.14095614283917715,yellow,False,False,3,1,1,0
1964,3,0,3,0.10788420052328226,yellow,False,True,2,1,1,0
1965,3,0,3,0.071695178161467,yellow,False,True,2,0,0,1
1966,3,0,3,0.043300716164389186,yellow,False,True,4,0,0,0
1967,3,0,3,0.08032092719821601,yellow,False,False,2,1,1,0
1968,3,0,3,0.15436118996429304,red,False,True,2,0,1,0
1969,2,0,2,0.21665036291876233,yellow,False,True,2,0,1,0
1970,2,0,2,0.1522482185283944,yellow,False,False,2,0,0,0
1971,2,0,2,0.0996011695534731,red,False,False,2,0,0,0
1972,2,0,2,0.04031689254482392,red,False,False,2,0,0,0
1973,3,0,3,0.12112158131890584,red,False,False,2,0,0,0
1974,3,0,3,0.06969129561264074,yellow,False,False,3,0,0,0
1975,3,0,3,0.5643916992515049,yellow,False,False,3,1,0,0
1976,4,0,4,0.4370400370263713,yellow,False,True,4,1,0,0
1977,4,0,4,0.0,red,False,True,4,1,0,0
1978,4,0,4,0.0,red,False,True,3,0,0,0
1979,5,0,5,0.0,unknown,False,False,5,0,0,0
1980,4,0,4,0.0,red,False,False,7,0,0,0
1981,5,2,7,0.0,unknown,True,True,4,0,0,0
1982,4,1,5,0.0,unknown,False,False,4,0,0,0
1983,6,0,6,0.16446714272996127,red,False,False,3,0,0,0
1984,2,1,3,0.1196154383955645,unknown,False,False,2,0,0,0
1985,2,1,3,0.2034382465912523,unknown,False,False,1,0,1,0
1986,2,0,2,0.2746829421682259,unknown,False,False,1,0,1,0
1987,0,1,1,0.22115163418173128,unknown,False,False,1,0,2,0
1988,0,1,1,0.2490071919328029,unknown,False,False,0,0,0,0
1989,0,0,0,0.0,unknown,False,False,0,0,1,0
1990,1,0,1,0.6572535619510398,unknown,False,False,1,0,2,0
1991,0,1,1,0.8858926735043132,red,False,False,2,0,0,0
1992,1,0,1,0.9987939545257345,green,False,False,1,0,5,0
1993,1,0,1,0.786890885279709,red,False,False,0,0,4,0
1994,2,0,2,0.6459239153517432,red,False,False,0,0,1,0
1995,1,0,1,0.5763351884174762,unknown,False,False,1,0,0,0
1996,3,0,3,0.14402290099532436,unknown,False,False,1,0,2,0
1997,1,0,1,0.2219432907369175,unknown,False,False,1,0,1,0
1998,1,0,1,0.5410251682506383,unknown,False,False,0,0,1,0
1999,2,0,2,2.400237818984968,unknown,False,False,0,0,1,0
2000,1,0,1,1.0444214535329381,unknown,False,False,1,0,7,0
2001,3,0,3,0.8037957558764519,unknown,False,False,3,0,11,0
2002,5,0,5,0.6300258371994039,unknown,False,False,4,1,11,0
2003,4,0,4,0.4824600581017757,unknown,False,False,5,1,4,0
2004,4,0,4,0.5348129244762884,unknown,False,False,1,1,1,0
2005,4,0,4,0.05518693914484337,unknown,False,False,1,1,4,0
2006,3,0,3,0.20673305135492245,unknown,False,False,0,1,6,0
2007,2,0,2,0.2347918036810649,unknown,False,False,0,2,4,0
2008,0,0,0,0.2064817347334971,unknown,False,False,0,2,4,0
2009,0,0,0,0.24857127587294392,unknown,False,False,0,2,3,0
2010,0,0,0,0.45926310833600525,unknown,False,False,0,4,2,0
2011,0,0,0,0.5074468209612026,red,False,True,0,3,5,0
2012,0,0,0,0.7655750759914299,red,False,True,0,1,4,0
2013,1,0,1,0.6971628529189958,red,False,True,1,1,6,0
2014,1,0,1,0.6113525207597774,red,False,True,1,0,8,0
2015,1,0,1,0.6028878606941138,red,False,True,1,0,6,0
2016,0,0,0,0.5826168527698492,unknown,False,False,0,0,4,0
2017,0,0,0,0.4553448348092366,unknown,False,False,0,0,0,0
2018,0,0,0,0.3328349312626304,unknown,False,False,0,0,0,0
2019,0,0,0,0.0,unknown,False,False,0,0,0,0
2020,0,0,0,0.0,unknown,False,False,0,1,1,0
2021,1,0,1,0.4450029855829069,unknown,False,False,2,2,1,2
2022,1,0,1,0.27144934478372285,unknown,False,False,0,2,2,3
2023,1,0,1,0.0,unknown,False,False,0,2,0,0
2024,0,0,0,0.0,unknown,False,False,0,1,0,0
2025,0,0,0,0.7149685808572405,unknown,False,False,0,1,1,0
2026,0,0,0,1.0937931172887487,unknown,False,False,1,0,1,0
2027,1,0,1,0.5691531263195434,red,False,True,1,0,1,0
2028,2,0,2,0.6668327283296004,unknown,False,False,2,0,2,0
2029,2,0,2,0.8491139684452236,unknown,False,False,3,0,5,0
2030,1,1,2,0.9611983412984171,red,False,False,2,0,4,0
2031,2,1,3,1.0383049402632858,unknown,False,False,2,0,4,0
2032,2,0,2,0.9891823362844843,unknown,False,False,2,0,5,0
2033,2,0,2,0.8659992632501314,unknown,False,False,0,0,4,0
2034,1,0,1,0.9256112390660367,unknown,False,False,0,0,3,0
2035,0,0,0,1.2197097444452263,unknown,False,False,0,0,3,0
2036,0,0,0,1.3011442339237436,unknown,False,False,0,0,2,0
2037,0,0,0,1.0643956638763605,unknown,False,False,0,0,3,0
2038,0,0,0,0.48958438255867237,unknown,False,False,0,1,2,0
2039,0,0,0,0.2559705838863786,unknown,False,False,0,3,2,0
2040,0,0,0,0.5633014221317311,unknown,False,False,1,1,4,0
2041,1,0,1,0.8859156219639328,unknown,False,False,0,1,5,0
2042,1,0,1,1.418596775144608,unknown,False,False,2,1,4,0
2043,3,0,3,1.6622978880892574,unknown,False,False,3,0,5,0
2044,2,0,2,1.2800587535408288,unknown,False,False,2,0,4,0
2045,1,0,1,1.011140840638936,unknown,False,False,1,0,4,0
2046,1,0,1,0.6360477212457093,yellow,False,False,0,0,5,0
2047,2,0,2,0.39951845857113844,unknown,False,False,1,0,3,0
2048,2,0,2,0.2902621038054422,unknown,False,False,0,0,4,0
2049,0,0,0,0.3890861900463378,unknown,False,False,0,0,3,0
2050,0,0,0,0.26680987908727594,unknown,False,False,0,0,1,0
2051,0,0,0,0.2034312778605231,yellow,False,False,0,0,3,0
2052,0,0,0,0.10738550111401386,unknown,False,False,0,0,4,0
2053,0,0,0,0.17081879422999963,unknown,False,False,0,0,4,0
2054,0,0,0,0.3109789074761619,unknown,False,False,0,0,4,0
2055,0,0,0,0.3369831512108426,yellow,False,False,0,0,1,0
2056,0,0,0,0.38020236555645176,unknown,False,False,0,0,3,0
2057,0,0,0,0.42349441430577167,yellow,False,False,0,0,5,0
2058,0,0,0,0.39212941052484096,yellow,False,False,0,0,8,0
2059,1,0,1,0.4075669887319161,yellow,False,False,1,0,7,0
2060,1,0,1,0.3235198323916085,yellow,False,False,1,0,6,0
2061,1,0,1,0.25229756795890823,yellow,False,False,1,0,4,0
2062,1,0,1,0.28139038648720643,yellow,False,False,1,0,5,0
2063,1,0,1,0.22933761829767402,yellow,False,False,1,0,3,0
2064,1,0,1,0.3703419052721788,unknown,False,False,1,0,3,0
2065,1,0,1,0.5614547460374634,yellow,False,False,1,0,6,0
2066,1,0,1,0.46291872908933823,yellow,False,False,1,0,4,0
2067,2,0,2,0.41557753993015667,unknown,False,False,1,0,4,0
2068,1,0,1,0.38181784604103897,unknown,False,False,1,0,4,0
2069,1,0,1,0.49925820535198095,green,False,False,1,0,4,0
2070,1,0,1,0.5752970346915353,red,False,False,0,0,5,0
2071,1,0,1,0.6170750539844276,red,False,False,0,0,4,0
2072,0,0,0,0.6916125466889949,red,False,False,1,0,4,0
2073,0,0,0,0.639412453456244,green,False,False,0,0,8,0
2074,0,0,0,0.7342279516962645,yellow,False,False,0,0,8,0
2075,0,0,0,0.7451647786161611,unknown,False,False,0,0,6,0
2076,0,0,0,0.7205177927361361,red,False,False,0,0,5,0
2077,0,0,0,1.1677167925171419,unknown,False,False,0,0,6,0
2078,0,0,0,0.7881901200538419,unknown,False,False,0,0,5,0
2079,0,0,0,0.36265573677623336,unknown,False,False,0,0,4,0
2080,0,0,0,0.22115166374729306,unknown,False,False,0,0,4,0
2081,0,0,0,0.26921905110173266,unknown,False,False,0,0,5,0
2082,0,0,0,0.5890022169835694,unknown,False,False,0,0,5,0
2083,0,0,0,1.6335204813399191,unknown,False,False,0,0,4,0
2084,0,0,0,2.492390407454983,unknown,False,False,0,0,6,0
2085,0,0,0,1.0793254541434876,red,False,False,0,0,8,0
2086,0,0,0,0.5716232097662706,unknown,False,False,0,0,7,0
2087,0,0,0,0.5637355931941995,unknown,False,False,0,0,8,0
2088,0,0,0,0.7850564761501047,red,False,False,0,0,6,0
2089,0,0,0,0.8380320683943757,yellow,False,False,0,0,9,0
2090,0,0,0,0.6272702461242047,unknown,False,False,0,0,7,0
2091,0,0,0,0.7141941684150362,unknown,False,False,0,0,6,0
2092,0,0,0,1.2149912604027404,unknown,False,False,0,0,9,0
2093,0,0,0,1.2665417247772652,unknown,False,False,0,0,8,0
2094,0,0,0,0.888408553443665,unknown,False,False,0,0,10,0
2095,0,0,0,0.9817028122792245,yellow,False,False,0,0,10,0
2096,0,0,0,0.8153822551027571,unknown,False,False,0,0,9,0
2097,0,0,0,0.3599586225974861,unknown,False,False,0,0,6,0
2098,0,0,0,0.2513189950842826,unknown,False,False,0,1,6,0
2099,0,0,0,0.4201416734728906,unknown,False,False,0,1,7,0
2100,0,0,0,0.6986789102199611,unknown,False,False,0,1,8,0
2101,0,0,0,0.816109821667884,yellow,False,False,0,0,9,0
2102,0,0,0,0.9099217890279396,unknown,False,False,0,0,15,0
2103,0,0,0,0.7928614314381702,yellow,False,False,0,0,6,0
2104,0,0,0,0.811355554569637,yellow,False,False,0,0,12,0
2105,0,0,0,0.7812742557177843,unknown,False,False,0,0,10,0
2106,0,0,0,0.7749768173972877,yellow,False,False,0,0,11,0
2107,0,0,0,1.0479852207823763,unknown,False,False,0,0,11,0
2108,0,0,0,0.9139934954219682,unknown,False,False,0,0,10,0
2109,0,0,0,0.9195704183594708,unknown,False,False,0,0,9,0
2110,0,0,0,0.7024927511546688,unknown,False,False,0,0,7,0
2111,0,0,0,0.4636409672816601,yellow,False,False,0,0,7,0
2112,0,0,0,0.2864199420295443,yellow,False,False,0,0,8,0
2113,0,0,0,0.16623019919649062,yellow,False,False,0,0,5,0
2114,0,0,0,0.2181850778741586,yellow,False,False,0,0,5,0
2115,0,0,0,0.21436936697498704,unknown,False,False,0,0,7,0
2116,0,0,0,0.15331745837388283,yellow,False,False,0,0,8,0
2117,0,0,0,0.23375087570846195,unknown,False,False,0,0,9,0
2118,0,0,0,0.310415431591294,unknown,False,False,0,0,10,0
2119,0,0,0,0.3572555909252543,unknown,False,False,0,0,8,0
2120,0,0,0,0.3907650466316523,yellow,False,False,0,0,8,0
2121,0,0,0,0.4677439834768625,unknown,False,False,0,0,10,0
2122,0,0,0,0.42325386155744,unknown,False,False,0,0,9,0
2123,0,0,0,0.4533414600501305,yellow,False,False,0,0,6,0
2124,0,0,0,0.37936323710209446,unknown,False,False,0,0,6,0
2125,0,0,0,0.43099196753573393,unknown,False,False,0,0,10,0
2126,0,0,0,0.33229300762275565,unknown,False,False,0,0,10,0
2127,0,0,0,0.37874542838017466,unknown,False,False,0,0,8,0
2128,1,0,1,0.47585878382502905,unknown,False,False,1,0,7,0
2129,1,0,1,0.43009949130993497,unknown,False,False,1,0,7,0
2130,1,0,1,0.38007517984158157,unknown,False,False,2,0,6,0
2131,2,0,2,0.5302424220233272,red,False,False,2,0,7,1
2132,1,1,2,0.7351419733649489,red,False,False,3,0,6,1
2133,3,1,4,0.8671829888825804,yellow,False,False,2,0,6,0
2134,2,0,2,0.8099074411856594,unknown,False,False,1,0,4,0
2135,1,0,1,0.7706736119172476,unknown,False,False,0,0,3,0
2136,0,0,0,0.6858704743292935,red,False,False,0,0,2,0
2137,0,0,0,0.7285729920217444,unknown,False,False,0,0,4,0
2138,0,0,0,0.5929602597243,unknown,False,False,0,0,4,0
2139,0,0,0,1.0263934437194104,unknown,False,False,0,0,1,0
2140,0,0,0,1.2871163056839034,unknown,False,False,0,0,4,0
2141,0,0,0,1.0434388245068078,unknown,False,False,0,0,2,0
2142,0,0,0,0.8116384219704494,unknown,False,False,0,1,2,0
2143,0,0,0,1.3288660019823195,unknown,False,False,0,3,3,0
2144,0,0,0,1.6613000607164399,yellow,False,True,0,2,2,0
2145,0,0,0,1.3981127134907694,red,False,True,0,2,8,0
2146,0,0,0,1.2689314390764033,unknown,False,True,0,2,5,0
2147,0,0,0,1.3263351982377074,unknown,False,False,0,0,6,0
2148,0,0,0,0.8614159670136817,unknown,False,True,0,1,4,0
2149,0,0,0,0.4924533731539345,unknown,False,False,0,1,1,0
2150,0,0,0,0.43065304212082073,unknown,False,False,0,1,0,0
2151,0,0,0,0.0,unknown,False,False,0,0,1,0
2152,0,0,0,0.4637156594894192,unknown,False,False,0,0,1,0
2153,0,0,0,0.6413553575044804,unknown,False,False,0,0,2,0
2154,0,0,0,0.544299047737865,unknown,False,False,0,0,2,0
2155,0,0,0,0.5416771494110276,unknown,False,False,0,0,2,0
2156,0,0,0,0.5839853291681695,unknown,False,False,0,0,3,0
2157,0,0,0,0.5952384390479064,unknown,False,False,0,0,4,0
2158,0,0,0,0.8182705640999192,unknown,False,False,0,0,5,0
2159,1,0,1,0.9408420234893843,unknown,False,False,1,0,6,0
2160,1,0,1,0.8264625658579929,yellow,False,False,0,0,9,0
2161,1,0,1,0.6134554127159184,unknown,False,False,0,0,7,0
2162,0,0,0,0.6060979821478739,unknown,False,False,0,0,6,0
2163,0,0,0,0.4208533270064943,yellow,False,False,0,0,6,0
2164,0,0,0,0.24734811502651877,green,False,False,0,0,6,0
2165,0,0,0,0.30084080400892327,unknown,False,False,1,0,5,0
2166,0,0,0,0.3359184900122301,red,False,False,0,0,8,0
2167,1,0,1,0.3572161455204062,red,False,False,1,0,4,0
2168,0,1,1,0.4377135193736542,red,False,False,1,0,5,0
2169,1,0,1,0.415955009852187,yellow,False,False,1,0,1,0
2170,0,0,0,0.39055450545708226,unknown,False,False,0,0,2,0
2171,1,0,1,0.3766683032646156,unknown,False,False,1,0,1,0
2172,0,1,1,0.5509276733285942,unknown,False,False,1,0,0,0
2173,1,0,1,0.3989655286963121,unknown,False,False,1,0,1,0
2174,1,0,1,0.1793345598306999,unknown,False,False,0,0,0,0
2175,0,0,0,0.3850130049334153,red,False,False,0,0,2,0
2176,0,0,0,0.2530587343642844,unknown,False,False,0,0,1,0
2177,0,0,0,0.4219645512960191,unknown,False,False,0,0,2,0
2178,0,0,0,0.7693302614024387,unknown,False,False,2,0,2,0
2179,0,0,0,1.3959281068879794,unknown,False,False,1,0,4,0
2180,2,0,2,0.9995037412590094,unknown,False,False,0,0,4,1
2181,2,0,2,0.8837556920235596,unknown,False,False,0,0,5,1
2182,0,0,0,0.6388221221718603,green,False,False,0,0,6,1
2183,0,0,0,0.742249037692435,green,False,False,0,0,7,0
2184,0,0,0,0.596779854645274,yellow,False,False,0,0,5,0
2185,0,0,0,0.5062184677592081,green,False,False,0,0,6,0
2186,0,0,0,0.6081622227873197,unknown,False,False,0,0,3,0
2187,0,0,0,0.43110616769872595,green,False,False,0,0,2,0
2188,0,0,0,0.703708906673508,green,False,False,0,0,2,0
2189,3,0,3,0.6332602685874184,green,False,False,3,0,3,0
2190,4,0,4,0.6226532536329351,green,False,False,3,1,4,0
2191,4,0,4,0.7540195284435465,green,False,False,0,0,4,0
2192,3,0,3,0.9834912515410861,green,False,False,0,0,4,0
2193,0,0,0,0.868412285007992,unknown,False,False,0,0,2,0
2194,0,0,0,0.5396443235794275,green,False,False,0,0,4,0
2195,0,0,0,0.7852242654892638,green,False,False,0,0,2,0
2196,0,0,0,0.7441113124566622,yellow,False,False,0,0,2,0
2197,0,0,0,1.1858083949106741,green,False,False,0,0,2,0
2198,0,0,0,1.0092622512926284,green,False,False,0,0,1,0
2199,0,0,0,0.825068118757131,green,False,False,0,0,1,0
2200,0,0,0,0.5400686529981744,green,False,False,0,0,1,0
2201,0,0,0,0.6975651880041541,green,False,False,0,0,1,0
2202,0,0,0,1.822002432235418,green,False,False,0,0,1,0
2203,0,0,0,1.495688802888012,green,False,False,0,0,1,0
2204,0,0,0,0.7666624161780777,green,False,False,0,0,1,0
2205,0,0,0,0.4586962294744722,green,False,False,0,0,0,0
2206,0,0,0,0.0,green,False,False,0,0,0,0
2207,0,0,0,0.0,unknown,False,False,0,0,0,0
2208,0,0,0,0.0,unknown,False,False,0,0,0,0
2209,0,0,0,0.0,red,False,False,0,0,0,0
2210,0,0,0,0.0,red,False,False,0,0,0,0
2211,0,0,0,0.0,unknown,False,False,0,0,0,0
2212,0,0,0,0.0,unknown,False,False,1,0,0,0
2213,1,0,1,1.135545393765077,green,False,False,1,0,2,0
2214,1,0,1,1.4437743170940567,unknown,False,False,0,0,2,0
2215,1,0,1,1.6313630683734588,unknown,False,False,0,0,0,0
2216,0,0,0,1.0621798492669454,unknown,False,False,0,0,0,0
2217,0,0,0,0.0,unknown,False,False,0,0,0,0
2218,1,0,1,0.0,unknown,False,False,1,0,0,2
2219,3,0,3,0.0,unknown,False,False,3,0,0,2
2220,4,1,5,0.0,unknown,False,False,4,0,0,0
2221,5,0,5,0.0,unknown,False,False,1,0,0,0
2222,3,0,3,0.0,unknown,False,False,0,0,0,0
2223,1,0,1,0.0,unknown,False,False,0,0,0,0
2224,0,0,0,0.0,unknown,False,False,0,0,0,0
2225,0,0,0,0.19123854179272032,unknown,False,False,0,0,0,0
2226,0,0,0,0.2744729726720883,unknown,False,False,0,0,5,0
2227,0,0,0,0.4182970509307809,unknown,False,False,0,0,9,0
2228,0,0,0,0.6490337750314292,red,False,False,0,0,9,0
2229,0,0,0,0.7718848969179776,red,False,False,0,0,6,0
2230,0,0,0,0.7804932186830019,red,False,False,0,0,12,0
2231,0,0,0,0.6750508462492889,red,False,False,0,0,7,0
2232,0,0,0,0.7304323099626319,red,False,False,0,0,10,0
2233,0,0,0,0.9944940692689557,green,False,False,0,0,8,0
2234,0,0,0,0.8391654718912013,red,False,False,0,0,13,0
2235,0,0,0,0.8519208729415628,red,False,False,0,0,12,0
2236,0,0,0,0.6010143245758378,green,False,False,0,0,10,0
2237,0,0,0,0.6349261860963069,green,False,False,0,0,4,0
2238,0,0,0,0.5484427899766009,red,False,False,1,0,6,0
2239,1,0,1,0.6063453768445503,unknown,False,False,1,0,8,0
2240,1,0,1,0.7073049601465577,green,False,False,0,0,10,0
2241,1,0,1,0.6525330227539992,red,False,False,1,0,6,0
2242,1,0,1,0.6004083823283707,red,False,False,1,0,11,0
2243,1,0,1,0.5038171621196265,red,False,False,1,0,9,0
2244,2,0,2,0.44757307707401023,red,False,False,1,0,8,0
2245,2,0,2,0.4377516022310107,red,False,False,1,0,8,0
2246,2,0,2,0.43542589692147304,green,False,False,1,0,6,0
2247,1,0,1,0.5294470953262969,red,False,False,1,0,6,0
2248,1,0,1,0.5171622334987553,red,False,False,1,0,4,0
2249,1,0,1,0.7633981799601417,red,False,False,1,0,2,0
2250,1,0,1,0.7635724657035396,red,False,False,1,0,4,0
2251,1,0,1,0.4392214895594148,red,False,False,0,0,3,0
2252,1,0,1,0.3725447036439744,red,False,False,0,0,6,0
2253,0,0,0,0.25145479498211054,red,False,False,0,0,9,0
2254,0,0,0,0.3241832520610065,red,False,False,0,0,4,0
2255,0,0,0,0.39489038256759557,unknown,False,False,0,0,8,0
2256,0,0,0,0.41760554010595274,green,False,False,0,0,5,0
2257,0,0,0,0.5598198771070079,green,False,False,0,0,6,0
2258,0,0,0,0.5308646156952358,red,False,False,0,0,3,0
2259,0,0,0,0.6840985463024898,unknown,False,False,1,0,1,0
2260,0,0,0,0.6328797590851062,unknown,False,False,0,0,1,0
2261,0,0,0,0.3814019838538546,unknown,False,False,1,2,1,0
2262,1,1,2,0.6779668142875832,unknown,False,False,1,0,2,0
2263,1,0,1,0.5727623393996923,unknown,False,False,1,0,5,0
2264,1,0,1,0.5157816292615544,unknown,False,False,0,0,8,0
2265,2,0,2,0.6009211373242285,unknown,False,False,1,0,4,0
2266,2,0,2,0.5556473198189098,unknown,False,False,1,0,5,0
2267,1,0,1,0.9422126433139161,unknown,False,False,2,0,1,0
2268,2,0,2,0.7924217167762403,unknown,False,False,0,0,1,0
2269,2,0,2,0.38906694716910667,unknown,False,False,1,0,2,0
2270,1,0,1,0.2118154727099689,unknown,False,False,1,0,2,0
2271,1,0,1,0.2491826544111487,unknown,False,False,0,0,1,0
2272,0,0,0,0.2607137390510634,unknown,False,False,0,0,2,0
2273,0,0,0,0.4129657521842744,unknown,False,False,0,0,5,0
2274,0,0,0,0.4629516616701052,unknown,False,False,0,0,1,0
2275,0,0,0,0.42812600280939084,unknown,False,False,0,0,3,0
2276,0,0,0,0.5960069027311033,unknown,False,False,0,0,3,0
2277,0,0,0,0.7217575381457945,unknown,False,False,0,0,4,0
2278,0,0,0,0.7831643424527484,green,False,False,0,0,5,0
2279,0,0,0,0.6892920092560486,green,False,False,0,0,5,0
2280,0,0,0,0.636570487332838,red,False,False,0,0,5,0
2281,0,0,0,0.5118583867171836,red,False,False,1,0,6,0
2282,0,0,0,0.57665859788878,red,False,True,0,0,6,0
2283,0,0,0,0.6640062187089282,red,False,True,0,1,5,0
2284,0,0,0,0.4916512102918776,red,False,True,0,1,4,0
2285,0,0,0,0.8339167030704753,red,False,True,0,0,4,0
2286,0,0,0,0.7042237555381902,red,False,True,0,1,6,0
2287,0,0,0,0.5424951399452806,red,False,True,0,1,6,0
2288,0,0,0,0.6035174634872849,red,False,True,0,1,3,0
2289,0,0,0,1.232501787685261,red,False,True,0,0,2,0
2290,0,0,0,0.5721330704993435,red,False,True,1,1,4,0
2291,1,0,1,0.283101919473843,red,False,True,0,1,3,0
2292,0,0,0,0.9821657999142338,red,False,True,1,0,3,0
2293,0,0,0,1.358077634943309,red,False,True,0,1,3,0
2294,0,0,0,1.3230806153470744,red,False,True,0,0,3,0
2295,0,0,0,0.6742372997227227,red,False,True,0,1,3,0
2296,0,0,0,0.4139963625947667,red,False,True,0,1,2,0
2297,0,0,0,1.187062229334229,red,False,True,0,0,2,0
2298,0,0,0,0.8898129814436498,red,False,True,0,1,3,0
2299,0,0,0,0.3041624561380032,red,False,True,0,1,2,0
2300,0,0,0,0.4810709063001543,red,False,True,0,1,2,0
2301,0,0,0,1.8515873321446972,red,False,True,0,1,2,0
2302,1,0,1,1.4572117866070762,unknown,False,True,1,1,2,0
2303,2,0,2,0.4721423771342559,red,False,True,1,1,1,0
2304,2,0,2,0.4574122304864432,red,False,True,0,1,1,1
2305,1,0,1,0.3200257247514821,red,False,True,0,1,2,0
2306,1,0,1,0.3672704975944397,unknown,False,True,0,1,1,0
2307,0,0,0,0.2807338437505512,unknown,False,False,1,2,0,0
2308,0,0,0,0.0,unknown,False,False,0,2,0,0
2309,0,0,0,0.0,unknown,False,False,0,1,0,0
2310,0,0,0,0.0,unknown,False,False,0,1,0,0
2311,2,0,2,0.3004381976250782,unknown,False,False,2,0,2,0
2312,2,0,2,0.32743895166959797,unknown,False,False,0,0,2,0
2313,1,0,1,0.3246350431549525,unknown,False,False,0,0,0,0
2314,0,0,0,0.0,unknown,False,False,0,0,0,0
2315,0,0,0,0.0,unknown,False,False,0,0,0,0
2316,0,0,0,0.0,unknown,False,False,0,0,0,0
2317,0,0,0,0.0,unknown,False,False,0,0,0,0
2318,0,0,0,0.0,red,False,False,0,0,2,0
2319,0,0,0,0.13674803213731768,red,False,False,0,0,2,0
2320,0,0,0,0.3501040413878378,unknown,False,False,0,0,3,0
2321,0,0,0,0.3759003708555908,yellow,False,False,1,0,2,0
2322,0,0,0,0.38847960642301377,yellow,False,True,1,0,2,0
2323,2,0,2,0.7484535560029179,yellow,False,True,4,1,3,0
2324,3,0,3,0.8437045893921765,yellow,False,True,1,1,2,0
2325,0,1,1,0.8720206545543707,yellow,False,True,1,2,1,0
2326,2,0,2,1.0925654825290996,yellow,False,True,1,2,1,0
2327,3,0,3,0.8857585465749285,unknown,False,True,1,2,1,0
2328,1,0,1,0.527836248925859,unknown,False,True,2,1,0,0
2329,1,0,1,1.2774657380586902,unknown,False,False,3,1,0,0
2330,3,0,3,0.0,unknown,False,False,2,1,0,0
2331,3,0,3,0.0,unknown,False,False,3,1,0,1
2332,1,1,2,0.23828848295152585,unknown,False,False,3,0,1,1
2333,5,0,5,0.23291836526498444,unknown,False,False,4,1,1,1
2334,5,1,6,0.16472816893175174,unknown,True,True,4,1,1,1
2335,4,0,4,0.16889557189958534,unknown,False,False,2,1,3,0
2336,4,0,4,0.5436584745564763,unknown,False,False,3,1,1,0
2337,5,0,5,0.3121618230344218,unknown,False,False,1,1,1,0
2338,3,0,3,0.0,unknown,False,False,2,1,0,0
2339,2,0,2,0.0,unknown,False,False,1,1,0,1
2340,2,0,2,0.0,unknown,False,False,0,1,0,0
2341,1,0,1,0.0,unknown,False,False,0,1,0,0
2342,0,0,0,0.0,unknown,False,False,0,1,1,0
2343,0,0,0,0.11441218871444751,unknown,False,False,0,1,0,0
2344,0,0,0,0.19333290053131436,red,False,True,0,1,2,0
2345,0,0,0,0.255913872680142,red,False,True,1,1,1,0
2346,2,0,2,0.6343374502056066,unknown,False,True,2,1,1,0
2347,2,1,3,0.524151808974657,red,False,True,2,1,2,0
2348,3,0,3,0.5009254754772484,unknown,False,True,0,2,1,0
2349,1,0,1,0.0,unknown,False,False,2,1,0,0
2350,3,2,5,0.0,unknown,False,False,6,2,0,1
2351,4,3,7,0.0,unknown,False,False,4,1,0,0
2352,4,1,5,0.0,unknown,False,False,1,2,0,0
2353,4,0,4,0.0,unknown,False,False,1,2,0,0
2354,2,0,2,0.0,unknown,False,False,0,2,0,0
2355,1,0,1,0.0,unknown,False,False,0,1,0,0
2356,0,0,0,0.0,unknown,False,False,0,1,0,0
2357,0,0,0,0.0,unknown,False,True,2,1,0,0
2358,5,0,5,0.0,unknown,True,True,5,1,1,0
2359,7,1,8,0.08601707511245438,unknown,False,False,9,1,1,1
2360,17,1,18,0.1132898564393131,red,True,True,12,2,1,0
2361,14,3,17,0.4775002533396423,unknown,True,True,10,2,1,0
2362,10,2,12,0.6537668850213355,red,True,True,6,1,0,0
2363,6,2,8,0.7017091737602938,unknown,True,True,4,2,1,0
2364,4,1,5,0.12055209787847034,unknown,False,False,1,3,1,0
2365,5,0,5,0.05545437161296835,unknown,False,False,3,2,0,0
2366,4,0,4,0.01175347424087994,unknown,False,False,2,3,1,0
2367,1,0,1,0.2618783437998326,unknown,False,False,1,1,1,0
2368,0,0,0,0.13230510947041144,unknown,False,False,0,2,0,0
2369,0,0,0,0.0,unknown,False,False,0,1,0,0
2370,0,0,0,0.1521920125523007,unknown,False,True,1,1,0,0
2371,1,0,1,0.16245009297440444,unknown,False,False,1,1,0,0
2372,1,0,1,0.0,unknown,False,False,1,1,0,0
2373,2,1,3,0.0,unknown,False,False,2,1,0,0
2374,5,0,5,0.0,unknown,False,False,5,2,0,0
2375,5,0,5,0.0,unknown,False,False,5,2,0,0
2376,7,0,7,0.0,unknown,False,False,6,1,0,0
2377,6,1,7,0.0,unknown,True,True,4,1,1,0
2378,7,0,7,0.0,red,True,True,3,1,2,0
2379,4,0,4,0.5333506155654194,red,False,True,3,1,2,0
2380,4,0,4,0.35768449361988996,red,False,True,2,1,1,0
2381,4,0,4,0.40428619388745607,green,False,True,2,1,1,0
2382,4,0,4,0.27475119064595416,red,False,True,4,2,0,0
2383,4,0,4,0.27881880526006225,red,False,True,4,2,1,0
2384,4,0,4,0.36050460948330004,red,False,True,3,1,2,0
2385,4,0,4,0.32139879638924845,red,False,True,2,1,3,0
2386,4,0,4,0.6943033510003418,unknown,False,True,2,1,4,0
2387,3,0,3,0.7524983861616436,red,False,True,2,2,2,0
2388,3,0,3,0.5642238514307084,red,False,True,3,1,5,0
2389,4,0,4,0.6035049963580842,green,False,True,3,2,5,0
2390,3,0,3,0.8898956126387416,green,False,True,3,2,4,0
2391,4,0,4,0.40261161995679773,red,False,True,2,2,3,0
2392,4,0,4,0.21637483283919928,red,False,True,4,2,2,0
2393,4,0,4,0.5040164876990527,red,False,True,3,1,5,0
2394,4,0,4,0.47310625337421436,red,False,True,2,1,4,0
2395,3,0,3,0.7213141674912712,red,False,True,3,1,3,0
2396,4,0,4,1.0843843157392086,unknown,False,True,4,2,4,0
2397,4,0,4,0.3695564778242941,red,False,True,4,3,2,0
2398,4,0,4,0.35506331948755876,red,False,True,3,2,2,0
2399,4,0,4,0.2930615987530398,red,False,True,4,3,1,0
2400,4,0,4,0.3920492928767474,green,False,True,4,4,1,0
2401,4,0,4,0.3958595707225182,red,False,True,6,3,1,0
2402,5,0,5,0.43266210844323205,unknown,True,True,4,3,1,0
2403,5,0,5,1.0174129962596967,red,True,True,2,2,0,0
2404,4,0,4,0.0,unknown,False,True,3,2,0,0
2405,3,0,3,0.0,unknown,False,False,2,2,0,0
2406,3,0,3,0.0,yellow,False,False,1,2,0,0
2407,2,0,2,0.0481827488336375,unknown,False,False,1,1,0,0
2408,2,0,2,0.08171806862417688,unknown,False,False,1,1,1,0
2409,2,0,2,0.3228924507059666,unknown,False,False,0,0,3,0
2410,2,0,2,0.5715184436715429,unknown,False,False,3,0,3,0
2411,5,1,6,1.9754485463317668,unknown,False,False,8,0,3,0
2412,3,5,8,0.42891457482419365,unknown,False,False,8,0,3,0
2413,8,2,10,0.4668010482674285,unknown,True,False,3,0,3,0
2414,6,0,6,0.7893298991343037,unknown,False,False,0,1,1,0
2415,4,0,4,0.818759233079043,unknown,False,False,2,1,2,0
2416,0,2,2,0.8205942937119066,red,False,True,2,2,2,0
2417,3,0,3,0.8620416345805116,unknown,False,True,1,2,9,0
2418,2,0,2,1.0710926434769366,unknown,False,False,1,2,5,0
2419,1,0,1,1.1460806612926842,unknown,False,True,2,1,2,0
2420,2,0,2,0.40585216734140095,unknown,False,False,3,1,4,0
2421,5,1,6,0.4252729858267029,unknown,False,False,3,1,0,0
2422,5,1,6,0.24591061423310515,unknown,False,False,1,0,1,0
2423,5,0,5,0.14817710687405064,unknown,False,False,2,1,0,0
2424,2,0,2,0.0,unknown,False,False,0,1,0,0
2425,0,0,0,0.0,unknown,False,False,0,1,0,0
2426,0,0,0,0.0,unknown,False,False,0,1,0,0
2427,0,0,0,0.0,unknown,False,False,0,1,0,0
2428,0,0,0,0.0,unknown,False,True,0,1,0,0
2429,0,0,0,0.0,unknown,False,False,0,0,0,0
2430,0,0,0,0.9527810232003999,unknown,False,False,2,0,4,0
2431,0,0,0,1.099927185707913,unknown,False,False,1,0,3,0
2432,1,0,1,0.7372694840481967,red,False,False,1,0,3,0
2433,2,0,2,0.6634528407960004,red,False,True,2,0,4,0
2434,3,0,3,0.46175472014502084,red,False,True,1,1,5,0
2435,3,0,3,0.7658467998619929,red,False,True,3,0,4,0
2436,3,0,3,0.5534718647182129,yellow,False,True,2,1,5,0
2437,3,0,3,0.9854716726871683,red,False,False,3,0,5,0
2438,4,0,4,0.8371033030857525,red,False,True,4,0,3,0
2439,6,0,6,0.5614864901841895,red,True,True,5,1,3,0
2440,4,0,4,0.48774348119829863,red,False,True,3,1,2,0
2441,4,0,4,0.3178340651755961,red,False,True,3,1,2,0
2442,1,0,1,0.4071858936352317,unknown,False,True,2,1,1,0
2443,2,0,2,0.1925465797090224,unknown,False,False,0,1,1,0
2444,1,0,1,0.2256893710407765,unknown,False,False,0,1,1,0
2445,0,0,0,0.4987223370637763,unknown,False,False,0,1,1,0
2446,0,0,0,1.3786094411393712,unknown,False,False,0,1,1,0
2447,0,0,0,2.7975149403669293,unknown,False,False,0,0,1,0
2448,0,0,0,0.8028866926670785,unknown,False,False,0,0,1,0
2449,0,0,0,0.28432959892682325,unknown,False,False,1,0,1,1
2450,0,0,0,0.13776593854027766,unknown,False,False,0,0,0,0
2451,1,0,1,0.11334843300373844,unknown,False,False,1,0,0,0
2452,1,0,1,0.0,unknown,False,False,1,0,1,0
2453,1,0,1,0.3637341879378287,unknown,False,False,1,0,6,0
2454,3,0,3,0.5279372944151393,unknown,False,False,1,0,9,0
2455,2,0,2,0.6168975528071748,unknown,False,False,0,0,8,0
2456,0,0,0,0.7562205654237755,unknown,False,False,0,0,9,0
2457,0,0,0,0.7566533706960522,green,False,False,0,0,7,0
2458,0,0,0,0.5147489801403685,green,False,False,2,0,13,0
2459,3,0,3,0.4923445187504613,red,False,False,2,0,7,0
2460,2,0,2,0.6455610513091513,green,False,False,1,0,9,0
2461,3,0,3,0.6375951541485194,green,False,False,2,0,10,0
2462,4,0,4,0.7259724863005116,green,False,False,2,0,11,0
2463,3,0,3,0.8119992854204453,green,False,False,2,0,11,0
2464,2,0,2,0.6023186117396663,green,False,False,2,0,12,0
2465,4,0,4,0.5430728457817555,green,False,False,2,0,9,0
2466,2,0,2,0.6932607630557868,green,False,False,1,0,8,0
2467,3,0,3,0.6941594566534393,green,False,False,2,0,11,0
2468,2,0,2,0.8933739680378779,green,False,False,2,0,9,0
2469,2,0,2,0.7535036739453583,green,False,False,2,0,8,0
2470,2,0,2,0.8523087038393834,green,False,False,2,0,10,0
2471,2,0,2,0.9627797996093982,green,False,False,3,0,10,0
2472,3,0,3,0.615157766783794,red,False,False,3,0,7,0
2473,3,0,3,0.6343192428151615,red,False,False,4,0,10,0
2474,4,0,4,0.7130190434031646,unknown,False,False,3,0,5,0
2475,3,0,3,0.7920688495601601,red,False,False,3,0,4,0
2476,3,0,3,0.7434456855714003,red,False,False,4,0,3,0
2477,4,0,4,0.6930854384325994,red,False,True,3,0,1,0
2478,3,0,3,0.41138349845250843,red,False,True,2,0,3,0
2479,3,0,3,0.33440576041301423,unknown,False,False,1,0,7,0
2480,2,0,2,0.40857632220404505,green,False,False,1,0,7,0
2481,1,0,1,0.397787470446473,green,False,False,2,0,7,0
2482,2,0,2,0.4585319896500178,red,False,False,2,0,4,0
2483,4,0,4,0.45435390888368044,red,False,False,2,0,3,0
2484,2,0,2,0.6292426377408491,unknown,False,True,2,0,1,1
2485,1,0,1,1.4626945379647953,unknown,False,False,0,0,1,0
2486,0,0,0,3.7286465247596263,unknown,False,False,0,1,2,0
2487,0,0,0,0.34880515552525804,unknown,False,False,1,0,1,0
2488,1,0,1,0.37930355009422917,unknown,False,False,2,0,0,0
2489,3,0,3,0.0,unknown,False,False,1,0,0,0
2490,0,0,0,0.0,unknown,False,False,1,0,0,0
2491,0,0,0,0.0,unknown,False,False,0,0,0,0
2492,2,0,2,0.0,unknown,False,False,2,0,1,0
2493,3,0,3,0.3771230161653817,unknown,False,False,1,0,0,0
2494,1,0,1,0.4607727543176346,unknown,False,False,0,0,0,0
2495,0,0,0,0.0,unknown,False,False,0,0,1,0
2496,0,0,0,0.0,unknown,False,False,1,0,1,0
2497,1,0,1,0.2523664070897407,unknown,False,False,1,0,2,0
2498,2,0,2,0.5757506732761726,unknown,False,False,2,0,3,0
2499,1,0,1,0.428716913969256,unknown,False,False,0,0,3,0
2500,1,0,1,0.5895277932007192,unknown,False,False,1,0,4,0
2501,1,0,1,0.7234518982895897,unknown,False,False,1,0,7,0
2502,1,0,1,0.6794433245176156,red,False,False,0,0,4,0
2503,0,0,0,0.6662446892882902,red,False,False,1,0,6,0
2504,0,0,0,1.1614872961981757,red,False,False,0,0,7,0
2505,0,0,0,0.7931542908491307,red,False,False,1,0,6,0
2506,0,0,0,0.8256803849825953,green,False,False,1,0,7,0
2507,0,0,0,0.7073378307009217,red,False,False,1,0,4,0
2508,1,0,1,0.255752282849406,red,False,False,1,0,3,0
2509,1,0,1,0.12740956651309743,red,False,False,1,0,4,0
2510,1,0,1,0.1495497786215398,green,False,False,0,0,2,0
2511,1,0,1,0.18406278796402598,red,False,True,0,1,1,0
2512,0,0,0,0.13472372236794222,red,False,True,1,1,0,0
2513,0,0,0,0.22107074122469728,green,False,True,0,1,2,0
2514,0,0,0,0.31626057066621555,red,False,True,1,1,1,0
2515,1,0,1,0.3936372465043671,red,False,True,1,1,2,1
2516,0,1,1,0.4485422479454547,red,False,True,1,0,1,1
2517,1,0,1,0.6135085758645471,red,False,False,1,0,2,0
2518,2,0,2,0.6953422582268609,unknown,False,False,0,0,0,0
2519,1,0,1,0.5380283361458579,unknown,False,False,1,0,0,1
2520,0,0,0,0.0,unknown,False,False,0,0,0,0
2521,0,0,0,0.0,unknown,False,False,0,0,0,0
2522,0,0,0,0.0,unknown,False,False,0,0,0,0
2523,0,0,0,0.10696051244500623,unknown,False,False,0,0,1,0
2524,0,0,0,0.21430284190305313,unknown,False,False,0,0,0,0
2525,1,0,1,0.045189286965493125,unknown,False,False,1,0,2,0
2526,1,0,1,0.0,unknown,False,False,1,0,0,0
2527,1,0,1,0.0,unknown,False,False,1,0,0,0
2528,1,0,1,0.0,unknown,False,False,1,0,1,0
2529,1,0,1,0.0,unknown,False,False,0,0,0,0
2530,1,0,1,0.0,unknown,False,False,2,0,0,0
2531,0,1,1,0.5438494640152749,red,False,False,2,0,2,0
2532,1,1,2,0.5715213704927676,red,False,False,1,0,3,0
2533,1,0,1,0.8112908649270262,unknown,False,False,0,0,1,0
2534,1,0,1,1.2360848489070984,unknown,False,False,0,0,0,0
2535,0,0,0,0.0,unknown,False,False,0,0,0,0
2536,0,0,0,0.507261173103963,unknown,False,False,0,0,5,0
2537,0,0,0,0.9123390820999174,unknown,False,False,0,0,2,0
2538,1,0,1,0.4906838241873887,unknown,False,False,1,0,1,0
2539,4,0,4,0.3011762773263111,unknown,False,False,2,0,1,0
2540,2,1,3,0.3995239630805015,unknown,False,False,2,0,2,0
2541,2,1,3,0.6539033596117421,unknown,False,False,2,0,3,0
2542,2,0,2,1.0410424097993232,unknown,False,False,1,0,3,0
2543,2,0,2,1.4306422508124967,unknown,False,False,0,0,3,0
2544,2,0,2,1.0048878506370806,unknown,False,False,0,0,4,0
2545,0,0,0,0.8511794959471816,unknown,False,False,1,0,6,0
2546,0,0,0,1.0390568621570255,unknown,False,False,0,0,3,0
2547,0,0,0,0.9587183045395401,unknown,False,False,0,0,6,0
2548,0,0,0,0.8192438235856144,red,False,False,0,0,5,0
2549,0,0,0,0.6485398522023227,red,False,False,0,0,3,0
2550,0,0,0,0.6810465457465441,green,False,True,0,1,2,0
2551,0,0,0,0.736605235616819,red,False,True,0,0,2,0
2552,0,0,0,0.6739007815901654,red,False,True,0,0,2,0
2553,0,0,0,0.42733623781215063,unknown,False,False,0,0,2,0
2554,0,0,0,1.2585705689816507,unknown,False,False,0,0,3,0
2555,1,0,1,2.0117643629655415,unknown,False,False,1,0,4,0
2556,0,1,1,0.987927469573252,unknown,False,False,1,0,5,0
2557,1,0,1,1.291855215594535,unknown,False,False,0,0,6,0
2558,1,0,1,1.1960170089066762,unknown,False,False,1,0,6,0
2559,1,0,1,1.2734606544341496,unknown,False,False,0,0,6,0
2560,1,0,1,1.1013272040160729,unknown,False,False,0,0,9,0
2561,0,0,0,0.7027063517971505,unknown,False,False,0,0,9,0
2562,0,0,0,0.800905601102102,unknown,False,False,0,0,7,0
2563,0,0,0,1.129219450661655,unknown,False,False,0,0,6,0
2564,0,0,0,1.1071906398914104,unknown,False,False,0,0,6,0
2565,0,0,0,1.1434752633825185,unknown,False,False,0,0,8,0
2566,0,0,0,0.9855917401610402,unknown,False,False,0,0,11,0
2567,0,0,0,0.8323054174132091,unknown,False,False,0,0,15,0
2568,0,0,0,0.8733512090779355,unknown,False,False,0,1,14,0
2569,0,0,0,1.0815676742144458,unknown,False,False,0,1,10,0
2570,0,0,0,0.8231682564727681,unknown,False,False,0,1,15,0
2571,0,0,0,0.5766144311633783,unknown,False,False,0,1,15,0
2572,0,0,0,0.36660403993663065,unknown,False,False,0,0,17,0
2573,0,0,0,0.28539029255982873,unknown,False,False,0,0,12,0
2574,0,0,0,0.4371992007423369,unknown,False,False,0,0,12,0
2575,0,0,0,0.5842901459047158,unknown,False,False,0,0,15,0
2576,0,0,0,0.6846836683391148,unknown,False,False,0,0,17,0
2577,0,0,0,0.8227361727675165,unknown,False,False,0,0,17,0
2578,0,0,0,0.6529271657284873,unknown,False,False,0,0,17,0
2579,0,0,0,0.6560380789541033,unknown,False,False,0,0,14,0
2580,0,0,0,0.9262361486711584,unknown,False,False,0,0,7,0
2581,0,0,0,0.9534605355867171,unknown,False,False,0,0,9,0
2582,0,0,0,0.5969836033417202,unknown,False,False,0,0,8,0
2583,0,0,0,0.8659344219717408,unknown,False,False,0,1,8,0
2584,0,0,0,0.5969383184127833,unknown,False,False,2,0,13,0
2585,0,0,0,0.5187485770186292,unknown,False,False,0,0,10,0
2586,0,0,0,0.790787739934905,unknown,False,False,0,0,10,0
2587,0,0,0,0.9309930317232408,unknown,False,False,0,1,7,0
2588,0,0,0,0.965433440313522,unknown,False,False,0,1,6,0
2589,0,0,0,1.4478796847927808,unknown,False,False,0,2,2,0
2590,0,0,0,1.0663491911598542,unknown,False,False,0,1,3,0
2591,0,0,0,0.345739421123792,unknown,False,False,0,2,3,0
2592,0,0,0,0.15147767272042412,unknown,False,False,0,1,1,0
2593,0,0,0,0.5656599412913087,yellow,False,False,0,0,1,0
2594,0,0,0,0.364948335202107,yellow,False,False,0,0,2,0
2595,0,0,0,0.2899253813112049,unknown,False,False,0,0,4,0
2596,0,0,0,0.3242674939325394,unknown,False,False,0,0,5,0
2597,0,0,0,0.41717296162456696,unknown,False,False,0,0,4,0
2598,0,0,0,0.4522253460758186,unknown,False,False,0,0,3,0
2599,0,0,0,0.4385388608426033,red,False,False,0,0,9,0
2600,0,0,0,0.43669790110596224,green,False,False,0,0,7,0
2601,0,0,0,0.3685811255525461,unknown,False,False,0,0,4,0
2602,0,0,0,0.3162687066482398,yellow,False,False,0,0,6,0
2603,0,0,0,0.250870473259023,unknown,False,False,0,0,5,0
2604,0,0,0,0.29874373668890514,unknown,False,False,0,0,3,0
2605,0,0,0,0.37570425759289594,unknown,False,False,0,0,4,0
2606,0,0,0,0.2533290500527016,unknown,False,False,0,0,4,0
2607,0,0,0,0.3258724014168584,unknown,False,False,0,0,9,0
2608,0,0,0,0.4322469464668461,unknown,False,False,0,0,7,0
2609,0,0,0,0.5061284391345504,unknown,False,False,0,0,6,0
2610,0,0,0,0.445900209578063,red,False,False,0,0,7,0
2611,0,0,0,0.2726320439015112,unknown,False,False,0,0,9,0
2612,0,0,0,0.2538412491323983,red,False,False,0,0,6,0
2613,0,0,0,0.18248485441775478,red,False,True,0,0,3,0
2614,1,0,1,0.2567718172295192,red,False,True,1,0,5,0
2615,1,0,1,0.324648396341129,red,False,False,1,0,4,0
2616,2,0,2,0.31378995736731674,red,False,False,1,0,4,0
2617,2,0,2,0.3367783988532149,red,False,False,2,0,5,0
2618,2,0,2,0.36257858125801207,unknown,False,False,1,0,6,0
2619,2,0,2,0.5962627867083283,unknown,False,False,0,0,5,0
2620,1,0,1,0.9312858238699868,unknown,False,False,0,0,3,0
2621,0,0,0,0.7891623509547459,unknown,False,False,0,0,5,0
2622,0,0,0,0.8176318071722102,unknown,False,False,0,0,5,0
2623,0,0,0,0.47209407256136776,unknown,False,False,0,0,5,0
2624,0,0,0,0.5532163384068475,unknown,False,False,0,0,5,0
2625,0,0,0,0.8194356524454967,unknown,False,False,0,0,4,0
2626,0,0,0,0.9961296545689156,unknown,False,False,0,0,4,0
2627,0,0,0,0.5402240917889187,unknown,False,False,0,0,5,0
2628,0,0,0,0.41242413150083435,unknown,False,False,1,0,4,0
2629,0,0,0,0.421640254818798,unknown,False,False,0,0,4,0
2630,0,0,0,0.5451162690327294,unknown,False,False,0,0,2,0
2631,0,0,0,0.3492672239099605,unknown,False,False,0,0,2,0
2632,0,0,0,0.30415343225785807,unknown,False,False,1,0,3,0
2633,1,0,1,0.33014427298696447,unknown,False,False,1,0,3,0
2634,0,1,1,0.4676103612182412,unknown,False,False,1,0,2,0
2635,1,0,1,0.5844002940243629,unknown,False,False,0,0,0,0
2636,1,0,1,0.6225502654506094,red,False,False,1,0,0,0
2637,0,0,0,0.6194261391240831,red,False,False,0,0,3,0
2638,1,0,1,1.1125659234835856,red,False,False,0,0,3,0
2639,0,0,0,0.6257021889558835,red,False,True,0,0,2,0
2640,0,0,0,0.4620137783663103,unknown,False,True,0,0,2,0
2641,0,0,0,0.23646811787283964,unknown,False,False,0,1,2,0
2642,1,0,1,0.3600938526695564,unknown,False,False,0,0,0,0
2643,0,0,0,0.0,unknown,False,False,0,0,0,0
2644,0,0,0,0.0,unknown,False,False,0,0,0,0
2645,0,0,0,0.0,unknown,False,False,1,0,0,0
2646,1,0,1,0.0,unknown,False,False,2,0,0,0
2647,3,0,3,0.0,unknown,False,False,1,0,0,0
2648,2,0,2,0.0,unknown,False,False,2,0,0,0
2649,3,0,3,0.0,unknown,False,False,2,0,0,0
2650,3,0,3,0.43842445036657374,unknown,False,False,2,0,3,0
2651,2,1,3,0.5775150702628867,unknown,False,False,2,0,6,0
2652,2,0,2,0.6653190720101617,red,False,False,1,0,5,0
2653,2,0,2,0.8771070791939264,unknown,False,False,0,0,4,0
2654,1,0,1,0.9759808414305623,unknown,False,False,1,0,2,0
2655,1,0,1,0.6736539979342812,unknown,False,False,0,0,2,0
2656,0,0,0,0.5217066616509323,unknown,False,False,0,0,0,0
2657,0,0,0,0.31289026926467856,unknown,False,False,0,0,1,0
2658,0,0,0,0.17870811927016095,unknown,False,False,0,0,2,0
2659,0,0,0,0.1137542267628862,unknown,False,False,0,0,0,0
2660,0,0,0,0.0,unknown,False,False,0,0,0,0
2661,0,0,0,0.0,unknown,False,False,0,0,0,0
2662,2,0,2,0.3482031306275851,unknown,False,False,2,0,0,0
2663,4,0,4,0.2749050227576568,unknown,False,False,4,0,0,0
2664,2,0,2,1.167127550827229,unknown,False,False,1,0,1,0
2665,3,0,3,0.8730299588216921,red,False,False,1,0,3,0
2666,1,0,1,0.7185496118317504,red,False,False,0,0,3,0
2667,1,0,1,0.8541037275618312,unknown,False,False,0,0,2,0
2668,1,0,1,1.0734349576263311,unknown,False,False,1,0,1,0
2669,2,0,2,0.7632067358587366,unknown,False,False,1,0,1,0
2670,0,0,0,0.4014054659030956,unknown,False,False,1,0,0,0
2671,0,1,1,0.17156114433002323,unknown,False,False,1,0,1,1
2672,1,0,1,0.4121713749037024,unknown,False,False,0,0,1,0
2673,1,0,1,2.3825933705786917,unknown,False,False,0,0,1,0
2674,0,0,0,2.030933324623521,unknown,False,False,3,0,2,0
2675,3,0,3,0.4080016494887357,unknown,False,False,2,0,1,0
2676,2,1,3,0.21500494184585342,unknown,False,False,1,0,1,0
2677,3,1,4,0.11897520008129864,unknown,False,False,4,0,1,0
2678,3,1,4,0.09040467402416545,unknown,False,False,2,0,3,0
2679,3,1,4,0.3296791131963917,unknown,False,False,3,0,2,0
2680,2,0,2,0.693566572290524,unknown,False,False,1,0,4,0
2681,2,0,2,0.7936889720043229,green,False,True,3,1,3,0
2682,2,0,2,0.34511252812100535,red,False,True,2,1,6,0
2683,2,0,2,0.4188228623937768,red,False,True,1,1,6,0
2684,1,0,1,0.7614932339570868,yellow,False,True,1,1,10,0
2685,1,0,1,0.7714924761056312,red,False,True,1,1,5,0
2686,2,0,2,0.8440694154444824,red,False,True,2,1,4,0
2687,2,0,2,1.2265378821413733,red,False,True,1,1,3,0
2688,3,0,3,0.948991564944945,red,False,True,2,2,4,0
2689,2,0,2,0.7878620238552018,red,False,True,2,1,3,0
2690,2,0,2,0.8882910436889762,red,False,True,2,2,2,0
2691,3,0,3,0.31958144346453127,red,False,True,2,2,5,0
2692,2,0,2,0.3116853534495986,red,False,True,2,2,5,0
2693,3,0,3,0.36317656660764264,red,False,True,1,1,8,0
2694,6,0,6,0.30335962926101445,red,False,True,2,1,8,0
2695,4,0,4,0.371941271619374,green,False,True,4,1,4,0
2696,4,0,4,0.45171191674359285,red,False,True,3,3,3,0
2697,3,2,5,0.43267140445543245,red,False,True,3,2,0,0
2698,2,2,4,0.56777300266101,unknown,False,True,1,2,3,0
2699,3,0,3,0.8005256322031621,unknown,False,False,1,3,1,0
2700,2,0,2,0.3820193883967152,unknown,False,False,1,2,2,0
2701,0,0,0,0.11144900800434378,unknown,False,True,0,3,2,0
2702,0,0,0,0.21278318707031207,unknown,False,True,0,2,2,1
2703,0,1,1,0.2935954094271779,unknown,False,True,1,1,3,4
2704,1,1,2,0.46797755960381476,unknown,False,False,2,0,3,2
2705,2,0,2,0.9608192243596858,unknown,False,False,2,0,4,1
2706,2,0,2,0.9580319725275595,unknown,False,False,1,0,2,0
2707,2,0,2,0.6059431731680333,unknown,False,False,2,0,0,0
2708,4,0,4,0.45828234161127335,unknown,False,False,3,0,0,0
2709,4,0,4,0.22156605812324956,unknown,False,False,3,0,2,0
2710,3,1,4,0.3034732083313169,unknown,False,False,2,1,2,0
2711,5,0,5,0.500014683351882,red,False,False,2,0,4,0
2712,4,0,4,0.774084763617717,unknown,False,False,3,0,5,0
2713,4,0,4,0.6462764521478771,unknown,False,False,2,0,5,0
2714,4,0,4,0.6103981313107091,red,False,True,3,1,8,0
2715,6,0,6,0.6071344439735856,red,True,True,4,0,6,0
2716,5,0,5,0.6568644998066535,red,True,True,5,1,7,0
2717,5,0,5,0.6085659655747748,red,True,True,4,0,3,0
2718,5,0,5,0.4514230023934264,unknown,True,True,3,1,4,0
2719,6,0,6,0.3048706045777889,red,True,True,6,1,6,0
2720,8,0,8,0.2891514581566726,red,True,True,5,1,6,0
2721,9,0,9,0.401873662900344,red,True,True,7,1,7,0
2722,9,0,9,0.4576828310234819,yellow,True,True,4,1,5,0
2723,8,0,8,0.42721795558153736,unknown,True,True,4,0,5,0
2724,6,0,6,0.6146104561388572,red,True,True,5,0,9,0
2725,7,0,7,0.41725696434177345,red,True,True,7,0,5,0
2726,8,0,8,0.24783915130530598,red,True,True,6,1,6,0
2727,7,0,7,0.2219788398313156,yellow,True,True,4,1,6,0
2728,7,0,7,0.3204569363774301,red,True,True,7,1,4,0
2729,7,0,7,0.42558826042795794,red,True,True,6,1,5,0
2730,5,0,5,0.5080193671857262,red,True,True,2,1,6,0
2731,7,0,7,0.7150790920471178,unknown,True,True,3,1,3,0
2732,6,0,6,0.9584528068448478,unknown,True,True,4,1,4,0
2733,3,0,3,0.7363730891138602,unknown,False,True,1,2,2,0
2734,2,0,2,0.2932769675693481,unknown,False,False,1,2,1,0
2735,1,0,1,0.1678676759162322,unknown,False,False,2,1,1,0
2736,3,0,3,0.14885718870225245,unknown,False,False,3,1,1,1
2737,2,1,3,0.1651764191382097,unknown,False,False,3,0,2,0
2738,5,0,5,0.16101386224780373,unknown,False,False,0,0,2,0
2739,4,0,4,0.182097758706449,unknown,False,False,1,0,2,0
2740,1,1,2,0.11541100330818971,unknown,False,False,2,1,2,1
2741,2,0,2,0.17459699301494191,yellow,False,False,1,1,1,0
2742,1,0,1,0.15192173349110838,unknown,False,False,0,1,0,0
2743,1,0,1,0.21049281645681178,unknown,False,False,1,2,1,0
2744,0,0,0,0.3198480916976523,unknown,False,False,0,1,1,0
2745,0,0,0,0.5431045421321813,unknown,False,True,0,0,2,0
2746,0,0,0,0.6430010896036663,green,False,False,0,0,2,0
2747,1,0,1,0.6267009006024875,red,False,False,5,0,1,0
2748,6,0,6,0.6126896306947958,unknown,False,False,6,0,1,0
2749,7,0,7,0.14342046931091265,unknown,False,False,3,0,1,0
2750,4,0,4,0.27480846540830134,unknown,False,False,1,0,1,0
2751,0,0,0,0.26404534712189126,unknown,False,False,0,0,1,0
2752,0,0,0,0.17484022894398743,unknown,False,False,0,0,1,0
2753,0,0,0,0.2590477146107135,unknown,False,False,0,0,1,0
2754,0,0,0,0.2790425763172148,unknown,False,False,0,0,1,0
2755,1,0,1,0.15228594651068308,unknown,False,False,1,0,1,0
2756,2,1,3,0.23716189606994958,unknown,False,False,3,0,1,0
2757,2,1,3,0.12191887214325663,unknown,False,False,3,0,0,0
2758,2,0,2,0.5018315635624659,unknown,False,False,0,0,1,0
2759,2,0,2,0.7086619298075191,unknown,False,False,3,0,3,0
2760,5,0,5,1.0687511718509075,red,True,True,7,0,4,0
2761,9,1,10,0.916142309127986,unknown,True,False,9,0,4,0
2762,7,3,10,0.8272002563241067,red,True,False,6,0,3,0
2763,5,1,6,0.5312546854670191,unknown,True,False,9,0,4,0
2764,7,0,7,0.4787598144511633,unknown,False,False,3,0,3,0
2765,3,3,6,0.4538667461792857,unknown,False,False,4,0,1,0
2766,2,4,6,0.3291603676902417,unknown,False,False,6,0,1,0
2767,3,2,5,0.13739742480639303,unknown,True,False,3,0,1,0
2768,2,1,3,0.22033631296501938,unknown,False,False,1,0,2,0
2769,2,0,2,0.1560510866613215,unknown,False,False,0,0,1,0
2770,0,0,0,0.2692821987973284,unknown,False,False,0,0,2,0
2771,1,0,1,0.5986170844856288,unknown,False,False,4,0,2,0
2772,2,1,3,0.7525199274420992,unknown,False,False,5,0,3,1
2773,4,1,5,1.1804402406194885,unknown,False,False,2,0,3,0
2774,2,0,2,0.8528912441693838,unknown,False,False,4,0,4,0
2775,3,0,3,1.1058180131065358,red,False,False,4,0,7,0
2776,3,0,3,0.9545587667732583,green,False,False,2,0,9,0
2777,3,0,3,0.878268102944191,unknown,False,True,0,1,6,0
2778,1,0,1,0.8508018859240458,red,False,True,1,0,3,0
2779,2,0,2,0.5270832537182979,unknown,False,False,0,0,5,0
2780,0,0,0,0.5157781062763499,unknown,False,False,1,0,3,2
2781,1,0,1,0.4395837433522554,unknown,False,False,1,0,2,1
2782,1,0,1,0.1912839832980649,unknown,False,False,1,0,4,0
2783,1,0,1,0.23201176494707126,unknown,False,False,0,0,2,0
2784,0,0,0,0.18244026492582943,unknown,False,False,0,1,1,0
2785,0,0,0,0.18839452986740296,unknown,False,False,0,1,1,0
2786,0,0,0,0.1419628696671707,unknown,False,False,0,3,1,0
2787,1,0,1,0.4948420881503681,unknown,False,False,1,3,0,0
2788,0,1,1,0.33239512834219176,unknown,False,False,1,3,0,0
2789,1,0,1,0.05429422451832703,yellow,False,False,3,2,0,0
2790,3,0,3,0.3161187635718573,unknown,False,True,2,1,1,0
2791,6,0,6,0.44175238879512674,yellow,False,True,2,1,0,0
2792,3,0,3,1.1937546912517971,yellow,False,False,2,1,1,0
2793,3,0,3,0.44947236157487624,yellow,False,False,1,1,2,0
2794,1,0,1,0.6211011867738384,red,False,True,0,1,3,0
2795,1,0,1,0.4960543352226398,red,False,True,0,0,2,0
2796,1,0,1,0.3129973064018527,red,False,True,2,0,1,0
2797,0,0,0,0.19940189605915534,unknown,False,False,1,0,3,0
2798,1,1,2,0.2524985882555982,unknown,False,False,2,0,1,0
2799,3,1,4,0.20558510147879375,unknown,False,False,2,0,2,0
2800,2,0,2,0.30886720727203487,unknown,False,False,0,0,1,0
2801,1,0,1,0.2354217647043207,unknown,False,False,1,0,0,0
2802,0,0,0,0.19453635409695075,unknown,False,False,1,0,1,0
2803,0,0,0,0.3360730657950423,unknown,False,False,0,0,1,0
2804,2,0,2,0.2803632641178867,unknown,False,False,3,0,1,0
2805,2,1,3,0.4961600158958845,unknown,False,False,2,0,2,0
2806,2,0,2,0.2884042857796846,unknown,False,False,0,0,1,0
2807,0,0,0,0.2969744240881703,unknown,False,False,0,0,0,0
2808,0,0,0,0.30575751077732477,unknown,False,False,0,0,2,0
2809,0,0,0,0.4429406797052986,unknown,False,False,0,0,2,0
2810,0,0,0,0.48741325727219503,red,False,False,0,0,2,0
2811,0,1,1,0.7770528592575165,green,False,False,1,0,4,0
2812,2,1,3,0.859903000225152,red,False,False,2,0,4,0
2813,2,0,2,0.7417611058658687,red,False,False,0,0,3,0
2814,1,0,1,0.5593824697659157,unknown,False,False,0,0,2,0
2815,0,0,0,0.24140203824464157,unknown,False,False,3,0,2,0
2816,0,2,2,0.2317566501001409,unknown,False,False,2,0,3,0
2817,0,0,0,0.41460907574938516,unknown,False,False,0,0,1,0
2818,1,0,1,0.65082581742861,unknown,False,False,0,0,3,0
2819,1,0,1,0.9630832347424829,unknown,False,False,0,0,9,0
2820,0,0,0,0.8148532418718798,unknown,False,False,0,0,8,0
2821,0,0,0,0.743134067847113,unknown,False,False,3,1,9,0
2822,1,1,2,1.0503249726288066,unknown,False,False,1,1,3,0
2823,2,1,3,1.4860268456056165,unknown,False,False,2,2,2,0
2824,2,0,2,0.4086405665657546,unknown,False,False,4,2,4,0
2825,5,0,5,0.420276028696507,unknown,False,False,5,1,4,0
2826,4,0,4,0.777261565892189,unknown,False,False,2,1,10,0
2827,5,0,5,0.679008723998375,unknown,False,True,1,1,6,0
2828,3,0,3,0.6629943215238213,red,False,True,1,1,7,0
2829,3,0,3,0.638384452048472,red,False,True,1,1,10,0
2830,4,0,4,0.39991470800618234,yellow,False,True,3,1,15,0
2831,3,0,3,0.3366863927145498,red,False,True,2,1,10,0
2832,3,0,3,0.31886234744165537,red,False,True,2,1,12,0
2833,3,0,3,0.44597964518133065,red,False,True,2,1,11,0
2834,4,0,4,0.6975582014552226,red,False,True,3,1,11,0
2835,4,0,4,0.5779257555449624,green,False,True,4,1,8,0
2836,6,0,6,0.5423460277920665,red,True,True,3,1,7,0
2837,6,0,6,0.5483929986023103,unknown,True,True,0,1,11,0
2838,5,0,5,0.3582489867954548,unknown,False,True,0,1,7,0
2839,2,0,2,0.28130317122073806,unknown,False,True,1,1,4,0
2840,1,0,1,0.2454268385588095,unknown,False,False,0,2,1,0
2841,0,0,0,0.15514526941398,unknown,False,False,0,2,0,0
2842,0,0,0,0.12258577091121595,unknown,False,False,0,2,2,0
2843,0,0,0,0.08353186010521471,unknown,False,False,0,2,2,0
2844,0,0,0,0.04696112277728922,unknown,False,False,0,1,2,0
2845,0,0,0,0.1216348104549495,unknown,False,False,0,1,2,0
2846,0,0,0,0.10513325717722348,unknown,False,False,0,1,1,0
2847,0,0,0,0.0,unknown,False,False,0,1,1,0
2848,0,0,0,0.07470655593501357,unknown,False,True,0,1,2,0
2849,0,0,0,0.07649071178622915,unknown,False,True,0,1,0,0
2850,0,0,0,0.047580071185673,unknown,False,False,0,1,0,0
2851,0,0,0,0.07819584814718367,unknown,False,False,0,2,0,1
2852,0,0,0,0.09001523542977034,unknown,False,False,0,1,2,2
2853,0,0,0,0.20699614105244313,unknown,False,False,0,1,2,0
2854,0,0,0,0.3169177858461261,unknown,False,False,0,0,2,0
2855,0,0,0,0.22024861491871736,unknown,False,False,0,1,1,0
2856,0,0,0,0.0,unknown,False,False,0,1,1,0
2857,0,0,0,0.0,unknown,False,False,0,1,0,0
2858,0,0,0,0.0,unknown,False,False,0,2,1,0
2859,0,0,0,0.0597515402090098,unknown,False,False,0,2,0,0
2860,0,0,0,0.0,unknown,False,False,1,3,0,0
2861,0,0,0,0.0,unknown,False,False,0,3,1,0
2862,0,0,0,0.10763080368365996,unknown,False,False,0,3,0,0
2863,0,0,0,0.07054952612957605,unknown,False,True,0,3,1,0
2864,0,0,0,0.36516771846460455,red,False,True,0,3,1,0
2865,0,0,0,0.39155697325864114,unknown,False,True,0,2,1,0
2866,0,0,0,0.23897162345437817,red,False,True,0,2,2,0
2867,0,0,0,0.5482750352228972,red,False,True,0,2,0,0
2868,0,0,0,0.0,unknown,False,False,0,2,0,0
2869,0,0,0,0.0,unknown,False,False,0,4,0,0
2870,0,0,0,0.0,unknown,False,False,0,3,0,0
2871,0,0,0,0.0,unknown,False,True,0,2,0,0
2872,0,0,0,0.0,unknown,False,False,0,2,0,0
2873,0,0,0,0.3672948962506569,unknown,False,False,0,2,3,0
2874,0,0,0,0.6018033534539206,unknown,False,False,0,2,4,0
2875,0,0,0,1.4956317983664131,unknown,False,False,0,1,3,0
2876,0,0,0,1.77207322946178,unknown,False,False,0,2,7,0
2877,0,0,0,0.9931967694715942,unknown,False,False,0,1,9,0
2878,0,0,0,0.8408476471772813,unknown,False,False,1,0,8,0
2879,1,0,1,0.5353375570884404,unknown,False,False,0,0,8,0
2880,1,0,1,0.3848010309304734,yellow,False,False,1,0,9,0
2881,1,0,1,0.5352244901240172,red,False,True,1,2,13,0
2882,0,1,1,0.7934372923247244,red,False,True,2,3,19,0
2883,2,0,2,0.9553689616570841,unknown,False,True,1,1,16,0
2884,1,1,2,0.9301975198220688,unknown,False,False,1,0,16,0
2885,1,1,2,0.7872192996714089,unknown,False,True,0,1,13,0
2886,1,0,1,0.6134512337196917,unknown,False,True,0,1,15,0
2887,0,0,0,0.5617379579653,unknown,False,False,1,1,8,0
2888,0,0,0,0.7902956011797642,unknown,False,True,0,2,7,0
2889,0,0,0,0.9742492765375599,unknown,False,False,0,0,11,0
2890,0,0,0,1.017095238883022,unknown,False,False,0,0,7,0
2891,0,0,0,0.7655723016055191,unknown,False,False,0,0,8,0
2892,0,0,0,0.5836288551044244,unknown,False,False,0,0,6,0
2893,0,0,0,0.41537479930957205,unknown,False,False,0,0,5,0
2894,0,0,0,0.3743950598204342,unknown,False,False,0,0,7,0
2895,0,0,0,0.3947522662028719,yellow,False,False,0,0,7,0
2896,0,0,0,0.7383552421156491,red,False,False,0,0,9,0
2897,0,0,0,1.1575063969170247,unknown,False,False,0,0,11,0
2898,0,0,0,1.085963821040258,unknown,False,False,0,0,8,0
2899,0,0,0,0.6328904659956506,green,False,False,0,0,5,0
2900,0,0,0,0.9414445177970708,unknown,False,True,0,0,5,0
2901,0,0,0,0.905746780596124,unknown,False,False,0,0,6,0
2902,0,0,0,1.2200427154569033,unknown,False,False,0,1,9,0
2903,0,0,0,1.0591869567901167,unknown,False,False,0,0,5,0
2904,0,0,0,0.9589066153506773,unknown,False,False,0,1,7,0
2905,0,0,0,0.8675374659535313,unknown,False,False,0,2,6,0
2906,0,0,0,0.7458674485258946,unknown,False,False,0,1,8,0
2907,0,0,0,0.9223402198012066,unknown,False,False,0,0,11,0
2908,0,0,0,0.9496814086103159,unknown,False,False,0,0,10,0
2909,0,0,0,0.672960254321262,unknown,False,False,0,2,11,0
2910,0,0,0,0.5275400223641307,unknown,False,False,0,3,8,0
2911,0,0,0,0.6145347867489093,unknown,False,False,0,2,6,0
2912,0,0,0,0.8324061861416671,yellow,False,False,0,1,8,0
2913,1,0,1,0.6536037004496451,unknown,False,True,1,1,8,0
2914,1,0,1,0.5361139103027915,yellow,False,False,1,2,7,0
2915,1,0,1,0.4058072866398743,unknown,False,False,1,2,5,0
2916,1,0,1,0.47089294507595286,unknown,False,False,0,2,4,0
2917,0,0,0,0.2872803720762136,unknown,False,True,0,1,7,0
2918,1,0,1,0.402657784732261,unknown,False,False,1,1,7,0
2919,1,0,1,0.3962186315815587,unknown,False,False,1,0,11,0
2920,1,0,1,0.33833759739765096,unknown,False,False,1,0,10,0
2921,1,0,1,0.4103981431248729,unknown,False,False,1,0,9,0
2922,1,0,1,0.4817961262762773,red,False,False,1,0,11,0
2923,1,0,1,0.370717421508386,unknown,False,True,1,1,7,0
2924,1,0,1,0.36305376400999667,unknown,False,False,1,1,6,0
2925,1,0,1,0.3618616279073545,unknown,False,False,0,1,5,0
2926,1,0,1,0.37913522057199306,unknown,False,True,0,1,5,0
2927,0,0,0,0.4226539797837127,red,False,True,1,1,6,0
2928,0,0,0,0.3760883501603754,unknown,False,True,0,1,7,0
2929,0,0,0,0.5228945000036355,unknown,False,True,0,1,5,0
2930,0,0,0,0.6327283001367059,red,False,True,0,1,5,0
2931,0,0,0,0.8236799761515616,yellow,False,True,0,1,7,0
2932,0,0,0,0.5671021109426525,unknown,False,True,0,1,7,0
2933,0,0,0,0.45466559954941277,unknown,False,False,0,2,7,0
2934,1,0,1,0.3550548357908592,red,False,True,2,4,5,0
2935,0,1,1,0.5888657669375748,unknown,False,True,1,2,8,0
2936,1,0,1,0.7794542099113545,unknown,False,False,0,1,6,0
2937,1,0,1,0.8910417965505064,unknown,False,True,0,0,5,0
2938,0,0,0,1.037247785199554,unknown,False,False,0,1,6,0
2939,0,0,0,0.8249424803367758,unknown,False,False,0,1,9,0
2940,1,0,1,0.8826261126174528,red,False,True,2,1,6,0
2941,1,0,1,0.868292242745396,unknown,False,False,1,2,8,0
2942,0,1,1,0.8632038510539115,unknown,False,False,1,2,9,0
2943,1,0,1,0.7133632571860363,unknown,False,False,1,1,8,0
2944,1,0,1,0.6991770203101593,unknown,False,False,0,1,7,0
2945,0,0,0,0.6707952534238875,unknown,False,True,0,1,8,0
2946,1,0,1,0.5688786614183846,green,False,True,0,2,9,0
2947,0,0,0,0.380148878747682,red,False,True,1,2,8,0
2948,1,0,1,0.4414976617765753,unknown,False,True,2,1,9,0
2949,1,0,1,0.5160628653395635,unknown,False,True,1,0,7,0
2950,2,0,2,0.4108782358565316,red,False,False,2,0,6,0
2951,2,0,2,0.39706515711505136,unknown,False,False,0,0,6,0
2952,1,0,1,0.5039734305842627,unknown,False,False,0,0,10,1
2953,0,0,0,0.5479713122990532,unknown,False,False,0,0,6,3
2954,0,0,0,0.7947934066326132,unknown,False,False,0,0,5,0
2955,0,0,0,0.5987999284100547,unknown,False,False,0,0,6,0
2956,0,0,0,0.48953851242070323,unknown,False,False,0,0,6,0
2957,0,0,0,0.4523152277728537,unknown,False,False,0,0,3,0
2958,0,0,0,1.1522238289876705,unknown,False,False,0,1,2,0
2959,0,0,0,2.100848205329069,unknown,False,False,0,1,2,0
2960,0,0,0,1.2024937480139388,unknown,False,False,0,1,2,0
2961,0,0,0,0.5009226065061207,unknown,False,False,0,1,2,0
2962,0,0,0,0.23269122265583517,unknown,False,False,0,1,2,0
2963,0,0,0,0.6606829709207368,unknown,False,False,1,1,5,0
2964,1,0,1,0.6005731687020341,unknown,False,True,0,2,4,0
2965,1,0,1,0.4768335504764774,unknown,False,True,1,1,7,0
2966,1,0,1,0.45835934071304024,red,False,True,1,1,6,0
2967,0,0,0,0.5100263284300203,unknown,False,True,0,1,7,0
2968,0,0,0,0.47702051329058165,red,False,True,0,1,5,0
2969,0,0,0,0.39381670028252125,unknown,False,True,0,1,8,0
2970,0,0,0,0.36734963749397537,unknown,False,False,0,0,11,0
2971,0,0,0,0.614902633261229,green,False,False,0,0,8,0
2972,0,0,0,0.6540991306048815,yellow,False,False,0,0,7,0
2973,0,0,0,0.7734639275967065,unknown,False,False,0,0,8,0
2974,0,0,0,0.8370843072995814,unknown,False,False,0,0,8,0
2975,0,0,0,0.7983645155691186,unknown,False,False,0,0,5,0
2976,0,0,0,0.6896446330905542,unknown,False,False,0,0,3,0
2977,0,0,0,0.5833770810878193,unknown,False,False,0,0,2,0
2978,0,0,0,0.3964795638889132,unknown,False,False,0,0,1,0
2979,0,0,0,0.42343895531233366,unknown,False,False,0,0,2,0
2980,0,0,0,0.22116169158931434,unknown,False,False,0,0,2,0
2981,0,0,0,0.7233582479585022,unknown,False,False,0,0,1,0
2982,0,0,0,1.7057409249694568,unknown,False,False,0,0,2,1
2983,0,0,0,1.625988128885418,unknown,False,False,0,1,2,1
2984,0,0,0,0.45764967952886876,red,False,True,0,1,4,1
2985,0,0,0,0.3967342463830039,red,False,True,0,1,2,0
2986,0,0,0,0.33420829903630817,unknown,False,False,0,1,4,0
2987,0,0,0,0.42721576268320605,unknown,False,True,0,0,5,0
2988,0,0,0,0.583868564253589,unknown,False,False,0,0,3,0
2989,0,0,0,0.8756739219854174,unknown,False,False,0,0,4,0
2990,1,0,1,0.6974368329717953,red,False,True,0,0,4,0
2991,1,0,1,0.8093961345050218,red,False,False,0,0,3,0
2992,0,0,0,0.5685379292693337,unknown,False,False,0,0,0,0
2993,0,0,0,0.4640841992567219,unknown,False,False,0,0,2,0
2994,0,0,0,0.0,unknown,False,False,0,0,1,0
2995,0,0,0,0.0,unknown,False,False,0,0,0,0
2996,0,0,0,0.0,unknown,False,False,0,0,0,2
2997,0,0,0,0.0,unknown,False,False,0,0,1,2
2998,0,0,0,0.0,unknown,False,False,0,0,0,0
2999,1,0,1,0.0,unknown,False,False,1,0,0,0
3000,1,0,1,0.0,unknown,False,False,2,0,0,0
3001,2,0,2,0.7746879865941073,unknown,False,False,0,0,0,0
3002,1,0,1,0.2777963548756705,unknown,False,False,0,0,3,0
3003,0,0,0,0.47582679980325027,unknown,False,False,0,0,4,0
3004,0,1,1,0.6909862771364036,red,False,False,1,0,5,0
3005,1,1,2,0.6022582815399454,green,False,False,2,1,5,0
3006,1,1,2,0.6122370171582014,red,False,True,3,1,6,0
3007,2,1,3,0.9495505337880172,unknown,False,True,1,1,3,1
3008,6,1,7,0.5904529388961559,unknown,False,False,4,2,0,0
3009,4,0,4,0.0,unknown,False,False,2,1,2,0
3010,2,0,2,0.4904028026979879,unknown,False,False,0,0,1,0
3011,1,0,1,0.23404719711104163,unknown,False,False,1,0,6,0
3012,1,0,1,0.5322834618489836,unknown,False,False,0,0,5,0
3013,0,0,0,0.6029067523500136,unknown,False,False,1,0,4,0
3014,0,0,0,0.8531575091658788,unknown,False,False,0,0,2,0
3015,0,0,0,0.8999240426604785,unknown,False,False,0,0,1,0
3016,0,0,0,0.5152860761480167,unknown,False,False,0,0,2,0
3017,0,0,0,0.4865815804087791,unknown,False,False,0,0,3,0
3018,0,0,0,0.6266918314899907,unknown,False,False,0,0,4,0
3019,0,0,0,0.6156115618602336,unknown,False,False,0,0,3,0
3020,0,0,0,0.6008523536667688,unknown,False,False,0,0,5,0
3021,0,0,0,0.7942402321973915,green,False,False,1,0,4,0
3022,1,0,1,0.9607471073793217,red,False,False,0,0,4,0
3023,0,0,0,0.6713342947149961,green,False,False,0,0,4,0
3024,0,0,0,0.8746150174178047,unknown,False,False,0,0,6,0
3025,0,0,0,0.6495247946041035,green,False,False,0,0,5,0
3026,1,0,1,0.7307956310934851,unknown,False,False,0,0,5,0
3027,0,0,0,0.7387832003877568,unknown,False,False,0,0,5,0
3028,0,0,0,0.5734706222069449,green,False,False,0,0,4,0
3029,0,0,0,0.6844762439917343,unknown,False,False,0,0,5,0
3030,0,0,0,0.7004843794380455,unknown,False,False,0,0,3,0
3031,1,0,1,0.5889013713959589,red,False,False,1,0,4,0
3032,1,0,1,0.831891537962371,green,False,False,1,0,4,0
3033,1,0,1,0.6563796153779983,green,False,False,1,0,3,0
3034,1,0,1,0.6731966854404802,green,False,False,1,0,3,0
3035,1,0,1,0.6356865417560243,unknown,False,False,2,0,2,0
3036,1,0,1,0.36177670355311414,unknown,False,False,2,0,2,0
3037,1,0,1,0.25548484818396977,green,False,False,1,0,2,0
3038,1,0,1,0.1385912654645932,green,False,False,0,0,2,0
3039,3,0,3,0.13523686940834323,red,False,False,3,0,2,0
3040,3,0,3,0.09875926655460524,red,False,False,2,0,2,0
3041,3,0,3,0.24071159704729894,green,False,False,2,0,2,0
3042,3,0,3,0.6257894271144405,unknown,False,False,3,0,2,0
3043,3,0,3,1.163777959045774,yellow,False,False,3,0,3,0
3044,4,0,4,0.9436880322073113,red,False,False,4,0,1,0
3045,5,0,5,0.5052187565475301,unknown,True,False,4,0,1,0
3046,5,1,6,0.4054109309994438,red,True,False,4,0,1,0
3047,4,0,4,0.46569848322521074,yellow,False,False,1,0,1,0
3048,2,0,2,0.49754273969141616,yellow,False,False,2,0,2,0
3049,2,0,2,0.3648057986027454,unknown,False,False,1,0,2,0
3050,0,0,0,0.3834235898892687,unknown,False,False,0,0,1,0
3051,0,0,0,1.9282291996311203,unknown,False,False,0,0,1,0
3052,0,0,0,1.8455349310360811,unknown,False,False,0,0,2,0
3053,0,0,0,1.07000157244956,unknown,False,False,1,0,2,0
3054,0,1,1,0.5343954501811629,unknown,False,False,1,0,1,0
3055,2,1,3,0.49586814267295853,unknown,False,False,2,0,1,1
3056,5,0,5,0.20196419164787008,unknown,False,False,5,0,1,0
3057,5,0,5,0.1554641309465522,unknown,False,False,4,0,0,0
3058,5,0,5,0.10743166391580611,unknown,False,False,2,0,0,0
3059,4,0,4,0.0,red,False,False,2,0,0,0
3060,3,0,3,0.0,unknown,False,False,0,0,0,0
3061,2,0,2,0.033906681523245226,unknown,False,False,0,0,0,0
3062,0,0,0,0.24598911719245675,unknown,False,False,1,0,1,0
3063,0,0,0,0.4781666072253337,unknown,False,True,0,1,2,0
3064,2,0,2,0.7440072901351986,red,False,True,2,1,1,0
3065,1,1,2,1.1665603315030375,red,False,True,1,1,1,0
3066,2,1,3,1.3134282601831038,yellow,False,True,2,1,0,0
3067,1,1,2,0.9242550637565317,yellow,False,True,1,2,0,0
3068,1,0,1,0.0,unknown,False,True,0,2,0,0
3069,0,0,0,0.0,unknown,False,True,0,1,0,0
3070,0,0,0,0.0,unknown,False,False,0,0,0,0
3071,0,0,0,0.0,unknown,False,False,0,0,0,0
3072,0,0,0,0.09257263744619296,unknown,False,False,0,0,1,0
3073,0,0,0,0.08372667589294015,unknown,False,False,0,0,1,0
3074,0,0,0,0.11891776077557534,unknown,False,False,1,0,1,0
3075,2,1,3,0.5371948127507371,unknown,False,False,2,0,0,0
3076,2,1,3,0.0,unknown,False,False,2,0,0,1
3077,3,0,3,0.0,unknown,False,False,2,0,1,0
3078,3,0,3,0.7271872167317764,unknown,False,False,1,0,4,0
3079,1,0,1,1.036144747654794,red,False,False,0,0,4,0
3080,0,0,0,1.084890223307269,red,False,False,0,0,4,0
3081,0,0,0,0.8791744342581936,red,False,True,2,1,5,0
3082,0,1,1,0.7657824246547777,red,False,False,0,0,5,0
3083,1,0,1,0.5495223517664173,unknown,False,False,1,0,3,0
3084,4,0,4,0.6003241754902431,unknown,False,False,4,0,0,0
3085,7,2,9,0.0,unknown,False,False,6,0,0,0
3086,7,2,9,0.0,unknown,False,False,3,0,0,0
3087,6,0,6,0.0,unknown,False,False,0,0,0,0
3088,2,0,2,0.39603239897335096,unknown,False,False,0,0,0,0
3089,0,0,0,0.34033395860859916,unknown,False,False,0,0,0,0
3090,0,0,0,0.1514583928091821,unknown,False,False,1,0,0,0
3091,1,0,1,0.13222936441084782,unknown,False,False,2,0,0,0
3092,5,1,6,0.0,unknown,False,False,2,1,0,0
3093,3,0,3,0.0,unknown,False,False,2,0,1,0
3094,1,2,3,0.0,unknown,False,True,7,1,0,0
3095,8,0,8,0.0,red,True,True,8,1,0,0
3096,7,3,10,0.7545820404247643,green,True,True,7,1,4,0
3097,10,1,11,0.9628661387418728,red,True,True,6,1,3,0
3098,8,1,9,1.0489710244116792,unknown,True,True,2,1,3,0
3099,8,1,9,0.8798842294930069,unknown,False,True,4,1,1,0
3100,2,2,4,0.6930082953828575,unknown,False,False,2,1,0,0
3101,2,2,4,0.0,unknown,False,False,2,1,0,0
3102,1,1,2,0.0,unknown,False,False,1,1,0,0
3103,2,0,2,0.0,unknown,False,True,2,1,0,0
3104,2,0,2,0.0,unknown,False,False,0,1,0,0
3105,1,0,1,0.0,unknown,False,False,0,1,0,0
3106,2,0,2,0.0,unknown,False,False,1,1,0,0
3107,2,0,2,0.0,unknown,False,False,2,1,0,0
3108,2,0,2,0.0,unknown,False,True,1,1,0,0
3109,2,0,2,0.0,unknown,False,False,1,1,0,1
3110,2,0,2,0.0,unknown,False,False,1,1,0,0
3111,3,0,3,0.0,unknown,False,False,2,1,2,0
3112,2,0,2,0.0,unknown,False,False,1,1,0,0
3113,1,0,1,0.0,unknown,False,True,0,1,2,0
3114,1,0,1,0.11314498919958717,red,False,True,0,3,0,0
3115,0,0,0,0.4083361574180469,red,False,True,0,2,2,0
3116,0,0,0,0.3887887819339798,red,False,True,1,2,1,0
3117,0,0,0,0.1881391480924785,red,False,True,0,2,3,0
3118,0,0,0,0.3775518035252015,red,False,True,2,2,3,0
3119,0,0,0,0.3200424306992199,red,False,True,0,3,2,0
3120,0,0,0,0.6983603489107685,red,False,True,0,2,3,0
3121,0,0,0,0.7048046720931443,red,False,True,0,1,3,0
3122,0,0,0,0.608845267932259,red,False,True,2,2,4,0
3123,0,0,0,0.6018159080159804,red,False,True,0,2,4,0
3124,2,0,2,0.8120298099940321,red,False,True,1,2,3,0
3125,3,0,3,0.793760503961951,red,False,True,1,1,4,0
3126,3,0,3,0.8676803934904201,red,False,True,3,1,4,0
3127,2,0,2,0.4636572374379912,red,False,True,1,2,5,0
3128,3,0,3,0.9905263959730035,red,False,True,2,1,5,0
3129,2,0,2,0.6295638012715288,red,False,True,0,2,5,1
3130,2,0,2,0.3527534715707976,red,False,True,1,1,3,0
3131,1,0,1,0.6324293989242398,red,False,True,1,1,3,0
3132,1,0,1,0.8923659481252139,red,False,True,1,2,4,0
3133,1,0,1,0.39335498925512175,red,False,True,1,2,4,0
3134,2,0,2,0.6379442192533478,red,False,True,1,3,3,0
3135,2,0,2,0.9123550240860362,red,False,True,2,2,3,0
3136,2,0,2,0.8818374866286351,red,False,True,2,2,5,0
3137,2,0,2,0.9838717370011635,red,False,True,1,2,4,0
3138,2,0,2,0.9773107648051065,red,False,True,1,1,5,0
3139,3,0,3,1.324028491858472,red,False,True,1,1,4,0
3140,3,0,3,1.1686102693884373,red,False,True,1,2,4,0
3141,3,0,3,0.3817603237746521,red,False,True,3,1,4,0
3142,3,0,3,0.2391792418983322,red,False,True,2,1,3,0
3143,3,0,3,0.33324260763658087,red,False,True,2,2,2,0
3144,5,0,5,0.47314746702397065,green,True,True,4,2,2,0
3145,5,0,5,0.5889293962462904,red,True,True,4,2,0,0
3146,7,0,7,0.6775337055828318,red,True,True,6,1,0,0
3147,7,0,7,0.0,unknown,True,True,2,1,1,0
3148,6,0,6,0.16347597392574467,unknown,False,False,2,1,0,0
3149,2,0,2,0.023172800537767952,unknown,False,False,0,1,1,0
3150,1,0,1,0.07534181926441212,unknown,False,False,1,1,1,0
3151,0,0,0,0.07845793953667263,unknown,False,False,0,0,1,0
3152,0,0,0,0.15016774487644843,unknown,False,False,0,0,1,0
3153,2,0,2,0.09690960432726697,unknown,False,False,3,0,1,0
3154,1,1,2,0.07304765263496432,unknown,False,False,2,0,0,0
3155,5,0,5,0.2055622765943942,unknown,False,False,5,0,0,0
3156,3,3,6,0.0,unknown,True,False,3,0,1,0
3157,6,2,8,0.0,unknown,False,False,2,1,1,0
3158,5,0,5,0.0,unknown,False,False,1,0,1,0
3159,2,0,2,0.15791749221664506,unknown,False,False,3,0,2,0
3160,3,1,4,0.591036690675565,red,False,True,5,1,3,0
3161,3,1,4,0.8666374157037262,unknown,False,True,2,1,5,0
3162,3,0,3,0.8478101554923381,red,False,True,3,1,1,0
3163,3,0,3,0.7213717812710168,unknown,False,True,1,1,3,0
3164,3,0,3,0.4199270907396663,unknown,False,True,0,2,1,0
3165,1,0,1,0.32385604145463215,unknown,False,False,1,0,0,0
3166,3,0,3,0.11003048547620378,unknown,False,False,3,0,0,0
3167,2,1,3,0.0,unknown,False,False,1,0,1,0
3168,4,1,5,0.0,unknown,False,False,2,0,1,0
3169,2,0,2,2.326048533949933,unknown,False,False,0,0,0,0
3170,0,0,0,1.4358703080316424,unknown,False,False,0,0,1,0
3171,0,0,0,0.7518428439795481,unknown,False,False,0,0,1,0
3172,0,0,0,0.5420291882192932,unknown,False,False,0,0,0,0
3173,0,0,0,0.0,unknown,False,False,0,0,0,0
3174,0,0,0,0.0,unknown,False,False,1,0,0,0
3175,0,0,0,0.0,unknown,False,False,1,0,0,0
3176,1,0,1,0.8680689408988862,unknown,False,False,1,0,2,0
3177,1,0,1,1.5714734203272505,red,False,False,0,0,1,0
3178,2,0,2,0.7573505672606273,red,False,False,1,0,3,0
3179,1,0,1,0.6067049579614614,red,False,False,1,0,6,0
3180,1,0,1,0.7666021893067795,red,False,False,1,0,4,0
3181,1,0,1,0.3213207221478026,red,False,False,1,0,5,0
3182,1,0,1,0.30921192893908905,red,False,True,1,0,4,0
3183,1,0,1,0.5723240863097175,red,False,False,1,0,5,0
3184,1,0,1,0.8451802962803752,red,False,False,1,0,6,0
3185,1,0,1,1.6341964928916448,red,False,False,1,0,6,0
3186,1,0,1,1.2189563318200987,red,False,False,1,0,8,0
3187,2,0,2,0.6586858472781383,red,False,False,1,0,5,0
3188,1,0,1,0.3263070181343272,red,False,False,2,0,4,0
3189,2,0,2,0.34979786098217563,green,False,False,3,0,7,0
3190,3,0,3,0.4670195837974398,green,False,False,2,0,5,0
3191,4,0,4,0.5234031897587526,red,False,False,4,0,6,0
3192,4,0,4,0.5694394632416413,red,False,False,3,0,5,0
3193,4,0,4,0.4281406090375109,unknown,False,False,0,0,2,0
3194,0,0,0,0.27857975794610884,unknown,False,False,0,0,1,0
3195,1,0,1,0.23005654025949193,unknown,False,False,0,0,2,0
3196,1,0,1,0.5815078185891741,unknown,False,False,0,0,1,0
3197,0,0,0,1.3359062958084447,unknown,False,False,0,0,1,0
3198,0,0,0,2.652259168021109,unknown,False,False,0,0,1,0
3199,0,0,0,1.59080623852518,unknown,False,False,1,1,1,0
3200,0,0,0,0.578600185676171,unknown,False,False,0,0,1,2
3201,0,0,0,0.2530004326393031,unknown,False,False,0,0,2,0
3202,0,0,0,0.16191869360971223,unknown,False,False,1,0,0,0
3203,1,0,1,0.12734753609515675,unknown,False,False,1,0,0,0
3204,1,0,1,0.4435131178707425,unknown,False,False,0,0,3,0
3205,3,0,3,0.6113530788821044,unknown,False,False,1,0,3,0
3206,3,0,3,0.8378722822337666,unknown,False,False,1,0,6,0
3207,2,0,2,0.8028220649752533,unknown,False,False,0,0,9,0
3208,1,0,1,0.7431957430309117,unknown,False,False,0,0,10,0
3209,0,0,0,0.753460811985656,green,False,False,0,0,10,0
3210,0,0,0,0.9843560801123078,yellow,False,False,0,0,10,0
3211,1,0,1,0.7571052799591894,red,False,False,0,0,9,0
3212,2,0,2,0.7023293687689813,red,False,False,2,0,9,0
3213,2,0,2,0.8263667605910954,red,False,False,1,0,6,0
3214,1,0,1,0.486530112880879,yellow,False,False,1,0,5,0
3215,2,0,2,0.3017842718744759,yellow,False,False,1,0,7,0
3216,1,0,1,0.3919730023344638,red,False,False,1,0,6,0
3217,2,0,2,0.39593091507153655,yellow,False,False,1,0,6,0
3218,2,0,2,0.4490263281588821,red,False,False,1,0,3,0
3219,1,0,1,0.4221583817150994,unknown,False,False,0,0,5,0
3220,1,0,1,0.46164153280739956,red,False,False,2,0,4,0
3221,2,0,2,0.4907022173143657,red,False,False,1,0,5,0
3222,1,0,1,0.4707436859666573,red,False,False,1,0,7,0
3223,1,0,1,0.3616857987532015,red,False,False,1,0,4,0
3224,1,0,1,0.28956971482815563,red,False,False,3,0,6,0
3225,2,0,2,0.35717294082183226,unknown,False,False,2,0,5,0
3226,3,0,3,0.379936995419491,green,False,False,4,0,7,0
3227,6,0,6,0.5151359030688244,green,False,False,8,0,7,0
3228,7,0,7,0.5824898546973735,red,True,False,4,0,6,0
3229,7,1,8,0.5404762910102064,red,True,True,5,0,1,0
3230,8,1,9,0.6105984038401634,unknown,True,False,4,0,1,0
3231,3,1,4,0.562100100929156,unknown,False,False,1,0,0,0
3232,2,0,2,0.0,unknown,False,False,2,0,0,0
3233,2,0,2,0.4369549177029762,unknown,False,False,1,0,1,0
3234,1,0,1,0.6784976450316577,unknown,False,False,0,0,0,0
3235,1,0,1,0.0,unknown,False,False,0,0,0,0
3236,0,0,0,0.0,unknown,False,False,0,0,0,0
3237,0,0,0,0.0,unknown,False,False,0,0,0,0
3238,0,0,0,0.25687783500108946,unknown,False,False,0,0,0,0
3239,1,0,1,0.4873554142736589,unknown,False,False,1,0,0,0
3240,1,0,1,0.6053754773486818,unknown,False,False,0,0,0,0
3241,3,0,3,0.0,unknown,False,False,2,0,0,0
3242,3,0,3,0.34933656820132136,unknown,False,False,2,0,3,0
3243,3,0,3,0.714557544472471,unknown,False,False,2,0,5,0
3244,2,0,2,0.7553942346478557,unknown,False,False,1,0,5,0
3245,2,0,2,0.6154562109566881,unknown,False,False,1,0,4,0
3246,2,0,2,0.8550079233668428,red,False,True,0,1,3,0
3247,1,0,1,1.4390268198383118,unknown,False,True,1,1,3,0
3248,0,0,0,0.8775471150232058,red,False,True,0,1,4,0
3249,1,0,1,0.6343695962144136,unknown,False,True,1,1,2,0
3250,1,0,1,0.3130163695044053,unknown,False,True,1,1,4,0
3251,1,0,1,0.43490066950885115,red,False,True,1,0,3,0
3252,1,0,1,0.16375786066907644,red,False,False,0,0,1,0
3253,0,0,0,0.1747173502172004,red,False,True,0,0,3,0
3254,1,0,1,0.5832594385194392,red,False,False,1,0,2,0
3255,1,0,1,0.9895684165456675,unknown,False,False,0,0,2,0
3256,2,0,2,1.3081432549302756,unknown,False,False,1,0,2,0
3257,2,0,2,1.4595159330830667,red,False,False,1,0,2,0
3258,2,0,2,0.7096360068393242,green,False,False,2,0,2,0
3259,2,0,2,0.34999893762402,red,False,False,1,0,1,0
3260,1,0,1,0.20946707124787567,red,False,False,2,0,1,1
3261,1,0,1,0.0,red,False,True,1,0,1,1
3262,1,0,1,0.0,green,False,False,2,0,0,1
3263,1,0,1,0.0,unknown,False,False,1,0,0,0
3264,1,0,1,0.0,unknown,False,False,1,0,0,0
3265,1,0,1,0.0,unknown,False,False,0,0,0,0
3266,0,0,0,0.0,unknown,False,False,0,0,1,0
3267,0,0,0,0.0,unknown,False,False,0,0,0,0
3268,2,0,2,0.3065939474668715,unknown,False,False,2,0,0,0
3269,2,1,3,0.36659434937173885,unknown,False,False,3,0,1,0
3270,6,1,7,0.2782603732751288,unknown,False,False,5,0,0,0
3271,6,2,8,0.0,unknown,False,False,3,0,0,0
3272,5,2,7,0.0,unknown,False,False,3,0,0,0
3273,2,1,3,0.4506954544402001,unknown,False,False,1,0,1,0
3274,2,1,3,0.9720639407470381,unknown,False,False,1,0,1,0
3275,2,0,2,1.1568258613177247,red,False,False,1,0,3,0
3276,0,1,1,1.0339581803454778,red,False,False,0,0,2,0
3277,0,0,0,1.1082906630942693,unknown,False,False,0,0,2,0
3278,0,0,0,1.3777699453938996,unknown,False,False,0,0,0,0
3279,0,0,0,0.0,unknown,False,False,0,0,4,0
3280,0,0,0,0.3463062620402788,unknown,False,False,0,0,1,0
3281,0,0,0,0.3754552528626198,unknown,False,False,0,0,3,0
3282,0,1,1,0.7589225652139296,unknown,False,False,1,0,2,1
3283,1,1,2,1.0517964012014571,unknown,False,False,1,0,3,0
3284,1,0,1,1.242153814081768,unknown,False,False,0,0,3,0
3285,0,0,0,0.9357033019617232,unknown,False,False,0,0,5,0
3286,0,0,0,1.1733803100516629,unknown,False,False,0,0,6,0
3287,0,0,0,1.034158786376442,unknown,False,False,0,0,5,0
3288,0,0,0,1.4711122555107041,unknown,False,False,0,0,6,0
3289,0,0,0,1.2134644652571138,unknown,False,False,0,0,5,0
3290,0,0,0,1.01664524925577,unknown,False,False,0,0,6,0
3291,0,0,0,0.8635468161458864,red,False,False,0,0,6,0
3292,1,0,1,0.5986130890710257,red,False,False,1,0,10,0
3293,1,0,1,0.8816811709589292,red,False,False,1,0,7,0
3294,1,0,1,1.240364064008919,yellow,False,False,0,0,7,0
3295,1,0,1,1.5333973073644125,yellow,False,False,0,0,5,0
3296,0,0,0,1.2513179287728493,unknown,False,False,0,0,5,0
3297,0,0,0,0.5452432828538112,unknown,False,True,0,1,3,0
3298,0,0,0,0.34691887387645914,unknown,False,False,0,1,4,0
3299,0,0,0,0.41323752727592095,unknown,False,False,1,1,3,0
3300,0,0,0,1.4960038884311795,unknown,False,False,0,1,2,0
3301,0,0,0,1.8863852833947705,unknown,False,False,0,1,4,0
3302,0,0,0,1.1126713880046961,unknown,False,False,0,1,6,0
3303,0,0,0,1.3425893677035152,unknown,False,False,0,1,6,0
3304,0,0,0,1.103715778467272,unknown,False,False,2,0,7,0
3305,2,0,2,0.6150715436010147,unknown,False,False,2,0,7,0
3306,2,0,2,0.7912413630312216,unknown,False,False,1,0,11,0
3307,0,0,0,0.7473689896353295,unknown,False,False,0,0,12,0
3308,0,0,0,1.085197955018892,unknown,False,False,0,0,10,0
3309,0,0,0,1.553359735935147,unknown,False,False,0,0,11,0
3310,0,0,0,1.4398056732214748,unknown,False,False,0,0,13,0
3311,0,0,0,0.9672284191815442,unknown,False,False,0,0,16,0
3312,0,0,0,1.0450038521863851,unknown,False,False,0,0,18,0
3313,0,0,0,1.2042428460275707,unknown,False,False,0,0,16,0
3314,0,0,0,1.207259537440363,unknown,False,False,0,0,10,0
3315,0,0,0,1.0611260587093063,unknown,False,False,0,0,9,0
3316,0,0,0,0.847430439194569,unknown,False,False,1,0,8,0
3317,0,0,0,1.3102492250228022,unknown,False,False,0,0,6,0
3318,0,0,0,1.1273195014286461,unknown,False,False,0,0,7,0
3319,0,0,0,0.7435953783456211,unknown,False,False,0,0,7,0
3320,0,0,0,0.587970298344205,red,False,False,0,0,9,0
3321,0,0,0,0.5908632598974849,yellow,False,False,0,0,9,0
3322,0,0,0,0.4766655005059783,unknown,False,False,0,0,7,0
3323,0,0,0,0.25961767359841914,yellow,False,False,0,0,9,0
3324,0,0,0,0.2540616229901707,yellow,False,False,0,0,10,0
3325,0,0,0,0.2877303121208698,yellow,False,False,0,0,12,0
3326,0,0,0,0.6034292839981041,yellow,False,False,0,0,8,0
3327,0,0,0,0.2811708585425539,yellow,False,False,0,0,9,0
3328,0,0,0,0.19069576940142527,yellow,False,False,0,0,7,0
3329,0,0,0,0.4784659090204705,yellow,False,False,0,0,8,0
3330,0,0,0,0.2541453473063557,yellow,False,False,0,0,10,0
3331,0,0,0,0.3929021914886957,yellow,False,False,0,0,9,0
3332,0,0,0,0.36371949192047986,yellow,False,False,1,0,11,0
3333,0,0,0,0.3439625193352682,yellow,False,False,0,0,10,0
3334,0,0,0,0.3786108831207025,yellow,False,False,0,0,10,0
3335,0,0,0,0.49329918086857033,yellow,False,False,0,0,12,0
3336,0,0,0,0.30696564731740683,yellow,False,False,0,0,9,0
3337,0,0,0,0.27921590219657483,yellow,False,False,0,0,10,0
3338,0,0,0,0.2220279892918411,yellow,False,False,0,0,12,0
3339,0,0,0,0.29918306175662324,yellow,False,False,0,0,9,0
3340,0,0,0,0.6051758810979094,yellow,False,False,0,0,10,0
3341,0,0,0,0.4757930482851231,yellow,False,False,0,0,10,0
3342,0,0,0,0.29799890341833646,yellow,False,False,0,0,11,0
3343,0,0,0,0.4242125327920384,yellow,False,False,0,0,11,0
3344,0,0,0,0.5171370091228648,yellow,False,False,0,0,9,0
3345,0,0,0,0.5251911990961368,yellow,False,False,0,0,9,0
3346,0,0,0,0.5795616256225614,yellow,False,False,0,0,11,0
3347,0,0,0,0.44926719947365645,yellow,False,False,0,0,10,0
3348,0,0,0,0.4114789262896422,yellow,False,False,0,0,10,0
3349,0,0,0,0.47064907308505427,yellow,False,False,0,0,11,0
3350,0,0,0,0.46462094241563107,yellow,False,False,0,0,11,0
3351,0,0,0,0.5176998287753055,yellow,False,False,0,0,12,0
3352,0,0,0,0.5183548984354955,yellow,False,False,0,0,11,0
3353,0,0,0,0.41968746704110216,yellow,False,False,0,0,9,0
3354,0,0,0,0.24831970489381255,yellow,False,False,0,0,8,0
3355,0,0,0,0.1601813785925154,yellow,False,False,0,0,8,0
3356,0,0,0,0.196503868890823,yellow,False,False,0,0,9,0
3357,0,0,0,0.1671677940423917,yellow,False,False,0,0,7,0
3358,0,0,0,0.44561632793707123,yellow,False,False,0,0,12,0
3359,0,0,0,0.5030644412100156,yellow,False,False,0,0,8,0
3360,0,0,0,0.22862708977498242,yellow,False,False,0,0,6,0
3361,0,0,0,0.2695981537195592,yellow,False,False,0,0,8,0
3362,0,0,0,0.2584332301235834,yellow,False,False,0,0,11,0
3363,0,0,0,0.3736508489555313,yellow,False,False,0,0,8,0
3364,0,0,0,0.3192043487255373,yellow,False,False,0,0,8,0
3365,0,0,0,0.18383479689934715,yellow,False,False,0,0,7,0
3366,0,0,0,0.1571051777534343,yellow,False,False,0,0,7,0
3367,0,0,0,0.1127741756986749,yellow,False,False,0,0,6,0
3368,0,0,0,0.18612642741994503,yellow,False,False,0,0,5,0
3369,0,0,0,0.15972336478507537,yellow,False,False,0,0,10,0
3370,0,0,0,0.1125067441752412,yellow,False,False,0,0,6,0
3371,0,0,0,0.13040864051837103,red,False,False,0,0,8,0
3372,0,0,0,0.1708947247958064,yellow,False,False,0,0,8,0
3373,0,0,0,0.2215029183435304,yellow,False,False,0,0,8,0
3374,0,0,0,0.3068047807473041,yellow,False,False,0,0,7,0
3375,1,0,1,0.49769004659335475,yellow,False,False,0,0,8,0
3376,0,0,0,0.308578268444991,yellow,False,False,0,0,7,0
3377,0,0,0,0.1949318651511881,yellow,False,False,0,0,6,0
3378,0,0,0,0.15104748824003034,red,False,False,0,0,8,0
3379,0,0,0,0.08660887525899612,yellow,False,False,0,0,6,0
3380,0,0,0,0.0793938532973415,yellow,False,False,0,0,6,0
3381,0,0,0,0.09591137288893907,yellow,False,False,1,0,7,0
3382,1,0,1,0.16777403112492992,yellow,False,False,0,0,7,0
3383,1,0,1,0.274567770840502,yellow,False,False,0,0,6,0
3384,2,0,2,0.34409727014139435,yellow,False,False,1,0,6,0
3385,1,0,1,0.5113852548034342,yellow,False,False,1,0,7,0
3386,1,0,1,0.6927565354678107,yellow,False,False,1,1,5,0
3387,1,0,1,0.6203617811048431,yellow,False,False,1,1,6,0
3388,1,0,1,0.25295030825878867,yellow,False,False,1,1,5,0
3389,1,0,1,0.17723183842049398,yellow,False,False,0,1,5,0
3390,0,0,0,0.20671245975447802,yellow,False,False,0,1,4,0
3391,0,0,0,0.34520536703157045,yellow,False,True,0,1,7,0
3392,0,0,0,0.5014380339644368,yellow,False,True,0,0,7,0
3393,0,0,0,0.626676245684636,red,False,False,0,0,9,0
3394,1,0,1,0.33410425810748934,yellow,False,False,1,0,8,0
3395,1,0,1,0.3774410585262451,yellow,False,False,1,0,9,0
3396,1,0,1,0.4063457962302372,yellow,False,False,0,0,7,0
3397,0,0,0,0.30945647634050044,yellow,False,False,0,0,8,0
3398,0,0,0,0.37293745882420337,yellow,False,False,0,0,5,0
3399,0,0,0,0.3562610671196281,yellow,False,False,0,0,5,0
3400,0,0,0,0.446951589323588,yellow,False,False,0,0,6,0
3401,0,0,0,0.3399704429387025,yellow,False,False,0,0,8,0
3402,0,0,0,0.1765828865687995,yellow,False,False,0,0,5,0
3403,0,0,0,0.13191816439616727,yellow,False,False,0,1,3,0
3404,0,0,0,0.1191329904355529,yellow,False,False,0,0,3,0
3405,0,0,0,0.2271300882041573,yellow,False,False,0,0,4,0
3406,0,0,0,0.13826670952337658,yellow,False,False,0,0,5,0
3407,0,0,0,0.12243578535920456,yellow,False,False,0,0,4,0
3408,0,0,0,0.09033180131457326,yellow,False,False,0,0,4,0
3409,0,0,0,0.18457392973812467,yellow,False,False,0,0,6,0
3410,0,0,0,0.32769547822110584,yellow,False,False,0,0,5,0
3411,0,0,0,0.46013884623918017,yellow,False,False,0,0,6,0
3412,0,0,0,0.27263987933011974,yellow,False,False,0,0,9,0
3413,0,0,0,0.2688990685105287,yellow,False,False,0,0,8,0
3414,0,0,0,0.2686472710282315,yellow,False,False,0,0,8,0
3415,0,0,0,0.2616547324193961,yellow,False,False,0,0,4,0
3416,0,0,0,0.16854680656044746,yellow,False,False,0,0,8,0
3417,0,0,0,0.14346293774988905,yellow,False,False,0,0,4,0
3418,0,0,0,0.155158396299367,red,False,False,0,0,6,0
3419,0,0,0,0.1479062204025545,yellow,False,False,0,0,8,0
3420,0,0,0,0.17985601346452884,yellow,False,False,0,0,7,0
3421,0,0,0,0.10165317634477147,yellow,False,False,0,0,7,0
3422,0,0,0,0.1830882520758385,yellow,False,False,0,0,6,0
3423,0,0,0,0.06977588598537453,yellow,False,False,0,0,8,0
3424,0,0,0,0.051435562118243974,yellow,False,False,0,0,5,0
3425,0,0,0,0.06708060299506266,yellow,False,False,0,0,5,0
3426,0,0,0,0.04326661104721199,yellow,False,False,0,0,2,0
3427,0,0,0,0.026309138836011055,yellow,False,False,0,0,3,0
3428,0,0,0,0.0613058494887036,yellow,False,False,0,0,3,0
3429,0,0,0,0.046474167565653014,yellow,False,False,0,0,2,0
3430,0,0,0,0.042768111645035634,yellow,False,False,0,0,5,0
3431,0,0,0,0.04842507053792038,yellow,False,False,0,0,4,0
3432,0,0,0,0.04990518826682957,yellow,False,False,0,0,5,0
3433,0,0,0,0.09191226223954266,yellow,False,False,0,0,4,0
3434,0,0,0,0.06719302560719084,yellow,False,False,0,0,4,0
3435,0,0,0,0.09856930927144684,yellow,False,False,0,0,9,0
3436,0,0,0,0.21134170688611126,yellow,False,False,0,0,8,0
3437,0,0,0,0.5173344801497415,yellow,False,False,0,0,7,0
3438,0,0,0,0.32614107072937043,red,False,False,0,0,7,0
3439,0,0,0,0.14180113066396224,yellow,False,False,0,0,7,0
3440,0,0,0,0.10455313327087437,yellow,False,False,0,0,6,0
3441,0,0,0,0.15897124089238454,yellow,False,False,0,0,6,0
3442,0,0,0,0.12673570135978918,yellow,False,False,0,0,5,0
3443,0,0,0,0.26236510198386925,red,False,False,0,0,9,0
3444,0,0,0,0.517409036012869,yellow,False,False,0,0,6,0
3445,0,0,0,0.27103246281944304,red,False,False,0,0,8,0
3446,0,0,0,0.12299236708952441,yellow,False,False,0,0,8,0
3447,0,0,0,0.1694867511723197,yellow,False,False,0,0,7,0
3448,0,0,0,0.30829850220300586,yellow,False,False,0,0,9,0
3449,0,0,0,0.31705206611841874,yellow,False,False,0,0,8,0
3450,0,0,0,0.33191539858524444,yellow,False,False,0,0,6,0
3451,0,0,0,0.253672309746063,yellow,False,False,0,0,7,0
3452,0,0,0,0.41780965233736544,yellow,False,False,0,0,10,0
3453,1,0,1,0.46326117008697976,yellow,False,False,0,0,9,0
3454,1,0,1,0.5660727247746571,yellow,False,False,0,0,9,0
3455,0,0,0,0.5331873925135567,yellow,False,False,0,0,9,0
3456,0,0,0,0.7080405172118188,yellow,False,False,0,1,7,0
3457,0,0,0,0.6955148280197796,yellow,False,False,0,0,10,0
3458,0,0,0,0.8605354498464322,unknown,False,False,1,0,11,1
3459,0,0,0,0.9630430333623389,unknown,False,False,0,0,10,0
3460,0,0,0,0.7224606427063339,unknown,False,False,0,0,11,0
3461,0,0,0,0.7852836395315046,unknown,False,False,0,0,13,0
3462,0,0,0,0.9053489816786945,unknown,False,False,0,0,15,0
3463,0,0,0,1.0273329643467901,unknown,False,False,0,0,12,0
3464,0,0,0,1.1524492054029254,unknown,False,False,0,0,14,0
3465,0,0,0,0.8960935716900841,unknown,False,False,0,0,16,0
3466,0,0,0,1.0041496574880577,unknown,False,False,0,0,13,0
3467,0,0,0,1.1356505880391206,unknown,False,False,0,0,12,0
3468,0,0,0,0.8182042176162383,yellow,False,False,0,0,14,0
3469,0,0,0,0.624940493078509,red,False,False,1,0,15,0
3470,0,0,0,0.3868895065015463,red,False,False,0,0,17,0
3471,0,0,0,0.20088800353919084,red,False,False,0,0,17,0
3472,0,0,0,0.2174919801011255,red,False,False,0,0,16,0
3473,0,0,0,0.24007297446371365,red,False,False,0,0,16,0
3474,0,0,0,0.2873630389639519,red,False,False,0,0,13,0
3475,0,0,0,0.34733188574282337,red,False,True,0,0,17,0
3476,0,0,0,0.3996986348460358,unknown,False,False,0,0,16,0
3477,0,0,0,0.5664223916621773,red,False,False,0,0,15,0
3478,0,0,0,0.6995509816754376,unknown,False,False,0,0,13,0
3479,0,0,0,0.8365333316511964,yellow,False,False,0,0,16,0
3480,0,0,0,1.160131079618558,unknown,False,False,0,0,15,0
3481,0,0,0,1.3089426332380796,unknown,False,False,0,0,14,0
3482,0,0,0,1.498667782619478,unknown,False,False,0,0,16,0
3483,0,0,0,1.4518956412930604,unknown,False,False,0,0,16,0
3484,0,0,0,1.1315795920522775,unknown,False,False,0,0,15,0
3485,0,0,0,0.7362104707565421,unknown,False,False,0,0,10,0
3486,0,0,0,0.931197480190101,unknown,False,False,0,0,8,0
3487,0,0,0,0.9222258037741093,unknown,False,False,0,0,7,0
3488,0,0,0,1.0860113328232655,unknown,False,False,0,0,9,0
3489,0,0,0,1.120105805895467,unknown,False,False,0,0,9,0
3490,0,0,0,0.7536049153651819,unknown,False,False,0,0,9,0
3491,0,0,0,0.5319883636791863,unknown,False,False,0,0,9,0
3492,0,0,0,0.5783427629596803,unknown,False,False,0,0,8,0
3493,1,0,1,0.7842697820559643,unknown,False,False,0,0,9,0
3494,1,0,1,0.7402834993990867,unknown,False,False,0,0,9,0
3495,0,0,0,0.6507503802213999,unknown,False,False,0,0,7,0
3496,0,0,0,0.8494455717088286,unknown,False,False,0,0,9,0
3497,0,0,0,0.7590708733322139,unknown,False,False,0,0,12,0
3498,0,0,0,0.8281313740014594,unknown,False,False,0,0,12,0
3499,0,0,0,1.147534259366788,unknown,False,False,0,0,10,0
3500,0,0,0,1.1893915612194934,unknown,False,False,0,0,12,0
3501,0,0,0,1.0204632410376586,unknown,False,False,0,0,10,0
3502,0,0,0,0.7333826654197487,unknown,False,False,0,0,9,0
3503,0,0,0,0.7687991963639289,unknown,False,False,0,0,4,0
3504,0,0,0,0.5516900267157022,unknown,False,False,0,1,2,0
3505,0,0,0,0.256407221075152,unknown,False,False,0,0,0,0
3506,0,0,0,0.06868861933001325,unknown,False,False,0,0,0,0
3507,0,0,0,0.31133759689095647,unknown,False,False,0,0,3,0
3508,0,0,0,0.37941502130064625,unknown,False,False,0,0,0,0
3509,0,0,0,0.0,unknown,False,False,0,0,0,0
3510,0,0,0,0.2784354106289418,unknown,False,False,0,0,2,0
3511,0,0,0,0.47810404074568746,unknown,False,False,0,0,2,0
3512,0,0,0,0.30683391354289746,unknown,False,False,0,0,2,0
3513,1,0,1,0.2745635391732587,unknown,False,False,0,0,2,0
3514,0,0,0,0.26222722784354163,unknown,False,False,0,0,2,1
3515,0,0,0,0.2848136590078591,unknown,False,False,0,0,1,0
3516,0,0,0,0.5201814106090318,unknown,False,False,0,0,4,0
3517,0,0,0,0.39295797234509566,unknown,False,False,0,0,4,0
3518,0,0,0,0.16876231336674744,unknown,False,False,0,0,1,0
3519,0,0,0,0.309924203062523,unknown,False,False,0,0,3,0
3520,0,0,0,0.355845174238636,unknown,False,False,0,0,3,0
3521,0,0,0,0.44570640261952277,unknown,False,False,0,0,2,0
3522,0,0,0,0.5301001758766207,unknown,False,False,0,0,3,0
3523,1,0,1,0.3623146236219984,unknown,False,False,0,0,1,0
3524,0,0,0,0.3024079009653133,unknown,False,False,0,0,4,0
3525,0,0,0,0.3875592503033721,unknown,False,False,0,0,3,0
3526,0,0,0,0.3574804553176638,unknown,False,False,2,0,2,0
3527,1,0,1,0.3447015127805965,unknown,False,False,1,0,1,0
3528,2,0,2,0.1894608936987945,unknown,False,False,1,0,2,0
