second,idle_count,walking_count,total_count
0,0,0,0
1,0,0,0
2,0,0,0
3,0,0,0
4,0,0,0
5,0,0,0
6,0,0,0
7,0,0,0
8,0,0,0
9,0,0,0
10,1,0,1
11,1,0,1
12,1,0,1
13,1,0,1
14,1,0,1
15,1,0,1
16,1,0,1
17,1,0,1
18,1,0,1
19,1,0,1
20,1,0,1
21,2,0,2
22,2,0,2
23,2,0,2
24,2,0,2
25,2,0,2
26,2,0,2
27,2,0,2
28,2,0,2
29,2,0,2
30,2,0,2
31,2,0,2
32,2,0,2
33,2,0,2
34,2,0,2
35,2,0,2
36,2,0,2
37,2,0,2
38,2,0,2
39,2,0,2
40,2,0,2
41,2,0,2
42,2,0,2
43,2,0,2
44,2,0,2
45,2,0,2
46,2,0,2
47,2,0,2
48,2,0,2
49,2,0,2
50,3,0,3
51,3,0,3
52,3,0,3
53,3,0,3
54,3,0,3
55,3,0,3
56,2,1,3
57,2,1,3
58,2,1,3
59,2,1,3
60,2,1,3
61,2,1,3
62,2,1,3
63,2,1,3
64,2,1,3
65,2,1,3
66,2,1,3
67,1,2,3
68,1,2,3
69,1,2,3
70,1,2,3
71,1,2,3
72,1,2,3
73,1,2,3
74,1,2,3
75,1,2,3
76,1,2,3
77,1,2,3
78,1,2,3
79,1,2,3
80,1,2,3
81,1,2,3
82,1,2,3
83,1,2,3
84,1,2,3
85,1,2,3
86,2,2,4
87,2,2,4
88,2,2,4
89,2,2,4
90,2,2,4
91,2,2,4
92,2,2,4
93,2,2,4
94,2,2,4
95,2,2,4
96,3,1,4
97,3,1,4
98,3,1,4
99,3,1,4
100,2,1,3
101,1,1,2
102,1,1,2
103,1,1,2
104,1,1,2
105,1,1,2
106,1,1,2
107,1,1,2
108,1,1,2
109,1,1,2
110,1,0,1
111,1,0,1
112,1,0,1
113,1,0,1
114,1,0,1
115,1,0,1
116,1,0,1
117,1,0,1
118,1,0,1
119,1,0,1
120,1,0,1
121,1,0,1
122,0,0,0
123,0,0,0
124,0,0,0
125,0,0,0
126,0,0,0
127,0,0,0
128,0,0,0
129,0,0,0
130,0,0,0
131,0,0,0
132,0,0,0
133,0,0,0
134,0,0,0
135,0,0,0
136,0,0,0
137,0,0,0
138,0,0,0
139,0,0,0
140,0,0,0
141,0,0,0
142,0,0,0
143,0,0,0
144,0,0,0
145,0,0,0
146,0,0,0
147,0,0,0
148,0,0,0
149,0,0,0
150,0,0,0
151,0,0,0
152,0,0,0
153,0,0,0
154,0,0,0
155,0,0,0
156,0,0,0
157,0,0,0
158,0,0,0
159,0,0,0
160,0,0,0
161,0,0,0
162,0,0,0
163,0,0,0
164,0,0,0
165,0,0,0
166,0,0,0
167,0,0,0
168,0,0,0
169,0,0,0
170,0,0,0
171,0,0,0
172,0,0,0
173,0,0,0
174,0,0,0
175,0,0,0
176,0,0,0
177,0,0,0
178,0,0,0
179,0,0,0
180,0,0,0
181,0,0,0
182,0,0,0
183,0,0,0
184,0,0,0
185,0,0,0
186,0,0,0
187,0,0,0
188,0,0,0
189,0,0,0
190,0,0,0
191,0,0,0
192,0,0,0
193,0,0,0
194,0,0,0
195,0,0,0
196,1,0,1
197,1,0,1
198,1,0,1
199,1,0,1
200,1,0,1
201,1,0,1
202,1,0,1
203,1,0,1
204,1,0,1
205,1,0,1
206,1,0,1
207,1,0,1
208,1,0,1
209,1,0,1
210,1,0,1
211,1,0,1
212,1,0,1
213,1,0,1
214,1,0,1
215,1,0,1
216,1,0,1
217,1,0,1
218,1,0,1
219,1,0,1
220,1,0,1
221,1,0,1
222,1,0,1
223,1,0,1
224,1,0,1
225,1,0,1
226,1,0,1
227,1,0,1
228,1,0,1
229,1,0,1
230,1,0,1
231,1,0,1
232,1,0,1
233,1,0,1
234,1,0,1
235,1,0,1
236,1,0,1
237,1,0,1
238,1,0,1
239,1,0,1
240,1,0,1
241,1,0,1
242,1,0,1
243,1,0,1
244,1,0,1
245,1,0,1
246,1,0,1
247,1,0,1
248,0,0,0
249,0,0,0
250,0,0,0
251,0,0,0
252,0,0,0
253,0,0,0
254,0,0,0
255,0,0,0
256,0,0,0
257,1,0,1
258,1,0,1
259,1,0,1
260,1,0,1
261,1,0,1
262,1,0,1
263,1,0,1
264,1,0,1
265,1,0,1
266,1,0,1
267,1,0,1
268,1,0,1
269,1,0,1
270,1,0,1
271,1,0,1
272,1,0,1
273,1,0,1
274,1,0,1
275,1,0,1
276,1,0,1
277,1,0,1
278,1,0,1
279,1,0,1
280,1,0,1
281,1,0,1
282,1,0,1
283,1,0,1
284,1,0,1
285,1,0,1
286,1,0,1
287,1,0,1
288,1,0,1
289,1,0,1
290,1,0,1
291,1,0,1
292,1,0,1
293,1,0,1
294,1,0,1
295,1,0,1
296,1,0,1
297,1,0,1
298,1,0,1
299,1,0,1
300,1,0,1
301,1,0,1
302,1,0,1
303,1,0,1
304,1,0,1
305,1,0,1
306,1,0,1
307,1,0,1
308,1,0,1
309,1,0,1
310,1,0,1
311,1,0,1
312,1,0,1
313,1,0,1
314,1,0,1
315,1,0,1
316,1,0,1
317,1,0,1
318,0,0,0
319,0,0,0
320,0,0,0
321,0,0,0
322,0,0,0
323,0,0,0
324,0,0,0
325,0,0,0
326,0,0,0
327,0,0,0
328,0,0,0
329,0,0,0
330,0,0,0
331,0,0,0
332,0,0,0
333,0,0,0
334,0,0,0
335,0,0,0
336,0,0,0
337,0,0,0
338,0,0,0
339,0,0,0
340,0,0,0
341,0,0,0
342,0,0,0
343,0,0,0
344,0,0,0
345,0,0,0
346,0,0,0
347,0,0,0
348,0,0,0
349,0,0,0
350,0,0,0
351,0,0,0
352,0,0,0
353,0,0,0
354,0,0,0
355,0,0,0
356,0,0,0
357,0,0,0
358,0,0,0
359,0,0,0
360,0,0,0
361,0,0,0
362,0,0,0
363,0,0,0
364,0,0,0
365,0,0,0
366,0,0,0
367,0,0,0
368,0,0,0
369,0,0,0
370,0,0,0
371,0,0,0
372,0,0,0
373,0,0,0
374,0,0,0
375,0,0,0
376,0,0,0
377,0,0,0
378,0,0,0
379,0,0,0
380,0,0,0
381,0,0,0
382,0,0,0
383,0,0,0
384,0,0,0
385,0,0,0
386,0,0,0
387,0,0,0
388,0,0,0
389,0,0,0
390,0,0,0
391,0,0,0
392,0,0,0
393,0,0,0
394,0,0,0
395,0,0,0
396,0,0,0
397,0,0,0
398,0,0,0
399,0,0,0
400,0,0,0
401,0,0,0
402,0,0,0
403,0,0,0
404,0,0,0
405,0,0,0
406,0,0,0
407,0,0,0
408,0,0,0
409,0,0,0
410,0,0,0
411,0,0,0
412,0,0,0
413,0,0,0
414,0,0,0
415,0,0,0
416,0,0,0
417,0,0,0
418,0,0,0
419,0,0,0
420,0,0,0
421,0,0,0
422,0,0,0
423,0,0,0
424,0,0,0
425,1,0,1
426,1,0,1
427,1,0,1
428,1,0,1
429,1,0,1
430,1,0,1
431,1,0,1
432,1,0,1
433,1,0,1
434,1,0,1
435,1,0,1
436,1,0,1
437,1,0,1
438,1,0,1
439,1,0,1
440,1,0,1
441,1,0,1
442,1,0,1
443,1,0,1
444,1,0,1
445,1,0,1
446,1,0,1
447,1,0,1
448,1,0,1
449,1,0,1
450,1,0,1
451,1,0,1
452,1,0,1
453,1,0,1
454,1,0,1
455,1,0,1
456,1,0,1
457,1,0,1
458,1,0,1
459,1,0,1
460,1,0,1
461,1,0,1
462,1,0,1
463,1,0,1
464,1,0,1
465,1,0,1
466,1,0,1
467,1,0,1
468,1,0,1
469,1,0,1
470,1,0,1
471,1,0,1
472,1,0,1
473,1,0,1
474,1,0,1
475,1,0,1
476,1,0,1
477,1,0,1
478,1,0,1
479,0,0,0
480,0,0,0
481,0,0,0
482,0,0,0
483,0,0,0
484,0,0,0
485,0,0,0
486,0,0,0
487,0,0,0
488,0,0,0
489,0,0,0
490,0,0,0
491,0,0,0
492,0,0,0
493,0,0,0
494,0,0,0
495,0,0,0
496,0,0,0
497,0,0,0
498,0,0,0
499,0,0,0
500,0,0,0
501,0,0,0
502,0,0,0
503,0,0,0
504,0,0,0
505,0,0,0
506,0,0,0
507,0,0,0
508,0,0,0
509,0,0,0
510,0,0,0
511,0,0,0
512,0,0,0
513,0,0,0
514,0,0,0
515,0,0,0
516,0,0,0
517,0,0,0
518,0,0,0
519,0,0,0
520,0,0,0
521,0,0,0
522,0,0,0
523,0,0,0
524,0,0,0
525,0,0,0
526,0,0,0
527,0,0,0
528,0,0,0
529,0,0,0
530,0,0,0
531,0,0,0
532,0,0,0
533,0,0,0
534,0,0,0
535,0,0,0
536,0,0,0
537,0,0,0
538,0,0,0
539,0,0,0
540,0,0,0
541,0,0,0
542,0,0,0
543,0,0,0
544,0,0,0
545,0,0,0
546,0,0,0
547,0,0,0
548,0,0,0
549,0,0,0
550,0,0,0
551,0,0,0
552,0,0,0
553,0,0,0
554,0,0,0
555,0,0,0
556,0,0,0
557,0,0,0
558,0,0,0
559,0,0,0
560,0,0,0
561,0,0,0
562,0,0,0
563,0,0,0
564,0,0,0
565,0,0,0
566,0,0,0
567,0,0,0
568,0,0,0
569,0,0,0
570,0,0,0
571,0,0,0
572,0,0,0
573,0,0,0
574,0,0,0
575,0,0,0
576,0,0,0
577,0,0,0
578,0,0,0
579,0,0,0
580,0,0,0
581,0,0,0
582,0,0,0
583,0,0,0
584,0,0,0
585,0,0,0
586,0,0,0
587,0,0,0
588,0,0,0
589,0,0,0
590,0,0,0
591,0,0,0
592,0,0,0
593,0,0,0
594,0,0,0
595,0,0,0
596,0,0,0
597,0,0,0
598,0,0,0
599,0,0,0
600,0,0,0
601,0,0,0
602,0,0,0
603,0,0,0
604,0,0,0
605,0,0,0
606,0,0,0
607,1,0,1
608,1,0,1
609,1,0,1
610,1,0,1
611,1,0,1
612,1,0,1
613,1,0,1
614,1,0,1
615,1,0,1
616,1,0,1
617,1,0,1
618,1,0,1
619,1,0,1
620,1,0,1
621,1,0,1
622,1,0,1
623,1,0,1
624,1,0,1
625,1,0,1
626,1,0,1
627,1,0,1
628,1,0,1
629,1,0,1
630,1,0,1
631,1,0,1
632,1,0,1
633,1,0,1
634,1,0,1
635,1,0,1
636,1,0,1
637,1,0,1
638,1,0,1
639,1,0,1
640,1,0,1
641,1,0,1
642,1,0,1
643,1,0,1
644,1,0,1
645,1,0,1
646,1,0,1
647,1,0,1
648,1,0,1
649,1,0,1
650,1,0,1
651,1,0,1
652,1,0,1
653,1,0,1
654,1,0,1
655,1,0,1
656,1,0,1
657,1,0,1
658,1,0,1
659,1,0,1
660,1,0,1
661,0,1,1
662,0,1,1
663,0,1,1
664,0,1,1
665,0,1,1
666,0,1,1
667,0,1,1
668,0,1,1
669,0,1,1
670,0,1,1
671,0,1,1
672,0,1,1
673,0,1,1
674,0,1,1
675,0,1,1
676,0,1,1
677,0,1,1
678,0,1,1
679,0,1,1
680,0,1,1
681,0,1,1
682,0,1,1
683,0,1,1
684,0,1,1
685,0,1,1
686,0,1,1
687,0,1,1
688,0,1,1
689,0,1,1
690,0,1,1
691,0,1,1
692,0,1,1
693,0,1,1
694,0,1,1
695,0,1,1
696,0,1,1
697,0,1,1
698,1,0,1
699,1,0,1
700,1,0,1
701,0,0,0
702,0,0,0
703,0,0,0
704,0,0,0
705,0,0,0
706,0,0,0
707,0,0,0
708,0,0,0
709,0,0,0
710,0,0,0
711,0,0,0
712,0,0,0
713,0,0,0
714,0,0,0
715,0,0,0
716,0,0,0
717,0,0,0
718,0,0,0
719,0,0,0
720,0,0,0
721,0,0,0
722,0,0,0
723,0,0,0
724,0,0,0
725,0,0,0
726,0,0,0
727,0,0,0
728,0,0,0
729,0,0,0
730,0,0,0
731,0,0,0
732,0,0,0
733,0,0,0
734,0,0,0
735,0,0,0
736,0,0,0
737,0,0,0
738,0,0,0
739,0,0,0
740,0,0,0
741,0,0,0
742,0,0,0
743,0,0,0
744,0,0,0
745,0,0,0
746,0,0,0
747,0,0,0
748,0,0,0
749,0,0,0
750,0,0,0
751,0,0,0
752,0,0,0
753,0,0,0
754,0,0,0
755,0,0,0
756,0,0,0
757,0,0,0
758,0,0,0
759,0,0,0
760,0,0,0
761,0,0,0
762,0,0,0
763,0,0,0
764,0,0,0
765,0,0,0
766,0,0,0
767,0,0,0
768,0,0,0
769,1,0,1
770,1,0,1
771,1,0,1
772,1,0,1
773,1,0,1
774,1,0,1
775,1,0,1
776,1,0,1
777,1,0,1
778,1,0,1
779,1,0,1
780,1,0,1
781,1,0,1
782,1,0,1
783,1,0,1
784,1,0,1
785,1,0,1
786,1,0,1
787,1,0,1
788,1,0,1
789,1,0,1
790,1,0,1
791,1,0,1
792,1,0,1
793,1,0,1
794,1,0,1
795,1,0,1
796,1,0,1
797,1,0,1
798,1,0,1
799,2,0,2
800,2,0,2
801,2,0,2
802,2,0,2
803,2,0,2
804,2,0,2
805,2,0,2
806,2,0,2
807,1,0,1
808,1,0,1
809,1,0,1
810,1,0,1
811,1,0,1
812,1,0,1
813,1,0,1
814,1,0,1
815,1,0,1
816,1,0,1
817,1,0,1
818,1,0,1
819,1,0,1
820,1,0,1
821,1,0,1
822,1,0,1
823,1,0,1
824,1,0,1
825,1,0,1
826,1,0,1
827,1,0,1
828,1,0,1
829,1,0,1
830,1,0,1
831,1,0,1
832,1,0,1
833,1,0,1
834,1,0,1
835,1,0,1
836,1,0,1
837,1,0,1
838,1,0,1
839,1,0,1
840,1,0,1
841,1,0,1
842,1,0,1
843,1,0,1
844,1,0,1
845,1,0,1
846,1,0,1
847,1,0,1
848,1,0,1
849,1,0,1
850,1,0,1
851,1,0,1
852,1,0,1
853,1,0,1
854,1,0,1
855,1,0,1
856,1,0,1
857,1,0,1
858,1,0,1
859,1,0,1
860,1,0,1
861,1,0,1
862,1,0,1
863,1,0,1
864,1,0,1
865,1,0,1
866,1,0,1
867,1,0,1
868,1,0,1
869,1,0,1
870,1,0,1
871,1,0,1
872,1,0,1
873,2,0,2
874,2,0,2
875,2,0,2
876,2,0,2
877,2,0,2
878,2,0,2
879,2,0,2
880,2,0,2
881,2,0,2
882,2,0,2
883,2,0,2
884,2,0,2
885,1,0,1
886,1,0,1
887,1,0,1
888,1,0,1
889,1,0,1
890,1,0,1
891,1,0,1
892,1,0,1
893,1,0,1
894,1,0,1
895,1,0,1
896,1,0,1
897,1,0,1
898,1,0,1
899,1,0,1
900,1,0,1
901,1,0,1
902,1,0,1
903,1,0,1
904,1,0,1
905,1,0,1
906,1,0,1
907,1,0,1
908,2,0,2
909,2,0,2
910,2,0,2
911,2,0,2
912,2,0,2
913,1,0,1
914,1,0,1
915,1,0,1
916,1,0,1
917,1,0,1
918,1,0,1
919,1,0,1
920,1,0,1
921,1,0,1
922,1,0,1
923,1,0,1
924,1,0,1
925,1,0,1
926,1,0,1
927,1,0,1
928,1,0,1
929,1,0,1
930,1,0,1
931,1,0,1
932,1,0,1
933,1,0,1
934,1,0,1
935,1,0,1
936,1,0,1
937,2,0,2
938,2,0,2
939,2,0,2
940,2,0,2
941,2,0,2
942,2,0,2
943,2,0,2
944,2,0,2
945,2,0,2
946,2,0,2
947,2,0,2
948,2,0,2
949,2,0,2
950,2,0,2
951,2,0,2
952,2,0,2
953,2,0,2
954,2,0,2
955,2,0,2
956,2,0,2
957,2,0,2
958,2,0,2
959,2,0,2
960,2,0,2
961,2,0,2
962,2,0,2
963,2,0,2
964,2,0,2
965,2,0,2
966,2,0,2
967,2,0,2
968,2,0,2
969,2,0,2
970,2,0,2
971,2,0,2
972,2,0,2
973,2,0,2
974,2,0,2
975,2,0,2
976,2,0,2
977,2,0,2
978,2,0,2
979,2,0,2
980,2,0,2
981,2,0,2
982,2,0,2
983,2,0,2
984,2,0,2
985,2,0,2
986,2,0,2
987,2,0,2
988,2,0,2
989,2,0,2
990,2,0,2
991,2,0,2
992,2,0,2
993,2,0,2
994,2,0,2
995,2,0,2
996,2,0,2
997,2,0,2
998,2,0,2
999,2,0,2
1000,2,0,2
1001,2,0,2
1002,2,0,2
1003,2,0,2
1004,2,0,2
1005,2,0,2
1006,2,0,2
1007,2,0,2
1008,2,0,2
1009,2,0,2
1010,2,0,2
1011,1,0,1
1012,1,0,1
1013,1,0,1
1014,1,0,1
1015,1,0,1
1016,1,0,1
1017,1,0,1
1018,1,0,1
1019,1,0,1
1020,1,0,1
1021,1,0,1
1022,1,0,1
1023,1,0,1
1024,1,0,1
1025,1,0,1
1026,1,0,1
1027,1,0,1
1028,1,0,1
1029,1,0,1
1030,1,0,1
1031,1,0,1
1032,1,0,1
1033,1,0,1
1034,1,0,1
1035,1,0,1
1036,1,0,1
1037,1,0,1
1038,1,0,1
1039,1,0,1
1040,1,0,1
1041,1,0,1
1042,0,0,0
1043,0,0,0
1044,0,0,0
1045,0,0,0
1046,0,0,0
1047,0,0,0
1048,0,0,0
1049,0,0,0
1050,0,0,0
1051,0,0,0
1052,0,0,0
1053,0,0,0
1054,0,0,0
1055,0,0,0
1056,0,0,0
1057,0,0,0
1058,0,0,0
1059,0,0,0
1060,0,0,0
1061,0,0,0
1062,0,0,0
1063,0,0,0
1064,0,0,0
1065,0,0,0
1066,0,0,0
1067,0,0,0
1068,0,0,0
1069,0,0,0
1070,0,0,0
1071,0,0,0
1072,0,0,0
1073,0,0,0
1074,0,0,0
1075,0,0,0
1076,0,0,0
1077,0,0,0
1078,0,0,0
1079,0,0,0
1080,0,0,0
1081,0,0,0
1082,0,0,0
1083,0,0,0
1084,0,0,0
1085,0,0,0
1086,0,0,0
1087,0,0,0
1088,0,0,0
1089,0,0,0
1090,0,0,0
1091,0,0,0
1092,0,0,0
1093,0,0,0
1094,0,0,0
1095,0,0,0
1096,0,0,0
1097,0,0,0
1098,0,0,0
1099,0,0,0
1100,0,0,0
1101,0,0,0
1102,0,0,0
1103,0,0,0
1104,0,0,0
1105,0,0,0
1106,0,0,0
1107,0,0,0
1108,0,0,0
1109,0,0,0
1110,0,0,0
1111,0,0,0
1112,0,0,0
1113,0,0,0
1114,0,0,0
1115,0,0,0
1116,0,0,0
1117,0,0,0
1118,0,0,0
1119,0,0,0
1120,0,0,0
1121,0,0,0
1122,0,0,0
1123,0,0,0
1124,0,0,0
1125,0,0,0
1126,0,0,0
1127,0,0,0
1128,0,0,0
1129,0,0,0
1130,1,0,1
1131,1,0,1
1132,2,0,2
1133,1,1,2
1134,1,1,2
1135,1,1,2
1136,1,1,2
1137,1,1,2
1138,1,1,2
1139,1,1,2
1140,1,1,2
1141,1,1,2
1142,1,1,2
1143,1,1,2
1144,1,1,2
1145,1,1,2
1146,1,1,2
1147,1,1,2
1148,1,1,2
1149,1,1,2
1150,1,1,2
1151,1,1,2
1152,1,1,2
1153,1,1,2
1154,1,1,2
1155,1,1,2
1156,1,1,2
1157,1,1,2
1158,1,1,2
1159,1,1,2
1160,1,1,2
1161,1,1,2
1162,1,1,2
1163,1,1,2
1164,1,1,2
1165,1,1,2
1166,1,1,2
1167,1,1,2
1168,1,1,2
1169,1,1,2
1170,1,1,2
1171,1,1,2
1172,1,1,2
1173,1,1,2
1174,1,1,2
1175,1,1,2
1176,1,1,2
1177,1,1,2
1178,1,1,2
1179,1,1,2
1180,1,1,2
1181,1,1,2
1182,1,1,2
1183,1,1,2
1184,2,0,2
1185,1,0,1
1186,1,0,1
1187,1,0,1
1188,2,0,2
1189,2,0,2
1190,2,0,2
1191,2,0,2
1192,2,0,2
1193,2,0,2
1194,2,0,2
1195,1,0,1
1196,1,0,1
1197,1,0,1
1198,1,0,1
1199,1,0,1
1200,1,0,1
1201,1,0,1
1202,1,0,1
1203,1,0,1
1204,1,0,1
1205,1,0,1
1206,1,0,1
1207,1,0,1
1208,1,0,1
1209,1,0,1
1210,1,0,1
1211,1,0,1
1212,1,0,1
1213,1,0,1
1214,1,0,1
1215,1,0,1
1216,1,0,1
1217,1,0,1
1218,1,0,1
1219,1,0,1
1220,1,0,1
1221,1,0,1
1222,1,0,1
1223,1,0,1
1224,1,0,1
1225,1,0,1
1226,1,0,1
1227,1,0,1
1228,1,0,1
1229,1,0,1
1230,1,0,1
1231,1,0,1
1232,1,0,1
1233,1,0,1
1234,1,0,1
1235,1,0,1
1236,1,0,1
1237,1,0,1
1238,1,0,1
1239,1,0,1
1240,1,0,1
1241,1,0,1
1242,1,0,1
1243,1,0,1
1244,1,0,1
1245,1,0,1
1246,1,0,1
1247,1,0,1
1248,1,0,1
1249,1,0,1
1250,1,0,1
1251,2,0,2
1252,2,0,2
1253,2,0,2
1254,2,0,2
1255,2,0,2
1256,2,0,2
1257,2,0,2
1258,2,0,2
1259,3,0,3
1260,3,0,3
1261,3,0,3
1262,3,0,3
1263,3,0,3
1264,3,0,3
1265,3,0,3
1266,3,0,3
1267,3,0,3
1268,4,0,4
1269,4,0,4
1270,4,0,4
1271,4,0,4
1272,4,0,4
1273,4,0,4
1274,4,0,4
1275,4,0,4
1276,4,0,4
1277,4,0,4
1278,4,0,4
1279,4,0,4
1280,4,0,4
1281,4,0,4
1282,4,0,4
1283,4,0,4
1284,3,0,3
1285,3,0,3
1286,3,0,3
1287,3,0,3
1288,3,0,3
1289,3,0,3
1290,3,0,3
1291,3,0,3
1292,3,0,3
1293,3,0,3
1294,3,0,3
1295,3,0,3
1296,3,0,3
1297,3,0,3
1298,3,0,3
1299,2,0,2
1300,3,0,3
1301,2,0,2
1302,2,0,2
1303,2,0,2
1304,2,0,2
1305,2,0,2
1306,1,0,1
1307,1,0,1
1308,1,0,1
1309,1,0,1
1310,1,0,1
1311,1,0,1
1312,1,0,1
1313,1,0,1
1314,1,0,1
1315,2,0,2
1316,2,0,2
1317,2,0,2
1318,2,0,2
1319,2,0,2
1320,2,0,2
1321,2,0,2
1322,2,0,2
1323,2,0,2
1324,2,0,2
1325,2,0,2
1326,2,0,2
1327,2,0,2
1328,2,0,2
1329,2,0,2
1330,2,0,2
1331,2,0,2
1332,2,0,2
1333,2,0,2
1334,2,0,2
1335,3,0,3
1336,3,0,3
1337,3,0,3
1338,3,0,3
1339,3,0,3
1340,3,0,3
1341,3,0,3
1342,3,0,3
1343,3,0,3
1344,3,0,3
1345,3,0,3
1346,3,0,3
1347,3,0,3
1348,3,0,3
1349,3,0,3
1350,3,0,3
1351,2,0,2
1352,2,0,2
1353,2,0,2
1354,2,0,2
1355,2,0,2
1356,1,0,1
1357,1,0,1
1358,1,0,1
1359,1,0,1
1360,1,0,1
1361,1,0,1
1362,1,0,1
1363,1,0,1
1364,1,0,1
1365,1,0,1
1366,2,0,2
1367,2,0,2
1368,2,0,2
1369,2,0,2
1370,2,0,2
1371,2,0,2
1372,2,0,2
1373,2,0,2
1374,2,0,2
1375,2,0,2
1376,2,0,2
1377,2,0,2
1378,2,0,2
1379,1,0,1
1380,1,0,1
1381,1,0,1
1382,1,0,1
1383,1,0,1
1384,1,0,1
1385,1,0,1
1386,1,0,1
1387,1,0,1
1388,1,0,1
1389,1,0,1
1390,1,0,1
1391,1,0,1
1392,1,0,1
1393,1,0,1
1394,1,0,1
1395,1,0,1
1396,1,0,1
1397,1,0,1
1398,1,0,1
1399,1,0,1
1400,1,0,1
1401,1,0,1
1402,1,0,1
1403,1,0,1
1404,1,0,1
1405,1,0,1
1406,1,0,1
1407,1,0,1
1408,1,0,1
1409,1,0,1
1410,1,0,1
1411,1,0,1
1412,1,0,1
1413,1,0,1
1414,1,0,1
1415,1,0,1
1416,1,0,1
1417,1,0,1
1418,1,0,1
1419,1,0,1
1420,1,0,1
1421,1,0,1
1422,1,0,1
1423,1,0,1
1424,1,0,1
1425,1,0,1
1426,1,0,1
1427,2,0,2
1428,2,0,2
1429,2,0,2
1430,2,0,2
1431,2,0,2
1432,2,0,2
1433,2,0,2
1434,2,0,2
1435,2,0,2
1436,2,0,2
1437,2,0,2
1438,2,0,2
1439,2,0,2
1440,2,0,2
1441,2,0,2
1442,2,0,2
1443,2,0,2
1444,2,0,2
1445,2,0,2
1446,2,0,2
1447,2,0,2
1448,2,0,2
1449,2,0,2
1450,2,0,2
1451,2,0,2
1452,2,0,2
1453,2,0,2
1454,2,0,2
1455,2,0,2
1456,2,0,2
1457,3,0,3
1458,3,0,3
1459,2,0,2
1460,2,0,2
1461,2,0,2
1462,2,0,2
1463,2,0,2
1464,2,0,2
1465,2,0,2
1466,2,0,2
1467,1,1,2
1468,1,1,2
1469,1,1,2
1470,1,1,2
1471,1,1,2
1472,1,1,2
1473,1,1,2
1474,1,1,2
1475,1,1,2
1476,1,1,2
1477,1,1,2
1478,1,1,2
1479,1,1,2
1480,1,1,2
1481,1,1,2
1482,1,1,2
1483,1,1,2
1484,1,1,2
1485,1,1,2
1486,1,1,2
1487,2,0,2
1488,2,0,2
1489,2,0,2
1490,2,0,2
1491,2,0,2
1492,2,0,2
1493,2,0,2
1494,2,0,2
1495,2,0,2
1496,1,0,1
1497,1,0,1
1498,1,0,1
1499,1,0,1
1500,1,0,1
1501,1,0,1
1502,1,0,1
1503,1,0,1
1504,1,0,1
1505,1,0,1
1506,1,0,1
1507,1,0,1
1508,1,0,1
1509,1,0,1
1510,1,0,1
1511,1,0,1
1512,1,0,1
1513,1,0,1
1514,1,0,1
1515,1,0,1
1516,1,0,1
1517,1,0,1
1518,1,0,1
1519,0,0,0
1520,0,0,0
1521,0,0,0
1522,0,0,0
1523,0,0,0
1524,0,0,0
1525,0,0,0
1526,0,0,0
1527,0,0,0
1528,0,0,0
1529,0,0,0
1530,0,0,0
1531,0,0,0
1532,0,0,0
1533,0,0,0
1534,0,0,0
1535,0,0,0
1536,0,0,0
1537,0,0,0
1538,0,0,0
1539,0,0,0
1540,0,0,0
1541,0,0,0
1542,0,0,0
1543,0,0,0
1544,0,0,0
1545,0,0,0
1546,0,0,0
1547,0,0,0
1548,0,0,0
1549,0,0,0
1550,0,0,0
1551,0,0,0
1552,0,0,0
1553,0,0,0
1554,0,0,0
1555,0,0,0
1556,0,0,0
1557,0,0,0
1558,0,0,0
1559,0,0,0
1560,0,0,0
1561,0,0,0
1562,0,0,0
1563,0,0,0
1564,0,0,0
1565,0,0,0
1566,0,0,0
1567,0,0,0
1568,0,0,0
1569,0,0,0
1570,0,0,0
1571,0,0,0
1572,0,0,0
1573,0,0,0
1574,0,0,0
1575,0,0,0
1576,0,0,0
1577,0,0,0
1578,0,0,0
1579,0,0,0
1580,0,0,0
1581,0,0,0
1582,0,0,0
1583,0,0,0
1584,0,0,0
1585,0,0,0
1586,0,0,0
1587,0,0,0
1588,0,0,0
1589,0,0,0
1590,0,0,0
1591,0,0,0
1592,0,0,0
1593,0,0,0
1594,0,0,0
1595,0,0,0
1596,0,0,0
1597,0,0,0
1598,0,0,0
1599,0,0,0
1600,0,0,0
1601,0,0,0
1602,0,0,0
1603,0,0,0
1604,0,0,0
1605,0,0,0
1606,0,0,0
1607,0,0,0
1608,0,0,0
1609,0,0,0
1610,0,0,0
1611,0,0,0
1612,0,0,0
1613,0,0,0
1614,0,0,0
1615,0,0,0
1616,0,0,0
1617,0,0,0
1618,0,0,0
1619,0,0,0
1620,0,0,0
1621,0,0,0
1622,0,0,0
1623,0,0,0
1624,0,0,0
1625,0,0,0
1626,0,0,0
1627,0,0,0
1628,0,0,0
1629,0,0,0
1630,0,0,0
1631,0,0,0
1632,0,0,0
1633,0,0,0
1634,0,0,0
1635,0,0,0
1636,0,0,0
1637,0,0,0
1638,0,0,0
1639,0,0,0
1640,0,0,0
1641,0,0,0
1642,0,0,0
1643,0,0,0
1644,0,0,0
1645,0,0,0
1646,0,0,0
1647,0,0,0
1648,0,0,0
1649,0,0,0
1650,0,0,0
1651,0,0,0
1652,0,0,0
1653,0,0,0
1654,0,0,0
1655,0,0,0
1656,0,0,0
1657,0,0,0
1658,0,0,0
1659,0,0,0
1660,0,0,0
1661,0,0,0
1662,0,0,0
1663,0,0,0
1664,0,0,0
1665,0,0,0
1666,0,0,0
1667,0,0,0
1668,0,0,0
1669,0,0,0
1670,0,0,0
1671,0,0,0
1672,0,0,0
1673,0,0,0
1674,0,0,0
1675,0,0,0
1676,0,0,0
1677,0,0,0
1678,0,0,0
1679,0,0,0
1680,0,0,0
1681,0,0,0
1682,0,0,0
1683,0,0,0
1684,0,0,0
1685,0,0,0
1686,0,0,0
1687,0,0,0
1688,0,0,0
1689,0,0,0
1690,0,0,0
1691,0,0,0
1692,0,0,0
1693,0,0,0
1694,0,0,0
1695,0,0,0
1696,0,0,0
1697,0,0,0
1698,0,0,0
1699,0,0,0
1700,0,0,0
1701,0,0,0
1702,0,0,0
1703,0,0,0
1704,0,0,0
1705,0,0,0
1706,0,0,0
1707,0,0,0
1708,0,0,0
1709,0,0,0
1710,0,0,0
1711,0,0,0
1712,0,0,0
1713,0,0,0
1714,0,0,0
1715,0,0,0
1716,0,0,0
1717,0,0,0
1718,0,0,0
1719,0,0,0
1720,1,0,1
1721,1,0,1
1722,1,0,1
1723,1,0,1
1724,1,0,1
1725,1,0,1
1726,1,0,1
1727,1,0,1
1728,1,0,1
1729,1,0,1
1730,1,0,1
1731,1,0,1
1732,1,0,1
1733,1,0,1
1734,1,0,1
1735,1,0,1
1736,1,0,1
1737,1,0,1
1738,1,0,1
1739,1,0,1
1740,1,0,1
1741,1,0,1
1742,1,0,1
1743,1,0,1
1744,1,0,1
1745,1,0,1
1746,1,0,1
1747,1,0,1
1748,1,0,1
1749,1,0,1
1750,1,0,1
1751,1,0,1
1752,1,0,1
1753,1,0,1
1754,1,0,1
1755,1,0,1
1756,0,0,0
1757,0,0,0
1758,0,0,0
1759,0,0,0
1760,0,0,0
1761,0,0,0
1762,0,0,0
1763,0,0,0
1764,0,0,0
1765,0,0,0
1766,0,0,0
1767,0,0,0
1768,1,0,1
1769,1,0,1
1770,1,0,1
1771,1,0,1
1772,1,0,1
1773,1,0,1
1774,1,0,1
1775,1,0,1
1776,1,0,1
1777,1,0,1
1778,1,0,1
1779,1,0,1
1780,1,0,1
1781,1,0,1
1782,1,0,1
1783,1,0,1
1784,1,0,1
1785,1,0,1
1786,1,0,1
1787,1,0,1
1788,1,0,1
1789,1,0,1
1790,1,0,1
1791,1,0,1
1792,1,0,1
1793,1,0,1
1794,1,0,1
1795,2,0,2
1796,2,0,2
1797,2,0,2
1798,2,0,2
1799,2,0,2
1800,2,0,2
1801,2,0,2
1802,2,0,2
1803,2,0,2
1804,2,0,2
1805,2,0,2
1806,2,0,2
1807,2,0,2
1808,2,0,2
1809,2,0,2
1810,2,0,2
1811,2,0,2
1812,2,0,2
1813,2,0,2
1814,1,0,1
1815,1,0,1
1816,1,0,1
1817,1,0,1
1818,1,0,1
1819,1,0,1
1820,1,0,1
1821,1,0,1
1822,1,0,1
1823,1,0,1
1824,1,0,1
1825,1,0,1
1826,1,0,1
1827,1,0,1
1828,1,0,1
1829,1,0,1
1830,1,0,1
1831,1,0,1
1832,1,0,1
1833,1,0,1
1834,1,0,1
1835,1,0,1
1836,1,0,1
1837,1,0,1
1838,1,0,1
1839,0,0,0
1840,0,0,0
1841,0,0,0
1842,0,0,0
1843,0,0,0
1844,0,0,0
1845,0,0,0
1846,0,0,0
1847,0,0,0
1848,0,0,0
1849,0,0,0
1850,0,0,0
1851,0,0,0
1852,0,0,0
1853,0,0,0
1854,0,0,0
1855,0,0,0
1856,0,0,0
1857,0,0,0
1858,0,0,0
1859,0,0,0
1860,0,0,0
1861,0,0,0
1862,0,0,0
1863,0,0,0
1864,0,0,0
1865,0,0,0
1866,0,0,0
1867,0,0,0
1868,0,0,0
1869,0,0,0
1870,0,0,0
1871,0,0,0
1872,0,0,0
1873,0,0,0
1874,0,0,0
1875,0,0,0
1876,0,0,0
1877,0,0,0
1878,0,0,0
1879,0,0,0
1880,0,0,0
1881,0,0,0
1882,0,0,0
1883,0,0,0
1884,0,0,0
1885,0,0,0
1886,1,0,1
1887,1,0,1
1888,1,0,1
1889,1,0,1
1890,1,0,1
1891,1,0,1
1892,1,0,1
1893,1,0,1
1894,1,0,1
1895,1,0,1
1896,1,0,1
1897,1,0,1
1898,1,0,1
1899,1,0,1
1900,1,0,1
1901,1,0,1
1902,1,0,1
1903,1,0,1
1904,1,0,1
1905,1,0,1
1906,1,0,1
1907,1,0,1
1908,1,0,1
1909,1,0,1
1910,1,0,1
1911,1,0,1
1912,1,0,1
1913,1,0,1
1914,1,0,1
1915,1,0,1
1916,1,0,1
1917,1,0,1
1918,1,0,1
1919,1,0,1
1920,1,0,1
1921,1,0,1
1922,1,0,1
1923,1,0,1
1924,1,0,1
1925,1,0,1
1926,2,0,2
1927,2,0,2
1928,2,0,2
1929,2,0,2
1930,2,0,2
1931,2,0,2
1932,2,0,2
1933,2,0,2
1934,2,0,2
1935,2,0,2
1936,2,0,2
1937,2,0,2
1938,2,0,2
1939,2,0,2
1940,2,0,2
1941,2,0,2
1942,2,0,2
1943,2,0,2
1944,2,0,2
1945,2,0,2
1946,2,0,2
1947,2,0,2
1948,2,0,2
1949,2,0,2
1950,2,0,2
1951,2,0,2
1952,2,0,2
1953,2,0,2
1954,2,0,2
1955,2,0,2
1956,2,0,2
1957,2,0,2
1958,2,0,2
1959,2,0,2
1960,2,0,2
1961,2,0,2
1962,2,0,2
1963,2,0,2
1964,2,0,2
1965,2,0,2
1966,1,0,1
1967,1,0,1
1968,1,0,1
1969,1,0,1
1970,1,0,1
1971,1,0,1
1972,1,0,1
1973,1,0,1
1974,1,0,1
1975,1,0,1
1976,1,0,1
1977,1,0,1
1978,1,0,1
1979,1,0,1
1980,1,0,1
1981,1,0,1
1982,1,0,1
1983,1,0,1
1984,1,0,1
1985,1,0,1
1986,1,0,1
1987,1,0,1
1988,1,0,1
1989,1,0,1
1990,1,0,1
1991,1,0,1
1992,1,0,1
1993,1,0,1
1994,1,0,1
1995,1,0,1
1996,1,0,1
1997,1,0,1
1998,1,0,1
1999,1,0,1
2000,1,0,1
2001,1,0,1
2002,1,0,1
2003,1,0,1
2004,1,0,1
2005,1,0,1
2006,1,0,1
2007,1,0,1
2008,1,0,1
2009,1,0,1
2010,1,0,1
2011,1,0,1
2012,1,0,1
2013,1,0,1
2014,1,0,1
2015,1,0,1
2016,1,0,1
2017,1,0,1
2018,1,0,1
2019,1,0,1
2020,1,0,1
2021,1,0,1
2022,1,0,1
2023,1,0,1
2024,1,0,1
2025,1,0,1
2026,1,0,1
2027,1,0,1
2028,1,0,1
2029,2,0,2
2030,2,0,2
2031,2,0,2
2032,2,0,2
2033,1,1,2
2034,1,1,2
2035,1,1,2
2036,1,1,2
2037,1,1,2
2038,1,1,2
2039,1,1,2
2040,1,1,2
2041,1,1,2
2042,1,1,2
2043,1,1,2
2044,1,1,2
2045,1,1,2
2046,1,1,2
2047,1,1,2
2048,1,1,2
2049,1,1,2
2050,1,1,2
2051,1,1,2
2052,1,1,2
2053,1,1,2
2054,1,1,2
2055,1,1,2
2056,1,1,2
2057,1,1,2
2058,1,1,2
2059,1,1,2
2060,0,1,1
2061,0,1,1
2062,0,1,1
2063,0,1,1
2064,0,1,1
2065,0,1,1
2066,0,1,1
2067,0,1,1
2068,0,1,1
2069,0,1,1
2070,0,1,1
2071,0,1,1
2072,0,1,1
2073,0,1,1
2074,0,1,1
2075,0,1,1
2076,0,1,1
2077,0,1,1
2078,0,1,1
2079,0,1,1
2080,0,1,1
2081,0,1,1
2082,1,0,1
2083,0,0,0
2084,0,0,0
2085,0,0,0
2086,0,0,0
2087,0,0,0
2088,0,0,0
2089,0,0,0
2090,0,0,0
2091,0,0,0
2092,0,0,0
2093,0,0,0
2094,0,0,0
2095,0,0,0
2096,0,0,0
2097,0,0,0
2098,0,0,0
2099,0,0,0
2100,0,0,0
2101,0,0,0
2102,0,0,0
2103,0,0,0
2104,0,0,0
2105,0,0,0
2106,0,0,0
2107,0,0,0
2108,0,0,0
2109,0,0,0
2110,0,0,0
2111,0,0,0
2112,0,0,0
2113,0,0,0
2114,0,0,0
2115,0,0,0
2116,0,0,0
2117,0,0,0
2118,0,0,0
2119,0,0,0
2120,0,0,0
2121,0,0,0
2122,0,0,0
2123,0,0,0
2124,0,0,0
2125,0,0,0
2126,0,0,0
2127,0,0,0
2128,0,0,0
2129,0,0,0
2130,0,0,0
2131,0,0,0
2132,0,0,0
2133,0,0,0
2134,0,0,0
2135,0,0,0
2136,0,0,0
2137,0,0,0
2138,0,0,0
2139,0,0,0
2140,0,0,0
2141,0,0,0
2142,0,0,0
2143,1,0,1
2144,1,0,1
2145,1,0,1
2146,1,0,1
2147,1,0,1
2148,1,0,1
2149,1,0,1
2150,1,0,1
2151,1,0,1
2152,1,0,1
2153,1,0,1
2154,1,0,1
2155,1,0,1
2156,1,0,1
2157,1,0,1
2158,1,0,1
2159,1,0,1
2160,1,0,1
2161,1,0,1
2162,1,0,1
2163,1,0,1
2164,1,0,1
2165,1,0,1
2166,1,0,1
2167,1,0,1
2168,1,0,1
2169,1,0,1
2170,1,0,1
2171,1,0,1
2172,1,0,1
2173,1,0,1
2174,1,0,1
2175,1,0,1
2176,1,0,1
2177,1,0,1
2178,1,0,1
2179,1,0,1
2180,1,0,1
2181,1,0,1
2182,1,0,1
2183,1,0,1
2184,1,0,1
2185,1,0,1
2186,2,0,2
2187,1,0,1
2188,1,0,1
2189,1,0,1
2190,1,0,1
2191,1,0,1
2192,1,0,1
2193,1,0,1
2194,1,0,1
2195,1,0,1
2196,1,0,1
2197,1,0,1
2198,1,0,1
2199,1,0,1
2200,1,0,1
2201,1,0,1
2202,1,0,1
2203,1,0,1
2204,1,0,1
2205,1,0,1
2206,1,0,1
2207,1,0,1
2208,1,0,1
2209,1,0,1
2210,1,0,1
2211,1,0,1
2212,1,0,1
2213,1,0,1
2214,1,0,1
2215,1,0,1
2216,1,0,1
2217,1,0,1
2218,1,0,1
2219,1,0,1
2220,1,0,1
2221,1,0,1
2222,1,0,1
2223,1,0,1
2224,1,0,1
2225,1,0,1
2226,1,0,1
2227,1,0,1
2228,1,0,1
2229,1,0,1
2230,1,0,1
2231,1,0,1
2232,1,0,1
2233,1,0,1
2234,0,0,0
2235,0,0,0
2236,0,0,0
2237,0,0,0
2238,0,0,0
2239,0,0,0
2240,0,0,0
2241,0,0,0
2242,0,0,0
2243,0,0,0
2244,0,0,0
2245,0,0,0
2246,0,0,0
2247,0,0,0
2248,0,0,0
2249,0,0,0
2250,0,0,0
2251,0,0,0
2252,0,0,0
2253,0,0,0
2254,0,0,0
2255,0,0,0
2256,0,0,0
2257,0,0,0
2258,0,0,0
2259,0,0,0
2260,0,0,0
2261,0,0,0
2262,0,0,0
2263,0,0,0
2264,0,0,0
2265,0,0,0
2266,0,0,0
2267,1,0,1
2268,1,0,1
2269,1,0,1
2270,1,0,1
2271,1,0,1
2272,1,0,1
2273,1,0,1
2274,1,0,1
2275,1,0,1
2276,1,0,1
2277,1,0,1
2278,1,0,1
2279,1,0,1
2280,1,0,1
2281,1,0,1
2282,1,0,1
2283,1,0,1
2284,1,0,1
2285,1,0,1
2286,1,0,1
2287,1,0,1
2288,1,0,1
2289,1,0,1
2290,1,0,1
2291,1,0,1
2292,1,0,1
2293,1,0,1
2294,1,0,1
2295,1,0,1
2296,1,0,1
2297,1,0,1
2298,1,0,1
2299,1,0,1
2300,1,0,1
2301,1,0,1
2302,1,0,1
2303,1,0,1
2304,1,0,1
2305,1,0,1
2306,1,0,1
2307,1,0,1
2308,1,0,1
2309,1,0,1
2310,1,0,1
2311,1,0,1
2312,1,0,1
2313,1,0,1
2314,1,0,1
2315,1,0,1
2316,1,0,1
2317,1,0,1
2318,1,0,1
2319,1,0,1
2320,1,0,1
2321,1,0,1
2322,1,0,1
2323,1,0,1
2324,1,0,1
2325,1,0,1
2326,1,0,1
2327,1,0,1
2328,1,0,1
2329,1,0,1
2330,1,0,1
2331,1,0,1
2332,1,0,1
2333,1,0,1
2334,1,0,1
2335,1,0,1
2336,1,0,1
2337,1,0,1
2338,1,0,1
2339,1,0,1
2340,1,0,1
2341,1,0,1
2342,1,0,1
2343,1,0,1
2344,1,0,1
2345,1,0,1
2346,0,0,0
2347,0,0,0
2348,0,0,0
2349,0,0,0
2350,0,0,0
2351,0,0,0
2352,0,0,0
2353,0,0,0
2354,0,0,0
2355,0,0,0
2356,0,0,0
2357,0,0,0
2358,0,0,0
2359,0,0,0
2360,0,0,0
2361,0,0,0
2362,0,0,0
2363,0,0,0
2364,0,0,0
2365,0,0,0
2366,0,0,0
2367,0,0,0
2368,0,0,0
2369,0,0,0
2370,0,0,0
2371,0,0,0
2372,0,0,0
2373,0,0,0
2374,0,0,0
2375,0,0,0
2376,0,0,0
2377,0,0,0
2378,0,0,0
2379,0,0,0
2380,0,0,0
2381,0,0,0
2382,0,0,0
2383,0,0,0
2384,1,0,1
2385,1,0,1
2386,1,0,1
2387,1,0,1
2388,1,0,1
2389,1,0,1
2390,1,0,1
2391,1,0,1
2392,1,0,1
2393,1,0,1
2394,1,0,1
2395,1,0,1
2396,1,0,1
2397,1,0,1
2398,1,0,1
2399,1,0,1
2400,1,0,1
2401,1,0,1
2402,1,0,1
2403,1,0,1
2404,1,0,1
2405,1,0,1
2406,1,0,1
2407,1,0,1
2408,1,0,1
2409,1,0,1
2410,1,0,1
2411,1,0,1
2412,1,0,1
2413,1,0,1
2414,1,0,1
2415,1,0,1
2416,1,0,1
2417,1,0,1
2418,1,0,1
2419,1,0,1
2420,1,0,1
2421,1,0,1
2422,1,0,1
2423,1,0,1
2424,1,0,1
2425,1,0,1
2426,1,0,1
2427,1,0,1
2428,1,0,1
2429,1,0,1
2430,1,0,1
2431,1,0,1
2432,1,0,1
2433,1,0,1
2434,1,0,1
2435,1,0,1
2436,1,0,1
2437,1,0,1
2438,1,0,1
2439,1,0,1
2440,1,0,1
2441,1,0,1
2442,1,0,1
2443,1,0,1
2444,1,0,1
2445,1,0,1
2446,1,0,1
2447,1,0,1
2448,1,0,1
2449,1,0,1
2450,1,0,1
2451,1,0,1
2452,1,0,1
2453,1,0,1
2454,1,0,1
2455,1,0,1
2456,1,0,1
2457,2,0,2
2458,2,0,2
2459,2,0,2
2460,2,0,2
2461,2,0,2
2462,2,0,2
2463,2,0,2
2464,2,0,2
2465,2,0,2
2466,2,0,2
2467,2,0,2
2468,2,0,2
2469,3,0,3
2470,3,0,3
2471,3,0,3
2472,3,0,3
2473,3,0,3
2474,3,0,3
2475,3,0,3
2476,3,0,3
2477,3,0,3
2478,3,0,3
2479,2,0,2
2480,2,0,2
2481,2,0,2
2482,2,0,2
2483,2,0,2
2484,2,0,2
2485,2,0,2
2486,2,0,2
2487,2,0,2
2488,2,0,2
2489,2,0,2
2490,2,0,2
2491,2,0,2
2492,2,0,2
2493,2,0,2
2494,2,0,2
2495,2,0,2
2496,2,0,2
2497,2,0,2
2498,2,0,2
2499,2,0,2
2500,2,0,2
2501,1,0,1
2502,1,0,1
2503,1,0,1
2504,1,0,1
2505,1,0,1
2506,1,0,1
2507,1,0,1
2508,1,0,1
2509,1,0,1
2510,1,0,1
2511,1,0,1
2512,1,0,1
2513,1,0,1
2514,1,0,1
2515,1,0,1
2516,1,0,1
2517,1,0,1
2518,1,0,1
2519,1,0,1
2520,1,0,1
2521,1,0,1
2522,1,0,1
2523,1,0,1
2524,1,0,1
2525,1,0,1
2526,1,0,1
2527,1,0,1
2528,1,0,1
2529,1,0,1
2530,1,0,1
2531,1,0,1
2532,1,0,1
2533,1,0,1
2534,1,0,1
2535,1,0,1
2536,1,0,1
2537,1,0,1
2538,1,0,1
2539,1,0,1
2540,1,0,1
2541,1,0,1
2542,1,0,1
2543,1,0,1
2544,1,0,1
2545,1,0,1
2546,1,0,1
2547,1,0,1
2548,1,0,1
2549,1,0,1
2550,1,0,1
2551,1,0,1
2552,1,0,1
2553,0,0,0
2554,0,0,0
2555,0,0,0
2556,0,0,0
2557,0,0,0
2558,0,0,0
2559,0,0,0
2560,0,0,0
2561,0,0,0
2562,0,0,0
2563,0,0,0
2564,0,0,0
2565,0,0,0
2566,0,0,0
2567,0,0,0
2568,0,0,0
2569,0,0,0
2570,0,0,0
2571,0,0,0
2572,0,0,0
2573,0,0,0
2574,1,0,1
2575,1,0,1
2576,1,0,1
2577,1,0,1
2578,1,0,1
2579,1,0,1
2580,1,0,1
2581,1,0,1
2582,1,0,1
2583,1,0,1
2584,1,0,1
2585,1,0,1
2586,1,0,1
2587,1,0,1
2588,1,0,1
2589,1,0,1
2590,1,0,1
2591,1,0,1
2592,1,0,1
2593,1,0,1
2594,1,0,1
2595,1,0,1
2596,2,0,2
2597,2,0,2
2598,2,0,2
2599,2,0,2
2600,2,0,2
2601,2,0,2
2602,2,0,2
2603,2,0,2
2604,2,0,2
2605,2,0,2
2606,2,0,2
2607,3,0,3
2608,2,1,3
2609,2,1,3
2610,2,1,3
2611,2,1,3
2612,2,1,3
2613,2,1,3
2614,2,1,3
2615,2,1,3
2616,2,1,3
2617,2,1,3
2618,2,1,3
2619,2,1,3
2620,2,1,3
2621,2,1,3
2622,2,1,3
2623,2,1,3
2624,2,1,3
2625,2,1,3
2626,2,1,3
2627,2,1,3
2628,2,1,3
2629,2,1,3
2630,3,0,3
2631,3,0,3
2632,3,0,3
2633,3,0,3
2634,3,0,3
2635,3,0,3
2636,3,0,3
2637,3,0,3
2638,3,0,3
2639,3,0,3
2640,2,0,2
2641,2,0,2
2642,2,0,2
2643,2,0,2
2644,2,0,2
2645,2,0,2
2646,2,0,2
2647,1,0,1
2648,1,0,1
2649,1,0,1
2650,1,0,1
2651,1,0,1
2652,1,0,1
2653,1,0,1
2654,1,0,1
2655,1,0,1
2656,1,0,1
2657,1,0,1
2658,1,0,1
2659,1,0,1
2660,1,0,1
2661,1,0,1
2662,1,0,1
2663,1,0,1
2664,1,0,1
2665,1,0,1
2666,1,0,1
2667,1,0,1
2668,1,0,1
2669,1,0,1
2670,0,0,0
2671,0,0,0
2672,0,0,0
2673,0,0,0
2674,0,0,0
2675,0,0,0
2676,0,0,0
2677,0,0,0
2678,0,0,0
2679,0,0,0
2680,0,0,0
2681,0,0,0
2682,0,0,0
2683,0,0,0
2684,0,0,0
2685,0,0,0
2686,0,0,0
2687,0,0,0
2688,0,0,0
2689,0,0,0
2690,0,0,0
2691,0,0,0
2692,0,0,0
2693,0,0,0
2694,0,0,0
2695,0,0,0
2696,0,0,0
2697,0,0,0
2698,0,0,0
2699,0,0,0
2700,0,0,0
2701,0,0,0
2702,0,0,0
2703,0,0,0
2704,0,0,0
2705,0,0,0
2706,0,0,0
2707,0,0,0
2708,0,0,0
2709,0,0,0
2710,0,0,0
2711,0,0,0
2712,0,0,0
2713,0,0,0
2714,0,0,0
2715,0,0,0
2716,0,0,0
2717,0,0,0
2718,0,0,0
2719,0,0,0
2720,0,0,0
2721,0,0,0
2722,0,0,0
2723,0,0,0
2724,0,0,0
2725,0,0,0
2726,0,0,0
2727,0,0,0
2728,0,0,0
2729,0,0,0
2730,0,0,0
2731,0,0,0
2732,0,0,0
2733,0,0,0
2734,0,0,0
2735,0,0,0
2736,0,0,0
2737,0,0,0
2738,0,0,0
2739,0,0,0
2740,0,0,0
2741,0,0,0
2742,0,0,0
2743,0,0,0
2744,0,0,0
2745,0,0,0
2746,0,0,0
2747,0,0,0
2748,0,0,0
2749,0,0,0
2750,0,0,0
2751,0,0,0
2752,0,0,0
2753,0,0,0
2754,0,0,0
2755,0,0,0
2756,0,0,0
2757,0,0,0
2758,0,0,0
2759,0,0,0
2760,0,0,0
2761,0,0,0
2762,0,0,0
2763,0,0,0
2764,0,0,0
2765,0,0,0
2766,0,0,0
2767,1,0,1
2768,1,0,1
2769,1,0,1
2770,1,0,1
2771,1,0,1
2772,1,0,1
2773,1,0,1
2774,1,0,1
2775,1,0,1
2776,1,0,1
2777,1,0,1
2778,1,0,1
2779,1,0,1
2780,1,0,1
2781,1,0,1
2782,1,0,1
2783,1,0,1
2784,1,0,1
2785,1,0,1
2786,1,0,1
2787,1,0,1
2788,1,0,1
2789,1,0,1
2790,1,0,1
2791,1,0,1
2792,1,0,1
2793,1,0,1
2794,1,0,1
2795,1,0,1
2796,1,0,1
2797,1,0,1
2798,0,1,1
2799,0,1,1
2800,0,1,1
2801,0,1,1
2802,0,1,1
2803,0,1,1
2804,0,1,1
2805,0,1,1
2806,0,1,1
2807,0,1,1
2808,0,1,1
2809,0,1,1
2810,0,1,1
2811,0,1,1
2812,0,1,1
2813,0,1,1
2814,0,1,1
2815,0,1,1
2816,0,1,1
2817,0,1,1
2818,1,1,2
2819,1,1,2
2820,1,1,2
2821,1,1,2
2822,1,1,2
2823,1,1,2
2824,1,1,2
2825,1,1,2
2826,1,1,2
2827,1,1,2
2828,1,1,2
2829,1,1,2
2830,1,1,2
2831,1,1,2
2832,1,1,2
2833,1,1,2
2834,1,1,2
2835,1,1,2
2836,1,1,2
2837,1,1,2
2838,2,0,2
2839,1,0,1
2840,1,0,1
2841,1,0,1
2842,1,0,1
2843,1,0,1
2844,1,0,1
2845,1,0,1
2846,1,0,1
2847,1,0,1
2848,1,0,1
2849,1,0,1
2850,1,0,1
2851,1,0,1
2852,1,0,1
2853,1,0,1
2854,1,0,1
2855,1,0,1
2856,1,0,1
2857,1,0,1
2858,1,0,1
2859,1,0,1
2860,1,0,1
2861,1,0,1
2862,1,0,1
2863,1,0,1
2864,1,0,1
2865,1,0,1
2866,1,0,1
2867,1,0,1
2868,1,0,1
2869,1,0,1
2870,1,0,1
2871,1,0,1
2872,1,0,1
2873,1,0,1
2874,1,0,1
2875,1,0,1
2876,1,0,1
2877,1,0,1
2878,1,0,1
2879,1,0,1
2880,1,0,1
2881,1,0,1
2882,1,0,1
2883,1,0,1
2884,1,0,1
2885,1,0,1
2886,1,0,1
2887,1,0,1
2888,1,0,1
2889,1,0,1
2890,1,0,1
2891,1,0,1
2892,2,0,2
2893,1,1,2
2894,1,1,2
2895,1,1,2
2896,1,1,2
2897,1,1,2
2898,1,1,2
2899,1,1,2
2900,1,1,2
2901,1,1,2
2902,1,1,2
2903,1,1,2
2904,1,1,2
2905,1,1,2
2906,1,1,2
2907,1,1,2
2908,1,1,2
2909,1,1,2
2910,1,1,2
2911,1,1,2
2912,1,1,2
2913,1,1,2
2914,1,1,2
2915,1,1,2
2916,1,1,2
2917,1,1,2
2918,1,1,2
2919,1,1,2
2920,1,1,2
2921,1,1,2
2922,1,1,2
2923,1,1,2
2924,1,1,2
2925,1,1,2
2926,1,1,2
2927,1,1,2
2928,1,1,2
2929,1,1,2
2930,1,1,2
2931,1,1,2
2932,1,1,2
2933,1,1,2
2934,1,1,2
2935,1,1,2
2936,1,1,2
2937,1,1,2
2938,1,1,2
2939,1,1,2
2940,1,1,2
2941,1,1,2
2942,1,1,2
2943,2,0,2
2944,2,0,2
2945,1,0,1
2946,1,0,1
2947,1,0,1
2948,1,0,1
2949,1,0,1
2950,1,0,1
2951,1,0,1
2952,1,0,1
2953,1,0,1
2954,1,0,1
2955,0,0,0
2956,0,0,0
2957,0,0,0
2958,0,0,0
2959,0,0,0
2960,0,0,0
2961,0,0,0
2962,0,0,0
2963,0,0,0
2964,0,0,0
2965,0,0,0
2966,0,0,0
2967,0,0,0
2968,0,0,0
2969,0,0,0
2970,0,0,0
2971,0,0,0
2972,0,0,0
2973,0,0,0
2974,0,0,0
2975,0,0,0
2976,0,0,0
2977,0,0,0
2978,0,0,0
2979,0,0,0
2980,0,0,0
2981,0,0,0
2982,0,0,0
2983,0,0,0
2984,0,0,0
2985,1,0,1
2986,1,0,1
2987,1,0,1
2988,1,0,1
2989,1,0,1
2990,1,0,1
2991,1,0,1
2992,1,0,1
2993,2,0,2
2994,2,0,2
2995,2,0,2
2996,2,0,2
2997,2,0,2
2998,2,0,2
2999,2,0,2
3000,2,0,2
3001,2,0,2
3002,2,0,2
3003,2,0,2
3004,2,0,2
3005,2,0,2
3006,2,0,2
3007,2,0,2
3008,2,0,2
3009,2,0,2
3010,2,0,2
3011,2,0,2
3012,2,0,2
3013,2,0,2
3014,2,0,2
3015,2,0,2
3016,2,0,2
3017,2,0,2
3018,2,0,2
3019,2,0,2
3020,2,0,2
3021,2,0,2
3022,2,0,2
3023,2,0,2
3024,2,0,2
3025,2,0,2
3026,2,0,2
3027,2,0,2
3028,3,0,3
3029,3,0,3
3030,3,0,3
3031,3,0,3
3032,3,0,3
3033,3,0,3
3034,3,0,3
3035,3,0,3
3036,3,0,3
3037,3,0,3
3038,3,0,3
3039,3,0,3
3040,3,0,3
3041,3,0,3
3042,3,0,3
3043,3,0,3
3044,3,0,3
3045,3,0,3
3046,3,0,3
3047,3,0,3
3048,3,0,3
3049,3,0,3
3050,3,0,3
3051,3,0,3
3052,3,0,3
3053,3,0,3
3054,3,0,3
3055,3,0,3
3056,3,0,3
3057,3,0,3
3058,4,0,4
3059,4,0,4
3060,4,0,4
3061,4,0,4
3062,4,0,4
3063,4,0,4
3064,4,0,4
3065,4,0,4
3066,4,0,4
3067,4,0,4
3068,4,0,4
3069,4,0,4
3070,4,0,4
3071,4,0,4
3072,4,0,4
3073,4,0,4
3074,4,0,4
3075,4,0,4
3076,4,0,4
3077,4,0,4
3078,4,0,4
3079,4,0,4
3080,5,0,5
3081,5,0,5
3082,4,0,4
3083,4,0,4
3084,4,0,4
3085,3,0,3
3086,3,0,3
3087,3,0,3
3088,3,0,3
3089,3,0,3
3090,3,0,3
3091,3,0,3
3092,3,0,3
3093,3,0,3
3094,3,0,3
3095,3,0,3
3096,2,0,2
3097,2,0,2
3098,2,0,2
3099,2,0,2
3100,2,0,2
3101,2,0,2
3102,2,0,2
3103,2,0,2
3104,1,0,1
3105,1,0,1
3106,1,0,1
3107,1,0,1
3108,1,0,1
3109,1,0,1
3110,1,0,1
3111,1,0,1
3112,1,0,1
3113,1,0,1
3114,1,0,1
3115,1,0,1
3116,1,0,1
3117,1,0,1
3118,1,0,1
3119,1,0,1
3120,1,0,1
3121,1,0,1
3122,1,0,1
3123,1,0,1
3124,1,0,1
3125,1,0,1
3126,1,0,1
3127,1,0,1
3128,1,0,1
3129,1,0,1
3130,1,0,1
3131,1,0,1
3132,1,0,1
3133,1,0,1
3134,1,0,1
3135,1,0,1
3136,1,0,1
3137,1,0,1
3138,1,0,1
3139,1,0,1
3140,1,0,1
3141,1,0,1
3142,1,0,1
3143,1,0,1
3144,1,0,1
3145,1,0,1
3146,1,0,1
3147,1,0,1
3148,1,0,1
3149,1,0,1
3150,1,0,1
3151,1,0,1
3152,1,0,1
3153,1,0,1
3154,1,0,1
3155,1,0,1
3156,1,0,1
3157,1,0,1
3158,1,0,1
3159,1,0,1
3160,1,0,1
3161,1,0,1
3162,1,0,1
3163,1,0,1
3164,1,0,1
3165,1,0,1
3166,1,0,1
3167,1,0,1
3168,1,0,1
3169,1,0,1
3170,1,0,1
3171,0,0,0
3172,0,0,0
3173,0,0,0
3174,0,0,0
3175,0,0,0
3176,0,0,0
3177,0,0,0
3178,0,0,0
3179,1,0,1
3180,1,0,1
3181,1,0,1
3182,1,0,1
3183,1,0,1
3184,1,0,1
3185,1,0,1
3186,1,0,1
3187,1,0,1
3188,1,0,1
3189,1,0,1
3190,1,0,1
3191,1,0,1
3192,1,0,1
3193,1,0,1
3194,1,0,1
3195,1,0,1
3196,1,0,1
3197,1,0,1
3198,1,0,1
3199,1,0,1
3200,1,0,1
3201,1,0,1
3202,1,0,1
3203,1,0,1
3204,1,0,1
3205,1,0,1
3206,1,0,1
3207,1,0,1
3208,1,0,1
3209,1,0,1
3210,1,0,1
3211,1,0,1
3212,1,0,1
3213,1,0,1
3214,1,0,1
3215,1,0,1
3216,1,0,1
3217,0,0,0
3218,0,0,0
3219,0,0,0
3220,0,0,0
3221,0,0,0
3222,0,0,0
3223,0,0,0
3224,0,0,0
3225,0,0,0
3226,0,0,0
3227,0,0,0
3228,0,0,0
3229,0,0,0
3230,0,0,0
3231,0,0,0
3232,0,0,0
3233,0,0,0
3234,0,0,0
3235,0,0,0
3236,0,0,0
3237,0,0,0
3238,0,0,0
3239,0,0,0
3240,0,0,0
3241,0,0,0
3242,0,0,0
3243,0,0,0
3244,0,0,0
3245,0,0,0
3246,0,0,0
3247,0,0,0
3248,0,0,0
3249,0,0,0
3250,0,0,0
3251,0,0,0
3252,0,0,0
3253,0,0,0
3254,0,0,0
3255,0,0,0
3256,0,0,0
3257,0,0,0
3258,0,0,0
3259,0,0,0
3260,0,0,0
3261,0,0,0
3262,0,0,0
3263,0,0,0
3264,0,0,0
3265,0,0,0
3266,0,0,0
3267,0,0,0
3268,0,0,0
3269,0,0,0
3270,0,0,0
3271,0,0,0
3272,0,0,0
3273,0,0,0
3274,0,0,0
3275,0,0,0
3276,0,0,0
3277,0,0,0
3278,0,0,0
3279,0,0,0
3280,0,0,0
3281,0,0,0
3282,0,0,0
3283,0,0,0
3284,0,0,0
3285,0,0,0
3286,0,0,0
3287,0,0,0
3288,0,0,0
3289,0,0,0
3290,0,0,0
3291,0,0,0
3292,0,0,0
3293,0,0,0
3294,0,0,0
3295,0,0,0
3296,0,0,0
3297,0,0,0
3298,0,0,0
3299,0,0,0
3300,0,0,0
3301,0,0,0
3302,0,0,0
3303,0,0,0
3304,0,0,0
3305,0,0,0
3306,0,0,0
3307,0,0,0
3308,0,0,0
3309,0,0,0
3310,0,0,0
3311,0,0,0
3312,0,0,0
3313,0,0,0
3314,0,0,0
3315,0,0,0
3316,0,0,0
3317,0,0,0
3318,0,0,0
3319,0,0,0
3320,0,0,0
3321,0,0,0
3322,0,0,0
3323,0,0,0
3324,0,0,0
3325,0,0,0
3326,0,0,0
3327,0,0,0
3328,0,0,0
3329,0,0,0
3330,0,0,0
3331,0,0,0
3332,0,0,0
3333,0,0,0
3334,0,0,0
3335,0,0,0
3336,0,0,0
3337,0,0,0
3338,0,0,0
3339,0,0,0
3340,0,0,0
3341,0,0,0
3342,0,0,0
3343,0,0,0
3344,0,0,0
3345,0,0,0
3346,0,0,0
3347,0,0,0
3348,0,0,0
3349,0,0,0
3350,0,0,0
3351,0,0,0
3352,0,0,0
3353,0,0,0
3354,0,0,0
3355,0,0,0
3356,0,0,0
3357,0,0,0
3358,0,0,0
3359,0,0,0
3360,0,0,0
3361,0,0,0
3362,0,0,0
3363,0,0,0
3364,0,0,0
3365,0,0,0
3366,0,0,0
3367,0,0,0
3368,0,0,0
3369,0,0,0
3370,0,0,0
3371,0,0,0
3372,0,0,0
3373,0,0,0
3374,0,0,0
3375,0,0,0
3376,0,0,0
3377,0,0,0
3378,0,0,0
3379,0,0,0
3380,0,0,0
3381,0,0,0
3382,0,0,0
3383,0,0,0
3384,0,0,0
3385,0,0,0
3386,0,0,0
3387,0,0,0
3388,0,0,0
3389,0,0,0
3390,0,0,0
3391,0,0,0
3392,0,0,0
3393,0,0,0
3394,0,0,0
3395,0,0,0
3396,0,0,0
3397,0,0,0
3398,0,0,0
3399,0,0,0
3400,0,0,0
3401,0,0,0
3402,0,0,0
3403,0,0,0
3404,0,0,0
3405,0,0,0
3406,0,0,0
3407,0,0,0
3408,0,0,0
3409,0,0,0
3410,0,0,0
3411,0,0,0
3412,0,0,0
3413,0,0,0
3414,0,0,0
3415,0,0,0
3416,0,0,0
3417,0,0,0
3418,0,0,0
3419,0,0,0
3420,0,0,0
3421,0,0,0
3422,0,0,0
3423,0,0,0
3424,0,0,0
3425,0,0,0
3426,0,0,0
3427,0,0,0
3428,0,0,0
3429,0,0,0
3430,0,0,0
3431,0,0,0
3432,0,0,0
3433,0,0,0
3434,0,0,0
3435,0,0,0
3436,0,0,0
3437,0,0,0
3438,0,0,0
3439,0,0,0
3440,0,0,0
3441,0,0,0
3442,0,0,0
3443,0,0,0
3444,0,0,0
3445,0,0,0
3446,0,0,0
3447,0,0,0
3448,0,0,0
3449,0,0,0
3450,0,0,0
3451,0,0,0
3452,0,0,0
3453,0,0,0
3454,0,0,0
3455,0,0,0
3456,0,0,0
3457,0,0,0
3458,0,0,0
3459,0,0,0
3460,0,0,0
3461,0,0,0
3462,0,0,0
3463,0,0,0
3464,0,0,0
3465,0,0,0
3466,0,0,0
3467,0,0,0
3468,0,0,0
3469,0,0,0
3470,0,0,0
3471,0,0,0
3472,0,0,0
3473,0,0,0
3474,0,0,0
3475,0,0,0
3476,0,0,0
3477,0,0,0
3478,0,0,0
3479,0,0,0
3480,0,0,0
3481,0,0,0
3482,0,0,0
3483,0,0,0
3484,0,0,0
3485,0,0,0
3486,0,0,0
3487,0,0,0
3488,0,0,0
3489,0,0,0
3490,0,0,0
3491,0,0,0
3492,0,0,0
3493,0,0,0
3494,0,0,0
3495,0,0,0
3496,0,0,0
3497,0,0,0
3498,0,0,0
3499,0,0,0
3500,0,0,0
3501,0,0,0
3502,0,0,0
3503,0,0,0
3504,0,0,0
3505,0,0,0
3506,0,0,0
3507,0,0,0
3508,0,0,0
3509,0,0,0
3510,0,0,0
3511,0,0,0
3512,0,0,0
3513,0,0,0
3514,0,0,0
3515,0,0,0
3516,0,0,0
3517,0,0,0
3518,0,0,0
3519,0,0,0
3520,0,0,0
3521,0,0,0
3522,0,0,0
3523,0,0,0
3524,0,0,0
3525,0,0,0
3526,0,0,0
3527,1,0,1
3528,1,0,1
3529,1,0,1
3530,1,0,1
3531,1,0,1
3532,1,0,1
3533,1,0,1
3534,1,0,1
3535,1,0,1
3536,1,0,1
3537,1,0,1
3538,1,0,1
3539,1,0,1
3540,1,0,1
3541,1,0,1
3542,1,0,1
3543,1,0,1
3544,1,0,1
3545,1,0,1
3546,1,0,1
3547,1,0,1
3548,2,0,2
3549,2,0,2
3550,2,0,2
3551,2,0,2
3552,2,0,2
3553,2,0,2
3554,2,0,2
3555,2,0,2
3556,2,0,2
3557,2,0,2
3558,2,0,2
3559,2,0,2
3560,2,0,2
3561,2,0,2
3562,2,0,2
3563,2,0,2
3564,1,1,2
3565,1,1,2
3566,1,1,2
3567,1,1,2
3568,1,1,2
3569,1,1,2
3570,2,1,3
3571,2,1,3
3572,2,1,3
3573,2,1,3
3574,2,1,3
3575,2,1,3
3576,2,1,3
3577,2,1,3
3578,2,1,3
3579,2,1,3
3580,2,1,3
3581,2,1,3
3582,2,1,3
3583,2,1,3
3584,2,1,3
3585,2,1,3
3586,2,1,3
3587,2,1,3
3588,2,1,3
3589,2,1,3
3590,2,1,3
3591,2,1,3
3592,2,1,3
3593,3,1,4
3594,3,1,4
3595,3,1,4
3596,3,1,4
3597,3,1,4
3598,3,1,4
3599,3,1,4
3600,3,1,4
3601,3,1,4
3602,3,1,4
3603,3,1,4
3604,3,1,4
3605,3,1,4
3606,3,1,4
3607,3,1,4
3608,3,1,4
3609,3,1,4
3610,3,1,4
3611,2,2,4
3612,2,1,3
3613,2,1,3
3614,2,1,3
3615,2,1,3
3616,2,1,3
3617,2,1,3
3618,2,1,3
3619,2,1,3
3620,2,1,3
3621,2,1,3
3622,2,1,3
3623,2,1,3
3624,1,1,2
3625,1,1,2
3626,1,1,2
3627,1,1,2
3628,1,1,2
3629,1,1,2
3630,1,1,2
3631,1,1,2
3632,1,1,2
3633,1,1,2
3634,1,1,2
3635,1,1,2
3636,1,1,2
3637,1,1,2
3638,1,1,2
3639,1,1,2
3640,1,1,2
3641,0,1,1
3642,0,1,1
3643,0,1,1
3644,0,1,1
3645,0,1,1
3646,0,1,1
3647,0,1,1
3648,0,1,1
3649,0,1,1
3650,0,1,1
3651,0,1,1
3652,0,1,1
3653,0,1,1
3654,0,1,1
3655,0,1,1
3656,0,1,1
3657,0,1,1
3658,0,1,1
3659,0,1,1
3660,0,0,0
3661,0,0,0
3662,0,0,0
3663,0,0,0
3664,0,0,0
3665,0,0,0
3666,0,0,0
3667,0,0,0
3668,0,0,0
3669,1,0,1
3670,1,0,1
3671,1,0,1
3672,1,0,1
3673,1,0,1
3674,1,0,1
3675,1,0,1
3676,1,0,1
3677,1,0,1
3678,1,0,1
3679,1,0,1
3680,1,0,1
3681,1,0,1
3682,1,0,1
3683,1,0,1
3684,1,0,1
3685,1,0,1
3686,1,0,1
3687,1,0,1
3688,1,0,1
3689,1,0,1
3690,1,0,1
3691,1,0,1
3692,1,0,1
3693,1,0,1
3694,1,0,1
3695,1,0,1
3696,2,0,2
3697,2,0,2
3698,2,0,2
3699,2,0,2
3700,2,0,2
3701,2,0,2
3702,2,0,2
3703,2,0,2
3704,2,0,2
3705,2,0,2
3706,2,0,2
3707,2,0,2
3708,2,0,2
3709,2,0,2
3710,2,0,2
3711,2,0,2
3712,2,0,2
3713,2,0,2
3714,2,0,2
3715,2,0,2
3716,2,0,2
3717,2,0,2
3718,2,0,2
3719,2,0,2
3720,2,0,2
3721,2,0,2
3722,2,0,2
3723,2,0,2
3724,2,0,2
3725,2,0,2
3726,2,0,2
3727,2,0,2
3728,2,0,2
3729,3,0,3
3730,3,0,3
3731,3,0,3
3732,3,0,3
3733,3,0,3
3734,3,0,3
3735,3,0,3
3736,3,0,3
3737,3,0,3
3738,3,0,3
3739,3,0,3
3740,3,0,3
3741,3,0,3
3742,3,0,3
3743,3,0,3
3744,3,0,3
3745,3,0,3
3746,3,0,3
3747,3,0,3
3748,3,0,3
3749,3,0,3
3750,3,0,3
3751,3,0,3
3752,3,0,3
3753,3,0,3
3754,3,0,3
3755,3,0,3
3756,3,0,3
3757,3,0,3
3758,3,0,3
3759,3,0,3
3760,3,0,3
3761,3,0,3
3762,3,0,3
3763,3,0,3
3764,3,0,3
3765,3,0,3
3766,3,0,3
3767,3,0,3
3768,3,0,3
3769,2,0,2
3770,2,0,2
3771,2,0,2
3772,2,0,2
3773,2,0,2
3774,2,0,2
3775,2,0,2
3776,2,0,2
3777,2,0,2
3778,2,0,2
3779,2,0,2
3780,2,0,2
3781,2,0,2
3782,2,0,2
3783,2,0,2
3784,2,0,2
3785,2,0,2
3786,2,0,2
3787,2,0,2
3788,2,0,2
3789,2,0,2
3790,2,0,2
3791,2,0,2
3792,2,0,2
3793,2,0,2
3794,2,0,2
3795,2,0,2
3796,2,0,2
3797,2,0,2
3798,2,0,2
3799,2,0,2
3800,3,0,3
3801,3,0,3
3802,3,0,3
3803,3,0,3
3804,3,0,3
3805,4,0,4
3806,4,0,4
3807,4,0,4
3808,4,0,4
3809,4,0,4
3810,4,0,4
3811,4,0,4
3812,4,0,4
3813,4,0,4
3814,4,0,4
3815,4,0,4
3816,4,0,4
3817,4,0,4
3818,4,0,4
3819,4,0,4
3820,4,0,4
3821,4,0,4
3822,4,0,4
3823,4,0,4
3824,4,0,4
3825,4,0,4
3826,4,0,4
3827,4,0,4
3828,4,0,4
3829,4,0,4
3830,4,0,4
3831,4,0,4
3832,4,0,4
3833,4,0,4
3834,4,0,4
3835,4,0,4
3836,4,0,4
3837,4,0,4
3838,3,0,3
3839,3,0,3
3840,3,0,3
3841,3,0,3
3842,3,0,3
3843,3,0,3
3844,3,0,3
3845,3,0,3
3846,3,0,3
3847,3,0,3
3848,3,0,3
3849,3,0,3
3850,3,0,3
3851,3,0,3
3852,3,0,3
3853,3,0,3
3854,3,0,3
3855,3,0,3
3856,3,0,3
3857,3,0,3
3858,3,0,3
3859,3,0,3
3860,3,0,3
3861,3,0,3
3862,3,0,3
3863,3,0,3
3864,3,0,3
3865,3,0,3
3866,3,0,3
3867,3,0,3
3868,3,0,3
3869,3,0,3
3870,3,0,3
3871,3,0,3
3872,3,0,3
3873,3,0,3
3874,3,0,3
3875,3,0,3
3876,3,0,3
3877,3,0,3
3878,3,0,3
3879,3,0,3
3880,3,0,3
3881,3,0,3
3882,3,0,3
3883,3,0,3
3884,3,0,3
3885,3,0,3
3886,3,0,3
3887,3,0,3
3888,3,0,3
3889,3,0,3
3890,3,0,3
3891,3,0,3
3892,3,0,3
3893,3,0,3
3894,3,0,3
3895,3,0,3
3896,3,0,3
3897,3,0,3
3898,3,0,3
3899,3,0,3
3900,3,0,3
3901,3,0,3
3902,3,0,3
3903,3,0,3
3904,3,0,3
3905,3,0,3
3906,3,0,3
3907,3,0,3
3908,3,0,3
3909,3,0,3
3910,3,0,3
3911,3,0,3
3912,3,0,3
3913,3,0,3
3914,3,0,3
3915,3,0,3
3916,3,0,3
3917,3,0,3
3918,3,0,3
3919,3,0,3
3920,3,0,3
3921,3,0,3
3922,3,0,3
3923,3,0,3
3924,3,0,3
3925,3,0,3
3926,3,0,3
3927,3,0,3
3928,4,0,4
3929,4,0,4
3930,4,0,4
3931,4,0,4
3932,4,0,4
3933,4,0,4
3934,4,0,4
3935,4,0,4
3936,4,0,4
3937,4,0,4
3938,4,0,4
3939,4,0,4
3940,4,0,4
3941,4,0,4
3942,4,0,4
3943,4,0,4
3944,4,0,4
3945,4,0,4
3946,4,0,4
3947,4,0,4
3948,4,0,4
3949,4,0,4
3950,4,0,4
3951,4,0,4
3952,4,0,4
3953,3,0,3
3954,2,0,2
3955,2,0,2
3956,2,0,2
3957,2,0,2
3958,3,0,3
3959,3,0,3
3960,3,0,3
3961,3,0,3
3962,3,0,3
3963,3,0,3
3964,3,0,3
3965,3,0,3
3966,3,0,3
3967,3,0,3
3968,4,0,4
3969,4,0,4
3970,4,0,4
3971,4,0,4
3972,4,0,4
3973,4,0,4
3974,4,0,4
3975,4,0,4
3976,4,0,4
3977,4,0,4
3978,3,0,3
3979,3,0,3
3980,3,0,3
3981,3,0,3
3982,4,0,4
3983,4,0,4
3984,4,0,4
3985,4,0,4
3986,4,0,4
3987,4,0,4
3988,4,0,4
3989,4,0,4
3990,4,0,4
3991,4,0,4
3992,4,0,4
3993,4,0,4
3994,4,0,4
3995,4,0,4
3996,4,0,4
3997,4,0,4
3998,3,0,3
3999,3,0,3
4000,3,0,3
4001,3,0,3
4002,3,0,3
4003,3,0,3
4004,3,0,3
4005,3,0,3
4006,3,0,3
4007,3,0,3
4008,3,0,3
4009,3,0,3
4010,3,0,3
4011,3,0,3
4012,3,0,3
4013,3,0,3
4014,3,0,3
4015,3,0,3
4016,3,0,3
4017,3,0,3
4018,3,0,3
4019,3,0,3
4020,3,0,3
4021,3,0,3
4022,3,0,3
4023,3,0,3
4024,3,0,3
4025,3,0,3
4026,3,0,3
4027,2,0,2
4028,2,0,2
4029,2,0,2
4030,1,0,1
4031,1,0,1
4032,1,0,1
4033,1,0,1
4034,1,0,1
4035,1,0,1
4036,1,0,1
4037,1,0,1
4038,1,0,1
4039,1,0,1
4040,1,0,1
4041,1,0,1
4042,1,0,1
4043,1,0,1
4044,1,0,1
4045,1,0,1
4046,1,0,1
4047,1,0,1
4048,1,0,1
4049,1,0,1
4050,1,0,1
4051,2,0,2
4052,2,0,2
4053,2,0,2
4054,2,0,2
4055,2,0,2
4056,2,0,2
4057,2,0,2
4058,2,0,2
4059,2,0,2
4060,2,0,2
4061,2,0,2
4062,2,0,2
4063,2,0,2
4064,2,0,2
4065,2,0,2
4066,2,0,2
4067,2,0,2
4068,2,0,2
4069,2,0,2
4070,2,0,2
4071,2,0,2
4072,2,0,2
4073,2,0,2
4074,2,0,2
4075,2,0,2
4076,2,0,2
4077,2,0,2
4078,2,0,2
4079,2,0,2
4080,2,0,2
4081,2,0,2
4082,2,0,2
4083,2,0,2
4084,2,0,2
4085,2,0,2
4086,2,0,2
4087,2,0,2
4088,1,0,1
4089,0,0,0
4090,0,0,0
4091,0,0,0
4092,0,0,0
4093,0,0,0
4094,0,0,0
4095,0,0,0
4096,0,0,0
4097,0,0,0
4098,0,0,0
4099,0,0,0
4100,0,0,0
4101,0,0,0
4102,0,0,0
4103,0,0,0
4104,0,0,0
4105,0,0,0
4106,0,0,0
4107,0,0,0
4108,0,0,0
4109,0,0,0
4110,0,0,0
4111,0,0,0
4112,0,0,0
4113,0,0,0
4114,0,0,0
4115,0,0,0
4116,0,0,0
4117,0,0,0
4118,0,0,0
4119,0,0,0
4120,0,0,0
4121,0,0,0
4122,0,0,0
4123,0,0,0
4124,0,0,0
4125,0,0,0
4126,0,0,0
4127,0,0,0
4128,0,0,0
4129,0,0,0
4130,0,0,0
4131,0,0,0
4132,0,0,0
4133,0,0,0
4134,0,0,0
4135,0,0,0
4136,0,0,0
4137,0,0,0
4138,0,0,0
4139,0,0,0
4140,0,0,0
4141,0,0,0
4142,0,0,0
4143,0,0,0
4144,0,0,0
4145,0,0,0
4146,0,0,0
4147,0,0,0
4148,0,0,0
4149,0,0,0
4150,0,0,0
4151,0,0,0
4152,0,0,0
4153,0,0,0
4154,0,0,0
4155,1,0,1
4156,1,0,1
4157,1,0,1
4158,1,0,1
4159,2,0,2
4160,3,0,3
4161,3,0,3
4162,3,0,3
4163,3,0,3
4164,3,0,3
4165,3,0,3
4166,3,0,3
4167,3,0,3
4168,3,0,3
4169,3,0,3
4170,3,0,3
4171,3,0,3
4172,3,0,3
4173,3,0,3
4174,3,0,3
4175,3,0,3
4176,3,0,3
4177,3,0,3
4178,3,0,3
4179,3,0,3
4180,3,0,3
4181,3,0,3
4182,3,0,3
4183,3,0,3
4184,3,0,3
4185,3,0,3
4186,3,0,3
4187,3,0,3
4188,3,0,3
4189,3,0,3
4190,4,0,4
4191,4,0,4
4192,4,0,4
4193,4,0,4
4194,4,0,4
4195,4,0,4
4196,4,0,4
4197,4,0,4
4198,4,0,4
4199,4,0,4
4200,4,0,4
4201,5,0,5
4202,5,0,5
4203,5,0,5
4204,5,0,5
4205,5,0,5
4206,5,0,5
4207,5,0,5
4208,5,0,5
4209,4,1,5
4210,4,1,5
4211,4,1,5
4212,4,1,5
4213,4,1,5
4214,4,1,5
4215,4,1,5
4216,4,1,5
4217,4,1,5
4218,4,1,5
4219,4,1,5
4220,4,1,5
4221,4,1,5
4222,4,1,5
4223,4,1,5
4224,4,1,5
4225,4,1,5
4226,4,1,5
4227,4,1,5
4228,4,1,5
4229,4,1,5
4230,4,1,5
4231,4,1,5
4232,4,1,5
4233,4,1,5
4234,4,1,5
4235,4,1,5
4236,4,1,5
4237,4,1,5
4238,4,1,5
4239,4,1,5
4240,4,1,5
4241,4,1,5
4242,3,1,4
4243,3,1,4
4244,3,1,4
4245,3,1,4
4246,3,1,4
4247,3,1,4
4248,3,1,4
4249,3,1,4
4250,3,1,4
4251,3,1,4
4252,3,1,4
4253,3,1,4
4254,3,1,4
4255,3,1,4
4256,4,0,4
4257,3,0,3
4258,3,0,3
4259,3,0,3
4260,3,0,3
4261,3,0,3
4262,3,0,3
4263,3,0,3
4264,3,0,3
4265,3,0,3
4266,3,0,3
4267,3,0,3
4268,3,0,3
4269,3,0,3
4270,3,0,3
4271,3,0,3
4272,3,0,3
4273,3,0,3
4274,3,0,3
4275,3,0,3
4276,3,0,3
4277,3,0,3
4278,3,0,3
4279,3,0,3
4280,3,0,3
4281,3,0,3
4282,3,0,3
4283,3,0,3
4284,3,0,3
4285,3,0,3
4286,3,0,3
4287,3,0,3
4288,3,0,3
4289,3,0,3
4290,3,0,3
4291,3,0,3
4292,3,0,3
4293,3,0,3
4294,3,0,3
4295,2,1,3
4296,2,1,3
4297,1,2,3
4298,1,2,3
4299,1,2,3
4300,0,3,3
4301,0,3,3
4302,0,3,3
4303,0,3,3
4304,0,3,3
4305,0,3,3
4306,0,3,3
4307,0,3,3
4308,0,3,3
4309,0,3,3
4310,0,3,3
4311,0,3,3
4312,0,3,3
4313,0,3,3
4314,0,3,3
4315,0,3,3
4316,1,3,4
4317,1,3,4
4318,1,3,4
4319,1,3,4
4320,1,3,4
4321,1,3,4
4322,1,3,4
4323,1,3,4
4324,1,3,4
4325,1,3,4
4326,1,3,4
4327,1,3,4
4328,1,3,4
4329,1,3,4
4330,1,3,4
4331,1,3,4
4332,1,3,4
4333,1,3,4
4334,1,3,4
4335,1,3,4
4336,1,3,4
4337,1,3,4
4338,2,2,4
4339,2,2,4
4340,1,2,3
4341,1,2,3
4342,1,1,2
4343,1,1,2
4344,1,0,1
4345,1,0,1
4346,1,0,1
4347,1,0,1
4348,1,0,1
4349,1,0,1
4350,1,0,1
4351,1,0,1
4352,1,0,1
4353,1,0,1
4354,1,0,1
4355,1,0,1
4356,1,0,1
4357,1,0,1
4358,0,0,0
4359,0,0,0
4360,0,0,0
4361,0,0,0
4362,0,0,0
4363,0,0,0
4364,0,0,0
4365,0,0,0
4366,0,0,0
4367,0,0,0
4368,0,0,0
4369,0,0,0
4370,0,0,0
4371,0,0,0
4372,0,0,0
4373,0,0,0
4374,0,0,0
4375,0,0,0
4376,0,0,0
4377,0,0,0
4378,0,0,0
4379,0,0,0
4380,0,0,0
4381,0,0,0
4382,0,0,0
4383,0,0,0
4384,0,0,0
4385,0,0,0
4386,0,0,0
4387,0,0,0
4388,0,0,0
4389,0,0,0
4390,0,0,0
4391,0,0,0
4392,0,0,0
4393,0,0,0
4394,0,0,0
4395,0,0,0
4396,0,0,0
4397,0,0,0
4398,0,0,0
4399,0,0,0
4400,0,0,0
4401,0,0,0
4402,0,0,0
4403,0,0,0
4404,0,0,0
4405,0,0,0
4406,0,0,0
4407,1,0,1
4408,1,0,1
4409,1,0,1
4410,1,0,1
4411,1,0,1
4412,1,0,1
4413,1,0,1
4414,1,0,1
4415,1,0,1
4416,2,0,2
4417,2,0,2
4418,2,0,2
4419,2,0,2
4420,2,0,2
4421,2,0,2
4422,2,0,2
4423,2,0,2
4424,2,0,2
4425,2,0,2
4426,2,0,2
4427,2,0,2
4428,2,0,2
4429,2,0,2
4430,2,0,2
4431,2,0,2
4432,2,0,2
4433,2,0,2
4434,2,0,2
4435,2,0,2
4436,2,0,2
4437,2,0,2
4438,2,0,2
4439,2,0,2
4440,2,0,2
4441,2,0,2
4442,2,0,2
4443,2,0,2
4444,2,0,2
4445,2,0,2
4446,2,0,2
4447,2,0,2
4448,2,0,2
4449,2,0,2
4450,2,0,2
4451,2,0,2
4452,2,0,2
4453,2,0,2
4454,2,0,2
4455,2,0,2
4456,2,0,2
4457,2,0,2
4458,2,0,2
4459,2,0,2
4460,2,0,2
4461,2,0,2
4462,2,0,2
4463,2,0,2
4464,2,0,2
4465,2,0,2
4466,2,0,2
4467,2,0,2
4468,2,0,2
4469,2,0,2
4470,2,0,2
4471,2,0,2
4472,2,0,2
4473,2,0,2
4474,2,0,2
4475,2,0,2
4476,2,0,2
4477,2,0,2
4478,1,0,1
4479,1,0,1
4480,1,0,1
4481,1,0,1
4482,1,0,1
4483,0,1,1
4484,0,1,1
4485,0,1,1
4486,0,1,1
4487,0,1,1
4488,0,1,1
4489,0,1,1
4490,0,1,1
4491,0,1,1
4492,0,1,1
4493,0,1,1
4494,0,1,1
4495,0,1,1
4496,0,1,1
4497,0,1,1
4498,0,1,1
4499,0,1,1
4500,0,1,1
4501,0,1,1
4502,0,1,1
4503,0,1,1
4504,0,1,1
4505,0,1,1
4506,0,1,1
4507,0,1,1
4508,0,1,1
4509,0,1,1
4510,0,1,1
4511,0,1,1
4512,0,1,1
4513,0,1,1
4514,0,1,1
4515,0,1,1
4516,0,1,1
4517,0,1,1
4518,0,1,1
4519,0,1,1
4520,0,1,1
4521,0,1,1
4522,0,1,1
4523,0,1,1
4524,0,1,1
4525,0,1,1
4526,0,1,1
4527,0,1,1
4528,0,1,1
4529,0,1,1
4530,0,1,1
4531,0,1,1
4532,1,0,1
4533,1,0,1
4534,0,0,0
4535,0,0,0
4536,0,0,0
4537,0,0,0
4538,0,0,0
4539,0,0,0
4540,0,0,0
4541,0,0,0
4542,0,0,0
4543,0,0,0
4544,0,0,0
4545,0,0,0
4546,0,0,0
4547,0,0,0
4548,0,0,0
4549,0,0,0
4550,0,0,0
4551,0,0,0
4552,0,0,0
4553,0,0,0
4554,0,0,0
4555,0,0,0
4556,0,0,0
4557,0,0,0
4558,0,0,0
4559,0,0,0
4560,0,0,0
4561,0,0,0
4562,0,0,0
4563,0,0,0
4564,0,0,0
4565,0,0,0
4566,0,0,0
4567,0,0,0
4568,0,0,0
4569,0,0,0
4570,0,0,0
4571,0,0,0
4572,0,0,0
4573,0,0,0
4574,0,0,0
4575,0,0,0
4576,0,0,0
4577,0,0,0
4578,0,0,0
4579,0,0,0
4580,0,0,0
4581,0,0,0
4582,0,0,0
4583,0,0,0
4584,0,0,0
4585,0,0,0
4586,0,0,0
4587,0,0,0
4588,0,0,0
4589,0,0,0
4590,0,0,0
4591,0,0,0
4592,0,0,0
4593,0,0,0
4594,0,0,0
4595,0,0,0
4596,0,0,0
4597,0,0,0
4598,0,0,0
4599,0,0,0
4600,0,0,0
4601,0,0,0
4602,0,0,0
4603,0,0,0
4604,0,0,0
4605,0,0,0
4606,0,0,0
4607,0,0,0
4608,0,0,0
4609,0,0,0
4610,0,0,0
4611,0,0,0
4612,0,0,0
4613,0,0,0
4614,0,0,0
4615,0,0,0
4616,1,0,1
4617,1,0,1
4618,1,0,1
4619,1,0,1
4620,1,0,1
4621,1,0,1
4622,1,0,1
4623,1,0,1
4624,1,0,1
4625,1,0,1
4626,1,0,1
4627,1,0,1
4628,1,0,1
4629,1,0,1
4630,1,0,1
4631,1,0,1
4632,1,0,1
4633,1,0,1
4634,1,0,1
4635,1,0,1
4636,1,0,1
4637,1,0,1
4638,1,0,1
4639,1,0,1
4640,1,0,1
4641,1,0,1
4642,1,0,1
4643,1,0,1
4644,1,0,1
4645,1,0,1
4646,1,0,1
4647,1,0,1
4648,1,0,1
4649,1,0,1
4650,1,0,1
4651,1,0,1
4652,1,0,1
4653,1,0,1
4654,1,0,1
4655,1,0,1
4656,1,0,1
4657,1,0,1
4658,1,0,1
4659,1,0,1
4660,1,0,1
4661,1,0,1
4662,1,0,1
4663,1,0,1
4664,1,0,1
4665,1,0,1
4666,1,0,1
4667,1,0,1
4668,1,0,1
4669,1,0,1
4670,1,0,1
4671,1,0,1
4672,1,0,1
4673,1,0,1
4674,0,0,0
4675,0,0,0
4676,0,0,0
4677,0,0,0
4678,0,0,0
4679,0,0,0
4680,0,0,0
4681,0,0,0
4682,0,0,0
4683,0,0,0
4684,0,0,0
4685,0,0,0
4686,0,0,0
4687,0,0,0
4688,0,0,0
4689,0,0,0
4690,0,0,0
4691,0,0,0
4692,0,0,0
4693,0,0,0
4694,0,0,0
4695,0,0,0
4696,0,0,0
4697,0,0,0
4698,0,0,0
4699,0,0,0
4700,0,0,0
4701,0,0,0
4702,0,0,0
4703,0,0,0
4704,0,0,0
4705,0,0,0
4706,0,0,0
4707,0,0,0
4708,0,0,0
4709,0,0,0
4710,0,0,0
4711,0,0,0
4712,0,0,0
4713,0,0,0
4714,0,0,0
4715,0,0,0
4716,0,0,0
4717,0,0,0
4718,0,0,0
4719,0,0,0
4720,0,0,0
4721,0,0,0
4722,0,0,0
4723,0,0,0
4724,0,0,0
4725,0,0,0
4726,0,0,0
4727,0,0,0
4728,0,0,0
4729,0,0,0
4730,0,0,0
4731,0,0,0
4732,0,0,0
4733,0,0,0
4734,0,0,0
4735,0,0,0
4736,0,0,0
4737,0,0,0
4738,0,0,0
4739,0,0,0
4740,0,0,0
4741,0,0,0
4742,0,0,0
4743,1,0,1
4744,1,0,1
4745,1,0,1
4746,1,0,1
4747,1,0,1
4748,1,0,1
4749,1,0,1
4750,1,0,1
4751,1,0,1
4752,1,0,1
4753,1,0,1
4754,1,0,1
4755,1,0,1
4756,1,0,1
4757,1,0,1
4758,1,0,1
4759,1,0,1
4760,1,0,1
4761,1,0,1
4762,1,0,1
4763,1,0,1
4764,1,0,1
4765,1,0,1
4766,1,0,1
4767,1,0,1
4768,1,0,1
4769,1,0,1
4770,1,0,1
4771,1,0,1
4772,1,0,1
4773,1,0,1
4774,1,0,1
4775,1,0,1
4776,1,0,1
4777,1,0,1
4778,1,0,1
4779,1,0,1
4780,1,0,1
4781,1,0,1
4782,1,0,1
4783,1,0,1
4784,1,0,1
4785,1,0,1
4786,1,0,1
4787,1,0,1
4788,1,0,1
4789,1,0,1
4790,1,0,1
4791,1,0,1
4792,1,0,1
4793,1,0,1
4794,1,0,1
4795,1,0,1
4796,1,0,1
4797,1,0,1
4798,1,0,1
4799,1,0,1
4800,1,0,1
4801,1,0,1
4802,1,0,1
4803,1,0,1
4804,1,0,1
4805,1,0,1
4806,1,0,1
4807,1,0,1
4808,1,0,1
4809,1,0,1
4810,1,0,1
4811,1,0,1
4812,1,0,1
4813,1,0,1
4814,1,0,1
4815,1,0,1
4816,1,0,1
4817,1,0,1
4818,1,0,1
4819,1,0,1
4820,1,0,1
4821,0,0,0
4822,0,0,0
4823,0,0,0
4824,0,0,0
4825,0,0,0
4826,0,0,0
4827,0,0,0
4828,0,0,0
4829,0,0,0
4830,0,0,0
4831,0,0,0
4832,0,0,0
4833,0,0,0
4834,0,0,0
4835,0,0,0
4836,0,0,0
4837,0,0,0
4838,0,0,0
4839,0,0,0
4840,0,0,0
4841,0,0,0
4842,0,0,0
4843,0,0,0
4844,0,0,0
4845,0,0,0
4846,0,0,0
4847,0,0,0
4848,0,0,0
4849,0,0,0
4850,0,0,0
4851,0,0,0
4852,0,0,0
4853,0,0,0
4854,0,0,0
4855,0,0,0
4856,0,0,0
4857,0,0,0
4858,0,0,0
4859,0,0,0
4860,0,0,0
4861,0,0,0
4862,0,0,0
4863,0,0,0
4864,0,0,0
4865,0,0,0
4866,0,0,0
4867,0,0,0
4868,0,0,0
4869,0,0,0
4870,0,0,0
4871,0,0,0
4872,0,0,0
4873,0,0,0
4874,0,0,0
4875,0,0,0
4876,0,0,0
4877,0,0,0
4878,0,0,0
4879,0,0,0
4880,0,0,0
4881,0,0,0
4882,0,0,0
4883,0,0,0
4884,0,0,0
4885,0,0,0
4886,0,0,0
4887,0,0,0
4888,1,0,1
4889,1,0,1
4890,1,0,1
4891,1,0,1
4892,1,0,1
4893,1,0,1
4894,1,0,1
4895,1,0,1
4896,1,0,1
4897,1,0,1
4898,1,0,1
4899,1,0,1
4900,1,0,1
4901,1,0,1
4902,1,0,1
4903,1,0,1
4904,1,0,1
4905,1,0,1
4906,1,0,1
4907,1,0,1
4908,1,0,1
4909,2,0,2
4910,2,0,2
4911,2,0,2
4912,2,0,2
4913,2,0,2
4914,2,0,2
4915,2,0,2
4916,2,0,2
4917,2,0,2
4918,2,0,2
4919,2,0,2
4920,2,0,2
4921,2,0,2
4922,2,0,2
4923,2,0,2
4924,2,0,2
4925,2,0,2
4926,2,0,2
4927,2,0,2
4928,2,0,2
4929,2,0,2
4930,2,0,2
4931,2,0,2
4932,2,0,2
4933,2,0,2
4934,2,0,2
4935,2,0,2
4936,2,0,2
4937,2,0,2
4938,2,0,2
4939,2,0,2
4940,2,0,2
4941,2,0,2
4942,2,0,2
4943,2,0,2
4944,2,0,2
4945,2,0,2
4946,2,0,2
4947,2,0,2
4948,1,0,1
4949,1,0,1
4950,1,0,1
4951,1,0,1
4952,1,0,1
4953,1,0,1
4954,1,0,1
4955,1,0,1
4956,1,0,1
4957,1,0,1
4958,1,0,1
4959,1,0,1
4960,1,0,1
4961,0,0,0
4962,0,0,0
4963,0,0,0
4964,0,0,0
4965,0,0,0
4966,0,0,0
4967,0,0,0
4968,0,0,0
4969,0,0,0
4970,0,0,0
4971,0,0,0
4972,0,0,0
4973,0,0,0
4974,0,0,0
4975,0,0,0
4976,0,0,0
4977,0,0,0
4978,0,0,0
4979,0,0,0
4980,0,0,0
4981,0,0,0
4982,0,0,0
4983,0,0,0
4984,0,0,0
4985,0,0,0
4986,0,0,0
4987,0,0,0
4988,0,0,0
4989,0,0,0
4990,0,0,0
4991,0,0,0
4992,0,0,0
4993,0,0,0
4994,0,0,0
4995,0,0,0
4996,0,0,0
4997,0,0,0
4998,0,0,0
4999,0,0,0
5000,0,0,0
5001,0,0,0
5002,0,0,0
5003,0,0,0
5004,0,0,0
5005,0,0,0
5006,0,0,0
5007,0,0,0
5008,0,0,0
5009,0,0,0
5010,0,0,0
5011,0,0,0
5012,0,0,0
5013,0,0,0
5014,0,0,0
5015,0,0,0
5016,0,0,0
5017,0,0,0
5018,0,0,0
5019,0,0,0
5020,0,0,0
5021,0,0,0
5022,0,0,0
5023,0,0,0
5024,0,0,0
5025,0,0,0
5026,0,0,0
5027,0,0,0
5028,0,0,0
5029,0,0,0
5030,0,0,0
5031,0,0,0
5032,1,0,1
5033,1,0,1
5034,1,0,1
5035,1,0,1
5036,1,0,1
5037,1,0,1
5038,1,0,1
5039,1,0,1
5040,1,0,1
5041,1,0,1
5042,1,0,1
5043,1,0,1
5044,1,0,1
5045,1,0,1
5046,1,0,1
5047,1,0,1
5048,1,0,1
5049,1,0,1
5050,1,0,1
5051,1,0,1
5052,1,0,1
5053,1,0,1
5054,1,0,1
5055,1,0,1
5056,1,0,1
5057,1,0,1
5058,1,0,1
5059,1,0,1
5060,1,0,1
5061,1,0,1
5062,2,0,2
5063,2,0,2
5064,3,0,3
5065,3,0,3
5066,3,0,3
5067,3,0,3
5068,3,0,3
5069,3,0,3
5070,3,0,3
5071,3,0,3
5072,3,0,3
5073,3,0,3
5074,3,0,3
5075,3,0,3
5076,3,0,3
5077,3,0,3
5078,3,0,3
5079,3,0,3
5080,3,0,3
5081,3,0,3
5082,3,0,3
5083,3,0,3
5084,3,0,3
5085,2,1,3
5086,2,1,3
5087,2,1,3
5088,2,1,3
5089,2,1,3
5090,2,1,3
5091,2,1,3
5092,2,1,3
5093,2,1,3
5094,3,1,4
5095,3,1,4
5096,3,1,4
5097,3,1,4
5098,3,1,4
5099,3,1,4
5100,3,1,4
5101,3,1,4
5102,3,1,4
5103,3,1,4
5104,2,2,4
5105,2,2,4
5106,1,2,3
5107,1,2,3
5108,1,2,3
5109,1,2,3
5110,1,2,3
5111,2,2,4
5112,2,2,4
5113,2,2,4
5114,2,2,4
5115,2,2,4
5116,2,2,4
5117,2,2,4
5118,3,2,5
5119,3,2,5
5120,3,2,5
5121,3,2,5
5122,3,2,5
5123,3,2,5
5124,3,2,5
5125,3,2,5
5126,3,2,5
5127,3,2,5
5128,3,2,5
5129,3,2,5
5130,4,1,5
5131,4,1,5
5132,3,1,4
5133,3,0,3
5134,3,0,3
5135,3,0,3
5136,2,0,2
5137,2,0,2
5138,2,0,2
5139,2,0,2
5140,2,0,2
5141,2,0,2
5142,2,0,2
5143,2,0,2
5144,2,0,2
5145,2,0,2
5146,2,0,2
5147,2,0,2
5148,2,0,2
5149,2,0,2
5150,2,0,2
5151,2,0,2
5152,2,0,2
5153,2,0,2
5154,2,0,2
5155,2,0,2
5156,2,0,2
5157,2,0,2
5158,2,0,2
5159,2,0,2
5160,1,1,2
5161,1,1,2
5162,1,1,2
5163,1,1,2
5164,1,1,2
5165,1,1,2
5166,1,1,2
5167,1,1,2
5168,0,2,2
5169,0,2,2
5170,0,2,2
5171,0,2,2
5172,0,2,2
5173,0,2,2
5174,0,2,2
5175,0,2,2
5176,0,2,2
5177,0,2,2
5178,0,2,2
5179,0,2,2
5180,0,2,2
5181,0,2,2
5182,0,2,2
5183,0,2,2
5184,0,2,2
5185,0,2,2
5186,0,2,2
5187,0,2,2
5188,0,2,2
5189,0,2,2
5190,0,2,2
5191,0,2,2
5192,0,2,2
5193,0,2,2
5194,0,2,2
5195,0,2,2
5196,0,2,2
5197,0,2,2
5198,0,2,2
5199,0,2,2
5200,0,2,2
5201,0,2,2
5202,0,2,2
5203,0,2,2
5204,0,2,2
5205,0,2,2
5206,0,2,2
5207,0,2,2
5208,0,2,2
5209,0,2,2
5210,0,2,2
5211,1,1,2
5212,0,1,1
5213,0,1,1
5214,0,1,1
5215,0,1,1
5216,0,1,1
5217,0,1,1
5218,0,1,1
5219,0,0,0
5220,0,0,0
5221,0,0,0
5222,0,0,0
5223,0,0,0
5224,0,0,0
5225,0,0,0
5226,0,0,0
5227,0,0,0
5228,0,0,0
5229,0,0,0
5230,0,0,0
5231,0,0,0
5232,0,0,0
5233,0,0,0
5234,0,0,0
5235,0,0,0
5236,0,0,0
5237,0,0,0
5238,0,0,0
5239,0,0,0
5240,0,0,0
5241,0,0,0
5242,0,0,0
5243,0,0,0
5244,0,0,0
5245,0,0,0
5246,0,0,0
5247,0,0,0
5248,0,0,0
5249,0,0,0
5250,0,0,0
5251,0,0,0
5252,0,0,0
5253,0,0,0
5254,0,0,0
5255,0,0,0
5256,0,0,0
5257,0,0,0
5258,0,0,0
5259,0,0,0
5260,0,0,0
5261,0,0,0
5262,0,0,0
5263,0,0,0
5264,0,0,0
5265,0,0,0
5266,0,0,0
5267,0,0,0
5268,0,0,0
5269,0,0,0
5270,0,0,0
5271,0,0,0
5272,0,0,0
5273,0,0,0
5274,0,0,0
5275,0,0,0
5276,0,0,0
5277,0,0,0
5278,0,0,0
5279,0,0,0
5280,0,0,0
5281,0,0,0
5282,0,0,0
5283,0,0,0
5284,0,0,0
5285,0,0,0
5286,0,0,0
5287,0,0,0
5288,0,0,0
5289,0,0,0
5290,1,0,1
5291,1,0,1
5292,1,0,1
5293,1,0,1
5294,1,0,1
5295,1,0,1
5296,1,0,1
5297,1,0,1
5298,1,0,1
5299,1,0,1
5300,1,0,1
5301,1,0,1
5302,1,0,1
5303,1,0,1
5304,1,0,1
5305,1,0,1
5306,1,0,1
5307,1,0,1
5308,1,0,1
5309,1,0,1
5310,1,0,1
5311,1,0,1
5312,1,0,1
5313,1,0,1
5314,1,0,1
5315,1,0,1
5316,1,0,1
5317,1,0,1
5318,1,0,1
5319,1,0,1
5320,1,0,1
5321,1,0,1
5322,1,0,1
5323,1,0,1
5324,1,0,1
5325,1,0,1
5326,1,0,1
5327,1,0,1
5328,0,0,0
5329,0,0,0
5330,0,0,0
5331,0,0,0
5332,0,0,0
5333,0,0,0
5334,0,0,0
5335,0,0,0
5336,0,0,0
5337,0,0,0
5338,0,0,0
5339,0,0,0
5340,0,0,0
5341,0,0,0
5342,0,0,0
5343,0,0,0
5344,0,0,0
5345,0,0,0
5346,0,0,0
5347,0,0,0
5348,0,0,0
5349,0,0,0
5350,0,0,0
5351,0,0,0
5352,0,0,0
5353,0,0,0
5354,0,0,0
5355,0,0,0
5356,0,0,0
5357,0,0,0
5358,0,0,0
5359,0,0,0
5360,0,0,0
5361,0,0,0
5362,0,0,0
5363,0,0,0
5364,0,0,0
5365,0,0,0
5366,0,0,0
5367,0,0,0
5368,0,0,0
5369,0,0,0
5370,0,0,0
5371,0,0,0
5372,0,0,0
5373,0,0,0
5374,0,0,0
5375,0,0,0
5376,0,0,0
5377,0,0,0
5378,0,0,0
5379,0,0,0
5380,0,0,0
5381,0,0,0
5382,0,0,0
5383,0,0,0
5384,0,0,0
5385,0,0,0
5386,0,0,0
5387,0,0,0
5388,0,0,0
5389,0,0,0
5390,0,0,0
5391,0,0,0
5392,0,0,0
5393,0,0,0
5394,0,0,0
5395,0,0,0
5396,0,0,0
5397,0,0,0
5398,0,0,0
5399,0,0,0
5400,0,0,0
5401,0,0,0
5402,0,0,0
5403,0,0,0
5404,0,0,0
5405,0,0,0
5406,0,0,0
5407,0,0,0
5408,0,0,0
5409,0,0,0
5410,0,0,0
5411,0,0,0
5412,0,0,0
5413,0,0,0
5414,0,0,0
5415,0,0,0
5416,0,0,0
5417,0,0,0
5418,0,0,0
5419,0,0,0
5420,0,0,0
5421,0,0,0
5422,0,0,0
5423,0,0,0
5424,0,0,0
5425,0,0,0
5426,0,0,0
5427,0,0,0
5428,0,0,0
5429,0,0,0
5430,0,0,0
5431,0,0,0
5432,0,0,0
5433,0,0,0
5434,0,0,0
5435,0,0,0
5436,0,0,0
5437,0,0,0
5438,0,0,0
5439,0,0,0
5440,0,0,0
5441,0,0,0
5442,0,0,0
5443,0,0,0
5444,0,0,0
5445,0,0,0
5446,0,0,0
5447,0,0,0
5448,0,0,0
5449,0,0,0
5450,0,0,0
5451,0,0,0
5452,0,0,0
5453,0,0,0
5454,0,0,0
5455,0,0,0
5456,0,0,0
5457,0,0,0
5458,0,0,0
5459,0,0,0
5460,0,0,0
5461,0,0,0
5462,0,0,0
5463,0,0,0
5464,0,0,0
5465,0,0,0
5466,0,0,0
5467,0,0,0
5468,0,0,0
5469,0,0,0
5470,0,0,0
5471,0,0,0
5472,0,0,0
5473,0,0,0
5474,0,0,0
5475,0,0,0
5476,0,0,0
5477,0,0,0
5478,0,0,0
5479,0,0,0
5480,0,0,0
5481,0,0,0
5482,0,0,0
5483,1,0,1
5484,1,0,1
5485,1,0,1
5486,1,0,1
5487,1,0,1
5488,1,0,1
5489,1,0,1
5490,1,0,1
5491,1,0,1
5492,1,0,1
5493,1,0,1
5494,1,0,1
5495,1,0,1
5496,1,0,1
5497,1,0,1
5498,1,0,1
5499,1,0,1
5500,1,0,1
5501,1,0,1
5502,1,0,1
5503,1,0,1
5504,1,0,1
5505,1,0,1
5506,1,0,1
5507,1,0,1
5508,1,0,1
5509,1,0,1
5510,1,0,1
5511,1,0,1
5512,1,0,1
5513,1,0,1
5514,1,0,1
5515,1,0,1
5516,1,0,1
5517,1,0,1
5518,1,0,1
5519,1,0,1
5520,1,0,1
5521,1,0,1
5522,1,0,1
5523,1,0,1
5524,1,0,1
5525,3,0,3
5526,3,0,3
5527,3,0,3
5528,3,0,3
5529,3,0,3
5530,4,0,4
5531,4,0,4
5532,4,0,4
5533,4,0,4
5534,4,0,4
5535,4,0,4
5536,3,0,3
5537,3,0,3
5538,3,0,3
5539,3,0,3
5540,3,0,3
5541,3,0,3
5542,3,0,3
5543,3,0,3
5544,3,0,3
5545,3,0,3
5546,3,0,3
5547,3,0,3
5548,3,0,3
5549,3,0,3
5550,3,0,3
5551,3,0,3
5552,3,0,3
5553,3,0,3
5554,3,0,3
5555,3,0,3
5556,3,0,3
5557,3,0,3
5558,3,0,3
5559,3,0,3
5560,3,0,3
5561,3,0,3
5562,3,0,3
5563,3,0,3
5564,3,0,3
5565,3,0,3
5566,3,0,3
5567,2,0,2
5568,2,0,2
5569,2,0,2
5570,2,0,2
5571,2,0,2
5572,2,0,2
5573,2,0,2
5574,2,0,2
5575,2,0,2
5576,1,0,1
5577,1,0,1
5578,1,0,1
5579,1,0,1
5580,1,0,1
5581,1,0,1
5582,1,0,1
5583,1,0,1
5584,1,0,1
5585,1,0,1
5586,1,0,1
5587,1,0,1
5588,1,0,1
5589,2,0,2
5590,3,0,3
5591,3,0,3
5592,3,0,3
5593,3,0,3
5594,3,0,3
5595,3,0,3
5596,3,0,3
5597,3,0,3
5598,3,0,3
5599,3,0,3
5600,3,0,3
5601,3,0,3
5602,3,0,3
5603,3,0,3
5604,3,0,3
5605,3,0,3
5606,3,0,3
5607,3,0,3
5608,3,0,3
5609,3,0,3
5610,3,0,3
5611,3,0,3
5612,4,0,4
5613,4,0,4
5614,4,0,4
5615,4,0,4
5616,3,0,3
5617,3,0,3
5618,3,0,3
5619,3,0,3
5620,3,0,3
5621,3,0,3
5622,3,0,3
5623,3,0,3
5624,3,0,3
5625,3,0,3
5626,3,0,3
5627,3,0,3
5628,3,0,3
5629,3,0,3
5630,3,0,3
5631,3,0,3
5632,3,0,3
5633,3,0,3
5634,3,0,3
5635,3,0,3
5636,3,0,3
5637,3,0,3
5638,3,0,3
5639,3,0,3
5640,3,0,3
5641,3,0,3
5642,3,0,3
5643,3,0,3
5644,3,0,3
5645,2,0,2
5646,1,1,2
5647,1,1,2
5648,1,1,2
5649,1,1,2
5650,0,1,1
5651,0,1,1
5652,0,1,1
5653,0,1,1
5654,0,1,1
5655,0,1,1
5656,0,1,1
5657,1,1,2
5658,1,1,2
5659,1,1,2
5660,1,1,2
5661,2,0,2
5662,2,0,2
5663,2,0,2
5664,2,0,2
5665,2,0,2
5666,2,0,2
5667,2,0,2
5668,2,0,2
5669,3,0,3
5670,3,0,3
5671,3,0,3
5672,3,0,3
5673,3,0,3
5674,3,0,3
5675,2,0,2
5676,2,0,2
5677,2,0,2
5678,2,0,2
5679,2,0,2
5680,2,0,2
5681,2,0,2
5682,2,0,2
5683,2,0,2
5684,2,0,2
5685,2,0,2
5686,2,0,2
5687,2,0,2
5688,2,0,2
5689,2,0,2
5690,2,0,2
5691,2,0,2
5692,2,0,2
5693,2,0,2
5694,2,0,2
5695,2,0,2
5696,2,0,2
5697,2,0,2
5698,2,0,2
5699,2,0,2
5700,2,0,2
5701,2,0,2
5702,2,0,2
5703,2,0,2
5704,2,0,2
5705,2,0,2
5706,2,0,2
5707,2,0,2
5708,2,0,2
5709,2,1,3
5710,2,1,3
5711,2,1,3
5712,2,1,3
5713,2,1,3
5714,2,1,3
5715,1,1,2
5716,1,1,2
5717,1,1,2
5718,1,1,2
5719,1,1,2
5720,1,1,2
5721,1,1,2
5722,1,1,2
5723,1,1,2
5724,1,1,2
5725,1,1,2
5726,1,1,2
5727,1,1,2
5728,1,1,2
5729,1,1,2
5730,1,1,2
5731,1,1,2
5732,1,1,2
5733,1,1,2
5734,1,1,2
5735,1,1,2
5736,1,1,2
5737,1,1,2
5738,1,1,2
5739,1,1,2
5740,1,1,2
5741,1,1,2
5742,2,0,2
5743,2,0,2
5744,1,0,1
5745,1,0,1
5746,1,0,1
5747,1,0,1
5748,1,0,1
5749,1,0,1
5750,1,0,1
5751,1,0,1
5752,1,0,1
5753,1,0,1
5754,1,0,1
5755,1,0,1
5756,1,0,1
5757,1,0,1
5758,1,0,1
5759,1,0,1
5760,1,0,1
5761,1,0,1
5762,1,0,1
5763,1,0,1
5764,1,0,1
5765,1,0,1
5766,1,0,1
5767,1,0,1
5768,1,0,1
5769,1,0,1
5770,1,0,1
5771,1,0,1
5772,1,0,1
5773,1,0,1
5774,1,0,1
5775,1,0,1
5776,1,0,1
5777,1,0,1
5778,1,0,1
5779,1,0,1
5780,1,0,1
5781,1,0,1
5782,1,0,1
5783,1,0,1
5784,0,1,1
5785,0,1,1
5786,0,1,1
5787,0,1,1
5788,0,1,1
5789,0,1,1
5790,0,1,1
5791,0,1,1
5792,0,1,1
5793,0,1,1
5794,0,1,1
5795,0,1,1
5796,0,1,1
5797,0,1,1
5798,0,1,1
5799,0,1,1
5800,0,1,1
5801,0,1,1
5802,0,1,1
5803,0,1,1
5804,0,1,1
5805,0,1,1
5806,0,1,1
5807,0,1,1
5808,0,1,1
5809,0,1,1
5810,0,1,1
5811,0,1,1
5812,0,1,1
5813,0,1,1
5814,0,1,1
5815,0,1,1
5816,0,1,1
5817,0,1,1
5818,0,1,1
5819,0,1,1
5820,0,1,1
5821,0,1,1
5822,0,1,1
5823,0,1,1
5824,0,1,1
5825,0,1,1
5826,1,0,1
5827,0,0,0
5828,0,0,0
5829,0,0,0
5830,1,0,1
5831,1,0,1
5832,1,0,1
5833,1,0,1
5834,1,0,1
5835,1,0,1
5836,1,0,1
5837,1,0,1
5838,1,0,1
5839,1,0,1
5840,1,0,1
5841,1,0,1
5842,1,0,1
5843,1,0,1
5844,1,0,1
5845,1,0,1
5846,1,0,1
5847,1,0,1
5848,1,0,1
5849,1,0,1
5850,1,0,1
5851,1,0,1
5852,1,0,1
5853,1,0,1
5854,1,0,1
5855,1,0,1
5856,1,0,1
5857,1,0,1
5858,1,0,1
5859,1,0,1
5860,1,0,1
5861,1,0,1
5862,1,0,1
5863,1,0,1
5864,1,0,1
5865,1,0,1
5866,0,0,0
5867,0,0,0
5868,0,0,0
5869,0,0,0
5870,0,0,0
5871,0,0,0
5872,0,0,0
5873,0,0,0
5874,0,0,0
5875,0,0,0
5876,0,0,0
5877,0,0,0
5878,0,0,0
5879,0,0,0
5880,0,0,0
5881,0,0,0
5882,0,0,0
5883,0,0,0
5884,0,0,0
5885,0,0,0
5886,0,0,0
5887,0,0,0
5888,0,0,0
5889,0,0,0
5890,0,0,0
5891,0,0,0
5892,0,0,0
5893,0,0,0
5894,0,0,0
5895,0,0,0
5896,0,0,0
5897,0,0,0
5898,0,0,0
5899,0,0,0
5900,0,0,0
5901,0,0,0
5902,0,0,0
5903,0,0,0
5904,0,0,0
5905,0,0,0
5906,0,0,0
5907,0,0,0
5908,0,0,0
5909,0,0,0
5910,0,0,0
5911,0,0,0
5912,1,0,1
5913,1,0,1
5914,1,0,1
5915,1,0,1
5916,1,0,1
5917,1,0,1
5918,1,0,1
5919,1,0,1
5920,1,0,1
5921,1,0,1
5922,1,0,1
5923,1,0,1
5924,1,0,1
5925,1,0,1
5926,1,0,1
5927,1,0,1
5928,1,0,1
5929,1,0,1
5930,1,0,1
5931,1,0,1
5932,1,0,1
5933,1,0,1
5934,1,0,1
5935,1,0,1
5936,1,0,1
5937,1,0,1
5938,1,0,1
5939,1,0,1
5940,1,0,1
5941,1,0,1
5942,1,0,1
5943,1,0,1
5944,1,0,1
5945,1,0,1
5946,1,0,1
5947,1,0,1
5948,1,0,1
5949,1,0,1
5950,2,0,2
5951,2,0,2
5952,2,0,2
5953,2,0,2
5954,2,0,2
5955,2,0,2
5956,2,0,2
5957,2,0,2
5958,3,0,3
5959,3,0,3
5960,3,0,3
5961,3,0,3
5962,3,0,3
5963,3,0,3
5964,3,0,3
5965,3,0,3
5966,3,0,3
5967,3,0,3
5968,3,0,3
5969,3,0,3
5970,3,0,3
5971,3,0,3
5972,3,0,3
5973,3,0,3
5974,3,0,3
5975,3,0,3
5976,3,0,3
5977,3,0,3
5978,3,0,3
5979,3,0,3
5980,3,0,3
5981,3,0,3
5982,2,1,3
5983,2,1,3
5984,2,1,3
5985,2,1,3
5986,2,1,3
5987,2,1,3
5988,2,1,3
5989,2,1,3
5990,2,1,3
5991,2,1,3
5992,2,1,3
5993,2,1,3
5994,2,1,3
5995,2,1,3
5996,2,1,3
5997,2,1,3
5998,2,1,3
5999,2,1,3
6000,2,1,3
6001,2,1,3
6002,2,1,3
6003,2,1,3
6004,2,1,3
6005,2,1,3
6006,2,1,3
6007,2,1,3
6008,2,1,3
6009,2,1,3
6010,2,1,3
6011,3,1,4
6012,2,1,3
6013,2,1,3
6014,2,1,3
6015,3,1,4
6016,2,1,3
6017,2,1,3
6018,2,1,3
6019,2,1,3
6020,2,1,3
6021,2,1,3
6022,2,1,3
6023,2,1,3
6024,2,1,3
6025,2,1,3
6026,2,1,3
6027,2,1,3
6028,2,1,3
6029,2,0,2
6030,2,0,2
6031,2,0,2
6032,2,0,2
6033,2,0,2
6034,2,0,2
6035,2,0,2
6036,2,0,2
6037,2,0,2
6038,2,0,2
6039,2,0,2
6040,2,0,2
6041,2,0,2
6042,2,0,2
6043,2,0,2
6044,2,0,2
6045,2,0,2
6046,2,0,2
6047,2,0,2
6048,2,0,2
6049,2,0,2
6050,2,0,2
6051,2,0,2
6052,2,0,2
6053,2,0,2
6054,2,0,2
6055,2,0,2
6056,2,0,2
6057,2,0,2
6058,2,0,2
6059,2,0,2
6060,2,0,2
6061,2,0,2
6062,2,0,2
6063,2,0,2
6064,2,0,2
6065,1,0,1
6066,1,0,1
6067,1,0,1
6068,0,0,0
6069,0,0,0
6070,0,0,0
6071,0,0,0
6072,0,0,0
6073,0,0,0
6074,0,0,0
6075,0,0,0
6076,0,0,0
6077,0,0,0
6078,0,0,0
6079,0,0,0
6080,0,0,0
6081,0,0,0
6082,0,0,0
6083,0,0,0
6084,0,0,0
6085,0,0,0
6086,0,0,0
6087,0,0,0
6088,0,0,0
6089,0,0,0
6090,0,0,0
6091,0,0,0
6092,0,0,0
6093,0,0,0
6094,0,0,0
6095,0,0,0
6096,0,0,0
6097,0,0,0
6098,0,0,0
6099,0,0,0
6100,0,0,0
6101,0,0,0
6102,0,0,0
6103,0,0,0
6104,0,0,0
6105,0,0,0
6106,0,0,0
6107,0,0,0
6108,0,0,0
6109,0,0,0
6110,0,0,0
6111,0,0,0
6112,0,0,0
6113,0,0,0
6114,0,0,0
6115,0,0,0
6116,0,0,0
6117,0,0,0
6118,0,0,0
6119,0,0,0
6120,0,0,0
6121,0,0,0
6122,0,0,0
6123,0,0,0
6124,0,0,0
6125,0,0,0
6126,0,0,0
6127,1,0,1
6128,1,0,1
6129,1,0,1
6130,1,0,1
6131,1,0,1
6132,1,0,1
6133,1,0,1
6134,1,0,1
6135,1,0,1
6136,1,0,1
6137,1,0,1
6138,1,0,1
6139,1,0,1
6140,1,0,1
6141,1,0,1
6142,1,0,1
6143,1,0,1
6144,1,0,1
6145,1,0,1
6146,1,0,1
6147,1,0,1
6148,1,0,1
6149,1,0,1
6150,1,0,1
6151,1,0,1
6152,1,0,1
6153,1,0,1
6154,1,0,1
6155,1,0,1
6156,1,0,1
6157,1,0,1
6158,1,0,1
6159,1,0,1
6160,1,0,1
6161,1,0,1
6162,1,0,1
6163,1,0,1
6164,1,0,1
6165,1,0,1
6166,1,0,1
6167,1,0,1
6168,1,0,1
6169,1,0,1
6170,1,0,1
6171,1,0,1
6172,1,0,1
6173,1,0,1
6174,1,0,1
6175,1,0,1
6176,1,0,1
6177,1,0,1
6178,1,0,1
6179,1,0,1
6180,1,0,1
6181,1,0,1
6182,1,0,1
6183,1,0,1
6184,1,0,1
6185,1,0,1
6186,1,0,1
6187,1,0,1
6188,0,0,0
6189,0,0,0
6190,0,0,0
6191,0,0,0
6192,0,0,0
6193,0,0,0
6194,0,0,0
6195,0,0,0
6196,0,0,0
6197,0,0,0
6198,0,0,0
6199,0,0,0
6200,0,0,0
6201,0,0,0
6202,0,0,0
6203,0,0,0
6204,0,0,0
6205,0,0,0
6206,0,0,0
6207,0,0,0
6208,0,0,0
6209,0,0,0
6210,0,0,0
6211,0,0,0
6212,0,0,0
6213,0,0,0
6214,0,0,0
6215,0,0,0
6216,0,0,0
6217,0,0,0
6218,0,0,0
6219,0,0,0
6220,0,0,0
6221,0,0,0
6222,0,0,0
6223,0,0,0
6224,0,0,0
6225,1,0,1
6226,1,0,1
6227,1,0,1
6228,2,0,2
6229,2,0,2
6230,1,1,2
6231,1,1,2
6232,2,1,3
6233,2,1,3
6234,2,1,3
6235,2,1,3
6236,2,1,3
6237,2,1,3
6238,2,1,3
6239,2,1,3
6240,2,1,3
6241,2,1,3
6242,2,1,3
6243,2,1,3
6244,2,1,3
6245,2,1,3
6246,2,1,3
6247,2,1,3
6248,2,1,3
6249,2,1,3
6250,2,1,3
6251,3,1,4
6252,3,1,4
6253,3,1,4
6254,3,1,4
6255,3,1,4
6256,3,1,4
6257,3,1,4
6258,4,0,4
6259,4,0,4
6260,4,0,4
6261,4,0,4
6262,4,0,4
6263,3,0,3
6264,3,0,3
6265,3,0,3
6266,3,0,3
6267,3,0,3
6268,3,0,3
6269,3,0,3
6270,3,0,3
6271,3,0,3
6272,3,0,3
6273,3,0,3
6274,3,0,3
6275,3,0,3
6276,3,0,3
6277,3,0,3
6278,3,0,3
6279,3,0,3
6280,3,0,3
6281,3,0,3
6282,3,0,3
6283,3,0,3
6284,3,0,3
6285,3,0,3
6286,3,0,3
6287,3,0,3
6288,3,0,3
6289,3,0,3
6290,3,0,3
6291,3,0,3
6292,3,0,3
6293,3,0,3
6294,3,0,3
6295,2,1,3
6296,2,1,3
6297,3,1,4
6298,2,2,4
6299,2,2,4
6300,2,2,4
6301,2,2,4
6302,2,2,4
6303,2,2,4
6304,2,2,4
6305,2,2,4
6306,2,2,4
6307,2,2,4
6308,2,2,4
6309,2,2,4
6310,2,2,4
6311,2,2,4
6312,2,2,4
6313,2,2,4
6314,2,2,4
6315,2,2,4
6316,2,2,4
6317,2,2,4
6318,2,2,4
6319,1,2,3
6320,1,2,3
6321,1,2,3
6322,1,2,3
6323,1,2,3
6324,1,2,3
6325,1,2,3
6326,1,2,3
6327,1,2,3
6328,1,2,3
6329,1,2,3
6330,1,2,3
6331,1,2,3
6332,1,2,3
6333,1,2,3
6334,1,2,3
6335,1,2,3
6336,1,2,3
6337,0,2,2
6338,0,2,2
6339,0,2,2
6340,1,1,2
6341,0,1,1
6342,1,0,1
6343,0,0,0
6344,0,0,0
6345,0,0,0
6346,0,0,0
6347,0,0,0
6348,0,0,0
6349,0,0,0
6350,0,0,0
6351,0,0,0
6352,0,0,0
6353,0,0,0
6354,0,0,0
6355,0,0,0
6356,0,0,0
6357,0,0,0
6358,0,0,0
6359,0,0,0
6360,0,0,0
6361,0,0,0
6362,0,0,0
6363,0,0,0
6364,0,0,0
6365,0,0,0
6366,0,0,0
6367,0,0,0
6368,0,0,0
6369,0,0,0
6370,0,0,0
6371,0,0,0
6372,0,0,0
6373,0,0,0
6374,0,0,0
6375,0,0,0
6376,0,0,0
6377,0,0,0
6378,0,0,0
6379,1,0,1
6380,1,0,1
6381,1,0,1
6382,1,0,1
6383,1,0,1
6384,1,0,1
6385,1,0,1
6386,1,0,1
6387,1,0,1
6388,1,0,1
6389,1,0,1
6390,1,0,1
6391,1,0,1
6392,1,0,1
6393,1,0,1
6394,1,0,1
6395,1,0,1
6396,1,0,1
6397,1,0,1
6398,1,0,1
6399,1,0,1
6400,1,0,1
6401,1,0,1
6402,1,0,1
6403,2,0,2
6404,2,0,2
6405,2,0,2
6406,2,0,2
6407,2,0,2
6408,2,0,2
6409,2,0,2
6410,2,0,2
6411,2,0,2
6412,2,0,2
6413,2,0,2
6414,2,0,2
6415,2,0,2
6416,2,0,2
6417,1,0,1
6418,1,0,1
6419,1,0,1
6420,1,0,1
6421,1,0,1
6422,1,0,1
6423,1,0,1
6424,1,0,1
6425,2,0,2
6426,2,0,2
6427,2,0,2
6428,2,0,2
6429,2,0,2
6430,2,0,2
6431,2,0,2
6432,2,0,2
6433,2,0,2
6434,2,0,2
6435,2,0,2
6436,2,0,2
6437,2,0,2
6438,2,0,2
6439,2,0,2
6440,2,0,2
6441,2,0,2
6442,2,0,2
6443,2,0,2
6444,2,0,2
6445,2,0,2
6446,2,0,2
6447,2,0,2
6448,2,0,2
6449,2,0,2
6450,2,0,2
6451,2,0,2
6452,2,0,2
6453,1,0,1
6454,1,0,1
6455,1,0,1
6456,1,0,1
6457,1,0,1
6458,1,0,1
6459,1,0,1
6460,1,0,1
6461,1,0,1
6462,1,0,1
6463,1,0,1
6464,1,0,1
6465,0,0,0
6466,0,0,0
6467,0,0,0
6468,0,0,0
6469,0,0,0
6470,0,0,0
6471,0,0,0
6472,0,0,0
6473,0,0,0
6474,0,0,0
6475,0,0,0
6476,0,0,0
6477,0,0,0
6478,0,0,0
6479,0,0,0
6480,0,0,0
6481,0,0,0
6482,1,0,1
6483,1,0,1
6484,1,0,1
6485,1,0,1
6486,1,0,1
6487,1,0,1
6488,1,0,1
6489,1,0,1
6490,1,0,1
6491,1,0,1
6492,1,0,1
6493,1,0,1
6494,1,0,1
6495,1,0,1
6496,1,0,1
6497,1,0,1
6498,1,0,1
6499,1,0,1
6500,1,0,1
6501,1,0,1
6502,1,0,1
6503,1,0,1
6504,1,0,1
6505,1,0,1
6506,1,0,1
6507,1,0,1
6508,1,0,1
6509,1,0,1
6510,1,0,1
6511,1,0,1
6512,1,0,1
6513,1,0,1
6514,1,0,1
6515,1,0,1
6516,1,0,1
6517,1,0,1
6518,1,0,1
6519,1,0,1
6520,1,0,1
6521,1,0,1
6522,1,0,1
6523,1,0,1
6524,1,0,1
6525,1,0,1
6526,1,0,1
6527,1,0,1
6528,1,0,1
6529,1,0,1
6530,1,0,1
6531,1,0,1
6532,1,0,1
6533,1,0,1
6534,0,1,1
6535,0,1,1
6536,0,1,1
6537,0,1,1
6538,0,1,1
6539,0,1,1
6540,0,1,1
6541,0,1,1
6542,0,1,1
6543,0,1,1
6544,0,1,1
6545,0,1,1
6546,0,1,1
6547,0,1,1
6548,0,1,1
6549,0,1,1
6550,0,1,1
6551,1,1,2
6552,1,1,2
6553,1,1,2
6554,1,1,2
6555,1,1,2
6556,1,1,2
6557,1,1,2
6558,1,1,2
6559,1,1,2
6560,1,1,2
6561,1,1,2
6562,1,1,2
6563,1,1,2
6564,1,1,2
6565,1,1,2
6566,2,0,2
6567,2,0,2
6568,2,0,2
6569,2,0,2
6570,2,0,2
6571,1,0,1
6572,1,0,1
6573,1,0,1
6574,1,0,1
6575,1,0,1
6576,1,0,1
6577,1,0,1
6578,1,0,1
6579,1,0,1
6580,1,0,1
6581,1,0,1
6582,1,0,1
6583,1,0,1
6584,1,0,1
6585,1,0,1
6586,1,0,1
6587,1,0,1
6588,1,0,1
6589,1,0,1
6590,1,0,1
6591,1,0,1
6592,1,0,1
6593,0,0,0
6594,0,0,0
6595,0,0,0
6596,0,0,0
6597,0,0,0
6598,0,0,0
6599,0,0,0
6600,0,0,0
6601,0,0,0
6602,0,0,0
6603,0,0,0
6604,0,0,0
6605,0,0,0
6606,0,0,0
6607,0,0,0
6608,0,0,0
6609,0,0,0
6610,0,0,0
6611,0,0,0
6612,0,0,0
6613,0,0,0
6614,1,0,1
6615,1,0,1
6616,1,0,1
6617,1,0,1
6618,1,0,1
6619,1,0,1
6620,1,0,1
6621,1,0,1
6622,1,0,1
6623,1,0,1
6624,1,0,1
6625,1,0,1
6626,1,0,1
6627,1,0,1
6628,1,0,1
6629,1,0,1
6630,1,0,1
6631,1,0,1
6632,1,0,1
6633,1,0,1
6634,1,0,1
6635,1,0,1
6636,1,0,1
6637,1,0,1
6638,1,0,1
6639,1,0,1
6640,1,0,1
6641,1,0,1
6642,1,0,1
6643,1,0,1
6644,1,0,1
6645,1,0,1
6646,1,0,1
6647,0,1,1
6648,0,1,1
6649,0,1,1
6650,0,1,1
6651,0,1,1
6652,0,1,1
6653,0,1,1
6654,0,1,1
6655,0,1,1
6656,0,1,1
6657,0,1,1
6658,0,1,1
6659,0,1,1
6660,0,1,1
6661,0,1,1
6662,0,1,1
6663,0,1,1
6664,0,1,1
6665,0,1,1
6666,0,1,1
6667,0,1,1
6668,0,1,1
6669,0,1,1
6670,0,1,1
6671,0,1,1
6672,0,1,1
6673,0,1,1
6674,0,1,1
6675,0,1,1
6676,0,1,1
6677,0,1,1
6678,0,1,1
6679,1,0,1
6680,1,0,1
6681,1,0,1
6682,0,0,0
6683,0,0,0
6684,0,0,0
6685,0,0,0
6686,0,0,0
6687,0,0,0
6688,0,0,0
6689,0,0,0
6690,0,0,0
6691,0,0,0
6692,0,0,0
6693,0,0,0
6694,0,0,0
6695,0,0,0
6696,0,0,0
6697,0,0,0
6698,0,0,0
6699,0,0,0
6700,0,0,0
6701,0,0,0
6702,0,0,0
6703,0,0,0
6704,0,0,0
6705,0,0,0
6706,0,0,0
6707,0,0,0
6708,0,0,0
6709,0,0,0
6710,0,0,0
6711,0,0,0
6712,0,0,0
6713,0,0,0
6714,0,0,0
6715,0,0,0
6716,0,0,0
6717,0,0,0
6718,0,0,0
6719,0,0,0
6720,0,0,0
6721,0,0,0
6722,0,0,0
6723,0,0,0
6724,0,0,0
6725,0,0,0
6726,0,0,0
6727,0,0,0
6728,0,0,0
6729,0,0,0
6730,0,0,0
6731,0,0,0
6732,0,0,0
6733,0,0,0
6734,0,0,0
6735,0,0,0
6736,0,0,0
6737,0,0,0
6738,0,0,0
6739,0,0,0
6740,0,0,0
6741,0,0,0
6742,0,0,0
6743,0,0,0
6744,0,0,0
6745,0,0,0
6746,0,0,0
6747,0,0,0
6748,0,0,0
6749,0,0,0
6750,0,0,0
6751,0,0,0
6752,0,0,0
6753,0,0,0
6754,0,0,0
6755,0,0,0
6756,0,0,0
6757,0,0,0
6758,0,0,0
6759,0,0,0
6760,0,0,0
6761,0,0,0
6762,0,0,0
6763,0,0,0
6764,0,0,0
6765,0,0,0
6766,0,0,0
6767,0,0,0
6768,0,0,0
6769,0,0,0
6770,0,0,0
6771,0,0,0
6772,0,0,0
6773,0,0,0
6774,0,0,0
6775,0,0,0
6776,0,0,0
6777,0,0,0
6778,0,0,0
6779,1,0,1
6780,1,0,1
6781,2,0,2
6782,2,0,2
6783,1,1,2
6784,1,1,2
6785,1,1,2
6786,1,1,2
6787,1,1,2
6788,1,1,2
6789,1,1,2
6790,1,1,2
6791,1,1,2
6792,1,1,2
6793,1,1,2
6794,1,1,2
6795,1,1,2
6796,1,1,2
6797,1,1,2
6798,2,1,3
6799,2,1,3
6800,2,1,3
6801,2,1,3
6802,2,1,3
6803,2,1,3
6804,2,1,3
6805,2,1,3
6806,2,1,3
6807,2,1,3
6808,2,1,3
6809,2,1,3
6810,2,1,3
6811,2,1,3
6812,2,1,3
6813,2,1,3
6814,2,1,3
6815,2,1,3
6816,2,1,3
6817,2,1,3
6818,2,1,3
6819,2,1,3
6820,2,1,3
6821,2,1,3
6822,1,2,3
6823,1,2,3
6824,1,2,3
6825,1,2,3
6826,1,2,3
6827,1,2,3
6828,1,2,3
6829,1,2,3
6830,1,2,3
6831,1,2,3
6832,1,2,3
6833,1,2,3
6834,1,2,3
6835,2,1,3
6836,1,1,2
6837,1,1,2
6838,1,1,2
6839,1,1,2
6840,1,1,2
6841,0,2,2
6842,0,2,2
6843,0,2,2
6844,0,2,2
6845,0,2,2
6846,0,2,2
6847,0,2,2
6848,0,2,2
6849,0,2,2
6850,0,2,2
6851,0,2,2
6852,0,2,2
6853,0,2,2
6854,0,2,2
6855,0,2,2
6856,0,2,2
6857,0,2,2
6858,0,2,2
6859,0,2,2
6860,1,1,2
6861,1,1,2
6862,1,1,2
6863,0,1,1
6864,0,1,1
6865,0,1,1
6866,0,1,1
6867,0,1,1
6868,0,1,1
6869,1,0,1
6870,1,0,1
6871,1,0,1
6872,1,0,1
6873,1,0,1
6874,1,0,1
6875,1,0,1
6876,0,0,0
6877,0,0,0
6878,0,0,0
6879,0,0,0
6880,0,0,0
6881,0,0,0
6882,0,0,0
6883,0,0,0
6884,0,0,0
6885,0,0,0
6886,0,0,0
6887,0,0,0
6888,0,0,0
6889,0,0,0
6890,0,0,0
6891,0,0,0
6892,0,0,0
6893,0,0,0
6894,0,0,0
6895,0,0,0
6896,0,0,0
6897,0,0,0
6898,0,0,0
6899,0,0,0
6900,0,0,0
6901,0,0,0
6902,0,0,0
6903,0,0,0
6904,0,0,0
6905,0,0,0
6906,0,0,0
6907,0,0,0
6908,0,0,0
6909,0,0,0
6910,0,0,0
6911,0,0,0
6912,0,0,0
6913,0,0,0
6914,0,0,0
6915,0,0,0
6916,0,0,0
6917,0,0,0
6918,0,0,0
6919,0,0,0
6920,0,0,0
6921,0,0,0
6922,0,0,0
6923,0,0,0
6924,0,0,0
6925,0,0,0
6926,0,0,0
6927,0,0,0
6928,0,0,0
6929,0,0,0
6930,0,0,0
6931,0,0,0
6932,0,0,0
6933,0,0,0
6934,0,0,0
6935,0,0,0
6936,0,0,0
6937,0,0,0
6938,0,0,0
6939,0,0,0
6940,0,0,0
6941,0,0,0
6942,0,0,0
6943,0,0,0
6944,0,0,0
6945,0,0,0
6946,0,0,0
6947,0,0,0
6948,0,0,0
6949,0,0,0
6950,0,0,0
6951,0,0,0
6952,0,0,0
6953,0,0,0
6954,0,0,0
6955,0,0,0
6956,0,0,0
6957,0,0,0
6958,0,0,0
6959,0,0,0
6960,0,0,0
6961,0,0,0
6962,0,0,0
6963,0,0,0
6964,0,0,0
6965,0,0,0
6966,0,0,0
6967,0,0,0
6968,0,0,0
6969,0,0,0
6970,0,0,0
6971,0,0,0
6972,0,0,0
6973,0,0,0
6974,0,0,0
6975,0,0,0
6976,0,0,0
6977,0,0,0
6978,0,0,0
6979,0,0,0
6980,0,0,0
6981,0,0,0
6982,0,0,0
6983,0,0,0
6984,0,0,0
6985,0,0,0
6986,0,0,0
6987,0,0,0
6988,0,0,0
6989,0,0,0
6990,0,0,0
6991,0,0,0
6992,0,0,0
6993,0,0,0
6994,0,0,0
6995,0,0,0
6996,0,0,0
6997,0,0,0
6998,0,0,0
6999,0,0,0
7000,0,0,0
7001,0,0,0
7002,0,0,0
7003,0,0,0
7004,0,0,0
7005,0,0,0
7006,0,0,0
7007,1,0,1
7008,1,0,1
7009,1,0,1
7010,1,0,1
7011,1,0,1
7012,1,0,1
7013,1,0,1
7014,1,0,1
7015,1,0,1
7016,1,0,1
7017,1,0,1
7018,1,0,1
7019,1,0,1
7020,1,0,1
7021,1,0,1
7022,1,0,1
7023,1,0,1
7024,1,0,1
7025,1,0,1
7026,1,0,1
7027,1,0,1
7028,1,0,1
7029,1,0,1
7030,1,0,1
7031,1,0,1
7032,1,0,1
7033,1,0,1
7034,1,0,1
7035,1,0,1
7036,1,0,1
7037,1,0,1
7038,1,0,1
7039,1,0,1
7040,1,0,1
7041,1,0,1
7042,1,0,1
7043,1,0,1
7044,1,0,1
7045,1,0,1
7046,1,0,1
7047,1,0,1
7048,1,0,1
7049,1,0,1
7050,1,0,1
7051,1,0,1
7052,1,0,1
7053,1,0,1
7054,1,0,1
7055,1,0,1
7056,1,0,1
7057,1,0,1
7058,1,0,1
7059,1,0,1
7060,1,0,1
7061,1,0,1
7062,1,0,1
7063,1,0,1
7064,0,0,0
7065,0,0,0
7066,0,0,0
7067,0,0,0
7068,0,0,0
7069,0,0,0
7070,0,0,0
7071,0,0,0
7072,0,0,0
7073,0,0,0
7074,0,0,0
7075,0,0,0
7076,0,0,0
7077,0,0,0
7078,0,0,0
7079,0,0,0
7080,0,0,0
7081,0,0,0
7082,0,0,0
7083,1,0,1
7084,1,0,1
7085,1,0,1
7086,1,0,1
7087,1,0,1
7088,1,0,1
7089,1,0,1
7090,1,0,1
7091,1,0,1
7092,1,0,1
7093,1,0,1
7094,1,0,1
7095,1,0,1
7096,1,0,1
7097,1,0,1
7098,1,0,1
7099,1,0,1
7100,1,0,1
7101,1,0,1
7102,1,0,1
7103,1,0,1
7104,1,0,1
7105,1,0,1
7106,1,0,1
7107,1,0,1
7108,1,0,1
7109,1,0,1
7110,1,0,1
7111,1,0,1
7112,1,0,1
7113,1,0,1
7114,1,0,1
7115,1,0,1
7116,1,0,1
7117,1,0,1
7118,1,0,1
7119,1,0,1
7120,1,0,1
7121,1,0,1
7122,1,0,1
7123,1,0,1
7124,1,0,1
7125,1,0,1
7126,1,0,1
7127,0,0,0
7128,0,0,0
7129,0,0,0
7130,0,0,0
7131,0,0,0
7132,0,0,0
7133,0,0,0
7134,0,0,0
7135,0,0,0
7136,0,0,0
7137,0,0,0
7138,0,0,0
7139,0,0,0
7140,0,0,0
7141,0,0,0
7142,0,0,0
7143,0,0,0
7144,0,0,0
7145,0,0,0
7146,0,0,0
7147,0,0,0
7148,0,0,0
7149,0,0,0
7150,1,0,1
7151,1,0,1
7152,1,0,1
7153,1,0,1
7154,1,0,1
7155,1,0,1
7156,1,0,1
7157,1,0,1
7158,1,0,1
7159,1,0,1
7160,1,0,1
7161,1,0,1
7162,1,0,1
7163,1,0,1
7164,1,0,1
7165,1,0,1
7166,1,0,1
7167,1,0,1
7168,1,0,1
7169,1,0,1
7170,1,0,1
7171,1,0,1
7172,1,0,1
7173,1,0,1
7174,1,0,1
7175,1,0,1
7176,1,0,1
7177,1,0,1
7178,1,0,1
7179,1,0,1
7180,1,0,1
7181,1,0,1
7182,1,0,1
7183,1,0,1
7184,1,0,1
7185,1,0,1
7186,1,0,1
7187,1,0,1
7188,1,0,1
7189,1,0,1
7190,1,0,1
7191,1,0,1
7192,1,0,1
7193,1,0,1
7194,1,0,1
7195,1,0,1
7196,1,0,1
7197,1,0,1
7198,1,0,1
7199,1,0,1
7200,1,0,1
7201,1,0,1
7202,1,0,1
7203,1,0,1
7204,1,0,1
7205,1,0,1
7206,1,0,1
7207,1,0,1
7208,1,0,1
7209,1,0,1
7210,1,0,1
7211,1,0,1
7212,1,0,1
7213,1,0,1
7214,1,0,1
7215,1,0,1
7216,1,0,1
7217,1,0,1
7218,1,0,1
7219,1,0,1
7220,1,0,1
7221,1,0,1
7222,1,0,1
7223,1,0,1
7224,1,0,1
7225,1,0,1
7226,1,0,1
7227,0,0,0
7228,0,0,0
7229,0,0,0
7230,0,0,0
7231,0,0,0
7232,0,0,0
7233,0,0,0
7234,0,0,0
7235,0,0,0
7236,0,0,0
7237,0,0,0
7238,0,0,0
7239,0,0,0
7240,0,0,0
7241,0,0,0
7242,0,0,0
7243,0,0,0
7244,0,0,0
7245,0,0,0
7246,0,0,0
7247,0,0,0
7248,0,0,0
7249,0,0,0
7250,0,0,0
7251,0,0,0
7252,0,0,0
7253,0,0,0
7254,0,0,0
7255,0,0,0
7256,0,0,0
7257,0,0,0
7258,0,0,0
7259,0,0,0
7260,0,0,0
7261,0,0,0
7262,0,0,0
7263,0,0,0
7264,0,0,0
7265,0,0,0
7266,0,0,0
7267,0,0,0
7268,0,0,0
7269,0,0,0
7270,0,0,0
7271,0,0,0
7272,0,0,0
7273,0,0,0
7274,0,0,0
7275,0,0,0
7276,0,0,0
7277,0,0,0
7278,0,0,0
7279,0,0,0
7280,0,0,0
7281,0,0,0
7282,0,0,0
7283,0,0,0
7284,0,0,0
7285,0,0,0
7286,0,0,0
7287,0,0,0
7288,0,0,0
7289,0,0,0
7290,0,0,0
7291,0,0,0
7292,0,0,0
7293,0,0,0
7294,0,0,0
7295,0,0,0
7296,0,0,0
7297,0,0,0
7298,0,0,0
7299,0,0,0
7300,0,0,0
7301,0,0,0
7302,0,0,0
7303,0,0,0
7304,0,0,0
7305,0,0,0
7306,0,0,0
7307,0,0,0
7308,0,0,0
7309,0,0,0
7310,0,0,0
7311,0,0,0
7312,0,0,0
7313,0,0,0
7314,0,0,0
7315,0,0,0
7316,0,0,0
7317,0,0,0
7318,0,0,0
7319,0,0,0
7320,0,0,0
7321,0,0,0
7322,0,0,0
7323,0,0,0
7324,0,0,0
7325,0,0,0
7326,0,0,0
7327,0,0,0
7328,0,0,0
7329,0,0,0
7330,0,0,0
7331,0,0,0
7332,0,0,0
7333,0,0,0
7334,1,0,1
7335,1,0,1
7336,1,0,1
7337,1,0,1
7338,1,0,1
7339,1,0,1
7340,1,0,1
7341,1,0,1
7342,1,0,1
7343,1,0,1
7344,1,0,1
7345,1,0,1
7346,1,0,1
7347,1,0,1
7348,1,0,1
7349,1,0,1
7350,1,0,1
7351,1,0,1
7352,1,0,1
7353,1,0,1
7354,1,0,1
7355,1,0,1
7356,1,0,1
7357,1,0,1
7358,1,0,1
7359,1,0,1
7360,1,0,1
7361,1,0,1
7362,1,0,1
7363,1,0,1
7364,1,0,1
7365,1,0,1
7366,1,0,1
7367,1,0,1
7368,1,0,1
7369,1,0,1
7370,1,0,1
7371,1,0,1
7372,1,0,1
7373,1,0,1
7374,1,0,1
7375,1,0,1
7376,1,0,1
7377,1,0,1
7378,1,0,1
7379,1,0,1
7380,1,0,1
7381,1,0,1
7382,1,0,1
7383,1,0,1
7384,1,0,1
7385,1,0,1
7386,1,0,1
7387,1,0,1
7388,1,0,1
7389,1,0,1
7390,1,0,1
7391,1,0,1
7392,1,0,1
7393,1,0,1
7394,1,0,1
7395,1,0,1
7396,1,0,1
7397,1,0,1
7398,1,0,1
7399,1,0,1
7400,1,0,1
7401,1,0,1
7402,1,0,1
7403,1,0,1
7404,0,1,1
7405,0,1,1
7406,0,1,1
7407,0,1,1
7408,0,1,1
7409,0,1,1
7410,0,1,1
7411,0,1,1
7412,0,1,1
7413,0,1,1
7414,0,1,1
7415,0,1,1
7416,0,1,1
7417,0,1,1
7418,0,1,1
7419,0,1,1
7420,0,1,1
7421,0,1,1
7422,0,1,1
7423,0,1,1
7424,0,1,1
7425,0,1,1
7426,0,1,1
7427,0,1,1
7428,0,1,1
7429,0,1,1
7430,0,1,1
7431,0,1,1
7432,0,1,1
7433,0,1,1
7434,0,1,1
7435,0,1,1
7436,0,1,1
7437,0,1,1
7438,0,1,1
7439,0,1,1
7440,0,1,1
7441,0,1,1
7442,0,1,1
7443,0,1,1
7444,0,1,1
7445,0,1,1
7446,0,1,1
7447,0,1,1
7448,0,0,0
7449,0,0,0
7450,0,0,0
7451,0,0,0
7452,0,0,0
7453,0,0,0
7454,0,0,0
7455,0,0,0
7456,0,0,0
7457,0,0,0
7458,0,0,0
7459,0,0,0
7460,0,0,0
7461,0,0,0
7462,0,0,0
7463,0,0,0
7464,0,0,0
7465,0,0,0
7466,0,0,0
7467,0,0,0
7468,0,0,0
7469,0,0,0
7470,0,0,0
7471,0,0,0
7472,0,0,0
7473,0,0,0
7474,0,0,0
7475,0,0,0
7476,0,0,0
7477,0,0,0
7478,0,0,0
7479,0,0,0
7480,0,0,0
7481,0,0,0
7482,0,0,0
7483,0,0,0
7484,0,0,0
7485,0,0,0
7486,0,0,0
7487,0,0,0
7488,0,0,0
7489,0,0,0
7490,0,0,0
7491,0,0,0
7492,0,0,0
7493,0,0,0
7494,0,0,0
7495,0,0,0
7496,0,0,0
7497,0,0,0
7498,0,0,0
7499,0,0,0
7500,0,0,0
7501,0,0,0
7502,0,0,0
7503,0,0,0
7504,0,0,0
7505,0,0,0
7506,0,0,0
7507,0,0,0
7508,0,0,0
7509,0,0,0
7510,0,0,0
7511,0,0,0
7512,0,0,0
7513,0,0,0
7514,0,0,0
7515,0,0,0
7516,0,0,0
7517,0,0,0
7518,0,0,0
7519,0,0,0
7520,0,0,0
7521,0,0,0
7522,0,0,0
7523,0,0,0
7524,0,0,0
7525,0,0,0
7526,0,0,0
7527,0,0,0
7528,0,0,0
7529,0,0,0
7530,0,0,0
7531,0,0,0
7532,0,0,0
7533,0,0,0
7534,0,0,0
7535,0,0,0
7536,0,0,0
7537,0,0,0
7538,0,0,0
7539,0,0,0
7540,0,0,0
7541,0,0,0
7542,0,0,0
7543,1,0,1
7544,1,0,1
7545,1,0,1
7546,1,0,1
7547,1,0,1
7548,1,0,1
7549,1,0,1
7550,1,0,1
7551,1,0,1
7552,1,0,1
7553,1,0,1
7554,1,0,1
7555,1,0,1
7556,1,0,1
7557,1,0,1
7558,1,0,1
7559,1,0,1
7560,1,0,1
7561,1,0,1
7562,1,0,1
7563,1,0,1
7564,1,0,1
7565,1,0,1
7566,1,0,1
7567,1,0,1
7568,1,0,1
7569,1,0,1
7570,1,0,1
7571,1,0,1
7572,1,0,1
7573,1,0,1
7574,1,0,1
7575,1,0,1
7576,1,0,1
7577,0,1,1
7578,0,1,1
7579,0,1,1
7580,0,1,1
7581,0,1,1
7582,0,1,1
7583,0,1,1
7584,0,1,1
7585,0,1,1
7586,0,1,1
7587,0,1,1
7588,0,1,1
7589,0,1,1
7590,0,1,1
7591,0,1,1
7592,0,1,1
7593,0,1,1
7594,0,1,1
7595,0,1,1
7596,0,1,1
7597,0,1,1
7598,0,1,1
7599,0,1,1
7600,0,1,1
7601,0,1,1
7602,0,1,1
7603,0,1,1
7604,0,1,1
7605,0,1,1
7606,0,1,1
7607,0,1,1
7608,0,1,1
7609,0,1,1
7610,0,1,1
7611,0,1,1
7612,0,1,1
7613,0,1,1
7614,0,1,1
7615,0,1,1
7616,0,1,1
7617,0,1,1
7618,0,1,1
7619,0,1,1
7620,1,0,1
7621,0,0,0
7622,0,0,0
7623,0,0,0
7624,0,0,0
7625,0,0,0
7626,0,0,0
7627,0,0,0
7628,0,0,0
7629,0,0,0
7630,0,0,0
7631,0,0,0
7632,0,0,0
7633,0,0,0
7634,0,0,0
7635,0,0,0
7636,0,0,0
7637,0,0,0
7638,1,0,1
7639,1,0,1
7640,1,0,1
7641,1,0,1
7642,1,0,1
7643,1,0,1
7644,1,0,1
7645,1,0,1
7646,1,0,1
7647,1,0,1
7648,1,0,1
7649,1,0,1
7650,1,0,1
7651,1,0,1
7652,1,0,1
7653,1,0,1
7654,1,0,1
7655,1,0,1
7656,1,0,1
7657,1,0,1
7658,1,0,1
7659,1,0,1
7660,1,0,1
7661,1,0,1
7662,1,0,1
7663,1,0,1
7664,1,0,1
7665,1,0,1
7666,1,0,1
7667,1,0,1
7668,1,0,1
7669,1,0,1
7670,1,0,1
7671,1,0,1
7672,1,0,1
7673,1,0,1
7674,1,0,1
7675,1,0,1
7676,1,0,1
7677,1,0,1
7678,1,0,1
7679,1,0,1
7680,1,0,1
7681,1,0,1
7682,1,0,1
7683,1,0,1
7684,1,0,1
7685,1,0,1
7686,1,0,1
7687,1,0,1
7688,1,0,1
7689,1,0,1
7690,1,0,1
7691,1,0,1
7692,1,0,1
7693,1,0,1
7694,1,0,1
7695,1,0,1
7696,1,0,1
7697,1,0,1
7698,1,0,1
7699,1,0,1
7700,1,0,1
7701,1,0,1
7702,1,0,1
7703,1,0,1
7704,1,0,1
7705,1,0,1
7706,1,0,1
7707,1,0,1
7708,1,0,1
7709,1,0,1
7710,1,0,1
7711,1,0,1
7712,1,0,1
7713,1,0,1
7714,1,0,1
7715,1,0,1
7716,1,0,1
7717,1,0,1
7718,1,0,1
7719,1,0,1
7720,1,0,1
7721,1,0,1
7722,1,0,1
7723,1,0,1
7724,1,0,1
7725,1,0,1
7726,1,0,1
7727,1,0,1
7728,1,0,1
7729,1,0,1
7730,1,0,1
7731,1,0,1
7732,1,0,1
7733,1,0,1
7734,1,0,1
7735,0,0,0
7736,0,0,0
7737,0,0,0
7738,0,0,0
7739,0,0,0
7740,0,0,0
7741,0,0,0
7742,0,0,0
7743,0,0,0
7744,0,0,0
7745,0,0,0
7746,0,0,0
7747,0,0,0
7748,0,0,0
7749,1,0,1
7750,1,0,1
7751,1,0,1
7752,1,0,1
7753,1,0,1
7754,1,0,1
7755,1,0,1
7756,1,0,1
7757,1,0,1
7758,1,0,1
7759,1,0,1
7760,1,0,1
7761,1,0,1
7762,1,0,1
7763,1,0,1
7764,1,0,1
7765,1,0,1
7766,1,0,1
7767,1,0,1
7768,1,0,1
7769,1,0,1
7770,1,0,1
7771,1,0,1
7772,1,0,1
7773,1,0,1
7774,1,0,1
7775,1,0,1
7776,1,0,1
7777,1,0,1
7778,1,0,1
7779,1,0,1
7780,1,0,1
7781,1,0,1
7782,1,0,1
7783,1,0,1
7784,1,0,1
7785,1,0,1
7786,1,0,1
7787,1,0,1
7788,1,0,1
7789,1,0,1
7790,1,0,1
7791,1,0,1
7792,1,0,1
7793,1,0,1
7794,1,0,1
7795,1,0,1
7796,1,0,1
7797,1,0,1
7798,1,0,1
7799,1,0,1
7800,1,0,1
7801,1,0,1
7802,1,0,1
7803,1,0,1
7804,1,0,1
7805,1,0,1
7806,1,0,1
7807,1,0,1
7808,1,0,1
7809,1,0,1
7810,1,0,1
7811,1,0,1
7812,1,0,1
7813,1,0,1
7814,1,0,1
7815,1,0,1
7816,1,0,1
7817,1,0,1
7818,2,0,2
7819,2,0,2
7820,2,0,2
7821,2,0,2
7822,2,0,2
7823,2,0,2
7824,2,0,2
7825,2,0,2
7826,2,0,2
7827,2,0,2
7828,2,0,2
7829,2,0,2
7830,2,0,2
7831,2,0,2
7832,2,0,2
7833,2,0,2
7834,2,0,2
7835,2,0,2
7836,2,0,2
7837,2,0,2
7838,2,0,2
7839,2,0,2
7840,2,0,2
7841,2,0,2
7842,2,0,2
7843,2,0,2
7844,2,0,2
7845,2,0,2
7846,2,0,2
7847,2,0,2
7848,2,0,2
7849,2,0,2
7850,2,0,2
7851,2,0,2
7852,2,0,2
7853,2,0,2
7854,2,0,2
7855,2,0,2
7856,2,0,2
7857,2,0,2
7858,2,0,2
7859,2,0,2
7860,2,0,2
7861,2,0,2
7862,2,0,2
7863,2,0,2
7864,2,0,2
7865,2,0,2
7866,2,0,2
7867,2,0,2
7868,2,0,2
7869,2,0,2
7870,2,0,2
7871,1,0,1
7872,1,0,1
7873,1,0,1
7874,1,0,1
7875,1,0,1
7876,1,0,1
7877,1,0,1
7878,1,0,1
7879,1,0,1
7880,1,0,1
7881,1,0,1
7882,1,0,1
7883,1,0,1
7884,1,0,1
7885,1,0,1
7886,1,0,1
7887,0,0,0
7888,0,0,0
7889,0,0,0
7890,0,0,0
7891,0,0,0
7892,0,0,0
7893,0,0,0
7894,0,0,0
7895,0,0,0
7896,0,0,0
7897,0,0,0
7898,0,0,0
7899,0,0,0
7900,0,0,0
7901,0,0,0
7902,0,0,0
7903,0,0,0
7904,0,0,0
7905,0,0,0
7906,0,0,0
7907,0,0,0
7908,0,0,0
7909,0,0,0
7910,0,0,0
7911,0,0,0
7912,0,0,0
7913,0,0,0
7914,0,0,0
7915,0,0,0
7916,0,0,0
7917,0,0,0
7918,0,0,0
7919,0,0,0
7920,0,0,0
7921,0,0,0
7922,0,0,0
7923,1,0,1
7924,1,0,1
7925,1,0,1
7926,1,0,1
7927,1,0,1
7928,1,0,1
7929,1,0,1
7930,1,0,1
7931,1,0,1
7932,1,0,1
7933,1,0,1
7934,1,0,1
7935,1,0,1
7936,1,0,1
7937,1,0,1
7938,1,0,1
7939,1,0,1
7940,1,0,1
7941,1,0,1
7942,1,0,1
7943,1,0,1
7944,1,0,1
7945,1,0,1
7946,1,0,1
7947,1,0,1
7948,1,0,1
7949,1,0,1
7950,1,0,1
7951,1,0,1
7952,1,0,1
7953,1,0,1
7954,1,0,1
7955,1,0,1
7956,1,0,1
7957,1,0,1
7958,1,0,1
7959,1,0,1
7960,1,0,1
7961,1,0,1
7962,1,0,1
7963,1,0,1
7964,1,0,1
7965,1,0,1
7966,1,0,1
7967,1,0,1
7968,1,0,1
7969,1,0,1
7970,1,0,1
7971,1,0,1
7972,1,0,1
7973,1,0,1
7974,1,0,1
7975,1,0,1
7976,1,0,1
7977,1,0,1
7978,1,0,1
7979,1,0,1
7980,1,0,1
7981,1,0,1
7982,1,0,1
7983,1,0,1
7984,1,0,1
7985,1,0,1
7986,1,0,1
7987,1,0,1
7988,1,0,1
7989,1,0,1
7990,1,0,1
7991,1,0,1
7992,1,0,1
7993,1,0,1
7994,1,0,1
7995,1,0,1
7996,1,0,1
7997,1,0,1
7998,0,0,0
7999,0,0,0
8000,0,0,0
8001,0,0,0
8002,0,0,0
8003,0,0,0
8004,0,0,0
8005,0,0,0
8006,0,0,0
8007,0,0,0
8008,0,0,0
8009,0,0,0
8010,0,0,0
8011,0,0,0
8012,0,0,0
8013,0,0,0
8014,0,0,0
8015,0,0,0
8016,0,0,0
8017,0,0,0
8018,0,0,0
8019,0,0,0
8020,0,0,0
8021,0,0,0
8022,0,0,0
8023,0,0,0
8024,0,0,0
8025,0,0,0
8026,0,0,0
8027,0,0,0
8028,0,0,0
8029,0,0,0
8030,0,0,0
8031,0,0,0
8032,0,0,0
8033,0,0,0
8034,0,0,0
8035,0,0,0
8036,0,0,0
8037,0,0,0
8038,0,0,0
8039,0,0,0
8040,0,0,0
8041,0,0,0
8042,0,0,0
8043,1,0,1
8044,1,0,1
8045,1,0,1
8046,1,0,1
8047,1,0,1
8048,1,0,1
8049,1,0,1
8050,1,0,1
8051,1,0,1
8052,1,0,1
8053,1,0,1
8054,1,0,1
8055,1,0,1
8056,1,0,1
8057,1,0,1
8058,1,0,1
8059,1,0,1
8060,1,0,1
8061,1,0,1
8062,1,0,1
8063,1,0,1
8064,1,0,1
8065,1,0,1
8066,1,0,1
8067,1,0,1
8068,1,0,1
8069,1,0,1
8070,1,0,1
8071,1,0,1
8072,1,0,1
8073,1,0,1
8074,1,0,1
8075,1,0,1
8076,1,0,1
8077,1,0,1
8078,1,0,1
8079,1,0,1
8080,1,0,1
8081,1,0,1
8082,1,0,1
8083,1,0,1
8084,1,0,1
8085,1,0,1
8086,1,0,1
8087,1,0,1
8088,1,0,1
8089,1,0,1
8090,1,0,1
8091,1,0,1
8092,1,0,1
8093,1,0,1
8094,1,0,1
8095,1,0,1
8096,1,0,1
8097,1,0,1
8098,1,0,1
8099,1,0,1
8100,1,0,1
8101,1,0,1
8102,1,0,1
8103,1,0,1
8104,1,0,1
8105,1,0,1
8106,1,0,1
8107,1,0,1
8108,1,0,1
8109,1,0,1
8110,1,0,1
8111,1,0,1
8112,1,0,1
8113,1,0,1
8114,1,0,1
8115,1,0,1
8116,1,0,1
8117,1,0,1
8118,1,0,1
8119,1,0,1
8120,1,0,1
8121,1,0,1
8122,1,0,1
8123,1,0,1
8124,1,0,1
8125,1,0,1
8126,0,0,0
8127,0,0,0
8128,0,0,0
8129,0,0,0
8130,0,0,0
8131,0,0,0
8132,0,0,0
8133,0,0,0
8134,0,0,0
8135,0,0,0
8136,0,0,0
8137,0,0,0
8138,0,0,0
8139,0,0,0
8140,0,0,0
8141,0,0,0
8142,0,0,0
8143,0,0,0
8144,0,0,0
8145,0,0,0
8146,0,0,0
8147,0,0,0
8148,0,0,0
8149,0,0,0
8150,0,0,0
8151,0,0,0
8152,0,0,0
8153,0,0,0
8154,0,0,0
8155,0,0,0
8156,0,0,0
8157,0,0,0
8158,0,0,0
8159,0,0,0
8160,0,0,0
8161,0,0,0
8162,0,0,0
8163,0,0,0
8164,0,0,0
8165,0,0,0
8166,0,0,0
8167,0,0,0
8168,0,0,0
8169,0,0,0
8170,0,0,0
8171,0,0,0
8172,0,0,0
8173,0,0,0
8174,0,0,0
8175,0,0,0
8176,0,0,0
8177,0,0,0
8178,0,0,0
8179,0,0,0
8180,0,0,0
8181,0,0,0
8182,0,0,0
8183,0,0,0
8184,0,0,0
8185,0,0,0
8186,0,0,0
8187,0,0,0
8188,0,0,0
8189,0,0,0
8190,0,0,0
8191,0,0,0
8192,0,0,0
8193,0,0,0
8194,0,0,0
8195,0,0,0
8196,0,0,0
8197,0,0,0
8198,0,0,0
8199,0,0,0
8200,0,0,0
8201,0,0,0
8202,0,0,0
8203,0,0,0
8204,0,0,0
8205,0,0,0
8206,0,0,0
8207,0,0,0
8208,0,0,0
8209,0,0,0
8210,0,0,0
8211,0,0,0
8212,0,0,0
8213,0,0,0
8214,0,0,0
8215,0,0,0
8216,0,0,0
8217,0,0,0
8218,0,0,0
8219,0,0,0
8220,0,0,0
8221,0,0,0
8222,0,0,0
8223,0,0,0
8224,0,0,0
8225,0,0,0
8226,0,0,0
8227,0,0,0
8228,0,0,0
8229,0,0,0
8230,0,0,0
8231,0,0,0
8232,0,0,0
8233,0,0,0
8234,0,0,0
8235,0,0,0
8236,0,0,0
8237,0,0,0
8238,0,0,0
8239,0,0,0
8240,0,0,0
8241,0,0,0
8242,0,0,0
8243,0,0,0
8244,0,0,0
8245,0,0,0
8246,0,0,0
8247,0,0,0
8248,0,0,0
8249,0,0,0
8250,0,0,0
8251,0,0,0
8252,0,0,0
8253,0,0,0
8254,0,0,0
8255,0,0,0
8256,0,0,0
8257,0,0,0
8258,0,0,0
8259,0,0,0
8260,0,0,0
8261,0,0,0
8262,0,0,0
8263,0,0,0
8264,0,0,0
8265,0,0,0
8266,0,0,0
8267,0,0,0
8268,0,0,0
8269,0,0,0
8270,0,0,0
8271,0,0,0
8272,0,0,0
8273,0,0,0
8274,0,0,0
8275,0,0,0
8276,0,0,0
8277,0,0,0
8278,0,0,0
8279,0,0,0
8280,0,0,0
8281,0,0,0
8282,0,0,0
8283,0,0,0
8284,0,0,0
8285,0,0,0
8286,0,0,0
8287,0,0,0
8288,0,0,0
8289,0,0,0
8290,0,0,0
8291,0,0,0
8292,0,0,0
8293,0,0,0
8294,0,0,0
8295,0,0,0
8296,0,0,0
8297,0,0,0
8298,0,0,0
8299,0,0,0
8300,0,0,0
8301,0,0,0
8302,0,0,0
8303,0,0,0
8304,0,0,0
8305,0,0,0
8306,0,0,0
8307,0,0,0
8308,0,0,0
8309,0,0,0
8310,0,0,0
8311,0,0,0
8312,0,0,0
8313,0,0,0
8314,0,0,0
8315,0,0,0
8316,0,0,0
8317,0,0,0
8318,0,0,0
8319,0,0,0
8320,0,0,0
8321,0,0,0
8322,0,0,0
8323,0,0,0
8324,0,0,0
8325,0,0,0
8326,0,0,0
8327,0,0,0
8328,0,0,0
8329,0,0,0
8330,0,0,0
8331,0,0,0
8332,0,0,0
8333,0,0,0
8334,0,0,0
8335,0,0,0
8336,0,0,0
8337,0,0,0
8338,0,0,0
8339,0,0,0
8340,0,0,0
8341,0,0,0
8342,0,0,0
8343,0,0,0
8344,0,0,0
8345,0,0,0
8346,0,0,0
8347,0,0,0
8348,0,0,0
8349,0,0,0
8350,0,0,0
8351,0,0,0
8352,0,0,0
8353,0,0,0
8354,0,0,0
8355,0,0,0
8356,0,0,0
8357,0,0,0
8358,0,0,0
8359,0,0,0
8360,0,0,0
8361,0,0,0
8362,0,0,0
8363,0,0,0
8364,0,0,0
8365,0,0,0
8366,0,0,0
8367,0,0,0
8368,0,0,0
8369,0,0,0
8370,0,0,0
8371,0,0,0
8372,0,0,0
8373,0,0,0
8374,0,0,0
8375,0,0,0
8376,0,0,0
8377,0,0,0
8378,0,0,0
8379,0,0,0
8380,0,0,0
8381,0,0,0
8382,0,0,0
8383,0,0,0
8384,0,0,0
8385,0,0,0
8386,0,0,0
8387,0,0,0
8388,0,0,0
8389,0,0,0
8390,0,0,0
8391,0,0,0
8392,0,0,0
8393,0,0,0
8394,0,0,0
8395,0,0,0
8396,0,0,0
8397,0,0,0
8398,0,0,0
8399,0,0,0
8400,0,0,0
8401,0,0,0
8402,0,0,0
8403,0,0,0
8404,0,0,0
8405,0,0,0
8406,0,0,0
8407,0,0,0
8408,0,0,0
8409,0,0,0
8410,0,0,0
8411,0,0,0
8412,0,0,0
8413,0,0,0
8414,0,0,0
8415,0,0,0
8416,0,0,0
8417,0,0,0
8418,0,0,0
8419,0,0,0
8420,0,0,0
8421,0,0,0
8422,0,0,0
8423,0,0,0
8424,0,0,0
8425,0,0,0
8426,0,0,0
8427,0,0,0
8428,0,0,0
8429,0,0,0
8430,0,0,0
8431,0,0,0
8432,0,0,0
8433,0,0,0
8434,0,0,0
8435,0,0,0
8436,0,0,0
8437,0,0,0
8438,0,0,0
8439,0,0,0
8440,0,0,0
8441,0,0,0
8442,0,0,0
8443,0,0,0
8444,0,0,0
8445,0,0,0
8446,0,0,0
8447,0,0,0
8448,0,0,0
8449,0,0,0
8450,0,0,0
8451,0,0,0
8452,0,0,0
8453,0,0,0
8454,0,0,0
8455,0,0,0
8456,0,0,0
8457,0,0,0
8458,0,0,0
8459,0,0,0
8460,0,0,0
8461,0,0,0
8462,0,0,0
8463,0,0,0
8464,0,0,0
8465,0,0,0
8466,0,0,0
8467,0,0,0
8468,0,0,0
8469,0,0,0
8470,0,0,0
8471,0,0,0
8472,0,0,0
8473,0,0,0
8474,0,0,0
8475,0,0,0
8476,0,0,0
8477,0,0,0
8478,0,0,0
8479,0,0,0
8480,0,0,0
8481,0,0,0
8482,0,0,0
8483,0,0,0
8484,0,0,0
8485,0,0,0
8486,0,0,0
8487,0,0,0
8488,0,0,0
8489,0,0,0
8490,0,0,0
8491,0,0,0
8492,0,0,0
8493,0,0,0
8494,0,0,0
8495,0,0,0
8496,0,0,0
8497,0,0,0
8498,0,0,0
8499,0,0,0
8500,0,0,0
8501,0,0,0
8502,0,0,0
8503,0,0,0
8504,0,0,0
8505,1,0,1
8506,1,0,1
8507,1,0,1
8508,1,0,1
8509,1,0,1
8510,1,0,1
8511,2,0,2
8512,2,0,2
8513,2,0,2
8514,2,0,2
8515,2,0,2
8516,2,0,2
8517,2,0,2
8518,2,0,2
8519,2,0,2
8520,2,0,2
8521,2,0,2
8522,2,0,2
8523,2,0,2
8524,2,0,2
8525,2,0,2
8526,2,0,2
8527,2,0,2
8528,2,0,2
8529,2,0,2
8530,2,0,2
8531,2,0,2
8532,2,0,2
8533,2,0,2
8534,2,0,2
8535,2,0,2
8536,2,0,2
8537,2,0,2
8538,2,0,2
8539,2,0,2
8540,2,0,2
8541,1,0,1
8542,1,0,1
8543,1,0,1
8544,1,0,1
8545,1,0,1
8546,1,0,1
8547,1,0,1
8548,1,0,1
8549,1,0,1
8550,1,0,1
8551,2,0,2
8552,2,0,2
8553,2,0,2
8554,2,0,2
8555,2,0,2
8556,2,0,2
8557,2,0,2
8558,2,0,2
8559,2,0,2
8560,2,0,2
8561,2,0,2
8562,2,0,2
8563,2,0,2
8564,2,0,2
8565,2,0,2
8566,2,0,2
8567,2,0,2
8568,2,0,2
8569,2,0,2
8570,2,0,2
8571,2,0,2
8572,2,0,2
8573,2,0,2
8574,2,0,2
8575,2,0,2
8576,2,0,2
8577,2,0,2
8578,2,0,2
8579,2,0,2
8580,2,0,2
8581,2,0,2
8582,2,0,2
8583,2,0,2
8584,2,0,2
8585,2,0,2
8586,2,0,2
8587,2,0,2
8588,2,0,2
8589,2,0,2
8590,2,0,2
8591,2,0,2
8592,2,0,2
8593,2,0,2
8594,2,0,2
8595,2,0,2
8596,2,0,2
8597,2,0,2
8598,2,0,2
8599,2,0,2
8600,2,0,2
8601,2,0,2
8602,2,0,2
8603,1,0,1
8604,1,0,1
8605,1,0,1
8606,1,0,1
8607,1,0,1
8608,1,0,1
8609,1,0,1
8610,1,0,1
8611,1,0,1
8612,1,0,1
8613,1,0,1
8614,1,0,1
8615,1,0,1
8616,1,0,1
8617,1,0,1
8618,1,0,1
8619,1,0,1
8620,1,0,1
8621,1,0,1
8622,1,0,1
8623,1,0,1
8624,1,0,1
8625,1,0,1
8626,1,0,1
8627,0,0,0
8628,0,0,0
8629,0,0,0
8630,0,0,0
8631,0,0,0
8632,0,0,0
8633,0,0,0
8634,0,0,0
8635,0,0,0
8636,0,0,0
8637,0,0,0
8638,0,0,0
8639,0,0,0
8640,0,0,0
8641,0,0,0
8642,0,0,0
8643,0,0,0
8644,0,0,0
8645,0,0,0
8646,0,0,0
8647,0,0,0
8648,0,0,0
8649,0,0,0
8650,0,0,0
8651,0,0,0
8652,0,0,0
8653,0,0,0
8654,0,0,0
8655,0,0,0
8656,0,0,0
8657,0,0,0
8658,0,0,0
8659,0,0,0
8660,0,0,0
8661,0,0,0
8662,0,0,0
8663,0,0,0
8664,0,0,0
8665,0,0,0
8666,0,0,0
8667,0,0,0
8668,0,0,0
8669,0,0,0
8670,0,0,0
8671,0,0,0
8672,0,0,0
8673,0,0,0
8674,0,0,0
8675,0,0,0
8676,0,0,0
8677,0,0,0
8678,0,0,0
8679,0,0,0
8680,0,0,0
8681,0,0,0
8682,0,0,0
8683,0,0,0
8684,0,0,0
8685,0,0,0
8686,0,0,0
8687,0,0,0
8688,0,0,0
8689,0,0,0
8690,0,0,0
8691,0,0,0
8692,0,0,0
8693,0,0,0
8694,0,0,0
8695,0,0,0
8696,0,0,0
8697,0,0,0
8698,0,0,0
8699,0,0,0
8700,0,0,0
8701,0,0,0
8702,0,0,0
8703,0,0,0
8704,0,0,0
8705,0,0,0
8706,0,0,0
8707,0,0,0
8708,0,0,0
8709,0,0,0
8710,0,0,0
8711,0,0,0
8712,0,0,0
8713,0,0,0
8714,0,0,0
8715,0,0,0
8716,0,0,0
8717,0,0,0
8718,0,0,0
8719,0,0,0
8720,0,0,0
8721,0,0,0
8722,0,0,0
8723,0,0,0
8724,0,0,0
8725,0,0,0
8726,0,0,0
8727,0,0,0
8728,0,0,0
8729,0,0,0
8730,0,0,0
8731,0,0,0
8732,0,0,0
8733,0,0,0
8734,0,0,0
8735,0,0,0
8736,0,0,0
8737,0,0,0
8738,0,0,0
8739,0,0,0
8740,0,0,0
8741,0,0,0
8742,0,0,0
8743,0,0,0
8744,0,0,0
8745,0,0,0
8746,0,0,0
8747,0,0,0
8748,0,0,0
8749,0,0,0
8750,0,0,0
8751,0,0,0
8752,0,0,0
8753,0,0,0
8754,0,0,0
8755,0,0,0
8756,0,0,0
8757,0,0,0
8758,0,0,0
8759,0,0,0
8760,0,0,0
8761,0,0,0
8762,0,0,0
8763,0,0,0
8764,0,0,0
8765,0,0,0
8766,0,0,0
8767,0,0,0
8768,0,0,0
8769,0,0,0
8770,0,0,0
8771,0,0,0
8772,0,0,0
8773,0,0,0
8774,0,0,0
8775,0,0,0
8776,0,0,0
8777,0,0,0
8778,0,0,0
8779,0,0,0
8780,0,0,0
8781,0,0,0
8782,0,0,0
8783,0,0,0
8784,0,0,0
8785,0,0,0
8786,0,0,0
8787,0,0,0
8788,0,0,0
8789,0,0,0
8790,0,0,0
8791,0,0,0
8792,0,0,0
8793,0,0,0
8794,0,0,0
8795,0,0,0
8796,0,0,0
8797,0,0,0
8798,0,0,0
8799,0,0,0
8800,0,0,0
8801,0,0,0
8802,0,0,0
8803,0,0,0
8804,0,0,0
8805,0,0,0
8806,0,0,0
8807,0,0,0
8808,0,0,0
8809,0,0,0
8810,0,0,0
8811,0,0,0
8812,0,0,0
8813,0,0,0
8814,0,0,0
8815,0,0,0
8816,0,0,0
8817,0,0,0
8818,0,0,0
8819,0,0,0
8820,0,0,0
8821,0,0,0
8822,0,0,0
8823,0,0,0
8824,0,0,0
8825,0,0,0
8826,0,0,0
8827,0,0,0
8828,0,0,0
8829,0,0,0
8830,0,0,0
8831,0,0,0
8832,0,0,0
8833,0,0,0
8834,0,0,0
8835,0,0,0
8836,0,0,0
8837,0,0,0
8838,0,0,0
8839,0,0,0
8840,0,0,0
8841,0,0,0
8842,0,0,0
8843,0,0,0
8844,0,0,0
8845,0,0,0
8846,0,0,0
8847,0,0,0
8848,0,0,0
8849,0,0,0
8850,0,0,0
8851,0,0,0
8852,0,0,0
8853,0,0,0
8854,0,0,0
8855,0,0,0
8856,0,0,0
8857,0,0,0
8858,0,0,0
8859,0,0,0
8860,0,0,0
8861,0,0,0
8862,0,0,0
8863,0,0,0
8864,0,0,0
8865,0,0,0
8866,0,0,0
8867,0,0,0
8868,0,0,0
8869,0,0,0
8870,0,0,0
8871,0,0,0
8872,0,0,0
8873,0,0,0
8874,0,0,0
8875,0,0,0
8876,0,0,0
8877,0,0,0
8878,0,0,0
8879,0,0,0
8880,0,0,0
8881,0,0,0
8882,0,0,0
8883,0,0,0
8884,0,0,0
8885,0,0,0
8886,0,0,0
8887,0,0,0
8888,0,0,0
8889,0,0,0
8890,0,0,0
8891,0,0,0
8892,0,0,0
8893,0,0,0
8894,0,0,0
8895,0,0,0
8896,0,0,0
8897,0,0,0
8898,0,0,0
8899,0,0,0
8900,0,0,0
8901,0,0,0
8902,0,0,0
8903,0,0,0
8904,0,0,0
8905,0,0,0
8906,0,0,0
8907,0,0,0
8908,0,0,0
8909,0,0,0
8910,0,0,0
8911,0,0,0
8912,0,0,0
8913,0,0,0
8914,0,0,0
8915,0,0,0
8916,0,0,0
8917,0,0,0
8918,0,0,0
8919,0,0,0
8920,0,0,0
8921,0,0,0
8922,0,0,0
8923,0,0,0
8924,0,0,0
8925,0,0,0
8926,0,0,0
8927,0,0,0
8928,0,0,0
8929,0,0,0
8930,0,0,0
8931,0,0,0
8932,0,0,0
8933,0,0,0
8934,0,0,0
8935,0,0,0
8936,0,0,0
8937,0,0,0
8938,0,0,0
8939,0,0,0
8940,0,0,0
8941,0,0,0
8942,0,0,0
8943,0,0,0
8944,0,0,0
8945,0,0,0
8946,0,0,0
8947,0,0,0
8948,0,0,0
8949,0,0,0
8950,0,0,0
8951,0,0,0
8952,0,0,0
8953,0,0,0
8954,0,0,0
8955,0,0,0
8956,0,0,0
8957,0,0,0
8958,0,0,0
8959,0,0,0
8960,0,0,0
8961,0,0,0
8962,0,0,0
8963,0,0,0
8964,0,0,0
8965,0,0,0
8966,0,0,0
8967,0,0,0
8968,0,0,0
8969,0,0,0
8970,0,0,0
8971,0,0,0
8972,0,0,0
8973,0,0,0
8974,0,0,0
8975,0,0,0
8976,0,0,0
8977,0,0,0
8978,0,0,0
8979,0,0,0
8980,0,0,0
8981,0,0,0
8982,0,0,0
8983,0,0,0
8984,0,0,0
8985,0,0,0
8986,0,0,0
8987,0,0,0
8988,0,0,0
8989,0,0,0
8990,0,0,0
8991,0,0,0
8992,0,0,0
8993,0,0,0
8994,0,0,0
8995,0,0,0
8996,0,0,0
8997,0,0,0
8998,0,0,0
8999,0,0,0
9000,0,0,0
9001,0,0,0
9002,0,0,0
9003,0,0,0
9004,0,0,0
9005,0,0,0
9006,0,0,0
9007,0,0,0
9008,0,0,0
9009,0,0,0
9010,0,0,0
9011,0,0,0
9012,0,0,0
9013,0,0,0
9014,0,0,0
9015,0,0,0
9016,0,0,0
9017,0,0,0
9018,0,0,0
9019,0,0,0
9020,0,0,0
9021,0,0,0
9022,0,0,0
9023,0,0,0
9024,0,0,0
9025,0,0,0
9026,0,0,0
9027,0,0,0
9028,0,0,0
9029,0,0,0
9030,0,0,0
9031,0,0,0
9032,0,0,0
9033,0,0,0
9034,0,0,0
9035,0,0,0
9036,0,0,0
9037,0,0,0
9038,0,0,0
9039,0,0,0
9040,0,0,0
9041,0,0,0
9042,0,0,0
9043,0,0,0
9044,0,0,0
9045,0,0,0
9046,0,0,0
9047,0,0,0
9048,0,0,0
9049,0,0,0
9050,0,0,0
9051,0,0,0
9052,0,0,0
9053,0,0,0
9054,1,0,1
9055,1,0,1
9056,1,0,1
9057,1,0,1
9058,1,0,1
9059,1,0,1
9060,1,0,1
9061,1,0,1
9062,1,0,1
9063,1,0,1
9064,1,0,1
9065,1,0,1
9066,1,0,1
9067,1,0,1
9068,1,0,1
9069,1,0,1
9070,1,0,1
9071,1,0,1
9072,1,0,1
9073,1,0,1
9074,1,0,1
9075,1,0,1
9076,1,0,1
9077,1,0,1
9078,1,0,1
9079,1,0,1
9080,1,0,1
9081,1,0,1
9082,1,0,1
9083,1,0,1
9084,1,0,1
9085,1,0,1
9086,1,0,1
9087,1,0,1
9088,1,0,1
9089,1,0,1
9090,1,0,1
9091,1,0,1
9092,1,0,1
9093,1,0,1
9094,1,0,1
9095,1,0,1
9096,1,0,1
9097,1,0,1
9098,1,0,1
9099,1,0,1
9100,1,0,1
9101,1,0,1
9102,1,0,1
9103,1,0,1
9104,1,0,1
9105,1,0,1
9106,1,0,1
9107,1,0,1
9108,1,0,1
9109,1,0,1
9110,1,0,1
9111,1,0,1
9112,1,0,1
9113,1,0,1
9114,1,0,1
9115,1,0,1
9116,1,0,1
9117,1,0,1
9118,1,0,1
9119,1,0,1
9120,1,0,1
9121,1,0,1
9122,1,0,1
9123,1,0,1
9124,1,0,1
9125,1,0,1
9126,1,0,1
9127,1,0,1
9128,1,0,1
9129,1,0,1
9130,1,0,1
9131,1,0,1
9132,1,0,1
9133,1,0,1
9134,1,0,1
9135,1,0,1
9136,1,0,1
9137,1,0,1
9138,1,0,1
9139,1,0,1
9140,1,0,1
9141,1,0,1
9142,1,0,1
9143,0,0,0
9144,0,0,0
9145,0,0,0
9146,0,0,0
9147,0,0,0
9148,0,0,0
9149,0,0,0
9150,0,0,0
9151,0,0,0
9152,0,0,0
9153,0,0,0
9154,0,0,0
9155,0,0,0
9156,0,0,0
9157,0,0,0
9158,0,0,0
9159,0,0,0
9160,0,0,0
9161,0,0,0
9162,0,0,0
9163,0,0,0
9164,0,0,0
9165,0,0,0
9166,0,0,0
9167,0,0,0
9168,0,0,0
9169,0,0,0
9170,0,0,0
9171,0,0,0
9172,0,0,0
9173,0,0,0
9174,0,0,0
9175,0,0,0
9176,0,0,0
9177,0,0,0
9178,0,0,0
9179,0,0,0
9180,0,0,0
9181,0,0,0
9182,0,0,0
9183,0,0,0
9184,0,0,0
9185,0,0,0
9186,0,0,0
9187,0,0,0
9188,0,0,0
9189,0,0,0
9190,0,0,0
9191,0,0,0
9192,0,0,0
9193,0,0,0
9194,0,0,0
9195,0,0,0
9196,0,0,0
9197,0,0,0
9198,0,0,0
9199,0,0,0
9200,0,0,0
9201,0,0,0
9202,0,0,0
9203,0,0,0
9204,0,0,0
9205,0,0,0
9206,0,0,0
9207,0,0,0
9208,0,0,0
9209,0,0,0
9210,0,0,0
9211,0,0,0
9212,0,0,0
9213,0,0,0
9214,0,0,0
9215,0,0,0
9216,0,0,0
9217,0,0,0
9218,0,0,0
9219,0,0,0
9220,0,0,0
9221,0,0,0
9222,0,0,0
9223,0,0,0
9224,0,0,0
9225,0,0,0
9226,0,0,0
9227,0,0,0
9228,0,0,0
9229,0,0,0
9230,1,0,1
9231,1,0,1
9232,1,0,1
9233,1,0,1
9234,1,0,1
9235,1,0,1
9236,1,0,1
9237,2,0,2
9238,2,0,2
9239,2,0,2
9240,2,0,2
9241,2,0,2
9242,2,0,2
9243,2,0,2
9244,2,0,2
9245,2,0,2
9246,2,0,2
9247,2,0,2
9248,2,0,2
9249,2,0,2
9250,2,0,2
9251,2,0,2
9252,2,0,2
9253,2,0,2
9254,2,0,2
9255,2,0,2
9256,2,0,2
9257,2,0,2
9258,2,0,2
9259,2,0,2
9260,2,0,2
9261,2,0,2
9262,2,0,2
9263,2,0,2
9264,2,0,2
9265,2,0,2
9266,2,0,2
9267,2,0,2
9268,1,0,1
9269,1,0,1
9270,1,0,1
9271,1,0,1
9272,1,0,1
9273,1,0,1
9274,1,0,1
9275,1,0,1
9276,1,0,1
9277,1,0,1
9278,1,0,1
9279,1,0,1
9280,1,0,1
9281,1,0,1
9282,1,0,1
9283,1,0,1
9284,1,0,1
9285,1,0,1
9286,1,0,1
9287,1,0,1
9288,1,0,1
9289,1,0,1
9290,1,0,1
9291,1,0,1
9292,1,0,1
9293,1,0,1
9294,1,0,1
9295,1,0,1
9296,1,0,1
9297,1,0,1
9298,1,0,1
9299,1,0,1
9300,1,0,1
9301,1,0,1
9302,1,0,1
9303,1,0,1
9304,0,0,0
9305,0,0,0
9306,0,0,0
9307,0,0,0
9308,0,0,0
9309,0,0,0
9310,0,0,0
9311,0,0,0
9312,0,0,0
9313,0,0,0
9314,0,0,0
9315,0,0,0
9316,0,0,0
9317,1,0,1
9318,1,0,1
9319,1,0,1
9320,1,0,1
9321,1,0,1
9322,1,0,1
9323,1,0,1
9324,1,0,1
9325,1,0,1
9326,1,0,1
9327,1,0,1
9328,1,0,1
9329,1,0,1
9330,1,0,1
9331,1,0,1
9332,1,0,1
9333,1,0,1
9334,1,0,1
9335,1,0,1
9336,1,0,1
9337,1,0,1
9338,1,0,1
9339,1,0,1
9340,1,0,1
9341,1,0,1
9342,1,0,1
9343,1,0,1
9344,1,0,1
9345,1,0,1
9346,1,0,1
9347,1,0,1
9348,1,0,1
9349,1,0,1
9350,1,0,1
9351,1,0,1
9352,1,0,1
9353,1,0,1
9354,1,0,1
9355,1,0,1
9356,1,0,1
9357,1,0,1
9358,1,0,1
9359,1,0,1
9360,1,0,1
9361,1,0,1
9362,1,0,1
9363,1,0,1
9364,1,0,1
9365,1,0,1
9366,1,0,1
9367,1,0,1
9368,1,0,1
9369,1,0,1
9370,1,0,1
9371,1,0,1
9372,1,0,1
9373,1,0,1
9374,1,0,1
9375,1,0,1
9376,1,0,1
9377,1,0,1
9378,1,0,1
9379,1,0,1
9380,0,0,0
9381,0,0,0
9382,0,0,0
9383,0,0,0
9384,0,0,0
9385,0,0,0
9386,0,0,0
9387,0,0,0
9388,0,0,0
9389,0,0,0
9390,0,0,0
9391,0,0,0
9392,0,0,0
9393,0,0,0
9394,0,0,0
9395,0,0,0
9396,0,0,0
9397,0,0,0
9398,0,0,0
9399,0,0,0
9400,0,0,0
9401,0,0,0
9402,0,0,0
9403,0,0,0
9404,0,0,0
9405,0,0,0
9406,0,0,0
9407,0,0,0
9408,0,0,0
9409,0,0,0
9410,0,0,0
9411,0,0,0
9412,0,0,0
9413,0,0,0
9414,0,0,0
9415,0,0,0
9416,0,0,0
9417,0,0,0
9418,0,0,0
9419,0,0,0
9420,0,0,0
9421,0,0,0
9422,0,0,0
9423,0,0,0
9424,0,0,0
9425,0,0,0
9426,0,0,0
9427,0,0,0
9428,0,0,0
9429,0,0,0
9430,0,0,0
9431,0,0,0
9432,0,0,0
9433,0,0,0
9434,0,0,0
9435,1,0,1
9436,1,0,1
9437,1,0,1
9438,1,0,1
9439,1,0,1
9440,1,0,1
9441,1,0,1
9442,1,0,1
9443,1,0,1
9444,1,0,1
9445,1,0,1
9446,1,0,1
9447,1,0,1
9448,1,0,1
9449,1,0,1
9450,1,0,1
9451,1,0,1
9452,1,0,1
9453,1,0,1
9454,1,0,1
9455,1,0,1
9456,1,0,1
9457,1,0,1
9458,1,0,1
9459,1,0,1
9460,1,0,1
9461,1,0,1
9462,1,0,1
9463,1,0,1
9464,1,0,1
9465,1,0,1
9466,1,0,1
9467,1,0,1
9468,1,0,1
9469,1,0,1
9470,1,0,1
9471,1,0,1
9472,1,0,1
9473,1,0,1
9474,1,0,1
9475,0,0,0
9476,0,0,0
9477,0,0,0
9478,0,0,0
9479,0,0,0
9480,0,0,0
9481,1,0,1
9482,1,0,1
9483,1,0,1
9484,1,0,1
9485,1,0,1
9486,1,0,1
9487,1,0,1
9488,1,0,1
9489,1,0,1
9490,1,0,1
9491,1,0,1
9492,1,0,1
9493,1,0,1
9494,1,0,1
9495,1,0,1
9496,1,0,1
9497,1,0,1
9498,1,0,1
9499,1,0,1
9500,1,0,1
9501,1,0,1
9502,1,0,1
9503,1,0,1
9504,1,0,1
9505,1,0,1
9506,1,0,1
9507,1,0,1
9508,1,0,1
9509,1,0,1
9510,1,0,1
9511,1,0,1
9512,1,0,1
9513,1,0,1
9514,1,0,1
9515,1,0,1
9516,1,0,1
9517,1,0,1
9518,1,0,1
9519,1,0,1
9520,1,0,1
9521,1,0,1
9522,1,0,1
9523,0,0,0
9524,0,0,0
9525,0,0,0
9526,0,0,0
9527,0,0,0
9528,0,0,0
9529,0,0,0
9530,0,0,0
9531,0,0,0
9532,0,0,0
9533,0,0,0
9534,0,0,0
9535,0,0,0
9536,0,0,0
9537,0,0,0
9538,0,0,0
9539,0,0,0
9540,0,0,0
9541,0,0,0
9542,0,0,0
9543,0,0,0
9544,0,0,0
9545,0,0,0
9546,0,0,0
9547,0,0,0
9548,0,0,0
9549,0,0,0
9550,0,0,0
9551,0,0,0
9552,0,0,0
9553,0,0,0
9554,0,0,0
9555,0,0,0
9556,0,0,0
9557,0,0,0
9558,0,0,0
9559,0,0,0
9560,0,0,0
9561,0,0,0
9562,0,0,0
9563,0,0,0
9564,0,0,0
9565,0,0,0
9566,0,0,0
9567,0,0,0
9568,0,0,0
9569,0,0,0
9570,0,0,0
9571,0,0,0
9572,0,0,0
9573,0,0,0
9574,0,0,0
9575,0,0,0
9576,0,0,0
9577,0,0,0
9578,0,0,0
9579,0,0,0
9580,0,0,0
9581,0,0,0
9582,0,0,0
9583,0,0,0
9584,0,0,0
9585,0,0,0
9586,0,0,0
9587,0,0,0
9588,0,0,0
9589,0,0,0
9590,0,0,0
9591,0,0,0
9592,0,0,0
9593,0,0,0
9594,0,0,0
9595,0,0,0
9596,0,0,0
9597,0,0,0
9598,0,0,0
9599,0,0,0
9600,0,0,0
9601,0,0,0
9602,0,0,0
9603,0,0,0
9604,0,0,0
9605,0,0,0
9606,0,0,0
9607,0,0,0
9608,0,0,0
9609,0,0,0
9610,0,0,0
9611,0,0,0
9612,0,0,0
9613,0,0,0
9614,0,0,0
9615,0,0,0
9616,0,0,0
9617,0,0,0
9618,0,0,0
9619,0,0,0
9620,0,0,0
9621,0,0,0
9622,0,0,0
9623,0,0,0
9624,1,0,1
9625,1,0,1
9626,1,0,1
9627,1,0,1
9628,1,0,1
9629,1,0,1
9630,1,0,1
9631,1,0,1
9632,1,0,1
9633,1,0,1
9634,1,0,1
9635,1,0,1
9636,1,0,1
9637,1,0,1
9638,1,0,1
9639,1,0,1
9640,1,0,1
9641,1,0,1
9642,1,0,1
9643,1,0,1
9644,1,0,1
9645,1,0,1
9646,1,0,1
9647,1,0,1
9648,1,0,1
9649,1,0,1
9650,1,0,1
9651,1,0,1
9652,1,0,1
9653,1,0,1
9654,1,0,1
9655,1,0,1
9656,1,0,1
9657,1,0,1
9658,1,0,1
9659,1,0,1
9660,1,0,1
9661,1,0,1
9662,1,0,1
9663,1,0,1
9664,1,0,1
9665,1,0,1
9666,1,0,1
9667,1,0,1
9668,1,0,1
9669,1,0,1
9670,1,0,1
9671,1,0,1
9672,1,0,1
9673,1,0,1
9674,1,0,1
9675,1,0,1
9676,1,0,1
9677,1,0,1
9678,1,0,1
9679,1,0,1
9680,1,0,1
9681,1,0,1
9682,1,0,1
9683,1,0,1
9684,1,0,1
9685,1,0,1
9686,1,0,1
9687,1,0,1
9688,1,0,1
9689,1,0,1
9690,1,0,1
9691,1,0,1
9692,1,0,1
9693,1,0,1
9694,1,0,1
9695,1,0,1
9696,1,0,1
9697,1,0,1
9698,1,0,1
9699,1,0,1
9700,1,0,1
9701,1,0,1
9702,1,0,1
9703,1,0,1
9704,1,0,1
9705,1,0,1
9706,1,0,1
9707,1,0,1
9708,0,0,0
9709,1,0,1
9710,1,0,1
9711,1,0,1
9712,1,0,1
9713,1,0,1
9714,1,0,1
9715,1,0,1
9716,1,0,1
9717,1,0,1
9718,1,0,1
9719,1,0,1
9720,1,0,1
9721,1,0,1
9722,1,0,1
9723,1,0,1
9724,1,0,1
9725,1,0,1
9726,1,0,1
9727,1,0,1
9728,1,0,1
9729,1,0,1
9730,1,0,1
9731,1,0,1
9732,1,0,1
9733,1,0,1
9734,1,0,1
9735,1,0,1
9736,1,0,1
9737,1,0,1
9738,1,0,1
9739,1,0,1
9740,1,0,1
9741,1,0,1
9742,1,0,1
9743,1,0,1
9744,1,0,1
9745,1,0,1
9746,1,0,1
9747,1,0,1
9748,1,0,1
9749,1,0,1
9750,1,0,1
9751,1,0,1
9752,1,0,1
9753,1,0,1
9754,1,0,1
9755,1,0,1
9756,1,0,1
9757,1,0,1
9758,1,0,1
9759,1,0,1
9760,1,0,1
9761,1,0,1
9762,1,0,1
9763,1,0,1
9764,1,0,1
9765,0,0,0
9766,0,0,0
9767,0,0,0
9768,0,0,0
9769,0,0,0
9770,0,0,0
9771,0,0,0
9772,0,0,0
9773,0,0,0
9774,0,0,0
9775,0,0,0
9776,0,0,0
9777,0,0,0
9778,0,0,0
9779,0,0,0
9780,1,0,1
9781,1,0,1
9782,1,0,1
9783,1,0,1
9784,1,0,1
9785,1,0,1
9786,1,0,1
9787,1,0,1
9788,1,0,1
9789,1,0,1
9790,1,0,1
9791,1,0,1
9792,1,0,1
9793,1,0,1
9794,1,0,1
9795,1,0,1
9796,1,0,1
9797,1,0,1
9798,1,0,1
9799,1,0,1
9800,1,0,1
9801,1,0,1
9802,2,0,2
9803,2,0,2
9804,2,0,2
9805,2,0,2
9806,2,0,2
9807,2,0,2
9808,2,0,2
9809,2,0,2
9810,2,0,2
9811,2,0,2
9812,2,0,2
9813,2,0,2
9814,2,0,2
9815,2,0,2
9816,2,0,2
9817,2,0,2
9818,2,0,2
9819,2,0,2
9820,2,0,2
9821,2,0,2
9822,2,0,2
9823,2,0,2
9824,2,0,2
9825,2,0,2
9826,2,0,2
9827,2,0,2
9828,2,0,2
9829,2,0,2
9830,2,0,2
9831,2,0,2
9832,2,0,2
9833,2,0,2
9834,2,0,2
9835,2,0,2
9836,2,0,2
9837,2,0,2
9838,2,0,2
9839,2,0,2
9840,2,0,2
9841,2,0,2
9842,2,0,2
9843,2,0,2
9844,2,0,2
9845,2,0,2
9846,2,0,2
9847,2,0,2
9848,2,0,2
9849,2,0,2
9850,2,0,2
9851,2,0,2
9852,2,0,2
9853,2,0,2
9854,2,0,2
9855,2,0,2
9856,1,0,1
9857,1,0,1
9858,1,0,1
9859,1,0,1
9860,1,0,1
9861,1,0,1
9862,1,0,1
9863,1,0,1
9864,0,0,0
9865,0,0,0
9866,0,0,0
9867,0,0,0
9868,0,0,0
9869,0,0,0
9870,0,0,0
9871,1,0,1
9872,1,0,1
9873,1,0,1
9874,1,0,1
9875,1,0,1
9876,1,0,1
9877,1,0,1
9878,1,0,1
9879,1,0,1
9880,1,0,1
9881,1,0,1
9882,1,0,1
9883,1,0,1
9884,1,0,1
9885,1,0,1
9886,1,0,1
9887,1,0,1
9888,1,0,1
9889,1,0,1
9890,1,0,1
9891,1,0,1
9892,1,0,1
9893,1,0,1
9894,1,0,1
9895,1,0,1
9896,1,0,1
9897,1,0,1
9898,1,0,1
9899,1,0,1
9900,1,0,1
9901,1,0,1
9902,1,0,1
9903,1,0,1
9904,1,0,1
9905,1,0,1
9906,1,0,1
9907,1,0,1
9908,1,0,1
9909,1,0,1
9910,1,0,1
9911,1,0,1
9912,1,0,1
9913,1,0,1
9914,1,0,1
9915,1,0,1
9916,1,0,1
9917,1,0,1
9918,1,0,1
9919,1,0,1
9920,1,0,1
9921,1,0,1
9922,1,0,1
9923,1,0,1
9924,1,0,1
9925,2,0,2
9926,2,0,2
9927,2,0,2
9928,2,0,2
9929,2,0,2
9930,2,0,2
9931,2,0,2
9932,1,1,2
9933,1,1,2
9934,1,1,2
9935,1,1,2
9936,1,1,2
9937,1,1,2
9938,1,1,2
9939,1,1,2
9940,1,1,2
9941,1,1,2
9942,1,1,2
9943,1,1,2
9944,1,1,2
9945,1,1,2
9946,1,1,2
9947,1,1,2
9948,1,1,2
9949,1,1,2
9950,1,1,2
9951,1,1,2
9952,1,1,2
9953,1,1,2
9954,1,1,2
9955,1,1,2
9956,1,1,2
9957,1,1,2
9958,2,0,2
9959,2,0,2
9960,2,0,2
9961,2,0,2
9962,1,0,1
9963,1,0,1
9964,1,0,1
9965,1,0,1
9966,1,0,1
9967,1,0,1
9968,1,0,1
9969,1,0,1
9970,1,0,1
9971,1,0,1
9972,1,0,1
9973,1,0,1
9974,1,0,1
9975,1,0,1
9976,1,0,1
9977,1,0,1
9978,1,0,1
9979,1,0,1
9980,1,0,1
9981,1,0,1
9982,1,0,1
9983,0,0,0
9984,0,0,0
9985,0,0,0
9986,0,0,0
9987,0,0,0
9988,0,0,0
9989,0,0,0
9990,0,0,0
9991,0,0,0
9992,0,0,0
9993,0,0,0
9994,0,0,0
9995,0,0,0
9996,0,0,0
9997,0,0,0
9998,0,0,0
9999,0,0,0
10000,0,0,0
10001,0,0,0
10002,0,0,0
10003,0,0,0
10004,0,0,0
10005,0,0,0
10006,0,0,0
10007,0,0,0
10008,0,0,0
10009,0,0,0
10010,0,0,0
10011,0,0,0
10012,0,0,0
10013,0,0,0
10014,0,0,0
10015,0,0,0
10016,0,0,0
10017,0,0,0
10018,0,0,0
10019,0,0,0
10020,0,0,0
10021,0,0,0
10022,0,0,0
10023,0,0,0
10024,0,0,0
10025,0,0,0
10026,0,0,0
10027,0,0,0
10028,0,0,0
10029,0,0,0
10030,0,0,0
10031,0,0,0
10032,0,0,0
10033,0,0,0
10034,0,0,0
10035,0,0,0
10036,0,0,0
10037,0,0,0
10038,0,0,0
10039,0,0,0
10040,0,0,0
10041,0,0,0
10042,0,0,0
10043,0,0,0
10044,0,0,0
10045,0,0,0
10046,0,0,0
10047,0,0,0
10048,0,0,0
10049,0,0,0
10050,0,0,0
10051,0,0,0
10052,0,0,0
10053,0,0,0
10054,0,0,0
10055,0,0,0
10056,0,0,0
10057,0,0,0
10058,0,0,0
10059,0,0,0
10060,0,0,0
10061,0,0,0
10062,0,0,0
10063,0,0,0
10064,0,0,0
10065,0,0,0
10066,0,0,0
10067,0,0,0
10068,0,0,0
10069,0,0,0
10070,0,0,0
10071,0,0,0
10072,0,0,0
10073,0,0,0
10074,0,0,0
10075,0,0,0
10076,0,0,0
10077,0,0,0
10078,0,0,0
10079,0,0,0
10080,0,0,0
10081,0,0,0
10082,0,0,0
10083,0,0,0
10084,0,0,0
10085,0,0,0
10086,0,0,0
10087,0,0,0
10088,0,0,0
10089,0,0,0
10090,0,0,0
10091,0,0,0
10092,0,0,0
10093,0,0,0
10094,0,0,0
10095,0,0,0
10096,0,0,0
10097,0,0,0
10098,0,0,0
10099,0,0,0
10100,0,0,0
10101,0,0,0
10102,0,0,0
10103,0,0,0
10104,0,0,0
10105,0,0,0
10106,0,0,0
10107,0,0,0
10108,0,0,0
10109,0,0,0
10110,0,0,0
10111,0,0,0
10112,0,0,0
10113,0,0,0
10114,0,0,0
10115,0,0,0
10116,0,0,0
10117,0,0,0
10118,0,0,0
10119,0,0,0
10120,0,0,0
10121,0,0,0
10122,0,0,0
10123,0,0,0
10124,0,0,0
10125,0,0,0
10126,0,0,0
10127,0,0,0
10128,0,0,0
10129,0,0,0
10130,0,0,0
10131,0,0,0
10132,0,0,0
10133,0,0,0
10134,0,0,0
10135,0,0,0
10136,0,0,0
10137,0,0,0
10138,0,0,0
10139,0,0,0
10140,0,0,0
10141,0,0,0
10142,0,0,0
10143,0,0,0
10144,0,0,0
10145,0,0,0
10146,0,0,0
10147,0,0,0
10148,0,0,0
10149,0,0,0
10150,0,0,0
10151,0,0,0
10152,0,0,0
10153,0,0,0
10154,0,0,0
10155,0,0,0
10156,0,0,0
10157,0,0,0
10158,0,0,0
10159,0,0,0
10160,0,0,0
10161,0,0,0
10162,0,0,0
10163,0,0,0
10164,0,0,0
10165,0,0,0
10166,0,0,0
10167,0,0,0
10168,0,0,0
10169,0,0,0
10170,0,0,0
10171,0,0,0
10172,0,0,0
10173,0,0,0
10174,0,0,0
10175,0,0,0
10176,0,0,0
10177,0,0,0
10178,0,0,0
10179,0,0,0
10180,0,0,0
10181,0,0,0
10182,0,0,0
10183,0,0,0
10184,0,0,0
10185,0,0,0
10186,0,0,0
10187,0,0,0
10188,0,0,0
10189,0,0,0
10190,0,0,0
10191,0,0,0
10192,0,0,0
10193,0,0,0
10194,0,0,0
10195,0,0,0
10196,0,0,0
10197,0,0,0
10198,0,0,0
10199,0,0,0
10200,0,0,0
10201,0,0,0
10202,0,0,0
10203,0,0,0
10204,0,0,0
10205,0,0,0
10206,0,0,0
10207,0,0,0
10208,0,0,0
10209,0,0,0
10210,0,0,0
10211,0,0,0
10212,0,0,0
10213,0,0,0
10214,0,0,0
10215,0,0,0
10216,0,0,0
10217,0,0,0
10218,0,0,0
10219,0,0,0
10220,0,0,0
10221,0,0,0
10222,0,0,0
10223,0,0,0
10224,0,0,0
10225,0,0,0
10226,0,0,0
10227,0,0,0
10228,0,0,0
10229,0,0,0
10230,0,0,0
10231,0,0,0
10232,0,0,0
10233,0,0,0
10234,0,0,0
10235,0,0,0
10236,0,0,0
10237,0,0,0
10238,0,0,0
10239,0,0,0
10240,0,0,0
10241,0,0,0
10242,0,0,0
10243,0,0,0
10244,0,0,0
10245,0,0,0
10246,0,0,0
10247,0,0,0
10248,0,0,0
10249,0,0,0
10250,0,0,0
10251,0,0,0
10252,0,0,0
10253,0,0,0
10254,0,0,0
10255,0,0,0
10256,0,0,0
10257,0,0,0
10258,0,0,0
10259,0,0,0
10260,0,0,0
10261,0,0,0
10262,0,0,0
10263,0,0,0
10264,0,0,0
10265,0,0,0
10266,0,0,0
10267,0,0,0
10268,0,0,0
10269,0,0,0
10270,0,0,0
10271,0,0,0
10272,0,0,0
10273,0,0,0
10274,0,0,0
10275,0,0,0
10276,0,0,0
10277,0,0,0
10278,0,0,0
10279,0,0,0
10280,0,0,0
10281,0,0,0
10282,0,0,0
10283,0,0,0
10284,0,0,0
10285,0,0,0
10286,0,0,0
10287,0,0,0
10288,0,0,0
10289,0,0,0
10290,0,0,0
10291,0,0,0
10292,0,0,0
10293,0,0,0
10294,0,0,0
10295,0,0,0
10296,0,0,0
10297,0,0,0
10298,0,0,0
10299,0,0,0
10300,0,0,0
10301,0,0,0
10302,0,0,0
10303,0,0,0
10304,0,0,0
10305,0,0,0
10306,0,0,0
10307,0,0,0
10308,0,0,0
10309,0,0,0
10310,0,0,0
10311,0,0,0
10312,0,0,0
10313,0,0,0
10314,0,0,0
10315,0,0,0
10316,0,0,0
10317,0,0,0
10318,0,0,0
10319,0,0,0
10320,0,0,0
10321,0,0,0
10322,0,0,0
10323,0,0,0
10324,0,0,0
10325,0,0,0
10326,0,0,0
10327,0,0,0
10328,0,0,0
10329,0,0,0
10330,0,0,0
10331,0,0,0
10332,0,0,0
10333,0,0,0
10334,0,0,0
10335,0,0,0
10336,0,0,0
10337,0,0,0
10338,0,0,0
10339,0,0,0
10340,0,0,0
10341,0,0,0
10342,0,0,0
10343,0,0,0
10344,0,0,0
10345,0,0,0
10346,0,0,0
10347,0,0,0
10348,0,0,0
10349,0,0,0
10350,0,0,0
10351,0,0,0
10352,0,0,0
10353,0,0,0
10354,0,0,0
10355,0,0,0
10356,0,0,0
10357,0,0,0
10358,0,0,0
10359,0,0,0
10360,0,0,0
10361,0,0,0
10362,0,0,0
10363,0,0,0
10364,0,0,0
10365,0,0,0
10366,0,0,0
10367,0,0,0
10368,0,0,0
10369,0,0,0
10370,0,0,0
10371,0,0,0
10372,0,0,0
10373,0,0,0
10374,0,0,0
10375,0,0,0
10376,0,0,0
10377,0,0,0
10378,0,0,0
10379,0,0,0
10380,0,0,0
10381,0,0,0
10382,0,0,0
10383,0,0,0
10384,0,0,0
10385,0,0,0
10386,0,0,0
10387,0,0,0
10388,0,0,0
10389,0,0,0
10390,0,0,0
10391,0,0,0
10392,0,0,0
10393,0,0,0
10394,0,0,0
10395,0,0,0
10396,0,0,0
10397,0,0,0
10398,0,0,0
10399,0,0,0
10400,0,0,0
10401,0,0,0
10402,0,0,0
10403,0,0,0
10404,0,0,0
10405,0,0,0
10406,0,0,0
10407,0,0,0
10408,0,0,0
10409,0,0,0
10410,0,0,0
10411,0,0,0
10412,0,0,0
10413,0,0,0
10414,0,0,0
10415,0,0,0
10416,0,0,0
10417,0,0,0
10418,0,0,0
10419,0,0,0
10420,0,0,0
10421,0,0,0
10422,0,0,0
10423,0,0,0
10424,0,0,0
10425,0,0,0
10426,0,0,0
10427,0,0,0
10428,0,0,0
10429,0,0,0
10430,0,0,0
10431,0,0,0
10432,0,0,0
10433,0,0,0
10434,0,0,0
10435,0,0,0
10436,0,0,0
10437,0,0,0
10438,0,0,0
10439,0,0,0
10440,0,0,0
10441,0,0,0
10442,0,0,0
10443,0,0,0
10444,0,0,0
10445,0,0,0
10446,0,0,0
10447,0,0,0
10448,0,0,0
10449,0,0,0
10450,0,0,0
10451,0,0,0
10452,0,0,0
10453,0,0,0
10454,0,0,0
10455,0,0,0
10456,0,0,0
10457,0,0,0
10458,0,0,0
10459,0,0,0
10460,0,0,0
10461,0,0,0
10462,0,0,0
10463,0,0,0
10464,0,0,0
10465,0,0,0
10466,0,0,0
10467,0,0,0
10468,0,0,0
10469,0,0,0
10470,0,0,0
10471,0,0,0
10472,0,0,0
10473,0,0,0
10474,0,0,0
10475,0,0,0
10476,0,0,0
10477,0,0,0
10478,0,0,0
10479,0,0,0
10480,0,0,0
10481,0,0,0
10482,0,0,0
10483,0,0,0
10484,0,0,0
10485,0,0,0
10486,0,0,0
10487,0,0,0
10488,0,0,0
10489,0,0,0
10490,0,0,0
10491,0,0,0
10492,0,0,0
10493,0,0,0
10494,0,0,0
10495,0,0,0
10496,0,0,0
10497,0,0,0
10498,0,0,0
10499,0,0,0
10500,0,0,0
10501,0,0,0
10502,0,0,0
10503,0,0,0
10504,0,0,0
10505,0,0,0
10506,0,0,0
10507,0,0,0
10508,0,0,0
10509,0,0,0
10510,0,0,0
10511,0,0,0
10512,0,0,0
10513,0,0,0
10514,0,0,0
10515,0,0,0
10516,0,0,0
10517,0,0,0
10518,0,0,0
10519,0,0,0
10520,0,0,0
10521,0,0,0
10522,0,0,0
10523,0,0,0
10524,1,0,1
10525,1,0,1
10526,1,0,1
10527,1,0,1
10528,1,0,1
10529,1,0,1
10530,1,0,1
10531,1,0,1
10532,1,0,1
10533,1,0,1
10534,1,0,1
10535,1,0,1
10536,1,0,1
10537,1,0,1
10538,1,0,1
10539,1,0,1
10540,1,0,1
10541,1,0,1
10542,1,0,1
10543,1,0,1
10544,1,0,1
10545,1,0,1
10546,1,0,1
10547,1,0,1
10548,1,0,1
10549,1,0,1
10550,1,0,1
10551,1,0,1
10552,1,0,1
10553,1,0,1
10554,1,0,1
10555,1,0,1
10556,1,0,1
10557,1,0,1
10558,1,0,1
10559,1,0,1
10560,1,0,1
10561,1,0,1
10562,1,0,1
10563,1,0,1
10564,1,0,1
10565,1,0,1
10566,1,0,1
10567,1,0,1
10568,1,0,1
10569,1,0,1
10570,1,0,1
10571,1,0,1
10572,1,0,1
10573,1,0,1
10574,1,0,1
10575,1,0,1
10576,1,0,1
10577,1,0,1
10578,1,0,1
10579,1,0,1
10580,0,0,0
10581,0,0,0
10582,0,0,0
10583,0,0,0
10584,0,0,0
10585,0,0,0
10586,0,0,0
10587,0,0,0
10588,0,0,0
10589,0,0,0
10590,0,0,0
10591,0,0,0
10592,0,0,0
10593,0,0,0
10594,0,0,0
10595,0,0,0
10596,0,0,0
10597,0,0,0
10598,0,0,0
10599,0,0,0
10600,0,0,0
10601,0,0,0
10602,0,0,0
10603,0,0,0
10604,0,0,0
10605,0,0,0
10606,0,0,0
10607,0,0,0
10608,0,0,0
10609,0,0,0
10610,0,0,0
10611,0,0,0
10612,0,0,0
10613,0,0,0
10614,0,0,0
10615,0,0,0
10616,0,0,0
10617,0,0,0
10618,0,0,0
10619,0,0,0
10620,0,0,0
10621,0,0,0
10622,0,0,0
10623,0,0,0
10624,0,0,0
10625,0,0,0
10626,0,0,0
10627,0,0,0
10628,0,0,0
10629,0,0,0
10630,0,0,0
10631,0,0,0
10632,0,0,0
10633,0,0,0
10634,0,0,0
10635,0,0,0
10636,0,0,0
10637,0,0,0
10638,0,0,0
10639,0,0,0
10640,0,0,0
10641,0,0,0
10642,0,0,0
10643,0,0,0
10644,0,0,0
10645,0,0,0
10646,0,0,0
10647,0,0,0
10648,0,0,0
10649,0,0,0
10650,0,0,0
10651,0,0,0
10652,0,0,0
10653,0,0,0
10654,1,0,1
10655,1,0,1
10656,1,0,1
10657,1,0,1
10658,1,0,1
10659,1,0,1
10660,1,0,1
10661,1,0,1
10662,1,0,1
10663,1,0,1
10664,1,0,1
10665,1,0,1
10666,1,0,1
10667,1,0,1
10668,1,0,1
10669,1,0,1
10670,1,0,1
10671,1,0,1
10672,1,0,1
10673,1,0,1
10674,1,0,1
10675,1,0,1
10676,1,0,1
10677,1,0,1
10678,1,0,1
10679,1,0,1
10680,1,0,1
10681,1,0,1
10682,1,0,1
10683,1,0,1
10684,1,0,1
10685,1,0,1
10686,1,0,1
10687,1,0,1
10688,1,0,1
10689,1,0,1
10690,1,0,1
10691,1,0,1
10692,0,0,0
10693,0,0,0
10694,0,0,0
10695,0,0,0
10696,0,0,0
10697,0,0,0
10698,0,0,0
10699,0,0,0
10700,0,0,0
10701,0,0,0
10702,0,0,0
10703,0,0,0
10704,0,0,0
10705,0,0,0
10706,0,0,0
10707,0,0,0
10708,0,0,0
10709,0,0,0
10710,0,0,0
10711,0,0,0
10712,0,0,0
10713,0,0,0
10714,0,0,0
10715,0,0,0
10716,0,0,0
10717,0,0,0
10718,0,0,0
10719,0,0,0
10720,0,0,0
10721,0,0,0
10722,0,0,0
10723,0,0,0
10724,0,0,0
10725,0,0,0
10726,0,0,0
10727,0,0,0
10728,0,0,0
10729,0,0,0
10730,0,0,0
10731,0,0,0
10732,0,0,0
10733,0,0,0
10734,0,0,0
10735,0,0,0
10736,0,0,0
10737,0,0,0
10738,0,0,0
10739,0,0,0
10740,0,0,0
10741,0,0,0
10742,0,0,0
10743,0,0,0
10744,0,0,0
10745,0,0,0
10746,0,0,0
10747,0,0,0
10748,0,0,0
10749,0,0,0
10750,0,0,0
10751,0,0,0
10752,0,0,0
10753,0,0,0
10754,0,0,0
10755,0,0,0
10756,0,0,0
10757,0,0,0
10758,0,0,0
10759,0,0,0
10760,0,0,0
10761,0,0,0
10762,0,0,0
10763,0,0,0
10764,0,0,0
10765,0,0,0
10766,0,0,0
10767,0,0,0
10768,0,0,0
10769,0,0,0
10770,0,0,0
10771,0,0,0
10772,0,0,0
10773,0,0,0
10774,0,0,0
10775,0,0,0
10776,0,0,0
10777,0,0,0
10778,0,0,0
10779,0,0,0
10780,0,0,0
10781,0,0,0
10782,0,0,0
10783,0,0,0
10784,0,0,0
10785,0,0,0
10786,0,0,0
10787,0,0,0
10788,0,0,0
10789,0,0,0
10790,0,0,0
10791,0,0,0
10792,0,0,0
10793,0,0,0
10794,0,0,0
10795,0,0,0
10796,0,0,0
10797,0,0,0
10798,0,0,0
10799,0,0,0
10800,0,0,0
10801,0,0,0
10802,0,0,0
10803,0,0,0
10804,0,0,0
10805,0,0,0
10806,0,0,0
10807,0,0,0
10808,0,0,0
10809,0,0,0
10810,0,0,0
10811,0,0,0
10812,0,0,0
10813,0,0,0
10814,0,0,0
10815,0,0,0
10816,0,0,0
10817,0,0,0
10818,0,0,0
10819,0,0,0
10820,0,0,0
10821,0,0,0
10822,0,0,0
10823,0,0,0
10824,0,0,0
10825,0,0,0
10826,0,0,0
10827,0,0,0
10828,0,0,0
10829,0,0,0
10830,0,0,0
10831,0,0,0
10832,0,0,0
10833,0,0,0
10834,0,0,0
10835,0,0,0
10836,0,0,0
10837,0,0,0
10838,0,0,0
10839,0,0,0
10840,0,0,0
10841,0,0,0
10842,0,0,0
10843,0,0,0
10844,0,0,0
10845,0,0,0
10846,0,0,0
10847,0,0,0
10848,0,0,0
10849,0,0,0
10850,0,0,0
10851,0,0,0
10852,0,0,0
10853,0,0,0
10854,0,0,0
10855,0,0,0
10856,0,0,0
10857,0,0,0
10858,0,0,0
10859,0,0,0
10860,0,0,0
10861,0,0,0
10862,0,0,0
10863,0,0,0
10864,0,0,0
10865,0,0,0
10866,0,0,0
10867,0,0,0
10868,0,0,0
10869,0,0,0
10870,0,0,0
10871,0,0,0
10872,0,0,0
10873,0,0,0
10874,0,0,0
10875,0,0,0
10876,0,0,0
10877,0,0,0
10878,0,0,0
10879,0,0,0
10880,0,0,0
10881,0,0,0
10882,0,0,0
10883,0,0,0
10884,0,0,0
10885,0,0,0
10886,0,0,0
10887,0,0,0
10888,0,0,0
10889,0,0,0
10890,0,0,0
10891,0,0,0
10892,0,0,0
10893,0,0,0
10894,0,0,0
10895,0,0,0
10896,0,0,0
10897,0,0,0
10898,0,0,0
10899,0,0,0
10900,0,0,0
10901,0,0,0
10902,0,0,0
10903,0,0,0
10904,0,0,0
10905,0,0,0
10906,0,0,0
10907,0,0,0
10908,0,0,0
10909,0,0,0
10910,0,0,0
10911,0,0,0
10912,0,0,0
10913,0,0,0
10914,0,0,0
10915,0,0,0
10916,0,0,0
10917,0,0,0
10918,0,0,0
10919,0,0,0
10920,0,0,0
10921,0,0,0
10922,0,0,0
10923,0,0,0
10924,0,0,0
10925,0,0,0
10926,0,0,0
10927,0,0,0
10928,0,0,0
10929,0,0,0
10930,0,0,0
10931,0,0,0
10932,0,0,0
10933,0,0,0
10934,0,0,0
10935,0,0,0
10936,0,0,0
10937,0,0,0
10938,0,0,0
10939,0,0,0
10940,0,0,0
10941,0,0,0
10942,0,0,0
10943,0,0,0
10944,0,0,0
10945,0,0,0
10946,0,0,0
10947,0,0,0
10948,0,0,0
10949,0,0,0
10950,0,0,0
10951,0,0,0
10952,0,0,0
10953,0,0,0
10954,0,0,0
10955,0,0,0
10956,0,0,0
10957,0,0,0
10958,0,0,0
10959,0,0,0
10960,0,0,0
10961,0,0,0
10962,0,0,0
10963,0,0,0
10964,0,0,0
10965,0,0,0
10966,0,0,0
10967,0,0,0
10968,0,0,0
10969,0,0,0
10970,0,0,0
10971,0,0,0
10972,0,0,0
10973,0,0,0
10974,0,0,0
10975,0,0,0
10976,0,0,0
10977,0,0,0
10978,0,0,0
10979,0,0,0
10980,0,0,0
10981,0,0,0
10982,0,0,0
10983,0,0,0
10984,0,0,0
10985,0,0,0
10986,0,0,0
10987,0,0,0
10988,0,0,0
10989,0,0,0
10990,0,0,0
10991,0,0,0
10992,0,0,0
10993,0,0,0
10994,0,0,0
10995,0,0,0
10996,0,0,0
10997,0,0,0
10998,0,0,0
10999,0,0,0
11000,0,0,0
11001,0,0,0
11002,0,0,0
11003,0,0,0
11004,0,0,0
11005,0,0,0
11006,0,0,0
11007,0,0,0
11008,0,0,0
11009,0,0,0
11010,0,0,0
11011,0,0,0
11012,0,0,0
11013,0,0,0
11014,0,0,0
11015,0,0,0
11016,0,0,0
11017,0,0,0
11018,0,0,0
11019,0,0,0
11020,0,0,0
11021,0,0,0
11022,0,0,0
11023,0,0,0
11024,0,0,0
11025,0,0,0
11026,0,0,0
11027,0,0,0
11028,0,0,0
11029,0,0,0
11030,0,0,0
11031,0,0,0
11032,0,0,0
11033,0,0,0
11034,0,0,0
11035,0,0,0
11036,0,0,0
11037,0,0,0
11038,0,0,0
11039,0,0,0
11040,0,0,0
11041,0,0,0
11042,0,0,0
11043,0,0,0
11044,0,0,0
11045,0,0,0
11046,0,0,0
11047,0,0,0
11048,0,0,0
11049,0,0,0
11050,0,0,0
11051,0,0,0
11052,0,0,0
11053,0,0,0
11054,0,0,0
11055,0,0,0
11056,0,0,0
11057,0,0,0
11058,0,0,0
11059,0,0,0
11060,0,0,0
11061,0,0,0
11062,0,0,0
11063,0,0,0
11064,0,0,0
11065,0,0,0
11066,0,0,0
11067,0,0,0
11068,0,0,0
11069,0,0,0
11070,0,0,0
11071,0,0,0
11072,0,0,0
11073,0,0,0
11074,0,0,0
11075,0,0,0
11076,0,0,0
11077,0,0,0
11078,0,0,0
11079,0,0,0
11080,0,0,0
11081,0,0,0
11082,0,0,0
11083,0,0,0
11084,0,0,0
11085,0,0,0
11086,0,0,0
11087,0,0,0
11088,0,0,0
11089,0,0,0
11090,0,0,0
11091,0,0,0
11092,0,0,0
11093,0,0,0
11094,0,0,0
11095,0,0,0
11096,0,0,0
11097,0,0,0
11098,0,0,0
11099,0,0,0
11100,0,0,0
11101,0,0,0
11102,0,0,0
11103,0,0,0
11104,0,0,0
11105,0,0,0
11106,0,0,0
11107,0,0,0
11108,0,0,0
11109,0,0,0
11110,0,0,0
11111,0,0,0
11112,0,0,0
11113,0,0,0
11114,0,0,0
11115,0,0,0
11116,0,0,0
11117,0,0,0
11118,0,0,0
11119,0,0,0
11120,0,0,0
11121,0,0,0
11122,0,0,0
11123,0,0,0
11124,0,0,0
11125,0,0,0
11126,0,0,0
11127,0,0,0
11128,0,0,0
11129,0,0,0
11130,0,0,0
11131,0,0,0
11132,0,0,0
11133,0,0,0
11134,0,0,0
11135,0,0,0
11136,0,0,0
11137,0,0,0
11138,0,0,0
11139,0,0,0
11140,0,0,0
11141,0,0,0
11142,0,0,0
11143,0,0,0
11144,0,0,0
11145,0,0,0
11146,0,0,0
11147,0,0,0
11148,0,0,0
11149,0,0,0
11150,0,0,0
11151,0,0,0
11152,0,0,0
11153,0,0,0
11154,0,0,0
11155,0,0,0
11156,0,0,0
11157,0,0,0
11158,0,0,0
11159,0,0,0
11160,0,0,0
11161,0,0,0
11162,0,0,0
11163,0,0,0
11164,0,0,0
11165,0,0,0
11166,0,0,0
11167,0,0,0
11168,0,0,0
11169,0,0,0
11170,0,0,0
11171,0,0,0
11172,0,0,0
11173,0,0,0
11174,0,0,0
11175,0,0,0
11176,0,0,0
11177,0,0,0
11178,0,0,0
11179,0,0,0
11180,0,0,0
11181,0,0,0
11182,0,0,0
11183,0,0,0
11184,0,0,0
11185,0,0,0
11186,0,0,0
11187,0,0,0
11188,0,0,0
11189,0,0,0
11190,0,0,0
11191,0,0,0
11192,0,0,0
11193,0,0,0
11194,0,0,0
11195,0,0,0
11196,0,0,0
11197,0,0,0
11198,0,0,0
11199,0,0,0
11200,0,0,0
11201,0,0,0
11202,0,0,0
11203,0,0,0
11204,0,0,0
11205,0,0,0
11206,0,0,0
11207,0,0,0
11208,0,0,0
11209,0,0,0
11210,0,0,0
11211,0,0,0
11212,0,0,0
11213,0,0,0
11214,0,0,0
11215,0,0,0
11216,0,0,0
11217,0,0,0
11218,0,0,0
11219,0,0,0
11220,0,0,0
11221,0,0,0
11222,0,0,0
11223,0,0,0
11224,0,0,0
11225,0,0,0
11226,0,0,0
11227,0,0,0
11228,0,0,0
11229,0,0,0
11230,0,0,0
11231,0,0,0
11232,0,0,0
11233,0,0,0
11234,0,0,0
11235,0,0,0
11236,0,0,0
11237,0,0,0
11238,0,0,0
11239,0,0,0
11240,0,0,0
11241,0,0,0
11242,0,0,0
11243,0,0,0
11244,0,0,0
11245,0,0,0
11246,0,0,0
11247,0,0,0
11248,0,0,0
11249,0,0,0
11250,0,0,0
11251,0,0,0
11252,0,0,0
11253,0,0,0
11254,0,0,0
11255,0,0,0
11256,0,0,0
11257,0,0,0
11258,0,0,0
11259,0,0,0
11260,0,0,0
11261,0,0,0
11262,0,0,0
11263,0,0,0
11264,0,0,0
11265,0,0,0
11266,0,0,0
11267,0,0,0
11268,0,0,0
11269,0,0,0
11270,0,0,0
11271,0,0,0
11272,0,0,0
11273,0,0,0
11274,0,0,0
11275,0,0,0
11276,0,0,0
11277,0,0,0
11278,0,0,0
11279,0,0,0
11280,0,0,0
11281,0,0,0
11282,0,0,0
11283,0,0,0
11284,0,0,0
11285,0,0,0
11286,0,0,0
11287,0,0,0
11288,0,0,0
11289,0,0,0
11290,0,0,0
11291,0,0,0
11292,0,0,0
11293,0,0,0
11294,0,0,0
11295,0,0,0
11296,0,0,0
11297,0,0,0
11298,0,0,0
11299,0,0,0
11300,0,0,0
11301,0,0,0
11302,0,0,0
11303,0,0,0
11304,0,0,0
11305,0,0,0
11306,0,0,0
11307,0,0,0
11308,0,0,0
11309,0,0,0
11310,0,0,0
11311,0,0,0
11312,0,0,0
11313,0,0,0
11314,0,0,0
11315,0,0,0
11316,0,0,0
11317,0,0,0
11318,0,0,0
11319,0,0,0
11320,0,0,0
11321,0,0,0
11322,0,0,0
11323,0,0,0
11324,0,0,0
11325,0,0,0
11326,0,0,0
11327,0,0,0
11328,0,0,0
11329,0,0,0
11330,0,0,0
11331,0,0,0
11332,0,0,0
11333,0,0,0
11334,0,0,0
11335,0,0,0
11336,0,0,0
11337,0,0,0
11338,0,0,0
11339,0,0,0
11340,0,0,0
11341,0,0,0
11342,0,0,0
11343,0,0,0
11344,0,0,0
11345,0,0,0
11346,0,0,0
11347,0,0,0
11348,0,0,0
11349,0,0,0
11350,0,0,0
11351,0,0,0
11352,0,0,0
11353,0,0,0
11354,0,0,0
11355,0,0,0
11356,0,0,0
11357,0,0,0
11358,0,0,0
11359,0,0,0
11360,0,0,0
11361,0,0,0
11362,0,0,0
11363,0,0,0
11364,0,0,0
11365,0,0,0
11366,0,0,0
11367,0,0,0
11368,0,0,0
11369,0,0,0
11370,0,0,0
11371,0,0,0
11372,0,0,0
11373,0,0,0
11374,0,0,0
11375,0,0,0
11376,0,0,0
11377,0,0,0
11378,0,0,0
11379,0,0,0
11380,0,0,0
11381,0,0,0
11382,0,0,0
11383,0,0,0
11384,0,0,0
11385,0,0,0
11386,0,0,0
11387,0,0,0
11388,0,0,0
11389,0,0,0
11390,0,0,0
11391,0,0,0
11392,0,0,0
11393,0,0,0
11394,0,0,0
11395,0,0,0
11396,0,0,0
11397,0,0,0
11398,0,0,0
11399,0,0,0
11400,0,0,0
11401,0,0,0
11402,0,0,0
11403,0,0,0
11404,0,0,0
11405,0,0,0
11406,0,0,0
11407,0,0,0
11408,0,0,0
11409,0,0,0
11410,0,0,0
11411,0,0,0
11412,0,0,0
11413,0,0,0
11414,0,0,0
11415,0,0,0
11416,0,0,0
11417,0,0,0
11418,0,0,0
11419,0,0,0
11420,0,0,0
11421,0,0,0
11422,0,0,0
11423,0,0,0
11424,0,0,0
11425,0,0,0
11426,0,0,0
11427,0,0,0
11428,0,0,0
11429,0,0,0
11430,0,0,0
11431,0,0,0
11432,0,0,0
11433,0,0,0
11434,0,0,0
11435,0,0,0
11436,0,0,0
11437,0,0,0
11438,0,0,0
11439,0,0,0
11440,0,0,0
11441,0,0,0
11442,0,0,0
11443,0,0,0
11444,0,0,0
11445,0,0,0
11446,0,0,0
11447,0,0,0
11448,0,0,0
11449,0,0,0
11450,0,0,0
11451,0,0,0
11452,0,0,0
11453,0,0,0
11454,0,0,0
11455,0,0,0
11456,0,0,0
11457,0,0,0
11458,0,0,0
11459,0,0,0
11460,0,0,0
11461,0,0,0
11462,0,0,0
11463,0,0,0
11464,0,0,0
11465,0,0,0
11466,0,0,0
11467,0,0,0
11468,0,0,0
11469,0,0,0
11470,0,0,0
11471,0,0,0
11472,0,0,0
11473,0,0,0
11474,0,0,0
11475,0,0,0
11476,0,0,0
11477,0,0,0
11478,0,0,0
11479,0,0,0
11480,0,0,0
11481,0,0,0
11482,0,0,0
11483,0,0,0
11484,0,0,0
11485,0,0,0
11486,0,0,0
11487,0,0,0
11488,0,0,0
11489,0,0,0
11490,0,0,0
11491,0,0,0
11492,0,0,0
11493,0,0,0
11494,0,0,0
11495,0,0,0
11496,0,0,0
11497,0,0,0
11498,0,0,0
11499,0,0,0
11500,0,0,0
11501,0,0,0
11502,0,0,0
11503,0,0,0
11504,0,0,0
11505,0,0,0
11506,0,0,0
11507,0,0,0
11508,0,0,0
11509,0,0,0
11510,0,0,0
11511,0,0,0
11512,0,0,0
11513,0,0,0
11514,0,0,0
11515,0,0,0
11516,0,0,0
11517,0,0,0
11518,0,0,0
11519,0,0,0
11520,0,0,0
11521,0,0,0
11522,0,0,0
11523,0,0,0
11524,0,0,0
11525,0,0,0
11526,0,0,0
11527,0,0,0
11528,0,0,0
11529,0,0,0
11530,0,0,0
11531,0,0,0
11532,0,0,0
11533,0,0,0
11534,0,0,0
11535,0,0,0
11536,0,0,0
11537,0,0,0
11538,0,0,0
11539,0,0,0
11540,0,0,0
11541,0,0,0
11542,0,0,0
11543,0,0,0
11544,0,0,0
11545,0,0,0
11546,0,0,0
11547,0,0,0
11548,0,0,0
11549,0,0,0
11550,0,0,0
11551,0,0,0
11552,0,0,0
11553,0,0,0
11554,0,0,0
11555,0,0,0
11556,0,0,0
11557,0,0,0
11558,0,0,0
11559,0,0,0
11560,0,0,0
11561,0,0,0
11562,0,0,0
11563,0,0,0
11564,0,0,0
11565,0,0,0
11566,0,0,0
11567,0,0,0
11568,0,0,0
11569,0,0,0
11570,0,0,0
11571,0,0,0
11572,0,0,0
11573,0,0,0
11574,0,0,0
11575,0,0,0
11576,0,0,0
11577,0,0,0
11578,0,0,0
11579,0,0,0
11580,0,0,0
11581,0,0,0
11582,0,0,0
11583,0,0,0
11584,0,0,0
11585,0,0,0
11586,0,0,0
11587,0,0,0
11588,0,0,0
11589,0,0,0
11590,0,0,0
11591,0,0,0
11592,0,0,0
11593,0,0,0
11594,0,0,0
11595,0,0,0
11596,0,0,0
11597,0,0,0
11598,0,0,0
11599,0,0,0
11600,0,0,0
11601,0,0,0
11602,0,0,0
11603,0,0,0
11604,0,0,0
11605,0,0,0
11606,0,0,0
11607,0,0,0
11608,0,0,0
11609,0,0,0
11610,0,0,0
11611,0,0,0
11612,0,0,0
11613,0,0,0
11614,0,0,0
11615,0,0,0
11616,0,0,0
11617,0,0,0
11618,0,0,0
11619,0,0,0
11620,0,0,0
11621,0,0,0
11622,0,0,0
11623,0,0,0
11624,0,0,0
11625,0,0,0
11626,0,0,0
11627,0,0,0
11628,0,0,0
11629,0,0,0
11630,0,0,0
11631,0,0,0
11632,0,0,0
11633,0,0,0
11634,0,0,0
11635,0,0,0
11636,0,0,0
11637,0,0,0
11638,0,0,0
11639,0,0,0
11640,0,0,0
11641,0,0,0
11642,0,0,0
11643,0,0,0
11644,0,0,0
11645,0,0,0
11646,0,0,0
11647,0,0,0
11648,0,0,0
11649,0,0,0
11650,0,0,0
11651,0,0,0
11652,0,0,0
11653,0,0,0
11654,0,0,0
11655,0,0,0
11656,0,0,0
11657,0,0,0
11658,0,0,0
11659,0,0,0
11660,0,0,0
11661,0,0,0
11662,0,0,0
11663,0,0,0
11664,0,0,0
11665,0,0,0
11666,0,0,0
11667,0,0,0
11668,0,0,0
11669,0,0,0
11670,0,0,0
11671,0,0,0
11672,0,0,0
11673,0,0,0
11674,0,0,0
11675,0,0,0
11676,0,0,0
11677,0,0,0
11678,0,0,0
11679,0,0,0
11680,0,0,0
11681,0,0,0
11682,0,0,0
11683,0,0,0
11684,0,0,0
11685,0,0,0
11686,0,0,0
11687,0,0,0
11688,0,0,0
11689,0,0,0
11690,0,0,0
11691,0,0,0
11692,0,0,0
11693,0,0,0
11694,0,0,0
11695,0,0,0
11696,0,0,0
11697,0,0,0
11698,0,0,0
11699,0,0,0
11700,0,0,0
11701,0,0,0
11702,0,0,0
11703,0,0,0
11704,0,0,0
11705,0,0,0
11706,0,0,0
11707,0,0,0
11708,0,0,0
11709,0,0,0
11710,0,0,0
11711,0,0,0
11712,0,0,0
11713,0,0,0
11714,0,0,0
11715,0,0,0
11716,0,0,0
11717,0,0,0
11718,1,0,1
11719,1,0,1
11720,1,0,1
11721,1,0,1
11722,1,0,1
11723,1,0,1
11724,1,0,1
11725,1,0,1
11726,1,0,1
11727,1,0,1
11728,1,0,1
11729,1,0,1
11730,1,0,1
11731,1,0,1
11732,1,0,1
11733,1,0,1
11734,1,0,1
11735,1,0,1
11736,1,0,1
11737,1,0,1
11738,1,0,1
11739,1,0,1
11740,1,0,1
11741,1,0,1
11742,1,0,1
11743,1,0,1
11744,1,0,1
11745,1,0,1
11746,1,0,1
11747,1,0,1
11748,1,0,1
11749,1,0,1
11750,1,0,1
11751,1,0,1
11752,1,0,1
11753,1,0,1
11754,1,0,1
11755,1,0,1
11756,1,0,1
11757,1,0,1
11758,1,0,1
11759,1,0,1
11760,1,0,1
11761,1,0,1
11762,1,0,1
11763,1,0,1
11764,1,0,1
11765,1,0,1
11766,1,0,1
11767,1,0,1
11768,1,0,1
11769,1,0,1
11770,1,0,1
11771,1,0,1
11772,1,0,1
11773,1,0,1
11774,1,0,1
11775,1,0,1
11776,1,0,1
11777,1,0,1
11778,1,0,1
11779,1,0,1
11780,1,0,1
11781,1,0,1
11782,1,0,1
11783,1,0,1
11784,0,0,0
11785,0,0,0
11786,0,0,0
11787,0,0,0
11788,0,0,0
11789,0,0,0
11790,0,0,0
11791,0,0,0
11792,0,0,0
11793,0,0,0
11794,0,0,0
11795,0,0,0
11796,0,0,0
11797,0,0,0
11798,0,0,0
11799,0,0,0
11800,0,0,0
11801,0,0,0
11802,0,0,0
11803,0,0,0
11804,0,0,0
11805,0,0,0
11806,0,0,0
11807,0,0,0
11808,0,0,0
11809,0,0,0
11810,0,0,0
11811,0,0,0
11812,0,0,0
11813,0,0,0
11814,0,0,0
11815,0,0,0
11816,0,0,0
11817,0,0,0
11818,0,0,0
11819,0,0,0
11820,0,0,0
11821,0,0,0
11822,0,0,0
11823,0,0,0
11824,0,0,0
11825,0,0,0
11826,0,0,0
11827,0,0,0
11828,0,0,0
11829,0,0,0
11830,0,0,0
11831,0,0,0
11832,0,0,0
11833,0,0,0
11834,0,0,0
11835,0,0,0
11836,0,0,0
11837,0,0,0
11838,0,0,0
11839,0,0,0
11840,0,0,0
11841,0,0,0
11842,0,0,0
11843,0,0,0
11844,0,0,0
11845,0,0,0
11846,0,0,0
11847,0,0,0
11848,0,0,0
11849,0,0,0
11850,0,0,0
11851,0,0,0
11852,0,0,0
11853,0,0,0
11854,0,0,0
11855,0,0,0
11856,0,0,0
11857,0,0,0
11858,0,0,0
11859,0,0,0
11860,0,0,0
11861,0,0,0
11862,0,0,0
11863,0,0,0
11864,0,0,0
11865,0,0,0
11866,0,0,0
11867,0,0,0
11868,0,0,0
11869,0,0,0
11870,0,0,0
11871,0,0,0
11872,0,0,0
11873,0,0,0
11874,0,0,0
11875,0,0,0
11876,0,0,0
11877,0,0,0
11878,0,0,0
11879,0,0,0
11880,0,0,0
11881,0,0,0
11882,0,0,0
11883,0,0,0
11884,0,0,0
11885,0,0,0
11886,0,0,0
11887,0,0,0
11888,0,0,0
11889,0,0,0
11890,0,0,0
11891,0,0,0
11892,0,0,0
11893,0,0,0
11894,0,0,0
11895,0,0,0
11896,0,0,0
11897,0,0,0
11898,0,0,0
11899,0,0,0
11900,0,0,0
11901,0,0,0
11902,0,0,0
11903,0,0,0
11904,0,0,0
11905,0,0,0
11906,0,0,0
11907,0,0,0
11908,0,0,0
11909,0,0,0
11910,0,0,0
11911,0,0,0
11912,0,0,0
11913,0,0,0
11914,0,0,0
11915,0,0,0
11916,0,0,0
11917,0,0,0
11918,0,0,0
11919,0,0,0
11920,0,0,0
11921,0,0,0
11922,0,0,0
11923,0,0,0
11924,0,0,0
11925,0,0,0
11926,0,0,0
11927,0,0,0
11928,0,0,0
11929,0,0,0
11930,0,0,0
11931,0,0,0
11932,0,0,0
11933,0,0,0
11934,0,0,0
11935,0,0,0
11936,0,0,0
11937,0,0,0
11938,0,0,0
11939,0,0,0
11940,0,0,0
11941,0,0,0
11942,0,0,0
11943,0,0,0
11944,0,0,0
11945,0,0,0
11946,0,0,0
11947,0,0,0
11948,0,0,0
11949,0,0,0
11950,0,0,0
11951,0,0,0
11952,0,0,0
11953,0,0,0
11954,0,0,0
11955,0,0,0
11956,0,0,0
11957,0,0,0
11958,0,0,0
11959,0,0,0
11960,0,0,0
11961,0,0,0
11962,0,0,0
11963,0,0,0
11964,0,0,0
11965,0,0,0
11966,0,0,0
11967,0,0,0
11968,0,0,0
11969,0,0,0
11970,0,0,0
11971,0,0,0
11972,0,0,0
11973,0,0,0
11974,0,0,0
11975,0,0,0
11976,0,0,0
11977,0,0,0
11978,0,0,0
11979,0,0,0
11980,0,0,0
11981,0,0,0
11982,0,0,0
11983,0,0,0
11984,0,0,0
11985,0,0,0
11986,0,0,0
11987,0,0,0
11988,0,0,0
11989,0,0,0
11990,0,0,0
11991,0,0,0
11992,0,0,0
11993,0,0,0
11994,0,0,0
11995,0,0,0
11996,0,0,0
11997,0,0,0
11998,0,0,0
11999,0,0,0
12000,0,0,0
12001,0,0,0
12002,0,0,0
12003,0,0,0
12004,0,0,0
12005,0,0,0
12006,0,0,0
12007,0,0,0
12008,0,0,0
12009,0,0,0
12010,0,0,0
12011,0,0,0
12012,0,0,0
12013,0,0,0
12014,0,0,0
12015,0,0,0
12016,0,0,0
12017,0,0,0
12018,0,0,0
12019,0,0,0
12020,0,0,0
12021,0,0,0
12022,0,0,0
12023,0,0,0
12024,0,0,0
12025,0,0,0
12026,0,0,0
12027,0,0,0
12028,0,0,0
12029,0,0,0
12030,0,0,0
12031,0,0,0
12032,0,0,0
12033,0,0,0
12034,0,0,0
12035,0,0,0
12036,0,0,0
12037,0,0,0
12038,0,0,0
12039,0,0,0
12040,0,0,0
12041,0,0,0
12042,0,0,0
12043,0,0,0
12044,0,0,0
12045,0,0,0
12046,0,0,0
12047,0,0,0
12048,0,0,0
12049,0,0,0
12050,0,0,0
12051,0,0,0
12052,0,0,0
12053,0,0,0
12054,0,0,0
12055,0,0,0
12056,0,0,0
12057,0,0,0
12058,0,0,0
12059,0,0,0
12060,0,0,0
12061,0,0,0
12062,0,0,0
12063,0,0,0
12064,0,0,0
12065,0,0,0
12066,0,0,0
12067,0,0,0
12068,0,0,0
12069,0,0,0
12070,0,0,0
12071,0,0,0
12072,0,0,0
12073,0,0,0
12074,0,0,0
12075,0,0,0
12076,0,0,0
12077,0,0,0
12078,0,0,0
12079,0,0,0
12080,0,0,0
12081,0,0,0
12082,0,0,0
12083,0,0,0
12084,0,0,0
12085,0,0,0
12086,0,0,0
12087,0,0,0
12088,0,0,0
12089,0,0,0
12090,0,0,0
12091,0,0,0
12092,0,0,0
12093,0,0,0
12094,0,0,0
12095,0,0,0
12096,0,0,0
12097,0,0,0
12098,0,0,0
12099,0,0,0
12100,0,0,0
12101,0,0,0
12102,0,0,0
12103,0,0,0
12104,0,0,0
12105,0,0,0
12106,0,0,0
12107,0,0,0
12108,0,0,0
12109,0,0,0
12110,0,0,0
12111,0,0,0
12112,0,0,0
12113,0,0,0
12114,0,0,0
12115,0,0,0
12116,0,0,0
12117,0,0,0
12118,0,0,0
12119,0,0,0
12120,0,0,0
12121,0,0,0
12122,0,0,0
12123,0,0,0
12124,0,0,0
12125,0,0,0
12126,0,0,0
12127,0,0,0
12128,0,0,0
12129,0,0,0
12130,0,0,0
12131,0,0,0
12132,0,0,0
12133,0,0,0
12134,0,0,0
12135,0,0,0
12136,0,0,0
12137,0,0,0
12138,0,0,0
12139,0,0,0
12140,0,0,0
12141,0,0,0
12142,0,0,0
12143,0,0,0
12144,0,0,0
12145,0,0,0
12146,0,0,0
12147,0,0,0
12148,0,0,0
12149,0,0,0
12150,0,0,0
12151,0,0,0
12152,0,0,0
12153,0,0,0
12154,0,0,0
12155,0,0,0
12156,0,0,0
12157,0,0,0
12158,0,0,0
12159,0,0,0
12160,0,0,0
12161,0,0,0
12162,0,0,0
12163,0,0,0
12164,0,0,0
12165,0,0,0
12166,0,0,0
12167,0,0,0
12168,0,0,0
12169,0,0,0
12170,0,0,0
12171,0,0,0
12172,0,0,0
12173,0,0,0
12174,0,0,0
12175,0,0,0
12176,0,0,0
12177,0,0,0
12178,0,0,0
12179,0,0,0
12180,0,0,0
12181,0,0,0
12182,0,0,0
12183,0,0,0
12184,0,0,0
12185,0,0,0
12186,0,0,0
12187,0,0,0
12188,0,0,0
12189,0,0,0
12190,0,0,0
12191,0,0,0
12192,0,0,0
12193,0,0,0
12194,0,0,0
12195,0,0,0
12196,0,0,0
12197,0,0,0
12198,0,0,0
12199,0,0,0
12200,0,0,0
12201,0,0,0
12202,0,0,0
12203,0,0,0
12204,0,0,0
12205,0,0,0
12206,0,0,0
12207,0,0,0
12208,0,0,0
12209,0,0,0
12210,0,0,0
12211,0,0,0
12212,0,0,0
12213,0,0,0
12214,0,0,0
12215,0,0,0
12216,0,0,0
12217,0,0,0
12218,0,0,0
12219,0,0,0
12220,0,0,0
12221,0,0,0
12222,0,0,0
12223,0,0,0
12224,0,0,0
12225,0,0,0
12226,0,0,0
12227,0,0,0
12228,0,0,0
12229,0,0,0
12230,0,0,0
12231,0,0,0
12232,0,0,0
12233,0,0,0
12234,0,0,0
12235,0,0,0
12236,0,0,0
12237,0,0,0
12238,0,0,0
12239,0,0,0
12240,0,0,0
12241,0,0,0
12242,0,0,0
12243,0,0,0
12244,0,0,0
12245,0,0,0
12246,0,0,0
12247,0,0,0
12248,0,0,0
12249,0,0,0
12250,0,0,0
12251,0,0,0
12252,0,0,0
12253,0,0,0
12254,0,0,0
12255,0,0,0
12256,0,0,0
12257,0,0,0
12258,0,0,0
12259,0,0,0
12260,0,0,0
12261,0,0,0
12262,0,0,0
12263,0,0,0
12264,0,0,0
12265,0,0,0
12266,0,0,0
12267,0,0,0
12268,0,0,0
12269,0,0,0
12270,0,0,0
12271,0,0,0
12272,0,0,0
12273,0,0,0
12274,0,0,0
12275,0,0,0
12276,0,0,0
12277,0,0,0
12278,0,0,0
12279,0,0,0
12280,0,0,0
12281,0,0,0
12282,0,0,0
12283,0,0,0
12284,0,0,0
12285,0,0,0
12286,0,0,0
12287,0,0,0
12288,0,0,0
12289,0,0,0
12290,0,0,0
12291,0,0,0
12292,0,0,0
12293,0,0,0
12294,0,0,0
12295,0,0,0
12296,0,0,0
12297,0,0,0
12298,0,0,0
12299,0,0,0
12300,0,0,0
12301,0,0,0
12302,0,0,0
12303,0,0,0
12304,0,0,0
12305,0,0,0
12306,0,0,0
12307,0,0,0
12308,0,0,0
12309,0,0,0
12310,0,0,0
12311,0,0,0
12312,0,0,0
12313,0,0,0
12314,0,0,0
12315,0,0,0
12316,0,0,0
12317,0,0,0
12318,0,0,0
12319,0,0,0
12320,0,0,0
12321,0,0,0
12322,0,0,0
12323,0,0,0
12324,0,0,0
12325,0,0,0
12326,0,0,0
12327,0,0,0
12328,0,0,0
12329,0,0,0
12330,0,0,0
12331,0,0,0
12332,0,0,0
12333,0,0,0
12334,0,0,0
12335,0,0,0
12336,0,0,0
12337,0,0,0
12338,0,0,0
12339,0,0,0
12340,0,0,0
12341,0,0,0
12342,0,0,0
12343,0,0,0
12344,0,0,0
12345,0,0,0
12346,0,0,0
12347,0,0,0
12348,0,0,0
12349,0,0,0
12350,0,0,0
12351,0,0,0
12352,0,0,0
12353,0,0,0
12354,0,0,0
12355,0,0,0
12356,0,0,0
12357,0,0,0
12358,0,0,0
12359,0,0,0
12360,0,0,0
12361,0,0,0
12362,0,0,0
12363,0,0,0
12364,0,0,0
12365,0,0,0
12366,0,0,0
12367,0,0,0
12368,0,0,0
12369,0,0,0
12370,0,0,0
12371,0,0,0
12372,0,0,0
12373,0,0,0
12374,0,0,0
12375,0,0,0
12376,0,0,0
12377,0,0,0
12378,0,0,0
12379,0,0,0
12380,0,0,0
12381,0,0,0
12382,0,0,0
12383,0,0,0
12384,0,0,0
12385,0,0,0
12386,0,0,0
12387,0,0,0
12388,0,0,0
12389,0,0,0
12390,0,0,0
12391,0,0,0
12392,0,0,0
12393,0,0,0
12394,0,0,0
12395,0,0,0
12396,0,0,0
12397,0,0,0
12398,0,0,0
12399,0,0,0
12400,0,0,0
12401,0,0,0
12402,0,0,0
12403,0,0,0
12404,0,0,0
12405,0,0,0
12406,0,0,0
12407,0,0,0
12408,0,0,0
12409,0,0,0
12410,0,0,0
12411,0,0,0
12412,0,0,0
12413,0,0,0
12414,0,0,0
12415,0,0,0
12416,0,0,0
12417,0,0,0
12418,0,0,0
12419,1,0,1
12420,1,0,1
12421,1,0,1
12422,1,0,1
12423,1,0,1
12424,1,0,1
12425,1,0,1
12426,1,0,1
12427,1,0,1
12428,1,0,1
12429,1,0,1
12430,1,0,1
12431,1,0,1
12432,1,0,1
12433,1,0,1
12434,1,0,1
12435,1,0,1
12436,1,0,1
12437,1,0,1
12438,1,0,1
12439,1,0,1
12440,1,0,1
12441,1,0,1
12442,1,0,1
12443,1,0,1
12444,1,0,1
12445,1,0,1
12446,1,0,1
12447,1,0,1
12448,1,0,1
12449,1,0,1
12450,1,0,1
12451,1,0,1
12452,1,0,1
12453,1,0,1
12454,1,0,1
12455,1,0,1
12456,1,0,1
12457,1,0,1
12458,2,0,2
12459,2,0,2
12460,2,0,2
12461,2,0,2
12462,2,0,2
12463,2,0,2
12464,2,0,2
12465,2,0,2
12466,2,0,2
12467,2,0,2
12468,2,0,2
12469,2,0,2
12470,2,0,2
12471,2,0,2
12472,2,0,2
12473,2,0,2
12474,2,0,2
12475,2,0,2
12476,2,0,2
12477,2,0,2
12478,2,0,2
12479,2,0,2
12480,2,0,2
12481,2,0,2
12482,2,0,2
12483,2,0,2
12484,2,0,2
12485,2,0,2
12486,2,0,2
12487,2,0,2
12488,2,0,2
12489,2,0,2
12490,2,0,2
12491,2,0,2
12492,2,0,2
12493,2,0,2
12494,2,0,2
12495,2,0,2
12496,2,0,2
12497,2,0,2
12498,2,0,2
12499,2,0,2
12500,2,0,2
12501,2,0,2
12502,2,0,2
12503,2,0,2
12504,2,0,2
12505,2,0,2
12506,2,0,2
12507,2,0,2
12508,2,0,2
12509,2,0,2
12510,1,0,1
12511,1,0,1
12512,1,0,1
12513,1,0,1
12514,1,0,1
12515,1,0,1
12516,1,0,1
12517,1,0,1
12518,1,0,1
12519,1,0,1
12520,1,0,1
12521,1,0,1
12522,1,0,1
12523,1,0,1
12524,1,0,1
12525,1,0,1
