second,idle_count,walking_count,total_count
0,0,0,0
1,0,0,0
2,0,0,0
3,0,0,0
4,0,0,0
5,0,0,0
6,0,0,0
7,0,0,0
8,0,0,0
9,0,0,0
10,0,0,0
11,0,0,0
12,0,0,0
13,0,0,0
14,0,0,0
15,0,0,0
16,0,0,0
17,0,0,0
18,0,0,0
19,0,0,0
20,0,0,0
21,0,0,0
22,0,0,0
23,0,0,0
24,0,0,0
25,0,0,0
26,0,0,0
27,0,0,0
28,0,0,0
29,0,0,0
30,0,0,0
31,0,0,0
32,0,0,0
33,0,0,0
34,0,0,0
35,0,0,0
36,0,0,0
37,0,0,0
38,0,0,0
39,0,0,0
40,0,0,0
41,0,0,0
42,0,0,0
43,0,0,0
44,0,0,0
45,0,0,0
46,0,0,0
47,0,0,0
48,0,0,0
49,0,0,0
50,0,0,0
51,0,0,0
52,0,0,0
53,0,0,0
54,0,0,0
55,0,0,0
56,0,0,0
57,0,0,0
58,0,0,0
59,0,0,0
60,0,0,0
61,0,0,0
62,0,0,0
63,0,0,0
64,0,0,0
65,0,0,0
66,0,0,0
67,0,0,0
68,0,0,0
69,0,0,0
70,0,0,0
71,0,0,0
72,0,0,0
73,0,0,0
74,0,0,0
75,1,0,1
76,1,0,1
77,1,0,1
78,1,0,1
79,1,0,1
80,1,0,1
81,1,0,1
82,1,0,1
83,1,0,1
84,1,0,1
85,1,0,1
86,1,0,1
87,1,0,1
88,1,0,1
89,1,0,1
90,2,0,2
91,2,0,2
92,2,0,2
93,2,0,2
94,2,0,2
95,2,0,2
96,2,0,2
97,2,0,2
98,2,0,2
99,2,0,2
100,2,0,2
101,2,0,2
102,2,0,2
103,2,0,2
104,2,0,2
105,2,0,2
106,2,0,2
107,2,0,2
108,2,0,2
109,2,0,2
110,2,0,2
111,2,0,2
112,2,0,2
113,2,0,2
114,2,0,2
115,1,0,1
116,1,0,1
117,1,0,1
118,1,0,1
119,1,0,1
120,1,0,1
121,1,0,1
122,1,0,1
123,1,0,1
124,1,0,1
125,1,0,1
126,1,0,1
127,1,0,1
128,0,0,0
129,0,0,0
130,0,0,0
131,0,0,0
132,1,0,1
133,1,0,1
134,1,0,1
135,1,0,1
136,1,0,1
137,1,0,1
138,1,0,1
139,1,0,1
140,1,0,1
141,1,0,1
142,1,0,1
143,1,0,1
144,1,0,1
145,1,0,1
146,1,0,1
147,1,0,1
148,1,0,1
149,1,0,1
150,1,0,1
151,1,0,1
152,1,0,1
153,1,0,1
154,1,0,1
155,1,0,1
156,1,0,1
157,1,0,1
158,1,0,1
159,1,0,1
160,1,0,1
161,1,0,1
162,1,0,1
163,1,0,1
164,1,0,1
165,1,0,1
166,1,0,1
167,1,0,1
168,1,0,1
169,2,0,2
170,2,0,2
171,2,0,2
172,2,0,2
173,2,0,2
174,2,0,2
175,2,0,2
176,2,0,2
177,2,0,2
178,2,0,2
179,2,0,2
180,2,0,2
181,3,0,3
182,3,0,3
183,3,0,3
184,3,0,3
185,3,0,3
186,3,0,3
187,3,0,3
188,3,0,3
189,3,0,3
190,3,0,3
191,3,0,3
192,3,0,3
193,3,0,3
194,3,0,3
195,3,0,3
196,3,0,3
197,3,0,3
198,3,0,3
199,3,0,3
200,3,0,3
201,3,0,3
202,3,0,3
203,3,0,3
204,2,0,2
205,2,0,2
206,2,0,2
207,2,0,2
208,2,0,2
209,1,0,1
210,2,0,2
211,2,0,2
212,2,0,2
213,2,0,2
214,2,0,2
215,2,0,2
216,2,0,2
217,2,0,2
218,2,0,2
219,2,0,2
220,2,0,2
221,2,0,2
222,2,0,2
223,2,0,2
224,2,0,2
225,2,0,2
226,2,0,2
227,2,0,2
228,2,0,2
229,2,0,2
230,2,0,2
231,2,0,2
232,2,0,2
233,2,0,2
234,2,0,2
235,2,0,2
236,2,0,2
237,2,0,2
238,2,0,2
239,3,0,3
240,3,0,3
241,3,0,3
242,2,0,2
243,2,0,2
244,2,0,2
245,2,0,2
246,2,0,2
247,2,0,2
248,2,0,2
249,2,0,2
250,2,0,2
251,2,0,2
252,2,0,2
253,2,0,2
254,2,0,2
255,2,0,2
256,2,0,2
257,2,0,2
258,2,0,2
259,2,0,2
260,2,0,2
261,2,0,2
262,2,0,2
263,2,0,2
264,2,0,2
265,2,0,2
266,2,0,2
267,2,0,2
268,1,0,1
269,1,0,1
270,1,0,1
271,1,0,1
272,1,0,1
273,1,0,1
274,1,0,1
275,1,0,1
276,1,0,1
277,1,0,1
278,1,0,1
279,1,0,1
280,1,0,1
281,1,0,1
282,1,0,1
283,1,0,1
284,1,0,1
285,0,0,0
286,0,0,0
287,0,0,0
288,0,0,0
289,0,0,0
290,0,0,0
291,0,0,0
292,0,0,0
293,0,0,0
294,0,0,0
295,0,0,0
296,0,0,0
297,0,0,0
298,0,0,0
299,0,0,0
300,0,0,0
301,0,0,0
302,0,0,0
303,0,0,0
304,0,0,0
305,0,0,0
306,0,0,0
307,0,0,0
308,0,0,0
309,0,0,0
310,0,0,0
311,0,0,0
312,0,0,0
313,0,0,0
314,0,0,0
315,0,0,0
316,0,0,0
317,0,0,0
318,0,0,0
319,0,0,0
320,0,0,0
321,0,0,0
322,0,0,0
323,0,0,0
324,0,0,0
325,0,0,0
326,0,0,0
327,0,0,0
328,0,0,0
329,0,0,0
330,0,0,0
331,0,0,0
332,0,0,0
333,0,0,0
334,0,0,0
335,0,0,0
336,0,0,0
337,0,0,0
338,0,0,0
339,0,0,0
340,0,0,0
341,0,0,0
342,0,0,0
343,0,0,0
344,0,0,0
345,0,0,0
346,0,0,0
347,0,0,0
348,0,0,0
349,0,0,0
350,0,0,0
351,0,0,0
352,0,0,0
353,0,0,0
354,0,0,0
355,0,0,0
356,0,0,0
357,0,0,0
358,0,0,0
359,0,0,0
360,0,0,0
361,0,0,0
362,0,0,0
363,0,0,0
364,0,0,0
365,0,0,0
366,0,0,0
367,0,0,0
368,0,0,0
369,0,0,0
370,0,0,0
371,0,0,0
372,0,0,0
373,0,0,0
374,0,0,0
375,0,0,0
376,0,0,0
377,0,0,0
378,0,0,0
379,0,0,0
380,0,0,0
381,0,0,0
382,0,0,0
383,0,0,0
384,0,0,0
385,0,0,0
386,0,0,0
387,0,0,0
388,0,0,0
389,0,0,0
390,0,0,0
391,0,0,0
392,0,0,0
393,0,0,0
394,0,0,0
395,0,0,0
396,0,0,0
397,0,0,0
398,0,0,0
399,0,0,0
400,0,0,0
401,0,0,0
402,0,0,0
403,0,0,0
404,0,0,0
405,0,0,0
406,0,0,0
407,0,0,0
408,0,0,0
409,0,0,0
410,0,0,0
411,0,0,0
412,0,0,0
413,0,0,0
414,0,0,0
415,0,0,0
416,0,0,0
417,0,0,0
418,0,0,0
419,0,0,0
420,0,0,0
421,0,0,0
422,0,0,0
423,0,0,0
424,0,0,0
425,0,0,0
426,0,0,0
427,0,0,0
428,0,0,0
429,0,0,0
430,0,0,0
431,0,0,0
432,0,0,0
433,0,0,0
434,0,0,0
435,0,0,0
436,0,0,0
437,0,0,0
438,0,0,0
439,0,0,0
440,0,0,0
441,0,0,0
442,0,0,0
443,0,0,0
444,0,0,0
445,0,0,0
446,0,0,0
447,0,0,0
448,0,0,0
449,0,0,0
450,0,0,0
451,0,0,0
452,0,0,0
453,0,0,0
454,0,0,0
455,0,0,0
456,0,0,0
457,0,0,0
458,0,0,0
459,0,0,0
460,0,0,0
461,0,0,0
462,0,0,0
463,0,0,0
464,0,0,0
465,0,0,0
466,0,0,0
467,0,0,0
468,0,0,0
469,0,0,0
470,0,0,0
471,0,0,0
472,0,0,0
473,0,0,0
474,0,0,0
475,1,0,1
476,1,0,1
477,1,0,1
478,1,0,1
479,1,0,1
480,1,0,1
481,1,0,1
482,1,0,1
483,1,0,1
484,1,0,1
485,1,0,1
486,1,0,1
487,1,0,1
488,1,0,1
489,1,0,1
490,1,0,1
491,1,0,1
492,1,0,1
493,1,0,1
494,1,0,1
495,1,0,1
496,1,0,1
497,1,0,1
498,1,0,1
499,1,0,1
500,1,0,1
501,1,0,1
502,1,0,1
503,1,0,1
504,1,0,1
505,1,0,1
506,1,0,1
507,1,0,1
508,1,0,1
509,1,0,1
510,1,0,1
511,1,0,1
512,1,0,1
513,1,0,1
514,1,0,1
515,1,0,1
516,1,0,1
517,1,0,1
518,2,0,2
519,2,0,2
520,2,0,2
521,2,0,2
522,2,0,2
523,2,0,2
524,2,0,2
525,2,0,2
526,2,0,2
527,2,0,2
528,2,0,2
529,2,0,2
530,2,0,2
531,2,0,2
532,2,0,2
533,2,0,2
534,2,0,2
535,2,0,2
536,2,0,2
537,2,0,2
538,2,0,2
539,2,0,2
540,2,0,2
541,2,0,2
542,2,0,2
543,1,0,1
544,1,0,1
545,1,0,1
546,2,0,2
547,2,0,2
548,2,0,2
549,2,0,2
550,2,0,2
551,2,0,2
552,2,0,2
553,2,0,2
554,2,0,2
555,2,0,2
556,2,0,2
557,2,0,2
558,2,0,2
559,2,0,2
560,2,0,2
561,2,0,2
562,2,0,2
563,2,0,2
564,2,0,2
565,2,0,2
566,2,0,2
567,2,0,2
568,2,0,2
569,2,0,2
570,2,0,2
571,2,0,2
572,2,0,2
573,2,0,2
574,2,0,2
575,2,0,2
576,2,0,2
577,1,0,1
578,1,0,1
579,1,0,1
580,1,0,1
581,1,0,1
582,1,0,1
583,1,0,1
584,1,0,1
585,1,0,1
586,1,0,1
587,1,0,1
588,1,0,1
589,1,0,1
590,1,0,1
591,1,0,1
592,1,0,1
593,1,0,1
594,1,0,1
595,1,0,1
596,1,0,1
597,1,0,1
598,1,0,1
599,1,0,1
600,1,0,1
601,1,0,1
602,1,0,1
603,1,0,1
604,1,0,1
605,1,0,1
606,1,0,1
607,1,0,1
608,1,0,1
609,1,0,1
610,1,0,1
611,1,0,1
612,0,0,0
613,0,0,0
614,0,0,0
615,0,0,0
616,0,0,0
617,0,0,0
618,0,0,0
619,0,0,0
620,0,0,0
621,0,0,0
622,0,0,0
623,0,0,0
624,0,0,0
625,0,0,0
626,0,0,0
627,0,0,0
628,0,0,0
629,0,0,0
630,0,0,0
631,0,0,0
632,0,0,0
633,0,0,0
634,0,0,0
635,0,0,0
636,0,0,0
637,0,0,0
638,0,0,0
639,0,0,0
640,0,0,0
641,0,0,0
642,0,0,0
643,0,0,0
644,0,0,0
645,0,0,0
646,0,0,0
647,0,0,0
648,0,0,0
649,0,0,0
650,0,0,0
651,0,0,0
652,0,0,0
653,0,0,0
654,0,0,0
655,0,0,0
656,0,0,0
657,0,0,0
658,0,0,0
659,0,0,0
660,0,0,0
661,0,0,0
662,0,0,0
663,0,0,0
664,0,0,0
665,0,0,0
666,0,0,0
667,0,0,0
668,0,0,0
669,0,0,0
670,0,0,0
671,1,0,1
672,1,0,1
673,1,0,1
674,1,0,1
675,1,0,1
676,1,0,1
677,1,0,1
678,1,0,1
679,1,0,1
680,1,0,1
681,1,0,1
682,1,0,1
683,1,0,1
684,1,0,1
685,1,0,1
686,1,0,1
687,1,0,1
688,1,0,1
689,1,0,1
690,1,0,1
691,1,0,1
692,1,0,1
693,1,0,1
694,1,0,1
695,1,0,1
696,1,0,1
697,1,0,1
698,1,0,1
699,1,0,1
700,1,0,1
701,1,0,1
702,1,0,1
703,1,0,1
704,1,0,1
705,1,0,1
706,1,0,1
707,1,0,1
708,1,0,1
709,1,0,1
710,1,0,1
711,1,0,1
712,1,0,1
713,1,0,1
714,1,0,1
715,0,0,0
716,0,0,0
717,0,0,0
718,0,0,0
719,0,0,0
720,0,0,0
721,0,0,0
722,0,0,0
723,0,0,0
724,0,0,0
725,0,0,0
726,0,0,0
727,0,0,0
728,0,0,0
729,0,0,0
730,0,0,0
731,0,0,0
732,0,0,0
733,0,0,0
734,0,0,0
735,0,0,0
736,0,0,0
737,0,0,0
738,0,0,0
739,0,0,0
740,0,0,0
741,0,0,0
742,0,0,0
743,0,0,0
744,0,0,0
745,0,0,0
746,0,0,0
747,0,0,0
748,0,0,0
749,0,0,0
750,0,0,0
751,0,0,0
752,0,0,0
753,0,0,0
754,0,0,0
755,0,0,0
756,0,0,0
757,0,0,0
758,0,0,0
759,0,0,0
760,0,0,0
761,0,0,0
762,0,0,0
763,0,0,0
764,0,0,0
765,0,0,0
766,0,0,0
767,0,0,0
768,0,0,0
769,0,0,0
770,0,0,0
771,0,0,0
772,0,0,0
773,0,0,0
774,0,0,0
775,0,0,0
776,0,0,0
777,0,0,0
778,0,0,0
779,0,0,0
780,0,0,0
781,0,0,0
782,0,0,0
783,0,0,0
784,0,0,0
785,0,0,0
786,0,0,0
787,0,0,0
788,0,0,0
789,0,0,0
790,0,0,0
791,0,0,0
792,0,0,0
793,0,0,0
794,0,0,0
795,0,0,0
796,0,0,0
797,0,0,0
798,0,0,0
799,0,0,0
800,0,0,0
801,0,0,0
802,0,0,0
803,0,0,0
804,0,0,0
805,0,0,0
806,0,0,0
807,0,0,0
808,0,0,0
809,0,0,0
810,0,0,0
811,0,0,0
812,0,0,0
813,0,0,0
814,0,0,0
815,0,0,0
816,0,0,0
817,0,0,0
818,0,0,0
819,0,0,0
820,0,0,0
821,0,0,0
822,0,0,0
823,0,0,0
824,0,0,0
825,0,0,0
826,0,0,0
827,0,0,0
828,0,0,0
829,0,0,0
830,0,0,0
831,0,0,0
832,0,0,0
833,0,0,0
834,0,0,0
835,0,0,0
836,0,0,0
837,0,0,0
838,0,0,0
839,0,0,0
840,0,0,0
841,0,0,0
842,0,0,0
843,0,0,0
844,0,0,0
845,0,0,0
846,0,0,0
847,0,0,0
848,0,0,0
849,0,0,0
850,0,0,0
851,0,0,0
852,0,0,0
853,0,0,0
854,0,0,0
855,0,0,0
856,0,0,0
857,0,0,0
858,0,0,0
859,0,0,0
860,0,0,0
861,0,0,0
862,0,0,0
863,0,0,0
864,0,0,0
865,0,0,0
866,0,0,0
867,0,0,0
868,0,0,0
869,0,0,0
870,0,0,0
871,0,0,0
872,0,0,0
873,0,0,0
874,0,0,0
875,0,0,0
876,0,0,0
877,0,0,0
878,0,0,0
879,0,0,0
880,0,0,0
881,0,0,0
882,0,0,0
883,0,0,0
884,0,0,0
885,0,0,0
886,0,0,0
887,0,0,0
888,0,0,0
889,0,0,0
890,0,0,0
891,0,0,0
892,0,0,0
893,0,0,0
894,0,0,0
895,0,0,0
896,0,0,0
897,0,0,0
898,0,0,0
899,0,0,0
900,0,0,0
901,0,0,0
902,1,0,1
903,1,0,1
904,1,0,1
905,1,0,1
906,1,0,1
907,1,0,1
908,1,0,1
909,1,0,1
910,1,0,1
911,1,0,1
912,1,0,1
913,1,0,1
914,1,0,1
915,1,0,1
916,1,0,1
917,1,0,1
918,1,0,1
919,1,0,1
920,1,0,1
921,1,0,1
922,1,0,1
923,1,0,1
924,1,0,1
925,1,0,1
926,1,0,1
927,1,0,1
928,1,0,1
929,1,0,1
930,1,0,1
931,1,0,1
932,1,0,1
933,1,0,1
934,1,0,1
935,1,0,1
936,1,0,1
937,1,0,1
938,1,0,1
939,1,0,1
940,1,0,1
941,1,0,1
942,0,0,0
943,0,0,0
944,0,0,0
945,0,0,0
946,0,0,0
947,0,0,0
948,0,0,0
949,0,0,0
950,0,0,0
951,0,0,0
952,0,0,0
953,0,0,0
954,0,0,0
955,0,0,0
956,0,0,0
957,0,0,0
958,0,0,0
959,0,0,0
960,0,0,0
961,0,0,0
962,0,0,0
963,0,0,0
964,0,0,0
965,0,0,0
966,0,0,0
967,0,0,0
968,0,0,0
969,0,0,0
970,0,0,0
971,0,0,0
972,0,0,0
973,0,0,0
974,0,0,0
975,0,0,0
976,0,0,0
977,0,0,0
978,0,0,0
979,0,0,0
980,0,0,0
981,0,0,0
982,0,0,0
983,0,0,0
984,0,0,0
985,0,0,0
986,0,0,0
987,0,0,0
988,0,0,0
989,0,0,0
990,0,0,0
991,0,0,0
992,0,0,0
993,0,0,0
994,0,0,0
995,0,0,0
996,0,0,0
997,0,0,0
998,0,0,0
999,0,0,0
1000,0,0,0
1001,0,0,0
1002,0,0,0
1003,0,0,0
1004,0,0,0
1005,0,0,0
1006,0,0,0
1007,0,0,0
1008,0,0,0
1009,0,0,0
1010,0,0,0
1011,0,0,0
1012,0,0,0
1013,0,0,0
1014,0,0,0
1015,0,0,0
1016,0,0,0
1017,0,0,0
1018,0,0,0
1019,0,0,0
1020,0,0,0
1021,0,0,0
1022,0,0,0
1023,0,0,0
1024,0,0,0
1025,0,0,0
1026,0,0,0
1027,0,0,0
1028,0,0,0
1029,0,0,0
1030,0,0,0
1031,0,0,0
1032,0,0,0
1033,0,0,0
1034,0,0,0
1035,0,0,0
1036,0,0,0
1037,0,0,0
1038,0,0,0
1039,0,0,0
1040,0,0,0
1041,0,0,0
1042,0,0,0
1043,0,0,0
1044,0,0,0
1045,0,0,0
1046,0,0,0
1047,0,0,0
1048,0,0,0
1049,0,0,0
1050,0,0,0
1051,0,0,0
1052,0,0,0
1053,0,0,0
1054,0,0,0
1055,0,0,0
1056,0,0,0
1057,0,0,0
1058,0,0,0
1059,0,0,0
1060,0,0,0
1061,0,0,0
1062,0,0,0
1063,0,0,0
1064,0,0,0
1065,0,0,0
1066,0,0,0
1067,0,0,0
1068,0,0,0
1069,0,0,0
1070,0,0,0
1071,0,0,0
1072,0,0,0
1073,0,0,0
1074,0,0,0
1075,0,0,0
1076,0,0,0
1077,0,0,0
1078,0,0,0
1079,0,0,0
1080,0,0,0
1081,0,0,0
1082,0,0,0
1083,0,0,0
1084,0,0,0
1085,0,0,0
1086,0,0,0
1087,0,0,0
1088,0,0,0
1089,0,0,0
1090,0,0,0
1091,0,0,0
1092,0,0,0
1093,0,0,0
1094,0,0,0
1095,0,0,0
1096,0,0,0
1097,0,0,0
1098,0,0,0
1099,0,0,0
1100,0,0,0
1101,0,0,0
1102,0,0,0
1103,0,0,0
1104,0,0,0
1105,0,0,0
1106,0,0,0
1107,0,0,0
1108,0,0,0
1109,0,0,0
1110,0,0,0
1111,0,0,0
1112,0,0,0
1113,0,0,0
1114,0,0,0
1115,0,0,0
1116,0,0,0
1117,0,0,0
1118,0,0,0
1119,0,0,0
1120,0,0,0
1121,0,0,0
1122,0,0,0
1123,0,0,0
1124,0,0,0
1125,0,0,0
1126,0,0,0
1127,0,0,0
1128,0,0,0
1129,0,0,0
1130,0,0,0
1131,0,0,0
1132,0,0,0
1133,0,0,0
1134,0,0,0
1135,0,0,0
1136,0,0,0
1137,0,0,0
1138,0,0,0
1139,0,0,0
1140,0,0,0
1141,0,0,0
1142,0,0,0
1143,0,0,0
1144,0,0,0
1145,0,0,0
1146,0,0,0
1147,0,0,0
1148,0,0,0
1149,0,0,0
1150,0,0,0
1151,0,0,0
1152,0,0,0
1153,0,0,0
1154,0,0,0
1155,0,0,0
1156,0,0,0
1157,0,0,0
1158,0,0,0
1159,0,0,0
1160,0,0,0
1161,0,0,0
1162,0,0,0
1163,0,0,0
1164,0,0,0
1165,0,0,0
1166,0,0,0
1167,0,0,0
1168,0,0,0
1169,0,0,0
1170,0,0,0
1171,0,0,0
1172,0,0,0
1173,0,0,0
1174,0,0,0
1175,0,0,0
1176,0,0,0
1177,0,0,0
1178,0,0,0
1179,0,0,0
1180,0,0,0
1181,0,0,0
1182,0,0,0
1183,0,0,0
1184,0,0,0
1185,0,0,0
1186,0,0,0
1187,0,0,0
1188,0,0,0
1189,0,0,0
1190,0,0,0
1191,0,0,0
1192,0,0,0
1193,0,0,0
1194,0,0,0
1195,0,0,0
1196,0,0,0
1197,0,0,0
1198,0,0,0
1199,0,0,0
1200,0,0,0
1201,0,0,0
1202,0,0,0
1203,0,0,0
1204,0,0,0
1205,0,0,0
1206,0,0,0
1207,0,0,0
1208,0,0,0
1209,0,0,0
1210,0,0,0
1211,0,0,0
1212,0,0,0
1213,0,0,0
1214,0,0,0
1215,0,0,0
1216,0,0,0
1217,0,0,0
1218,0,0,0
1219,0,0,0
1220,0,0,0
1221,0,0,0
1222,0,0,0
1223,0,0,0
1224,0,0,0
1225,0,0,0
1226,0,0,0
1227,0,0,0
1228,0,0,0
1229,0,0,0
1230,0,0,0
1231,0,0,0
1232,0,0,0
1233,0,0,0
1234,0,0,0
1235,0,0,0
1236,0,0,0
1237,0,0,0
1238,0,0,0
1239,0,0,0
1240,0,0,0
1241,0,0,0
1242,0,0,0
1243,0,0,0
1244,0,0,0
1245,0,0,0
1246,0,0,0
1247,0,0,0
1248,0,0,0
1249,0,0,0
1250,0,0,0
1251,0,0,0
1252,0,0,0
1253,0,0,0
1254,0,0,0
1255,0,0,0
1256,0,0,0
1257,0,0,0
1258,0,0,0
1259,0,0,0
1260,0,0,0
1261,0,0,0
1262,0,0,0
1263,0,0,0
1264,0,0,0
1265,0,0,0
1266,0,0,0
1267,0,0,0
1268,0,0,0
1269,0,0,0
1270,0,0,0
1271,0,0,0
1272,0,0,0
1273,0,0,0
1274,0,0,0
1275,0,0,0
1276,0,0,0
1277,0,0,0
1278,0,0,0
1279,0,0,0
1280,0,0,0
1281,0,0,0
1282,0,0,0
1283,0,0,0
1284,0,0,0
1285,0,0,0
1286,0,0,0
1287,0,0,0
1288,0,0,0
1289,0,0,0
1290,0,0,0
1291,0,0,0
1292,0,0,0
1293,0,0,0
1294,0,0,0
1295,0,0,0
1296,0,0,0
1297,0,0,0
1298,0,0,0
1299,0,0,0
1300,0,0,0
1301,0,0,0
1302,0,0,0
1303,0,0,0
1304,0,0,0
1305,0,0,0
1306,0,0,0
1307,0,0,0
1308,0,0,0
1309,0,0,0
1310,0,0,0
1311,0,0,0
1312,0,0,0
1313,0,0,0
1314,0,0,0
1315,0,0,0
1316,0,0,0
1317,0,0,0
1318,0,0,0
1319,0,0,0
1320,0,0,0
1321,0,0,0
1322,0,0,0
1323,0,0,0
1324,0,0,0
1325,0,0,0
1326,0,0,0
1327,0,0,0
1328,0,0,0
1329,0,0,0
1330,0,0,0
1331,0,0,0
1332,0,0,0
1333,0,0,0
1334,0,0,0
1335,0,0,0
1336,0,0,0
1337,0,0,0
1338,0,0,0
1339,0,0,0
1340,0,0,0
1341,0,0,0
1342,0,0,0
1343,0,0,0
1344,0,0,0
1345,0,0,0
1346,0,0,0
1347,0,0,0
1348,0,0,0
1349,0,0,0
1350,0,0,0
1351,0,0,0
1352,0,0,0
1353,0,0,0
1354,0,0,0
1355,0,0,0
1356,0,0,0
1357,0,0,0
1358,0,0,0
1359,0,0,0
1360,0,0,0
1361,0,0,0
1362,0,0,0
1363,0,0,0
1364,0,0,0
1365,0,0,0
1366,0,0,0
1367,0,0,0
1368,0,0,0
1369,0,0,0
1370,0,0,0
1371,0,0,0
1372,0,0,0
1373,0,0,0
1374,0,0,0
1375,0,0,0
1376,0,0,0
1377,0,0,0
1378,0,0,0
1379,0,0,0
1380,0,0,0
1381,0,0,0
1382,0,0,0
1383,0,0,0
1384,0,0,0
1385,0,0,0
1386,0,0,0
1387,0,0,0
1388,0,0,0
1389,0,0,0
1390,0,0,0
1391,0,0,0
1392,0,0,0
1393,0,0,0
1394,0,0,0
1395,0,0,0
1396,0,0,0
1397,0,0,0
1398,0,0,0
1399,0,0,0
1400,0,0,0
1401,0,0,0
1402,0,0,0
1403,0,0,0
1404,0,0,0
1405,0,0,0
1406,0,0,0
1407,0,0,0
1408,0,0,0
1409,0,0,0
1410,0,0,0
1411,0,0,0
1412,0,0,0
1413,0,0,0
1414,0,0,0
1415,0,0,0
1416,0,0,0
1417,0,0,0
1418,0,0,0
1419,0,0,0
1420,0,0,0
1421,0,0,0
1422,0,0,0
1423,0,0,0
1424,0,0,0
1425,0,0,0
1426,0,0,0
1427,0,0,0
1428,0,0,0
1429,0,0,0
1430,0,0,0
1431,0,0,0
1432,0,0,0
1433,0,0,0
1434,0,0,0
1435,0,0,0
1436,0,0,0
1437,0,0,0
1438,0,0,0
1439,0,0,0
1440,0,0,0
1441,0,0,0
1442,0,0,0
1443,0,0,0
1444,0,0,0
1445,0,0,0
1446,0,0,0
1447,0,0,0
1448,0,0,0
1449,0,0,0
1450,0,0,0
1451,0,0,0
1452,0,0,0
1453,0,0,0
1454,0,0,0
1455,0,0,0
1456,0,0,0
1457,0,0,0
1458,0,0,0
1459,0,0,0
1460,0,0,0
1461,0,0,0
1462,0,0,0
1463,0,0,0
1464,0,0,0
1465,0,0,0
1466,0,0,0
1467,0,0,0
1468,0,0,0
1469,0,0,0
1470,0,0,0
1471,0,0,0
1472,0,0,0
1473,0,0,0
1474,0,0,0
1475,0,0,0
1476,0,0,0
1477,0,0,0
1478,0,0,0
1479,0,0,0
1480,1,0,1
1481,1,0,1
1482,1,0,1
1483,1,0,1
1484,1,0,1
1485,1,0,1
1486,1,0,1
1487,1,0,1
1488,1,0,1
1489,1,0,1
1490,1,0,1
1491,1,0,1
1492,1,0,1
1493,1,0,1
1494,1,0,1
1495,1,0,1
1496,1,0,1
1497,1,0,1
1498,1,0,1
1499,1,0,1
1500,1,0,1
1501,1,0,1
1502,1,0,1
1503,1,0,1
1504,1,0,1
1505,1,0,1
1506,1,0,1
1507,1,0,1
1508,1,0,1
1509,1,0,1
1510,1,0,1
1511,1,0,1
1512,1,0,1
1513,1,0,1
1514,1,0,1
1515,1,0,1
1516,1,0,1
1517,1,0,1
1518,1,0,1
1519,1,0,1
1520,0,0,0
1521,0,0,0
1522,0,0,0
1523,0,0,0
1524,0,0,0
1525,0,0,0
1526,0,0,0
1527,0,0,0
1528,0,0,0
1529,0,0,0
1530,0,0,0
1531,0,0,0
1532,0,0,0
1533,0,0,0
1534,0,0,0
1535,0,0,0
1536,0,0,0
1537,0,0,0
1538,0,0,0
1539,0,0,0
1540,0,0,0
1541,0,0,0
1542,0,0,0
1543,0,0,0
1544,0,0,0
1545,0,0,0
1546,0,0,0
1547,0,0,0
1548,0,0,0
1549,0,0,0
1550,0,0,0
1551,0,0,0
1552,0,0,0
1553,0,0,0
1554,0,0,0
1555,0,0,0
1556,0,0,0
1557,0,0,0
1558,0,0,0
1559,0,0,0
1560,0,0,0
1561,0,0,0
1562,0,0,0
1563,0,0,0
1564,0,0,0
1565,0,0,0
1566,0,0,0
1567,0,0,0
1568,0,0,0
1569,0,0,0
1570,0,0,0
1571,0,0,0
1572,0,0,0
1573,0,0,0
1574,0,0,0
1575,0,0,0
1576,0,0,0
1577,0,0,0
1578,0,0,0
1579,0,0,0
1580,0,0,0
1581,0,0,0
1582,0,0,0
1583,0,0,0
1584,0,0,0
1585,0,0,0
1586,0,0,0
1587,0,0,0
1588,0,0,0
1589,0,0,0
1590,0,0,0
1591,0,0,0
1592,0,0,0
1593,0,0,0
1594,0,0,0
1595,0,0,0
1596,0,0,0
1597,0,0,0
1598,0,0,0
1599,0,0,0
1600,0,0,0
1601,0,0,0
1602,0,0,0
1603,0,0,0
1604,0,0,0
1605,0,0,0
1606,0,0,0
1607,0,0,0
1608,0,0,0
1609,0,0,0
1610,0,0,0
1611,0,0,0
1612,0,0,0
1613,0,0,0
1614,0,0,0
1615,0,0,0
1616,0,0,0
1617,0,0,0
1618,0,0,0
1619,0,0,0
1620,0,0,0
1621,0,0,0
1622,0,0,0
1623,0,0,0
1624,0,0,0
1625,0,0,0
1626,0,0,0
1627,0,0,0
1628,0,0,0
1629,0,0,0
1630,0,0,0
1631,0,0,0
1632,0,0,0
1633,0,0,0
1634,0,0,0
1635,0,0,0
1636,0,0,0
1637,0,0,0
1638,0,0,0
1639,0,0,0
1640,0,0,0
1641,0,0,0
1642,0,0,0
1643,0,0,0
1644,0,0,0
1645,0,0,0
1646,0,0,0
1647,0,0,0
1648,0,0,0
1649,0,0,0
1650,0,0,0
1651,0,0,0
1652,0,0,0
1653,0,0,0
1654,0,0,0
1655,0,0,0
1656,0,0,0
1657,0,0,0
1658,0,0,0
1659,0,0,0
1660,0,0,0
1661,0,0,0
1662,0,0,0
1663,0,0,0
1664,0,0,0
1665,0,0,0
1666,0,0,0
1667,0,0,0
1668,0,0,0
1669,0,0,0
1670,0,0,0
1671,0,0,0
1672,0,0,0
1673,0,0,0
1674,0,0,0
1675,0,0,0
1676,0,0,0
1677,0,0,0
1678,0,0,0
1679,0,0,0
1680,0,0,0
1681,0,0,0
1682,0,0,0
1683,0,0,0
1684,0,0,0
1685,0,0,0
1686,0,0,0
1687,0,0,0
1688,0,0,0
1689,0,0,0
1690,0,0,0
1691,0,0,0
1692,0,0,0
1693,0,0,0
1694,0,0,0
1695,0,0,0
1696,0,0,0
1697,0,0,0
1698,0,0,0
1699,0,0,0
1700,0,0,0
1701,0,0,0
1702,0,0,0
1703,0,0,0
1704,0,0,0
1705,0,0,0
1706,0,0,0
1707,0,0,0
1708,0,0,0
1709,0,0,0
1710,0,0,0
1711,0,0,0
1712,0,0,0
1713,0,0,0
1714,0,0,0
1715,0,0,0
1716,0,0,0
1717,0,0,0
1718,0,0,0
1719,0,0,0
1720,0,0,0
1721,0,0,0
1722,0,0,0
1723,0,0,0
1724,0,0,0
1725,0,0,0
1726,0,0,0
1727,0,0,0
1728,0,0,0
1729,0,0,0
1730,0,0,0
1731,0,0,0
1732,0,0,0
1733,0,0,0
1734,0,0,0
1735,0,0,0
1736,0,0,0
1737,0,0,0
1738,0,0,0
1739,0,0,0
1740,0,0,0
1741,0,0,0
1742,0,0,0
1743,0,0,0
1744,0,0,0
1745,0,0,0
1746,0,0,0
1747,0,0,0
1748,0,0,0
1749,0,0,0
1750,0,0,0
1751,0,0,0
1752,0,0,0
1753,0,0,0
1754,0,0,0
1755,0,0,0
1756,0,0,0
1757,0,0,0
1758,0,0,0
1759,0,0,0
1760,0,0,0
1761,0,0,0
1762,0,0,0
1763,0,0,0
1764,0,0,0
1765,0,0,0
1766,0,0,0
1767,0,0,0
1768,0,0,0
1769,0,0,0
1770,0,0,0
1771,0,0,0
1772,0,0,0
1773,0,0,0
1774,0,0,0
1775,0,0,0
1776,0,0,0
1777,0,0,0
1778,0,0,0
1779,0,0,0
1780,0,0,0
1781,0,0,0
1782,0,0,0
1783,0,0,0
1784,0,0,0
1785,0,0,0
1786,0,0,0
1787,0,0,0
1788,0,0,0
1789,0,0,0
1790,0,0,0
1791,0,0,0
1792,0,0,0
1793,0,0,0
1794,0,0,0
1795,0,0,0
1796,0,0,0
1797,0,0,0
1798,0,0,0
1799,0,0,0
1800,0,0,0
1801,0,0,0
1802,0,0,0
1803,0,0,0
1804,0,0,0
1805,0,0,0
1806,0,0,0
1807,0,0,0
1808,0,0,0
1809,0,0,0
1810,0,0,0
1811,0,0,0
1812,0,0,0
1813,0,0,0
1814,0,0,0
1815,0,0,0
1816,0,0,0
1817,0,0,0
1818,0,0,0
1819,0,0,0
1820,0,0,0
1821,0,0,0
1822,0,0,0
1823,0,0,0
1824,0,0,0
1825,0,0,0
1826,0,0,0
1827,0,0,0
1828,0,0,0
1829,0,0,0
1830,0,0,0
1831,0,0,0
1832,0,0,0
1833,0,0,0
1834,0,0,0
1835,0,0,0
1836,0,0,0
1837,0,0,0
1838,0,0,0
1839,0,0,0
1840,0,0,0
1841,0,0,0
1842,0,0,0
1843,0,0,0
1844,0,0,0
1845,0,0,0
1846,0,0,0
1847,0,0,0
1848,0,0,0
1849,0,0,0
1850,0,0,0
1851,0,0,0
1852,0,0,0
1853,0,0,0
1854,0,0,0
1855,0,0,0
1856,0,0,0
1857,0,0,0
1858,0,0,0
1859,0,0,0
1860,0,0,0
1861,0,0,0
1862,0,0,0
1863,0,0,0
1864,0,0,0
1865,0,0,0
1866,0,0,0
1867,0,0,0
1868,0,0,0
1869,0,0,0
1870,0,0,0
1871,0,0,0
1872,0,0,0
1873,0,0,0
1874,0,0,0
1875,0,0,0
1876,0,0,0
1877,0,0,0
1878,0,0,0
1879,0,0,0
1880,0,0,0
1881,0,0,0
1882,0,0,0
1883,0,0,0
1884,0,0,0
1885,0,0,0
1886,0,0,0
1887,0,0,0
1888,0,0,0
1889,0,0,0
1890,0,0,0
1891,0,0,0
1892,0,0,0
1893,0,0,0
1894,0,0,0
1895,0,0,0
1896,0,0,0
1897,0,0,0
1898,0,0,0
1899,0,0,0
1900,0,0,0
1901,0,0,0
1902,0,0,0
1903,0,0,0
1904,0,0,0
1905,0,0,0
1906,0,0,0
1907,0,0,0
1908,0,0,0
1909,0,0,0
1910,0,0,0
1911,0,0,0
1912,0,0,0
1913,0,0,0
1914,0,0,0
1915,0,0,0
1916,0,0,0
1917,0,0,0
1918,0,0,0
1919,0,0,0
1920,0,0,0
1921,0,0,0
1922,0,0,0
1923,0,0,0
1924,0,0,0
1925,0,0,0
1926,0,0,0
1927,0,0,0
1928,0,0,0
1929,0,0,0
1930,0,0,0
1931,0,0,0
1932,0,0,0
1933,0,0,0
1934,0,0,0
1935,0,0,0
1936,0,0,0
1937,0,0,0
1938,0,0,0
1939,0,0,0
1940,0,0,0
1941,0,0,0
1942,0,0,0
1943,0,0,0
1944,0,0,0
1945,0,0,0
1946,0,0,0
1947,0,0,0
1948,0,0,0
1949,0,0,0
1950,0,0,0
1951,0,0,0
1952,0,0,0
1953,0,0,0
1954,0,0,0
1955,0,0,0
1956,0,0,0
1957,0,0,0
1958,0,0,0
1959,0,0,0
1960,0,0,0
1961,0,0,0
1962,0,0,0
1963,0,0,0
1964,0,0,0
1965,0,0,0
1966,0,0,0
1967,0,0,0
1968,0,0,0
1969,0,0,0
1970,0,0,0
1971,0,0,0
1972,0,0,0
1973,0,0,0
1974,0,0,0
1975,0,0,0
1976,0,0,0
1977,0,0,0
1978,0,0,0
1979,0,0,0
1980,0,0,0
1981,0,0,0
1982,0,0,0
1983,0,0,0
1984,0,0,0
1985,0,0,0
1986,0,0,0
1987,0,0,0
1988,0,0,0
1989,0,0,0
1990,0,0,0
1991,0,0,0
1992,0,0,0
1993,0,0,0
1994,0,0,0
1995,0,0,0
1996,0,0,0
1997,0,0,0
1998,0,0,0
1999,0,0,0
2000,0,0,0
2001,0,0,0
2002,0,0,0
2003,0,0,0
2004,0,0,0
2005,0,0,0
2006,0,0,0
2007,0,0,0
2008,0,0,0
2009,0,0,0
2010,0,0,0
2011,0,0,0
2012,0,0,0
2013,0,0,0
2014,0,0,0
2015,0,0,0
2016,0,0,0
2017,0,0,0
2018,0,0,0
2019,0,0,0
2020,0,0,0
2021,0,0,0
2022,0,0,0
2023,0,0,0
2024,0,0,0
2025,0,0,0
2026,0,0,0
2027,0,0,0
2028,0,0,0
2029,0,0,0
2030,0,0,0
2031,0,0,0
2032,0,0,0
2033,0,0,0
2034,0,0,0
2035,0,0,0
2036,0,0,0
2037,0,0,0
2038,0,0,0
2039,0,0,0
2040,0,0,0
2041,0,0,0
2042,0,0,0
2043,0,0,0
2044,0,0,0
2045,0,0,0
2046,0,0,0
2047,0,0,0
2048,0,0,0
2049,0,0,0
2050,0,0,0
2051,0,0,0
2052,0,0,0
2053,0,0,0
2054,0,0,0
2055,0,0,0
2056,0,0,0
2057,0,0,0
2058,0,0,0
2059,0,0,0
2060,0,0,0
2061,0,0,0
2062,0,0,0
2063,0,0,0
2064,0,0,0
2065,0,0,0
2066,0,0,0
2067,0,0,0
2068,0,0,0
2069,0,0,0
2070,0,0,0
2071,0,0,0
2072,0,0,0
2073,0,0,0
2074,0,0,0
2075,0,0,0
2076,0,0,0
2077,0,0,0
2078,1,0,1
2079,1,0,1
2080,1,0,1
2081,2,0,2
2082,2,0,2
2083,2,0,2
2084,2,0,2
2085,2,0,2
2086,2,0,2
2087,2,0,2
2088,2,0,2
2089,2,0,2
2090,2,0,2
2091,2,0,2
2092,2,0,2
2093,2,0,2
2094,2,0,2
2095,2,0,2
2096,2,0,2
2097,2,0,2
2098,2,0,2
2099,2,0,2
2100,2,0,2
2101,2,0,2
2102,2,0,2
2103,2,0,2
2104,2,0,2
2105,2,0,2
2106,2,0,2
2107,2,0,2
2108,2,0,2
2109,2,0,2
2110,2,0,2
2111,2,0,2
2112,2,0,2
2113,2,0,2
2114,2,0,2
2115,2,0,2
2116,2,0,2
2117,2,0,2
2118,2,0,2
2119,2,0,2
2120,2,0,2
2121,2,0,2
2122,2,0,2
2123,2,0,2
2124,2,0,2
2125,2,0,2
2126,2,0,2
2127,2,0,2
2128,2,0,2
2129,2,0,2
2130,2,0,2
2131,2,0,2
2132,2,0,2
2133,2,0,2
2134,2,0,2
2135,2,0,2
2136,2,0,2
2137,2,0,2
2138,2,0,2
2139,2,0,2
2140,2,0,2
2141,1,0,1
2142,0,1,1
2143,0,1,1
2144,0,1,1
2145,0,1,1
2146,0,1,1
2147,0,1,1
2148,0,1,1
2149,0,1,1
2150,0,1,1
2151,0,1,1
2152,0,1,1
2153,0,1,1
2154,0,1,1
2155,0,1,1
2156,0,1,1
2157,0,1,1
2158,0,1,1
2159,0,1,1
2160,0,1,1
2161,0,1,1
2162,0,1,1
2163,0,1,1
2164,0,1,1
2165,0,1,1
2166,0,1,1
2167,0,1,1
2168,0,1,1
2169,0,1,1
2170,0,1,1
2171,0,1,1
2172,0,1,1
2173,0,1,1
2174,0,1,1
2175,0,1,1
2176,0,1,1
2177,0,1,1
2178,0,1,1
2179,0,1,1
2180,0,1,1
2181,0,1,1
2182,0,1,1
2183,0,1,1
2184,0,1,1
2185,1,0,1
2186,0,0,0
2187,0,0,0
2188,0,0,0
2189,0,0,0
2190,0,0,0
2191,0,0,0
2192,0,0,0
2193,0,0,0
2194,0,0,0
2195,0,0,0
2196,0,0,0
2197,0,0,0
2198,0,0,0
2199,0,0,0
2200,0,0,0
2201,0,0,0
2202,0,0,0
2203,0,0,0
2204,0,0,0
2205,0,0,0
2206,0,0,0
2207,0,0,0
2208,0,0,0
2209,0,0,0
2210,0,0,0
2211,0,0,0
2212,0,0,0
2213,0,0,0
2214,0,0,0
2215,0,0,0
2216,0,0,0
2217,0,0,0
2218,0,0,0
2219,0,0,0
2220,0,0,0
2221,0,0,0
2222,0,0,0
2223,0,0,0
2224,0,0,0
2225,0,0,0
2226,0,0,0
2227,0,0,0
2228,0,0,0
2229,0,0,0
2230,0,0,0
2231,0,0,0
2232,0,0,0
2233,0,0,0
2234,0,0,0
2235,0,0,0
2236,0,0,0
2237,0,0,0
2238,0,0,0
2239,0,0,0
2240,0,0,0
2241,0,0,0
2242,0,0,0
2243,0,0,0
2244,0,0,0
2245,0,0,0
2246,0,0,0
2247,0,0,0
2248,0,0,0
2249,0,0,0
2250,0,0,0
2251,0,0,0
2252,0,0,0
2253,0,0,0
2254,0,0,0
2255,0,0,0
2256,0,0,0
2257,0,0,0
2258,0,0,0
2259,0,0,0
2260,0,0,0
2261,0,0,0
2262,0,0,0
2263,0,0,0
2264,0,0,0
2265,0,0,0
2266,0,0,0
2267,0,0,0
2268,0,0,0
2269,0,0,0
2270,0,0,0
2271,0,0,0
2272,0,0,0
2273,0,0,0
2274,0,0,0
2275,0,0,0
2276,0,0,0
2277,0,0,0
2278,0,0,0
2279,0,0,0
2280,0,0,0
2281,0,0,0
2282,0,0,0
2283,0,0,0
2284,0,0,0
2285,0,0,0
2286,0,0,0
2287,0,0,0
2288,0,0,0
2289,0,0,0
2290,0,0,0
2291,0,0,0
2292,0,0,0
2293,0,0,0
2294,0,0,0
2295,0,0,0
2296,0,0,0
2297,0,0,0
2298,0,0,0
2299,0,0,0
2300,0,0,0
2301,0,0,0
2302,0,0,0
2303,0,0,0
2304,0,0,0
2305,0,0,0
2306,0,0,0
2307,0,0,0
2308,0,0,0
2309,0,0,0
2310,0,0,0
2311,0,0,0
2312,0,0,0
2313,0,0,0
2314,0,0,0
2315,0,0,0
2316,0,0,0
2317,0,0,0
2318,0,0,0
2319,0,0,0
2320,0,0,0
2321,0,0,0
2322,0,0,0
2323,0,0,0
2324,0,0,0
2325,0,0,0
2326,0,0,0
2327,0,0,0
2328,0,0,0
2329,0,0,0
2330,0,0,0
2331,0,0,0
2332,0,0,0
2333,0,0,0
2334,0,0,0
2335,0,0,0
2336,0,0,0
2337,0,0,0
2338,0,0,0
2339,0,0,0
2340,0,0,0
2341,0,0,0
2342,0,0,0
2343,0,0,0
2344,0,0,0
2345,0,0,0
2346,0,0,0
2347,0,0,0
2348,0,0,0
2349,0,0,0
2350,0,0,0
2351,0,0,0
2352,0,0,0
2353,0,0,0
2354,0,0,0
2355,0,0,0
2356,0,0,0
2357,0,0,0
2358,0,0,0
2359,0,0,0
2360,0,0,0
2361,0,0,0
2362,0,0,0
2363,0,0,0
2364,0,0,0
2365,0,0,0
2366,0,0,0
2367,0,0,0
2368,0,0,0
2369,0,0,0
2370,0,0,0
2371,0,0,0
2372,0,0,0
2373,0,0,0
2374,0,0,0
2375,0,0,0
2376,0,0,0
2377,0,0,0
2378,0,0,0
2379,0,0,0
2380,0,0,0
2381,0,0,0
2382,0,0,0
2383,0,0,0
2384,0,0,0
2385,0,0,0
2386,0,0,0
2387,0,0,0
2388,0,0,0
2389,0,0,0
2390,0,0,0
2391,0,0,0
2392,0,0,0
2393,0,0,0
2394,0,0,0
2395,0,0,0
2396,0,0,0
2397,0,0,0
2398,0,0,0
2399,0,0,0
2400,0,0,0
2401,0,0,0
2402,0,0,0
2403,0,0,0
2404,0,0,0
2405,0,0,0
2406,0,0,0
2407,0,0,0
2408,0,0,0
2409,0,0,0
2410,0,0,0
2411,0,0,0
2412,0,0,0
2413,0,0,0
2414,0,0,0
2415,0,0,0
2416,0,0,0
2417,0,0,0
2418,0,0,0
2419,0,0,0
2420,0,0,0
2421,0,0,0
2422,0,0,0
2423,0,0,0
2424,0,0,0
2425,0,0,0
2426,0,0,0
2427,0,0,0
2428,0,0,0
2429,0,0,0
2430,0,0,0
2431,0,0,0
2432,0,0,0
2433,0,0,0
2434,0,0,0
2435,0,0,0
2436,0,0,0
2437,0,0,0
2438,0,0,0
2439,0,0,0
2440,0,0,0
2441,0,0,0
2442,0,0,0
2443,0,0,0
2444,0,0,0
2445,0,0,0
2446,0,0,0
2447,0,0,0
2448,0,0,0
2449,0,0,0
2450,0,0,0
2451,0,0,0
2452,0,0,0
2453,0,0,0
2454,0,0,0
2455,0,0,0
2456,0,0,0
2457,0,0,0
2458,0,0,0
2459,0,0,0
2460,0,0,0
2461,0,0,0
2462,0,0,0
2463,0,0,0
2464,0,0,0
2465,0,0,0
2466,0,0,0
2467,0,0,0
2468,0,0,0
2469,0,0,0
2470,0,0,0
2471,0,0,0
2472,0,0,0
2473,0,0,0
2474,0,0,0
2475,0,0,0
2476,0,0,0
2477,0,0,0
2478,0,0,0
2479,0,0,0
2480,0,0,0
2481,0,0,0
2482,0,0,0
2483,0,0,0
2484,0,0,0
2485,0,0,0
2486,0,0,0
2487,0,0,0
2488,0,0,0
2489,0,0,0
2490,0,0,0
2491,0,0,0
2492,0,0,0
2493,0,0,0
2494,0,0,0
2495,0,0,0
2496,0,0,0
2497,0,0,0
2498,0,0,0
2499,0,0,0
2500,0,0,0
2501,0,0,0
2502,0,0,0
2503,0,0,0
2504,0,0,0
2505,0,0,0
2506,0,0,0
2507,0,0,0
2508,0,0,0
2509,0,0,0
2510,0,0,0
2511,0,0,0
2512,0,0,0
2513,0,0,0
2514,0,0,0
2515,0,0,0
2516,0,0,0
2517,0,0,0
2518,0,0,0
2519,0,0,0
2520,0,0,0
2521,0,0,0
2522,0,0,0
2523,0,0,0
2524,0,0,0
2525,0,0,0
2526,0,0,0
2527,0,0,0
2528,0,0,0
2529,0,0,0
2530,0,0,0
2531,0,0,0
2532,0,0,0
2533,0,0,0
2534,0,0,0
2535,0,0,0
2536,0,0,0
2537,0,0,0
2538,0,0,0
2539,0,0,0
2540,0,0,0
2541,0,0,0
2542,0,0,0
2543,0,0,0
2544,0,0,0
2545,0,0,0
2546,0,0,0
2547,0,0,0
2548,0,0,0
2549,0,0,0
2550,0,0,0
2551,0,0,0
2552,0,0,0
2553,0,0,0
2554,0,0,0
2555,0,0,0
2556,0,0,0
2557,0,0,0
2558,0,0,0
2559,0,0,0
2560,0,0,0
2561,0,0,0
2562,0,0,0
2563,0,0,0
2564,0,0,0
2565,0,0,0
2566,0,0,0
2567,0,0,0
2568,0,0,0
2569,0,0,0
2570,0,0,0
2571,0,0,0
2572,0,0,0
2573,0,0,0
2574,0,0,0
2575,0,0,0
2576,0,0,0
2577,0,0,0
2578,0,0,0
2579,0,0,0
2580,0,0,0
2581,0,0,0
2582,0,0,0
2583,0,0,0
2584,0,0,0
2585,0,0,0
2586,0,0,0
2587,0,0,0
2588,0,0,0
2589,0,0,0
2590,0,0,0
2591,0,0,0
2592,0,0,0
2593,0,0,0
2594,0,0,0
2595,0,0,0
2596,0,0,0
2597,0,0,0
2598,0,0,0
2599,0,0,0
2600,0,0,0
2601,0,0,0
2602,0,0,0
2603,0,0,0
2604,0,0,0
2605,0,0,0
2606,0,0,0
2607,0,0,0
2608,0,0,0
2609,0,0,0
2610,0,0,0
2611,0,0,0
2612,0,0,0
2613,0,0,0
2614,0,0,0
2615,0,0,0
2616,0,0,0
2617,0,0,0
2618,0,0,0
2619,0,0,0
2620,0,0,0
2621,0,0,0
2622,0,0,0
2623,0,0,0
2624,0,0,0
2625,0,0,0
2626,0,0,0
2627,0,0,0
2628,0,0,0
2629,0,0,0
2630,0,0,0
2631,0,0,0
2632,0,0,0
2633,0,0,0
2634,0,0,0
2635,0,0,0
2636,0,0,0
2637,0,0,0
2638,0,0,0
2639,0,0,0
2640,0,0,0
2641,0,0,0
2642,0,0,0
2643,0,0,0
2644,0,0,0
2645,0,0,0
2646,0,0,0
2647,0,0,0
2648,0,0,0
2649,0,0,0
2650,0,0,0
2651,0,0,0
2652,0,0,0
2653,0,0,0
2654,0,0,0
2655,0,0,0
2656,0,0,0
2657,0,0,0
2658,0,0,0
2659,0,0,0
2660,0,0,0
2661,0,0,0
2662,0,0,0
2663,0,0,0
2664,0,0,0
2665,0,0,0
2666,0,0,0
2667,0,0,0
2668,0,0,0
2669,0,0,0
2670,0,0,0
2671,0,0,0
2672,0,0,0
2673,0,0,0
2674,0,0,0
2675,0,0,0
2676,0,0,0
2677,0,0,0
2678,0,0,0
2679,0,0,0
2680,0,0,0
2681,0,0,0
2682,0,0,0
2683,0,0,0
2684,0,0,0
2685,0,0,0
2686,0,0,0
2687,0,0,0
2688,0,0,0
2689,0,0,0
2690,0,0,0
2691,0,0,0
2692,0,0,0
2693,0,0,0
2694,0,0,0
2695,0,0,0
2696,0,0,0
2697,0,0,0
2698,0,0,0
2699,0,0,0
2700,0,0,0
2701,0,0,0
2702,0,0,0
2703,0,0,0
2704,0,0,0
2705,0,0,0
2706,0,0,0
2707,0,0,0
2708,0,0,0
2709,0,0,0
2710,0,0,0
2711,0,0,0
2712,0,0,0
2713,0,0,0
2714,0,0,0
2715,0,0,0
2716,0,0,0
2717,0,0,0
2718,0,0,0
2719,0,0,0
2720,0,0,0
2721,0,0,0
2722,0,0,0
2723,0,0,0
2724,0,0,0
2725,0,0,0
2726,0,0,0
2727,1,0,1
2728,1,0,1
2729,1,0,1
2730,1,0,1
2731,1,0,1
2732,1,0,1
2733,1,0,1
2734,1,0,1
2735,1,0,1
2736,1,0,1
2737,1,0,1
2738,1,0,1
2739,1,0,1
2740,1,0,1
2741,1,0,1
2742,1,0,1
2743,1,0,1
2744,1,0,1
2745,1,0,1
2746,1,0,1
2747,1,0,1
2748,1,0,1
2749,1,0,1
2750,1,0,1
2751,1,0,1
2752,1,0,1
2753,1,0,1
2754,1,0,1
2755,1,0,1
2756,1,0,1
2757,1,0,1
2758,1,0,1
2759,1,0,1
2760,1,0,1
2761,1,0,1
2762,1,0,1
2763,1,0,1
2764,1,0,1
2765,1,0,1
2766,1,0,1
2767,1,0,1
2768,1,0,1
2769,1,0,1
2770,1,0,1
2771,1,0,1
2772,1,0,1
2773,0,0,0
2774,0,0,0
2775,0,0,0
2776,0,0,0
2777,0,0,0
2778,0,0,0
2779,0,0,0
2780,0,0,0
2781,0,0,0
2782,0,0,0
2783,0,0,0
2784,0,0,0
2785,0,0,0
2786,0,0,0
2787,0,0,0
2788,0,0,0
2789,0,0,0
2790,0,0,0
2791,0,0,0
2792,0,0,0
2793,0,0,0
2794,0,0,0
2795,0,0,0
2796,0,0,0
2797,0,0,0
2798,0,0,0
2799,0,0,0
2800,0,0,0
2801,0,0,0
2802,0,0,0
2803,0,0,0
2804,0,0,0
2805,0,0,0
2806,0,0,0
2807,0,0,0
2808,0,0,0
2809,0,0,0
2810,0,0,0
2811,0,0,0
2812,0,0,0
2813,0,0,0
2814,0,0,0
2815,0,0,0
2816,0,0,0
2817,0,0,0
2818,0,0,0
2819,0,0,0
2820,0,0,0
2821,0,0,0
2822,0,0,0
2823,0,0,0
2824,0,0,0
2825,0,0,0
2826,0,0,0
2827,1,0,1
2828,1,0,1
2829,1,0,1
2830,1,0,1
2831,1,0,1
2832,1,0,1
2833,1,0,1
2834,1,0,1
2835,1,0,1
2836,1,0,1
2837,1,0,1
2838,1,0,1
2839,1,0,1
2840,1,0,1
2841,1,0,1
2842,1,0,1
2843,1,0,1
2844,1,0,1
2845,1,0,1
2846,1,0,1
2847,1,0,1
2848,1,0,1
2849,1,0,1
2850,1,0,1
2851,2,0,2
2852,2,0,2
2853,2,0,2
2854,2,0,2
2855,2,0,2
2856,2,0,2
2857,2,0,2
2858,2,0,2
2859,2,0,2
2860,2,0,2
2861,2,0,2
2862,2,0,2
2863,2,0,2
2864,2,0,2
2865,1,0,1
2866,1,0,1
2867,1,0,1
2868,1,0,1
2869,1,0,1
2870,1,0,1
2871,1,0,1
2872,1,0,1
2873,1,0,1
2874,1,0,1
2875,1,0,1
2876,1,0,1
2877,1,0,1
2878,1,0,1
2879,1,0,1
2880,1,0,1
2881,1,0,1
2882,1,0,1
2883,1,0,1
2884,1,0,1
2885,1,0,1
2886,1,0,1
2887,1,0,1
2888,1,0,1
2889,1,0,1
2890,1,0,1
2891,1,0,1
2892,1,0,1
2893,1,0,1
2894,1,0,1
2895,1,0,1
2896,1,0,1
2897,1,0,1
2898,1,0,1
2899,1,0,1
2900,1,0,1
2901,1,0,1
2902,1,0,1
2903,1,0,1
2904,1,0,1
2905,1,0,1
2906,1,0,1
2907,1,0,1
2908,1,0,1
2909,1,0,1
2910,1,0,1
2911,1,0,1
2912,1,0,1
2913,1,0,1
2914,1,0,1
2915,1,0,1
2916,1,0,1
2917,1,0,1
2918,1,0,1
2919,1,0,1
2920,1,0,1
2921,1,0,1
2922,1,0,1
2923,1,0,1
2924,1,0,1
2925,1,0,1
2926,1,0,1
2927,1,0,1
2928,0,0,0
2929,0,0,0
2930,0,0,0
2931,0,0,0
2932,0,0,0
2933,0,0,0
2934,0,0,0
2935,0,0,0
2936,0,0,0
2937,0,0,0
2938,0,0,0
2939,0,0,0
2940,0,0,0
2941,0,0,0
2942,0,0,0
2943,0,0,0
2944,0,0,0
2945,0,0,0
2946,0,0,0
2947,0,0,0
2948,0,0,0
2949,0,0,0
2950,0,0,0
2951,0,0,0
2952,0,0,0
2953,0,0,0
2954,0,0,0
2955,0,0,0
2956,0,0,0
2957,0,0,0
2958,0,0,0
2959,0,0,0
2960,0,0,0
2961,0,0,0
2962,0,0,0
2963,0,0,0
2964,0,0,0
2965,0,0,0
2966,0,0,0
2967,0,0,0
2968,0,0,0
2969,0,0,0
2970,0,0,0
2971,0,0,0
2972,0,0,0
2973,0,0,0
2974,0,0,0
2975,0,0,0
2976,0,0,0
2977,0,0,0
2978,0,0,0
2979,0,0,0
2980,0,0,0
2981,0,0,0
2982,0,0,0
2983,0,0,0
2984,0,0,0
2985,0,0,0
2986,0,0,0
2987,0,0,0
2988,0,0,0
2989,0,0,0
2990,0,0,0
2991,0,0,0
2992,0,0,0
2993,0,0,0
2994,0,0,0
2995,0,0,0
2996,0,0,0
2997,0,0,0
2998,0,0,0
2999,0,0,0
3000,0,0,0
3001,0,0,0
3002,0,0,0
3003,0,0,0
3004,0,0,0
3005,0,0,0
3006,0,0,0
3007,0,0,0
3008,1,0,1
3009,1,0,1
3010,1,0,1
3011,1,0,1
3012,1,0,1
3013,1,0,1
3014,1,0,1
3015,1,0,1
3016,1,0,1
3017,1,0,1
3018,1,0,1
3019,1,0,1
3020,1,0,1
3021,1,0,1
3022,1,0,1
3023,1,0,1
3024,1,0,1
3025,1,0,1
3026,1,0,1
3027,1,0,1
3028,1,0,1
3029,1,0,1
3030,1,0,1
3031,1,0,1
3032,1,0,1
3033,1,0,1
3034,1,0,1
3035,1,0,1
3036,1,0,1
3037,1,0,1
3038,1,0,1
3039,1,0,1
3040,1,0,1
3041,1,0,1
3042,1,0,1
3043,1,0,1
3044,1,0,1
3045,1,0,1
3046,1,0,1
3047,1,0,1
3048,1,0,1
3049,1,0,1
3050,1,0,1
3051,1,0,1
3052,1,0,1
3053,1,0,1
3054,1,0,1
3055,1,0,1
3056,1,0,1
3057,1,0,1
3058,1,0,1
3059,1,0,1
3060,1,0,1
3061,1,0,1
3062,0,0,0
3063,0,0,0
3064,0,0,0
3065,0,0,0
3066,0,0,0
3067,0,0,0
3068,0,0,0
3069,0,0,0
3070,0,0,0
3071,0,0,0
3072,0,0,0
3073,0,0,0
3074,0,0,0
3075,0,0,0
3076,0,0,0
3077,0,0,0
3078,0,0,0
3079,0,0,0
3080,0,0,0
3081,0,0,0
3082,0,0,0
3083,0,0,0
3084,0,0,0
3085,0,0,0
3086,0,0,0
3087,0,0,0
3088,0,0,0
3089,0,0,0
3090,0,0,0
3091,0,0,0
3092,0,0,0
3093,0,0,0
3094,0,0,0
3095,0,0,0
3096,0,0,0
3097,0,0,0
3098,0,0,0
3099,0,0,0
3100,0,0,0
3101,0,0,0
3102,0,0,0
3103,0,0,0
3104,0,0,0
3105,0,0,0
3106,0,0,0
3107,0,0,0
3108,0,0,0
3109,0,0,0
3110,0,0,0
3111,0,0,0
3112,0,0,0
3113,1,0,1
3114,1,0,1
3115,1,0,1
3116,1,0,1
3117,1,0,1
3118,1,0,1
3119,1,0,1
3120,1,0,1
3121,1,0,1
3122,1,0,1
3123,1,0,1
3124,1,0,1
3125,1,0,1
3126,1,0,1
3127,1,0,1
3128,1,0,1
3129,1,0,1
3130,1,0,1
3131,1,0,1
3132,1,0,1
3133,1,0,1
3134,1,0,1
3135,1,0,1
3136,1,0,1
3137,1,0,1
3138,1,0,1
3139,1,0,1
3140,1,0,1
3141,1,0,1
3142,1,0,1
3143,1,0,1
3144,1,0,1
3145,1,0,1
3146,1,0,1
3147,1,0,1
3148,1,0,1
3149,1,0,1
3150,1,0,1
3151,1,0,1
3152,1,0,1
3153,1,0,1
3154,1,0,1
3155,1,0,1
3156,1,0,1
3157,1,0,1
3158,1,0,1
3159,1,0,1
3160,1,0,1
3161,1,0,1
3162,1,0,1
3163,0,0,0
3164,0,0,0
3165,0,0,0
3166,0,0,0
3167,0,0,0
3168,0,0,0
3169,0,0,0
3170,0,0,0
3171,0,0,0
3172,0,0,0
3173,0,0,0
3174,0,0,0
3175,0,0,0
3176,0,0,0
3177,0,0,0
3178,0,0,0
3179,0,0,0
3180,0,0,0
3181,0,0,0
3182,0,0,0
3183,0,0,0
3184,0,0,0
3185,0,0,0
3186,0,0,0
3187,0,0,0
3188,0,0,0
3189,0,0,0
3190,0,0,0
3191,0,0,0
3192,0,0,0
3193,0,0,0
3194,0,0,0
3195,0,0,0
3196,0,0,0
3197,0,0,0
3198,0,0,0
3199,0,0,0
3200,0,0,0
3201,0,0,0
3202,0,0,0
3203,0,0,0
3204,0,0,0
3205,0,0,0
3206,0,0,0
3207,0,0,0
3208,0,0,0
3209,0,0,0
3210,0,0,0
3211,0,0,0
3212,0,0,0
3213,0,0,0
3214,0,0,0
3215,0,0,0
3216,0,0,0
3217,0,0,0
3218,0,0,0
3219,0,0,0
3220,0,0,0
3221,0,0,0
3222,0,0,0
3223,0,0,0
3224,0,0,0
3225,0,0,0
3226,0,0,0
3227,0,0,0
3228,0,0,0
3229,0,0,0
3230,0,0,0
3231,0,0,0
3232,0,0,0
3233,0,0,0
3234,0,0,0
3235,0,0,0
3236,0,0,0
3237,0,0,0
3238,0,0,0
3239,0,0,0
3240,0,0,0
3241,0,0,0
3242,0,0,0
3243,0,0,0
3244,0,0,0
3245,0,0,0
3246,0,0,0
3247,0,0,0
3248,0,0,0
3249,0,0,0
3250,0,0,0
3251,0,0,0
3252,0,0,0
3253,0,0,0
3254,0,0,0
3255,0,0,0
3256,0,0,0
3257,0,0,0
3258,0,0,0
3259,0,0,0
3260,0,0,0
3261,0,0,0
3262,0,0,0
3263,0,0,0
3264,0,0,0
3265,0,0,0
3266,0,0,0
3267,0,0,0
3268,0,0,0
3269,0,0,0
3270,0,0,0
3271,0,0,0
3272,0,0,0
3273,0,0,0
3274,0,0,0
3275,0,0,0
3276,0,0,0
3277,0,0,0
3278,0,0,0
3279,0,0,0
3280,0,0,0
3281,0,0,0
3282,0,0,0
3283,0,0,0
3284,0,0,0
3285,0,0,0
3286,0,0,0
3287,0,0,0
3288,0,0,0
3289,0,0,0
3290,0,0,0
3291,0,0,0
3292,0,0,0
3293,0,0,0
3294,0,0,0
3295,0,0,0
3296,0,0,0
3297,0,0,0
3298,0,0,0
3299,0,0,0
3300,0,0,0
3301,0,0,0
3302,0,0,0
3303,0,0,0
3304,0,0,0
3305,0,0,0
3306,0,0,0
3307,0,0,0
3308,0,0,0
3309,0,0,0
3310,0,0,0
3311,0,0,0
3312,0,0,0
3313,0,0,0
3314,0,0,0
3315,0,0,0
3316,0,0,0
3317,0,0,0
3318,0,0,0
3319,0,0,0
3320,0,0,0
3321,0,0,0
3322,0,0,0
3323,0,0,0
3324,0,0,0
3325,0,0,0
3326,0,0,0
3327,0,0,0
3328,0,0,0
3329,0,0,0
3330,0,0,0
3331,0,0,0
3332,0,0,0
3333,0,0,0
3334,0,0,0
3335,0,0,0
3336,0,0,0
3337,0,0,0
3338,0,0,0
3339,0,0,0
3340,0,0,0
3341,0,0,0
3342,0,0,0
3343,0,0,0
3344,0,0,0
3345,0,0,0
3346,0,0,0
3347,0,0,0
3348,0,0,0
3349,0,0,0
3350,0,0,0
3351,0,0,0
3352,0,0,0
3353,0,0,0
3354,0,0,0
3355,0,0,0
3356,0,0,0
3357,0,0,0
3358,0,0,0
3359,0,0,0
3360,0,0,0
3361,0,0,0
3362,0,0,0
3363,0,0,0
3364,0,0,0
3365,0,0,0
3366,0,0,0
3367,0,0,0
3368,0,0,0
3369,0,0,0
3370,0,0,0
3371,0,0,0
3372,0,0,0
3373,0,0,0
3374,0,0,0
3375,0,0,0
3376,0,0,0
3377,0,0,0
3378,0,0,0
3379,0,0,0
3380,0,0,0
3381,0,0,0
3382,0,0,0
3383,0,0,0
3384,0,0,0
3385,0,0,0
3386,0,0,0
3387,0,0,0
3388,0,0,0
3389,0,0,0
3390,0,0,0
3391,0,0,0
3392,0,0,0
3393,0,0,0
3394,0,0,0
3395,0,0,0
3396,0,0,0
3397,0,0,0
3398,0,0,0
3399,0,0,0
3400,0,0,0
3401,0,0,0
3402,0,0,0
3403,0,0,0
3404,0,0,0
3405,0,0,0
3406,0,0,0
3407,0,0,0
3408,0,0,0
3409,0,0,0
3410,0,0,0
3411,0,0,0
3412,0,0,0
3413,0,0,0
3414,0,0,0
3415,0,0,0
3416,0,0,0
3417,0,0,0
3418,0,0,0
3419,0,0,0
3420,0,0,0
3421,0,0,0
3422,0,0,0
3423,0,0,0
3424,0,0,0
3425,0,0,0
3426,0,0,0
3427,0,0,0
3428,0,0,0
3429,0,0,0
3430,0,0,0
3431,0,0,0
3432,0,0,0
3433,0,0,0
3434,0,0,0
3435,0,0,0
3436,0,0,0
3437,0,0,0
3438,0,0,0
3439,0,0,0
3440,0,0,0
3441,0,0,0
3442,0,0,0
3443,0,0,0
3444,0,0,0
3445,0,0,0
3446,0,0,0
3447,0,0,0
3448,0,0,0
3449,0,0,0
3450,0,0,0
3451,0,0,0
3452,0,0,0
3453,0,0,0
3454,0,0,0
3455,0,0,0
3456,0,0,0
3457,0,0,0
3458,0,0,0
3459,0,0,0
3460,0,0,0
3461,0,0,0
3462,0,0,0
3463,0,0,0
3464,0,0,0
3465,0,0,0
3466,0,0,0
3467,0,0,0
3468,0,0,0
3469,0,0,0
3470,0,0,0
3471,0,0,0
3472,1,0,1
3473,1,0,1
3474,1,0,1
3475,1,0,1
3476,1,0,1
3477,1,0,1
3478,1,0,1
3479,1,0,1
3480,1,0,1
3481,1,0,1
3482,1,0,1
3483,1,0,1
3484,1,0,1
3485,1,0,1
3486,1,0,1
3487,1,0,1
3488,1,0,1
3489,1,0,1
3490,1,0,1
3491,1,0,1
3492,1,0,1
3493,1,0,1
3494,1,0,1
3495,1,0,1
3496,1,0,1
3497,2,0,2
3498,2,0,2
3499,2,0,2
3500,2,0,2
3501,2,0,2
3502,2,0,2
3503,2,0,2
3504,2,0,2
3505,2,0,2
3506,2,0,2
3507,2,0,2
3508,2,0,2
3509,2,0,2
3510,2,0,2
3511,2,0,2
3512,2,0,2
3513,2,0,2
3514,2,0,2
3515,2,0,2
3516,1,0,1
3517,1,0,1
3518,1,0,1
3519,1,0,1
3520,1,0,1
3521,1,0,1
3522,1,0,1
3523,1,0,1
3524,1,0,1
3525,1,0,1
3526,1,0,1
3527,1,0,1
3528,1,0,1
3529,1,0,1
3530,1,0,1
3531,1,0,1
3532,1,0,1
3533,1,0,1
3534,1,0,1
3535,1,0,1
3536,1,0,1
3537,1,0,1
3538,1,0,1
3539,1,0,1
3540,1,0,1
3541,0,0,0
3542,0,0,0
3543,0,0,0
3544,0,0,0
3545,0,0,0
3546,0,0,0
3547,0,0,0
3548,0,0,0
3549,0,0,0
3550,0,0,0
3551,0,0,0
3552,0,0,0
3553,0,0,0
3554,0,0,0
3555,0,0,0
3556,0,0,0
3557,0,0,0
3558,0,0,0
3559,0,0,0
3560,0,0,0
3561,0,0,0
3562,0,0,0
3563,0,0,0
3564,0,0,0
3565,0,0,0
3566,0,0,0
3567,0,0,0
3568,0,0,0
3569,0,0,0
3570,0,0,0
3571,0,0,0
3572,0,0,0
3573,0,0,0
3574,0,0,0
3575,0,0,0
3576,0,0,0
3577,0,0,0
3578,0,0,0
3579,0,0,0
3580,0,0,0
3581,0,0,0
3582,0,0,0
3583,0,0,0
3584,0,0,0
3585,0,0,0
3586,0,0,0
3587,0,0,0
3588,1,0,1
3589,1,0,1
3590,1,0,1
3591,1,0,1
3592,1,0,1
3593,1,0,1
3594,1,0,1
3595,1,0,1
3596,1,0,1
3597,1,0,1
3598,1,0,1
3599,1,0,1
3600,1,0,1
3601,1,0,1
3602,1,0,1
3603,1,0,1
3604,1,0,1
3605,1,0,1
3606,1,0,1
3607,1,0,1
3608,1,0,1
3609,1,0,1
3610,1,0,1
3611,1,0,1
3612,1,0,1
3613,1,0,1
3614,1,0,1
3615,1,0,1
3616,1,0,1
3617,1,0,1
3618,1,0,1
3619,1,0,1
3620,1,0,1
3621,1,0,1
3622,1,0,1
3623,1,0,1
3624,1,0,1
3625,1,0,1
3626,1,0,1
3627,1,0,1
3628,1,0,1
3629,1,0,1
3630,1,0,1
3631,1,0,1
3632,1,0,1
3633,1,0,1
3634,1,0,1
3635,1,0,1
3636,1,0,1
3637,1,0,1
3638,1,0,1
3639,1,0,1
3640,2,0,2
3641,2,0,2
3642,2,0,2
3643,2,0,2
3644,2,0,2
3645,2,0,2
3646,2,0,2
3647,2,0,2
3648,2,0,2
3649,2,0,2
3650,2,0,2
3651,2,0,2
3652,2,0,2
3653,2,0,2
3654,2,0,2
3655,2,0,2
3656,2,0,2
3657,2,0,2
3658,2,0,2
3659,2,0,2
3660,2,0,2
3661,2,0,2
3662,2,0,2
3663,2,0,2
3664,2,0,2
3665,2,0,2
3666,2,0,2
3667,2,0,2
3668,2,0,2
3669,2,0,2
3670,2,0,2
3671,2,0,2
3672,2,0,2
3673,2,0,2
3674,2,0,2
3675,2,0,2
3676,2,0,2
3677,2,0,2
3678,2,0,2
3679,2,0,2
3680,2,0,2
3681,2,0,2
3682,2,0,2
3683,2,0,2
3684,2,0,2
3685,2,0,2
3686,1,0,1
3687,1,0,1
3688,1,0,1
3689,1,0,1
3690,1,0,1
3691,1,0,1
3692,2,0,2
3693,2,0,2
3694,2,0,2
3695,2,0,2
3696,2,0,2
3697,2,0,2
3698,2,0,2
3699,2,0,2
3700,2,0,2
3701,2,0,2
3702,2,0,2
3703,2,0,2
3704,2,0,2
3705,2,0,2
3706,2,0,2
3707,2,0,2
3708,2,0,2
3709,2,0,2
3710,2,0,2
3711,2,0,2
3712,2,0,2
3713,2,0,2
3714,1,0,1
3715,1,0,1
3716,1,0,1
3717,1,0,1
3718,1,0,1
3719,1,0,1
3720,1,0,1
3721,1,0,1
3722,1,0,1
3723,1,0,1
3724,1,0,1
3725,1,0,1
3726,1,0,1
3727,1,0,1
3728,1,0,1
3729,1,0,1
3730,1,0,1
3731,1,0,1
3732,1,0,1
3733,1,0,1
3734,1,0,1
3735,1,0,1
3736,0,0,0
3737,0,0,0
3738,0,0,0
3739,0,0,0
3740,0,0,0
3741,0,0,0
3742,0,0,0
3743,0,0,0
3744,0,0,0
3745,0,0,0
3746,0,0,0
3747,0,0,0
3748,0,0,0
3749,0,0,0
3750,0,0,0
3751,0,0,0
3752,0,0,0
3753,0,0,0
3754,0,0,0
3755,1,0,1
3756,1,0,1
3757,1,0,1
3758,1,0,1
3759,1,0,1
3760,1,0,1
3761,1,0,1
3762,1,0,1
3763,1,0,1
3764,1,0,1
3765,1,0,1
3766,1,0,1
3767,1,0,1
3768,1,0,1
3769,1,0,1
3770,1,0,1
3771,1,0,1
3772,1,0,1
3773,1,0,1
3774,1,0,1
3775,1,0,1
3776,1,0,1
3777,1,0,1
3778,1,0,1
3779,1,0,1
3780,1,0,1
3781,1,0,1
3782,1,0,1
3783,1,0,1
3784,1,0,1
3785,1,0,1
3786,1,0,1
3787,1,0,1
3788,1,0,1
3789,1,0,1
3790,1,0,1
3791,1,0,1
3792,1,0,1
3793,1,0,1
3794,1,0,1
3795,1,0,1
3796,1,0,1
3797,2,0,2
3798,2,0,2
3799,2,0,2
3800,2,0,2
3801,2,0,2
3802,2,0,2
3803,2,0,2
3804,2,0,2
3805,1,0,1
3806,1,0,1
3807,1,0,1
3808,1,0,1
3809,1,0,1
3810,1,0,1
3811,1,0,1
3812,1,0,1
3813,1,0,1
3814,1,0,1
3815,2,0,2
3816,2,0,2
3817,2,0,2
3818,2,0,2
3819,2,0,2
3820,2,0,2
3821,2,0,2
3822,2,0,2
3823,2,0,2
3824,2,0,2
3825,2,0,2
3826,2,0,2
3827,2,0,2
3828,2,0,2
3829,2,0,2
3830,2,0,2
3831,2,0,2
3832,2,0,2
3833,1,0,1
3834,1,0,1
3835,1,0,1
3836,1,0,1
3837,1,0,1
3838,1,0,1
3839,1,0,1
3840,1,0,1
3841,1,0,1
3842,1,0,1
3843,1,0,1
3844,1,0,1
3845,1,0,1
3846,1,0,1
3847,1,0,1
3848,1,0,1
3849,1,0,1
3850,1,0,1
3851,0,0,0
3852,0,0,0
3853,0,0,0
3854,0,0,0
3855,0,0,0
3856,0,0,0
3857,0,0,0
3858,0,0,0
3859,0,0,0
3860,0,0,0
3861,0,0,0
3862,0,0,0
3863,0,0,0
3864,0,0,0
3865,0,0,0
3866,0,0,0
3867,0,0,0
3868,0,0,0
3869,0,0,0
3870,0,0,0
3871,0,0,0
3872,0,0,0
3873,0,0,0
3874,1,0,1
3875,1,0,1
3876,1,0,1
3877,1,0,1
3878,1,0,1
3879,1,0,1
3880,1,0,1
3881,1,0,1
3882,1,0,1
3883,1,0,1
3884,1,0,1
3885,1,0,1
3886,1,0,1
3887,1,0,1
3888,1,0,1
3889,1,0,1
3890,1,0,1
3891,1,0,1
3892,1,0,1
3893,1,0,1
3894,1,0,1
3895,1,0,1
3896,1,0,1
3897,1,0,1
3898,1,0,1
3899,1,0,1
3900,1,0,1
3901,1,0,1
3902,1,0,1
3903,1,0,1
3904,1,0,1
3905,1,0,1
3906,1,0,1
3907,1,0,1
3908,1,0,1
3909,1,0,1
3910,1,0,1
3911,1,0,1
3912,1,0,1
3913,1,0,1
3914,1,0,1
3915,1,0,1
3916,1,0,1
3917,1,0,1
3918,1,0,1
3919,1,0,1
3920,0,0,0
3921,0,0,0
3922,0,0,0
3923,0,0,0
3924,0,0,0
3925,0,0,0
3926,0,0,0
3927,0,0,0
3928,0,0,0
3929,0,0,0
3930,0,0,0
3931,0,0,0
3932,0,0,0
3933,0,0,0
3934,0,0,0
3935,0,0,0
3936,0,0,0
3937,0,0,0
3938,0,0,0
3939,0,0,0
3940,0,0,0
3941,0,0,0
3942,0,0,0
3943,0,0,0
3944,0,0,0
3945,0,0,0
3946,0,0,0
3947,0,0,0
3948,0,0,0
3949,0,0,0
3950,0,0,0
3951,0,0,0
3952,0,0,0
3953,0,0,0
3954,0,0,0
3955,0,0,0
3956,0,0,0
3957,0,0,0
3958,0,0,0
3959,0,0,0
3960,0,0,0
3961,0,0,0
3962,0,0,0
3963,0,0,0
3964,0,0,0
3965,0,0,0
3966,0,0,0
3967,0,0,0
3968,0,0,0
3969,0,0,0
3970,0,0,0
3971,0,0,0
3972,1,0,1
3973,1,0,1
3974,1,0,1
3975,1,0,1
3976,1,0,1
3977,1,0,1
3978,1,0,1
3979,1,0,1
3980,1,0,1
3981,1,0,1
3982,1,0,1
3983,1,0,1
3984,1,0,1
3985,1,0,1
3986,1,0,1
3987,1,0,1
3988,1,0,1
3989,1,0,1
3990,1,0,1
3991,1,0,1
3992,1,0,1
3993,1,0,1
3994,1,0,1
3995,1,0,1
3996,1,0,1
3997,1,0,1
3998,1,0,1
3999,1,0,1
4000,1,0,1
4001,1,0,1
4002,1,0,1
4003,1,0,1
4004,1,0,1
4005,2,0,2
4006,2,0,2
4007,2,0,2
4008,2,0,2
4009,2,0,2
4010,3,0,3
4011,3,0,3
4012,3,0,3
4013,3,0,3
4014,3,0,3
4015,3,0,3
4016,3,0,3
4017,3,0,3
4018,3,0,3
4019,3,0,3
4020,3,0,3
4021,3,0,3
4022,3,0,3
4023,3,0,3
4024,2,0,2
4025,2,0,2
4026,2,0,2
4027,2,0,2
4028,2,0,2
4029,2,0,2
4030,2,0,2
4031,2,0,2
4032,2,0,2
4033,2,0,2
4034,2,0,2
4035,2,0,2
4036,2,0,2
4037,2,0,2
4038,2,0,2
4039,2,0,2
4040,2,0,2
4041,2,0,2
4042,2,0,2
4043,2,0,2
4044,1,1,2
4045,1,1,2
4046,1,1,2
4047,1,1,2
4048,1,1,2
4049,0,1,1
4050,0,1,1
4051,0,1,1
4052,0,1,1
4053,0,1,1
4054,0,1,1
4055,0,1,1
4056,0,1,1
4057,0,1,1
4058,0,1,1
4059,0,1,1
4060,0,1,1
4061,0,1,1
4062,0,1,1
4063,0,1,1
4064,0,1,1
4065,0,1,1
4066,0,1,1
4067,0,1,1
4068,0,1,1
4069,0,1,1
4070,0,1,1
4071,0,1,1
4072,0,1,1
4073,0,1,1
4074,0,1,1
4075,0,1,1
4076,0,1,1
4077,0,1,1
4078,0,1,1
4079,0,1,1
4080,0,1,1
4081,0,1,1
4082,0,1,1
4083,0,1,1
4084,0,1,1
4085,0,1,1
4086,0,1,1
4087,0,1,1
4088,0,1,1
4089,0,1,1
4090,0,0,0
4091,0,0,0
4092,0,0,0
4093,0,0,0
4094,0,0,0
4095,0,0,0
4096,0,0,0
4097,0,0,0
4098,0,0,0
4099,0,0,0
4100,0,0,0
4101,0,0,0
4102,0,0,0
4103,0,0,0
4104,0,0,0
4105,0,0,0
4106,0,0,0
4107,0,0,0
4108,0,0,0
4109,1,0,1
4110,1,0,1
4111,1,0,1
4112,1,0,1
4113,1,0,1
4114,1,0,1
4115,1,0,1
4116,1,0,1
4117,1,0,1
4118,1,0,1
4119,1,0,1
4120,1,0,1
4121,1,0,1
4122,1,0,1
4123,1,0,1
4124,1,0,1
4125,1,0,1
4126,1,0,1
4127,1,0,1
4128,1,0,1
4129,1,0,1
4130,1,0,1
4131,1,0,1
4132,1,0,1
4133,1,0,1
4134,1,0,1
4135,1,0,1
4136,1,0,1
4137,1,0,1
4138,1,0,1
4139,1,0,1
4140,1,0,1
4141,1,0,1
4142,1,0,1
4143,1,0,1
4144,1,0,1
4145,1,0,1
4146,1,0,1
4147,1,0,1
4148,1,0,1
4149,1,0,1
4150,1,0,1
4151,1,0,1
4152,1,0,1
4153,1,0,1
4154,1,0,1
4155,1,0,1
4156,1,0,1
4157,1,0,1
4158,1,0,1
4159,1,0,1
4160,1,0,1
4161,1,0,1
4162,1,0,1
4163,0,0,0
4164,0,0,0
4165,0,0,0
4166,0,0,0
4167,0,0,0
4168,0,0,0
4169,0,0,0
4170,0,0,0
4171,0,0,0
4172,0,0,0
4173,0,0,0
4174,0,0,0
4175,0,0,0
4176,0,0,0
4177,0,0,0
4178,0,0,0
4179,0,0,0
4180,0,0,0
4181,0,0,0
4182,0,0,0
4183,0,0,0
4184,0,0,0
4185,0,0,0
4186,0,0,0
4187,0,0,0
4188,0,0,0
4189,0,0,0
4190,0,0,0
4191,0,0,0
4192,0,0,0
4193,0,0,0
4194,0,0,0
4195,0,0,0
4196,0,0,0
4197,0,0,0
4198,0,0,0
4199,0,0,0
4200,0,0,0
4201,0,0,0
4202,0,0,0
4203,0,0,0
4204,0,0,0
4205,0,0,0
4206,0,0,0
4207,0,0,0
4208,0,0,0
4209,0,0,0
4210,0,0,0
4211,0,0,0
4212,0,0,0
4213,0,0,0
4214,0,0,0
4215,0,0,0
4216,0,0,0
4217,0,0,0
4218,0,0,0
4219,0,0,0
4220,0,0,0
4221,0,0,0
4222,0,0,0
4223,0,0,0
4224,0,0,0
4225,0,0,0
4226,0,0,0
4227,0,0,0
4228,0,0,0
4229,0,0,0
4230,0,0,0
4231,0,0,0
4232,0,0,0
4233,0,0,0
4234,0,0,0
4235,0,0,0
4236,0,0,0
4237,0,0,0
4238,0,0,0
4239,0,0,0
4240,0,0,0
4241,0,0,0
4242,0,0,0
4243,0,0,0
4244,0,0,0
4245,0,0,0
4246,0,0,0
4247,0,0,0
4248,0,0,0
4249,0,0,0
4250,0,0,0
4251,0,0,0
4252,0,0,0
4253,0,0,0
4254,0,0,0
4255,0,0,0
4256,0,0,0
4257,0,0,0
4258,0,0,0
4259,0,0,0
4260,0,0,0
4261,0,0,0
4262,0,0,0
4263,0,0,0
4264,0,0,0
4265,0,0,0
4266,0,0,0
4267,0,0,0
4268,0,0,0
4269,0,0,0
4270,0,0,0
4271,0,0,0
4272,0,0,0
4273,0,0,0
4274,0,0,0
4275,0,0,0
4276,0,0,0
4277,0,0,0
4278,0,0,0
4279,0,0,0
4280,0,0,0
4281,0,0,0
4282,0,0,0
4283,0,0,0
4284,0,0,0
4285,0,0,0
4286,0,0,0
4287,0,0,0
4288,0,0,0
4289,0,0,0
4290,0,0,0
4291,0,0,0
4292,0,0,0
4293,0,0,0
4294,0,0,0
4295,0,0,0
4296,0,0,0
4297,0,0,0
4298,0,0,0
4299,0,0,0
4300,0,0,0
4301,0,0,0
4302,0,0,0
4303,0,0,0
4304,0,0,0
4305,0,0,0
4306,0,0,0
4307,0,0,0
4308,0,0,0
4309,0,0,0
4310,0,0,0
4311,0,0,0
4312,0,0,0
4313,0,0,0
4314,0,0,0
4315,0,0,0
4316,0,0,0
4317,0,0,0
4318,0,0,0
4319,0,0,0
4320,0,0,0
4321,0,0,0
4322,0,0,0
4323,0,0,0
4324,0,0,0
4325,0,0,0
4326,0,0,0
4327,0,0,0
4328,0,0,0
4329,0,0,0
4330,0,0,0
4331,0,0,0
4332,0,0,0
4333,0,0,0
4334,0,0,0
4335,0,0,0
4336,0,0,0
4337,0,0,0
4338,0,0,0
4339,0,0,0
4340,0,0,0
4341,0,0,0
4342,0,0,0
4343,0,0,0
4344,0,0,0
4345,0,0,0
4346,0,0,0
4347,0,0,0
4348,0,0,0
4349,0,0,0
4350,0,0,0
4351,0,0,0
4352,0,0,0
4353,0,0,0
4354,0,0,0
4355,0,0,0
4356,0,0,0
4357,0,0,0
4358,0,0,0
4359,0,0,0
4360,0,0,0
4361,0,0,0
4362,0,0,0
4363,0,0,0
4364,0,0,0
4365,0,0,0
4366,0,0,0
4367,0,0,0
4368,0,0,0
4369,0,0,0
4370,0,0,0
4371,0,0,0
4372,0,0,0
4373,0,0,0
4374,0,0,0
4375,0,0,0
4376,0,0,0
4377,0,0,0
4378,1,0,1
4379,1,0,1
4380,1,0,1
4381,1,0,1
4382,1,0,1
4383,1,0,1
4384,1,0,1
4385,1,0,1
4386,1,0,1
4387,1,0,1
4388,1,0,1
4389,1,0,1
4390,1,0,1
4391,1,0,1
4392,1,0,1
4393,1,0,1
4394,1,0,1
4395,1,0,1
4396,1,0,1
4397,1,0,1
4398,1,0,1
4399,1,0,1
4400,1,0,1
4401,1,0,1
4402,1,0,1
4403,1,0,1
4404,1,0,1
4405,1,0,1
4406,1,0,1
4407,1,0,1
4408,1,0,1
4409,1,0,1
4410,2,0,2
4411,2,0,2
4412,2,0,2
4413,2,0,2
4414,3,0,3
4415,3,0,3
4416,3,0,3
4417,3,0,3
4418,3,0,3
4419,3,0,3
4420,3,0,3
4421,3,0,3
4422,3,0,3
4423,3,0,3
4424,3,0,3
4425,3,0,3
4426,3,0,3
4427,3,0,3
4428,3,0,3
4429,3,0,3
4430,3,0,3
4431,3,0,3
4432,3,0,3
4433,3,0,3
4434,3,0,3
4435,3,0,3
4436,3,0,3
4437,3,0,3
4438,3,0,3
4439,3,0,3
4440,3,0,3
4441,3,0,3
4442,3,0,3
4443,3,0,3
4444,3,0,3
4445,3,0,3
4446,2,1,3
4447,2,1,3
4448,0,3,3
4449,0,3,3
4450,0,3,3
4451,0,3,3
4452,0,3,3
4453,0,3,3
4454,0,3,3
4455,0,3,3
4456,0,3,3
4457,0,3,3
4458,0,3,3
4459,0,3,3
4460,0,3,3
4461,0,3,3
4462,0,3,3
4463,0,3,3
4464,0,3,3
4465,0,3,3
4466,0,3,3
4467,0,3,3
4468,0,3,3
4469,0,3,3
4470,0,3,3
4471,0,3,3
4472,0,3,3
4473,0,3,3
4474,0,3,3
4475,0,3,3
4476,0,3,3
4477,0,3,3
4478,0,3,3
4479,0,3,3
4480,0,3,3
4481,0,3,3
4482,0,3,3
4483,0,3,3
4484,0,3,3
4485,0,3,3
4486,0,3,3
4487,0,3,3
4488,0,3,3
4489,0,3,3
4490,0,3,3
4491,0,2,2
4492,0,2,2
4493,0,1,1
4494,0,0,0
4495,0,0,0
4496,0,0,0
4497,0,0,0
4498,0,0,0
4499,0,0,0
4500,0,0,0
4501,0,0,0
4502,0,0,0
4503,0,0,0
4504,1,0,1
4505,1,0,1
4506,1,0,1
4507,1,0,1
4508,1,0,1
4509,1,0,1
4510,1,0,1
4511,1,0,1
4512,1,0,1
4513,1,0,1
4514,1,0,1
4515,1,0,1
4516,1,0,1
4517,1,0,1
4518,1,0,1
4519,1,0,1
4520,1,0,1
4521,1,0,1
4522,1,0,1
4523,1,0,1
4524,1,0,1
4525,1,0,1
4526,1,0,1
4527,1,0,1
4528,1,0,1
4529,1,0,1
4530,1,0,1
4531,1,0,1
4532,1,0,1
4533,1,0,1
4534,1,0,1
4535,1,0,1
4536,1,0,1
4537,1,0,1
4538,1,0,1
4539,1,0,1
4540,1,0,1
4541,1,0,1
4542,1,0,1
4543,1,0,1
4544,1,0,1
4545,1,0,1
4546,1,0,1
4547,1,0,1
4548,1,0,1
4549,1,0,1
4550,1,0,1
4551,1,0,1
4552,1,0,1
4553,1,0,1
4554,1,0,1
4555,0,0,0
4556,0,0,0
4557,0,0,0
4558,0,0,0
4559,0,0,0
4560,0,0,0
4561,0,0,0
4562,0,0,0
4563,0,0,0
4564,0,0,0
4565,0,0,0
4566,0,0,0
4567,0,0,0
4568,0,0,0
4569,0,0,0
4570,0,0,0
4571,0,0,0
4572,0,0,0
4573,0,0,0
4574,0,0,0
4575,0,0,0
4576,0,0,0
4577,0,0,0
4578,0,0,0
4579,0,0,0
4580,0,0,0
4581,0,0,0
4582,0,0,0
4583,0,0,0
4584,0,0,0
4585,0,0,0
4586,0,0,0
4587,0,0,0
4588,0,0,0
4589,0,0,0
4590,0,0,0
4591,0,0,0
4592,0,0,0
4593,0,0,0
4594,0,0,0
4595,0,0,0
4596,0,0,0
4597,0,0,0
4598,0,0,0
4599,0,0,0
4600,0,0,0
4601,0,0,0
4602,0,0,0
4603,0,0,0
4604,0,0,0
4605,0,0,0
4606,0,0,0
4607,0,0,0
4608,0,0,0
4609,0,0,0
4610,0,0,0
4611,0,0,0
4612,0,0,0
4613,0,0,0
4614,0,0,0
4615,0,0,0
4616,0,0,0
4617,0,0,0
4618,0,0,0
4619,0,0,0
4620,0,0,0
4621,0,0,0
4622,0,0,0
4623,0,0,0
4624,0,0,0
4625,0,0,0
4626,1,0,1
4627,1,0,1
4628,1,0,1
4629,1,0,1
4630,1,0,1
4631,1,0,1
4632,1,0,1
4633,1,0,1
4634,1,0,1
4635,1,0,1
4636,1,0,1
4637,1,0,1
4638,1,0,1
4639,1,0,1
4640,1,0,1
4641,1,0,1
4642,1,0,1
4643,1,0,1
4644,1,0,1
4645,1,0,1
4646,1,0,1
4647,1,0,1
4648,1,0,1
4649,1,0,1
4650,1,0,1
4651,1,0,1
4652,1,0,1
4653,1,0,1
4654,1,0,1
4655,1,0,1
4656,1,0,1
4657,1,0,1
4658,1,0,1
4659,1,0,1
4660,1,0,1
4661,1,0,1
4662,1,0,1
4663,1,0,1
4664,1,0,1
4665,1,0,1
4666,1,0,1
4667,2,0,2
4668,2,0,2
4669,2,0,2
4670,2,0,2
4671,2,0,2
4672,1,0,1
4673,1,0,1
4674,1,0,1
4675,1,0,1
4676,1,0,1
4677,1,0,1
4678,1,0,1
4679,1,0,1
4680,1,0,1
4681,1,0,1
4682,1,0,1
4683,1,0,1
4684,1,0,1
4685,1,0,1
4686,1,0,1
4687,1,0,1
4688,1,0,1
4689,1,0,1
4690,1,0,1
4691,1,0,1
4692,1,0,1
4693,1,0,1
4694,1,0,1
4695,1,0,1
4696,1,0,1
4697,1,0,1
4698,1,0,1
4699,1,0,1
4700,1,0,1
4701,1,0,1
4702,1,0,1
4703,1,0,1
4704,1,0,1
4705,1,0,1
4706,1,0,1
4707,1,0,1
4708,1,0,1
4709,1,0,1
4710,1,0,1
4711,1,0,1
4712,1,0,1
4713,0,0,0
4714,0,0,0
4715,0,0,0
4716,0,0,0
4717,0,0,0
4718,0,0,0
4719,0,0,0
4720,0,0,0
4721,0,0,0
4722,0,0,0
4723,0,0,0
4724,0,0,0
4725,0,0,0
4726,0,0,0
4727,0,0,0
4728,0,0,0
4729,0,0,0
4730,0,0,0
4731,0,0,0
4732,0,0,0
4733,0,0,0
4734,0,0,0
4735,0,0,0
4736,0,0,0
4737,0,0,0
4738,0,0,0
4739,0,0,0
4740,1,0,1
4741,1,0,1
4742,1,0,1
4743,1,0,1
4744,1,0,1
4745,1,0,1
4746,1,0,1
4747,1,0,1
4748,1,0,1
4749,1,0,1
4750,1,0,1
4751,1,0,1
4752,1,0,1
4753,1,0,1
4754,1,0,1
4755,1,0,1
4756,1,0,1
4757,1,0,1
4758,1,0,1
4759,1,0,1
4760,1,0,1
4761,1,0,1
4762,0,1,1
4763,0,1,1
4764,0,1,1
4765,0,1,1
4766,0,1,1
4767,0,1,1
4768,0,1,1
4769,0,1,1
4770,0,1,1
4771,0,1,1
4772,0,1,1
4773,0,1,1
4774,0,1,1
4775,0,1,1
4776,0,1,1
4777,0,1,1
4778,0,1,1
4779,0,1,1
4780,0,1,1
4781,0,1,1
4782,0,1,1
4783,0,1,1
4784,0,1,1
4785,0,1,1
4786,0,1,1
4787,0,1,1
4788,0,1,1
4789,0,1,1
4790,0,1,1
4791,0,1,1
4792,0,1,1
4793,0,1,1
4794,0,1,1
4795,0,1,1
4796,0,1,1
4797,0,1,1
4798,0,1,1
4799,0,1,1
4800,0,1,1
4801,0,1,1
4802,0,1,1
4803,0,1,1
4804,0,1,1
4805,0,1,1
4806,0,1,1
4807,0,1,1
4808,0,1,1
4809,0,1,1
4810,0,1,1
4811,0,0,0
4812,0,0,0
4813,0,0,0
4814,0,0,0
4815,0,0,0
4816,0,0,0
4817,0,0,0
4818,0,0,0
4819,0,0,0
4820,0,0,0
4821,0,0,0
4822,0,0,0
4823,0,0,0
4824,0,0,0
4825,0,0,0
4826,0,0,0
4827,0,0,0
4828,0,0,0
4829,0,0,0
4830,0,0,0
4831,0,0,0
4832,0,0,0
4833,0,0,0
4834,0,0,0
4835,0,0,0
4836,0,0,0
4837,0,0,0
4838,0,0,0
4839,0,0,0
4840,0,0,0
4841,0,0,0
4842,0,0,0
4843,0,0,0
4844,0,0,0
4845,0,0,0
4846,0,0,0
4847,0,0,0
4848,0,0,0
4849,0,0,0
4850,0,0,0
4851,0,0,0
4852,0,0,0
4853,0,0,0
4854,0,0,0
4855,0,0,0
4856,0,0,0
4857,0,0,0
4858,0,0,0
4859,0,0,0
4860,0,0,0
4861,0,0,0
4862,0,0,0
4863,0,0,0
4864,0,0,0
4865,0,0,0
4866,0,0,0
4867,0,0,0
4868,0,0,0
4869,0,0,0
4870,0,0,0
4871,0,0,0
4872,0,0,0
4873,0,0,0
4874,0,0,0
4875,0,0,0
4876,0,0,0
4877,0,0,0
4878,0,0,0
4879,0,0,0
4880,0,0,0
4881,0,0,0
4882,0,0,0
4883,0,0,0
4884,0,0,0
4885,0,0,0
4886,0,0,0
4887,0,0,0
4888,0,0,0
4889,0,0,0
4890,0,0,0
4891,0,0,0
4892,0,0,0
4893,0,0,0
4894,0,0,0
4895,0,0,0
4896,0,0,0
4897,0,0,0
4898,0,0,0
4899,0,0,0
4900,0,0,0
4901,1,0,1
4902,1,0,1
4903,1,0,1
4904,1,0,1
4905,1,0,1
4906,1,0,1
4907,1,0,1
4908,1,0,1
4909,1,0,1
4910,1,0,1
4911,1,0,1
4912,1,0,1
4913,1,0,1
4914,1,0,1
4915,1,0,1
4916,1,0,1
4917,1,0,1
4918,1,0,1
4919,1,0,1
4920,1,0,1
4921,1,0,1
4922,1,0,1
4923,1,0,1
4924,1,0,1
4925,1,0,1
4926,1,0,1
4927,1,0,1
4928,1,0,1
4929,1,0,1
4930,1,0,1
4931,1,0,1
4932,1,0,1
4933,1,0,1
4934,1,0,1
4935,1,0,1
4936,1,0,1
4937,1,0,1
4938,1,0,1
4939,0,0,0
4940,0,0,0
4941,0,0,0
4942,0,0,0
4943,0,0,0
4944,0,0,0
4945,0,0,0
4946,0,0,0
4947,0,0,0
4948,0,0,0
4949,0,0,0
4950,0,0,0
4951,0,0,0
4952,0,0,0
4953,0,0,0
4954,0,0,0
4955,0,0,0
4956,0,0,0
4957,0,0,0
4958,0,0,0
4959,0,0,0
4960,0,0,0
4961,0,0,0
4962,0,0,0
4963,0,0,0
4964,0,0,0
4965,0,0,0
4966,0,0,0
4967,0,0,0
4968,0,0,0
4969,0,0,0
4970,0,0,0
4971,0,0,0
4972,0,0,0
4973,0,0,0
4974,0,0,0
4975,0,0,0
4976,0,0,0
4977,0,0,0
4978,0,0,0
4979,0,0,0
4980,0,0,0
4981,0,0,0
4982,0,0,0
4983,0,0,0
4984,0,0,0
4985,0,0,0
4986,0,0,0
4987,0,0,0
4988,0,0,0
4989,0,0,0
4990,0,0,0
4991,0,0,0
4992,0,0,0
4993,0,0,0
4994,0,0,0
4995,0,0,0
4996,0,0,0
4997,0,0,0
4998,0,0,0
4999,0,0,0
5000,0,0,0
5001,0,0,0
5002,0,0,0
5003,0,0,0
5004,0,0,0
5005,0,0,0
5006,0,0,0
5007,0,0,0
5008,0,0,0
5009,0,0,0
5010,0,0,0
5011,0,0,0
5012,0,0,0
5013,0,0,0
5014,0,0,0
5015,0,0,0
5016,0,0,0
5017,0,0,0
5018,0,0,0
5019,0,0,0
5020,0,0,0
5021,0,0,0
5022,0,0,0
5023,0,0,0
5024,0,0,0
5025,0,0,0
5026,0,0,0
5027,0,0,0
5028,0,0,0
5029,0,0,0
5030,0,0,0
5031,0,0,0
5032,0,0,0
5033,0,0,0
5034,0,0,0
5035,0,0,0
5036,0,0,0
5037,0,0,0
5038,0,0,0
5039,0,0,0
5040,0,0,0
5041,0,0,0
5042,0,0,0
5043,0,0,0
5044,0,0,0
5045,0,0,0
5046,0,0,0
5047,0,0,0
5048,0,0,0
5049,0,0,0
5050,0,0,0
5051,0,0,0
5052,0,0,0
5053,0,0,0
5054,0,0,0
5055,0,0,0
5056,0,0,0
5057,0,0,0
5058,0,0,0
5059,0,0,0
5060,0,0,0
5061,0,0,0
5062,0,0,0
5063,0,0,0
5064,0,0,0
5065,0,0,0
5066,0,0,0
5067,0,0,0
5068,0,0,0
5069,0,0,0
5070,0,0,0
5071,0,0,0
5072,0,0,0
5073,0,0,0
5074,0,0,0
5075,0,0,0
5076,0,0,0
5077,0,0,0
5078,0,0,0
5079,0,0,0
5080,0,0,0
5081,0,0,0
5082,0,0,0
5083,0,0,0
5084,0,0,0
5085,0,0,0
5086,0,0,0
5087,0,0,0
5088,0,0,0
5089,0,0,0
5090,0,0,0
5091,0,0,0
5092,0,0,0
5093,0,0,0
5094,0,0,0
5095,0,0,0
5096,0,0,0
5097,0,0,0
5098,0,0,0
5099,0,0,0
5100,0,0,0
5101,0,0,0
5102,0,0,0
5103,0,0,0
5104,0,0,0
5105,0,0,0
5106,0,0,0
5107,0,0,0
5108,0,0,0
5109,0,0,0
5110,0,0,0
5111,0,0,0
5112,0,0,0
5113,0,0,0
5114,0,0,0
5115,0,0,0
5116,0,0,0
5117,0,0,0
5118,0,0,0
5119,0,0,0
5120,0,0,0
5121,0,0,0
5122,0,0,0
5123,0,0,0
5124,0,0,0
5125,0,0,0
5126,0,0,0
5127,0,0,0
5128,0,0,0
5129,0,0,0
5130,0,0,0
5131,0,0,0
5132,0,0,0
5133,0,0,0
5134,0,0,0
5135,0,0,0
5136,0,0,0
5137,0,0,0
5138,0,0,0
5139,0,0,0
5140,0,0,0
5141,0,0,0
5142,0,0,0
5143,0,0,0
5144,0,0,0
5145,0,0,0
5146,0,0,0
5147,0,0,0
5148,0,0,0
5149,0,0,0
5150,0,0,0
5151,0,0,0
5152,0,0,0
5153,0,0,0
5154,0,0,0
5155,0,0,0
5156,0,0,0
5157,0,0,0
5158,0,0,0
5159,0,0,0
5160,0,0,0
5161,0,0,0
5162,0,0,0
5163,0,0,0
5164,0,0,0
5165,0,0,0
5166,0,0,0
5167,0,0,0
5168,0,0,0
5169,0,0,0
5170,0,0,0
5171,0,0,0
5172,0,0,0
5173,0,0,0
5174,0,0,0
5175,0,0,0
5176,0,0,0
5177,0,0,0
5178,0,0,0
5179,0,0,0
5180,0,0,0
5181,0,0,0
5182,0,0,0
5183,0,0,0
5184,0,0,0
5185,0,0,0
5186,0,0,0
5187,0,0,0
5188,0,0,0
5189,0,0,0
5190,0,0,0
5191,0,0,0
5192,0,0,0
5193,0,0,0
5194,0,0,0
5195,0,0,0
5196,0,0,0
5197,0,0,0
5198,0,0,0
5199,0,0,0
5200,0,0,0
5201,0,0,0
5202,0,0,0
5203,0,0,0
5204,0,0,0
5205,0,0,0
5206,0,0,0
5207,0,0,0
5208,0,0,0
5209,0,0,0
5210,0,0,0
5211,0,0,0
5212,0,0,0
5213,0,0,0
5214,0,0,0
5215,0,0,0
5216,0,0,0
5217,0,0,0
5218,0,0,0
5219,0,0,0
5220,0,0,0
5221,0,0,0
5222,0,0,0
5223,0,0,0
5224,0,0,0
5225,0,0,0
5226,0,0,0
5227,0,0,0
5228,0,0,0
5229,0,0,0
5230,0,0,0
5231,0,0,0
5232,0,0,0
5233,0,0,0
5234,0,0,0
5235,0,0,0
5236,0,0,0
5237,0,0,0
5238,0,0,0
5239,0,0,0
5240,0,0,0
5241,0,0,0
5242,0,0,0
5243,0,0,0
5244,0,0,0
5245,0,0,0
5246,0,0,0
5247,0,0,0
5248,0,0,0
5249,0,0,0
5250,0,0,0
5251,0,0,0
5252,0,0,0
5253,0,0,0
5254,1,0,1
5255,1,0,1
5256,1,0,1
5257,1,0,1
5258,1,0,1
5259,1,0,1
5260,1,0,1
5261,1,0,1
5262,1,0,1
5263,1,0,1
5264,1,0,1
5265,1,0,1
5266,1,0,1
5267,1,0,1
5268,1,0,1
5269,1,0,1
5270,1,0,1
5271,1,0,1
5272,1,0,1
5273,1,0,1
5274,1,0,1
5275,1,0,1
5276,1,0,1
5277,1,0,1
5278,1,0,1
5279,1,0,1
5280,1,0,1
5281,1,0,1
5282,1,0,1
5283,1,0,1
5284,1,0,1
5285,1,0,1
5286,1,0,1
5287,1,0,1
5288,0,1,1
5289,0,1,1
5290,0,1,1
5291,0,1,1
5292,0,1,1
5293,0,1,1
5294,0,1,1
5295,0,1,1
5296,0,1,1
5297,0,1,1
5298,0,1,1
5299,0,1,1
5300,0,1,1
5301,0,1,1
5302,0,1,1
5303,0,1,1
5304,0,1,1
5305,0,1,1
5306,0,1,1
5307,0,1,1
5308,0,1,1
5309,0,1,1
5310,0,1,1
5311,0,1,1
5312,0,1,1
5313,0,1,1
5314,0,1,1
5315,0,1,1
5316,0,1,1
5317,0,1,1
5318,0,1,1
5319,0,1,1
5320,0,1,1
5321,0,1,1
5322,0,1,1
5323,0,1,1
5324,0,1,1
5325,0,1,1
5326,1,0,1
5327,1,0,1
5328,1,0,1
5329,1,0,1
5330,1,0,1
5331,0,0,0
5332,0,0,0
5333,0,0,0
5334,0,0,0
5335,0,0,0
5336,0,0,0
5337,0,0,0
5338,0,0,0
5339,0,0,0
5340,0,0,0
5341,0,0,0
5342,0,0,0
5343,0,0,0
5344,0,0,0
5345,0,0,0
5346,0,0,0
5347,0,0,0
5348,0,0,0
5349,0,0,0
5350,0,0,0
5351,0,0,0
5352,0,0,0
5353,0,0,0
5354,0,0,0
5355,0,0,0
5356,0,0,0
5357,0,0,0
5358,0,0,0
5359,0,0,0
5360,0,0,0
5361,0,0,0
5362,0,0,0
5363,0,0,0
5364,0,0,0
5365,0,0,0
5366,0,0,0
5367,0,0,0
5368,0,0,0
5369,0,0,0
5370,0,0,0
5371,0,0,0
5372,0,0,0
5373,0,0,0
5374,0,0,0
5375,0,0,0
5376,0,0,0
5377,0,0,0
5378,0,0,0
5379,0,0,0
5380,0,0,0
5381,0,0,0
5382,0,0,0
5383,0,0,0
5384,0,0,0
5385,0,0,0
5386,0,0,0
5387,0,0,0
5388,0,0,0
5389,0,0,0
5390,0,0,0
5391,0,0,0
5392,0,0,0
5393,0,0,0
5394,0,0,0
5395,0,0,0
5396,0,0,0
5397,0,0,0
5398,0,0,0
5399,0,0,0
5400,0,0,0
5401,0,0,0
5402,0,0,0
5403,0,0,0
5404,0,0,0
5405,0,0,0
5406,0,0,0
5407,0,0,0
5408,1,0,1
5409,1,0,1
5410,1,0,1
5411,1,0,1
5412,1,0,1
5413,1,0,1
5414,1,0,1
5415,1,0,1
5416,1,0,1
5417,1,0,1
5418,1,0,1
5419,1,0,1
5420,1,0,1
5421,1,0,1
5422,1,0,1
5423,1,0,1
5424,1,0,1
5425,1,0,1
5426,1,0,1
5427,1,0,1
5428,1,0,1
5429,1,0,1
5430,1,0,1
5431,1,0,1
5432,1,0,1
5433,1,0,1
5434,1,0,1
5435,1,0,1
5436,1,0,1
5437,1,0,1
5438,1,0,1
5439,1,0,1
5440,1,0,1
5441,1,0,1
5442,1,0,1
5443,1,0,1
5444,1,0,1
5445,1,0,1
5446,1,0,1
5447,1,0,1
5448,0,0,0
5449,0,0,0
5450,0,0,0
5451,0,0,0
5452,0,0,0
5453,0,0,0
5454,0,0,0
5455,0,0,0
5456,0,0,0
5457,0,0,0
5458,0,0,0
5459,0,0,0
5460,0,0,0
5461,0,0,0
5462,0,0,0
5463,0,0,0
5464,0,0,0
5465,0,0,0
5466,0,0,0
5467,0,0,0
5468,0,0,0
5469,0,0,0
5470,0,0,0
5471,0,0,0
5472,0,0,0
5473,0,0,0
5474,0,0,0
5475,0,0,0
5476,0,0,0
5477,0,0,0
5478,0,0,0
5479,0,0,0
5480,0,0,0
5481,0,0,0
5482,0,0,0
5483,0,0,0
5484,0,0,0
5485,0,0,0
5486,0,0,0
5487,0,0,0
5488,0,0,0
5489,0,0,0
5490,0,0,0
5491,0,0,0
5492,0,0,0
5493,0,0,0
5494,0,0,0
5495,0,0,0
5496,0,0,0
5497,0,0,0
5498,0,0,0
5499,0,0,0
5500,0,0,0
5501,0,0,0
5502,0,0,0
5503,0,0,0
5504,0,0,0
5505,0,0,0
5506,0,0,0
5507,0,0,0
5508,0,0,0
5509,0,0,0
5510,0,0,0
5511,0,0,0
5512,0,0,0
5513,0,0,0
5514,0,0,0
5515,0,0,0
5516,0,0,0
5517,0,0,0
5518,0,0,0
5519,0,0,0
5520,0,0,0
5521,0,0,0
5522,0,0,0
5523,0,0,0
5524,0,0,0
5525,0,0,0
5526,0,0,0
5527,0,0,0
5528,0,0,0
5529,0,0,0
5530,0,0,0
5531,0,0,0
5532,0,0,0
5533,0,0,0
5534,0,0,0
5535,0,0,0
5536,0,0,0
5537,0,0,0
5538,0,0,0
5539,0,0,0
5540,0,0,0
5541,0,0,0
5542,0,0,0
5543,0,0,0
5544,0,0,0
5545,0,0,0
5546,0,0,0
5547,0,0,0
5548,0,0,0
5549,0,0,0
5550,0,0,0
5551,0,0,0
5552,0,0,0
5553,0,0,0
5554,0,0,0
5555,0,0,0
5556,0,0,0
5557,0,0,0
5558,0,0,0
5559,0,0,0
5560,0,0,0
5561,0,0,0
5562,0,0,0
5563,0,0,0
5564,0,0,0
5565,0,0,0
5566,0,0,0
5567,0,0,0
5568,0,0,0
5569,0,0,0
5570,0,0,0
5571,0,0,0
5572,0,0,0
5573,0,0,0
5574,0,0,0
5575,0,0,0
5576,0,0,0
5577,0,0,0
5578,0,0,0
5579,0,0,0
5580,0,0,0
5581,0,0,0
5582,0,0,0
5583,0,0,0
5584,0,0,0
5585,0,0,0
5586,0,0,0
5587,0,0,0
5588,0,0,0
5589,0,0,0
5590,0,0,0
5591,0,0,0
5592,0,0,0
5593,0,0,0
5594,0,0,0
5595,0,0,0
5596,0,0,0
5597,0,0,0
5598,0,0,0
5599,0,0,0
5600,0,0,0
5601,0,0,0
5602,0,0,0
5603,0,0,0
5604,0,0,0
5605,0,0,0
5606,0,0,0
5607,0,0,0
5608,0,0,0
5609,0,0,0
5610,0,0,0
5611,0,0,0
5612,0,0,0
5613,0,0,0
5614,0,0,0
5615,0,0,0
5616,0,0,0
5617,0,0,0
5618,0,0,0
5619,0,0,0
5620,0,0,0
5621,0,0,0
5622,0,0,0
5623,0,0,0
5624,0,0,0
5625,0,0,0
5626,0,0,0
5627,0,0,0
5628,0,0,0
5629,0,0,0
5630,0,0,0
5631,0,0,0
5632,0,0,0
5633,0,0,0
5634,0,0,0
5635,0,0,0
5636,0,0,0
5637,0,0,0
5638,0,0,0
5639,0,0,0
5640,0,0,0
5641,0,0,0
5642,0,0,0
5643,0,0,0
5644,0,0,0
5645,0,0,0
5646,0,0,0
5647,0,0,0
5648,0,0,0
5649,0,0,0
5650,0,0,0
5651,0,0,0
5652,0,0,0
5653,0,0,0
5654,0,0,0
5655,0,0,0
5656,0,0,0
5657,0,0,0
5658,0,0,0
5659,0,0,0
5660,0,0,0
5661,0,0,0
5662,0,0,0
5663,0,0,0
5664,0,0,0
5665,0,0,0
5666,0,0,0
5667,0,0,0
5668,0,0,0
5669,0,0,0
5670,0,0,0
5671,0,0,0
5672,0,0,0
5673,0,0,0
5674,0,0,0
5675,0,0,0
5676,0,0,0
5677,0,0,0
5678,0,0,0
5679,0,0,0
5680,0,0,0
5681,0,0,0
5682,0,0,0
5683,0,0,0
5684,0,0,0
5685,0,0,0
5686,0,0,0
5687,0,0,0
5688,0,0,0
5689,0,0,0
5690,0,0,0
5691,0,0,0
5692,0,0,0
5693,0,0,0
5694,0,0,0
5695,0,0,0
5696,0,0,0
5697,0,0,0
5698,0,0,0
5699,0,0,0
5700,0,0,0
5701,0,0,0
5702,0,0,0
5703,0,0,0
5704,0,0,0
5705,0,0,0
5706,0,0,0
5707,0,0,0
5708,0,0,0
5709,0,0,0
5710,0,0,0
5711,0,0,0
5712,0,0,0
5713,0,0,0
5714,0,0,0
5715,0,0,0
5716,0,0,0
5717,0,0,0
5718,0,0,0
5719,0,0,0
5720,0,0,0
5721,0,0,0
5722,0,0,0
5723,0,0,0
5724,0,0,0
5725,0,0,0
5726,0,0,0
5727,0,0,0
5728,0,0,0
5729,0,0,0
5730,0,0,0
5731,0,0,0
5732,0,0,0
5733,0,0,0
5734,0,0,0
5735,0,0,0
5736,0,0,0
5737,0,0,0
5738,0,0,0
5739,0,0,0
5740,0,0,0
5741,0,0,0
5742,0,0,0
5743,0,0,0
5744,0,0,0
5745,0,0,0
5746,0,0,0
5747,0,0,0
5748,0,0,0
5749,0,0,0
5750,0,0,0
5751,0,0,0
5752,0,0,0
5753,0,0,0
5754,0,0,0
5755,0,0,0
5756,0,0,0
5757,0,0,0
5758,0,0,0
5759,0,0,0
5760,0,0,0
5761,0,0,0
5762,0,0,0
5763,0,0,0
5764,0,0,0
5765,0,0,0
5766,0,0,0
5767,0,0,0
5768,0,0,0
5769,0,0,0
5770,0,0,0
5771,0,0,0
5772,0,0,0
5773,0,0,0
5774,0,0,0
5775,0,0,0
5776,0,0,0
5777,0,0,0
5778,0,0,0
5779,0,0,0
5780,0,0,0
5781,0,0,0
5782,0,0,0
5783,0,0,0
5784,0,0,0
5785,0,0,0
5786,0,0,0
5787,0,0,0
5788,0,0,0
5789,0,0,0
5790,0,0,0
5791,0,0,0
5792,0,0,0
5793,0,0,0
5794,0,0,0
5795,0,0,0
5796,0,0,0
5797,0,0,0
5798,0,0,0
5799,0,0,0
5800,0,0,0
5801,0,0,0
5802,0,0,0
5803,0,0,0
5804,0,0,0
5805,0,0,0
5806,0,0,0
5807,0,0,0
5808,0,0,0
5809,0,0,0
5810,0,0,0
5811,0,0,0
5812,0,0,0
5813,0,0,0
5814,0,0,0
5815,0,0,0
5816,0,0,0
5817,0,0,0
5818,0,0,0
5819,0,0,0
5820,0,0,0
5821,0,0,0
5822,0,0,0
5823,0,0,0
5824,0,0,0
5825,0,0,0
5826,0,0,0
5827,0,0,0
5828,0,0,0
5829,0,0,0
5830,0,0,0
5831,0,0,0
5832,0,0,0
5833,0,0,0
5834,0,0,0
5835,0,0,0
5836,0,0,0
5837,0,0,0
5838,0,0,0
5839,0,0,0
5840,0,0,0
5841,0,0,0
5842,0,0,0
5843,0,0,0
5844,0,0,0
5845,0,0,0
5846,0,0,0
5847,0,0,0
5848,0,0,0
5849,0,0,0
5850,0,0,0
5851,0,0,0
5852,0,0,0
5853,0,0,0
5854,0,0,0
5855,0,0,0
5856,0,0,0
5857,0,0,0
5858,0,0,0
5859,0,0,0
5860,0,0,0
5861,0,0,0
5862,0,0,0
5863,0,0,0
5864,0,0,0
5865,0,0,0
5866,0,0,0
5867,0,0,0
5868,0,0,0
5869,0,0,0
5870,0,0,0
5871,0,0,0
5872,0,0,0
5873,0,0,0
5874,0,0,0
5875,0,0,0
5876,0,0,0
5877,0,0,0
5878,0,0,0
5879,0,0,0
5880,0,0,0
5881,0,0,0
5882,0,0,0
5883,0,0,0
5884,0,0,0
5885,1,0,1
5886,1,0,1
5887,1,0,1
5888,1,0,1
5889,1,0,1
5890,1,0,1
5891,1,0,1
5892,1,0,1
5893,1,0,1
5894,1,0,1
5895,1,0,1
5896,1,0,1
5897,1,0,1
5898,1,0,1
5899,1,0,1
5900,1,0,1
5901,1,0,1
5902,1,0,1
5903,1,0,1
5904,1,0,1
5905,1,0,1
5906,1,0,1
5907,1,0,1
5908,1,0,1
5909,1,0,1
5910,1,0,1
5911,1,0,1
5912,1,0,1
5913,1,0,1
5914,1,0,1
5915,1,0,1
5916,1,0,1
5917,1,0,1
5918,1,0,1
5919,1,0,1
5920,1,0,1
5921,0,0,0
5922,0,0,0
5923,0,0,0
5924,0,0,0
5925,0,0,0
5926,0,0,0
5927,0,0,0
5928,0,0,0
5929,0,0,0
5930,0,0,0
5931,0,0,0
5932,0,0,0
5933,0,0,0
5934,0,0,0
5935,0,0,0
5936,0,0,0
5937,0,0,0
5938,0,0,0
5939,0,0,0
5940,0,0,0
5941,0,0,0
5942,0,0,0
5943,0,0,0
5944,0,0,0
5945,0,0,0
5946,0,0,0
5947,0,0,0
5948,0,0,0
5949,0,0,0
5950,0,0,0
5951,0,0,0
5952,0,0,0
5953,0,0,0
5954,0,0,0
5955,0,0,0
5956,0,0,0
5957,0,0,0
5958,0,0,0
5959,0,0,0
5960,0,0,0
5961,0,0,0
5962,0,0,0
5963,0,0,0
5964,0,0,0
5965,0,0,0
5966,0,0,0
5967,0,0,0
5968,0,0,0
5969,0,0,0
5970,0,0,0
5971,0,0,0
5972,0,0,0
5973,0,0,0
5974,0,0,0
5975,0,0,0
5976,0,0,0
5977,0,0,0
5978,0,0,0
5979,0,0,0
5980,0,0,0
5981,0,0,0
5982,0,0,0
5983,0,0,0
5984,0,0,0
5985,0,0,0
5986,0,0,0
5987,0,0,0
5988,0,0,0
5989,0,0,0
5990,0,0,0
5991,0,0,0
5992,0,0,0
5993,0,0,0
5994,0,0,0
5995,0,0,0
5996,0,0,0
5997,0,0,0
5998,0,0,0
5999,0,0,0
6000,0,0,0
6001,0,0,0
6002,0,0,0
6003,0,0,0
6004,0,0,0
6005,0,0,0
6006,0,0,0
6007,0,0,0
6008,0,0,0
6009,0,0,0
6010,0,0,0
6011,0,0,0
6012,0,0,0
6013,0,0,0
6014,0,0,0
6015,0,0,0
6016,0,0,0
6017,0,0,0
6018,0,0,0
6019,0,0,0
6020,0,0,0
6021,0,0,0
6022,0,0,0
6023,0,0,0
6024,0,0,0
6025,0,0,0
6026,0,0,0
6027,0,0,0
6028,0,0,0
6029,0,0,0
6030,0,0,0
6031,0,0,0
6032,0,0,0
6033,0,0,0
6034,0,0,0
6035,0,0,0
6036,0,0,0
6037,0,0,0
6038,0,0,0
6039,0,0,0
6040,0,0,0
6041,0,0,0
6042,0,0,0
6043,0,0,0
6044,0,0,0
6045,0,0,0
6046,0,0,0
6047,0,0,0
6048,0,0,0
6049,0,0,0
6050,0,0,0
6051,0,0,0
6052,0,0,0
6053,0,0,0
6054,0,0,0
6055,0,0,0
6056,0,0,0
6057,0,0,0
6058,0,0,0
6059,0,0,0
6060,0,0,0
6061,0,0,0
6062,0,0,0
6063,0,0,0
6064,0,0,0
6065,0,0,0
6066,0,0,0
6067,0,0,0
6068,0,0,0
6069,0,0,0
6070,0,0,0
6071,0,0,0
6072,0,0,0
6073,0,0,0
6074,0,0,0
6075,0,0,0
6076,0,0,0
6077,0,0,0
6078,0,0,0
6079,0,0,0
6080,0,0,0
6081,0,0,0
6082,0,0,0
6083,0,0,0
6084,0,0,0
6085,0,0,0
6086,0,0,0
6087,0,0,0
6088,0,0,0
6089,0,0,0
6090,0,0,0
6091,0,0,0
6092,0,0,0
6093,0,0,0
6094,0,0,0
6095,0,0,0
6096,0,0,0
6097,0,0,0
6098,0,0,0
6099,0,0,0
6100,0,0,0
6101,0,0,0
6102,0,0,0
6103,0,0,0
6104,0,0,0
6105,0,0,0
6106,0,0,0
6107,0,0,0
6108,0,0,0
6109,0,0,0
6110,0,0,0
6111,0,0,0
6112,0,0,0
6113,0,0,0
6114,0,0,0
6115,0,0,0
6116,0,0,0
6117,0,0,0
6118,0,0,0
6119,0,0,0
6120,0,0,0
6121,0,0,0
6122,0,0,0
6123,0,0,0
6124,0,0,0
6125,0,0,0
6126,0,0,0
6127,0,0,0
6128,0,0,0
6129,0,0,0
6130,0,0,0
6131,0,0,0
6132,0,0,0
6133,0,0,0
6134,0,0,0
6135,0,0,0
6136,0,0,0
6137,0,0,0
6138,0,0,0
6139,0,0,0
6140,0,0,0
6141,0,0,0
6142,0,0,0
6143,0,0,0
6144,0,0,0
6145,0,0,0
6146,0,0,0
6147,0,0,0
6148,0,0,0
6149,0,0,0
6150,0,0,0
6151,0,0,0
6152,0,0,0
6153,0,0,0
6154,0,0,0
6155,0,0,0
6156,0,0,0
6157,0,0,0
6158,0,0,0
6159,0,0,0
6160,0,0,0
6161,0,0,0
6162,0,0,0
6163,0,0,0
6164,0,0,0
6165,0,0,0
6166,0,0,0
6167,0,0,0
6168,0,0,0
6169,0,0,0
6170,0,0,0
6171,0,0,0
6172,1,0,1
6173,1,0,1
6174,1,0,1
6175,1,0,1
6176,1,0,1
6177,1,0,1
6178,1,0,1
6179,1,0,1
6180,1,0,1
6181,1,0,1
6182,1,0,1
6183,1,0,1
6184,1,0,1
6185,1,0,1
6186,1,0,1
6187,1,0,1
6188,1,0,1
6189,1,0,1
6190,1,0,1
6191,1,0,1
6192,1,0,1
6193,1,0,1
6194,1,0,1
6195,1,0,1
6196,1,0,1
6197,1,0,1
6198,1,0,1
6199,1,0,1
6200,1,0,1
6201,1,0,1
6202,1,0,1
6203,1,0,1
6204,1,0,1
6205,1,0,1
6206,1,0,1
6207,1,0,1
6208,1,0,1
6209,2,0,2
6210,2,0,2
6211,2,0,2
6212,2,0,2
6213,2,0,2
6214,1,1,2
6215,1,1,2
6216,1,1,2
6217,1,1,2
6218,1,1,2
6219,1,1,2
6220,1,1,2
6221,0,2,2
6222,0,2,2
6223,0,2,2
6224,0,2,2
6225,0,2,2
6226,0,2,2
6227,0,2,2
6228,0,2,2
6229,0,2,2
6230,0,2,2
6231,0,2,2
6232,0,2,2
6233,0,2,2
6234,0,2,2
6235,0,2,2
6236,0,2,2
6237,0,2,2
6238,0,2,2
6239,0,2,2
6240,1,1,2
6241,1,1,2
6242,1,1,2
6243,1,1,2
6244,1,1,2
6245,0,1,1
6246,0,1,1
6247,0,1,1
6248,0,1,1
6249,0,1,1
6250,0,1,1
6251,0,1,1
6252,0,1,1
6253,0,1,1
6254,0,1,1
6255,0,1,1
6256,0,1,1
6257,0,1,1
6258,0,1,1
6259,0,1,1
6260,0,1,1
6261,0,1,1
6262,0,1,1
6263,0,1,1
6264,0,1,1
6265,0,1,1
6266,1,0,1
6267,0,0,0
6268,0,0,0
6269,0,0,0
6270,0,0,0
6271,0,0,0
6272,0,0,0
6273,0,0,0
6274,0,0,0
6275,0,0,0
6276,0,0,0
6277,0,0,0
6278,0,0,0
6279,0,0,0
6280,0,0,0
6281,0,0,0
6282,0,0,0
6283,0,0,0
6284,0,0,0
6285,0,0,0
6286,0,0,0
6287,0,0,0
6288,0,0,0
6289,0,0,0
6290,0,0,0
6291,0,0,0
6292,0,0,0
6293,0,0,0
6294,0,0,0
6295,0,0,0
6296,0,0,0
6297,0,0,0
6298,0,0,0
6299,0,0,0
6300,0,0,0
6301,0,0,0
6302,0,0,0
6303,0,0,0
6304,0,0,0
6305,0,0,0
6306,0,0,0
6307,0,0,0
6308,0,0,0
6309,0,0,0
6310,0,0,0
6311,0,0,0
6312,0,0,0
6313,0,0,0
6314,0,0,0
6315,0,0,0
6316,0,0,0
6317,0,0,0
6318,0,0,0
6319,0,0,0
6320,0,0,0
6321,0,0,0
6322,0,0,0
6323,0,0,0
6324,0,0,0
6325,0,0,0
6326,0,0,0
6327,0,0,0
6328,0,0,0
6329,0,0,0
6330,0,0,0
6331,0,0,0
6332,0,0,0
6333,0,0,0
6334,0,0,0
6335,0,0,0
6336,0,0,0
6337,0,0,0
6338,0,0,0
6339,0,0,0
6340,0,0,0
6341,0,0,0
6342,0,0,0
6343,0,0,0
6344,0,0,0
6345,1,0,1
6346,1,0,1
6347,1,0,1
6348,1,0,1
6349,1,0,1
6350,1,0,1
6351,1,0,1
6352,1,0,1
6353,1,0,1
6354,1,0,1
6355,1,0,1
6356,1,0,1
6357,1,0,1
6358,1,0,1
6359,1,0,1
6360,1,0,1
6361,1,0,1
6362,1,0,1
6363,1,0,1
6364,1,0,1
6365,1,0,1
6366,1,0,1
6367,1,0,1
6368,1,0,1
6369,1,0,1
6370,1,0,1
6371,1,0,1
6372,1,0,1
6373,1,0,1
6374,1,0,1
6375,1,0,1
6376,1,0,1
6377,1,0,1
6378,1,0,1
6379,1,0,1
6380,1,0,1
6381,1,0,1
6382,1,0,1
6383,1,0,1
6384,1,0,1
6385,1,0,1
6386,1,0,1
6387,1,0,1
6388,1,0,1
6389,1,0,1
6390,1,0,1
6391,2,0,2
6392,2,0,2
6393,2,0,2
6394,2,0,2
6395,2,0,2
6396,2,0,2
6397,2,0,2
6398,2,0,2
6399,2,0,2
6400,2,0,2
6401,2,0,2
6402,2,0,2
6403,2,0,2
6404,2,0,2
6405,2,0,2
6406,2,0,2
6407,2,0,2
6408,1,1,2
6409,1,1,2
6410,1,1,2
6411,1,1,2
6412,1,1,2
6413,1,1,2
6414,1,1,2
6415,1,1,2
6416,1,1,2
6417,1,1,2
6418,1,1,2
6419,1,1,2
6420,1,1,2
6421,1,1,2
6422,1,1,2
6423,1,1,2
6424,1,1,2
6425,1,1,2
6426,1,1,2
6427,1,1,2
6428,1,1,2
6429,1,1,2
6430,1,1,2
6431,1,1,2
6432,1,1,2
6433,1,1,2
6434,1,1,2
6435,1,1,2
6436,1,1,2
6437,1,1,2
6438,1,1,2
6439,1,1,2
6440,1,1,2
6441,1,1,2
6442,1,1,2
6443,1,1,2
6444,1,1,2
6445,1,1,2
6446,1,1,2
6447,1,1,2
6448,1,1,2
6449,1,1,2
6450,1,1,2
6451,1,1,2
6452,1,1,2
6453,1,1,2
6454,1,1,2
6455,1,1,2
6456,1,0,1
6457,1,0,1
6458,1,0,1
6459,1,0,1
6460,1,0,1
6461,1,0,1
6462,0,0,0
6463,0,0,0
6464,0,0,0
6465,0,0,0
6466,0,0,0
6467,0,0,0
6468,0,0,0
6469,0,0,0
6470,0,0,0
6471,0,0,0
6472,0,0,0
6473,0,0,0
6474,0,0,0
6475,0,0,0
6476,0,0,0
6477,0,0,0
6478,0,0,0
6479,0,0,0
6480,0,0,0
6481,0,0,0
6482,0,0,0
6483,0,0,0
6484,0,0,0
6485,0,0,0
6486,0,0,0
6487,0,0,0
6488,0,0,0
6489,0,0,0
6490,0,0,0
6491,0,0,0
6492,0,0,0
6493,0,0,0
6494,0,0,0
6495,0,0,0
6496,0,0,0
6497,0,0,0
6498,0,0,0
6499,0,0,0
6500,0,0,0
6501,0,0,0
6502,0,0,0
6503,0,0,0
6504,0,0,0
6505,0,0,0
6506,0,0,0
6507,0,0,0
6508,0,0,0
6509,0,0,0
6510,0,0,0
6511,0,0,0
6512,0,0,0
6513,0,0,0
6514,0,0,0
6515,0,0,0
6516,0,0,0
6517,0,0,0
6518,0,0,0
6519,0,0,0
6520,0,0,0
6521,0,0,0
6522,0,0,0
6523,0,0,0
6524,0,0,0
6525,0,0,0
6526,0,0,0
6527,0,0,0
6528,0,0,0
6529,0,0,0
6530,0,0,0
6531,0,0,0
6532,0,0,0
6533,0,0,0
6534,0,0,0
6535,0,0,0
6536,0,0,0
6537,0,0,0
6538,0,0,0
6539,0,0,0
6540,0,0,0
6541,0,0,0
6542,0,0,0
6543,0,0,0
6544,0,0,0
6545,0,0,0
6546,0,0,0
6547,0,0,0
6548,0,0,0
6549,0,0,0
6550,0,0,0
6551,0,0,0
6552,0,0,0
6553,0,0,0
6554,0,0,0
6555,0,0,0
6556,0,0,0
6557,0,0,0
6558,0,0,0
6559,0,0,0
6560,0,0,0
6561,0,0,0
6562,0,0,0
6563,0,0,0
6564,0,0,0
6565,0,0,0
6566,0,0,0
6567,0,0,0
6568,0,0,0
6569,0,0,0
6570,0,0,0
6571,0,0,0
6572,0,0,0
6573,0,0,0
6574,0,0,0
6575,0,0,0
6576,0,0,0
6577,0,0,0
6578,0,0,0
6579,0,0,0
6580,0,0,0
6581,0,0,0
6582,0,0,0
6583,0,0,0
6584,0,0,0
6585,0,0,0
6586,0,0,0
6587,0,0,0
6588,0,0,0
6589,0,0,0
6590,0,0,0
6591,0,0,0
6592,0,0,0
6593,0,0,0
6594,0,0,0
6595,0,0,0
6596,0,0,0
6597,0,0,0
6598,0,0,0
6599,0,0,0
6600,0,0,0
6601,0,0,0
6602,0,0,0
6603,0,0,0
6604,0,0,0
6605,0,0,0
6606,0,0,0
6607,0,0,0
6608,0,0,0
6609,0,0,0
6610,0,0,0
6611,0,0,0
6612,0,0,0
6613,0,0,0
6614,0,0,0
6615,0,0,0
6616,0,0,0
6617,0,0,0
6618,0,0,0
6619,0,0,0
6620,0,0,0
6621,0,0,0
6622,0,0,0
6623,0,0,0
6624,0,0,0
6625,0,0,0
6626,0,0,0
6627,0,0,0
6628,0,0,0
6629,0,0,0
6630,0,0,0
6631,0,0,0
6632,0,0,0
6633,0,0,0
6634,0,0,0
6635,0,0,0
6636,0,0,0
6637,0,0,0
6638,0,0,0
6639,0,0,0
6640,0,0,0
6641,0,0,0
6642,0,0,0
6643,0,0,0
6644,0,0,0
6645,0,0,0
6646,0,0,0
6647,0,0,0
6648,0,0,0
6649,0,0,0
6650,0,0,0
6651,0,0,0
6652,0,0,0
6653,0,0,0
6654,0,0,0
6655,0,0,0
6656,0,0,0
6657,0,0,0
6658,0,0,0
6659,0,0,0
6660,0,0,0
6661,0,0,0
6662,0,0,0
6663,0,0,0
6664,0,0,0
6665,0,0,0
6666,1,0,1
6667,1,0,1
6668,1,0,1
6669,1,0,1
6670,1,0,1
6671,1,0,1
6672,1,0,1
6673,1,0,1
6674,1,0,1
6675,1,0,1
6676,1,0,1
6677,1,0,1
6678,1,0,1
6679,1,0,1
6680,1,0,1
6681,1,0,1
6682,1,0,1
6683,1,0,1
6684,1,0,1
6685,1,0,1
6686,1,0,1
6687,1,0,1
6688,1,0,1
6689,1,0,1
6690,1,0,1
6691,1,0,1
6692,1,0,1
6693,1,0,1
6694,1,0,1
6695,1,0,1
6696,1,0,1
6697,1,0,1
6698,1,0,1
6699,1,0,1
6700,1,0,1
6701,1,0,1
6702,1,0,1
6703,1,0,1
6704,1,0,1
6705,1,0,1
6706,1,0,1
6707,1,0,1
6708,1,0,1
6709,1,0,1
6710,0,0,0
6711,0,0,0
6712,0,0,0
6713,0,0,0
6714,0,0,0
6715,0,0,0
6716,0,0,0
6717,0,0,0
6718,0,0,0
6719,0,0,0
6720,0,0,0
6721,0,0,0
6722,0,0,0
6723,0,0,0
6724,0,0,0
6725,0,0,0
6726,0,0,0
6727,0,0,0
6728,0,0,0
6729,0,0,0
6730,0,0,0
6731,0,0,0
6732,0,0,0
6733,0,0,0
6734,0,0,0
6735,0,0,0
6736,0,0,0
6737,0,0,0
6738,0,0,0
6739,0,0,0
6740,0,0,0
6741,0,0,0
6742,0,0,0
6743,0,0,0
6744,0,0,0
6745,0,0,0
6746,0,0,0
6747,0,0,0
6748,0,0,0
6749,0,0,0
6750,0,0,0
6751,0,0,0
6752,0,0,0
6753,0,0,0
6754,0,0,0
6755,0,0,0
6756,0,0,0
6757,0,0,0
6758,0,0,0
6759,0,0,0
6760,0,0,0
6761,0,0,0
6762,0,0,0
6763,0,0,0
6764,0,0,0
6765,0,0,0
6766,0,0,0
6767,0,0,0
6768,0,0,0
6769,0,0,0
6770,0,0,0
6771,0,0,0
6772,0,0,0
6773,0,0,0
6774,1,0,1
6775,1,0,1
6776,1,0,1
6777,1,0,1
6778,1,0,1
6779,1,0,1
6780,1,0,1
6781,1,0,1
6782,1,0,1
6783,1,0,1
6784,1,0,1
6785,1,0,1
6786,1,0,1
6787,1,0,1
6788,1,0,1
6789,1,0,1
6790,1,0,1
6791,1,0,1
6792,1,0,1
6793,1,0,1
6794,1,0,1
6795,1,0,1
6796,1,0,1
6797,1,0,1
6798,1,0,1
6799,1,0,1
6800,1,0,1
6801,1,0,1
6802,1,0,1
6803,1,0,1
6804,1,0,1
6805,1,0,1
6806,1,0,1
6807,1,0,1
6808,1,0,1
6809,1,0,1
6810,2,0,2
6811,2,0,2
6812,2,0,2
6813,2,0,2
6814,2,0,2
6815,2,0,2
6816,2,0,2
6817,2,0,2
6818,2,0,2
6819,2,0,2
6820,2,0,2
6821,2,0,2
6822,2,0,2
6823,2,0,2
6824,2,0,2
6825,2,0,2
6826,2,0,2
6827,2,0,2
6828,2,0,2
6829,2,0,2
6830,2,0,2
6831,2,0,2
6832,2,0,2
6833,2,0,2
6834,2,0,2
6835,2,0,2
6836,1,0,1
6837,1,0,1
6838,1,0,1
6839,1,0,1
6840,1,0,1
6841,1,0,1
6842,1,0,1
6843,1,0,1
6844,1,0,1
6845,1,0,1
6846,2,0,2
6847,2,0,2
6848,2,0,2
6849,2,0,2
6850,2,0,2
6851,3,0,3
6852,3,0,3
6853,3,0,3
6854,3,0,3
6855,3,0,3
6856,3,0,3
6857,3,0,3
6858,3,0,3
6859,4,0,4
6860,4,0,4
6861,4,0,4
6862,4,0,4
6863,4,0,4
6864,4,0,4
6865,4,0,4
6866,4,0,4
6867,4,0,4
6868,4,0,4
6869,4,0,4
6870,4,0,4
6871,4,0,4
6872,4,0,4
6873,4,0,4
6874,4,0,4
6875,4,0,4
6876,4,0,4
6877,4,0,4
6878,4,0,4
6879,4,0,4
6880,4,0,4
6881,4,0,4
6882,4,0,4
6883,4,0,4
6884,4,0,4
6885,4,0,4
6886,4,0,4
6887,4,0,4
6888,4,0,4
6889,4,0,4
6890,4,0,4
6891,4,0,4
6892,4,0,4
6893,4,0,4
6894,4,0,4
6895,4,0,4
6896,4,0,4
6897,4,0,4
6898,4,0,4
6899,3,0,3
6900,3,0,3
6901,3,0,3
6902,3,0,3
6903,3,0,3
6904,3,0,3
6905,3,0,3
6906,3,0,3
6907,3,0,3
6908,3,0,3
6909,3,0,3
6910,3,0,3
6911,3,0,3
6912,3,0,3
6913,3,0,3
6914,3,0,3
6915,3,0,3
6916,3,0,3
6917,3,0,3
6918,3,0,3
6919,3,0,3
6920,3,0,3
6921,2,0,2
6922,2,0,2
6923,2,0,2
6924,2,0,2
6925,2,0,2
6926,2,0,2
6927,2,0,2
6928,2,0,2
6929,2,0,2
6930,2,0,2
6931,2,0,2
6932,2,0,2
6933,2,0,2
6934,2,0,2
6935,2,0,2
6936,2,0,2
6937,2,0,2
6938,2,0,2
6939,2,0,2
6940,2,0,2
6941,2,0,2
6942,2,0,2
6943,2,0,2
6944,2,0,2
6945,2,0,2
6946,2,0,2
6947,2,0,2
6948,2,0,2
6949,2,0,2
6950,3,0,3
6951,3,0,3
6952,3,0,3
6953,3,0,3
6954,3,0,3
6955,3,0,3
6956,3,0,3
6957,3,0,3
6958,3,0,3
6959,3,0,3
6960,3,0,3
6961,3,0,3
6962,3,0,3
6963,3,0,3
6964,3,0,3
6965,3,0,3
6966,3,0,3
6967,3,0,3
6968,3,0,3
6969,3,0,3
6970,3,0,3
6971,3,0,3
6972,3,0,3
6973,3,0,3
6974,3,0,3
6975,3,0,3
6976,3,0,3
6977,3,0,3
6978,3,0,3
6979,3,0,3
6980,3,0,3
6981,3,0,3
6982,3,0,3
6983,3,0,3
6984,3,0,3
6985,3,0,3
6986,3,0,3
6987,3,0,3
6988,3,0,3
6989,3,0,3
6990,3,0,3
6991,3,0,3
6992,3,0,3
6993,3,0,3
6994,3,0,3
6995,3,0,3
6996,3,0,3
6997,3,0,3
6998,3,0,3
6999,3,0,3
7000,3,0,3
7001,3,0,3
7002,3,0,3
7003,3,0,3
7004,3,0,3
7005,3,0,3
7006,3,0,3
7007,3,0,3
7008,2,0,2
7009,2,0,2
7010,2,0,2
7011,2,0,2
7012,2,0,2
7013,2,0,2
7014,2,0,2
7015,2,0,2
7016,2,0,2
7017,2,0,2
7018,2,0,2
7019,2,0,2
7020,2,0,2
7021,2,0,2
7022,2,0,2
7023,2,0,2
7024,2,0,2
7025,2,0,2
7026,2,0,2
7027,2,0,2
7028,2,0,2
7029,2,0,2
7030,2,0,2
7031,2,0,2
7032,3,0,3
7033,3,0,3
7034,3,0,3
7035,3,0,3
7036,3,0,3
7037,3,0,3
7038,3,0,3
7039,3,0,3
7040,3,0,3
7041,3,0,3
7042,3,0,3
7043,3,0,3
7044,3,0,3
7045,3,0,3
7046,3,0,3
7047,3,0,3
7048,3,0,3
7049,3,0,3
7050,3,0,3
7051,3,0,3
7052,3,0,3
7053,3,0,3
7054,3,0,3
7055,1,0,1
7056,1,0,1
7057,1,0,1
7058,1,0,1
7059,1,0,1
7060,1,0,1
7061,1,0,1
7062,1,0,1
7063,1,0,1
7064,1,0,1
7065,1,0,1
7066,1,0,1
7067,1,0,1
7068,1,0,1
7069,1,0,1
7070,1,0,1
7071,1,0,1
7072,1,0,1
7073,1,0,1
7074,1,0,1
7075,1,0,1
7076,1,0,1
7077,1,0,1
7078,1,0,1
7079,1,0,1
7080,1,0,1
7081,1,0,1
7082,1,0,1
7083,1,0,1
7084,1,0,1
7085,1,0,1
7086,1,0,1
7087,1,0,1
7088,1,0,1
7089,1,0,1
7090,1,0,1
7091,1,0,1
7092,1,0,1
7093,1,0,1
7094,1,0,1
7095,1,0,1
7096,1,0,1
7097,1,0,1
7098,1,0,1
7099,1,0,1
7100,1,0,1
7101,1,0,1
7102,1,0,1
7103,0,1,1
7104,0,1,1
7105,0,1,1
7106,0,1,1
7107,0,1,1
7108,0,1,1
7109,0,1,1
7110,0,1,1
7111,0,1,1
7112,0,1,1
7113,0,1,1
7114,0,1,1
7115,0,1,1
7116,0,1,1
7117,0,1,1
7118,0,1,1
7119,0,1,1
7120,0,1,1
7121,0,1,1
7122,0,1,1
7123,0,1,1
7124,0,1,1
7125,0,1,1
7126,0,1,1
7127,0,1,1
7128,0,1,1
7129,0,1,1
7130,0,1,1
7131,0,1,1
7132,0,1,1
7133,0,1,1
7134,0,1,1
7135,0,1,1
7136,0,1,1
7137,0,1,1
7138,0,1,1
7139,0,1,1
7140,0,1,1
7141,0,1,1
7142,1,0,1
7143,1,0,1
7144,1,0,1
7145,1,0,1
7146,1,0,1
7147,1,0,1
7148,1,0,1
7149,0,0,0
7150,0,0,0
7151,0,0,0
7152,0,0,0
7153,0,0,0
7154,0,0,0
7155,0,0,0
7156,0,0,0
7157,0,0,0
7158,0,0,0
7159,0,0,0
7160,0,0,0
7161,0,0,0
7162,0,0,0
7163,0,0,0
7164,0,0,0
7165,0,0,0
7166,0,0,0
7167,0,0,0
7168,0,0,0
7169,0,0,0
7170,0,0,0
7171,0,0,0
7172,0,0,0
7173,0,0,0
7174,0,0,0
7175,0,0,0
7176,0,0,0
7177,0,0,0
7178,0,0,0
7179,0,0,0
7180,0,0,0
7181,0,0,0
7182,0,0,0
7183,0,0,0
7184,0,0,0
7185,0,0,0
7186,0,0,0
7187,0,0,0
7188,0,0,0
7189,0,0,0
7190,0,0,0
7191,0,0,0
7192,0,0,0
7193,0,0,0
7194,0,0,0
7195,0,0,0
7196,0,0,0
7197,0,0,0
7198,0,0,0
7199,0,0,0
7200,0,0,0
7201,0,0,0
7202,0,0,0
7203,0,0,0
7204,0,0,0
7205,0,0,0
7206,0,0,0
7207,0,0,0
7208,0,0,0
7209,0,0,0
7210,0,0,0
7211,0,0,0
7212,0,0,0
7213,0,0,0
7214,0,0,0
7215,0,0,0
7216,0,0,0
7217,1,0,1
7218,1,0,1
7219,1,0,1
7220,1,0,1
7221,1,0,1
7222,1,0,1
7223,1,0,1
7224,1,0,1
7225,1,0,1
7226,1,0,1
7227,1,0,1
7228,1,0,1
7229,1,0,1
7230,1,0,1
7231,1,0,1
7232,1,0,1
7233,1,0,1
7234,1,0,1
7235,1,0,1
7236,1,0,1
7237,1,0,1
7238,1,0,1
7239,1,0,1
7240,1,0,1
7241,1,0,1
7242,1,0,1
7243,1,0,1
7244,1,0,1
7245,1,0,1
7246,1,0,1
7247,1,0,1
7248,1,0,1
7249,1,0,1
7250,1,0,1
7251,1,0,1
7252,1,0,1
7253,1,0,1
7254,1,0,1
7255,1,0,1
7256,1,0,1
7257,1,0,1
7258,1,0,1
7259,1,0,1
7260,1,0,1
7261,1,0,1
7262,1,0,1
7263,1,0,1
7264,1,0,1
7265,0,0,0
7266,0,0,0
7267,1,0,1
7268,1,0,1
7269,1,0,1
7270,1,0,1
7271,1,0,1
7272,1,0,1
7273,1,0,1
7274,1,0,1
7275,1,0,1
7276,1,0,1
7277,1,0,1
7278,1,0,1
7279,1,0,1
7280,1,0,1
7281,1,0,1
7282,1,0,1
7283,1,0,1
7284,1,0,1
7285,1,0,1
7286,1,0,1
7287,1,0,1
7288,1,0,1
7289,1,0,1
7290,1,0,1
7291,1,0,1
7292,1,0,1
7293,1,0,1
7294,1,0,1
7295,1,0,1
7296,1,0,1
7297,1,0,1
7298,2,0,2
7299,2,0,2
7300,2,0,2
7301,2,0,2
7302,2,0,2
7303,2,0,2
7304,2,0,2
7305,2,0,2
7306,2,0,2
7307,2,0,2
7308,2,0,2
7309,2,0,2
7310,2,0,2
7311,2,0,2
7312,2,0,2
7313,2,0,2
7314,2,0,2
7315,2,0,2
7316,2,0,2
7317,2,0,2
7318,2,0,2
7319,2,0,2
7320,2,0,2
7321,2,0,2
7322,1,1,2
7323,1,1,2
7324,1,1,2
7325,1,1,2
7326,1,1,2
7327,1,1,2
7328,1,1,2
7329,1,1,2
7330,1,1,2
7331,1,1,2
7332,1,1,2
7333,1,1,2
7334,1,1,2
7335,1,1,2
7336,1,1,2
7337,1,1,2
7338,1,1,2
7339,1,1,2
7340,1,1,2
7341,1,1,2
7342,1,1,2
7343,1,1,2
7344,1,1,2
7345,1,1,2
7346,1,1,2
7347,1,1,2
7348,1,1,2
7349,1,1,2
7350,1,1,2
7351,1,1,2
7352,1,1,2
7353,1,1,2
7354,1,1,2
7355,1,1,2
7356,1,1,2
7357,2,0,2
7358,2,0,2
7359,1,0,1
7360,0,0,0
7361,0,0,0
7362,0,0,0
7363,0,0,0
7364,0,0,0
7365,0,0,0
7366,0,0,0
7367,0,0,0
7368,0,0,0
7369,0,0,0
7370,0,0,0
7371,0,0,0
7372,0,0,0
7373,0,0,0
7374,0,0,0
7375,0,0,0
7376,0,0,0
7377,0,0,0
7378,0,0,0
7379,0,0,0
7380,0,0,0
7381,0,0,0
7382,0,0,0
7383,0,0,0
7384,0,0,0
7385,0,0,0
7386,0,0,0
7387,0,0,0
7388,0,0,0
7389,0,0,0
7390,0,0,0
7391,0,0,0
7392,0,0,0
7393,0,0,0
7394,0,0,0
7395,0,0,0
7396,0,0,0
7397,0,0,0
7398,0,0,0
7399,0,0,0
7400,0,0,0
7401,0,0,0
7402,0,0,0
7403,0,0,0
7404,0,0,0
7405,0,0,0
7406,0,0,0
7407,0,0,0
7408,0,0,0
7409,0,0,0
7410,0,0,0
7411,0,0,0
7412,0,0,0
7413,0,0,0
7414,0,0,0
7415,0,0,0
7416,0,0,0
7417,0,0,0
7418,0,0,0
7419,0,0,0
7420,0,0,0
7421,0,0,0
7422,0,0,0
7423,0,0,0
7424,0,0,0
7425,0,0,0
7426,0,0,0
7427,0,0,0
7428,0,0,0
7429,0,0,0
7430,0,0,0
7431,0,0,0
7432,0,0,0
7433,0,0,0
7434,0,0,0
7435,0,0,0
7436,0,0,0
7437,0,0,0
7438,0,0,0
7439,0,0,0
7440,0,0,0
7441,0,0,0
7442,0,0,0
7443,0,0,0
7444,0,0,0
7445,0,0,0
7446,0,0,0
7447,1,0,1
7448,1,0,1
7449,1,0,1
7450,1,0,1
7451,1,0,1
7452,1,0,1
7453,1,0,1
7454,1,0,1
7455,1,0,1
7456,1,0,1
7457,1,0,1
7458,2,0,2
7459,2,0,2
7460,2,0,2
7461,2,0,2
7462,2,0,2
7463,2,0,2
7464,2,0,2
7465,2,0,2
7466,2,0,2
7467,2,0,2
7468,2,0,2
7469,2,0,2
7470,2,0,2
7471,2,0,2
7472,2,0,2
7473,2,0,2
7474,2,0,2
7475,2,0,2
7476,2,0,2
7477,2,0,2
7478,2,0,2
7479,2,0,2
7480,2,0,2
7481,2,0,2
7482,2,0,2
7483,3,0,3
7484,3,0,3
7485,3,0,3
7486,3,0,3
7487,3,0,3
7488,3,0,3
7489,3,0,3
7490,3,0,3
7491,3,0,3
7492,3,0,3
7493,2,0,2
7494,2,0,2
7495,2,0,2
7496,2,0,2
7497,2,0,2
7498,2,0,2
7499,2,0,2
7500,3,0,3
7501,3,0,3
7502,3,0,3
7503,3,0,3
7504,3,0,3
7505,3,0,3
7506,3,0,3
7507,3,0,3
7508,3,0,3
7509,3,0,3
7510,3,0,3
7511,3,0,3
7512,4,0,4
7513,4,0,4
7514,4,0,4
7515,4,0,4
7516,4,0,4
7517,4,0,4
7518,4,0,4
7519,4,0,4
7520,4,0,4
7521,3,1,4
7522,3,1,4
7523,3,1,4
7524,3,1,4
7525,3,1,4
7526,3,1,4
7527,3,1,4
7528,3,1,4
7529,3,1,4
7530,3,1,4
7531,3,1,4
7532,3,1,4
7533,3,1,4
7534,3,1,4
7535,3,1,4
7536,3,1,4
7537,2,1,3
7538,2,1,3
7539,2,1,3
7540,2,1,3
7541,2,1,3
7542,2,1,3
7543,2,1,3
7544,2,1,3
7545,2,1,3
7546,1,1,2
7547,1,1,2
7548,1,1,2
7549,1,1,2
7550,1,1,2
7551,1,1,2
7552,1,1,2
7553,1,1,2
7554,1,1,2
7555,1,1,2
7556,1,1,2
7557,1,1,2
7558,1,1,2
7559,1,1,2
7560,1,1,2
7561,1,1,2
7562,1,1,2
7563,1,1,2
7564,1,1,2
7565,1,0,1
7566,1,0,1
7567,1,0,1
7568,1,0,1
7569,1,0,1
7570,1,0,1
7571,1,0,1
7572,1,0,1
7573,1,0,1
7574,1,0,1
7575,1,0,1
7576,1,0,1
7577,1,0,1
7578,1,0,1
7579,1,0,1
7580,1,0,1
7581,1,0,1
7582,1,0,1
7583,1,0,1
7584,1,0,1
7585,1,0,1
7586,1,0,1
7587,1,0,1
7588,1,0,1
7589,1,0,1
7590,1,0,1
7591,1,0,1
7592,1,0,1
7593,1,0,1
7594,1,0,1
7595,1,0,1
7596,1,0,1
7597,1,0,1
7598,1,0,1
7599,1,0,1
7600,1,0,1
7601,1,0,1
7602,1,0,1
7603,1,0,1
7604,1,0,1
7605,1,0,1
7606,0,0,0
7607,0,0,0
7608,0,0,0
7609,0,0,0
7610,0,0,0
7611,0,0,0
7612,0,0,0
7613,0,0,0
7614,0,0,0
7615,0,0,0
7616,0,0,0
7617,0,0,0
7618,0,0,0
7619,0,0,0
7620,0,0,0
7621,0,0,0
7622,0,0,0
7623,0,0,0
7624,0,0,0
7625,0,0,0
7626,0,0,0
7627,0,0,0
7628,0,0,0
7629,0,0,0
7630,0,0,0
7631,0,0,0
7632,0,0,0
7633,0,0,0
7634,0,0,0
7635,1,0,1
7636,1,0,1
7637,1,0,1
7638,2,0,2
7639,2,0,2
7640,2,0,2
7641,2,0,2
7642,2,0,2
7643,2,0,2
7644,2,0,2
7645,2,0,2
7646,2,0,2
7647,2,0,2
7648,2,0,2
7649,2,0,2
7650,2,0,2
7651,2,0,2
7652,2,0,2
7653,2,0,2
7654,2,0,2
7655,2,0,2
7656,2,0,2
7657,2,0,2
7658,2,0,2
7659,2,0,2
7660,2,0,2
7661,2,0,2
7662,2,0,2
7663,2,0,2
7664,2,0,2
7665,2,0,2
7666,2,0,2
7667,2,0,2
7668,2,0,2
7669,2,0,2
7670,2,0,2
7671,2,0,2
7672,2,0,2
7673,2,0,2
7674,2,0,2
7675,2,0,2
7676,2,0,2
7677,2,0,2
7678,2,0,2
7679,3,0,3
7680,3,0,3
7681,3,0,3
7682,2,1,3
7683,3,0,3
7684,3,0,3
7685,3,0,3
7686,3,0,3
7687,3,0,3
7688,3,0,3
7689,3,0,3
7690,3,0,3
7691,3,0,3
7692,3,0,3
7693,3,0,3
7694,3,0,3
7695,3,0,3
7696,3,0,3
7697,3,0,3
7698,3,0,3
7699,3,0,3
7700,3,0,3
7701,3,0,3
7702,3,0,3
7703,3,0,3
7704,3,0,3
7705,3,0,3
7706,3,0,3
7707,3,0,3
7708,3,0,3
7709,3,0,3
7710,3,0,3
7711,3,0,3
7712,3,0,3
7713,3,0,3
7714,3,0,3
7715,2,0,2
7716,2,0,2
7717,2,0,2
7718,2,0,2
7719,2,0,2
7720,2,0,2
7721,2,0,2
7722,2,0,2
7723,3,0,3
7724,3,0,3
7725,3,0,3
7726,3,0,3
7727,3,0,3
7728,3,0,3
7729,3,0,3
7730,3,0,3
7731,3,0,3
7732,3,0,3
7733,3,0,3
7734,3,0,3
7735,3,0,3
7736,3,0,3
7737,3,0,3
7738,3,0,3
7739,3,0,3
7740,3,0,3
7741,3,0,3
7742,3,0,3
7743,3,0,3
7744,3,0,3
7745,3,0,3
7746,3,0,3
7747,3,0,3
7748,3,0,3
7749,3,0,3
7750,3,0,3
7751,3,0,3
7752,3,0,3
7753,3,0,3
7754,3,0,3
7755,3,0,3
7756,3,0,3
7757,3,0,3
7758,3,0,3
7759,3,0,3
7760,3,0,3
7761,3,0,3
7762,3,0,3
7763,3,0,3
7764,3,0,3
7765,3,0,3
7766,3,0,3
7767,3,0,3
7768,3,0,3
7769,3,0,3
7770,3,0,3
7771,3,0,3
7772,3,0,3
7773,3,0,3
7774,3,0,3
7775,3,0,3
7776,3,0,3
7777,3,0,3
7778,3,0,3
7779,3,0,3
7780,3,0,3
7781,3,0,3
7782,3,0,3
7783,3,0,3
7784,3,0,3
7785,3,0,3
7786,3,0,3
7787,3,0,3
7788,3,0,3
7789,3,0,3
7790,3,0,3
7791,3,0,3
7792,3,0,3
7793,3,0,3
7794,3,0,3
7795,3,0,3
7796,3,0,3
7797,3,0,3
7798,3,0,3
7799,3,0,3
7800,3,0,3
7801,3,0,3
7802,3,0,3
7803,3,0,3
7804,3,0,3
7805,3,0,3
7806,3,0,3
7807,3,0,3
7808,3,0,3
7809,3,0,3
7810,3,0,3
7811,3,0,3
7812,3,0,3
7813,3,0,3
7814,3,0,3
7815,3,0,3
7816,3,0,3
7817,3,0,3
7818,3,0,3
7819,3,0,3
7820,3,0,3
7821,3,0,3
7822,3,0,3
7823,4,0,4
7824,4,0,4
7825,4,0,4
7826,4,0,4
7827,4,0,4
7828,4,0,4
7829,4,0,4
7830,4,0,4
7831,4,0,4
7832,5,0,5
7833,5,0,5
7834,5,0,5
7835,5,0,5
7836,6,0,6
7837,6,0,6
7838,6,0,6
7839,6,0,6
7840,5,0,5
7841,5,0,5
7842,5,0,5
7843,5,0,5
7844,5,0,5
7845,5,0,5
7846,5,0,5
7847,5,0,5
7848,5,0,5
7849,5,0,5
7850,5,0,5
7851,4,0,4
7852,4,0,4
7853,4,0,4
7854,4,0,4
7855,4,0,4
7856,4,0,4
7857,4,0,4
7858,4,0,4
7859,4,0,4
7860,4,0,4
7861,4,0,4
7862,4,0,4
7863,4,0,4
7864,4,0,4
7865,4,0,4
7866,4,0,4
7867,4,0,4
7868,4,0,4
7869,4,0,4
7870,4,0,4
7871,4,0,4
7872,4,0,4
7873,4,0,4
7874,4,0,4
7875,4,0,4
7876,4,0,4
7877,4,0,4
7878,4,0,4
7879,4,0,4
7880,4,0,4
7881,4,0,4
7882,4,0,4
7883,4,0,4
7884,4,0,4
7885,4,0,4
7886,4,0,4
7887,4,0,4
7888,4,0,4
7889,4,0,4
7890,3,0,3
7891,3,0,3
7892,3,0,3
7893,3,0,3
7894,3,0,3
7895,3,0,3
7896,3,0,3
7897,3,0,3
7898,3,0,3
7899,3,0,3
7900,2,0,2
7901,2,0,2
7902,2,0,2
7903,2,0,2
7904,2,0,2
7905,2,0,2
7906,1,0,1
7907,1,0,1
7908,1,0,1
7909,1,0,1
7910,1,0,1
7911,1,0,1
7912,1,0,1
7913,1,0,1
7914,1,0,1
7915,1,0,1
7916,1,0,1
7917,1,0,1
7918,1,0,1
7919,1,0,1
7920,1,0,1
7921,1,0,1
7922,1,0,1
7923,1,0,1
7924,1,0,1
7925,1,0,1
7926,1,0,1
7927,1,0,1
7928,2,0,2
7929,2,0,2
7930,2,0,2
7931,2,0,2
7932,2,0,2
7933,2,0,2
7934,2,0,2
7935,2,0,2
7936,2,0,2
7937,2,0,2
7938,2,0,2
7939,2,0,2
7940,2,0,2
7941,2,0,2
7942,2,0,2
7943,2,0,2
7944,2,0,2
7945,2,0,2
7946,2,0,2
7947,2,0,2
7948,2,0,2
7949,2,0,2
7950,2,0,2
7951,3,0,3
7952,3,0,3
7953,3,0,3
7954,4,0,4
7955,4,0,4
7956,4,0,4
7957,4,0,4
7958,4,0,4
7959,4,0,4
7960,4,0,4
7961,4,0,4
7962,4,0,4
7963,4,0,4
7964,4,0,4
7965,4,0,4
7966,4,0,4
7967,4,0,4
7968,4,0,4
7969,4,0,4
7970,3,0,3
7971,3,0,3
7972,3,0,3
7973,3,0,3
7974,3,0,3
7975,3,0,3
7976,3,0,3
7977,3,0,3
7978,3,0,3
7979,3,0,3
7980,3,0,3
7981,3,0,3
7982,3,0,3
7983,3,0,3
7984,3,0,3
7985,3,0,3
7986,3,0,3
7987,3,0,3
7988,3,0,3
7989,3,0,3
7990,3,0,3
7991,3,0,3
7992,3,0,3
7993,3,0,3
7994,3,0,3
7995,3,0,3
7996,3,0,3
7997,3,0,3
7998,3,0,3
7999,3,0,3
8000,3,0,3
8001,2,0,2
8002,2,0,2
8003,2,0,2
8004,2,0,2
8005,2,0,2
8006,2,0,2
8007,2,0,2
8008,2,0,2
8009,2,0,2
8010,2,0,2
8011,2,0,2
8012,2,0,2
8013,2,0,2
8014,2,0,2
8015,2,0,2
8016,2,0,2
8017,2,0,2
8018,2,0,2
8019,1,0,1
8020,1,0,1
8021,1,0,1
8022,1,0,1
8023,1,0,1
8024,1,0,1
8025,1,0,1
8026,1,0,1
8027,1,0,1
8028,1,0,1
8029,1,0,1
8030,1,0,1
8031,1,0,1
8032,1,0,1
8033,1,0,1
8034,1,0,1
8035,1,0,1
8036,1,0,1
8037,1,0,1
8038,1,0,1
8039,1,0,1
8040,1,0,1
8041,1,0,1
8042,1,0,1
8043,0,0,0
8044,0,0,0
8045,0,0,0
8046,0,0,0
8047,0,0,0
8048,0,0,0
8049,0,0,0
8050,0,0,0
8051,0,0,0
8052,0,0,0
8053,0,0,0
8054,0,0,0
8055,0,0,0
8056,0,0,0
8057,0,0,0
8058,0,0,0
8059,0,0,0
8060,0,0,0
8061,0,0,0
8062,0,0,0
8063,0,0,0
8064,0,0,0
8065,0,0,0
8066,0,0,0
8067,0,0,0
8068,0,0,0
8069,0,0,0
8070,0,0,0
8071,0,0,0
8072,0,0,0
8073,0,0,0
8074,0,0,0
8075,0,0,0
8076,0,0,0
8077,0,0,0
8078,0,0,0
8079,0,0,0
8080,0,0,0
8081,0,0,0
8082,0,0,0
8083,0,0,0
8084,0,0,0
8085,0,0,0
8086,0,0,0
8087,0,0,0
8088,0,0,0
8089,0,0,0
8090,0,0,0
8091,0,0,0
8092,0,0,0
8093,0,0,0
8094,0,0,0
8095,0,0,0
8096,0,0,0
8097,0,0,0
8098,0,0,0
8099,0,0,0
8100,0,0,0
8101,0,0,0
8102,0,0,0
8103,0,0,0
8104,0,0,0
8105,0,0,0
8106,0,0,0
8107,0,0,0
8108,0,0,0
8109,0,0,0
8110,0,0,0
8111,0,0,0
8112,0,0,0
8113,0,0,0
8114,0,0,0
8115,0,0,0
8116,0,0,0
8117,0,0,0
8118,0,0,0
8119,0,0,0
8120,0,0,0
8121,0,0,0
8122,0,0,0
8123,0,0,0
8124,0,0,0
8125,0,0,0
8126,0,0,0
8127,0,0,0
8128,0,0,0
8129,0,0,0
8130,0,0,0
8131,0,0,0
8132,0,0,0
8133,0,0,0
8134,0,0,0
8135,0,0,0
8136,0,0,0
8137,0,0,0
8138,0,0,0
8139,0,0,0
8140,0,0,0
8141,0,0,0
8142,0,0,0
8143,0,0,0
8144,0,0,0
8145,0,0,0
8146,0,0,0
8147,0,0,0
8148,0,0,0
8149,0,0,0
8150,0,0,0
8151,0,0,0
8152,0,0,0
8153,0,0,0
8154,0,0,0
8155,0,0,0
8156,1,0,1
8157,1,0,1
8158,1,0,1
8159,1,0,1
8160,1,0,1
8161,1,0,1
8162,1,0,1
8163,1,0,1
8164,1,0,1
8165,1,0,1
8166,1,0,1
8167,1,0,1
8168,1,0,1
8169,1,0,1
8170,1,0,1
8171,1,0,1
8172,1,0,1
8173,1,0,1
8174,1,0,1
8175,1,0,1
8176,1,0,1
8177,1,0,1
8178,1,0,1
8179,1,0,1
8180,1,0,1
8181,1,0,1
8182,2,0,2
8183,2,0,2
8184,2,0,2
8185,2,0,2
8186,2,0,2
8187,2,0,2
8188,2,0,2
8189,2,0,2
8190,2,0,2
8191,2,0,2
8192,2,0,2
8193,2,0,2
8194,1,0,1
8195,1,0,1
8196,1,0,1
8197,1,0,1
8198,1,0,1
8199,1,0,1
8200,1,0,1
8201,1,0,1
8202,1,0,1
8203,1,0,1
8204,1,0,1
8205,1,0,1
8206,1,0,1
8207,1,0,1
8208,1,0,1
8209,1,0,1
8210,1,0,1
8211,1,0,1
8212,1,0,1
8213,1,0,1
8214,1,0,1
8215,1,0,1
8216,1,0,1
8217,1,0,1
8218,1,0,1
8219,1,0,1
8220,1,0,1
8221,1,0,1
8222,1,0,1
8223,1,0,1
8224,1,0,1
8225,1,0,1
8226,1,0,1
8227,1,0,1
8228,1,0,1
8229,1,0,1
8230,1,0,1
8231,1,0,1
8232,1,0,1
8233,1,0,1
8234,1,0,1
8235,1,0,1
8236,1,0,1
8237,0,0,0
8238,0,0,0
8239,0,0,0
8240,0,0,0
8241,0,0,0
8242,0,0,0
8243,0,0,0
8244,0,0,0
8245,0,0,0
8246,0,0,0
8247,0,0,0
8248,0,0,0
8249,0,0,0
8250,0,0,0
8251,0,0,0
8252,0,0,0
8253,0,0,0
8254,0,0,0
8255,0,0,0
8256,0,0,0
8257,0,0,0
8258,0,0,0
8259,0,0,0
8260,0,0,0
8261,0,0,0
8262,0,0,0
8263,0,0,0
8264,0,0,0
8265,0,0,0
8266,0,0,0
8267,0,0,0
8268,0,0,0
8269,0,0,0
8270,0,0,0
8271,0,0,0
8272,0,0,0
8273,0,0,0
8274,0,0,0
8275,0,0,0
8276,0,0,0
8277,0,0,0
8278,0,0,0
8279,0,0,0
8280,0,0,0
8281,0,0,0
8282,0,0,0
8283,0,0,0
8284,0,0,0
8285,0,0,0
8286,0,0,0
8287,0,0,0
8288,0,0,0
8289,0,0,0
8290,0,0,0
8291,0,0,0
8292,0,0,0
8293,0,0,0
8294,0,0,0
8295,0,0,0
8296,0,0,0
8297,0,0,0
8298,0,0,0
8299,0,0,0
8300,0,0,0
8301,0,0,0
8302,0,0,0
8303,0,0,0
8304,0,0,0
8305,0,0,0
8306,0,0,0
8307,0,0,0
8308,0,0,0
8309,0,0,0
8310,0,0,0
8311,0,0,0
8312,0,0,0
8313,0,0,0
8314,0,0,0
8315,0,0,0
8316,0,0,0
8317,0,0,0
8318,0,0,0
8319,0,0,0
8320,0,0,0
8321,0,0,0
8322,0,0,0
8323,0,0,0
8324,0,0,0
8325,0,0,0
8326,0,0,0
8327,0,0,0
8328,0,0,0
8329,0,0,0
8330,0,0,0
8331,0,0,0
8332,0,0,0
8333,0,0,0
8334,0,0,0
8335,0,0,0
8336,0,0,0
8337,0,0,0
8338,0,0,0
8339,0,0,0
8340,0,0,0
8341,0,0,0
8342,0,0,0
8343,0,0,0
8344,0,0,0
8345,0,0,0
8346,0,0,0
8347,0,0,0
8348,0,0,0
8349,0,0,0
8350,0,0,0
8351,0,0,0
8352,0,0,0
8353,0,0,0
8354,0,0,0
8355,0,0,0
8356,0,0,0
8357,0,0,0
8358,0,0,0
8359,0,0,0
8360,0,0,0
8361,0,0,0
8362,0,0,0
8363,0,0,0
8364,0,0,0
8365,0,0,0
8366,0,0,0
8367,0,0,0
8368,0,0,0
8369,0,0,0
8370,0,0,0
8371,0,0,0
8372,0,0,0
8373,0,0,0
8374,0,0,0
8375,0,0,0
8376,0,0,0
8377,0,0,0
8378,0,0,0
8379,0,0,0
8380,0,0,0
8381,0,0,0
8382,0,0,0
8383,0,0,0
8384,0,0,0
8385,0,0,0
8386,0,0,0
8387,0,0,0
8388,0,0,0
8389,0,0,0
8390,0,0,0
8391,0,0,0
8392,0,0,0
8393,0,0,0
8394,0,0,0
8395,0,0,0
8396,0,0,0
8397,0,0,0
8398,0,0,0
8399,0,0,0
8400,0,0,0
8401,0,0,0
8402,0,0,0
8403,0,0,0
8404,0,0,0
8405,0,0,0
8406,0,0,0
8407,0,0,0
8408,0,0,0
8409,0,0,0
8410,0,0,0
8411,0,0,0
8412,0,0,0
8413,0,0,0
8414,0,0,0
8415,0,0,0
8416,0,0,0
8417,0,0,0
8418,0,0,0
8419,0,0,0
8420,0,0,0
8421,0,0,0
8422,0,0,0
8423,0,0,0
8424,0,0,0
8425,0,0,0
8426,0,0,0
8427,0,0,0
8428,0,0,0
8429,0,0,0
8430,0,0,0
8431,0,0,0
8432,0,0,0
8433,0,0,0
8434,0,0,0
8435,0,0,0
8436,0,0,0
8437,0,0,0
8438,0,0,0
8439,0,0,0
8440,0,0,0
8441,0,0,0
8442,0,0,0
8443,0,0,0
8444,0,0,0
8445,0,0,0
8446,0,0,0
8447,0,0,0
8448,0,0,0
8449,0,0,0
8450,0,0,0
8451,0,0,0
8452,0,0,0
8453,0,0,0
8454,0,0,0
8455,0,0,0
8456,0,0,0
8457,0,0,0
8458,0,0,0
8459,0,0,0
8460,0,0,0
8461,0,0,0
8462,0,0,0
8463,0,0,0
8464,0,0,0
8465,0,0,0
8466,0,0,0
8467,0,0,0
8468,0,0,0
8469,0,0,0
8470,0,0,0
8471,0,0,0
8472,0,0,0
8473,0,0,0
8474,0,0,0
8475,0,0,0
8476,0,0,0
8477,0,0,0
8478,0,0,0
8479,0,0,0
8480,0,0,0
8481,0,0,0
8482,0,0,0
8483,0,0,0
8484,0,0,0
8485,0,0,0
8486,0,0,0
8487,0,0,0
8488,0,0,0
8489,0,0,0
8490,0,0,0
8491,0,0,0
8492,0,0,0
8493,0,0,0
8494,0,0,0
8495,0,0,0
8496,0,0,0
8497,0,0,0
8498,0,0,0
8499,0,0,0
8500,0,0,0
8501,0,0,0
8502,0,0,0
8503,0,0,0
8504,0,0,0
8505,0,0,0
8506,0,0,0
8507,0,0,0
8508,0,0,0
8509,0,0,0
8510,0,0,0
8511,0,0,0
8512,0,0,0
8513,0,0,0
8514,0,0,0
8515,0,0,0
8516,0,0,0
8517,0,0,0
8518,0,0,0
8519,0,0,0
8520,0,0,0
8521,0,0,0
8522,0,0,0
8523,0,0,0
8524,0,0,0
8525,0,0,0
8526,0,0,0
8527,0,0,0
8528,0,0,0
8529,0,0,0
8530,0,0,0
8531,0,0,0
8532,0,0,0
8533,0,0,0
8534,0,0,0
8535,0,0,0
8536,0,0,0
8537,0,0,0
8538,0,0,0
8539,0,0,0
8540,0,0,0
8541,0,0,0
8542,0,0,0
8543,0,0,0
8544,0,0,0
8545,0,0,0
8546,0,0,0
8547,0,0,0
8548,0,0,0
8549,0,0,0
8550,0,0,0
8551,0,0,0
8552,0,0,0
8553,0,0,0
8554,0,0,0
8555,0,0,0
8556,0,0,0
8557,0,0,0
8558,0,0,0
8559,0,0,0
8560,0,0,0
8561,0,0,0
8562,0,0,0
8563,0,0,0
8564,0,0,0
8565,0,0,0
8566,0,0,0
8567,0,0,0
8568,0,0,0
8569,0,0,0
8570,0,0,0
8571,0,0,0
8572,0,0,0
8573,0,0,0
8574,0,0,0
8575,0,0,0
8576,0,0,0
8577,0,0,0
8578,0,0,0
8579,0,0,0
8580,0,0,0
8581,0,0,0
8582,0,0,0
8583,0,0,0
8584,0,0,0
8585,0,0,0
8586,0,0,0
8587,0,0,0
8588,0,0,0
8589,0,0,0
8590,0,0,0
8591,0,0,0
8592,0,0,0
8593,0,0,0
8594,0,0,0
8595,0,0,0
8596,0,0,0
8597,0,0,0
8598,0,0,0
8599,0,0,0
8600,0,0,0
8601,0,0,0
8602,0,0,0
8603,0,0,0
8604,0,0,0
8605,0,0,0
8606,0,0,0
8607,0,0,0
8608,0,0,0
8609,0,0,0
8610,0,0,0
8611,0,0,0
8612,0,0,0
8613,0,0,0
8614,0,0,0
8615,0,0,0
8616,0,0,0
8617,0,0,0
8618,0,0,0
8619,0,0,0
8620,0,0,0
8621,0,0,0
8622,0,0,0
8623,0,0,0
8624,0,0,0
8625,0,0,0
8626,0,0,0
8627,0,0,0
8628,0,0,0
8629,0,0,0
8630,1,0,1
8631,1,0,1
8632,1,0,1
8633,1,0,1
8634,1,0,1
8635,1,0,1
8636,1,0,1
8637,1,0,1
8638,1,0,1
8639,1,0,1
8640,1,0,1
8641,1,0,1
8642,1,0,1
8643,1,0,1
8644,1,0,1
8645,1,0,1
8646,1,0,1
8647,1,0,1
8648,1,0,1
8649,1,0,1
8650,1,0,1
8651,1,0,1
8652,1,0,1
8653,1,0,1
8654,1,0,1
8655,1,0,1
8656,1,0,1
8657,1,0,1
8658,1,0,1
8659,2,0,2
8660,2,0,2
8661,2,0,2
8662,2,0,2
8663,2,0,2
8664,2,0,2
8665,2,0,2
8666,3,0,3
8667,3,0,3
8668,3,0,3
8669,3,0,3
8670,3,0,3
8671,3,0,3
8672,2,1,3
8673,2,1,3
8674,3,0,3
8675,2,1,3
8676,2,1,3
8677,2,1,3
8678,2,1,3
8679,2,1,3
8680,2,1,3
8681,2,1,3
8682,2,1,3
8683,2,1,3
8684,2,1,3
8685,2,1,3
8686,2,1,3
8687,2,1,3
8688,2,1,3
8689,2,1,3
8690,2,1,3
8691,2,1,3
8692,3,1,4
8693,3,1,4
8694,3,1,4
8695,3,1,4
8696,3,1,4
8697,2,1,3
8698,2,1,3
8699,3,1,4
8700,3,1,4
8701,4,1,5
8702,4,1,5
8703,4,1,5
8704,4,1,5
8705,5,1,6
8706,5,1,6
8707,6,0,6
8708,6,0,6
8709,6,0,6
8710,6,0,6
8711,6,0,6
8712,6,0,6
8713,6,0,6
8714,6,0,6
8715,6,0,6
8716,6,0,6
8717,6,0,6
8718,5,0,5
8719,5,0,5
8720,5,0,5
8721,5,0,5
8722,5,0,5
8723,5,0,5
8724,5,0,5
8725,5,0,5
8726,5,0,5
8727,5,0,5
8728,5,0,5
8729,5,0,5
8730,5,0,5
8731,5,0,5
8732,4,0,4
8733,4,0,4
8734,4,0,4
8735,4,0,4
8736,4,0,4
8737,4,0,4
8738,4,0,4
8739,4,0,4
8740,4,0,4
8741,3,1,4
8742,3,1,4
8743,2,2,4
8744,2,2,4
8745,2,2,4
8746,2,2,4
8747,2,2,4
8748,2,2,4
8749,2,2,4
8750,2,2,4
8751,2,2,4
8752,2,2,4
8753,2,2,4
8754,2,2,4
8755,2,2,4
8756,2,2,4
8757,2,2,4
8758,2,2,4
8759,2,2,4
8760,2,2,4
8761,2,2,4
8762,2,2,4
8763,2,2,4
8764,2,2,4
8765,2,2,4
8766,2,2,4
8767,2,2,4
8768,1,3,4
8769,1,3,4
8770,1,3,4
8771,1,3,4
8772,1,3,4
8773,1,3,4
8774,1,3,4
8775,1,3,4
8776,2,2,4
8777,2,2,4
8778,2,2,4
8779,2,2,4
8780,2,2,4
8781,2,2,4
8782,2,2,4
8783,1,2,3
8784,1,2,3
8785,1,2,3
8786,1,2,3
8787,2,1,3
8788,1,1,2
8789,1,1,2
8790,1,1,2
8791,1,1,2
8792,1,1,2
8793,1,1,2
8794,1,1,2
8795,1,1,2
8796,1,1,2
8797,1,1,2
8798,1,1,2
8799,1,1,2
8800,1,1,2
8801,1,1,2
8802,1,1,2
8803,1,1,2
8804,1,1,2
8805,1,1,2
8806,1,1,2
8807,2,0,2
8808,2,0,2
8809,2,0,2
8810,2,0,2
8811,2,0,2
8812,1,0,1
8813,1,0,1
8814,1,0,1
8815,1,0,1
8816,1,0,1
8817,1,0,1
8818,1,0,1
8819,1,0,1
8820,2,0,2
8821,2,0,2
8822,2,0,2
8823,2,0,2
8824,2,0,2
8825,2,0,2
8826,2,0,2
8827,2,0,2
8828,2,0,2
8829,2,0,2
8830,2,0,2
8831,2,0,2
8832,2,0,2
8833,2,0,2
8834,2,0,2
8835,2,0,2
8836,2,0,2
8837,2,0,2
8838,2,0,2
8839,2,0,2
8840,2,0,2
8841,2,0,2
8842,2,0,2
8843,2,0,2
8844,2,0,2
8845,2,0,2
8846,2,0,2
8847,2,0,2
8848,2,0,2
8849,2,0,2
8850,2,0,2
8851,2,0,2
8852,2,0,2
8853,2,0,2
8854,2,0,2
8855,2,0,2
8856,2,0,2
8857,2,0,2
8858,2,0,2
8859,2,0,2
8860,2,0,2
8861,2,0,2
8862,2,0,2
8863,2,0,2
8864,2,0,2
8865,2,0,2
8866,2,0,2
8867,2,0,2
8868,2,0,2
8869,2,0,2
8870,2,0,2
8871,2,0,2
8872,2,0,2
8873,2,0,2
8874,2,0,2
8875,2,0,2
8876,2,0,2
8877,2,0,2
8878,2,0,2
8879,2,0,2
8880,2,0,2
8881,2,0,2
8882,2,0,2
8883,2,0,2
8884,2,0,2
8885,2,0,2
8886,2,0,2
8887,2,0,2
8888,2,0,2
8889,2,0,2
8890,2,0,2
8891,2,0,2
8892,2,0,2
8893,2,0,2
8894,2,0,2
8895,2,0,2
8896,2,0,2
8897,2,0,2
8898,2,0,2
8899,2,0,2
8900,2,0,2
8901,2,0,2
8902,2,0,2
8903,2,0,2
8904,2,0,2
8905,2,0,2
8906,2,0,2
8907,3,0,3
8908,3,0,3
8909,3,0,3
8910,3,0,3
8911,3,0,3
8912,3,0,3
8913,3,0,3
8914,3,0,3
8915,3,0,3
8916,3,0,3
8917,3,0,3
8918,3,0,3
8919,3,0,3
8920,3,0,3
8921,3,0,3
8922,3,0,3
8923,3,0,3
8924,3,0,3
8925,3,0,3
8926,2,0,2
8927,2,0,2
8928,2,0,2
8929,2,0,2
8930,2,0,2
8931,2,0,2
8932,2,0,2
8933,2,0,2
8934,2,0,2
8935,2,0,2
8936,2,0,2
8937,2,0,2
8938,2,0,2
8939,2,0,2
8940,2,0,2
8941,2,0,2
8942,2,0,2
8943,2,0,2
8944,2,0,2
8945,2,0,2
8946,2,0,2
8947,2,0,2
8948,2,0,2
8949,2,0,2
8950,2,0,2
8951,2,0,2
8952,2,0,2
8953,2,0,2
8954,2,0,2
8955,2,0,2
8956,2,0,2
8957,2,0,2
8958,2,0,2
8959,2,0,2
8960,2,0,2
8961,2,0,2
8962,2,0,2
8963,2,0,2
8964,2,0,2
8965,2,0,2
8966,2,0,2
8967,2,0,2
8968,2,0,2
8969,2,0,2
8970,2,0,2
8971,2,0,2
8972,2,0,2
8973,2,0,2
8974,2,0,2
8975,2,0,2
8976,2,0,2
8977,2,0,2
8978,2,0,2
8979,2,0,2
8980,2,0,2
8981,2,0,2
8982,2,0,2
8983,2,0,2
8984,2,0,2
8985,2,0,2
8986,2,0,2
8987,2,0,2
8988,2,0,2
8989,2,0,2
8990,2,0,2
8991,2,0,2
8992,2,0,2
8993,2,0,2
8994,2,0,2
8995,2,0,2
8996,2,0,2
8997,2,0,2
8998,2,0,2
8999,2,0,2
9000,2,0,2
9001,2,0,2
9002,1,0,1
9003,1,0,1
9004,1,0,1
9005,1,0,1
9006,2,0,2
9007,2,0,2
9008,2,0,2
9009,2,0,2
9010,2,0,2
9011,2,0,2
9012,2,0,2
9013,2,0,2
9014,2,0,2
9015,2,0,2
9016,2,0,2
9017,2,0,2
9018,2,0,2
9019,2,0,2
9020,2,0,2
9021,2,0,2
9022,2,0,2
9023,2,0,2
9024,2,0,2
9025,2,0,2
9026,2,0,2
9027,2,0,2
9028,2,0,2
9029,2,0,2
9030,2,0,2
9031,2,0,2
9032,2,0,2
9033,2,0,2
9034,2,0,2
9035,2,0,2
9036,2,0,2
9037,2,0,2
9038,2,0,2
9039,2,0,2
9040,2,0,2
9041,2,0,2
9042,2,0,2
9043,2,0,2
9044,2,0,2
9045,2,0,2
9046,2,0,2
9047,2,0,2
9048,2,0,2
9049,2,0,2
9050,2,0,2
9051,2,0,2
9052,2,0,2
9053,2,0,2
9054,2,0,2
9055,2,0,2
9056,2,0,2
9057,2,0,2
9058,2,0,2
9059,2,0,2
9060,2,0,2
9061,2,0,2
9062,2,0,2
9063,2,0,2
9064,2,0,2
9065,2,0,2
9066,2,0,2
9067,2,0,2
9068,2,0,2
9069,2,0,2
9070,2,0,2
9071,2,0,2
9072,2,0,2
9073,2,0,2
9074,2,0,2
9075,2,0,2
9076,2,0,2
9077,2,0,2
9078,2,0,2
9079,2,0,2
9080,2,0,2
9081,2,0,2
9082,2,0,2
9083,2,0,2
9084,2,0,2
9085,2,0,2
9086,2,0,2
9087,2,0,2
9088,2,0,2
9089,2,0,2
9090,2,0,2
9091,2,0,2
9092,2,0,2
9093,2,0,2
9094,2,0,2
9095,2,0,2
9096,2,0,2
9097,2,0,2
9098,2,0,2
9099,2,0,2
9100,2,0,2
9101,1,0,1
9102,1,0,1
9103,1,0,1
9104,1,0,1
9105,1,0,1
9106,1,0,1
9107,1,0,1
9108,1,0,1
9109,1,0,1
9110,1,0,1
9111,1,0,1
9112,1,0,1
9113,1,0,1
9114,1,0,1
9115,1,0,1
9116,1,0,1
9117,1,0,1
9118,1,0,1
9119,1,0,1
9120,1,0,1
9121,1,0,1
9122,1,0,1
9123,1,0,1
9124,1,0,1
9125,1,0,1
9126,1,0,1
9127,1,0,1
9128,1,0,1
9129,1,0,1
9130,1,0,1
9131,2,0,2
9132,2,0,2
9133,2,0,2
9134,2,0,2
9135,2,0,2
9136,2,0,2
9137,1,0,1
9138,1,0,1
9139,1,0,1
9140,1,0,1
9141,1,0,1
9142,1,0,1
9143,1,0,1
9144,1,0,1
9145,1,0,1
9146,1,0,1
9147,1,0,1
9148,1,0,1
9149,1,0,1
9150,1,0,1
9151,1,0,1
9152,1,0,1
9153,1,0,1
9154,1,0,1
9155,1,0,1
9156,1,0,1
9157,1,0,1
9158,1,0,1
9159,1,0,1
9160,1,0,1
9161,1,0,1
9162,1,0,1
9163,1,0,1
9164,1,0,1
9165,1,0,1
9166,1,0,1
9167,1,0,1
9168,1,0,1
9169,1,0,1
9170,1,0,1
9171,1,0,1
9172,1,0,1
9173,1,0,1
9174,1,0,1
9175,1,0,1
9176,1,0,1
9177,1,0,1
9178,1,0,1
9179,1,0,1
9180,1,0,1
9181,1,0,1
9182,1,0,1
9183,1,0,1
9184,1,0,1
9185,2,0,2
9186,2,0,2
9187,2,0,2
9188,2,0,2
9189,2,0,2
9190,2,0,2
9191,2,0,2
9192,2,0,2
9193,2,0,2
9194,2,0,2
9195,2,0,2
9196,2,0,2
9197,2,0,2
9198,2,0,2
9199,1,0,1
9200,1,0,1
9201,1,0,1
9202,1,0,1
9203,1,0,1
9204,1,0,1
9205,1,0,1
9206,1,0,1
9207,1,0,1
9208,1,0,1
9209,1,0,1
9210,1,0,1
9211,1,0,1
9212,1,0,1
9213,1,0,1
9214,1,0,1
9215,1,0,1
9216,1,0,1
9217,1,0,1
9218,1,0,1
9219,1,0,1
9220,1,0,1
9221,1,0,1
9222,1,0,1
9223,1,0,1
9224,1,0,1
9225,1,0,1
9226,1,0,1
9227,1,0,1
9228,1,0,1
9229,1,0,1
9230,1,0,1
9231,1,0,1
9232,1,0,1
9233,1,0,1
9234,1,0,1
9235,1,0,1
9236,1,0,1
9237,1,0,1
9238,1,0,1
9239,1,0,1
9240,1,0,1
9241,1,0,1
9242,1,0,1
9243,1,0,1
9244,1,0,1
9245,1,0,1
9246,1,0,1
9247,1,0,1
9248,1,0,1
9249,1,0,1
9250,1,0,1
9251,1,0,1
9252,1,0,1
9253,1,0,1
9254,1,0,1
9255,1,0,1
9256,1,0,1
9257,1,0,1
9258,1,0,1
9259,1,0,1
9260,1,0,1
9261,1,0,1
9262,1,0,1
9263,1,0,1
9264,1,0,1
9265,1,0,1
9266,1,0,1
9267,1,0,1
9268,1,0,1
9269,1,0,1
9270,1,0,1
9271,1,0,1
9272,1,0,1
9273,1,0,1
9274,1,0,1
9275,1,0,1
9276,1,0,1
9277,1,0,1
9278,1,0,1
9279,1,0,1
9280,1,0,1
9281,1,0,1
9282,1,0,1
9283,1,0,1
9284,1,0,1
9285,1,0,1
9286,1,0,1
9287,1,0,1
9288,1,0,1
9289,1,0,1
9290,1,0,1
9291,1,0,1
9292,1,0,1
9293,0,1,1
9294,0,1,1
9295,0,1,1
9296,0,1,1
9297,0,1,1
9298,0,1,1
9299,0,1,1
9300,0,1,1
9301,0,1,1
9302,0,1,1
9303,0,1,1
9304,0,1,1
9305,0,1,1
9306,0,1,1
9307,0,1,1
9308,0,1,1
9309,0,1,1
9310,0,1,1
9311,0,1,1
9312,0,1,1
9313,0,1,1
9314,0,1,1
9315,0,1,1
9316,0,1,1
9317,0,1,1
9318,1,1,2
9319,1,1,2
9320,1,1,2
9321,1,1,2
9322,1,1,2
9323,1,1,2
9324,1,1,2
9325,1,1,2
9326,1,1,2
9327,1,1,2
9328,1,1,2
9329,1,1,2
9330,1,1,2
9331,1,1,2
9332,1,1,2
9333,1,1,2
9334,1,1,2
9335,2,0,2
9336,1,0,1
9337,1,0,1
9338,1,0,1
9339,1,0,1
9340,1,0,1
9341,1,0,1
9342,1,0,1
9343,1,0,1
9344,1,0,1
9345,1,0,1
9346,1,0,1
9347,1,0,1
9348,1,0,1
9349,1,0,1
9350,1,0,1
9351,1,0,1
9352,1,0,1
9353,1,0,1
9354,1,0,1
9355,1,0,1
9356,1,0,1
9357,1,0,1
9358,0,0,0
9359,0,0,0
9360,0,0,0
9361,0,0,0
9362,0,0,0
9363,0,0,0
9364,0,0,0
9365,0,0,0
9366,0,0,0
9367,0,0,0
9368,0,0,0
9369,0,0,0
9370,0,0,0
9371,0,0,0
9372,0,0,0
9373,0,0,0
9374,0,0,0
9375,0,0,0
9376,0,0,0
9377,0,0,0
9378,0,0,0
9379,0,0,0
9380,0,0,0
9381,0,0,0
9382,0,0,0
9383,0,0,0
9384,0,0,0
9385,0,0,0
9386,0,0,0
9387,0,0,0
9388,0,0,0
9389,0,0,0
9390,0,0,0
9391,0,0,0
9392,0,0,0
9393,0,0,0
9394,0,0,0
9395,0,0,0
9396,0,0,0
9397,0,0,0
9398,0,0,0
9399,0,0,0
9400,0,0,0
9401,0,0,0
9402,0,0,0
9403,0,0,0
9404,0,0,0
9405,0,0,0
9406,0,0,0
9407,0,0,0
9408,0,0,0
9409,0,0,0
9410,0,0,0
9411,0,0,0
9412,0,0,0
9413,0,0,0
9414,0,0,0
9415,0,0,0
9416,0,0,0
9417,0,0,0
9418,0,0,0
9419,0,0,0
9420,0,0,0
9421,0,0,0
9422,0,0,0
9423,0,0,0
9424,0,0,0
9425,0,0,0
9426,0,0,0
9427,0,0,0
9428,0,0,0
9429,0,0,0
9430,0,0,0
9431,0,0,0
9432,0,0,0
9433,0,0,0
9434,0,0,0
9435,0,0,0
9436,0,0,0
9437,0,0,0
9438,0,0,0
9439,0,0,0
9440,0,0,0
9441,0,0,0
9442,0,0,0
9443,0,0,0
9444,0,0,0
9445,0,0,0
9446,0,0,0
9447,0,0,0
9448,0,0,0
9449,0,0,0
9450,0,0,0
9451,0,0,0
9452,0,0,0
9453,0,0,0
9454,0,0,0
9455,0,0,0
9456,0,0,0
9457,0,0,0
9458,0,0,0
9459,0,0,0
9460,0,0,0
9461,0,0,0
9462,0,0,0
9463,0,0,0
9464,0,0,0
9465,0,0,0
9466,0,0,0
9467,0,0,0
9468,0,0,0
9469,0,0,0
9470,0,0,0
9471,0,0,0
9472,0,0,0
9473,0,0,0
9474,0,0,0
9475,0,0,0
9476,0,0,0
9477,0,0,0
9478,0,0,0
9479,0,0,0
9480,0,0,0
9481,0,0,0
9482,0,0,0
9483,0,0,0
9484,0,0,0
9485,0,0,0
9486,0,0,0
9487,0,0,0
9488,0,0,0
9489,0,0,0
9490,0,0,0
9491,0,0,0
9492,0,0,0
9493,1,0,1
9494,1,0,1
9495,1,0,1
9496,1,0,1
9497,1,0,1
9498,1,0,1
9499,1,0,1
9500,1,0,1
9501,1,0,1
9502,1,0,1
9503,1,0,1
9504,1,0,1
9505,1,0,1
9506,1,0,1
9507,1,0,1
9508,2,0,2
9509,2,0,2
9510,2,0,2
9511,2,0,2
9512,2,0,2
9513,2,0,2
9514,2,0,2
9515,2,0,2
9516,2,0,2
9517,1,1,2
9518,1,1,2
9519,1,1,2
9520,1,1,2
9521,1,1,2
9522,1,1,2
9523,1,1,2
9524,1,1,2
9525,1,1,2
9526,1,1,2
9527,1,1,2
9528,1,1,2
9529,1,1,2
9530,1,1,2
9531,1,1,2
9532,1,1,2
9533,1,1,2
9534,1,1,2
9535,1,1,2
9536,1,1,2
9537,1,1,2
9538,1,1,2
9539,1,1,2
9540,1,1,2
9541,1,1,2
9542,1,1,2
9543,1,1,2
9544,0,2,2
9545,0,2,2
9546,0,2,2
9547,0,2,2
9548,0,2,2
9549,0,2,2
9550,0,2,2
9551,0,2,2
9552,0,2,2
9553,0,2,2
9554,0,2,2
9555,0,2,2
9556,0,2,2
9557,0,2,2
9558,0,2,2
9559,0,2,2
9560,0,2,2
9561,0,2,2
9562,0,2,2
9563,2,1,3
9564,1,1,2
9565,1,1,2
9566,1,1,2
9567,1,1,2
9568,1,1,2
9569,0,2,2
9570,0,2,2
9571,0,2,2
9572,0,2,2
9573,0,2,2
9574,0,2,2
9575,0,2,2
9576,0,2,2
9577,0,2,2
9578,0,2,2
9579,0,2,2
9580,0,2,2
9581,0,2,2
9582,0,2,2
9583,0,2,2
9584,0,2,2
9585,0,2,2
9586,1,1,2
9587,1,1,2
9588,0,1,1
9589,0,1,1
9590,0,1,1
9591,0,1,1
9592,0,1,1
9593,0,1,1
9594,0,1,1
9595,0,1,1
9596,1,1,2
9597,1,1,2
9598,1,1,2
9599,1,1,2
9600,1,1,2
9601,1,1,2
9602,1,1,2
9603,1,1,2
9604,1,1,2
9605,1,1,2
9606,1,1,2
9607,1,1,2
9608,1,1,2
9609,1,1,2
9610,1,1,2
9611,1,1,2
9612,1,1,2
9613,1,1,2
9614,1,1,2
9615,1,1,2
9616,1,1,2
9617,2,0,2
9618,2,0,2
9619,1,0,1
9620,1,0,1
9621,1,0,1
9622,1,0,1
9623,1,0,1
9624,1,0,1
9625,1,0,1
9626,1,0,1
9627,1,0,1
9628,1,0,1
9629,1,0,1
9630,1,0,1
9631,1,0,1
9632,1,0,1
9633,1,0,1
9634,1,0,1
9635,1,0,1
9636,1,0,1
9637,1,0,1
9638,1,0,1
9639,1,0,1
9640,1,0,1
9641,1,0,1
9642,1,0,1
9643,1,0,1
9644,1,0,1
9645,1,0,1
9646,1,0,1
9647,1,0,1
9648,1,0,1
9649,1,0,1
9650,1,0,1
9651,1,0,1
9652,1,0,1
9653,1,0,1
9654,1,0,1
9655,1,0,1
9656,1,0,1
9657,1,0,1
9658,1,0,1
9659,1,0,1
9660,1,0,1
9661,1,0,1
9662,1,0,1
9663,1,0,1
9664,1,0,1
9665,1,0,1
9666,1,0,1
9667,1,0,1
9668,1,0,1
9669,1,0,1
9670,1,0,1
9671,1,0,1
9672,1,0,1
9673,1,0,1
9674,1,0,1
9675,1,0,1
9676,1,0,1
9677,1,0,1
9678,1,0,1
9679,1,0,1
9680,1,0,1
9681,1,0,1
9682,1,0,1
9683,0,0,0
9684,0,0,0
9685,0,0,0
9686,0,0,0
9687,0,0,0
9688,0,0,0
9689,0,0,0
9690,0,0,0
9691,0,0,0
9692,0,0,0
9693,0,0,0
9694,0,0,0
9695,0,0,0
9696,0,0,0
9697,0,0,0
9698,0,0,0
9699,0,0,0
9700,0,0,0
9701,0,0,0
9702,0,0,0
9703,0,0,0
9704,0,0,0
9705,0,0,0
9706,0,0,0
9707,0,0,0
9708,0,0,0
9709,0,0,0
9710,0,0,0
9711,0,0,0
9712,0,0,0
9713,0,0,0
9714,0,0,0
9715,0,0,0
9716,0,0,0
9717,0,0,0
9718,1,0,1
9719,1,0,1
9720,1,0,1
9721,1,0,1
9722,1,0,1
9723,1,0,1
9724,1,0,1
9725,1,0,1
9726,1,0,1
9727,1,0,1
9728,1,0,1
9729,1,0,1
9730,1,0,1
9731,1,0,1
9732,1,0,1
9733,1,0,1
9734,1,0,1
9735,1,0,1
9736,1,0,1
9737,1,0,1
9738,1,0,1
9739,1,0,1
9740,1,0,1
9741,1,0,1
9742,1,0,1
9743,1,0,1
9744,1,0,1
9745,1,0,1
9746,1,0,1
9747,1,0,1
9748,1,0,1
9749,1,0,1
9750,1,0,1
9751,1,0,1
9752,1,0,1
9753,1,0,1
9754,1,0,1
9755,1,0,1
9756,0,0,0
9757,0,0,0
9758,0,0,0
9759,1,0,1
9760,1,0,1
9761,1,0,1
9762,1,0,1
9763,1,0,1
9764,1,0,1
9765,1,0,1
9766,1,0,1
9767,1,0,1
9768,1,0,1
9769,1,0,1
9770,1,0,1
9771,1,0,1
9772,1,0,1
9773,1,0,1
9774,1,0,1
9775,1,0,1
9776,1,0,1
9777,1,0,1
9778,1,0,1
9779,1,0,1
9780,1,0,1
9781,1,0,1
9782,1,0,1
9783,1,0,1
9784,1,0,1
9785,1,0,1
9786,1,0,1
9787,1,0,1
9788,1,0,1
9789,1,0,1
9790,1,0,1
9791,1,0,1
9792,1,0,1
9793,1,0,1
9794,1,0,1
9795,1,0,1
9796,1,0,1
9797,1,0,1
9798,1,0,1
9799,1,0,1
9800,1,0,1
9801,1,0,1
9802,1,0,1
9803,1,0,1
9804,1,0,1
9805,1,0,1
9806,1,0,1
9807,0,0,0
9808,0,0,0
9809,0,0,0
9810,0,0,0
9811,0,0,0
9812,0,0,0
9813,0,0,0
9814,0,0,0
9815,0,0,0
9816,0,0,0
9817,0,0,0
9818,0,0,0
9819,0,0,0
9820,0,0,0
9821,0,0,0
9822,0,0,0
9823,0,0,0
9824,0,0,0
9825,0,0,0
9826,0,0,0
9827,0,0,0
9828,0,0,0
9829,0,0,0
9830,1,0,1
9831,1,0,1
9832,1,0,1
9833,1,0,1
9834,1,0,1
9835,1,0,1
9836,1,0,1
9837,1,0,1
9838,1,0,1
9839,1,0,1
9840,1,0,1
9841,1,0,1
9842,1,0,1
9843,1,0,1
9844,1,0,1
9845,1,0,1
9846,1,0,1
9847,1,0,1
9848,1,0,1
9849,1,0,1
9850,1,0,1
9851,1,0,1
9852,1,0,1
9853,1,0,1
9854,1,0,1
9855,1,0,1
9856,2,0,2
9857,2,0,2
9858,2,0,2
9859,2,0,2
9860,2,0,2
9861,2,0,2
9862,2,0,2
9863,2,0,2
9864,2,0,2
9865,2,0,2
9866,2,0,2
9867,2,0,2
9868,2,0,2
9869,2,0,2
9870,2,0,2
9871,2,0,2
9872,2,0,2
9873,2,0,2
9874,2,0,2
9875,2,0,2
9876,2,0,2
9877,2,0,2
9878,2,0,2
9879,2,0,2
9880,2,0,2
9881,2,0,2
9882,2,0,2
9883,2,0,2
9884,2,0,2
9885,2,0,2
9886,2,0,2
9887,2,0,2
9888,1,0,1
9889,1,0,1
9890,1,0,1
9891,1,0,1
9892,1,0,1
9893,1,0,1
9894,1,0,1
9895,1,0,1
9896,1,0,1
9897,1,0,1
9898,1,0,1
9899,1,0,1
9900,1,0,1
9901,1,0,1
9902,1,0,1
9903,1,0,1
9904,1,0,1
9905,1,0,1
9906,1,0,1
9907,1,0,1
9908,1,0,1
9909,1,0,1
9910,1,0,1
9911,1,0,1
9912,1,0,1
9913,0,0,0
9914,0,0,0
9915,0,0,0
9916,0,0,0
9917,0,0,0
9918,0,0,0
9919,0,0,0
9920,0,0,0
9921,0,0,0
9922,0,0,0
9923,0,0,0
9924,0,0,0
9925,0,0,0
9926,0,0,0
9927,0,0,0
9928,0,0,0
9929,0,0,0
9930,0,0,0
9931,0,0,0
9932,0,0,0
9933,0,0,0
9934,0,0,0
9935,0,0,0
9936,0,0,0
9937,0,0,0
9938,0,0,0
9939,0,0,0
9940,0,0,0
9941,0,0,0
9942,0,0,0
9943,0,0,0
9944,0,0,0
9945,0,0,0
9946,0,0,0
9947,0,0,0
9948,0,0,0
9949,0,0,0
9950,0,0,0
9951,0,0,0
9952,0,0,0
9953,0,0,0
9954,0,0,0
9955,0,0,0
9956,0,0,0
9957,0,0,0
9958,0,0,0
9959,0,0,0
9960,0,0,0
9961,0,0,0
9962,0,0,0
9963,0,0,0
9964,0,0,0
9965,0,0,0
9966,0,0,0
9967,0,0,0
9968,0,0,0
9969,0,0,0
9970,0,0,0
9971,0,0,0
9972,0,0,0
9973,0,0,0
9974,0,0,0
9975,0,0,0
9976,0,0,0
9977,0,0,0
9978,0,0,0
9979,0,0,0
9980,0,0,0
9981,0,0,0
9982,0,0,0
9983,0,0,0
9984,0,0,0
9985,0,0,0
9986,0,0,0
9987,0,0,0
9988,0,0,0
9989,0,0,0
9990,0,0,0
9991,0,0,0
9992,0,0,0
9993,0,0,0
9994,0,0,0
9995,0,0,0
9996,0,0,0
9997,0,0,0
9998,0,0,0
9999,0,0,0
10000,0,0,0
10001,0,0,0
10002,0,0,0
10003,0,0,0
10004,0,0,0
10005,0,0,0
10006,0,0,0
10007,0,0,0
10008,0,0,0
10009,0,0,0
10010,0,0,0
10011,0,0,0
10012,0,0,0
10013,0,0,0
10014,0,0,0
10015,0,0,0
10016,0,0,0
10017,0,0,0
10018,0,0,0
10019,0,0,0
10020,0,0,0
10021,0,0,0
10022,0,0,0
10023,0,0,0
10024,0,0,0
10025,0,0,0
10026,0,0,0
10027,0,0,0
10028,0,0,0
10029,0,0,0
10030,0,0,0
10031,0,0,0
10032,0,0,0
10033,0,0,0
10034,0,0,0
10035,0,0,0
10036,0,0,0
10037,0,0,0
10038,0,0,0
10039,0,0,0
10040,0,0,0
10041,0,0,0
10042,0,0,0
10043,0,0,0
10044,0,0,0
10045,0,0,0
10046,0,0,0
10047,0,0,0
10048,0,0,0
10049,0,0,0
10050,0,0,0
10051,0,0,0
10052,0,0,0
10053,0,0,0
10054,0,0,0
10055,0,0,0
10056,0,0,0
10057,0,0,0
10058,0,0,0
10059,0,0,0
10060,0,0,0
10061,0,0,0
10062,0,0,0
10063,0,0,0
10064,0,0,0
10065,0,0,0
10066,0,0,0
10067,0,0,0
10068,0,0,0
10069,0,0,0
10070,0,0,0
10071,0,0,0
10072,0,0,0
10073,0,0,0
10074,0,0,0
10075,0,0,0
10076,0,0,0
10077,0,0,0
10078,0,0,0
10079,0,0,0
10080,0,0,0
10081,0,0,0
10082,0,0,0
10083,0,0,0
10084,0,0,0
10085,0,0,0
10086,0,0,0
10087,0,0,0
10088,0,0,0
10089,0,0,0
10090,0,0,0
10091,0,0,0
10092,0,0,0
10093,0,0,0
10094,0,0,0
10095,0,0,0
10096,0,0,0
10097,0,0,0
10098,0,0,0
10099,0,0,0
10100,0,0,0
10101,0,0,0
10102,0,0,0
10103,0,0,0
10104,0,0,0
10105,0,0,0
10106,0,0,0
10107,0,0,0
10108,0,0,0
10109,0,0,0
10110,0,0,0
10111,0,0,0
10112,0,0,0
10113,0,0,0
10114,0,0,0
10115,0,0,0
10116,0,0,0
10117,0,0,0
10118,0,0,0
10119,0,0,0
10120,0,0,0
10121,0,0,0
10122,0,0,0
10123,0,0,0
10124,0,0,0
10125,0,0,0
10126,0,0,0
10127,0,0,0
10128,0,0,0
10129,0,0,0
10130,0,0,0
10131,0,0,0
10132,0,0,0
10133,0,0,0
10134,0,0,0
10135,0,0,0
10136,0,0,0
10137,0,0,0
10138,0,0,0
10139,0,0,0
10140,0,0,0
10141,0,0,0
10142,0,0,0
10143,0,0,0
10144,0,0,0
10145,0,0,0
10146,0,0,0
10147,0,0,0
10148,0,0,0
10149,0,0,0
10150,0,0,0
10151,0,0,0
10152,0,0,0
10153,0,0,0
10154,0,0,0
10155,0,0,0
10156,0,0,0
10157,0,0,0
10158,0,0,0
10159,0,0,0
10160,0,0,0
10161,0,0,0
10162,0,0,0
10163,0,0,0
10164,0,0,0
10165,0,0,0
10166,0,0,0
10167,0,0,0
10168,0,0,0
10169,0,0,0
10170,0,0,0
10171,0,0,0
10172,0,0,0
10173,0,0,0
10174,0,0,0
10175,0,0,0
10176,0,0,0
10177,0,0,0
10178,0,0,0
10179,0,0,0
10180,0,0,0
10181,0,0,0
10182,0,0,0
10183,0,0,0
10184,0,0,0
10185,0,0,0
10186,0,0,0
10187,0,0,0
10188,0,0,0
10189,0,0,0
10190,0,0,0
10191,0,0,0
10192,0,0,0
10193,0,0,0
10194,0,0,0
10195,0,0,0
10196,0,0,0
10197,0,0,0
10198,0,0,0
10199,0,0,0
10200,0,0,0
10201,0,0,0
10202,0,0,0
10203,0,0,0
10204,0,0,0
10205,0,0,0
10206,1,0,1
10207,1,0,1
10208,1,0,1
10209,1,0,1
10210,1,0,1
10211,1,0,1
10212,1,0,1
10213,1,0,1
10214,1,0,1
10215,1,0,1
10216,1,0,1
10217,1,0,1
10218,1,0,1
10219,1,0,1
10220,1,0,1
10221,1,0,1
10222,1,0,1
10223,1,0,1
10224,1,0,1
10225,1,0,1
10226,1,0,1
10227,1,0,1
10228,1,0,1
10229,1,0,1
10230,1,0,1
10231,1,0,1
10232,1,0,1
10233,1,0,1
10234,1,0,1
10235,1,0,1
10236,1,0,1
10237,1,0,1
10238,1,0,1
10239,1,0,1
10240,1,0,1
10241,1,0,1
10242,1,0,1
10243,1,0,1
10244,1,0,1
10245,1,0,1
10246,1,0,1
10247,1,0,1
10248,1,0,1
10249,1,0,1
10250,1,0,1
10251,1,0,1
10252,1,0,1
10253,1,0,1
10254,1,0,1
10255,1,0,1
10256,1,0,1
10257,1,0,1
10258,1,0,1
10259,1,0,1
10260,1,0,1
10261,1,0,1
10262,1,0,1
10263,1,0,1
10264,1,0,1
10265,1,0,1
10266,1,0,1
10267,1,0,1
10268,1,0,1
10269,1,0,1
10270,1,0,1
10271,1,0,1
10272,1,0,1
10273,1,0,1
10274,1,0,1
10275,1,0,1
10276,1,0,1
10277,1,0,1
10278,1,0,1
10279,1,0,1
10280,1,0,1
10281,1,0,1
10282,1,0,1
10283,1,0,1
10284,1,0,1
10285,1,0,1
10286,1,0,1
10287,1,0,1
10288,1,0,1
10289,1,0,1
10290,1,0,1
10291,1,0,1
10292,1,0,1
10293,1,0,1
10294,1,0,1
10295,1,0,1
10296,1,0,1
10297,1,0,1
10298,1,0,1
10299,1,0,1
10300,1,0,1
10301,1,0,1
10302,1,0,1
10303,1,0,1
10304,1,0,1
10305,1,0,1
10306,1,0,1
10307,1,0,1
10308,1,0,1
10309,1,0,1
10310,1,0,1
10311,1,0,1
10312,1,0,1
10313,1,0,1
10314,1,0,1
10315,1,0,1
10316,1,0,1
10317,1,0,1
10318,1,0,1
10319,1,0,1
10320,1,0,1
10321,1,0,1
10322,1,0,1
10323,1,0,1
10324,1,0,1
10325,1,0,1
10326,1,0,1
10327,1,0,1
10328,1,0,1
10329,1,0,1
10330,1,0,1
10331,1,0,1
10332,1,0,1
10333,1,0,1
10334,1,0,1
10335,1,0,1
10336,1,0,1
10337,1,0,1
10338,1,0,1
10339,1,0,1
10340,1,0,1
10341,1,0,1
10342,1,0,1
10343,1,0,1
10344,1,0,1
10345,1,0,1
10346,1,0,1
10347,1,0,1
10348,1,0,1
10349,1,0,1
10350,1,0,1
10351,1,0,1
10352,1,0,1
10353,1,0,1
10354,1,0,1
10355,1,0,1
10356,1,0,1
10357,1,0,1
10358,1,0,1
10359,1,0,1
10360,1,0,1
10361,1,0,1
10362,1,0,1
10363,1,0,1
10364,1,0,1
10365,1,0,1
10366,1,0,1
10367,1,0,1
10368,1,0,1
10369,1,0,1
10370,1,0,1
10371,1,0,1
10372,1,0,1
10373,1,0,1
10374,1,0,1
10375,1,0,1
10376,1,0,1
10377,1,0,1
10378,1,0,1
10379,1,0,1
10380,1,0,1
10381,1,0,1
10382,1,0,1
10383,1,0,1
10384,1,0,1
10385,1,0,1
10386,1,0,1
10387,1,0,1
10388,1,0,1
10389,1,0,1
10390,1,0,1
10391,1,0,1
10392,1,0,1
10393,1,0,1
10394,1,0,1
10395,1,0,1
10396,1,0,1
10397,1,0,1
10398,1,0,1
10399,1,0,1
10400,1,0,1
10401,1,0,1
10402,1,0,1
10403,1,0,1
10404,1,0,1
10405,1,0,1
10406,1,0,1
10407,1,0,1
10408,0,1,1
10409,0,1,1
10410,0,1,1
10411,0,1,1
10412,0,1,1
10413,0,1,1
10414,0,1,1
10415,0,1,1
10416,0,1,1
10417,0,1,1
10418,0,1,1
10419,0,1,1
10420,0,1,1
10421,0,1,1
10422,0,1,1
10423,0,1,1
10424,0,1,1
10425,0,1,1
10426,0,1,1
10427,0,1,1
10428,0,1,1
10429,0,1,1
10430,0,1,1
10431,0,1,1
10432,0,1,1
10433,0,1,1
10434,0,1,1
10435,0,1,1
10436,0,1,1
10437,0,1,1
10438,0,1,1
10439,0,1,1
10440,1,0,1
10441,1,0,1
10442,1,0,1
10443,1,0,1
10444,0,0,0
10445,0,0,0
10446,0,0,0
10447,0,0,0
10448,0,0,0
10449,0,0,0
10450,0,0,0
10451,0,0,0
10452,0,0,0
10453,0,0,0
10454,0,0,0
10455,0,0,0
10456,0,0,0
10457,0,0,0
10458,0,0,0
10459,0,0,0
10460,0,0,0
10461,0,0,0
10462,0,0,0
10463,1,0,1
10464,1,0,1
10465,1,0,1
10466,1,0,1
10467,1,0,1
10468,1,0,1
10469,1,0,1
10470,1,0,1
10471,1,0,1
10472,1,0,1
10473,1,0,1
10474,1,0,1
10475,1,0,1
10476,1,0,1
10477,1,0,1
10478,1,0,1
10479,1,0,1
10480,1,0,1
10481,1,0,1
10482,1,0,1
10483,1,0,1
10484,1,0,1
10485,1,0,1
10486,1,0,1
10487,1,0,1
10488,1,0,1
10489,1,0,1
10490,1,0,1
10491,1,0,1
10492,1,0,1
10493,1,0,1
10494,1,0,1
10495,1,0,1
10496,1,0,1
10497,1,0,1
10498,1,0,1
10499,1,0,1
10500,1,0,1
10501,1,0,1
10502,1,0,1
10503,1,0,1
10504,1,0,1
10505,1,0,1
10506,1,0,1
10507,1,0,1
10508,1,0,1
10509,1,0,1
10510,1,0,1
10511,1,0,1
10512,1,0,1
10513,1,0,1
10514,1,0,1
10515,1,0,1
10516,1,0,1
10517,1,0,1
10518,1,0,1
10519,1,0,1
10520,1,0,1
10521,1,0,1
10522,1,0,1
10523,1,0,1
10524,1,0,1
10525,1,0,1
10526,1,0,1
10527,1,0,1
10528,1,0,1
10529,1,0,1
10530,1,0,1
10531,1,0,1
10532,1,0,1
10533,1,0,1
10534,1,0,1
10535,1,0,1
10536,1,0,1
10537,2,0,2
10538,2,0,2
10539,2,0,2
10540,2,0,2
10541,2,0,2
10542,2,0,2
10543,2,0,2
10544,2,0,2
10545,2,0,2
10546,2,0,2
10547,2,0,2
10548,2,0,2
10549,2,0,2
10550,2,0,2
10551,2,0,2
10552,2,0,2
10553,2,0,2
10554,2,0,2
10555,2,0,2
10556,2,0,2
10557,2,0,2
10558,2,0,2
10559,2,0,2
10560,2,0,2
10561,2,0,2
10562,2,0,2
10563,2,0,2
10564,2,0,2
10565,2,0,2
10566,2,0,2
10567,2,0,2
10568,2,0,2
10569,2,0,2
10570,2,0,2
10571,2,0,2
10572,2,0,2
10573,2,0,2
10574,2,0,2
10575,2,0,2
10576,2,0,2
10577,2,0,2
10578,2,0,2
10579,2,0,2
10580,2,0,2
10581,2,0,2
10582,2,0,2
10583,2,0,2
10584,2,0,2
10585,2,0,2
10586,2,0,2
10587,2,0,2
10588,2,0,2
10589,2,0,2
10590,2,0,2
10591,1,0,1
10592,1,0,1
10593,1,0,1
10594,1,0,1
10595,1,0,1
10596,1,0,1
10597,1,0,1
10598,1,0,1
10599,1,0,1
10600,1,0,1
10601,1,0,1
10602,1,0,1
10603,1,0,1
10604,1,0,1
10605,1,0,1
10606,1,0,1
10607,1,0,1
10608,1,0,1
10609,1,0,1
10610,2,0,2
10611,2,0,2
10612,2,0,2
10613,2,0,2
10614,2,0,2
10615,2,0,2
10616,2,0,2
10617,2,0,2
10618,2,0,2
10619,2,0,2
10620,2,0,2
10621,2,0,2
10622,2,0,2
10623,2,0,2
10624,2,0,2
10625,2,0,2
10626,2,0,2
10627,2,0,2
10628,2,0,2
10629,2,0,2
10630,2,0,2
10631,2,0,2
10632,2,0,2
10633,2,0,2
10634,2,0,2
10635,2,0,2
10636,1,0,1
10637,1,0,1
10638,1,0,1
10639,1,0,1
10640,1,0,1
10641,1,0,1
10642,1,0,1
10643,1,0,1
10644,1,0,1
10645,1,0,1
10646,1,0,1
10647,1,0,1
10648,1,0,1
10649,1,0,1
10650,1,0,1
10651,1,0,1
10652,1,0,1
10653,1,0,1
10654,1,0,1
10655,1,0,1
10656,1,0,1
10657,1,0,1
10658,1,0,1
10659,1,0,1
10660,1,0,1
10661,1,0,1
10662,1,0,1
10663,1,0,1
10664,1,0,1
10665,1,0,1
10666,1,0,1
10667,1,0,1
10668,1,0,1
10669,1,0,1
10670,1,0,1
10671,1,0,1
10672,1,0,1
10673,1,0,1
10674,1,0,1
10675,1,0,1
10676,1,0,1
10677,1,0,1
10678,1,0,1
10679,1,0,1
10680,1,0,1
10681,1,0,1
10682,1,0,1
10683,1,0,1
10684,1,0,1
10685,1,0,1
10686,1,0,1
10687,1,0,1
10688,1,0,1
10689,1,0,1
10690,1,0,1
10691,1,0,1
10692,1,0,1
10693,1,0,1
10694,1,0,1
10695,1,0,1
10696,1,0,1
10697,1,0,1
10698,1,0,1
10699,1,0,1
10700,1,0,1
10701,1,0,1
10702,1,0,1
10703,1,0,1
10704,1,0,1
10705,1,0,1
10706,1,0,1
10707,1,0,1
10708,1,0,1
10709,1,0,1
10710,1,0,1
10711,1,0,1
10712,1,0,1
10713,1,0,1
10714,1,0,1
10715,1,0,1
10716,1,0,1
10717,1,0,1
10718,1,0,1
10719,1,0,1
10720,1,0,1
10721,1,0,1
10722,1,0,1
10723,1,0,1
10724,1,0,1
10725,1,0,1
10726,1,0,1
10727,1,0,1
10728,1,0,1
10729,1,0,1
10730,1,0,1
10731,1,0,1
10732,1,0,1
10733,1,0,1
10734,1,0,1
10735,1,0,1
10736,1,0,1
10737,1,0,1
10738,1,0,1
10739,1,0,1
10740,1,0,1
10741,1,0,1
10742,1,0,1
10743,1,0,1
10744,1,0,1
10745,1,0,1
10746,1,0,1
10747,1,0,1
10748,1,0,1
10749,1,0,1
10750,2,0,2
10751,2,0,2
10752,2,0,2
10753,2,0,2
10754,2,0,2
10755,2,0,2
10756,2,0,2
10757,2,0,2
10758,2,0,2
10759,2,0,2
10760,2,0,2
10761,2,0,2
10762,2,0,2
10763,2,0,2
10764,2,0,2
10765,2,0,2
10766,2,0,2
10767,2,0,2
10768,2,0,2
10769,2,0,2
10770,2,0,2
10771,2,0,2
10772,2,0,2
10773,2,0,2
10774,2,0,2
10775,2,0,2
10776,2,0,2
10777,2,0,2
10778,2,0,2
10779,2,0,2
10780,2,0,2
10781,2,0,2
10782,2,0,2
10783,2,0,2
10784,2,0,2
10785,2,0,2
10786,2,0,2
10787,2,0,2
10788,2,0,2
10789,2,0,2
10790,2,0,2
10791,2,0,2
10792,2,0,2
10793,2,0,2
10794,2,0,2
10795,2,0,2
10796,2,0,2
10797,2,0,2
10798,2,0,2
10799,2,0,2
10800,2,0,2
10801,2,0,2
10802,2,0,2
10803,2,0,2
10804,2,0,2
10805,2,0,2
10806,2,0,2
10807,2,0,2
10808,2,0,2
10809,2,0,2
10810,2,0,2
10811,2,0,2
10812,2,0,2
10813,2,0,2
10814,2,0,2
10815,2,0,2
10816,2,0,2
10817,2,0,2
10818,2,0,2
10819,2,0,2
10820,2,0,2
10821,2,0,2
10822,2,0,2
10823,2,0,2
10824,2,0,2
10825,2,0,2
10826,2,0,2
10827,2,0,2
10828,2,0,2
10829,2,0,2
10830,2,0,2
10831,2,0,2
10832,2,0,2
10833,2,0,2
10834,2,0,2
10835,2,0,2
10836,2,0,2
10837,2,0,2
10838,2,0,2
10839,2,0,2
10840,2,0,2
10841,2,0,2
10842,2,0,2
10843,2,0,2
10844,2,0,2
10845,2,0,2
10846,2,0,2
10847,2,0,2
10848,2,0,2
10849,2,0,2
10850,2,0,2
10851,2,0,2
10852,2,0,2
10853,2,0,2
10854,2,0,2
10855,2,0,2
10856,2,0,2
10857,2,0,2
10858,2,0,2
10859,2,0,2
10860,2,0,2
10861,2,0,2
10862,2,0,2
10863,2,0,2
10864,2,0,2
10865,2,0,2
10866,2,0,2
10867,2,0,2
10868,2,0,2
10869,2,0,2
10870,2,0,2
10871,2,0,2
10872,2,0,2
10873,2,0,2
10874,2,0,2
10875,2,0,2
10876,2,0,2
10877,2,0,2
10878,2,0,2
10879,2,0,2
10880,2,0,2
10881,2,0,2
10882,2,0,2
10883,2,0,2
10884,2,0,2
10885,2,0,2
10886,2,0,2
10887,2,0,2
10888,2,0,2
10889,2,0,2
10890,2,0,2
10891,2,0,2
10892,2,0,2
10893,2,0,2
10894,2,0,2
10895,2,0,2
10896,2,0,2
10897,2,0,2
10898,2,0,2
10899,2,0,2
10900,2,0,2
10901,2,0,2
10902,2,0,2
10903,2,0,2
10904,1,0,1
10905,1,0,1
10906,1,0,1
10907,1,0,1
10908,1,0,1
10909,1,0,1
10910,1,0,1
10911,1,0,1
10912,1,0,1
10913,1,0,1
10914,1,0,1
10915,1,0,1
10916,1,0,1
10917,1,0,1
10918,1,0,1
10919,1,0,1
10920,1,0,1
10921,1,0,1
10922,1,0,1
10923,1,0,1
10924,1,0,1
10925,1,0,1
10926,1,0,1
10927,1,0,1
10928,1,0,1
10929,1,0,1
10930,1,0,1
10931,1,0,1
10932,1,0,1
10933,1,0,1
10934,1,0,1
10935,1,0,1
10936,1,0,1
10937,1,0,1
10938,1,0,1
10939,1,0,1
10940,1,0,1
10941,1,0,1
10942,1,0,1
10943,1,0,1
10944,1,0,1
10945,1,0,1
10946,1,0,1
10947,1,0,1
10948,1,0,1
10949,1,0,1
10950,1,0,1
10951,1,0,1
10952,1,0,1
10953,1,0,1
10954,1,0,1
10955,1,0,1
10956,1,0,1
10957,1,0,1
10958,1,0,1
10959,1,0,1
10960,1,0,1
10961,2,0,2
10962,2,0,2
10963,2,0,2
10964,2,0,2
10965,2,0,2
10966,2,0,2
10967,2,0,2
10968,2,0,2
10969,2,0,2
10970,2,0,2
10971,2,0,2
10972,2,0,2
10973,2,0,2
10974,2,0,2
10975,2,0,2
10976,2,0,2
10977,2,0,2
10978,2,0,2
10979,2,0,2
10980,2,0,2
10981,2,0,2
10982,2,0,2
10983,2,0,2
10984,2,0,2
10985,2,0,2
10986,2,0,2
10987,2,0,2
10988,2,0,2
10989,2,0,2
10990,2,0,2
10991,2,0,2
10992,2,0,2
10993,2,0,2
10994,2,0,2
10995,2,0,2
10996,2,0,2
10997,2,0,2
10998,2,0,2
10999,2,0,2
11000,2,0,2
11001,2,0,2
11002,2,0,2
11003,2,0,2
11004,2,0,2
11005,2,0,2
11006,2,0,2
11007,2,0,2
11008,2,0,2
11009,2,0,2
11010,2,0,2
11011,2,0,2
11012,2,0,2
11013,2,0,2
11014,2,0,2
11015,2,0,2
11016,2,0,2
11017,2,0,2
11018,2,0,2
11019,2,0,2
11020,2,0,2
11021,2,0,2
11022,2,0,2
11023,2,0,2
11024,2,0,2
11025,2,0,2
11026,2,0,2
11027,2,0,2
11028,2,0,2
11029,1,0,1
11030,1,0,1
11031,1,0,1
11032,1,0,1
11033,1,0,1
11034,1,0,1
11035,1,0,1
11036,1,0,1
11037,1,0,1
11038,1,0,1
11039,1,0,1
11040,1,0,1
11041,1,0,1
11042,1,0,1
11043,1,0,1
11044,1,0,1
11045,1,0,1
11046,1,0,1
11047,1,0,1
11048,1,0,1
11049,1,0,1
11050,1,0,1
11051,1,0,1
11052,1,0,1
11053,1,0,1
11054,1,0,1
11055,1,0,1
11056,1,0,1
11057,1,0,1
11058,1,0,1
11059,1,0,1
11060,1,0,1
11061,1,0,1
11062,1,0,1
11063,1,0,1
11064,1,0,1
11065,1,0,1
11066,1,0,1
11067,1,0,1
11068,1,0,1
11069,1,0,1
11070,1,0,1
11071,1,0,1
11072,1,0,1
11073,1,0,1
11074,1,0,1
11075,1,0,1
11076,1,0,1
11077,1,0,1
11078,1,0,1
11079,1,0,1
11080,1,0,1
11081,1,0,1
11082,1,0,1
11083,1,0,1
11084,1,0,1
11085,1,0,1
11086,1,0,1
11087,1,0,1
11088,1,0,1
11089,1,0,1
11090,1,0,1
11091,1,0,1
11092,1,0,1
11093,1,0,1
11094,1,0,1
11095,1,0,1
11096,1,0,1
11097,1,0,1
11098,1,0,1
11099,1,0,1
11100,1,0,1
11101,1,0,1
11102,1,0,1
11103,1,0,1
11104,1,0,1
11105,1,0,1
11106,1,0,1
11107,1,0,1
11108,1,0,1
11109,1,0,1
11110,1,0,1
11111,1,0,1
11112,1,0,1
11113,1,0,1
11114,0,1,1
11115,0,1,1
11116,0,1,1
11117,0,1,1
11118,0,1,1
11119,0,1,1
11120,0,1,1
11121,0,1,1
11122,0,1,1
11123,0,1,1
11124,0,1,1
11125,0,1,1
11126,0,1,1
11127,0,1,1
11128,0,1,1
11129,0,1,1
11130,0,1,1
11131,0,1,1
11132,0,1,1
11133,0,1,1
11134,0,1,1
11135,0,1,1
11136,0,1,1
11137,0,1,1
11138,0,1,1
11139,0,1,1
11140,0,1,1
11141,0,1,1
11142,0,1,1
11143,0,1,1
11144,0,1,1
11145,0,1,1
11146,0,1,1
11147,0,1,1
11148,0,1,1
11149,0,1,1
11150,0,1,1
11151,0,1,1
11152,0,1,1
11153,0,1,1
11154,0,1,1
11155,0,1,1
11156,0,1,1
11157,0,1,1
11158,0,1,1
11159,0,1,1
11160,0,1,1
11161,0,1,1
11162,0,1,1
11163,0,1,1
11164,0,1,1
11165,0,1,1
11166,0,1,1
11167,0,1,1
11168,0,1,1
11169,0,1,1
11170,0,1,1
11171,0,1,1
11172,0,1,1
11173,0,1,1
11174,0,1,1
11175,0,1,1
11176,0,1,1
11177,1,0,1
11178,1,0,1
11179,1,0,1
11180,1,0,1
11181,0,0,0
11182,0,0,0
11183,0,0,0
11184,0,0,0
11185,0,0,0
11186,0,0,0
11187,0,0,0
11188,0,0,0
11189,0,0,0
11190,0,0,0
11191,0,0,0
11192,0,0,0
11193,0,0,0
11194,0,0,0
11195,0,0,0
11196,0,0,0
11197,0,0,0
11198,0,0,0
11199,0,0,0
11200,0,0,0
11201,0,0,0
11202,0,0,0
11203,0,0,0
11204,0,0,0
11205,0,0,0
11206,0,0,0
11207,0,0,0
11208,0,0,0
11209,0,0,0
11210,0,0,0
11211,0,0,0
11212,0,0,0
11213,0,0,0
11214,0,0,0
11215,0,0,0
11216,0,0,0
11217,0,0,0
11218,0,0,0
11219,0,0,0
11220,0,0,0
11221,0,0,0
11222,0,0,0
11223,0,0,0
11224,0,0,0
11225,0,0,0
11226,0,0,0
11227,0,0,0
11228,0,0,0
11229,0,0,0
11230,0,0,0
11231,0,0,0
11232,0,0,0
11233,0,0,0
11234,0,0,0
11235,0,0,0
11236,0,0,0
11237,0,0,0
11238,0,0,0
11239,0,0,0
11240,0,0,0
11241,0,0,0
11242,0,0,0
11243,0,0,0
11244,0,0,0
11245,0,0,0
11246,0,0,0
11247,0,0,0
11248,0,0,0
11249,0,0,0
11250,0,0,0
11251,0,0,0
11252,0,0,0
11253,0,0,0
11254,0,0,0
11255,0,0,0
11256,0,0,0
11257,0,0,0
11258,0,0,0
11259,0,0,0
11260,0,0,0
11261,1,0,1
11262,1,0,1
11263,1,0,1
11264,1,0,1
11265,1,0,1
11266,1,0,1
11267,1,0,1
11268,2,0,2
11269,2,0,2
11270,2,0,2
11271,2,0,2
11272,2,0,2
11273,2,0,2
11274,2,0,2
11275,2,0,2
11276,2,0,2
11277,2,0,2
11278,2,0,2
11279,2,0,2
11280,2,0,2
11281,2,0,2
11282,2,0,2
11283,2,0,2
11284,2,0,2
11285,2,0,2
11286,2,0,2
11287,2,0,2
11288,2,0,2
11289,2,0,2
11290,2,0,2
11291,2,0,2
11292,2,0,2
11293,2,0,2
11294,2,0,2
11295,2,0,2
11296,2,0,2
11297,2,0,2
11298,2,0,2
11299,2,0,2
11300,2,0,2
11301,2,0,2
11302,2,0,2
11303,2,0,2
11304,2,0,2
11305,2,0,2
11306,2,0,2
11307,2,0,2
11308,2,0,2
11309,2,0,2
11310,2,0,2
11311,2,0,2
11312,2,0,2
11313,2,0,2
11314,2,0,2
11315,2,0,2
11316,2,0,2
11317,2,0,2
11318,2,0,2
11319,2,0,2
11320,2,0,2
11321,2,0,2
11322,2,0,2
11323,2,0,2
11324,2,0,2
11325,2,0,2
11326,2,0,2
11327,1,0,1
11328,1,0,1
11329,1,0,1
11330,1,0,1
11331,1,0,1
11332,2,0,2
11333,2,0,2
11334,2,0,2
11335,2,0,2
11336,1,0,1
11337,1,0,1
11338,1,0,1
11339,1,0,1
11340,1,0,1
11341,1,0,1
11342,1,0,1
11343,1,0,1
11344,1,0,1
11345,1,0,1
11346,1,0,1
11347,1,0,1
11348,1,0,1
11349,1,0,1
11350,1,0,1
11351,1,0,1
11352,1,0,1
11353,1,0,1
11354,1,0,1
11355,1,0,1
11356,1,0,1
11357,1,0,1
11358,1,0,1
11359,1,0,1
11360,1,0,1
11361,1,0,1
11362,1,0,1
11363,1,0,1
11364,2,0,2
11365,2,0,2
11366,2,0,2
11367,2,0,2
11368,2,0,2
11369,2,0,2
11370,2,0,2
11371,2,0,2
11372,2,0,2
11373,2,0,2
11374,2,0,2
11375,2,0,2
11376,2,0,2
11377,2,0,2
11378,2,0,2
11379,2,0,2
11380,2,0,2
11381,2,0,2
11382,2,0,2
11383,2,0,2
11384,2,0,2
11385,2,0,2
11386,2,0,2
11387,2,0,2
11388,2,0,2
11389,2,0,2
11390,2,0,2
11391,2,0,2
11392,2,0,2
11393,2,0,2
11394,2,0,2
11395,2,0,2
11396,2,0,2
11397,2,0,2
11398,2,0,2
11399,2,0,2
11400,2,0,2
11401,2,0,2
11402,2,0,2
11403,2,0,2
11404,2,0,2
11405,2,0,2
11406,2,0,2
11407,2,0,2
11408,2,0,2
11409,2,0,2
11410,2,0,2
11411,2,0,2
11412,2,0,2
11413,2,0,2
11414,2,0,2
11415,3,0,3
11416,3,0,3
11417,3,0,3
11418,3,0,3
11419,3,0,3
11420,3,0,3
11421,3,0,3
11422,3,0,3
11423,3,0,3
11424,3,0,3
11425,3,0,3
11426,3,0,3
11427,3,0,3
11428,3,0,3
11429,3,0,3
11430,3,0,3
11431,3,0,3
11432,3,0,3
11433,2,0,2
11434,1,0,1
11435,1,0,1
11436,1,0,1
11437,1,0,1
11438,1,0,1
11439,1,0,1
11440,1,0,1
11441,1,0,1
11442,1,0,1
11443,1,0,1
11444,1,0,1
11445,1,0,1
11446,1,0,1
11447,1,0,1
11448,1,0,1
11449,1,0,1
11450,1,0,1
11451,1,0,1
11452,1,0,1
11453,1,0,1
11454,1,0,1
11455,1,0,1
11456,1,0,1
11457,1,0,1
11458,1,0,1
11459,1,0,1
11460,1,0,1
11461,1,0,1
11462,1,0,1
11463,1,0,1
11464,1,0,1
11465,1,0,1
11466,1,0,1
11467,1,0,1
11468,1,0,1
11469,1,0,1
11470,1,0,1
11471,1,0,1
11472,1,0,1
11473,1,0,1
11474,1,0,1
11475,1,0,1
11476,1,0,1
11477,1,0,1
11478,1,0,1
11479,1,0,1
11480,1,0,1
11481,1,0,1
11482,1,0,1
11483,1,0,1
11484,1,0,1
11485,1,0,1
11486,1,0,1
11487,1,0,1
11488,1,0,1
11489,1,0,1
11490,1,0,1
11491,1,0,1
11492,1,0,1
11493,1,0,1
11494,1,0,1
11495,1,0,1
11496,1,0,1
11497,1,0,1
11498,1,0,1
11499,1,0,1
11500,1,0,1
11501,1,0,1
11502,1,0,1
11503,1,0,1
11504,1,0,1
11505,1,0,1
11506,1,0,1
11507,1,0,1
11508,1,0,1
11509,1,0,1
11510,1,0,1
11511,1,0,1
11512,1,0,1
11513,1,0,1
11514,1,0,1
11515,1,0,1
11516,1,0,1
11517,1,0,1
11518,1,0,1
11519,1,0,1
11520,1,0,1
11521,1,0,1
11522,1,0,1
11523,1,0,1
11524,1,0,1
11525,1,0,1
11526,1,0,1
11527,1,0,1
11528,1,0,1
11529,1,0,1
11530,1,0,1
11531,1,0,1
11532,1,0,1
11533,1,0,1
11534,1,0,1
11535,1,0,1
11536,1,0,1
11537,1,0,1
11538,1,0,1
11539,1,0,1
11540,1,0,1
11541,1,0,1
11542,1,0,1
11543,1,0,1
11544,1,0,1
11545,1,0,1
11546,1,0,1
11547,1,0,1
11548,1,0,1
11549,1,0,1
11550,1,0,1
11551,1,0,1
11552,1,0,1
11553,1,0,1
11554,1,0,1
11555,1,0,1
11556,1,0,1
11557,1,0,1
11558,1,0,1
11559,1,0,1
11560,1,0,1
11561,1,0,1
11562,1,0,1
11563,1,0,1
11564,1,0,1
11565,1,0,1
11566,1,0,1
11567,1,0,1
11568,1,0,1
11569,1,0,1
11570,1,0,1
11571,1,0,1
11572,1,0,1
11573,1,0,1
11574,1,0,1
11575,1,0,1
11576,1,0,1
11577,1,0,1
11578,1,0,1
11579,0,0,0
11580,0,0,0
11581,0,0,0
11582,0,0,0
11583,0,0,0
11584,0,0,0
11585,0,0,0
11586,0,0,0
11587,0,0,0
11588,0,0,0
11589,0,0,0
11590,0,0,0
11591,0,0,0
11592,0,0,0
11593,0,0,0
11594,0,0,0
11595,0,0,0
11596,0,0,0
11597,0,0,0
11598,0,0,0
11599,0,0,0
11600,0,0,0
11601,0,0,0
11602,0,0,0
11603,0,0,0
11604,0,0,0
11605,0,0,0
11606,0,0,0
11607,0,0,0
11608,0,0,0
11609,0,0,0
11610,0,0,0
11611,0,0,0
11612,0,0,0
11613,0,0,0
11614,0,0,0
11615,0,0,0
11616,0,0,0
11617,0,0,0
11618,0,0,0
11619,0,0,0
11620,0,0,0
11621,0,0,0
11622,0,0,0
11623,0,0,0
11624,0,0,0
11625,0,0,0
11626,0,0,0
11627,0,0,0
11628,0,0,0
11629,0,0,0
11630,0,0,0
11631,0,0,0
11632,0,0,0
11633,0,0,0
11634,0,0,0
11635,0,0,0
11636,0,0,0
11637,0,0,0
11638,0,0,0
11639,0,0,0
11640,0,0,0
11641,0,0,0
11642,0,0,0
11643,0,0,0
11644,0,0,0
11645,0,0,0
11646,0,0,0
11647,0,0,0
11648,0,0,0
11649,0,0,0
11650,0,0,0
11651,0,0,0
11652,0,0,0
11653,0,0,0
11654,0,0,0
11655,0,0,0
11656,0,0,0
11657,0,0,0
11658,0,0,0
11659,0,0,0
11660,0,0,0
11661,0,0,0
11662,0,0,0
11663,0,0,0
11664,0,0,0
11665,0,0,0
11666,0,0,0
11667,0,0,0
11668,0,0,0
11669,0,0,0
11670,0,0,0
11671,0,0,0
11672,0,0,0
11673,0,0,0
11674,0,0,0
11675,0,0,0
11676,0,0,0
11677,0,0,0
11678,0,0,0
11679,0,0,0
11680,0,0,0
11681,0,0,0
11682,0,0,0
11683,0,0,0
11684,0,0,0
11685,0,0,0
11686,0,0,0
11687,0,0,0
11688,0,0,0
11689,0,0,0
11690,0,0,0
11691,0,0,0
11692,0,0,0
11693,0,0,0
11694,0,0,0
11695,0,0,0
11696,0,0,0
11697,0,0,0
11698,0,0,0
11699,0,0,0
11700,0,0,0
11701,0,0,0
11702,0,0,0
11703,0,0,0
11704,0,0,0
11705,0,0,0
11706,0,0,0
11707,0,0,0
11708,0,0,0
11709,0,0,0
11710,0,0,0
11711,0,0,0
11712,0,0,0
11713,0,0,0
11714,0,0,0
11715,0,0,0
11716,0,0,0
11717,0,0,0
11718,0,0,0
11719,0,0,0
11720,0,0,0
11721,0,0,0
11722,0,0,0
11723,0,0,0
11724,0,0,0
11725,0,0,0
11726,0,0,0
11727,0,0,0
11728,0,0,0
11729,0,0,0
11730,0,0,0
11731,0,0,0
11732,0,0,0
11733,0,0,0
11734,0,0,0
11735,0,0,0
11736,0,0,0
11737,0,0,0
11738,0,0,0
11739,0,0,0
11740,0,0,0
11741,0,0,0
11742,0,0,0
11743,0,0,0
11744,0,0,0
11745,0,0,0
11746,0,0,0
11747,0,0,0
11748,0,0,0
11749,0,0,0
11750,0,0,0
11751,0,0,0
11752,0,0,0
11753,0,0,0
11754,0,0,0
11755,0,0,0
11756,0,0,0
11757,0,0,0
11758,0,0,0
11759,0,0,0
11760,0,0,0
11761,0,0,0
11762,0,0,0
11763,0,0,0
11764,0,0,0
11765,0,0,0
11766,0,0,0
11767,0,0,0
11768,0,0,0
11769,0,0,0
11770,0,0,0
11771,0,0,0
11772,0,0,0
11773,0,0,0
11774,0,0,0
11775,0,0,0
11776,0,0,0
11777,0,0,0
11778,0,0,0
11779,0,0,0
11780,0,0,0
11781,0,0,0
11782,0,0,0
11783,0,0,0
11784,0,0,0
11785,0,0,0
11786,0,0,0
11787,0,0,0
11788,0,0,0
11789,0,0,0
11790,0,0,0
11791,0,0,0
11792,0,0,0
11793,0,0,0
11794,0,0,0
11795,0,0,0
11796,0,0,0
11797,0,0,0
11798,0,0,0
11799,0,0,0
11800,0,0,0
11801,0,0,0
11802,0,0,0
11803,0,0,0
11804,0,0,0
11805,0,0,0
11806,0,0,0
11807,0,0,0
11808,0,0,0
11809,0,0,0
11810,0,0,0
11811,0,0,0
11812,0,0,0
11813,0,0,0
11814,0,0,0
11815,0,0,0
11816,0,0,0
11817,0,0,0
11818,0,0,0
11819,0,0,0
11820,0,0,0
11821,0,0,0
11822,0,0,0
11823,0,0,0
11824,0,0,0
11825,0,0,0
11826,0,0,0
11827,0,0,0
11828,0,0,0
11829,0,0,0
11830,0,0,0
11831,0,0,0
11832,0,0,0
11833,0,0,0
11834,0,0,0
11835,0,0,0
11836,0,0,0
11837,0,0,0
11838,0,0,0
11839,0,0,0
11840,0,0,0
11841,0,0,0
11842,0,0,0
11843,0,0,0
11844,0,0,0
11845,0,0,0
11846,0,0,0
11847,0,0,0
11848,0,0,0
11849,0,0,0
11850,0,0,0
11851,0,0,0
11852,0,0,0
11853,0,0,0
11854,0,0,0
11855,0,0,0
11856,0,0,0
11857,0,0,0
11858,0,0,0
11859,0,0,0
11860,0,0,0
11861,0,0,0
11862,0,0,0
11863,0,0,0
11864,0,0,0
11865,0,0,0
11866,0,0,0
11867,0,0,0
11868,0,0,0
11869,0,0,0
11870,0,0,0
11871,0,0,0
11872,0,0,0
11873,0,0,0
11874,0,0,0
11875,0,0,0
11876,0,0,0
11877,0,0,0
11878,0,0,0
11879,0,0,0
11880,0,0,0
11881,0,0,0
11882,0,0,0
11883,0,0,0
11884,0,0,0
11885,0,0,0
11886,0,0,0
11887,0,0,0
11888,0,0,0
11889,0,0,0
11890,0,0,0
11891,0,0,0
11892,0,0,0
11893,0,0,0
11894,0,0,0
11895,1,0,1
11896,1,0,1
11897,1,0,1
11898,1,0,1
11899,1,0,1
11900,1,0,1
11901,1,0,1
11902,1,0,1
11903,1,0,1
11904,1,0,1
11905,1,0,1
11906,1,0,1
11907,1,0,1
11908,1,0,1
11909,1,0,1
11910,1,0,1
11911,1,0,1
11912,1,0,1
11913,2,0,2
11914,2,0,2
11915,2,0,2
11916,2,0,2
11917,2,0,2
11918,2,0,2
11919,2,0,2
11920,2,0,2
11921,2,0,2
11922,2,0,2
11923,2,0,2
11924,2,0,2
11925,2,0,2
11926,2,0,2
11927,2,0,2
11928,2,0,2
11929,2,0,2
11930,2,0,2
11931,2,0,2
11932,2,0,2
11933,2,0,2
11934,2,0,2
11935,1,0,1
11936,1,0,1
11937,1,0,1
11938,1,0,1
11939,1,0,1
11940,1,0,1
11941,1,0,1
11942,1,0,1
11943,1,0,1
11944,1,0,1
11945,1,0,1
11946,1,0,1
11947,1,0,1
11948,1,0,1
11949,0,0,0
11950,0,0,0
11951,0,0,0
11952,0,0,0
11953,0,0,0
11954,0,0,0
11955,0,0,0
11956,0,0,0
11957,0,0,0
11958,0,0,0
11959,0,0,0
11960,0,0,0
11961,0,0,0
11962,0,0,0
11963,0,0,0
11964,0,0,0
11965,0,0,0
11966,0,0,0
11967,0,0,0
11968,0,0,0
11969,0,0,0
11970,0,0,0
11971,0,0,0
11972,0,0,0
11973,0,0,0
11974,0,0,0
11975,0,0,0
11976,0,0,0
11977,0,0,0
11978,0,0,0
11979,0,0,0
11980,0,0,0
11981,0,0,0
11982,0,0,0
11983,0,0,0
11984,0,0,0
11985,0,0,0
11986,0,0,0
11987,0,0,0
11988,0,0,0
11989,0,0,0
11990,0,0,0
11991,0,0,0
11992,0,0,0
11993,0,0,0
11994,0,0,0
11995,0,0,0
11996,0,0,0
11997,0,0,0
11998,0,0,0
11999,0,0,0
12000,0,0,0
12001,0,0,0
12002,0,0,0
12003,0,0,0
12004,0,0,0
12005,0,0,0
12006,0,0,0
12007,0,0,0
12008,0,0,0
12009,0,0,0
12010,0,0,0
12011,0,0,0
12012,0,0,0
12013,0,0,0
12014,0,0,0
12015,0,0,0
12016,0,0,0
12017,0,0,0
12018,0,0,0
12019,0,0,0
12020,0,0,0
12021,0,0,0
12022,0,0,0
12023,0,0,0
12024,0,0,0
12025,0,0,0
12026,0,0,0
12027,0,0,0
12028,0,0,0
12029,0,0,0
12030,0,0,0
12031,0,0,0
12032,0,0,0
12033,1,0,1
12034,1,0,1
12035,1,0,1
12036,1,0,1
12037,1,0,1
12038,1,0,1
12039,1,0,1
12040,1,0,1
12041,1,0,1
12042,1,0,1
12043,1,0,1
12044,1,0,1
12045,1,0,1
12046,1,0,1
12047,1,0,1
12048,1,0,1
12049,1,0,1
12050,1,0,1
12051,1,0,1
12052,1,0,1
12053,1,0,1
12054,1,0,1
12055,1,0,1
12056,1,0,1
12057,1,0,1
12058,1,0,1
12059,1,0,1
12060,1,0,1
12061,1,0,1
12062,1,0,1
12063,1,0,1
12064,1,0,1
12065,1,0,1
12066,1,0,1
12067,1,0,1
12068,1,0,1
12069,1,0,1
12070,1,0,1
12071,1,0,1
12072,1,0,1
12073,1,0,1
12074,1,0,1
12075,1,0,1
12076,1,0,1
12077,1,0,1
12078,1,0,1
12079,1,0,1
12080,1,0,1
12081,1,0,1
12082,1,0,1
12083,1,0,1
12084,1,0,1
12085,1,0,1
12086,1,0,1
12087,1,0,1
12088,1,0,1
12089,1,0,1
12090,1,0,1
12091,1,0,1
12092,1,0,1
12093,1,0,1
12094,1,0,1
12095,1,0,1
12096,1,0,1
12097,2,0,2
12098,2,0,2
12099,2,0,2
12100,2,0,2
12101,2,0,2
12102,2,0,2
12103,2,0,2
12104,2,0,2
12105,2,0,2
12106,2,0,2
12107,2,0,2
12108,2,0,2
12109,2,0,2
12110,2,0,2
12111,2,0,2
12112,2,0,2
12113,2,0,2
12114,2,0,2
12115,2,0,2
12116,2,0,2
12117,2,0,2
12118,2,0,2
12119,2,0,2
12120,2,0,2
12121,2,0,2
12122,2,0,2
12123,2,0,2
12124,2,0,2
12125,2,0,2
12126,2,0,2
12127,1,0,1
12128,1,0,1
12129,1,0,1
12130,1,0,1
12131,1,0,1
12132,1,0,1
12133,1,0,1
12134,1,0,1
12135,1,0,1
12136,1,0,1
12137,1,0,1
12138,1,0,1
12139,1,0,1
12140,1,0,1
12141,1,0,1
12142,1,0,1
12143,1,0,1
12144,1,0,1
12145,1,0,1
12146,1,0,1
12147,1,0,1
12148,1,0,1
12149,1,0,1
12150,1,0,1
12151,1,0,1
12152,1,0,1
12153,1,0,1
12154,1,0,1
12155,1,0,1
12156,1,0,1
12157,1,0,1
12158,1,0,1
12159,1,0,1
12160,1,0,1
12161,1,0,1
12162,1,0,1
12163,1,0,1
12164,1,0,1
12165,1,0,1
12166,1,0,1
12167,1,0,1
12168,1,0,1
12169,1,0,1
12170,1,0,1
12171,1,0,1
12172,1,0,1
12173,1,0,1
12174,1,0,1
12175,1,0,1
12176,1,0,1
12177,1,0,1
12178,1,0,1
12179,1,0,1
12180,1,0,1
12181,1,0,1
12182,1,0,1
12183,1,0,1
12184,1,0,1
12185,1,0,1
12186,1,0,1
12187,1,0,1
12188,1,0,1
12189,1,0,1
12190,1,0,1
12191,1,0,1
12192,1,0,1
12193,1,0,1
12194,1,0,1
12195,1,0,1
12196,1,0,1
12197,1,0,1
12198,1,0,1
12199,1,0,1
12200,1,0,1
12201,1,0,1
12202,1,0,1
12203,1,0,1
12204,1,0,1
12205,1,0,1
12206,1,0,1
12207,1,0,1
12208,1,0,1
12209,1,0,1
12210,1,0,1
12211,1,0,1
12212,1,0,1
12213,1,0,1
12214,1,0,1
12215,1,0,1
12216,1,0,1
12217,1,0,1
12218,1,0,1
12219,1,0,1
12220,1,0,1
12221,1,0,1
12222,1,0,1
12223,1,0,1
12224,1,0,1
12225,1,0,1
12226,1,0,1
12227,1,0,1
12228,1,0,1
12229,1,0,1
12230,1,0,1
12231,1,0,1
12232,1,0,1
12233,1,0,1
12234,1,0,1
